# Blender v3.3.0 OBJ File: ''
# www.blender.org
o PlantStrawberryStage03.005
v 0.000000 -0.015239 -0.001497
v 0.000000 0.000838 -0.009661
v 0.009534 0.000007 -0.000163
v -0.009534 0.000007 -0.000163
v 0.000000 -0.000824 0.009335
v 0.020155 0.302635 -0.009671
v 0.031782 0.344620 -0.024635
v 0.033753 0.345005 -0.023138
v 0.023950 0.302585 -0.006242
v 0.016989 0.304551 -0.006139
v 0.030345 0.345967 -0.023088
v 0.020785 0.304501 -0.002710
v 0.032317 0.346352 -0.021592
v 0.000000 0.008557 -0.005694
v 0.006256 0.008012 0.000537
v -0.006256 0.008012 0.000537
v 0.000000 0.007466 0.006769
v -0.002075 0.134103 -0.001529
v 0.002834 0.133517 0.003395
v -0.006984 0.134145 0.003395
v -0.002075 0.133558 0.008320
v 0.008606 0.250994 -0.001639
v 0.012958 0.250676 0.002537
v 0.004569 0.251973 0.002589
v 0.008921 0.251654 0.006766
v 0.101223 0.124706 0.010974
v 0.102140 0.122823 0.009600
v 0.100920 0.123693 0.007594
v 0.100003 0.125576 0.008967
v 0.052545 0.093738 0.006894
v 0.054284 0.091402 0.011099
v 0.049919 0.097023 0.009805
v 0.051658 0.094688 0.014011
v -0.000420 0.046623 -0.003628
v -0.000551 0.039455 0.001103
v -0.001167 0.053447 0.001262
v -0.000991 0.046826 0.006025
v 0.120227 0.151745 0.010436
v 0.157596 0.126150 0.034478
v 0.150489 0.166157 0.021384
v 0.211273 0.137186 0.066229
v 0.201488 0.153108 0.053313
v 0.181283 0.162315 0.035571
v 0.215176 0.148505 0.063412
v 0.196706 0.163948 0.045831
v 0.178723 0.173406 0.030589
v 0.116917 0.097748 0.021509
v 0.096945 0.124729 0.009423
v 0.176899 0.090806 0.050236
v 0.198465 0.103796 0.063426
v 0.210357 0.122242 0.069294
v 0.212838 0.110352 0.071236
v 0.192267 0.091532 0.060683
v 0.145536 0.085346 0.037957
v 0.172938 0.079032 0.049943
v 0.217049 0.130283 0.072398
v 0.120395 0.151671 0.010122
v 0.150657 0.166082 0.021070
v 0.157764 0.126075 0.034164
v 0.181451 0.162241 0.035257
v 0.201656 0.153033 0.052999
v 0.211441 0.137111 0.065915
v 0.215344 0.148430 0.063098
v 0.196874 0.163873 0.045518
v 0.178890 0.173332 0.030275
v 0.117085 0.097674 0.021196
v 0.097113 0.124655 0.009109
v 0.210525 0.122167 0.068980
v 0.198633 0.103721 0.063112
v 0.177067 0.090731 0.049922
v 0.213006 0.110277 0.070923
v 0.192435 0.091457 0.060369
v 0.173106 0.078958 0.049630
v 0.145704 0.085272 0.037643
v 0.217217 0.130208 0.072084
v -0.092348 0.132979 -0.020343
v -0.093541 0.131204 -0.019040
v -0.092426 0.131994 -0.016942
v -0.091233 0.133770 -0.018245
v -0.047096 0.097981 -0.011817
v -0.048666 0.095741 -0.016140
v -0.043952 0.100983 -0.014514
v -0.045522 0.098743 -0.018837
v -0.094350 0.164130 -0.020476
v -0.137686 0.159370 -0.047477
v -0.112473 0.191126 -0.034119
v -0.176216 0.194060 -0.083851
v -0.160729 0.203620 -0.070255
v -0.139954 0.202420 -0.050897
v -0.174123 0.205944 -0.081470
v -0.151714 0.210999 -0.062470
v -0.132552 0.210998 -0.045796
v -0.117717 0.115176 -0.030810
v -0.087847 0.129199 -0.017240
v -0.170899 0.137589 -0.064583
v -0.182069 0.158914 -0.079693
v -0.182683 0.180511 -0.086712
v -0.190633 0.171355 -0.088772
v -0.183051 0.145347 -0.076329
v -0.147443 0.117863 -0.049585
v -0.173392 0.125438 -0.063858
v -0.184214 0.190650 -0.090446
v -0.094555 0.164164 -0.020177
v -0.112678 0.191160 -0.033821
v -0.137890 0.159405 -0.047178
v -0.140159 0.202455 -0.050598
v -0.160934 0.203655 -0.069957
v -0.176421 0.194094 -0.083553
v -0.174328 0.205979 -0.081171
v -0.151919 0.211034 -0.062171
v -0.132757 0.211033 -0.045497
v -0.117921 0.115211 -0.030511
v -0.088052 0.129233 -0.016942
v -0.182888 0.180546 -0.086413
v -0.182273 0.158948 -0.079394
v -0.171104 0.137624 -0.064284
v -0.190838 0.171390 -0.088473
v -0.183256 0.145381 -0.076031
v -0.173596 0.125473 -0.063559
v -0.147648 0.117898 -0.049287
v -0.184418 0.190684 -0.090147
v 0.112046 0.259885 -0.065059
v 0.112010 0.258002 -0.066710
v 0.109859 0.258871 -0.067654
v 0.109895 0.260754 -0.066003
v 0.069831 0.228916 -0.040480
v 0.073668 0.226580 -0.038033
v 0.069350 0.232202 -0.036589
v 0.073187 0.229866 -0.034142
v 0.028657 0.184366 -0.019055
v 0.033693 0.180411 -0.015327
v 0.002834 0.130739 0.003395
v -0.006208 0.137197 0.003395
v 0.027770 0.188577 -0.013415
v 0.032388 0.184587 -0.009576
v 0.111319 0.282865 -0.088782
v 0.162362 0.279736 -0.092589
v 0.131245 0.304241 -0.108516
v 0.211412 0.312743 -0.115299
v 0.190010 0.317359 -0.121363
v 0.162000 0.312586 -0.120711
v 0.207150 0.320844 -0.123515
v 0.177453 0.321456 -0.126038
v 0.152224 0.318550 -0.125532
v 0.140836 0.244607 -0.062055
v 0.107652 0.257584 -0.063875
v 0.201090 0.261921 -0.085315
v 0.216967 0.282421 -0.096955
v 0.219581 0.302155 -0.107901
v 0.228007 0.293813 -0.104630
v 0.217039 0.270148 -0.090194
v 0.175419 0.246986 -0.068517
v 0.203813 0.251685 -0.078819
v 0.222055 0.311236 -0.113423
v 0.111297 0.282646 -0.089072
v 0.131222 0.304022 -0.108805
v 0.162340 0.279516 -0.092878
v 0.161977 0.312367 -0.121000
v 0.189988 0.317140 -0.121652
v 0.211389 0.312524 -0.115588
v 0.207128 0.320625 -0.123804
v 0.177430 0.321236 -0.126328
v 0.152201 0.318331 -0.125821
v 0.140814 0.244388 -0.062344
v 0.107629 0.257365 -0.064164
v 0.219558 0.301936 -0.108191
v 0.216944 0.282202 -0.097244
v 0.201068 0.261701 -0.085604
v 0.227984 0.293593 -0.104919
v 0.217016 0.269928 -0.090483
v 0.203790 0.251466 -0.079108
v 0.175397 0.246767 -0.068806
v 0.222033 0.311016 -0.113713
v 0.069540 0.212578 -0.068435
v 0.106131 0.213874 -0.104339
v 0.069050 0.193638 -0.098174
v 0.116670 0.194094 -0.163574
v 0.099704 0.185746 -0.150981
v 0.084585 0.183985 -0.126979
v 0.108726 0.185050 -0.166103
v 0.088841 0.179657 -0.144557
v 0.074200 0.177909 -0.123874
v 0.114582 0.244192 -0.063854
v 0.083152 0.238446 -0.047977
v 0.144235 0.225852 -0.120913
v 0.140838 0.214618 -0.146798
v 0.129136 0.202843 -0.162306
v 0.140552 0.207387 -0.162866
v 0.149248 0.222056 -0.138414
v 0.136459 0.240951 -0.091319
v 0.152923 0.233164 -0.115868
v 0.124646 0.197066 -0.170402
v 0.069719 0.212301 -0.068281
v 0.069229 0.193361 -0.098020
v 0.106309 0.213597 -0.104185
v 0.084763 0.183708 -0.126825
v 0.099883 0.185469 -0.150827
v 0.116848 0.193817 -0.163420
v 0.108905 0.184773 -0.165949
v 0.089020 0.179381 -0.144403
v 0.074379 0.177633 -0.123720
v 0.114761 0.243915 -0.063700
v 0.083331 0.238169 -0.047823
v 0.129314 0.202567 -0.162152
v 0.141017 0.214341 -0.146644
v 0.144414 0.225576 -0.120759
v 0.140730 0.207111 -0.162712
v 0.149427 0.221779 -0.138260
v 0.153102 0.232887 -0.115714
v 0.136637 0.240674 -0.091165
v 0.124825 0.196789 -0.170248
v 0.037845 0.234548 -0.006629
v 0.075189 0.266339 0.008349
v 0.034525 0.258691 0.018856
v 0.088228 0.307355 0.054811
v 0.067127 0.299840 0.051018
v 0.047995 0.284505 0.036644
v 0.077654 0.310581 0.060204
v 0.053649 0.296147 0.049998
v 0.035904 0.282201 0.038343
v 0.088023 0.234420 -0.029679
v 0.057648 0.215706 -0.029558
v 0.114448 0.284336 0.006118
v 0.112953 0.299723 0.029967
v 0.102115 0.307320 0.048432
v 0.113109 0.310491 0.043917
v 0.120945 0.295976 0.019085
v 0.109621 0.258501 -0.015641
v 0.123605 0.281979 -0.001944
v 0.097812 0.311917 0.057344
v 0.037738 0.234804 -0.006863
v 0.034418 0.258948 0.018621
v 0.075082 0.266595 0.008115
v 0.047888 0.284761 0.036410
v 0.067020 0.300096 0.050784
v 0.088121 0.307612 0.054577
v 0.077547 0.310837 0.059970
v 0.053542 0.296403 0.049764
v 0.035797 0.282458 0.038109
v 0.087916 0.234677 -0.029914
v 0.057541 0.215962 -0.029793
v 0.102008 0.307577 0.048197
v 0.112845 0.299980 0.029733
v 0.114341 0.284593 0.005883
v 0.113002 0.310747 0.043683
v 0.120838 0.296233 0.018851
v 0.123498 0.282235 -0.002178
v 0.109514 0.258757 -0.015875
v 0.097705 0.312173 0.057110
v -0.092526 0.278328 0.071850
v -0.092817 0.276467 0.073501
v -0.090549 0.276950 0.074445
v -0.090258 0.278810 0.072794
v -0.056330 0.240499 0.047271
v -0.060515 0.238865 0.044824
v -0.055286 0.243651 0.043380
v -0.059470 0.242017 0.040933
v -0.023518 0.189476 0.025846
v -0.029164 0.186456 0.022118
v -0.006539 0.131794 0.003395
v 0.002324 0.137398 0.003395
v -0.021913 0.193469 0.020206
v -0.027154 0.190341 0.016366
v -0.087820 0.300832 0.095573
v -0.138631 0.306614 0.099380
v -0.103731 0.325344 0.115307
v -0.181204 0.347638 0.122089
v -0.159326 0.348467 0.128154
v -0.132570 0.338903 0.127502
v -0.175600 0.354876 0.130306
v -0.146248 0.350321 0.132829
v -0.121906 0.343078 0.132323
v -0.123532 0.268282 0.068846
v -0.088598 0.275299 0.070666
v -0.179864 0.295795 0.092106
v -0.191940 0.318741 0.103746
v -0.191087 0.338629 0.114692
v -0.200834 0.331876 0.111421
v -0.194142 0.306667 0.096985
v -0.157177 0.276630 0.075307
v -0.184323 0.286187 0.085610
v -0.191947 0.348001 0.120214
v -0.087836 0.300613 0.095862
v -0.103747 0.325124 0.115596
v -0.138647 0.306395 0.099669
v -0.132586 0.338683 0.127791
v -0.159342 0.348247 0.128443
v -0.181220 0.347418 0.122379
v -0.175617 0.354656 0.130595
v -0.146264 0.350101 0.133119
v -0.121922 0.342859 0.132612
v -0.123548 0.268062 0.069135
v -0.088614 0.275079 0.070955
v -0.191103 0.338409 0.114981
v -0.191956 0.318521 0.104035
v -0.179880 0.295575 0.092395
v -0.200850 0.331657 0.111710
v -0.194158 0.306447 0.097274
v -0.184339 0.285968 0.085899
v -0.157193 0.276410 0.075597
v -0.191963 0.347782 0.120504
v -0.058881 0.224358 0.075225
v -0.094690 0.231989 0.111130
v -0.061687 0.205621 0.104965
v -0.108504 0.214339 0.170365
v -0.093246 0.203172 0.157772
v -0.078662 0.198812 0.133770
v -0.102252 0.204053 0.172894
v -0.083605 0.195290 0.151348
v -0.069490 0.191026 0.130665
v -0.097749 0.263314 0.070645
v -0.067795 0.252197 0.054768
v -0.130136 0.250402 0.127703
v -0.128742 0.238748 0.153589
v -0.119261 0.225120 0.169097
v -0.129715 0.231578 0.169657
v -0.135732 0.247534 0.145205
v -0.119856 0.263921 0.098110
v -0.137423 0.259111 0.122659
v -0.115843 0.218651 0.177192
v -0.059105 0.224117 0.075071
v -0.061911 0.205379 0.104810
v -0.094914 0.231747 0.110976
v -0.078886 0.198570 0.133615
v -0.093470 0.202931 0.157617
v -0.108728 0.214098 0.170210
v -0.102476 0.203811 0.172740
v -0.083829 0.195048 0.151194
v -0.069714 0.190784 0.130511
v -0.097973 0.263072 0.070491
v -0.068018 0.251956 0.054614
v -0.119485 0.224879 0.168943
v -0.128966 0.238506 0.153434
v -0.130360 0.250160 0.127549
v -0.129939 0.231336 0.169503
v -0.135956 0.247292 0.145051
v -0.137647 0.258870 0.122505
v -0.120080 0.263679 0.097955
v -0.116067 0.218409 0.177038
v -0.023852 0.240491 0.013419
v -0.055109 0.278284 -0.001558
v -0.016390 0.263691 -0.012065
v -0.060827 0.320941 -0.048020
v -0.041352 0.309876 -0.044227
v -0.025173 0.291452 -0.029853
v -0.049853 0.322281 -0.053413
v -0.028720 0.303898 -0.043208
v -0.013666 0.287083 -0.031553
v -0.073291 0.249079 0.036470
v -0.046626 0.225374 0.036349
v -0.090646 0.302825 0.000673
v -0.086501 0.317718 -0.023177
v -0.074509 0.323318 -0.041641
v -0.084785 0.328350 -0.037126
v -0.095023 0.315416 -0.012294
v -0.090379 0.276544 0.022432
v -0.100073 0.302093 0.008734
v -0.069473 0.327098 -0.050553
v -0.023702 0.240725 0.013654
v -0.016240 0.263925 -0.011830
v -0.054959 0.278518 -0.001324
v -0.025023 0.291686 -0.029619
v -0.041202 0.310109 -0.043993
v -0.060677 0.321175 -0.047786
v -0.049703 0.322515 -0.053179
v -0.028570 0.304132 -0.042973
v -0.013516 0.287317 -0.031318
v -0.073141 0.249313 0.036704
v -0.046476 0.225608 0.036583
v -0.074359 0.323552 -0.041407
v -0.086351 0.317952 -0.022942
v -0.090496 0.303059 0.000907
v -0.084635 0.328583 -0.036892
v -0.094873 0.315650 -0.012060
v -0.099923 0.302327 0.008969
v -0.090229 0.276778 0.022666
v -0.069323 0.327332 -0.050319
v 0.054861 0.385237 -0.038387
v 0.045697 0.365369 -0.036824
v 0.043956 0.366576 -0.036169
v 0.051693 0.386854 -0.036596
v 0.056352 0.384225 -0.034837
v 0.046386 0.365191 -0.034724
v 0.053184 0.385841 -0.033046
v 0.044645 0.366398 -0.034069
v 0.011203 0.371527 -0.020530
v 0.022594 0.360172 -0.021700
v 0.024361 0.361447 -0.023189
v 0.013687 0.373669 -0.022787
v 0.009313 0.370271 -0.023802
v 0.021451 0.359186 -0.023864
v 0.011798 0.372413 -0.026059
v 0.023217 0.360462 -0.025353
v 0.030334 0.343867 -0.022476
v 0.031367 0.343964 -0.021323
v 0.032914 0.347481 -0.023724
v 0.047835 0.364830 0.010388
v 0.038932 0.359414 -0.005493
v 0.036256 0.359198 -0.003705
v 0.044667 0.364706 0.012797
v 0.049325 0.361603 0.012182
v 0.040045 0.356673 -0.004206
v 0.046158 0.361480 0.014592
v 0.037368 0.356457 -0.002418
v 0.009177 0.370230 -0.022797
v 0.005103 0.365109 -0.031489
v 0.015500 0.374349 -0.031409
v 0.011112 0.371647 -0.023131
v 0.004299 0.368887 -0.044050
v 0.012741 0.376461 -0.043314
v 0.003398 0.376992 -0.051081
v 0.005942 0.379662 -0.050805
v 0.001503 0.383846 -0.053970
v 0.009059 0.370393 -0.022784
v 0.010995 0.371810 -0.023117
v 0.015383 0.374513 -0.031396
v 0.004985 0.365272 -0.031476
v 0.012623 0.376624 -0.043300
v 0.004182 0.369050 -0.044036
v 0.005824 0.379825 -0.050792
v 0.003281 0.377156 -0.051067
v 0.001386 0.384009 -0.053957
v 0.008138 0.373528 -0.012259
v 0.005551 0.377301 -0.012635
v 0.000258 0.373811 -0.016395
v 0.002467 0.369789 -0.016288
v -0.001495 0.373139 -0.023524
v 0.000590 0.369070 -0.023924
v 0.001321 0.375680 -0.029845
v 0.003606 0.371792 -0.030696
v 0.007054 0.379945 -0.031655
v 0.009748 0.376361 -0.032636
v 0.003379 0.382695 -0.021810
v 0.000201 0.378476 -0.018141
v 0.003659 0.380757 -0.015684
v -0.000944 0.378038 -0.022799
v 0.000895 0.379698 -0.026930
v 0.004641 0.382484 -0.028113
v 0.014280 0.378097 -0.014199
v 0.011284 0.381565 -0.014446
v 0.017295 0.380819 -0.020971
v 0.014099 0.384106 -0.020767
v 0.015418 0.380099 -0.028608
v 0.012347 0.383435 -0.027895
v 0.007405 0.383543 -0.016868
v 0.009245 0.385204 -0.020998
v 0.008100 0.384765 -0.025656
v 0.011466 0.371430 -0.022737
v 0.011691 0.372863 -0.013248
v 0.019802 0.378490 -0.008547
v 0.021044 0.380783 -0.020675
v 0.013232 0.374705 -0.022674
v 0.019209 0.385253 -0.032101
v 0.025680 0.392968 -0.017395
v 0.023361 0.395259 -0.025847
v 0.026215 0.398810 -0.016055
v 0.011230 0.378121 -0.031558
v 0.023787 0.390397 -0.008917
v 0.011350 0.371651 -0.022946
v 0.003608 0.367505 -0.018643
v 0.003095 0.366433 -0.007774
v 0.012776 0.373946 -0.009709
v 0.011442 0.373175 -0.019688
v 0.019627 0.383932 -0.012397
v 0.009794 0.379975 0.001932
v 0.014571 0.386934 -0.001357
v 0.007595 0.383614 0.006190
v 0.016460 0.381108 -0.022237
v 0.002688 0.374356 0.001966
v 0.004618 0.369129 -0.029575
v -0.003963 0.362934 -0.026827
v 0.001167 0.366129 -0.015994
v 0.008460 0.371131 -0.020866
v 0.004679 0.372681 -0.006062
v -0.011174 0.365959 -0.010662
v -0.007611 0.371247 -0.004228
v -0.016669 0.367421 -0.008694
v 0.011336 0.376706 -0.013432
v -0.013822 0.364242 -0.019153
v 0.014018 0.376017 -0.031279
v 0.009181 0.373515 -0.040760
v 0.002090 0.368120 -0.032128
v 0.008337 0.371374 -0.024893
v -0.006049 0.366368 -0.022931
v -0.008479 0.370319 -0.040140
v -0.013393 0.369429 -0.032582
v -0.013295 0.372656 -0.042888
v 0.002179 0.370461 -0.017419
v -0.002447 0.374566 -0.045397
v 0.018229 0.378152 -0.020489
v 0.024172 0.383238 -0.028128
v 0.015090 0.377643 -0.034462
v 0.011474 0.373708 -0.025895
v 0.003976 0.374906 -0.039244
v 0.015579 0.387841 -0.043209
v 0.007193 0.385267 -0.045470
v 0.014688 0.393012 -0.046154
v 0.002529 0.371675 -0.029130
v 0.021709 0.391255 -0.037480
v 0.011025 0.371978 -0.023071
v 0.020881 0.375948 -0.020732
v 0.011787 0.370465 -0.011747
v 0.009777 0.370934 -0.021277
v 0.025439 0.381642 -0.009801
v 0.017603 0.377031 -0.002981
v 0.023333 0.387587 -0.001072
v 0.020635 0.386336 0.001123
v 0.019942 0.392754 0.003478
v 0.010908 0.372141 -0.023058
v 0.009660 0.371098 -0.021263
v 0.011670 0.370628 -0.011733
v 0.020763 0.376112 -0.020718
v 0.017486 0.377195 -0.002967
v 0.025321 0.381805 -0.009787
v 0.020517 0.386499 0.001137
v 0.023216 0.387750 -0.001059
v 0.019825 0.392917 0.003492
v 0.009898 0.371188 -0.023306
v 0.015080 0.372773 -0.032740
v 0.019443 0.376649 -0.020113
v 0.011040 0.371840 -0.021271
v 0.023309 0.382309 -0.036487
v 0.026326 0.385180 -0.025913
v 0.026357 0.392594 -0.035553
v 0.027142 0.393743 -0.032127
v 0.025919 0.400151 -0.034285
v 0.009781 0.371352 -0.023292
v 0.010922 0.372004 -0.021258
v 0.019326 0.376813 -0.020100
v 0.014963 0.372936 -0.032727
v 0.026209 0.385343 -0.025900
v 0.023192 0.382472 -0.036474
v 0.027025 0.393906 -0.032114
v 0.026240 0.392757 -0.035539
v 0.025802 0.400314 -0.034272
v 0.010335 0.371334 -0.021261
v 0.003907 0.363484 -0.017332
v 0.005186 0.367282 -0.030652
v 0.010438 0.371605 -0.023665
v -0.007617 0.358890 -0.021666
v -0.006100 0.362434 -0.032358
v -0.016836 0.360874 -0.026864
v -0.016503 0.362260 -0.030275
v -0.022877 0.364739 -0.029599
v 0.010218 0.371497 -0.021247
v 0.010321 0.371769 -0.023652
v 0.005069 0.367445 -0.030639
v 0.003790 0.363648 -0.017318
v -0.006217 0.362597 -0.032344
v -0.007734 0.359054 -0.021653
v -0.016621 0.362424 -0.030262
v -0.016954 0.361037 -0.026850
v -0.022994 0.364902 -0.029586
v 0.011395 0.372144 -0.021862
v 0.014261 0.370437 -0.011506
v 0.003336 0.364922 -0.018119
v 0.009527 0.370875 -0.022736
v 0.006947 0.367640 -0.000953
v -0.001773 0.363447 -0.006915
v -0.002527 0.368600 0.004074
v -0.005492 0.367496 0.002160
v -0.009283 0.371551 0.006211
v 0.011278 0.372308 -0.021849
v 0.009409 0.371038 -0.022723
v 0.003218 0.365086 -0.018105
v 0.014143 0.370601 -0.011493
v -0.001890 0.363610 -0.006902
v 0.006829 0.367804 -0.000940
v -0.005610 0.367659 0.002174
v -0.002645 0.368763 0.004087
v -0.009400 0.371714 0.006225
v 0.011763 0.372763 -0.013256
v 0.013303 0.374605 -0.022682
v 0.021115 0.380683 -0.020683
v 0.019874 0.378390 -0.008555
v 0.019281 0.385153 -0.032109
v 0.023433 0.395159 -0.025855
v 0.025752 0.392868 -0.017403
v 0.026287 0.398710 -0.016063
v 0.011302 0.378021 -0.031566
v 0.023859 0.390297 -0.008925
v 0.011421 0.371551 -0.022954
v 0.003680 0.367405 -0.018652
v 0.011514 0.373075 -0.019696
v 0.012847 0.373846 -0.009717
v 0.003167 0.366334 -0.007783
v 0.019699 0.383832 -0.012405
v 0.014643 0.386834 -0.001365
v 0.009866 0.379875 0.001924
v 0.007666 0.383514 0.006182
v 0.016531 0.381008 -0.022245
v 0.002760 0.374256 0.001958
v 0.004689 0.369029 -0.029583
v 0.008532 0.371031 -0.020875
v 0.001238 0.366030 -0.016002
v -0.003891 0.362835 -0.026836
v 0.004751 0.372581 -0.006070
v -0.007539 0.371148 -0.004236
v -0.011102 0.365860 -0.010670
v -0.016598 0.367321 -0.008702
v 0.011407 0.376606 -0.013440
v -0.013751 0.364142 -0.019162
v 0.014090 0.375917 -0.031287
v 0.008409 0.371274 -0.024901
v 0.002162 0.368020 -0.032136
v 0.009252 0.373416 -0.040768
v -0.005977 0.366268 -0.022939
v -0.013322 0.369329 -0.032590
v -0.008407 0.370219 -0.040148
v -0.013223 0.372557 -0.042897
v 0.002251 0.370361 -0.017428
v -0.002375 0.374467 -0.045405
v 0.018301 0.378052 -0.020497
v 0.011545 0.373608 -0.025903
v 0.015162 0.377543 -0.034470
v 0.024244 0.383138 -0.028137
v 0.004047 0.374806 -0.039252
v 0.007264 0.385167 -0.045478
v 0.015650 0.387741 -0.043217
v 0.014760 0.392912 -0.046162
v 0.002601 0.371575 -0.029138
v 0.021781 0.391155 -0.037489
v 0.051443 0.387012 -0.036755
v 0.045080 0.388540 -0.045447
v 0.057849 0.383022 -0.045367
v 0.053546 0.385857 -0.037089
v 0.048164 0.390865 -0.058008
v 0.058596 0.386415 -0.057272
v 0.055130 0.395107 -0.065039
v 0.058624 0.393930 -0.064763
v 0.060540 0.399721 -0.067929
v 0.051542 0.387188 -0.036742
v 0.053644 0.386032 -0.037076
v 0.057947 0.383198 -0.045354
v 0.045179 0.388716 -0.045434
v 0.058695 0.386591 -0.057258
v 0.048263 0.391040 -0.057994
v 0.058723 0.394106 -0.064750
v 0.055229 0.395283 -0.065026
v 0.060639 0.399896 -0.067915
v 0.053993 0.389348 -0.026218
v 0.056319 0.393287 -0.026593
v 0.050919 0.396609 -0.030353
v 0.048208 0.392907 -0.030246
v 0.049570 0.397913 -0.037482
v 0.046763 0.394304 -0.037883
v 0.053063 0.396436 -0.043803
v 0.050505 0.392721 -0.044654
v 0.059351 0.393042 -0.045614
v 0.057241 0.389086 -0.046594
v 0.060290 0.397535 -0.035768
v 0.055124 0.398633 -0.032099
v 0.058652 0.396462 -0.029642
v 0.054242 0.399485 -0.036757
v 0.056524 0.398519 -0.040888
v 0.060633 0.396302 -0.042071
v 0.060730 0.385712 -0.028157
v 0.062607 0.389893 -0.028404
v 0.064471 0.384129 -0.034929
v 0.066100 0.388416 -0.034725
v 0.063026 0.385527 -0.042566
v 0.064751 0.389720 -0.041853
v 0.062761 0.394244 -0.030826
v 0.065043 0.393279 -0.034956
v 0.064161 0.394131 -0.039614
v 0.053498 0.385445 -0.036695
v 0.054892 0.385846 -0.027206
v 0.063420 0.380873 -0.022505
v 0.066023 0.380717 -0.034633
v 0.057213 0.385229 -0.036632
v 0.069299 0.384269 -0.046059
v 0.079026 0.381665 -0.031353
v 0.080122 0.384734 -0.039805
v 0.084546 0.383649 -0.030013
v 0.059463 0.388486 -0.045516
v 0.075896 0.382294 -0.022875
v 0.053650 0.385644 -0.036904
v 0.046620 0.390907 -0.032602
v 0.045432 0.390920 -0.021733
v 0.056332 0.385321 -0.023667
v 0.055070 0.386204 -0.033646
v 0.068278 0.383332 -0.026355
v 0.060536 0.390571 -0.012026
v 0.068862 0.389183 -0.015315
v 0.062905 0.394103 -0.007768
v 0.064380 0.385009 -0.036195
v 0.052441 0.394637 -0.011992
v 0.048519 0.390679 -0.043533
v 0.039278 0.395838 -0.040786
v 0.044342 0.392539 -0.029952
v 0.051957 0.388043 -0.034825
v 0.051764 0.392125 -0.020020
v 0.038972 0.403652 -0.024620
v 0.045271 0.402657 -0.018186
v 0.037974 0.409250 -0.022652
v 0.058225 0.387792 -0.027390
v 0.036296 0.405326 -0.033111
v 0.058734 0.385070 -0.045237
v 0.054423 0.388397 -0.054718
v 0.046536 0.392543 -0.046086
v 0.052126 0.388257 -0.038851
v 0.041509 0.399179 -0.036889
v 0.044062 0.403052 -0.054098
v 0.041179 0.407129 -0.046540
v 0.044145 0.408404 -0.056847
v 0.048695 0.393452 -0.031378
v 0.050461 0.399380 -0.059355
v 0.062449 0.382156 -0.034447
v 0.069570 0.378919 -0.042087
v 0.060661 0.384786 -0.048420
v 0.055566 0.386401 -0.039853
v 0.053483 0.393702 -0.053202
v 0.070110 0.388653 -0.057167
v 0.064233 0.395165 -0.059428
v 0.074420 0.391645 -0.060112
v 0.049944 0.393648 -0.043088
v 0.075795 0.384540 -0.051439
v 0.053808 0.386076 -0.037030
v 0.061572 0.378822 -0.034690
v 0.052759 0.384746 -0.025705
v 0.052335 0.386766 -0.035235
v 0.068659 0.377097 -0.023759
v 0.061168 0.382250 -0.016939
v 0.073157 0.381517 -0.015031
v 0.070882 0.383435 -0.012835
v 0.076407 0.386775 -0.010480
v 0.053907 0.386251 -0.037016
v 0.052434 0.386941 -0.035221
v 0.052858 0.384921 -0.025691
v 0.061671 0.378997 -0.034677
v 0.061267 0.382425 -0.016925
v 0.068757 0.377272 -0.023745
v 0.070981 0.383610 -0.012821
v 0.073255 0.381693 -0.015017
v 0.076505 0.386950 -0.010467
v 0.052617 0.386764 -0.037264
v 0.056243 0.382736 -0.046698
v 0.061600 0.380420 -0.034072
v 0.053690 0.386004 -0.035230
v 0.068363 0.379309 -0.050446
v 0.072240 0.377788 -0.039871
v 0.078973 0.380893 -0.049511
v 0.080346 0.380667 -0.046085
v 0.085636 0.384484 -0.048243
v 0.052715 0.386939 -0.037250
v 0.053789 0.386180 -0.035216
v 0.061699 0.380596 -0.034058
v 0.056341 0.382912 -0.046685
v 0.072339 0.377963 -0.039858
v 0.068461 0.379484 -0.050432
v 0.080444 0.380842 -0.046072
v 0.079071 0.381068 -0.049498
v 0.085735 0.384659 -0.048230
v 0.052933 0.386429 -0.035219
v 0.043103 0.388938 -0.031290
v 0.047085 0.389383 -0.044610
v 0.053223 0.386451 -0.037624
v 0.034069 0.397440 -0.035624
v 0.037921 0.397563 -0.046316
v 0.031970 0.406634 -0.040822
v 0.033367 0.406918 -0.044233
v 0.032920 0.413742 -0.043558
v 0.053032 0.386604 -0.035206
v 0.053321 0.386626 -0.037610
v 0.047183 0.389558 -0.044597
v 0.043201 0.389113 -0.031276
v 0.038020 0.397738 -0.046302
v 0.034167 0.397615 -0.035611
v 0.033466 0.407094 -0.044220
v 0.032069 0.406809 -0.040808
v 0.033019 0.413917 -0.043544
v 0.054116 0.385811 -0.035820
v 0.053780 0.382492 -0.025464
v 0.044164 0.390063 -0.032077
v 0.052176 0.386968 -0.036695
v 0.048154 0.387939 -0.014911
v 0.040668 0.394069 -0.020874
v 0.045019 0.396931 -0.009884
v 0.042766 0.399151 -0.011798
v 0.044839 0.404300 -0.007747
v 0.054214 0.385986 -0.035807
v 0.052274 0.387143 -0.036681
v 0.044263 0.390238 -0.032063
v 0.053878 0.382668 -0.025451
v 0.040766 0.394245 -0.020860
v 0.048252 0.388114 -0.014898
v 0.042864 0.399327 -0.011784
v 0.045118 0.397106 -0.009871
v 0.044938 0.404476 -0.007733
v 0.054832 0.385739 -0.027214
v 0.057153 0.385121 -0.036640
v 0.065962 0.380610 -0.034642
v 0.063359 0.380766 -0.022513
v 0.069239 0.384162 -0.046067
v 0.080062 0.384627 -0.039813
v 0.078966 0.381558 -0.031361
v 0.084486 0.383542 -0.030021
v 0.059403 0.388379 -0.045525
v 0.075836 0.382186 -0.022883
v 0.053589 0.385537 -0.036912
v 0.046560 0.390800 -0.032610
v 0.055010 0.386097 -0.033654
v 0.056272 0.385214 -0.023675
v 0.045372 0.390813 -0.021741
v 0.068218 0.383225 -0.026363
v 0.068802 0.389076 -0.015323
v 0.060476 0.390464 -0.012034
v 0.062844 0.393996 -0.007777
v 0.064320 0.384902 -0.036203
v 0.052381 0.394530 -0.012001
v 0.048458 0.390572 -0.043541
v 0.051897 0.387936 -0.034833
v 0.044281 0.392432 -0.029960
v 0.039218 0.395731 -0.040794
v 0.051704 0.392017 -0.020028
v 0.045211 0.402550 -0.018194
v 0.038912 0.403545 -0.024628
v 0.037914 0.409143 -0.022660
v 0.058164 0.387685 -0.027399
v 0.036236 0.405219 -0.033120
v 0.058674 0.384963 -0.045245
v 0.052065 0.388150 -0.038859
v 0.046476 0.392436 -0.046094
v 0.054362 0.388290 -0.054726
v 0.041449 0.399072 -0.036897
v 0.041119 0.407022 -0.046548
v 0.044002 0.402944 -0.054106
v 0.044085 0.408297 -0.056855
v 0.048635 0.393345 -0.031386
v 0.050401 0.399273 -0.059363
v 0.053590 0.385537 -0.036912
v 0.062389 0.382049 -0.034455
v 0.055506 0.386293 -0.039861
v 0.060601 0.384679 -0.048428
v 0.069509 0.378812 -0.042095
v 0.053423 0.393595 -0.053210
v 0.064172 0.395058 -0.059437
v 0.070049 0.388546 -0.057176
v 0.074360 0.391538 -0.060121
v 0.049883 0.393541 -0.043096
v 0.075735 0.384432 -0.051447
v 0.045831 0.365990 0.010815
v 0.048463 0.370745 0.001390
v 0.055285 0.360361 0.007644
v 0.047149 0.364085 0.011521
v 0.060164 0.372533 -0.004319
v 0.065261 0.364049 0.001267
v 0.070765 0.373975 -0.003101
v 0.072525 0.371414 -0.001097
v 0.077432 0.376082 0.000064
v 0.045926 0.366106 0.010950
v 0.047244 0.364200 0.011656
v 0.055380 0.360476 0.007779
v 0.048558 0.370861 0.001525
v 0.065356 0.364164 0.001402
v 0.060258 0.372649 -0.004184
v 0.072620 0.371529 -0.000962
v 0.070860 0.374090 -0.002965
v 0.077527 0.376198 0.000200
v 0.040319 0.366189 0.020437
v 0.043014 0.368792 0.023088
v 0.043084 0.374370 0.018270
v 0.040395 0.372165 0.015276
v 0.047735 0.376681 0.013039
v 0.045377 0.374641 0.009671
v 0.054242 0.374370 0.010458
v 0.052347 0.372165 0.006906
v 0.058793 0.368792 0.012040
v 0.057223 0.366189 0.008601
v 0.053264 0.371673 0.020935
v 0.047532 0.374558 0.020507
v 0.047486 0.370913 0.023655
v 0.050571 0.376068 0.017089
v 0.054822 0.374558 0.015403
v 0.057796 0.370913 0.016436
v 0.045195 0.360213 0.022131
v 0.047565 0.363213 0.024670
v 0.052166 0.357737 0.019367
v 0.054072 0.360903 0.022089
v 0.057148 0.360213 0.013762
v 0.058723 0.363213 0.016858
v 0.050460 0.367268 0.024689
v 0.054712 0.365758 0.023003
v 0.057750 0.367268 0.019584
v 0.046734 0.363702 0.011609
v 0.040791 0.362726 0.019084
v 0.041648 0.354260 0.025951
v 0.052138 0.353977 0.019336
v 0.049017 0.361932 0.013955
v 0.063422 0.356702 0.014961
v 0.058299 0.349078 0.030235
v 0.065900 0.352054 0.026306
v 0.061326 0.348431 0.035395
v 0.057718 0.364623 0.010541
v 0.050249 0.350299 0.034206
v 0.047031 0.363834 0.011636
v 0.040626 0.371217 0.011942
v 0.031928 0.370872 0.018558
v 0.039004 0.361363 0.022219
v 0.045693 0.363482 0.014958
v 0.048154 0.354731 0.027336
v 0.034435 0.363407 0.034696
v 0.041845 0.358895 0.037302
v 0.033676 0.365258 0.040372
v 0.053240 0.358670 0.018766
v 0.030182 0.370496 0.030992
v 0.049773 0.371072 0.005660
v 0.043063 0.379418 0.003456
v 0.037615 0.373444 0.012865
v 0.044994 0.366551 0.012824
v 0.035019 0.369148 0.024210
v 0.032903 0.385325 0.017034
v 0.032004 0.381257 0.025078
v 0.032147 0.390646 0.019741
v 0.043520 0.363089 0.021794
v 0.037786 0.388638 0.010160
v 0.056241 0.361825 0.009036
v 0.061188 0.367400 0.001036
v 0.050808 0.373794 0.003328
v 0.048093 0.366991 0.010278
v 0.042435 0.381184 0.008729
v 0.057556 0.384961 0.000083
v 0.051150 0.389264 0.004828
v 0.060880 0.389975 0.000195
v 0.041662 0.372541 0.015016
v 0.064630 0.379356 -0.000702
v 0.050052 0.356772 0.017689
v 0.059431 0.351444 0.015907
v 0.059733 0.361006 0.008009
v 0.050592 0.363940 0.011136
v 0.060732 0.372467 0.003369
v 0.073091 0.361195 0.009520
v 0.072514 0.369737 0.006560
v 0.078711 0.362307 0.011360
v 0.051062 0.373115 0.007942
v 0.071579 0.354626 0.015572
v 0.047326 0.364167 0.011808
v 0.048880 0.354151 0.015764
v 0.038068 0.362515 0.018340
v 0.045234 0.365271 0.012330
v 0.045030 0.348736 0.027101
v 0.036464 0.356015 0.028779
v 0.042580 0.350136 0.037493
v 0.039971 0.352655 0.038214
v 0.042580 0.353150 0.044552
v 0.047421 0.364282 0.011943
v 0.045329 0.365386 0.012465
v 0.038162 0.362630 0.018476
v 0.048975 0.354267 0.015899
v 0.036559 0.356131 0.028914
v 0.045124 0.348851 0.027237
v 0.040066 0.352771 0.038349
v 0.042675 0.350252 0.037628
v 0.042675 0.353266 0.044687
v 0.046896 0.365310 0.011133
v 0.055160 0.360887 0.005609
v 0.048824 0.355534 0.016776
v 0.045919 0.364010 0.012928
v 0.064856 0.352966 0.009603
v 0.059257 0.349118 0.018714
v 0.071347 0.349838 0.017605
v 0.069671 0.348783 0.020728
v 0.075539 0.350164 0.024026
v 0.046991 0.365425 0.011268
v 0.046014 0.364126 0.013063
v 0.048918 0.355650 0.016911
v 0.055255 0.361002 0.005744
v 0.059352 0.349234 0.018850
v 0.064951 0.353082 0.009738
v 0.069765 0.348899 0.020863
v 0.071441 0.349954 0.017741
v 0.075633 0.350280 0.024162
v 0.045526 0.364712 0.012602
v 0.036948 0.370821 0.009869
v 0.049336 0.370593 0.003545
v 0.047473 0.364799 0.011164
v 0.036332 0.382658 0.004195
v 0.046640 0.381985 -0.000545
v 0.040954 0.392257 0.002627
v 0.044409 0.392192 0.001311
v 0.045239 0.398489 0.003934
v 0.045621 0.364828 0.012738
v 0.047568 0.364915 0.011300
v 0.049430 0.370709 0.003680
v 0.037043 0.370937 0.010004
v 0.046735 0.382101 -0.000410
v 0.036427 0.382774 0.004330
v 0.044503 0.392308 0.001446
v 0.041049 0.392372 0.002763
v 0.045334 0.398604 0.004070
v 0.046577 0.363702 0.012730
v 0.038014 0.360030 0.018348
v 0.038469 0.371451 0.010420
v 0.046246 0.365635 0.011309
v 0.027985 0.366492 0.023858
v 0.028991 0.375661 0.017219
v 0.024428 0.375538 0.028491
v 0.024905 0.378646 0.026546
v 0.024491 0.382098 0.032473
v 0.046672 0.363818 0.012865
v 0.046340 0.365751 0.011445
v 0.038564 0.371567 0.010556
v 0.038109 0.360145 0.018483
v 0.029085 0.375777 0.017354
v 0.028080 0.366607 0.023993
v 0.025000 0.378761 0.026682
v 0.024522 0.375653 0.028626
v 0.024585 0.382214 0.032608
v 0.040733 0.362655 0.019001
v 0.048960 0.361861 0.013872
v 0.052080 0.353907 0.019253
v 0.041590 0.354190 0.025868
v 0.063365 0.356631 0.014878
v 0.065842 0.351984 0.026224
v 0.058241 0.349008 0.030152
v 0.061269 0.348360 0.035312
v 0.057660 0.364553 0.010458
v 0.050191 0.350229 0.034123
v 0.046973 0.363763 0.011554
v 0.040568 0.371146 0.011859
v 0.045635 0.363411 0.014875
v 0.038946 0.361292 0.022136
v 0.031870 0.370801 0.018475
v 0.048096 0.354661 0.027254
v 0.041787 0.358824 0.037220
v 0.034377 0.363336 0.034614
v 0.033618 0.365188 0.040289
v 0.053182 0.358599 0.018683
v 0.030124 0.370426 0.030910
v 0.049715 0.371001 0.005578
v 0.044936 0.366480 0.012742
v 0.037557 0.373373 0.012782
v 0.043005 0.379347 0.003373
v 0.034961 0.369078 0.024127
v 0.031947 0.381186 0.024995
v 0.032845 0.385254 0.016951
v 0.032089 0.390575 0.019659
v 0.043463 0.363018 0.021711
v 0.037728 0.388568 0.010078
v 0.056183 0.361755 0.008953
v 0.048035 0.366920 0.010195
v 0.050750 0.373724 0.003245
v 0.061131 0.367330 0.000954
v 0.042377 0.381114 0.008647
v 0.051092 0.389193 0.004745
v 0.057498 0.384890 0.000001
v 0.060822 0.389904 0.000113
v 0.041604 0.372470 0.014933
v 0.064572 0.379286 -0.000784
v 0.049994 0.356701 0.017606
v 0.050534 0.363869 0.011053
v 0.059676 0.360935 0.007927
v 0.059373 0.351373 0.015824
v 0.060674 0.372397 0.003286
v 0.072456 0.369666 0.006477
v 0.073033 0.361124 0.009437
v 0.078653 0.362237 0.011277
v 0.051005 0.373045 0.007860
v 0.071521 0.354555 0.015489
v 0.033092 0.181811 0.042447
v 0.029065 0.185929 0.033216
v 0.039905 0.177296 0.034427
v 0.034885 0.180192 0.042269
v 0.034969 0.188786 0.021829
v 0.043710 0.181712 0.023481
v 0.043959 0.191835 0.016746
v 0.046956 0.189763 0.017378
v 0.050759 0.195174 0.015515
v 0.033225 0.181952 0.042503
v 0.035018 0.180333 0.042325
v 0.040038 0.177437 0.034483
v 0.029198 0.186070 0.033273
v 0.043842 0.181852 0.023537
v 0.035102 0.188926 0.021885
v 0.047088 0.189903 0.017434
v 0.044092 0.191975 0.016803
v 0.050892 0.195314 0.015571
v 0.034046 0.182181 0.053490
v 0.037265 0.185392 0.054116
v 0.033632 0.190416 0.050129
v 0.030154 0.187563 0.049219
v 0.034027 0.192832 0.043176
v 0.030577 0.190151 0.041770
v 0.038220 0.191225 0.037330
v 0.035068 0.188430 0.035507
v 0.043753 0.186536 0.036016
v 0.040997 0.183406 0.034099
v 0.043817 0.189473 0.046473
v 0.038451 0.191456 0.049411
v 0.040825 0.188173 0.052016
v 0.038709 0.193035 0.044867
v 0.041449 0.191985 0.041047
v 0.045064 0.188921 0.040188
v 0.039974 0.177158 0.052081
v 0.042799 0.180703 0.052801
v 0.044466 0.175436 0.045818
v 0.046992 0.179096 0.046955
v 0.044889 0.178024 0.038370
v 0.047387 0.181512 0.040002
v 0.044441 0.185110 0.051157
v 0.047180 0.184059 0.047337
v 0.047439 0.185638 0.042793
v 0.034666 0.179765 0.042580
v 0.034264 0.178702 0.052111
v 0.040304 0.171172 0.057245
v 0.045079 0.171726 0.045809
v 0.038141 0.178580 0.043191
v 0.051238 0.175579 0.035753
v 0.057056 0.168864 0.051203
v 0.060452 0.172484 0.043625
v 0.062525 0.169170 0.053693
v 0.042764 0.182128 0.035404
v 0.052593 0.169316 0.059073
v 0.034898 0.179940 0.042432
v 0.028621 0.186330 0.046355
v 0.025402 0.185412 0.056764
v 0.034830 0.177419 0.055704
v 0.035756 0.179733 0.045919
v 0.046253 0.172699 0.054648
v 0.037837 0.180024 0.068546
v 0.046070 0.176894 0.066430
v 0.040109 0.182305 0.073630
v 0.044831 0.176447 0.044710
v 0.031083 0.186032 0.067951
v 0.032478 0.186863 0.035963
v 0.024370 0.193908 0.038007
v 0.026328 0.188187 0.048839
v 0.033454 0.182444 0.044573
v 0.031388 0.184717 0.059621
v 0.022818 0.199632 0.054956
v 0.027343 0.196299 0.062061
v 0.022814 0.205034 0.057607
v 0.037933 0.179718 0.052765
v 0.022299 0.202905 0.046525
v 0.041207 0.179013 0.035018
v 0.039712 0.184410 0.025628
v 0.031522 0.189459 0.033459
v 0.034439 0.183064 0.040709
v 0.026535 0.196083 0.042686
v 0.033194 0.201092 0.026931
v 0.029959 0.204891 0.034492
v 0.035068 0.206514 0.025116
v 0.030964 0.188087 0.048279
v 0.039430 0.196501 0.022230
v 0.041980 0.174018 0.045657
v 0.049465 0.169927 0.038817
v 0.043588 0.178600 0.032174
v 0.037469 0.180501 0.039979
v 0.039781 0.189567 0.027801
v 0.055184 0.180837 0.025750
v 0.051563 0.188872 0.023657
v 0.060564 0.182915 0.024034
v 0.034452 0.189286 0.037093
v 0.058523 0.174755 0.031575
v 0.035176 0.180327 0.042403
v 0.040403 0.171078 0.044752
v 0.031683 0.178033 0.053064
v 0.033591 0.181168 0.044030
v 0.044641 0.166327 0.056247
v 0.037415 0.172444 0.062535
v 0.048292 0.168393 0.066165
v 0.046157 0.170574 0.068252
v 0.051755 0.172064 0.071947
v 0.035308 0.180468 0.042459
v 0.033724 0.181309 0.044086
v 0.031816 0.178174 0.053121
v 0.040535 0.171219 0.044808
v 0.037548 0.172585 0.062591
v 0.044774 0.166467 0.056304
v 0.046289 0.170715 0.068308
v 0.048424 0.168533 0.066221
v 0.051888 0.172204 0.072004
v 0.034248 0.181324 0.042096
v 0.038563 0.177593 0.032831
v 0.040689 0.172533 0.045613
v 0.034700 0.180084 0.044127
v 0.050016 0.171570 0.030542
v 0.051315 0.167892 0.041216
v 0.060316 0.170210 0.033374
v 0.060911 0.169244 0.036893
v 0.067268 0.171767 0.036229
v 0.034381 0.181465 0.042153
v 0.034833 0.180224 0.044184
v 0.040821 0.172674 0.045670
v 0.038696 0.177734 0.032888
v 0.051447 0.168033 0.041273
v 0.050149 0.171711 0.030598
v 0.061043 0.169384 0.036949
v 0.060448 0.170351 0.033430
v 0.067401 0.171908 0.036286
v 0.034077 0.180687 0.044086
v 0.024553 0.185211 0.046767
v 0.031013 0.186118 0.034482
v 0.034821 0.180907 0.041791
v 0.018795 0.196215 0.042472
v 0.024550 0.196546 0.032677
v 0.019972 0.206169 0.038537
v 0.022026 0.206466 0.035477
v 0.023085 0.213046 0.037150
v 0.034210 0.180828 0.044142
v 0.034954 0.181047 0.041848
v 0.031146 0.186259 0.034538
v 0.024685 0.185352 0.046824
v 0.024683 0.196687 0.032734
v 0.018928 0.196356 0.042528
v 0.022159 0.206607 0.035534
v 0.020104 0.206310 0.038594
v 0.023217 0.213187 0.037206
v 0.035173 0.179854 0.043588
v 0.032075 0.175579 0.053101
v 0.025982 0.186102 0.046346
v 0.033767 0.181570 0.042614
v 0.025976 0.181065 0.063367
v 0.021445 0.189577 0.057352
v 0.024152 0.189929 0.069202
v 0.022899 0.192864 0.067336
v 0.025313 0.196796 0.072428
v 0.035306 0.179995 0.043644
v 0.033900 0.181711 0.042670
v 0.026114 0.186243 0.046403
v 0.032208 0.175720 0.053157
v 0.021577 0.189718 0.057408
v 0.026109 0.181206 0.063423
v 0.023032 0.193005 0.067392
v 0.024285 0.190070 0.069259
v 0.025446 0.196937 0.072485
v 0.034183 0.178616 0.052077
v 0.038060 0.178494 0.043157
v 0.044998 0.171640 0.045774
v 0.040223 0.171086 0.057210
v 0.051156 0.175493 0.035718
v 0.060371 0.172398 0.043591
v 0.056975 0.168778 0.051169
v 0.062444 0.169084 0.053659
v 0.042682 0.182042 0.035369
v 0.052512 0.169230 0.059039
v 0.034817 0.179854 0.042397
v 0.028540 0.186244 0.046321
v 0.035675 0.179647 0.045885
v 0.034749 0.177333 0.055670
v 0.025321 0.185326 0.056729
v 0.046172 0.172613 0.054613
v 0.045989 0.176808 0.066396
v 0.037756 0.179938 0.068511
v 0.040028 0.182219 0.073595
v 0.044750 0.176361 0.044676
v 0.031001 0.185946 0.067916
v 0.032397 0.186777 0.035929
v 0.033373 0.182358 0.044539
v 0.026246 0.188101 0.048804
v 0.024289 0.193822 0.037972
v 0.031306 0.184631 0.059586
v 0.027262 0.196213 0.062026
v 0.022737 0.199546 0.054922
v 0.022733 0.204948 0.057573
v 0.037852 0.179632 0.052731
v 0.022218 0.202819 0.046491
v 0.041126 0.178927 0.034984
v 0.034358 0.182978 0.040675
v 0.031441 0.189373 0.033425
v 0.039631 0.184324 0.025594
v 0.026454 0.195997 0.042652
v 0.029878 0.204805 0.034457
v 0.033113 0.201006 0.026896
v 0.034987 0.206428 0.025081
v 0.030883 0.188001 0.048245
v 0.039349 0.196415 0.022196
v 0.041899 0.173932 0.045622
v 0.037388 0.180415 0.039945
v 0.043507 0.178514 0.032140
v 0.049384 0.169841 0.038782
v 0.039700 0.189481 0.027766
v 0.051482 0.188786 0.023622
v 0.055103 0.180751 0.025716
v 0.060483 0.182829 0.023999
v 0.034371 0.189200 0.037058
v 0.058442 0.174669 0.031540
v -0.012544 0.160576 0.068316
v -0.002586 0.164943 0.068697
v -0.006560 0.152826 0.074254
v -0.012836 0.158358 0.069244
v 0.006886 0.163876 0.077744
v 0.003028 0.154077 0.082018
v 0.009468 0.162413 0.088095
v 0.008082 0.159381 0.089694
v 0.008898 0.162529 0.095748
v -0.012633 0.160656 0.068479
v -0.012925 0.158437 0.069406
v -0.006649 0.152905 0.074416
v -0.002675 0.165023 0.068860
v 0.002939 0.154157 0.082181
v 0.006797 0.163956 0.077906
v 0.007994 0.159461 0.089857
v 0.009379 0.162493 0.088257
v 0.008809 0.162609 0.095910
v -0.023458 0.161730 0.066718
v -0.024896 0.163394 0.070746
v -0.020105 0.168995 0.070624
v -0.018325 0.167730 0.066587
v -0.013491 0.170262 0.073622
v -0.011240 0.169088 0.069798
v -0.008929 0.166455 0.077984
v -0.006353 0.165009 0.074472
v -0.009091 0.159803 0.081155
v -0.006526 0.157882 0.077869
v -0.019209 0.163583 0.079999
v -0.020658 0.167892 0.075451
v -0.023788 0.164232 0.075531
v -0.016336 0.168720 0.077410
v -0.013355 0.166233 0.080260
v -0.013461 0.161886 0.082332
v -0.023632 0.154603 0.070115
v -0.025058 0.156742 0.073917
v -0.018745 0.150524 0.074788
v -0.020496 0.152934 0.078279
v -0.011659 0.151883 0.078000
v -0.013883 0.154202 0.081278
v -0.023894 0.159886 0.077603
v -0.020914 0.157398 0.080453
v -0.016592 0.158226 0.082412
v -0.013080 0.158094 0.068799
v -0.022182 0.158338 0.065762
v -0.028704 0.149609 0.066662
v -0.018894 0.146911 0.073760
v -0.014570 0.155668 0.071196
v -0.010775 0.146789 0.083138
v -0.027204 0.140017 0.081769
v -0.020764 0.141083 0.088050
v -0.031025 0.138335 0.086103
v -0.008244 0.156146 0.078569
v -0.033651 0.143110 0.076208
v -0.012997 0.158141 0.069110
v -0.015162 0.166924 0.065396
v -0.024383 0.168545 0.059748
v -0.025799 0.157336 0.064872
v -0.016588 0.157986 0.068956
v -0.027736 0.148280 0.073125
v -0.038982 0.159875 0.065593
v -0.039069 0.153446 0.071974
v -0.044481 0.161570 0.067353
v -0.017769 0.151171 0.075795
v -0.036659 0.168012 0.062359
v -0.006123 0.164696 0.071435
v -0.005998 0.174614 0.066835
v -0.016967 0.169815 0.063590
v -0.014692 0.161235 0.068402
v -0.028692 0.165785 0.064024
v -0.021968 0.182290 0.063920
v -0.030002 0.178199 0.064806
v -0.024528 0.187478 0.065577
v -0.023764 0.157832 0.069250
v -0.013690 0.184546 0.066826
v -0.007469 0.153915 0.075981
v 0.001988 0.158390 0.079156
v -0.003456 0.167165 0.072282
v -0.011214 0.160972 0.070433
v -0.011079 0.176214 0.068552
v 0.002417 0.176312 0.080194
v -0.004049 0.181903 0.077194
v 0.003685 0.180262 0.084552
v -0.017627 0.167771 0.067738
v 0.005343 0.169091 0.084816
v -0.017945 0.150236 0.072051
v -0.013275 0.142725 0.078479
v -0.005338 0.152258 0.078557
v -0.011294 0.157332 0.072174
v -0.000128 0.163273 0.080886
v -0.002134 0.148849 0.091161
v 0.000825 0.157381 0.091878
v -0.001869 0.148349 0.097152
v -0.007725 0.166210 0.073922
v -0.008625 0.142611 0.090148
v -0.013041 0.158376 0.069524
v -0.016663 0.148117 0.069640
v -0.022435 0.158889 0.062996
v -0.014202 0.159963 0.068110
v -0.028864 0.143338 0.068646
v -0.033066 0.152520 0.063430
v -0.039388 0.144805 0.070388
v -0.040851 0.147881 0.068952
v -0.045870 0.147350 0.073616
v -0.013130 0.158455 0.069686
v -0.014291 0.160043 0.068273
v -0.022524 0.158969 0.063159
v -0.016752 0.148197 0.069802
v -0.033155 0.152599 0.063593
v -0.028952 0.143417 0.068808
v -0.040940 0.147961 0.069114
v -0.039477 0.144884 0.070551
v -0.045958 0.147430 0.073778
v -0.012505 0.159624 0.069205
v -0.004672 0.153468 0.073579
v -0.017569 0.149413 0.070303
v -0.014583 0.158538 0.068600
v -0.005425 0.143084 0.081597
v -0.016072 0.140388 0.078675
v -0.010826 0.137957 0.089374
v -0.014379 0.137223 0.088661
v -0.015384 0.136842 0.095448
v -0.012594 0.159704 0.069368
v -0.014672 0.158618 0.068762
v -0.017658 0.149492 0.070466
v -0.004761 0.153548 0.073742
v -0.016161 0.140468 0.078838
v -0.005514 0.143163 0.081759
v -0.014468 0.137302 0.088824
v -0.010915 0.138036 0.089537
v -0.015473 0.136922 0.095611
v -0.014382 0.159335 0.068320
v -0.014507 0.167616 0.061264
v -0.004312 0.164457 0.070185
v -0.012358 0.158979 0.069602
v -0.008868 0.179470 0.061882
v -0.000896 0.176350 0.069358
v -0.005372 0.187581 0.068042
v -0.002948 0.186676 0.070683
v -0.004838 0.192391 0.073999
v -0.014471 0.159415 0.068482
v -0.012447 0.159059 0.069764
v -0.004401 0.164537 0.070348
v -0.014596 0.167696 0.061427
v -0.000985 0.176429 0.069520
v -0.008957 0.179550 0.062045
v -0.003037 0.186756 0.070846
v -0.005461 0.187660 0.068204
v -0.004926 0.192470 0.074161
v -0.014184 0.158078 0.069044
v -0.022572 0.156509 0.062294
v -0.014470 0.167795 0.062991
v -0.012880 0.160100 0.068766
v -0.030910 0.165094 0.056865
v -0.023927 0.174000 0.057906
v -0.036074 0.174510 0.057645
v -0.033947 0.177477 0.058227
v -0.039491 0.180612 0.060807
v -0.014273 0.158158 0.069206
v -0.012969 0.160180 0.068929
v -0.014559 0.167874 0.063153
v -0.022661 0.156588 0.062456
v -0.024015 0.174079 0.058068
v -0.030999 0.165173 0.057027
v -0.034036 0.177557 0.058389
v -0.036163 0.174590 0.057808
v -0.039580 0.180692 0.060969
v -0.022128 0.158289 0.065662
v -0.014516 0.155620 0.071097
v -0.018840 0.146862 0.073660
v -0.028650 0.149560 0.066563
v -0.010720 0.146740 0.083039
v -0.020709 0.141035 0.087951
v -0.027150 0.139969 0.081670
v -0.030971 0.138287 0.086004
v -0.008190 0.156097 0.078470
v -0.033597 0.143062 0.076108
v -0.012943 0.158093 0.069011
v -0.015108 0.166876 0.065297
v -0.016533 0.157937 0.068857
v -0.025745 0.157288 0.064772
v -0.024328 0.168496 0.059649
v -0.027681 0.148231 0.073026
v -0.039015 0.153397 0.071875
v -0.038928 0.159826 0.065494
v -0.044426 0.161522 0.067254
v -0.017714 0.151122 0.075696
v -0.036605 0.167963 0.062260
v -0.006068 0.164648 0.071335
v -0.014637 0.161186 0.068303
v -0.016913 0.169767 0.063491
v -0.005943 0.174566 0.066736
v -0.028637 0.165736 0.063925
v -0.029947 0.178151 0.064707
v -0.021914 0.182242 0.063820
v -0.024474 0.187429 0.065478
v -0.023710 0.157783 0.069151
v -0.013636 0.184498 0.066727
v -0.007415 0.153866 0.075882
v -0.011160 0.160924 0.070334
v -0.003402 0.167117 0.072183
v 0.002042 0.158341 0.079057
v -0.011024 0.176165 0.068453
v -0.003995 0.181854 0.077095
v 0.002471 0.176263 0.080095
v 0.003739 0.180214 0.084453
v -0.017573 0.167722 0.067639
v 0.005397 0.169042 0.084716
v -0.017891 0.150187 0.071952
v -0.011239 0.157283 0.072075
v -0.005284 0.152210 0.078458
v -0.013221 0.142676 0.078380
v -0.000074 0.163225 0.080787
v 0.000880 0.157332 0.091779
v -0.002080 0.148800 0.091062
v -0.001814 0.148300 0.097053
v -0.007670 0.166161 0.073823
v -0.008570 0.142562 0.090049
v 0.022254 0.288741 0.017747
v 0.028479 0.289829 0.013791
v 0.026498 0.282336 0.019340
v 0.022090 0.287295 0.018544
v 0.036930 0.287101 0.015287
v 0.034896 0.281165 0.019900
v 0.042127 0.285297 0.020206
v 0.041503 0.283485 0.021863
v 0.044837 0.285198 0.024712
v 0.020798 0.287353 0.021058
v 0.016770 0.282283 0.008867
v 0.019256 0.281879 0.008253
v 0.023922 0.287189 0.020382
v 0.020634 0.290201 0.019608
v 0.016582 0.284083 0.007010
v 0.023758 0.290037 0.018932
v 0.019068 0.283679 0.006396
v 0.022283 0.288804 0.017867
v 0.022119 0.287357 0.018664
v 0.026527 0.282398 0.019460
v 0.028508 0.289892 0.013911
v 0.034925 0.281227 0.020020
v 0.036959 0.287164 0.015407
v 0.041532 0.283547 0.021982
v 0.042156 0.285360 0.020326
v 0.044866 0.285261 0.024832
v 0.014560 0.292234 0.021086
v 0.016078 0.294129 0.025173
v 0.020308 0.297609 0.022320
v 0.019092 0.295961 0.018030
v 0.026344 0.297052 0.021139
v 0.025558 0.295365 0.016764
v 0.030650 0.292786 0.022320
v 0.030170 0.290795 0.018030
v 0.030704 0.287309 0.025173
v 0.030228 0.284928 0.021086
v 0.024495 0.293087 0.029697
v 0.022189 0.296964 0.026639
v 0.019426 0.294690 0.028503
v 0.026133 0.296600 0.025867
v 0.028947 0.293813 0.026639
v 0.028982 0.290234 0.028503
v 0.014617 0.286367 0.024142
v 0.016132 0.288652 0.028026
v 0.019230 0.281797 0.025408
v 0.020438 0.284386 0.029207
v 0.025696 0.281201 0.024142
v 0.026474 0.283830 0.028026
v 0.019461 0.291112 0.030367
v 0.022274 0.288324 0.031139
v 0.026218 0.287961 0.030367
v 0.021441 0.286538 0.017181
v 0.022093 0.287333 0.018779
v 0.018480 0.281201 0.021002
v 0.014578 0.289590 0.018708
v 0.021180 0.288640 0.018318
v 0.010741 0.280264 0.025511
v 0.007975 0.287270 0.023530
v 0.006018 0.283053 0.030446
v 0.005183 0.285399 0.029978
v 0.004227 0.285777 0.034573
v 0.022122 0.287395 0.018899
v 0.021210 0.288703 0.018437
v 0.014607 0.289653 0.018828
v 0.018509 0.281264 0.021121
v 0.008005 0.287333 0.023649
v 0.010771 0.280327 0.025630
v 0.005213 0.285462 0.030098
v 0.006047 0.283116 0.030566
v 0.004256 0.285840 0.034693
v 0.022464 0.288073 0.018301
v 0.027355 0.282447 0.018185
v 0.018470 0.282195 0.021628
v 0.020930 0.287750 0.018845
v 0.028357 0.275431 0.023741
v 0.021045 0.275662 0.026414
v 0.027646 0.272730 0.030571
v 0.025337 0.272906 0.031598
v 0.027392 0.272588 0.035822
v 0.022493 0.288136 0.018421
v 0.020959 0.287812 0.018965
v 0.018499 0.282258 0.021748
v 0.027384 0.282509 0.018304
v 0.021074 0.275725 0.026534
v 0.028386 0.275494 0.023861
v 0.025366 0.272969 0.031717
v 0.027676 0.272792 0.030691
v 0.027421 0.272651 0.035942
v 0.021061 0.288250 0.018551
v 0.019614 0.293998 0.014029
v 0.028054 0.289763 0.015329
v 0.022590 0.287606 0.018515
v 0.024863 0.300796 0.011321
v 0.031550 0.297037 0.012667
v 0.030508 0.305304 0.012828
v 0.032693 0.304177 0.013441
v 0.033931 0.308169 0.015609
v 0.021090 0.288313 0.018671
v 0.022620 0.287669 0.018634
v 0.028083 0.289826 0.015449
v 0.019643 0.294061 0.014149
v 0.031579 0.297100 0.012786
v 0.024892 0.300859 0.011441
v 0.032722 0.304239 0.013560
v 0.030537 0.305366 0.012948
v 0.033960 0.308232 0.015729
v 0.021241 0.287358 0.018974
v 0.013831 0.288068 0.018543
v 0.020339 0.294047 0.014970
v 0.022170 0.288471 0.018165
v 0.008662 0.295427 0.018084
v 0.014307 0.300022 0.015312
v 0.007767 0.302543 0.019821
v 0.009633 0.304101 0.019107
v 0.008190 0.307070 0.022465
v 0.021270 0.287421 0.019094
v 0.022199 0.288533 0.018285
v 0.020369 0.294109 0.015090
v 0.013861 0.288131 0.018663
v 0.014336 0.300085 0.015432
v 0.008691 0.295490 0.018203
v 0.009662 0.304164 0.019226
v 0.007796 0.302605 0.019941
v 0.008219 0.307133 0.022585
v 0.012718 0.271226 0.001824
v 0.014567 0.270752 0.001206
v 0.012506 0.272451 0.000249
v 0.014355 0.271977 -0.000369
v 0.024330 0.346484 -0.044776
v 0.018377 0.350418 -0.042616
v 0.019197 0.340921 -0.042705
v 0.024276 0.344836 -0.044585
v 0.009605 0.348399 -0.042876
v 0.010711 0.340692 -0.043089
v 0.004139 0.344744 -0.046226
v 0.004476 0.342248 -0.046493
v 0.001382 0.342396 -0.050039
v 0.025529 0.343271 -0.046578
v 0.028959 0.345727 -0.033434
v 0.026448 0.346064 -0.032878
v 0.022423 0.343916 -0.046155
v 0.026116 0.346386 -0.047016
v 0.029426 0.348229 -0.032938
v 0.023011 0.347031 -0.046593
v 0.026916 0.348565 -0.032382
v 0.024309 0.346469 -0.044912
v 0.024255 0.344821 -0.044721
v 0.019176 0.340906 -0.042840
v 0.018355 0.350403 -0.042752
v 0.010690 0.340677 -0.043225
v 0.009583 0.348384 -0.043011
v 0.004455 0.342233 -0.046629
v 0.004117 0.344729 -0.046361
v 0.001360 0.342381 -0.050175
v 0.032398 0.346420 -0.048955
v 0.031109 0.345775 -0.053485
v 0.027456 0.350754 -0.053455
v 0.028484 0.351754 -0.048922
v 0.021419 0.351735 -0.052602
v 0.022016 0.352805 -0.048009
v 0.016535 0.348144 -0.051427
v 0.016783 0.348957 -0.046750
v 0.015664 0.342084 -0.050618
v 0.015851 0.342465 -0.045883
v 0.022570 0.343362 -0.057180
v 0.025445 0.347971 -0.056744
v 0.027832 0.344718 -0.056764
v 0.021500 0.348612 -0.056187
v 0.018308 0.346265 -0.055419
v 0.017740 0.342305 -0.054890
v 0.031465 0.339928 -0.048087
v 0.030239 0.339715 -0.052675
v 0.026233 0.336081 -0.046828
v 0.025355 0.336124 -0.051500
v 0.019765 0.337132 -0.045915
v 0.019318 0.337105 -0.050648
v 0.027263 0.340758 -0.056235
v 0.024072 0.338411 -0.055467
v 0.020127 0.339052 -0.054910
v 0.024829 0.344933 -0.042992
v 0.024276 0.344731 -0.044799
v 0.026949 0.338054 -0.042837
v 0.032036 0.345663 -0.045499
v 0.025371 0.345940 -0.045107
v 0.034415 0.333735 -0.045427
v 0.038176 0.340189 -0.047631
v 0.039421 0.332548 -0.050717
v 0.040587 0.334608 -0.051621
v 0.041526 0.332139 -0.055520
v 0.024254 0.344716 -0.044935
v 0.025349 0.345925 -0.045243
v 0.032014 0.345648 -0.045635
v 0.026928 0.338039 -0.042973
v 0.038154 0.340174 -0.047767
v 0.034393 0.333720 -0.045562
v 0.040565 0.334593 -0.051757
v 0.039399 0.332533 -0.050853
v 0.041504 0.332124 -0.055655
v 0.024020 0.345651 -0.044860
v 0.018381 0.341785 -0.041887
v 0.027093 0.338492 -0.043918
v 0.025485 0.344886 -0.045009
v 0.016317 0.333038 -0.042469
v 0.023550 0.330775 -0.044261
v 0.016544 0.326824 -0.046442
v 0.018841 0.326088 -0.047216
v 0.016705 0.323644 -0.050628
v 0.023998 0.345636 -0.044996
v 0.025464 0.344871 -0.045144
v 0.027071 0.338477 -0.044054
v 0.018359 0.341770 -0.042022
v 0.023529 0.330760 -0.044396
v 0.016295 0.333023 -0.042604
v 0.018820 0.326073 -0.047352
v 0.016522 0.326809 -0.046577
v 0.016684 0.323629 -0.050763
v 0.025430 0.345476 -0.045065
v 0.027741 0.352547 -0.044568
v 0.018767 0.349424 -0.043803
v 0.023826 0.345167 -0.044775
v 0.023549 0.360245 -0.046633
v 0.016378 0.357262 -0.046052
v 0.018583 0.363709 -0.050851
v 0.016252 0.362716 -0.050860
v 0.015565 0.364837 -0.055008
v 0.025409 0.345461 -0.045201
v 0.023804 0.345152 -0.044911
v 0.018746 0.349409 -0.043939
v 0.027720 0.352532 -0.044704
v 0.016356 0.357247 -0.046188
v 0.023527 0.360230 -0.046768
v 0.016230 0.362701 -0.050996
v 0.018562 0.363694 -0.050986
v 0.015544 0.364822 -0.055144
v 0.025120 0.344534 -0.044911
v 0.032560 0.344439 -0.044438
v 0.027017 0.352132 -0.045416
v 0.024369 0.346014 -0.044956
v 0.038729 0.350001 -0.047915
v 0.033833 0.356008 -0.048692
v 0.040604 0.354626 -0.053350
v 0.038989 0.356527 -0.053794
v 0.040794 0.356803 -0.058135
v 0.025098 0.344519 -0.045047
v 0.024348 0.345999 -0.045091
v 0.026996 0.352117 -0.045552
v 0.032538 0.344424 -0.044573
v 0.033812 0.355993 -0.048828
v 0.038708 0.349986 -0.048051
v 0.038967 0.356512 -0.053930
v 0.040582 0.354611 -0.053486
v 0.040772 0.356788 -0.058270
v 0.031372 0.340012 -0.021596
v 0.029483 0.340215 -0.020952
v 0.031777 0.341884 -0.020998
v 0.029888 0.342623 -0.021697
v -0.002723 0.134096 0.004321
v -0.004526 0.135938 0.002265
v -0.001993 0.137184 0.000167
v -0.000852 0.134503 0.001200
v 0.035560 0.185407 0.040649
v 0.012941 0.169257 0.024764
v 0.010745 0.169791 0.027721
v 0.033077 0.186269 0.044416
v 0.037885 0.182162 0.042924
v 0.014656 0.166451 0.026507
v 0.035402 0.183025 0.046691
v 0.012459 0.166985 0.029463
v 0.001139 0.134096 0.004321
v -0.001357 0.132032 0.003701
v -0.003991 0.134335 0.003351
v -0.001479 0.135953 0.002560
v -0.017113 0.160087 0.070724
v -0.013002 0.141708 0.044839
v -0.011143 0.139350 0.047037
v -0.014918 0.157355 0.073693
v -0.013509 0.162934 0.070678
v -0.009997 0.143889 0.044585
v -0.011313 0.160202 0.073647
v -0.008137 0.141530 0.046783
v 0.025983 0.121558 -0.043085
v 0.016826 0.126010 -0.046920
v 0.021757 0.113336 -0.049842
v 0.026444 0.119253 -0.043669
v 0.010536 0.124174 -0.058310
v 0.015068 0.113937 -0.060267
v 0.011178 0.121709 -0.068773
v 0.012847 0.118511 -0.069581
v 0.014065 0.121041 -0.075853
v 0.026120 0.121619 -0.043219
v 0.026581 0.119314 -0.043803
v 0.021894 0.113397 -0.049976
v 0.016964 0.126072 -0.047054
v 0.015206 0.113998 -0.060401
v 0.010673 0.124235 -0.058444
v 0.012985 0.118572 -0.069715
v 0.011315 0.121771 -0.068907
v 0.014203 0.121103 -0.075987
v 0.035926 0.122706 -0.038308
v 0.038600 0.123933 -0.041831
v 0.034260 0.129587 -0.043708
v 0.031276 0.128763 -0.040319
v 0.028943 0.130642 -0.048704
v 0.025580 0.129894 -0.045671
v 0.025766 0.126481 -0.053893
v 0.022177 0.125436 -0.051230
v 0.026589 0.119540 -0.056235
v 0.023058 0.118000 -0.053739
v 0.036029 0.123268 -0.052364
v 0.036211 0.127993 -0.048006
v 0.039048 0.124299 -0.046779
v 0.032737 0.128683 -0.051270
v 0.030661 0.125964 -0.054661
v 0.031199 0.121428 -0.056191
v 0.036807 0.115270 -0.040817
v 0.039423 0.116992 -0.044173
v 0.033404 0.110812 -0.046376
v 0.036246 0.112830 -0.049362
v 0.027708 0.111943 -0.051728
v 0.030930 0.113886 -0.054358
v 0.039585 0.119763 -0.048310
v 0.037509 0.117044 -0.051700
v 0.034035 0.117734 -0.054965
v 0.026527 0.119032 -0.043148
v 0.034267 0.119447 -0.037486
v 0.040350 0.110576 -0.035525
v 0.033068 0.107319 -0.045025
v 0.028568 0.116354 -0.044736
v 0.028207 0.106369 -0.056399
v 0.043108 0.099528 -0.049410
v 0.038951 0.100049 -0.057442
v 0.047991 0.097360 -0.052179
v 0.024828 0.116176 -0.053713
v 0.047679 0.103073 -0.042439
v 0.026546 0.119049 -0.043473
v 0.027867 0.128130 -0.040094
v 0.034983 0.130177 -0.032049
v 0.037390 0.118488 -0.035435
v 0.029907 0.118856 -0.042205
v 0.041345 0.108615 -0.041821
v 0.050262 0.120745 -0.032282
v 0.052005 0.113702 -0.037706
v 0.056107 0.122172 -0.032406
v 0.032813 0.111368 -0.047690
v 0.047433 0.129201 -0.030683
v 0.021015 0.125436 -0.048397
v 0.019939 0.135769 -0.044991
v 0.029163 0.131161 -0.038092
v 0.028081 0.122172 -0.042563
v 0.040263 0.126934 -0.034515
v 0.034584 0.143464 -0.038005
v 0.042310 0.139186 -0.035989
v 0.037760 0.148418 -0.039260
v 0.036815 0.118568 -0.040254
v 0.027701 0.145536 -0.043519
v 0.023198 0.114231 -0.051297
v 0.015377 0.118501 -0.057632
v 0.018850 0.127845 -0.050249
v 0.025383 0.121757 -0.045536
v 0.025369 0.137111 -0.045195
v 0.016097 0.136230 -0.060391
v 0.021582 0.142000 -0.056068
v 0.016402 0.139738 -0.065271
v 0.030966 0.128698 -0.041628
v 0.014400 0.128623 -0.065008
v 0.031793 0.110814 -0.044005
v 0.028978 0.102761 -0.050843
v 0.021884 0.112354 -0.054242
v 0.025826 0.117959 -0.046825
v 0.018139 0.123152 -0.059065
v 0.022536 0.107734 -0.066851
v 0.020326 0.116192 -0.069225
v 0.024092 0.106634 -0.072558
v 0.023368 0.126666 -0.050396
v 0.028116 0.101535 -0.063316
v 0.026725 0.119239 -0.043873
v 0.029741 0.108969 -0.041924
v 0.033687 0.120272 -0.034840
v 0.027469 0.120944 -0.042322
v 0.040824 0.104135 -0.036778
v 0.043642 0.113734 -0.031385
v 0.051433 0.105262 -0.035314
v 0.052524 0.108447 -0.033784
v 0.058699 0.107372 -0.036602
v 0.026863 0.119301 -0.044006
v 0.027607 0.121006 -0.042455
v 0.033825 0.120333 -0.034974
v 0.029879 0.109031 -0.042058
v 0.043780 0.113796 -0.031519
v 0.040962 0.104197 -0.036912
v 0.052662 0.108508 -0.033918
v 0.051570 0.105324 -0.035448
v 0.058837 0.107434 -0.036736
v 0.026174 0.120522 -0.043851
v 0.019784 0.114071 -0.049845
v 0.030864 0.110178 -0.042391
v 0.027917 0.119472 -0.042537
v 0.022481 0.102918 -0.056251
v 0.031592 0.100375 -0.049951
v 0.029763 0.096951 -0.061477
v 0.032891 0.096241 -0.059638
v 0.035904 0.095160 -0.065718
v 0.026312 0.120583 -0.043985
v 0.028055 0.119533 -0.042671
v 0.031002 0.110239 -0.042525
v 0.019922 0.114133 -0.049979
v 0.031729 0.100436 -0.050085
v 0.022618 0.102980 -0.056385
v 0.033029 0.096302 -0.059771
v 0.029901 0.097013 -0.061610
v 0.036042 0.095222 -0.065852
v 0.027676 0.120295 -0.042407
v 0.026012 0.129246 -0.036448
v 0.018901 0.125351 -0.047751
v 0.026127 0.119842 -0.044213
v 0.021374 0.141058 -0.039861
v 0.015937 0.137315 -0.049113
v 0.020299 0.148554 -0.047516
v 0.018761 0.147423 -0.050682
v 0.021830 0.152744 -0.053762
v 0.027814 0.120357 -0.042541
v 0.026264 0.119903 -0.044346
v 0.019039 0.125413 -0.047885
v 0.026150 0.129307 -0.036582
v 0.016075 0.137377 -0.049247
v 0.021512 0.141119 -0.039995
v 0.018898 0.147485 -0.050816
v 0.020437 0.148616 -0.047650
v 0.021968 0.152806 -0.053895
v 0.027652 0.118975 -0.043038
v 0.033495 0.117973 -0.033915
v 0.026513 0.129249 -0.038111
v 0.026419 0.121034 -0.043364
v 0.040153 0.126939 -0.026989
v 0.034233 0.135796 -0.030947
v 0.045729 0.136150 -0.026997
v 0.044018 0.139075 -0.028477
v 0.050221 0.141850 -0.029495
v 0.027790 0.119037 -0.043172
v 0.026556 0.121095 -0.043497
v 0.026651 0.129310 -0.038244
v 0.033633 0.118034 -0.034048
v 0.034371 0.135858 -0.031080
v 0.040291 0.127000 -0.027122
v 0.044156 0.139136 -0.028610
v 0.045867 0.136212 -0.027131
v 0.050359 0.141912 -0.029629
v 0.034183 0.119410 -0.037404
v 0.028484 0.116317 -0.044654
v 0.032983 0.107282 -0.044943
v 0.040266 0.110539 -0.035443
v 0.028123 0.106331 -0.056317
v 0.038867 0.100011 -0.057361
v 0.043024 0.099491 -0.049329
v 0.047907 0.097323 -0.052098
v 0.024743 0.116139 -0.053631
v 0.047595 0.103035 -0.042357
v 0.026462 0.119011 -0.043392
v 0.027783 0.128092 -0.040012
v 0.029823 0.118819 -0.042123
v 0.037306 0.118450 -0.035353
v 0.034899 0.130139 -0.031968
v 0.041261 0.108577 -0.041739
v 0.051921 0.113665 -0.037625
v 0.050178 0.120707 -0.032200
v 0.056023 0.122134 -0.032325
v 0.032728 0.111330 -0.047608
v 0.047348 0.129163 -0.030601
v 0.020931 0.125398 -0.048316
v 0.027997 0.122135 -0.042482
v 0.029078 0.131124 -0.038011
v 0.019855 0.135732 -0.044909
v 0.040179 0.126897 -0.034433
v 0.042226 0.139148 -0.035908
v 0.034500 0.143426 -0.037924
v 0.037675 0.148381 -0.039178
v 0.036731 0.118530 -0.040172
v 0.027617 0.145498 -0.043438
v 0.023114 0.114193 -0.051215
v 0.025299 0.121720 -0.045454
v 0.018766 0.127808 -0.050168
v 0.015292 0.118463 -0.057550
v 0.025284 0.137074 -0.045113
v 0.021498 0.141962 -0.055986
v 0.016013 0.136193 -0.060309
v 0.016318 0.139700 -0.065189
v 0.030881 0.128661 -0.041547
v 0.014316 0.128585 -0.064926
v 0.031709 0.110777 -0.043923
v 0.025742 0.117921 -0.046744
v 0.021800 0.112316 -0.054160
v 0.028893 0.102723 -0.050762
v 0.018055 0.123115 -0.058983
v 0.020242 0.116155 -0.069144
v 0.022451 0.107697 -0.066769
v 0.024008 0.106597 -0.072477
v 0.023284 0.126628 -0.050315
v 0.028032 0.101498 -0.063234
v -0.003243 0.100389 0.000574
v -0.001152 0.098362 0.002121
v 0.001351 0.100649 0.003054
v -0.001207 0.102376 0.002879
v 0.031042 0.120760 -0.043909
v 0.018388 0.105158 -0.018986
v 0.017185 0.102617 -0.021424
v 0.029738 0.117774 -0.047147
v 0.027729 0.123650 -0.045240
v 0.015550 0.107397 -0.019873
v 0.026425 0.120664 -0.048477
v 0.014348 0.104856 -0.022312
v -0.021586 0.138695 -0.035859
v -0.029631 0.141871 -0.029259
v -0.030235 0.131810 -0.038846
v -0.021993 0.136784 -0.037290
v -0.042660 0.141746 -0.030973
v -0.042500 0.133636 -0.038933
v -0.050948 0.142313 -0.037823
v -0.050910 0.139886 -0.040613
v -0.055037 0.144175 -0.044046
v -0.021608 0.138818 -0.036017
v -0.022015 0.136907 -0.037448
v -0.030257 0.131933 -0.039004
v -0.029653 0.141994 -0.029417
v -0.042522 0.133759 -0.039092
v -0.042682 0.141869 -0.031131
v -0.050932 0.140009 -0.040771
v -0.050970 0.142436 -0.037982
v -0.055059 0.144298 -0.044204
v -0.011826 0.140708 -0.040726
v -0.013000 0.143372 -0.044275
v -0.016548 0.148223 -0.040006
v -0.015627 0.145905 -0.036153
v -0.023590 0.149355 -0.038144
v -0.023171 0.147118 -0.034159
v -0.030001 0.146105 -0.039780
v -0.030039 0.143637 -0.035911
v -0.032025 0.140378 -0.043955
v -0.032208 0.137501 -0.040384
v -0.023061 0.144942 -0.048056
v -0.019019 0.148280 -0.044332
v -0.016701 0.145111 -0.047121
v -0.023620 0.149020 -0.043115
v -0.027809 0.146897 -0.044184
v -0.029132 0.143154 -0.046912
v -0.013995 0.134572 -0.045198
v -0.015024 0.137644 -0.048450
v -0.020863 0.131091 -0.046951
v -0.021436 0.134395 -0.050085
v -0.028407 0.132304 -0.044956
v -0.028477 0.135527 -0.048224
v -0.018024 0.141368 -0.049849
v -0.022213 0.139245 -0.050917
v -0.026814 0.139985 -0.049701
v -0.021543 0.136458 -0.037153
v -0.012418 0.137066 -0.040071
v -0.008070 0.129553 -0.046719
v -0.020277 0.127381 -0.047127
v -0.021870 0.134806 -0.040472
v -0.032379 0.128399 -0.049658
v -0.018647 0.123416 -0.059870
v -0.027511 0.125096 -0.060697
v -0.018225 0.123178 -0.065868
v -0.031315 0.136169 -0.042355
v -0.010038 0.125925 -0.058584
v -0.021793 0.136563 -0.037334
v -0.017490 0.144501 -0.033579
v -0.006662 0.145882 -0.034210
v -0.009026 0.136313 -0.041744
v -0.018825 0.136789 -0.039354
v -0.012746 0.129578 -0.051475
v 0.001232 0.140438 -0.049393
v -0.002753 0.135625 -0.055951
v 0.004669 0.143097 -0.053556
v -0.022219 0.131827 -0.047000
v 0.001620 0.147343 -0.043542
v -0.028430 0.142639 -0.033505
v -0.025393 0.151220 -0.027448
v -0.014850 0.147110 -0.032531
v -0.019886 0.139597 -0.037021
v -0.005858 0.144641 -0.040713
v -0.010527 0.159840 -0.032659
v -0.004769 0.156990 -0.039046
v -0.009248 0.165523 -0.034168
v -0.013243 0.137525 -0.043817
v -0.018811 0.161719 -0.029511
v -0.030488 0.133349 -0.040447
v -0.039789 0.137302 -0.036273
v -0.030975 0.144912 -0.031996
v -0.023897 0.139393 -0.036621
v -0.022271 0.153728 -0.031357
v -0.040026 0.154844 -0.032438
v -0.032824 0.160338 -0.032533
v -0.043477 0.159485 -0.034099
v -0.016870 0.146119 -0.036625
v -0.045416 0.148531 -0.036067
v -0.019889 0.130118 -0.044437
v -0.027765 0.123723 -0.048514
v -0.033798 0.132068 -0.041597
v -0.025015 0.136259 -0.038904
v -0.038921 0.142656 -0.037654
v -0.044005 0.131174 -0.050302
v -0.046463 0.139258 -0.047037
v -0.047801 0.131978 -0.054901
v -0.028562 0.144836 -0.035995
v -0.038443 0.125650 -0.054843
v -0.021994 0.136886 -0.037622
v -0.019570 0.127388 -0.042342
v -0.010549 0.137020 -0.037945
v -0.020157 0.138245 -0.036820
v -0.009376 0.123933 -0.049881
v -0.002528 0.132160 -0.046060
v -0.001903 0.126941 -0.057026
v 0.000251 0.129773 -0.056019
v 0.001485 0.130859 -0.062691
v -0.022016 0.137009 -0.037780
v -0.020179 0.138368 -0.036978
v -0.010571 0.137143 -0.038104
v -0.019592 0.127511 -0.042500
v -0.002550 0.132284 -0.046218
v -0.009398 0.124057 -0.050039
v 0.000229 0.129896 -0.056177
v -0.001925 0.127064 -0.057185
v 0.001463 0.130982 -0.062849
v -0.022185 0.137964 -0.036756
v -0.031324 0.132068 -0.037063
v -0.019185 0.128892 -0.043067
v -0.020200 0.137016 -0.037770
v -0.035908 0.123859 -0.046244
v -0.025730 0.121822 -0.050874
v -0.036403 0.121222 -0.056672
v -0.033156 0.120760 -0.058379
v -0.036402 0.122001 -0.064308
v -0.022207 0.138087 -0.036915
v -0.020222 0.137139 -0.037928
v -0.019207 0.129015 -0.043225
v -0.031346 0.132191 -0.037221
v -0.025752 0.121945 -0.051032
v -0.035930 0.123982 -0.046402
v -0.033178 0.120884 -0.058537
v -0.036425 0.121345 -0.056830
v -0.036424 0.122124 -0.064466
v -0.020162 0.137703 -0.037241
v -0.015531 0.144187 -0.029832
v -0.029150 0.141925 -0.031538
v -0.022564 0.137410 -0.037135
v -0.019947 0.155161 -0.024109
v -0.030920 0.152873 -0.025989
v -0.026090 0.163975 -0.024841
v -0.029644 0.163403 -0.025687
v -0.029867 0.169885 -0.027957
v -0.020184 0.137826 -0.037399
v -0.022586 0.137533 -0.037293
v -0.029172 0.142048 -0.031696
v -0.015553 0.144310 -0.029990
v -0.030942 0.152996 -0.026147
v -0.019969 0.155284 -0.024267
v -0.029666 0.163526 -0.025845
v -0.026112 0.164098 -0.024999
v -0.029889 0.170008 -0.028116
v -0.020802 0.136623 -0.037993
v -0.010117 0.134575 -0.038065
v -0.016580 0.144736 -0.031102
v -0.021603 0.138372 -0.036520
v 0.000153 0.142649 -0.036644
v -0.005713 0.150708 -0.031184
v 0.004216 0.152534 -0.037964
v 0.002282 0.155293 -0.036443
v 0.005326 0.159532 -0.040914
v -0.020824 0.136746 -0.038151
v -0.021625 0.138495 -0.036678
v -0.016602 0.144859 -0.031260
v -0.010139 0.134698 -0.038223
v -0.005735 0.150831 -0.031342
v 0.000131 0.142773 -0.036802
v 0.002260 0.155416 -0.036601
v 0.004194 0.152657 -0.038123
v 0.005304 0.159655 -0.041073
v -0.012405 0.136991 -0.039974
v -0.021857 0.134731 -0.040376
v -0.020264 0.127306 -0.047031
v -0.008057 0.129478 -0.046623
v -0.032366 0.128324 -0.049562
v -0.027497 0.125020 -0.060600
v -0.018634 0.123341 -0.059773
v -0.018211 0.123102 -0.065771
v -0.031302 0.136093 -0.042259
v -0.010025 0.125850 -0.058488
v -0.021779 0.136488 -0.037237
v -0.017477 0.144426 -0.033482
v -0.018811 0.136713 -0.039257
v -0.009012 0.136238 -0.041647
v -0.006649 0.145806 -0.034113
v -0.012732 0.129503 -0.051378
v -0.002739 0.135550 -0.055855
v 0.001246 0.140363 -0.049296
v 0.004682 0.143022 -0.053459
v -0.022206 0.131752 -0.046904
v 0.001633 0.147268 -0.043445
v -0.028416 0.142564 -0.033408
v -0.019873 0.139522 -0.036924
v -0.014837 0.147035 -0.032435
v -0.025380 0.151145 -0.027351
v -0.005844 0.144566 -0.040616
v -0.004756 0.156915 -0.038949
v -0.010513 0.159765 -0.032562
v -0.009234 0.165447 -0.034071
v -0.013230 0.137450 -0.043720
v -0.018797 0.161643 -0.029414
v -0.030475 0.133274 -0.040350
v -0.023883 0.139318 -0.036524
v -0.030962 0.144837 -0.031899
v -0.039775 0.137227 -0.036176
v -0.022257 0.153653 -0.031260
v -0.032811 0.160263 -0.032437
v -0.040013 0.154768 -0.032342
v -0.043463 0.159410 -0.034003
v -0.016857 0.146043 -0.036528
v -0.045403 0.148456 -0.035970
v -0.019875 0.130042 -0.044341
v -0.025002 0.136183 -0.038807
v -0.033785 0.131993 -0.041501
v -0.027751 0.123647 -0.048417
v -0.038908 0.142581 -0.037557
v -0.046449 0.139183 -0.046940
v -0.043991 0.131099 -0.050206
v -0.047788 0.131903 -0.054805
v -0.028548 0.144761 -0.035898
v -0.038430 0.125575 -0.054746
v -0.004432 0.100665 0.002595
v -0.002143 0.098815 0.001109
v 0.000274 0.101270 0.000401
v -0.019369 0.139274 -0.040514
v -0.008017 0.115300 -0.022592
v -0.010913 0.113287 -0.023782
v -0.023008 0.137029 -0.042193
v -0.022121 0.141610 -0.037672
v -0.010191 0.117013 -0.020104
v -0.025760 0.139365 -0.039352
v -0.013087 0.115000 -0.021293
v -0.005581 0.231411 0.052338
v 0.004377 0.235777 0.052719
v 0.000402 0.223660 0.058276
v -0.005873 0.229192 0.053265
v 0.013848 0.234710 0.061766
v 0.009990 0.224912 0.066040
v 0.016431 0.233248 0.072116
v 0.015045 0.230216 0.073716
v 0.015860 0.233363 0.079770
v -0.005670 0.231490 0.052501
v -0.005962 0.229272 0.053428
v 0.000313 0.223740 0.058438
v 0.004288 0.235857 0.052881
v 0.009901 0.224991 0.066202
v 0.013759 0.234790 0.061928
v 0.014956 0.230295 0.073878
v 0.016342 0.233327 0.072279
v 0.015771 0.233443 0.079932
v -0.016495 0.232564 0.050739
v -0.017933 0.234229 0.054768
v -0.013142 0.239829 0.054645
v -0.011362 0.238564 0.050608
v -0.006528 0.241097 0.057643
v -0.004277 0.239922 0.053820
v -0.001966 0.237289 0.062006
v 0.000610 0.235843 0.058493
v -0.002129 0.230637 0.065177
v 0.000436 0.228717 0.061890
v -0.012247 0.234417 0.064021
v -0.013695 0.238726 0.059472
v -0.016826 0.235067 0.059552
v -0.009373 0.239555 0.061431
v -0.006393 0.237067 0.064282
v -0.006499 0.232720 0.066354
v -0.016669 0.225438 0.054137
v -0.018096 0.227576 0.057939
v -0.011782 0.221359 0.058810
v -0.013534 0.223769 0.062301
v -0.004697 0.222717 0.062022
v -0.006920 0.225037 0.065299
v -0.016932 0.230720 0.061624
v -0.013951 0.228232 0.064475
v -0.009629 0.229061 0.066434
v -0.006117 0.228928 0.052820
v -0.015220 0.229172 0.049783
v -0.021742 0.220443 0.050684
v -0.011931 0.217745 0.057781
v -0.007607 0.226503 0.055218
v -0.003812 0.217623 0.067160
v -0.020242 0.210852 0.065791
v -0.013801 0.211918 0.072072
v -0.024063 0.209169 0.070125
v -0.001282 0.226980 0.062591
v -0.026689 0.213945 0.060229
v -0.006034 0.228976 0.053132
v -0.008200 0.237759 0.049417
v -0.017420 0.239379 0.043769
v -0.018837 0.228171 0.048893
v -0.009625 0.228820 0.052978
v -0.020773 0.219114 0.057147
v -0.032019 0.230709 0.049615
v -0.032107 0.224280 0.055996
v -0.037518 0.232405 0.051375
v -0.010806 0.222005 0.059817
v -0.029696 0.238846 0.046381
v 0.000840 0.235531 0.055456
v 0.000965 0.245449 0.050856
v -0.010005 0.240650 0.047612
v -0.007729 0.232069 0.052424
v -0.021729 0.236619 0.048046
v -0.015005 0.253125 0.047941
v -0.023039 0.249034 0.048828
v -0.017565 0.258312 0.049599
v -0.016802 0.228666 0.053271
v -0.006727 0.255381 0.050848
v -0.000507 0.224749 0.060003
v 0.008951 0.229224 0.063177
v 0.003506 0.238000 0.056304
v -0.004252 0.231807 0.054455
v -0.004116 0.247048 0.052574
v 0.009379 0.247146 0.064215
v 0.002914 0.252737 0.061216
v 0.010647 0.251097 0.068574
v -0.010664 0.238605 0.051760
v 0.012306 0.239925 0.068837
v -0.010982 0.221070 0.056073
v -0.006313 0.213559 0.062501
v 0.001624 0.223093 0.062579
v -0.004331 0.228166 0.056195
v 0.006834 0.234108 0.064908
v 0.004828 0.219683 0.075183
v 0.007788 0.228215 0.075900
v 0.005094 0.219183 0.081174
v -0.000762 0.237044 0.057944
v -0.001662 0.213445 0.074170
v -0.006078 0.229210 0.053545
v -0.009700 0.218951 0.053662
v -0.015472 0.229723 0.047018
v -0.007240 0.230798 0.052132
v -0.021901 0.214172 0.052667
v -0.026104 0.223354 0.047452
v -0.032425 0.215639 0.054410
v -0.033889 0.218716 0.052973
v -0.038907 0.218185 0.057637
v -0.006167 0.229290 0.053708
v -0.007329 0.230877 0.052294
v -0.015561 0.229803 0.047180
v -0.009789 0.219031 0.053824
v -0.026193 0.223434 0.047614
v -0.021990 0.214252 0.052830
v -0.033978 0.218795 0.053136
v -0.032514 0.215719 0.054572
v -0.038996 0.218264 0.057800
v -0.005542 0.230459 0.053227
v 0.002290 0.224303 0.057601
v -0.010606 0.220247 0.054325
v -0.007621 0.229373 0.052622
v 0.001538 0.213918 0.065619
v -0.009109 0.211222 0.062697
v -0.003864 0.208791 0.073396
v -0.007417 0.208057 0.072683
v -0.008421 0.207676 0.079470
v -0.005631 0.230538 0.053389
v -0.007710 0.229452 0.052784
v -0.010695 0.220327 0.054487
v 0.002201 0.224382 0.057764
v -0.009198 0.211302 0.062859
v 0.001449 0.213998 0.065781
v -0.007506 0.208137 0.072845
v -0.003953 0.208871 0.073558
v -0.008510 0.207756 0.079633
v -0.007420 0.230169 0.052341
v -0.007544 0.238451 0.045286
v 0.002650 0.235292 0.054207
v -0.005396 0.229814 0.053623
v -0.001905 0.250304 0.045904
v 0.006066 0.247184 0.053379
v 0.001591 0.258415 0.052064
v 0.004015 0.257511 0.054705
v 0.002125 0.263225 0.058021
v -0.007508 0.230249 0.052504
v -0.005484 0.229893 0.053786
v 0.002562 0.235371 0.054369
v -0.007633 0.238530 0.045449
v 0.005977 0.247264 0.053542
v -0.001994 0.250384 0.046066
v 0.003926 0.257590 0.054867
v 0.001502 0.258495 0.052226
v 0.002036 0.263305 0.058183
v -0.007222 0.228913 0.053065
v -0.015609 0.227343 0.046316
v -0.007508 0.238629 0.047013
v -0.005918 0.230935 0.052788
v -0.023947 0.235928 0.040886
v -0.016964 0.244834 0.041928
v -0.029112 0.245344 0.041667
v -0.026984 0.248312 0.042248
v -0.032528 0.251447 0.044828
v -0.007311 0.228992 0.053228
v -0.006007 0.231014 0.052951
v -0.007597 0.238709 0.047175
v -0.015698 0.227423 0.046478
v -0.017053 0.244914 0.042090
v -0.024036 0.236008 0.041049
v -0.027073 0.248391 0.042411
v -0.029201 0.245424 0.041829
v -0.032617 0.251526 0.044991
v -0.015166 0.229124 0.049684
v -0.007553 0.226454 0.055119
v -0.011877 0.217697 0.057682
v -0.021687 0.220394 0.050585
v -0.003758 0.217574 0.067060
v -0.013747 0.211869 0.071972
v -0.020187 0.210803 0.065692
v -0.024009 0.209121 0.070025
v -0.001227 0.226931 0.062492
v -0.026634 0.213896 0.060130
v -0.005980 0.228927 0.053033
v -0.008145 0.237710 0.049318
v -0.009571 0.228771 0.052879
v -0.018782 0.228122 0.048794
v -0.017366 0.239331 0.043670
v -0.020719 0.219066 0.057048
v -0.032052 0.224231 0.055897
v -0.031965 0.230661 0.049516
v -0.037464 0.232356 0.051276
v -0.010752 0.221956 0.059718
v -0.029642 0.238798 0.046281
v 0.000894 0.235482 0.055357
v -0.007675 0.232020 0.052324
v -0.009950 0.240601 0.047512
v 0.001019 0.245400 0.050757
v -0.021675 0.236570 0.047947
v -0.022985 0.248985 0.048729
v -0.014951 0.253076 0.047842
v -0.017511 0.258264 0.049499
v -0.016747 0.228618 0.053172
v -0.006673 0.255332 0.050749
v -0.000452 0.224701 0.059903
v -0.004197 0.231758 0.054356
v 0.003561 0.237951 0.056205
v 0.009005 0.229175 0.063078
v -0.004062 0.247000 0.052475
v 0.002968 0.252689 0.061116
v 0.009434 0.247098 0.064116
v 0.010702 0.251048 0.068475
v -0.010610 0.238557 0.051660
v 0.012360 0.239877 0.068738
v -0.010928 0.221022 0.055973
v -0.004277 0.228118 0.056096
v 0.001679 0.223044 0.062480
v -0.006259 0.213511 0.062402
v 0.006889 0.234059 0.064809
v 0.007842 0.228166 0.075801
v 0.004883 0.219635 0.075084
v 0.005148 0.219134 0.081074
v -0.000708 0.236996 0.057844
v -0.001608 0.213397 0.074071
v 0.008102 0.204930 0.003224
v 0.005606 0.202866 0.002604
v 0.002971 0.205170 0.002254
v 0.005483 0.206788 0.001463
v -0.010151 0.230922 0.054746
v -0.006039 0.212543 0.028860
v -0.004180 0.210184 0.031059
v -0.007955 0.228189 0.057714
v -0.006546 0.233769 0.054700
v -0.003034 0.214723 0.028606
v -0.004350 0.231036 0.057669
v -0.001175 0.212365 0.030805
v 0.002221 0.231411 -0.048024
v -0.007496 0.235777 -0.045814
v -0.005095 0.223660 -0.052210
v 0.002263 0.229192 -0.048995
v -0.018987 0.234710 -0.052101
v -0.016366 0.224912 -0.057229
v -0.024160 0.233248 -0.061431
v -0.023236 0.230216 -0.063335
v -0.025590 0.233363 -0.068971
v 0.002265 0.231490 -0.048204
v 0.002307 0.229272 -0.049175
v -0.005052 0.223740 -0.052390
v -0.007453 0.235857 -0.045994
v -0.016323 0.224991 -0.057409
v -0.018943 0.234790 -0.052281
v -0.023192 0.230295 -0.063515
v -0.024116 0.233328 -0.061611
v -0.025546 0.233443 -0.069151
v 0.013177 0.232564 -0.049304
v 0.013523 0.234229 -0.053568
v 0.008927 0.239829 -0.052209
v 0.008253 0.238564 -0.047849
v 0.001762 0.241097 -0.053393
v 0.000578 0.239922 -0.049118
v -0.003773 0.237289 -0.056426
v -0.005353 0.235843 -0.052367
v -0.004437 0.230637 -0.059532
v -0.006064 0.228717 -0.055693
v 0.005635 0.234417 -0.061034
v 0.008212 0.238726 -0.057015
v 0.011215 0.235067 -0.057902
v 0.003530 0.239555 -0.057789
v -0.000087 0.237067 -0.059770
v -0.000521 0.232720 -0.061799
v 0.012465 0.225438 -0.052631
v 0.012859 0.227576 -0.056673
v 0.006535 0.221359 -0.055880
v 0.007324 0.223769 -0.059706
v -0.001140 0.222717 -0.057148
v 0.000159 0.225037 -0.060890
v 0.010781 0.230720 -0.059931
v 0.007164 0.228232 -0.061913
v 0.002483 0.229061 -0.062687
v 0.002614 0.228928 -0.048628
v 0.012192 0.229172 -0.048051
v 0.018259 0.220443 -0.050609
v 0.006946 0.217745 -0.054925
v 0.003433 0.226503 -0.051330
v -0.003324 0.217623 -0.061882
v 0.012900 0.210852 -0.064813
v 0.005053 0.211918 -0.069212
v 0.015469 0.209170 -0.069988
v -0.004586 0.226980 -0.056815
v 0.020567 0.213945 -0.061109
v 0.002453 0.228976 -0.048908
v 0.005506 0.237759 -0.045880
v 0.015874 0.239379 -0.042811
v 0.015916 0.228171 -0.048127
v 0.005961 0.228820 -0.049689
v 0.015650 0.219114 -0.056601
v 0.028463 0.230709 -0.052236
v 0.026895 0.224280 -0.058422
v 0.033319 0.232405 -0.055359
v 0.005332 0.222005 -0.056600
v 0.027056 0.238846 -0.048511
v -0.004789 0.235531 -0.049374
v -0.003719 0.245449 -0.044898
v 0.007717 0.240650 -0.044603
v 0.004273 0.232069 -0.048662
v 0.018929 0.236619 -0.048057
v 0.012462 0.253125 -0.046216
v 0.019992 0.249034 -0.049152
v 0.014505 0.258312 -0.048479
v 0.012817 0.228666 -0.051829
v 0.003713 0.255380 -0.046881
v -0.004665 0.224749 -0.054114
v -0.014621 0.229224 -0.054733
v -0.007584 0.238000 -0.049503
v 0.000389 0.231807 -0.049725
v 0.000744 0.247048 -0.047872
v -0.015304 0.247146 -0.055624
v -0.008282 0.252737 -0.054400
v -0.017657 0.251097 -0.059506
v 0.007280 0.238605 -0.048781
v -0.019327 0.239925 -0.059331
v 0.006471 0.221070 -0.053029
v 0.000297 0.213559 -0.058030
v -0.007390 0.223093 -0.056051
v 0.000015 0.228166 -0.051426
v -0.013025 0.234108 -0.056952
v -0.013747 0.219683 -0.067396
v -0.016791 0.228215 -0.067323
v -0.015554 0.219183 -0.073114
v -0.003885 0.237044 -0.052191
v -0.007215 0.213445 -0.068097
v 0.002388 0.229210 -0.049318
v 0.005857 0.218951 -0.050368
v 0.013152 0.229723 -0.045445
v 0.003876 0.230798 -0.048254
v 0.017899 0.214172 -0.052566
v 0.023309 0.223354 -0.048616
v 0.027614 0.215639 -0.056973
v 0.029399 0.218716 -0.055964
v 0.033039 0.218185 -0.061768
v 0.002432 0.229290 -0.049498
v 0.003920 0.230877 -0.048434
v 0.013196 0.229803 -0.045625
v 0.005901 0.219031 -0.050548
v 0.023352 0.223434 -0.048796
v 0.017943 0.214252 -0.052746
v 0.029443 0.218795 -0.056144
v 0.027658 0.215719 -0.057153
v 0.033083 0.218264 -0.061948
v 0.001953 0.230459 -0.048872
v -0.006745 0.224303 -0.051070
v 0.006560 0.220247 -0.051243
v 0.004117 0.229373 -0.048825
v -0.008093 0.213918 -0.059009
v 0.002948 0.211222 -0.058943
v -0.004888 0.208791 -0.067920
v -0.001272 0.208057 -0.068151
v -0.002058 0.207676 -0.074966
v 0.001997 0.230538 -0.049052
v 0.004161 0.229452 -0.049005
v 0.006604 0.220327 -0.051423
v -0.006701 0.224382 -0.051250
v 0.002991 0.211302 -0.059123
v -0.008049 0.213998 -0.059189
v -0.001228 0.208137 -0.068331
v -0.004844 0.208871 -0.068100
v -0.002015 0.207756 -0.075146
v 0.003996 0.230169 -0.048503
v 0.005942 0.238451 -0.041720
v -0.006214 0.235292 -0.047698
v 0.001709 0.229814 -0.049217
v 0.000335 0.250304 -0.040857
v -0.009299 0.247184 -0.046015
v -0.004636 0.258415 -0.045902
v -0.007661 0.257510 -0.047826
v -0.006694 0.263225 -0.051518
v 0.004039 0.230249 -0.048683
v 0.001753 0.229893 -0.049397
v -0.006170 0.235371 -0.047878
v 0.005986 0.238530 -0.041900
v -0.009256 0.247264 -0.046195
v 0.000379 0.250384 -0.041037
v -0.007617 0.257590 -0.048006
v -0.004592 0.258495 -0.046082
v -0.006650 0.263305 -0.051698
v 0.003617 0.228913 -0.049151
v 0.013466 0.227343 -0.044802
v 0.005460 0.238629 -0.043378
v 0.002429 0.230935 -0.048546
v 0.022925 0.235928 -0.041716
v 0.015910 0.244834 -0.040914
v 0.027711 0.245344 -0.043806
v 0.025506 0.248312 -0.043817
v 0.030193 0.251447 -0.047744
v 0.003661 0.228992 -0.049331
v 0.002473 0.231014 -0.048725
v 0.005504 0.238709 -0.043558
v 0.013510 0.227423 -0.044982
v 0.015954 0.244914 -0.041094
v 0.022968 0.236008 -0.041896
v 0.025550 0.248391 -0.043997
v 0.027755 0.245424 -0.043986
v 0.030237 0.251526 -0.047924
v 0.012165 0.229124 -0.047941
v 0.003406 0.226454 -0.051220
v 0.006919 0.217697 -0.054815
v 0.018232 0.220394 -0.050499
v -0.003351 0.217574 -0.061773
v 0.005026 0.211869 -0.069102
v 0.012873 0.210803 -0.064703
v 0.015442 0.209121 -0.069878
v -0.004613 0.226931 -0.056705
v 0.020540 0.213896 -0.060999
v 0.002426 0.228927 -0.048798
v 0.005479 0.237710 -0.045770
v 0.005934 0.228771 -0.049579
v 0.015889 0.228122 -0.048017
v 0.015847 0.239331 -0.042701
v 0.015624 0.219066 -0.056491
v 0.026869 0.224231 -0.058312
v 0.028436 0.230661 -0.052126
v 0.033292 0.232356 -0.055249
v 0.005305 0.221956 -0.056490
v 0.027029 0.238798 -0.048401
v -0.004816 0.235482 -0.049264
v 0.004246 0.232020 -0.048552
v 0.007690 0.240601 -0.044493
v -0.003746 0.245400 -0.044788
v 0.018902 0.236570 -0.047947
v 0.019966 0.248985 -0.049042
v 0.012435 0.253076 -0.046106
v 0.014479 0.258264 -0.048369
v 0.012790 0.228618 -0.051719
v 0.003687 0.255332 -0.046771
v -0.004691 0.224701 -0.054004
v 0.000362 0.231758 -0.049615
v -0.007610 0.237951 -0.049393
v -0.014648 0.229175 -0.054623
v 0.000718 0.247000 -0.047762
v -0.008309 0.252689 -0.054290
v -0.015331 0.247098 -0.055514
v -0.017684 0.251048 -0.059396
v 0.007254 0.238557 -0.048671
v -0.019354 0.239877 -0.059221
v 0.006445 0.221022 -0.052919
v -0.000012 0.228118 -0.051316
v -0.007417 0.223044 -0.055941
v 0.000270 0.213511 -0.057920
v -0.013052 0.234059 -0.056842
v -0.016818 0.228167 -0.067213
v -0.013774 0.219635 -0.067286
v -0.015581 0.219134 -0.073004
v -0.003912 0.236996 -0.052081
v -0.007242 0.213397 -0.067987
v 0.001716 0.204930 0.002959
v 0.004287 0.202866 0.002911
v 0.006922 0.205170 0.002567
v 0.004701 0.206788 0.003982
v 0.006011 0.230922 -0.051532
v 0.008740 0.212543 -0.025464
v 0.006375 0.210184 -0.027107
v 0.003122 0.228189 -0.053831
v 0.002541 0.233769 -0.050555
v 0.005903 0.214723 -0.024441
v -0.000348 0.231036 -0.052854
v 0.003538 0.212365 -0.026084
v 0.029297 0.263172 0.064161
v 0.027378 0.270169 0.056054
v 0.038128 0.261402 0.057090
v 0.031179 0.261665 0.063926
v 0.035675 0.276485 0.048057
v 0.044187 0.269087 0.049474
v 0.045417 0.280852 0.046651
v 0.048296 0.278629 0.047310
v 0.052085 0.284275 0.048305
v 0.029402 0.263283 0.064292
v 0.031285 0.261777 0.064056
v 0.038234 0.261514 0.057220
v 0.027484 0.270281 0.056185
v 0.044293 0.269199 0.049604
v 0.035781 0.276596 0.048187
v 0.048402 0.278740 0.047440
v 0.045522 0.280964 0.046781
v 0.052190 0.284386 0.048436
v 0.027514 0.259880 0.074601
v 0.030273 0.262643 0.077014
v 0.027403 0.268768 0.074084
v 0.024440 0.266441 0.071463
v 0.029320 0.273322 0.068614
v 0.026493 0.271321 0.065603
v 0.034901 0.273639 0.063809
v 0.032472 0.271660 0.060455
v 0.040876 0.269531 0.062483
v 0.038873 0.267259 0.059034
v 0.038211 0.268874 0.072993
v 0.032176 0.269890 0.074970
v 0.034051 0.265888 0.076884
v 0.033428 0.272866 0.071396
v 0.037075 0.273073 0.068256
v 0.040979 0.270389 0.067389
v 0.033916 0.255479 0.073180
v 0.036249 0.258535 0.075688
v 0.039895 0.255818 0.068032
v 0.041830 0.258852 0.070882
v 0.041948 0.260698 0.062173
v 0.043746 0.263406 0.065413
v 0.037956 0.263204 0.076018
v 0.041602 0.263411 0.072878
v 0.042855 0.266387 0.069304
v 0.030919 0.261164 0.064017
v 0.028283 0.257042 0.072276
v 0.033364 0.248126 0.076047
v 0.040728 0.252306 0.066981
v 0.034209 0.259775 0.065064
v 0.048885 0.259120 0.060585
v 0.051194 0.247594 0.073982
v 0.056090 0.253432 0.069081
v 0.055863 0.246958 0.077724
v 0.040349 0.265589 0.060256
v 0.044934 0.245529 0.080195
v 0.031168 0.261373 0.063997
v 0.023731 0.266247 0.068067
v 0.018146 0.262029 0.076467
v 0.028040 0.254640 0.075284
v 0.031165 0.260018 0.067329
v 0.039656 0.250301 0.075658
v 0.027665 0.252829 0.088600
v 0.036348 0.250403 0.087721
v 0.028484 0.253270 0.094545
v 0.040453 0.257130 0.067438
v 0.020888 0.258833 0.088302
v 0.029954 0.270082 0.059717
v 0.021159 0.276227 0.061824
v 0.020789 0.267231 0.070358
v 0.029090 0.263065 0.066397
v 0.023290 0.260317 0.080350
v 0.015174 0.276105 0.078754
v 0.018042 0.270536 0.085298
v 0.014181 0.280337 0.082914
v 0.031611 0.257714 0.074119
v 0.016510 0.281971 0.071982
v 0.039135 0.262804 0.058510
v 0.039624 0.271011 0.051303
v 0.029471 0.273374 0.058029
v 0.030943 0.264899 0.063317
v 0.021979 0.276703 0.067339
v 0.031931 0.286469 0.056237
v 0.026720 0.287642 0.063554
v 0.033839 0.292148 0.056797
v 0.025419 0.267228 0.070976
v 0.039403 0.283551 0.052028
v 0.037619 0.254581 0.066805
v 0.046787 0.252812 0.061116
v 0.042156 0.263300 0.056377
v 0.034217 0.262657 0.062583
v 0.038833 0.275168 0.054966
v 0.054798 0.267289 0.054136
v 0.051288 0.275637 0.053908
v 0.060289 0.269708 0.054586
v 0.031436 0.271960 0.062024
v 0.057005 0.259568 0.058329
v 0.031419 0.261743 0.064165
v 0.036500 0.252134 0.064637
v 0.025596 0.256149 0.072284
v 0.029436 0.262035 0.065524
v 0.038114 0.243791 0.074661
v 0.029201 0.247650 0.080563
v 0.039107 0.242416 0.085295
v 0.036394 0.243834 0.087368
v 0.040820 0.243918 0.092624
v 0.031525 0.261855 0.064295
v 0.029542 0.262147 0.065655
v 0.025702 0.256261 0.072414
v 0.036605 0.252245 0.064767
v 0.029307 0.247762 0.080694
v 0.038220 0.243903 0.074791
v 0.036500 0.243946 0.087499
v 0.039213 0.242528 0.085425
v 0.040926 0.244030 0.092754
v 0.030532 0.262803 0.063974
v 0.037198 0.262233 0.055394
v 0.036474 0.253219 0.065964
v 0.030555 0.260957 0.065541
v 0.049225 0.257067 0.054229
v 0.048124 0.250066 0.063114
v 0.058593 0.254649 0.058955
v 0.058376 0.252570 0.062005
v 0.064530 0.255044 0.063804
v 0.030638 0.262915 0.064104
v 0.030661 0.261069 0.065672
v 0.036580 0.253331 0.066094
v 0.037304 0.262345 0.055524
v 0.048230 0.250178 0.063244
v 0.049331 0.257179 0.054360
v 0.058482 0.252682 0.062136
v 0.058699 0.254761 0.059086
v 0.064635 0.255156 0.063935
v 0.029924 0.261553 0.065542
v 0.019764 0.265136 0.067064
v 0.028944 0.269894 0.057758
v 0.031187 0.262498 0.063704
v 0.014531 0.277052 0.065248
v 0.022459 0.280463 0.057854
v 0.015989 0.287721 0.065159
v 0.018701 0.288964 0.062975
v 0.018899 0.294609 0.066889
v 0.030030 0.261665 0.065673
v 0.031293 0.262610 0.063835
v 0.029049 0.270005 0.057888
v 0.019870 0.265248 0.067194
v 0.022565 0.280575 0.057984
v 0.014636 0.277164 0.065378
v 0.018807 0.289075 0.063106
v 0.016095 0.287832 0.065289
v 0.019005 0.294720 0.067019
v 0.031159 0.260908 0.065093
v 0.026124 0.253812 0.071625
v 0.021193 0.266087 0.067325
v 0.029925 0.262875 0.064406
v 0.017376 0.255747 0.081238
v 0.013906 0.265849 0.077356
v 0.013626 0.262241 0.088966
v 0.012679 0.265650 0.087894
v 0.013527 0.267645 0.094415
v 0.031265 0.261020 0.065224
v 0.030031 0.262987 0.064536
v 0.021299 0.266199 0.067455
v 0.026230 0.253923 0.071755
v 0.014012 0.265961 0.077486
v 0.017482 0.255859 0.081368
v 0.012785 0.265762 0.088024
v 0.013732 0.262353 0.089096
v 0.013633 0.267757 0.094545
v 0.028218 0.256974 0.072196
v 0.034145 0.259707 0.064984
v 0.040663 0.252237 0.066902
v 0.033299 0.248058 0.075968
v 0.048820 0.259052 0.060505
v 0.056025 0.253363 0.069002
v 0.051129 0.247526 0.073902
v 0.055799 0.246890 0.077644
v 0.040284 0.265521 0.060176
v 0.044869 0.245461 0.080116
v 0.031104 0.261305 0.063917
v 0.023667 0.266178 0.067988
v 0.031100 0.259949 0.067250
v 0.027975 0.254572 0.075204
v 0.018081 0.261961 0.076388
v 0.039591 0.250233 0.075579
v 0.036284 0.250335 0.087641
v 0.027600 0.252761 0.088521
v 0.028419 0.253202 0.094466
v 0.040388 0.257061 0.067359
v 0.020823 0.258764 0.088223
v 0.029889 0.270013 0.059638
v 0.029025 0.262996 0.066318
v 0.020724 0.267163 0.070279
v 0.021094 0.276158 0.061744
v 0.023225 0.260249 0.080271
v 0.017977 0.270468 0.085219
v 0.015109 0.276036 0.078674
v 0.014116 0.280269 0.082835
v 0.031546 0.257646 0.074040
v 0.016446 0.281903 0.071903
v 0.039071 0.262736 0.058431
v 0.030878 0.264830 0.063237
v 0.029406 0.273306 0.057949
v 0.039559 0.270943 0.051223
v 0.021915 0.276635 0.067260
v 0.026656 0.287573 0.063475
v 0.031866 0.286401 0.056158
v 0.033775 0.292080 0.056718
v 0.025355 0.267160 0.070897
v 0.039338 0.283482 0.051948
v 0.037554 0.254513 0.066726
v 0.034152 0.262588 0.062503
v 0.042092 0.263232 0.056297
v 0.046722 0.252744 0.061037
v 0.038768 0.275100 0.054886
v 0.051223 0.275568 0.053829
v 0.054733 0.267220 0.054057
v 0.060225 0.269639 0.054506
v 0.031371 0.271892 0.061944
v 0.056940 0.259500 0.058250
v 0.006941 0.231325 0.005009
v 0.005577 0.233775 0.003274
v 0.008459 0.235589 0.002395
v 0.009484 0.232696 0.002760
v 0.031892 0.267108 0.064297
v 0.014889 0.257516 0.038927
v 0.012011 0.257095 0.041249
v 0.028519 0.266736 0.067393
v 0.033797 0.263252 0.065910
v 0.016305 0.254260 0.040043
v 0.030424 0.262880 0.069006
v 0.013427 0.253839 0.042365
vt 0.691200 0.149200
vt 0.658300 0.170900
vt 0.653600 0.149700
vt 0.669900 0.192900
vt 0.657200 0.128500
vt 0.668700 0.106300
vt 0.443800 0.164900
vt 0.339200 0.156500
vt 0.339100 0.150700
vt 0.444600 0.153800
vt 0.443000 0.176200
vt 0.338100 0.162000
vt 0.444500 0.142600
vt 0.338000 0.145200
vt 0.337900 0.139600
vt 0.443300 0.131400
vt 0.642000 0.172400
vt 0.639100 0.150100
vt 0.643600 0.192900
vt 0.640300 0.127500
vt 0.643000 0.106700
vt 0.542900 0.168600
vt 0.541800 0.152000
vt 0.543300 0.184600
vt 0.542400 0.135100
vt 0.543100 0.119000
vt 0.493400 0.166800
vt 0.493200 0.152900
vt 0.493200 0.180400
vt 0.493500 0.138800
vt 0.493200 0.125200
vt 0.338000 0.145200
vt 0.339100 0.150700
vt 0.333600 0.151700
vt 0.332600 0.146200
vt 0.443800 0.164900
vt 0.339200 0.156500
vt 0.444600 0.153800
vt 0.443000 0.176200
vt 0.338100 0.162000
vt 0.444500 0.142600
vt 0.337900 0.139600
vt 0.443300 0.131400
vt 0.542900 0.168600
vt 0.541800 0.152000
vt 0.543300 0.184600
vt 0.542400 0.135100
vt 0.543100 0.119000
vt 0.080100 0.606700
vt 0.174100 0.754100
vt 0.033400 0.717400
vt 0.148700 0.968500
vt 0.088400 0.920700
vt 0.048800 0.832600
vt 0.108100 0.977300
vt 0.047800 0.895900
vt 0.008700 0.818500
vt 0.268200 0.606700
vt 0.174100 0.530700
vt 0.299500 0.832600
vt 0.259800 0.920700
vt 0.199600 0.968500
vt 0.240200 0.977300
vt 0.300500 0.895900
vt 0.314900 0.717400
vt 0.339600 0.818500
vt 0.174100 0.995000
vt 0.080100 0.606700
vt 0.033400 0.717400
vt 0.174100 0.754100
vt 0.048800 0.832600
vt 0.088400 0.920700
vt 0.148700 0.968500
vt 0.108100 0.977300
vt 0.047800 0.895900
vt 0.008700 0.818500
vt 0.268200 0.606700
vt 0.174100 0.530700
vt 0.199600 0.968500
vt 0.259800 0.920700
vt 0.299500 0.832600
vt 0.240200 0.977300
vt 0.300500 0.895900
vt 0.339600 0.818500
vt 0.314900 0.717400
vt 0.174100 0.995000
vt 0.338000 0.145200
vt 0.339100 0.150700
vt 0.333600 0.151700
vt 0.332600 0.146200
vt 0.443800 0.164900
vt 0.339200 0.156500
vt 0.444600 0.153800
vt 0.443000 0.176200
vt 0.338100 0.162000
vt 0.444500 0.142600
vt 0.337900 0.139600
vt 0.443300 0.131400
vt 0.542900 0.168600
vt 0.542400 0.135100
vt 0.399100 0.472100
vt 0.493200 0.619500
vt 0.352400 0.582800
vt 0.467700 0.833800
vt 0.407500 0.786100
vt 0.367800 0.697900
vt 0.427100 0.842700
vt 0.366900 0.761200
vt 0.327800 0.683900
vt 0.587200 0.472100
vt 0.493200 0.396100
vt 0.618500 0.697900
vt 0.578900 0.786100
vt 0.518600 0.833800
vt 0.559200 0.842700
vt 0.619500 0.761200
vt 0.634000 0.582800
vt 0.658600 0.683900
vt 0.493200 0.860300
vt 0.399100 0.472100
vt 0.352400 0.582800
vt 0.493200 0.619500
vt 0.367800 0.697900
vt 0.407500 0.786100
vt 0.467700 0.833800
vt 0.427100 0.842700
vt 0.366900 0.761200
vt 0.327800 0.683900
vt 0.587200 0.472100
vt 0.493200 0.396100
vt 0.518600 0.833800
vt 0.578900 0.786100
vt 0.618500 0.697900
vt 0.559200 0.842700
vt 0.619500 0.761200
vt 0.658600 0.683900
vt 0.634000 0.582800
vt 0.493200 0.860300
vt 0.338000 0.145200
vt 0.339100 0.150700
vt 0.333600 0.151700
vt 0.332600 0.146200
vt 0.443800 0.164900
vt 0.339200 0.156500
vt 0.444600 0.153800
vt 0.443000 0.176200
vt 0.338100 0.162000
vt 0.444500 0.142600
vt 0.337900 0.139600
vt 0.443300 0.131400
vt 0.493400 0.166800
vt 0.493200 0.152900
vt 0.541800 0.152000
vt 0.543300 0.184600
vt 0.493200 0.180400
vt 0.493500 0.138800
vt 0.493200 0.125200
vt 0.543100 0.119000
vt 0.080100 0.606700
vt 0.174100 0.754100
vt 0.033400 0.717400
vt 0.148700 0.968500
vt 0.088400 0.920700
vt 0.048800 0.832600
vt 0.108100 0.977300
vt 0.047800 0.895900
vt 0.008700 0.818500
vt 0.268200 0.606700
vt 0.174100 0.530700
vt 0.299500 0.832600
vt 0.259800 0.920700
vt 0.199600 0.968500
vt 0.240200 0.977300
vt 0.300500 0.895900
vt 0.314900 0.717400
vt 0.339600 0.818500
vt 0.174100 0.995000
vt 0.080100 0.606700
vt 0.033400 0.717400
vt 0.174100 0.754100
vt 0.048800 0.832600
vt 0.088400 0.920700
vt 0.148700 0.968500
vt 0.108100 0.977300
vt 0.047800 0.895900
vt 0.008700 0.818500
vt 0.268200 0.606700
vt 0.174100 0.530700
vt 0.199600 0.968500
vt 0.259800 0.920700
vt 0.299500 0.832600
vt 0.240200 0.977300
vt 0.300500 0.895900
vt 0.339600 0.818500
vt 0.314900 0.717400
vt 0.174100 0.995000
vt 0.080100 0.606700
vt 0.174100 0.754100
vt 0.033400 0.717400
vt 0.148700 0.968500
vt 0.088400 0.920700
vt 0.048800 0.832600
vt 0.108100 0.977300
vt 0.047800 0.895900
vt 0.008700 0.818500
vt 0.268200 0.606700
vt 0.174100 0.530700
vt 0.299500 0.832600
vt 0.259800 0.920700
vt 0.199600 0.968500
vt 0.240200 0.977300
vt 0.300500 0.895900
vt 0.314900 0.717400
vt 0.339600 0.818500
vt 0.174100 0.995000
vt 0.080100 0.606700
vt 0.033400 0.717400
vt 0.174100 0.754100
vt 0.048800 0.832600
vt 0.088400 0.920700
vt 0.148700 0.968500
vt 0.108100 0.977300
vt 0.047800 0.895900
vt 0.008700 0.818500
vt 0.268200 0.606700
vt 0.174100 0.530700
vt 0.199600 0.968500
vt 0.259800 0.920700
vt 0.299500 0.832600
vt 0.240200 0.977300
vt 0.300500 0.895900
vt 0.339600 0.818500
vt 0.314900 0.717400
vt 0.174100 0.995000
vt 0.399100 0.472100
vt 0.493200 0.619500
vt 0.352400 0.582800
vt 0.467700 0.833800
vt 0.407500 0.786100
vt 0.367800 0.697900
vt 0.427100 0.842700
vt 0.366900 0.761200
vt 0.327800 0.683900
vt 0.587200 0.472100
vt 0.493200 0.396100
vt 0.618500 0.697900
vt 0.578900 0.786100
vt 0.518600 0.833800
vt 0.559200 0.842700
vt 0.619500 0.761200
vt 0.634000 0.582800
vt 0.658600 0.683900
vt 0.493200 0.860300
vt 0.399100 0.472100
vt 0.352400 0.582800
vt 0.493200 0.619500
vt 0.367800 0.697900
vt 0.407500 0.786100
vt 0.467700 0.833800
vt 0.427100 0.842700
vt 0.366900 0.761200
vt 0.327800 0.683900
vt 0.587200 0.472100
vt 0.493200 0.396100
vt 0.518600 0.833800
vt 0.578900 0.786100
vt 0.618500 0.697900
vt 0.559200 0.842700
vt 0.619500 0.761200
vt 0.658600 0.683900
vt 0.634000 0.582800
vt 0.493200 0.860300
vt 0.338000 0.145200
vt 0.339100 0.150700
vt 0.333600 0.151700
vt 0.332600 0.146200
vt 0.443800 0.164900
vt 0.339200 0.156500
vt 0.444600 0.153800
vt 0.443000 0.176200
vt 0.338100 0.162000
vt 0.444500 0.142600
vt 0.337900 0.139600
vt 0.443300 0.131400
vt 0.542900 0.168600
vt 0.493400 0.166800
vt 0.493200 0.152900
vt 0.541800 0.152000
vt 0.543300 0.184600
vt 0.493200 0.180400
vt 0.542400 0.135100
vt 0.493500 0.138800
vt 0.493200 0.125200
vt 0.543100 0.119000
vt 0.080100 0.606700
vt 0.174100 0.754100
vt 0.033400 0.717400
vt 0.148700 0.968500
vt 0.088400 0.920700
vt 0.048800 0.832600
vt 0.108100 0.977300
vt 0.047800 0.895900
vt 0.008700 0.818500
vt 0.268200 0.606700
vt 0.174100 0.530700
vt 0.299500 0.832600
vt 0.259800 0.920700
vt 0.199600 0.968500
vt 0.240200 0.977300
vt 0.300500 0.895900
vt 0.314900 0.717400
vt 0.339600 0.818500
vt 0.174100 0.995000
vt 0.080100 0.606700
vt 0.033400 0.717400
vt 0.174100 0.754100
vt 0.048800 0.832600
vt 0.088400 0.920700
vt 0.148700 0.968500
vt 0.108100 0.977300
vt 0.047800 0.895900
vt 0.008700 0.818500
vt 0.268200 0.606700
vt 0.174100 0.530700
vt 0.199600 0.968500
vt 0.259800 0.920700
vt 0.299500 0.832600
vt 0.240200 0.977300
vt 0.300500 0.895900
vt 0.339600 0.818500
vt 0.314900 0.717400
vt 0.174100 0.995000
vt 0.399100 0.472100
vt 0.493200 0.619500
vt 0.352400 0.582800
vt 0.467700 0.833800
vt 0.407500 0.786100
vt 0.367800 0.697900
vt 0.427100 0.842700
vt 0.366900 0.761200
vt 0.327800 0.683900
vt 0.587200 0.472100
vt 0.493200 0.396100
vt 0.618500 0.697900
vt 0.578900 0.786100
vt 0.518600 0.833800
vt 0.559200 0.842700
vt 0.619500 0.761200
vt 0.634000 0.582800
vt 0.658600 0.683900
vt 0.493200 0.860300
vt 0.399100 0.472100
vt 0.352400 0.582800
vt 0.493200 0.619500
vt 0.367800 0.697900
vt 0.407500 0.786100
vt 0.467700 0.833800
vt 0.427100 0.842700
vt 0.366900 0.761200
vt 0.327800 0.683900
vt 0.587200 0.472100
vt 0.493200 0.396100
vt 0.518600 0.833800
vt 0.578900 0.786100
vt 0.618500 0.697900
vt 0.559200 0.842700
vt 0.619500 0.761200
vt 0.658600 0.683900
vt 0.634000 0.582800
vt 0.493200 0.860300
vt 0.080100 0.606700
vt 0.174100 0.754100
vt 0.033400 0.717400
vt 0.148700 0.968500
vt 0.088400 0.920700
vt 0.048800 0.832600
vt 0.108100 0.977300
vt 0.047800 0.895900
vt 0.008700 0.818500
vt 0.268200 0.606700
vt 0.174100 0.530700
vt 0.299500 0.832600
vt 0.259800 0.920700
vt 0.199600 0.968500
vt 0.240200 0.977300
vt 0.300500 0.895900
vt 0.314900 0.717400
vt 0.339600 0.818500
vt 0.174100 0.995000
vt 0.080100 0.606700
vt 0.033400 0.717400
vt 0.174100 0.754100
vt 0.048800 0.832600
vt 0.088400 0.920700
vt 0.148700 0.968500
vt 0.108100 0.977300
vt 0.047800 0.895900
vt 0.008700 0.818500
vt 0.268200 0.606700
vt 0.174100 0.530700
vt 0.199600 0.968500
vt 0.259800 0.920700
vt 0.299500 0.832600
vt 0.240200 0.977300
vt 0.300500 0.895900
vt 0.339600 0.818500
vt 0.314900 0.717400
vt 0.174100 0.995000
vt 0.443800 0.164900
vt 0.391500 0.160700
vt 0.391800 0.152300
vt 0.444600 0.153800
vt 0.443000 0.176200
vt 0.390600 0.169100
vt 0.444500 0.142600
vt 0.391300 0.143900
vt 0.390600 0.135500
vt 0.443300 0.131400
vt 0.339100 0.150700
vt 0.338100 0.162000
vt 0.337900 0.139600
vt 0.443800 0.164900
vt 0.391500 0.160700
vt 0.391800 0.152300
vt 0.444600 0.153800
vt 0.443000 0.176200
vt 0.390600 0.169100
vt 0.444500 0.142600
vt 0.391300 0.143900
vt 0.390600 0.135500
vt 0.443300 0.131400
vt 0.339200 0.156500
vt 0.338100 0.162000
vt 0.338000 0.145200
vt 0.337900 0.139600
vt 0.338000 0.145200
vt 0.333600 0.151700
vt 0.332600 0.146200
vt 0.443800 0.164900
vt 0.391500 0.160700
vt 0.391800 0.152300
vt 0.444600 0.153800
vt 0.443000 0.176200
vt 0.390600 0.169100
vt 0.444500 0.142600
vt 0.391300 0.143900
vt 0.390600 0.135500
vt 0.443300 0.131400
vt 0.339200 0.156500
vt 0.134700 0.149200
vt 0.108200 0.170400
vt 0.105600 0.127300
vt 0.133300 0.141800
vt 0.067200 0.167900
vt 0.067200 0.132700
vt 0.038000 0.158100
vt 0.038000 0.146600
vt 0.016500 0.147400
vt 0.134700 0.149200
vt 0.133300 0.141800
vt 0.105600 0.127300
vt 0.108200 0.170400
vt 0.067200 0.132700
vt 0.067200 0.167900
vt 0.038000 0.146600
vt 0.038000 0.158100
vt 0.016500 0.147400
vt 0.611700 0.380900
vt 0.595500 0.359800
vt 0.621000 0.315700
vt 0.647400 0.319200
vt 0.607900 0.266500
vt 0.629100 0.250300
vt 0.563900 0.241000
vt 0.567400 0.214600
vt 0.514700 0.254100
vt 0.498500 0.232900
vt 0.555100 0.306900
vt 0.593000 0.312000
vt 0.578300 0.337300
vt 0.585500 0.283700
vt 0.560100 0.269000
vt 0.531800 0.276500
vt 0.542800 0.399200
vt 0.546300 0.372800
vt 0.481100 0.363500
vt 0.502200 0.347300
vt 0.462700 0.294600
vt 0.489100 0.298100
vt 0.550000 0.344800
vt 0.524700 0.330100
vt 0.517200 0.301800
vt 0.399200 0.970800
vt 0.436600 0.940600
vt 0.381400 0.910500
vt 0.441700 0.892700
vt 0.411500 0.855300
vt 0.363600 0.850200
vt 0.351300 0.965700
vt 0.321100 0.928300
vt 0.326200 0.880400
vt 0.964900 0.188000
vt 0.879600 0.200200
vt 0.886400 0.104600
vt 0.962800 0.111400
vt 0.887900 0.009700
vt 0.779900 0.099900
vt 0.787500 0.027900
vt 0.731500 0.095300
vt 0.971200 0.034200
vt 0.782200 0.168600
vt 0.991800 0.117500
vt 0.964900 0.188000
vt 0.879600 0.200200
vt 0.886400 0.104600
vt 0.962800 0.111400
vt 0.887900 0.009700
vt 0.779900 0.099900
vt 0.787500 0.027900
vt 0.731500 0.095300
vt 0.971200 0.034200
vt 0.782200 0.168600
vt 0.964900 0.188000
vt 0.879600 0.200200
vt 0.886400 0.104600
vt 0.962800 0.111400
vt 0.887900 0.009700
vt 0.779900 0.099900
vt 0.787500 0.027900
vt 0.731500 0.095300
vt 0.971200 0.034200
vt 0.782200 0.168600
vt 0.964900 0.188000
vt 0.879600 0.200200
vt 0.886400 0.104600
vt 0.962800 0.111400
vt 0.887900 0.009700
vt 0.779900 0.099900
vt 0.787500 0.027900
vt 0.731500 0.095300
vt 0.971200 0.034200
vt 0.782200 0.168600
vt 0.964900 0.188000
vt 0.879600 0.200200
vt 0.886400 0.104600
vt 0.962800 0.111400
vt 0.887900 0.009700
vt 0.779900 0.099900
vt 0.787500 0.027900
vt 0.731500 0.095300
vt 0.971200 0.034200
vt 0.782200 0.168600
vt 0.134700 0.149200
vt 0.108200 0.170400
vt 0.105600 0.127300
vt 0.133300 0.141800
vt 0.067200 0.167900
vt 0.067200 0.132700
vt 0.038000 0.158100
vt 0.038000 0.146600
vt 0.016500 0.147400
vt 0.134700 0.149200
vt 0.133300 0.141800
vt 0.105600 0.127300
vt 0.108200 0.170400
vt 0.067200 0.132700
vt 0.067200 0.167900
vt 0.038000 0.146600
vt 0.038000 0.158100
vt 0.016500 0.147400
vt 0.134700 0.149200
vt 0.108200 0.170400
vt 0.105600 0.127300
vt 0.133300 0.141800
vt 0.067200 0.167900
vt 0.067200 0.132700
vt 0.038000 0.158100
vt 0.038000 0.146600
vt 0.016500 0.147400
vt 0.134700 0.149200
vt 0.133300 0.141800
vt 0.105600 0.127300
vt 0.108200 0.170400
vt 0.067200 0.132700
vt 0.067200 0.167900
vt 0.038000 0.146600
vt 0.038000 0.158100
vt 0.016500 0.147400
vt 0.134700 0.149200
vt 0.108200 0.170400
vt 0.105600 0.127300
vt 0.133300 0.141800
vt 0.067200 0.167900
vt 0.067200 0.132700
vt 0.038000 0.158100
vt 0.038000 0.146600
vt 0.016500 0.147400
vt 0.134700 0.149200
vt 0.133300 0.141800
vt 0.105600 0.127300
vt 0.108200 0.170400
vt 0.067200 0.132700
vt 0.067200 0.167900
vt 0.038000 0.146600
vt 0.038000 0.158100
vt 0.016500 0.147400
vt 0.134700 0.149200
vt 0.108200 0.170400
vt 0.105600 0.127300
vt 0.133300 0.141800
vt 0.067200 0.167900
vt 0.067200 0.132700
vt 0.038000 0.158100
vt 0.038000 0.146600
vt 0.016500 0.147400
vt 0.134700 0.149200
vt 0.133300 0.141800
vt 0.105600 0.127300
vt 0.108200 0.170400
vt 0.067200 0.132700
vt 0.067200 0.167900
vt 0.038000 0.146600
vt 0.038000 0.158100
vt 0.016500 0.147400
vt 0.964900 0.188000
vt 0.962800 0.111400
vt 0.886400 0.104600
vt 0.879600 0.200200
vt 0.887900 0.009700
vt 0.787500 0.027900
vt 0.779900 0.099900
vt 0.731500 0.095300
vt 0.971200 0.034200
vt 0.782200 0.168600
vt 0.991800 0.117500
vt 0.964900 0.188000
vt 0.962800 0.111400
vt 0.886400 0.104600
vt 0.879600 0.200200
vt 0.887900 0.009700
vt 0.787500 0.027900
vt 0.779900 0.099900
vt 0.731500 0.095300
vt 0.971200 0.034200
vt 0.782200 0.168600
vt 0.964900 0.188000
vt 0.962800 0.111400
vt 0.886400 0.104600
vt 0.879600 0.200200
vt 0.887900 0.009700
vt 0.787500 0.027900
vt 0.779900 0.099900
vt 0.731500 0.095300
vt 0.971200 0.034200
vt 0.782200 0.168600
vt 0.964900 0.188000
vt 0.962800 0.111400
vt 0.886400 0.104600
vt 0.879600 0.200200
vt 0.887900 0.009700
vt 0.787500 0.027900
vt 0.779900 0.099900
vt 0.731500 0.095300
vt 0.971200 0.034200
vt 0.782200 0.168600
vt 0.964900 0.188000
vt 0.962800 0.111400
vt 0.886400 0.104600
vt 0.879600 0.200200
vt 0.887900 0.009700
vt 0.787500 0.027900
vt 0.779900 0.099900
vt 0.731500 0.095300
vt 0.971200 0.034200
vt 0.782200 0.168600
vt 0.134700 0.149200
vt 0.108200 0.170400
vt 0.105600 0.127300
vt 0.133300 0.141800
vt 0.067200 0.167900
vt 0.067200 0.132700
vt 0.038000 0.158100
vt 0.038000 0.146600
vt 0.016500 0.147400
vt 0.134700 0.149200
vt 0.133300 0.141800
vt 0.105600 0.127300
vt 0.108200 0.170400
vt 0.067200 0.132700
vt 0.067200 0.167900
vt 0.038000 0.146600
vt 0.038000 0.158100
vt 0.016500 0.147400
vt 0.611700 0.380900
vt 0.595500 0.359800
vt 0.621000 0.315700
vt 0.647400 0.319200
vt 0.607900 0.266500
vt 0.629100 0.250300
vt 0.563900 0.241000
vt 0.567400 0.214600
vt 0.514700 0.254100
vt 0.498500 0.232900
vt 0.555100 0.306900
vt 0.593000 0.312000
vt 0.578300 0.337300
vt 0.585500 0.283700
vt 0.560100 0.269000
vt 0.531800 0.276500
vt 0.542800 0.399200
vt 0.546300 0.372800
vt 0.481100 0.363500
vt 0.502200 0.347300
vt 0.462700 0.294600
vt 0.489100 0.298100
vt 0.550000 0.344800
vt 0.524700 0.330100
vt 0.517200 0.301800
vt 0.399200 0.970800
vt 0.436600 0.940600
vt 0.381400 0.910500
vt 0.441700 0.892700
vt 0.411500 0.855300
vt 0.363600 0.850200
vt 0.351300 0.965700
vt 0.321100 0.928300
vt 0.326200 0.880400
vt 0.964900 0.188000
vt 0.879600 0.200200
vt 0.886400 0.104600
vt 0.962800 0.111400
vt 0.887900 0.009700
vt 0.779900 0.099900
vt 0.787500 0.027900
vt 0.731500 0.095300
vt 0.971200 0.034200
vt 0.782200 0.168600
vt 0.991800 0.117500
vt 0.964900 0.188000
vt 0.879600 0.200200
vt 0.886400 0.104600
vt 0.962800 0.111400
vt 0.887900 0.009700
vt 0.779900 0.099900
vt 0.787500 0.027900
vt 0.731500 0.095300
vt 0.971200 0.034200
vt 0.782200 0.168600
vt 0.964900 0.188000
vt 0.879600 0.200200
vt 0.886400 0.104600
vt 0.962800 0.111400
vt 0.887900 0.009700
vt 0.779900 0.099900
vt 0.787500 0.027900
vt 0.731500 0.095300
vt 0.971200 0.034200
vt 0.782200 0.168600
vt 0.964900 0.188000
vt 0.879600 0.200200
vt 0.886400 0.104600
vt 0.962800 0.111400
vt 0.887900 0.009700
vt 0.779900 0.099900
vt 0.787500 0.027900
vt 0.731500 0.095300
vt 0.971200 0.034200
vt 0.782200 0.168600
vt 0.964900 0.188000
vt 0.879600 0.200200
vt 0.886400 0.104600
vt 0.962800 0.111400
vt 0.887900 0.009700
vt 0.779900 0.099900
vt 0.787500 0.027900
vt 0.731500 0.095300
vt 0.971200 0.034200
vt 0.782200 0.168600
vt 0.134700 0.149200
vt 0.108200 0.170400
vt 0.105600 0.127300
vt 0.133300 0.141800
vt 0.067200 0.167900
vt 0.067200 0.132700
vt 0.038000 0.158100
vt 0.038000 0.146600
vt 0.016500 0.147400
vt 0.134700 0.149200
vt 0.133300 0.141800
vt 0.105600 0.127300
vt 0.108200 0.170400
vt 0.067200 0.132700
vt 0.067200 0.167900
vt 0.038000 0.146600
vt 0.038000 0.158100
vt 0.016500 0.147400
vt 0.134700 0.149200
vt 0.108200 0.170400
vt 0.105600 0.127300
vt 0.133300 0.141800
vt 0.067200 0.167900
vt 0.067200 0.132700
vt 0.038000 0.158100
vt 0.038000 0.146600
vt 0.016500 0.147400
vt 0.134700 0.149200
vt 0.133300 0.141800
vt 0.105600 0.127300
vt 0.108200 0.170400
vt 0.067200 0.132700
vt 0.067200 0.167900
vt 0.038000 0.146600
vt 0.038000 0.158100
vt 0.016500 0.147400
vt 0.134700 0.149200
vt 0.108200 0.170400
vt 0.105600 0.127300
vt 0.133300 0.141800
vt 0.067200 0.167900
vt 0.067200 0.132700
vt 0.038000 0.158100
vt 0.038000 0.146600
vt 0.016500 0.147400
vt 0.134700 0.149200
vt 0.133300 0.141800
vt 0.105600 0.127300
vt 0.108200 0.170400
vt 0.067200 0.132700
vt 0.067200 0.167900
vt 0.038000 0.146600
vt 0.038000 0.158100
vt 0.016500 0.147400
vt 0.134700 0.149200
vt 0.108200 0.170400
vt 0.105600 0.127300
vt 0.133300 0.141800
vt 0.067200 0.167900
vt 0.067200 0.132700
vt 0.038000 0.158100
vt 0.038000 0.146600
vt 0.016500 0.147400
vt 0.134700 0.149200
vt 0.133300 0.141800
vt 0.105600 0.127300
vt 0.108200 0.170400
vt 0.067200 0.132700
vt 0.067200 0.167900
vt 0.038000 0.146600
vt 0.038000 0.158100
vt 0.016500 0.147400
vt 0.964900 0.188000
vt 0.962800 0.111400
vt 0.886400 0.104600
vt 0.879600 0.200200
vt 0.887900 0.009700
vt 0.787500 0.027900
vt 0.779900 0.099900
vt 0.731500 0.095300
vt 0.971200 0.034200
vt 0.782200 0.168600
vt 0.991800 0.117500
vt 0.964900 0.188000
vt 0.962800 0.111400
vt 0.886400 0.104600
vt 0.879600 0.200200
vt 0.887900 0.009700
vt 0.787500 0.027900
vt 0.779900 0.099900
vt 0.731500 0.095300
vt 0.971200 0.034200
vt 0.782200 0.168600
vt 0.964900 0.188000
vt 0.962800 0.111400
vt 0.886400 0.104600
vt 0.879600 0.200200
vt 0.887900 0.009700
vt 0.787500 0.027900
vt 0.779900 0.099900
vt 0.731500 0.095300
vt 0.971200 0.034200
vt 0.782200 0.168600
vt 0.964900 0.188000
vt 0.962800 0.111400
vt 0.886400 0.104600
vt 0.879600 0.200200
vt 0.887900 0.009700
vt 0.787500 0.027900
vt 0.779900 0.099900
vt 0.731500 0.095300
vt 0.971200 0.034200
vt 0.782200 0.168600
vt 0.991800 0.117500
vt 0.964900 0.188000
vt 0.962800 0.111400
vt 0.886400 0.104600
vt 0.879600 0.200200
vt 0.887900 0.009700
vt 0.787500 0.027900
vt 0.779900 0.099900
vt 0.731500 0.095300
vt 0.971200 0.034200
vt 0.782200 0.168600
vt 0.134700 0.149200
vt 0.108200 0.170400
vt 0.105600 0.127300
vt 0.133300 0.141800
vt 0.067200 0.167900
vt 0.067200 0.132700
vt 0.038000 0.158100
vt 0.038000 0.146600
vt 0.016500 0.147400
vt 0.134700 0.149200
vt 0.133300 0.141800
vt 0.105600 0.127300
vt 0.108200 0.170400
vt 0.067200 0.132700
vt 0.067200 0.167900
vt 0.038000 0.146600
vt 0.038000 0.158100
vt 0.016500 0.147400
vt 0.611700 0.380900
vt 0.595500 0.359800
vt 0.621000 0.315700
vt 0.647400 0.319200
vt 0.607900 0.266500
vt 0.629100 0.250300
vt 0.563900 0.241000
vt 0.567400 0.214600
vt 0.514700 0.254100
vt 0.498500 0.232900
vt 0.555100 0.306900
vt 0.593000 0.312000
vt 0.578300 0.337300
vt 0.585500 0.283700
vt 0.560100 0.269000
vt 0.531800 0.276500
vt 0.542800 0.399200
vt 0.546300 0.372800
vt 0.481100 0.363500
vt 0.502200 0.347300
vt 0.462700 0.294600
vt 0.489100 0.298100
vt 0.550000 0.344800
vt 0.524700 0.330100
vt 0.517200 0.301800
vt 0.399200 0.970800
vt 0.436600 0.940600
vt 0.381400 0.910500
vt 0.441700 0.892700
vt 0.411500 0.855300
vt 0.363600 0.850200
vt 0.351300 0.965700
vt 0.321100 0.928300
vt 0.326200 0.880400
vt 0.964900 0.188000
vt 0.879600 0.200200
vt 0.886400 0.104600
vt 0.962800 0.111400
vt 0.887900 0.009700
vt 0.779900 0.099900
vt 0.787500 0.027900
vt 0.731500 0.095300
vt 0.971200 0.034200
vt 0.782200 0.168600
vt 0.991800 0.117500
vt 0.964900 0.188000
vt 0.879600 0.200200
vt 0.886400 0.104600
vt 0.962800 0.111400
vt 0.887900 0.009700
vt 0.779900 0.099900
vt 0.787500 0.027900
vt 0.731500 0.095300
vt 0.971200 0.034200
vt 0.782200 0.168600
vt 0.964900 0.188000
vt 0.879600 0.200200
vt 0.886400 0.104600
vt 0.962800 0.111400
vt 0.887900 0.009700
vt 0.779900 0.099900
vt 0.787500 0.027900
vt 0.731500 0.095300
vt 0.971200 0.034200
vt 0.782200 0.168600
vt 0.964900 0.188000
vt 0.879600 0.200200
vt 0.886400 0.104600
vt 0.962800 0.111400
vt 0.887900 0.009700
vt 0.779900 0.099900
vt 0.787500 0.027900
vt 0.731500 0.095300
vt 0.971200 0.034200
vt 0.782200 0.168600
vt 0.964900 0.188000
vt 0.879600 0.200200
vt 0.886400 0.104600
vt 0.962800 0.111400
vt 0.887900 0.009700
vt 0.779900 0.099900
vt 0.787500 0.027900
vt 0.731500 0.095300
vt 0.971200 0.034200
vt 0.782200 0.168600
vt 0.134700 0.149200
vt 0.108200 0.170400
vt 0.105600 0.127300
vt 0.133300 0.141800
vt 0.067200 0.167900
vt 0.067200 0.132700
vt 0.038000 0.158100
vt 0.038000 0.146600
vt 0.016500 0.147400
vt 0.134700 0.149200
vt 0.133300 0.141800
vt 0.105600 0.127300
vt 0.108200 0.170400
vt 0.067200 0.132700
vt 0.067200 0.167900
vt 0.038000 0.146600
vt 0.038000 0.158100
vt 0.016500 0.147400
vt 0.134700 0.149200
vt 0.108200 0.170400
vt 0.105600 0.127300
vt 0.133300 0.141800
vt 0.067200 0.167900
vt 0.067200 0.132700
vt 0.038000 0.158100
vt 0.038000 0.146600
vt 0.016500 0.147400
vt 0.134700 0.149200
vt 0.133300 0.141800
vt 0.105600 0.127300
vt 0.108200 0.170400
vt 0.067200 0.132700
vt 0.067200 0.167900
vt 0.038000 0.146600
vt 0.038000 0.158100
vt 0.016500 0.147400
vt 0.134700 0.149200
vt 0.108200 0.170400
vt 0.105600 0.127300
vt 0.133300 0.141800
vt 0.067200 0.167900
vt 0.067200 0.132700
vt 0.038000 0.158100
vt 0.038000 0.146600
vt 0.016500 0.147400
vt 0.134700 0.149200
vt 0.133300 0.141800
vt 0.105600 0.127300
vt 0.108200 0.170400
vt 0.067200 0.132700
vt 0.067200 0.167900
vt 0.038000 0.146600
vt 0.038000 0.158100
vt 0.016500 0.147400
vt 0.134700 0.149200
vt 0.108200 0.170400
vt 0.105600 0.127300
vt 0.133300 0.141800
vt 0.067200 0.167900
vt 0.067200 0.132700
vt 0.038000 0.158100
vt 0.038000 0.146600
vt 0.016500 0.147400
vt 0.134700 0.149200
vt 0.133300 0.141800
vt 0.105600 0.127300
vt 0.108200 0.170400
vt 0.067200 0.132700
vt 0.067200 0.167900
vt 0.038000 0.146600
vt 0.038000 0.158100
vt 0.016500 0.147400
vt 0.964900 0.188000
vt 0.962800 0.111400
vt 0.886400 0.104600
vt 0.879600 0.200200
vt 0.887900 0.009700
vt 0.787500 0.027900
vt 0.779900 0.099900
vt 0.731500 0.095300
vt 0.971200 0.034200
vt 0.782200 0.168600
vt 0.991800 0.117500
vt 0.964900 0.188000
vt 0.962800 0.111400
vt 0.886400 0.104600
vt 0.879600 0.200200
vt 0.887900 0.009700
vt 0.787500 0.027900
vt 0.779900 0.099900
vt 0.731500 0.095300
vt 0.971200 0.034200
vt 0.782200 0.168600
vt 0.964900 0.188000
vt 0.962800 0.111400
vt 0.886400 0.104600
vt 0.879600 0.200200
vt 0.887900 0.009700
vt 0.787500 0.027900
vt 0.779900 0.099900
vt 0.731500 0.095300
vt 0.971200 0.034200
vt 0.782200 0.168600
vt 0.964900 0.188000
vt 0.962800 0.111400
vt 0.886400 0.104600
vt 0.879600 0.200200
vt 0.887900 0.009700
vt 0.787500 0.027900
vt 0.779900 0.099900
vt 0.731500 0.095300
vt 0.971200 0.034200
vt 0.782200 0.168600
vt 0.964900 0.188000
vt 0.962800 0.111400
vt 0.886400 0.104600
vt 0.879600 0.200200
vt 0.887900 0.009700
vt 0.787500 0.027900
vt 0.779900 0.099900
vt 0.731500 0.095300
vt 0.971200 0.034200
vt 0.782200 0.168600
vt 0.134700 0.149200
vt 0.108200 0.170400
vt 0.105600 0.127300
vt 0.133300 0.141800
vt 0.067200 0.167900
vt 0.067200 0.132700
vt 0.038000 0.158100
vt 0.038000 0.146600
vt 0.016500 0.147400
vt 0.134700 0.149200
vt 0.133300 0.141800
vt 0.105600 0.127300
vt 0.108200 0.170400
vt 0.067200 0.132700
vt 0.067200 0.167900
vt 0.038000 0.146600
vt 0.038000 0.158100
vt 0.016500 0.147400
vt 0.611700 0.380900
vt 0.595500 0.359800
vt 0.621000 0.315700
vt 0.647400 0.319200
vt 0.607900 0.266500
vt 0.629100 0.250300
vt 0.563900 0.241000
vt 0.567400 0.214600
vt 0.514700 0.254100
vt 0.498500 0.232900
vt 0.555100 0.306900
vt 0.593000 0.312000
vt 0.578300 0.337300
vt 0.585500 0.283700
vt 0.560100 0.269000
vt 0.531800 0.276500
vt 0.542800 0.399200
vt 0.546300 0.372800
vt 0.481100 0.363500
vt 0.502200 0.347300
vt 0.462700 0.294600
vt 0.489100 0.298100
vt 0.550000 0.344800
vt 0.524700 0.330100
vt 0.517200 0.301800
vt 0.399200 0.970800
vt 0.436600 0.940600
vt 0.381400 0.910500
vt 0.441700 0.892700
vt 0.411500 0.855300
vt 0.363600 0.850200
vt 0.351300 0.965700
vt 0.321100 0.928300
vt 0.326200 0.880400
vt 0.964900 0.188000
vt 0.879600 0.200200
vt 0.886400 0.104600
vt 0.962800 0.111400
vt 0.887900 0.009700
vt 0.779900 0.099900
vt 0.787500 0.027900
vt 0.731500 0.095300
vt 0.971200 0.034200
vt 0.782200 0.168600
vt 0.991800 0.117500
vt 0.964900 0.188000
vt 0.879600 0.200200
vt 0.886400 0.104600
vt 0.962800 0.111400
vt 0.887900 0.009700
vt 0.779900 0.099900
vt 0.787500 0.027900
vt 0.731500 0.095300
vt 0.971200 0.034200
vt 0.782200 0.168600
vt 0.964900 0.188000
vt 0.879600 0.200200
vt 0.886400 0.104600
vt 0.962800 0.111400
vt 0.887900 0.009700
vt 0.779900 0.099900
vt 0.787500 0.027900
vt 0.731500 0.095300
vt 0.971200 0.034200
vt 0.782200 0.168600
vt 0.964900 0.188000
vt 0.879600 0.200200
vt 0.886400 0.104600
vt 0.962800 0.111400
vt 0.887900 0.009700
vt 0.779900 0.099900
vt 0.787500 0.027900
vt 0.731500 0.095300
vt 0.971200 0.034200
vt 0.782200 0.168600
vt 0.964900 0.188000
vt 0.879600 0.200200
vt 0.886400 0.104600
vt 0.962800 0.111400
vt 0.887900 0.009700
vt 0.779900 0.099900
vt 0.787500 0.027900
vt 0.731500 0.095300
vt 0.971200 0.034200
vt 0.782200 0.168600
vt 0.134700 0.149200
vt 0.108200 0.170400
vt 0.105600 0.127300
vt 0.133300 0.141800
vt 0.067200 0.167900
vt 0.067200 0.132700
vt 0.038000 0.158100
vt 0.038000 0.146600
vt 0.016500 0.147400
vt 0.134700 0.149200
vt 0.133300 0.141800
vt 0.105600 0.127300
vt 0.108200 0.170400
vt 0.067200 0.132700
vt 0.067200 0.167900
vt 0.038000 0.146600
vt 0.038000 0.158100
vt 0.016500 0.147400
vt 0.134700 0.149200
vt 0.108200 0.170400
vt 0.105600 0.127300
vt 0.133300 0.141800
vt 0.067200 0.167900
vt 0.067200 0.132700
vt 0.038000 0.158100
vt 0.038000 0.146600
vt 0.016500 0.147400
vt 0.134700 0.149200
vt 0.133300 0.141800
vt 0.105600 0.127300
vt 0.108200 0.170400
vt 0.067200 0.132700
vt 0.067200 0.167900
vt 0.038000 0.146600
vt 0.038000 0.158100
vt 0.016500 0.147400
vt 0.134700 0.149200
vt 0.108200 0.170400
vt 0.105600 0.127300
vt 0.133300 0.141800
vt 0.067200 0.167900
vt 0.067200 0.132700
vt 0.038000 0.158100
vt 0.038000 0.146600
vt 0.016500 0.147400
vt 0.134700 0.149200
vt 0.133300 0.141800
vt 0.105600 0.127300
vt 0.108200 0.170400
vt 0.067200 0.132700
vt 0.067200 0.167900
vt 0.038000 0.146600
vt 0.038000 0.158100
vt 0.016500 0.147400
vt 0.134700 0.149200
vt 0.108200 0.170400
vt 0.105600 0.127300
vt 0.133300 0.141800
vt 0.067200 0.167900
vt 0.067200 0.132700
vt 0.038000 0.158100
vt 0.038000 0.146600
vt 0.016500 0.147400
vt 0.134700 0.149200
vt 0.133300 0.141800
vt 0.105600 0.127300
vt 0.108200 0.170400
vt 0.067200 0.132700
vt 0.067200 0.167900
vt 0.038000 0.146600
vt 0.038000 0.158100
vt 0.016500 0.147400
vt 0.964900 0.188000
vt 0.962800 0.111400
vt 0.886400 0.104600
vt 0.879600 0.200200
vt 0.887900 0.009700
vt 0.787500 0.027900
vt 0.779900 0.099900
vt 0.731500 0.095300
vt 0.971200 0.034200
vt 0.782200 0.168600
vt 0.991800 0.117500
vt 0.964900 0.188000
vt 0.962800 0.111400
vt 0.886400 0.104600
vt 0.879600 0.200200
vt 0.887900 0.009700
vt 0.787500 0.027900
vt 0.779900 0.099900
vt 0.731500 0.095300
vt 0.971200 0.034200
vt 0.782200 0.168600
vt 0.964900 0.188000
vt 0.962800 0.111400
vt 0.886400 0.104600
vt 0.879600 0.200200
vt 0.887900 0.009700
vt 0.787500 0.027900
vt 0.779900 0.099900
vt 0.731500 0.095300
vt 0.971200 0.034200
vt 0.782200 0.168600
vt 0.964900 0.188000
vt 0.962800 0.111400
vt 0.886400 0.104600
vt 0.879600 0.200200
vt 0.887900 0.009700
vt 0.787500 0.027900
vt 0.779900 0.099900
vt 0.731500 0.095300
vt 0.971200 0.034200
vt 0.782200 0.168600
vt 0.964900 0.188000
vt 0.962800 0.111400
vt 0.886400 0.104600
vt 0.879600 0.200200
vt 0.887900 0.009700
vt 0.787500 0.027900
vt 0.779900 0.099900
vt 0.731500 0.095300
vt 0.971200 0.034200
vt 0.782200 0.168600
vt 0.134700 0.149200
vt 0.108200 0.170400
vt 0.105600 0.127300
vt 0.133300 0.141800
vt 0.067200 0.167900
vt 0.067200 0.132700
vt 0.038000 0.158100
vt 0.038000 0.146600
vt 0.016500 0.147400
vt 0.134700 0.149200
vt 0.133300 0.141800
vt 0.105600 0.127300
vt 0.108200 0.170400
vt 0.067200 0.132700
vt 0.067200 0.167900
vt 0.038000 0.146600
vt 0.038000 0.158100
vt 0.016500 0.147400
vt 0.611700 0.380900
vt 0.595500 0.359800
vt 0.621000 0.315700
vt 0.647400 0.319200
vt 0.607900 0.266500
vt 0.629100 0.250300
vt 0.563900 0.241000
vt 0.567400 0.214600
vt 0.514700 0.254100
vt 0.498500 0.232900
vt 0.555100 0.306900
vt 0.593000 0.312000
vt 0.578300 0.337300
vt 0.585500 0.283700
vt 0.560100 0.269000
vt 0.531800 0.276500
vt 0.542800 0.399200
vt 0.546300 0.372800
vt 0.481100 0.363500
vt 0.502200 0.347300
vt 0.462700 0.294600
vt 0.489100 0.298100
vt 0.550000 0.344800
vt 0.524700 0.330100
vt 0.517200 0.301800
vt 0.399200 0.970800
vt 0.436600 0.940600
vt 0.381400 0.910500
vt 0.441700 0.892700
vt 0.411500 0.855300
vt 0.363600 0.850200
vt 0.351300 0.965700
vt 0.321100 0.928300
vt 0.326200 0.880400
vt 0.964900 0.188000
vt 0.879600 0.200200
vt 0.886400 0.104600
vt 0.962800 0.111400
vt 0.887900 0.009700
vt 0.779900 0.099900
vt 0.787500 0.027900
vt 0.731500 0.095300
vt 0.971200 0.034200
vt 0.782200 0.168600
vt 0.991800 0.117500
vt 0.964900 0.188000
vt 0.879600 0.200200
vt 0.886400 0.104600
vt 0.962800 0.111400
vt 0.887900 0.009700
vt 0.779900 0.099900
vt 0.787500 0.027900
vt 0.731500 0.095300
vt 0.971200 0.034200
vt 0.782200 0.168600
vt 0.964900 0.188000
vt 0.879600 0.200200
vt 0.886400 0.104600
vt 0.962800 0.111400
vt 0.887900 0.009700
vt 0.779900 0.099900
vt 0.787500 0.027900
vt 0.731500 0.095300
vt 0.971200 0.034200
vt 0.782200 0.168600
vt 0.964900 0.188000
vt 0.879600 0.200200
vt 0.886400 0.104600
vt 0.962800 0.111400
vt 0.887900 0.009700
vt 0.779900 0.099900
vt 0.787500 0.027900
vt 0.731500 0.095300
vt 0.971200 0.034200
vt 0.782200 0.168600
vt 0.964900 0.188000
vt 0.879600 0.200200
vt 0.886400 0.104600
vt 0.962800 0.111400
vt 0.887900 0.009700
vt 0.779900 0.099900
vt 0.787500 0.027900
vt 0.731500 0.095300
vt 0.971200 0.034200
vt 0.782200 0.168600
vt 0.134700 0.149200
vt 0.108200 0.170400
vt 0.105600 0.127300
vt 0.133300 0.141800
vt 0.067200 0.167900
vt 0.067200 0.132700
vt 0.038000 0.158100
vt 0.038000 0.146600
vt 0.016500 0.147400
vt 0.134700 0.149200
vt 0.133300 0.141800
vt 0.105600 0.127300
vt 0.108200 0.170400
vt 0.067200 0.132700
vt 0.067200 0.167900
vt 0.038000 0.146600
vt 0.038000 0.158100
vt 0.016500 0.147400
vt 0.134700 0.149200
vt 0.108200 0.170400
vt 0.105600 0.127300
vt 0.133300 0.141800
vt 0.067200 0.167900
vt 0.067200 0.132700
vt 0.038000 0.158100
vt 0.038000 0.146600
vt 0.016500 0.147400
vt 0.134700 0.149200
vt 0.133300 0.141800
vt 0.105600 0.127300
vt 0.108200 0.170400
vt 0.067200 0.132700
vt 0.067200 0.167900
vt 0.038000 0.146600
vt 0.038000 0.158100
vt 0.016500 0.147400
vt 0.134700 0.149200
vt 0.108200 0.170400
vt 0.105600 0.127300
vt 0.133300 0.141800
vt 0.067200 0.167900
vt 0.067200 0.132700
vt 0.038000 0.158100
vt 0.038000 0.146600
vt 0.016500 0.147400
vt 0.134700 0.149200
vt 0.133300 0.141800
vt 0.105600 0.127300
vt 0.108200 0.170400
vt 0.067200 0.132700
vt 0.067200 0.167900
vt 0.038000 0.146600
vt 0.038000 0.158100
vt 0.016500 0.147400
vt 0.134700 0.149200
vt 0.108200 0.170400
vt 0.105600 0.127300
vt 0.133300 0.141800
vt 0.067200 0.167900
vt 0.067200 0.132700
vt 0.038000 0.158100
vt 0.038000 0.146600
vt 0.016500 0.147400
vt 0.134700 0.149200
vt 0.133300 0.141800
vt 0.105600 0.127300
vt 0.108200 0.170400
vt 0.067200 0.132700
vt 0.067200 0.167900
vt 0.038000 0.146600
vt 0.038000 0.158100
vt 0.016500 0.147400
vt 0.964900 0.188000
vt 0.962800 0.111400
vt 0.886400 0.104600
vt 0.879600 0.200200
vt 0.887900 0.009700
vt 0.787500 0.027900
vt 0.779900 0.099900
vt 0.731500 0.095300
vt 0.971200 0.034200
vt 0.782200 0.168600
vt 0.991800 0.117500
vt 0.964900 0.188000
vt 0.962800 0.111400
vt 0.886400 0.104600
vt 0.879600 0.200200
vt 0.887900 0.009700
vt 0.787500 0.027900
vt 0.779900 0.099900
vt 0.731500 0.095300
vt 0.971200 0.034200
vt 0.782200 0.168600
vt 0.964900 0.188000
vt 0.962800 0.111400
vt 0.886400 0.104600
vt 0.879600 0.200200
vt 0.887900 0.009700
vt 0.787500 0.027900
vt 0.779900 0.099900
vt 0.731500 0.095300
vt 0.971200 0.034200
vt 0.782200 0.168600
vt 0.964900 0.188000
vt 0.962800 0.111400
vt 0.886400 0.104600
vt 0.879600 0.200200
vt 0.887900 0.009700
vt 0.787500 0.027900
vt 0.779900 0.099900
vt 0.731500 0.095300
vt 0.971200 0.034200
vt 0.782200 0.168600
vt 0.964900 0.188000
vt 0.962800 0.111400
vt 0.886400 0.104600
vt 0.879600 0.200200
vt 0.887900 0.009700
vt 0.787500 0.027900
vt 0.779900 0.099900
vt 0.731500 0.095300
vt 0.971200 0.034200
vt 0.782200 0.168600
vt 0.134700 0.149200
vt 0.108200 0.170400
vt 0.105600 0.127300
vt 0.133300 0.141800
vt 0.067200 0.167900
vt 0.067200 0.132700
vt 0.038000 0.158100
vt 0.038000 0.146600
vt 0.016500 0.147400
vt 0.443800 0.164900
vt 0.391500 0.160700
vt 0.391800 0.152300
vt 0.444600 0.153800
vt 0.443000 0.176200
vt 0.390600 0.169100
vt 0.444500 0.142600
vt 0.391300 0.143900
vt 0.390600 0.135500
vt 0.443300 0.131400
vt 0.134700 0.149200
vt 0.133300 0.141800
vt 0.105600 0.127300
vt 0.108200 0.170400
vt 0.067200 0.132700
vt 0.067200 0.167900
vt 0.038000 0.146600
vt 0.038000 0.158100
vt 0.016500 0.147400
vt 0.252700 0.136500
vt 0.237200 0.136300
vt 0.227900 0.110700
vt 0.239600 0.100700
vt 0.252700 0.136500
vt 0.237200 0.136300
vt 0.227900 0.110700
vt 0.239600 0.100700
vt 0.252700 0.136500
vt 0.237200 0.136300
vt 0.227900 0.110700
vt 0.239600 0.100700
vt 0.252700 0.136500
vt 0.237200 0.136300
vt 0.227900 0.110700
vt 0.239600 0.100700
vt 0.198500 0.135900
vt 0.215400 0.121400
vt 0.220800 0.136100
vt 0.215400 0.121400
vt 0.220800 0.136100
vt 0.215400 0.121400
vt 0.220800 0.136100
vt 0.215400 0.121400
vt 0.220800 0.136100
vt 0.239600 0.100700
vt 0.252700 0.136500
vt 0.237200 0.136300
vt 0.227900 0.110700
vt 0.239600 0.100700
vt 0.252700 0.136500
vt 0.237200 0.136300
vt 0.227900 0.110700
vt 0.239600 0.100700
vt 0.252700 0.136500
vt 0.237200 0.136300
vt 0.227900 0.110700
vt 0.239600 0.100700
vt 0.252700 0.136500
vt 0.237200 0.136300
vt 0.227900 0.110700
vt 0.215400 0.121400
vt 0.220800 0.136100
vt 0.215400 0.121400
vt 0.220800 0.136100
vt 0.215400 0.121400
vt 0.220800 0.136100
vt 0.215400 0.121400
vt 0.220800 0.136100
vt 0.302100 0.108900
vt 0.305400 0.106200
vt 0.300600 0.103600
vt 0.305800 0.102000
vt 0.303200 0.098700
vt 0.299000 0.098300
vt 0.297900 0.108400
vt 0.295300 0.105100
vt 0.295700 0.100900
vt 0.134700 0.149200
vt 0.108200 0.170400
vt 0.105600 0.127300
vt 0.133300 0.141800
vt 0.067200 0.167900
vt 0.067200 0.132700
vt 0.038000 0.158100
vt 0.038000 0.146600
vt 0.016500 0.147400
vt 0.134700 0.149200
vt 0.133300 0.141800
vt 0.105600 0.127300
vt 0.108200 0.170400
vt 0.067200 0.132700
vt 0.067200 0.167900
vt 0.038000 0.146600
vt 0.038000 0.158100
vt 0.016500 0.147400
vt 0.134700 0.149200
vt 0.108200 0.170400
vt 0.105600 0.127300
vt 0.133300 0.141800
vt 0.067200 0.167900
vt 0.067200 0.132700
vt 0.038000 0.158100
vt 0.038000 0.146600
vt 0.016500 0.147400
vt 0.134700 0.149200
vt 0.133300 0.141800
vt 0.105600 0.127300
vt 0.108200 0.170400
vt 0.067200 0.132700
vt 0.067200 0.167900
vt 0.038000 0.146600
vt 0.038000 0.158100
vt 0.016500 0.147400
vt 0.134700 0.149200
vt 0.108200 0.170400
vt 0.105600 0.127300
vt 0.133300 0.141800
vt 0.067200 0.167900
vt 0.067200 0.132700
vt 0.038000 0.158100
vt 0.038000 0.146600
vt 0.016500 0.147400
vt 0.134700 0.149200
vt 0.133300 0.141800
vt 0.105600 0.127300
vt 0.108200 0.170400
vt 0.067200 0.132700
vt 0.067200 0.167900
vt 0.038000 0.146600
vt 0.038000 0.158100
vt 0.016500 0.147400
vt 0.134700 0.149200
vt 0.108200 0.170400
vt 0.105600 0.127300
vt 0.133300 0.141800
vt 0.067200 0.167900
vt 0.067200 0.132700
vt 0.038000 0.158100
vt 0.038000 0.146600
vt 0.016500 0.147400
vt 0.134700 0.149200
vt 0.133300 0.141800
vt 0.105600 0.127300
vt 0.108200 0.170400
vt 0.067200 0.132700
vt 0.067200 0.167900
vt 0.038000 0.146600
vt 0.038000 0.158100
vt 0.016500 0.147400
vt 0.339200 0.156500
vt 0.339100 0.150700
vt 0.338100 0.162000
vt 0.338000 0.145200
vt 0.337900 0.139600
vt 0.134700 0.149200
vt 0.108200 0.170400
vt 0.105600 0.127300
vt 0.133300 0.141800
vt 0.067200 0.167900
vt 0.067200 0.132700
vt 0.038000 0.158100
vt 0.038000 0.146600
vt 0.016500 0.147400
vt 0.443800 0.164900
vt 0.391500 0.160700
vt 0.391800 0.152300
vt 0.444600 0.153800
vt 0.443000 0.176200
vt 0.390600 0.169100
vt 0.444500 0.142600
vt 0.391300 0.143900
vt 0.390600 0.135500
vt 0.443300 0.131400
vt 0.134700 0.149200
vt 0.133300 0.141800
vt 0.105600 0.127300
vt 0.108200 0.170400
vt 0.067200 0.132700
vt 0.067200 0.167900
vt 0.038000 0.146600
vt 0.038000 0.158100
vt 0.016500 0.147400
vt 0.252700 0.136500
vt 0.237200 0.136300
vt 0.227900 0.110700
vt 0.239600 0.100700
vt 0.252700 0.136500
vt 0.237200 0.136300
vt 0.227900 0.110700
vt 0.239600 0.100700
vt 0.252700 0.136500
vt 0.237200 0.136300
vt 0.227900 0.110700
vt 0.239600 0.100700
vt 0.252700 0.136500
vt 0.237200 0.136300
vt 0.227900 0.110700
vt 0.239600 0.100700
vt 0.198500 0.135900
vt 0.215400 0.121400
vt 0.220800 0.136100
vt 0.215400 0.121400
vt 0.220800 0.136100
vt 0.215400 0.121400
vt 0.220800 0.136100
vt 0.215400 0.121400
vt 0.220800 0.136100
vt 0.239600 0.100700
vt 0.252700 0.136500
vt 0.237200 0.136300
vt 0.227900 0.110700
vt 0.239600 0.100700
vt 0.252700 0.136500
vt 0.237200 0.136300
vt 0.227900 0.110700
vt 0.239600 0.100700
vt 0.252700 0.136500
vt 0.237200 0.136300
vt 0.227900 0.110700
vt 0.239600 0.100700
vt 0.252700 0.136500
vt 0.237200 0.136300
vt 0.227900 0.110700
vt 0.215400 0.121400
vt 0.220800 0.136100
vt 0.215400 0.121400
vt 0.220800 0.136100
vt 0.215400 0.121400
vt 0.220800 0.136100
vt 0.215400 0.121400
vt 0.220800 0.136100
vt 0.302100 0.108900
vt 0.305400 0.106200
vt 0.300600 0.103600
vt 0.305800 0.102000
vt 0.303200 0.098700
vt 0.299000 0.098300
vt 0.297900 0.108400
vt 0.295300 0.105100
vt 0.295700 0.100900
vt 0.134700 0.149200
vt 0.108200 0.170400
vt 0.105600 0.127300
vt 0.133300 0.141800
vt 0.067200 0.167900
vt 0.067200 0.132700
vt 0.038000 0.158100
vt 0.038000 0.146600
vt 0.016500 0.147400
vt 0.134700 0.149200
vt 0.133300 0.141800
vt 0.105600 0.127300
vt 0.108200 0.170400
vt 0.067200 0.132700
vt 0.067200 0.167900
vt 0.038000 0.146600
vt 0.038000 0.158100
vt 0.016500 0.147400
vt 0.134700 0.149200
vt 0.108200 0.170400
vt 0.105600 0.127300
vt 0.133300 0.141800
vt 0.067200 0.167900
vt 0.067200 0.132700
vt 0.038000 0.158100
vt 0.038000 0.146600
vt 0.016500 0.147400
vt 0.134700 0.149200
vt 0.133300 0.141800
vt 0.105600 0.127300
vt 0.108200 0.170400
vt 0.067200 0.132700
vt 0.067200 0.167900
vt 0.038000 0.146600
vt 0.038000 0.158100
vt 0.016500 0.147400
vt 0.134700 0.149200
vt 0.108200 0.170400
vt 0.105600 0.127300
vt 0.133300 0.141800
vt 0.067200 0.167900
vt 0.067200 0.132700
vt 0.038000 0.158100
vt 0.038000 0.146600
vt 0.016500 0.147400
vt 0.134700 0.149200
vt 0.133300 0.141800
vt 0.105600 0.127300
vt 0.108200 0.170400
vt 0.067200 0.132700
vt 0.067200 0.167900
vt 0.038000 0.146600
vt 0.038000 0.158100
vt 0.016500 0.147400
vt 0.134700 0.149200
vt 0.108200 0.170400
vt 0.105600 0.127300
vt 0.133300 0.141800
vt 0.067200 0.167900
vt 0.067200 0.132700
vt 0.038000 0.158100
vt 0.038000 0.146600
vt 0.016500 0.147400
vt 0.134700 0.149200
vt 0.133300 0.141800
vt 0.105600 0.127300
vt 0.108200 0.170400
vt 0.067200 0.132700
vt 0.067200 0.167900
vt 0.038000 0.146600
vt 0.038000 0.158100
vt 0.016500 0.147400
vt 0.339200 0.156500
vt 0.339100 0.150700
vt 0.338100 0.162000
vt 0.338000 0.145200
vt 0.337900 0.139600
vt 0.338000 0.145200
vt 0.339100 0.150700
vt 0.333600 0.151700
vt 0.332600 0.146200
vt 0.443800 0.164900
vt 0.391500 0.160700
vt 0.391800 0.152300
vt 0.444600 0.153800
vt 0.443000 0.176200
vt 0.390600 0.169100
vt 0.444500 0.142600
vt 0.391300 0.143900
vt 0.390600 0.135500
vt 0.443300 0.131400
vt 0.339200 0.156500
vt 0.338100 0.162000
vt 0.337900 0.139600
vt 0.338000 0.145200
vt 0.339100 0.150700
vt 0.333600 0.151700
vt 0.332600 0.146200
vt 0.443800 0.164900
vt 0.391500 0.160700
vt 0.391800 0.152300
vt 0.444600 0.153800
vt 0.443000 0.176200
vt 0.390600 0.169100
vt 0.444500 0.142600
vt 0.391300 0.143900
vt 0.390600 0.135500
vt 0.443300 0.131400
vt 0.339200 0.156500
vt 0.338100 0.162000
vt 0.337900 0.139600
vt 0.134700 0.149200
vt 0.108200 0.170400
vt 0.105600 0.127300
vt 0.133300 0.141800
vt 0.067200 0.167900
vt 0.067200 0.132700
vt 0.038000 0.158100
vt 0.038000 0.146600
vt 0.016500 0.147400
vt 0.134700 0.149200
vt 0.133300 0.141800
vt 0.105600 0.127300
vt 0.108200 0.170400
vt 0.067200 0.132700
vt 0.067200 0.167900
vt 0.038000 0.146600
vt 0.038000 0.158100
vt 0.016500 0.147400
vt 0.611700 0.380900
vt 0.595500 0.359800
vt 0.621000 0.315700
vt 0.647400 0.319200
vt 0.607900 0.266500
vt 0.629100 0.250300
vt 0.563900 0.241000
vt 0.567400 0.214600
vt 0.514700 0.254100
vt 0.498500 0.232900
vt 0.555100 0.306900
vt 0.593000 0.312000
vt 0.578300 0.337300
vt 0.585500 0.283700
vt 0.560100 0.269000
vt 0.531800 0.276500
vt 0.542800 0.399200
vt 0.546300 0.372800
vt 0.481100 0.363500
vt 0.502200 0.347300
vt 0.462700 0.294600
vt 0.489100 0.298100
vt 0.550000 0.344800
vt 0.524700 0.330100
vt 0.517200 0.301800
vt 0.399200 0.970800
vt 0.436600 0.940600
vt 0.381400 0.910500
vt 0.441700 0.892700
vt 0.411500 0.855300
vt 0.363600 0.850200
vt 0.351300 0.965700
vt 0.321100 0.928300
vt 0.326200 0.880400
vt 0.964900 0.188000
vt 0.879600 0.200200
vt 0.886400 0.104600
vt 0.962800 0.111400
vt 0.887900 0.009700
vt 0.779900 0.099900
vt 0.787500 0.027900
vt 0.731500 0.095300
vt 0.971200 0.034200
vt 0.782200 0.168600
vt 0.991800 0.117500
vt 0.964900 0.188000
vt 0.879600 0.200200
vt 0.886400 0.104600
vt 0.962800 0.111400
vt 0.887900 0.009700
vt 0.779900 0.099900
vt 0.787500 0.027900
vt 0.731500 0.095300
vt 0.971200 0.034200
vt 0.782200 0.168600
vt 0.964900 0.188000
vt 0.879600 0.200200
vt 0.886400 0.104600
vt 0.962800 0.111400
vt 0.887900 0.009700
vt 0.779900 0.099900
vt 0.787500 0.027900
vt 0.731500 0.095300
vt 0.971200 0.034200
vt 0.782200 0.168600
vt 0.964900 0.188000
vt 0.879600 0.200200
vt 0.886400 0.104600
vt 0.962800 0.111400
vt 0.887900 0.009700
vt 0.779900 0.099900
vt 0.787500 0.027900
vt 0.731500 0.095300
vt 0.971200 0.034200
vt 0.782200 0.168600
vt 0.964900 0.188000
vt 0.879600 0.200200
vt 0.886400 0.104600
vt 0.962800 0.111400
vt 0.887900 0.009700
vt 0.779900 0.099900
vt 0.787500 0.027900
vt 0.731500 0.095300
vt 0.971200 0.034200
vt 0.782200 0.168600
vt 0.134700 0.149200
vt 0.108200 0.170400
vt 0.105600 0.127300
vt 0.133300 0.141800
vt 0.067200 0.167900
vt 0.067200 0.132700
vt 0.038000 0.158100
vt 0.038000 0.146600
vt 0.016500 0.147400
vt 0.134700 0.149200
vt 0.133300 0.141800
vt 0.105600 0.127300
vt 0.108200 0.170400
vt 0.067200 0.132700
vt 0.067200 0.167900
vt 0.038000 0.146600
vt 0.038000 0.158100
vt 0.016500 0.147400
vt 0.134700 0.149200
vt 0.108200 0.170400
vt 0.105600 0.127300
vt 0.133300 0.141800
vt 0.067200 0.167900
vt 0.067200 0.132700
vt 0.038000 0.158100
vt 0.038000 0.146600
vt 0.016500 0.147400
vt 0.134700 0.149200
vt 0.133300 0.141800
vt 0.105600 0.127300
vt 0.108200 0.170400
vt 0.067200 0.132700
vt 0.067200 0.167900
vt 0.038000 0.146600
vt 0.038000 0.158100
vt 0.016500 0.147400
vt 0.134700 0.149200
vt 0.108200 0.170400
vt 0.105600 0.127300
vt 0.133300 0.141800
vt 0.067200 0.167900
vt 0.067200 0.132700
vt 0.038000 0.158100
vt 0.038000 0.146600
vt 0.016500 0.147400
vt 0.134700 0.149200
vt 0.133300 0.141800
vt 0.105600 0.127300
vt 0.108200 0.170400
vt 0.067200 0.132700
vt 0.067200 0.167900
vt 0.038000 0.146600
vt 0.038000 0.158100
vt 0.016500 0.147400
vt 0.134700 0.149200
vt 0.108200 0.170400
vt 0.105600 0.127300
vt 0.133300 0.141800
vt 0.067200 0.167900
vt 0.067200 0.132700
vt 0.038000 0.158100
vt 0.038000 0.146600
vt 0.016500 0.147400
vt 0.134700 0.149200
vt 0.133300 0.141800
vt 0.105600 0.127300
vt 0.108200 0.170400
vt 0.067200 0.132700
vt 0.067200 0.167900
vt 0.038000 0.146600
vt 0.038000 0.158100
vt 0.016500 0.147400
vt 0.964900 0.188000
vt 0.962800 0.111400
vt 0.886400 0.104600
vt 0.879600 0.200200
vt 0.887900 0.009700
vt 0.787500 0.027900
vt 0.779900 0.099900
vt 0.731500 0.095300
vt 0.971200 0.034200
vt 0.782200 0.168600
vt 0.991800 0.117500
vt 0.964900 0.188000
vt 0.962800 0.111400
vt 0.886400 0.104600
vt 0.879600 0.200200
vt 0.887900 0.009700
vt 0.787500 0.027900
vt 0.779900 0.099900
vt 0.731500 0.095300
vt 0.971200 0.034200
vt 0.782200 0.168600
vt 0.964900 0.188000
vt 0.962800 0.111400
vt 0.886400 0.104600
vt 0.879600 0.200200
vt 0.887900 0.009700
vt 0.787500 0.027900
vt 0.779900 0.099900
vt 0.731500 0.095300
vt 0.971200 0.034200
vt 0.782200 0.168600
vt 0.964900 0.188000
vt 0.962800 0.111400
vt 0.886400 0.104600
vt 0.879600 0.200200
vt 0.887900 0.009700
vt 0.787500 0.027900
vt 0.779900 0.099900
vt 0.731500 0.095300
vt 0.971200 0.034200
vt 0.782200 0.168600
vt 0.964900 0.188000
vt 0.962800 0.111400
vt 0.886400 0.104600
vt 0.879600 0.200200
vt 0.887900 0.009700
vt 0.787500 0.027900
vt 0.779900 0.099900
vt 0.731500 0.095300
vt 0.971200 0.034200
vt 0.782200 0.168600
vt 0.338000 0.145200
vt 0.339100 0.150700
vt 0.333600 0.151700
vt 0.332600 0.146200
vt 0.443800 0.164900
vt 0.391500 0.160700
vt 0.391800 0.152300
vt 0.444600 0.153800
vt 0.443000 0.176200
vt 0.390600 0.169100
vt 0.444500 0.142600
vt 0.391300 0.143900
vt 0.390600 0.135500
vt 0.443300 0.131400
vt 0.339200 0.156500
vt 0.338100 0.162000
vt 0.337900 0.139600
vt 0.134700 0.149200
vt 0.108200 0.170400
vt 0.105600 0.127300
vt 0.133300 0.141800
vt 0.067200 0.167900
vt 0.067200 0.132700
vt 0.038000 0.158100
vt 0.038000 0.146600
vt 0.016500 0.147400
vt 0.134700 0.149200
vt 0.133300 0.141800
vt 0.105600 0.127300
vt 0.108200 0.170400
vt 0.067200 0.132700
vt 0.067200 0.167900
vt 0.038000 0.146600
vt 0.038000 0.158100
vt 0.016500 0.147400
vt 0.611700 0.380900
vt 0.595500 0.359800
vt 0.621000 0.315700
vt 0.647400 0.319200
vt 0.607900 0.266500
vt 0.629100 0.250300
vt 0.563900 0.241000
vt 0.567400 0.214600
vt 0.514700 0.254100
vt 0.498500 0.232900
vt 0.555100 0.306900
vt 0.593000 0.312000
vt 0.578300 0.337300
vt 0.585500 0.283700
vt 0.560100 0.269000
vt 0.531800 0.276500
vt 0.542800 0.399200
vt 0.546300 0.372800
vt 0.481100 0.363500
vt 0.502200 0.347300
vt 0.462700 0.294600
vt 0.489100 0.298100
vt 0.550000 0.344800
vt 0.524700 0.330100
vt 0.517200 0.301800
vt 0.399200 0.970800
vt 0.436600 0.940600
vt 0.381400 0.910500
vt 0.441700 0.892700
vt 0.411500 0.855300
vt 0.363600 0.850200
vt 0.351300 0.965700
vt 0.321100 0.928300
vt 0.326200 0.880400
vt 0.964900 0.188000
vt 0.879600 0.200200
vt 0.886400 0.104600
vt 0.962800 0.111400
vt 0.887900 0.009700
vt 0.779900 0.099900
vt 0.787500 0.027900
vt 0.731500 0.095300
vt 0.971200 0.034200
vt 0.782200 0.168600
vt 0.991800 0.117500
vt 0.964900 0.188000
vt 0.879600 0.200200
vt 0.886400 0.104600
vt 0.962800 0.111400
vt 0.887900 0.009700
vt 0.779900 0.099900
vt 0.787500 0.027900
vt 0.731500 0.095300
vt 0.971200 0.034200
vt 0.782200 0.168600
vt 0.964900 0.188000
vt 0.879600 0.200200
vt 0.886400 0.104600
vt 0.962800 0.111400
vt 0.887900 0.009700
vt 0.779900 0.099900
vt 0.787500 0.027900
vt 0.731500 0.095300
vt 0.971200 0.034200
vt 0.782200 0.168600
vt 0.964900 0.188000
vt 0.879600 0.200200
vt 0.886400 0.104600
vt 0.962800 0.111400
vt 0.887900 0.009700
vt 0.779900 0.099900
vt 0.787500 0.027900
vt 0.731500 0.095300
vt 0.971200 0.034200
vt 0.782200 0.168600
vt 0.964900 0.188000
vt 0.879600 0.200200
vt 0.886400 0.104600
vt 0.962800 0.111400
vt 0.887900 0.009700
vt 0.779900 0.099900
vt 0.787500 0.027900
vt 0.731500 0.095300
vt 0.971200 0.034200
vt 0.782200 0.168600
vt 0.134700 0.149200
vt 0.108200 0.170400
vt 0.105600 0.127300
vt 0.133300 0.141800
vt 0.067200 0.167900
vt 0.067200 0.132700
vt 0.038000 0.158100
vt 0.038000 0.146600
vt 0.016500 0.147400
vt 0.134700 0.149200
vt 0.133300 0.141800
vt 0.105600 0.127300
vt 0.108200 0.170400
vt 0.067200 0.132700
vt 0.067200 0.167900
vt 0.038000 0.146600
vt 0.038000 0.158100
vt 0.016500 0.147400
vt 0.134700 0.149200
vt 0.108200 0.170400
vt 0.105600 0.127300
vt 0.133300 0.141800
vt 0.067200 0.167900
vt 0.067200 0.132700
vt 0.038000 0.158100
vt 0.038000 0.146600
vt 0.016500 0.147400
vt 0.134700 0.149200
vt 0.133300 0.141800
vt 0.105600 0.127300
vt 0.108200 0.170400
vt 0.067200 0.132700
vt 0.067200 0.167900
vt 0.038000 0.146600
vt 0.038000 0.158100
vt 0.016500 0.147400
vt 0.134700 0.149200
vt 0.108200 0.170400
vt 0.105600 0.127300
vt 0.133300 0.141800
vt 0.067200 0.167900
vt 0.067200 0.132700
vt 0.038000 0.158100
vt 0.038000 0.146600
vt 0.016500 0.147400
vt 0.134700 0.149200
vt 0.133300 0.141800
vt 0.105600 0.127300
vt 0.108200 0.170400
vt 0.067200 0.132700
vt 0.067200 0.167900
vt 0.038000 0.146600
vt 0.038000 0.158100
vt 0.016500 0.147400
vt 0.134700 0.149200
vt 0.108200 0.170400
vt 0.105600 0.127300
vt 0.133300 0.141800
vt 0.067200 0.167900
vt 0.067200 0.132700
vt 0.038000 0.158100
vt 0.038000 0.146600
vt 0.016500 0.147400
vt 0.134700 0.149200
vt 0.133300 0.141800
vt 0.105600 0.127300
vt 0.108200 0.170400
vt 0.067200 0.132700
vt 0.067200 0.167900
vt 0.038000 0.146600
vt 0.038000 0.158100
vt 0.016500 0.147400
vt 0.964900 0.188000
vt 0.962800 0.111400
vt 0.886400 0.104600
vt 0.879600 0.200200
vt 0.887900 0.009700
vt 0.787500 0.027900
vt 0.779900 0.099900
vt 0.731500 0.095300
vt 0.971200 0.034200
vt 0.782200 0.168600
vt 0.991800 0.117500
vt 0.964900 0.188000
vt 0.962800 0.111400
vt 0.886400 0.104600
vt 0.879600 0.200200
vt 0.887900 0.009700
vt 0.787500 0.027900
vt 0.779900 0.099900
vt 0.731500 0.095300
vt 0.971200 0.034200
vt 0.782200 0.168600
vt 0.964900 0.188000
vt 0.962800 0.111400
vt 0.886400 0.104600
vt 0.879600 0.200200
vt 0.887900 0.009700
vt 0.787500 0.027900
vt 0.779900 0.099900
vt 0.731500 0.095300
vt 0.971200 0.034200
vt 0.782200 0.168600
vt 0.964900 0.188000
vt 0.962800 0.111400
vt 0.886400 0.104600
vt 0.879600 0.200200
vt 0.887900 0.009700
vt 0.787500 0.027900
vt 0.779900 0.099900
vt 0.731500 0.095300
vt 0.971200 0.034200
vt 0.782200 0.168600
vt 0.964900 0.188000
vt 0.962800 0.111400
vt 0.886400 0.104600
vt 0.879600 0.200200
vt 0.887900 0.009700
vt 0.787500 0.027900
vt 0.779900 0.099900
vt 0.731500 0.095300
vt 0.971200 0.034200
vt 0.782200 0.168600
vt 0.338000 0.145200
vt 0.339100 0.150700
vt 0.333600 0.151700
vt 0.443800 0.164900
vt 0.391500 0.160700
vt 0.391800 0.152300
vt 0.444600 0.153800
vt 0.443000 0.176200
vt 0.390600 0.169100
vt 0.444500 0.142600
vt 0.391300 0.143900
vt 0.390600 0.135500
vt 0.443300 0.131400
vt 0.339200 0.156500
vt 0.134700 0.149200
vt 0.108200 0.170400
vt 0.105600 0.127300
vt 0.133300 0.141800
vt 0.067200 0.167900
vt 0.067200 0.132700
vt 0.038000 0.158100
vt 0.038000 0.146600
vt 0.016500 0.147400
vt 0.134700 0.149200
vt 0.133300 0.141800
vt 0.105600 0.127300
vt 0.108200 0.170400
vt 0.067200 0.132700
vt 0.067200 0.167900
vt 0.038000 0.146600
vt 0.038000 0.158100
vt 0.016500 0.147400
vt 0.611700 0.380900
vt 0.595500 0.359800
vt 0.621000 0.315700
vt 0.647400 0.319200
vt 0.607900 0.266500
vt 0.629100 0.250300
vt 0.563900 0.241000
vt 0.567400 0.214600
vt 0.514700 0.254100
vt 0.498500 0.232900
vt 0.555100 0.306900
vt 0.593000 0.312000
vt 0.578300 0.337300
vt 0.585500 0.283700
vt 0.560100 0.269000
vt 0.531800 0.276500
vt 0.542800 0.399200
vt 0.546300 0.372800
vt 0.481100 0.363500
vt 0.502200 0.347300
vt 0.462700 0.294600
vt 0.489100 0.298100
vt 0.550000 0.344800
vt 0.524700 0.330100
vt 0.517200 0.301800
vt 0.399200 0.970800
vt 0.436600 0.940600
vt 0.381400 0.910500
vt 0.441700 0.892700
vt 0.411500 0.855300
vt 0.363600 0.850200
vt 0.351300 0.965700
vt 0.321100 0.928300
vt 0.326200 0.880400
vt 0.964900 0.188000
vt 0.879600 0.200200
vt 0.886400 0.104600
vt 0.962800 0.111400
vt 0.887900 0.009700
vt 0.779900 0.099900
vt 0.787500 0.027900
vt 0.731500 0.095300
vt 0.971200 0.034200
vt 0.782200 0.168600
vt 0.991800 0.117500
vt 0.964900 0.188000
vt 0.879600 0.200200
vt 0.886400 0.104600
vt 0.962800 0.111400
vt 0.887900 0.009700
vt 0.779900 0.099900
vt 0.787500 0.027900
vt 0.731500 0.095300
vt 0.971200 0.034200
vt 0.782200 0.168600
vt 0.964900 0.188000
vt 0.879600 0.200200
vt 0.886400 0.104600
vt 0.962800 0.111400
vt 0.887900 0.009700
vt 0.779900 0.099900
vt 0.787500 0.027900
vt 0.731500 0.095300
vt 0.971200 0.034200
vt 0.782200 0.168600
vt 0.964900 0.188000
vt 0.879600 0.200200
vt 0.886400 0.104600
vt 0.962800 0.111400
vt 0.887900 0.009700
vt 0.779900 0.099900
vt 0.787500 0.027900
vt 0.731500 0.095300
vt 0.971200 0.034200
vt 0.782200 0.168600
vt 0.964900 0.188000
vt 0.879600 0.200200
vt 0.886400 0.104600
vt 0.962800 0.111400
vt 0.887900 0.009700
vt 0.779900 0.099900
vt 0.787500 0.027900
vt 0.731500 0.095300
vt 0.971200 0.034200
vt 0.782200 0.168600
vt 0.134700 0.149200
vt 0.108200 0.170400
vt 0.105600 0.127300
vt 0.133300 0.141800
vt 0.067200 0.167900
vt 0.067200 0.132700
vt 0.038000 0.158100
vt 0.038000 0.146600
vt 0.016500 0.147400
vt 0.134700 0.149200
vt 0.133300 0.141800
vt 0.105600 0.127300
vt 0.108200 0.170400
vt 0.067200 0.132700
vt 0.067200 0.167900
vt 0.038000 0.146600
vt 0.038000 0.158100
vt 0.016500 0.147400
vt 0.134700 0.149200
vt 0.108200 0.170400
vt 0.105600 0.127300
vt 0.133300 0.141800
vt 0.067200 0.167900
vt 0.067200 0.132700
vt 0.038000 0.158100
vt 0.038000 0.146600
vt 0.016500 0.147400
vt 0.134700 0.149200
vt 0.133300 0.141800
vt 0.105600 0.127300
vt 0.108200 0.170400
vt 0.067200 0.132700
vt 0.067200 0.167900
vt 0.038000 0.146600
vt 0.038000 0.158100
vt 0.016500 0.147400
vt 0.134700 0.149200
vt 0.108200 0.170400
vt 0.105600 0.127300
vt 0.133300 0.141800
vt 0.067200 0.167900
vt 0.067200 0.132700
vt 0.038000 0.158100
vt 0.038000 0.146600
vt 0.016500 0.147400
vt 0.134700 0.149200
vt 0.133300 0.141800
vt 0.105600 0.127300
vt 0.108200 0.170400
vt 0.067200 0.132700
vt 0.067200 0.167900
vt 0.038000 0.146600
vt 0.038000 0.158100
vt 0.016500 0.147400
vt 0.134700 0.149200
vt 0.108200 0.170400
vt 0.105600 0.127300
vt 0.133300 0.141800
vt 0.067200 0.167900
vt 0.067200 0.132700
vt 0.038000 0.158100
vt 0.038000 0.146600
vt 0.016500 0.147400
vt 0.134700 0.149200
vt 0.133300 0.141800
vt 0.105600 0.127300
vt 0.108200 0.170400
vt 0.067200 0.132700
vt 0.067200 0.167900
vt 0.038000 0.146600
vt 0.038000 0.158100
vt 0.016500 0.147400
vt 0.964900 0.188000
vt 0.962800 0.111400
vt 0.886400 0.104600
vt 0.879600 0.200200
vt 0.887900 0.009700
vt 0.787500 0.027900
vt 0.779900 0.099900
vt 0.731500 0.095300
vt 0.971200 0.034200
vt 0.782200 0.168600
vt 0.991800 0.117500
vt 0.964900 0.188000
vt 0.962800 0.111400
vt 0.886400 0.104600
vt 0.879600 0.200200
vt 0.887900 0.009700
vt 0.787500 0.027900
vt 0.779900 0.099900
vt 0.731500 0.095300
vt 0.971200 0.034200
vt 0.782200 0.168600
vt 0.964900 0.188000
vt 0.962800 0.111400
vt 0.886400 0.104600
vt 0.879600 0.200200
vt 0.887900 0.009700
vt 0.787500 0.027900
vt 0.779900 0.099900
vt 0.731500 0.095300
vt 0.971200 0.034200
vt 0.782200 0.168600
vt 0.964900 0.188000
vt 0.962800 0.111400
vt 0.886400 0.104600
vt 0.879600 0.200200
vt 0.887900 0.009700
vt 0.787500 0.027900
vt 0.779900 0.099900
vt 0.731500 0.095300
vt 0.971200 0.034200
vt 0.782200 0.168600
vt 0.964900 0.188000
vt 0.962800 0.111400
vt 0.886400 0.104600
vt 0.879600 0.200200
vt 0.887900 0.009700
vt 0.787500 0.027900
vt 0.779900 0.099900
vt 0.731500 0.095300
vt 0.971200 0.034200
vt 0.782200 0.168600
vt 0.338000 0.145200
vt 0.339100 0.150700
vt 0.333600 0.151700
vt 0.332600 0.146200
vt 0.443800 0.164900
vt 0.391500 0.160700
vt 0.391800 0.152300
vt 0.444600 0.153800
vt 0.443000 0.176200
vt 0.390600 0.169100
vt 0.444500 0.142600
vt 0.391300 0.143900
vt 0.390600 0.135500
vt 0.443300 0.131400
vt 0.339200 0.156500
vt 0.338100 0.162000
vt 0.337900 0.139600
vt 0.134700 0.149200
vt 0.108200 0.170400
vt 0.105600 0.127300
vt 0.133300 0.141800
vt 0.067200 0.167900
vt 0.067200 0.132700
vt 0.038000 0.158100
vt 0.038000 0.146600
vt 0.016500 0.147400
vt 0.134700 0.149200
vt 0.133300 0.141800
vt 0.105600 0.127300
vt 0.108200 0.170400
vt 0.067200 0.132700
vt 0.067200 0.167900
vt 0.038000 0.146600
vt 0.038000 0.158100
vt 0.016500 0.147400
vt 0.611700 0.380900
vt 0.595500 0.359800
vt 0.621000 0.315700
vt 0.647400 0.319200
vt 0.607900 0.266500
vt 0.629100 0.250300
vt 0.563900 0.241000
vt 0.567400 0.214600
vt 0.514700 0.254100
vt 0.498500 0.232900
vt 0.555100 0.306900
vt 0.593000 0.312000
vt 0.578300 0.337300
vt 0.585500 0.283700
vt 0.560100 0.269000
vt 0.531800 0.276500
vt 0.542800 0.399200
vt 0.546300 0.372800
vt 0.481100 0.363500
vt 0.502200 0.347300
vt 0.462700 0.294600
vt 0.489100 0.298100
vt 0.550000 0.344800
vt 0.524700 0.330100
vt 0.517200 0.301800
vt 0.399200 0.970800
vt 0.436600 0.940600
vt 0.381400 0.910500
vt 0.441700 0.892700
vt 0.411500 0.855300
vt 0.363600 0.850200
vt 0.351300 0.965700
vt 0.321100 0.928300
vt 0.326200 0.880400
vt 0.964900 0.188000
vt 0.879600 0.200200
vt 0.886400 0.104600
vt 0.962800 0.111400
vt 0.887900 0.009700
vt 0.779900 0.099900
vt 0.787500 0.027900
vt 0.731500 0.095300
vt 0.971200 0.034200
vt 0.782200 0.168600
vt 0.991800 0.117500
vt 0.964900 0.188000
vt 0.879600 0.200200
vt 0.886400 0.104600
vt 0.962800 0.111400
vt 0.887900 0.009700
vt 0.779900 0.099900
vt 0.787500 0.027900
vt 0.731500 0.095300
vt 0.971200 0.034200
vt 0.782200 0.168600
vt 0.964900 0.188000
vt 0.879600 0.200200
vt 0.886400 0.104600
vt 0.962800 0.111400
vt 0.887900 0.009700
vt 0.779900 0.099900
vt 0.787500 0.027900
vt 0.731500 0.095300
vt 0.971200 0.034200
vt 0.782200 0.168600
vt 0.964900 0.188000
vt 0.879600 0.200200
vt 0.886400 0.104600
vt 0.962800 0.111400
vt 0.887900 0.009700
vt 0.779900 0.099900
vt 0.787500 0.027900
vt 0.731500 0.095300
vt 0.971200 0.034200
vt 0.782200 0.168600
vt 0.964900 0.188000
vt 0.879600 0.200200
vt 0.886400 0.104600
vt 0.962800 0.111400
vt 0.887900 0.009700
vt 0.779900 0.099900
vt 0.787500 0.027900
vt 0.731500 0.095300
vt 0.971200 0.034200
vt 0.782200 0.168600
vt 0.134700 0.149200
vt 0.108200 0.170400
vt 0.105600 0.127300
vt 0.133300 0.141800
vt 0.067200 0.167900
vt 0.067200 0.132700
vt 0.038000 0.158100
vt 0.038000 0.146600
vt 0.016500 0.147400
vt 0.134700 0.149200
vt 0.133300 0.141800
vt 0.105600 0.127300
vt 0.108200 0.170400
vt 0.067200 0.132700
vt 0.067200 0.167900
vt 0.038000 0.146600
vt 0.038000 0.158100
vt 0.016500 0.147400
vt 0.134700 0.149200
vt 0.108200 0.170400
vt 0.105600 0.127300
vt 0.133300 0.141800
vt 0.067200 0.167900
vt 0.067200 0.132700
vt 0.038000 0.158100
vt 0.038000 0.146600
vt 0.016500 0.147400
vt 0.134700 0.149200
vt 0.133300 0.141800
vt 0.105600 0.127300
vt 0.108200 0.170400
vt 0.067200 0.132700
vt 0.067200 0.167900
vt 0.038000 0.146600
vt 0.038000 0.158100
vt 0.016500 0.147400
vt 0.134700 0.149200
vt 0.108200 0.170400
vt 0.105600 0.127300
vt 0.133300 0.141800
vt 0.067200 0.167900
vt 0.067200 0.132700
vt 0.038000 0.158100
vt 0.038000 0.146600
vt 0.016500 0.147400
vt 0.134700 0.149200
vt 0.133300 0.141800
vt 0.105600 0.127300
vt 0.108200 0.170400
vt 0.067200 0.132700
vt 0.067200 0.167900
vt 0.038000 0.146600
vt 0.038000 0.158100
vt 0.016500 0.147400
vt 0.134700 0.149200
vt 0.108200 0.170400
vt 0.105600 0.127300
vt 0.133300 0.141800
vt 0.067200 0.167900
vt 0.067200 0.132700
vt 0.038000 0.158100
vt 0.038000 0.146600
vt 0.016500 0.147400
vt 0.134700 0.149200
vt 0.133300 0.141800
vt 0.105600 0.127300
vt 0.108200 0.170400
vt 0.067200 0.132700
vt 0.067200 0.167900
vt 0.038000 0.146600
vt 0.038000 0.158100
vt 0.016500 0.147400
vt 0.964900 0.188000
vt 0.962800 0.111400
vt 0.886400 0.104600
vt 0.879600 0.200200
vt 0.887900 0.009700
vt 0.787500 0.027900
vt 0.779900 0.099900
vt 0.731500 0.095300
vt 0.971200 0.034200
vt 0.782200 0.168600
vt 0.991800 0.117500
vt 0.964900 0.188000
vt 0.962800 0.111400
vt 0.886400 0.104600
vt 0.879600 0.200200
vt 0.887900 0.009700
vt 0.787500 0.027900
vt 0.779900 0.099900
vt 0.731500 0.095300
vt 0.971200 0.034200
vt 0.782200 0.168600
vt 0.964900 0.188000
vt 0.962800 0.111400
vt 0.886400 0.104600
vt 0.879600 0.200200
vt 0.887900 0.009700
vt 0.787500 0.027900
vt 0.779900 0.099900
vt 0.731500 0.095300
vt 0.971200 0.034200
vt 0.782200 0.168600
vt 0.964900 0.188000
vt 0.962800 0.111400
vt 0.886400 0.104600
vt 0.879600 0.200200
vt 0.887900 0.009700
vt 0.787500 0.027900
vt 0.779900 0.099900
vt 0.731500 0.095300
vt 0.971200 0.034200
vt 0.782200 0.168600
vt 0.964900 0.188000
vt 0.962800 0.111400
vt 0.886400 0.104600
vt 0.879600 0.200200
vt 0.887900 0.009700
vt 0.787500 0.027900
vt 0.779900 0.099900
vt 0.731500 0.095300
vt 0.971200 0.034200
vt 0.782200 0.168600
vt 0.338000 0.145200
vt 0.339100 0.150700
vt 0.333600 0.151700
vt 0.332600 0.146200
vt 0.443800 0.164900
vt 0.391500 0.160700
vt 0.391800 0.152300
vt 0.444600 0.153800
vt 0.443000 0.176200
vt 0.390600 0.169100
vt 0.444500 0.142600
vt 0.391300 0.143900
vt 0.390600 0.135500
vt 0.443300 0.131400
vt 0.339200 0.156500
vt 0.338100 0.162000
vt 0.337900 0.139600
vt 0.134700 0.149200
vt 0.108200 0.170400
vt 0.105600 0.127300
vt 0.133300 0.141800
vt 0.067200 0.167900
vt 0.067200 0.132700
vt 0.038000 0.158100
vt 0.038000 0.146600
vt 0.016500 0.147400
vt 0.134700 0.149200
vt 0.133300 0.141800
vt 0.105600 0.127300
vt 0.108200 0.170400
vt 0.067200 0.132700
vt 0.067200 0.167900
vt 0.038000 0.146600
vt 0.038000 0.158100
vt 0.016500 0.147400
vt 0.611700 0.380900
vt 0.595500 0.359800
vt 0.621000 0.315700
vt 0.647400 0.319200
vt 0.607900 0.266500
vt 0.629100 0.250300
vt 0.563900 0.241000
vt 0.567400 0.214600
vt 0.514700 0.254100
vt 0.498500 0.232900
vt 0.555100 0.306900
vt 0.593000 0.312000
vt 0.578300 0.337300
vt 0.585500 0.283700
vt 0.560100 0.269000
vt 0.531800 0.276500
vt 0.542800 0.399200
vt 0.546300 0.372800
vt 0.481100 0.363500
vt 0.502200 0.347300
vt 0.462700 0.294600
vt 0.489100 0.298100
vt 0.550000 0.344800
vt 0.524700 0.330100
vt 0.517200 0.301800
vt 0.399200 0.970800
vt 0.436600 0.940600
vt 0.381400 0.910500
vt 0.441700 0.892700
vt 0.411500 0.855300
vt 0.363600 0.850200
vt 0.351300 0.965700
vt 0.321100 0.928300
vt 0.326200 0.880400
vt 0.964900 0.188000
vt 0.879600 0.200200
vt 0.886400 0.104600
vt 0.962800 0.111400
vt 0.887900 0.009700
vt 0.779900 0.099900
vt 0.787500 0.027900
vt 0.731500 0.095300
vt 0.971200 0.034200
vt 0.782200 0.168600
vt 0.991800 0.117500
vt 0.964900 0.188000
vt 0.879600 0.200200
vt 0.886400 0.104600
vt 0.962800 0.111400
vt 0.887900 0.009700
vt 0.779900 0.099900
vt 0.787500 0.027900
vt 0.731500 0.095300
vt 0.971200 0.034200
vt 0.782200 0.168600
vt 0.964900 0.188000
vt 0.879600 0.200200
vt 0.886400 0.104600
vt 0.962800 0.111400
vt 0.887900 0.009700
vt 0.779900 0.099900
vt 0.787500 0.027900
vt 0.731500 0.095300
vt 0.971200 0.034200
vt 0.782200 0.168600
vt 0.964900 0.188000
vt 0.879600 0.200200
vt 0.886400 0.104600
vt 0.962800 0.111400
vt 0.887900 0.009700
vt 0.779900 0.099900
vt 0.787500 0.027900
vt 0.731500 0.095300
vt 0.971200 0.034200
vt 0.782200 0.168600
vt 0.964900 0.188000
vt 0.879600 0.200200
vt 0.886400 0.104600
vt 0.962800 0.111400
vt 0.887900 0.009700
vt 0.779900 0.099900
vt 0.787500 0.027900
vt 0.731500 0.095300
vt 0.971200 0.034200
vt 0.782200 0.168600
vt 0.134700 0.149200
vt 0.108200 0.170400
vt 0.105600 0.127300
vt 0.133300 0.141800
vt 0.067200 0.167900
vt 0.067200 0.132700
vt 0.038000 0.158100
vt 0.038000 0.146600
vt 0.016500 0.147400
vt 0.134700 0.149200
vt 0.133300 0.141800
vt 0.105600 0.127300
vt 0.108200 0.170400
vt 0.067200 0.132700
vt 0.067200 0.167900
vt 0.038000 0.146600
vt 0.038000 0.158100
vt 0.016500 0.147400
vt 0.134700 0.149200
vt 0.108200 0.170400
vt 0.105600 0.127300
vt 0.133300 0.141800
vt 0.067200 0.167900
vt 0.067200 0.132700
vt 0.038000 0.158100
vt 0.038000 0.146600
vt 0.016500 0.147400
vt 0.134700 0.149200
vt 0.133300 0.141800
vt 0.105600 0.127300
vt 0.108200 0.170400
vt 0.067200 0.132700
vt 0.067200 0.167900
vt 0.038000 0.146600
vt 0.038000 0.158100
vt 0.016500 0.147400
vt 0.134700 0.149200
vt 0.108200 0.170400
vt 0.105600 0.127300
vt 0.133300 0.141800
vt 0.067200 0.167900
vt 0.067200 0.132700
vt 0.038000 0.158100
vt 0.038000 0.146600
vt 0.016500 0.147400
vt 0.134700 0.149200
vt 0.133300 0.141800
vt 0.105600 0.127300
vt 0.108200 0.170400
vt 0.067200 0.132700
vt 0.067200 0.167900
vt 0.038000 0.146600
vt 0.038000 0.158100
vt 0.016500 0.147400
vt 0.134700 0.149200
vt 0.108200 0.170400
vt 0.105600 0.127300
vt 0.133300 0.141800
vt 0.067200 0.167900
vt 0.067200 0.132700
vt 0.038000 0.158100
vt 0.038000 0.146600
vt 0.016500 0.147400
vt 0.134700 0.149200
vt 0.133300 0.141800
vt 0.105600 0.127300
vt 0.108200 0.170400
vt 0.067200 0.132700
vt 0.067200 0.167900
vt 0.038000 0.146600
vt 0.038000 0.158100
vt 0.016500 0.147400
vt 0.964900 0.188000
vt 0.962800 0.111400
vt 0.886400 0.104600
vt 0.879600 0.200200
vt 0.887900 0.009700
vt 0.787500 0.027900
vt 0.779900 0.099900
vt 0.731500 0.095300
vt 0.971200 0.034200
vt 0.782200 0.168600
vt 0.991800 0.117500
vt 0.964900 0.188000
vt 0.962800 0.111400
vt 0.886400 0.104600
vt 0.879600 0.200200
vt 0.887900 0.009700
vt 0.787500 0.027900
vt 0.779900 0.099900
vt 0.731500 0.095300
vt 0.971200 0.034200
vt 0.782200 0.168600
vt 0.964900 0.188000
vt 0.962800 0.111400
vt 0.886400 0.104600
vt 0.879600 0.200200
vt 0.887900 0.009700
vt 0.787500 0.027900
vt 0.779900 0.099900
vt 0.731500 0.095300
vt 0.971200 0.034200
vt 0.782200 0.168600
vt 0.964900 0.188000
vt 0.962800 0.111400
vt 0.886400 0.104600
vt 0.879600 0.200200
vt 0.887900 0.009700
vt 0.787500 0.027900
vt 0.779900 0.099900
vt 0.731500 0.095300
vt 0.971200 0.034200
vt 0.782200 0.168600
vt 0.964900 0.188000
vt 0.962800 0.111400
vt 0.886400 0.104600
vt 0.879600 0.200200
vt 0.887900 0.009700
vt 0.787500 0.027900
vt 0.779900 0.099900
vt 0.731500 0.095300
vt 0.971200 0.034200
vt 0.782200 0.168600
vt 0.338000 0.145200
vt 0.339100 0.150700
vt 0.333600 0.151700
vt 0.332600 0.146200
vt 0.443800 0.164900
vt 0.391500 0.160700
vt 0.391800 0.152300
vt 0.444600 0.153800
vt 0.443000 0.176200
vt 0.390600 0.169100
vt 0.444500 0.142600
vt 0.391300 0.143900
vt 0.390600 0.135500
vt 0.443300 0.131400
vt 0.339200 0.156500
vt 0.338100 0.162000
vt 0.337900 0.139600
vn -0.0000 -0.9962 -0.0872
vn 0.0000 0.0158 -0.9999
vn 0.9974 -0.0711 -0.0062
vn -0.9974 -0.0711 -0.0062
vn 0.0000 -0.1581 0.9874
vn -0.0857 -0.2234 -0.9709
vn -0.0306 -0.2505 -0.9676
vn 0.9300 -0.3300 -0.1619
vn 0.9772 -0.2111 0.0216
vn -0.9582 0.2812 0.0535
vn -0.9306 0.2267 -0.2875
vn 0.0756 0.2764 0.9581
vn 0.0891 0.3477 0.9334
vn 0.0038 0.2700 -0.9629
vn 0.9743 0.2229 0.0325
vn -0.9778 0.2072 0.0314
vn 0.0031 0.1614 0.9869
vn -0.1648 -0.0002 -0.9863
vn 0.9996 -0.0284 0.0026
vn -0.9988 0.0467 0.0114
vn 0.0997 -0.0293 0.9946
vn -0.0571 -0.0671 -0.9961
vn 0.9892 -0.1452 0.0200
vn -0.9847 0.1677 0.0467
vn 0.0022 0.0932 0.9956
vn 0.5065 0.4981 0.7038
vn 0.9402 -0.3297 0.0849
vn 0.4856 0.1322 -0.8641
vn 0.0250 0.9786 -0.2043
vn 0.1334 -0.0412 -0.9902
vn 0.5997 -0.7762 0.1945
vn -0.5715 0.8132 -0.1097
vn -0.1284 0.1302 0.9831
vn 0.1908 -0.2577 -0.9472
vn -0.0228 -0.9996 0.0167
vn 0.0913 0.9915 0.0929
vn -0.2608 -0.2359 0.9361
vn -0.3898 0.2605 0.8833
vn -0.4445 0.2060 0.8717
vn -0.3998 0.2303 0.8872
vn -0.5326 0.2647 0.8040
vn -0.5267 0.3227 0.7864
vn -0.4564 0.2917 0.8406
vn -0.4713 0.3626 0.8040
vn -0.5506 0.2959 0.7806
vn -0.3657 0.3098 0.8777
vn -0.3963 0.1544 0.9050
vn -0.3776 0.2082 0.9023
vn -0.4671 0.1170 0.8764
vn -0.5418 0.0757 0.8371
vn -0.5404 0.1363 0.8303
vn -0.4910 0.0397 0.8703
vn -0.5626 0.1008 0.8206
vn -0.4026 0.1847 0.8965
vn -0.3783 0.1044 0.9198
vn -0.5967 0.1962 0.7782
vn 0.3898 -0.2605 -0.8833
vn 0.3998 -0.2303 -0.8872
vn 0.4445 -0.2060 -0.8717
vn 0.4564 -0.2917 -0.8406
vn 0.5267 -0.3227 -0.7864
vn 0.5326 -0.2647 -0.8040
vn 0.4713 -0.3626 -0.8040
vn 0.5506 -0.2958 -0.7806
vn 0.3657 -0.3098 -0.8777
vn 0.3963 -0.1544 -0.9050
vn 0.3776 -0.2082 -0.9023
vn 0.5404 -0.1363 -0.8303
vn 0.5418 -0.0757 -0.8371
vn 0.4671 -0.1170 -0.8764
vn 0.4911 -0.0397 -0.8702
vn 0.5626 -0.1008 -0.8206
vn 0.3783 -0.1045 -0.9198
vn 0.4026 -0.1847 -0.8965
vn 0.5967 -0.1962 -0.7782
vn -0.3986 0.5294 -0.7489
vn -0.9548 -0.2481 -0.1637
vn -0.5444 0.1866 0.8178
vn 0.0433 0.9801 0.1939
vn -0.2337 -0.0040 0.9723
vn -0.6444 -0.7218 -0.2525
vn 0.6388 0.7533 0.1567
vn 0.2514 0.1047 -0.9622
vn 0.5298 -0.0127 -0.8480
vn 0.5489 -0.0865 -0.8314
vn 0.5235 -0.0440 -0.8509
vn 0.6494 -0.0761 -0.7567
vn 0.6721 -0.0221 -0.7402
vn 0.5998 -0.0166 -0.8000
vn 0.6455 0.0391 -0.7628
vn 0.6788 -0.0570 -0.7321
vn 0.5332 0.0423 -0.8449
vn 0.4839 -0.1088 -0.8683
vn 0.4944 -0.0528 -0.8676
vn 0.5242 -0.1751 -0.8334
vn 0.5652 -0.2460 -0.7874
vn 0.5938 -0.1925 -0.7812
vn 0.5057 -0.2536 -0.8246
vn 0.5944 -0.2338 -0.7694
vn 0.5038 -0.0853 -0.8596
vn 0.4443 -0.1439 -0.8842
vn 0.6685 -0.1660 -0.7249
vn -0.5298 0.0126 0.8480
vn -0.5235 0.0440 0.8509
vn -0.5489 0.0865 0.8314
vn -0.5998 0.0166 0.8000
vn -0.6721 0.0221 0.7402
vn -0.6493 0.0762 0.7567
vn -0.6454 -0.0392 0.7628
vn -0.6789 0.0569 0.7320
vn -0.5332 -0.0423 0.8449
vn -0.4839 0.1088 0.8683
vn -0.4944 0.0528 0.8676
vn -0.5938 0.1926 0.7812
vn -0.5652 0.2460 0.7874
vn -0.5242 0.1750 0.8334
vn -0.5057 0.2536 0.8246
vn -0.5945 0.2338 0.7694
vn -0.4443 0.1439 0.8842
vn -0.5038 0.0853 0.8596
vn -0.6685 0.1661 0.7249
vn 0.8185 0.4982 0.2860
vn 0.8190 -0.3295 -0.4697
vn -0.0980 0.1321 -0.9864
vn -0.0968 0.9786 -0.1817
vn -0.4669 -0.0715 -0.8814
vn 0.6260 -0.7592 -0.1782
vn -0.5635 0.7994 0.2081
vn 0.4470 0.1796 0.8763
vn -0.3874 -0.0802 -0.9184
vn 0.7488 -0.6344 -0.1919
vn 0.8436 -0.5369 0.0085
vn -0.7590 0.5876 0.2804
vn -0.7127 0.6692 0.2106
vn 0.3159 0.1504 0.9368
vn 0.0960 0.6679 0.7380
vn 0.0780 0.6107 0.7880
vn 0.1057 0.6443 0.7574
vn -0.0476 0.6105 0.7906
vn -0.0808 0.6486 0.7568
vn 0.0120 0.6618 0.7496
vn -0.0521 0.6975 0.7147
vn -0.0876 0.6206 0.7792
vn 0.0860 0.7078 0.7012
vn 0.1540 0.5928 0.7905
vn 0.1397 0.6373 0.7579
vn 0.1075 0.5380 0.8360
vn 0.0542 0.4737 0.8790
vn 0.0226 0.5195 0.8542
vn 0.1244 0.4686 0.8746
vn 0.0190 0.4825 0.8757
vn 0.1306 0.6120 0.7800
vn 0.1982 0.5622 0.8029
vn -0.0732 0.5327 0.8432
vn -0.0960 -0.6679 -0.7380
vn -0.1057 -0.6443 -0.7574
vn -0.0780 -0.6107 -0.7880
vn -0.0120 -0.6618 -0.7495
vn 0.0808 -0.6487 -0.7568
vn 0.0475 -0.6104 -0.7906
vn 0.0521 -0.6975 -0.7147
vn 0.0876 -0.6207 -0.7791
vn -0.0860 -0.7078 -0.7012
vn -0.1540 -0.5928 -0.7905
vn -0.1397 -0.6373 -0.7579
vn -0.0227 -0.5195 -0.8542
vn -0.0542 -0.4737 -0.8790
vn -0.1075 -0.5380 -0.8360
vn -0.1244 -0.4687 -0.8746
vn -0.0190 -0.4825 -0.8757
vn -0.1982 -0.5623 -0.8028
vn -0.1306 -0.6120 -0.7800
vn 0.0731 -0.5327 -0.8432
vn -0.5101 0.7037 -0.4945
vn -0.4850 0.7550 -0.4413
vn -0.4883 0.7253 -0.4853
vn -0.5684 0.7456 -0.3478
vn -0.6152 0.7066 -0.3498
vn -0.5626 0.7075 -0.4277
vn -0.6278 0.6647 -0.4051
vn -0.6014 0.7297 -0.3253
vn -0.5424 0.6638 -0.5150
vn -0.4216 0.7658 -0.4855
vn -0.4605 0.7294 -0.5058
vn -0.4169 0.8098 -0.4129
vn -0.4092 0.8511 -0.3288
vn -0.4613 0.8208 -0.3369
vn -0.3583 0.8537 -0.3778
vn -0.4387 0.8440 -0.3087
vn -0.4503 0.7520 -0.4814
vn -0.3710 0.7841 -0.4975
vn -0.5334 0.7999 -0.2749
vn 0.5101 -0.7037 0.4945
vn 0.4883 -0.7253 0.4852
vn 0.4851 -0.7550 0.4412
vn 0.5626 -0.7075 0.4277
vn 0.6152 -0.7065 0.3498
vn 0.5685 -0.7456 0.3478
vn 0.6278 -0.6646 0.4051
vn 0.6013 -0.7298 0.3253
vn 0.5423 -0.6638 0.5149
vn 0.4216 -0.7658 0.4855
vn 0.4605 -0.7294 0.5058
vn 0.4613 -0.8208 0.3369
vn 0.4091 -0.8512 0.3288
vn 0.4168 -0.8098 0.4129
vn 0.3584 -0.8537 0.3778
vn 0.4386 -0.8440 0.3087
vn 0.3709 -0.7841 0.4975
vn 0.4503 -0.7520 0.4814
vn 0.5334 -0.7999 0.2751
vn 0.2662 -0.6486 0.7130
vn 0.3001 -0.6914 0.6572
vn 0.2924 -0.6558 0.6960
vn 0.2071 -0.7629 0.6124
vn 0.1501 -0.7590 0.6335
vn 0.2115 -0.7037 0.6783
vn 0.1316 -0.7156 0.6860
vn 0.1670 -0.7771 0.6068
vn 0.2245 -0.6296 0.7437
vn 0.3648 -0.6489 0.6677
vn 0.3207 -0.6363 0.7016
vn 0.3739 -0.7041 0.6037
vn 0.3796 -0.7596 0.5281
vn 0.3265 -0.7632 0.5576
vn 0.4317 -0.7164 0.5481
vn 0.3483 -0.7776 0.5235
vn 0.3348 -0.6559 0.6765
vn 0.4154 -0.6301 0.6560
vn 0.2437 -0.8090 0.5349
vn -0.2662 0.6486 -0.7130
vn -0.2924 0.6558 -0.6960
vn -0.3001 0.6914 -0.6572
vn -0.2115 0.7037 -0.6783
vn -0.1501 0.7590 -0.6335
vn -0.2072 0.7629 -0.6124
vn -0.1316 0.7156 -0.6860
vn -0.1670 0.7771 -0.6068
vn -0.2244 0.6297 -0.7437
vn -0.3648 0.6489 -0.6677
vn -0.3207 0.6364 -0.7016
vn -0.3265 0.7632 -0.5576
vn -0.3796 0.7596 -0.5281
vn -0.3739 0.7041 -0.6037
vn -0.4316 0.7164 -0.5481
vn -0.3482 0.7776 -0.5235
vn -0.4153 0.6301 -0.6561
vn -0.3347 0.6559 -0.6765
vn -0.2437 0.8091 -0.5348
vn -0.7196 0.6327 -0.2861
vn -0.8638 -0.1825 0.4697
vn 0.1194 0.1132 0.9864
vn 0.2651 0.9469 0.1817
vn 0.4474 -0.1515 0.8814
vn -0.7483 -0.6389 0.1782
vn 0.6938 0.6894 -0.2081
vn -0.4090 0.2545 -0.8763
vn 0.3599 -0.1506 0.9208
vn -0.8498 -0.4929 0.1868
vn -0.9185 -0.3944 0.0289
vn 0.8659 0.4388 -0.2402
vn 0.8185 0.5346 -0.2103
vn -0.2951 0.1964 -0.9350
vn 0.0215 0.6745 -0.7380
vn 0.0292 0.6150 -0.7880
vn 0.0078 0.6529 -0.7574
vn 0.1528 0.5929 -0.7906
vn 0.1922 0.6248 -0.7568
vn 0.1031 0.6539 -0.7495
vn 0.1724 0.6779 -0.7147
vn 0.1940 0.5960 -0.7792
vn 0.0382 0.7120 -0.7012
vn -0.0487 0.6105 -0.7905
vn -0.0270 0.6519 -0.7579
vn -0.0124 0.5485 -0.8360
vn 0.0289 0.4759 -0.8790
vn 0.0679 0.5155 -0.8542
vn -0.0412 0.4831 -0.8746
vn 0.0651 0.4785 -0.8757
vn -0.0223 0.6254 -0.7800
vn -0.0977 0.5881 -0.8028
vn 0.1645 0.5119 -0.8432
vn -0.0215 -0.6745 0.7380
vn -0.0078 -0.6529 0.7574
vn -0.0292 -0.6150 0.7880
vn -0.1031 -0.6539 0.7495
vn -0.1922 -0.6248 0.7568
vn -0.1528 -0.5929 0.7906
vn -0.1724 -0.6778 0.7147
vn -0.1941 -0.5961 0.7791
vn -0.0382 -0.7119 0.7012
vn 0.0487 -0.6105 0.7905
vn 0.0270 -0.6518 0.7579
vn -0.0679 -0.5155 0.8542
vn -0.0289 -0.4759 0.8790
vn 0.0124 -0.5485 0.8360
vn 0.0412 -0.4831 0.8746
vn -0.0651 -0.4785 0.8757
vn 0.0976 -0.5882 0.8028
vn 0.0223 -0.6254 0.7800
vn -0.1645 -0.5119 0.8431
vn 0.6246 0.6044 0.4945
vn 0.6088 0.6593 0.4413
vn 0.6068 0.6295 0.4852
vn 0.6893 0.6356 0.3478
vn 0.7285 0.5890 0.3498
vn 0.6769 0.5990 0.4277
vn 0.7337 0.5455 0.4051
vn 0.7189 0.6143 0.3252
vn 0.6494 0.5596 0.5150
vn 0.5482 0.6810 0.4855
vn 0.5802 0.6384 0.5058
vn 0.5511 0.7251 0.4129
vn 0.5507 0.7672 0.3288
vn 0.5968 0.7282 0.3369
vn 0.5012 0.7785 0.3778
vn 0.5786 0.7549 0.3087
vn 0.5740 0.6624 0.4814
vn 0.5015 0.7078 0.4975
vn 0.6642 0.6951 0.2750
vn -0.6246 -0.6044 -0.4945
vn -0.6068 -0.6295 -0.4853
vn -0.6088 -0.6593 -0.4413
vn -0.6769 -0.5990 -0.4277
vn -0.7285 -0.5890 -0.3498
vn -0.6893 -0.6355 -0.3478
vn -0.7337 -0.5455 -0.4052
vn -0.7189 -0.6143 -0.3252
vn -0.6493 -0.5596 -0.5149
vn -0.5482 -0.6810 -0.4855
vn -0.5802 -0.6384 -0.5058
vn -0.5968 -0.7282 -0.3369
vn -0.5507 -0.7672 -0.3288
vn -0.5511 -0.7251 -0.4129
vn -0.5011 -0.7786 -0.3777
vn -0.5786 -0.7549 -0.3087
vn -0.5016 -0.7077 -0.4975
vn -0.5740 -0.6624 -0.4814
vn -0.6642 -0.6951 -0.2751
vn -0.3748 -0.5925 -0.7130
vn -0.4156 -0.6287 -0.6572
vn -0.4019 -0.5951 -0.6960
vn -0.3365 -0.7154 -0.6124
vn -0.2797 -0.7214 -0.6335
vn -0.3305 -0.6563 -0.6783
vn -0.2538 -0.6819 -0.6860
vn -0.2995 -0.7364 -0.6067
vn -0.3305 -0.5811 -0.7437
vn -0.4719 -0.5757 -0.6677
vn -0.4263 -0.5710 -0.7016
vn -0.4904 -0.6285 -0.6037
vn -0.5058 -0.6821 -0.5281
vn -0.4540 -0.6949 -0.5576
vn -0.5496 -0.6305 -0.5482
vn -0.4780 -0.7053 -0.5235
vn -0.4436 -0.5878 -0.6765
vn -0.5184 -0.5485 -0.6561
vn -0.3805 -0.7544 -0.5350
vn 0.3748 0.5926 0.7130
vn 0.4019 0.5951 0.6960
vn 0.4156 0.6287 0.6572
vn 0.3305 0.6563 0.6783
vn 0.2796 0.7214 0.6335
vn 0.3365 0.7154 0.6124
vn 0.2539 0.6819 0.6860
vn 0.2994 0.7363 0.6068
vn 0.3304 0.5811 0.7437
vn 0.4719 0.5757 0.6677
vn 0.4263 0.5710 0.7016
vn 0.4540 0.6949 0.5576
vn 0.5058 0.6821 0.5281
vn 0.4905 0.6285 0.6037
vn 0.5495 0.6305 0.5481
vn 0.4780 0.7053 0.5235
vn 0.5185 0.5484 0.6561
vn 0.4436 0.5878 0.6765
vn 0.3805 0.7544 0.5350
vn 0.2613 -0.1939 -0.9456
vn 0.1599 -0.3603 -0.9191
vn -0.8531 0.3176 -0.4140
vn -0.8695 0.3229 -0.3738
vn 0.8319 -0.4341 0.3457
vn 0.8625 -0.4535 0.2246
vn -0.3840 0.1214 0.9153
vn -0.2043 0.3455 0.9159
vn 0.9300 -0.3299 -0.1618
vn -0.1170 -0.2156 0.9695
vn 0.0293 -0.0278 0.9992
vn 0.8119 0.5797 0.0696
vn 0.7454 0.6444 0.1707
vn -0.6616 -0.7244 -0.1939
vn -0.7647 -0.6377 -0.0927
vn 0.1225 0.0589 -0.9907
vn 0.1512 0.0713 -0.9859
vn 0.0890 0.3477 0.9334
vn 0.9300 -0.3300 -0.1618
vn -0.8537 -0.5182 -0.0512
vn -0.4188 -0.9028 0.0980
vn -0.9306 0.2267 -0.2874
vn 0.1886 0.4032 -0.8954
vn 0.9300 -0.3299 -0.1619
vn 0.4887 0.7039 -0.5155
vn 0.3256 0.7717 -0.5464
vn -0.8332 0.5471 0.0805
vn -0.8363 0.4782 0.2682
vn 0.6603 -0.7357 -0.1508
vn 0.8539 -0.5008 -0.1419
vn -0.4118 -0.7948 0.4457
vn -0.4724 -0.7121 0.5194
vn 0.6506 -0.7500 0.1190
vn 0.6611 -0.7412 -0.1164
vn 0.6612 -0.7417 -0.1122
vn 0.6183 -0.6457 -0.4481
vn 0.6170 -0.6432 -0.4534
vn 0.4860 -0.4282 -0.7619
vn 0.4709 -0.4048 -0.7838
vn 0.3782 -0.2688 -0.8858
vn -0.6506 0.7501 -0.1189
vn -0.6612 0.7417 0.1122
vn -0.6611 0.7412 0.1165
vn -0.6170 0.6432 0.4534
vn -0.6183 0.6457 0.4481
vn -0.4708 0.4049 0.7838
vn -0.4859 0.4283 0.7619
vn -0.3781 0.2690 0.8858
vn 0.1827 -0.4760 0.8603
vn -0.3058 0.2010 0.9306
vn -0.8088 -0.1307 0.5733
vn -0.3123 -0.8024 0.5086
vn -0.9753 -0.1946 -0.1042
vn -0.4761 -0.8651 -0.1578
vn -0.7078 0.0469 -0.7049
vn -0.2128 -0.6276 -0.7489
vn -0.1629 0.4522 -0.8769
vn 0.3232 -0.2288 -0.9183
vn -0.5819 0.8106 0.0667
vn -0.8316 0.3999 0.3853
vn -0.5282 0.6000 0.6008
vn -0.9321 0.3615 -0.0234
vn -0.7707 0.5071 -0.3858
vn -0.4420 0.7516 -0.4896
vn 0.7188 -0.0772 0.6909
vn 0.2390 0.6062 0.7585
vn 0.9820 0.1604 0.0999
vn 0.5066 0.8476 0.1578
vn 0.8182 0.0975 -0.5667
vn 0.3401 0.7838 -0.5196
vn -0.1995 0.8445 0.4970
vn -0.0382 0.9902 0.1346
vn -0.1386 0.9517 -0.2741
vn 0.5819 -0.8105 -0.0667
vn -0.6582 0.7509 0.0543
vn -0.8082 0.5889 0.0052
vn -0.8171 0.5492 0.1755
vn -0.7381 0.6397 0.2143
vn -0.7990 0.4921 0.3455
vn -0.9793 0.1882 0.0749
vn -0.9403 0.1967 0.2778
vn -0.9954 0.0783 0.0560
vn -0.6494 0.6573 0.3825
vn -0.9508 0.2969 -0.0882
vn -0.5899 0.8051 0.0626
vn -0.6005 0.7991 -0.0285
vn -0.6065 0.7547 -0.2502
vn -0.7357 0.6402 -0.2211
vn -0.7440 0.6612 -0.0970
vn -0.8451 0.5025 -0.1825
vn -0.6586 0.4727 -0.5854
vn -0.7985 0.3611 -0.4818
vn -0.6257 0.4033 -0.6678
vn -0.8306 0.5556 0.0366
vn -0.5412 0.6296 -0.5575
vn -0.5146 0.8573 0.0135
vn -0.3324 0.9385 -0.0933
vn -0.4000 0.8832 -0.2450
vn -0.5077 0.8389 -0.1961
vn -0.4581 0.7976 -0.3924
vn -0.0281 0.9110 -0.4115
vn -0.1611 0.8237 -0.5437
vn 0.0726 0.8870 -0.4561
vn -0.6356 0.7213 -0.2753
vn -0.0226 0.9743 -0.2240
vn -0.5177 0.8454 0.1316
vn -0.3613 0.8862 0.2899
vn -0.2568 0.9521 0.1659
vn -0.3388 0.9382 0.0709
vn -0.1424 0.9893 0.0319
vn 0.0599 0.9058 0.4193
vn 0.1243 0.9648 0.2319
vn 0.1543 0.8695 0.4691
vn -0.3062 0.9447 -0.1172
vn -0.1075 0.8530 0.5108
vn -0.6118 0.7760 0.1530
vn -0.6723 0.6592 0.3370
vn -0.5371 0.7298 0.4230
vn -0.4978 0.8029 0.3279
vn -0.3805 0.7801 0.4966
vn -0.5682 0.4318 0.7005
vn -0.3999 0.5470 0.7354
vn -0.5501 0.3397 0.7629
vn -0.3303 0.8925 0.3072
vn -0.7127 0.4140 0.5663
vn 0.4130 -0.8986 -0.1479
vn 0.5431 -0.8388 0.0395
vn 0.5410 -0.8403 0.0361
vn 0.6704 -0.6712 0.3164
vn 0.6718 -0.6676 0.3210
vn 0.7059 -0.3821 0.5964
vn 0.7029 -0.3535 0.6172
vn 0.6712 -0.1904 0.7164
vn -0.4131 0.8986 0.1478
vn -0.5410 0.8402 -0.0361
vn -0.5431 0.8387 -0.0395
vn -0.6718 0.6676 -0.3209
vn -0.6704 0.6712 -0.3164
vn -0.7029 0.3536 -0.6172
vn -0.7059 0.3821 -0.5964
vn -0.6712 0.1905 -0.7164
vn 0.4704 -0.8774 0.0943
vn 0.6536 -0.7568 0.0077
vn 0.6505 -0.7594 0.0093
vn 0.8584 -0.5012 -0.1089
vn 0.8611 -0.4962 -0.1107
vn 0.9686 -0.1269 -0.2137
vn 0.9710 -0.0922 -0.2206
vn 0.9623 0.0983 -0.2535
vn -0.4704 0.8774 -0.0944
vn -0.6505 0.7594 -0.0094
vn -0.6535 0.7569 -0.0078
vn -0.8611 0.4962 0.1107
vn -0.8584 0.5012 0.1089
vn -0.9710 0.0922 0.2207
vn -0.9686 0.1269 0.2137
vn -0.9623 -0.0983 0.2535
vn 0.7309 -0.6736 -0.1101
vn 0.5539 -0.8130 -0.1798
vn 0.5574 -0.8108 -0.1786
vn 0.2407 -0.9310 -0.2744
vn 0.2350 -0.9320 -0.2759
vn -0.1550 -0.9218 -0.3554
vn -0.1891 -0.9134 -0.3605
vn -0.3700 -0.8475 -0.3805
vn -0.7309 0.6736 0.1101
vn -0.5574 0.8109 0.1785
vn -0.5539 0.8130 0.1797
vn -0.2350 0.9320 0.2758
vn -0.2407 0.9310 0.2743
vn 0.1890 0.9134 0.3606
vn 0.1550 0.9218 0.3554
vn 0.3699 0.8475 0.3806
vn 0.5698 -0.7760 -0.2705
vn 0.4833 -0.8724 -0.0733
vn 0.4851 -0.8710 -0.0769
vn 0.2992 -0.9294 0.2162
vn 0.2955 -0.9294 0.2209
vn 0.0306 -0.8597 0.5098
vn 0.0057 -0.8470 0.5316
vn -0.1295 -0.7588 0.6383
vn -0.5698 0.7761 0.2704
vn -0.4852 0.8710 0.0769
vn -0.4834 0.8723 0.0733
vn -0.2956 0.9294 -0.2209
vn -0.2993 0.9294 -0.2162
vn -0.0058 0.8469 -0.5317
vn -0.0307 0.8597 -0.5099
vn 0.1294 0.7587 -0.6384
vn 0.6582 -0.7509 -0.0544
vn 0.7381 -0.6397 -0.2142
vn 0.8171 -0.5492 -0.1755
vn 0.8082 -0.5888 -0.0053
vn 0.7990 -0.4922 -0.3454
vn 0.9403 -0.1968 -0.2778
vn 0.9793 -0.1883 -0.0749
vn 0.9954 -0.0783 -0.0560
vn 0.6494 -0.6573 -0.3825
vn 0.9508 -0.2969 0.0882
vn 0.5899 -0.8051 -0.0626
vn 0.6005 -0.7991 0.0286
vn 0.7440 -0.6612 0.0969
vn 0.7356 -0.6403 0.2211
vn 0.6065 -0.7547 0.2502
vn 0.8451 -0.5026 0.1825
vn 0.7984 -0.3611 0.4818
vn 0.6586 -0.4727 0.5854
vn 0.6256 -0.4032 0.6678
vn 0.8306 -0.5556 -0.0366
vn 0.5411 -0.6296 0.5575
vn 0.5146 -0.8574 -0.0135
vn 0.5076 -0.8390 0.1961
vn 0.3999 -0.8832 0.2450
vn 0.3324 -0.9385 0.0933
vn 0.4581 -0.7976 0.3924
vn 0.1611 -0.8237 0.5437
vn 0.0282 -0.9110 0.4115
vn -0.0725 -0.8870 0.4561
vn 0.6356 -0.7213 0.2753
vn 0.0227 -0.9743 0.2240
vn 0.5899 -0.8050 -0.0626
vn 0.5177 -0.8454 -0.1317
vn 0.3388 -0.9382 -0.0709
vn 0.2569 -0.9521 -0.1659
vn 0.3614 -0.8862 -0.2899
vn 0.1424 -0.9893 -0.0319
vn -0.1243 -0.9648 -0.2319
vn -0.0599 -0.9058 -0.4194
vn -0.1543 -0.8695 -0.4692
vn 0.3062 -0.9447 0.1172
vn 0.1076 -0.8529 -0.5108
vn 0.6118 -0.7761 -0.1530
vn 0.4978 -0.8029 -0.3279
vn 0.5371 -0.7298 -0.4230
vn 0.6722 -0.6592 -0.3370
vn 0.3805 -0.7801 -0.4966
vn 0.3999 -0.5470 -0.7355
vn 0.5681 -0.4319 -0.7005
vn 0.5501 -0.3398 -0.7628
vn 0.3303 -0.8925 -0.3072
vn 0.7126 -0.4140 -0.5663
vn -0.4048 -0.9066 0.1190
vn -0.3924 -0.9124 -0.1164
vn -0.3928 -0.9128 -0.1122
vn -0.3239 -0.8332 -0.4481
vn -0.3222 -0.8310 -0.4534
vn -0.1827 -0.6214 -0.7619
vn -0.1679 -0.5979 -0.7838
vn -0.0838 -0.4565 -0.8858
vn 0.4049 0.9066 -0.1189
vn 0.3928 0.9127 0.1122
vn 0.3924 0.9124 0.1164
vn 0.3222 0.8311 0.4534
vn 0.3239 0.8333 0.4481
vn 0.1679 0.5979 0.7838
vn 0.1827 0.6214 0.7619
vn 0.0838 0.4565 0.8858
vn -0.3542 -0.3668 0.8602
vn 0.0528 0.3621 0.9307
vn -0.4604 0.6778 0.5733
vn -0.8591 -0.0561 0.5086
vn -0.5886 0.8017 -0.1042
vn -0.9853 0.0658 -0.1579
vn -0.2567 0.6613 -0.7048
vn -0.6587 -0.0724 -0.7489
vn 0.3409 0.3388 -0.8769
vn -0.0708 -0.3897 -0.9182
vn 0.4887 0.8699 0.0667
vn 0.0110 0.9228 0.3852
vn 0.3206 0.7323 0.6008
vn -0.0663 0.9975 -0.0234
vn 0.1339 0.9128 -0.3858
vn 0.4944 0.7183 -0.4895
vn 0.2338 -0.6840 0.6910
vn 0.6504 0.0396 0.7586
vn 0.5603 -0.8223 0.0999
vn 0.9823 -0.1008 0.1578
vn 0.4342 -0.7003 -0.5667
vn 0.8541 0.0231 -0.5196
vn 0.6811 0.5377 0.4970
vn 0.8812 0.4531 0.1346
vn 0.8039 0.5279 -0.2740
vn -0.4887 -0.8699 -0.0667
vn 0.4024 0.9139 0.0544
vn 0.1921 0.9814 0.0053
vn 0.1524 0.9726 0.1755
vn 0.2679 0.9393 0.2143
vn 0.1084 0.9322 0.3454
vn -0.2433 0.9671 0.0749
vn -0.2190 0.9353 0.2778
vn -0.3497 0.9352 0.0559
vn 0.3212 0.8663 0.3825
vn -0.1328 0.9872 -0.0882
vn 0.4803 0.8748 0.0626
vn 0.4705 0.8820 -0.0285
vn 0.4277 0.8686 -0.2502
vn 0.2694 0.9373 -0.2211
vn 0.2848 0.9537 -0.0969
vn 0.0983 0.9783 -0.1825
vn 0.1501 0.7967 -0.5855
vn -0.0102 0.8762 -0.4818
vn 0.1010 0.7374 -0.6679
vn 0.1526 0.9876 0.0366
vn 0.3419 0.7565 -0.5575
vn 0.5595 0.8287 0.0135
vn 0.7101 0.6979 -0.0933
vn 0.6314 0.7357 -0.2450
vn 0.5458 0.8146 -0.1960
vn 0.5293 0.7522 -0.3924
vn 0.8137 0.4106 -0.4115
vn 0.6784 0.4941 -0.5437
vn 0.8345 0.3091 -0.4561
vn 0.3852 0.8808 -0.2753
vn 0.8734 0.4323 -0.2240
vn 0.4803 0.8749 0.0626
vn 0.5474 0.8265 0.1316
vn 0.6505 0.7020 0.2899
vn 0.7544 0.6352 0.1659
vn 0.7071 0.7036 0.0709
vn 0.8364 0.5472 0.0319
vn 0.8463 0.3286 0.4193
vn 0.9269 0.2950 0.2319
vn 0.8532 0.2277 0.4692
vn 0.7268 0.6768 -0.1172
vn 0.7276 0.4580 0.5108
vn 0.4448 0.8825 0.1530
vn 0.3133 0.8878 0.3370
vn 0.4345 0.7952 0.4230
vn 0.5174 0.7904 0.3279
vn 0.5462 0.6746 0.4966
vn 0.1513 0.6975 0.7005
vn 0.3267 0.5936 0.7354
vn 0.0754 0.6422 0.7628
vn 0.6693 0.6766 0.3071
vn 0.0740 0.8208 0.5663
vn -0.6399 -0.7541 -0.1478
vn -0.5306 -0.8467 0.0395
vn -0.5329 -0.8454 0.0361
vn -0.3250 -0.8912 0.3164
vn -0.3212 -0.8910 0.3209
vn -0.0481 -0.8012 0.5965
vn -0.0234 -0.7864 0.6172
vn 0.1110 -0.6887 0.7165
vn 0.6399 0.7541 0.1478
vn 0.5329 0.8454 -0.0361
vn 0.5306 0.8467 -0.0395
vn 0.3211 0.8910 -0.3209
vn 0.3250 0.8912 -0.3164
vn 0.0233 0.7865 -0.6172
vn 0.0479 0.8012 -0.5964
vn -0.1112 0.6888 -0.7164
vn -0.5964 -0.7971 0.0944
vn -0.4097 -0.9122 0.0077
vn -0.4133 -0.9105 0.0093
vn -0.0914 -0.9898 -0.1089
vn -0.0857 -0.9901 -0.1107
vn 0.2944 -0.9315 -0.2137
vn 0.3268 -0.9190 -0.2206
vn 0.4959 -0.8306 -0.2535
vn 0.5964 0.7971 -0.0944
vn 0.4133 0.9105 -0.0094
vn 0.4097 0.9122 -0.0078
vn 0.0858 0.9901 0.1107
vn 0.0915 0.9898 0.1089
vn -0.3268 0.9190 0.2206
vn -0.2944 0.9315 0.2137
vn -0.4958 0.8306 0.2535
vn -0.3016 -0.9471 -0.1101
vn -0.5027 -0.8456 -0.1797
vn -0.4993 -0.8478 -0.1785
vn -0.7421 -0.6116 -0.2743
vn -0.7454 -0.6069 -0.2758
vn -0.9009 -0.2491 -0.3554
vn -0.9077 -0.2147 -0.3605
vn -0.9245 -0.0229 -0.3805
vn 0.3016 0.9471 0.1100
vn 0.4993 0.8478 0.1785
vn 0.5027 0.8456 0.1797
vn 0.7454 0.6069 0.2759
vn 0.7421 0.6116 0.2744
vn 0.9077 0.2146 0.3605
vn 0.9009 0.2491 0.3554
vn 0.9245 0.0229 0.3804
vn -0.4625 -0.8444 -0.2705
vn -0.5863 -0.8067 -0.0733
vn -0.5844 -0.8078 -0.0769
vn -0.7158 -0.6640 0.2162
vn -0.7174 -0.6607 0.2209
vn -0.7663 -0.3911 0.5098
vn -0.7652 -0.3631 0.5316
vn -0.7425 -0.2032 0.6383
vn 0.4625 0.8444 0.2704
vn 0.5844 0.8078 0.0769
vn 0.5864 0.8067 0.0733
vn 0.7174 0.6607 -0.2209
vn 0.7158 0.6640 -0.2162
vn 0.7651 0.3632 -0.5317
vn 0.7662 0.3911 -0.5099
vn 0.7423 0.2034 -0.6385
vn -0.4024 -0.9139 -0.0543
vn -0.2680 -0.9393 -0.2143
vn -0.1524 -0.9726 -0.1756
vn -0.1921 -0.9814 -0.0053
vn -0.1083 -0.9322 -0.3454
vn 0.2190 -0.9353 -0.2778
vn 0.2432 -0.9671 -0.0749
vn 0.3497 -0.9352 -0.0560
vn -0.3212 -0.8663 -0.3825
vn 0.1328 -0.9872 0.0881
vn -0.3891 -0.9210 -0.0189
vn -0.4705 -0.8820 0.0286
vn -0.2848 -0.9537 0.0969
vn -0.2694 -0.9373 0.2211
vn -0.4277 -0.8686 0.2502
vn -0.0983 -0.9783 0.1825
vn 0.0102 -0.8762 0.4818
vn -0.1501 -0.7967 0.5855
vn -0.1011 -0.7373 0.6680
vn -0.1526 -0.9876 -0.0366
vn -0.3420 -0.7565 0.5575
vn -0.5595 -0.8287 -0.0135
vn -0.5459 -0.8146 0.1961
vn -0.6314 -0.7357 0.2450
vn -0.7101 -0.6979 0.0933
vn -0.5293 -0.7522 0.3924
vn -0.6784 -0.4941 0.5437
vn -0.8137 -0.4105 0.4115
vn -0.8345 -0.3091 0.4561
vn -0.3852 -0.8808 0.2752
vn -0.8735 -0.4323 0.2240
vn -0.5474 -0.8265 -0.1316
vn -0.7070 -0.7036 -0.0708
vn -0.7544 -0.6352 -0.1659
vn -0.6505 -0.7020 -0.2899
vn -0.8364 -0.5471 -0.0318
vn -0.9269 -0.2950 -0.2318
vn -0.8463 -0.3286 -0.4193
vn -0.8532 -0.2277 -0.4692
vn -0.7268 -0.6768 0.1172
vn -0.7276 -0.4579 -0.5108
vn -0.7643 -0.6074 -0.2166
vn -0.4448 -0.8825 -0.1530
vn -0.5174 -0.7905 -0.3278
vn -0.4345 -0.7952 -0.4230
vn -0.3134 -0.8878 -0.3370
vn -0.5462 -0.6746 -0.4966
vn -0.3268 -0.5937 -0.7354
vn -0.1513 -0.6975 -0.7005
vn -0.0754 -0.6422 -0.7628
vn -0.6693 -0.6766 -0.3072
vn -0.0741 -0.8208 -0.5663
vn -0.5603 -0.6569 -0.5045
vn -0.3818 -0.6488 -0.6583
vn -0.3852 -0.6492 -0.6558
vn -0.0769 -0.5801 -0.8109
vn -0.0715 -0.5784 -0.8126
vn 0.2927 -0.4237 -0.8572
vn 0.3238 -0.4070 -0.8541
vn 0.4856 -0.3068 -0.8186
vn 0.5604 0.6568 0.5045
vn 0.3852 0.6492 0.6558
vn 0.3818 0.6487 0.6583
vn 0.0715 0.5783 0.8127
vn 0.0770 0.5800 0.8110
vn -0.3238 0.4068 0.8542
vn -0.2927 0.4236 0.8573
vn -0.4856 0.3066 0.8187
vn -0.9420 -0.2494 0.2248
vn -0.5605 0.2311 0.7953
vn -0.5538 0.7612 0.3374
vn -0.9354 0.2723 -0.2257
vn -0.1118 0.9808 -0.1597
vn -0.5005 0.4884 -0.7148
vn 0.5066 0.7612 -0.4049
vn 0.1078 0.2722 -0.9562
vn 0.9390 0.2311 -0.2546
vn 0.5334 -0.2494 -0.8083
vn 0.4698 0.5736 0.6710
vn -0.0565 0.7980 0.6000
vn -0.0605 0.4783 0.8761
vn 0.2101 0.9305 0.3001
vn 0.5831 0.7980 0.1522
vn 0.8440 0.4783 0.2429
vn -0.5164 -0.7710 0.3727
vn -0.1280 -0.2991 0.9456
vn 0.0920 -0.9870 0.1314
vn 0.4904 -0.5187 0.7004
vn 0.5269 -0.7710 -0.3578
vn 0.9323 -0.2991 0.2032
vn 0.2004 0.1585 0.9668
vn 0.5734 0.0260 0.8189
vn 0.8400 0.1585 0.5190
vn -0.4698 -0.5736 -0.6710
vn 0.4339 0.6507 0.6231
vn 0.3509 0.8044 0.4793
vn 0.1991 0.7998 0.5662
vn 0.2369 0.7180 0.6545
vn 0.0372 0.7685 0.6387
vn 0.0177 0.9700 0.2424
vn -0.1225 0.9151 0.3842
vn -0.0443 0.9877 0.1498
vn 0.1310 0.6162 0.7766
vn 0.2124 0.9544 0.2098
vn 0.4686 0.5819 0.6647
vn 0.5306 0.5996 0.5991
vn 0.6619 0.6232 0.4165
vn 0.5554 0.7499 0.3594
vn 0.4784 0.7483 0.4595
vn 0.4272 0.8561 0.2908
vn 0.7119 0.7021 -0.0146
vn 0.5522 0.8335 -0.0185
vn 0.7267 0.6759 -0.1232
vn 0.3041 0.8243 0.4775
vn 0.8049 0.5825 0.1128
vn 0.5444 0.5106 0.6655
vn 0.6880 0.3374 0.6426
vn 0.7573 0.4168 0.5028
vn 0.6853 0.5203 0.5095
vn 0.8034 0.4865 0.3433
vn 0.9190 0.0593 0.3899
vn 0.9486 0.2024 0.2435
vn 0.9409 -0.0375 0.3365
vn 0.6558 0.6543 0.3766
vn 0.8254 0.0389 0.5631
vn 0.4498 0.5045 0.7370
vn 0.3709 0.3360 0.8658
vn 0.5122 0.2416 0.8242
vn 0.5675 0.3308 0.7540
vn 0.6419 0.1380 0.7543
vn 0.3136 -0.0942 0.9449
vn 0.4943 -0.1437 0.8573
vn 0.2579 -0.1921 0.9469
vn 0.7111 0.3131 0.6295
vn 0.2013 0.0656 0.9773
vn 0.3816 0.5967 0.7059
vn 0.1642 0.6426 0.7484
vn 0.1572 0.5009 0.8511
vn 0.2786 0.4692 0.8380
vn 0.1465 0.3390 0.9293
vn -0.2501 0.5104 0.8228
vn -0.1877 0.3398 0.9216
vn -0.3573 0.4877 0.7965
vn 0.3642 0.3038 0.8804
vn -0.1724 0.6651 0.7266
vn -0.4801 -0.3987 -0.7813
vn -0.5688 -0.5433 -0.6175
vn -0.5675 -0.5409 -0.6208
vn -0.6497 -0.6923 -0.3139
vn -0.6506 -0.6941 -0.3083
vn -0.6556 -0.7502 0.0859
vn -0.6515 -0.7489 0.1211
vn -0.6148 -0.7254 0.3097
vn 0.4801 0.3987 0.7813
vn 0.5675 0.5409 0.6208
vn 0.5688 0.5433 0.6175
vn 0.6506 0.6940 0.3082
vn 0.6498 0.6923 0.3139
vn 0.6515 0.7489 -0.1211
vn 0.6556 0.7502 -0.0860
vn 0.6148 0.7254 -0.3097
vn -0.6394 -0.4751 -0.6046
vn -0.4836 -0.6510 -0.5851
vn -0.4867 -0.6481 -0.5857
vn -0.2127 -0.8464 -0.4882
vn -0.2078 -0.8490 -0.4859
vn 0.1249 -0.9485 -0.2910
vn 0.1537 -0.9504 -0.2705
vn 0.3069 -0.9394 -0.1527
vn 0.6394 0.4751 0.6046
vn 0.4867 0.6481 0.5857
vn 0.4836 0.6510 0.5851
vn 0.2078 0.8490 0.4859
vn 0.2127 0.8464 0.4882
vn -0.1537 0.9504 0.2705
vn -0.1249 0.9485 0.2910
vn -0.3069 0.9394 0.1527
vn -0.3365 -0.7189 -0.6083
vn -0.3905 -0.5367 -0.7480
vn -0.3897 -0.5403 -0.7458
vn -0.4195 -0.2169 -0.8814
vn -0.4194 -0.2111 -0.8829
vn -0.3765 0.1839 -0.9080
vn -0.3689 0.2182 -0.9035
vn -0.3197 0.3999 -0.8590
vn 0.3364 0.7189 0.6082
vn 0.3897 0.5403 0.7458
vn 0.3905 0.5368 0.7479
vn 0.4195 0.2111 0.8829
vn 0.4196 0.2169 0.8814
vn 0.3691 -0.2183 0.9034
vn 0.3766 -0.1839 0.9079
vn 0.3200 -0.4001 0.8588
vn -0.2983 -0.5456 -0.7832
vn -0.5127 -0.4748 -0.7154
vn -0.5090 -0.4763 -0.7169
vn -0.7734 -0.3140 -0.5507
vn -0.7771 -0.3108 -0.5473
vn -0.9558 -0.0696 -0.2856
vn -0.9645 -0.0466 -0.2601
vn -0.9901 0.0796 -0.1155
vn 0.2982 0.5455 0.7833
vn 0.5090 0.4763 0.7170
vn 0.5126 0.4747 0.7154
vn 0.7771 0.3107 0.5473
vn 0.7734 0.3140 0.5507
vn 0.9644 0.0465 0.2602
vn 0.9558 0.0695 0.2857
vn 0.9901 -0.0798 0.1158
vn -0.4339 -0.6507 -0.6231
vn -0.2369 -0.7179 -0.6546
vn -0.1991 -0.7998 -0.5662
vn -0.3509 -0.8044 -0.4793
vn -0.0372 -0.7686 -0.6387
vn 0.1225 -0.9151 -0.3842
vn -0.0177 -0.9700 -0.2424
vn 0.0442 -0.9877 -0.1500
vn -0.1310 -0.6162 -0.7766
vn -0.2124 -0.9544 -0.2098
vn -0.4687 -0.5819 -0.6646
vn -0.5306 -0.5996 -0.5991
vn -0.4784 -0.7483 -0.4595
vn -0.5554 -0.7499 -0.3594
vn -0.6620 -0.6232 -0.4165
vn -0.4272 -0.8562 -0.2907
vn -0.5522 -0.8335 0.0185
vn -0.7119 -0.7021 0.0147
vn -0.7267 -0.6758 0.1233
vn -0.3041 -0.8244 -0.4775
vn -0.8050 -0.5825 -0.1128
vn -0.5443 -0.5107 -0.6655
vn -0.6853 -0.5203 -0.5095
vn -0.7573 -0.4168 -0.5028
vn -0.6879 -0.3374 -0.6426
vn -0.8034 -0.4865 -0.3433
vn -0.9486 -0.2023 -0.2434
vn -0.9190 -0.0593 -0.3898
vn -0.9409 0.0376 -0.3365
vn -0.6558 -0.6543 -0.3766
vn -0.8254 -0.0388 -0.5632
vn -0.4497 -0.5045 -0.7371
vn -0.5675 -0.3308 -0.7540
vn -0.5122 -0.2415 -0.8242
vn -0.3708 -0.3360 -0.8658
vn -0.6419 -0.1380 -0.7543
vn -0.4943 0.1437 -0.8573
vn -0.3136 0.0941 -0.9449
vn -0.2578 0.1921 -0.9469
vn -0.7112 -0.3131 -0.6295
vn -0.2012 -0.0656 -0.9773
vn -0.3816 -0.5967 -0.7060
vn -0.2787 -0.4691 -0.8380
vn -0.1571 -0.5009 -0.8511
vn -0.1642 -0.6425 -0.7485
vn -0.1466 -0.3390 -0.9293
vn 0.1877 -0.3398 -0.9216
vn 0.2501 -0.5104 -0.8227
vn 0.3574 -0.4877 -0.7965
vn -0.3643 -0.3037 -0.8804
vn 0.1724 -0.6651 -0.7266
vn -0.6229 -0.7769 -0.0918
vn -0.5671 -0.7588 -0.3203
vn -0.5684 -0.7595 -0.3163
vn -0.4194 -0.6630 -0.6202
vn -0.4162 -0.6607 -0.6247
vn -0.1745 -0.4610 -0.8701
vn -0.1506 -0.4398 -0.8854
vn -0.0173 -0.3146 -0.9491
vn 0.6229 0.7769 0.0918
vn 0.5685 0.7595 0.3162
vn 0.5672 0.7588 0.3202
vn 0.4163 0.6607 0.6247
vn 0.4194 0.6629 0.6201
vn 0.1507 0.4397 0.8854
vn 0.1746 0.4609 0.8701
vn 0.0176 0.3144 0.9491
vn -0.5896 -0.3572 0.7244
vn -0.0431 0.2270 0.9729
vn -0.3883 0.7045 0.5940
vn -0.9293 0.1126 0.3517
vn -0.3508 0.9341 -0.0667
vn -0.8924 0.3384 -0.2985
vn 0.0477 0.7813 -0.6223
vn -0.5004 0.1882 -0.8451
vn 0.5735 0.3358 -0.7472
vn 0.0171 -0.2503 -0.9680
vn 0.6585 0.6985 0.2802
vn 0.1548 0.8376 0.5239
vn 0.3630 0.5496 0.7524
vn 0.1774 0.9761 0.1253
vn 0.4178 0.8840 -0.2098
vn 0.7350 0.6152 -0.2852
vn -0.0722 -0.7956 0.6015
vn 0.4828 -0.2186 0.8480
vn 0.3198 -0.9459 0.0549
vn 0.8813 -0.3713 0.2924
vn 0.3568 -0.7200 -0.5953
vn 0.9188 -0.1416 -0.3684
vn 0.6803 0.2809 0.6770
vn 0.9206 0.1887 0.3419
vn 0.9432 0.3273 -0.0567
vn -0.6585 -0.6985 -0.2801
vn 0.5890 0.7646 0.2615
vn 0.4142 0.8899 0.1914
vn 0.3415 0.8724 0.3497
vn 0.4362 0.8059 0.4003
vn 0.2573 0.8258 0.5019
vn -0.0172 0.9819 0.1884
vn -0.0407 0.9220 0.3849
vn -0.1224 0.9813 0.1482
vn 0.4374 0.7028 0.5610
vn 0.1241 0.9910 0.0501
vn 0.6525 0.7059 0.2756
vn 0.6623 0.7257 0.1864
vn 0.6610 0.7494 -0.0386
vn 0.5209 0.8533 -0.0242
vn 0.5155 0.8508 0.1021
vn 0.3602 0.9328 -0.0069
vn 0.4441 0.7912 -0.4204
vn 0.2903 0.8975 -0.3319
vn 0.3992 0.7566 -0.5179
vn 0.3719 0.9026 0.2167
vn 0.6119 0.6994 -0.3693
vn 0.7264 0.6466 0.2329
vn 0.8593 0.4941 0.1318
vn 0.8226 0.5682 -0.0225
vn 0.7503 0.6606 0.0243
vn 0.7576 0.6276 -0.1796
vn 0.9513 0.2279 -0.2078
vn 0.8676 0.3585 -0.3446
vn 0.9557 0.1303 -0.2641
vn 0.6282 0.7751 -0.0677
vn 0.9772 0.2118 -0.0122
vn 0.6915 0.6342 0.3458
vn 0.7299 0.4699 0.4965
vn 0.8368 0.3928 0.3814
vn 0.8262 0.4817 0.2921
vn 0.9199 0.3023 0.2497
vn 0.8031 0.0460 0.5941
vn 0.9080 0.0142 0.4188
vn 0.7763 -0.0582 0.6277
vn 0.8749 0.4722 0.1077
vn 0.7031 0.1906 0.6851
vn 0.6030 0.7122 0.3593
vn 0.4437 0.7307 0.5189
vn 0.5205 0.6004 0.6071
vn 0.6168 0.5851 0.5265
vn 0.5843 0.4472 0.6772
vn 0.1744 0.5490 0.8174
vn 0.3102 0.3997 0.8626
vn 0.0770 0.5088 0.8575
vn 0.7384 0.4386 0.5122
vn 0.1558 0.7028 0.6941
vn -0.7594 -0.5388 -0.3647
vn -0.7133 -0.6775 -0.1796
vn -0.7145 -0.6753 -0.1831
vn -0.5812 -0.8055 0.1155
vn -0.5784 -0.8068 0.1207
vn -0.3500 -0.8235 0.4464
vn -0.3270 -0.8182 0.4729
vn -0.1950 -0.7710 0.6063
vn 0.7595 0.5387 0.3647
vn 0.7145 0.6752 0.1830
vn 0.7133 0.6774 0.1796
vn 0.5785 0.8067 -0.1207
vn 0.5813 0.8055 -0.1156
vn 0.3272 0.8181 -0.4729
vn 0.3502 0.8235 -0.4464
vn 0.1952 0.7709 -0.6063
vn -0.7748 -0.6191 -0.1284
vn -0.6076 -0.7682 -0.2019
vn -0.6109 -0.7659 -0.2006
vn -0.3004 -0.9124 -0.2779
vn -0.2946 -0.9140 -0.2788
vn 0.1011 -0.9454 -0.3100
vn 0.1362 -0.9410 -0.3097
vn 0.3245 -0.8967 -0.3010
vn 0.7748 0.6190 0.1285
vn 0.6109 0.7659 0.2007
vn 0.6076 0.7682 0.2019
vn 0.2947 0.9140 0.2788
vn 0.3004 0.9124 0.2779
vn -0.1362 0.9410 0.3098
vn -0.1010 0.9453 0.3101
vn -0.3245 0.8966 0.3013
vn -0.4902 -0.8164 -0.3053
vn -0.6443 -0.6587 -0.3887
vn -0.6418 -0.6618 -0.3874
vn -0.7987 -0.3611 -0.4814
vn -0.8004 -0.3555 -0.4826
vn -0.8486 0.0371 -0.5277
vn -0.8459 0.0725 -0.5283
vn -0.8127 0.2630 -0.5200
vn 0.4902 0.8164 0.3053
vn 0.6418 0.6618 0.3874
vn 0.6443 0.6586 0.3887
vn 0.8004 0.3555 0.4827
vn 0.7987 0.3611 0.4814
vn 0.8458 -0.0724 0.5285
vn 0.8485 -0.0371 0.5279
vn 0.8126 -0.2628 0.5202
vn -0.5883 -0.6576 -0.4706
vn -0.7352 -0.6117 -0.2920
vn -0.7329 -0.6128 -0.2954
vn -0.8804 -0.4741 -0.0075
vn -0.8821 -0.4711 -0.0026
vn -0.9203 -0.2330 0.3142
vn -0.9169 -0.2089 0.3401
vn -0.8778 -0.0739 0.4732
vn 0.5883 0.6576 0.4706
vn 0.7329 0.6129 0.2954
vn 0.7352 0.6117 0.2920
vn 0.8821 0.4711 0.0026
vn 0.8804 0.4741 0.0075
vn 0.9169 0.2089 -0.3401
vn 0.9203 0.2329 -0.3142
vn 0.8779 0.0738 -0.4731
vn -0.5890 -0.7646 -0.2615
vn -0.4362 -0.8059 -0.4003
vn -0.3415 -0.8724 -0.3497
vn -0.4142 -0.8899 -0.1914
vn -0.2573 -0.8258 -0.5019
vn 0.0407 -0.9220 -0.3849
vn 0.0172 -0.9819 -0.1884
vn 0.1224 -0.9813 -0.1482
vn -0.4374 -0.7028 -0.5610
vn -0.1241 -0.9910 -0.0501
vn -0.6525 -0.7059 -0.2757
vn -0.6623 -0.7257 -0.1864
vn -0.5155 -0.8508 -0.1021
vn -0.5209 -0.8533 0.0242
vn -0.6610 -0.7494 0.0385
vn -0.3602 -0.9328 0.0069
vn -0.2903 -0.8975 0.3319
vn -0.4441 -0.7913 0.4204
vn -0.3992 -0.7566 0.5179
vn -0.3719 -0.9026 -0.2167
vn -0.6119 -0.6994 0.3693
vn -0.6524 -0.7059 -0.2757
vn -0.7264 -0.6466 -0.2329
vn -0.7503 -0.6606 -0.0243
vn -0.8226 -0.5682 0.0224
vn -0.8593 -0.4941 -0.1318
vn -0.7576 -0.6276 0.1796
vn -0.8676 -0.3584 0.3446
vn -0.9513 -0.2279 0.2078
vn -0.9557 -0.1303 0.2641
vn -0.6282 -0.7751 0.0676
vn -0.9772 -0.2118 0.0122
vn -0.6915 -0.6342 -0.3458
vn -0.8262 -0.4816 -0.2921
vn -0.8368 -0.3928 -0.3814
vn -0.7298 -0.4699 -0.4965
vn -0.9199 -0.3023 -0.2497
vn -0.9080 -0.0142 -0.4188
vn -0.8031 -0.0460 -0.5941
vn -0.7762 0.0582 -0.6277
vn -0.8749 -0.4722 -0.1077
vn -0.7030 -0.1906 -0.6851
vn -0.6030 -0.7122 -0.3594
vn -0.6167 -0.5851 -0.5266
vn -0.5205 -0.6004 -0.6071
vn -0.4437 -0.7307 -0.5189
vn -0.5843 -0.4473 -0.6772
vn -0.3102 -0.3998 -0.8625
vn -0.1744 -0.5491 -0.8174
vn -0.0771 -0.5088 -0.8574
vn -0.7384 -0.4386 -0.5122
vn -0.1559 -0.7028 -0.6941
vn 0.2500 -0.4599 -0.8521
vn 0.4561 -0.4912 -0.7421
vn 0.4526 -0.4909 -0.7444
vn 0.7076 -0.4974 -0.5019
vn 0.7112 -0.4972 -0.4971
vn 0.8856 -0.4418 -0.1434
vn 0.8942 -0.4339 -0.1100
vn 0.9212 -0.3819 0.0744
vn -0.2500 0.4597 0.8522
vn -0.4526 0.4908 0.7445
vn -0.4562 0.4911 0.7421
vn -0.7112 0.4971 0.4971
vn -0.7076 0.4974 0.5019
vn -0.8943 0.4338 0.1100
vn -0.8856 0.4417 0.1435
vn -0.9213 0.3816 -0.0744
vn -0.5471 -0.0038 -0.8370
vn -0.9287 0.3297 -0.1699
vn -0.4733 0.8620 -0.1815
vn -0.0992 0.5199 -0.8485
vn 0.1552 0.9825 0.1034
vn 0.5193 0.6384 -0.5682
vn 0.5887 0.6207 0.5179
vn 0.9458 0.2824 -0.1603
vn 0.5733 -0.0115 0.8193
vn 0.9306 -0.3396 0.1362
vn -0.4410 0.3949 0.8059
vn -0.5461 0.7532 0.3667
vn -0.8207 0.4322 0.3737
vn -0.1669 0.8259 0.5385
vn 0.0946 0.6077 0.7885
vn 0.0852 0.2264 0.9703
vn -0.5623 -0.6258 -0.5405
vn -0.9441 -0.3024 0.1315
vn -0.1358 -0.9818 -0.1326
vn -0.5105 -0.6643 0.5460
vn 0.4827 -0.8633 0.1477
vn 0.1179 -0.5438 0.8309
vn -0.8300 0.0509 0.5554
vn -0.5686 -0.1673 0.8054
vn -0.1894 -0.0947 0.9773
vn 0.4410 -0.3949 -0.8059
vn -0.4051 0.4812 0.7774
vn -0.2920 0.6583 0.6938
vn -0.4262 0.6895 0.5857
vn -0.4995 0.5961 0.6286
vn -0.5514 0.6983 0.4565
vn -0.1775 0.9176 0.3557
vn -0.3613 0.8944 0.2637
vn -0.1114 0.9556 0.2727
vn -0.6551 0.5198 0.5483
vn -0.0805 0.8530 0.5157
vn -0.4351 0.4036 0.8049
vn -0.3515 0.4077 0.8428
vn -0.1338 0.4051 0.9044
vn -0.1115 0.5581 0.8223
vn -0.2319 0.5717 0.7870
vn -0.0866 0.6977 0.7112
vn 0.2911 0.4899 0.8218
vn 0.2454 0.6586 0.7113
vn 0.3968 0.4661 0.7907
vn -0.3055 0.6899 0.6562
vn 0.1983 0.3437 0.9179
vn -0.4130 0.3150 0.8545
vn -0.3497 0.1115 0.9302
vn -0.1912 0.1768 0.9655
vn -0.2176 0.2951 0.9304
vn -0.0226 0.2399 0.9705
vn -0.0455 -0.2044 0.9778
vn 0.1083 -0.0670 0.9919
vn 0.0077 -0.3008 0.9537
vn -0.0972 0.4386 0.8934
vn -0.2412 -0.2083 0.9479
vn -0.5130 0.3304 0.7923
vn -0.6685 0.1823 0.7210
vn -0.5849 0.0561 0.8091
vn -0.4960 0.1312 0.8583
vn -0.4792 -0.0742 0.8745
vn -0.7817 -0.2211 0.5831
vn -0.6395 -0.3120 0.7026
vn -0.8073 -0.3009 0.5077
vn -0.3304 0.0826 0.9402
vn -0.8438 -0.0393 0.5352
vn -0.5032 0.4386 0.7446
vn -0.6160 0.5379 0.5755
vn -0.7211 0.3981 0.5671
vn -0.6683 0.3362 0.6636
vn -0.8053 0.2409 0.5417
vn -0.8347 0.5158 0.1929
vn -0.9135 0.3300 0.2381
vn -0.8482 0.5235 0.0812
vn -0.6859 0.1521 0.7117
vn -0.7108 0.6493 0.2706
vn 0.5488 -0.2182 -0.8069
vn 0.3581 -0.3425 -0.8686
vn 0.3618 -0.3404 -0.8679
vn 0.0388 -0.4801 -0.8763
vn 0.0332 -0.4819 -0.8756
vn -0.3406 -0.5546 -0.7592
vn -0.3721 -0.5562 -0.7431
vn -0.5351 -0.5528 -0.6388
vn -0.5488 0.2182 0.8070
vn -0.3617 0.3403 0.8680
vn -0.3581 0.3424 0.8686
vn -0.0331 0.4818 0.8756
vn -0.0388 0.4801 0.8764
vn 0.3721 0.5562 0.7430
vn 0.3406 0.5546 0.7592
vn 0.5352 0.5528 0.6388
vn 0.3246 -0.2588 -0.9097
vn 0.3523 -0.4703 -0.8092
vn 0.3519 -0.4667 -0.8114
vn 0.3462 -0.7347 -0.5834
vn 0.3456 -0.7386 -0.5789
vn 0.2734 -0.9319 -0.2383
vn 0.2639 -0.9423 -0.2058
vn 0.2069 -0.9781 -0.0243
vn -0.3247 0.2588 0.9097
vn -0.3519 0.4667 0.8114
vn -0.3523 0.4703 0.8092
vn -0.3455 0.7386 0.5789
vn -0.3461 0.7347 0.5834
vn -0.2639 0.9424 0.2057
vn -0.2733 0.9319 0.2383
vn -0.2069 0.9781 0.0241
vn 0.4217 -0.5733 -0.7025
vn 0.5422 -0.3765 -0.7512
vn 0.5403 -0.3802 -0.7507
vn 0.6717 -0.0539 -0.7389
vn 0.6733 -0.0482 -0.7378
vn 0.7294 0.3224 -0.6034
vn 0.7293 0.3532 -0.5860
vn 0.7127 0.5132 -0.4783
vn -0.4217 0.5732 0.7025
vn -0.5403 0.3802 0.7507
vn -0.5422 0.3764 0.7512
vn -0.6733 0.0483 0.7378
vn -0.6717 0.0539 0.7389
vn -0.7293 -0.3532 0.5860
vn -0.7294 -0.3223 0.6034
vn -0.7127 -0.5131 0.4783
vn 0.6067 -0.4073 -0.6826
vn 0.4723 -0.2862 -0.8337
vn 0.4749 -0.2885 -0.8314
vn 0.2351 -0.0711 -0.9694
vn 0.2308 -0.0671 -0.9707
vn -0.0653 0.1990 -0.9778
vn -0.0911 0.2222 -0.9707
vn -0.2297 0.3433 -0.9107
vn -0.6068 0.4073 0.6825
vn -0.4750 0.2886 0.8313
vn -0.4723 0.2862 0.8337
vn -0.2308 0.0672 0.9707
vn -0.2351 0.0711 0.9694
vn 0.0912 -0.2221 0.9707
vn 0.0654 -0.1989 0.9778
vn 0.2298 -0.3431 0.9107
vn 0.4051 -0.4812 -0.7774
vn 0.4995 -0.5961 -0.6286
vn 0.4261 -0.6895 -0.5857
vn 0.2920 -0.6583 -0.6938
vn 0.5514 -0.6983 -0.4565
vn 0.3613 -0.8944 -0.2637
vn 0.1775 -0.9176 -0.3557
vn 0.1114 -0.9556 -0.2727
vn 0.6551 -0.5198 -0.5483
vn 0.0805 -0.8530 -0.5157
vn 0.4351 -0.4036 -0.8049
vn 0.3515 -0.4077 -0.8427
vn 0.2320 -0.5717 -0.7870
vn 0.1115 -0.5581 -0.8223
vn 0.1339 -0.4051 -0.9044
vn 0.0866 -0.6977 -0.7112
vn -0.2455 -0.6586 -0.7113
vn -0.2911 -0.4898 -0.8218
vn -0.3969 -0.4661 -0.7907
vn 0.3056 -0.6899 -0.6562
vn -0.1984 -0.3437 -0.9179
vn 0.4130 -0.3150 -0.8545
vn 0.2176 -0.2951 -0.9304
vn 0.1912 -0.1768 -0.9655
vn 0.3497 -0.1114 -0.9302
vn 0.0226 -0.2399 -0.9705
vn -0.1084 0.0670 -0.9919
vn 0.0455 0.2045 -0.9778
vn -0.0078 0.3010 -0.9536
vn 0.0972 -0.4386 -0.8934
vn 0.2412 0.2083 -0.9479
vn 0.5130 -0.3303 -0.7923
vn 0.4960 -0.1312 -0.8583
vn 0.5849 -0.0561 -0.8091
vn 0.6685 -0.1823 -0.7210
vn 0.4792 0.0742 -0.8745
vn 0.6395 0.3120 -0.7026
vn 0.7817 0.2211 -0.5831
vn 0.8073 0.3009 -0.5077
vn 0.3304 -0.0826 -0.9402
vn 0.8438 0.0393 -0.5353
vn 0.5032 -0.4386 -0.7446
vn 0.6682 -0.3361 -0.6637
vn 0.7211 -0.3981 -0.5671
vn 0.6161 -0.5378 -0.5755
vn 0.8053 -0.2409 -0.5417
vn 0.9134 -0.3300 -0.2382
vn 0.8347 -0.5158 -0.1930
vn 0.8482 -0.5234 -0.0813
vn 0.6859 -0.1521 -0.7116
vn 0.7108 -0.6493 -0.2706
vn -0.4032 -0.4634 -0.7891
vn -0.1864 -0.5533 -0.8118
vn -0.1905 -0.5520 -0.8118
vn 0.1463 -0.6378 -0.7562
vn 0.1519 -0.6387 -0.7543
vn 0.5042 -0.6496 -0.5691
vn 0.5320 -0.6461 -0.5474
vn 0.6713 -0.6127 -0.4172
vn -0.6422 -0.6079 0.4670
vn -0.7010 -0.3764 0.6057
vn 0.7654 -0.6227 0.1625
vn 0.6757 -0.7346 0.0617
vn -0.6793 0.7217 -0.1331
vn -0.6691 0.6613 -0.3390
vn 0.6899 0.5075 -0.5162
vn 0.5653 0.4528 -0.6895
vn 0.4032 0.4634 0.7891
vn 0.1904 0.5519 0.8119
vn 0.1864 0.5533 0.8119
vn -0.1519 0.6386 0.7544
vn -0.1463 0.6377 0.7563
vn -0.5321 0.6458 0.5475
vn -0.5043 0.6493 0.5692
vn -0.6715 0.6123 0.4173
vn -0.9120 0.1956 -0.3607
vn -0.7767 0.5535 0.3005
vn -0.2850 0.9580 -0.0312
vn -0.4353 0.5876 -0.6821
vn 0.4166 0.8933 -0.1685
vn 0.2448 0.5249 -0.8152
vn 0.9171 0.3975 -0.0312
vn 0.7299 0.0442 -0.6821
vn 0.9233 -0.2392 0.3004
vn 0.7360 -0.5729 -0.3607
vn 0.2113 0.4532 0.8660
vn -0.0687 0.8827 0.4649
vn -0.3913 0.6173 0.6826
vn 0.3918 0.8403 0.3747
vn 0.7203 0.5149 0.4649
vn 0.7244 0.0970 0.6825
vn -0.9059 -0.4216 -0.0392
vn -0.7704 -0.0831 0.6321
vn -0.4208 -0.9023 0.0939
vn -0.2699 -0.5790 0.7694
vn 0.2593 -0.9650 -0.0392
vn 0.4316 -0.6436 0.6320
vn -0.3872 0.1995 0.9002
vn -0.0587 -0.1260 0.9903
vn 0.4017 -0.1683 0.9002
vn -0.2113 -0.4531 -0.8660
vn -0.0844 -0.3109 -0.9467
vn -0.2993 -0.3776 -0.8763
vn -0.2956 -0.3766 -0.8780
vn -0.5875 -0.4265 -0.6877
vn -0.5919 -0.4267 -0.6838
vn -0.8359 -0.4055 -0.3698
vn -0.8518 -0.3997 -0.3386
vn -0.9191 -0.3594 -0.1616
vn 0.0845 0.3109 0.9467
vn 0.2956 0.3765 0.8780
vn 0.2994 0.3775 0.8763
vn 0.5919 0.4267 0.6838
vn 0.5875 0.4264 0.6878
vn 0.8518 0.3995 0.3388
vn 0.8360 0.4053 0.3699
vn 0.9192 0.3591 0.1619
vn -0.3286 -0.2861 -0.9001
vn -0.3010 -0.5024 -0.8105
vn -0.3017 -0.4987 -0.8126
vn -0.2412 -0.7677 -0.5937
vn -0.2400 -0.7715 -0.5892
vn -0.1490 -0.9570 -0.2489
vn -0.1403 -0.9663 -0.2158
vn -0.0898 -0.9955 -0.0313
vn 0.3287 0.2861 0.9001
vn 0.3018 0.4987 0.8125
vn 0.3011 0.5024 0.8105
vn 0.2401 0.7715 0.5892
vn 0.2412 0.7677 0.5937
vn 0.1404 0.9663 0.2158
vn 0.1491 0.9570 0.2488
vn 0.0901 0.9954 0.0311
vn -0.2108 -0.6254 -0.7513
vn -0.0963 -0.4646 -0.8802
vn -0.0984 -0.4678 -0.8783
vn 0.0909 -0.1883 -0.9779
vn 0.0942 -0.1833 -0.9785
vn 0.3053 0.1521 -0.9400
vn 0.3227 0.1809 -0.9290
vn 0.4102 0.3337 -0.8487
vn 0.2109 0.6254 0.7513
vn 0.0985 0.4678 0.8783
vn 0.0963 0.4646 0.8802
vn -0.0941 0.1833 0.9785
vn -0.0908 0.1882 0.9779
vn -0.3225 -0.1811 0.9291
vn -0.3051 -0.1522 0.9401
vn -0.4100 -0.3339 0.8488
vn -0.0140 -0.5149 -0.8571
vn -0.1762 -0.3551 -0.9181
vn -0.1734 -0.3581 -0.9174
vn -0.3872 -0.0786 -0.9187
vn -0.3903 -0.0736 -0.9177
vn -0.5614 0.2607 -0.7854
vn -0.5720 0.2894 -0.7675
vn -0.6167 0.4392 -0.6533
vn 0.0140 0.5150 0.8571
vn 0.1733 0.3582 0.9174
vn 0.1762 0.3551 0.9181
vn 0.3903 0.0736 0.9177
vn 0.3871 0.0786 0.9187
vn 0.5722 -0.2893 0.7674
vn 0.5616 -0.2606 0.7853
vn 0.6170 -0.4390 0.6531
vn -0.5525 -0.2954 0.7794
vn 0.7436 -0.5513 0.3784
vn -0.7673 0.5023 -0.3988
vn 0.5947 0.2077 -0.7767
vn 0.3437 0.0322 0.9385
vn 0.1167 -0.0003 0.9932
vn 0.1209 0.0003 0.9927
vn -0.2254 -0.0592 0.9725
vn -0.2311 -0.0603 0.9711
vn -0.5839 -0.1324 0.8010
vn -0.6112 -0.1387 0.7793
vn -0.7461 -0.1696 0.6439
vn 0.5428 -0.8398 0.0134
vn 0.6346 -0.7334 -0.2438
vn -0.8601 -0.4764 0.1822
vn -0.7741 -0.5446 0.3227
vn 0.7768 0.5750 -0.2569
vn 0.7570 0.6525 -0.0360
vn -0.6037 0.7931 0.0808
vn -0.4696 0.8348 0.2873
vn -0.3438 -0.0323 -0.9385
vn -0.1209 -0.0004 -0.9927
vn -0.1167 0.0002 -0.9932
vn 0.2311 0.0604 -0.9711
vn 0.2254 0.0593 -0.9725
vn 0.6111 0.1390 -0.7793
vn 0.5838 0.1328 -0.8010
vn 0.7459 0.1701 -0.6439
vn 0.9353 0.2532 0.2471
vn 0.8435 0.1768 -0.5072
vn 0.4188 0.7556 -0.5037
vn 0.5236 0.8143 0.2506
vn -0.2830 0.8696 -0.4046
vn -0.1567 0.9248 0.3466
vn -0.8507 0.4522 -0.2680
vn -0.7071 0.5201 0.4791
vn -0.9519 -0.2523 -0.1739
vn -0.8051 -0.1628 0.5703
vn -0.1563 -0.1087 -0.9817
vn 0.1873 0.4350 -0.8807
vn 0.4660 0.0552 -0.8831
vn -0.2733 0.5098 -0.8157
vn -0.6460 0.2358 -0.7260
vn -0.7123 -0.2265 -0.6643
vn 0.8372 -0.4296 0.3385
vn 0.7423 -0.5276 -0.4131
vn 0.2868 -0.8342 0.4709
vn 0.1746 -0.9450 -0.2764
vn -0.3935 -0.7237 0.5670
vn -0.5272 -0.8310 -0.1774
vn 0.3996 -0.4071 -0.8213
vn 0.0270 -0.6811 -0.7316
vn -0.4336 -0.6063 -0.6666
vn 0.1563 0.1087 0.9817
vn 0.0520 0.2858 0.9569
vn 0.2543 0.1647 0.9530
vn 0.2507 0.1670 0.9535
vn 0.5300 -0.0193 0.8478
vn 0.5343 -0.0224 0.8450
vn 0.7747 -0.2168 0.5941
vn 0.7907 -0.2321 0.5664
vn 0.8608 -0.3101 0.4036
vn -0.0520 -0.2858 -0.9569
vn -0.2507 -0.1671 -0.9535
vn -0.2543 -0.1648 -0.9530
vn -0.5343 0.0224 -0.8450
vn -0.5300 0.0193 -0.8478
vn -0.7908 0.2321 -0.5664
vn -0.7747 0.2168 -0.5940
vn -0.8607 0.3100 -0.4037
vn 0.2967 0.2487 0.9220
vn 0.2374 0.0258 0.9711
vn 0.2386 0.0298 0.9707
vn 0.1375 -0.3061 0.9420
vn 0.1358 -0.3116 0.9405
vn 0.0148 -0.6467 0.7626
vn 0.0045 -0.6722 0.7403
vn -0.0520 -0.7962 0.6028
vn -0.2966 -0.2487 -0.9221
vn -0.2386 -0.0299 -0.9707
vn -0.2374 -0.0258 -0.9711
vn -0.1358 0.3116 -0.9405
vn -0.1376 0.3061 -0.9420
vn -0.0046 0.6722 -0.7403
vn -0.0150 0.6467 -0.7626
vn 0.0517 0.7962 -0.6028
vn 0.1297 -0.0965 0.9868
vn 0.0410 0.1219 0.9917
vn 0.0426 0.1180 0.9921
vn -0.1036 0.4245 0.8995
vn -0.1062 0.4292 0.8969
vn -0.2679 0.7037 0.6581
vn -0.2811 0.7228 0.6313
vn -0.3471 0.8105 0.4719
vn -0.1297 0.0965 -0.9868
vn -0.0426 -0.1180 -0.9921
vn -0.0409 -0.1219 -0.9917
vn 0.1063 -0.4292 -0.8969
vn 0.1037 -0.4244 -0.8995
vn 0.2812 -0.7228 -0.6313
vn 0.2680 -0.7036 -0.6581
vn 0.3471 -0.8105 -0.4718
vn -0.0479 0.0782 0.9958
vn 0.1362 0.2223 0.9654
vn 0.1329 0.2198 0.9665
vn 0.3843 0.4195 0.8224
vn 0.3881 0.4226 0.8190
vn 0.6034 0.5945 0.5315
vn 0.6177 0.6060 0.5011
vn 0.6819 0.6552 0.3252
vn 0.0480 -0.0782 -0.9958
vn -0.1329 -0.2198 -0.9664
vn -0.1362 -0.2223 -0.9654
vn -0.3882 -0.4227 -0.8190
vn -0.3844 -0.4195 -0.8223
vn -0.6177 -0.6060 -0.5011
vn -0.6034 -0.5945 -0.5315
vn -0.6818 -0.6552 -0.3253
vn 0.4777 -0.7499 -0.4577
vn -0.6783 -0.7145 -0.1713
vn 0.9489 0.3151 -0.0183
vn -0.4841 0.7078 0.5145
vn -0.2933 -0.8556 0.4266
vn -0.9482 -0.1547 -0.2774
vn -0.0492 0.1424 -0.9886
vn 0.4220 -0.7681 -0.4816
vn 0.2289 0.4998 -0.8353
vn 0.0751 0.5857 -0.8070
vn -0.8231 0.5405 0.1744
vn -0.7125 0.6026 0.3596
vn 0.6299 -0.7594 -0.1630
vn 0.8325 -0.5188 -0.1946
vn -0.1973 -0.5734 0.7951
vn -0.2751 -0.5070 0.8168
vn 0.9497 -0.1307 -0.2846
vn 0.0484 -0.8881 -0.4571
vn -0.7580 -0.0428 -0.6508
vn 0.1888 0.5833 -0.7900
vn -0.9533 0.1528 -0.2606
vn -0.9780 -0.0160 -0.2082
vn -0.1762 -0.9200 0.3502
vn -0.1121 -0.8304 0.5458
vn 0.3686 0.7742 -0.5145
vn 0.1453 0.9255 -0.3497
vn 0.9765 -0.1057 0.1880
vn 0.9521 -0.1959 0.2348
vn -0.5190 -0.3675 0.7717
vn -0.6829 -0.4068 0.6068
vn -0.6802 -0.4062 0.6101
vn -0.8489 -0.4336 0.3024
vn -0.8508 -0.4337 0.2967
vn -0.9061 -0.4117 -0.0970
vn -0.9037 -0.4072 -0.1321
vn -0.8707 -0.3736 -0.3198
vn 0.5191 0.3674 -0.7717
vn 0.6803 0.4062 -0.6101
vn 0.6829 0.4067 -0.6068
vn 0.8508 0.4337 -0.2967
vn 0.8489 0.4336 -0.3024
vn 0.9037 0.4073 0.1321
vn 0.9061 0.4118 0.0970
vn 0.8706 0.3737 0.3199
vn 0.2643 0.0729 0.9617
vn 0.8462 0.3315 0.4173
vn 0.4336 0.8688 0.2389
vn -0.1415 0.6016 0.7862
vn -0.0716 0.9691 -0.2359
vn -0.6387 0.7002 0.3191
vn -0.3735 0.5737 -0.7290
vn -0.9357 0.3111 -0.1661
vn -0.2953 -0.0859 -0.9515
vn -0.8588 -0.3379 -0.3851
vn 0.6837 0.3048 -0.6631
vn 0.6654 0.7042 -0.2477
vn 0.9143 0.3800 -0.1400
vn 0.3607 0.7647 -0.5340
vn 0.1786 0.5261 -0.8314
vn 0.2258 0.1282 -0.9657
vn 0.3412 -0.5762 0.7427
vn 0.9244 -0.3281 0.1947
vn 0.0442 -0.9653 0.2575
vn 0.6224 -0.7236 -0.2984
vn -0.4529 -0.8666 -0.2096
vn 0.1172 -0.6233 -0.7732
vn 0.9615 -0.0179 -0.2743
vn 0.7794 -0.2564 -0.5717
vn 0.4746 -0.1959 -0.8581
vn -0.6837 -0.3048 0.6631
vn 0.6447 0.3940 -0.6551
vn 0.5196 0.5804 -0.6271
vn 0.6155 0.6203 -0.4862
vn 0.6942 0.5220 -0.4955
vn 0.6956 0.6402 -0.3260
vn 0.3191 0.8742 -0.3661
vn 0.4647 0.8577 -0.2201
vn 0.2325 0.9214 -0.3114
vn 0.8142 0.4519 -0.3645
vn 0.2727 0.7951 -0.5417
vn 0.6781 0.3136 -0.6647
vn 0.6103 0.3151 -0.7268
vn 0.4221 0.3095 -0.8521
vn 0.3826 0.4703 -0.7952
vn 0.4870 0.4857 -0.7259
vn 0.3313 0.6208 -0.7106
vn -0.0034 0.4084 -0.9128
vn 0.0139 0.5868 -0.8096
vn -0.1145 0.3895 -0.9139
vn 0.5224 0.6154 -0.5902
vn 0.1075 0.2520 -0.9617
vn 0.6683 0.2207 -0.7104
vn 0.6220 0.0115 -0.7829
vn 0.4850 0.0753 -0.8713
vn 0.5047 0.1962 -0.8407
vn 0.3290 0.1401 -0.9339
vn 0.3329 -0.3031 -0.8929
vn 0.1971 -0.1654 -0.9663
vn 0.2705 -0.3958 -0.8776
vn 0.3853 0.3446 -0.8560
vn 0.5097 -0.3067 -0.8038
vn 0.7450 0.2409 -0.6220
vn 0.8644 0.0985 -0.4930
vn 0.8062 -0.0347 -0.5906
vn 0.7401 0.0363 -0.6715
vn 0.7198 -0.1694 -0.6732
vn 0.9117 -0.2905 -0.2905
vn 0.8089 -0.3909 -0.4392
vn 0.9093 -0.3627 -0.2039
vn 0.6054 -0.0179 -0.7957
vn 0.9643 -0.1057 -0.2427
vn 0.7260 0.3536 -0.5898
vn 0.7862 0.4677 -0.4040
vn 0.8772 0.3279 -0.3508
vn 0.8537 0.2573 -0.4528
vn 0.9424 0.1729 -0.2863
vn 0.8762 0.4812 0.0276
vn 0.9564 0.2907 0.0262
vn 0.8552 0.4999 0.1368
vn 0.8767 0.0692 -0.4760
vn 0.7881 0.6079 -0.0964
vn -0.7785 -0.1273 0.6146
vn -0.6216 -0.2474 0.7432
vn -0.6248 -0.2454 0.7412
vn -0.3265 -0.3883 0.8617
vn -0.3210 -0.3902 0.8629
vn 0.0668 -0.4799 0.8748
vn 0.1016 -0.4836 0.8694
vn 0.2887 -0.4931 0.8207
vn 0.7785 0.1273 -0.6146
vn 0.6248 0.2454 -0.7412
vn 0.6216 0.2475 -0.7432
vn 0.3210 0.3903 -0.8629
vn 0.3266 0.3884 -0.8617
vn -0.1016 0.4837 -0.8693
vn -0.0667 0.4800 -0.8747
vn -0.2887 0.4933 -0.8206
vn -0.5985 -0.1606 0.7848
vn -0.6036 -0.3807 0.7005
vn -0.6038 -0.3769 0.7024
vn -0.5408 -0.6667 0.5129
vn -0.5390 -0.6710 0.5091
vn -0.3749 -0.8989 0.2268
vn -0.3565 -0.9127 0.1999
vn -0.2484 -0.9674 0.0489
vn 0.5986 0.1606 -0.7848
vn 0.6039 0.3769 -0.7023
vn 0.6037 0.3807 -0.7005
vn 0.5390 0.6710 -0.5091
vn 0.5408 0.6667 -0.5128
vn 0.3566 0.9127 -0.1997
vn 0.3750 0.8989 -0.2267
vn 0.2485 0.9674 -0.0487
vn -0.6418 -0.4929 0.5875
vn -0.7623 -0.2905 0.5783
vn -0.7605 -0.2943 0.5788
vn -0.8672 0.0311 0.4971
vn -0.8681 0.0366 0.4950
vn -0.8636 0.3925 0.3164
vn -0.8568 0.4214 0.2971
vn -0.8008 0.5694 0.1856
vn 0.6418 0.4929 -0.5875
vn 0.7605 0.2943 -0.5788
vn 0.7623 0.2904 -0.5784
vn 0.8681 -0.0366 -0.4950
vn 0.8671 -0.0311 -0.4971
vn 0.8567 -0.4215 -0.2973
vn 0.8636 -0.3925 -0.3165
vn 0.8007 -0.5695 -0.1858
vn -0.8042 -0.3271 0.4963
vn -0.7170 -0.1934 0.6697
vn -0.7189 -0.1959 0.6669
vn -0.5231 0.0309 0.8517
vn -0.5193 0.0349 0.8539
vn -0.2279 0.2959 0.9276
vn -0.2001 0.3179 0.9268
vn -0.0445 0.4302 0.9016
vn 0.8041 0.3272 -0.4963
vn 0.7189 0.1959 -0.6669
vn 0.7170 0.1934 -0.6697
vn 0.5193 -0.0348 -0.8539
vn 0.5231 -0.0308 -0.8517
vn 0.2000 -0.3178 -0.9268
vn 0.2278 -0.2959 -0.9277
vn 0.0444 -0.4301 -0.9017
vn -0.6447 -0.3939 0.6551
vn -0.6942 -0.5220 0.4956
vn -0.6155 -0.6203 0.4862
vn -0.5196 -0.5803 0.6271
vn -0.6955 -0.6403 0.3261
vn -0.4647 -0.8577 0.2202
vn -0.3191 -0.8742 0.3661
vn -0.2325 -0.9214 0.3114
vn -0.8142 -0.4519 0.3646
vn -0.2728 -0.7951 0.5416
vn -0.6781 -0.3137 0.6647
vn -0.6103 -0.3151 0.7268
vn -0.4870 -0.4857 0.7259
vn -0.3826 -0.4703 0.7953
vn -0.4221 -0.3095 0.8521
vn -0.3313 -0.6208 0.7106
vn -0.0138 -0.5869 0.8096
vn 0.0035 -0.4085 0.9128
vn 0.1147 -0.3896 0.9138
vn -0.5224 -0.6154 0.5903
vn -0.1075 -0.2520 0.9618
vn -0.6781 -0.3136 0.6647
vn -0.6683 -0.2208 0.7104
vn -0.5048 -0.1962 0.8407
vn -0.4850 -0.0753 0.8713
vn -0.6220 -0.0115 0.7829
vn -0.3290 -0.1401 0.9339
vn -0.1972 0.1654 0.9663
vn -0.3330 0.3030 0.8929
vn -0.2707 0.3956 0.8777
vn -0.3854 -0.3445 0.8560
vn -0.5097 0.3067 0.8038
vn -0.7450 -0.2408 0.6221
vn -0.7401 -0.0363 0.6716
vn -0.8062 0.0347 0.5906
vn -0.8644 -0.0984 0.4930
vn -0.7198 0.1694 0.6732
vn -0.8089 0.3909 0.4392
vn -0.9117 0.2906 0.2904
vn -0.9093 0.3627 0.2038
vn -0.6054 0.0178 0.7957
vn -0.9643 0.1058 0.2427
vn -0.7260 -0.3535 0.5898
vn -0.8537 -0.2573 0.4528
vn -0.8772 -0.3279 0.3508
vn -0.7862 -0.4677 0.4040
vn -0.9424 -0.1729 0.2863
vn -0.9565 -0.2907 -0.0263
vn -0.8761 -0.4812 -0.0277
vn -0.8552 -0.5000 -0.1369
vn -0.8767 -0.0692 0.4760
vn -0.7881 -0.6080 0.0963
vn -0.9903 -0.1130 -0.0814
vn -0.2498 -0.8567 0.4513
vn 0.4588 -0.0427 0.8875
vn -0.0570 0.5377 0.8412
vn 0.8338 0.1644 0.5270
vn 0.8328 -0.0070 0.5535
vn 0.2752 -0.9392 -0.2053
vn 0.2359 -0.8829 -0.4060
vn -0.4730 0.8276 0.3022
vn -0.2009 0.9441 0.2612
vn -0.8760 -0.1097 -0.4697
vn -0.8161 -0.1746 -0.5510
vn 0.2875 -0.6616 0.6925
vn 0.0553 -0.6913 0.7204
vn 0.0595 -0.6911 0.7203
vn -0.2897 -0.6733 0.6803
vn -0.2954 -0.6724 0.6787
vn -0.6436 -0.5607 0.5210
vn -0.6701 -0.5467 0.5020
vn -0.7994 -0.4586 0.3881
vn -0.2875 0.6616 -0.6925
vn -0.0595 0.6912 -0.7203
vn -0.0553 0.6914 -0.7204
vn 0.2954 0.6724 -0.6787
vn 0.2897 0.6733 -0.6802
vn 0.6701 0.5467 -0.5021
vn 0.6436 0.5607 -0.5210
vn 0.7994 0.4586 -0.3881
vn 0.9370 -0.1254 0.3262
vn 0.8600 0.3882 -0.3312
vn 0.5228 0.8492 0.0745
vn 0.6052 0.3281 0.7253
vn -0.1464 0.9568 0.2514
vn -0.0532 0.4340 0.8993
vn -0.7556 0.6479 0.0959
vn -0.6527 0.1302 0.7464
vn -0.9480 0.1037 -0.3009
vn -0.8420 -0.4054 0.3559
vn -0.1093 0.6104 -0.7845
vn 0.2508 0.8729 -0.4186
vn 0.4542 0.5948 -0.6633
vn -0.1528 0.9378 -0.3118
vn -0.5203 0.7515 -0.4056
vn -0.6364 0.4231 -0.6450
vn 0.7476 -0.6610 -0.0642
vn 0.6676 -0.1561 -0.7280
vn 0.1482 -0.9648 -0.2172
vn 0.0583 -0.4649 -0.8834
vn -0.5103 -0.8589 -0.0431
vn -0.6108 -0.3573 -0.7066
vn 0.3381 0.2664 -0.9026
vn -0.0294 0.0802 -0.9963
vn -0.4330 0.1451 -0.8896
vn 0.1092 -0.6104 0.7845
vn -0.1177 0.6835 -0.7204
vn -0.1515 0.8239 -0.5461
vn 0.0217 0.8456 -0.5334
vn 0.0513 0.7729 -0.6324
vn 0.1994 0.8400 -0.5046
vn -0.0319 0.9875 -0.1542
vn 0.1694 0.9658 -0.1963
vn -0.0341 0.9985 -0.0420
vn 0.2209 0.6991 -0.6800
vn -0.2076 0.9491 -0.2370
vn -0.1130 0.6179 -0.7781
vn -0.2025 0.6207 -0.7574
vn -0.4140 0.6069 -0.6784
vn -0.3770 0.7344 -0.5644
vn -0.2588 0.7536 -0.6042
vn -0.3253 0.8423 -0.4298
vn -0.7026 0.6222 -0.3452
vn -0.5935 0.7666 -0.2451
vn -0.7700 0.5803 -0.2651
vn -0.1171 0.8477 -0.5173
vn -0.6913 0.5124 -0.5095
vn -0.1639 0.5405 -0.8252
vn -0.2679 0.3527 -0.8966
vn -0.4136 0.4057 -0.8151
vn -0.3666 0.5156 -0.7744
vn -0.5494 0.4486 -0.7049
vn -0.5533 0.0224 -0.8327
vn -0.6796 0.1411 -0.7199
vn -0.5855 -0.0824 -0.8065
vn -0.4355 0.6328 -0.6402
vn -0.3785 0.0344 -0.9250
vn -0.0460 0.5531 -0.8319
vn 0.1152 0.4117 -0.9040
vn -0.0093 0.2994 -0.9541
vn -0.1069 0.3728 -0.9217
vn -0.1384 0.1754 -0.9747
vn 0.2719 0.0035 -0.9623
vn 0.0829 -0.0744 -0.9938
vn 0.3341 -0.0875 -0.9385
vn -0.2905 0.3248 -0.9001
vn 0.3575 0.1762 -0.9171
vn -0.0211 0.6464 -0.7627
vn 0.1741 0.7182 -0.6737
vn 0.2578 0.5929 -0.7629
vn 0.1555 0.5481 -0.8218
vn 0.3342 0.4447 -0.8310
vn 0.5762 0.6376 -0.5113
vn 0.6051 0.4765 -0.6378
vn 0.6538 0.6220 -0.4309
vn 0.1336 0.3824 -0.9143
vn 0.4360 0.7698 -0.4661
vn 0.0305 -0.4518 0.8916
vn 0.2152 -0.5639 0.7973
vn 0.2120 -0.5622 0.7994
vn 0.4706 -0.6625 0.5828
vn 0.4747 -0.6634 0.5785
vn 0.7026 -0.6655 0.2520
vn 0.7182 -0.6599 0.2206
vn 0.7872 -0.6150 0.0455
vn -0.0305 0.4518 -0.8916
vn -0.2120 0.5622 -0.7994
vn -0.2153 0.5639 -0.7973
vn -0.4747 0.6634 -0.5785
vn -0.4706 0.6625 -0.5828
vn -0.7182 0.6599 -0.2207
vn -0.7026 0.6655 -0.2520
vn -0.7872 0.6150 -0.0455
vn 0.2699 -0.4881 0.8300
vn 0.1794 -0.6740 0.7166
vn 0.1811 -0.6710 0.7190
vn 0.0393 -0.8798 0.4737
vn 0.0370 -0.8824 0.4690
vn -0.1154 -0.9865 0.1161
vn -0.1276 -0.9884 0.0829
vn -0.1913 -0.9765 -0.0996
vn -0.2699 0.4881 -0.8300
vn -0.1811 0.6710 -0.7190
vn -0.1794 0.6740 -0.7166
vn -0.0370 0.8825 -0.4689
vn -0.0393 0.8798 -0.4737
vn 0.1275 0.9884 -0.0828
vn 0.1153 0.9865 -0.1160
vn 0.1910 0.9765 0.0996
vn 0.0560 -0.7582 0.6496
vn -0.0038 -0.5921 0.8059
vn -0.0027 -0.5954 0.8034
vn -0.1021 -0.2917 0.9511
vn -0.1038 -0.2862 0.9525
vn -0.2138 0.0960 0.9721
vn -0.2229 0.1297 0.9662
vn -0.2671 0.3103 0.9123
vn -0.0560 0.7582 -0.6496
vn 0.0027 0.5954 -0.8034
vn 0.0038 0.5921 -0.8059
vn 0.1038 0.2862 -0.9525
vn 0.1021 0.2917 -0.9511
vn 0.2229 -0.1298 -0.9662
vn 0.2138 -0.0961 -0.9721
vn 0.2671 -0.3104 -0.9123
vn -0.0977 -0.6142 0.7830
vn 0.1050 -0.5148 0.8509
vn 0.1014 -0.5168 0.8501
vn 0.3849 -0.3092 0.8697
vn 0.3893 -0.3051 0.8691
vn 0.6420 -0.0150 0.7666
vn 0.6595 0.0119 0.7516
vn 0.7399 0.1582 0.6538
vn 0.0977 0.6142 -0.7830
vn -0.1014 0.5169 -0.8500
vn -0.1050 0.5148 -0.8509
vn -0.3893 0.3051 -0.8691
vn -0.3849 0.3092 -0.8696
vn -0.6596 -0.0119 -0.7516
vn -0.6421 0.0151 -0.7665
vn -0.7401 -0.1582 -0.6537
vn 0.1177 -0.6836 0.7203
vn -0.0513 -0.7730 0.6323
vn -0.0217 -0.8456 0.5334
vn 0.1515 -0.8239 0.5461
vn -0.1994 -0.8400 0.5047
vn -0.1694 -0.9658 0.1964
vn 0.0319 -0.9875 0.1544
vn 0.0342 -0.9985 0.0422
vn -0.2209 -0.6992 0.6800
vn 0.2076 -0.9490 0.2371
vn 0.1131 -0.6179 0.7781
vn 0.2025 -0.6207 0.7574
vn 0.2586 -0.7537 0.6042
vn 0.3770 -0.7344 0.5644
vn 0.4140 -0.6069 0.6784
vn 0.3253 -0.8423 0.4298
vn 0.5935 -0.7666 0.2451
vn 0.7027 -0.6222 0.3451
vn 0.7701 -0.5802 0.2650
vn 0.1170 -0.8478 0.5173
vn 0.6913 -0.5123 0.5095
vn 0.1639 -0.5405 0.8252
vn 0.3667 -0.5155 0.7745
vn 0.4136 -0.4057 0.8151
vn 0.2680 -0.3527 0.8965
vn 0.5494 -0.4486 0.7049
vn 0.6796 -0.1411 0.7199
vn 0.5533 -0.0224 0.8327
vn 0.5856 0.0824 0.8064
vn 0.4355 -0.6327 0.6403
vn 0.3785 -0.0345 0.9249
vn 0.0460 -0.5531 0.8319
vn 0.1069 -0.3728 0.9217
vn 0.0093 -0.2994 0.9541
vn -0.1152 -0.4117 0.9040
vn 0.1383 -0.1754 0.9747
vn -0.0830 0.0745 0.9938
vn -0.2719 -0.0035 0.9623
vn -0.3340 0.0875 0.9385
vn 0.2905 -0.3248 0.9001
vn -0.3575 -0.1762 0.9171
vn 0.0211 -0.6464 0.7627
vn -0.1554 -0.5481 0.8219
vn -0.2578 -0.5929 0.7629
vn -0.1741 -0.7181 0.6738
vn -0.3342 -0.4447 0.8310
vn -0.6051 -0.4766 0.6378
vn -0.5762 -0.6376 0.5113
vn -0.6537 -0.6220 0.4310
vn -0.1336 -0.3824 0.9143
vn -0.4360 -0.7698 0.4662
vn -0.6423 -0.3144 0.6990
vn 0.1528 -0.9778 0.1434
vn 0.9830 -0.1658 0.0789
vn -0.0570 0.5378 0.8411
vn 0.9266 0.1997 -0.3188
vn 0.9271 0.0433 -0.3722
vn -0.0971 -0.7653 -0.6363
vn -0.2682 -0.6714 -0.6908
vn 0.0413 0.5946 0.8030
vn 0.1713 0.7695 0.6152
vn -0.9000 -0.1726 0.4002
vn -0.9315 -0.2043 0.3009
vn 0.2500 -0.4598 -0.8521
vn 0.4562 -0.4912 -0.7421
vn 0.7076 -0.4975 -0.5019
vn 0.7111 -0.4972 -0.4971
vn 0.8856 -0.4418 -0.1435
vn 0.8942 -0.4340 -0.1100
vn 0.9212 -0.3818 0.0745
vn -0.2499 0.4598 0.8521
vn -0.4526 0.4909 0.7444
vn -0.4561 0.4912 0.7421
vn -0.7111 0.4972 0.4971
vn -0.7076 0.4975 0.5019
vn -0.8942 0.4339 0.1100
vn -0.8856 0.4418 0.1435
vn -0.9212 0.3818 -0.0745
vn -0.9286 0.3298 -0.1700
vn -0.4733 0.8620 -0.1816
vn -0.0991 0.5199 -0.8485
vn 0.1552 0.9825 0.1033
vn 0.5193 0.6384 -0.5681
vn 0.5888 0.6206 0.5179
vn 0.5733 -0.0116 0.8193
vn -0.4411 0.3950 0.8059
vn -0.5461 0.7533 0.3666
vn -0.8207 0.4323 0.3736
vn -0.1669 0.8260 0.5384
vn 0.0945 0.6077 0.7885
vn 0.0852 0.2263 0.9703
vn -0.9441 -0.3024 0.1314
vn 0.4826 -0.8633 0.1478
vn 0.1180 -0.5438 0.8309
vn -0.5685 -0.1674 0.8055
vn 0.4410 -0.3950 -0.8059
vn -0.4051 0.4811 0.7774
vn -0.4996 0.5961 0.6286
vn -0.1775 0.9176 0.3558
vn -0.1115 0.9556 0.2728
vn -0.4351 0.4035 0.8049
vn -0.3515 0.4078 0.8427
vn -0.1339 0.4051 0.9044
vn -0.2320 0.5718 0.7869
vn -0.0866 0.6976 0.7112
vn 0.2911 0.4898 0.8218
vn 0.2455 0.6586 0.7113
vn -0.3056 0.6899 0.6562
vn 0.1984 0.3437 0.9179
vn -0.4129 0.3150 0.8546
vn -0.0455 -0.2045 0.9778
vn 0.1084 -0.0670 0.9919
vn 0.0078 -0.3010 0.9536
vn -0.5130 0.3303 0.7923
vn -0.6684 0.1822 0.7211
vn -0.5849 0.0561 0.8092
vn -0.4961 0.1311 0.8583
vn -0.7817 -0.2212 0.5831
vn -0.8073 -0.3010 0.5077
vn -0.3305 0.0826 0.9402
vn -0.8437 -0.0394 0.5353
vn -0.6161 0.5379 0.5755
vn -0.6683 0.3361 0.6636
vn -0.8347 0.5158 0.1930
vn -0.9134 0.3300 0.2382
vn -0.8482 0.5234 0.0813
vn -0.6859 0.1521 0.7116
vn 0.5488 -0.2182 -0.8070
vn 0.3581 -0.3424 -0.8686
vn 0.3617 -0.3403 -0.8679
vn 0.0388 -0.4801 -0.8764
vn 0.0331 -0.4818 -0.8756
vn -0.3406 -0.5547 -0.7592
vn -0.3721 -0.5563 -0.7430
vn -0.5351 -0.5529 -0.6387
vn -0.5488 0.2182 0.8069
vn -0.3618 0.3404 0.8679
vn -0.0332 0.4819 0.8756
vn -0.0388 0.4801 0.8763
vn 0.3721 0.5563 0.7430
vn 0.3406 0.5547 0.7592
vn 0.5351 0.5529 0.6387
vn 0.3456 -0.7386 -0.5788
vn -0.3520 0.4667 0.8114
vn -0.3523 0.4703 0.8091
vn -0.3456 0.7386 0.5788
vn -0.3462 0.7347 0.5834
vn -0.2639 0.9423 0.2058
vn -0.2734 0.9319 0.2383
vn -0.2069 0.9781 0.0243
vn 0.4218 -0.5732 -0.7025
vn 0.6733 -0.0483 -0.7378
vn 0.7293 0.3533 -0.5860
vn 0.7126 0.5133 -0.4783
vn -0.4217 0.5732 0.7026
vn -0.6734 0.0483 0.7377
vn -0.7293 -0.3532 0.5859
vn -0.7294 -0.3223 0.6033
vn -0.7127 -0.5132 0.4783
vn 0.6068 -0.4073 -0.6826
vn 0.4750 -0.2885 -0.8313
vn -0.0653 0.1989 -0.9778
vn -0.0912 0.2221 -0.9708
vn -0.2298 0.3431 -0.9108
vn -0.4750 0.2885 0.8313
vn -0.2308 0.0671 0.9707
vn 0.0911 -0.2222 0.9707
vn 0.0653 -0.1990 0.9778
vn 0.2296 -0.3434 0.9107
vn 0.4051 -0.4811 -0.7774
vn 0.2921 -0.6583 -0.6938
vn 0.5514 -0.6983 -0.4566
vn 0.3613 -0.8944 -0.2638
vn 0.4351 -0.4037 -0.8048
vn 0.2320 -0.5718 -0.7869
vn 0.1338 -0.4051 -0.9044
vn 0.0865 -0.6977 -0.7112
vn -0.2454 -0.6586 -0.7113
vn -0.2911 -0.4899 -0.8218
vn -0.3968 -0.4662 -0.7907
vn 0.3055 -0.6900 -0.6562
vn 0.4351 -0.4036 -0.8048
vn 0.2177 -0.2952 -0.9303
vn 0.0225 -0.2399 -0.9705
vn 0.0455 0.2044 -0.9778
vn -0.0077 0.3008 -0.9537
vn 0.0972 -0.4387 -0.8934
vn 0.6685 -0.1823 -0.7211
vn 0.6395 0.3120 -0.7027
vn 0.7817 0.2212 -0.5831
vn 0.8073 0.3010 -0.5076
vn 0.3305 -0.0826 -0.9402
vn 0.5032 -0.4387 -0.7446
vn 0.6683 -0.3362 -0.6636
vn 0.7211 -0.3981 -0.5670
vn 0.6160 -0.5379 -0.5755
vn 0.9135 -0.3300 -0.2381
vn 0.8481 -0.5235 -0.0813
vn 0.7107 -0.6493 -0.2706
vn 0.9626 -0.1510 -0.2248
vn 0.0787 -0.9037 -0.4208
vn -0.7192 -0.0969 -0.6880
vn 0.2197 0.5593 -0.7993
vn -0.9532 0.1529 -0.2607
vn -0.9657 -0.0171 -0.2590
vn -0.2074 -0.9040 0.3740
vn 0.3687 0.7742 -0.5145
vn 0.1291 0.9073 -0.4003
vn 0.9765 -0.1056 0.1879
vn 0.9456 -0.1640 0.2809
vn -0.0209 -0.4598 0.8878
vn -0.2485 -0.4912 0.8348
vn -0.2445 -0.4909 0.8362
vn -0.5536 -0.4975 0.6679
vn -0.5583 -0.4972 0.6642
vn -0.8183 -0.4417 0.3678
vn -0.8353 -0.4339 0.3377
vn -0.9092 -0.3817 0.1666
vn 0.0209 0.4598 -0.8878
vn 0.2445 0.4909 -0.8362
vn 0.2485 0.4912 -0.8348
vn 0.5583 0.4972 -0.6642
vn 0.5536 0.4974 -0.6679
vn 0.8353 0.4338 -0.3377
vn 0.8183 0.4416 -0.3678
vn 0.9092 0.3816 -0.1666
vn 0.7452 -0.0039 0.6669
vn 0.9410 0.3298 -0.0763
vn 0.5042 0.8620 0.0529
vn 0.3154 0.5199 0.7939
vn -0.1767 0.9825 -0.0596
vn -0.3545 0.6384 0.6832
vn -0.7027 0.6206 -0.3478
vn -0.8721 0.2824 0.3996
vn -0.7658 -0.0116 -0.6430
vn -0.9342 -0.3396 0.1093
vn 0.2174 0.3949 -0.8926
vn 0.4326 0.7532 -0.4955
vn 0.6961 0.4322 -0.5733
vn 0.0219 0.8259 -0.5633
vn -0.2955 0.6077 -0.7372
vn -0.3335 0.2264 -0.9152
vn 0.6831 -0.6258 0.3765
vn 0.8779 -0.3024 -0.3713
vn 0.1655 -0.9818 0.0930
vn 0.3519 -0.6642 -0.6595
vn -0.5044 -0.8633 -0.0177
vn -0.3290 -0.5438 -0.7721
vn 0.6580 0.0509 -0.7513
vn 0.3407 -0.1673 -0.9252
vn -0.0700 -0.0946 -0.9931
vn -0.2174 -0.3949 0.8926
vn 0.1901 0.4812 -0.8558
vn 0.1025 0.6583 -0.7457
vn 0.2600 0.6895 -0.6760
vn 0.3198 0.5961 -0.7364
vn 0.4144 0.6982 -0.5837
vn 0.0794 0.9176 -0.3895
vn 0.2807 0.8944 -0.3483
vn 0.0370 0.9556 -0.2922
vn 0.4909 0.5198 -0.6992
vn -0.0558 0.8530 -0.5190
vn 0.2120 0.4036 -0.8901
vn 0.1214 0.4078 -0.9050
vn -0.1048 0.4051 -0.9082
vn -0.1051 0.5581 -0.8231
vn 0.0203 0.5718 -0.8202
vn -0.1004 0.6977 -0.7094
vn -0.4939 0.4899 -0.7184
vn -0.4212 0.6587 -0.6235
vn -0.5880 0.4661 -0.6611
vn 0.1253 0.6899 -0.7130
vn -0.4292 0.3437 -0.8353
vn 0.2120 0.4036 -0.8900
vn 0.1778 0.3150 -0.9323
vn 0.0970 0.1114 -0.9890
vn -0.0652 0.1767 -0.9821
vn -0.0305 0.2952 -0.9550
vn -0.2294 0.2399 -0.9433
vn -0.2091 -0.2045 -0.9563
vn -0.3614 -0.0670 -0.9300
vn -0.2543 -0.3008 -0.9191
vn -0.1373 0.4386 -0.8881
vn -0.0124 -0.2083 -0.9780
vn 0.2905 0.3303 -0.8981
vn 0.4591 0.1823 -0.8695
vn 0.3556 0.0562 -0.9330
vn 0.2570 0.1311 -0.9575
vn 0.2366 -0.0742 -0.9688
vn 0.6042 -0.2211 -0.7655
vn 0.4359 -0.3120 -0.8442
vn 0.6484 -0.3010 -0.6993
vn 0.0759 0.0827 -0.9937
vn 0.6765 -0.0393 -0.7354
vn 0.2934 0.4386 -0.8494
vn 0.4461 0.5379 -0.7153
vn 0.5498 0.3981 -0.7344
vn 0.4737 0.3361 -0.8140
vn 0.6377 0.2409 -0.7316
vn 0.7563 0.5158 -0.4024
vn 0.8207 0.3300 -0.4664
vn 0.7982 0.5234 -0.2980
vn 0.4783 0.1521 -0.8649
vn 0.6165 0.6493 -0.4454
vn -0.3212 -0.2182 0.9215
vn -0.1210 -0.3424 0.9317
vn -0.1247 -0.3403 0.9320
vn 0.1893 -0.4801 0.8565
vn 0.1946 -0.4819 0.8544
vn 0.5255 -0.5546 0.6452
vn 0.5518 -0.5562 0.6214
vn 0.6823 -0.5527 0.4785
vn 0.3212 0.2182 -0.9215
vn 0.1247 0.3403 -0.9320
vn 0.1210 0.3424 -0.9317
vn -0.1946 0.4818 -0.8544
vn -0.1893 0.4801 -0.8565
vn -0.5517 0.5563 -0.6214
vn -0.5255 0.5546 -0.6452
vn -0.6822 0.5528 -0.4784
vn -0.0782 -0.2588 0.9628
vn -0.1309 -0.4703 0.8728
vn -0.1300 -0.4667 0.8748
vn -0.1834 -0.7347 0.6531
vn -0.1840 -0.7386 0.6485
vn -0.2024 -0.9319 0.3009
vn -0.2017 -0.9423 0.2671
vn -0.1936 -0.9781 0.0770
vn 0.0782 0.2588 -0.9628
vn 0.1300 0.4667 -0.8748
vn 0.1309 0.4703 -0.8728
vn 0.1840 0.7386 -0.6485
vn 0.1834 0.7348 -0.6531
vn 0.2017 0.9423 -0.2671
vn 0.2024 0.9319 -0.3009
vn 0.1936 0.9780 -0.0770
vn -0.2255 -0.5732 0.7877
vn -0.3293 -0.3765 0.8659
vn -0.3276 -0.3802 0.8649
vn -0.4576 -0.0539 0.8875
vn -0.4595 -0.0483 0.8869
vn -0.5484 0.3223 0.7716
vn -0.5529 0.3532 0.7547
vn -0.5647 0.5131 0.6464
vn 0.2255 0.5733 -0.7877
vn 0.3276 0.3802 -0.8650
vn 0.3293 0.3765 -0.8659
vn 0.4595 0.0483 -0.8869
vn 0.4576 0.0539 -0.8875
vn 0.5528 -0.3532 -0.7547
vn 0.5484 -0.3223 -0.7716
vn 0.5647 -0.5131 -0.6464
vn -0.4095 -0.4074 0.8163
vn -0.2404 -0.2862 0.9275
vn -0.2436 -0.2886 0.9259
vn 0.0238 -0.0711 0.9972
vn 0.0283 -0.0672 0.9973
vn 0.3162 0.1989 0.9276
vn 0.3394 0.2221 0.9141
vn 0.4577 0.3431 0.8202
vn 0.4094 0.4074 -0.8164
vn 0.2436 0.2886 -0.9260
vn 0.2404 0.2862 -0.9275
vn -0.0283 0.0672 -0.9973
vn -0.0238 0.0711 -0.9972
vn -0.3393 -0.2221 -0.9141
vn -0.3162 -0.1989 -0.9276
vn -0.4577 -0.3432 -0.8202
vn -0.1900 -0.4812 0.8558
vn -0.3198 -0.5961 0.7364
vn -0.2600 -0.6895 0.6760
vn -0.1025 -0.6583 0.7457
vn -0.4144 -0.6983 0.5837
vn -0.2807 -0.8944 0.3483
vn -0.0794 -0.9176 0.3895
vn -0.0370 -0.9556 0.2922
vn -0.4909 -0.5198 0.6992
vn 0.0557 -0.8530 0.5190
vn -0.2120 -0.4036 0.8900
vn -0.1214 -0.4078 0.9050
vn -0.0203 -0.5718 0.8202
vn 0.1051 -0.5581 0.8231
vn 0.1048 -0.4051 0.9082
vn 0.1005 -0.6977 0.7094
vn 0.4212 -0.6586 0.6236
vn 0.4938 -0.4898 0.7185
vn 0.5879 -0.4661 0.6612
vn -0.1253 -0.6899 0.7129
vn 0.4292 -0.3437 0.8353
vn -0.1778 -0.3150 0.9323
vn 0.0305 -0.2952 0.9550
vn 0.0652 -0.1768 0.9821
vn -0.0970 -0.1114 0.9890
vn 0.2294 -0.2399 0.9433
vn 0.3614 0.0670 0.9300
vn 0.2091 0.2044 0.9563
vn 0.2543 0.3008 0.9192
vn 0.1373 -0.4387 0.8881
vn 0.0124 0.2083 0.9780
vn -0.2905 -0.3303 0.8981
vn -0.2570 -0.1311 0.9575
vn -0.3556 -0.0562 0.9330
vn -0.4590 -0.1823 0.8695
vn -0.2366 0.0742 0.9688
vn -0.4359 0.3119 0.8442
vn -0.6042 0.2211 0.7655
vn -0.6484 0.3010 0.6993
vn -0.0759 -0.0826 0.9937
vn -0.6764 0.0393 0.7354
vn -0.2933 -0.4387 0.8494
vn -0.4738 -0.3362 0.8140
vn -0.5498 -0.3981 0.7344
vn -0.4461 -0.5379 0.7153
vn -0.6377 -0.2409 0.7316
vn -0.8207 -0.3300 0.4664
vn -0.7563 -0.5158 0.4024
vn -0.7982 -0.5235 0.2981
vn -0.4783 -0.1521 0.8649
vn -0.6165 -0.6493 0.4454
vn -0.8716 -0.1510 0.4664
vn 0.0330 -0.9038 0.4267
vn 0.8728 -0.0969 0.4784
vn -0.0052 0.5592 0.8290
vn 0.9882 0.1529 0.0051
vn 0.9999 -0.0171 0.0003
vn 0.1035 -0.9040 -0.4149
vn -0.0330 -0.8304 -0.5562
vn -0.2230 0.7742 0.5924
vn -0.0211 0.9073 0.4200
vn -0.9919 -0.1056 0.0712
vn -0.9861 -0.1640 -0.0266
vn -0.5310 -0.6911 -0.4902
vn -0.4227 -0.6003 -0.6790
vn -0.4249 -0.6022 -0.6759
vn -0.2129 -0.4144 -0.8849
vn -0.2089 -0.4108 -0.8875
vn 0.0719 -0.1466 -0.9866
vn 0.0974 -0.1220 -0.9877
vn 0.2337 0.0145 -0.9722
vn 0.5310 0.6911 0.4903
vn 0.4249 0.6022 0.6759
vn 0.4227 0.6003 0.6789
vn 0.2089 0.4108 0.8875
vn 0.2130 0.4144 0.8848
vn -0.0974 0.1219 0.9878
vn -0.0719 0.1465 0.9866
vn -0.2338 -0.0147 0.9722
vn -0.7238 -0.5632 0.3986
vn -0.2925 -0.1038 0.9506
vn -0.5652 0.4783 0.6722
vn -0.9922 0.0095 0.1247
vn -0.3830 0.9111 0.1524
vn -0.8129 0.4354 -0.3868
vn 0.1473 0.9411 -0.3042
vn -0.2911 0.4650 -0.8361
vn 0.7152 0.5508 -0.4303
vn 0.2676 0.0808 -0.9601
vn 0.5246 0.5548 0.6458
vn -0.0310 0.6162 0.7870
vn 0.1335 0.2651 0.9549
vn 0.0788 0.8773 0.4734
vn 0.3988 0.8954 0.1980
vn 0.7414 0.6600 0.1218
vn -0.1651 -0.9473 0.2746
vn 0.2754 -0.4942 0.8246
vn 0.3568 -0.9177 -0.1748
vn 0.8058 -0.4641 0.3679
vn 0.5360 -0.4918 -0.6862
vn 0.9879 -0.0313 -0.1519
vn 0.4761 0.0296 0.8789
vn 0.7960 0.0477 0.6034
vn 0.9059 0.3089 0.2898
vn -0.5246 -0.5547 -0.6458
vn 0.4577 0.6247 0.6327
vn 0.2975 0.7694 0.5652
vn 0.1899 0.7025 0.6859
vn 0.2735 0.6212 0.7344
vn 0.0743 0.6102 0.7888
vn -0.1252 0.8659 0.4842
vn -0.1919 0.7454 0.6384
vn -0.2174 0.8807 0.4209
vn 0.2421 0.4710 0.8482
vn 0.0446 0.9171 0.3962
vn 0.5195 0.5633 0.6425
vn 0.5494 0.6111 0.5699
vn 0.6013 0.7072 0.3719
vn 0.4555 0.8035 0.3834
vn 0.4199 0.7598 0.4963
vn 0.2907 0.8761 0.3846
vn 0.4814 0.8763 -0.0175
vn 0.3042 0.9508 0.0590
vn 0.4638 0.8765 -0.1289
vn 0.2497 0.7740 0.5819
vn 0.6373 0.7695 0.0415
vn 0.6052 0.5198 0.6030
vn 0.7682 0.4063 0.4947
vn 0.7653 0.5277 0.3686
vn 0.6781 0.6010 0.4230
vn 0.7368 0.6366 0.2280
vn 0.9567 0.2645 0.1219
vn 0.9006 0.4343 0.0181
vn 0.9808 0.1907 0.0402
vn 0.5749 0.7418 0.3453
vn 0.9353 0.1846 0.3018
vn 0.5194 0.5633 0.6425
vn 0.5449 0.4718 0.6932
vn 0.5558 0.2664 0.7875
vn 0.6922 0.2293 0.6843
vn 0.6980 0.3425 0.6289
vn 0.8104 0.1854 0.5557
vn 0.6300 -0.1674 0.7583
vn 0.7762 -0.1420 0.6143
vn 0.6026 -0.2763 0.7487
vn 0.7904 0.3932 0.4697
vn 0.5019 -0.0587 0.8630
vn 0.4508 0.5427 0.7087
vn 0.2567 0.5110 0.8203
vn 0.3181 0.3576 0.8781
vn 0.4316 0.3676 0.8238
vn 0.3725 0.1887 0.9087
vn -0.0648 0.2470 0.9669
vn 0.0652 0.0884 0.9939
vn -0.1663 0.1977 0.9661
vn 0.5623 0.2316 0.7939
vn -0.0627 0.4330 0.8992
vn -0.6120 -0.3742 -0.6967
vn -0.6035 -0.5667 -0.5609
vn -0.6039 -0.5635 -0.5637
vn -0.5391 -0.7871 -0.2997
vn -0.5376 -0.7900 -0.2947
vn -0.3946 -0.9172 0.0545
vn -0.3791 -0.9213 0.0861
vn -0.2867 -0.9231 0.2562
vn 0.6121 0.3741 0.6967
vn 0.6040 0.5635 0.5636
vn 0.6035 0.5667 0.5609
vn 0.5376 0.7900 0.2947
vn 0.5392 0.7871 0.2996
vn 0.3791 0.9213 -0.0861
vn 0.3946 0.9173 -0.0544
vn 0.2867 0.9231 -0.2562
vn -0.6791 -0.5271 -0.5109
vn -0.4899 -0.6472 -0.5840
vn -0.4936 -0.6453 -0.5830
vn -0.1649 -0.7646 -0.6230
vn -0.1591 -0.7660 -0.6229
vn 0.2336 -0.7932 -0.5625
vn 0.2672 -0.7899 -0.5520
vn 0.4445 -0.7546 -0.4827
vn 0.6791 0.5271 0.5108
vn 0.4936 0.6453 0.5830
vn 0.4899 0.6472 0.5841
vn 0.1591 0.7659 0.6229
vn 0.1649 0.7646 0.6230
vn -0.2673 0.7899 0.5520
vn -0.2336 0.7931 0.5625
vn -0.4445 0.7546 0.4827
vn -0.3482 -0.6611 -0.6646
vn -0.4871 -0.4817 -0.7285
vn -0.4848 -0.4852 -0.7277
vn -0.6331 -0.1673 -0.7558
vn -0.6348 -0.1616 -0.7556
vn -0.6956 0.2251 -0.6822
vn -0.6952 0.2586 -0.6707
vn -0.6772 0.4351 -0.5933
vn 0.3481 0.6612 0.6645
vn 0.4848 0.4853 0.7276
vn 0.4871 0.4818 0.7284
vn 0.6348 0.1615 0.7556
vn 0.6330 0.1672 0.7558
vn 0.6951 -0.2586 0.6708
vn 0.6956 -0.2251 0.6823
vn 0.6771 -0.4351 0.5934
vn -0.4131 -0.4551 -0.7888
vn -0.6016 -0.4674 -0.6478
vn -0.5985 -0.4674 -0.6507
vn -0.8201 -0.4278 -0.3801
vn -0.8230 -0.4265 -0.3751
vn -0.9523 -0.3047 -0.0186
vn -0.9567 -0.2906 0.0135
vn -0.9600 -0.2075 0.1883
vn 0.4131 0.4551 0.7889
vn 0.5985 0.4674 0.6507
vn 0.6016 0.4673 0.6478
vn 0.8230 0.4265 0.3751
vn 0.8201 0.4278 0.3801
vn 0.9567 0.2906 -0.0135
vn 0.9523 0.3047 0.0186
vn 0.9600 0.2075 -0.1883
vn -0.4577 -0.6247 -0.6327
vn -0.2735 -0.6212 -0.7344
vn -0.1899 -0.7025 -0.6859
vn -0.2975 -0.7694 -0.5652
vn -0.0744 -0.6102 -0.7888
vn 0.1919 -0.7454 -0.6384
vn 0.1252 -0.8660 -0.4842
vn 0.2173 -0.8807 -0.4209
vn -0.2421 -0.4711 -0.8482
vn -0.0446 -0.9171 -0.3962
vn -0.5194 -0.5633 -0.6426
vn -0.5494 -0.6110 -0.5699
vn -0.4199 -0.7598 -0.4964
vn -0.4555 -0.8035 -0.3834
vn -0.6013 -0.7072 -0.3719
vn -0.2907 -0.8761 -0.3846
vn -0.3042 -0.9508 -0.0590
vn -0.4813 -0.8764 0.0175
vn -0.4638 -0.8765 0.1289
vn -0.2496 -0.7740 -0.5819
vn -0.6372 -0.7695 -0.0415
vn -0.5194 -0.5633 -0.6425
vn -0.6052 -0.5199 -0.6029
vn -0.6780 -0.6011 -0.4230
vn -0.7653 -0.5277 -0.3686
vn -0.7682 -0.4063 -0.4947
vn -0.7368 -0.6366 -0.2279
vn -0.9006 -0.4343 -0.0181
vn -0.9567 -0.2644 -0.1219
vn -0.9808 -0.1906 -0.0402
vn -0.5749 -0.7418 -0.3453
vn -0.9353 -0.1845 -0.3018
vn -0.5448 -0.4718 -0.6932
vn -0.6980 -0.3426 -0.6288
vn -0.6923 -0.2293 -0.6843
vn -0.5558 -0.2664 -0.7875
vn -0.8105 -0.1853 -0.5556
vn -0.7763 0.1421 -0.6142
vn -0.6301 0.1675 -0.7583
vn -0.6026 0.2764 -0.7487
vn -0.7905 -0.3932 -0.4695
vn -0.5019 0.0587 -0.8629
vn -0.4508 -0.5428 -0.7086
vn -0.4316 -0.3676 -0.8238
vn -0.3180 -0.3576 -0.8781
vn -0.2567 -0.5111 -0.8203
vn -0.3725 -0.1887 -0.9087
vn -0.0652 -0.0884 -0.9939
vn 0.0648 -0.2470 -0.9668
vn 0.1661 -0.1978 -0.9661
vn -0.5623 -0.2316 -0.7939
vn 0.0627 -0.4330 -0.8992
vn -0.3327 -0.9422 0.0402
vn -0.8405 -0.0363 -0.5406
vn 0.1835 0.4596 -0.8689
vn 0.5747 -0.5758 -0.5815
vn 0.3926 0.7415 -0.5442
vn 0.2313 0.8164 -0.5292
vn -0.8736 0.4697 0.1273
vn -0.8155 0.4653 0.3441
vn 0.6979 -0.6763 -0.2359
vn 0.8863 -0.4426 -0.1364
vn -0.3474 -0.7985 0.4917
vn -0.4322 -0.7414 0.5134
s 1
f 1/1/1 2/2/2 3/3/3
f 1/1/1 4/4/4 2/2/2
f 1/1/1 5/5/5 4/6/4
f 1/1/1 3/3/3 5/5/5
f 6/7/6 7/8/7 8/9/8 9/10/9
f 10/11/10 11/12/11 7/8/7 6/7/6
f 12/13/12 13/14/13 11/15/11 10/16/10
f 9/10/9 8/9/8 13/14/13 12/13/12
f 2/2/2 14/17/14 15/18/15 3/3/3
f 4/4/4 16/19/16 14/17/14 2/2/2
f 5/5/5 17/20/17 16/21/16 4/6/4
f 3/3/3 15/18/15 17/20/17 5/5/5
f 14/17/14 18/22/18 19/23/19 15/18/15
f 16/19/16 20/24/20 18/22/18 14/17/14
f 17/20/17 21/25/21 20/26/20 16/21/16
f 15/18/15 19/23/19 21/25/21 17/20/17
f 18/22/18 22/27/22 23/28/23 19/23/19
f 20/24/20 24/29/24 22/27/22 18/22/18
f 21/25/21 25/30/25 24/31/24 20/26/20
f 19/23/19 23/28/23 25/30/25 21/25/21
s 2
f 26/32/26 27/33/27 28/34/28 29/35/29
f 30/36/30 28/37/28 27/33/27 31/38/31
f 32/39/32 29/40/29 28/37/28 30/36/30
f 33/41/33 26/32/26 29/42/29 32/43/32
f 31/38/31 27/33/27 26/32/26 33/41/33
f 34/44/34 30/36/30 31/38/31 35/45/35
f 36/46/36 32/39/32 30/36/30 34/44/34
f 37/47/37 33/41/33 32/43/32 36/48/36
f 35/45/35 31/38/31 33/41/33 37/47/37
s 3
f 38/49/38 39/50/39 40/51/40
f 39/50/39 41/52/41 42/53/42 43/54/43
f 41/52/41 44/55/44 42/53/42
f 42/53/42 45/56/45 43/54/43
f 43/54/43 46/57/46 40/51/40
f 47/58/47 39/50/39 48/59/48
f 39/50/39 49/60/49 50/61/50 51/62/51
f 39/50/39 51/62/51 41/52/41
f 51/62/51 50/61/50 52/63/52
f 50/61/50 49/60/49 53/64/53
f 49/60/49 54/65/54 55/66/55
f 51/62/51 56/67/56 41/52/41
f 38/49/38 48/59/48 39/50/39
f 47/58/47 54/65/54 39/50/39
f 39/50/39 43/54/43 40/51/40
f 54/65/54 49/60/49 39/50/39
s 4
f 57/68/57 58/69/58 59/70/59
f 59/70/59 60/71/60 61/72/61 62/73/62
f 62/73/62 61/72/61 63/74/63
f 61/72/61 60/71/60 64/75/64
f 60/71/60 58/69/58 65/76/65
f 66/77/66 67/78/67 59/70/59
f 59/70/59 68/79/68 69/80/69 70/81/70
f 59/70/59 62/73/62 68/79/68
f 68/79/68 71/82/71 69/80/69
f 69/80/69 72/83/72 70/81/70
f 70/81/70 73/84/73 74/85/74
f 68/79/68 62/73/62 75/86/75
f 57/68/57 59/70/59 67/78/67
f 66/77/66 59/70/59 74/85/74
f 59/70/59 58/69/58 60/71/60
f 74/85/74 59/70/59 70/81/70
s 2
f 76/87/76 77/88/77 78/89/78 79/90/79
f 80/91/80 78/92/78 77/88/77 81/93/81
f 82/94/82 79/95/79 78/92/78 80/91/80
f 83/96/83 76/87/76 79/97/79 82/98/82
f 81/93/81 77/88/77 76/87/76 83/96/83
f 37/99/37 80/91/80 81/93/81 35/45/35
f 36/46/36 82/94/82 80/91/80 37/99/37
f 34/100/34 83/96/83 82/98/82 36/48/36
f 35/45/35 81/93/81 83/96/83 34/100/34
s 5
f 84/101/84 85/102/85 86/103/86
f 85/102/85 87/104/87 88/105/88 89/106/89
f 87/104/87 90/107/90 88/105/88
f 88/105/88 91/108/91 89/106/89
f 89/106/89 92/109/92 86/103/86
f 93/110/93 85/102/85 94/111/94
f 85/102/85 95/112/95 96/113/96 97/114/97
f 85/102/85 97/114/97 87/104/87
f 97/114/97 96/113/96 98/115/98
f 96/113/96 95/112/95 99/116/99
f 95/112/95 100/117/100 101/118/101
f 97/114/97 102/119/102 87/104/87
f 84/101/84 94/111/94 85/102/85
f 93/110/93 100/117/100 85/102/85
f 85/102/85 89/106/89 86/103/86
f 100/117/100 95/112/95 85/102/85
s 6
f 103/120/103 104/121/104 105/122/105
f 105/122/105 106/123/106 107/124/107 108/125/108
f 108/125/108 107/124/107 109/126/109
f 107/124/107 106/123/106 110/127/110
f 106/123/106 104/121/104 111/128/111
f 112/129/112 113/130/113 105/122/105
f 105/122/105 114/131/114 115/132/115 116/133/116
f 105/122/105 108/125/108 114/131/114
f 114/131/114 117/134/117 115/132/115
f 115/132/115 118/135/118 116/133/116
f 116/133/116 119/136/119 120/137/120
f 114/131/114 108/125/108 121/138/121
f 103/120/103 105/122/105 113/130/113
f 112/129/112 105/122/105 120/137/120
f 105/122/105 104/121/104 106/123/106
f 120/137/120 105/122/105 116/133/116
s 1
f 22/27/22 6/7/6 9/10/9 23/28/23
f 24/29/24 10/11/10 6/7/6 22/27/22
f 25/30/25 12/13/12 10/16/10 24/31/24
f 23/28/23 9/10/9 12/13/12 25/30/25
s 7
f 122/139/122 123/140/123 124/141/124 125/142/125
f 126/143/126 124/144/124 123/140/123 127/145/127
f 128/146/128 125/147/125 124/144/124 126/143/126
f 129/148/129 122/139/122 125/149/125 128/150/128
f 127/145/127 123/140/123 122/139/122 129/148/129
f 18/22/18 130/151/130 131/152/131 132/153/132
f 133/154/133 134/155/134 130/151/130 18/22/18
f 21/25/21 135/156/135 134/157/134 133/158/133
f 132/153/132 131/152/131 135/156/135 21/25/21
s 8
f 136/159/136 137/160/137 138/161/138
f 137/160/137 139/162/139 140/163/140 141/164/141
f 139/162/139 142/165/142 140/163/140
f 140/163/140 143/166/143 141/164/141
f 141/164/141 144/167/144 138/161/138
f 145/168/145 137/160/137 146/169/146
f 137/160/137 147/170/147 148/171/148 149/172/149
f 137/160/137 149/172/149 139/162/139
f 149/172/149 148/171/148 150/173/150
f 148/171/148 147/170/147 151/174/151
f 147/170/147 152/175/152 153/176/153
f 149/172/149 154/177/154 139/162/139
f 136/159/136 146/169/146 137/160/137
f 145/168/145 152/175/152 137/160/137
f 137/160/137 141/164/141 138/161/138
f 152/175/152 147/170/147 137/160/137
s 9
f 155/178/155 156/179/156 157/180/157
f 157/180/157 158/181/158 159/182/159 160/183/160
f 160/183/160 159/182/159 161/184/161
f 159/182/159 158/181/158 162/185/162
f 158/181/158 156/179/156 163/186/163
f 164/187/164 165/188/165 157/180/157
f 157/180/157 166/189/166 167/190/167 168/191/168
f 157/180/157 160/183/160 166/189/166
f 166/189/166 169/192/169 167/190/167
f 167/190/167 170/193/170 168/191/168
f 168/191/168 171/194/171 172/195/172
f 166/189/166 160/183/160 173/196/173
f 155/178/155 157/180/157 165/188/165
f 164/187/164 157/180/157 172/195/172
f 157/180/157 156/179/156 158/181/158
f 172/195/172 157/180/157 168/191/168
s 10
f 174/197/174 175/198/175 176/199/176
f 175/198/175 177/200/177 178/201/178 179/202/179
f 177/200/177 180/203/180 178/201/178
f 178/201/178 181/204/181 179/202/179
f 179/202/179 182/205/182 176/199/176
f 183/206/183 175/198/175 184/207/184
f 175/198/175 185/208/185 186/209/186 187/210/187
f 175/198/175 187/210/187 177/200/177
f 187/210/187 186/209/186 188/211/188
f 186/209/186 185/208/185 189/212/189
f 185/208/185 190/213/190 191/214/191
f 187/210/187 192/215/192 177/200/177
f 174/197/174 184/207/184 175/198/175
f 183/206/183 190/213/190 175/198/175
f 175/198/175 179/202/179 176/199/176
f 190/213/190 185/208/185 175/198/175
s 11
f 193/216/193 194/217/194 195/218/195
f 195/218/195 196/219/196 197/220/197 198/221/198
f 198/221/198 197/220/197 199/222/199
f 197/220/197 196/219/196 200/223/200
f 196/219/196 194/217/194 201/224/201
f 202/225/202 203/226/203 195/218/195
f 195/218/195 204/227/204 205/228/205 206/229/206
f 195/218/195 198/221/198 204/227/204
f 204/227/204 207/230/207 205/228/205
f 205/228/205 208/231/208 206/229/206
f 206/229/206 209/232/209 210/233/210
f 204/227/204 198/221/198 211/234/211
f 193/216/193 195/218/195 203/226/203
f 202/225/202 195/218/195 210/233/210
f 195/218/195 194/217/194 196/219/196
f 210/233/210 195/218/195 206/229/206
s 7
f 130/151/130 126/143/126 127/145/127 131/152/131
f 134/155/134 128/146/128 126/143/126 130/151/130
f 135/156/135 129/148/129 128/150/128 134/157/134
f 131/152/131 127/145/127 129/148/129 135/156/135
s 12
f 212/235/212 213/236/213 214/237/214
f 213/236/213 215/238/215 216/239/216 217/240/217
f 215/238/215 218/241/218 216/239/216
f 216/239/216 219/242/219 217/240/217
f 217/240/217 220/243/220 214/237/214
f 221/244/221 213/236/213 222/245/222
f 213/236/213 223/246/223 224/247/224 225/248/225
f 213/236/213 225/248/225 215/238/215
f 225/248/225 224/247/224 226/249/226
f 224/247/224 223/246/223 227/250/227
f 223/246/223 228/251/228 229/252/229
f 225/248/225 230/253/230 215/238/215
f 212/235/212 222/245/222 213/236/213
f 221/244/221 228/251/228 213/236/213
f 213/236/213 217/240/217 214/237/214
f 228/251/228 223/246/223 213/236/213
s 13
f 231/254/231 232/255/232 233/256/233
f 233/256/233 234/257/234 235/258/235 236/259/236
f 236/259/236 235/258/235 237/260/237
f 235/258/235 234/257/234 238/261/238
f 234/257/234 232/255/232 239/262/239
f 240/263/240 241/264/241 233/256/233
f 233/256/233 242/265/242 243/266/243 244/267/244
f 233/256/233 236/259/236 242/265/242
f 242/265/242 245/268/245 243/266/243
f 243/266/243 246/269/246 244/267/244
f 244/267/244 247/270/247 248/271/248
f 242/265/242 236/259/236 249/272/249
f 231/254/231 233/256/233 241/264/241
f 240/263/240 233/256/233 248/271/248
f 233/256/233 232/255/232 234/257/234
f 248/271/248 233/256/233 244/267/244
s 14
f 250/273/250 251/274/251 252/275/252 253/276/253
f 254/277/254 252/278/252 251/274/251 255/279/255
f 256/280/256 253/281/253 252/278/252 254/277/254
f 257/282/257 250/273/250 253/283/253 256/284/256
f 255/279/255 251/274/251 250/273/250 257/282/257
f 21/285/21 258/286/258 259/287/259 260/288/260
f 261/289/261 262/290/262 258/286/258 21/285/21
f 18/291/18 263/292/263 262/293/262 261/294/261
f 260/288/260 259/287/259 263/292/263 18/291/18
s 15
f 264/295/264 265/296/265 266/297/266
f 265/296/265 267/298/267 268/299/268 269/300/269
f 267/298/267 270/301/270 268/299/268
f 268/299/268 271/302/271 269/300/269
f 269/300/269 272/303/272 266/297/266
f 273/304/273 265/296/265 274/305/274
f 265/296/265 275/306/275 276/307/276 277/308/277
f 265/296/265 277/308/277 267/298/267
f 277/308/277 276/307/276 278/309/278
f 276/307/276 275/306/275 279/310/279
f 275/306/275 280/311/280 281/312/281
f 277/308/277 282/313/282 267/298/267
f 264/295/264 274/305/274 265/296/265
f 273/304/273 280/311/280 265/296/265
f 265/296/265 269/300/269 266/297/266
f 280/311/280 275/306/275 265/296/265
s 16
f 283/314/283 284/315/284 285/316/285
f 285/316/285 286/317/286 287/318/287 288/319/288
f 288/319/288 287/318/287 289/320/289
f 287/318/287 286/317/286 290/321/290
f 286/317/286 284/315/284 291/322/291
f 292/323/292 293/324/293 285/316/285
f 285/316/285 294/325/294 295/326/295 296/327/296
f 285/316/285 288/319/288 294/325/294
f 294/325/294 297/328/297 295/326/295
f 295/326/295 298/329/298 296/327/296
f 296/327/296 299/330/299 300/331/300
f 294/325/294 288/319/288 301/332/301
f 283/314/283 285/316/285 293/324/293
f 292/323/292 285/316/285 300/331/300
f 285/316/285 284/315/284 286/317/286
f 300/331/300 285/316/285 296/327/296
s 17
f 302/333/302 303/334/303 304/335/304
f 303/334/303 305/336/305 306/337/306 307/338/307
f 305/336/305 308/339/308 306/337/306
f 306/337/306 309/340/309 307/338/307
f 307/338/307 310/341/310 304/335/304
f 311/342/311 303/334/303 312/343/312
f 303/334/303 313/344/313 314/345/314 315/346/315
f 303/334/303 315/346/315 305/336/305
f 315/346/315 314/345/314 316/347/316
f 314/345/314 313/344/313 317/348/317
f 313/344/313 318/349/318 319/350/319
f 315/346/315 320/351/320 305/336/305
f 302/333/302 312/343/312 303/334/303
f 311/342/311 318/349/318 303/334/303
f 303/334/303 307/338/307 304/335/304
f 318/349/318 313/344/313 303/334/303
s 18
f 321/352/321 322/353/322 323/354/323
f 323/354/323 324/355/324 325/356/325 326/357/326
f 326/357/326 325/356/325 327/358/327
f 325/356/325 324/355/324 328/359/328
f 324/355/324 322/353/322 329/360/329
f 330/361/330 331/362/331 323/354/323
f 323/354/323 332/363/332 333/364/333 334/365/334
f 323/354/323 326/357/326 332/363/332
f 332/363/332 335/366/335 333/364/333
f 333/364/333 336/367/336 334/365/334
f 334/365/334 337/368/337 338/369/338
f 332/363/332 326/357/326 339/370/339
f 321/352/321 323/354/323 331/362/331
f 330/361/330 323/354/323 338/369/338
f 323/354/323 322/353/322 324/355/324
f 338/369/338 323/354/323 334/365/334
s 14
f 258/286/258 254/277/254 255/279/255 259/287/259
f 262/290/262 256/280/256 254/277/254 258/286/258
f 263/292/263 257/282/257 256/284/256 262/293/262
f 259/287/259 255/279/255 257/282/257 263/292/263
s 19
f 340/371/340 341/372/341 342/373/342
f 341/372/341 343/374/343 344/375/344 345/376/345
f 343/374/343 346/377/346 344/375/344
f 344/375/344 347/378/347 345/376/345
f 345/376/345 348/379/348 342/373/342
f 349/380/349 341/372/341 350/381/350
f 341/372/341 351/382/351 352/383/352 353/384/353
f 341/372/341 353/384/353 343/374/343
f 353/384/353 352/383/352 354/385/354
f 352/383/352 351/382/351 355/386/355
f 351/382/351 356/387/356 357/388/357
f 353/384/353 358/389/358 343/374/343
f 340/371/340 350/381/350 341/372/341
f 349/380/349 356/387/356 341/372/341
f 341/372/341 345/376/345 342/373/342
f 356/387/356 351/382/351 341/372/341
s 20
f 359/390/359 360/391/360 361/392/361
f 361/392/361 362/393/362 363/394/363 364/395/364
f 364/395/364 363/394/363 365/396/365
f 363/394/363 362/393/362 366/397/366
f 362/393/362 360/391/360 367/398/367
f 368/399/368 369/400/369 361/392/361
f 361/392/361 370/401/370 371/402/371 372/403/372
f 361/392/361 364/395/364 370/401/370
f 370/401/370 373/404/373 371/402/371
f 371/402/371 374/405/374 372/403/372
f 372/403/372 375/406/375 376/407/376
f 370/401/370 364/395/364 377/408/377
f 359/390/359 361/392/361 369/400/369
f 368/399/368 361/392/361 376/407/376
f 361/392/361 360/391/360 362/393/362
f 376/407/376 361/392/361 372/403/372
s 1
f 378/409/378 379/410/379 380/411/380 381/412/381
f 382/413/382 383/414/383 379/410/379 378/409/378
f 384/415/384 385/416/385 383/417/383 382/418/382
f 381/412/381 380/411/380 385/416/385 384/415/384
f 379/410/379 7/8/7 11/419/11 380/411/380
f 383/414/383 8/420/386 7/8/7 379/410/379
f 385/416/385 13/14/13 8/421/386 383/417/383
f 380/411/380 11/419/11 13/14/13 385/416/385
s 21
f 386/422/387 387/423/388 388/424/389 389/425/390
f 390/426/391 391/427/392 387/423/388 386/422/387
f 392/428/393 393/429/394 391/430/392 390/431/391
f 389/425/390 388/424/389 393/429/394 392/428/393
f 387/423/388 13/432/395 8/9/396 388/424/389
f 391/427/392 394/433/397 13/432/395 387/423/388
f 393/429/394 7/434/7 394/435/397 391/430/392
f 388/424/389 8/9/396 7/434/7 393/429/394
s 22
f 395/436/398 11/419/399 396/437/400 8/438/401
f 397/439/402 398/440/403 399/441/404 400/442/405
f 401/443/406 402/444/407 398/440/403 397/439/402
f 403/445/408 404/446/409 402/447/407 401/448/406
f 400/442/405 399/441/404 404/446/409 403/445/408
f 398/440/403 396/449/400 11/419/399 399/441/404
f 402/444/407 8/420/401 396/449/400 398/440/403
f 404/446/409 395/436/398 8/421/401 402/447/407
f 399/441/404 11/419/399 395/436/398 404/446/409
s 23
f 405/450/410 406/451/411 407/452/412 408/453/410
f 406/451/411 409/454/413 410/455/414 407/452/412
f 410/455/414 409/454/413 411/456/415 412/457/416
f 412/457/416 411/456/415 413/458/417
s 24
f 414/459/418 415/460/418 416/461/419 417/462/420
f 417/462/420 416/461/419 418/463/421 419/464/422
f 418/463/421 420/465/423 421/466/424 419/464/422
f 420/465/423 422/467/425 421/466/424
s 25
f 423/468/426 424/469/427 425/470/428 426/471/429
f 426/471/429 425/470/428 427/472/430 428/473/431
f 428/473/431 427/472/430 429/474/432 430/475/433
f 430/475/433 429/474/432 431/476/434 432/477/435
f 433/478/436 434/479/437 435/480/438
f 433/478/436 436/481/439 434/479/437
f 433/478/436 437/482/440 436/481/439
f 433/478/436 438/483/441 437/482/440
f 424/469/427 435/480/438 434/479/437 425/470/428
f 425/470/428 434/479/437 436/481/439 427/472/430
f 427/472/430 436/481/439 437/482/440 429/474/432
f 429/474/432 437/482/440 438/483/441 431/476/434
f 423/468/426 439/484/442 440/485/443 424/469/427
f 439/484/442 441/486/444 442/487/445 440/485/443
f 441/486/444 443/488/446 444/489/447 442/487/445
f 443/488/446 432/477/435 431/476/434 444/489/447
f 433/478/436 435/480/438 445/490/448
f 433/478/436 445/490/448 446/491/449
f 433/478/436 446/491/449 447/492/450
f 433/478/436 447/492/450 438/483/441
f 424/469/427 440/485/443 445/490/448 435/480/438
f 440/485/443 442/487/445 446/491/449 445/490/448
f 442/487/445 444/489/447 447/492/450 446/491/449
f 444/489/447 431/476/434 438/483/441 447/492/450
f 423/493/426 426/494/429 448/495/451
f 426/494/429 428/496/431 448/495/451
f 428/496/431 430/497/433 448/495/451
f 430/497/433 432/498/435 448/495/451
f 439/499/442 423/493/426 448/495/451
f 441/500/444 439/499/442 448/495/451
f 443/501/446 441/500/444 448/495/451
f 432/498/435 443/501/446 448/495/451
s 26
f 449/502/452 450/503/453 451/504/454 452/505/455
f 453/506/456 451/504/454 454/507/457 455/508/458
f 455/508/458 454/507/457 456/509/459
f 451/504/454 453/506/456 457/510/460 452/505/455
f 451/504/454 450/503/453 458/511/461 454/507/457
f 452/505/455 457/510/460 459/512/462
f 459/512/462 449/502/452 452/505/455
f 454/507/457 458/511/461 456/509/459
s 27
f 460/513/463 461/514/464 462/515/465 463/516/466
f 464/517/467 462/515/465 465/518/468 466/519/469
f 466/519/469 465/518/468 467/520/470
f 462/515/465 464/517/467 468/521/471 463/516/466
f 462/515/465 461/514/464 469/522/472 465/518/468
f 463/516/466 468/521/471 459/512/462
f 459/512/462 460/513/463 463/516/466
f 465/518/468 469/522/472 467/520/470
s 28
f 470/523/473 471/524/474 472/525/475 473/526/476
f 474/527/477 472/525/475 475/528/478 476/529/479
f 476/529/479 475/528/478 477/530/480
f 472/525/475 474/527/477 478/531/481 473/526/476
f 472/525/475 471/524/474 479/532/482 475/528/478
f 473/526/476 478/531/481 459/512/462
f 459/512/462 470/523/473 473/526/476
f 475/528/478 479/532/482 477/530/480
s 29
f 480/533/483 481/534/484 482/535/485 483/536/486
f 484/537/487 482/535/485 485/538/488 486/539/489
f 486/539/489 485/538/488 487/540/490
f 482/535/485 484/537/487 488/541/491 483/536/486
f 482/535/485 481/534/484 489/542/492 485/538/488
f 483/536/486 488/541/491 459/512/462
f 459/512/462 480/533/483 483/536/486
f 485/538/488 489/542/492 487/540/490
s 30
f 490/543/493 491/544/494 492/545/495 493/546/496
f 494/547/497 492/545/495 495/548/498 496/549/499
f 496/549/499 495/548/498 497/550/500
f 492/545/495 494/547/497 498/551/501 493/546/496
f 492/545/495 491/544/494 499/552/502 495/548/498
f 493/546/496 498/551/501 459/512/462
f 459/512/462 490/543/493 493/546/496
f 495/548/498 499/552/502 497/550/500
s 31
f 500/553/503 501/554/504 502/555/505 503/556/503
f 501/554/504 504/557/506 505/558/507 502/555/505
f 505/558/507 504/557/506 506/559/508 507/560/509
f 507/560/509 506/559/508 508/561/510
s 32
f 509/562/511 510/563/511 511/564/512 512/565/513
f 512/565/513 511/564/512 513/566/514 514/567/515
f 513/566/514 515/568/516 516/569/517 514/567/515
f 515/568/516 517/570/518 516/569/517
s 33
f 518/571/519 519/572/520 520/573/521 521/574/519
f 519/572/520 522/575/522 523/576/523 520/573/521
f 523/576/523 522/575/522 524/577/524 525/578/525
f 525/578/525 524/577/524 526/579/526
s 34
f 527/580/527 528/581/527 529/582/528 530/583/529
f 530/583/529 529/582/528 531/584/530 532/585/531
f 531/584/530 533/586/532 534/587/533 532/585/531
f 533/586/532 535/588/534 534/587/533
s 35
f 536/589/535 537/590/536 538/591/537 539/592/535
f 537/590/536 540/593/538 541/594/539 538/591/537
f 541/594/539 540/593/538 542/595/540 543/596/541
f 543/596/541 542/595/540 544/597/542
s 36
f 545/598/543 546/599/543 547/600/544 548/601/545
f 548/601/545 547/600/544 549/602/546 550/603/547
f 549/602/546 551/604/548 552/605/549 550/603/547
f 551/604/548 553/606/550 552/605/549
s 37
f 554/607/551 555/608/552 556/609/553 557/610/551
f 555/608/552 558/611/554 559/612/555 556/609/553
f 559/612/555 558/611/554 560/613/556 561/614/557
f 561/614/557 560/613/556 562/615/558
s 38
f 563/616/559 564/617/559 565/618/560 566/619/561
f 566/619/561 565/618/560 567/620/562 568/621/563
f 567/620/562 569/622/564 570/623/565 568/621/563
f 569/622/564 571/624/566 570/623/565
s 39
f 572/625/567 573/626/568 574/627/569 575/628/570
f 576/629/571 577/630/572 578/631/573 574/627/569
f 577/630/572 579/632/574 578/631/573
f 574/627/569 573/626/568 580/633/575 576/629/571
f 574/627/569 578/631/573 581/634/576 575/628/570
f 573/626/568 582/635/577 580/633/575
f 582/635/577 573/626/568 572/625/567
f 578/631/573 579/632/574 581/634/576
s 40
f 583/636/578 584/637/579 585/638/580 586/639/581
f 587/640/582 588/641/583 589/642/584 585/638/580
f 588/641/583 590/643/585 589/642/584
f 585/638/580 584/637/579 591/644/586 587/640/582
f 585/638/580 589/642/584 592/645/587 586/639/581
f 584/637/579 582/635/577 591/644/586
f 582/635/577 584/637/579 583/636/578
f 589/642/584 590/643/585 592/645/587
s 41
f 593/646/588 594/647/589 595/648/590 596/649/591
f 597/650/592 598/651/593 599/652/594 595/648/590
f 598/651/593 600/653/595 599/652/594
f 595/648/590 594/647/589 601/654/596 597/650/592
f 595/648/590 599/652/594 602/655/597 596/649/591
f 594/647/589 582/635/598 601/654/596
f 582/635/598 594/647/589 593/646/588
f 599/652/594 600/653/595 602/655/597
s 42
f 603/656/599 604/657/600 605/658/601 606/659/602
f 607/660/603 608/661/604 609/662/605 605/658/601
f 608/661/604 610/663/606 609/662/605
f 605/658/601 604/657/600 611/664/607 607/660/603
f 605/658/601 609/662/605 612/665/608 606/659/602
f 604/657/600 582/635/577 611/664/607
f 582/635/577 604/657/600 603/656/599
f 609/662/605 610/663/606 612/665/608
s 43
f 613/666/609 614/667/610 615/668/611 616/669/612
f 617/670/613 618/671/614 619/672/615 615/668/611
f 618/671/614 620/673/616 619/672/615
f 615/668/611 614/667/610 621/674/617 617/670/613
f 615/668/611 619/672/615 622/675/618 616/669/612
f 614/667/610 582/635/577 621/674/617
f 582/635/577 614/667/610 613/666/609
f 619/672/615 620/673/616 622/675/618
s 44
f 623/676/619 624/677/620 625/678/621 626/679/619
f 624/677/620 627/680/622 628/681/623 625/678/621
f 628/681/623 627/680/622 629/682/624 630/683/625
f 630/683/625 629/682/624 631/684/626
s 45
f 632/685/627 633/686/627 634/687/628 635/688/629
f 635/688/629 634/687/628 636/689/630 637/690/631
f 636/689/630 638/691/632 639/692/633 637/690/631
f 638/691/632 640/693/634 639/692/633
s 46
f 641/694/635 642/695/636 643/696/637 644/697/638
f 644/697/638 643/696/637 645/698/639 646/699/640
f 646/699/640 645/698/639 647/700/641 648/701/642
f 648/701/642 647/700/641 649/702/643 650/703/644
f 651/704/645 652/705/646 653/706/647
f 651/704/645 654/707/648 652/705/646
f 651/704/645 655/708/649 654/707/648
f 651/704/645 656/709/650 655/708/649
f 642/695/636 653/706/647 652/705/646 643/696/637
f 643/696/637 652/705/646 654/707/648 645/698/639
f 645/698/639 654/707/648 655/708/649 647/700/641
f 647/700/641 655/708/649 656/709/650 649/702/643
f 641/694/635 657/710/651 658/711/652 642/695/636
f 657/710/651 659/712/653 660/713/654 658/711/652
f 659/712/653 661/714/655 662/715/656 660/713/654
f 661/714/655 650/703/644 649/702/643 662/715/656
f 651/704/645 653/706/647 663/716/657
f 651/704/645 663/716/657 664/717/658
f 651/704/645 664/717/658 665/718/659
f 651/704/645 665/718/659 656/709/650
f 642/695/636 658/711/652 663/716/657 653/706/647
f 658/711/652 660/713/654 664/717/658 663/716/657
f 660/713/654 662/715/656 665/718/659 664/717/658
f 662/715/656 649/702/643 656/709/650 665/718/659
f 641/719/635 644/720/638 666/721/660
f 644/720/638 646/722/640 666/721/660
f 646/722/640 648/723/642 666/721/660
f 648/723/642 650/724/644 666/721/660
f 657/725/651 641/719/635 666/721/660
f 659/726/653 657/725/651 666/721/660
f 661/727/655 659/726/653 666/721/660
f 650/724/644 661/727/655 666/721/660
s 47
f 667/728/661 668/729/662 669/730/663 670/731/664
f 671/732/665 669/730/663 672/733/666 673/734/667
f 673/734/667 672/733/666 674/735/668
f 669/730/663 671/732/665 675/736/669 670/731/664
f 669/730/663 668/729/662 676/737/670 672/733/666
f 670/731/664 675/736/669 677/738/671
f 677/738/671 667/728/661 670/731/664
f 672/733/666 676/737/670 674/735/668
s 48
f 678/739/672 679/740/673 680/741/674 681/742/675
f 682/743/676 680/741/674 683/744/677 684/745/678
f 684/745/678 683/744/677 685/746/679
f 680/741/674 682/743/676 686/747/680 681/742/675
f 680/741/674 679/740/673 687/748/681 683/744/677
f 681/742/675 686/747/680 677/738/671
f 677/738/671 678/739/672 681/742/675
f 683/744/677 687/748/681 685/746/679
s 49
f 688/749/682 689/750/683 690/751/684 691/752/685
f 692/753/686 690/751/684 693/754/687 694/755/688
f 694/755/688 693/754/687 695/756/689
f 690/751/684 692/753/686 696/757/690 691/752/685
f 690/751/684 689/750/683 697/758/691 693/754/687
f 691/752/685 696/757/690 677/738/692
f 677/738/692 688/749/682 691/752/685
f 693/754/687 697/758/691 695/756/689
s 50
f 698/759/693 699/760/694 700/761/695 701/762/696
f 702/763/697 700/761/695 703/764/698 704/765/699
f 704/765/699 703/764/698 705/766/700
f 700/761/695 702/763/697 706/767/701 701/762/696
f 700/761/695 699/760/694 707/768/702 703/764/698
f 701/762/696 706/767/701 677/738/671
f 677/738/671 698/759/693 701/762/696
f 703/764/698 707/768/702 705/766/700
s 51
f 708/769/703 709/770/704 710/771/705 711/772/706
f 712/773/707 710/771/705 713/774/708 714/775/709
f 714/775/709 713/774/708 715/776/710
f 710/771/705 712/773/707 716/777/711 711/772/706
f 710/771/705 709/770/704 717/778/712 713/774/708
f 711/772/706 716/777/711 677/738/692
f 677/738/692 708/769/703 711/772/706
f 713/774/708 717/778/712 715/776/710
s 52
f 718/779/713 719/780/714 720/781/715 721/782/713
f 719/780/714 722/783/716 723/784/717 720/781/715
f 723/784/717 722/783/716 724/785/718 725/786/719
f 725/786/719 724/785/718 726/787/720
s 53
f 727/788/721 728/789/721 729/790/722 730/791/723
f 730/791/723 729/790/722 731/792/724 732/793/725
f 731/792/724 733/794/726 734/795/727 732/793/725
f 733/794/726 735/796/728 734/795/727
s 54
f 736/797/729 737/798/730 738/799/731 739/800/729
f 737/798/730 740/801/732 741/802/733 738/799/731
f 741/802/733 740/801/732 742/803/734 743/804/735
f 743/804/735 742/803/734 744/805/736
s 55
f 745/806/737 746/807/737 747/808/738 748/809/739
f 748/809/739 747/808/738 749/810/740 750/811/741
f 749/810/740 751/812/742 752/813/743 750/811/741
f 751/812/742 753/814/744 752/813/743
s 56
f 754/815/745 755/816/746 756/817/747 757/818/745
f 755/816/746 758/819/748 759/820/749 756/817/747
f 759/820/749 758/819/748 760/821/750 761/822/751
f 761/822/751 760/821/750 762/823/752
s 57
f 763/824/753 764/825/753 765/826/754 766/827/755
f 766/827/755 765/826/754 767/828/756 768/829/757
f 767/828/756 769/830/758 770/831/759 768/829/757
f 769/830/758 771/832/760 770/831/759
s 58
f 772/833/761 773/834/762 774/835/763 775/836/761
f 773/834/762 776/837/764 777/838/765 774/835/763
f 777/838/765 776/837/764 778/839/766 779/840/767
f 779/840/767 778/839/766 780/841/768
s 59
f 781/842/769 782/843/769 783/844/770 784/845/771
f 784/845/771 783/844/770 785/846/772 786/847/773
f 785/846/772 787/848/774 788/849/775 786/847/773
f 787/848/774 789/850/776 788/849/775
s 60
f 790/851/777 791/852/778 792/853/779 793/854/780
f 794/855/781 795/856/782 796/857/783 792/853/779
f 795/856/782 797/858/784 796/857/783
f 792/853/779 791/852/778 798/859/785 794/855/781
f 792/853/779 796/857/783 799/860/786 793/854/780
f 791/852/778 800/861/787 798/859/785
f 800/861/787 791/852/778 790/851/777
f 796/857/783 797/858/784 799/860/786
s 61
f 801/862/788 802/863/789 803/864/790 804/865/791
f 805/866/792 806/867/793 807/868/794 803/864/790
f 806/867/793 808/869/795 807/868/794
f 803/864/790 802/863/789 809/870/796 805/866/792
f 803/864/790 807/868/794 810/871/797 804/865/791
f 802/863/789 800/861/787 809/870/796
f 800/861/787 802/863/789 801/862/788
f 807/868/794 808/869/795 810/871/797
s 62
f 811/872/798 812/873/799 813/874/800 814/875/801
f 815/876/802 816/877/803 817/878/804 813/874/800
f 816/877/803 818/879/805 817/878/804
f 813/874/800 812/873/799 819/880/806 815/876/802
f 813/874/800 817/878/804 820/881/807 814/875/801
f 812/873/799 800/861/787 819/880/806
f 800/861/787 812/873/799 811/872/798
f 817/878/804 818/879/805 820/881/807
s 63
f 821/882/808 822/883/809 823/884/810 824/885/811
f 825/886/812 826/887/813 827/888/814 823/884/810
f 826/887/813 828/889/815 827/888/814
f 823/884/810 822/883/809 829/890/816 825/886/812
f 823/884/810 827/888/814 830/891/817 824/885/811
f 822/883/809 831/892/818 829/890/816
f 831/892/818 822/883/809 821/882/808
f 827/888/814 828/889/815 830/891/817
s 64
f 832/893/819 833/894/820 834/895/821 835/896/822
f 836/897/823 837/898/824 838/899/825 834/895/821
f 837/898/824 839/900/826 838/899/825
f 834/895/821 833/894/820 840/901/827 836/897/823
f 834/895/821 838/899/825 841/902/828 835/896/822
f 833/894/820 800/861/787 840/901/827
f 800/861/787 833/894/820 832/893/819
f 838/899/825 839/900/826 841/902/828
s 65
f 842/903/829 843/904/830 844/905/831 845/906/829
f 843/904/830 846/907/832 847/908/833 844/905/831
f 847/908/833 846/907/832 848/909/834 849/910/835
f 849/910/835 848/909/834 850/911/836
s 66
f 851/912/837 852/913/837 853/914/838 854/915/839
f 854/915/839 853/914/838 855/916/840 856/917/841
f 855/916/840 857/918/842 858/919/843 856/917/841
f 857/918/842 859/920/844 858/919/843
s 67
f 860/921/845 861/922/846 862/923/847 863/924/848
f 863/924/848 862/923/847 864/925/849 865/926/850
f 865/926/850 864/925/849 866/927/851 867/928/852
f 867/928/852 866/927/851 868/929/853 869/930/854
f 870/931/855 871/932/856 872/933/857
f 870/931/855 873/934/858 871/932/856
f 870/931/855 874/935/859 873/934/858
f 870/931/855 875/936/860 874/935/859
f 861/922/846 872/933/857 871/932/856 862/923/847
f 862/923/847 871/932/856 873/934/858 864/925/849
f 864/925/849 873/934/858 874/935/859 866/927/851
f 866/927/851 874/935/859 875/936/860 868/929/853
f 860/921/845 876/937/861 877/938/862 861/922/846
f 876/937/861 878/939/863 879/940/864 877/938/862
f 878/939/863 880/941/865 881/942/866 879/940/864
f 880/941/865 869/930/854 868/929/853 881/942/866
f 870/931/855 872/933/857 882/943/867
f 870/931/855 882/943/867 883/944/868
f 870/931/855 883/944/868 884/945/869
f 870/931/855 884/945/869 875/936/860
f 861/922/846 877/938/862 882/943/867 872/933/857
f 877/938/862 879/940/864 883/944/868 882/943/867
f 879/940/864 881/942/866 884/945/869 883/944/868
f 881/942/866 868/929/853 875/936/860 884/945/869
f 860/946/845 863/947/848 885/948/870
f 863/947/848 865/949/850 885/948/870
f 865/949/850 867/950/852 885/948/870
f 867/950/852 869/951/854 885/948/870
f 876/952/861 860/946/845 885/948/870
f 878/953/863 876/952/861 885/948/870
f 880/954/865 878/953/863 885/948/870
f 869/951/854 880/954/865 885/948/870
s 68
f 886/955/871 887/956/872 888/957/873 889/958/874
f 890/959/875 888/957/873 891/960/876 892/961/877
f 892/961/877 891/960/876 893/962/878
f 888/957/873 890/959/875 894/963/879 889/958/874
f 888/957/873 887/956/872 895/964/880 891/960/876
f 889/958/874 894/963/879 896/965/881
f 896/965/881 886/955/871 889/958/874
f 891/960/876 895/964/880 893/962/878
s 69
f 897/966/882 898/967/883 899/968/884 900/969/885
f 901/970/886 899/968/884 902/971/887 903/972/888
f 903/972/888 902/971/887 904/973/889
f 899/968/884 901/970/886 905/974/890 900/969/885
f 899/968/884 898/967/883 906/975/891 902/971/887
f 900/969/885 905/974/890 896/965/881
f 896/965/881 897/966/882 900/969/885
f 902/971/887 906/975/891 904/973/889
s 70
f 907/976/892 908/977/893 909/978/894 910/979/895
f 911/980/896 909/978/894 912/981/897 913/982/898
f 913/982/898 912/981/897 914/983/899
f 909/978/894 911/980/896 915/984/900 910/979/895
f 909/978/894 908/977/893 916/985/901 912/981/897
f 910/979/895 915/984/900 896/965/881
f 896/965/881 907/976/892 910/979/895
f 912/981/897 916/985/901 914/983/899
s 71
f 917/986/902 918/987/903 919/988/904 920/989/905
f 921/990/906 919/988/904 922/991/907 923/992/908
f 923/992/908 922/991/907 924/993/909
f 919/988/904 921/990/906 925/994/910 920/989/905
f 919/988/904 918/987/903 926/995/911 922/991/907
f 920/989/905 925/994/910 896/965/881
f 896/965/881 917/986/902 920/989/905
f 922/991/907 926/995/911 924/993/909
s 72
f 927/996/912 928/997/913 929/998/914 930/999/915
f 931/1000/916 929/998/914 932/1001/917 933/1002/918
f 933/1002/918 932/1001/917 934/1003/919
f 929/998/914 931/1000/916 935/1004/920 930/999/915
f 929/998/914 928/997/913 936/1005/921 932/1001/917
f 930/999/915 935/1004/920 896/965/881
f 896/965/881 927/996/912 930/999/915
f 932/1001/917 936/1005/921 934/1003/919
s 73
f 937/1006/922 938/1007/923 939/1008/924 940/1009/922
f 938/1007/923 941/1010/925 942/1011/926 939/1008/924
f 942/1011/926 941/1010/925 943/1012/927 944/1013/928
f 944/1013/928 943/1012/927 945/1014/929
s 74
f 946/1015/930 947/1016/930 948/1017/931 949/1018/932
f 949/1018/932 948/1017/931 950/1019/933 951/1020/934
f 950/1019/933 952/1021/935 953/1022/936 951/1020/934
f 952/1021/935 954/1023/937 953/1022/936
s 75
f 955/1024/938 956/1025/939 957/1026/940 958/1027/938
f 956/1025/939 959/1028/941 960/1029/942 957/1026/940
f 960/1029/942 959/1028/941 961/1030/943 962/1031/944
f 962/1031/944 961/1030/943 963/1032/945
s 76
f 964/1033/946 965/1034/946 966/1035/947 967/1036/948
f 967/1036/948 966/1035/947 968/1037/949 969/1038/950
f 968/1037/949 970/1039/951 971/1040/952 969/1038/950
f 970/1039/951 972/1041/953 971/1040/952
s 77
f 973/1042/954 974/1043/955 975/1044/956 976/1045/954
f 974/1043/955 977/1046/957 978/1047/958 975/1044/956
f 978/1047/958 977/1046/957 979/1048/959 980/1049/960
f 980/1049/960 979/1048/959 981/1050/961
s 78
f 982/1051/962 983/1052/962 984/1053/963 985/1054/964
f 985/1054/964 984/1053/963 986/1055/965 987/1056/966
f 986/1055/965 988/1057/967 989/1058/968 987/1056/966
f 988/1057/967 990/1059/969 989/1058/968
s 79
f 991/1060/970 992/1061/971 993/1062/972 994/1063/970
f 992/1061/971 995/1064/973 996/1065/974 993/1062/972
f 996/1065/974 995/1064/973 997/1066/975 998/1067/976
f 998/1067/976 997/1066/975 999/1068/977
s 80
f 1000/1069/978 1001/1070/978 1002/1071/979 1003/1072/980
f 1003/1072/980 1002/1071/979 1004/1073/981 1005/1074/982
f 1004/1073/981 1006/1075/983 1007/1076/984 1005/1074/982
f 1006/1075/983 1008/1077/985 1007/1076/984
s 81
f 1009/1078/986 1010/1079/987 1011/1080/988 1012/1081/989
f 1013/1082/990 1014/1083/991 1015/1084/992 1011/1080/988
f 1014/1083/991 1016/1085/993 1015/1084/992
f 1011/1080/988 1010/1079/987 1017/1086/994 1013/1082/990
f 1011/1080/988 1015/1084/992 1018/1087/995 1012/1081/989
f 1010/1079/987 1019/1088/996 1017/1086/994
f 1019/1088/996 1010/1079/987 1009/1078/986
f 1015/1084/992 1016/1085/993 1018/1087/995
s 82
f 1020/1089/997 1021/1090/998 1022/1091/999 1023/1092/1000
f 1024/1093/1001 1025/1094/1002 1026/1095/1003 1022/1091/999
f 1025/1094/1002 1027/1096/1004 1026/1095/1003
f 1022/1091/999 1021/1090/998 1028/1097/1005 1024/1093/1001
f 1022/1091/999 1026/1095/1003 1029/1098/1006 1023/1092/1000
f 1021/1090/998 1019/1088/996 1028/1097/1005
f 1019/1088/996 1021/1090/998 1020/1089/997
f 1026/1095/1003 1027/1096/1004 1029/1098/1006
s 83
f 1030/1099/1007 1031/1100/1008 1032/1101/1009 1033/1102/1010
f 1034/1103/1011 1035/1104/1012 1036/1105/1013 1032/1101/1009
f 1035/1104/1012 1037/1106/1014 1036/1105/1013
f 1032/1101/1009 1031/1100/1008 1038/1107/1015 1034/1103/1011
f 1032/1101/1009 1036/1105/1013 1039/1108/1016 1033/1102/1010
f 1031/1100/1008 1019/1088/996 1038/1107/1015
f 1019/1088/996 1031/1100/1008 1030/1099/1007
f 1036/1105/1013 1037/1106/1014 1039/1108/1016
s 84
f 1040/1109/1017 1041/1110/1018 1042/1111/1019 1043/1112/1020
f 1044/1113/1021 1045/1114/1022 1046/1115/1023 1042/1111/1019
f 1045/1114/1022 1047/1116/1024 1046/1115/1023
f 1042/1111/1019 1041/1110/1018 1048/1117/1025 1044/1113/1021
f 1042/1111/1019 1046/1115/1023 1049/1118/1026 1043/1112/1020
f 1041/1110/1018 1019/1088/996 1048/1117/1025
f 1019/1088/996 1041/1110/1018 1040/1109/1017
f 1046/1115/1023 1047/1116/1024 1049/1118/1026
s 85
f 1050/1119/1027 1051/1120/1028 1052/1121/1029 1053/1122/1030
f 1054/1123/1031 1055/1124/1032 1056/1125/1033 1052/1121/1029
f 1055/1124/1032 1057/1126/1034 1056/1125/1033
f 1052/1121/1029 1051/1120/1028 1058/1127/1035 1054/1123/1031
f 1052/1121/1029 1056/1125/1033 1059/1128/1036 1053/1122/1030
f 1051/1120/1028 1019/1088/996 1058/1127/1035
f 1019/1088/996 1051/1120/1028 1050/1119/1027
f 1056/1125/1033 1057/1126/1034 1059/1128/1036
s 86
f 1060/1129/1037 1061/1130/1038 1062/1131/1039 1063/1132/1037
f 1061/1130/1038 1064/1133/1040 1065/1134/1041 1062/1131/1039
f 1065/1134/1041 1064/1133/1040 1066/1135/1042 1067/1136/1043
f 1067/1136/1043 1066/1135/1042 1068/1137/1044
s 87
f 1069/1138/1045 1070/1139/1045 1071/1140/1046 1072/1141/1047
f 1072/1141/1047 1071/1140/1046 1073/1142/1048 1074/1143/1049
f 1073/1142/1048 1075/1144/1050 1076/1145/1051 1074/1143/1049
f 1075/1144/1050 1077/1146/1052 1076/1145/1051
s 88
f 1078/1147/1053 1079/1148/1054 1080/1149/1055 1081/1150/1056
f 1081/1150/1056 1080/1149/1055 1082/1151/1057 1083/1152/1058
f 1083/1152/1058 1082/1151/1057 1084/1153/1059 1085/1154/1060
f 1085/1154/1060 1084/1153/1059 1086/1155/1061 1087/1156/1062
f 1088/1157/1063 1089/1158/1064 1090/1159/1065
f 1088/1157/1063 1091/1160/1066 1089/1158/1064
f 1088/1157/1063 1092/1161/1067 1091/1160/1066
f 1088/1157/1063 1093/1162/1068 1092/1161/1067
f 1079/1148/1054 1090/1159/1065 1089/1158/1064 1080/1149/1055
f 1080/1149/1055 1089/1158/1064 1091/1160/1066 1082/1151/1057
f 1082/1151/1057 1091/1160/1066 1092/1161/1067 1084/1153/1059
f 1084/1153/1059 1092/1161/1067 1093/1162/1068 1086/1155/1061
f 1078/1147/1053 1094/1163/1069 1095/1164/1070 1079/1148/1054
f 1094/1163/1069 1096/1165/1071 1097/1166/1072 1095/1164/1070
f 1096/1165/1071 1098/1167/1073 1099/1168/1074 1097/1166/1072
f 1098/1167/1073 1087/1156/1062 1086/1155/1061 1099/1168/1074
f 1088/1157/1063 1090/1159/1065 1100/1169/1075
f 1088/1157/1063 1100/1169/1075 1101/1170/1076
f 1088/1157/1063 1101/1170/1076 1102/1171/1077
f 1088/1157/1063 1102/1171/1077 1093/1162/1068
f 1079/1148/1054 1095/1164/1070 1100/1169/1075 1090/1159/1065
f 1095/1164/1070 1097/1166/1072 1101/1170/1076 1100/1169/1075
f 1097/1166/1072 1099/1168/1074 1102/1171/1077 1101/1170/1076
f 1099/1168/1074 1086/1155/1061 1093/1162/1068 1102/1171/1077
f 1078/1172/1053 1081/1173/1056 1103/1174/1078
f 1081/1173/1056 1083/1175/1058 1103/1174/1078
f 1083/1175/1058 1085/1176/1060 1103/1174/1078
f 1085/1176/1060 1087/1177/1062 1103/1174/1078
f 1094/1178/1069 1078/1172/1053 1103/1174/1078
f 1096/1179/1071 1094/1178/1069 1103/1174/1078
f 1098/1180/1073 1096/1179/1071 1103/1174/1078
f 1087/1177/1062 1098/1180/1073 1103/1174/1078
s 89
f 1104/1181/1079 1105/1182/1080 1106/1183/1081 1107/1184/1082
f 1108/1185/1083 1106/1183/1081 1109/1186/1084 1110/1187/1085
f 1110/1187/1085 1109/1186/1084 1111/1188/1086
f 1106/1183/1081 1108/1185/1083 1112/1189/1087 1107/1184/1082
f 1106/1183/1081 1105/1182/1080 1113/1190/1088 1109/1186/1084
f 1107/1184/1082 1112/1189/1087 1114/1191/1089
f 1114/1191/1089 1104/1181/1079 1107/1184/1082
f 1109/1186/1084 1113/1190/1088 1111/1188/1086
s 90
f 1115/1192/1090 1116/1193/1091 1117/1194/1092 1118/1195/1093
f 1119/1196/1094 1117/1194/1092 1120/1197/1095 1121/1198/1096
f 1121/1198/1096 1120/1197/1095 1122/1199/1097
f 1117/1194/1092 1119/1196/1094 1123/1200/1098 1118/1195/1093
f 1117/1194/1092 1116/1193/1091 1124/1201/1099 1120/1197/1095
f 1118/1195/1093 1123/1200/1098 1114/1191/1089
f 1114/1191/1089 1115/1192/1090 1118/1195/1093
f 1120/1197/1095 1124/1201/1099 1122/1199/1097
s 91
f 1125/1202/1100 1126/1203/1101 1127/1204/1102 1128/1205/1103
f 1129/1206/1104 1127/1204/1102 1130/1207/1105 1131/1208/1106
f 1131/1208/1106 1130/1207/1105 1132/1209/1107
f 1127/1204/1102 1129/1206/1104 1133/1210/1108 1128/1205/1103
f 1127/1204/1102 1126/1203/1101 1134/1211/1109 1130/1207/1105
f 1128/1205/1103 1133/1210/1108 1114/1191/1089
f 1114/1191/1089 1125/1202/1100 1128/1205/1103
f 1130/1207/1105 1134/1211/1109 1132/1209/1107
s 92
f 1135/1212/1110 1136/1213/1111 1137/1214/1112 1138/1215/1113
f 1139/1216/1114 1137/1214/1112 1140/1217/1115 1141/1218/1116
f 1141/1218/1116 1140/1217/1115 1142/1219/1117
f 1137/1214/1112 1139/1216/1114 1143/1220/1118 1138/1215/1113
f 1137/1214/1112 1136/1213/1111 1144/1221/1119 1140/1217/1115
f 1138/1215/1113 1143/1220/1118 1114/1191/1089
f 1114/1191/1089 1135/1212/1110 1138/1215/1113
f 1140/1217/1115 1144/1221/1119 1142/1219/1117
s 93
f 1145/1222/1120 1146/1223/1121 1147/1224/1122 1148/1225/1123
f 1149/1226/1124 1147/1224/1122 1150/1227/1125 1151/1228/1126
f 1151/1228/1126 1150/1227/1125 1152/1229/1127
f 1147/1224/1122 1149/1226/1124 1153/1230/1128 1148/1225/1123
f 1147/1224/1122 1146/1223/1121 1154/1231/1129 1150/1227/1125
f 1148/1225/1123 1153/1230/1128 1114/1191/1089
f 1114/1191/1089 1145/1222/1120 1148/1225/1123
f 1150/1227/1125 1154/1231/1129 1152/1229/1127
s 94
f 1155/1232/1130 1156/1233/1131 1157/1234/1132 1158/1235/1130
f 1156/1233/1131 1159/1236/1133 1160/1237/1134 1157/1234/1132
f 1160/1237/1134 1159/1236/1133 1161/1238/1135 1162/1239/1136
f 1162/1239/1136 1161/1238/1135 1163/1240/1137
s 95
f 1164/1241/1138 1165/1242/1138 1166/1243/1139 1167/1244/1140
f 1167/1244/1140 1166/1243/1139 1168/1245/1141 1169/1246/1142
f 1168/1245/1141 1170/1247/1143 1171/1248/1144 1169/1246/1142
f 1170/1247/1143 1172/1249/1145 1171/1248/1144
s 96
f 1173/1250/1146 1174/1251/1147 1175/1252/1148 1176/1253/1146
f 1174/1251/1147 1177/1254/1149 1178/1255/1150 1175/1252/1148
f 1178/1255/1150 1177/1254/1149 1179/1256/1151 1180/1257/1152
f 1180/1257/1152 1179/1256/1151 1181/1258/1153
s 97
f 1182/1259/1154 1183/1260/1154 1184/1261/1155 1185/1262/1156
f 1185/1262/1156 1184/1261/1155 1186/1263/1157 1187/1264/1158
f 1186/1263/1157 1188/1265/1159 1189/1266/1160 1187/1264/1158
f 1188/1265/1159 1190/1267/1161 1189/1266/1160
s 98
f 1191/1268/1162 1192/1269/1163 1193/1270/1164 1194/1271/1162
f 1192/1269/1163 1195/1272/1165 1196/1273/1166 1193/1270/1164
f 1196/1273/1166 1195/1272/1165 1197/1274/1167 1198/1275/1168
f 1198/1275/1168 1197/1274/1167 1199/1276/1169
s 99
f 1200/1277/1170 1201/1278/1170 1202/1279/1171 1203/1280/1172
f 1203/1280/1172 1202/1279/1171 1204/1281/1173 1205/1282/1174
f 1204/1281/1173 1206/1283/1175 1207/1284/1176 1205/1282/1174
f 1206/1283/1175 1208/1285/1177 1207/1284/1176
s 100
f 1209/1286/1178 1210/1287/1179 1211/1288/1180 1212/1289/1178
f 1210/1287/1179 1213/1290/1181 1214/1291/1182 1211/1288/1180
f 1214/1291/1182 1213/1290/1181 1215/1292/1183 1216/1293/1184
f 1216/1293/1184 1215/1292/1183 1217/1294/1185
s 101
f 1218/1295/1186 1219/1296/1186 1220/1297/1187 1221/1298/1188
f 1221/1298/1188 1220/1297/1187 1222/1299/1189 1223/1300/1190
f 1222/1299/1189 1224/1301/1191 1225/1302/1192 1223/1300/1190
f 1224/1301/1191 1226/1303/1193 1225/1302/1192
s 102
f 1227/1304/1194 1228/1305/1195 1229/1306/1196 1230/1307/1197
f 1231/1308/1198 1232/1309/1199 1233/1310/1200 1229/1306/1196
f 1232/1309/1199 1234/1311/1201 1233/1310/1200
f 1229/1306/1196 1228/1305/1195 1235/1312/1202 1231/1308/1198
f 1229/1306/1196 1233/1310/1200 1236/1313/1203 1230/1307/1197
f 1228/1305/1195 1237/1314/1204 1235/1312/1202
f 1237/1314/1204 1228/1305/1195 1227/1304/1194
f 1233/1310/1200 1234/1311/1201 1236/1313/1203
s 103
f 1238/1315/1205 1239/1316/1206 1240/1317/1207 1241/1318/1208
f 1242/1319/1209 1243/1320/1210 1244/1321/1211 1240/1317/1207
f 1243/1320/1210 1245/1322/1212 1244/1321/1211
f 1240/1317/1207 1239/1316/1206 1246/1323/1213 1242/1319/1209
f 1240/1317/1207 1244/1321/1211 1247/1324/1214 1241/1318/1208
f 1239/1316/1206 1237/1314/1215 1246/1323/1213
f 1237/1314/1215 1239/1316/1206 1238/1315/1205
f 1244/1321/1211 1245/1322/1212 1247/1324/1214
s 104
f 1248/1325/1216 1249/1326/1217 1250/1327/1218 1251/1328/1219
f 1252/1329/1220 1253/1330/1221 1254/1331/1222 1250/1327/1218
f 1253/1330/1221 1255/1332/1223 1254/1331/1222
f 1250/1327/1218 1249/1326/1217 1256/1333/1224 1252/1329/1220
f 1250/1327/1218 1254/1331/1222 1257/1334/1225 1251/1328/1219
f 1249/1326/1217 1237/1314/1204 1256/1333/1224
f 1237/1314/1204 1249/1326/1217 1248/1325/1216
f 1254/1331/1222 1255/1332/1223 1257/1334/1225
s 105
f 1258/1335/1226 1259/1336/1227 1260/1337/1228 1261/1338/1229
f 1262/1339/1230 1263/1340/1231 1264/1341/1232 1260/1337/1228
f 1263/1340/1231 1265/1342/1233 1264/1341/1232
f 1260/1337/1228 1259/1336/1227 1266/1343/1234 1262/1339/1230
f 1260/1337/1228 1264/1341/1232 1267/1344/1235 1261/1338/1229
f 1259/1336/1227 1237/1314/1215 1266/1343/1234
f 1237/1314/1215 1259/1336/1227 1258/1335/1226
f 1264/1341/1232 1265/1342/1233 1267/1344/1235
s 106
f 1268/1345/1236 1269/1346/1237 1270/1347/1238 1271/1348/1239
f 1272/1349/1240 1273/1350/1241 1274/1351/1242 1270/1347/1238
f 1273/1350/1241 1275/1352/1243 1274/1351/1242
f 1270/1347/1238 1269/1346/1237 1276/1353/1244 1272/1349/1240
f 1270/1347/1238 1274/1351/1242 1277/1354/1245 1271/1348/1239
f 1269/1346/1237 1237/1314/1204 1276/1353/1244
f 1237/1314/1204 1269/1346/1237 1268/1345/1236
f 1274/1351/1242 1275/1352/1243 1277/1354/1245
s 107
f 1278/1355/1246 1279/1356/1247 1280/1357/1248 1281/1358/1246
f 1279/1356/1247 1282/1359/1249 1283/1360/1250 1280/1357/1248
f 1283/1360/1250 1282/1359/1249 1284/1361/1251 1285/1362/1252
f 1285/1362/1252 1284/1361/1251 1286/1363/1253
s 108
f 1287/1364/1254 1288/1365/1254 1289/1366/1255 1290/1367/1256
f 1290/1367/1256 1289/1366/1255 1291/1368/1257 1292/1369/1258
f 1291/1368/1257 1293/1370/1259 1294/1371/1260 1292/1369/1258
f 1293/1370/1259 1295/1372/1261 1294/1371/1260
s 109
f 1296/1373/1262 1297/1374/1263 1298/1375/1264 1299/1376/1265
f 1299/1376/1265 1298/1375/1264 1300/1377/1266 1301/1378/1267
f 1301/1378/1267 1300/1377/1266 1302/1379/1268 1303/1380/1269
f 1303/1380/1269 1302/1379/1268 1304/1381/1270 1305/1382/1271
f 1306/1383/1272 1307/1384/1273 1308/1385/1274
f 1306/1383/1272 1309/1386/1275 1307/1384/1273
f 1306/1383/1272 1310/1387/1276 1309/1386/1275
f 1306/1383/1272 1311/1388/1277 1310/1387/1276
f 1297/1374/1263 1308/1385/1274 1307/1384/1273 1298/1375/1264
f 1298/1375/1264 1307/1384/1273 1309/1386/1275 1300/1377/1266
f 1300/1377/1266 1309/1386/1275 1310/1387/1276 1302/1379/1268
f 1302/1379/1268 1310/1387/1276 1311/1388/1277 1304/1381/1270
f 1296/1373/1262 1312/1389/1278 1313/1390/1279 1297/1374/1263
f 1312/1389/1278 1314/1391/1280 1315/1392/1281 1313/1390/1279
f 1314/1391/1280 1316/1393/1282 1317/1394/1283 1315/1392/1281
f 1316/1393/1282 1305/1382/1271 1304/1381/1270 1317/1394/1283
f 1306/1383/1272 1308/1385/1274 1318/1395/1284
f 1306/1383/1272 1318/1395/1284 1319/1396/1285
f 1306/1383/1272 1319/1396/1285 1320/1397/1286
f 1306/1383/1272 1320/1397/1286 1311/1388/1277
f 1297/1374/1263 1313/1390/1279 1318/1395/1284 1308/1385/1274
f 1313/1390/1279 1315/1392/1281 1319/1396/1285 1318/1395/1284
f 1315/1392/1281 1317/1394/1283 1320/1397/1286 1319/1396/1285
f 1317/1394/1283 1304/1381/1270 1311/1388/1277 1320/1397/1286
f 1296/1398/1262 1299/1399/1265 1321/1400/1287
f 1299/1399/1265 1301/1401/1267 1321/1400/1287
f 1301/1401/1267 1303/1402/1269 1321/1400/1287
f 1303/1402/1269 1305/1403/1271 1321/1400/1287
f 1312/1404/1278 1296/1398/1262 1321/1400/1287
f 1314/1405/1280 1312/1404/1278 1321/1400/1287
f 1316/1406/1282 1314/1405/1280 1321/1400/1287
f 1305/1403/1271 1316/1406/1282 1321/1400/1287
s 110
f 1322/1407/1288 1323/1408/1289 1324/1409/1290 1325/1410/1291
f 1326/1411/1292 1324/1409/1290 1327/1412/1293 1328/1413/1294
f 1328/1413/1294 1327/1412/1293 1329/1414/1295
f 1324/1409/1290 1326/1411/1292 1330/1415/1296 1325/1410/1291
f 1324/1409/1290 1323/1408/1289 1331/1416/1297 1327/1412/1293
f 1325/1410/1291 1330/1415/1296 1332/1417/1298
f 1332/1417/1298 1322/1407/1288 1325/1410/1291
f 1327/1412/1293 1331/1416/1297 1329/1414/1295
s 111
f 1333/1418/1299 1334/1419/1300 1335/1420/1301 1336/1421/1302
f 1337/1422/1303 1335/1420/1301 1338/1423/1304 1339/1424/1305
f 1339/1424/1305 1338/1423/1304 1340/1425/1306
f 1335/1420/1301 1337/1422/1303 1341/1426/1307 1336/1421/1302
f 1335/1420/1301 1334/1419/1300 1342/1427/1308 1338/1423/1304
f 1336/1421/1302 1341/1426/1307 1332/1417/1298
f 1332/1417/1298 1333/1418/1299 1336/1421/1302
f 1338/1423/1304 1342/1427/1308 1340/1425/1306
s 112
f 1343/1428/1309 1344/1429/1310 1345/1430/1311 1346/1431/1312
f 1347/1432/1313 1345/1430/1311 1348/1433/1314 1349/1434/1315
f 1349/1434/1315 1348/1433/1314 1350/1435/1316
f 1345/1430/1311 1347/1432/1313 1351/1436/1317 1346/1431/1312
f 1345/1430/1311 1344/1429/1310 1352/1437/1318 1348/1433/1314
f 1346/1431/1312 1351/1436/1317 1332/1417/1298
f 1332/1417/1298 1343/1428/1309 1346/1431/1312
f 1348/1433/1314 1352/1437/1318 1350/1435/1316
s 113
f 1353/1438/1319 1354/1439/1320 1355/1440/1321 1356/1441/1322
f 1357/1442/1323 1355/1440/1321 1358/1443/1324 1359/1444/1325
f 1359/1444/1325 1358/1443/1324 1360/1445/1326
f 1355/1440/1321 1357/1442/1323 1361/1446/1327 1356/1441/1322
f 1355/1440/1321 1354/1439/1320 1362/1447/1328 1358/1443/1324
f 1356/1441/1322 1361/1446/1327 1332/1417/1298
f 1332/1417/1298 1353/1438/1319 1356/1441/1322
f 1358/1443/1324 1362/1447/1328 1360/1445/1326
s 114
f 1363/1448/1329 1364/1449/1330 1365/1450/1331 1366/1451/1332
f 1367/1452/1333 1365/1450/1331 1368/1453/1334 1369/1454/1335
f 1369/1454/1335 1368/1453/1334 1370/1455/1336
f 1365/1450/1331 1367/1452/1333 1371/1456/1337 1366/1451/1332
f 1365/1450/1331 1364/1449/1330 1372/1457/1338 1368/1453/1334
f 1366/1451/1332 1371/1456/1337 1332/1417/1298
f 1332/1417/1298 1363/1448/1329 1366/1451/1332
f 1368/1453/1334 1372/1457/1338 1370/1455/1336
s 115
f 1373/1458/1339 1374/1459/1340 1375/1460/1341 1376/1461/1339
f 1374/1459/1340 1377/1462/1342 1378/1463/1343 1375/1460/1341
f 1378/1463/1343 1377/1462/1342 1379/1464/1344 1380/1465/1345
f 1380/1465/1345 1379/1464/1344 1381/1466/1346
s 116
f 1382/1467/1347 1383/1468/1347 1384/1469/1348 1385/1470/1349
f 1385/1470/1349 1384/1469/1348 1386/1471/1350 1387/1472/1351
f 1386/1471/1350 1388/1473/1352 1389/1474/1353 1387/1472/1351
f 1388/1473/1352 1390/1475/1354 1389/1474/1353
s 117
f 1391/1476/1355 1392/1477/1356 1393/1478/1357 1394/1479/1355
f 1392/1477/1356 1395/1480/1358 1396/1481/1359 1393/1478/1357
f 1396/1481/1359 1395/1480/1358 1397/1482/1360 1398/1483/1361
f 1398/1483/1361 1397/1482/1360 1399/1484/1362
s 118
f 1400/1485/1363 1401/1486/1363 1402/1487/1364 1403/1488/1365
f 1403/1488/1365 1402/1487/1364 1404/1489/1366 1405/1490/1367
f 1404/1489/1366 1406/1491/1368 1407/1492/1369 1405/1490/1367
f 1406/1491/1368 1408/1493/1370 1407/1492/1369
s 119
f 1409/1494/1371 1410/1495/1372 1411/1496/1373 1412/1497/1371
f 1410/1495/1372 1413/1498/1374 1414/1499/1375 1411/1496/1373
f 1414/1499/1375 1413/1498/1374 1415/1500/1376 1416/1501/1377
f 1416/1501/1377 1415/1500/1376 1417/1502/1378
s 120
f 1418/1503/1379 1419/1504/1379 1420/1505/1380 1421/1506/1381
f 1421/1506/1381 1420/1505/1380 1422/1507/1382 1423/1508/1383
f 1422/1507/1382 1424/1509/1384 1425/1510/1385 1423/1508/1383
f 1424/1509/1384 1426/1511/1386 1425/1510/1385
s 121
f 1427/1512/1387 1428/1513/1388 1429/1514/1389 1430/1515/1387
f 1428/1513/1388 1431/1516/1390 1432/1517/1391 1429/1514/1389
f 1432/1517/1391 1431/1516/1390 1433/1518/1392 1434/1519/1393
f 1434/1519/1393 1433/1518/1392 1435/1520/1394
s 122
f 1436/1521/1395 1437/1522/1395 1438/1523/1396 1439/1524/1397
f 1439/1524/1397 1438/1523/1396 1440/1525/1398 1441/1526/1399
f 1440/1525/1398 1442/1527/1400 1443/1528/1401 1441/1526/1399
f 1442/1527/1400 1444/1529/1402 1443/1528/1401
s 123
f 1445/1530/1403 1446/1531/1404 1447/1532/1405 1448/1533/1406
f 1449/1534/1407 1450/1535/1408 1451/1536/1409 1447/1532/1405
f 1450/1535/1408 1452/1537/1410 1451/1536/1409
f 1447/1532/1405 1446/1531/1404 1453/1538/1411 1449/1534/1407
f 1447/1532/1405 1451/1536/1409 1454/1539/1412 1448/1533/1406
f 1446/1531/1404 1455/1540/1413 1453/1538/1411
f 1455/1540/1413 1446/1531/1404 1445/1530/1403
f 1451/1536/1409 1452/1537/1410 1454/1539/1412
s 124
f 1456/1541/1414 1457/1542/1415 1458/1543/1416 1459/1544/1417
f 1460/1545/1418 1461/1546/1419 1462/1547/1420 1458/1543/1416
f 1461/1546/1419 1463/1548/1421 1462/1547/1420
f 1458/1543/1416 1457/1542/1415 1464/1549/1422 1460/1545/1418
f 1458/1543/1416 1462/1547/1420 1465/1550/1423 1459/1544/1417
f 1457/1542/1415 1455/1540/1413 1464/1549/1422
f 1455/1540/1413 1457/1542/1415 1456/1541/1414
f 1462/1547/1420 1463/1548/1421 1465/1550/1423
s 125
f 1466/1551/1424 1467/1552/1425 1468/1553/1426 1469/1554/1427
f 1470/1555/1428 1471/1556/1429 1472/1557/1430 1468/1553/1426
f 1471/1556/1429 1473/1558/1431 1472/1557/1430
f 1468/1553/1426 1467/1552/1425 1474/1559/1432 1470/1555/1428
f 1468/1553/1426 1472/1557/1430 1475/1560/1433 1469/1554/1427
f 1467/1552/1425 1455/1540/1413 1474/1559/1432
f 1455/1540/1413 1467/1552/1425 1466/1551/1424
f 1472/1557/1430 1473/1558/1431 1475/1560/1433
s 126
f 1476/1561/1434 1477/1562/1435 1478/1563/1436 1479/1564/1437
f 1480/1565/1438 1481/1566/1439 1482/1567/1440 1478/1563/1436
f 1481/1566/1439 1483/1568/1441 1482/1567/1440
f 1478/1563/1436 1477/1562/1435 1484/1569/1442 1480/1565/1438
f 1478/1563/1436 1482/1567/1440 1485/1570/1443 1479/1564/1437
f 1477/1562/1435 1455/1540/1413 1484/1569/1442
f 1455/1540/1413 1477/1562/1435 1476/1561/1434
f 1482/1567/1440 1483/1568/1441 1485/1570/1443
s 127
f 1486/1571/1444 1487/1572/1445 1488/1573/1446 1489/1574/1447
f 1490/1575/1448 1491/1576/1449 1492/1577/1450 1488/1573/1446
f 1491/1576/1449 1493/1578/1451 1492/1577/1450
f 1488/1573/1446 1487/1572/1445 1494/1579/1452 1490/1575/1448
f 1488/1573/1446 1492/1577/1450 1495/1580/1453 1489/1574/1447
f 1487/1572/1445 1455/1540/1413 1494/1579/1452
f 1455/1540/1413 1487/1572/1445 1486/1571/1444
f 1492/1577/1450 1493/1578/1451 1495/1580/1453
s 128
f 1496/1581/1454 1497/1582/1455 1498/1583/1456 1499/1584/1454
f 1497/1582/1455 1500/1585/1457 1501/1586/1458 1498/1583/1456
f 1501/1586/1458 1500/1585/1457 1502/1587/1459 1503/1588/1460
f 1503/1588/1460 1502/1587/1459 1504/1589/1461
s 129
f 1505/1590/1462 1506/1591/1463 1507/1592/1464 1508/1593/1465
f 1509/1594/1466 1510/1595/1467 1506/1591/1463 1505/1590/1462
f 1511/1596/1468 1512/1597/1469 1510/1598/1467 1509/1599/1466
f 1508/1593/1465 1507/1592/1464 1512/1597/1469 1511/1596/1468
s 130
f 1513/1600/1470 1514/1601/1470 1515/1602/1471 1516/1603/1472
f 1516/1603/1472 1515/1602/1471 1517/1604/1473 1518/1605/1474
f 1517/1604/1473 1519/1606/1475 1520/1607/1476 1518/1605/1474
f 1519/1606/1475 1521/1608/1477 1520/1607/1476
s 131
f 1522/1609/1478 1523/1610/1479 1524/1611/1480 1525/1612/1481
f 1525/1613/1481 1524/1614/1480 1526/1615/1482 1527/1616/1483
f 1527/1617/1483 1526/1618/1482 1528/1619/1484 1529/1620/1485
f 1529/1621/1485 1528/1622/1484 1530/1623/1486 1531/1624/1487
f 1532/1625/1488 1533/1626/1489 1534/1627/1490
f 1532/1625/1488 1535/1628/1491 1533/1629/1489
f 1532/1625/1488 1536/1630/1492 1535/1631/1491
f 1532/1625/1488 1537/1632/1493 1536/1633/1492
f 1523/1610/1479 1534/1627/1490 1533/1626/1489 1524/1611/1480
f 1524/1614/1480 1533/1629/1489 1535/1628/1491 1526/1615/1482
f 1526/1618/1482 1535/1631/1491 1536/1630/1492 1528/1619/1484
f 1528/1622/1484 1536/1633/1492 1537/1632/1493 1530/1623/1486
f 1522/1634/1478 1538/1635/1494 1539/1636/1495 1523/1637/1479
f 1538/1638/1494 1540/1639/1496 1541/1640/1497 1539/1641/1495
f 1540/1642/1496 1542/1643/1498 1543/1644/1499 1541/1645/1497
f 1542/1646/1498 1531/1647/1487 1530/1648/1486 1543/1649/1499
f 1532/1625/1488 1534/1650/1490 1544/1651/1500
f 1532/1625/1488 1544/1652/1500 1545/1653/1501
f 1532/1625/1488 1545/1654/1501 1546/1655/1502
f 1532/1625/1488 1546/1656/1502 1537/1657/1493
f 1523/1637/1479 1539/1636/1495 1544/1651/1500 1534/1650/1490
f 1539/1641/1495 1541/1640/1497 1545/1653/1501 1544/1652/1500
f 1541/1645/1497 1543/1644/1499 1546/1655/1502 1545/1654/1501
f 1543/1649/1499 1530/1648/1486 1537/1657/1493 1546/1656/1502
f 1522/1658/1478 1525/1659/1481 1547/1660/1503
f 1525/1659/1481 1527/1661/1483 1547/1660/1503
f 1527/1661/1483 1529/1662/1485 1547/1660/1503
f 1529/1662/1485 1531/1663/1487 1547/1660/1503
f 1538/1664/1494 1522/1658/1478 1547/1660/1503
f 1540/1665/1496 1538/1664/1494 1547/1660/1503
f 1542/1666/1498 1540/1665/1496 1547/1660/1503
f 1531/1663/1487 1542/1666/1498 1547/1660/1503
s 132
f 1548/1667/1504 1549/1668/1505 1550/1669/1506 1551/1670/1504
f 1549/1668/1505 1552/1671/1507 1553/1672/1508 1550/1669/1506
f 1553/1672/1508 1552/1671/1507 1554/1673/1509 1555/1674/1510
f 1555/1674/1510 1554/1673/1509 1556/1675/1511
s 133
f 1557/1676/1512 1558/1677/1512 1559/1678/1513 1560/1679/1514
f 1560/1679/1514 1559/1678/1513 1561/1680/1515 1562/1681/1516
f 1561/1680/1515 1563/1682/1517 1564/1683/1518 1562/1681/1516
f 1563/1682/1517 1565/1684/1519 1564/1683/1518
s 134
f 1566/1685/1520 1567/1686/1521 1568/1687/1522 1569/1688/1520
f 1567/1686/1521 1570/1689/1523 1571/1690/1524 1568/1687/1522
f 1571/1690/1524 1570/1689/1523 1572/1691/1525 1573/1692/1526
f 1573/1692/1526 1572/1691/1525 1574/1693/1527
s 135
f 1575/1694/1528 1576/1695/1528 1577/1696/1529 1578/1697/1530
f 1578/1697/1530 1577/1696/1529 1579/1698/1531 1580/1699/1532
f 1579/1698/1531 1581/1700/1533 1582/1701/1534 1580/1699/1532
f 1581/1700/1533 1583/1702/1535 1582/1701/1534
s 136
f 1584/1703/1536 1585/1704/1537 1586/1705/1538 1587/1706/1536
f 1585/1704/1537 1588/1707/1539 1589/1708/1540 1586/1705/1538
f 1589/1708/1540 1588/1707/1539 1590/1709/1541 1591/1710/1542
f 1591/1710/1542 1590/1709/1541 1592/1711/1543
s 137
f 1593/1712/1544 1594/1713/1544 1595/1714/1545 1596/1715/1546
f 1596/1715/1546 1595/1714/1545 1597/1716/1547 1598/1717/1548
f 1597/1716/1547 1599/1718/1549 1600/1719/1550 1598/1717/1548
f 1599/1718/1549 1601/1720/1551 1600/1719/1550
s 138
f 1602/1721/1552 1603/1722/1553 1604/1723/1554 1605/1724/1552
f 1603/1722/1553 1606/1725/1555 1607/1726/1556 1604/1723/1554
f 1607/1726/1556 1606/1725/1555 1608/1727/1557 1609/1728/1558
f 1609/1728/1558 1608/1727/1557 1610/1729/1559
s 139
f 1611/1730/1560 1612/1731/1560 1613/1732/1561 1614/1733/1562
f 1614/1733/1562 1613/1732/1561 1615/1734/1563 1616/1735/1564
f 1615/1734/1563 1617/1736/1565 1618/1737/1566 1616/1735/1564
f 1617/1736/1565 1619/1738/1567 1618/1737/1566
s 129
f 1506/1591/1463 1620/1739/1568 1621/1740/1569 1507/1592/1464
f 1510/1595/1467 1622/1741/1570 1620/1739/1568 1506/1591/1463
f 1512/1597/1469 1623/1742/1571 1622/1743/1570 1510/1598/1467
f 1507/1592/1464 1621/1740/1569 1623/1742/1571 1512/1597/1469
s 140
f 1624/1744/1572 1625/1745/1573 1626/1746/1574 1627/1747/1572
f 1625/1745/1573 1628/1748/1575 1629/1749/1576 1626/1746/1574
f 1629/1749/1576 1628/1748/1575 1630/1750/1577 1631/1751/1578
f 1631/1751/1578 1630/1750/1577 1632/1752/1579
s 141
f 1633/1753/1580 1634/1754/1581 1635/1755/1582 1636/1756/1583
f 1637/1757/1584 1638/1758/1585 1634/1754/1581 1633/1753/1580
f 1639/1759/1586 1640/1760/1587 1638/1761/1585 1637/1762/1584
f 1636/1756/1583 1635/1755/1582 1640/1760/1587 1639/1759/1586
s 142
f 1641/1763/1588 1642/1764/1588 1643/1765/1589 1644/1766/1590
f 1644/1766/1590 1643/1765/1589 1645/1767/1591 1646/1768/1592
f 1645/1767/1591 1647/1769/1593 1648/1770/1594 1646/1768/1592
f 1647/1769/1593 1649/1771/1595 1648/1770/1594
s 143
f 1650/1772/1596 1651/1773/1597 1652/1774/1598 1653/1775/1599
f 1653/1776/1599 1652/1777/1598 1654/1778/1600 1655/1779/1601
f 1655/1780/1601 1654/1781/1600 1656/1782/1602 1657/1783/1603
f 1657/1784/1603 1656/1785/1602 1658/1786/1604 1659/1787/1605
f 1660/1788/1606 1661/1789/1607 1662/1790/1608
f 1660/1788/1606 1663/1791/1609 1661/1792/1607
f 1660/1788/1606 1664/1793/1610 1663/1794/1609
f 1660/1788/1606 1665/1795/1611 1664/1796/1610
f 1651/1773/1597 1662/1790/1608 1661/1789/1607 1652/1774/1598
f 1652/1777/1598 1661/1792/1607 1663/1791/1609 1654/1778/1600
f 1654/1781/1600 1663/1794/1609 1664/1793/1610 1656/1782/1602
f 1656/1785/1602 1664/1796/1610 1665/1795/1611 1658/1786/1604
f 1650/1797/1596 1666/1798/1612 1667/1799/1613 1651/1800/1597
f 1666/1801/1612 1668/1802/1614 1669/1803/1615 1667/1804/1613
f 1668/1805/1614 1670/1806/1616 1671/1807/1617 1669/1808/1615
f 1670/1809/1616 1659/1810/1605 1658/1811/1604 1671/1812/1617
f 1660/1788/1606 1662/1813/1608 1672/1814/1618
f 1660/1788/1606 1672/1815/1618 1673/1816/1619
f 1660/1788/1606 1673/1817/1619 1674/1818/1620
f 1660/1788/1606 1674/1819/1620 1665/1820/1611
f 1651/1800/1597 1667/1799/1613 1672/1814/1618 1662/1813/1608
f 1667/1804/1613 1669/1803/1615 1673/1816/1619 1672/1815/1618
f 1669/1808/1615 1671/1807/1617 1674/1818/1620 1673/1817/1619
f 1671/1812/1617 1658/1811/1604 1665/1820/1611 1674/1819/1620
f 1650/1821/1596 1653/1822/1599 1675/1823/1621
f 1653/1822/1599 1655/1824/1601 1675/1823/1621
f 1655/1824/1601 1657/1825/1603 1675/1823/1621
f 1657/1825/1603 1659/1826/1605 1675/1823/1621
f 1666/1827/1612 1650/1821/1596 1675/1823/1621
f 1668/1828/1614 1666/1827/1612 1675/1823/1621
f 1670/1829/1616 1668/1828/1614 1675/1823/1621
f 1659/1826/1605 1670/1829/1616 1675/1823/1621
s 144
f 1676/1830/1622 1677/1831/1623 1678/1832/1624 1679/1833/1622
f 1677/1831/1623 1680/1834/1625 1681/1835/1626 1678/1832/1624
f 1681/1835/1626 1680/1834/1625 1682/1836/1627 1683/1837/1628
f 1683/1837/1628 1682/1836/1627 1684/1838/1629
s 145
f 1685/1839/1630 1686/1840/1630 1687/1841/1631 1688/1842/1632
f 1688/1842/1632 1687/1841/1631 1689/1843/1633 1690/1844/1634
f 1689/1843/1633 1691/1845/1635 1692/1846/1636 1690/1844/1634
f 1691/1845/1635 1693/1847/1637 1692/1846/1636
s 146
f 1694/1848/1638 1695/1849/1639 1696/1850/1640 1697/1851/1638
f 1695/1849/1639 1698/1852/1641 1699/1853/1642 1696/1850/1640
f 1699/1853/1642 1698/1852/1641 1700/1854/1643 1701/1855/1644
f 1701/1855/1644 1700/1854/1643 1702/1856/1645
s 147
f 1703/1857/1646 1704/1858/1646 1705/1859/1647 1706/1860/1648
f 1706/1860/1648 1705/1859/1647 1707/1861/1649 1708/1862/1650
f 1707/1861/1649 1709/1863/1651 1710/1864/1652 1708/1862/1650
f 1709/1863/1651 1711/1865/1653 1710/1864/1652
s 148
f 1712/1866/1654 1713/1867/1655 1714/1868/1656 1715/1869/1654
f 1713/1867/1655 1716/1870/1657 1717/1871/1658 1714/1868/1656
f 1717/1871/1658 1716/1870/1657 1718/1872/1659 1719/1873/1660
f 1719/1873/1660 1718/1872/1659 1720/1874/1661
s 149
f 1721/1875/1662 1722/1876/1662 1723/1877/1663 1724/1878/1664
f 1724/1878/1664 1723/1877/1663 1725/1879/1665 1726/1880/1666
f 1725/1879/1665 1727/1881/1667 1728/1882/1668 1726/1880/1666
f 1727/1881/1667 1729/1883/1669 1728/1882/1668
s 150
f 1730/1884/1670 1731/1885/1671 1732/1886/1672 1733/1887/1670
f 1731/1885/1671 1734/1888/1673 1735/1889/1674 1732/1886/1672
f 1735/1889/1674 1734/1888/1673 1736/1890/1675 1737/1891/1676
f 1737/1891/1676 1736/1890/1675 1738/1892/1677
s 151
f 1739/1893/1678 1740/1894/1678 1741/1895/1679 1742/1896/1680
f 1742/1896/1680 1741/1895/1679 1743/1897/1681 1744/1898/1682
f 1743/1897/1681 1745/1899/1683 1746/1900/1684 1744/1898/1682
f 1745/1899/1683 1747/1901/1685 1746/1900/1684
s 141
f 1634/1754/1581 1748/1902/1686 1749/1903/1687 1635/1755/1582
f 1638/1758/1585 1750/1904/1688 1748/1902/1686 1634/1754/1581
f 1640/1760/1587 1751/1905/1689 1750/1906/1688 1638/1761/1585
f 1635/1755/1582 1749/1903/1687 1751/1905/1689 1640/1760/1587
s 152
f 1752/1907/1690 1753/1908/1691 1754/1909/1692 1755/1910/1693
f 1756/1911/1694 1757/1912/1695 1758/1913/1696 1759/1914/1697
f 1760/1915/1698 1761/1916/1699 1757/1912/1695 1756/1911/1694
f 1762/1917/1700 1763/1918/1701 1761/1919/1699 1760/1920/1698
f 1759/1914/1697 1758/1913/1696 1763/1918/1701 1762/1917/1700
f 1757/1912/1695 1754/1921/1692 1753/1908/1691 1758/1913/1696
f 1761/1916/1699 1755/1922/1693 1754/1921/1692 1757/1912/1695
f 1763/1918/1701 1752/1907/1690 1755/1923/1693 1761/1919/1699
f 1758/1913/1696 1753/1908/1691 1752/1907/1690 1763/1918/1701
s 153
f 1764/1924/1702 1765/1925/1703 1766/1926/1704 1767/1927/1705
f 1768/1928/1706 1769/1929/1707 1770/1930/1708 1771/1931/1709
f 1772/1932/1710 1773/1933/1711 1769/1929/1707 1768/1928/1706
f 1774/1934/1712 1775/1935/1713 1773/1936/1711 1772/1937/1710
f 1771/1931/1709 1770/1930/1708 1775/1935/1713 1774/1934/1712
f 1769/1929/1707 1766/1938/1704 1765/1925/1703 1770/1930/1708
f 1773/1933/1711 1767/1939/1705 1766/1938/1704 1769/1929/1707
f 1775/1935/1713 1764/1924/1702 1767/1940/1705 1773/1936/1711
f 1770/1930/1708 1765/1925/1703 1764/1924/1702 1775/1935/1713
s 154
f 1776/1941/1714 1777/1942/1715 1778/1943/1716 1779/1944/1714
f 1777/1942/1715 1780/1945/1717 1781/1946/1718 1778/1943/1716
f 1781/1946/1718 1780/1945/1717 1782/1947/1719 1783/1948/1720
f 1783/1948/1720 1782/1947/1719 1784/1949/1721
s 155
f 1785/1950/1722 1786/1951/1722 1787/1952/1723 1788/1953/1724
f 1788/1953/1724 1787/1952/1723 1789/1954/1725 1790/1955/1726
f 1789/1954/1725 1791/1956/1727 1792/1957/1728 1790/1955/1726
f 1791/1956/1727 1793/1958/1729 1792/1957/1728
s 156
f 1794/1959/1730 1795/1960/1731 1796/1961/1732 1797/1962/1733
f 1797/1962/1733 1796/1961/1732 1798/1963/1734 1799/1964/1735
f 1799/1964/1735 1798/1963/1734 1800/1965/1736 1801/1966/1737
f 1801/1966/1737 1800/1965/1736 1802/1967/1738 1803/1968/1739
f 1804/1969/1740 1805/1970/1741 1806/1971/1742
f 1804/1969/1740 1807/1972/1743 1805/1970/1741
f 1804/1969/1740 1808/1973/1744 1807/1972/1743
f 1804/1969/1740 1809/1974/1745 1808/1973/1744
f 1795/1960/1731 1806/1971/1742 1805/1970/1741 1796/1961/1732
f 1796/1961/1732 1805/1970/1741 1807/1972/1743 1798/1963/1734
f 1798/1963/1734 1807/1972/1743 1808/1973/1744 1800/1965/1736
f 1800/1965/1736 1808/1973/1744 1809/1974/1745 1802/1967/1738
f 1794/1959/1730 1810/1975/1746 1811/1976/1747 1795/1960/1731
f 1810/1975/1746 1812/1977/1748 1813/1978/1749 1811/1976/1747
f 1812/1977/1748 1814/1979/1750 1815/1980/1751 1813/1978/1749
f 1814/1979/1750 1803/1968/1739 1802/1967/1738 1815/1980/1751
f 1804/1969/1740 1806/1971/1742 1816/1981/1752
f 1804/1969/1740 1816/1981/1752 1817/1982/1753
f 1804/1969/1740 1817/1982/1753 1818/1983/1754
f 1804/1969/1740 1818/1983/1754 1809/1974/1745
f 1795/1960/1731 1811/1976/1747 1816/1981/1752 1806/1971/1742
f 1811/1976/1747 1813/1978/1749 1817/1982/1753 1816/1981/1752
f 1813/1978/1749 1815/1980/1751 1818/1983/1754 1817/1982/1753
f 1815/1980/1751 1802/1967/1738 1809/1974/1745 1818/1983/1754
f 1794/1984/1730 1797/1985/1733 1819/1986/1755
f 1797/1985/1733 1799/1987/1735 1819/1986/1755
f 1799/1987/1735 1801/1988/1737 1819/1986/1755
f 1801/1988/1737 1803/1989/1739 1819/1986/1755
f 1810/1990/1746 1794/1984/1730 1819/1986/1755
f 1812/1991/1748 1810/1990/1746 1819/1986/1755
f 1814/1992/1750 1812/1991/1748 1819/1986/1755
f 1803/1989/1739 1814/1992/1750 1819/1986/1755
s 157
f 1820/1993/1756 1821/1994/1757 1822/1995/1758 1823/1996/1759
f 1824/1997/1760 1822/1995/1758 1825/1998/1761 1826/1999/1762
f 1826/1999/1762 1825/1998/1761 1827/2000/1763
f 1822/1995/1758 1824/1997/1760 1828/2001/1764 1823/1996/1759
f 1822/1995/1758 1821/1994/1757 1829/2002/1765 1825/1998/1761
f 1823/1996/1759 1828/2001/1764 1830/2003/1766
f 1830/2003/1766 1820/1993/1756 1823/1996/1759
f 1825/1998/1761 1829/2002/1765 1827/2000/1763
s 158
f 1831/2004/1767 1832/2005/1768 1833/2006/1769 1834/2007/1770
f 1835/2008/1771 1833/2006/1769 1836/2009/1772 1837/2010/1773
f 1837/2010/1773 1836/2009/1772 1838/2011/1774
f 1833/2006/1769 1835/2008/1771 1839/2012/1775 1834/2007/1770
f 1833/2006/1769 1832/2005/1768 1840/2013/1776 1836/2009/1772
f 1834/2007/1770 1839/2012/1775 1830/2003/1766
f 1830/2003/1766 1831/2004/1767 1834/2007/1770
f 1836/2009/1772 1840/2013/1776 1838/2011/1774
s 159
f 1841/2014/1777 1842/2015/1778 1843/2016/1779 1844/2017/1780
f 1845/2018/1781 1843/2016/1779 1846/2019/1782 1847/2020/1783
f 1847/2020/1783 1846/2019/1782 1848/2021/1784
f 1843/2016/1779 1845/2018/1781 1849/2022/1785 1844/2017/1780
f 1843/2016/1779 1842/2015/1778 1850/2023/1786 1846/2019/1782
f 1844/2017/1780 1849/2022/1785 1830/2003/1766
f 1830/2003/1766 1841/2014/1777 1844/2017/1780
f 1846/2019/1782 1850/2023/1786 1848/2021/1784
s 160
f 1851/2024/1787 1852/2025/1788 1853/2026/1789 1854/2027/1790
f 1855/2028/1791 1853/2026/1789 1856/2029/1792 1857/2030/1793
f 1857/2030/1793 1856/2029/1792 1858/2031/1794
f 1853/2026/1789 1855/2028/1791 1859/2032/1795 1854/2027/1790
f 1853/2026/1789 1852/2025/1788 1860/2033/1796 1856/2029/1792
f 1854/2027/1790 1859/2032/1795 1830/2003/1766
f 1830/2003/1766 1851/2024/1787 1854/2027/1790
f 1856/2029/1792 1860/2033/1796 1858/2031/1794
s 161
f 1861/2034/1797 1862/2035/1798 1863/2036/1799 1864/2037/1800
f 1865/2038/1801 1863/2036/1799 1866/2039/1802 1867/2040/1803
f 1867/2040/1803 1866/2039/1802 1868/2041/1804
f 1863/2036/1799 1865/2038/1801 1869/2042/1805 1864/2037/1800
f 1863/2036/1799 1862/2035/1798 1870/2043/1806 1866/2039/1802
f 1864/2037/1800 1869/2042/1805 1830/2003/1766
f 1830/2003/1766 1861/2034/1797 1864/2037/1800
f 1866/2039/1802 1870/2043/1806 1868/2041/1804
s 162
f 1871/2044/1807 1872/2045/1808 1873/2046/1809 1874/2047/1807
f 1872/2045/1808 1875/2048/1810 1876/2049/1811 1873/2046/1809
f 1876/2049/1811 1875/2048/1810 1877/2050/1812 1878/2051/1813
f 1878/2051/1813 1877/2050/1812 1879/2052/1814
s 163
f 1880/2053/1815 1881/2054/1815 1882/2055/1816 1883/2056/1817
f 1883/2056/1817 1882/2055/1816 1884/2057/1818 1885/2058/1819
f 1884/2057/1818 1886/2059/1820 1887/2060/1821 1885/2058/1819
f 1886/2059/1820 1888/2061/1822 1887/2060/1821
s 164
f 1889/2062/1823 1890/2063/1824 1891/2064/1825 1892/2065/1823
f 1890/2063/1824 1893/2066/1826 1894/2067/1827 1891/2064/1825
f 1894/2067/1827 1893/2066/1826 1895/2068/1828 1896/2069/1829
f 1896/2069/1829 1895/2068/1828 1897/2070/1830
s 165
f 1898/2071/1831 1899/2072/1831 1900/2073/1832 1901/2074/1833
f 1901/2074/1833 1900/2073/1832 1902/2075/1834 1903/2076/1835
f 1902/2075/1834 1904/2077/1836 1905/2078/1837 1903/2076/1835
f 1904/2077/1836 1906/2079/1838 1905/2078/1837
s 166
f 1907/2080/1839 1908/2081/1840 1909/2082/1841 1910/2083/1839
f 1908/2081/1840 1911/2084/1842 1912/2085/1843 1909/2082/1841
f 1912/2085/1843 1911/2084/1842 1913/2086/1844 1914/2087/1845
f 1914/2087/1845 1913/2086/1844 1915/2088/1846
s 167
f 1916/2089/1847 1917/2090/1847 1918/2091/1848 1919/2092/1849
f 1919/2092/1849 1918/2091/1848 1920/2093/1850 1921/2094/1851
f 1920/2093/1850 1922/2095/1852 1923/2096/1853 1921/2094/1851
f 1922/2095/1852 1924/2097/1854 1923/2096/1853
s 168
f 1925/2098/1855 1926/2099/1856 1927/2100/1857 1928/2101/1855
f 1926/2099/1856 1929/2102/1858 1930/2103/1859 1927/2100/1857
f 1930/2103/1859 1929/2102/1858 1931/2104/1860 1932/2105/1861
f 1932/2105/1861 1931/2104/1860 1933/2106/1862
s 169
f 1934/2107/1863 1935/2108/1863 1936/2109/1864 1937/2110/1865
f 1937/2110/1865 1936/2109/1864 1938/2111/1866 1939/2112/1867
f 1938/2111/1866 1940/2113/1868 1941/2114/1869 1939/2112/1867
f 1940/2113/1868 1942/2115/1870 1941/2114/1869
s 170
f 1943/2116/1871 1944/2117/1872 1945/2118/1873 1946/2119/1874
f 1947/2120/1875 1948/2121/1876 1949/2122/1877 1945/2118/1873
f 1948/2121/1876 1950/2123/1878 1949/2122/1877
f 1945/2118/1873 1944/2117/1872 1951/2124/1879 1947/2120/1875
f 1945/2118/1873 1949/2122/1877 1952/2125/1880 1946/2119/1874
f 1944/2117/1872 1953/2126/1881 1951/2124/1879
f 1953/2126/1881 1944/2117/1872 1943/2116/1871
f 1949/2122/1877 1950/2123/1878 1952/2125/1880
s 171
f 1954/2127/1882 1955/2128/1883 1956/2129/1884 1957/2130/1885
f 1958/2131/1886 1959/2132/1887 1960/2133/1888 1956/2129/1884
f 1959/2132/1887 1961/2134/1889 1960/2133/1888
f 1956/2129/1884 1955/2128/1883 1962/2135/1890 1958/2131/1886
f 1956/2129/1884 1960/2133/1888 1963/2136/1891 1957/2130/1885
f 1955/2128/1883 1953/2126/1892 1962/2135/1890
f 1953/2126/1892 1955/2128/1883 1954/2127/1882
f 1960/2133/1888 1961/2134/1889 1963/2136/1891
s 172
f 1964/2137/1893 1965/2138/1894 1966/2139/1895 1967/2140/1896
f 1968/2141/1897 1969/2142/1898 1970/2143/1899 1966/2139/1895
f 1969/2142/1898 1971/2144/1900 1970/2143/1899
f 1966/2139/1895 1965/2138/1894 1972/2145/1901 1968/2141/1897
f 1966/2139/1895 1970/2143/1899 1973/2146/1902 1967/2140/1896
f 1965/2138/1894 1953/2126/1892 1972/2145/1901
f 1953/2126/1892 1965/2138/1894 1964/2137/1893
f 1970/2143/1899 1971/2144/1900 1973/2146/1902
s 173
f 1974/2147/1903 1975/2148/1904 1976/2149/1905 1977/2150/1906
f 1978/2151/1907 1979/2152/1908 1980/2153/1909 1976/2149/1905
f 1979/2152/1908 1981/2154/1910 1980/2153/1909
f 1976/2149/1905 1975/2148/1904 1982/2155/1911 1978/2151/1907
f 1976/2149/1905 1980/2153/1909 1983/2156/1912 1977/2150/1906
f 1975/2148/1904 1953/2126/1892 1982/2155/1911
f 1953/2126/1892 1975/2148/1904 1974/2147/1903
f 1980/2153/1909 1981/2154/1910 1983/2156/1912
s 174
f 1984/2157/1913 1985/2158/1914 1986/2159/1915 1987/2160/1916
f 1988/2161/1917 1989/2162/1918 1990/2163/1919 1986/2159/1915
f 1989/2162/1918 1991/2164/1920 1990/2163/1919
f 1986/2159/1915 1985/2158/1914 1992/2165/1921 1988/2161/1917
f 1986/2159/1915 1990/2163/1919 1993/2166/1922 1987/2160/1916
f 1985/2158/1914 1953/2126/1892 1992/2165/1921
f 1953/2126/1892 1985/2158/1914 1984/2157/1913
f 1990/2163/1919 1991/2164/1920 1993/2166/1922
s 175
f 1994/2167/1923 1995/2168/1924 1996/2169/1925 1997/2170/1926
f 1998/2171/1927 1999/2172/1928 2000/2173/1929 2001/2174/1930
f 2002/2175/1931 2003/2176/1932 1999/2172/1928 1998/2171/1927
f 2004/2177/1933 2005/2178/1934 2003/2179/1932 2002/2180/1931
f 2001/2174/1930 2000/2173/1929 2005/2178/1934 2004/2177/1933
f 1999/2172/1928 1996/2181/1925 1995/2168/1924 2000/2173/1929
f 2003/2176/1932 1997/2182/1926 1996/2181/1925 1999/2172/1928
f 2005/2178/1934 1994/2167/1923 1997/2183/1926 2003/2179/1932
f 2000/2173/1929 1995/2168/1924 1994/2167/1923 2005/2178/1934
s 176
f 2006/2184/1935 2007/2185/1936 2008/2186/1937 2009/2187/1935
f 2007/2185/1936 2010/2188/1938 2011/2189/1939 2008/2186/1937
f 2011/2189/1939 2010/2188/1938 2012/2190/1940 2013/2191/1941
f 2013/2191/1941 2012/2190/1940 2014/2192/1942
s 177
f 2015/2193/1943 2016/2194/1943 2017/2195/1944 2018/2196/1945
f 2018/2196/1945 2017/2195/1944 2019/2197/1946 2020/2198/1947
f 2019/2197/1946 2021/2199/1948 2022/2200/1949 2020/2198/1947
f 2021/2199/1948 2023/2201/1950 2022/2200/1949
s 178
f 2024/2202/1951 2025/2203/1952 2026/2204/1953 2027/2205/1954
f 2027/2205/1954 2026/2204/1953 2028/2206/1955 2029/2207/1956
f 2029/2207/1956 2028/2206/1955 2030/2208/1957 2031/2209/1958
f 2031/2209/1958 2030/2208/1957 2032/2210/1959 2033/2211/1960
f 2034/2212/1961 2035/2213/1962 2036/2214/1963
f 2034/2212/1961 2037/2215/1964 2035/2213/1962
f 2034/2212/1961 2038/2216/1965 2037/2215/1964
f 2034/2212/1961 2039/2217/1966 2038/2216/1965
f 2025/2203/1952 2036/2214/1963 2035/2213/1962 2026/2204/1953
f 2026/2204/1953 2035/2213/1962 2037/2215/1964 2028/2206/1955
f 2028/2206/1955 2037/2215/1964 2038/2216/1965 2030/2208/1957
f 2030/2208/1957 2038/2216/1965 2039/2217/1966 2032/2210/1959
f 2024/2202/1951 2040/2218/1967 2041/2219/1968 2025/2203/1952
f 2040/2218/1967 2042/2220/1969 2043/2221/1970 2041/2219/1968
f 2042/2220/1969 2044/2222/1971 2045/2223/1972 2043/2221/1970
f 2044/2222/1971 2033/2211/1960 2032/2210/1959 2045/2223/1972
f 2034/2212/1961 2036/2214/1963 2046/2224/1973
f 2034/2212/1961 2046/2224/1973 2047/2225/1974
f 2034/2212/1961 2047/2225/1974 2048/2226/1975
f 2034/2212/1961 2048/2226/1975 2039/2217/1966
f 2025/2203/1952 2041/2219/1968 2046/2224/1973 2036/2214/1963
f 2041/2219/1968 2043/2221/1970 2047/2225/1974 2046/2224/1973
f 2043/2221/1970 2045/2223/1972 2048/2226/1975 2047/2225/1974
f 2045/2223/1972 2032/2210/1959 2039/2217/1966 2048/2226/1975
f 2024/2227/1951 2027/2228/1954 2049/2229/1976
f 2027/2228/1954 2029/2230/1956 2049/2229/1976
f 2029/2230/1956 2031/2231/1958 2049/2229/1976
f 2031/2231/1958 2033/2232/1960 2049/2229/1976
f 2040/2233/1967 2024/2227/1951 2049/2229/1976
f 2042/2234/1969 2040/2233/1967 2049/2229/1976
f 2044/2235/1971 2042/2234/1969 2049/2229/1976
f 2033/2232/1960 2044/2235/1971 2049/2229/1976
s 179
f 2050/2236/1977 2051/2237/1978 2052/2238/1979 2053/2239/1980
f 2054/2240/1981 2052/2238/1979 2055/2241/1982 2056/2242/1983
f 2056/2242/1983 2055/2241/1982 2057/2243/1984
f 2052/2238/1979 2054/2240/1981 2058/2244/1985 2053/2239/1980
f 2052/2238/1979 2051/2237/1978 2059/2245/1986 2055/2241/1982
f 2053/2239/1980 2058/2244/1985 2060/2246/1987
f 2060/2246/1987 2050/2236/1977 2053/2239/1980
f 2055/2241/1982 2059/2245/1986 2057/2243/1984
s 180
f 2061/2247/1988 2062/2248/1989 2063/2249/1990 2064/2250/1991
f 2065/2251/1992 2063/2249/1990 2066/2252/1993 2067/2253/1994
f 2067/2253/1994 2066/2252/1993 2068/2254/1995
f 2063/2249/1990 2065/2251/1992 2069/2255/1996 2064/2250/1991
f 2063/2249/1990 2062/2248/1989 2070/2256/1997 2066/2252/1993
f 2064/2250/1991 2069/2255/1996 2060/2246/1987
f 2060/2246/1987 2061/2247/1988 2064/2250/1991
f 2066/2252/1993 2070/2256/1997 2068/2254/1995
s 181
f 2071/2257/1998 2072/2258/1999 2073/2259/2000 2074/2260/2001
f 2075/2261/2002 2073/2259/2000 2076/2262/2003 2077/2263/2004
f 2077/2263/2004 2076/2262/2003 2078/2264/2005
f 2073/2259/2000 2075/2261/2002 2079/2265/2006 2074/2260/2001
f 2073/2259/2000 2072/2258/1999 2080/2266/2007 2076/2262/2003
f 2074/2260/2001 2079/2265/2006 2060/2246/1987
f 2060/2246/1987 2071/2257/1998 2074/2260/2001
f 2076/2262/2003 2080/2266/2007 2078/2264/2005
s 182
f 2081/2267/2008 2082/2268/2009 2083/2269/2010 2084/2270/2011
f 2085/2271/2012 2083/2269/2010 2086/2272/2013 2087/2273/2014
f 2087/2273/2014 2086/2272/2013 2088/2274/2015
f 2083/2269/2010 2085/2271/2012 2089/2275/2016 2084/2270/2011
f 2083/2269/2010 2082/2268/2009 2090/2276/2017 2086/2272/2013
f 2084/2270/2011 2089/2275/2016 2060/2246/1987
f 2060/2246/1987 2081/2267/2008 2084/2270/2011
f 2086/2272/2013 2090/2276/2017 2088/2274/2015
s 183
f 2091/2277/2018 2092/2278/2019 2093/2279/2020 2094/2280/2021
f 2095/2281/2022 2093/2279/2020 2096/2282/2023 2097/2283/2024
f 2097/2283/2024 2096/2282/2023 2098/2284/2025
f 2093/2279/2020 2095/2281/2022 2099/2285/2026 2094/2280/2021
f 2093/2279/2020 2092/2278/2019 2100/2286/2027 2096/2282/2023
f 2094/2280/2021 2099/2285/2026 2060/2246/1987
f 2060/2246/1987 2091/2277/2018 2094/2280/2021
f 2096/2282/2023 2100/2286/2027 2098/2284/2025
s 184
f 2101/2287/2028 2102/2288/2029 2103/2289/2030 2104/2290/2028
f 2102/2288/2029 2105/2291/2031 2106/2292/2032 2103/2289/2030
f 2106/2292/2032 2105/2291/2031 2107/2293/2033 2108/2294/2034
f 2108/2294/2034 2107/2293/2033 2109/2295/2035
s 185
f 2110/2296/2036 2111/2297/2036 2112/2298/2037 2113/2299/2038
f 2113/2299/2038 2112/2298/2037 2114/2300/2039 2115/2301/2040
f 2114/2300/2039 2116/2302/2041 2117/2303/2042 2115/2301/2040
f 2116/2302/2041 2118/2304/2043 2117/2303/2042
s 186
f 2119/2305/2044 2120/2306/2045 2121/2307/2046 2122/2308/2044
f 2120/2306/2045 2123/2309/2047 2124/2310/2048 2121/2307/2046
f 2124/2310/2048 2123/2309/2047 2125/2311/2049 2126/2312/2050
f 2126/2312/2050 2125/2311/2049 2127/2313/2051
s 187
f 2128/2314/2052 2129/2315/2052 2130/2316/2053 2131/2317/2054
f 2131/2317/2054 2130/2316/2053 2132/2318/2055 2133/2319/2056
f 2132/2318/2055 2134/2320/2057 2135/2321/2058 2133/2319/2056
f 2134/2320/2057 2136/2322/2059 2135/2321/2058
s 188
f 2137/2323/2060 2138/2324/2061 2139/2325/2062 2140/2326/2060
f 2138/2324/2061 2141/2327/2063 2142/2328/2064 2139/2325/2062
f 2142/2328/2064 2141/2327/2063 2143/2329/2065 2144/2330/2066
f 2144/2330/2066 2143/2329/2065 2145/2331/2067
s 189
f 2146/2332/2068 2147/2333/2068 2148/2334/2069 2149/2335/2070
f 2149/2335/2070 2148/2334/2069 2150/2336/2071 2151/2337/2072
f 2150/2336/2071 2152/2338/2073 2153/2339/2074 2151/2337/2072
f 2152/2338/2073 2154/2340/2075 2153/2339/2074
s 190
f 2155/2341/2076 2156/2342/2077 2157/2343/2078 2158/2344/2076
f 2156/2342/2077 2159/2345/2079 2160/2346/2080 2157/2343/2078
f 2160/2346/2080 2159/2345/2079 2161/2347/2081 2162/2348/2082
f 2162/2348/2082 2161/2347/2081 2163/2349/2083
s 191
f 2164/2350/2084 2165/2351/2084 2166/2352/2085 2167/2353/2086
f 2167/2353/2086 2166/2352/2085 2168/2354/2087 2169/2355/2088
f 2168/2354/2087 2170/2356/2089 2171/2357/2090 2169/2355/2088
f 2170/2356/2089 2172/2358/2091 2171/2357/2090
s 192
f 2173/2359/2092 2174/2360/2093 2175/2361/2094 2176/2362/2095
f 2177/2363/2096 2178/2364/2097 2179/2365/2098 2175/2361/2094
f 2178/2364/2097 2180/2366/2099 2179/2365/2098
f 2175/2361/2094 2174/2360/2093 2181/2367/2100 2177/2363/2096
f 2175/2361/2094 2179/2365/2098 2182/2368/2101 2176/2362/2095
f 2174/2360/2093 2183/2369/2102 2181/2367/2100
f 2183/2369/2102 2174/2360/2093 2173/2359/2092
f 2179/2365/2098 2180/2366/2099 2182/2368/2101
s 193
f 2184/2370/2103 2185/2371/2104 2186/2372/2105 2187/2373/2106
f 2188/2374/2107 2189/2375/2108 2190/2376/2109 2186/2372/2105
f 2189/2375/2108 2191/2377/2110 2190/2376/2109
f 2186/2372/2105 2185/2371/2104 2192/2378/2111 2188/2374/2107
f 2186/2372/2105 2190/2376/2109 2193/2379/2112 2187/2373/2106
f 2185/2371/2104 2183/2369/2102 2192/2378/2111
f 2183/2369/2102 2185/2371/2104 2184/2370/2103
f 2190/2376/2109 2191/2377/2110 2193/2379/2112
s 194
f 2194/2380/2113 2195/2381/2114 2196/2382/2115 2197/2383/2116
f 2198/2384/2117 2199/2385/2118 2200/2386/2119 2196/2382/2115
f 2199/2385/2118 2201/2387/2120 2200/2386/2119
f 2196/2382/2115 2195/2381/2114 2202/2388/2121 2198/2384/2117
f 2196/2382/2115 2200/2386/2119 2203/2389/2122 2197/2383/2116
f 2195/2381/2114 2183/2369/2102 2202/2388/2121
f 2183/2369/2102 2195/2381/2114 2194/2380/2113
f 2200/2386/2119 2201/2387/2120 2203/2389/2122
s 195
f 2204/2390/2123 2205/2391/2124 2206/2392/2125 2207/2393/2126
f 2208/2394/2127 2209/2395/2128 2210/2396/2129 2206/2392/2125
f 2209/2395/2128 2211/2397/2130 2210/2396/2129
f 2206/2392/2125 2205/2391/2124 2212/2398/2131 2208/2394/2127
f 2206/2392/2125 2210/2396/2129 2213/2399/2132 2207/2393/2126
f 2205/2391/2124 2183/2369/2102 2212/2398/2131
f 2183/2369/2102 2205/2391/2124 2204/2390/2123
f 2210/2396/2129 2211/2397/2130 2213/2399/2132
s 196
f 2214/2400/2133 2215/2401/2134 2216/2402/2135 2217/2403/2136
f 2218/2404/2137 2219/2405/2138 2220/2406/2139 2216/2402/2135
f 2219/2405/2138 2221/2407/2140 2220/2406/2139
f 2216/2402/2135 2215/2401/2134 2222/2408/2141 2218/2404/2137
f 2216/2402/2135 2220/2406/2139 2223/2409/2142 2217/2403/2136
f 2215/2401/2134 2183/2369/2102 2222/2408/2141
f 2183/2369/2102 2215/2401/2134 2214/2400/2133
f 2220/2406/2139 2221/2407/2140 2223/2409/2142
s 197
f 2224/2410/2143 2225/2411/2144 2226/2412/2145 1997/2170/2146
f 2227/2413/2147 2228/2414/2148 2229/2415/2149 2230/2416/2150
f 2231/2417/2151 2232/2418/2152 2228/2414/2148 2227/2413/2147
f 2233/2419/2153 2234/2420/2154 2232/2421/2152 2231/2422/2151
f 2230/2416/2150 2229/2415/2149 2234/2420/2154 2233/2419/2153
f 2228/2414/2148 2226/2423/2145 2225/2411/2144 2229/2415/2149
f 2232/2418/2152 1997/2182/2146 2226/2423/2145 2228/2414/2148
f 2234/2420/2154 2224/2410/2143 1997/2183/2146 2232/2421/2152
f 2229/2415/2149 2225/2411/2144 2224/2410/2143 2234/2420/2154
s 198
f 2235/2424/2155 2236/2425/2156 2237/2426/1248 2238/2427/2155
f 2236/2425/2156 2239/2428/2157 2240/2429/2158 2237/2426/1248
f 2240/2429/2158 2239/2428/2157 2241/2430/2159 2242/2431/2160
f 2242/2431/2160 2241/2430/2159 2243/2432/2161
s 199
f 2244/2433/2162 2245/2434/2162 2246/2435/2163 2247/2436/2164
f 2247/2436/2164 2246/2435/2163 2248/2437/2165 2249/2438/2166
f 2248/2437/2165 2250/2439/2167 2251/2440/2168 2249/2438/2166
f 2250/2439/2167 2252/2441/2169 2251/2440/2168
s 200
f 2253/2442/1262 2254/2443/2170 2255/2444/2171 2256/2445/2172
f 2256/2445/2172 2255/2444/2171 2257/2446/2173 2258/2447/2174
f 2258/2447/2174 2257/2446/2173 2259/2448/2175 2260/2449/1269
f 2260/2449/1269 2259/2448/2175 2261/2450/2176 2262/2451/1271
f 2263/2452/2177 2264/2453/2178 2265/2454/2179
f 2263/2452/2177 2266/2455/2180 2264/2453/2178
f 2263/2452/2177 2267/2456/2181 2266/2455/2180
f 2263/2452/2177 2268/2457/2182 2267/2456/2181
f 2254/2443/2170 2265/2454/2179 2264/2453/2178 2255/2444/2171
f 2255/2444/2171 2264/2453/2178 2266/2455/2180 2257/2446/2173
f 2257/2446/2173 2266/2455/2180 2267/2456/2181 2259/2448/2175
f 2259/2448/2175 2267/2456/2181 2268/2457/2182 2261/2450/2176
f 2253/2442/1262 2269/2458/1278 2270/2459/2183 2254/2443/2170
f 2269/2458/1278 2271/2460/1280 2272/2461/1281 2270/2459/2183
f 2271/2460/1280 2273/2462/2184 2274/2463/2185 2272/2461/1281
f 2273/2462/2184 2262/2451/1271 2261/2450/2176 2274/2463/2185
f 2263/2452/2177 2265/2454/2179 2275/2464/1284
f 2263/2452/2177 2275/2464/1284 2276/2465/2186
f 2263/2452/2177 2276/2465/2186 2277/2466/1286
f 2263/2452/2177 2277/2466/1286 2268/2457/2182
f 2254/2443/2170 2270/2459/2183 2275/2464/1284 2265/2454/2179
f 2270/2459/2183 2272/2461/1281 2276/2465/2186 2275/2464/1284
f 2272/2461/1281 2274/2463/2185 2277/2466/1286 2276/2465/2186
f 2274/2463/2185 2261/2450/2176 2268/2457/2182 2277/2466/1286
f 2253/2467/1262 2256/2468/2172 2278/2469/2187
f 2256/2468/2172 2258/2470/2174 2278/2469/2187
f 2258/2470/2174 2260/2471/1269 2278/2469/2187
f 2260/2471/1269 2262/2472/1271 2278/2469/2187
f 2269/2473/1278 2253/2467/1262 2278/2469/2187
f 2271/2474/1280 2269/2473/1278 2278/2469/2187
f 2273/2475/2184 2271/2474/1280 2278/2469/2187
f 2262/2472/1271 2273/2475/2184 2278/2469/2187
s 201
f 2279/2476/2188 2280/2477/1289 2281/2478/1290 2282/2479/2189
f 2283/2480/1292 2281/2478/1290 2284/2481/2190 2285/2482/1294
f 2285/2482/1294 2284/2481/2190 2286/2483/2191
f 2281/2478/1290 2283/2480/1292 2287/2484/1296 2282/2479/2189
f 2281/2478/1290 2280/2477/1289 2288/2485/1297 2284/2481/2190
f 2282/2479/2189 2287/2484/1296 2289/2486/2192
f 2289/2486/2192 2279/2476/2188 2282/2479/2189
f 2284/2481/2190 2288/2485/1297 2286/2483/2191
s 202
f 2290/2487/2193 2291/2488/2194 2292/2489/1301 2293/2490/2195
f 2294/2491/2196 2292/2489/1301 2295/2492/2197 2296/2493/2198
f 2296/2493/2198 2295/2492/2197 2297/2494/1306
f 2292/2489/1301 2294/2491/2196 2298/2495/2199 2293/2490/2195
f 2292/2489/1301 2291/2488/2194 2299/2496/2200 2295/2492/2197
f 2293/2490/2195 2298/2495/2199 2289/2486/2192
f 2289/2486/2192 2290/2487/2193 2293/2490/2195
f 2295/2492/2197 2299/2496/2200 2297/2494/1306
s 203
f 2300/2497/2201 2301/2498/1310 2302/2499/1311 2303/2500/1312
f 2304/2501/1313 2302/2499/1311 2305/2502/2202 2306/2503/2203
f 2306/2503/2203 2305/2502/2202 2307/2504/2204
f 2302/2499/1311 2304/2501/1313 2308/2505/1317 2303/2500/1312
f 2302/2499/1311 2301/2498/1310 2309/2506/1318 2305/2502/2202
f 2303/2500/1312 2308/2505/1317 2289/2486/1298
f 2289/2486/1298 2300/2497/2201 2303/2500/1312
f 2305/2502/2202 2309/2506/1318 2307/2504/2204
s 204
f 2310/2507/2205 2311/2508/2206 2312/2509/2207 2313/2510/2208
f 2314/2511/1323 2312/2509/2207 2315/2512/2209 2316/2513/1325
f 2316/2513/1325 2315/2512/2209 2317/2514/2210
f 2312/2509/2207 2314/2511/1323 2318/2515/2211 2313/2510/2208
f 2312/2509/2207 2311/2508/2206 2319/2516/2212 2315/2512/2209
f 2313/2510/2208 2318/2515/2211 2289/2486/1298
f 2289/2486/1298 2310/2507/2205 2313/2510/2208
f 2315/2512/2209 2319/2516/2212 2317/2514/2210
s 205
f 2320/2517/1329 2321/2518/2213 2322/2519/1331 2323/2520/2214
f 2324/2521/1333 2322/2519/1331 2325/2522/2215 2326/2523/2216
f 2326/2523/2216 2325/2522/2215 2327/2524/2217
f 2322/2519/1331 2324/2521/1333 2328/2525/2218 2323/2520/2214
f 2322/2519/1331 2321/2518/2213 2329/2526/1338 2325/2522/2215
f 2323/2520/2214 2328/2525/2218 2289/2486/1298
f 2289/2486/1298 2320/2517/1329 2323/2520/2214
f 2325/2522/2215 2329/2526/1338 2327/2524/2217
s 206
f 2330/2527/2219 2331/2528/2220 2332/2529/2221 2333/2530/2219
f 2331/2528/2220 2334/2531/2222 2335/2532/2223 2332/2529/2221
f 2335/2532/2223 2334/2531/2222 2336/2533/2224 2337/2534/2225
f 2337/2534/2225 2336/2533/2224 2338/2535/2226
s 207
f 2339/2536/2227 2340/2537/2227 2341/2538/2228 2342/2539/1349
f 2342/2539/1349 2341/2538/2228 2343/2540/2229 2344/2541/2230
f 2343/2540/2229 2345/2542/2231 2346/2543/2232 2344/2541/2230
f 2345/2542/2231 2347/2544/2233 2346/2543/2232
s 208
f 2348/2545/1355 2349/2546/1356 2350/2547/1357 2351/2548/1355
f 2349/2546/1356 2352/2549/1358 2353/2550/2234 2350/2547/1357
f 2353/2550/2234 2352/2549/1358 2354/2551/1360 2355/2552/1361
f 2355/2552/1361 2354/2551/1360 2356/2553/1362
s 209
f 2357/2554/1363 2358/2555/1363 2359/2556/2235 2360/2557/2236
f 2360/2557/2236 2359/2556/2235 2361/2558/2237 2362/2559/2238
f 2361/2558/2237 2363/2560/2239 2364/2561/2240 2362/2559/2238
f 2363/2560/2239 2365/2562/2241 2364/2561/2240
s 210
f 2366/2563/2242 2367/2564/1372 2368/2565/1373 2369/2566/2242
f 2367/2564/1372 2370/2567/1374 2371/2568/2243 2368/2565/1373
f 2371/2568/2243 2370/2567/1374 2372/2569/1376 2373/2570/2244
f 2373/2570/2244 2372/2569/1376 2374/2571/2245
s 211
f 2375/2572/2246 2376/2573/2246 2377/2574/1380 2378/2575/1381
f 2378/2575/1381 2377/2574/1380 2379/2576/2247 2380/2577/1383
f 2379/2576/2247 2381/2578/2248 2382/2579/2249 2380/2577/1383
f 2381/2578/2248 2383/2580/2250 2382/2579/2249
s 212
f 2384/2581/2251 2385/2582/1388 2386/2583/2252 2387/2584/2251
f 2385/2582/1388 2388/2585/1390 2389/2586/1391 2386/2583/2252
f 2389/2586/1391 2388/2585/1390 2390/2587/2253 2391/2588/2254
f 2391/2588/2254 2390/2587/2253 2392/2589/2255
s 213
f 2393/2590/1395 2394/2591/1395 2395/2592/2256 2396/2593/1397
f 2396/2593/1397 2395/2592/2256 2397/2594/2257 2398/2595/1399
f 2397/2594/2257 2399/2596/2258 2400/2597/2259 2398/2595/1399
f 2399/2596/2258 2401/2598/2260 2400/2597/2259
s 214
f 2402/2599/2261 2403/2600/1404 2404/2601/1405 2405/2602/2262
f 2406/2603/2263 2407/2604/2264 2408/2605/1409 2404/2601/1405
f 2407/2604/2264 2409/2606/1410 2408/2605/1409
f 2404/2601/1405 2403/2600/1404 2410/2607/1411 2406/2603/2263
f 2404/2601/1405 2408/2605/1409 2411/2608/1412 2405/2602/2262
f 2403/2600/1404 2412/2609/2265 2410/2607/1411
f 2412/2609/2265 2403/2600/1404 2402/2599/2261
f 2408/2605/1409 2409/2606/1410 2411/2608/1412
s 215
f 2413/2610/1414 2414/2611/2266 2415/2612/1416 2416/2613/2267
f 2417/2614/2268 2418/2615/2269 2419/2616/2270 2415/2612/1416
f 2418/2615/2269 2420/2617/2271 2419/2616/2270
f 2415/2612/1416 2414/2611/2266 2421/2618/2272 2417/2614/2268
f 2415/2612/1416 2419/2616/2270 2422/2619/1423 2416/2613/2267
f 2414/2611/2266 2412/2609/2273 2421/2618/2272
f 2412/2609/2273 2414/2611/2266 2413/2610/1414
f 2419/2616/2270 2420/2617/2271 2422/2619/1423
s 216
f 2423/2620/1424 2424/2621/2274 2425/2622/1426 2426/2623/1427
f 2427/2624/2275 2428/2625/1429 2429/2626/2276 2425/2622/1426
f 2428/2625/1429 2430/2627/2277 2429/2626/2276
f 2425/2622/1426 2424/2621/2274 2431/2628/2278 2427/2624/2275
f 2425/2622/1426 2429/2626/2276 2432/2629/1433 2426/2623/1427
f 2424/2621/2274 2412/2609/1413 2431/2628/2278
f 2412/2609/1413 2424/2621/2274 2423/2620/1424
f 2429/2626/2276 2430/2627/2277 2432/2629/1433
s 217
f 2433/2630/1434 2434/2631/1435 2435/2632/1436 2436/2633/2279
f 2437/2634/1438 2438/2635/2280 2439/2636/2281 2435/2632/1436
f 2438/2635/2280 2440/2637/2282 2439/2636/2281
f 2435/2632/1436 2434/2631/1435 2441/2638/2283 2437/2634/1438
f 2435/2632/1436 2439/2636/2281 2442/2639/1443 2436/2633/2279
f 2434/2631/1435 2412/2609/2273 2441/2638/2283
f 2412/2609/2273 2434/2631/1435 2433/2630/1434
f 2439/2636/2281 2440/2637/2282 2442/2639/1443
s 218
f 2443/2640/2284 2444/2641/2285 2445/2642/2286 2446/2643/2287
f 2447/2644/1448 2448/2645/2288 2449/2646/1450 2445/2642/2286
f 2448/2645/2288 2450/2647/2289 2449/2646/1450
f 2445/2642/2286 2444/2641/2285 2451/2648/1452 2447/2644/1448
f 2445/2642/2286 2449/2646/1450 2452/2649/2290 2446/2643/2287
f 2444/2641/2285 2412/2609/2273 2451/2648/1452
f 2412/2609/2273 2444/2641/2285 2443/2640/2284
f 2449/2646/1450 2450/2647/2289 2452/2649/2290
s 219
f 2453/2650/2291 2454/2651/2292 2455/2652/2293 2456/2653/2294
f 2457/2654/2295 2458/2655/2296 2459/2656/2297 2460/2657/1709
f 2461/2658/2298 2462/2659/2299 2458/2655/2296 2457/2654/2295
f 2463/2660/2300 2464/2661/2301 2462/2662/2299 2461/2663/2298
f 2460/2657/1709 2459/2656/2297 2464/2661/2301 2463/2660/2300
f 2458/2655/2296 2455/2664/2293 2454/2651/2292 2459/2656/2297
f 2462/2659/2299 2456/2665/2294 2455/2664/2293 2458/2655/2296
f 2464/2661/2301 2453/2650/2291 2456/2666/2294 2462/2662/2299
f 2459/2656/2297 2454/2651/2292 2453/2650/2291 2464/2661/2301
s 220
f 2465/2667/2302 2466/2668/2303 2467/2669/2304 2468/2670/2302
f 2466/2668/2303 2469/2671/2305 2470/2672/2306 2467/2669/2304
f 2470/2672/2306 2469/2671/2305 2471/2673/2307 2472/2674/2308
f 2472/2674/2308 2471/2673/2307 2473/2675/2309
s 221
f 2474/2676/2310 2475/2677/2310 2476/2678/2311 2477/2679/2312
f 2477/2679/2312 2476/2678/2311 2478/2680/2313 2479/2681/2314
f 2478/2680/2313 2480/2682/2315 2481/2683/2316 2479/2681/2314
f 2480/2682/2315 2482/2684/2317 2481/2683/2316
s 222
f 2483/2685/2318 2484/2686/2319 2485/2687/2320 2486/2688/2321
f 2486/2688/2321 2485/2687/2320 2487/2689/2322 2488/2690/2323
f 2488/2690/2323 2487/2689/2322 2489/2691/2324 2490/2692/2325
f 2490/2692/2325 2489/2691/2324 2491/2693/2326 2492/2694/2327
f 2493/2695/2328 2494/2696/2329 2495/2697/2330
f 2493/2695/2328 2496/2698/2331 2494/2696/2329
f 2493/2695/2328 2497/2699/2332 2496/2698/2331
f 2493/2695/2328 2498/2700/2333 2497/2699/2332
f 2484/2686/2319 2495/2697/2330 2494/2696/2329 2485/2687/2320
f 2485/2687/2320 2494/2696/2329 2496/2698/2331 2487/2689/2322
f 2487/2689/2322 2496/2698/2331 2497/2699/2332 2489/2691/2324
f 2489/2691/2324 2497/2699/2332 2498/2700/2333 2491/2693/2326
f 2483/2685/2318 2499/2701/2334 2500/2702/2335 2484/2686/2319
f 2499/2701/2334 2501/2703/2336 2502/2704/2337 2500/2702/2335
f 2501/2703/2336 2503/2705/2338 2504/2706/2339 2502/2704/2337
f 2503/2705/2338 2492/2694/2327 2491/2693/2326 2504/2706/2339
f 2493/2695/2328 2495/2697/2330 2505/2707/2340
f 2493/2695/2328 2505/2707/2340 2506/2708/2341
f 2493/2695/2328 2506/2708/2341 2507/2709/2342
f 2493/2695/2328 2507/2709/2342 2498/2700/2333
f 2484/2686/2319 2500/2702/2335 2505/2707/2340 2495/2697/2330
f 2500/2702/2335 2502/2704/2337 2506/2708/2341 2505/2707/2340
f 2502/2704/2337 2504/2706/2339 2507/2709/2342 2506/2708/2341
f 2504/2706/2339 2491/2693/2326 2498/2700/2333 2507/2709/2342
f 2483/2710/2318 2486/2711/2321 2508/2712/2343
f 2486/2711/2321 2488/2713/2323 2508/2712/2343
f 2488/2713/2323 2490/2714/2325 2508/2712/2343
f 2490/2714/2325 2492/2715/2327 2508/2712/2343
f 2499/2716/2334 2483/2710/2318 2508/2712/2343
f 2501/2717/2336 2499/2716/2334 2508/2712/2343
f 2503/2718/2338 2501/2717/2336 2508/2712/2343
f 2492/2715/2327 2503/2718/2338 2508/2712/2343
s 223
f 2509/2719/2344 2510/2720/2345 2511/2721/2346 2512/2722/2347
f 2513/2723/2348 2511/2721/2346 2514/2724/2349 2515/2725/2350
f 2515/2725/2350 2514/2724/2349 2516/2726/2351
f 2511/2721/2346 2513/2723/2348 2517/2727/2352 2512/2722/2347
f 2511/2721/2346 2510/2720/2345 2518/2728/2353 2514/2724/2349
f 2512/2722/2347 2517/2727/2352 2519/2729/2354
f 2519/2729/2354 2509/2719/2344 2512/2722/2347
f 2514/2724/2349 2518/2728/2353 2516/2726/2351
s 224
f 2520/2730/2355 2521/2731/2356 2522/2732/2357 2523/2733/2358
f 2524/2734/2359 2522/2732/2357 2525/2735/2360 2526/2736/2361
f 2526/2736/2361 2525/2735/2360 2527/2737/2362
f 2522/2732/2357 2524/2734/2359 2528/2738/2363 2523/2733/2358
f 2522/2732/2357 2521/2731/2356 2529/2739/2364 2525/2735/2360
f 2523/2733/2358 2528/2738/2363 2519/2729/2365
f 2519/2729/2365 2520/2730/2355 2523/2733/2358
f 2525/2735/2360 2529/2739/2364 2527/2737/2362
s 225
f 2530/2740/2366 2531/2741/2367 2532/2742/2368 2533/2743/2369
f 2534/2744/2370 2532/2742/2368 2535/2745/2371 2536/2746/2372
f 2536/2746/2372 2535/2745/2371 2537/2747/2373
f 2532/2742/2368 2534/2744/2370 2538/2748/2374 2533/2743/2369
f 2532/2742/2368 2531/2741/2367 2539/2749/2375 2535/2745/2371
f 2533/2743/2369 2538/2748/2374 2519/2729/2365
f 2519/2729/2365 2530/2740/2366 2533/2743/2369
f 2535/2745/2371 2539/2749/2375 2537/2747/2373
s 226
f 2540/2750/2376 2541/2751/2377 2542/2752/2378 2543/2753/2379
f 2544/2754/2380 2542/2752/2378 2545/2755/2381 2546/2756/2382
f 2546/2756/2382 2545/2755/2381 2547/2757/2383
f 2542/2752/2378 2544/2754/2380 2548/2758/2384 2543/2753/2379
f 2542/2752/2378 2541/2751/2377 2549/2759/2385 2545/2755/2381
f 2543/2753/2379 2548/2758/2384 2519/2729/2365
f 2519/2729/2365 2540/2750/2376 2543/2753/2379
f 2545/2755/2381 2549/2759/2385 2547/2757/2383
s 227
f 2550/2760/2386 2551/2761/2387 2552/2762/2388 2553/2763/2389
f 2554/2764/2390 2552/2762/2388 2555/2765/2391 2556/2766/2392
f 2556/2766/2392 2555/2765/2391 2557/2767/2393
f 2552/2762/2388 2554/2764/2390 2558/2768/2394 2553/2763/2389
f 2552/2762/2388 2551/2761/2387 2559/2769/2395 2555/2765/2391
f 2553/2763/2389 2558/2768/2394 2519/2729/2354
f 2519/2729/2354 2550/2760/2386 2553/2763/2389
f 2555/2765/2391 2559/2769/2395 2557/2767/2393
s 228
f 2560/2770/2396 2561/2771/2397 2562/2772/2398 2563/2773/2396
f 2561/2771/2397 2564/2774/2399 2565/2775/2400 2562/2772/2398
f 2565/2775/2400 2564/2774/2399 2566/2776/2401 2567/2777/2402
f 2567/2777/2402 2566/2776/2401 2568/2778/2403
s 229
f 2569/2779/2404 2570/2780/2404 2571/2781/2405 2572/2782/2406
f 2572/2782/2406 2571/2781/2405 2573/2783/2407 2574/2784/2408
f 2573/2783/2407 2575/2785/2409 2576/2786/2410 2574/2784/2408
f 2575/2785/2409 2577/2787/2411 2576/2786/2410
s 230
f 2578/2788/2412 2579/2789/2413 2580/2790/2414 2581/2791/2412
f 2579/2789/2413 2582/2792/2415 2583/2793/2416 2580/2790/2414
f 2583/2793/2416 2582/2792/2415 2584/2794/2417 2585/2795/2418
f 2585/2795/2418 2584/2794/2417 2586/2796/2419
s 231
f 2587/2797/2420 2588/2798/2420 2589/2799/2421 2590/2800/2422
f 2590/2800/2422 2589/2799/2421 2591/2801/2423 2592/2802/2424
f 2591/2801/2423 2593/2803/2425 2594/2804/2426 2592/2802/2424
f 2593/2803/2425 2595/2805/2427 2594/2804/2426
s 232
f 2596/2806/2428 2597/2807/2429 2598/2808/2430 2599/2809/2428
f 2597/2807/2429 2600/2810/2431 2601/2811/2432 2598/2808/2430
f 2601/2811/2432 2600/2810/2431 2602/2812/2433 2603/2813/2434
f 2603/2813/2434 2602/2812/2433 2604/2814/2435
s 233
f 2605/2815/2436 2606/2816/2436 2607/2817/2437 2608/2818/2438
f 2608/2818/2438 2607/2817/2437 2609/2819/2439 2610/2820/2440
f 2609/2819/2439 2611/2821/2441 2612/2822/2442 2610/2820/2440
f 2611/2821/2441 2613/2823/2443 2612/2822/2442
s 234
f 2614/2824/2444 2615/2825/2445 2616/2826/2446 2617/2827/2444
f 2615/2825/2445 2618/2828/2447 2619/2829/2448 2616/2826/2446
f 2619/2829/2448 2618/2828/2447 2620/2830/2449 2621/2831/2450
f 2621/2831/2450 2620/2830/2449 2622/2832/2451
s 235
f 2623/2833/2452 2624/2834/2452 2625/2835/2453 2626/2836/2454
f 2626/2836/2454 2625/2835/2453 2627/2837/2455 2628/2838/2456
f 2627/2837/2455 2629/2839/2457 2630/2840/2458 2628/2838/2456
f 2629/2839/2457 2631/2841/2459 2630/2840/2458
s 236
f 2632/2842/2460 2633/2843/2461 2634/2844/2462 2635/2845/2463
f 2636/2846/2464 2637/2847/2465 2638/2848/2466 2634/2844/2462
f 2637/2847/2465 2639/2849/2467 2638/2848/2466
f 2634/2844/2462 2633/2843/2461 2640/2850/2468 2636/2846/2464
f 2634/2844/2462 2638/2848/2466 2641/2851/2469 2635/2845/2463
f 2633/2843/2461 2642/2852/2470 2640/2850/2468
f 2642/2852/2470 2633/2843/2461 2632/2842/2460
f 2638/2848/2466 2639/2849/2467 2641/2851/2469
s 237
f 2643/2853/2471 2644/2854/2472 2645/2855/2473 2646/2856/2474
f 2647/2857/2475 2648/2858/2476 2649/2859/2477 2645/2855/2473
f 2648/2858/2476 2650/2860/2478 2649/2859/2477
f 2645/2855/2473 2644/2854/2472 2651/2861/2479 2647/2857/2475
f 2645/2855/2473 2649/2859/2477 2652/2862/2480 2646/2856/2474
f 2644/2854/2472 2642/2852/2470 2651/2861/2479
f 2642/2852/2470 2644/2854/2472 2643/2853/2471
f 2649/2859/2477 2650/2860/2478 2652/2862/2480
s 238
f 2653/2863/2481 2654/2864/2482 2655/2865/2483 2656/2866/2484
f 2657/2867/2485 2658/2868/2486 2659/2869/2487 2655/2865/2483
f 2658/2868/2486 2660/2870/2488 2659/2869/2487
f 2655/2865/2483 2654/2864/2482 2661/2871/2489 2657/2867/2485
f 2655/2865/2483 2659/2869/2487 2662/2872/2490 2656/2866/2484
f 2654/2864/2482 2642/2852/2470 2661/2871/2489
f 2642/2852/2470 2654/2864/2482 2653/2863/2481
f 2659/2869/2487 2660/2870/2488 2662/2872/2490
s 239
f 2663/2873/2491 2664/2874/2492 2665/2875/2493 2666/2876/2494
f 2667/2877/2495 2668/2878/2496 2669/2879/2497 2665/2875/2493
f 2668/2878/2496 2670/2880/2498 2669/2879/2497
f 2665/2875/2493 2664/2874/2492 2671/2881/2499 2667/2877/2495
f 2665/2875/2493 2669/2879/2497 2672/2882/2500 2666/2876/2494
f 2664/2874/2492 2642/2852/2470 2671/2881/2499
f 2642/2852/2470 2664/2874/2492 2663/2873/2491
f 2669/2879/2497 2670/2880/2498 2672/2882/2500
s 240
f 2673/2883/2501 2674/2884/2502 2675/2885/2503 2676/2886/2504
f 2677/2887/2505 2678/2888/2506 2679/2889/2507 2675/2885/2503
f 2678/2888/2506 2680/2890/2508 2679/2889/2507
f 2675/2885/2503 2674/2884/2502 2681/2891/2509 2677/2887/2505
f 2675/2885/2503 2679/2889/2507 2682/2892/2510 2676/2886/2504
f 2674/2884/2502 2642/2852/2470 2681/2891/2509
f 2642/2852/2470 2674/2884/2502 2673/2883/2501
f 2679/2889/2507 2680/2890/2508 2682/2892/2510
s 241
f 2683/2893/2511 2684/2894/2512 2685/2895/2513 2686/2896/2514
f 2687/2897/2515 2688/2898/2516 2689/2899/2517 2690/2900/2518
f 2691/2901/2519 2692/2902/2520 2688/2898/2516 2687/2897/2515
f 2693/2903/2521 2694/2904/2522 2692/2905/2520 2691/2906/2519
f 2690/2900/2518 2689/2899/2517 2694/2904/2522 2693/2903/2521
f 2688/2898/2516 2685/2907/2513 2684/2894/2512 2689/2899/2517
f 2692/2902/2520 2686/2908/2514 2685/2907/2513 2688/2898/2516
f 2694/2904/2522 2683/2893/2511 2686/2909/2514 2692/2905/2520
f 2689/2899/2517 2684/2894/2512 2683/2893/2511 2694/2904/2522
s 242
f 2695/2910/2523 2696/2911/2524 2697/2912/2525 2698/2913/2523
f 2696/2911/2524 2699/2914/2526 2700/2915/2527 2697/2912/2525
f 2700/2915/2527 2699/2914/2526 2701/2916/2528 2702/2917/2529
f 2702/2917/2529 2701/2916/2528 2703/2918/2530
s 243
f 2704/2919/2531 2705/2920/2531 2706/2921/2532 2707/2922/2533
f 2707/2922/2533 2706/2921/2532 2708/2923/2534 2709/2924/2535
f 2708/2923/2534 2710/2925/2536 2711/2926/2537 2709/2924/2535
f 2710/2925/2536 2712/2927/2538 2711/2926/2537
s 244
f 2713/2928/2539 2714/2929/2540 2715/2930/2541 2716/2931/2542
f 2716/2931/2542 2715/2930/2541 2717/2932/2543 2718/2933/2544
f 2718/2933/2544 2717/2932/2543 2719/2934/2545 2720/2935/2546
f 2720/2935/2546 2719/2934/2545 2721/2936/2547 2722/2937/2548
f 2723/2938/2549 2724/2939/2550 2725/2940/2551
f 2723/2938/2549 2726/2941/2552 2724/2939/2550
f 2723/2938/2549 2727/2942/2553 2726/2941/2552
f 2723/2938/2549 2728/2943/2554 2727/2942/2553
f 2714/2929/2540 2725/2940/2551 2724/2939/2550 2715/2930/2541
f 2715/2930/2541 2724/2939/2550 2726/2941/2552 2717/2932/2543
f 2717/2932/2543 2726/2941/2552 2727/2942/2553 2719/2934/2545
f 2719/2934/2545 2727/2942/2553 2728/2943/2554 2721/2936/2547
f 2713/2928/2539 2729/2944/2555 2730/2945/2556 2714/2929/2540
f 2729/2944/2555 2731/2946/2557 2732/2947/2558 2730/2945/2556
f 2731/2946/2557 2733/2948/2559 2734/2949/2560 2732/2947/2558
f 2733/2948/2559 2722/2937/2548 2721/2936/2547 2734/2949/2560
f 2723/2938/2549 2725/2940/2551 2735/2950/2561
f 2723/2938/2549 2735/2950/2561 2736/2951/2562
f 2723/2938/2549 2736/2951/2562 2737/2952/2563
f 2723/2938/2549 2737/2952/2563 2728/2943/2554
f 2714/2929/2540 2730/2945/2556 2735/2950/2561 2725/2940/2551
f 2730/2945/2556 2732/2947/2558 2736/2951/2562 2735/2950/2561
f 2732/2947/2558 2734/2949/2560 2737/2952/2563 2736/2951/2562
f 2734/2949/2560 2721/2936/2547 2728/2943/2554 2737/2952/2563
f 2713/2953/2539 2716/2954/2542 2738/2955/2564
f 2716/2954/2542 2718/2956/2544 2738/2955/2564
f 2718/2956/2544 2720/2957/2546 2738/2955/2564
f 2720/2957/2546 2722/2958/2548 2738/2955/2564
f 2729/2959/2555 2713/2953/2539 2738/2955/2564
f 2731/2960/2557 2729/2959/2555 2738/2955/2564
f 2733/2961/2559 2731/2960/2557 2738/2955/2564
f 2722/2958/2548 2733/2961/2559 2738/2955/2564
s 245
f 2739/2962/2565 2740/2963/2566 2741/2964/2567 2742/2965/2568
f 2743/2966/2569 2741/2964/2567 2744/2967/2570 2745/2968/2571
f 2745/2968/2571 2744/2967/2570 2746/2969/2572
f 2741/2964/2567 2743/2966/2569 2747/2970/2573 2742/2965/2568
f 2741/2964/2567 2740/2963/2566 2748/2971/2574 2744/2967/2570
f 2742/2965/2568 2747/2970/2573 2749/2972/2575
f 2749/2972/2575 2739/2962/2565 2742/2965/2568
f 2744/2967/2570 2748/2971/2574 2746/2969/2572
s 246
f 2750/2973/2576 2751/2974/2577 2752/2975/2578 2753/2976/2579
f 2754/2977/2580 2752/2975/2578 2755/2978/2581 2756/2979/2582
f 2756/2979/2582 2755/2978/2581 2757/2980/2583
f 2752/2975/2578 2754/2977/2580 2758/2981/2584 2753/2976/2579
f 2752/2975/2578 2751/2974/2577 2759/2982/2585 2755/2978/2581
f 2753/2976/2579 2758/2981/2584 2749/2972/2575
f 2749/2972/2575 2750/2973/2576 2753/2976/2579
f 2755/2978/2581 2759/2982/2585 2757/2980/2583
s 247
f 2760/2983/2586 2761/2984/2587 2762/2985/2588 2763/2986/2589
f 2764/2987/2590 2762/2985/2588 2765/2988/2591 2766/2989/2592
f 2766/2989/2592 2765/2988/2591 2767/2990/2593
f 2762/2985/2588 2764/2987/2590 2768/2991/2594 2763/2986/2589
f 2762/2985/2588 2761/2984/2587 2769/2992/2595 2765/2988/2591
f 2763/2986/2589 2768/2991/2594 2749/2972/2596
f 2749/2972/2596 2760/2983/2586 2763/2986/2589
f 2765/2988/2591 2769/2992/2595 2767/2990/2593
s 248
f 2770/2993/2597 2771/2994/2598 2772/2995/2599 2773/2996/2600
f 2774/2997/2601 2772/2995/2599 2775/2998/2602 2776/2999/2603
f 2776/2999/2603 2775/2998/2602 2777/3000/2604
f 2772/2995/2599 2774/2997/2601 2778/3001/2605 2773/2996/2600
f 2772/2995/2599 2771/2994/2598 2779/3002/2606 2775/2998/2602
f 2773/2996/2600 2778/3001/2605 2749/2972/2575
f 2749/2972/2575 2770/2993/2597 2773/2996/2600
f 2775/2998/2602 2779/3002/2606 2777/3000/2604
s 249
f 2780/3003/2607 2781/3004/2608 2782/3005/2609 2783/3006/2610
f 2784/3007/2611 2782/3005/2609 2785/3008/2612 2786/3009/2613
f 2786/3009/2613 2785/3008/2612 2787/3010/2614
f 2782/3005/2609 2784/3007/2611 2788/3011/2615 2783/3006/2610
f 2782/3005/2609 2781/3004/2608 2789/3012/2616 2785/3008/2612
f 2783/3006/2610 2788/3011/2615 2749/2972/2575
f 2749/2972/2575 2780/3003/2607 2783/3006/2610
f 2785/3008/2612 2789/3012/2616 2787/3010/2614
s 250
f 2790/3013/2617 2791/3014/2618 2792/3015/2619 2793/3016/2617
f 2791/3014/2618 2794/3017/2620 2795/3018/2621 2792/3015/2619
f 2795/3018/2621 2794/3017/2620 2796/3019/2622 2797/3020/2623
f 2797/3020/2623 2796/3019/2622 2798/3021/2624
s 251
f 2799/3022/2625 2800/3023/2625 2801/3024/2626 2802/3025/2627
f 2802/3025/2627 2801/3024/2626 2803/3026/2628 2804/3027/2629
f 2803/3026/2628 2805/3028/2630 2806/3029/2631 2804/3027/2629
f 2805/3028/2630 2807/3030/2632 2806/3029/2631
s 252
f 2808/3031/2633 2809/3032/2634 2810/3033/2635 2811/3034/2633
f 2809/3032/2634 2812/3035/2636 2813/3036/2637 2810/3033/2635
f 2813/3036/2637 2812/3035/2636 2814/3037/2638 2815/3038/2639
f 2815/3038/2639 2814/3037/2638 2816/3039/2640
s 253
f 2817/3040/2641 2818/3041/2641 2819/3042/2642 2820/3043/2643
f 2820/3043/2643 2819/3042/2642 2821/3044/2644 2822/3045/2645
f 2821/3044/2644 2823/3046/2646 2824/3047/2647 2822/3045/2645
f 2823/3046/2646 2825/3048/2648 2824/3047/2647
s 254
f 2826/3049/2649 2827/3050/2650 2828/3051/2651 2829/3052/2649
f 2827/3050/2650 2830/3053/2652 2831/3054/2653 2828/3051/2651
f 2831/3054/2653 2830/3053/2652 2832/3055/2654 2833/3056/2655
f 2833/3056/2655 2832/3055/2654 2834/3057/2656
s 255
f 2835/3058/2657 2836/3059/2657 2837/3060/2658 2838/3061/2659
f 2838/3061/2659 2837/3060/2658 2839/3062/2660 2840/3063/2661
f 2839/3062/2660 2841/3064/2662 2842/3065/2663 2840/3063/2661
f 2841/3064/2662 2843/3066/2664 2842/3065/2663
s 256
f 2844/3067/2665 2845/3068/2666 2846/3069/2667 2847/3070/2665
f 2845/3068/2666 2848/3071/2668 2849/3072/2669 2846/3069/2667
f 2849/3072/2669 2848/3071/2668 2850/3073/2670 2851/3074/2671
f 2851/3074/2671 2850/3073/2670 2852/3075/2672
s 257
f 2853/3076/2673 2854/3077/2673 2855/3078/2674 2856/3079/2675
f 2856/3079/2675 2855/3078/2674 2857/3080/2676 2858/3081/2677
f 2857/3080/2676 2859/3082/2678 2860/3083/2679 2858/3081/2677
f 2859/3082/2678 2861/3084/2680 2860/3083/2679
s 258
f 2862/3085/2681 2863/3086/2682 2864/3087/2683 2865/3088/2684
f 2866/3089/2685 2867/3090/2686 2868/3091/2687 2864/3087/2683
f 2867/3090/2686 2869/3092/2688 2868/3091/2687
f 2864/3087/2683 2863/3086/2682 2870/3093/2689 2866/3089/2685
f 2864/3087/2683 2868/3091/2687 2871/3094/2690 2865/3088/2684
f 2863/3086/2682 2872/3095/2691 2870/3093/2689
f 2872/3095/2691 2863/3086/2682 2862/3085/2681
f 2868/3091/2687 2869/3092/2688 2871/3094/2690
s 259
f 2873/3096/2692 2874/3097/2693 2875/3098/2694 2876/3099/2695
f 2877/3100/2696 2878/3101/2697 2879/3102/2698 2875/3098/2694
f 2878/3101/2697 2880/3103/2699 2879/3102/2698
f 2875/3098/2694 2874/3097/2693 2881/3104/2700 2877/3100/2696
f 2875/3098/2694 2879/3102/2698 2882/3105/2701 2876/3099/2695
f 2874/3097/2693 2872/3095/2702 2881/3104/2700
f 2872/3095/2702 2874/3097/2693 2873/3096/2692
f 2879/3102/2698 2880/3103/2699 2882/3105/2701
s 260
f 2883/3106/2703 2884/3107/2704 2885/3108/2705 2886/3109/2706
f 2887/3110/2707 2888/3111/2708 2889/3112/2709 2885/3108/2705
f 2888/3111/2708 2890/3113/2710 2889/3112/2709
f 2885/3108/2705 2884/3107/2704 2891/3114/2711 2887/3110/2707
f 2885/3108/2705 2889/3112/2709 2892/3115/2712 2886/3109/2706
f 2884/3107/2704 2872/3095/2691 2891/3114/2711
f 2872/3095/2691 2884/3107/2704 2883/3106/2703
f 2889/3112/2709 2890/3113/2710 2892/3115/2712
s 261
f 2893/3116/2713 2894/3117/2714 2895/3118/2715 2896/3119/2716
f 2897/3120/2717 2898/3121/2718 2899/3122/2719 2895/3118/2715
f 2898/3121/2718 2900/3123/2720 2899/3122/2719
f 2895/3118/2715 2894/3117/2714 2901/3124/2721 2897/3120/2717
f 2895/3118/2715 2899/3122/2719 2902/3125/2722 2896/3119/2716
f 2894/3117/2714 2872/3095/2691 2901/3124/2721
f 2872/3095/2691 2894/3117/2714 2893/3116/2713
f 2899/3122/2719 2900/3123/2720 2902/3125/2722
s 262
f 2903/3126/2723 2904/3127/2724 2905/3128/2725 2906/3129/2726
f 2907/3130/2727 2908/3131/2728 2909/3132/2729 2905/3128/2725
f 2908/3131/2728 2910/3133/2730 2909/3132/2729
f 2905/3128/2725 2904/3127/2724 2911/3134/2731 2907/3130/2727
f 2905/3128/2725 2909/3132/2729 2912/3135/2732 2906/3129/2726
f 2904/3127/2724 2872/3095/2691 2911/3134/2731
f 2872/3095/2691 2904/3127/2724 2903/3126/2723
f 2909/3132/2729 2910/3133/2730 2912/3135/2732
s 263
f 2913/3136/2733 2914/3137/2734 2915/3138/2735 2916/3139/2736
f 2917/3140/2737 2918/3141/2738 2919/3142/2739 2920/3143/2740
f 2921/3144/2741 2922/3145/2742 2918/3141/2738 2917/3140/2737
f 2923/3146/2743 2924/3147/2744 2922/3148/2742 2921/3149/2741
f 2920/3143/2740 2919/3142/2739 2924/3147/2744 2923/3146/2743
f 2918/3141/2738 2915/3150/2735 2914/3137/2734 2919/3142/2739
f 2922/3145/2742 2916/3151/2736 2915/3150/2735 2918/3141/2738
f 2924/3147/2744 2913/3136/2733 2916/3152/2736 2922/3148/2742
f 2919/3142/2739 2914/3137/2734 2913/3136/2733 2924/3147/2744
