# Blender v3.3.0 OBJ File: ''
# www.blender.org
o PlantStrawberryStage02.005
v 0.000000 -0.012249 -0.001203
v 0.000000 0.000674 -0.007765
v 0.007663 0.000006 -0.000131
v -0.007663 0.000006 -0.000131
v 0.000000 -0.000662 0.007503
v 0.016199 0.243241 -0.007773
v 0.025545 0.276986 -0.019800
v 0.027129 0.277295 -0.018597
v 0.019250 0.243200 -0.005017
v 0.013655 0.244780 -0.004934
v 0.024390 0.278068 -0.018557
v 0.016706 0.244740 -0.002178
v 0.025974 0.278378 -0.017354
v 0.000000 0.006877 -0.004577
v 0.005028 0.006439 0.000432
v -0.005028 0.006439 0.000432
v 0.000000 0.006001 0.005440
v -0.001668 0.107784 -0.001229
v 0.002277 0.107313 0.002729
v -0.005613 0.107818 0.002729
v -0.001668 0.107346 0.006687
v 0.006917 0.201734 -0.001317
v 0.010415 0.201478 0.002039
v 0.003672 0.202521 0.002081
v 0.007170 0.202265 0.005438
v 0.081357 0.100231 0.008820
v 0.082095 0.098718 0.007716
v 0.081114 0.099417 0.006103
v 0.080377 0.100930 0.007207
v 0.042233 0.075341 0.005541
v 0.043631 0.073463 0.008921
v 0.040122 0.077982 0.007881
v 0.041520 0.076104 0.011261
v -0.000672 0.039115 -0.002182
v 0.000093 0.034740 0.001419
v 0.000295 0.044232 0.001585
v -0.001193 0.039277 0.005209
v 0.096631 0.121964 0.008387
v 0.126667 0.101392 0.027711
v 0.120955 0.133547 0.017187
v 0.169809 0.110262 0.053231
v 0.161944 0.123059 0.042849
v 0.145704 0.130459 0.028590
v 0.172946 0.119359 0.050967
v 0.158101 0.131772 0.036837
v 0.143647 0.139374 0.024586
v 0.093971 0.078564 0.017288
v 0.077918 0.100250 0.007574
v 0.142181 0.072984 0.040377
v 0.159515 0.083425 0.050978
v 0.169072 0.098251 0.055694
v 0.171067 0.088694 0.057256
v 0.154533 0.073568 0.048773
v 0.116973 0.068596 0.030507
v 0.138997 0.063522 0.040142
v 0.174451 0.104713 0.058189
v 0.096766 0.121904 0.008135
v 0.121090 0.133487 0.016935
v 0.126802 0.101332 0.027459
v 0.145839 0.130399 0.028337
v 0.162079 0.122999 0.042597
v 0.169944 0.110202 0.052979
v 0.173081 0.119299 0.050715
v 0.158236 0.131712 0.036584
v 0.143782 0.139314 0.024333
v 0.094106 0.078504 0.017036
v 0.078053 0.100190 0.007321
v 0.169207 0.098191 0.055442
v 0.159650 0.083365 0.050726
v 0.142316 0.072924 0.040125
v 0.171201 0.088635 0.057003
v 0.154668 0.073508 0.048521
v 0.139132 0.063462 0.039889
v 0.117108 0.068536 0.030255
v 0.174586 0.104653 0.057937
v -0.074224 0.106881 -0.016351
v -0.075183 0.105454 -0.015304
v -0.074287 0.106089 -0.013617
v -0.073328 0.107516 -0.014664
v -0.037853 0.078752 -0.009498
v -0.039115 0.076951 -0.012972
v -0.035326 0.081164 -0.011666
v -0.036588 0.079364 -0.015140
v -0.075833 0.131918 -0.016457
v -0.110664 0.128092 -0.038159
v -0.090400 0.153616 -0.027423
v -0.141632 0.155974 -0.067395
v -0.129185 0.163658 -0.056467
v -0.112487 0.162694 -0.040908
v -0.139950 0.165526 -0.065481
v -0.121939 0.169589 -0.050210
v -0.106538 0.169588 -0.036808
v -0.094614 0.092572 -0.024763
v -0.070607 0.103842 -0.013857
v -0.137359 0.110586 -0.051908
v -0.146336 0.127726 -0.064052
v -0.146830 0.145084 -0.069694
v -0.153220 0.137725 -0.071349
v -0.147126 0.116821 -0.061349
v -0.118506 0.094731 -0.039854
v -0.139362 0.100820 -0.051325
v -0.148060 0.153233 -0.072695
v -0.075998 0.131946 -0.016217
v -0.090564 0.153644 -0.027183
v -0.110828 0.128120 -0.037919
v -0.112652 0.162721 -0.040668
v -0.129349 0.163686 -0.056227
v -0.141797 0.156002 -0.067155
v -0.140115 0.165554 -0.065241
v -0.122103 0.169617 -0.049970
v -0.106702 0.169616 -0.036568
v -0.094778 0.092600 -0.024523
v -0.070771 0.103870 -0.013617
v -0.146994 0.145112 -0.069454
v -0.146500 0.127753 -0.063813
v -0.137523 0.110614 -0.051668
v -0.153384 0.137753 -0.071109
v -0.147290 0.116849 -0.061109
v -0.139526 0.100848 -0.051085
v -0.118671 0.094759 -0.039614
v -0.148225 0.153261 -0.072455
v 0.090056 0.208880 -0.052291
v 0.090027 0.207367 -0.053618
v 0.088298 0.208066 -0.054376
v 0.088328 0.209579 -0.053049
v 0.056126 0.183989 -0.032536
v 0.059210 0.182112 -0.030569
v 0.055739 0.186630 -0.029408
v 0.058823 0.184753 -0.027441
v 0.023033 0.148182 -0.015316
v 0.027080 0.145004 -0.012319
v 0.002277 0.105080 0.002729
v -0.004990 0.110271 0.002729
v 0.022320 0.151567 -0.010782
v 0.026031 0.148360 -0.007696
v 0.089472 0.227350 -0.071358
v 0.130497 0.224835 -0.074417
v 0.105487 0.244531 -0.087219
v 0.169920 0.251365 -0.092670
v 0.152719 0.255075 -0.097544
v 0.130206 0.251238 -0.097020
v 0.166495 0.257876 -0.099274
v 0.142626 0.258367 -0.101302
v 0.122348 0.256032 -0.100895
v 0.113196 0.196601 -0.049876
v 0.086524 0.207031 -0.051339
v 0.161625 0.210516 -0.068571
v 0.174385 0.226993 -0.077926
v 0.176486 0.242854 -0.086725
v 0.183258 0.236149 -0.084095
v 0.174443 0.217129 -0.072493
v 0.140992 0.198513 -0.055070
v 0.163813 0.202289 -0.063350
v 0.178475 0.250153 -0.091163
v 0.089454 0.227174 -0.071590
v 0.105469 0.244355 -0.087451
v 0.130479 0.224659 -0.074650
v 0.130188 0.251062 -0.097253
v 0.152701 0.254898 -0.097777
v 0.169902 0.251188 -0.092903
v 0.166477 0.257700 -0.099506
v 0.142608 0.258191 -0.101535
v 0.122330 0.255856 -0.101128
v 0.113178 0.196425 -0.050109
v 0.086506 0.206855 -0.051571
v 0.176468 0.242678 -0.086957
v 0.174367 0.226817 -0.078159
v 0.161607 0.210340 -0.068804
v 0.183240 0.235973 -0.084328
v 0.174425 0.216953 -0.072725
v 0.163795 0.202113 -0.063583
v 0.140974 0.198337 -0.055302
v 0.178457 0.249977 -0.091396
v 0.055892 0.170858 -0.055004
v 0.085301 0.171899 -0.083862
v 0.055498 0.155635 -0.078906
v 0.093772 0.156001 -0.131471
v 0.080136 0.149292 -0.121349
v 0.067984 0.147876 -0.102058
v 0.087388 0.148732 -0.133504
v 0.071405 0.144398 -0.116186
v 0.059638 0.142993 -0.099563
v 0.092095 0.196267 -0.051322
v 0.066833 0.191649 -0.038561
v 0.115928 0.181527 -0.097182
v 0.113198 0.172497 -0.117987
v 0.103792 0.163034 -0.130452
v 0.112967 0.166686 -0.130902
v 0.119957 0.178476 -0.111249
v 0.109678 0.193662 -0.073397
v 0.122911 0.187403 -0.093128
v 0.100183 0.158390 -0.136959
v 0.056036 0.170635 -0.054880
v 0.055642 0.155412 -0.078782
v 0.085445 0.171677 -0.083738
v 0.068128 0.147654 -0.101934
v 0.080280 0.149069 -0.121226
v 0.093916 0.155779 -0.131347
v 0.087531 0.148510 -0.133380
v 0.071549 0.144176 -0.116062
v 0.059781 0.142771 -0.099439
v 0.092238 0.196045 -0.051198
v 0.066977 0.191426 -0.038438
v 0.103935 0.162811 -0.130328
v 0.113341 0.172275 -0.117864
v 0.116072 0.181304 -0.097059
v 0.113111 0.166463 -0.130779
v 0.120100 0.178253 -0.111125
v 0.123054 0.187181 -0.093004
v 0.109821 0.193440 -0.073273
v 0.100327 0.158167 -0.136835
v 0.030417 0.188516 -0.005328
v 0.060433 0.214068 0.006711
v 0.027749 0.207921 0.015155
v 0.070912 0.247034 0.044054
v 0.053953 0.240993 0.041005
v 0.038576 0.228668 0.029452
v 0.062413 0.249627 0.048389
v 0.043120 0.238025 0.040186
v 0.028858 0.226817 0.030818
v 0.070748 0.188413 -0.023854
v 0.046334 0.173372 -0.023757
v 0.091987 0.228533 0.004917
v 0.090785 0.240900 0.024086
v 0.082074 0.247006 0.038927
v 0.090910 0.249554 0.035298
v 0.097208 0.237888 0.015339
v 0.088107 0.207768 -0.012571
v 0.099346 0.226638 -0.001562
v 0.078615 0.250700 0.046090
v 0.030331 0.188722 -0.005516
v 0.027663 0.208127 0.014967
v 0.060347 0.214274 0.006522
v 0.038490 0.228875 0.029264
v 0.053867 0.241200 0.040817
v 0.070826 0.247240 0.043866
v 0.062327 0.249833 0.048200
v 0.043034 0.238232 0.039997
v 0.028772 0.227023 0.030630
v 0.070662 0.188619 -0.024043
v 0.046248 0.173578 -0.023946
v 0.081988 0.247212 0.038738
v 0.090698 0.241106 0.023898
v 0.091901 0.228739 0.004729
v 0.090824 0.249760 0.035110
v 0.097122 0.238094 0.015151
v 0.099260 0.226844 -0.001750
v 0.088021 0.207974 -0.012760
v 0.078529 0.250907 0.045901
v -0.074367 0.223703 0.057749
v -0.074601 0.222208 0.059076
v -0.072778 0.222596 0.059834
v -0.072544 0.224091 0.058507
v -0.045275 0.193299 0.037994
v -0.048638 0.191986 0.036027
v -0.044435 0.195833 0.034866
v -0.047799 0.194519 0.032899
v -0.018902 0.152289 0.020774
v -0.023440 0.149862 0.017777
v -0.005256 0.105928 0.002729
v 0.001868 0.110433 0.002729
v -0.017612 0.155499 0.016240
v -0.021825 0.152985 0.013154
v -0.070585 0.241791 0.076816
v -0.111423 0.246439 0.079875
v -0.083373 0.261493 0.092677
v -0.145641 0.279411 0.098128
v -0.128057 0.280078 0.103002
v -0.106552 0.272390 0.102478
v -0.141137 0.285228 0.104732
v -0.117545 0.281567 0.106760
v -0.097981 0.275746 0.106353
v -0.099288 0.215629 0.055334
v -0.071210 0.221269 0.056797
v -0.144564 0.237743 0.074029
v -0.154270 0.256185 0.083385
v -0.153585 0.272170 0.092183
v -0.161418 0.266743 0.089554
v -0.156040 0.246481 0.077951
v -0.126329 0.222339 0.060528
v -0.148148 0.230021 0.068808
v -0.154276 0.279703 0.096621
v -0.070598 0.241615 0.077049
v -0.083386 0.261316 0.092909
v -0.111436 0.246262 0.080108
v -0.106565 0.272214 0.102711
v -0.128070 0.279901 0.103235
v -0.145654 0.279234 0.098361
v -0.141150 0.285052 0.104964
v -0.117558 0.281391 0.106993
v -0.097994 0.275570 0.106586
v -0.099301 0.215452 0.055567
v -0.071223 0.221092 0.057029
v -0.153598 0.271993 0.092415
v -0.154283 0.256009 0.083617
v -0.144577 0.237566 0.074262
v -0.161431 0.266566 0.089786
v -0.156053 0.246304 0.078183
v -0.148161 0.229844 0.069041
v -0.126342 0.222162 0.060760
v -0.154289 0.279526 0.096854
v -0.047325 0.180326 0.060462
v -0.076107 0.186459 0.089320
v -0.049581 0.165266 0.084364
v -0.087209 0.172273 0.136929
v -0.074946 0.163298 0.126808
v -0.063224 0.159793 0.107516
v -0.082184 0.164006 0.138962
v -0.067197 0.156962 0.121644
v -0.055852 0.153535 0.105021
v -0.078565 0.211636 0.056780
v -0.054489 0.202701 0.044019
v -0.104596 0.201258 0.102641
v -0.103475 0.191892 0.123445
v -0.095855 0.180939 0.135910
v -0.104257 0.186129 0.136360
v -0.109094 0.198953 0.116707
v -0.096333 0.212124 0.078855
v -0.110452 0.208258 0.098586
v -0.093108 0.175739 0.142417
v -0.047505 0.180132 0.060338
v -0.049761 0.165072 0.084240
v -0.076287 0.186265 0.089196
v -0.063404 0.159599 0.107392
v -0.075126 0.163104 0.126684
v -0.087389 0.172079 0.136805
v -0.082364 0.163812 0.138838
v -0.067377 0.156768 0.121521
v -0.056032 0.153341 0.104897
v -0.078745 0.211442 0.056656
v -0.054669 0.202507 0.043896
v -0.096035 0.180744 0.135786
v -0.103655 0.191697 0.123322
v -0.104776 0.201064 0.102517
v -0.104437 0.185935 0.136237
v -0.109274 0.198759 0.116583
v -0.110632 0.208064 0.098462
v -0.096513 0.211930 0.078731
v -0.093288 0.175545 0.142293
v -0.019171 0.193292 0.010786
v -0.044293 0.223668 -0.001253
v -0.013173 0.211939 -0.009697
v -0.048889 0.257954 -0.038596
v -0.033236 0.249060 -0.035547
v -0.020233 0.234252 -0.023994
v -0.040069 0.259031 -0.042931
v -0.023083 0.244256 -0.034728
v -0.010984 0.230741 -0.025360
v -0.058907 0.200195 0.029312
v -0.037475 0.181142 0.029215
v -0.072856 0.243393 0.000541
v -0.069525 0.255363 -0.018628
v -0.059886 0.259864 -0.033469
v -0.068145 0.263908 -0.029840
v -0.076374 0.253513 -0.009881
v -0.072641 0.222269 0.018029
v -0.080433 0.242805 0.007020
v -0.055838 0.262902 -0.040632
v -0.019050 0.193480 0.010974
v -0.013053 0.212127 -0.009509
v -0.044173 0.223856 -0.001064
v -0.020112 0.234440 -0.023806
v -0.033116 0.249248 -0.035359
v -0.048768 0.258142 -0.038408
v -0.039949 0.259219 -0.042742
v -0.022963 0.244444 -0.034539
v -0.010863 0.230929 -0.025172
v -0.058786 0.200383 0.029501
v -0.037355 0.181330 0.029404
v -0.059766 0.260052 -0.033280
v -0.069404 0.255551 -0.018440
v -0.072736 0.243581 0.000729
v -0.068025 0.264096 -0.029652
v -0.076253 0.253701 -0.009693
v -0.080312 0.242993 0.007209
v -0.072520 0.222458 0.018218
v -0.055718 0.263090 -0.040443
v 0.042540 0.308092 -0.027656
v 0.037230 0.308835 -0.022476
v 0.036466 0.310909 -0.031749
v 0.042128 0.308406 -0.029233
v 0.030362 0.314632 -0.021908
v 0.030169 0.316170 -0.029541
v 0.027708 0.321335 -0.023481
v 0.027753 0.321999 -0.025926
v 0.027617 0.326491 -0.024519
v 0.044094 0.309631 -0.030853
v 0.036728 0.293662 -0.029597
v 0.035329 0.294632 -0.029071
v 0.041548 0.310930 -0.029414
v 0.045292 0.308817 -0.028000
v 0.037283 0.293519 -0.027909
v 0.042746 0.310117 -0.026560
v 0.035883 0.294489 -0.027383
v 0.042606 0.308213 -0.027649
v 0.042194 0.308527 -0.029226
v 0.036532 0.311030 -0.031742
v 0.037296 0.308957 -0.022469
v 0.030235 0.316291 -0.029534
v 0.030428 0.314753 -0.021901
v 0.027819 0.322120 -0.025919
v 0.027773 0.321457 -0.023474
v 0.027683 0.326612 -0.024512
v 0.051320 0.306678 -0.029514
v 0.053063 0.311093 -0.029259
v 0.051003 0.311881 -0.023491
v 0.049114 0.307522 -0.023335
v 0.045995 0.314455 -0.020956
v 0.043748 0.310279 -0.020619
v 0.040971 0.317306 -0.023139
v 0.038366 0.313334 -0.022958
v 0.038875 0.318766 -0.028762
v 0.036121 0.314897 -0.028981
v 0.048458 0.319515 -0.028748
v 0.051091 0.316314 -0.025211
v 0.052436 0.315799 -0.028980
v 0.047818 0.317995 -0.023555
v 0.044535 0.319858 -0.024981
v 0.043166 0.320812 -0.028655
v 0.049075 0.308241 -0.035538
v 0.050967 0.312553 -0.034882
v 0.043693 0.311296 -0.037877
v 0.045943 0.315404 -0.037065
v 0.038327 0.314053 -0.035161
v 0.040935 0.317978 -0.034530
v 0.051067 0.316752 -0.032654
v 0.047784 0.318615 -0.034081
v 0.044512 0.320297 -0.032424
v 0.041573 0.306829 -0.029474
v 0.042246 0.308599 -0.029308
v 0.042052 0.307281 -0.036644
v 0.048771 0.304412 -0.030521
v 0.043461 0.307889 -0.028429
v 0.048731 0.306096 -0.042568
v 0.053972 0.303942 -0.037225
v 0.055688 0.307604 -0.044512
v 0.057460 0.307092 -0.042775
v 0.060236 0.310208 -0.044955
v 0.042312 0.308720 -0.029302
v 0.043527 0.308010 -0.028422
v 0.048837 0.304534 -0.030514
v 0.042118 0.307402 -0.036637
v 0.054038 0.304064 -0.037218
v 0.048797 0.306218 -0.042561
v 0.057526 0.307213 -0.042768
v 0.055754 0.307725 -0.044505
v 0.060302 0.310329 -0.044948
v 0.042228 0.308554 -0.028353
v 0.035461 0.310523 -0.030788
v 0.042903 0.307919 -0.036145
v 0.043327 0.308022 -0.029477
v 0.032910 0.314449 -0.038480
v 0.039227 0.312246 -0.042468
v 0.034617 0.319012 -0.044022
v 0.036749 0.318476 -0.045283
v 0.036869 0.322987 -0.046630
v 0.042294 0.308675 -0.028346
v 0.043393 0.308143 -0.029470
v 0.042969 0.308040 -0.036138
v 0.035527 0.310644 -0.030781
v 0.039292 0.312367 -0.042461
v 0.032976 0.314571 -0.038473
v 0.036814 0.318597 -0.045276
v 0.034683 0.319134 -0.044015
v 0.036934 0.323108 -0.046623
v 0.043410 0.307943 -0.028894
v 0.045948 0.304377 -0.022858
v 0.038118 0.309787 -0.023400
v 0.041952 0.308727 -0.028770
v 0.045198 0.306386 -0.014112
v 0.038885 0.310860 -0.015005
v 0.044553 0.311613 -0.008942
v 0.042622 0.313226 -0.009233
v 0.045008 0.316277 -0.006554
v 0.043476 0.308064 -0.028887
v 0.042018 0.308848 -0.028763
v 0.038184 0.309908 -0.023394
v 0.046014 0.304499 -0.022851
v 0.038951 0.310981 -0.014998
v 0.045263 0.306507 -0.014105
v 0.042687 0.313347 -0.009226
v 0.044619 0.311734 -0.008936
v 0.045073 0.316398 -0.006547
v 0.042933 0.308249 -0.029721
v 0.048324 0.303608 -0.031954
v 0.045860 0.305560 -0.022955
v 0.042611 0.308331 -0.028095
v 0.056069 0.301280 -0.027995
v 0.053718 0.303141 -0.020807
v 0.061603 0.303192 -0.023504
v 0.060932 0.303972 -0.021189
v 0.065067 0.306213 -0.020946
v 0.042999 0.308371 -0.029714
v 0.042676 0.308452 -0.028088
v 0.045925 0.305681 -0.022948
v 0.048390 0.303730 -0.031947
v 0.053784 0.303263 -0.020801
v 0.056135 0.301401 -0.027988
v 0.060998 0.304093 -0.021182
v 0.061669 0.303313 -0.023497
v 0.065133 0.306334 -0.020939
v 0.010219 0.297366 -0.019962
v 0.014342 0.299020 -0.025949
v 0.016338 0.301194 -0.016885
v 0.010838 0.297746 -0.018470
v 0.019913 0.305921 -0.027508
v 0.021163 0.307470 -0.019978
v 0.021615 0.312984 -0.026210
v 0.021882 0.313629 -0.023775
v 0.021001 0.318076 -0.025049
v 0.009004 0.298612 -0.016501
v 0.018160 0.289485 -0.017441
v 0.019580 0.290510 -0.018638
v 0.011001 0.300333 -0.018315
v 0.007485 0.297602 -0.019131
v 0.017241 0.288693 -0.019181
v 0.009482 0.299324 -0.020945
v 0.018661 0.289718 -0.020377
v 0.010133 0.297474 -0.019954
v 0.010753 0.297854 -0.018462
v 0.016253 0.301302 -0.016877
v 0.014257 0.299128 -0.025941
v 0.021077 0.307578 -0.019970
v 0.019828 0.306029 -0.027500
v 0.021796 0.313737 -0.023767
v 0.021529 0.313092 -0.026202
v 0.020915 0.318184 -0.025041
v 0.002268 0.294448 -0.016673
v -0.000221 0.298494 -0.016493
v 0.000640 0.299628 -0.022502
v 0.003190 0.295663 -0.023111
v 0.004617 0.303032 -0.025777
v 0.007451 0.299310 -0.026620
v 0.009381 0.306713 -0.024400
v 0.012555 0.303253 -0.025144
v 0.012140 0.308514 -0.019178
v 0.015511 0.305182 -0.019549
v 0.002716 0.307588 -0.017530
v 0.000096 0.303978 -0.020660
v -0.000467 0.303237 -0.016733
v 0.002695 0.306202 -0.022800
v 0.005807 0.308607 -0.021900
v 0.007610 0.309784 -0.018487
v 0.005224 0.296378 -0.011078
v 0.002538 0.300295 -0.011270
v 0.010327 0.300321 -0.009603
v 0.007302 0.303976 -0.009893
v 0.014588 0.303968 -0.013112
v 0.011279 0.307380 -0.013168
v 0.001336 0.304414 -0.013321
v 0.004449 0.306819 -0.012421
v 0.007048 0.309043 -0.014561
v 0.011689 0.296291 -0.018375
v 0.010705 0.297916 -0.018370
v 0.012392 0.296651 -0.011218
v 0.005303 0.292660 -0.016186
v 0.009494 0.297006 -0.019049
v 0.007145 0.294325 -0.004278
v 0.001502 0.291294 -0.008709
v 0.000478 0.294602 -0.001129
v -0.001454 0.293790 -0.002552
v -0.004302 0.296377 0.000164
v 0.010619 0.298024 -0.018362
v 0.009409 0.297113 -0.019041
v 0.005217 0.292768 -0.016178
v 0.012306 0.296759 -0.011210
v 0.001417 0.291402 -0.008701
v 0.007059 0.294433 -0.004270
v -0.001540 0.293898 -0.002544
v 0.000392 0.294710 -0.001121
v -0.004387 0.296485 0.000172
v 0.010564 0.297875 -0.019315
v 0.017212 0.300989 -0.018015
v 0.011370 0.297132 -0.011545
v 0.009784 0.297160 -0.018036
v 0.020351 0.305299 -0.010758
v 0.015294 0.302032 -0.005816
v 0.018878 0.309496 -0.004870
v 0.017121 0.308598 -0.003281
v 0.016467 0.313019 -0.001797
v 0.010478 0.297983 -0.019307
v 0.009698 0.297268 -0.018028
v 0.011285 0.297240 -0.011537
v 0.017127 0.301097 -0.018007
v 0.015208 0.302140 -0.005808
v 0.020265 0.305407 -0.010749
v 0.017035 0.308706 -0.003272
v 0.018792 0.309604 -0.004862
v 0.016381 0.313127 -0.001789
v 0.009616 0.297068 -0.018599
v 0.006715 0.293116 -0.024217
v 0.013478 0.299803 -0.024858
v 0.010874 0.298093 -0.018946
v 0.005581 0.295224 -0.032898
v 0.011093 0.300726 -0.032962
v 0.004415 0.300483 -0.037941
v 0.006063 0.302408 -0.037936
v 0.002762 0.304998 -0.040075
v 0.009530 0.297176 -0.018591
v 0.010788 0.298201 -0.018938
v 0.013393 0.299911 -0.024850
v 0.006630 0.293224 -0.024208
v 0.011007 0.300834 -0.032954
v 0.005495 0.295332 -0.032890
v 0.005977 0.302516 -0.037928
v 0.004329 0.300591 -0.037933
v 0.002676 0.305106 -0.040066
v 0.010170 0.297453 -0.017857
v 0.006123 0.291946 -0.014875
v 0.006616 0.294296 -0.024100
v 0.010186 0.297589 -0.019511
v -0.001679 0.288308 -0.017520
v -0.000965 0.290549 -0.024944
v -0.008153 0.289230 -0.020939
v -0.008037 0.290115 -0.023310
v -0.012472 0.291603 -0.022774
v 0.010084 0.297561 -0.017849
v 0.010100 0.297697 -0.019503
v 0.006530 0.294404 -0.024092
v 0.006037 0.292054 -0.014867
v -0.001050 0.290657 -0.024936
v -0.001764 0.288416 -0.017512
v -0.008123 0.290223 -0.023302
v -0.008238 0.289338 -0.020931
v -0.012558 0.291711 -0.022766
v 0.024381 0.276380 -0.018065
v 0.025545 0.276985 -0.019800
v 0.036893 0.289879 0.009522
v 0.031582 0.286742 0.013710
v 0.030819 0.294765 0.008619
v 0.036481 0.291216 0.008628
v 0.024714 0.290440 0.018210
v 0.024521 0.296924 0.013901
v 0.022060 0.296292 0.021838
v 0.022105 0.298490 0.020579
v 0.021970 0.300671 0.024750
v 0.025211 0.276458 -0.017138
v 0.026454 0.279285 -0.019068
v 0.038447 0.293229 0.008349
v 0.031291 0.288876 -0.004415
v 0.029140 0.288702 -0.002978
v 0.035901 0.293130 0.010286
v 0.039645 0.290635 0.009791
v 0.032186 0.286673 -0.003380
v 0.037099 0.290536 0.011728
v 0.030035 0.286500 -0.001943
v 0.036959 0.289960 0.009612
v 0.036547 0.291297 0.008719
v 0.030885 0.294846 0.008710
v 0.031648 0.286823 0.013801
v 0.024587 0.297005 0.013992
v 0.024780 0.290521 0.018301
v 0.022171 0.298571 0.020669
v 0.022126 0.296373 0.021929
v 0.022036 0.300752 0.024841
v 0.045673 0.290193 0.007208
v 0.047416 0.293136 0.010510
v 0.045356 0.289614 0.015146
v 0.043467 0.286421 0.012174
v 0.040347 0.289641 0.018758
v 0.038101 0.286450 0.016044
v 0.035323 0.293201 0.019231
v 0.032719 0.290264 0.016550
v 0.033228 0.298209 0.016287
v 0.030474 0.295628 0.013396
v 0.042810 0.298729 0.016826
v 0.045443 0.293964 0.017064
v 0.046789 0.296265 0.014035
v 0.042171 0.293982 0.019424
v 0.038888 0.296308 0.019733
v 0.037518 0.299580 0.017809
v 0.043428 0.295558 0.004054
v 0.045320 0.298143 0.007566
v 0.038046 0.299372 0.004560
v 0.040296 0.301703 0.008039
v 0.032680 0.299401 0.008430
v 0.035287 0.301731 0.011651
v 0.045420 0.299537 0.012111
v 0.042137 0.301864 0.012420
v 0.038864 0.301881 0.014780
v 0.035925 0.290272 0.007343
v 0.036598 0.291406 0.008711
v 0.036405 0.295661 0.002592
v 0.043124 0.289303 0.004894
v 0.037814 0.290282 0.008831
v 0.043084 0.299012 -0.002434
v 0.048325 0.293711 -0.000179
v 0.050041 0.301453 -0.002742
v 0.051812 0.299862 -0.001876
v 0.054589 0.303608 -0.001214
v 0.036664 0.291487 0.008802
v 0.037880 0.290363 0.008922
v 0.043190 0.289384 0.004985
v 0.036471 0.295742 0.002683
v 0.048391 0.293792 -0.000088
v 0.043150 0.299093 -0.002343
v 0.051878 0.299943 -0.001786
v 0.050106 0.301534 -0.002652
v 0.054655 0.303689 -0.001124
v 0.036580 0.290699 0.009355
v 0.029814 0.293813 0.009026
v 0.037256 0.295760 0.003396
v 0.037679 0.291118 0.008184
v 0.027263 0.302029 0.006363
v 0.033579 0.303290 0.001985
v 0.028970 0.309174 0.005671
v 0.031101 0.309686 0.004400
v 0.031221 0.313828 0.006637
v 0.036646 0.290780 0.009446
v 0.037745 0.291198 0.008275
v 0.037322 0.295841 0.003487
v 0.029880 0.293894 0.009117
v 0.033645 0.303371 0.002076
v 0.027329 0.302109 0.006454
v 0.031167 0.309767 0.004491
v 0.029035 0.309255 0.005762
v 0.031287 0.313909 0.006728
v 0.037763 0.290649 0.008541
v 0.040301 0.283860 0.010288
v 0.032471 0.288069 0.013729
v 0.036305 0.291116 0.009183
v 0.039550 0.279096 0.017893
v 0.033238 0.282891 0.020424
v 0.038906 0.279137 0.025243
v 0.036974 0.280483 0.026179
v 0.039360 0.280746 0.030230
v 0.037829 0.290730 0.008632
v 0.036371 0.291197 0.009274
v 0.032537 0.288150 0.013820
v 0.040367 0.283941 0.010378
v 0.033304 0.282972 0.020515
v 0.039616 0.279177 0.017983
v 0.037040 0.280564 0.026270
v 0.038972 0.279217 0.025334
v 0.039426 0.280826 0.030321
v 0.037285 0.291451 0.008173
v 0.042676 0.289749 0.003312
v 0.040212 0.284765 0.011055
v 0.036963 0.290359 0.009381
v 0.050422 0.285302 0.004465
v 0.048071 0.281536 0.010864
v 0.055956 0.283479 0.008992
v 0.055285 0.282393 0.011181
v 0.059419 0.283806 0.012937
v 0.037351 0.291532 0.008263
v 0.037029 0.290440 0.009471
v 0.040278 0.284846 0.011146
v 0.042742 0.289829 0.003403
v 0.048137 0.281617 0.010954
v 0.050488 0.285383 0.004555
v 0.055351 0.282474 0.011272
v 0.056022 0.283559 0.009083
v 0.059485 0.283887 0.013028
v 0.022889 0.137425 0.032075
v 0.019332 0.135884 0.038443
v 0.016873 0.142463 0.031998
v 0.022197 0.138536 0.031054
v 0.014417 0.141158 0.043840
v 0.012762 0.146390 0.038313
v 0.013164 0.147928 0.046494
v 0.012775 0.149741 0.044767
v 0.014075 0.152874 0.048034
v -0.002723 0.104490 0.004321
v -0.003979 0.105773 0.002888
v -0.002214 0.106642 0.001427
v -0.001419 0.104774 0.002147
v 0.023948 0.140237 0.029630
v 0.008190 0.128987 0.018563
v 0.006660 0.129359 0.020623
v 0.022218 0.140838 0.032255
v 0.025568 0.137977 0.031215
v 0.009384 0.127032 0.019777
v 0.023838 0.138578 0.033839
v 0.007854 0.127404 0.021837
v 0.022982 0.137520 0.032114
v 0.022290 0.138630 0.031093
v 0.016966 0.142557 0.032037
v 0.019424 0.135978 0.038482
v 0.012855 0.146485 0.038353
v 0.014510 0.141252 0.043879
v 0.012868 0.149835 0.044807
v 0.013256 0.148022 0.046534
v 0.014167 0.152968 0.048074
v 0.030349 0.136388 0.026992
v 0.033115 0.139879 0.028653
v 0.032766 0.137787 0.034453
v 0.029974 0.134147 0.033206
v 0.029294 0.139136 0.039379
v 0.026255 0.135592 0.038483
v 0.024735 0.143134 0.040546
v 0.021371 0.139875 0.039734
v 0.021759 0.147441 0.037270
v 0.018182 0.144489 0.036224
v 0.030948 0.147226 0.034460
v 0.033504 0.142448 0.035039
v 0.033732 0.143815 0.031249
v 0.031236 0.143329 0.038258
v 0.028256 0.145942 0.039020
v 0.026312 0.148756 0.036880
v 0.027160 0.141002 0.023483
v 0.030139 0.144186 0.025377
v 0.022276 0.145286 0.024733
v 0.025580 0.148184 0.026544
v 0.018557 0.146730 0.030011
v 0.022109 0.149533 0.031470
v 0.031787 0.146629 0.029108
v 0.028808 0.149242 0.029871
v 0.026540 0.150123 0.033090
v 0.021235 0.137361 0.030315
v 0.022335 0.138729 0.031041
v 0.020061 0.141368 0.024450
v 0.027162 0.135192 0.025965
v 0.023519 0.137565 0.031039
v 0.024618 0.142791 0.016814
v 0.030314 0.137755 0.018501
v 0.031050 0.144458 0.013604
v 0.033011 0.142975 0.014216
v 0.035846 0.146508 0.012931
v 0.022428 0.138823 0.031081
v 0.023611 0.137659 0.031079
v 0.027254 0.135286 0.026004
v 0.020154 0.141462 0.024489
v 0.030407 0.137850 0.018541
v 0.024711 0.142886 0.016854
v 0.033104 0.143070 0.014256
v 0.031142 0.144552 0.013644
v 0.035939 0.146602 0.012970
v 0.022539 0.138204 0.031814
v 0.016068 0.141731 0.032945
v 0.021135 0.141583 0.024873
v 0.023171 0.138226 0.030280
v 0.012760 0.149245 0.029245
v 0.017198 0.148840 0.022858
v 0.014127 0.155827 0.026203
v 0.015695 0.155824 0.024213
v 0.016573 0.160358 0.025132
v 0.022631 0.138298 0.031854
v 0.023264 0.138320 0.030320
v 0.021228 0.141678 0.024912
v 0.016161 0.141825 0.032985
v 0.017291 0.148934 0.022897
v 0.012853 0.149339 0.029284
v 0.015788 0.155918 0.024253
v 0.014220 0.155921 0.026243
v 0.016666 0.160453 0.025172
v 0.023371 0.137853 0.030698
v 0.026354 0.131495 0.033202
v 0.020173 0.137091 0.037823
v 0.022221 0.138589 0.031641
v 0.028249 0.128810 0.041586
v 0.023184 0.133650 0.044987
v 0.030158 0.130694 0.048460
v 0.028663 0.132393 0.049599
v 0.032290 0.133421 0.052420
v 0.023464 0.137948 0.030738
v 0.022314 0.138684 0.031681
v 0.020266 0.137185 0.037863
v 0.026447 0.131590 0.033242
v 0.023277 0.133745 0.045026
v 0.028342 0.128904 0.041626
v 0.028756 0.132487 0.049639
v 0.030251 0.130788 0.048500
v 0.032383 0.133515 0.052460
v 0.022797 0.138580 0.030314
v 0.026200 0.135277 0.024561
v 0.026533 0.132564 0.033694
v 0.022907 0.137848 0.031799
v 0.033873 0.130576 0.024200
v 0.033852 0.128703 0.031759
v 0.040622 0.129426 0.026953
v 0.040740 0.128970 0.029443
v 0.045225 0.130395 0.029305
v 0.022890 0.138674 0.030354
v 0.023000 0.137942 0.031839
v 0.026626 0.132658 0.033733
v 0.026293 0.135371 0.024601
v 0.033945 0.128797 0.031799
v 0.033966 0.130671 0.024239
v 0.040833 0.129064 0.029482
v 0.040715 0.129520 0.026993
v 0.045318 0.130490 0.029344
v -0.008919 0.122040 0.050408
v -0.003087 0.118647 0.053580
v -0.011906 0.115144 0.052668
v -0.010328 0.121175 0.050260
v -0.002734 0.112596 0.060240
v -0.010053 0.110118 0.059264
v -0.005772 0.109925 0.066412
v -0.008206 0.109241 0.066243
v -0.008489 0.109776 0.070913
v -0.000032 0.104490 0.004321
v -0.001771 0.103052 0.003889
v -0.003607 0.104657 0.003645
v -0.001856 0.105784 0.003094
v -0.012748 0.122598 0.050583
v -0.009884 0.109794 0.032549
v -0.008589 0.108151 0.034080
v -0.011219 0.120694 0.052651
v -0.010237 0.124582 0.050551
v -0.007790 0.111313 0.032372
v -0.008707 0.122678 0.052619
v -0.006495 0.109670 0.033903
v -0.008974 0.122111 0.050513
v -0.010382 0.121245 0.050365
v -0.011960 0.115215 0.052773
v -0.003142 0.118717 0.053686
v -0.010108 0.110189 0.059370
v -0.002789 0.112667 0.060346
v -0.008260 0.109312 0.066348
v -0.005827 0.109995 0.066517
v -0.008544 0.109846 0.071018
v -0.012494 0.129725 0.047136
v -0.014298 0.131680 0.051076
v -0.008847 0.131557 0.053977
v -0.006655 0.129594 0.050244
v -0.006110 0.127721 0.057967
v -0.003722 0.125483 0.054518
v -0.007688 0.122417 0.060709
v -0.005413 0.119802 0.057455
v -0.012658 0.118754 0.060596
v -0.010738 0.115877 0.057335
v -0.015540 0.127891 0.059822
v -0.011970 0.131329 0.057556
v -0.015531 0.131409 0.055660
v -0.010181 0.128822 0.060163
v -0.011213 0.125356 0.061954
v -0.014460 0.122962 0.061881
v -0.017818 0.125800 0.047015
v -0.019268 0.128016 0.050963
v -0.019509 0.120119 0.049952
v -0.020846 0.122713 0.053705
v -0.016577 0.116008 0.054227
v -0.018109 0.118876 0.057695
v -0.018779 0.129015 0.055586
v -0.019810 0.125549 0.057378
v -0.018021 0.123042 0.059985
v -0.009836 0.120493 0.048795
v -0.010495 0.121272 0.050398
v -0.016544 0.118742 0.046847
v -0.011898 0.126878 0.045089
v -0.009792 0.122664 0.049828
v -0.023261 0.123181 0.042813
v -0.019160 0.129708 0.041701
v -0.027440 0.129256 0.042526
v -0.026191 0.131451 0.042330
v -0.030001 0.133566 0.044116
v -0.010550 0.121343 0.050503
v -0.009847 0.122734 0.049933
v -0.011953 0.126949 0.045195
v -0.016598 0.118813 0.046952
v -0.019214 0.129779 0.041807
v -0.023315 0.123252 0.042918
v -0.026246 0.131522 0.042435
v -0.027495 0.129326 0.042632
v -0.030055 0.133636 0.044222
v -0.009620 0.121550 0.050664
v -0.010635 0.114470 0.052770
v -0.016555 0.119737 0.047472
v -0.010740 0.122217 0.049637
v -0.018200 0.109855 0.054371
v -0.022727 0.114500 0.050060
v -0.025234 0.109982 0.056598
v -0.026758 0.111586 0.055365
v -0.029583 0.111508 0.059131
v -0.009674 0.121620 0.050770
v -0.010795 0.122288 0.049743
v -0.016610 0.119808 0.047577
v -0.010689 0.114540 0.052875
v -0.022782 0.114571 0.050165
v -0.018255 0.109926 0.054476
v -0.026812 0.111657 0.055470
v -0.025288 0.110053 0.056704
v -0.029638 0.111579 0.059236
v -0.010213 0.122473 0.049738
v -0.004253 0.126579 0.047946
v -0.004493 0.119251 0.054037
v -0.009978 0.121168 0.050735
v 0.003073 0.128686 0.052739
v 0.002432 0.122642 0.057609
v 0.006037 0.129944 0.059379
v 0.005740 0.128101 0.061092
v 0.006409 0.131351 0.064433
v -0.010267 0.122544 0.049843
v -0.010033 0.121238 0.050841
v -0.004548 0.119321 0.054142
v -0.004308 0.126650 0.048051
v 0.002377 0.122712 0.057714
v 0.003019 0.128757 0.052845
v 0.005685 0.128172 0.061197
v 0.005983 0.130014 0.059484
v 0.006355 0.131422 0.064538
v -0.010930 0.121779 0.049833
v -0.012775 0.125968 0.043948
v -0.004732 0.126524 0.049033
v -0.009415 0.121982 0.050480
v -0.010539 0.134433 0.041844
v -0.004116 0.134529 0.046248
v -0.008710 0.141178 0.044214
v -0.006729 0.141299 0.045788
v -0.008435 0.145412 0.047322
v -0.010985 0.121849 0.049938
v -0.009470 0.122053 0.050585
v -0.004787 0.126595 0.049139
v -0.012830 0.126039 0.044054
v -0.004170 0.134600 0.046353
v -0.010593 0.134504 0.041949
v -0.006783 0.141370 0.045894
v -0.008765 0.141248 0.044320
v -0.008489 0.145482 0.047428
v 0.014924 0.191010 0.026128
v 0.010474 0.188381 0.029638
v 0.009834 0.195103 0.025372
v 0.014578 0.192130 0.025380
v 0.004720 0.191479 0.033408
v 0.004558 0.196913 0.029798
v 0.002496 0.196383 0.036448
v 0.002533 0.198224 0.035392
v 0.002420 0.200052 0.038887
v 0.005135 0.179764 0.003790
v 0.004447 0.181114 0.002602
v 0.006177 0.182133 0.002174
v 0.006743 0.180465 0.002568
v 0.016225 0.193816 0.025146
v 0.010230 0.190169 0.014451
v 0.008428 0.190023 0.015655
v 0.014092 0.193733 0.026768
v 0.017229 0.191643 0.026354
v 0.010980 0.188323 0.015318
v 0.015096 0.191560 0.027977
v 0.009177 0.188178 0.016522
v 0.014979 0.191078 0.026204
v 0.014634 0.192198 0.025456
v 0.009890 0.195171 0.025448
v 0.010529 0.188449 0.029714
v 0.004613 0.196980 0.029874
v 0.004775 0.191547 0.033484
v 0.002589 0.198292 0.035468
v 0.002551 0.196450 0.036524
v 0.002475 0.200119 0.038963
v 0.022280 0.191273 0.024189
v 0.023740 0.193738 0.026956
v 0.022014 0.190787 0.030841
v 0.020431 0.188112 0.028351
v 0.017818 0.190810 0.033867
v 0.015936 0.188136 0.031593
v 0.013609 0.193793 0.034263
v 0.011426 0.191332 0.032017
v 0.011852 0.197989 0.031797
v 0.009545 0.195827 0.029375
v 0.019882 0.198425 0.032249
v 0.022088 0.194432 0.032448
v 0.023215 0.196360 0.029910
v 0.019345 0.194447 0.034425
v 0.016595 0.196396 0.034684
v 0.015448 0.199138 0.033072
v 0.020399 0.195768 0.021547
v 0.021984 0.197934 0.024490
v 0.015890 0.198963 0.021971
v 0.017775 0.200917 0.024886
v 0.011394 0.198988 0.025213
v 0.013578 0.200940 0.027912
v 0.022068 0.199102 0.028298
v 0.019317 0.201051 0.028556
v 0.016575 0.201066 0.030534
v 0.014113 0.191339 0.024303
v 0.014677 0.192289 0.025449
v 0.014515 0.195854 0.020322
v 0.020144 0.190527 0.022251
v 0.015695 0.191347 0.025549
v 0.020111 0.198662 0.016111
v 0.024502 0.194221 0.018001
v 0.025940 0.200707 0.015853
v 0.027424 0.199374 0.016578
v 0.029750 0.202512 0.017133
v 0.014732 0.192357 0.025525
v 0.015750 0.191415 0.025625
v 0.020199 0.190595 0.022327
v 0.014570 0.195922 0.020398
v 0.024557 0.194288 0.018077
v 0.020166 0.198730 0.016187
v 0.027479 0.199442 0.016654
v 0.025995 0.200775 0.015929
v 0.029806 0.202580 0.017209
v 0.014662 0.191697 0.025989
v 0.008992 0.194306 0.025713
v 0.015228 0.195937 0.020996
v 0.015583 0.192047 0.025007
v 0.006855 0.201189 0.023482
v 0.012147 0.202246 0.019814
v 0.008285 0.207176 0.022902
v 0.010071 0.207605 0.021837
v 0.010171 0.211076 0.023711
v 0.014717 0.191764 0.026065
v 0.015638 0.192115 0.025083
v 0.015283 0.196005 0.021072
v 0.009047 0.194373 0.025789
v 0.012202 0.202314 0.019889
v 0.006910 0.201257 0.023558
v 0.010126 0.207673 0.021913
v 0.008340 0.207244 0.022978
v 0.010227 0.211143 0.023787
v 0.015652 0.191655 0.025307
v 0.017779 0.185966 0.026770
v 0.011219 0.189493 0.029653
v 0.014431 0.192046 0.025844
v 0.017150 0.181975 0.033142
v 0.011861 0.185155 0.035263
v 0.016610 0.182009 0.039301
v 0.014992 0.183137 0.040085
v 0.016991 0.183357 0.043479
v 0.015707 0.191723 0.025383
v 0.014486 0.192114 0.025920
v 0.011274 0.189560 0.029729
v 0.017834 0.186034 0.026846
v 0.011916 0.185223 0.035339
v 0.017205 0.182042 0.033218
v 0.015047 0.183204 0.040161
v 0.016665 0.182076 0.039377
v 0.017046 0.183425 0.043555
v 0.015252 0.192326 0.024998
v 0.019769 0.190900 0.020925
v 0.017705 0.186724 0.027413
v 0.014982 0.191411 0.026010
v 0.026259 0.187175 0.021891
v 0.024289 0.184019 0.027253
v 0.030896 0.185647 0.025685
v 0.030334 0.184737 0.027519
v 0.033798 0.185921 0.028990
v 0.015308 0.192394 0.025074
v 0.015038 0.191479 0.026086
v 0.017760 0.186792 0.027489
v 0.019824 0.190968 0.021001
v 0.024344 0.184087 0.027328
v 0.026314 0.187242 0.021967
v 0.030389 0.184805 0.027595
v 0.030951 0.185714 0.025761
v 0.033853 0.185989 0.029066
v -0.006444 0.164955 0.026645
v -0.012072 0.162326 0.025980
v -0.009508 0.169048 0.022512
v -0.006159 0.166075 0.025872
v -0.018807 0.165424 0.024578
v -0.016368 0.170857 0.021910
v -0.022529 0.170327 0.025154
v -0.021756 0.172169 0.024435
v -0.024308 0.173996 0.026826
v 0.002430 0.153709 0.003929
v 0.002783 0.155058 0.002602
v 0.004310 0.156078 0.003522
v 0.004431 0.154410 0.004201
v -0.004829 0.167761 0.026871
v -0.001506 0.164114 0.015069
v -0.003632 0.163968 0.014646
v -0.007485 0.167678 0.026510
v -0.004974 0.165588 0.028436
v -0.001589 0.162268 0.016213
v -0.007629 0.165505 0.028075
v -0.003715 0.162123 0.015789
v -0.006459 0.165022 0.026738
v -0.006174 0.166142 0.025965
v -0.009523 0.169116 0.022605
v -0.012087 0.162394 0.026073
v -0.016383 0.170925 0.022003
v -0.018822 0.165492 0.024670
v -0.021771 0.172237 0.024528
v -0.022544 0.170395 0.025247
v -0.024322 0.174064 0.026919
v 0.000129 0.165218 0.030476
v -0.000796 0.167683 0.033465
v -0.004762 0.164732 0.034992
v -0.004121 0.162057 0.032111
v -0.009870 0.164755 0.034164
v -0.009593 0.162081 0.031225
v -0.013126 0.167738 0.031468
v -0.013081 0.165277 0.028336
v -0.012624 0.171934 0.028482
v -0.012543 0.169771 0.025138
v -0.007266 0.172370 0.034479
v -0.005847 0.168377 0.036180
v -0.003255 0.170305 0.035182
v -0.009184 0.168392 0.035639
v -0.011312 0.170341 0.033877
v -0.010984 0.173083 0.031926
v 0.000667 0.169712 0.027277
v -0.000293 0.171879 0.030479
v -0.002821 0.172908 0.024389
v -0.003549 0.174862 0.027783
v -0.008293 0.172933 0.023502
v -0.008657 0.174884 0.026955
v -0.002927 0.173047 0.033231
v -0.005054 0.174996 0.031469
v -0.008392 0.175011 0.030929
v -0.005727 0.165284 0.024781
v -0.006139 0.166234 0.025991
v -0.002628 0.169799 0.022251
v -0.000011 0.164472 0.027595
v -0.005489 0.165292 0.026782
v 0.004307 0.172607 0.023230
v 0.006076 0.168165 0.027671
v 0.008611 0.174652 0.027169
v 0.009148 0.173319 0.028732
v 0.010401 0.176457 0.030769
v -0.006153 0.166302 0.026083
v -0.005504 0.165360 0.026874
v -0.000026 0.164540 0.027688
v -0.002643 0.169867 0.022343
v 0.006061 0.168233 0.027764
v 0.004292 0.172675 0.023323
v 0.009133 0.173387 0.028824
v 0.008596 0.174720 0.027262
v 0.010386 0.176525 0.030861
v -0.006531 0.165641 0.026361
v -0.010344 0.168250 0.022158
v -0.002600 0.169882 0.023231
v -0.005186 0.165992 0.026319
v -0.010278 0.175134 0.019068
v -0.003942 0.176191 0.020217
v -0.008857 0.181121 0.019670
v -0.006841 0.181550 0.020180
v -0.008096 0.185020 0.021576
v -0.006545 0.165709 0.026454
v -0.005200 0.166060 0.026411
v -0.002615 0.169949 0.023324
v -0.010359 0.168318 0.022250
v -0.003957 0.176259 0.020310
v -0.010293 0.175202 0.019161
v -0.006856 0.181618 0.020272
v -0.008872 0.181189 0.019762
v -0.008110 0.185088 0.021669
v -0.005348 0.165599 0.026580
v -0.004879 0.159911 0.029118
v -0.011557 0.163437 0.026518
v -0.006592 0.165991 0.026096
v -0.009829 0.155919 0.033179
v -0.015069 0.159099 0.030939
v -0.014566 0.155953 0.037153
v -0.016265 0.157081 0.036562
v -0.017252 0.157302 0.040376
v -0.005363 0.165667 0.026672
v -0.006607 0.166058 0.026189
v -0.011571 0.163505 0.026611
v -0.004894 0.159979 0.029211
v -0.015084 0.159167 0.031032
v -0.009844 0.155987 0.033272
v -0.016280 0.157149 0.036655
v -0.014581 0.156021 0.037245
v -0.017266 0.157369 0.040469
v -0.005412 0.166271 0.026079
v 0.000661 0.164845 0.026393
v -0.005386 0.160669 0.029520
v -0.006319 0.165356 0.026603
v 0.004567 0.161119 0.031665
v -0.000617 0.157964 0.034063
v 0.005164 0.159591 0.037626
v 0.003469 0.158682 0.038525
v 0.004878 0.159866 0.042015
v -0.005427 0.166339 0.026171
v -0.006334 0.165424 0.026696
v -0.005401 0.160737 0.029613
v 0.000647 0.164913 0.026485
v -0.000631 0.158032 0.034155
v 0.004553 0.161187 0.031757
v 0.003454 0.158750 0.038618
v 0.005149 0.159659 0.037719
v 0.004864 0.159934 0.042108
v -0.015892 0.090491 -0.022243
v -0.022139 0.086705 -0.020750
v -0.015221 0.084123 -0.026779
v -0.014776 0.089775 -0.023242
v -0.026971 0.081105 -0.025886
v -0.021087 0.079373 -0.030685
v -0.029180 0.079192 -0.032662
v -0.027339 0.078765 -0.034348
v -0.030492 0.079635 -0.037736
v -0.003290 0.078272 0.002877
v -0.001725 0.077005 0.001771
v -0.000314 0.078779 0.000841
v -0.001175 0.079672 0.002602
v -0.013355 0.091470 -0.025003
v -0.008711 0.083504 -0.009001
v -0.010664 0.081836 -0.009355
v -0.015848 0.089553 -0.025597
v -0.015145 0.093164 -0.022961
v -0.010091 0.084773 -0.007211
v -0.017638 0.091247 -0.023555
v -0.012044 0.083105 -0.007565
v -0.015931 0.090574 -0.022347
v -0.014815 0.089858 -0.023346
v -0.015261 0.084206 -0.026883
v -0.022178 0.086788 -0.020853
v -0.021126 0.079456 -0.030788
v -0.027010 0.081188 -0.025989
v -0.027378 0.078848 -0.034452
v -0.029220 0.079275 -0.032765
v -0.030531 0.079718 -0.037839
v -0.011274 0.098284 -0.021543
v -0.012883 0.100679 -0.025321
v -0.018763 0.100160 -0.023505
v -0.017572 0.097729 -0.019597
v -0.023418 0.096323 -0.024822
v -0.022560 0.093617 -0.021008
v -0.024122 0.091413 -0.028502
v -0.023314 0.088358 -0.024951
v -0.020463 0.088309 -0.032388
v -0.019393 0.085032 -0.029114
v -0.018156 0.097633 -0.032758
v -0.019130 0.100507 -0.028233
v -0.015288 0.100846 -0.029420
v -0.022172 0.097999 -0.029094
v -0.022632 0.094792 -0.031498
v -0.020241 0.092763 -0.034038
v -0.007353 0.094958 -0.025706
v -0.009224 0.097574 -0.029207
v -0.008108 0.089699 -0.029648
v -0.009928 0.092665 -0.032887
v -0.013095 0.085588 -0.031060
v -0.014583 0.088827 -0.034205
v -0.012897 0.098817 -0.031959
v -0.013357 0.095610 -0.034364
v -0.016399 0.093102 -0.035224
v -0.014054 0.088949 -0.021959
v -0.014760 0.089899 -0.023445
v -0.007923 0.087808 -0.025559
v -0.010147 0.095261 -0.020047
v -0.014884 0.091166 -0.022380
v -0.000472 0.092670 -0.026949
v -0.002730 0.098628 -0.022471
v 0.002482 0.099128 -0.028954
v 0.001687 0.101158 -0.027664
v 0.003013 0.103785 -0.031340
v -0.014800 0.089982 -0.023548
v -0.014924 0.091249 -0.022483
v -0.010186 0.095344 -0.020151
v -0.007962 0.087891 -0.025662
v -0.002770 0.098711 -0.022574
v -0.000511 0.092753 -0.027052
v 0.001647 0.101241 -0.027767
v 0.002443 0.099211 -0.029057
v 0.002974 0.103868 -0.031443
v -0.015571 0.090098 -0.022978
v -0.016164 0.083323 -0.026035
v -0.008390 0.088838 -0.025880
v -0.014073 0.090812 -0.022972
v -0.011887 0.079669 -0.033067
v -0.005775 0.084480 -0.032691
v -0.008565 0.080701 -0.039574
v -0.006664 0.082376 -0.039594
v -0.007377 0.082853 -0.044225
v -0.015610 0.090181 -0.023081
v -0.014112 0.090896 -0.023075
v -0.008429 0.088921 -0.025983
v -0.016203 0.083406 -0.026138
v -0.005814 0.084563 -0.032794
v -0.011927 0.079752 -0.033170
v -0.006703 0.082459 -0.039698
v -0.008604 0.080784 -0.039678
v -0.007416 0.082936 -0.044328
v -0.014521 0.091017 -0.022638
v -0.017524 0.094327 -0.016670
v -0.021499 0.087486 -0.021987
v -0.015360 0.089762 -0.023328
v -0.026131 0.095943 -0.014571
v -0.028989 0.090338 -0.019162
v -0.032982 0.097309 -0.016946
v -0.033946 0.095627 -0.018577
v -0.036893 0.099000 -0.020030
v -0.014560 0.091100 -0.022741
v -0.015400 0.089845 -0.023431
v -0.021538 0.087569 -0.022090
v -0.017563 0.094410 -0.016774
v -0.029028 0.090422 -0.019266
v -0.026170 0.096026 -0.014674
v -0.033985 0.095710 -0.018680
v -0.033021 0.097392 -0.017049
v -0.036932 0.099083 -0.020133
v -0.014068 0.090411 -0.023297
v -0.008692 0.094377 -0.019985
v -0.017965 0.094396 -0.017773
v -0.015595 0.090492 -0.022651
v -0.008994 0.102394 -0.015893
v -0.016633 0.102086 -0.014410
v -0.012158 0.109043 -0.015421
v -0.014672 0.109054 -0.015102
v -0.014692 0.113419 -0.016869
v -0.014107 0.090494 -0.023400
v -0.015634 0.090575 -0.022754
v -0.018004 0.094479 -0.017876
v -0.008732 0.094460 -0.020088
v -0.016673 0.102169 -0.014513
v -0.009033 0.102477 -0.015997
v -0.014711 0.109137 -0.015205
v -0.012197 0.109126 -0.015524
v -0.014731 0.113502 -0.016972
v 0.012380 0.188780 -0.027076
v 0.006086 0.185387 -0.029188
v 0.014929 0.181885 -0.029820
v 0.013793 0.187915 -0.027175
v 0.004582 0.179336 -0.035685
v 0.011959 0.176858 -0.035995
v 0.006501 0.176665 -0.042290
v 0.008928 0.175982 -0.042546
v 0.008396 0.176516 -0.047195
v 0.004026 0.179764 0.002066
v 0.005240 0.178326 0.002189
v 0.007090 0.179931 0.002111
v 0.005462 0.181058 0.002958
v 0.016121 0.189339 -0.027913
v 0.009936 0.183278 -0.011600
v 0.008394 0.181635 -0.012884
v 0.014255 0.187435 -0.029684
v 0.013653 0.191322 -0.027446
v 0.007905 0.184797 -0.011062
v 0.011787 0.189418 -0.029217
v 0.006363 0.183154 -0.012346
v 0.012415 0.188851 -0.027189
v 0.013828 0.187986 -0.027288
v 0.014964 0.181956 -0.029933
v 0.006121 0.185458 -0.029301
v 0.011994 0.176929 -0.036108
v 0.004617 0.179407 -0.035799
v 0.008963 0.176052 -0.042660
v 0.006537 0.176736 -0.042404
v 0.008431 0.176587 -0.047308
v 0.016468 0.196465 -0.024474
v 0.017561 0.198420 -0.028668
v 0.011689 0.198298 -0.030578
v 0.010179 0.196334 -0.026521
v 0.008301 0.194461 -0.034032
v 0.006548 0.192224 -0.030221
v 0.009379 0.189158 -0.037006
v 0.007704 0.186542 -0.033408
v 0.014293 0.185494 -0.037759
v 0.012968 0.182618 -0.034213
v 0.017265 0.194632 -0.037497
v 0.014143 0.198069 -0.034645
v 0.017980 0.198149 -0.033396
v 0.011929 0.195562 -0.036902
v 0.012633 0.192097 -0.038845
v 0.015844 0.189703 -0.039337
v 0.021733 0.192541 -0.025280
v 0.022475 0.194757 -0.029420
v 0.022888 0.186859 -0.028466
v 0.023553 0.189453 -0.032394
v 0.019258 0.182749 -0.032167
v 0.020164 0.185617 -0.035848
v 0.021191 0.195755 -0.033888
v 0.021895 0.192290 -0.035831
v 0.019681 0.189783 -0.038088
v 0.013563 0.187233 -0.025647
v 0.013934 0.188013 -0.027340
v 0.020507 0.185483 -0.024893
v 0.016237 0.193619 -0.022356
v 0.013341 0.189404 -0.026656
v 0.027822 0.189922 -0.022087
v 0.023977 0.196449 -0.020280
v 0.031988 0.195996 -0.022530
v 0.030792 0.198192 -0.022120
v 0.034234 0.200306 -0.024541
v 0.013969 0.188083 -0.027453
v 0.013376 0.189475 -0.026770
v 0.016273 0.193690 -0.022469
v 0.020542 0.185554 -0.025006
v 0.024012 0.196519 -0.020393
v 0.027858 0.189992 -0.022200
v 0.030828 0.198263 -0.022233
v 0.032024 0.196067 -0.022644
v 0.034269 0.200377 -0.024654
v 0.013025 0.188290 -0.027450
v 0.013659 0.181210 -0.029700
v 0.020410 0.186478 -0.025511
v 0.014307 0.188957 -0.026633
v 0.020832 0.176595 -0.032590
v 0.026038 0.181240 -0.029131
v 0.027371 0.176722 -0.036006
v 0.029087 0.178327 -0.035055
v 0.031215 0.178249 -0.039255
v 0.013061 0.188361 -0.027563
v 0.014342 0.189028 -0.026747
v 0.020445 0.186548 -0.025624
v 0.013695 0.181281 -0.029813
v 0.026074 0.181311 -0.029244
v 0.020867 0.176666 -0.032704
v 0.029122 0.178398 -0.035168
v 0.027407 0.176793 -0.036119
v 0.031251 0.178320 -0.039368
v 0.013770 0.189214 -0.026641
v 0.008212 0.193320 -0.023841
v 0.007391 0.185991 -0.029881
v 0.013366 0.187908 -0.027582
v 0.000165 0.195426 -0.027289
v -0.000049 0.189382 -0.032197
v -0.003907 0.196684 -0.033313
v -0.003912 0.194841 -0.035052
v -0.005151 0.198092 -0.038226
v 0.013806 0.189285 -0.026754
v 0.013401 0.187979 -0.027696
v 0.007427 0.186062 -0.029994
v 0.008248 0.193390 -0.023954
v -0.000013 0.189453 -0.032310
v 0.000200 0.195497 -0.027403
v -0.003876 0.194912 -0.035166
v -0.003872 0.196755 -0.033427
v -0.005116 0.198163 -0.038339
v 0.014460 0.188519 -0.026859
v 0.017299 0.192708 -0.021384
v 0.008495 0.193265 -0.024995
v 0.012856 0.188723 -0.027233
v 0.015462 0.201174 -0.018923
v 0.008372 0.201269 -0.022145
v 0.013250 0.207918 -0.020940
v 0.011025 0.208040 -0.022146
v 0.012439 0.212152 -0.023953
v 0.014495 0.188590 -0.026972
v 0.012891 0.188794 -0.027346
v 0.008530 0.193335 -0.025108
v 0.017335 0.192779 -0.021497
v 0.008407 0.201340 -0.022258
v 0.015497 0.201244 -0.019036
v 0.011060 0.208111 -0.022260
v 0.013285 0.207989 -0.021054
v 0.012474 0.212223 -0.024067
v 0.015436 0.082196 -0.025635
v 0.010244 0.078803 -0.029772
v 0.018770 0.075301 -0.027342
v 0.016797 0.081331 -0.025245
v 0.011052 0.072752 -0.036392
v 0.018090 0.070274 -0.034160
v 0.015116 0.070081 -0.041943
v 0.017483 0.069397 -0.041353
v 0.018573 0.069932 -0.045903
v -0.001929 0.073180 0.000892
v -0.000291 0.071742 0.001619
v 0.001474 0.073347 0.002178
v -0.000345 0.074474 0.002417
v 0.019237 0.082754 -0.025142
v 0.007846 0.076694 -0.011929
v 0.006837 0.075051 -0.013662
v 0.018090 0.080851 -0.027445
v 0.016758 0.084738 -0.025547
v 0.005754 0.078213 -0.012118
v 0.015611 0.082834 -0.027850
v 0.004744 0.076570 -0.013851
v 0.015508 0.082267 -0.025729
v 0.016869 0.081402 -0.025339
v 0.018842 0.075372 -0.027436
v 0.010316 0.078874 -0.029867
v 0.018162 0.070345 -0.034255
v 0.011124 0.072823 -0.036487
v 0.017555 0.069468 -0.041448
v 0.015188 0.070152 -0.042037
v 0.018645 0.070003 -0.045997
v 0.018388 0.089881 -0.021792
v 0.020849 0.091836 -0.025359
v 0.015985 0.091714 -0.029162
v 0.013177 0.089750 -0.025867
v 0.013982 0.087877 -0.033567
v 0.011032 0.085640 -0.030585
v 0.016012 0.082574 -0.035993
v 0.013207 0.079958 -0.033184
v 0.020887 0.078910 -0.035019
v 0.018430 0.076033 -0.032141
v 0.023590 0.088047 -0.033757
v 0.019681 0.091485 -0.032144
v 0.022859 0.091565 -0.029659
v 0.018372 0.088978 -0.035023
v 0.019699 0.085513 -0.036608
v 0.022885 0.083119 -0.035971
v 0.023611 0.085957 -0.020749
v 0.025724 0.088173 -0.024385
v 0.025786 0.080275 -0.023348
v 0.027754 0.082869 -0.026811
v 0.023640 0.076165 -0.028066
v 0.025751 0.079033 -0.031216
v 0.026045 0.089171 -0.029023
v 0.027372 0.085706 -0.030608
v 0.026063 0.083199 -0.033486
v 0.016059 0.080649 -0.023887
v 0.016986 0.081429 -0.025351
v 0.022326 0.078899 -0.020804
v 0.017446 0.087035 -0.019880
v 0.016195 0.082820 -0.024912
v 0.028241 0.083337 -0.015665
v 0.024009 0.089864 -0.015283
v 0.032307 0.089412 -0.014657
v 0.031043 0.091608 -0.014681
v 0.035105 0.093722 -0.015778
v 0.017058 0.081499 -0.025446
v 0.016267 0.082891 -0.025007
v 0.017518 0.087106 -0.019975
v 0.022398 0.078970 -0.020899
v 0.024081 0.089935 -0.015377
v 0.028313 0.083408 -0.015760
v 0.031115 0.091679 -0.014775
v 0.032379 0.089483 -0.014752
v 0.035177 0.093793 -0.015873
v 0.016170 0.081706 -0.025766
v 0.017535 0.074626 -0.027663
v 0.022446 0.079894 -0.021418
v 0.017095 0.082373 -0.024560
v 0.025264 0.070011 -0.027927
v 0.028973 0.074656 -0.022895
v 0.032577 0.070138 -0.028899
v 0.033864 0.071743 -0.027419
v 0.037301 0.071665 -0.030637
v 0.016242 0.081777 -0.025860
v 0.017167 0.082444 -0.024654
v 0.022518 0.079964 -0.021512
v 0.017607 0.074697 -0.027758
v 0.029045 0.074727 -0.022989
v 0.025336 0.070082 -0.028021
v 0.033936 0.071813 -0.027513
v 0.032649 0.070209 -0.028993
v 0.037373 0.071735 -0.030732
v 0.016593 0.082630 -0.024751
v 0.010413 0.086736 -0.024021
v 0.011707 0.079407 -0.029977
v 0.016535 0.081324 -0.025774
v 0.004030 0.088842 -0.030014
v 0.005508 0.082798 -0.034698
v 0.002264 0.090100 -0.037067
v 0.002855 0.088257 -0.038702
v 0.002776 0.091508 -0.042109
v 0.016666 0.082700 -0.024845
v 0.016607 0.081395 -0.025868
v 0.011779 0.079478 -0.030072
v 0.010485 0.086806 -0.024115
v 0.005580 0.082869 -0.034792
v 0.004102 0.088913 -0.030108
v 0.002927 0.088328 -0.038797
v 0.002336 0.090171 -0.037161
v 0.002848 0.091579 -0.042203
v 0.017316 0.081935 -0.024720
v 0.018112 0.086124 -0.018604
v 0.011074 0.086681 -0.025009
v 0.015937 0.082139 -0.025620
v 0.015543 0.094590 -0.016920
v 0.009983 0.094685 -0.022372
v 0.014155 0.101334 -0.019572
v 0.012477 0.101456 -0.021466
v 0.014423 0.105568 -0.022681
v 0.017388 0.082006 -0.024814
v 0.016009 0.082209 -0.025714
v 0.011146 0.086751 -0.025103
v 0.018184 0.086195 -0.018698
v 0.010055 0.094756 -0.022466
v 0.015615 0.094660 -0.017014
v 0.012549 0.101526 -0.021561
v 0.014227 0.101405 -0.019666
v 0.014495 0.105639 -0.022775
vt 0.691200 0.149200
vt 0.658300 0.170900
vt 0.653600 0.149700
vt 0.669900 0.192900
vt 0.657200 0.128500
vt 0.668700 0.106300
vt 0.443800 0.164900
vt 0.339200 0.156500
vt 0.339100 0.150700
vt 0.444600 0.153800
vt 0.443000 0.176200
vt 0.338100 0.162000
vt 0.444500 0.142600
vt 0.338000 0.145200
vt 0.337900 0.139600
vt 0.443300 0.131400
vt 0.642000 0.172400
vt 0.639100 0.150100
vt 0.643600 0.192900
vt 0.640300 0.127500
vt 0.643000 0.106700
vt 0.542900 0.168600
vt 0.541800 0.152000
vt 0.543300 0.184600
vt 0.542400 0.135100
vt 0.543100 0.119000
vt 0.493400 0.166800
vt 0.493200 0.152900
vt 0.493200 0.180400
vt 0.493500 0.138800
vt 0.493200 0.125200
vt 0.338000 0.145200
vt 0.339100 0.150700
vt 0.333600 0.151700
vt 0.332600 0.146200
vt 0.443800 0.164900
vt 0.339200 0.156500
vt 0.444600 0.153800
vt 0.443000 0.176200
vt 0.338100 0.162000
vt 0.444500 0.142600
vt 0.337900 0.139600
vt 0.443300 0.131400
vt 0.542900 0.168600
vt 0.541800 0.152000
vt 0.543300 0.184600
vt 0.542400 0.135100
vt 0.543100 0.119000
vt 0.080100 0.606700
vt 0.174100 0.754100
vt 0.033400 0.717400
vt 0.148700 0.968500
vt 0.088400 0.920700
vt 0.048800 0.832600
vt 0.108100 0.977300
vt 0.047800 0.895900
vt 0.008700 0.818500
vt 0.268200 0.606700
vt 0.174100 0.530700
vt 0.299500 0.832600
vt 0.259800 0.920700
vt 0.199600 0.968500
vt 0.240200 0.977300
vt 0.300500 0.895900
vt 0.314900 0.717400
vt 0.339600 0.818500
vt 0.174100 0.995000
vt 0.080100 0.606700
vt 0.033400 0.717400
vt 0.174100 0.754100
vt 0.048800 0.832600
vt 0.088400 0.920700
vt 0.148700 0.968500
vt 0.108100 0.977300
vt 0.047800 0.895900
vt 0.008700 0.818500
vt 0.268200 0.606700
vt 0.174100 0.530700
vt 0.199600 0.968500
vt 0.259800 0.920700
vt 0.299500 0.832600
vt 0.240200 0.977300
vt 0.300500 0.895900
vt 0.339600 0.818500
vt 0.314900 0.717400
vt 0.174100 0.995000
vt 0.338000 0.145200
vt 0.339100 0.150700
vt 0.333600 0.151700
vt 0.332600 0.146200
vt 0.443800 0.164900
vt 0.339200 0.156500
vt 0.444600 0.153800
vt 0.443000 0.176200
vt 0.338100 0.162000
vt 0.444500 0.142600
vt 0.337900 0.139600
vt 0.443300 0.131400
vt 0.542900 0.168600
vt 0.542400 0.135100
vt 0.399100 0.472100
vt 0.493200 0.619500
vt 0.352400 0.582800
vt 0.467700 0.833800
vt 0.407500 0.786100
vt 0.367800 0.697900
vt 0.427100 0.842700
vt 0.366900 0.761200
vt 0.327800 0.683900
vt 0.587200 0.472100
vt 0.493200 0.396100
vt 0.618500 0.697900
vt 0.578900 0.786100
vt 0.518600 0.833800
vt 0.559200 0.842700
vt 0.619500 0.761200
vt 0.634000 0.582800
vt 0.658600 0.683900
vt 0.493200 0.860300
vt 0.399100 0.472100
vt 0.352400 0.582800
vt 0.493200 0.619500
vt 0.367800 0.697900
vt 0.407500 0.786100
vt 0.467700 0.833800
vt 0.427100 0.842700
vt 0.366900 0.761200
vt 0.327800 0.683900
vt 0.587200 0.472100
vt 0.493200 0.396100
vt 0.518600 0.833800
vt 0.578900 0.786100
vt 0.618500 0.697900
vt 0.559200 0.842700
vt 0.619500 0.761200
vt 0.658600 0.683900
vt 0.634000 0.582800
vt 0.493200 0.860300
vt 0.338000 0.145200
vt 0.339100 0.150700
vt 0.333600 0.151700
vt 0.332600 0.146200
vt 0.443800 0.164900
vt 0.339200 0.156500
vt 0.444600 0.153800
vt 0.443000 0.176200
vt 0.338100 0.162000
vt 0.444500 0.142600
vt 0.337900 0.139600
vt 0.443300 0.131400
vt 0.493400 0.166800
vt 0.493200 0.152900
vt 0.541800 0.152000
vt 0.543300 0.184600
vt 0.493200 0.180400
vt 0.493500 0.138800
vt 0.493200 0.125200
vt 0.543100 0.119000
vt 0.080100 0.606700
vt 0.174100 0.754100
vt 0.033400 0.717400
vt 0.148700 0.968500
vt 0.088400 0.920700
vt 0.048800 0.832600
vt 0.108100 0.977300
vt 0.047800 0.895900
vt 0.008700 0.818500
vt 0.268200 0.606700
vt 0.174100 0.530700
vt 0.299500 0.832600
vt 0.259800 0.920700
vt 0.199600 0.968500
vt 0.240200 0.977300
vt 0.300500 0.895900
vt 0.314900 0.717400
vt 0.339600 0.818500
vt 0.174100 0.995000
vt 0.080100 0.606700
vt 0.033400 0.717400
vt 0.174100 0.754100
vt 0.048800 0.832600
vt 0.088400 0.920700
vt 0.148700 0.968500
vt 0.108100 0.977300
vt 0.047800 0.895900
vt 0.008700 0.818500
vt 0.268200 0.606700
vt 0.174100 0.530700
vt 0.199600 0.968500
vt 0.259800 0.920700
vt 0.299500 0.832600
vt 0.240200 0.977300
vt 0.300500 0.895900
vt 0.339600 0.818500
vt 0.314900 0.717400
vt 0.174100 0.995000
vt 0.080100 0.606700
vt 0.174100 0.754100
vt 0.033400 0.717400
vt 0.148700 0.968500
vt 0.088400 0.920700
vt 0.048800 0.832600
vt 0.108100 0.977300
vt 0.047800 0.895900
vt 0.008700 0.818500
vt 0.268200 0.606700
vt 0.174100 0.530700
vt 0.299500 0.832600
vt 0.259800 0.920700
vt 0.199600 0.968500
vt 0.240200 0.977300
vt 0.300500 0.895900
vt 0.314900 0.717400
vt 0.339600 0.818500
vt 0.174100 0.995000
vt 0.080100 0.606700
vt 0.033400 0.717400
vt 0.174100 0.754100
vt 0.048800 0.832600
vt 0.088400 0.920700
vt 0.148700 0.968500
vt 0.108100 0.977300
vt 0.047800 0.895900
vt 0.008700 0.818500
vt 0.268200 0.606700
vt 0.174100 0.530700
vt 0.199600 0.968500
vt 0.259800 0.920700
vt 0.299500 0.832600
vt 0.240200 0.977300
vt 0.300500 0.895900
vt 0.339600 0.818500
vt 0.314900 0.717400
vt 0.174100 0.995000
vt 0.399100 0.472100
vt 0.493200 0.619500
vt 0.352400 0.582800
vt 0.467700 0.833800
vt 0.407500 0.786100
vt 0.367800 0.697900
vt 0.427100 0.842700
vt 0.366900 0.761200
vt 0.327800 0.683900
vt 0.587200 0.472100
vt 0.493200 0.396100
vt 0.618500 0.697900
vt 0.578900 0.786100
vt 0.518600 0.833800
vt 0.559200 0.842700
vt 0.619500 0.761200
vt 0.634000 0.582800
vt 0.658600 0.683900
vt 0.493200 0.860300
vt 0.399100 0.472100
vt 0.352400 0.582800
vt 0.493200 0.619500
vt 0.367800 0.697900
vt 0.407500 0.786100
vt 0.467700 0.833800
vt 0.427100 0.842700
vt 0.366900 0.761200
vt 0.327800 0.683900
vt 0.587200 0.472100
vt 0.493200 0.396100
vt 0.518600 0.833800
vt 0.578900 0.786100
vt 0.618500 0.697900
vt 0.559200 0.842700
vt 0.619500 0.761200
vt 0.658600 0.683900
vt 0.634000 0.582800
vt 0.493200 0.860300
vt 0.338000 0.145200
vt 0.339100 0.150700
vt 0.333600 0.151700
vt 0.332600 0.146200
vt 0.443800 0.164900
vt 0.339200 0.156500
vt 0.444600 0.153800
vt 0.443000 0.176200
vt 0.338100 0.162000
vt 0.444500 0.142600
vt 0.337900 0.139600
vt 0.443300 0.131400
vt 0.542900 0.168600
vt 0.493400 0.166800
vt 0.493200 0.152900
vt 0.541800 0.152000
vt 0.543300 0.184600
vt 0.493200 0.180400
vt 0.542400 0.135100
vt 0.493500 0.138800
vt 0.493200 0.125200
vt 0.543100 0.119000
vt 0.080100 0.606700
vt 0.174100 0.754100
vt 0.033400 0.717400
vt 0.148700 0.968500
vt 0.088400 0.920700
vt 0.048800 0.832600
vt 0.108100 0.977300
vt 0.047800 0.895900
vt 0.008700 0.818500
vt 0.268200 0.606700
vt 0.174100 0.530700
vt 0.299500 0.832600
vt 0.259800 0.920700
vt 0.199600 0.968500
vt 0.240200 0.977300
vt 0.300500 0.895900
vt 0.314900 0.717400
vt 0.339600 0.818500
vt 0.174100 0.995000
vt 0.080100 0.606700
vt 0.033400 0.717400
vt 0.174100 0.754100
vt 0.048800 0.832600
vt 0.088400 0.920700
vt 0.148700 0.968500
vt 0.108100 0.977300
vt 0.047800 0.895900
vt 0.008700 0.818500
vt 0.268200 0.606700
vt 0.174100 0.530700
vt 0.199600 0.968500
vt 0.259800 0.920700
vt 0.299500 0.832600
vt 0.240200 0.977300
vt 0.300500 0.895900
vt 0.339600 0.818500
vt 0.314900 0.717400
vt 0.174100 0.995000
vt 0.399100 0.472100
vt 0.493200 0.619500
vt 0.352400 0.582800
vt 0.467700 0.833800
vt 0.407500 0.786100
vt 0.367800 0.697900
vt 0.427100 0.842700
vt 0.366900 0.761200
vt 0.327800 0.683900
vt 0.587200 0.472100
vt 0.493200 0.396100
vt 0.618500 0.697900
vt 0.578900 0.786100
vt 0.518600 0.833800
vt 0.559200 0.842700
vt 0.619500 0.761200
vt 0.634000 0.582800
vt 0.658600 0.683900
vt 0.493200 0.860300
vt 0.399100 0.472100
vt 0.352400 0.582800
vt 0.493200 0.619500
vt 0.367800 0.697900
vt 0.407500 0.786100
vt 0.467700 0.833800
vt 0.427100 0.842700
vt 0.366900 0.761200
vt 0.327800 0.683900
vt 0.587200 0.472100
vt 0.493200 0.396100
vt 0.518600 0.833800
vt 0.578900 0.786100
vt 0.618500 0.697900
vt 0.559200 0.842700
vt 0.619500 0.761200
vt 0.658600 0.683900
vt 0.634000 0.582800
vt 0.493200 0.860300
vt 0.080100 0.606700
vt 0.174100 0.754100
vt 0.033400 0.717400
vt 0.148700 0.968500
vt 0.088400 0.920700
vt 0.048800 0.832600
vt 0.108100 0.977300
vt 0.047800 0.895900
vt 0.008700 0.818500
vt 0.268200 0.606700
vt 0.174100 0.530700
vt 0.299500 0.832600
vt 0.259800 0.920700
vt 0.199600 0.968500
vt 0.240200 0.977300
vt 0.300500 0.895900
vt 0.314900 0.717400
vt 0.339600 0.818500
vt 0.174100 0.995000
vt 0.080100 0.606700
vt 0.033400 0.717400
vt 0.174100 0.754100
vt 0.048800 0.832600
vt 0.088400 0.920700
vt 0.148700 0.968500
vt 0.108100 0.977300
vt 0.047800 0.895900
vt 0.008700 0.818500
vt 0.268200 0.606700
vt 0.174100 0.530700
vt 0.199600 0.968500
vt 0.259800 0.920700
vt 0.299500 0.832600
vt 0.240200 0.977300
vt 0.300500 0.895900
vt 0.339600 0.818500
vt 0.314900 0.717400
vt 0.174100 0.995000
vt 0.134700 0.149200
vt 0.108200 0.170400
vt 0.105600 0.127300
vt 0.133300 0.141800
vt 0.067200 0.167900
vt 0.067200 0.132700
vt 0.038000 0.158100
vt 0.038000 0.146600
vt 0.016500 0.147400
vt 0.443800 0.164900
vt 0.391500 0.160700
vt 0.391800 0.152300
vt 0.444600 0.153800
vt 0.443000 0.176200
vt 0.390600 0.169100
vt 0.444500 0.142600
vt 0.391300 0.143900
vt 0.390600 0.135500
vt 0.443300 0.131400
vt 0.134700 0.149200
vt 0.133300 0.141800
vt 0.105600 0.127300
vt 0.108200 0.170400
vt 0.067200 0.132700
vt 0.067200 0.167900
vt 0.038000 0.146600
vt 0.038000 0.158100
vt 0.016500 0.147400
vt 0.252700 0.136500
vt 0.237200 0.136300
vt 0.227900 0.110700
vt 0.239600 0.100700
vt 0.252700 0.136500
vt 0.237200 0.136300
vt 0.227900 0.110700
vt 0.239600 0.100700
vt 0.252700 0.136500
vt 0.237200 0.136300
vt 0.227900 0.110700
vt 0.239600 0.100700
vt 0.252700 0.136500
vt 0.237200 0.136300
vt 0.227900 0.110700
vt 0.239600 0.100700
vt 0.198500 0.135900
vt 0.215400 0.121400
vt 0.220800 0.136100
vt 0.215400 0.121400
vt 0.220800 0.136100
vt 0.215400 0.121400
vt 0.220800 0.136100
vt 0.215400 0.121400
vt 0.220800 0.136100
vt 0.239600 0.100700
vt 0.252700 0.136500
vt 0.237200 0.136300
vt 0.227900 0.110700
vt 0.239600 0.100700
vt 0.252700 0.136500
vt 0.237200 0.136300
vt 0.227900 0.110700
vt 0.239600 0.100700
vt 0.252700 0.136500
vt 0.237200 0.136300
vt 0.227900 0.110700
vt 0.239600 0.100700
vt 0.252700 0.136500
vt 0.237200 0.136300
vt 0.227900 0.110700
vt 0.215400 0.121400
vt 0.220800 0.136100
vt 0.215400 0.121400
vt 0.220800 0.136100
vt 0.215400 0.121400
vt 0.220800 0.136100
vt 0.215400 0.121400
vt 0.220800 0.136100
vt 0.302100 0.108900
vt 0.305400 0.106200
vt 0.300600 0.103600
vt 0.305800 0.102000
vt 0.303200 0.098700
vt 0.299000 0.098300
vt 0.297900 0.108400
vt 0.295300 0.105100
vt 0.295700 0.100900
vt 0.134700 0.149200
vt 0.108200 0.170400
vt 0.105600 0.127300
vt 0.133300 0.141800
vt 0.067200 0.167900
vt 0.067200 0.132700
vt 0.038000 0.158100
vt 0.038000 0.146600
vt 0.016500 0.147400
vt 0.134700 0.149200
vt 0.133300 0.141800
vt 0.105600 0.127300
vt 0.108200 0.170400
vt 0.067200 0.132700
vt 0.067200 0.167900
vt 0.038000 0.146600
vt 0.038000 0.158100
vt 0.016500 0.147400
vt 0.134700 0.149200
vt 0.108200 0.170400
vt 0.105600 0.127300
vt 0.133300 0.141800
vt 0.067200 0.167900
vt 0.067200 0.132700
vt 0.038000 0.158100
vt 0.038000 0.146600
vt 0.016500 0.147400
vt 0.134700 0.149200
vt 0.133300 0.141800
vt 0.105600 0.127300
vt 0.108200 0.170400
vt 0.067200 0.132700
vt 0.067200 0.167900
vt 0.038000 0.146600
vt 0.038000 0.158100
vt 0.016500 0.147400
vt 0.134700 0.149200
vt 0.108200 0.170400
vt 0.105600 0.127300
vt 0.133300 0.141800
vt 0.067200 0.167900
vt 0.067200 0.132700
vt 0.038000 0.158100
vt 0.038000 0.146600
vt 0.016500 0.147400
vt 0.134700 0.149200
vt 0.133300 0.141800
vt 0.105600 0.127300
vt 0.108200 0.170400
vt 0.067200 0.132700
vt 0.067200 0.167900
vt 0.038000 0.146600
vt 0.038000 0.158100
vt 0.016500 0.147400
vt 0.134700 0.149200
vt 0.108200 0.170400
vt 0.105600 0.127300
vt 0.133300 0.141800
vt 0.067200 0.167900
vt 0.067200 0.132700
vt 0.038000 0.158100
vt 0.038000 0.146600
vt 0.016500 0.147400
vt 0.134700 0.149200
vt 0.133300 0.141800
vt 0.105600 0.127300
vt 0.108200 0.170400
vt 0.067200 0.132700
vt 0.067200 0.167900
vt 0.038000 0.146600
vt 0.038000 0.158100
vt 0.016500 0.147400
vt 0.339100 0.150700
vt 0.338100 0.162000
vt 0.337900 0.139600
vt 0.134700 0.149200
vt 0.108200 0.170400
vt 0.105600 0.127300
vt 0.133300 0.141800
vt 0.067200 0.167900
vt 0.067200 0.132700
vt 0.038000 0.158100
vt 0.038000 0.146600
vt 0.016500 0.147400
vt 0.443800 0.164900
vt 0.391500 0.160700
vt 0.391800 0.152300
vt 0.444600 0.153800
vt 0.443000 0.176200
vt 0.390600 0.169100
vt 0.444500 0.142600
vt 0.391300 0.143900
vt 0.390600 0.135500
vt 0.443300 0.131400
vt 0.134700 0.149200
vt 0.133300 0.141800
vt 0.105600 0.127300
vt 0.108200 0.170400
vt 0.067200 0.132700
vt 0.067200 0.167900
vt 0.038000 0.146600
vt 0.038000 0.158100
vt 0.016500 0.147400
vt 0.252700 0.136500
vt 0.237200 0.136300
vt 0.227900 0.110700
vt 0.239600 0.100700
vt 0.252700 0.136500
vt 0.237200 0.136300
vt 0.227900 0.110700
vt 0.239600 0.100700
vt 0.252700 0.136500
vt 0.237200 0.136300
vt 0.227900 0.110700
vt 0.239600 0.100700
vt 0.252700 0.136500
vt 0.237200 0.136300
vt 0.227900 0.110700
vt 0.239600 0.100700
vt 0.198500 0.135900
vt 0.215400 0.121400
vt 0.220800 0.136100
vt 0.215400 0.121400
vt 0.220800 0.136100
vt 0.215400 0.121400
vt 0.220800 0.136100
vt 0.215400 0.121400
vt 0.220800 0.136100
vt 0.239600 0.100700
vt 0.252700 0.136500
vt 0.237200 0.136300
vt 0.227900 0.110700
vt 0.239600 0.100700
vt 0.252700 0.136500
vt 0.237200 0.136300
vt 0.227900 0.110700
vt 0.239600 0.100700
vt 0.252700 0.136500
vt 0.237200 0.136300
vt 0.227900 0.110700
vt 0.239600 0.100700
vt 0.252700 0.136500
vt 0.237200 0.136300
vt 0.227900 0.110700
vt 0.215400 0.121400
vt 0.220800 0.136100
vt 0.215400 0.121400
vt 0.220800 0.136100
vt 0.215400 0.121400
vt 0.220800 0.136100
vt 0.215400 0.121400
vt 0.220800 0.136100
vt 0.302100 0.108900
vt 0.305400 0.106200
vt 0.300600 0.103600
vt 0.305800 0.102000
vt 0.303200 0.098700
vt 0.299000 0.098300
vt 0.297900 0.108400
vt 0.295300 0.105100
vt 0.295700 0.100900
vt 0.134700 0.149200
vt 0.108200 0.170400
vt 0.105600 0.127300
vt 0.133300 0.141800
vt 0.067200 0.167900
vt 0.067200 0.132700
vt 0.038000 0.158100
vt 0.038000 0.146600
vt 0.016500 0.147400
vt 0.134700 0.149200
vt 0.133300 0.141800
vt 0.105600 0.127300
vt 0.108200 0.170400
vt 0.067200 0.132700
vt 0.067200 0.167900
vt 0.038000 0.146600
vt 0.038000 0.158100
vt 0.016500 0.147400
vt 0.134700 0.149200
vt 0.108200 0.170400
vt 0.105600 0.127300
vt 0.133300 0.141800
vt 0.067200 0.167900
vt 0.067200 0.132700
vt 0.038000 0.158100
vt 0.038000 0.146600
vt 0.016500 0.147400
vt 0.134700 0.149200
vt 0.133300 0.141800
vt 0.105600 0.127300
vt 0.108200 0.170400
vt 0.067200 0.132700
vt 0.067200 0.167900
vt 0.038000 0.146600
vt 0.038000 0.158100
vt 0.016500 0.147400
vt 0.134700 0.149200
vt 0.108200 0.170400
vt 0.105600 0.127300
vt 0.133300 0.141800
vt 0.067200 0.167900
vt 0.067200 0.132700
vt 0.038000 0.158100
vt 0.038000 0.146600
vt 0.016500 0.147400
vt 0.134700 0.149200
vt 0.133300 0.141800
vt 0.105600 0.127300
vt 0.108200 0.170400
vt 0.067200 0.132700
vt 0.067200 0.167900
vt 0.038000 0.146600
vt 0.038000 0.158100
vt 0.016500 0.147400
vt 0.134700 0.149200
vt 0.108200 0.170400
vt 0.105600 0.127300
vt 0.133300 0.141800
vt 0.067200 0.167900
vt 0.067200 0.132700
vt 0.038000 0.158100
vt 0.038000 0.146600
vt 0.016500 0.147400
vt 0.134700 0.149200
vt 0.133300 0.141800
vt 0.105600 0.127300
vt 0.108200 0.170400
vt 0.067200 0.132700
vt 0.067200 0.167900
vt 0.038000 0.146600
vt 0.038000 0.158100
vt 0.016500 0.147400
vt 0.339200 0.156500
vt 0.338100 0.162000
vt 0.338000 0.145200
vt 0.337900 0.139600
vt 0.134700 0.149200
vt 0.108200 0.170400
vt 0.105600 0.127300
vt 0.133300 0.141800
vt 0.067200 0.167900
vt 0.067200 0.132700
vt 0.038000 0.158100
vt 0.038000 0.146600
vt 0.016500 0.147400
vt 0.338000 0.145200
vt 0.333600 0.151700
vt 0.332600 0.146200
vt 0.443800 0.164900
vt 0.391500 0.160700
vt 0.391800 0.152300
vt 0.444600 0.153800
vt 0.443000 0.176200
vt 0.390600 0.169100
vt 0.444500 0.142600
vt 0.391300 0.143900
vt 0.390600 0.135500
vt 0.443300 0.131400
vt 0.134700 0.149200
vt 0.133300 0.141800
vt 0.105600 0.127300
vt 0.108200 0.170400
vt 0.067200 0.132700
vt 0.067200 0.167900
vt 0.038000 0.146600
vt 0.038000 0.158100
vt 0.016500 0.147400
vt 0.252700 0.136500
vt 0.237200 0.136300
vt 0.227900 0.110700
vt 0.239600 0.100700
vt 0.252700 0.136500
vt 0.237200 0.136300
vt 0.227900 0.110700
vt 0.239600 0.100700
vt 0.252700 0.136500
vt 0.237200 0.136300
vt 0.227900 0.110700
vt 0.239600 0.100700
vt 0.252700 0.136500
vt 0.237200 0.136300
vt 0.227900 0.110700
vt 0.239600 0.100700
vt 0.198500 0.135900
vt 0.215400 0.121400
vt 0.220800 0.136100
vt 0.215400 0.121400
vt 0.220800 0.136100
vt 0.215400 0.121400
vt 0.220800 0.136100
vt 0.215400 0.121400
vt 0.220800 0.136100
vt 0.239600 0.100700
vt 0.252700 0.136500
vt 0.237200 0.136300
vt 0.227900 0.110700
vt 0.239600 0.100700
vt 0.252700 0.136500
vt 0.237200 0.136300
vt 0.227900 0.110700
vt 0.239600 0.100700
vt 0.252700 0.136500
vt 0.237200 0.136300
vt 0.227900 0.110700
vt 0.239600 0.100700
vt 0.252700 0.136500
vt 0.237200 0.136300
vt 0.227900 0.110700
vt 0.215400 0.121400
vt 0.220800 0.136100
vt 0.215400 0.121400
vt 0.220800 0.136100
vt 0.215400 0.121400
vt 0.220800 0.136100
vt 0.215400 0.121400
vt 0.220800 0.136100
vt 0.302100 0.108900
vt 0.305400 0.106200
vt 0.300600 0.103600
vt 0.305800 0.102000
vt 0.303200 0.098700
vt 0.299000 0.098300
vt 0.297900 0.108400
vt 0.295300 0.105100
vt 0.295700 0.100900
vt 0.134700 0.149200
vt 0.108200 0.170400
vt 0.105600 0.127300
vt 0.133300 0.141800
vt 0.067200 0.167900
vt 0.067200 0.132700
vt 0.038000 0.158100
vt 0.038000 0.146600
vt 0.016500 0.147400
vt 0.134700 0.149200
vt 0.133300 0.141800
vt 0.105600 0.127300
vt 0.108200 0.170400
vt 0.067200 0.132700
vt 0.067200 0.167900
vt 0.038000 0.146600
vt 0.038000 0.158100
vt 0.016500 0.147400
vt 0.134700 0.149200
vt 0.108200 0.170400
vt 0.105600 0.127300
vt 0.133300 0.141800
vt 0.067200 0.167900
vt 0.067200 0.132700
vt 0.038000 0.158100
vt 0.038000 0.146600
vt 0.016500 0.147400
vt 0.134700 0.149200
vt 0.133300 0.141800
vt 0.105600 0.127300
vt 0.108200 0.170400
vt 0.067200 0.132700
vt 0.067200 0.167900
vt 0.038000 0.146600
vt 0.038000 0.158100
vt 0.016500 0.147400
vt 0.134700 0.149200
vt 0.108200 0.170400
vt 0.105600 0.127300
vt 0.133300 0.141800
vt 0.067200 0.167900
vt 0.067200 0.132700
vt 0.038000 0.158100
vt 0.038000 0.146600
vt 0.016500 0.147400
vt 0.134700 0.149200
vt 0.133300 0.141800
vt 0.105600 0.127300
vt 0.108200 0.170400
vt 0.067200 0.132700
vt 0.067200 0.167900
vt 0.038000 0.146600
vt 0.038000 0.158100
vt 0.016500 0.147400
vt 0.134700 0.149200
vt 0.108200 0.170400
vt 0.105600 0.127300
vt 0.133300 0.141800
vt 0.067200 0.167900
vt 0.067200 0.132700
vt 0.038000 0.158100
vt 0.038000 0.146600
vt 0.016500 0.147400
vt 0.134700 0.149200
vt 0.133300 0.141800
vt 0.105600 0.127300
vt 0.108200 0.170400
vt 0.067200 0.132700
vt 0.067200 0.167900
vt 0.038000 0.146600
vt 0.038000 0.158100
vt 0.016500 0.147400
vt 0.339200 0.156500
vt 0.134700 0.149200
vt 0.108200 0.170400
vt 0.105600 0.127300
vt 0.133300 0.141800
vt 0.067200 0.167900
vt 0.067200 0.132700
vt 0.038000 0.158100
vt 0.038000 0.146600
vt 0.016500 0.147400
vt 0.338000 0.145200
vt 0.339100 0.150700
vt 0.333600 0.151700
vt 0.332600 0.146200
vt 0.443800 0.164900
vt 0.391500 0.160700
vt 0.391800 0.152300
vt 0.444600 0.153800
vt 0.443000 0.176200
vt 0.390600 0.169100
vt 0.444500 0.142600
vt 0.391300 0.143900
vt 0.390600 0.135500
vt 0.443300 0.131400
vt 0.134700 0.149200
vt 0.133300 0.141800
vt 0.105600 0.127300
vt 0.108200 0.170400
vt 0.067200 0.132700
vt 0.067200 0.167900
vt 0.038000 0.146600
vt 0.038000 0.158100
vt 0.016500 0.147400
vt 0.252700 0.136500
vt 0.237200 0.136300
vt 0.227900 0.110700
vt 0.239600 0.100700
vt 0.252700 0.136500
vt 0.237200 0.136300
vt 0.227900 0.110700
vt 0.239600 0.100700
vt 0.252700 0.136500
vt 0.237200 0.136300
vt 0.227900 0.110700
vt 0.239600 0.100700
vt 0.252700 0.136500
vt 0.237200 0.136300
vt 0.227900 0.110700
vt 0.239600 0.100700
vt 0.198500 0.135900
vt 0.215400 0.121400
vt 0.220800 0.136100
vt 0.215400 0.121400
vt 0.220800 0.136100
vt 0.215400 0.121400
vt 0.220800 0.136100
vt 0.215400 0.121400
vt 0.220800 0.136100
vt 0.239600 0.100700
vt 0.252700 0.136500
vt 0.237200 0.136300
vt 0.227900 0.110700
vt 0.239600 0.100700
vt 0.252700 0.136500
vt 0.237200 0.136300
vt 0.227900 0.110700
vt 0.239600 0.100700
vt 0.252700 0.136500
vt 0.237200 0.136300
vt 0.227900 0.110700
vt 0.239600 0.100700
vt 0.252700 0.136500
vt 0.237200 0.136300
vt 0.227900 0.110700
vt 0.215400 0.121400
vt 0.220800 0.136100
vt 0.215400 0.121400
vt 0.220800 0.136100
vt 0.215400 0.121400
vt 0.220800 0.136100
vt 0.215400 0.121400
vt 0.220800 0.136100
vt 0.302100 0.108900
vt 0.305400 0.106200
vt 0.300600 0.103600
vt 0.305800 0.102000
vt 0.303200 0.098700
vt 0.299000 0.098300
vt 0.297900 0.108400
vt 0.295300 0.105100
vt 0.295700 0.100900
vt 0.134700 0.149200
vt 0.108200 0.170400
vt 0.105600 0.127300
vt 0.133300 0.141800
vt 0.067200 0.167900
vt 0.067200 0.132700
vt 0.038000 0.158100
vt 0.038000 0.146600
vt 0.016500 0.147400
vt 0.134700 0.149200
vt 0.133300 0.141800
vt 0.105600 0.127300
vt 0.108200 0.170400
vt 0.067200 0.132700
vt 0.067200 0.167900
vt 0.038000 0.146600
vt 0.038000 0.158100
vt 0.016500 0.147400
vt 0.134700 0.149200
vt 0.108200 0.170400
vt 0.105600 0.127300
vt 0.133300 0.141800
vt 0.067200 0.167900
vt 0.067200 0.132700
vt 0.038000 0.158100
vt 0.038000 0.146600
vt 0.016500 0.147400
vt 0.134700 0.149200
vt 0.133300 0.141800
vt 0.105600 0.127300
vt 0.108200 0.170400
vt 0.067200 0.132700
vt 0.067200 0.167900
vt 0.038000 0.146600
vt 0.038000 0.158100
vt 0.016500 0.147400
vt 0.134700 0.149200
vt 0.108200 0.170400
vt 0.105600 0.127300
vt 0.133300 0.141800
vt 0.067200 0.167900
vt 0.067200 0.132700
vt 0.038000 0.158100
vt 0.038000 0.146600
vt 0.016500 0.147400
vt 0.134700 0.149200
vt 0.133300 0.141800
vt 0.105600 0.127300
vt 0.108200 0.170400
vt 0.067200 0.132700
vt 0.067200 0.167900
vt 0.038000 0.146600
vt 0.038000 0.158100
vt 0.016500 0.147400
vt 0.134700 0.149200
vt 0.108200 0.170400
vt 0.105600 0.127300
vt 0.133300 0.141800
vt 0.067200 0.167900
vt 0.067200 0.132700
vt 0.038000 0.158100
vt 0.038000 0.146600
vt 0.016500 0.147400
vt 0.134700 0.149200
vt 0.133300 0.141800
vt 0.105600 0.127300
vt 0.108200 0.170400
vt 0.067200 0.132700
vt 0.067200 0.167900
vt 0.038000 0.146600
vt 0.038000 0.158100
vt 0.016500 0.147400
vt 0.339200 0.156500
vt 0.338100 0.162000
vt 0.337900 0.139600
vt 0.134700 0.149200
vt 0.108200 0.170400
vt 0.105600 0.127300
vt 0.133300 0.141800
vt 0.067200 0.167900
vt 0.067200 0.132700
vt 0.038000 0.158100
vt 0.038000 0.146600
vt 0.016500 0.147400
vt 0.338000 0.145200
vt 0.339100 0.150700
vt 0.333600 0.151700
vt 0.332600 0.146200
vt 0.443800 0.164900
vt 0.391500 0.160700
vt 0.391800 0.152300
vt 0.444600 0.153800
vt 0.443000 0.176200
vt 0.390600 0.169100
vt 0.444500 0.142600
vt 0.391300 0.143900
vt 0.390600 0.135500
vt 0.443300 0.131400
vt 0.134700 0.149200
vt 0.133300 0.141800
vt 0.105600 0.127300
vt 0.108200 0.170400
vt 0.067200 0.132700
vt 0.067200 0.167900
vt 0.038000 0.146600
vt 0.038000 0.158100
vt 0.016500 0.147400
vt 0.252700 0.136500
vt 0.237200 0.136300
vt 0.227900 0.110700
vt 0.239600 0.100700
vt 0.252700 0.136500
vt 0.237200 0.136300
vt 0.227900 0.110700
vt 0.239600 0.100700
vt 0.252700 0.136500
vt 0.237200 0.136300
vt 0.227900 0.110700
vt 0.239600 0.100700
vt 0.252700 0.136500
vt 0.237200 0.136300
vt 0.227900 0.110700
vt 0.239600 0.100700
vt 0.198500 0.135900
vt 0.215400 0.121400
vt 0.220800 0.136100
vt 0.215400 0.121400
vt 0.220800 0.136100
vt 0.215400 0.121400
vt 0.220800 0.136100
vt 0.215400 0.121400
vt 0.220800 0.136100
vt 0.239600 0.100700
vt 0.252700 0.136500
vt 0.237200 0.136300
vt 0.227900 0.110700
vt 0.239600 0.100700
vt 0.252700 0.136500
vt 0.237200 0.136300
vt 0.227900 0.110700
vt 0.239600 0.100700
vt 0.252700 0.136500
vt 0.237200 0.136300
vt 0.227900 0.110700
vt 0.239600 0.100700
vt 0.252700 0.136500
vt 0.237200 0.136300
vt 0.227900 0.110700
vt 0.215400 0.121400
vt 0.220800 0.136100
vt 0.215400 0.121400
vt 0.220800 0.136100
vt 0.215400 0.121400
vt 0.220800 0.136100
vt 0.215400 0.121400
vt 0.220800 0.136100
vt 0.302100 0.108900
vt 0.305400 0.106200
vt 0.300600 0.103600
vt 0.305800 0.102000
vt 0.303200 0.098700
vt 0.299000 0.098300
vt 0.297900 0.108400
vt 0.295300 0.105100
vt 0.295700 0.100900
vt 0.134700 0.149200
vt 0.108200 0.170400
vt 0.105600 0.127300
vt 0.133300 0.141800
vt 0.067200 0.167900
vt 0.067200 0.132700
vt 0.038000 0.158100
vt 0.038000 0.146600
vt 0.016500 0.147400
vt 0.134700 0.149200
vt 0.133300 0.141800
vt 0.105600 0.127300
vt 0.108200 0.170400
vt 0.067200 0.132700
vt 0.067200 0.167900
vt 0.038000 0.146600
vt 0.038000 0.158100
vt 0.016500 0.147400
vt 0.134700 0.149200
vt 0.108200 0.170400
vt 0.105600 0.127300
vt 0.133300 0.141800
vt 0.067200 0.167900
vt 0.067200 0.132700
vt 0.038000 0.158100
vt 0.038000 0.146600
vt 0.016500 0.147400
vt 0.134700 0.149200
vt 0.133300 0.141800
vt 0.105600 0.127300
vt 0.108200 0.170400
vt 0.067200 0.132700
vt 0.067200 0.167900
vt 0.038000 0.146600
vt 0.038000 0.158100
vt 0.016500 0.147400
vt 0.134700 0.149200
vt 0.108200 0.170400
vt 0.105600 0.127300
vt 0.133300 0.141800
vt 0.067200 0.167900
vt 0.067200 0.132700
vt 0.038000 0.158100
vt 0.038000 0.146600
vt 0.016500 0.147400
vt 0.134700 0.149200
vt 0.133300 0.141800
vt 0.105600 0.127300
vt 0.108200 0.170400
vt 0.067200 0.132700
vt 0.067200 0.167900
vt 0.038000 0.146600
vt 0.038000 0.158100
vt 0.016500 0.147400
vt 0.134700 0.149200
vt 0.108200 0.170400
vt 0.105600 0.127300
vt 0.133300 0.141800
vt 0.067200 0.167900
vt 0.067200 0.132700
vt 0.038000 0.158100
vt 0.038000 0.146600
vt 0.016500 0.147400
vt 0.134700 0.149200
vt 0.133300 0.141800
vt 0.105600 0.127300
vt 0.108200 0.170400
vt 0.067200 0.132700
vt 0.067200 0.167900
vt 0.038000 0.146600
vt 0.038000 0.158100
vt 0.016500 0.147400
vt 0.339200 0.156500
vt 0.338100 0.162000
vt 0.337900 0.139600
vt 0.134700 0.149200
vt 0.108200 0.170400
vt 0.105600 0.127300
vt 0.133300 0.141800
vt 0.067200 0.167900
vt 0.067200 0.132700
vt 0.038000 0.158100
vt 0.038000 0.146600
vt 0.016500 0.147400
vt 0.338000 0.145200
vt 0.339100 0.150700
vt 0.333600 0.151700
vt 0.332600 0.146200
vt 0.443800 0.164900
vt 0.391500 0.160700
vt 0.391800 0.152300
vt 0.444600 0.153800
vt 0.443000 0.176200
vt 0.390600 0.169100
vt 0.444500 0.142600
vt 0.391300 0.143900
vt 0.390600 0.135500
vt 0.443300 0.131400
vt 0.134700 0.149200
vt 0.133300 0.141800
vt 0.105600 0.127300
vt 0.108200 0.170400
vt 0.067200 0.132700
vt 0.067200 0.167900
vt 0.038000 0.146600
vt 0.038000 0.158100
vt 0.016500 0.147400
vt 0.252700 0.136500
vt 0.237200 0.136300
vt 0.227900 0.110700
vt 0.239600 0.100700
vt 0.252700 0.136500
vt 0.237200 0.136300
vt 0.227900 0.110700
vt 0.239600 0.100700
vt 0.252700 0.136500
vt 0.237200 0.136300
vt 0.227900 0.110700
vt 0.239600 0.100700
vt 0.252700 0.136500
vt 0.237200 0.136300
vt 0.227900 0.110700
vt 0.239600 0.100700
vt 0.198500 0.135900
vt 0.215400 0.121400
vt 0.220800 0.136100
vt 0.215400 0.121400
vt 0.220800 0.136100
vt 0.215400 0.121400
vt 0.220800 0.136100
vt 0.215400 0.121400
vt 0.220800 0.136100
vt 0.239600 0.100700
vt 0.252700 0.136500
vt 0.237200 0.136300
vt 0.227900 0.110700
vt 0.239600 0.100700
vt 0.252700 0.136500
vt 0.237200 0.136300
vt 0.227900 0.110700
vt 0.239600 0.100700
vt 0.252700 0.136500
vt 0.237200 0.136300
vt 0.227900 0.110700
vt 0.239600 0.100700
vt 0.252700 0.136500
vt 0.237200 0.136300
vt 0.227900 0.110700
vt 0.215400 0.121400
vt 0.220800 0.136100
vt 0.215400 0.121400
vt 0.220800 0.136100
vt 0.215400 0.121400
vt 0.220800 0.136100
vt 0.215400 0.121400
vt 0.220800 0.136100
vt 0.302100 0.108900
vt 0.305400 0.106200
vt 0.300600 0.103600
vt 0.305800 0.102000
vt 0.303200 0.098700
vt 0.299000 0.098300
vt 0.297900 0.108400
vt 0.295300 0.105100
vt 0.295700 0.100900
vt 0.134700 0.149200
vt 0.108200 0.170400
vt 0.105600 0.127300
vt 0.133300 0.141800
vt 0.067200 0.167900
vt 0.067200 0.132700
vt 0.038000 0.158100
vt 0.038000 0.146600
vt 0.016500 0.147400
vt 0.134700 0.149200
vt 0.133300 0.141800
vt 0.105600 0.127300
vt 0.108200 0.170400
vt 0.067200 0.132700
vt 0.067200 0.167900
vt 0.038000 0.146600
vt 0.038000 0.158100
vt 0.016500 0.147400
vt 0.134700 0.149200
vt 0.108200 0.170400
vt 0.105600 0.127300
vt 0.133300 0.141800
vt 0.067200 0.167900
vt 0.067200 0.132700
vt 0.038000 0.158100
vt 0.038000 0.146600
vt 0.016500 0.147400
vt 0.134700 0.149200
vt 0.133300 0.141800
vt 0.105600 0.127300
vt 0.108200 0.170400
vt 0.067200 0.132700
vt 0.067200 0.167900
vt 0.038000 0.146600
vt 0.038000 0.158100
vt 0.016500 0.147400
vt 0.134700 0.149200
vt 0.108200 0.170400
vt 0.105600 0.127300
vt 0.133300 0.141800
vt 0.067200 0.167900
vt 0.067200 0.132700
vt 0.038000 0.158100
vt 0.038000 0.146600
vt 0.016500 0.147400
vt 0.134700 0.149200
vt 0.133300 0.141800
vt 0.105600 0.127300
vt 0.108200 0.170400
vt 0.067200 0.132700
vt 0.067200 0.167900
vt 0.038000 0.146600
vt 0.038000 0.158100
vt 0.016500 0.147400
vt 0.134700 0.149200
vt 0.108200 0.170400
vt 0.105600 0.127300
vt 0.133300 0.141800
vt 0.067200 0.167900
vt 0.067200 0.132700
vt 0.038000 0.158100
vt 0.038000 0.146600
vt 0.016500 0.147400
vt 0.134700 0.149200
vt 0.133300 0.141800
vt 0.105600 0.127300
vt 0.108200 0.170400
vt 0.067200 0.132700
vt 0.067200 0.167900
vt 0.038000 0.146600
vt 0.038000 0.158100
vt 0.016500 0.147400
vt 0.339200 0.156500
vt 0.338100 0.162000
vt 0.337900 0.139600
vt 0.134700 0.149200
vt 0.108200 0.170400
vt 0.105600 0.127300
vt 0.133300 0.141800
vt 0.067200 0.167900
vt 0.067200 0.132700
vt 0.038000 0.158100
vt 0.038000 0.146600
vt 0.016500 0.147400
vt 0.338000 0.145200
vt 0.339100 0.150700
vt 0.333600 0.151700
vt 0.332600 0.146200
vt 0.443800 0.164900
vt 0.391500 0.160700
vt 0.391800 0.152300
vt 0.444600 0.153800
vt 0.443000 0.176200
vt 0.390600 0.169100
vt 0.444500 0.142600
vt 0.391300 0.143900
vt 0.390600 0.135500
vt 0.443300 0.131400
vt 0.134700 0.149200
vt 0.133300 0.141800
vt 0.105600 0.127300
vt 0.108200 0.170400
vt 0.067200 0.132700
vt 0.067200 0.167900
vt 0.038000 0.146600
vt 0.038000 0.158100
vt 0.016500 0.147400
vt 0.252700 0.136500
vt 0.237200 0.136300
vt 0.227900 0.110700
vt 0.239600 0.100700
vt 0.252700 0.136500
vt 0.237200 0.136300
vt 0.227900 0.110700
vt 0.239600 0.100700
vt 0.252700 0.136500
vt 0.237200 0.136300
vt 0.227900 0.110700
vt 0.239600 0.100700
vt 0.252700 0.136500
vt 0.237200 0.136300
vt 0.227900 0.110700
vt 0.239600 0.100700
vt 0.198500 0.135900
vt 0.215400 0.121400
vt 0.220800 0.136100
vt 0.215400 0.121400
vt 0.220800 0.136100
vt 0.215400 0.121400
vt 0.220800 0.136100
vt 0.215400 0.121400
vt 0.220800 0.136100
vt 0.239600 0.100700
vt 0.252700 0.136500
vt 0.237200 0.136300
vt 0.227900 0.110700
vt 0.239600 0.100700
vt 0.252700 0.136500
vt 0.237200 0.136300
vt 0.227900 0.110700
vt 0.239600 0.100700
vt 0.252700 0.136500
vt 0.237200 0.136300
vt 0.227900 0.110700
vt 0.239600 0.100700
vt 0.252700 0.136500
vt 0.237200 0.136300
vt 0.227900 0.110700
vt 0.215400 0.121400
vt 0.220800 0.136100
vt 0.215400 0.121400
vt 0.220800 0.136100
vt 0.215400 0.121400
vt 0.220800 0.136100
vt 0.215400 0.121400
vt 0.220800 0.136100
vt 0.302100 0.108900
vt 0.305400 0.106200
vt 0.300600 0.103600
vt 0.305800 0.102000
vt 0.303200 0.098700
vt 0.299000 0.098300
vt 0.297900 0.108400
vt 0.295300 0.105100
vt 0.295700 0.100900
vt 0.134700 0.149200
vt 0.108200 0.170400
vt 0.105600 0.127300
vt 0.133300 0.141800
vt 0.067200 0.167900
vt 0.067200 0.132700
vt 0.038000 0.158100
vt 0.038000 0.146600
vt 0.016500 0.147400
vt 0.134700 0.149200
vt 0.133300 0.141800
vt 0.105600 0.127300
vt 0.108200 0.170400
vt 0.067200 0.132700
vt 0.067200 0.167900
vt 0.038000 0.146600
vt 0.038000 0.158100
vt 0.016500 0.147400
vt 0.134700 0.149200
vt 0.108200 0.170400
vt 0.105600 0.127300
vt 0.133300 0.141800
vt 0.067200 0.167900
vt 0.067200 0.132700
vt 0.038000 0.158100
vt 0.038000 0.146600
vt 0.016500 0.147400
vt 0.134700 0.149200
vt 0.133300 0.141800
vt 0.105600 0.127300
vt 0.108200 0.170400
vt 0.067200 0.132700
vt 0.067200 0.167900
vt 0.038000 0.146600
vt 0.038000 0.158100
vt 0.016500 0.147400
vt 0.134700 0.149200
vt 0.108200 0.170400
vt 0.105600 0.127300
vt 0.133300 0.141800
vt 0.067200 0.167900
vt 0.067200 0.132700
vt 0.038000 0.158100
vt 0.038000 0.146600
vt 0.016500 0.147400
vt 0.134700 0.149200
vt 0.133300 0.141800
vt 0.105600 0.127300
vt 0.108200 0.170400
vt 0.067200 0.132700
vt 0.067200 0.167900
vt 0.038000 0.146600
vt 0.038000 0.158100
vt 0.016500 0.147400
vt 0.134700 0.149200
vt 0.108200 0.170400
vt 0.105600 0.127300
vt 0.133300 0.141800
vt 0.067200 0.167900
vt 0.067200 0.132700
vt 0.038000 0.158100
vt 0.038000 0.146600
vt 0.016500 0.147400
vt 0.134700 0.149200
vt 0.133300 0.141800
vt 0.105600 0.127300
vt 0.108200 0.170400
vt 0.067200 0.132700
vt 0.067200 0.167900
vt 0.038000 0.146600
vt 0.038000 0.158100
vt 0.016500 0.147400
vt 0.339200 0.156500
vt 0.338100 0.162000
vt 0.337900 0.139600
vt 0.134700 0.149200
vt 0.108200 0.170400
vt 0.105600 0.127300
vt 0.133300 0.141800
vt 0.067200 0.167900
vt 0.067200 0.132700
vt 0.038000 0.158100
vt 0.038000 0.146600
vt 0.016500 0.147400
vt 0.338000 0.145200
vt 0.339100 0.150700
vt 0.333600 0.151700
vt 0.332600 0.146200
vt 0.443800 0.164900
vt 0.391500 0.160700
vt 0.391800 0.152300
vt 0.444600 0.153800
vt 0.443000 0.176200
vt 0.390600 0.169100
vt 0.444500 0.142600
vt 0.391300 0.143900
vt 0.390600 0.135500
vt 0.443300 0.131400
vt 0.134700 0.149200
vt 0.133300 0.141800
vt 0.105600 0.127300
vt 0.108200 0.170400
vt 0.067200 0.132700
vt 0.067200 0.167900
vt 0.038000 0.146600
vt 0.038000 0.158100
vt 0.016500 0.147400
vt 0.252700 0.136500
vt 0.237200 0.136300
vt 0.227900 0.110700
vt 0.239600 0.100700
vt 0.252700 0.136500
vt 0.237200 0.136300
vt 0.227900 0.110700
vt 0.239600 0.100700
vt 0.252700 0.136500
vt 0.237200 0.136300
vt 0.227900 0.110700
vt 0.239600 0.100700
vt 0.252700 0.136500
vt 0.237200 0.136300
vt 0.227900 0.110700
vt 0.239600 0.100700
vt 0.198500 0.135900
vt 0.215400 0.121400
vt 0.220800 0.136100
vt 0.215400 0.121400
vt 0.220800 0.136100
vt 0.215400 0.121400
vt 0.220800 0.136100
vt 0.215400 0.121400
vt 0.220800 0.136100
vt 0.239600 0.100700
vt 0.252700 0.136500
vt 0.237200 0.136300
vt 0.227900 0.110700
vt 0.239600 0.100700
vt 0.252700 0.136500
vt 0.237200 0.136300
vt 0.227900 0.110700
vt 0.239600 0.100700
vt 0.252700 0.136500
vt 0.237200 0.136300
vt 0.227900 0.110700
vt 0.239600 0.100700
vt 0.252700 0.136500
vt 0.237200 0.136300
vt 0.227900 0.110700
vt 0.215400 0.121400
vt 0.220800 0.136100
vt 0.215400 0.121400
vt 0.220800 0.136100
vt 0.215400 0.121400
vt 0.220800 0.136100
vt 0.215400 0.121400
vt 0.220800 0.136100
vt 0.302100 0.108900
vt 0.305400 0.106200
vt 0.300600 0.103600
vt 0.305800 0.102000
vt 0.303200 0.098700
vt 0.299000 0.098300
vt 0.297900 0.108400
vt 0.295300 0.105100
vt 0.295700 0.100900
vt 0.134700 0.149200
vt 0.108200 0.170400
vt 0.105600 0.127300
vt 0.133300 0.141800
vt 0.067200 0.167900
vt 0.067200 0.132700
vt 0.038000 0.158100
vt 0.038000 0.146600
vt 0.016500 0.147400
vt 0.134700 0.149200
vt 0.133300 0.141800
vt 0.105600 0.127300
vt 0.108200 0.170400
vt 0.067200 0.132700
vt 0.067200 0.167900
vt 0.038000 0.146600
vt 0.038000 0.158100
vt 0.016500 0.147400
vt 0.134700 0.149200
vt 0.108200 0.170400
vt 0.105600 0.127300
vt 0.133300 0.141800
vt 0.067200 0.167900
vt 0.067200 0.132700
vt 0.038000 0.158100
vt 0.038000 0.146600
vt 0.016500 0.147400
vt 0.134700 0.149200
vt 0.133300 0.141800
vt 0.105600 0.127300
vt 0.108200 0.170400
vt 0.067200 0.132700
vt 0.067200 0.167900
vt 0.038000 0.146600
vt 0.038000 0.158100
vt 0.016500 0.147400
vt 0.134700 0.149200
vt 0.108200 0.170400
vt 0.105600 0.127300
vt 0.133300 0.141800
vt 0.067200 0.167900
vt 0.067200 0.132700
vt 0.038000 0.158100
vt 0.038000 0.146600
vt 0.016500 0.147400
vt 0.134700 0.149200
vt 0.133300 0.141800
vt 0.105600 0.127300
vt 0.108200 0.170400
vt 0.067200 0.132700
vt 0.067200 0.167900
vt 0.038000 0.146600
vt 0.038000 0.158100
vt 0.016500 0.147400
vt 0.134700 0.149200
vt 0.108200 0.170400
vt 0.105600 0.127300
vt 0.133300 0.141800
vt 0.067200 0.167900
vt 0.067200 0.132700
vt 0.038000 0.158100
vt 0.038000 0.146600
vt 0.016500 0.147400
vt 0.134700 0.149200
vt 0.133300 0.141800
vt 0.105600 0.127300
vt 0.108200 0.170400
vt 0.067200 0.132700
vt 0.067200 0.167900
vt 0.038000 0.146600
vt 0.038000 0.158100
vt 0.016500 0.147400
vt 0.339200 0.156500
vt 0.338100 0.162000
vt 0.337900 0.139600
vt 0.134700 0.149200
vt 0.108200 0.170400
vt 0.105600 0.127300
vt 0.133300 0.141800
vt 0.067200 0.167900
vt 0.067200 0.132700
vt 0.038000 0.158100
vt 0.038000 0.146600
vt 0.016500 0.147400
vt 0.338000 0.145200
vt 0.339100 0.150700
vt 0.333600 0.151700
vt 0.332600 0.146200
vt 0.443800 0.164900
vt 0.391500 0.160700
vt 0.391800 0.152300
vt 0.444600 0.153800
vt 0.443000 0.176200
vt 0.390600 0.169100
vt 0.444500 0.142600
vt 0.391300 0.143900
vt 0.390600 0.135500
vt 0.443300 0.131400
vt 0.134700 0.149200
vt 0.133300 0.141800
vt 0.105600 0.127300
vt 0.108200 0.170400
vt 0.067200 0.132700
vt 0.067200 0.167900
vt 0.038000 0.146600
vt 0.038000 0.158100
vt 0.016500 0.147400
vt 0.252700 0.136500
vt 0.237200 0.136300
vt 0.227900 0.110700
vt 0.239600 0.100700
vt 0.252700 0.136500
vt 0.237200 0.136300
vt 0.227900 0.110700
vt 0.239600 0.100700
vt 0.252700 0.136500
vt 0.237200 0.136300
vt 0.227900 0.110700
vt 0.239600 0.100700
vt 0.252700 0.136500
vt 0.237200 0.136300
vt 0.227900 0.110700
vt 0.239600 0.100700
vt 0.198500 0.135900
vt 0.215400 0.121400
vt 0.220800 0.136100
vt 0.215400 0.121400
vt 0.220800 0.136100
vt 0.215400 0.121400
vt 0.220800 0.136100
vt 0.215400 0.121400
vt 0.220800 0.136100
vt 0.239600 0.100700
vt 0.252700 0.136500
vt 0.237200 0.136300
vt 0.227900 0.110700
vt 0.239600 0.100700
vt 0.252700 0.136500
vt 0.237200 0.136300
vt 0.227900 0.110700
vt 0.239600 0.100700
vt 0.252700 0.136500
vt 0.237200 0.136300
vt 0.227900 0.110700
vt 0.239600 0.100700
vt 0.252700 0.136500
vt 0.237200 0.136300
vt 0.227900 0.110700
vt 0.215400 0.121400
vt 0.220800 0.136100
vt 0.215400 0.121400
vt 0.220800 0.136100
vt 0.215400 0.121400
vt 0.220800 0.136100
vt 0.215400 0.121400
vt 0.220800 0.136100
vt 0.302100 0.108900
vt 0.305400 0.106200
vt 0.300600 0.103600
vt 0.305800 0.102000
vt 0.303200 0.098700
vt 0.299000 0.098300
vt 0.297900 0.108400
vt 0.295300 0.105100
vt 0.295700 0.100900
vt 0.134700 0.149200
vt 0.108200 0.170400
vt 0.105600 0.127300
vt 0.133300 0.141800
vt 0.067200 0.167900
vt 0.067200 0.132700
vt 0.038000 0.158100
vt 0.038000 0.146600
vt 0.016500 0.147400
vt 0.134700 0.149200
vt 0.133300 0.141800
vt 0.105600 0.127300
vt 0.108200 0.170400
vt 0.067200 0.132700
vt 0.067200 0.167900
vt 0.038000 0.146600
vt 0.038000 0.158100
vt 0.016500 0.147400
vt 0.134700 0.149200
vt 0.108200 0.170400
vt 0.105600 0.127300
vt 0.133300 0.141800
vt 0.067200 0.167900
vt 0.067200 0.132700
vt 0.038000 0.158100
vt 0.038000 0.146600
vt 0.016500 0.147400
vt 0.134700 0.149200
vt 0.133300 0.141800
vt 0.105600 0.127300
vt 0.108200 0.170400
vt 0.067200 0.132700
vt 0.067200 0.167900
vt 0.038000 0.146600
vt 0.038000 0.158100
vt 0.016500 0.147400
vt 0.134700 0.149200
vt 0.108200 0.170400
vt 0.105600 0.127300
vt 0.133300 0.141800
vt 0.067200 0.167900
vt 0.067200 0.132700
vt 0.038000 0.158100
vt 0.038000 0.146600
vt 0.016500 0.147400
vt 0.134700 0.149200
vt 0.133300 0.141800
vt 0.105600 0.127300
vt 0.108200 0.170400
vt 0.067200 0.132700
vt 0.067200 0.167900
vt 0.038000 0.146600
vt 0.038000 0.158100
vt 0.016500 0.147400
vt 0.134700 0.149200
vt 0.108200 0.170400
vt 0.105600 0.127300
vt 0.133300 0.141800
vt 0.067200 0.167900
vt 0.067200 0.132700
vt 0.038000 0.158100
vt 0.038000 0.146600
vt 0.016500 0.147400
vt 0.134700 0.149200
vt 0.133300 0.141800
vt 0.105600 0.127300
vt 0.108200 0.170400
vt 0.067200 0.132700
vt 0.067200 0.167900
vt 0.038000 0.146600
vt 0.038000 0.158100
vt 0.016500 0.147400
vt 0.339200 0.156500
vt 0.338100 0.162000
vt 0.337900 0.139600
vt 0.134700 0.149200
vt 0.108200 0.170400
vt 0.105600 0.127300
vt 0.133300 0.141800
vt 0.067200 0.167900
vt 0.067200 0.132700
vt 0.038000 0.158100
vt 0.038000 0.146600
vt 0.016500 0.147400
vt 0.338000 0.145200
vt 0.339100 0.150700
vt 0.333600 0.151700
vt 0.332600 0.146200
vt 0.443800 0.164900
vt 0.391500 0.160700
vt 0.391800 0.152300
vt 0.444600 0.153800
vt 0.443000 0.176200
vt 0.390600 0.169100
vt 0.444500 0.142600
vt 0.391300 0.143900
vt 0.390600 0.135500
vt 0.443300 0.131400
vt 0.134700 0.149200
vt 0.133300 0.141800
vt 0.105600 0.127300
vt 0.108200 0.170400
vt 0.067200 0.132700
vt 0.067200 0.167900
vt 0.038000 0.146600
vt 0.038000 0.158100
vt 0.016500 0.147400
vt 0.252700 0.136500
vt 0.237200 0.136300
vt 0.227900 0.110700
vt 0.239600 0.100700
vt 0.252700 0.136500
vt 0.237200 0.136300
vt 0.227900 0.110700
vt 0.239600 0.100700
vt 0.252700 0.136500
vt 0.237200 0.136300
vt 0.227900 0.110700
vt 0.239600 0.100700
vt 0.252700 0.136500
vt 0.237200 0.136300
vt 0.227900 0.110700
vt 0.239600 0.100700
vt 0.198500 0.135900
vt 0.215400 0.121400
vt 0.220800 0.136100
vt 0.215400 0.121400
vt 0.220800 0.136100
vt 0.215400 0.121400
vt 0.220800 0.136100
vt 0.215400 0.121400
vt 0.220800 0.136100
vt 0.239600 0.100700
vt 0.252700 0.136500
vt 0.237200 0.136300
vt 0.227900 0.110700
vt 0.239600 0.100700
vt 0.252700 0.136500
vt 0.237200 0.136300
vt 0.227900 0.110700
vt 0.239600 0.100700
vt 0.252700 0.136500
vt 0.237200 0.136300
vt 0.227900 0.110700
vt 0.239600 0.100700
vt 0.252700 0.136500
vt 0.237200 0.136300
vt 0.227900 0.110700
vt 0.215400 0.121400
vt 0.220800 0.136100
vt 0.215400 0.121400
vt 0.220800 0.136100
vt 0.215400 0.121400
vt 0.220800 0.136100
vt 0.215400 0.121400
vt 0.220800 0.136100
vt 0.302100 0.108900
vt 0.305400 0.106200
vt 0.300600 0.103600
vt 0.305800 0.102000
vt 0.303200 0.098700
vt 0.299000 0.098300
vt 0.297900 0.108400
vt 0.295300 0.105100
vt 0.295700 0.100900
vt 0.134700 0.149200
vt 0.108200 0.170400
vt 0.105600 0.127300
vt 0.133300 0.141800
vt 0.067200 0.167900
vt 0.067200 0.132700
vt 0.038000 0.158100
vt 0.038000 0.146600
vt 0.016500 0.147400
vt 0.134700 0.149200
vt 0.133300 0.141800
vt 0.105600 0.127300
vt 0.108200 0.170400
vt 0.067200 0.132700
vt 0.067200 0.167900
vt 0.038000 0.146600
vt 0.038000 0.158100
vt 0.016500 0.147400
vt 0.134700 0.149200
vt 0.108200 0.170400
vt 0.105600 0.127300
vt 0.133300 0.141800
vt 0.067200 0.167900
vt 0.067200 0.132700
vt 0.038000 0.158100
vt 0.038000 0.146600
vt 0.016500 0.147400
vt 0.134700 0.149200
vt 0.133300 0.141800
vt 0.105600 0.127300
vt 0.108200 0.170400
vt 0.067200 0.132700
vt 0.067200 0.167900
vt 0.038000 0.146600
vt 0.038000 0.158100
vt 0.016500 0.147400
vt 0.134700 0.149200
vt 0.108200 0.170400
vt 0.105600 0.127300
vt 0.133300 0.141800
vt 0.067200 0.167900
vt 0.067200 0.132700
vt 0.038000 0.158100
vt 0.038000 0.146600
vt 0.016500 0.147400
vt 0.134700 0.149200
vt 0.133300 0.141800
vt 0.105600 0.127300
vt 0.108200 0.170400
vt 0.067200 0.132700
vt 0.067200 0.167900
vt 0.038000 0.146600
vt 0.038000 0.158100
vt 0.016500 0.147400
vt 0.134700 0.149200
vt 0.108200 0.170400
vt 0.105600 0.127300
vt 0.133300 0.141800
vt 0.067200 0.167900
vt 0.067200 0.132700
vt 0.038000 0.158100
vt 0.038000 0.146600
vt 0.016500 0.147400
vt 0.134700 0.149200
vt 0.133300 0.141800
vt 0.105600 0.127300
vt 0.108200 0.170400
vt 0.067200 0.132700
vt 0.067200 0.167900
vt 0.038000 0.146600
vt 0.038000 0.158100
vt 0.016500 0.147400
vt 0.339200 0.156500
vt 0.338100 0.162000
vt 0.337900 0.139600
vn 0.0000 -0.9962 -0.0871
vn 0.0000 0.0158 -0.9999
vn 0.9974 -0.0711 -0.0062
vn -0.9974 -0.0711 -0.0062
vn 0.0000 -0.1580 0.9874
vn -0.0858 -0.2234 -0.9709
vn -0.1025 -0.3804 -0.9191
vn 0.9300 -0.3299 -0.1619
vn 0.9772 -0.2111 0.0216
vn -0.9582 0.2812 0.0534
vn -0.9306 0.2267 -0.2875
vn 0.0755 0.2764 0.9581
vn 0.0889 0.3477 0.9334
vn 0.0038 0.2700 -0.9628
vn 0.9743 0.2230 0.0326
vn -0.9778 0.2072 0.0315
vn 0.0031 0.1614 0.9869
vn -0.1648 -0.0002 -0.9863
vn 0.9996 -0.0284 0.0026
vn -0.9988 0.0467 0.0114
vn 0.0997 -0.0293 0.9946
vn -0.0571 -0.0671 -0.9961
vn 0.9892 -0.1452 0.0200
vn -0.9847 0.1677 0.0468
vn 0.0022 0.0932 0.9956
vn 0.5063 0.4981 0.7040
vn 0.9403 -0.3295 0.0850
vn 0.4855 0.1322 -0.8642
vn 0.0251 0.9786 -0.2042
vn 0.1195 -0.0397 -0.9920
vn 0.5904 -0.7855 0.1855
vn -0.5669 0.8145 -0.1234
vn -0.1357 0.1450 0.9801
vn 0.1659 -0.2995 -0.9396
vn 0.0496 -0.9984 0.0267
vn -0.0726 0.9972 0.0173
vn -0.2837 -0.2593 0.9232
vn -0.3898 0.2605 0.8833
vn -0.4445 0.2060 0.8717
vn -0.3998 0.2303 0.8872
vn -0.5326 0.2647 0.8040
vn -0.5267 0.3227 0.7864
vn -0.4564 0.2917 0.8406
vn -0.4713 0.3626 0.8040
vn -0.5506 0.2958 0.7806
vn -0.3657 0.3098 0.8777
vn -0.3963 0.1544 0.9050
vn -0.3776 0.2082 0.9023
vn -0.4671 0.1170 0.8764
vn -0.5418 0.0757 0.8371
vn -0.5404 0.1363 0.8303
vn -0.4910 0.0397 0.8702
vn -0.5626 0.1008 0.8206
vn -0.4026 0.1847 0.8965
vn -0.3783 0.1045 0.9198
vn -0.5966 0.1962 0.7782
vn 0.3898 -0.2605 -0.8833
vn 0.3998 -0.2303 -0.8872
vn 0.4445 -0.2060 -0.8717
vn 0.4564 -0.2917 -0.8406
vn 0.5267 -0.3227 -0.7864
vn 0.5326 -0.2647 -0.8039
vn 0.4713 -0.3626 -0.8040
vn 0.5506 -0.2958 -0.7806
vn 0.3657 -0.3098 -0.8777
vn 0.3963 -0.1544 -0.9050
vn 0.3776 -0.2082 -0.9023
vn 0.5404 -0.1363 -0.8303
vn 0.5418 -0.0757 -0.8371
vn 0.4671 -0.1170 -0.8764
vn 0.4910 -0.0397 -0.8702
vn 0.5625 -0.1008 -0.8206
vn 0.3783 -0.1044 -0.9198
vn 0.4026 -0.1847 -0.8965
vn 0.5966 -0.1962 -0.7782
vn -0.3986 0.5294 -0.7489
vn -0.9548 -0.2481 -0.1638
vn -0.5444 0.1866 0.8178
vn 0.0433 0.9801 0.1940
vn -0.2689 -0.0376 0.9624
vn -0.6327 -0.7319 -0.2530
vn 0.6323 0.7625 0.1371
vn 0.2203 0.0647 -0.9733
vn 0.5298 -0.0127 -0.8480
vn 0.5489 -0.0865 -0.8314
vn 0.5236 -0.0440 -0.8509
vn 0.6494 -0.0761 -0.7567
vn 0.6721 -0.0221 -0.7402
vn 0.5998 -0.0166 -0.8000
vn 0.6455 0.0392 -0.7628
vn 0.6788 -0.0570 -0.7321
vn 0.5332 0.0423 -0.8449
vn 0.4839 -0.1088 -0.8683
vn 0.4944 -0.0528 -0.8676
vn 0.5242 -0.1751 -0.8334
vn 0.5652 -0.2460 -0.7874
vn 0.5938 -0.1926 -0.7813
vn 0.5057 -0.2536 -0.8246
vn 0.5945 -0.2338 -0.7694
vn 0.5038 -0.0853 -0.8596
vn 0.4443 -0.1439 -0.8842
vn 0.6685 -0.1661 -0.7249
vn -0.5298 0.0126 0.8480
vn -0.5236 0.0440 0.8509
vn -0.5489 0.0865 0.8314
vn -0.5998 0.0166 0.8000
vn -0.6721 0.0221 0.7402
vn -0.6493 0.0761 0.7567
vn -0.6455 -0.0392 0.7628
vn -0.6789 0.0571 0.7321
vn -0.5332 -0.0423 0.8449
vn -0.4839 0.1089 0.8683
vn -0.4944 0.0528 0.8676
vn -0.5938 0.1925 0.7813
vn -0.5652 0.2460 0.7874
vn -0.5242 0.1751 0.8334
vn -0.5056 0.2536 0.8246
vn -0.5944 0.2339 0.7694
vn -0.4443 0.1439 0.8842
vn -0.5038 0.0853 0.8596
vn -0.6685 0.1660 0.7249
vn 0.8186 0.4982 0.2859
vn 0.8190 -0.3296 -0.4697
vn -0.0981 0.1322 -0.9864
vn -0.0967 0.9786 -0.1816
vn -0.4669 -0.0715 -0.8814
vn 0.6260 -0.7592 -0.1782
vn -0.5635 0.7994 0.2081
vn 0.4471 0.1796 0.8763
vn -0.3873 -0.0803 -0.9184
vn 0.7488 -0.6344 -0.1918
vn 0.8436 -0.5369 0.0086
vn -0.7590 0.5876 0.2804
vn -0.7127 0.6692 0.2106
vn 0.3159 0.1504 0.9368
vn 0.0960 0.6679 0.7380
vn 0.0780 0.6107 0.7880
vn 0.1057 0.6443 0.7574
vn -0.0475 0.6104 0.7906
vn -0.0808 0.6487 0.7568
vn 0.0120 0.6618 0.7495
vn -0.0521 0.6975 0.7147
vn -0.0877 0.6207 0.7791
vn 0.0860 0.7077 0.7012
vn 0.1540 0.5928 0.7905
vn 0.1397 0.6373 0.7579
vn 0.1075 0.5380 0.8360
vn 0.0542 0.4737 0.8790
vn 0.0227 0.5194 0.8542
vn 0.1244 0.4687 0.8746
vn 0.0190 0.4824 0.8757
vn 0.1306 0.6120 0.7800
vn 0.1983 0.5622 0.8029
vn -0.0731 0.5326 0.8432
vn -0.0960 -0.6679 -0.7380
vn -0.1057 -0.6443 -0.7574
vn -0.0781 -0.6107 -0.7880
vn -0.0120 -0.6618 -0.7495
vn 0.0808 -0.6486 -0.7568
vn 0.0476 -0.6104 -0.7906
vn 0.0521 -0.6974 -0.7148
vn 0.0876 -0.6206 -0.7792
vn -0.0860 -0.7078 -0.7012
vn -0.1540 -0.5928 -0.7905
vn -0.1397 -0.6373 -0.7579
vn -0.0227 -0.5195 -0.8542
vn -0.0542 -0.4737 -0.8790
vn -0.1075 -0.5380 -0.8360
vn -0.1245 -0.4686 -0.8746
vn -0.0189 -0.4825 -0.8757
vn -0.1983 -0.5622 -0.8028
vn -0.1306 -0.6120 -0.7800
vn 0.0731 -0.5327 -0.8431
vn -0.5101 0.7037 -0.4945
vn -0.4850 0.7550 -0.4413
vn -0.4883 0.7253 -0.4853
vn -0.5685 0.7456 -0.3478
vn -0.6152 0.7065 -0.3498
vn -0.5626 0.7075 -0.4277
vn -0.6278 0.6646 -0.4052
vn -0.6014 0.7297 -0.3253
vn -0.5423 0.6638 -0.5150
vn -0.4216 0.7659 -0.4855
vn -0.4605 0.7295 -0.5058
vn -0.4168 0.8098 -0.4129
vn -0.4091 0.8512 -0.3288
vn -0.4613 0.8208 -0.3369
vn -0.3584 0.8538 -0.3777
vn -0.4388 0.8439 -0.3087
vn -0.4503 0.7520 -0.4814
vn -0.3710 0.7841 -0.4975
vn -0.5335 0.7999 -0.2750
vn 0.5102 -0.7037 0.4945
vn 0.4883 -0.7253 0.4852
vn 0.4851 -0.7550 0.4413
vn 0.5626 -0.7075 0.4277
vn 0.6152 -0.7066 0.3498
vn 0.5684 -0.7456 0.3478
vn 0.6278 -0.6647 0.4051
vn 0.6014 -0.7298 0.3253
vn 0.5423 -0.6639 0.5149
vn 0.4217 -0.7658 0.4855
vn 0.4606 -0.7294 0.5058
vn 0.4613 -0.8208 0.3369
vn 0.4091 -0.8512 0.3288
vn 0.4169 -0.8098 0.4129
vn 0.3583 -0.8537 0.3778
vn 0.4387 -0.8440 0.3087
vn 0.3710 -0.7841 0.4976
vn 0.4503 -0.7520 0.4814
vn 0.5334 -0.7999 0.2751
vn 0.2662 -0.6486 0.7130
vn 0.3001 -0.6914 0.6572
vn 0.2924 -0.6558 0.6960
vn 0.2071 -0.7629 0.6124
vn 0.1501 -0.7590 0.6335
vn 0.2115 -0.7037 0.6783
vn 0.1316 -0.7156 0.6860
vn 0.1671 -0.7772 0.6067
vn 0.2245 -0.6297 0.7437
vn 0.3648 -0.6489 0.6677
vn 0.3207 -0.6364 0.7016
vn 0.3739 -0.7041 0.6037
vn 0.3796 -0.7596 0.5281
vn 0.3265 -0.7632 0.5576
vn 0.4317 -0.7164 0.5481
vn 0.3483 -0.7776 0.5235
vn 0.3348 -0.6559 0.6765
vn 0.4153 -0.6301 0.6561
vn 0.2437 -0.8090 0.5349
vn -0.2662 0.6486 -0.7130
vn -0.2924 0.6558 -0.6960
vn -0.3001 0.6914 -0.6572
vn -0.2115 0.7037 -0.6783
vn -0.1501 0.7590 -0.6335
vn -0.2071 0.7629 -0.6124
vn -0.1315 0.7156 -0.6860
vn -0.1670 0.7771 -0.6068
vn -0.2245 0.6297 -0.7437
vn -0.3648 0.6489 -0.6677
vn -0.3207 0.6364 -0.7016
vn -0.3265 0.7632 -0.5576
vn -0.3796 0.7596 -0.5281
vn -0.3739 0.7041 -0.6037
vn -0.4316 0.7164 -0.5481
vn -0.3483 0.7776 -0.5235
vn -0.4153 0.6302 -0.6561
vn -0.3347 0.6559 -0.6765
vn -0.2438 0.8089 -0.5350
vn -0.7197 0.6327 -0.2860
vn -0.8637 -0.1824 0.4698
vn 0.1194 0.1131 0.9864
vn 0.2652 0.9469 0.1816
vn 0.4474 -0.1515 0.8814
vn -0.7483 -0.6390 0.1783
vn 0.6938 0.6895 -0.2081
vn -0.4092 0.2544 -0.8763
vn 0.3598 -0.1506 0.9208
vn -0.8498 -0.4929 0.1868
vn -0.9185 -0.3944 0.0289
vn 0.8659 0.4388 -0.2402
vn 0.8185 0.5346 -0.2103
vn -0.2952 0.1964 -0.9350
vn 0.0215 0.6745 -0.7380
vn 0.0292 0.6150 -0.7880
vn 0.0078 0.6529 -0.7574
vn 0.1528 0.5929 -0.7906
vn 0.1922 0.6248 -0.7568
vn 0.1031 0.6539 -0.7495
vn 0.1724 0.6779 -0.7147
vn 0.1941 0.5961 -0.7791
vn 0.0382 0.7120 -0.7012
vn -0.0487 0.6105 -0.7905
vn -0.0269 0.6519 -0.7579
vn -0.0124 0.5485 -0.8360
vn 0.0288 0.4759 -0.8790
vn 0.0679 0.5155 -0.8542
vn -0.0412 0.4831 -0.8746
vn 0.0651 0.4785 -0.8757
vn -0.0223 0.6254 -0.7800
vn -0.0976 0.5881 -0.8029
vn 0.1645 0.5118 -0.8432
vn -0.0215 -0.6745 0.7380
vn -0.0078 -0.6529 0.7574
vn -0.0292 -0.6150 0.7880
vn -0.1031 -0.6539 0.7495
vn -0.1922 -0.6248 0.7568
vn -0.1528 -0.5929 0.7906
vn -0.1724 -0.6778 0.7148
vn -0.1941 -0.5960 0.7792
vn -0.0382 -0.7120 0.7012
vn 0.0487 -0.6105 0.7905
vn 0.0270 -0.6518 0.7579
vn -0.0679 -0.5155 0.8542
vn -0.0289 -0.4759 0.8790
vn 0.0124 -0.5485 0.8360
vn 0.0412 -0.4832 0.8746
vn -0.0651 -0.4784 0.8757
vn 0.0976 -0.5881 0.8028
vn 0.0223 -0.6254 0.7800
vn -0.1645 -0.5119 0.8431
vn 0.6246 0.6044 0.4945
vn 0.6088 0.6593 0.4413
vn 0.6068 0.6295 0.4853
vn 0.6893 0.6355 0.3478
vn 0.7285 0.5890 0.3498
vn 0.6769 0.5990 0.4277
vn 0.7336 0.5456 0.4051
vn 0.7190 0.6142 0.3253
vn 0.6493 0.5596 0.5149
vn 0.5482 0.6810 0.4855
vn 0.5802 0.6384 0.5058
vn 0.5511 0.7251 0.4129
vn 0.5507 0.7672 0.3288
vn 0.5969 0.7282 0.3369
vn 0.5012 0.7786 0.3778
vn 0.5785 0.7550 0.3087
vn 0.5741 0.6624 0.4814
vn 0.5015 0.7078 0.4975
vn 0.6643 0.6951 0.2750
vn -0.6246 -0.6044 -0.4945
vn -0.6068 -0.6295 -0.4853
vn -0.6088 -0.6593 -0.4413
vn -0.6769 -0.5990 -0.4277
vn -0.7285 -0.5890 -0.3498
vn -0.6893 -0.6356 -0.3478
vn -0.7336 -0.5456 -0.4051
vn -0.7190 -0.6143 -0.3252
vn -0.6493 -0.5596 -0.5149
vn -0.5482 -0.6810 -0.4855
vn -0.5802 -0.6384 -0.5058
vn -0.5969 -0.7282 -0.3369
vn -0.5507 -0.7672 -0.3288
vn -0.5511 -0.7251 -0.4129
vn -0.5013 -0.7785 -0.3777
vn -0.5786 -0.7549 -0.3087
vn -0.5015 -0.7078 -0.4975
vn -0.5741 -0.6624 -0.4814
vn -0.6642 -0.6951 -0.2750
vn -0.3748 -0.5926 -0.7130
vn -0.4156 -0.6287 -0.6572
vn -0.4019 -0.5951 -0.6960
vn -0.3364 -0.7154 -0.6124
vn -0.2796 -0.7214 -0.6335
vn -0.3305 -0.6563 -0.6783
vn -0.2539 -0.6819 -0.6859
vn -0.2995 -0.7363 -0.6067
vn -0.3304 -0.5811 -0.7437
vn -0.4719 -0.5757 -0.6677
vn -0.4263 -0.5710 -0.7016
vn -0.4905 -0.6285 -0.6037
vn -0.5058 -0.6821 -0.5281
vn -0.4540 -0.6949 -0.5576
vn -0.5496 -0.6305 -0.5482
vn -0.4780 -0.7053 -0.5235
vn -0.4436 -0.5878 -0.6766
vn -0.5184 -0.5484 -0.6561
vn -0.3804 -0.7544 -0.5349
vn 0.3748 0.5926 0.7130
vn 0.4019 0.5951 0.6960
vn 0.4156 0.6287 0.6572
vn 0.3305 0.6562 0.6783
vn 0.2796 0.7214 0.6335
vn 0.3365 0.7154 0.6124
vn 0.2538 0.6819 0.6860
vn 0.2994 0.7363 0.6068
vn 0.3304 0.5811 0.7437
vn 0.4719 0.5757 0.6677
vn 0.4263 0.5710 0.7016
vn 0.4540 0.6949 0.5576
vn 0.5058 0.6821 0.5281
vn 0.4905 0.6285 0.6037
vn 0.5495 0.6305 0.5481
vn 0.4781 0.7053 0.5235
vn 0.5185 0.5484 0.6560
vn 0.4436 0.5878 0.6765
vn 0.3804 0.7544 0.5350
vn -0.3174 -0.9328 -0.1709
vn -0.5305 -0.8353 -0.1443
vn -0.5269 -0.8375 -0.1448
vn -0.7887 -0.6062 -0.1021
vn -0.7924 -0.6015 -0.1014
vn -0.9675 -0.2474 -0.0521
vn -0.9758 -0.2132 -0.0480
vn -0.9994 -0.0226 -0.0245
vn 0.2613 -0.1938 -0.9456
vn 0.1598 -0.3603 -0.9191
vn -0.8530 0.3176 -0.4141
vn -0.8695 0.3229 -0.3739
vn 0.8319 -0.4341 0.3457
vn 0.8625 -0.4535 0.2246
vn -0.3841 0.1214 0.9153
vn -0.2045 0.3456 0.9158
vn 0.3175 0.9327 0.1708
vn 0.5269 0.8375 0.1447
vn 0.5305 0.8353 0.1442
vn 0.7924 0.6015 0.1014
vn 0.7887 0.6062 0.1021
vn 0.9758 0.2132 0.0482
vn 0.9675 0.2473 0.0523
vn 0.9994 0.0225 0.0249
vn 0.6010 -0.7978 -0.0489
vn 0.9899 -0.1414 -0.0115
vn 0.7505 -0.0499 0.6590
vn 0.3689 -0.7090 0.6010
vn 0.1683 0.2493 0.9537
vn -0.1955 -0.4190 0.8867
vn -0.4157 0.5808 0.6999
vn -0.7616 -0.0977 0.6407
vn -0.6593 0.7505 0.0463
vn -0.9977 0.0668 0.0071
vn 0.4764 0.8778 0.0502
vn 0.7595 0.4593 0.4606
vn 0.9167 0.3992 0.0206
vn 0.3774 0.6556 0.6540
vn -0.0058 0.8731 0.4875
vn -0.1657 0.9844 0.0586
vn 0.3648 -0.6333 -0.6825
vn 0.7463 0.0283 -0.6650
vn -0.2013 -0.3120 -0.9285
vn 0.1623 0.3597 -0.9188
vn -0.7657 -0.0220 -0.6429
vn -0.4199 0.6589 -0.6242
vn 0.7568 0.5105 -0.4083
vn 0.3735 0.7280 -0.5750
vn -0.0085 0.9243 -0.3815
vn -0.4764 -0.8778 -0.0502
vn -0.5139 -0.8445 0.1506
vn -0.3749 -0.9268 -0.0211
vn -0.3776 -0.9258 -0.0180
vn -0.1260 -0.9567 -0.2622
vn -0.1214 -0.9563 -0.2660
vn 0.1898 -0.8504 -0.4907
vn 0.2171 -0.8343 -0.5067
vn 0.3604 -0.7286 -0.5825
vn 0.5138 0.8446 -0.1506
vn 0.3776 0.9258 0.0180
vn 0.3749 0.9268 0.0211
vn 0.1214 0.9563 0.2660
vn 0.1260 0.9568 0.2622
vn -0.2171 0.8344 0.5067
vn -0.1898 0.8504 0.4907
vn -0.3604 0.7286 0.5824
vn -0.3102 -0.9493 0.0505
vn -0.4202 -0.8948 -0.1509
vn -0.4184 -0.8962 -0.1473
vn -0.5292 -0.7280 -0.4359
vn -0.5304 -0.7243 -0.4405
vn -0.5632 -0.4294 -0.7060
vn -0.5611 -0.3995 -0.7250
vn -0.5375 -0.2281 -0.8118
vn 0.3103 0.9493 -0.0505
vn 0.4185 0.8962 0.1473
vn 0.4203 0.8948 0.1508
vn 0.5305 0.7243 0.4404
vn 0.5293 0.7279 0.4359
vn 0.5613 0.3994 0.7248
vn 0.5634 0.4293 0.7059
vn 0.5378 0.2281 0.8117
vn -0.5313 -0.8128 -0.2389
vn -0.5690 -0.8223 -0.0064
vn -0.5686 -0.8225 -0.0106
vn -0.5761 -0.7465 0.3329
vn -0.5757 -0.7443 0.3385
vn -0.5088 -0.5377 0.6723
vn -0.4993 -0.5144 0.6972
vn -0.4370 -0.3758 0.8172
vn 0.5312 0.8129 0.2389
vn 0.5686 0.8226 0.0106
vn 0.5690 0.8223 0.0064
vn 0.5757 0.7443 -0.3385
vn 0.5761 0.7465 -0.3329
vn 0.4991 0.5145 -0.6973
vn 0.5086 0.5379 -0.6723
vn 0.4367 0.3761 -0.8172
vn -0.6464 -0.7627 -0.0235
vn -0.4644 -0.8832 0.0656
vn -0.4679 -0.8815 0.0640
vn -0.1548 -0.9675 0.1998
vn -0.1493 -0.9679 0.2021
vn 0.2213 -0.9149 0.3377
vn 0.2529 -0.9027 0.3481
vn 0.4193 -0.8166 0.3967
vn 0.6463 0.7627 0.0237
vn 0.4679 0.8815 -0.0639
vn 0.4643 0.8832 -0.0655
vn 0.1494 0.9679 -0.2021
vn 0.1549 0.9675 -0.1999
vn -0.2529 0.9027 -0.3481
vn -0.2212 0.9149 -0.3378
vn -0.4193 0.8166 -0.3967
vn 0.4970 -0.8635 0.0858
vn 0.6824 -0.7305 0.0261
vn 0.6794 -0.7333 0.0272
vn 0.8863 -0.4601 -0.0526
vn 0.8890 -0.4548 -0.0537
vn 0.9897 -0.0756 -0.1215
vn 0.9912 -0.0405 -0.1259
vn 0.9774 0.1514 -0.1473
vn -0.1170 -0.2156 0.9694
vn 0.0292 -0.0278 0.9992
vn 0.8118 0.5797 0.0695
vn 0.7454 0.6444 0.1706
vn -0.6615 -0.7244 -0.1940
vn -0.7647 -0.6377 -0.0929
vn 0.1225 0.0589 -0.9907
vn 0.1513 0.0713 -0.9859
vn -0.4970 0.8635 -0.0858
vn -0.6794 0.7333 -0.0272
vn -0.6824 0.7305 -0.0261
vn -0.8890 0.4547 0.0537
vn -0.8864 0.4600 0.0525
vn -0.9912 0.0405 0.1259
vn -0.9897 0.0755 0.1215
vn -0.9774 -0.1514 0.1473
vn -0.4379 -0.8900 0.1269
vn -0.9339 -0.3111 0.1763
vn -0.8338 -0.1793 -0.5222
vn -0.3409 -0.7622 -0.5502
vn -0.3715 0.2164 -0.9029
vn 0.1073 -0.3786 -0.9193
vn 0.1823 0.6442 -0.7428
vn 0.6441 0.0361 -0.7641
vn 0.5031 0.8535 -0.1358
vn 0.9550 0.2390 -0.1756
vn -0.6209 0.7817 0.0585
vn -0.8951 0.3204 -0.3100
vn -0.9609 0.2339 0.1485
vn -0.5917 0.5800 -0.5599
vn -0.2284 0.8608 -0.4548
vn -0.0178 0.9983 -0.0563
vn -0.1270 -0.6871 0.7154
vn -0.6131 -0.1018 0.7834
vn 0.4098 -0.2723 0.8706
vn -0.0594 0.3260 0.9435
vn 0.8580 0.1113 0.5015
vn 0.4030 0.7217 0.5628
vn -0.7503 0.3713 0.5469
vn -0.3869 0.6521 0.6520
vn -0.0835 0.9118 0.4021
vn 0.6209 -0.7817 -0.0585
vn 0.6166 -0.7425 -0.2618
vn 0.5257 -0.8477 -0.0713
vn 0.5276 -0.8462 -0.0748
vn 0.3312 -0.9204 0.2078
vn 0.3274 -0.9207 0.2124
vn 0.0465 -0.8704 0.4901
vn 0.0201 -0.8594 0.5110
vn -0.1238 -0.7801 0.6132
vn -0.6166 0.7425 0.2617
vn -0.5276 0.8462 0.0747
vn -0.5257 0.8477 0.0712
vn -0.3274 0.9207 -0.2124
vn -0.3313 0.9204 -0.2078
vn -0.0201 0.8594 -0.5110
vn -0.0465 0.8704 -0.4901
vn 0.1238 0.7801 -0.6133
vn 0.4545 -0.8810 -0.1314
vn 0.5868 -0.8082 0.0497
vn 0.5847 -0.8099 0.0464
vn 0.7134 -0.6250 0.3168
vn 0.7148 -0.6212 0.3212
vn 0.7422 -0.3252 0.5861
vn 0.7383 -0.2961 0.6060
vn 0.7011 -0.1315 0.7008
vn -0.4545 0.8810 0.1314
vn -0.5847 0.8099 -0.0464
vn -0.5868 0.8082 -0.0497
vn -0.7148 0.6212 -0.3213
vn -0.7135 0.6250 -0.3169
vn -0.7384 0.2960 -0.6060
vn -0.7422 0.3251 -0.5860
vn -0.7012 0.1313 -0.7007
vn 0.6957 -0.7083 0.1198
vn 0.6936 -0.7110 -0.1158
vn 0.6940 -0.7113 -0.1116
vn 0.6286 -0.6351 -0.4489
vn 0.6269 -0.6329 -0.4542
vn 0.4687 -0.4412 -0.7653
vn 0.4513 -0.4198 -0.7875
vn 0.3464 -0.2942 -0.8908
vn -0.6957 0.7082 -0.1199
vn -0.6940 0.7113 0.1116
vn -0.6936 0.7110 0.1158
vn -0.6269 0.6329 0.4542
vn -0.6286 0.6351 0.4489
vn -0.4512 0.4197 0.7875
vn -0.4687 0.4412 0.7653
vn -0.3462 0.2941 0.8909
vn 0.7614 -0.6389 -0.1104
vn 0.5900 -0.7892 -0.1706
vn 0.5934 -0.7868 -0.1696
vn 0.2809 -0.9259 -0.2525
vn 0.2752 -0.9273 -0.2538
vn -0.1168 -0.9394 -0.3224
vn -0.1513 -0.9329 -0.3269
vn -0.3358 -0.8770 -0.3438
vn -0.7614 0.6389 0.1104
vn -0.5934 0.7868 0.1696
vn -0.5900 0.7891 0.1706
vn -0.2753 0.9273 0.2538
vn -0.2809 0.9259 0.2525
vn 0.1513 0.9329 0.3268
vn 0.1168 0.9394 0.3224
vn 0.3358 0.8770 0.3436
vn 0.9300 -0.3299 -0.1620
vn -0.8537 -0.5182 -0.0516
vn 0.1086 0.0145 -0.9940
vn -0.3174 -0.5388 -0.7803
vn -0.5305 -0.4887 -0.6927
vn -0.5269 -0.4898 -0.6946
vn -0.7887 -0.3564 -0.5009
vn -0.7924 -0.3536 -0.4971
vn -0.9675 -0.1380 -0.2117
vn -0.9759 -0.1167 -0.1846
vn -0.9995 0.0015 -0.0331
vn -0.4187 -0.9028 0.0981
vn -0.9306 0.2266 -0.2876
vn 0.1885 0.4033 -0.8954
vn 0.4886 0.7039 -0.5155
vn 0.3255 0.7717 -0.5463
vn -0.8332 0.5470 0.0806
vn -0.8363 0.4781 0.2682
vn 0.6603 -0.7357 -0.1508
vn 0.8539 -0.5007 -0.1419
vn -0.4119 -0.7948 0.4457
vn -0.4724 -0.7121 0.5193
vn 0.3175 0.5387 0.7804
vn 0.5269 0.4898 0.6946
vn 0.5305 0.4887 0.6927
vn 0.7924 0.3536 0.4971
vn 0.7887 0.3564 0.5009
vn 0.9759 0.1168 0.1846
vn 0.9675 0.1380 0.2117
vn 0.9995 -0.0015 0.0331
vn 0.6010 -0.5296 -0.5987
vn 0.9899 -0.0918 -0.1081
vn 0.7505 -0.5012 0.4308
vn 0.3689 -0.9263 -0.0763
vn 0.1683 -0.4981 0.8507
vn -0.1955 -0.9233 0.3307
vn -0.4157 -0.0842 0.9056
vn -0.7616 -0.5221 0.3839
vn -0.6593 0.4979 0.5634
vn -0.9977 0.0421 0.0522
vn 0.4764 0.5852 0.6562
vn 0.7595 -0.0010 0.6505
vn 0.9166 0.2677 0.2969
vn 0.3775 0.0011 0.9260
vn -0.0058 0.2727 0.9621
vn -0.1657 0.6547 0.7375
vn 0.3648 0.0348 -0.9304
vn 0.7463 0.4902 -0.4503
vn -0.2013 0.4359 -0.8772
vn 0.1623 0.9041 -0.3954
vn -0.7657 0.4390 -0.4701
vn -0.4199 0.9072 0.0245
vn 0.7568 0.6497 0.0723
vn 0.3735 0.9213 0.1083
vn -0.0086 0.9233 0.3839
vn -0.4764 -0.5852 -0.6562
vn -0.5138 -0.7037 -0.4907
vn -0.3748 -0.6405 -0.6703
vn -0.3775 -0.6419 -0.6674
vn -0.1259 -0.4911 -0.8619
vn -0.1214 -0.4881 -0.8643
vn 0.1899 -0.2543 -0.9483
vn 0.2171 -0.2317 -0.9483
vn 0.3604 -0.1034 -0.9270
vn 0.5138 0.7037 0.4907
vn 0.3775 0.6419 0.6674
vn 0.3748 0.6405 0.6703
vn 0.1214 0.4881 0.8643
vn 0.1260 0.4911 0.8619
vn -0.2170 0.2317 0.9483
vn -0.1898 0.2543 0.9483
vn -0.3603 0.1033 0.9271
vn -0.3103 -0.7069 -0.6356
vn -0.4203 -0.5260 -0.7393
vn -0.4185 -0.5296 -0.7378
vn -0.5293 -0.2065 -0.8229
vn -0.5305 -0.2007 -0.8236
vn -0.5633 0.1956 -0.8028
vn -0.5613 0.2301 -0.7950
vn -0.5377 0.4127 -0.7353
vn 0.3104 0.7069 0.6356
vn 0.4185 0.5296 0.7378
vn 0.4203 0.5260 0.7393
vn 0.5305 0.2007 0.8236
vn 0.5293 0.2065 0.8229
vn 0.5612 -0.2301 0.7951
vn 0.5632 -0.1956 0.8028
vn 0.5375 -0.4127 0.7354
vn -0.5312 -0.4058 -0.7437
vn -0.5690 -0.5769 -0.5860
vn -0.5686 -0.5741 -0.5892
vn -0.5761 -0.7633 -0.2924
vn -0.5757 -0.7656 -0.2869
vn -0.5086 -0.8557 0.0951
vn -0.4991 -0.8568 0.1293
vn -0.4367 -0.8438 0.3120
vn 0.5313 0.4057 0.7437
vn 0.5686 0.5741 0.5891
vn 0.5690 0.5769 0.5860
vn 0.5758 0.7656 0.2869
vn 0.5761 0.7632 0.2924
vn 0.4993 0.8567 -0.1293
vn 0.5088 0.8556 -0.0951
vn 0.4370 0.8436 -0.3120
vn -0.6464 -0.5226 -0.5559
vn -0.4644 -0.6708 -0.5782
vn -0.4679 -0.6685 -0.5781
vn -0.1548 -0.8254 -0.5428
vn -0.1493 -0.8273 -0.5415
vn 0.2213 -0.8857 -0.4082
vn 0.2530 -0.8844 -0.3922
vn 0.4194 -0.8578 -0.2971
vn 0.6464 0.5227 0.5559
vn 0.4679 0.6685 0.5780
vn 0.4644 0.6709 0.5782
vn 0.1494 0.8274 0.5414
vn 0.1549 0.8255 0.5428
vn -0.2529 0.8845 0.3920
vn -0.2212 0.8858 0.4080
vn -0.4193 0.8580 0.2967
vn -0.5653 -0.6821 -0.4640
vn -0.7354 -0.5935 -0.3270
vn -0.7327 -0.5954 -0.3296
vn -0.9125 -0.3963 -0.1018
vn -0.9146 -0.3923 -0.0979
vn -0.9816 -0.0992 0.1633
vn -0.9801 -0.0714 0.1851
vn -0.9505 0.0817 0.2999
vn -0.2933 -0.8556 0.4265
vn -0.9481 -0.1549 -0.2776
vn -0.0490 0.1425 -0.9886
vn 0.4223 -0.7680 -0.4815
vn 0.2290 0.4998 -0.8353
vn 0.0751 0.5857 -0.8071
vn -0.8231 0.5405 0.1744
vn -0.7125 0.6025 0.3597
vn 0.6299 -0.7594 -0.1630
vn 0.8325 -0.5187 -0.1946
vn -0.1972 -0.5735 0.7951
vn -0.2751 -0.5071 0.8168
vn 0.5652 0.6821 0.4640
vn 0.7327 0.5954 0.3296
vn 0.7354 0.5935 0.3270
vn 0.9146 0.3923 0.0979
vn 0.9125 0.3962 0.1018
vn 0.9802 0.0713 -0.1849
vn 0.9816 0.0992 -0.1630
vn 0.9506 -0.0818 -0.2995
vn 0.3600 -0.7102 -0.6050
vn 0.8932 -0.2026 -0.4014
vn 0.8525 -0.4458 0.2728
vn 0.3205 -0.9460 0.0487
vn 0.4490 -0.2891 0.8455
vn -0.0706 -0.7941 0.6037
vn -0.0809 0.1757 0.9811
vn -0.5843 -0.3435 0.7352
vn -0.4269 0.6763 0.6003
vn -0.9197 0.1418 0.3661
vn 0.6721 0.6827 0.2868
vn 0.9362 0.0900 0.3397
vn 0.9629 0.2496 -0.1028
vn 0.6713 0.1929 0.7156
vn 0.3235 0.4979 0.8046
vn 0.0966 0.8264 0.5547
vn 0.0246 -0.2250 -0.9741
vn 0.5473 0.2980 -0.7821
vn -0.4891 0.2256 -0.8425
vn 0.0173 0.7627 -0.6465
vn -0.8803 0.3775 -0.2874
vn -0.3862 0.9195 -0.0739
vn 0.7358 0.5781 -0.3526
vn 0.3880 0.8832 -0.2636
vn 0.1232 0.9860 0.1122
vn -0.6721 -0.6826 -0.2868
vn -0.6506 -0.7536 -0.0935
vn -0.5815 -0.7485 -0.3188
vn -0.5830 -0.7489 -0.3149
vn -0.4132 -0.6729 -0.6136
vn -0.4097 -0.6709 -0.6181
vn -0.1460 -0.4930 -0.8577
vn -0.1204 -0.4735 -0.8725
vn 0.0215 -0.3569 -0.9339
vn 0.6507 0.7536 0.0935
vn 0.5831 0.7489 0.3150
vn 0.5815 0.7484 0.3189
vn 0.4097 0.6709 0.6181
vn 0.4132 0.6728 0.6137
vn 0.1204 0.4736 0.8725
vn 0.1461 0.4931 0.8576
vn -0.0215 0.3572 0.9338
vn -0.5090 -0.8100 -0.2913
vn -0.6479 -0.6507 -0.3961
vn -0.6457 -0.6539 -0.3944
vn -0.7788 -0.3528 -0.5187
vn -0.7802 -0.3472 -0.5204
vn -0.8039 0.0435 -0.5932
vn -0.7993 0.0786 -0.5958
vn -0.7567 0.2675 -0.5966
vn 0.5090 0.8099 0.2915
vn 0.6457 0.6539 0.3944
vn 0.6478 0.6507 0.3961
vn 0.7802 0.3472 0.5204
vn 0.7788 0.3528 0.5187
vn 0.7993 -0.0786 0.5958
vn 0.8039 -0.0435 0.5932
vn 0.7567 -0.2674 0.5966
vn -0.7536 -0.5258 -0.3945
vn -0.7351 -0.6494 -0.1946
vn -0.7358 -0.6475 -0.1983
vn -0.6414 -0.7574 0.1225
vn -0.6392 -0.7584 0.1280
vn -0.4455 -0.7583 0.4759
vn -0.4249 -0.7519 0.5040
vn -0.3038 -0.7004 0.6459
vn 0.7535 0.5258 0.3945
vn 0.7358 0.6475 0.1983
vn 0.7351 0.6494 0.1946
vn 0.6392 0.7583 -0.1279
vn 0.6414 0.7573 -0.1225
vn 0.4250 0.7519 -0.5040
vn 0.4456 0.7583 -0.4759
vn 0.3038 0.7004 -0.6459
vn -0.7975 -0.5828 -0.1558
vn -0.6341 -0.7475 -0.1978
vn -0.6374 -0.7449 -0.1971
vn -0.3312 -0.9156 -0.2279
vn -0.3255 -0.9176 -0.2280
vn 0.0683 -0.9744 -0.2141
vn 0.1035 -0.9721 -0.2104
vn 0.2923 -0.9381 -0.1857
vn 0.7975 0.5828 0.1558
vn 0.6374 0.7449 0.1971
vn 0.6341 0.7475 0.1978
vn 0.3255 0.9176 0.2281
vn 0.3312 0.9156 0.2279
vn -0.1036 0.9721 0.2105
vn -0.0684 0.9744 0.2142
vn -0.2925 0.9380 0.1857
vn 0.2623 -0.4012 -0.8776
vn 0.3103 -0.5903 -0.7451
vn 0.3096 -0.5872 -0.7479
vn 0.3383 -0.8108 -0.4776
vn 0.3383 -0.8139 -0.4724
vn 0.3059 -0.9470 -0.0985
vn 0.2998 -0.9518 -0.0639
vn 0.2603 -0.9573 0.1254
vn 0.9497 -0.1307 -0.2846
vn 0.0484 -0.8881 -0.4571
vn -0.7581 -0.0427 -0.6508
vn 0.1889 0.5833 -0.7900
vn -0.9532 0.1529 -0.2607
vn -0.9780 -0.0159 -0.2082
vn -0.1762 -0.9200 0.3502
vn -0.1122 -0.8304 0.5458
vn 0.3686 0.7742 -0.5145
vn 0.1455 0.9255 -0.3496
vn 0.9765 -0.1056 0.1879
vn 0.9521 -0.1959 0.2348
vn -0.2624 0.4012 0.8776
vn -0.3097 0.5872 0.7478
vn -0.3104 0.5904 0.7451
vn -0.3383 0.8139 0.4724
vn -0.3383 0.8108 0.4776
vn -0.2997 0.9519 0.0641
vn -0.3058 0.9470 0.0987
vn -0.2601 0.9574 -0.1253
vn 0.0720 0.5151 -0.8541
vn -0.2322 0.9289 -0.2886
vn 0.4014 0.9146 0.0486
vn 0.6861 0.5014 -0.5272
vn 0.7196 0.4687 0.5124
vn 0.9946 0.0689 -0.0776
vn 0.5361 -0.1478 0.8311
vn 0.8167 -0.5286 0.2313
vn -0.0416 -0.5737 0.8180
vn 0.2567 -0.9414 0.2187
vn -0.3947 0.5119 0.7630
vn 0.0422 0.8872 0.4595
vn -0.3735 0.8965 0.2382
vn 0.2511 0.5944 0.7639
vn 0.1306 0.1899 0.9731
vn -0.2485 -0.0896 0.9645
vn -0.4880 0.1023 -0.8668
vn -0.8099 0.5030 -0.3017
vn -0.6659 -0.4953 -0.5579
vn -0.9934 -0.1134 0.0170
vn -0.3575 -0.9276 -0.1082
vn -0.6752 -0.5594 0.4808
vn -0.7527 0.6170 0.2296
vn -0.8731 0.2124 0.4388
vn -0.6643 -0.0803 0.7432
vn 0.3947 -0.5119 -0.7630
vn 0.5730 -0.4834 -0.6618
vn 0.4100 -0.4090 -0.8152
vn 0.4132 -0.4105 -0.8128
vn 0.1365 -0.2492 -0.9588
vn 0.1317 -0.2460 -0.9603
vn -0.1920 -0.0151 -0.9813
vn -0.2194 0.0066 -0.9756
vn -0.3636 0.1245 -0.9232
vn -0.5730 0.4833 0.6619
vn -0.4132 0.4105 0.8129
vn -0.4101 0.4089 0.8153
vn -0.1317 0.2459 0.9603
vn -0.1365 0.2491 0.9588
vn 0.2196 -0.0065 0.9756
vn 0.1922 0.0151 0.9812
vn 0.3641 -0.1243 0.9230
vn 0.4643 -0.3266 -0.8232
vn 0.2951 -0.4908 -0.8198
vn 0.2984 -0.4881 -0.8202
vn 0.0113 -0.6744 -0.7383
vn 0.0062 -0.6768 -0.7362
vn -0.3262 -0.7755 -0.5405
vn -0.3543 -0.7780 -0.5189
vn -0.4988 -0.7739 -0.3902
vn -0.4643 0.3265 0.8233
vn -0.2983 0.4880 0.8203
vn -0.2951 0.4907 0.8198
vn -0.0062 0.6768 0.7361
vn -0.0112 0.6744 0.7383
vn 0.3542 0.7780 0.5189
vn 0.3262 0.7756 0.5404
vn 0.4987 0.7740 0.3902
vn 0.2180 -0.6194 -0.7542
vn 0.4397 -0.5834 -0.6828
vn 0.4359 -0.5843 -0.6845
vn 0.7187 -0.4808 -0.5023
vn 0.7228 -0.4786 -0.4985
vn 0.9305 -0.3008 -0.2090
vn 0.9420 -0.2829 -0.1807
vn 0.9835 -0.1794 -0.0225
vn -0.2179 0.6194 0.7543
vn -0.4359 0.5843 0.6845
vn -0.4397 0.5834 0.6829
vn -0.7228 0.4787 0.4985
vn -0.7187 0.4808 0.5022
vn -0.9419 0.2832 0.1805
vn -0.9304 0.3010 0.2089
vn -0.9834 0.1798 0.0223
vn 0.4246 -0.6592 -0.6207
vn 0.4968 -0.4647 -0.7329
vn 0.4957 -0.4685 -0.7313
vn 0.5618 -0.1335 -0.8165
vn 0.5624 -0.1276 -0.8170
vn 0.5635 0.2689 -0.7811
vn 0.5599 0.3027 -0.7713
vn 0.5275 0.4802 -0.7008
vn -0.4247 0.6591 0.6207
vn -0.4957 0.4685 0.7312
vn -0.4968 0.4648 0.7329
vn -0.5624 0.1276 0.8170
vn -0.5617 0.1335 0.8165
vn -0.5597 -0.3029 0.7714
vn -0.5634 -0.2690 0.7812
vn -0.5272 -0.4802 0.7010
vn -0.5305 -0.4887 -0.6926
vn -0.5269 -0.4899 -0.6946
vn -0.7887 -0.3565 -0.5008
vn -0.7924 -0.3536 -0.4970
vn -0.9675 -0.1382 -0.2116
vn -0.9758 -0.1170 -0.1846
vn -0.9995 0.0012 -0.0329
vn -0.4189 -0.9027 0.0977
vn -0.8211 -0.0389 -0.5695
vn 0.1884 0.4033 -0.8954
vn 0.5630 -0.6366 -0.5271
vn 0.4887 0.7040 -0.5154
vn -0.8332 0.5471 0.0805
vn -0.8363 0.4782 0.2682
vn 0.6603 -0.7357 -0.1507
vn -0.4725 -0.7121 0.5194
vn 0.3174 0.5388 0.7804
vn 0.9758 0.1168 0.1847
vn 0.9675 0.1380 0.2118
vn 0.9994 -0.0015 0.0334
vn 0.6009 -0.5295 -0.5987
vn 0.9899 -0.0919 -0.1081
vn 0.7504 -0.5013 0.4308
vn -0.4156 -0.0843 0.9056
vn -0.6593 0.4978 0.5634
vn -0.9977 0.0422 0.0522
vn 0.9167 0.2676 0.2968
vn 0.3773 0.0010 0.9261
vn -0.0058 0.2726 0.9621
vn -0.2012 0.4359 -0.8772
vn -0.7656 0.4390 -0.4702
vn 0.7568 0.6497 0.0722
vn 0.3735 0.9213 0.1082
vn -0.0086 0.9234 0.3838
vn -0.5139 -0.7037 -0.4907
vn -0.3748 -0.6404 -0.6704
vn -0.1213 -0.4881 -0.8643
vn 0.1898 -0.2543 -0.9483
vn 0.2170 -0.2316 -0.9483
vn 0.3603 -0.1031 -0.9271
vn 0.5139 0.7037 0.4907
vn 0.3776 0.6419 0.6674
vn 0.3748 0.6404 0.6703
vn 0.1259 0.4911 0.8619
vn -0.2170 0.2316 0.9483
vn -0.3603 0.1032 0.9271
vn -0.3104 -0.7070 -0.6355
vn -0.5633 0.1955 -0.8028
vn -0.5612 0.2300 -0.7951
vn -0.5376 0.4125 -0.7354
vn 0.3103 0.7069 0.6356
vn 0.4203 0.5260 0.7394
vn 0.5613 -0.2301 0.7950
vn 0.5633 -0.1956 0.8028
vn 0.5376 -0.4127 0.7353
vn -0.5690 -0.5770 -0.5860
vn -0.5686 -0.5741 -0.5891
vn -0.5758 -0.7656 -0.2869
vn -0.5087 -0.8556 0.0951
vn -0.4993 -0.8567 0.1293
vn -0.4370 -0.8436 0.3120
vn 0.5312 0.4058 0.7438
vn 0.5686 0.5741 0.5892
vn 0.5762 0.7632 0.2924
vn 0.4993 0.8567 -0.1294
vn 0.5088 0.8556 -0.0952
vn 0.4368 0.8436 -0.3122
vn -0.6463 -0.5227 -0.5559
vn -0.4643 -0.6709 -0.5782
vn 0.2530 -0.8844 -0.3923
vn 0.6464 0.5226 0.5559
vn 0.4679 0.6685 0.5781
vn 0.4644 0.6708 0.5782
vn -0.2213 0.8858 0.4080
vn -0.4193 0.8580 0.2968
vn 0.3274 -0.5387 -0.7762
vn 0.1147 -0.4887 -0.8649
vn 0.1186 -0.4898 -0.8637
vn -0.2036 -0.3564 -0.9119
vn -0.2088 -0.3536 -0.9118
vn -0.5343 -0.1380 -0.8339
vn -0.5594 -0.1167 -0.8207
vn -0.6831 0.0016 -0.7303
vn -0.3653 -0.9028 -0.2268
vn -0.1781 -0.0391 -0.9832
vn 0.7664 0.4033 -0.5000
vn 0.7707 -0.6366 0.0253
vn 0.7101 0.7039 -0.0189
vn 0.6165 0.7718 -0.1562
vn -0.6462 0.5470 -0.5322
vn -0.7811 0.4780 -0.4017
vn 0.5734 -0.7358 0.3603
vn 0.7041 -0.5008 0.5034
vn -0.6063 -0.7949 0.0240
vn -0.7012 -0.7121 0.0333
vn -0.3273 0.5387 0.7763
vn -0.1186 0.4898 0.8637
vn -0.1147 0.4886 0.8649
vn 0.2088 0.3535 0.9118
vn 0.2035 0.3564 0.9119
vn 0.5594 0.1166 0.8206
vn 0.5344 0.1379 0.8339
vn 0.6832 -0.0017 0.7302
vn 0.8483 -0.5295 0.0016
vn 0.7764 -0.0918 0.6235
vn 0.2261 -0.5012 0.8352
vn 0.3148 -0.9263 0.2068
vn -0.4826 -0.4981 0.7204
vn -0.3721 -0.9233 0.0956
vn -0.9343 -0.0842 0.3464
vn -0.8100 -0.5221 -0.2671
vn -0.8646 0.4979 -0.0678
vn -0.7425 0.0421 -0.6685
vn -0.1271 0.5852 0.8009
vn 0.0771 -0.0009 0.9970
vn 0.4384 0.2677 0.8580
vn -0.3880 0.0011 0.9217
vn -0.6844 0.2726 0.6762
vn -0.6387 0.6547 0.4043
vn 0.9159 0.0347 -0.4000
vn 0.8461 0.4902 0.2093
vn 0.4780 0.4359 -0.7626
vn 0.3943 0.9041 -0.1648
vn -0.2089 0.4390 -0.8739
vn -0.3143 0.9072 -0.2797
vn 0.4840 0.6497 0.5862
vn 0.1876 0.9213 0.3406
vn -0.2775 0.9234 0.2653
vn 0.1271 -0.5852 -0.8009
vn -0.0164 -0.7037 -0.7103
vn 0.2089 -0.6404 -0.7391
vn 0.2049 -0.6419 -0.7389
vn 0.5204 -0.4911 -0.6986
vn 0.5253 -0.4881 -0.6970
vn 0.8048 -0.2543 -0.5364
vn 0.8240 -0.2316 -0.5171
vn 0.9103 -0.1033 -0.4008
vn 0.0163 0.7037 0.7103
vn -0.2050 0.6419 0.7389
vn -0.2090 0.6404 0.7390
vn -0.5253 0.4881 0.6970
vn -0.5204 0.4911 0.6986
vn -0.8239 0.2316 0.5172
vn -0.8047 0.2542 0.5365
vn -0.9103 0.1032 0.4010
vn 0.2301 -0.7069 -0.6688
vn 0.2257 -0.5261 -0.8200
vn 0.2259 -0.5296 -0.8177
vn 0.2077 -0.2065 -0.9562
vn 0.2073 -0.2007 -0.9575
vn 0.1694 0.1957 -0.9659
vn 0.1654 0.2302 -0.9590
vn 0.1399 0.4127 -0.9001
vn -0.2300 0.7069 0.6688
vn -0.2258 0.5296 0.8177
vn -0.2257 0.5260 0.8200
vn -0.2074 0.2007 0.9575
vn -0.2077 0.2065 0.9561
vn -0.1654 -0.2302 0.9590
vn -0.1694 -0.1956 0.9659
vn -0.1398 -0.4129 0.9000
vn 0.1503 -0.4058 -0.9015
vn 0.0121 -0.5769 -0.8167
vn 0.0146 -0.5741 -0.8186
vn -0.2006 -0.7633 -0.6141
vn -0.2042 -0.7656 -0.6100
vn -0.4269 -0.8557 -0.2924
vn -0.4444 -0.8568 -0.2616
vn -0.5295 -0.8437 -0.0881
vn -0.1502 0.4058 0.9015
vn -0.0145 0.5741 0.8186
vn -0.0120 0.5770 0.8167
vn 0.2042 0.7656 0.6100
vn 0.2006 0.7633 0.6142
vn 0.4444 0.8568 0.2616
vn 0.4269 0.8557 0.2925
vn 0.5295 0.8437 0.0882
vn -0.0638 -0.5225 -0.8502
vn 0.0805 -0.6708 -0.7372
vn 0.0780 -0.6685 -0.7397
vn 0.2743 -0.8255 -0.4933
vn 0.2773 -0.8274 -0.4885
vn 0.4449 -0.8858 -0.1320
vn 0.4559 -0.8846 -0.0984
vn 0.5062 -0.8581 0.0867
vn 0.0640 0.5226 0.8501
vn -0.0779 0.6685 0.7396
vn -0.0805 0.6709 0.7372
vn -0.2772 0.8274 0.4885
vn -0.2743 0.8255 0.4933
vn -0.4560 0.8845 0.0984
vn -0.4449 0.8858 0.1320
vn -0.5061 0.8581 -0.0866
vn 0.4549 -0.4844 0.7473
vn 0.3321 -0.6684 0.6656
vn 0.3345 -0.6654 0.6674
vn 0.1278 -0.8724 0.4718
vn 0.1242 -0.8751 0.4678
vn -0.1165 -0.9789 0.1680
vn -0.1369 -0.9808 0.1391
vn -0.2445 -0.9694 -0.0214
vn -0.4194 -0.3073 0.8542
vn 0.3267 -0.9244 0.1967
vn 0.9902 -0.0200 -0.1381
vn 0.4559 0.4711 0.7551
vn 0.9495 -0.0619 -0.3077
vn 0.8973 0.0837 -0.4334
vn -0.1435 -0.9256 -0.3501
vn -0.0710 -0.9099 -0.4086
vn 0.1169 0.8912 0.4383
vn 0.0261 0.8956 0.4440
vn -0.9548 -0.1265 0.2688
vn -0.8854 -0.1243 0.4479
vn -0.4550 0.4844 -0.7472
vn -0.3346 0.6653 -0.6674
vn -0.3322 0.6684 -0.6655
vn -0.1242 0.8751 -0.4677
vn -0.1278 0.8724 -0.4717
vn 0.1369 0.9808 -0.1390
vn 0.1165 0.9789 -0.1680
vn 0.2444 0.9694 0.0215
vn 0.5452 0.4467 0.7094
vn 0.3420 0.9274 0.1515
vn -0.3414 0.8671 0.3627
vn -0.1172 0.3884 0.9140
vn -0.8825 0.4211 0.2095
vn -0.6419 -0.0441 0.7656
vn -0.9644 -0.1496 -0.2183
vn -0.7212 -0.5973 0.3508
vn -0.5390 -0.5105 -0.6700
vn -0.3088 -0.9472 -0.0870
vn -0.2839 0.6009 -0.7472
vn -0.3831 0.9058 -0.1808
vn 0.0654 0.9454 -0.3194
vn -0.7383 0.6130 -0.2813
vn -0.7920 0.2386 -0.5620
vn -0.5128 0.0017 -0.8585
vn 0.9576 0.0968 0.2714
vn 0.7675 0.5665 -0.3002
vn 0.8782 -0.4563 -0.1432
vn 0.6856 -0.0042 -0.7280
vn 0.3537 -0.8887 -0.2917
vn 0.1445 -0.4503 -0.8811
vn 0.3446 0.7085 -0.6158
vn 0.2908 0.3341 -0.8966
vn -0.0643 0.0412 -0.9971
vn 0.2838 -0.6009 0.7473
vn 0.0860 -0.5851 0.8064
vn 0.3074 -0.5038 0.8072
vn 0.3036 -0.5056 0.8076
vn 0.5967 -0.3253 0.7336
vn 0.6011 -0.3217 0.7316
vn 0.8358 -0.0592 0.5458
vn 0.8503 -0.0343 0.5251
vn 0.9104 0.1017 0.4011
vn -0.0861 0.5850 -0.8065
vn -0.3036 0.5055 -0.8077
vn -0.3074 0.5038 -0.8073
vn -0.6010 0.3216 -0.7317
vn -0.5967 0.3252 -0.7336
vn -0.8502 0.0341 -0.5253
vn -0.8357 0.0590 -0.5460
vn -0.9102 -0.1019 -0.4014
vn 0.2729 -0.4285 0.8613
vn 0.3934 -0.5729 0.7191
vn 0.3914 -0.5705 0.7220
vn 0.5389 -0.7189 0.4390
vn 0.5410 -0.7206 0.4337
vn 0.6364 -0.7697 0.0502
vn 0.6407 -0.7677 0.0151
vn 0.6497 -0.7395 -0.1762
vn -0.2729 0.4284 -0.8614
vn -0.3914 0.5705 -0.7220
vn -0.3934 0.5729 -0.7191
vn -0.5409 0.7207 -0.4337
vn -0.5388 0.7190 -0.4390
vn -0.6406 0.7677 -0.0151
vn -0.6363 0.7698 -0.0502
vn -0.6497 0.7395 0.1762
vn 0.4043 -0.6878 0.6030
vn 0.1971 -0.6713 0.7145
vn 0.2010 -0.6719 0.7128
vn -0.1300 -0.5878 0.7985
vn -0.1356 -0.5858 0.7990
vn -0.4927 -0.4127 0.7661
vn -0.5215 -0.3943 0.7567
vn -0.6665 -0.2857 0.6886
vn -0.4043 0.6877 -0.6030
vn -0.2009 0.6719 -0.7128
vn -0.1971 0.6713 -0.7145
vn 0.1356 0.5859 -0.7990
vn 0.1300 0.5878 -0.7985
vn 0.5215 0.3944 -0.7566
vn 0.4926 0.4128 -0.7661
vn 0.6665 0.2857 -0.6886
vn 0.1654 -0.7408 0.6511
vn 0.1896 -0.5631 0.8043
vn 0.1892 -0.5667 0.8019
vn 0.1943 -0.2470 0.9493
vn 0.1941 -0.2413 0.9509
vn 0.1564 0.1544 0.9756
vn 0.1510 0.1890 0.9703
vn 0.1184 0.3731 0.9202
vn -0.1655 0.7407 -0.6511
vn -0.1893 0.5666 -0.8019
vn -0.1896 0.5631 -0.8043
vn -0.1941 0.2413 -0.9508
vn -0.1944 0.2470 -0.9493
vn -0.1511 -0.1890 -0.9703
vn -0.1565 -0.1543 -0.9756
vn -0.1184 -0.3731 -0.9202
vn -0.1060 -0.4013 0.9098
vn -0.1763 -0.5903 0.7877
vn -0.1751 -0.5872 0.7903
vn -0.2502 -0.8109 0.5291
vn -0.2511 -0.8139 0.5240
vn -0.2839 -0.9470 0.1502
vn -0.2839 -0.9519 0.1151
vn -0.2777 -0.9575 -0.0782
vn -0.8936 -0.1529 0.4220
vn -0.0452 -0.9104 0.4112
vn 0.8104 -0.0985 0.5775
vn -0.1147 0.5784 0.8076
vn 0.9426 -0.1264 0.3091
vn 0.9595 -0.0471 0.2777
vn 0.0235 -0.9624 -0.2706
vn 0.0910 -0.9510 -0.2955
vn -0.0726 0.9348 0.3478
vn -0.1054 0.9547 0.2782
vn -0.9424 -0.0651 -0.3279
vn -0.9725 -0.0166 -0.2325
vn 0.1060 0.4013 -0.9098
vn 0.1751 0.5872 -0.7903
vn 0.1763 0.5903 -0.7877
vn 0.2511 0.8139 -0.5240
vn 0.2503 0.8108 -0.5291
vn 0.2842 0.9518 -0.1151
vn 0.2842 0.9469 -0.1502
vn 0.2782 0.9573 0.0784
vn 0.0774 0.5151 0.8537
vn 0.2788 0.9289 0.2439
vn -0.4037 0.9146 0.0218
vn -0.5841 0.5013 0.6384
vn -0.7977 0.4686 -0.3797
vn -0.9660 0.0690 0.2491
vn -0.6723 -0.1478 -0.7253
vn -0.8445 -0.5287 -0.0861
vn -0.1011 -0.5737 -0.8128
vn -0.2908 -0.9414 -0.1707
vn 0.2562 0.5119 -0.8199
vn -0.1214 0.8872 -0.4452
vn 0.3265 0.8965 -0.2994
vn -0.3800 0.5944 -0.7087
vn -0.2978 0.1899 -0.9356
vn 0.0772 -0.0896 -0.9930
vn 0.6312 0.1023 0.7689
vn 0.8500 0.5030 0.1565
vn 0.7527 -0.4953 0.4338
vn 0.9753 -0.1135 -0.1893
vn 0.3708 -0.9276 0.0445
vn 0.5814 -0.5594 -0.5907
vn 0.7014 0.6170 -0.3568
vn 0.7837 0.2124 -0.5837
vn 0.5252 -0.0803 -0.8472
vn -0.2562 -0.5120 0.8199
vn -0.4493 -0.4834 0.7513
vn -0.2622 -0.4089 0.8741
vn -0.2658 -0.4105 0.8723
vn 0.0320 -0.2491 0.9679
vn 0.0371 -0.2459 0.9686
vn 0.3595 -0.0151 0.9330
vn 0.3855 0.0066 0.9227
vn 0.5186 0.1245 0.8459
vn 0.4494 0.4832 -0.7514
vn 0.2658 0.4105 -0.8723
vn 0.2623 0.4089 -0.8741
vn -0.0371 0.2460 -0.9686
vn -0.0321 0.2491 -0.9679
vn -0.3857 -0.0065 -0.9226
vn -0.3597 0.0152 -0.9330
vn -0.5188 -0.1242 -0.8458
vn -0.3142 -0.3266 0.8914
vn -0.1483 -0.4907 0.8586
vn -0.1514 -0.4880 0.8596
vn 0.1172 -0.6744 0.7290
vn 0.1218 -0.6767 0.7261
vn 0.4152 -0.7756 0.4755
vn 0.4390 -0.7780 0.4494
vn 0.5590 -0.7739 0.2976
vn 0.3143 0.3265 -0.8914
vn 0.1514 0.4880 -0.8596
vn 0.1483 0.4908 -0.8586
vn -0.1217 0.6768 -0.7260
vn -0.1171 0.6744 -0.7290
vn -0.4390 0.7779 -0.4495
vn -0.4152 0.7755 -0.4756
vn -0.5591 0.7738 -0.2978
vn -0.0836 -0.6193 0.7807
vn -0.3145 -0.5834 0.7489
vn -0.3104 -0.5843 0.7498
vn -0.6205 -0.4809 0.6194
vn -0.6252 -0.4787 0.6164
vn -0.8801 -0.3009 0.3674
vn -0.8963 -0.2830 0.3415
vn -0.9647 -0.1794 0.1929
vn 0.0835 0.6194 -0.7806
vn 0.3104 0.5844 -0.7498
vn 0.3145 0.5834 -0.7488
vn 0.6253 0.4787 -0.6164
vn 0.6206 0.4809 -0.6194
vn 0.8963 0.2832 -0.3414
vn 0.8800 0.3010 -0.3673
vn 0.9646 0.1798 -0.1928
vn -0.3104 -0.6592 0.6849
vn -0.3620 -0.4648 0.8080
vn -0.3613 -0.4685 0.8062
vn -0.4114 -0.1335 0.9016
vn -0.4120 -0.1276 0.9022
vn -0.4192 0.2690 0.8671
vn -0.4173 0.3028 0.8568
vn -0.3975 0.4803 0.7819
vn 0.3104 0.6592 -0.6849
vn 0.3612 0.4686 -0.8062
vn 0.3620 0.4648 -0.8081
vn 0.4120 0.1275 -0.9022
vn 0.4114 0.1335 -0.9016
vn 0.4173 -0.3029 -0.8568
vn 0.4192 -0.2690 -0.8671
vn 0.3975 -0.4803 -0.7819
vn -0.4108 -0.4013 0.8187
vn -0.4350 -0.5903 0.6799
vn -0.4348 -0.5872 0.6828
vn -0.4161 -0.8108 0.4116
vn -0.4152 -0.8138 0.4065
vn -0.3184 -0.9470 0.0438
vn -0.3064 -0.9518 0.0109
vn -0.2346 -0.9573 -0.1688
vn -0.9848 -0.1437 0.0980
vn -0.1347 -0.8951 0.4251
vn 0.6179 -0.0657 0.7835
vn -0.3314 0.5707 0.7513
vn 0.7800 -0.1265 0.6128
vn 0.8400 -0.0314 0.5418
vn 0.1067 -0.9639 -0.2441
vn 0.1865 -0.9510 -0.2466
vn -0.1873 0.9347 0.3020
vn -0.1947 0.9588 0.2067
vn -0.7734 -0.0653 -0.6305
vn -0.8558 -0.0412 -0.5156
vn 0.4108 0.4013 -0.8186
vn 0.4348 0.5872 -0.6827
vn 0.4351 0.5903 -0.6799
vn 0.4152 0.8139 -0.4065
vn 0.4161 0.8108 -0.4116
vn 0.3064 0.9518 -0.0109
vn 0.3184 0.9469 -0.0439
vn 0.2346 0.9573 0.1688
vn -0.2192 0.5151 0.8286
vn 0.1786 0.9289 0.3246
vn -0.3868 0.9146 -0.1175
vn -0.7673 0.5013 0.4000
vn -0.6197 0.4686 -0.6296
vn -0.9930 0.0690 -0.0963
vn -0.3837 -0.1478 -0.9116
vn -0.7642 -0.5286 -0.3696
vn 0.1830 -0.5737 -0.7984
vn -0.2147 -0.9414 -0.2599
vn 0.5211 0.5119 -0.6829
vn 0.0382 0.8872 -0.4598
vn 0.4092 0.8965 -0.1697
vn -0.1147 0.5945 -0.7959
vn 0.0403 0.1899 -0.9810
vn 0.4122 -0.0896 -0.9067
vn 0.3302 0.1023 0.9384
vn 0.7452 0.5030 0.4377
vn 0.5590 -0.4953 0.6650
vn 0.9813 -0.1135 0.1558
vn 0.3333 -0.9276 0.1687
vn 0.7484 -0.5594 -0.3563
vn 0.7811 0.6170 -0.0955
vn 0.9360 0.2124 -0.2805
vn 0.7832 -0.0803 -0.6165
vn -0.5211 -0.5119 0.6829
vn -0.6792 -0.4833 0.5524
vn -0.5454 -0.4089 0.7317
vn -0.5481 -0.4105 0.7288
vn -0.3010 -0.2491 0.9205
vn -0.2965 -0.2459 0.9228
vn 0.0186 -0.0150 0.9997
vn 0.0466 0.0067 0.9989
vn 0.1978 0.1245 0.9723
vn 0.6792 0.4833 -0.5524
vn 0.5481 0.4105 -0.7288
vn 0.5454 0.4089 -0.7317
vn 0.2964 0.2460 -0.9228
vn 0.3009 0.2492 -0.9205
vn -0.0469 -0.0065 -0.9989
vn -0.0188 0.0152 -0.9997
vn -0.1982 -0.1242 -0.9723
vn -0.6002 -0.3266 0.7302
vn -0.4330 -0.4908 0.7561
vn -0.4362 -0.4880 0.7560
vn -0.1392 -0.6744 0.7251
vn -0.1339 -0.6768 0.7239
vn 0.2274 -0.7755 0.5889
vn 0.2588 -0.7779 0.5726
vn 0.4234 -0.7739 0.4710
vn 0.6002 0.3266 -0.7301
vn 0.4363 0.4881 -0.7559
vn 0.4330 0.4908 -0.7560
vn 0.1340 0.6768 -0.7239
vn 0.1393 0.6744 -0.7251
vn -0.2587 0.7781 -0.5725
vn -0.2273 0.7756 -0.5888
vn -0.4233 0.7740 -0.4708
vn -0.3456 -0.6193 0.7050
vn -0.5516 -0.5833 0.5962
vn -0.5482 -0.5843 0.5984
vn -0.7950 -0.4809 0.3698
vn -0.7983 -0.4787 0.3654
vn -0.9526 -0.3010 0.0441
vn -0.9590 -0.2831 0.0142
vn -0.9724 -0.1797 -0.1489
vn 0.3456 0.6194 -0.7049
vn 0.5482 0.5843 -0.5984
vn 0.5516 0.5834 -0.5961
vn 0.7983 0.4787 -0.3653
vn 0.7950 0.4809 -0.3698
vn 0.9590 0.2831 -0.0142
vn 0.9526 0.3010 -0.0441
vn 0.9724 0.1796 0.1489
vn -0.5260 -0.6591 0.5374
vn -0.6166 -0.4648 0.6355
vn -0.6152 -0.4685 0.6340
vn -0.6950 -0.1335 0.7065
vn -0.6957 -0.1276 0.7069
vn -0.6905 0.2690 0.6715
vn -0.6852 0.3029 0.6624
vn -0.6409 0.4803 0.5988
vn 0.5259 0.6591 -0.5375
vn 0.6152 0.4686 -0.6340
vn 0.6165 0.4648 -0.6355
vn 0.6958 0.1276 -0.7069
vn 0.6950 0.1335 -0.7065
vn 0.6853 -0.3028 -0.6623
vn 0.6906 -0.2690 -0.6713
vn 0.6413 -0.4801 -0.5985
s 1
f 1/1/1 2/2/2 3/3/3
f 1/1/1 4/4/4 2/2/2
f 1/1/1 5/5/5 4/6/4
f 1/1/1 3/3/3 5/5/5
f 6/7/6 7/8/7 8/9/8 9/10/9
f 10/11/10 11/12/11 7/8/7 6/7/6
f 12/13/12 13/14/13 11/15/11 10/16/10
f 9/10/9 8/9/8 13/14/13 12/13/12
f 2/2/2 14/17/14 15/18/15 3/3/3
f 4/4/4 16/19/16 14/17/14 2/2/2
f 5/5/5 17/20/17 16/21/16 4/6/4
f 3/3/3 15/18/15 17/20/17 5/5/5
f 14/17/14 18/22/18 19/23/19 15/18/15
f 16/19/16 20/24/20 18/22/18 14/17/14
f 17/20/17 21/25/21 20/26/20 16/21/16
f 15/18/15 19/23/19 21/25/21 17/20/17
f 18/22/18 22/27/22 23/28/23 19/23/19
f 20/24/20 24/29/24 22/27/22 18/22/18
f 21/25/21 25/30/25 24/31/24 20/26/20
f 19/23/19 23/28/23 25/30/25 21/25/21
s 2
f 26/32/26 27/33/27 28/34/28 29/35/29
f 30/36/30 28/37/28 27/33/27 31/38/31
f 32/39/32 29/40/29 28/37/28 30/36/30
f 33/41/33 26/32/26 29/42/29 32/43/32
f 31/38/31 27/33/27 26/32/26 33/41/33
f 34/44/34 30/36/30 31/38/31 35/45/35
f 36/46/36 32/39/32 30/36/30 34/44/34
f 37/47/37 33/41/33 32/43/32 36/48/36
f 35/45/35 31/38/31 33/41/33 37/47/37
s 3
f 38/49/38 39/50/39 40/51/40
f 39/50/39 41/52/41 42/53/42 43/54/43
f 41/52/41 44/55/44 42/53/42
f 42/53/42 45/56/45 43/54/43
f 43/54/43 46/57/46 40/51/40
f 47/58/47 39/50/39 48/59/48
f 39/50/39 49/60/49 50/61/50 51/62/51
f 39/50/39 51/62/51 41/52/41
f 51/62/51 50/61/50 52/63/52
f 50/61/50 49/60/49 53/64/53
f 49/60/49 54/65/54 55/66/55
f 51/62/51 56/67/56 41/52/41
f 38/49/38 48/59/48 39/50/39
f 47/58/47 54/65/54 39/50/39
f 39/50/39 43/54/43 40/51/40
f 54/65/54 49/60/49 39/50/39
s 4
f 57/68/57 58/69/58 59/70/59
f 59/70/59 60/71/60 61/72/61 62/73/62
f 62/73/62 61/72/61 63/74/63
f 61/72/61 60/71/60 64/75/64
f 60/71/60 58/69/58 65/76/65
f 66/77/66 67/78/67 59/70/59
f 59/70/59 68/79/68 69/80/69 70/81/70
f 59/70/59 62/73/62 68/79/68
f 68/79/68 71/82/71 69/80/69
f 69/80/69 72/83/72 70/81/70
f 70/81/70 73/84/73 74/85/74
f 68/79/68 62/73/62 75/86/75
f 57/68/57 59/70/59 67/78/67
f 66/77/66 59/70/59 74/85/74
f 59/70/59 58/69/58 60/71/60
f 74/85/74 59/70/59 70/81/70
s 2
f 76/87/76 77/88/77 78/89/78 79/90/79
f 80/91/80 78/92/78 77/88/77 81/93/81
f 82/94/82 79/95/79 78/92/78 80/91/80
f 83/96/83 76/87/76 79/97/79 82/98/82
f 81/93/81 77/88/77 76/87/76 83/96/83
f 37/99/37 80/91/80 81/93/81 35/45/35
f 36/46/36 82/94/82 80/91/80 37/99/37
f 34/100/34 83/96/83 82/98/82 36/48/36
f 35/45/35 81/93/81 83/96/83 34/100/34
s 5
f 84/101/84 85/102/85 86/103/86
f 85/102/85 87/104/87 88/105/88 89/106/89
f 87/104/87 90/107/90 88/105/88
f 88/105/88 91/108/91 89/106/89
f 89/106/89 92/109/92 86/103/86
f 93/110/93 85/102/85 94/111/94
f 85/102/85 95/112/95 96/113/96 97/114/97
f 85/102/85 97/114/97 87/104/87
f 97/114/97 96/113/96 98/115/98
f 96/113/96 95/112/95 99/116/99
f 95/112/95 100/117/100 101/118/101
f 97/114/97 102/119/102 87/104/87
f 84/101/84 94/111/94 85/102/85
f 93/110/93 100/117/100 85/102/85
f 85/102/85 89/106/89 86/103/86
f 100/117/100 95/112/95 85/102/85
s 6
f 103/120/103 104/121/104 105/122/105
f 105/122/105 106/123/106 107/124/107 108/125/108
f 108/125/108 107/124/107 109/126/109
f 107/124/107 106/123/106 110/127/110
f 106/123/106 104/121/104 111/128/111
f 112/129/112 113/130/113 105/122/105
f 105/122/105 114/131/114 115/132/115 116/133/116
f 105/122/105 108/125/108 114/131/114
f 114/131/114 117/134/117 115/132/115
f 115/132/115 118/135/118 116/133/116
f 116/133/116 119/136/119 120/137/120
f 114/131/114 108/125/108 121/138/121
f 103/120/103 105/122/105 113/130/113
f 112/129/112 105/122/105 120/137/120
f 105/122/105 104/121/104 106/123/106
f 120/137/120 105/122/105 116/133/116
s 1
f 22/27/22 6/7/6 9/10/9 23/28/23
f 24/29/24 10/11/10 6/7/6 22/27/22
f 25/30/25 12/13/12 10/16/10 24/31/24
f 23/28/23 9/10/9 12/13/12 25/30/25
s 7
f 122/139/122 123/140/123 124/141/124 125/142/125
f 126/143/126 124/144/124 123/140/123 127/145/127
f 128/146/128 125/147/125 124/144/124 126/143/126
f 129/148/129 122/139/122 125/149/125 128/150/128
f 127/145/127 123/140/123 122/139/122 129/148/129
f 18/22/18 130/151/130 131/152/131 132/153/132
f 133/154/133 134/155/134 130/151/130 18/22/18
f 21/25/21 135/156/135 134/157/134 133/158/133
f 132/153/132 131/152/131 135/156/135 21/25/21
s 8
f 136/159/136 137/160/137 138/161/138
f 137/160/137 139/162/139 140/163/140 141/164/141
f 139/162/139 142/165/142 140/163/140
f 140/163/140 143/166/143 141/164/141
f 141/164/141 144/167/144 138/161/138
f 145/168/145 137/160/137 146/169/146
f 137/160/137 147/170/147 148/171/148 149/172/149
f 137/160/137 149/172/149 139/162/139
f 149/172/149 148/171/148 150/173/150
f 148/171/148 147/170/147 151/174/151
f 147/170/147 152/175/152 153/176/153
f 149/172/149 154/177/154 139/162/139
f 136/159/136 146/169/146 137/160/137
f 145/168/145 152/175/152 137/160/137
f 137/160/137 141/164/141 138/161/138
f 152/175/152 147/170/147 137/160/137
s 9
f 155/178/155 156/179/156 157/180/157
f 157/180/157 158/181/158 159/182/159 160/183/160
f 160/183/160 159/182/159 161/184/161
f 159/182/159 158/181/158 162/185/162
f 158/181/158 156/179/156 163/186/163
f 164/187/164 165/188/165 157/180/157
f 157/180/157 166/189/166 167/190/167 168/191/168
f 157/180/157 160/183/160 166/189/166
f 166/189/166 169/192/169 167/190/167
f 167/190/167 170/193/170 168/191/168
f 168/191/168 171/194/171 172/195/172
f 166/189/166 160/183/160 173/196/173
f 155/178/155 157/180/157 165/188/165
f 164/187/164 157/180/157 172/195/172
f 157/180/157 156/179/156 158/181/158
f 172/195/172 157/180/157 168/191/168
s 10
f 174/197/174 175/198/175 176/199/176
f 175/198/175 177/200/177 178/201/178 179/202/179
f 177/200/177 180/203/180 178/201/178
f 178/201/178 181/204/181 179/202/179
f 179/202/179 182/205/182 176/199/176
f 183/206/183 175/198/175 184/207/184
f 175/198/175 185/208/185 186/209/186 187/210/187
f 175/198/175 187/210/187 177/200/177
f 187/210/187 186/209/186 188/211/188
f 186/209/186 185/208/185 189/212/189
f 185/208/185 190/213/190 191/214/191
f 187/210/187 192/215/192 177/200/177
f 174/197/174 184/207/184 175/198/175
f 183/206/183 190/213/190 175/198/175
f 175/198/175 179/202/179 176/199/176
f 190/213/190 185/208/185 175/198/175
s 11
f 193/216/193 194/217/194 195/218/195
f 195/218/195 196/219/196 197/220/197 198/221/198
f 198/221/198 197/220/197 199/222/199
f 197/220/197 196/219/196 200/223/200
f 196/219/196 194/217/194 201/224/201
f 202/225/202 203/226/203 195/218/195
f 195/218/195 204/227/204 205/228/205 206/229/206
f 195/218/195 198/221/198 204/227/204
f 204/227/204 207/230/207 205/228/205
f 205/228/205 208/231/208 206/229/206
f 206/229/206 209/232/209 210/233/210
f 204/227/204 198/221/198 211/234/211
f 193/216/193 195/218/195 203/226/203
f 202/225/202 195/218/195 210/233/210
f 195/218/195 194/217/194 196/219/196
f 210/233/210 195/218/195 206/229/206
s 7
f 130/151/130 126/143/126 127/145/127 131/152/131
f 134/155/134 128/146/128 126/143/126 130/151/130
f 135/156/135 129/148/129 128/150/128 134/157/134
f 131/152/131 127/145/127 129/148/129 135/156/135
s 12
f 212/235/212 213/236/213 214/237/214
f 213/236/213 215/238/215 216/239/216 217/240/217
f 215/238/215 218/241/218 216/239/216
f 216/239/216 219/242/219 217/240/217
f 217/240/217 220/243/220 214/237/214
f 221/244/221 213/236/213 222/245/222
f 213/236/213 223/246/223 224/247/224 225/248/225
f 213/236/213 225/248/225 215/238/215
f 225/248/225 224/247/224 226/249/226
f 224/247/224 223/246/223 227/250/227
f 223/246/223 228/251/228 229/252/229
f 225/248/225 230/253/230 215/238/215
f 212/235/212 222/245/222 213/236/213
f 221/244/221 228/251/228 213/236/213
f 213/236/213 217/240/217 214/237/214
f 228/251/228 223/246/223 213/236/213
s 13
f 231/254/231 232/255/232 233/256/233
f 233/256/233 234/257/234 235/258/235 236/259/236
f 236/259/236 235/258/235 237/260/237
f 235/258/235 234/257/234 238/261/238
f 234/257/234 232/255/232 239/262/239
f 240/263/240 241/264/241 233/256/233
f 233/256/233 242/265/242 243/266/243 244/267/244
f 233/256/233 236/259/236 242/265/242
f 242/265/242 245/268/245 243/266/243
f 243/266/243 246/269/246 244/267/244
f 244/267/244 247/270/247 248/271/248
f 242/265/242 236/259/236 249/272/249
f 231/254/231 233/256/233 241/264/241
f 240/263/240 233/256/233 248/271/248
f 233/256/233 232/255/232 234/257/234
f 248/271/248 233/256/233 244/267/244
s 14
f 250/273/250 251/274/251 252/275/252 253/276/253
f 254/277/254 252/278/252 251/274/251 255/279/255
f 256/280/256 253/281/253 252/278/252 254/277/254
f 257/282/257 250/273/250 253/283/253 256/284/256
f 255/279/255 251/274/251 250/273/250 257/282/257
f 21/285/21 258/286/258 259/287/259 260/288/260
f 261/289/261 262/290/262 258/286/258 21/285/21
f 18/291/18 263/292/263 262/293/262 261/294/261
f 260/288/260 259/287/259 263/292/263 18/291/18
s 15
f 264/295/264 265/296/265 266/297/266
f 265/296/265 267/298/267 268/299/268 269/300/269
f 267/298/267 270/301/270 268/299/268
f 268/299/268 271/302/271 269/300/269
f 269/300/269 272/303/272 266/297/266
f 273/304/273 265/296/265 274/305/274
f 265/296/265 275/306/275 276/307/276 277/308/277
f 265/296/265 277/308/277 267/298/267
f 277/308/277 276/307/276 278/309/278
f 276/307/276 275/306/275 279/310/279
f 275/306/275 280/311/280 281/312/281
f 277/308/277 282/313/282 267/298/267
f 264/295/264 274/305/274 265/296/265
f 273/304/273 280/311/280 265/296/265
f 265/296/265 269/300/269 266/297/266
f 280/311/280 275/306/275 265/296/265
s 16
f 283/314/283 284/315/284 285/316/285
f 285/316/285 286/317/286 287/318/287 288/319/288
f 288/319/288 287/318/287 289/320/289
f 287/318/287 286/317/286 290/321/290
f 286/317/286 284/315/284 291/322/291
f 292/323/292 293/324/293 285/316/285
f 285/316/285 294/325/294 295/326/295 296/327/296
f 285/316/285 288/319/288 294/325/294
f 294/325/294 297/328/297 295/326/295
f 295/326/295 298/329/298 296/327/296
f 296/327/296 299/330/299 300/331/300
f 294/325/294 288/319/288 301/332/301
f 283/314/283 285/316/285 293/324/293
f 292/323/292 285/316/285 300/331/300
f 285/316/285 284/315/284 286/317/286
f 300/331/300 285/316/285 296/327/296
s 17
f 302/333/302 303/334/303 304/335/304
f 303/334/303 305/336/305 306/337/306 307/338/307
f 305/336/305 308/339/308 306/337/306
f 306/337/306 309/340/309 307/338/307
f 307/338/307 310/341/310 304/335/304
f 311/342/311 303/334/303 312/343/312
f 303/334/303 313/344/313 314/345/314 315/346/315
f 303/334/303 315/346/315 305/336/305
f 315/346/315 314/345/314 316/347/316
f 314/345/314 313/344/313 317/348/317
f 313/344/313 318/349/318 319/350/319
f 315/346/315 320/351/320 305/336/305
f 302/333/302 312/343/312 303/334/303
f 311/342/311 318/349/318 303/334/303
f 303/334/303 307/338/307 304/335/304
f 318/349/318 313/344/313 303/334/303
s 18
f 321/352/321 322/353/322 323/354/323
f 323/354/323 324/355/324 325/356/325 326/357/326
f 326/357/326 325/356/325 327/358/327
f 325/356/325 324/355/324 328/359/328
f 324/355/324 322/353/322 329/360/329
f 330/361/330 331/362/331 323/354/323
f 323/354/323 332/363/332 333/364/333 334/365/334
f 323/354/323 326/357/326 332/363/332
f 332/363/332 335/366/335 333/364/333
f 333/364/333 336/367/336 334/365/334
f 334/365/334 337/368/337 338/369/338
f 332/363/332 326/357/326 339/370/339
f 321/352/321 323/354/323 331/362/331
f 330/361/330 323/354/323 338/369/338
f 323/354/323 322/353/322 324/355/324
f 338/369/338 323/354/323 334/365/334
s 14
f 258/286/258 254/277/254 255/279/255 259/287/259
f 262/290/262 256/280/256 254/277/254 258/286/258
f 263/292/263 257/282/257 256/284/256 262/293/262
f 259/287/259 255/279/255 257/282/257 263/292/263
s 19
f 340/371/340 341/372/341 342/373/342
f 341/372/341 343/374/343 344/375/344 345/376/345
f 343/374/343 346/377/346 344/375/344
f 344/375/344 347/378/347 345/376/345
f 345/376/345 348/379/348 342/373/342
f 349/380/349 341/372/341 350/381/350
f 341/372/341 351/382/351 352/383/352 353/384/353
f 341/372/341 353/384/353 343/374/343
f 353/384/353 352/383/352 354/385/354
f 352/383/352 351/382/351 355/386/355
f 351/382/351 356/387/356 357/388/357
f 353/384/353 358/389/358 343/374/343
f 340/371/340 350/381/350 341/372/341
f 349/380/349 356/387/356 341/372/341
f 341/372/341 345/376/345 342/373/342
f 356/387/356 351/382/351 341/372/341
s 20
f 359/390/359 360/391/360 361/392/361
f 361/392/361 362/393/362 363/394/363 364/395/364
f 364/395/364 363/394/363 365/396/365
f 363/394/363 362/393/362 366/397/366
f 362/393/362 360/391/360 367/398/367
f 368/399/368 369/400/369 361/392/361
f 361/392/361 370/401/370 371/402/371 372/403/372
f 361/392/361 364/395/364 370/401/370
f 370/401/370 373/404/373 371/402/371
f 371/402/371 374/405/374 372/403/372
f 372/403/372 375/406/375 376/407/376
f 370/401/370 364/395/364 377/408/377
f 359/390/359 361/392/361 369/400/369
f 368/399/368 361/392/361 376/407/376
f 361/392/361 360/391/360 362/393/362
f 376/407/376 361/392/361 372/403/372
s 21
f 378/409/378 379/410/379 380/411/380 381/412/378
f 379/410/379 382/413/381 383/414/382 380/411/380
f 383/414/382 382/413/381 384/415/383 385/416/384
f 385/416/384 384/415/383 386/417/385
s 1
f 387/418/386 388/419/387 389/420/388 390/421/389
f 391/422/390 392/423/391 388/419/387 387/418/386
f 393/424/392 394/425/393 392/426/391 391/427/390
f 390/421/389 389/420/388 394/425/393 393/424/392
s 22
f 395/428/394 396/429/394 397/430/395 398/431/396
f 398/431/396 397/430/395 399/432/397 400/433/398
f 399/432/397 401/434/399 402/435/400 400/433/398
f 401/434/399 403/436/401 402/435/400
s 23
f 404/437/402 405/438/403 406/439/404 407/440/405
f 407/441/405 406/442/404 408/443/406 409/444/407
f 409/445/407 408/446/406 410/447/408 411/448/409
f 411/449/409 410/450/408 412/451/410 413/452/411
f 414/453/412 415/454/413 416/455/414
f 414/453/412 417/456/415 415/457/413
f 414/453/412 418/458/416 417/459/415
f 414/453/412 419/460/417 418/461/416
f 405/438/403 416/455/414 415/454/413 406/439/404
f 406/442/404 415/457/413 417/456/415 408/443/406
f 408/446/406 417/459/415 418/458/416 410/447/408
f 410/450/408 418/461/416 419/460/417 412/451/410
f 404/462/402 420/463/418 421/464/419 405/465/403
f 420/466/418 422/467/420 423/468/421 421/469/419
f 422/470/420 424/471/422 425/472/423 423/473/421
f 424/474/422 413/475/411 412/476/410 425/477/423
f 414/453/412 416/478/414 426/479/424
f 414/453/412 426/480/424 427/481/425
f 414/453/412 427/482/425 428/483/426
f 414/453/412 428/484/426 419/485/417
f 405/465/403 421/464/419 426/479/424 416/478/414
f 421/469/419 423/468/421 427/481/425 426/480/424
f 423/473/421 425/472/423 428/483/426 427/482/425
f 425/477/423 412/476/410 419/485/417 428/484/426
f 404/486/402 407/487/405 429/488/427
f 407/487/405 409/489/407 429/488/427
f 409/489/407 411/490/409 429/488/427
f 411/490/409 413/491/411 429/488/427
f 420/492/418 404/486/402 429/488/427
f 422/493/420 420/492/418 429/488/427
f 424/494/422 422/493/420 429/488/427
f 413/491/411 424/494/422 429/488/427
s 24
f 430/495/428 431/496/429 432/497/430 433/498/428
f 431/496/429 434/499/431 435/500/432 432/497/430
f 435/500/432 434/499/431 436/501/433 437/502/434
f 437/502/434 436/501/433 438/503/435
s 25
f 439/504/436 440/505/436 441/506/437 442/507/438
f 442/507/438 441/506/437 443/508/439 444/509/440
f 443/508/439 445/510/441 446/511/442 444/509/440
f 445/510/441 447/512/443 446/511/442
s 26
f 448/513/444 449/514/445 450/515/446 451/516/444
f 449/514/445 452/517/447 453/518/448 450/515/446
f 453/518/448 452/517/447 454/519/449 455/520/450
f 455/520/450 454/519/449 456/521/451
s 27
f 457/522/452 458/523/452 459/524/453 460/525/454
f 460/525/454 459/524/453 461/526/455 462/527/456
f 461/526/455 463/528/457 464/529/458 462/527/456
f 463/528/457 465/530/459 464/529/458
s 28
f 466/531/460 467/532/461 468/533/462 469/534/460
f 467/532/461 470/535/463 471/536/464 468/533/462
f 471/536/464 470/535/463 472/537/465 473/538/466
f 473/538/466 472/537/465 474/539/467
s 29
f 475/540/468 476/541/468 477/542/469 478/543/470
f 478/543/470 477/542/469 479/544/471 480/545/472
f 479/544/471 481/546/473 482/547/474 480/545/472
f 481/546/473 483/548/475 482/547/474
s 30
f 484/549/476 485/550/477 486/551/478 487/552/476
f 485/550/477 488/553/479 489/554/480 486/551/478
f 489/554/480 488/553/479 490/555/481 491/556/482
f 491/556/482 490/555/481 492/557/483
s 31
f 493/558/484 494/559/484 495/560/485 496/561/486
f 496/561/486 495/560/485 497/562/487 498/563/488
f 497/562/487 499/564/489 500/565/490 498/563/488
f 499/564/489 501/566/491 500/565/490
s 1
f 388/419/387 7/8/7 11/567/11 389/420/388
f 392/423/391 8/568/8 7/8/7 388/419/387
f 394/425/393 13/14/13 8/569/8 392/426/391
f 389/420/388 11/567/11 13/14/13 394/425/393
s 32
f 502/570/492 503/571/493 504/572/494 505/573/492
f 503/571/493 506/574/495 507/575/496 504/572/494
f 507/575/496 506/574/495 508/576/497 509/577/498
f 509/577/498 508/576/497 510/578/499
s 33
f 511/579/500 512/580/501 513/581/502 514/582/503
f 515/583/504 516/584/505 512/580/501 511/579/500
f 517/585/506 518/586/507 516/587/505 515/588/504
f 514/582/503 513/581/502 518/586/507 517/585/506
s 34
f 519/589/508 520/590/508 521/591/509 522/592/510
f 522/592/510 521/591/509 523/593/511 524/594/512
f 523/593/511 525/595/513 526/596/514 524/594/512
f 525/595/513 527/597/515 526/596/514
s 35
f 528/598/516 529/599/517 530/600/518 531/601/519
f 531/602/519 530/603/518 532/604/520 533/605/521
f 533/606/521 532/607/520 534/608/522 535/609/523
f 535/610/523 534/611/522 536/612/524 537/613/525
f 538/614/526 539/615/527 540/616/528
f 538/614/526 541/617/529 539/618/527
f 538/614/526 542/619/530 541/620/529
f 538/614/526 543/621/531 542/622/530
f 529/599/517 540/616/528 539/615/527 530/600/518
f 530/603/518 539/618/527 541/617/529 532/604/520
f 532/607/520 541/620/529 542/619/530 534/608/522
f 534/611/522 542/622/530 543/621/531 536/612/524
f 528/623/516 544/624/532 545/625/533 529/626/517
f 544/627/532 546/628/534 547/629/535 545/630/533
f 546/631/534 548/632/536 549/633/537 547/634/535
f 548/635/536 537/636/525 536/637/524 549/638/537
f 538/614/526 540/639/528 550/640/538
f 538/614/526 550/641/538 551/642/539
f 538/614/526 551/643/539 552/644/540
f 538/614/526 552/645/540 543/646/531
f 529/626/517 545/625/533 550/640/538 540/639/528
f 545/630/533 547/629/535 551/642/539 550/641/538
f 547/634/535 549/633/537 552/644/540 551/643/539
f 549/638/537 536/637/524 543/646/531 552/645/540
f 528/647/516 531/648/519 553/649/541
f 531/648/519 533/650/521 553/649/541
f 533/650/521 535/651/523 553/649/541
f 535/651/523 537/652/525 553/649/541
f 544/653/532 528/647/516 553/649/541
f 546/654/534 544/653/532 553/649/541
f 548/655/536 546/654/534 553/649/541
f 537/652/525 548/655/536 553/649/541
s 36
f 554/656/542 555/657/543 556/658/544 557/659/542
f 555/657/543 558/660/545 559/661/546 556/658/544
f 559/661/546 558/660/545 560/662/547 561/663/548
f 561/663/548 560/662/547 562/664/549
s 37
f 563/665/550 564/666/550 565/667/551 566/668/552
f 566/668/552 565/667/551 567/669/553 568/670/554
f 567/669/553 569/671/555 570/672/556 568/670/554
f 569/671/555 571/673/557 570/672/556
s 38
f 572/674/558 573/675/559 574/676/560 575/677/558
f 573/675/559 576/678/561 577/679/562 574/676/560
f 577/679/562 576/678/561 578/680/563 579/681/564
f 579/681/564 578/680/563 580/682/565
s 39
f 581/683/566 582/684/566 583/685/567 584/686/568
f 584/686/568 583/685/567 585/687/569 586/688/570
f 585/687/569 587/689/571 588/690/572 586/688/570
f 587/689/571 589/691/573 588/690/572
s 40
f 590/692/574 591/693/575 592/694/576 593/695/574
f 591/693/575 594/696/577 595/697/578 592/694/576
f 595/697/578 594/696/577 596/698/579 597/699/580
f 597/699/580 596/698/579 598/700/581
s 41
f 599/701/582 600/702/582 601/703/583 602/704/584
f 602/704/584 601/703/583 603/705/585 604/706/586
f 603/705/585 605/707/587 606/708/588 604/706/586
f 605/707/587 607/709/589 606/708/588
s 42
f 608/710/590 609/711/591 610/712/592 611/713/590
f 609/711/591 612/714/593 613/715/594 610/712/592
f 613/715/594 612/714/593 614/716/595 615/717/596
f 615/717/596 614/716/595 616/718/597
s 43
f 617/719/598 618/720/598 619/721/599 620/722/600
f 620/722/600 619/721/599 621/723/601 622/724/602
f 621/723/601 623/725/603 624/726/604 622/724/602
f 623/725/603 625/727/605 624/726/604
s 33
f 512/580/501 13/728/13 8/9/606 513/581/502
f 516/584/505 626/729/607 13/728/13 512/580/501
f 518/586/507 627/730/608 626/731/607 516/587/505
f 513/581/502 8/9/606 627/730/608 518/586/507
s 44
f 628/732/609 629/733/610 630/734/611 631/735/609
f 629/733/610 632/736/612 633/737/613 630/734/611
f 633/737/613 632/736/612 634/738/614 635/739/615
f 635/739/615 634/738/614 636/740/616
s 45
f 637/741/617 11/567/618 638/742/619 8/743/8
f 639/744/620 640/745/621 641/746/622 642/747/623
f 643/748/624 644/749/625 640/745/621 639/744/620
f 645/750/626 646/751/627 644/752/625 643/753/624
f 642/747/623 641/746/622 646/751/627 645/750/626
s 46
f 647/754/628 648/755/628 649/756/629 650/757/630
f 650/757/630 649/756/629 651/758/631 652/759/632
f 651/758/631 653/760/633 654/761/634 652/759/632
f 653/760/633 655/762/635 654/761/634
s 47
f 656/763/636 657/764/637 658/765/638 659/766/639
f 659/767/639 658/768/638 660/769/640 661/770/641
f 661/771/641 660/772/640 662/773/642 663/774/643
f 663/775/643 662/776/642 664/777/644 665/778/645
f 666/779/646 667/780/647 668/781/648
f 666/779/646 669/782/649 667/783/647
f 666/779/646 670/784/650 669/785/649
f 666/779/646 671/786/651 670/787/650
f 657/764/637 668/781/648 667/780/647 658/765/638
f 658/768/638 667/783/647 669/782/649 660/769/640
f 660/772/640 669/785/649 670/784/650 662/773/642
f 662/776/642 670/787/650 671/786/651 664/777/644
f 656/788/636 672/789/652 673/790/653 657/791/637
f 672/792/652 674/793/654 675/794/655 673/795/653
f 674/796/654 676/797/656 677/798/657 675/799/655
f 676/800/656 665/801/645 664/802/644 677/803/657
f 666/779/646 668/804/648 678/805/658
f 666/779/646 678/806/658 679/807/659
f 666/779/646 679/808/659 680/809/660
f 666/779/646 680/810/660 671/811/651
f 657/791/637 673/790/653 678/805/658 668/804/648
f 673/795/653 675/794/655 679/807/659 678/806/658
f 675/799/655 677/798/657 680/809/660 679/808/659
f 677/803/657 664/802/644 671/811/651 680/810/660
f 656/812/636 659/813/639 681/814/661
f 659/813/639 661/815/641 681/814/661
f 661/815/641 663/816/643 681/814/661
f 663/816/643 665/817/645 681/814/661
f 672/818/652 656/812/636 681/814/661
f 674/819/654 672/818/652 681/814/661
f 676/820/656 674/819/654 681/814/661
f 665/817/645 676/820/656 681/814/661
s 48
f 682/821/662 683/822/663 684/823/664 685/824/662
f 683/822/663 686/825/665 687/826/666 684/823/664
f 687/826/666 686/825/665 688/827/667 689/828/668
f 689/828/668 688/827/667 690/829/669
s 49
f 691/830/670 692/831/670 693/832/671 694/833/672
f 694/833/672 693/832/671 695/834/673 696/835/674
f 695/834/673 697/836/675 698/837/676 696/835/674
f 697/836/675 699/838/677 698/837/676
s 50
f 700/839/678 701/840/679 702/841/680 703/842/678
f 701/840/679 704/843/681 705/844/682 702/841/680
f 705/844/682 704/843/681 706/845/683 707/846/684
f 707/846/684 706/845/683 708/847/685
s 51
f 709/848/686 710/849/686 711/850/687 712/851/688
f 712/851/688 711/850/687 713/852/689 714/853/690
f 713/852/689 715/854/691 716/855/692 714/853/690
f 715/854/691 717/856/693 716/855/692
s 52
f 718/857/694 719/858/695 720/859/696 721/860/694
f 719/858/695 722/861/697 723/862/698 720/859/696
f 723/862/698 722/861/697 724/863/699 725/864/700
f 725/864/700 724/863/699 726/865/701
s 53
f 727/866/702 728/867/702 729/868/703 730/869/704
f 730/869/704 729/868/703 731/870/705 732/871/706
f 731/870/705 733/872/707 734/873/708 732/871/706
f 733/872/707 735/874/709 734/873/708
s 54
f 736/875/710 737/876/711 738/877/712 739/878/710
f 737/876/711 740/879/713 741/880/714 738/877/712
f 741/880/714 740/879/713 742/881/715 743/882/716
f 743/882/716 742/881/715 744/883/717
s 55
f 745/884/718 746/885/718 747/886/719 748/887/720
f 748/887/720 747/886/719 749/888/721 750/889/722
f 749/888/721 751/890/723 752/891/724 750/889/722
f 751/890/723 753/892/725 752/891/724
s 45
f 640/745/621 638/893/619 11/567/618 641/746/622
f 644/749/625 8/568/8 638/893/619 640/745/621
f 646/751/627 637/741/617 8/569/8 644/752/625
f 641/746/622 11/567/618 637/741/617 646/751/627
s 56
f 754/894/726 755/895/727 756/896/728 757/897/726
f 755/895/727 758/898/729 759/899/730 756/896/728
f 759/899/730 758/898/729 760/900/731 761/901/732
f 761/901/732 760/900/731 762/902/733
s 57
f 763/903/734 764/904/735 765/905/736 766/906/737
f 767/907/738 768/908/739 769/909/740 770/910/741
f 771/911/742 772/912/743 768/908/739 767/907/738
f 773/913/744 774/914/745 772/915/743 771/916/742
f 770/910/741 769/909/740 774/914/745 773/913/744
s 58
f 775/917/746 776/918/746 777/919/747 778/920/748
f 778/920/748 777/919/747 779/921/749 780/922/750
f 779/921/749 781/923/751 782/924/752 780/922/750
f 781/923/751 783/925/753 782/924/752
s 59
f 784/926/754 785/927/755 786/928/756 787/929/757
f 787/930/757 786/931/756 788/932/758 789/933/759
f 789/934/759 788/935/758 790/936/760 791/937/761
f 791/938/761 790/939/760 792/940/762 793/941/763
f 794/942/764 795/943/765 796/944/766
f 794/942/764 797/945/767 795/946/765
f 794/942/764 798/947/768 797/948/767
f 794/942/764 799/949/769 798/950/768
f 785/927/755 796/944/766 795/943/765 786/928/756
f 786/931/756 795/946/765 797/945/767 788/932/758
f 788/935/758 797/948/767 798/947/768 790/936/760
f 790/939/760 798/950/768 799/949/769 792/940/762
f 784/951/754 800/952/770 801/953/771 785/954/755
f 800/955/770 802/956/772 803/957/773 801/958/771
f 802/959/772 804/960/774 805/961/775 803/962/773
f 804/963/774 793/964/763 792/965/762 805/966/775
f 794/942/764 796/967/766 806/968/776
f 794/942/764 806/969/776 807/970/777
f 794/942/764 807/971/777 808/972/778
f 794/942/764 808/973/778 799/974/769
f 785/954/755 801/953/771 806/968/776 796/967/766
f 801/958/771 803/957/773 807/970/777 806/969/776
f 803/962/773 805/961/775 808/972/778 807/971/777
f 805/966/775 792/965/762 799/974/769 808/973/778
f 784/975/754 787/976/757 809/977/779
f 787/976/757 789/978/759 809/977/779
f 789/978/759 791/979/761 809/977/779
f 791/979/761 793/980/763 809/977/779
f 800/981/770 784/975/754 809/977/779
f 802/982/772 800/981/770 809/977/779
f 804/983/774 802/982/772 809/977/779
f 793/980/763 804/983/774 809/977/779
s 60
f 810/984/780 811/985/781 812/986/782 813/987/780
f 811/985/781 814/988/783 815/989/784 812/986/782
f 815/989/784 814/988/783 816/990/785 817/991/786
f 817/991/786 816/990/785 818/992/787
s 61
f 819/993/788 820/994/788 821/995/789 822/996/790
f 822/996/790 821/995/789 823/997/791 824/998/792
f 823/997/791 825/999/793 826/1000/794 824/998/792
f 825/999/793 827/1001/795 826/1000/794
s 62
f 828/1002/796 829/1003/797 830/1004/798 831/1005/796
f 829/1003/797 832/1006/799 833/1007/800 830/1004/798
f 833/1007/800 832/1006/799 834/1008/801 835/1009/802
f 835/1009/802 834/1008/801 836/1010/803
s 63
f 837/1011/804 838/1012/804 839/1013/805 840/1014/806
f 840/1014/806 839/1013/805 841/1015/807 842/1016/808
f 841/1015/807 843/1017/809 844/1018/810 842/1016/808
f 843/1017/809 845/1019/811 844/1018/810
s 64
f 846/1020/812 847/1021/813 848/1022/814 849/1023/812
f 847/1021/813 850/1024/815 851/1025/816 848/1022/814
f 851/1025/816 850/1024/815 852/1026/817 853/1027/818
f 853/1027/818 852/1026/817 854/1028/819
s 65
f 855/1029/820 856/1030/820 857/1031/821 858/1032/822
f 858/1032/822 857/1031/821 859/1033/823 860/1034/824
f 859/1033/823 861/1035/825 862/1036/826 860/1034/824
f 861/1035/825 863/1037/827 862/1036/826
s 66
f 864/1038/828 865/1039/829 866/1040/830 867/1041/828
f 865/1039/829 868/1042/831 869/1043/832 866/1040/830
f 869/1043/832 868/1042/831 870/1044/833 871/1045/834
f 871/1045/834 870/1044/833 872/1046/835
s 67
f 873/1047/836 874/1048/836 875/1049/837 876/1050/838
f 876/1050/838 875/1049/837 877/1051/839 878/1052/840
f 877/1051/839 879/1053/841 880/1054/842 878/1052/840
f 879/1053/841 881/1055/843 880/1054/842
s 57
f 768/908/739 765/1056/736 764/904/735 769/909/740
f 772/912/743 766/1057/737 765/1056/736 768/908/739
f 774/914/745 763/903/734 766/1058/737 772/915/743
f 769/909/740 764/904/735 763/903/734 774/914/745
s 68
f 882/1059/844 883/1060/845 884/1061/846 885/1062/844
f 883/1060/845 886/1063/847 887/1064/848 884/1061/846
f 887/1064/848 886/1063/847 888/1065/849 889/1066/850
f 889/1066/850 888/1065/849 890/1067/851
s 69
f 891/1068/852 892/1069/853 893/1070/854 894/1071/855
f 895/1072/856 896/1073/857 897/1074/858 898/1075/859
f 899/1076/860 900/1077/861 896/1073/857 895/1072/856
f 901/1078/862 902/1079/863 900/1080/861 899/1081/860
f 898/1075/859 897/1074/858 902/1079/863 901/1078/862
s 70
f 903/1082/864 904/1083/864 905/1084/865 906/1085/866
f 906/1085/866 905/1084/865 907/1086/867 908/1087/868
f 907/1086/867 909/1088/869 910/1089/870 908/1087/868
f 909/1088/869 911/1090/871 910/1089/870
s 71
f 912/1091/872 913/1092/873 914/1093/874 915/1094/875
f 915/1095/875 914/1096/874 916/1097/876 917/1098/877
f 917/1099/877 916/1100/876 918/1101/878 919/1102/879
f 919/1103/879 918/1104/878 920/1105/880 921/1106/881
f 922/1107/882 923/1108/883 924/1109/884
f 922/1107/882 925/1110/885 923/1111/883
f 922/1107/882 926/1112/886 925/1113/885
f 922/1107/882 927/1114/887 926/1115/886
f 913/1092/873 924/1109/884 923/1108/883 914/1093/874
f 914/1096/874 923/1111/883 925/1110/885 916/1097/876
f 916/1100/876 925/1113/885 926/1112/886 918/1101/878
f 918/1104/878 926/1115/886 927/1114/887 920/1105/880
f 912/1116/872 928/1117/888 929/1118/889 913/1119/873
f 928/1120/888 930/1121/890 931/1122/891 929/1123/889
f 930/1124/890 932/1125/892 933/1126/893 931/1127/891
f 932/1128/892 921/1129/881 920/1130/880 933/1131/893
f 922/1107/882 924/1132/884 934/1133/894
f 922/1107/882 934/1134/894 935/1135/895
f 922/1107/882 935/1136/895 936/1137/896
f 922/1107/882 936/1138/896 927/1139/887
f 913/1119/873 929/1118/889 934/1133/894 924/1132/884
f 929/1123/889 931/1122/891 935/1135/895 934/1134/894
f 931/1127/891 933/1126/893 936/1137/896 935/1136/895
f 933/1131/893 920/1130/880 927/1139/887 936/1138/896
f 912/1140/872 915/1141/875 937/1142/897
f 915/1141/875 917/1143/877 937/1142/897
f 917/1143/877 919/1144/879 937/1142/897
f 919/1144/879 921/1145/881 937/1142/897
f 928/1146/888 912/1140/872 937/1142/897
f 930/1147/890 928/1146/888 937/1142/897
f 932/1148/892 930/1147/890 937/1142/897
f 921/1145/881 932/1148/892 937/1142/897
s 72
f 938/1149/898 939/1150/899 940/1151/900 941/1152/898
f 939/1150/899 942/1153/901 943/1154/902 940/1151/900
f 943/1154/902 942/1153/901 944/1155/903 945/1156/904
f 945/1156/904 944/1155/903 946/1157/905
s 73
f 947/1158/906 948/1159/906 949/1160/907 950/1161/908
f 950/1161/908 949/1160/907 951/1162/909 952/1163/910
f 951/1162/909 953/1164/911 954/1165/912 952/1163/910
f 953/1164/911 955/1166/913 954/1165/912
s 74
f 956/1167/914 957/1168/915 958/1169/916 959/1170/914
f 957/1168/915 960/1171/917 961/1172/918 958/1169/916
f 961/1172/918 960/1171/917 962/1173/919 963/1174/920
f 963/1174/920 962/1173/919 964/1175/921
s 75
f 965/1176/922 966/1177/922 967/1178/923 968/1179/924
f 968/1179/924 967/1178/923 969/1180/925 970/1181/926
f 969/1180/925 971/1182/927 972/1183/928 970/1181/926
f 971/1182/927 973/1184/929 972/1183/928
s 76
f 974/1185/930 975/1186/931 976/1187/932 977/1188/930
f 975/1186/931 978/1189/933 979/1190/934 976/1187/932
f 979/1190/934 978/1189/933 980/1191/935 981/1192/936
f 981/1192/936 980/1191/935 982/1193/937
s 77
f 983/1194/938 984/1195/938 985/1196/939 986/1197/940
f 986/1197/940 985/1196/939 987/1198/941 988/1199/942
f 987/1198/941 989/1200/943 990/1201/944 988/1199/942
f 989/1200/943 991/1202/945 990/1201/944
s 78
f 992/1203/946 993/1204/947 994/1205/948 995/1206/946
f 993/1204/947 996/1207/949 997/1208/950 994/1205/948
f 997/1208/950 996/1207/949 998/1209/951 999/1210/952
f 999/1210/952 998/1209/951 1000/1211/953
s 79
f 1001/1212/954 1002/1213/954 1003/1214/955 1004/1215/956
f 1004/1215/956 1003/1214/955 1005/1216/957 1006/1217/958
f 1005/1216/957 1007/1218/959 1008/1219/960 1006/1217/958
f 1007/1218/959 1009/1220/961 1008/1219/960
s 69
f 896/1073/857 893/1221/854 892/1069/853 897/1074/858
f 900/1077/861 894/1222/855 893/1221/854 896/1073/857
f 902/1079/863 891/1068/852 894/1223/855 900/1080/861
f 897/1074/858 892/1069/853 891/1068/852 902/1079/863
s 80
f 1010/1224/609 1011/1225/962 1012/1226/963 1013/1227/609
f 1011/1225/962 1014/1228/964 1015/1229/965 1012/1226/963
f 1015/1229/965 1014/1228/964 1016/1230/966 1017/1231/967
f 1017/1231/967 1016/1230/966 1018/1232/968
s 81
f 1019/1233/969 1020/1234/970 1021/1235/971 1022/1236/972
f 1023/1237/973 1024/1238/621 1025/1239/974 1026/1240/975
f 1027/1241/976 1028/1242/625 1024/1238/621 1023/1237/973
f 1029/1243/626 1030/1244/977 1028/1245/625 1027/1246/976
f 1026/1240/975 1025/1239/974 1030/1244/977 1029/1243/626
s 82
f 1031/1247/978 1032/1248/978 1033/1249/629 1034/1250/630
f 1034/1250/630 1033/1249/629 1035/1251/631 1036/1252/632
f 1035/1251/631 1037/1253/979 1038/1254/980 1036/1252/632
f 1037/1253/979 1039/1255/981 1038/1254/980
s 83
f 1040/1256/982 1041/1257/983 1042/1258/984 1043/1259/639
f 1043/1260/639 1042/1261/984 1044/1262/640 1045/1263/641
f 1045/1264/641 1044/1265/640 1046/1266/985 1047/1267/643
f 1047/1268/643 1046/1269/985 1048/1270/986 1049/1271/987
f 1050/1272/646 1051/1273/647 1052/1274/988
f 1050/1272/646 1053/1275/989 1051/1276/647
f 1050/1272/646 1054/1277/990 1053/1278/989
f 1050/1272/646 1055/1279/651 1054/1280/990
f 1041/1257/983 1052/1274/988 1051/1273/647 1042/1258/984
f 1042/1261/984 1051/1276/647 1053/1275/989 1044/1262/640
f 1044/1265/640 1053/1278/989 1054/1277/990 1046/1266/985
f 1046/1269/985 1054/1280/990 1055/1279/651 1048/1270/986
f 1040/1281/982 1056/1282/652 1057/1283/653 1041/1284/983
f 1056/1285/652 1058/1286/991 1059/1287/655 1057/1288/653
f 1058/1289/991 1060/1290/992 1061/1291/657 1059/1292/655
f 1060/1293/992 1049/1294/987 1048/1295/986 1061/1296/657
f 1050/1272/646 1052/1297/988 1062/1298/993
f 1050/1272/646 1062/1299/993 1063/1300/994
f 1050/1272/646 1063/1301/994 1064/1302/995
f 1050/1272/646 1064/1303/995 1055/1304/651
f 1041/1284/983 1057/1283/653 1062/1298/993 1052/1297/988
f 1057/1288/653 1059/1287/655 1063/1300/994 1062/1299/993
f 1059/1292/655 1061/1291/657 1064/1302/995 1063/1301/994
f 1061/1296/657 1048/1295/986 1055/1304/651 1064/1303/995
f 1040/1305/982 1043/1306/639 1065/1307/661
f 1043/1306/639 1045/1308/641 1065/1307/661
f 1045/1308/641 1047/1309/643 1065/1307/661
f 1047/1309/643 1049/1310/987 1065/1307/661
f 1056/1311/652 1040/1305/982 1065/1307/661
f 1058/1312/991 1056/1311/652 1065/1307/661
f 1060/1313/992 1058/1312/991 1065/1307/661
f 1049/1310/987 1060/1313/992 1065/1307/661
s 84
f 1066/1314/996 1067/1315/997 1068/1316/664 1069/1317/996
f 1067/1315/997 1070/1318/665 1071/1319/998 1068/1316/664
f 1071/1319/998 1070/1318/665 1072/1320/999 1073/1321/1000
f 1073/1321/1000 1072/1320/999 1074/1322/1001
s 85
f 1075/1323/1002 1076/1324/1002 1077/1325/1003 1078/1326/1004
f 1078/1326/1004 1077/1325/1003 1079/1327/673 1080/1328/1005
f 1079/1327/673 1081/1329/1006 1082/1330/676 1080/1328/1005
f 1081/1329/1006 1083/1331/1007 1082/1330/676
s 86
f 1084/1332/1008 1085/1333/679 1086/1334/680 1087/1335/1008
f 1085/1333/679 1088/1336/681 1089/1337/682 1086/1334/680
f 1089/1337/682 1088/1336/681 1090/1338/1009 1091/1339/1010
f 1091/1339/1010 1090/1338/1009 1092/1340/1011
s 87
f 1093/1341/1012 1094/1342/1012 1095/1343/687 1096/1344/1013
f 1096/1344/1013 1095/1343/687 1097/1345/689 1098/1346/690
f 1097/1345/689 1099/1347/1014 1100/1348/1015 1098/1346/690
f 1099/1347/1014 1101/1349/1016 1100/1348/1015
s 88
f 1102/1350/694 1103/1351/1017 1104/1352/1018 1105/1353/694
f 1103/1351/1017 1106/1354/697 1107/1355/1019 1104/1352/1018
f 1107/1355/1019 1106/1354/697 1108/1356/1020 1109/1357/1021
f 1109/1357/1021 1108/1356/1020 1110/1358/1022
s 89
f 1111/1359/1023 1112/1360/1023 1113/1361/1024 1114/1362/704
f 1114/1362/704 1113/1361/1024 1115/1363/705 1116/1364/1025
f 1115/1363/705 1117/1365/1026 1118/1366/1027 1116/1364/1025
f 1117/1365/1026 1119/1367/1028 1118/1366/1027
s 90
f 1120/1368/1029 1121/1369/1030 1122/1370/712 1123/1371/1029
f 1121/1369/1030 1124/1372/713 1125/1373/714 1122/1370/712
f 1125/1373/714 1124/1372/713 1126/1374/715 1127/1375/1031
f 1127/1375/1031 1126/1374/715 1128/1376/717
s 91
f 1129/1377/1032 1130/1378/1032 1131/1379/1033 1132/1380/1034
f 1132/1380/1034 1131/1379/1033 1133/1381/721 1134/1382/722
f 1133/1381/721 1135/1383/723 1136/1384/1035 1134/1382/722
f 1135/1383/723 1137/1385/1036 1136/1384/1035
s 81
f 1024/1238/621 1021/1386/971 1020/1234/970 1025/1239/974
f 1028/1242/625 1022/1387/972 1021/1386/971 1024/1238/621
f 1030/1244/977 1019/1233/969 1022/1388/972 1028/1245/625
f 1025/1239/974 1020/1234/970 1019/1233/969 1030/1244/977
s 92
f 1138/1389/1037 1139/1390/1038 1140/1391/1039 1141/1392/1037
f 1139/1390/1038 1142/1393/1040 1143/1394/1041 1140/1391/1039
f 1143/1394/1041 1142/1393/1040 1144/1395/1042 1145/1396/1043
f 1145/1396/1043 1144/1395/1042 1146/1397/1044
s 93
f 1147/1398/1045 1148/1399/1046 1149/1400/1047 1150/1401/1048
f 1151/1402/1049 1152/1403/1050 1153/1404/1051 1154/1405/1052
f 1155/1406/1053 1156/1407/1054 1152/1403/1050 1151/1402/1049
f 1157/1408/1055 1158/1409/1056 1156/1410/1054 1155/1411/1053
f 1154/1405/1052 1153/1404/1051 1158/1409/1056 1157/1408/1055
s 94
f 1159/1412/1057 1160/1413/1057 1161/1414/1058 1162/1415/1059
f 1162/1415/1059 1161/1414/1058 1163/1416/1060 1164/1417/1061
f 1163/1416/1060 1165/1418/1062 1166/1419/1063 1164/1417/1061
f 1165/1418/1062 1167/1420/1064 1166/1419/1063
s 95
f 1168/1421/1065 1169/1422/1066 1170/1423/1067 1171/1424/1068
f 1171/1425/1068 1170/1426/1067 1172/1427/1069 1173/1428/1070
f 1173/1429/1070 1172/1430/1069 1174/1431/1071 1175/1432/1072
f 1175/1433/1072 1174/1434/1071 1176/1435/1073 1177/1436/1074
f 1178/1437/1075 1179/1438/1076 1180/1439/1077
f 1178/1437/1075 1181/1440/1078 1179/1441/1076
f 1178/1437/1075 1182/1442/1079 1181/1443/1078
f 1178/1437/1075 1183/1444/1080 1182/1445/1079
f 1169/1422/1066 1180/1439/1077 1179/1438/1076 1170/1423/1067
f 1170/1426/1067 1179/1441/1076 1181/1440/1078 1172/1427/1069
f 1172/1430/1069 1181/1443/1078 1182/1442/1079 1174/1431/1071
f 1174/1434/1071 1182/1445/1079 1183/1444/1080 1176/1435/1073
f 1168/1446/1065 1184/1447/1081 1185/1448/1082 1169/1449/1066
f 1184/1450/1081 1186/1451/1083 1187/1452/1084 1185/1453/1082
f 1186/1454/1083 1188/1455/1085 1189/1456/1086 1187/1457/1084
f 1188/1458/1085 1177/1459/1074 1176/1460/1073 1189/1461/1086
f 1178/1437/1075 1180/1462/1077 1190/1463/1087
f 1178/1437/1075 1190/1464/1087 1191/1465/1088
f 1178/1437/1075 1191/1466/1088 1192/1467/1089
f 1178/1437/1075 1192/1468/1089 1183/1469/1080
f 1169/1449/1066 1185/1448/1082 1190/1463/1087 1180/1462/1077
f 1185/1453/1082 1187/1452/1084 1191/1465/1088 1190/1464/1087
f 1187/1457/1084 1189/1456/1086 1192/1467/1089 1191/1466/1088
f 1189/1461/1086 1176/1460/1073 1183/1469/1080 1192/1468/1089
f 1168/1470/1065 1171/1471/1068 1193/1472/1090
f 1171/1471/1068 1173/1473/1070 1193/1472/1090
f 1173/1473/1070 1175/1474/1072 1193/1472/1090
f 1175/1474/1072 1177/1475/1074 1193/1472/1090
f 1184/1476/1081 1168/1470/1065 1193/1472/1090
f 1186/1477/1083 1184/1476/1081 1193/1472/1090
f 1188/1478/1085 1186/1477/1083 1193/1472/1090
f 1177/1475/1074 1188/1478/1085 1193/1472/1090
s 96
f 1194/1479/1091 1195/1480/1092 1196/1481/1093 1197/1482/1091
f 1195/1480/1092 1198/1483/1094 1199/1484/1095 1196/1481/1093
f 1199/1484/1095 1198/1483/1094 1200/1485/1096 1201/1486/1097
f 1201/1486/1097 1200/1485/1096 1202/1487/1098
s 97
f 1203/1488/1099 1204/1489/1099 1205/1490/1100 1206/1491/1101
f 1206/1491/1101 1205/1490/1100 1207/1492/1102 1208/1493/1103
f 1207/1492/1102 1209/1494/1104 1210/1495/1105 1208/1493/1103
f 1209/1494/1104 1211/1496/1106 1210/1495/1105
s 98
f 1212/1497/1107 1213/1498/1108 1214/1499/1109 1215/1500/1107
f 1213/1498/1108 1216/1501/1110 1217/1502/1111 1214/1499/1109
f 1217/1502/1111 1216/1501/1110 1218/1503/1112 1219/1504/1113
f 1219/1504/1113 1218/1503/1112 1220/1505/1114
s 99
f 1221/1506/1115 1222/1507/1115 1223/1508/1116 1224/1509/1117
f 1224/1509/1117 1223/1508/1116 1225/1510/1118 1226/1511/1119
f 1225/1510/1118 1227/1512/1120 1228/1513/1121 1226/1511/1119
f 1227/1512/1120 1229/1514/1122 1228/1513/1121
s 100
f 1230/1515/1123 1231/1516/1124 1232/1517/1125 1233/1518/1123
f 1231/1516/1124 1234/1519/1126 1235/1520/1127 1232/1517/1125
f 1235/1520/1127 1234/1519/1126 1236/1521/1128 1237/1522/1129
f 1237/1522/1129 1236/1521/1128 1238/1523/1130
s 101
f 1239/1524/1131 1240/1525/1131 1241/1526/1132 1242/1527/1133
f 1242/1527/1133 1241/1526/1132 1243/1528/1134 1244/1529/1135
f 1243/1528/1134 1245/1530/1136 1246/1531/1137 1244/1529/1135
f 1245/1530/1136 1247/1532/1138 1246/1531/1137
s 102
f 1248/1533/1139 1249/1534/1140 1250/1535/1141 1251/1536/1139
f 1249/1534/1140 1252/1537/1142 1253/1538/1143 1250/1535/1141
f 1253/1538/1143 1252/1537/1142 1254/1539/1144 1255/1540/1145
f 1255/1540/1145 1254/1539/1144 1256/1541/1146
s 103
f 1257/1542/1147 1258/1543/1147 1259/1544/1148 1260/1545/1149
f 1260/1545/1149 1259/1544/1148 1261/1546/1150 1262/1547/1151
f 1261/1546/1150 1263/1548/1152 1264/1549/1153 1262/1547/1151
f 1263/1548/1152 1265/1550/1154 1264/1549/1153
s 93
f 1152/1403/1050 1149/1551/1047 1148/1399/1046 1153/1404/1051
f 1156/1407/1054 1150/1552/1048 1149/1551/1047 1152/1403/1050
f 1158/1409/1056 1147/1398/1045 1150/1553/1048 1156/1410/1054
f 1153/1404/1051 1148/1399/1046 1147/1398/1045 1158/1409/1056
s 104
f 1266/1554/1155 1267/1555/1156 1268/1556/1157 1269/1557/1155
f 1267/1555/1156 1270/1558/1158 1271/1559/1159 1268/1556/1157
f 1271/1559/1159 1270/1558/1158 1272/1560/1160 1273/1561/1161
f 1273/1561/1161 1272/1560/1160 1274/1562/1162
s 105
f 1275/1563/1163 1276/1564/1164 1277/1565/1165 1278/1566/1166
f 1279/1567/1167 1280/1568/1168 1281/1569/1169 1282/1570/1170
f 1283/1571/1171 1284/1572/1172 1280/1568/1168 1279/1567/1167
f 1285/1573/1173 1286/1574/1174 1284/1575/1172 1283/1576/1171
f 1282/1570/1170 1281/1569/1169 1286/1574/1174 1285/1573/1173
s 106
f 1287/1577/1175 1288/1578/1175 1289/1579/1176 1290/1580/1177
f 1290/1580/1177 1289/1579/1176 1291/1581/1178 1292/1582/1179
f 1291/1581/1178 1293/1583/1180 1294/1584/1181 1292/1582/1179
f 1293/1583/1180 1295/1585/1182 1294/1584/1181
s 107
f 1296/1586/1183 1297/1587/1184 1298/1588/1185 1299/1589/1186
f 1299/1590/1186 1298/1591/1185 1300/1592/1187 1301/1593/1188
f 1301/1594/1188 1300/1595/1187 1302/1596/1189 1303/1597/1190
f 1303/1598/1190 1302/1599/1189 1304/1600/1191 1305/1601/1192
f 1306/1602/1193 1307/1603/1194 1308/1604/1195
f 1306/1602/1193 1309/1605/1196 1307/1606/1194
f 1306/1602/1193 1310/1607/1197 1309/1608/1196
f 1306/1602/1193 1311/1609/1198 1310/1610/1197
f 1297/1587/1184 1308/1604/1195 1307/1603/1194 1298/1588/1185
f 1298/1591/1185 1307/1606/1194 1309/1605/1196 1300/1592/1187
f 1300/1595/1187 1309/1608/1196 1310/1607/1197 1302/1596/1189
f 1302/1599/1189 1310/1610/1197 1311/1609/1198 1304/1600/1191
f 1296/1611/1183 1312/1612/1199 1313/1613/1200 1297/1614/1184
f 1312/1615/1199 1314/1616/1201 1315/1617/1202 1313/1618/1200
f 1314/1619/1201 1316/1620/1203 1317/1621/1204 1315/1622/1202
f 1316/1623/1203 1305/1624/1192 1304/1625/1191 1317/1626/1204
f 1306/1602/1193 1308/1627/1195 1318/1628/1205
f 1306/1602/1193 1318/1629/1205 1319/1630/1206
f 1306/1602/1193 1319/1631/1206 1320/1632/1207
f 1306/1602/1193 1320/1633/1207 1311/1634/1198
f 1297/1614/1184 1313/1613/1200 1318/1628/1205 1308/1627/1195
f 1313/1618/1200 1315/1617/1202 1319/1630/1206 1318/1629/1205
f 1315/1622/1202 1317/1621/1204 1320/1632/1207 1319/1631/1206
f 1317/1626/1204 1304/1625/1191 1311/1634/1198 1320/1633/1207
f 1296/1635/1183 1299/1636/1186 1321/1637/1208
f 1299/1636/1186 1301/1638/1188 1321/1637/1208
f 1301/1638/1188 1303/1639/1190 1321/1637/1208
f 1303/1639/1190 1305/1640/1192 1321/1637/1208
f 1312/1641/1199 1296/1635/1183 1321/1637/1208
f 1314/1642/1201 1312/1641/1199 1321/1637/1208
f 1316/1643/1203 1314/1642/1201 1321/1637/1208
f 1305/1640/1192 1316/1643/1203 1321/1637/1208
s 108
f 1322/1644/1209 1323/1645/1210 1324/1646/1211 1325/1647/1209
f 1323/1645/1210 1326/1648/1212 1327/1649/1213 1324/1646/1211
f 1327/1649/1213 1326/1648/1212 1328/1650/1214 1329/1651/1215
f 1329/1651/1215 1328/1650/1214 1330/1652/1216
s 109
f 1331/1653/1217 1332/1654/1217 1333/1655/1218 1334/1656/1219
f 1334/1656/1219 1333/1655/1218 1335/1657/1220 1336/1658/1221
f 1335/1657/1220 1337/1659/1222 1338/1660/1223 1336/1658/1221
f 1337/1659/1222 1339/1661/1224 1338/1660/1223
s 110
f 1340/1662/1225 1341/1663/1226 1342/1664/1227 1343/1665/1225
f 1341/1663/1226 1344/1666/1228 1345/1667/1229 1342/1664/1227
f 1345/1667/1229 1344/1666/1228 1346/1668/1230 1347/1669/1231
f 1347/1669/1231 1346/1668/1230 1348/1670/1232
s 111
f 1349/1671/1233 1350/1672/1233 1351/1673/1234 1352/1674/1235
f 1352/1674/1235 1351/1673/1234 1353/1675/1236 1354/1676/1237
f 1353/1675/1236 1355/1677/1238 1356/1678/1239 1354/1676/1237
f 1355/1677/1238 1357/1679/1240 1356/1678/1239
s 112
f 1358/1680/1241 1359/1681/1242 1360/1682/1243 1361/1683/1241
f 1359/1681/1242 1362/1684/1244 1363/1685/1245 1360/1682/1243
f 1363/1685/1245 1362/1684/1244 1364/1686/1246 1365/1687/1247
f 1365/1687/1247 1364/1686/1246 1366/1688/1248
s 113
f 1367/1689/1249 1368/1690/1249 1369/1691/1250 1370/1692/1251
f 1370/1692/1251 1369/1691/1250 1371/1693/1252 1372/1694/1253
f 1371/1693/1252 1373/1695/1254 1374/1696/1255 1372/1694/1253
f 1373/1695/1254 1375/1697/1256 1374/1696/1255
s 114
f 1376/1698/1257 1377/1699/1258 1378/1700/1259 1379/1701/1257
f 1377/1699/1258 1380/1702/1260 1381/1703/1261 1378/1700/1259
f 1381/1703/1261 1380/1702/1260 1382/1704/1262 1383/1705/1263
f 1383/1705/1263 1382/1704/1262 1384/1706/1264
s 115
f 1385/1707/1265 1386/1708/1265 1387/1709/1266 1388/1710/1267
f 1388/1710/1267 1387/1709/1266 1389/1711/1268 1390/1712/1269
f 1389/1711/1268 1391/1713/1270 1392/1714/1271 1390/1712/1269
f 1391/1713/1270 1393/1715/1272 1392/1714/1271
s 105
f 1280/1568/1168 1277/1716/1165 1276/1564/1164 1281/1569/1169
f 1284/1572/1172 1278/1717/1166 1277/1716/1165 1280/1568/1168
f 1286/1574/1174 1275/1563/1163 1278/1718/1166 1284/1575/1172
f 1281/1569/1169 1276/1564/1164 1275/1563/1163 1286/1574/1174
s 116
f 1394/1719/1273 1395/1720/1274 1396/1721/1275 1397/1722/1273
f 1395/1720/1274 1398/1723/1276 1399/1724/1277 1396/1721/1275
f 1399/1724/1277 1398/1723/1276 1400/1725/1278 1401/1726/1279
f 1401/1726/1279 1400/1725/1278 1402/1727/1280
s 117
f 1403/1728/1281 1404/1729/1282 1405/1730/1283 1406/1731/1284
f 1407/1732/1285 1408/1733/1286 1409/1734/1287 1410/1735/1288
f 1411/1736/1289 1412/1737/1290 1408/1733/1286 1407/1732/1285
f 1413/1738/1291 1414/1739/1292 1412/1740/1290 1411/1741/1289
f 1410/1735/1288 1409/1734/1287 1414/1739/1292 1413/1738/1291
s 118
f 1415/1742/1293 1416/1743/1293 1417/1744/1294 1418/1745/1295
f 1418/1745/1295 1417/1744/1294 1419/1746/1296 1420/1747/1297
f 1419/1746/1296 1421/1748/1298 1422/1749/1299 1420/1747/1297
f 1421/1748/1298 1423/1750/1300 1422/1749/1299
s 119
f 1424/1751/1301 1425/1752/1302 1426/1753/1303 1427/1754/1304
f 1427/1755/1304 1426/1756/1303 1428/1757/1305 1429/1758/1306
f 1429/1759/1306 1428/1760/1305 1430/1761/1307 1431/1762/1308
f 1431/1763/1308 1430/1764/1307 1432/1765/1309 1433/1766/1310
f 1434/1767/1311 1435/1768/1312 1436/1769/1313
f 1434/1767/1311 1437/1770/1314 1435/1771/1312
f 1434/1767/1311 1438/1772/1315 1437/1773/1314
f 1434/1767/1311 1439/1774/1316 1438/1775/1315
f 1425/1752/1302 1436/1769/1313 1435/1768/1312 1426/1753/1303
f 1426/1756/1303 1435/1771/1312 1437/1770/1314 1428/1757/1305
f 1428/1760/1305 1437/1773/1314 1438/1772/1315 1430/1761/1307
f 1430/1764/1307 1438/1775/1315 1439/1774/1316 1432/1765/1309
f 1424/1776/1301 1440/1777/1317 1441/1778/1318 1425/1779/1302
f 1440/1780/1317 1442/1781/1319 1443/1782/1320 1441/1783/1318
f 1442/1784/1319 1444/1785/1321 1445/1786/1322 1443/1787/1320
f 1444/1788/1321 1433/1789/1310 1432/1790/1309 1445/1791/1322
f 1434/1767/1311 1436/1792/1313 1446/1793/1323
f 1434/1767/1311 1446/1794/1323 1447/1795/1324
f 1434/1767/1311 1447/1796/1324 1448/1797/1325
f 1434/1767/1311 1448/1798/1325 1439/1799/1316
f 1425/1779/1302 1441/1778/1318 1446/1793/1323 1436/1792/1313
f 1441/1783/1318 1443/1782/1320 1447/1795/1324 1446/1794/1323
f 1443/1787/1320 1445/1786/1322 1448/1797/1325 1447/1796/1324
f 1445/1791/1322 1432/1790/1309 1439/1799/1316 1448/1798/1325
f 1424/1800/1301 1427/1801/1304 1449/1802/1326
f 1427/1801/1304 1429/1803/1306 1449/1802/1326
f 1429/1803/1306 1431/1804/1308 1449/1802/1326
f 1431/1804/1308 1433/1805/1310 1449/1802/1326
f 1440/1806/1317 1424/1800/1301 1449/1802/1326
f 1442/1807/1319 1440/1806/1317 1449/1802/1326
f 1444/1808/1321 1442/1807/1319 1449/1802/1326
f 1433/1805/1310 1444/1808/1321 1449/1802/1326
s 120
f 1450/1809/1327 1451/1810/1328 1452/1811/1329 1453/1812/1327
f 1451/1810/1328 1454/1813/1330 1455/1814/1331 1452/1811/1329
f 1455/1814/1331 1454/1813/1330 1456/1815/1332 1457/1816/1333
f 1457/1816/1333 1456/1815/1332 1458/1817/1334
s 121
f 1459/1818/1335 1460/1819/1335 1461/1820/1336 1462/1821/1337
f 1462/1821/1337 1461/1820/1336 1463/1822/1338 1464/1823/1339
f 1463/1822/1338 1465/1824/1340 1466/1825/1341 1464/1823/1339
f 1465/1824/1340 1467/1826/1342 1466/1825/1341
s 122
f 1468/1827/1343 1469/1828/1344 1470/1829/1345 1471/1830/1343
f 1469/1828/1344 1472/1831/1346 1473/1832/1347 1470/1829/1345
f 1473/1832/1347 1472/1831/1346 1474/1833/1348 1475/1834/1349
f 1475/1834/1349 1474/1833/1348 1476/1835/1350
s 123
f 1477/1836/1351 1478/1837/1351 1479/1838/1352 1480/1839/1353
f 1480/1839/1353 1479/1838/1352 1481/1840/1354 1482/1841/1355
f 1481/1840/1354 1483/1842/1356 1484/1843/1357 1482/1841/1355
f 1483/1842/1356 1485/1844/1358 1484/1843/1357
s 124
f 1486/1845/1359 1487/1846/1360 1488/1847/1361 1489/1848/1359
f 1487/1846/1360 1490/1849/1362 1491/1850/1363 1488/1847/1361
f 1491/1850/1363 1490/1849/1362 1492/1851/1364 1493/1852/1365
f 1493/1852/1365 1492/1851/1364 1494/1853/1366
s 125
f 1495/1854/1367 1496/1855/1367 1497/1856/1368 1498/1857/1369
f 1498/1857/1369 1497/1856/1368 1499/1858/1370 1500/1859/1371
f 1499/1858/1370 1501/1860/1372 1502/1861/1373 1500/1859/1371
f 1501/1860/1372 1503/1862/1374 1502/1861/1373
s 126
f 1504/1863/1375 1505/1864/1376 1506/1865/1377 1507/1866/1375
f 1505/1864/1376 1508/1867/1378 1509/1868/1379 1506/1865/1377
f 1509/1868/1379 1508/1867/1378 1510/1869/1380 1511/1870/1381
f 1511/1870/1381 1510/1869/1380 1512/1871/1382
s 127
f 1513/1872/1383 1514/1873/1383 1515/1874/1384 1516/1875/1385
f 1516/1875/1385 1515/1874/1384 1517/1876/1386 1518/1877/1387
f 1517/1876/1386 1519/1878/1388 1520/1879/1389 1518/1877/1387
f 1519/1878/1388 1521/1880/1390 1520/1879/1389
s 117
f 1408/1733/1286 1405/1881/1283 1404/1729/1282 1409/1734/1287
f 1412/1737/1290 1406/1882/1284 1405/1881/1283 1408/1733/1286
f 1414/1739/1292 1403/1728/1281 1406/1883/1284 1412/1740/1290
f 1409/1734/1287 1404/1729/1282 1403/1728/1281 1414/1739/1292
s 128
f 1522/1884/1391 1523/1885/1392 1524/1886/1393 1525/1887/1391
f 1523/1885/1392 1526/1888/1394 1527/1889/1395 1524/1886/1393
f 1527/1889/1395 1526/1888/1394 1528/1890/1396 1529/1891/1397
f 1529/1891/1397 1528/1890/1396 1530/1892/1398
s 129
f 1531/1893/1399 1532/1894/1400 1533/1895/1401 1534/1896/1402
f 1535/1897/1403 1536/1898/1404 1537/1899/1405 1538/1900/1406
f 1539/1901/1407 1540/1902/1408 1536/1898/1404 1535/1897/1403
f 1541/1903/1409 1542/1904/1410 1540/1905/1408 1539/1906/1407
f 1538/1900/1406 1537/1899/1405 1542/1904/1410 1541/1903/1409
s 130
f 1543/1907/1411 1544/1908/1411 1545/1909/1412 1546/1910/1413
f 1546/1910/1413 1545/1909/1412 1547/1911/1414 1548/1912/1415
f 1547/1911/1414 1549/1913/1416 1550/1914/1417 1548/1912/1415
f 1549/1913/1416 1551/1915/1418 1550/1914/1417
s 131
f 1552/1916/1419 1553/1917/1420 1554/1918/1421 1555/1919/1422
f 1555/1920/1422 1554/1921/1421 1556/1922/1423 1557/1923/1424
f 1557/1924/1424 1556/1925/1423 1558/1926/1425 1559/1927/1426
f 1559/1928/1426 1558/1929/1425 1560/1930/1427 1561/1931/1428
f 1562/1932/1429 1563/1933/1430 1564/1934/1431
f 1562/1932/1429 1565/1935/1432 1563/1936/1430
f 1562/1932/1429 1566/1937/1433 1565/1938/1432
f 1562/1932/1429 1567/1939/1434 1566/1940/1433
f 1553/1917/1420 1564/1934/1431 1563/1933/1430 1554/1918/1421
f 1554/1921/1421 1563/1936/1430 1565/1935/1432 1556/1922/1423
f 1556/1925/1423 1565/1938/1432 1566/1937/1433 1558/1926/1425
f 1558/1929/1425 1566/1940/1433 1567/1939/1434 1560/1930/1427
f 1552/1941/1419 1568/1942/1435 1569/1943/1436 1553/1944/1420
f 1568/1945/1435 1570/1946/1437 1571/1947/1438 1569/1948/1436
f 1570/1949/1437 1572/1950/1439 1573/1951/1440 1571/1952/1438
f 1572/1953/1439 1561/1954/1428 1560/1955/1427 1573/1956/1440
f 1562/1932/1429 1564/1957/1431 1574/1958/1441
f 1562/1932/1429 1574/1959/1441 1575/1960/1442
f 1562/1932/1429 1575/1961/1442 1576/1962/1443
f 1562/1932/1429 1576/1963/1443 1567/1964/1434
f 1553/1944/1420 1569/1943/1436 1574/1958/1441 1564/1957/1431
f 1569/1948/1436 1571/1947/1438 1575/1960/1442 1574/1959/1441
f 1571/1952/1438 1573/1951/1440 1576/1962/1443 1575/1961/1442
f 1573/1956/1440 1560/1955/1427 1567/1964/1434 1576/1963/1443
f 1552/1965/1419 1555/1966/1422 1577/1967/1444
f 1555/1966/1422 1557/1968/1424 1577/1967/1444
f 1557/1968/1424 1559/1969/1426 1577/1967/1444
f 1559/1969/1426 1561/1970/1428 1577/1967/1444
f 1568/1971/1435 1552/1965/1419 1577/1967/1444
f 1570/1972/1437 1568/1971/1435 1577/1967/1444
f 1572/1973/1439 1570/1972/1437 1577/1967/1444
f 1561/1970/1428 1572/1973/1439 1577/1967/1444
s 132
f 1578/1974/1445 1579/1975/1446 1580/1976/1447 1581/1977/1445
f 1579/1975/1446 1582/1978/1448 1583/1979/1449 1580/1976/1447
f 1583/1979/1449 1582/1978/1448 1584/1980/1450 1585/1981/1451
f 1585/1981/1451 1584/1980/1450 1586/1982/1452
s 133
f 1587/1983/1453 1588/1984/1453 1589/1985/1454 1590/1986/1455
f 1590/1986/1455 1589/1985/1454 1591/1987/1456 1592/1988/1457
f 1591/1987/1456 1593/1989/1458 1594/1990/1459 1592/1988/1457
f 1593/1989/1458 1595/1991/1460 1594/1990/1459
s 134
f 1596/1992/1461 1597/1993/1462 1598/1994/1463 1599/1995/1461
f 1597/1993/1462 1600/1996/1464 1601/1997/1465 1598/1994/1463
f 1601/1997/1465 1600/1996/1464 1602/1998/1466 1603/1999/1467
f 1603/1999/1467 1602/1998/1466 1604/2000/1468
s 135
f 1605/2001/1469 1606/2002/1469 1607/2003/1470 1608/2004/1471
f 1608/2004/1471 1607/2003/1470 1609/2005/1472 1610/2006/1473
f 1609/2005/1472 1611/2007/1474 1612/2008/1475 1610/2006/1473
f 1611/2007/1474 1613/2009/1476 1612/2008/1475
s 136
f 1614/2010/1477 1615/2011/1478 1616/2012/1479 1617/2013/1477
f 1615/2011/1478 1618/2014/1480 1619/2015/1481 1616/2012/1479
f 1619/2015/1481 1618/2014/1480 1620/2016/1482 1621/2017/1483
f 1621/2017/1483 1620/2016/1482 1622/2018/1484
s 137
f 1623/2019/1485 1624/2020/1485 1625/2021/1486 1626/2022/1487
f 1626/2022/1487 1625/2021/1486 1627/2023/1488 1628/2024/1489
f 1627/2023/1488 1629/2025/1490 1630/2026/1491 1628/2024/1489
f 1629/2025/1490 1631/2027/1492 1630/2026/1491
s 138
f 1632/2028/1493 1633/2029/1494 1634/2030/1495 1635/2031/1493
f 1633/2029/1494 1636/2032/1496 1637/2033/1497 1634/2030/1495
f 1637/2033/1497 1636/2032/1496 1638/2034/1498 1639/2035/1499
f 1639/2035/1499 1638/2034/1498 1640/2036/1500
s 139
f 1641/2037/1501 1642/2038/1501 1643/2039/1502 1644/2040/1503
f 1644/2040/1503 1643/2039/1502 1645/2041/1504 1646/2042/1505
f 1645/2041/1504 1647/2043/1506 1648/2044/1507 1646/2042/1505
f 1647/2043/1506 1649/2045/1508 1648/2044/1507
s 129
f 1536/1898/1404 1533/2046/1401 1532/1894/1400 1537/1899/1405
f 1540/1902/1408 1534/2047/1402 1533/2046/1401 1536/1898/1404
f 1542/1904/1410 1531/1893/1399 1534/2048/1402 1540/1905/1408
f 1537/1899/1405 1532/1894/1400 1531/1893/1399 1542/1904/1410
