# Blender v3.3.0 OBJ File: ''
# www.blender.org
o CoffeeStage02.005
v 0.000032 -0.031499 -0.002955
v 0.000032 0.001732 -0.019829
v 0.019738 0.000015 -0.000198
v -0.019674 0.000015 -0.000198
v 0.000032 -0.001703 0.019433
v -0.027862 0.564756 -0.045826
v -0.033753 0.678895 -0.121818
v -0.028678 0.679743 -0.121249
v -0.017524 0.564651 -0.043611
v -0.029877 0.568715 -0.036231
v -0.034726 0.682040 -0.117823
v -0.029651 0.682888 -0.117255
v -0.019539 0.568611 -0.034017
v 0.000032 0.017686 -0.011631
v 0.012962 0.016559 0.001249
v -0.012898 0.016559 0.001249
v 0.000032 0.015432 0.014130
v -0.004257 0.327801 -0.004991
v 0.007852 0.326354 0.007157
v -0.016367 0.327904 0.007157
v -0.004257 0.326456 0.019305
v -0.010033 0.446295 -0.014294
v 0.000356 0.445534 -0.004325
v -0.019669 0.448630 -0.004201
v -0.009280 0.447870 0.005768
v 0.288276 0.461396 -0.027055
v 0.289226 0.464839 -0.030803
v 0.290949 0.468208 -0.027271
v 0.289999 0.464766 -0.023524
v 0.200950 0.487030 -0.008998
v 0.204028 0.480414 -0.001347
v 0.203349 0.495276 -0.002831
v 0.206427 0.488660 0.004820
v -0.004544 0.326411 -0.001222
v 0.095035 0.426970 -0.003930
v 0.103848 0.418146 0.004958
v 0.002020 0.319819 0.008241
v -0.008824 0.335362 0.005973
v 0.093039 0.436265 0.007234
v 0.100969 0.427460 0.016273
v -0.003671 0.328797 0.015532
v -0.237239 0.365407 -0.106395
v -0.240277 0.366774 -0.102433
v -0.241962 0.370856 -0.105132
v -0.238925 0.369490 -0.109095
v -0.133590 0.399965 -0.064791
v -0.128397 0.397395 -0.073635
v -0.133074 0.410184 -0.067458
v -0.127881 0.407613 -0.076302
v -0.010402 0.324153 0.009889
v -0.063674 0.367323 -0.021981
v -0.056281 0.359529 -0.032895
v -0.002534 0.320831 0.000737
v -0.003948 0.336320 0.011804
v -0.056197 0.379429 -0.025525
v -0.048356 0.371874 -0.035701
v 0.005116 0.330683 0.003648
v 0.011707 0.374706 0.321185
v 0.016695 0.376072 0.320965
v 0.015711 0.380155 0.323991
v 0.010723 0.378788 0.324212
v 0.022357 0.428257 0.211676
v 0.012245 0.425686 0.213382
v 0.019983 0.438475 0.212995
v 0.009870 0.435904 0.214701
v 0.002813 0.324153 0.010991
v 0.015858 0.410752 0.124488
v 0.002745 0.402958 0.125839
v -0.009255 0.320830 0.010847
v 0.000131 0.336320 0.004816
v 0.008337 0.422857 0.121038
v -0.004498 0.415302 0.121572
v -0.011943 0.330682 0.003115
v -0.025205 0.711358 -0.147195
v -0.029029 0.714406 -0.145647
v -0.026582 0.710769 -0.121500
v -0.017835 0.703797 -0.125040
v -0.021284 0.688415 -0.114899
v -0.029305 0.691039 -0.111114
v -0.032627 0.673587 -0.111588
v -0.028534 0.672247 -0.113520
v 0.009932 0.680817 -0.140420
v 0.007333 0.683732 -0.143746
v -0.006706 0.695586 -0.127478
v -0.000762 0.688918 -0.119871
v -0.015856 0.681832 -0.112350
v -0.021652 0.688609 -0.114804
v -0.033764 0.675762 -0.112969
v -0.030806 0.672303 -0.111716
v 0.002498 0.641730 -0.094643
v 0.005608 0.642984 -0.098526
v 0.000335 0.666937 -0.099375
v -0.006777 0.664070 -0.090496
v -0.021476 0.674929 -0.100402
v -0.015870 0.677190 -0.107402
v -0.030993 0.677011 -0.116569
v -0.033855 0.675858 -0.112996
v -0.053885 0.662531 -0.070535
v -0.050179 0.659047 -0.069869
v -0.031567 0.672262 -0.078882
v -0.040043 0.680230 -0.080406
v -0.032527 0.682721 -0.099627
v -0.025846 0.676440 -0.098426
v -0.028027 0.674015 -0.115815
v -0.031437 0.677221 -0.116428
v -0.068112 0.708851 -0.108124
v -0.069572 0.706126 -0.104030
v -0.047200 0.700252 -0.095827
v -0.043862 0.706484 -0.105191
v -0.030945 0.690773 -0.109486
v -0.033576 0.685860 -0.102105
v -0.029517 0.672104 -0.112561
v -0.028174 0.674611 -0.116329
v -0.001031 0.683004 -0.109089
v -0.012424 0.684480 -0.107632
v -0.010960 0.681717 -0.103270
v -0.031799 0.676295 -0.114546
v -0.031759 0.674413 -0.112578
v -0.014642 0.699795 -0.119107
v -0.019826 0.694781 -0.110046
v -0.015075 0.692296 -0.110293
v -0.032147 0.675047 -0.112935
v -0.029902 0.673520 -0.113151
v -0.031315 0.705631 -0.108321
v -0.029855 0.694846 -0.104363
v -0.025171 0.695942 -0.106745
v -0.030878 0.673800 -0.112649
v -0.029084 0.674289 -0.114639
v -0.036871 0.687824 -0.087174
v -0.027312 0.685409 -0.093249
v -0.029868 0.688990 -0.096323
v -0.029200 0.673998 -0.114235
v -0.030422 0.676098 -0.115466
v -0.017413 0.678529 -0.082339
v -0.019320 0.680302 -0.093623
v -0.023243 0.683089 -0.091246
v -0.029486 0.675233 -0.115314
v -0.031855 0.676334 -0.114542
v -0.018001 0.703582 -0.125243
v -0.026748 0.710554 -0.121702
v -0.029195 0.714191 -0.145849
v -0.025370 0.711143 -0.147397
v -0.021450 0.688200 -0.115101
v -0.028699 0.672032 -0.113722
v -0.032793 0.673372 -0.111790
v -0.029471 0.690824 -0.111316
v -0.000928 0.688703 -0.120073
v -0.006872 0.695370 -0.127680
v 0.007168 0.683517 -0.143949
v 0.009766 0.680602 -0.140623
v -0.016021 0.681617 -0.112552
v -0.030972 0.672088 -0.111918
v -0.033930 0.675547 -0.113171
v -0.021818 0.688394 -0.115006
v -0.006942 0.663855 -0.090698
v 0.000169 0.666722 -0.099577
v 0.005442 0.642769 -0.098728
v 0.002333 0.641515 -0.094846
v -0.021642 0.674714 -0.100605
v -0.034020 0.675643 -0.113199
v -0.031159 0.676796 -0.116771
v -0.016035 0.676975 -0.107604
v -0.040209 0.680015 -0.080608
v -0.031733 0.672047 -0.079085
v -0.050345 0.658832 -0.070072
v -0.054051 0.662316 -0.070738
v -0.032693 0.682506 -0.099829
v -0.031603 0.677006 -0.116630
v -0.028193 0.673800 -0.116017
v -0.026011 0.676225 -0.098628
v -0.044028 0.706269 -0.105393
v -0.047366 0.700037 -0.096030
v -0.069738 0.705911 -0.104232
v -0.068278 0.708636 -0.108326
v -0.031110 0.690558 -0.109688
v -0.028340 0.674396 -0.116531
v -0.029683 0.671889 -0.112764
v -0.033742 0.685645 -0.102307
v -0.001197 0.682789 -0.109292
v -0.011126 0.681502 -0.103472
v -0.012590 0.684265 -0.107834
v -0.031925 0.674198 -0.112780
v -0.031965 0.676080 -0.114749
v -0.014808 0.699580 -0.119309
v -0.015241 0.692081 -0.110495
v -0.019992 0.694566 -0.110248
v -0.030068 0.673305 -0.113353
v -0.032313 0.674832 -0.113137
v -0.031481 0.705416 -0.108523
v -0.025337 0.695727 -0.106947
v -0.030021 0.694631 -0.104566
v -0.029250 0.674074 -0.114842
v -0.031044 0.673585 -0.112851
v -0.037037 0.687609 -0.087376
v -0.030034 0.688775 -0.096525
v -0.027478 0.685194 -0.093451
v -0.030587 0.675883 -0.115669
v -0.029366 0.673783 -0.114437
v -0.017578 0.678314 -0.082541
v -0.023409 0.682874 -0.091448
v -0.019486 0.680087 -0.093825
v -0.032021 0.676119 -0.114744
v -0.029652 0.675018 -0.115516
v 0.203817 0.469308 -0.096316
v 0.229584 0.462233 -0.081852
v 0.247225 0.434127 -0.124708
v 0.214882 0.441759 -0.143401
v 0.265631 0.466837 -0.063461
v 0.296180 0.439892 -0.098697
v 0.267720 0.433808 -0.110832
v 0.245913 0.460164 -0.074175
v 0.287210 0.472080 -0.054726
v 0.231043 0.408670 -0.182835
v 0.267976 0.402720 -0.162733
v 0.288807 0.372521 -0.190362
v 0.260891 0.377710 -0.203062
v 0.289154 0.404943 -0.145380
v 0.306405 0.376691 -0.173917
v 0.321251 0.409293 -0.134292
v 0.330481 0.377579 -0.168541
v 0.351668 0.418154 -0.117104
v 0.354854 0.382610 -0.156635
v 0.291446 0.357460 -0.210316
v 0.323080 0.346005 -0.206505
v 0.325224 0.347942 -0.201524
v 0.330684 0.347342 -0.201009
v 0.346759 0.362407 -0.179264
v 0.196238 0.485735 -0.057619
v 0.203865 0.487382 -0.038569
v 0.212625 0.489980 -0.023606
v 0.216450 0.490173 -0.021608
v 0.237408 0.490916 -0.021677
v 0.257462 0.489609 -0.027777
v 0.200030 0.487099 -0.002820
v 0.204006 0.487303 -0.000737
v 0.322402 0.446842 -0.085404
v 0.340321 0.332263 -0.214590
v 0.214768 0.441376 -0.143152
v 0.247111 0.433745 -0.124460
v 0.229469 0.461851 -0.081603
v 0.203702 0.468926 -0.096067
v 0.265516 0.466454 -0.063213
v 0.245799 0.459781 -0.073926
v 0.267605 0.433426 -0.110584
v 0.296065 0.439510 -0.098449
v 0.287096 0.471698 -0.054477
v 0.260777 0.377328 -0.202813
v 0.288692 0.372139 -0.190114
v 0.267862 0.402338 -0.162484
v 0.230928 0.408288 -0.182586
v 0.306290 0.376308 -0.173669
v 0.289039 0.404561 -0.145131
v 0.330366 0.377197 -0.168293
v 0.321136 0.408911 -0.134043
v 0.354739 0.382228 -0.156386
v 0.351554 0.417772 -0.116856
v 0.291331 0.357078 -0.210068
v 0.322965 0.345623 -0.206257
v 0.325109 0.347560 -0.201275
v 0.330570 0.346960 -0.200760
v 0.346644 0.362025 -0.179015
v 0.196180 0.485295 -0.057463
v 0.212567 0.489541 -0.023450
v 0.203807 0.486943 -0.038413
v 0.237350 0.490476 -0.021521
v 0.216392 0.489734 -0.021452
v 0.257404 0.489169 -0.027621
v 0.203948 0.486863 -0.000581
v 0.199972 0.486659 -0.002664
v 0.322287 0.446460 -0.085155
v 0.340206 0.331881 -0.214341
v 0.297719 0.497804 0.040030
v 0.276776 0.484913 0.057465
v 0.319862 0.461016 0.089824
v 0.348207 0.473195 0.068063
v 0.246644 0.480999 0.084442
v 0.277857 0.457785 0.126407
v 0.300249 0.458098 0.104195
v 0.264674 0.479688 0.069591
v 0.230354 0.481381 0.101830
v 0.255712 0.459384 0.146879
v 0.381253 0.436347 0.090893
v 0.348211 0.425857 0.115188
v 0.351185 0.377149 0.122492
v 0.375317 0.384014 0.104107
v 0.325300 0.426741 0.129867
v 0.331815 0.383063 0.136179
v 0.303769 0.423993 0.156277
v 0.317635 0.378359 0.155829
v 0.278410 0.427291 0.181219
v 0.299504 0.380224 0.176539
v 0.360867 0.353995 0.121029
v 0.340151 0.336290 0.141124
v 0.335872 0.339696 0.142929
v 0.332934 0.337634 0.147120
v 0.313943 0.355334 0.163978
v 0.256851 0.503237 0.016745
v 0.235717 0.497515 0.015664
v 0.218129 0.493946 0.017662
v 0.214948 0.492962 0.020409
v 0.207879 0.490995 0.040199
v 0.207948 0.490304 0.062108
v 0.204714 0.487681 -0.002536
v 0.201397 0.486637 0.000310
v 0.334417 0.315443 0.150287
v 0.348026 0.472885 0.067795
v 0.319674 0.460713 0.089552
v 0.276641 0.484531 0.057208
v 0.297584 0.497424 0.039774
v 0.246507 0.480613 0.084184
v 0.264534 0.479306 0.069333
v 0.300056 0.457799 0.103919
v 0.277675 0.457479 0.126139
v 0.255531 0.459072 0.146610
v 0.230215 0.480994 0.101571
v 0.375015 0.383888 0.103769
v 0.350883 0.377022 0.122155
v 0.347965 0.425632 0.114871
v 0.381016 0.436102 0.090578
v 0.331513 0.382937 0.135841
v 0.325049 0.426532 0.129551
v 0.317333 0.378233 0.155492
v 0.303523 0.423784 0.155966
v 0.299202 0.380098 0.176201
v 0.278170 0.427081 0.180914
v 0.360565 0.353869 0.120691
v 0.339849 0.336164 0.140787
v 0.335570 0.339570 0.142591
v 0.332633 0.337507 0.146782
v 0.313641 0.355208 0.163640
v 0.256855 0.502805 0.016597
v 0.218141 0.493505 0.017516
v 0.235726 0.497078 0.015517
v 0.207887 0.490557 0.040052
v 0.214960 0.492521 0.020263
v 0.207948 0.489877 0.061960
v 0.201410 0.486191 0.000163
v 0.204727 0.487235 -0.002683
v 0.334116 0.315317 0.149950
v -0.068755 0.713898 -0.114161
v -0.062272 0.711949 -0.129715
v -0.085211 0.727478 -0.141894
v -0.094040 0.729835 -0.122670
v -0.047906 0.713768 -0.147246
v -0.065549 0.729374 -0.165936
v -0.077083 0.726271 -0.153005
v -0.057683 0.711983 -0.138757
v -0.039061 0.716486 -0.156831
v -0.118111 0.742239 -0.135863
v -0.107321 0.740802 -0.156925
v -0.125401 0.749949 -0.172637
v -0.132429 0.750133 -0.156758
v -0.096859 0.738907 -0.167977
v -0.115073 0.748096 -0.181362
v -0.085756 0.742884 -0.183018
v -0.108711 0.751741 -0.193030
v -0.071036 0.744981 -0.196577
v -0.098393 0.753696 -0.204298
v -0.137855 0.755339 -0.176217
v -0.135753 0.758277 -0.194772
v -0.132902 0.757129 -0.195716
v -0.132025 0.758054 -0.198520
v -0.115716 0.756355 -0.203977
v -0.050249 0.699557 -0.109625
v -0.041798 0.693543 -0.114575
v -0.034146 0.689818 -0.119411
v -0.032727 0.689915 -0.121358
v -0.028811 0.695138 -0.131077
v -0.027933 0.702231 -0.140372
v -0.030465 0.677056 -0.116207
v -0.028986 0.677154 -0.118231
v -0.053657 0.731665 -0.177674
v -0.141113 0.762346 -0.206023
v -0.094132 0.729601 -0.122746
v -0.085303 0.727244 -0.141970
v -0.062364 0.711715 -0.129791
v -0.068846 0.713664 -0.114237
v -0.047998 0.713534 -0.147322
v -0.057774 0.711749 -0.138833
v -0.077175 0.726037 -0.153081
v -0.065641 0.729140 -0.166012
v -0.039153 0.716252 -0.156907
v -0.132520 0.749900 -0.156834
v -0.125493 0.749715 -0.172713
v -0.107412 0.740568 -0.157001
v -0.118202 0.742006 -0.135939
v -0.115164 0.747863 -0.181438
v -0.096950 0.738673 -0.168053
v -0.108803 0.751508 -0.193106
v -0.085848 0.742650 -0.183094
v -0.098485 0.753462 -0.204374
v -0.071128 0.744747 -0.196653
v -0.137947 0.755105 -0.176293
v -0.135844 0.758043 -0.194848
v -0.132993 0.756895 -0.195792
v -0.132117 0.757820 -0.198596
v -0.115808 0.756121 -0.204053
v -0.050386 0.699362 -0.109735
v -0.034283 0.689623 -0.119521
v -0.041934 0.693348 -0.114685
v -0.028948 0.694943 -0.131187
v -0.032864 0.689719 -0.121468
v -0.028069 0.702036 -0.140482
v -0.029122 0.676959 -0.118341
v -0.030601 0.676861 -0.116317
v -0.053749 0.731430 -0.177750
v -0.141204 0.762112 -0.206099
v -0.033622 0.632737 -0.162167
v -0.011800 0.625458 -0.150582
v 0.000130 0.597330 -0.183042
v -0.027006 0.604231 -0.198884
v 0.018731 0.630013 -0.136930
v 0.041514 0.602832 -0.163404
v 0.017258 0.596863 -0.171456
v 0.001944 0.623610 -0.144699
v 0.036880 0.635164 -0.130651
v -0.009311 0.512151 -0.198353
v 0.008427 0.549001 -0.192279
v 0.008568 0.506717 -0.176583
v 0.026650 0.553367 -0.179354
v 0.025111 0.513514 -0.167199
v 0.054034 0.555260 -0.172102
v 0.044405 0.510376 -0.161224
v 0.081542 0.566438 -0.163980
v 0.068007 0.515129 -0.158724
v 0.002489 0.487610 -0.176037
v 0.019791 0.473260 -0.153880
v 0.022803 0.476634 -0.152365
v 0.026763 0.475034 -0.150738
v 0.049006 0.491209 -0.151310
v -0.037858 0.642033 -0.129352
v -0.030277 0.641481 -0.114397
v -0.022145 0.642309 -0.102611
v -0.018884 0.642522 -0.101153
v -0.001864 0.644988 -0.101877
v 0.014100 0.646317 -0.107555
v -0.030543 0.635528 -0.086126
v -0.027152 0.635756 -0.084610
v -0.019663 0.556023 -0.215225
v 0.063271 0.609211 -0.153095
v 0.026925 0.457126 -0.145684
v -0.027111 0.603907 -0.198625
v 0.000017 0.597022 -0.182763
v -0.011869 0.625090 -0.150380
v -0.033684 0.632375 -0.161983
v 0.018662 0.629643 -0.136728
v 0.001873 0.623248 -0.144494
v 0.017143 0.596569 -0.171174
v 0.041405 0.602518 -0.163132
v 0.036815 0.634801 -0.130459
v -0.009494 0.512092 -0.197978
v 0.008261 0.548864 -0.191923
v -0.019818 0.555824 -0.214891
v 0.008388 0.506716 -0.176213
v 0.024932 0.513516 -0.166835
v 0.026486 0.553241 -0.179003
v 0.044222 0.510373 -0.160850
v 0.053871 0.555110 -0.171749
v 0.067823 0.515084 -0.158345
v 0.081390 0.566233 -0.163649
v 0.002313 0.487634 -0.175681
v 0.019621 0.473307 -0.153533
v 0.022633 0.476682 -0.152018
v 0.026593 0.475082 -0.150390
v 0.048825 0.491230 -0.150940
v -0.037863 0.641632 -0.129278
v -0.022146 0.641916 -0.102547
v -0.030279 0.641085 -0.114328
v -0.001866 0.644591 -0.101807
v -0.018885 0.642129 -0.101089
v 0.014095 0.645915 -0.107478
v -0.027149 0.635369 -0.084556
v -0.030541 0.635141 -0.086072
v 0.063168 0.608890 -0.152838
v 0.026755 0.457173 -0.145337
v 0.024345 0.682638 -0.055135
v 0.005624 0.673366 -0.040017
v 0.029935 0.675578 -0.002652
v 0.055007 0.686446 -0.019704
v -0.024962 0.673000 -0.025650
v -0.011971 0.673847 0.016707
v 0.011512 0.670575 0.005376
v -0.006385 0.670476 -0.031362
v -0.042974 0.675791 -0.017644
v 0.080665 0.620680 0.042186
v 0.050106 0.647080 0.033083
v 0.057298 0.605493 0.049152
v 0.028137 0.644980 0.038782
v 0.037693 0.607219 0.053798
v 0.004776 0.646270 0.054926
v 0.022509 0.604244 0.067193
v -0.023014 0.653912 0.065849
v 0.003485 0.610112 0.081014
v 0.068746 0.589926 0.054623
v 0.049153 0.567769 0.065754
v 0.044834 0.569796 0.065542
v 0.041853 0.568215 0.068633
v 0.021010 0.584335 0.076651
v 0.002451 0.667499 -0.076943
v -0.011814 0.658640 -0.077317
v -0.024989 0.652959 -0.076696
v -0.028144 0.652717 -0.075016
v -0.039863 0.657877 -0.063479
v -0.047272 0.665236 -0.050044
v -0.027195 0.635796 -0.086171
v -0.030479 0.635549 -0.084427
v 0.080274 0.662496 0.018236
v -0.035416 0.675537 0.025033
v 0.045846 0.551655 0.076181
v 0.055043 0.686019 -0.019718
v 0.029957 0.675149 -0.002688
v 0.005691 0.672949 -0.039957
v 0.024416 0.682240 -0.055065
v -0.024894 0.672582 -0.025589
v -0.006322 0.670062 -0.031307
v 0.011528 0.670155 0.005329
v -0.011945 0.673419 0.016680
v -0.042905 0.675386 -0.017578
v 0.080571 0.620362 0.041925
v 0.050044 0.646719 0.032884
v 0.080245 0.662104 0.018087
v 0.057182 0.605221 0.048865
v 0.037578 0.606954 0.053513
v 0.028074 0.644631 0.038581
v 0.022392 0.603967 0.066904
v 0.004720 0.645901 0.054738
v 0.003383 0.609802 0.080743
v -0.023041 0.653519 0.065708
v 0.068625 0.589682 0.054332
v 0.049025 0.567550 0.065458
v 0.044705 0.569577 0.065247
v 0.041724 0.567996 0.068338
v 0.020885 0.584080 0.076352
v 0.002571 0.667153 -0.076764
v -0.024869 0.652625 -0.076514
v -0.011695 0.658301 -0.077137
v -0.039743 0.657537 -0.063299
v -0.028024 0.652384 -0.074834
v -0.047153 0.664887 -0.049866
v -0.030357 0.635227 -0.084241
v -0.027073 0.635473 -0.085986
v -0.035382 0.675114 0.025020
v 0.045718 0.551436 0.075885
v 0.098799 0.424735 0.204329
v 0.087754 0.414640 0.227433
v 0.131514 0.398208 0.238650
v 0.143668 0.409826 0.209568
v 0.072354 0.412853 0.260315
v 0.114700 0.394694 0.284936
v 0.122502 0.394820 0.258079
v 0.082083 0.410698 0.242430
v 0.064424 0.414034 0.279682
v 0.105017 0.395873 0.310363
v 0.175642 0.380974 0.204261
v 0.166129 0.369660 0.238456
v 0.187285 0.335265 0.237546
v 0.191406 0.344843 0.211936
v 0.156866 0.368511 0.260577
v 0.179455 0.336715 0.257764
v 0.155036 0.365954 0.291084
v 0.181667 0.332131 0.279110
v 0.147269 0.368172 0.322665
v 0.179546 0.331911 0.303542
v 0.200925 0.319013 0.230528
v 0.203656 0.301921 0.255153
v 0.200587 0.303736 0.258827
v 0.201485 0.301920 0.263294
v 0.191362 0.313680 0.286019
v 0.062118 0.434179 0.199677
v 0.045345 0.432525 0.206810
v 0.032082 0.432111 0.214983
v 0.030398 0.431676 0.218407
v 0.030902 0.430394 0.236999
v 0.036945 0.428159 0.254522
v 0.013823 0.428148 0.203834
v 0.012067 0.427697 0.207393
v 0.211771 0.284814 0.263945
v 0.143443 0.409516 0.209434
v 0.131289 0.397899 0.238524
v 0.087573 0.414290 0.227303
v 0.098621 0.424384 0.204193
v 0.072178 0.412503 0.260187
v 0.081901 0.410348 0.242301
v 0.122277 0.394512 0.257956
v 0.114493 0.394385 0.284812
v 0.104819 0.395561 0.310242
v 0.064250 0.413682 0.279552
v 0.191086 0.344588 0.211849
v 0.186965 0.335010 0.237459
v 0.165841 0.369391 0.238343
v 0.175349 0.380704 0.204141
v 0.179135 0.336460 0.257677
v 0.156578 0.368243 0.260471
v 0.181347 0.331876 0.279023
v 0.154760 0.365684 0.290975
v 0.179227 0.331656 0.303456
v 0.147013 0.367898 0.322554
v 0.200605 0.318758 0.230441
v 0.203336 0.301666 0.255066
v 0.200267 0.303481 0.258740
v 0.201166 0.301665 0.263207
v 0.191043 0.313425 0.285933
v 0.062033 0.433780 0.199586
v 0.031997 0.431712 0.214892
v 0.045261 0.432126 0.206718
v 0.030818 0.429995 0.236908
v 0.030313 0.431277 0.218315
v 0.036861 0.427760 0.254431
v 0.011982 0.427298 0.207302
v 0.013739 0.427749 0.203743
v 0.211451 0.284560 0.263859
v 0.066949 0.363875 0.327887
v 0.054652 0.357430 0.339751
v 0.077808 0.338944 0.351547
v 0.092043 0.346646 0.336225
v 0.039091 0.356237 0.358140
v 0.058808 0.335836 0.378046
v 0.068346 0.336736 0.362156
v 0.047968 0.354669 0.347979
v 0.030949 0.356775 0.369400
v 0.048522 0.336186 0.392897
v 0.108964 0.323435 0.334309
v 0.095541 0.315099 0.353314
v 0.104170 0.289767 0.351929
v 0.112498 0.297204 0.337374
v 0.085766 0.314152 0.365856
v 0.095980 0.290394 0.363777
v 0.078996 0.310444 0.384682
v 0.093040 0.285446 0.377150
v 0.068988 0.310666 0.403853
v 0.087462 0.283750 0.392341
v 0.111664 0.277717 0.347633
v 0.106752 0.264444 0.361722
v 0.104449 0.265816 0.363807
v 0.103987 0.264163 0.366572
v 0.095357 0.271550 0.380863
v 0.046118 0.376237 0.320518
v 0.034167 0.377355 0.322345
v 0.024402 0.378614 0.325503
v 0.022697 0.378344 0.327377
v 0.019623 0.375997 0.339125
v 0.020065 0.372223 0.350915
v 0.014361 0.379923 0.315216
v 0.012585 0.379644 0.317163
v 0.107941 0.251517 0.366550
v 0.091882 0.346495 0.336070
v 0.077646 0.338793 0.351397
v 0.054512 0.357246 0.339601
v 0.066812 0.363691 0.327733
v 0.038955 0.356052 0.357992
v 0.047828 0.354486 0.347829
v 0.068184 0.336586 0.362008
v 0.058657 0.335682 0.377901
v 0.048376 0.336029 0.392754
v 0.030814 0.356589 0.369251
v 0.112278 0.297100 0.337241
v 0.103949 0.289663 0.351797
v 0.095342 0.314982 0.353168
v 0.108764 0.323319 0.334158
v 0.095759 0.290290 0.363645
v 0.085567 0.314036 0.365714
v 0.092820 0.285342 0.377018
v 0.078805 0.310324 0.384540
v 0.087242 0.283646 0.392208
v 0.068809 0.310542 0.403712
v 0.111444 0.277613 0.347501
v 0.106532 0.264340 0.361589
v 0.104229 0.265712 0.363674
v 0.103767 0.264059 0.366439
v 0.095137 0.271447 0.380730
v 0.046026 0.376003 0.320401
v 0.024309 0.378380 0.325386
v 0.034074 0.377122 0.322228
v 0.019530 0.375763 0.339008
v 0.022604 0.378110 0.327260
v 0.019972 0.371989 0.350798
v 0.012492 0.379410 0.317046
v 0.014268 0.379689 0.315099
v 0.107721 0.251413 0.366417
v -0.004452 0.347803 0.358581
v -0.014466 0.347575 0.344522
v -0.029325 0.324565 0.357111
v -0.016233 0.324885 0.373611
v -0.029896 0.353703 0.328899
v -0.052047 0.330999 0.337089
v -0.038257 0.326939 0.347136
v -0.021532 0.348273 0.336986
v -0.039436 0.358086 0.320990
v -0.064703 0.336310 0.326926
v -0.017790 0.298557 0.380309
v -0.034461 0.297762 0.363964
v -0.035651 0.272496 0.362634
v -0.022589 0.274699 0.373823
v -0.045092 0.301536 0.353991
v -0.045730 0.277031 0.354663
v -0.062122 0.302472 0.345102
v -0.058183 0.275027 0.349158
v -0.078861 0.307997 0.334752
v -0.071835 0.276955 0.342343
v -0.033216 0.258950 0.365280
v -0.046583 0.250418 0.355042
v -0.048182 0.252617 0.353335
v -0.050810 0.251602 0.352101
v -0.062734 0.262439 0.345924
v 0.005633 0.365087 0.345456
v 0.005409 0.370372 0.335271
v 0.003686 0.375154 0.326923
v 0.002120 0.375690 0.325174
v -0.008646 0.375848 0.320618
v -0.019951 0.373547 0.318618
v 0.014583 0.378762 0.319548
v 0.012956 0.379322 0.317728
v -0.051988 0.239176 0.351069
v -0.016077 0.324793 0.373431
v -0.029174 0.324474 0.356929
v -0.014319 0.347447 0.344348
v -0.004303 0.347674 0.358410
v -0.029752 0.353574 0.328727
v -0.021386 0.348146 0.336812
v -0.038108 0.326849 0.346955
v -0.051902 0.330902 0.336916
v -0.064561 0.336208 0.326755
v -0.039291 0.357956 0.320819
v -0.022445 0.274672 0.373606
v -0.035507 0.272468 0.362417
v -0.034308 0.297714 0.363762
v -0.017631 0.298510 0.380107
v -0.045586 0.277003 0.354446
v -0.044943 0.301489 0.353789
v -0.058038 0.274999 0.348941
v -0.061972 0.302419 0.344906
v -0.071690 0.276927 0.342126
v -0.078715 0.307936 0.334564
v -0.033072 0.258923 0.365063
v -0.046439 0.250390 0.354825
v -0.048038 0.252590 0.353118
v -0.050666 0.251574 0.351884
v -0.062589 0.262411 0.345707
v 0.005740 0.364903 0.345303
v 0.003793 0.374970 0.326770
v 0.005516 0.370188 0.335118
v -0.008539 0.375664 0.320465
v 0.002227 0.375506 0.325022
v -0.019844 0.373363 0.318465
v 0.013063 0.379138 0.317575
v 0.014690 0.378578 0.319395
v -0.051844 0.239149 0.350852
v -0.044391 0.419138 0.268910
v -0.053510 0.411157 0.244430
v -0.091324 0.392682 0.266885
v -0.078650 0.401765 0.296348
v -0.066762 0.412214 0.210894
v -0.113283 0.392866 0.223090
v -0.099203 0.390996 0.246933
v -0.060460 0.408460 0.229841
v -0.075352 0.414971 0.192153
v -0.125057 0.396071 0.198977
v -0.096456 0.370865 0.320477
v -0.114621 0.362193 0.289471
v -0.128213 0.326760 0.302364
v -0.112570 0.334542 0.323521
v -0.124283 0.362885 0.267703
v -0.137488 0.329823 0.283140
v -0.145053 0.362166 0.245470
v -0.154386 0.326329 0.269857
v -0.162578 0.366614 0.218648
v -0.170583 0.327602 0.251737
v -0.132359 0.309415 0.315547
v -0.151923 0.293703 0.299344
v -0.152495 0.295901 0.294799
v -0.156323 0.294294 0.292259
v -0.165893 0.307839 0.270566
v -0.016104 0.430606 0.246495
v -0.009830 0.430459 0.229453
v -0.006701 0.431366 0.214334
v -0.008025 0.431235 0.210763
v -0.021787 0.430965 0.198403
v -0.038543 0.429332 0.190668
v 0.013795 0.428020 0.208430
v 0.012423 0.427886 0.204714
v -0.163720 0.276749 0.297753
v -0.078399 0.401466 0.296250
v -0.091078 0.392384 0.266782
v -0.053291 0.410815 0.244358
v -0.044170 0.418795 0.268844
v -0.066548 0.411872 0.210824
v -0.060242 0.408118 0.229767
v -0.098960 0.390699 0.246828
v -0.113051 0.392567 0.222999
v -0.124833 0.395769 0.198890
v -0.075138 0.414627 0.192086
v -0.112288 0.334306 0.323328
v -0.127932 0.326524 0.302171
v -0.114342 0.361939 0.289316
v -0.096169 0.370610 0.320324
v -0.137207 0.329587 0.282947
v -0.124009 0.362633 0.267545
v -0.154104 0.326093 0.269664
v -0.144785 0.361911 0.245324
v -0.170301 0.327367 0.251544
v -0.162322 0.366354 0.218516
v -0.132078 0.309179 0.315354
v -0.151642 0.293467 0.299151
v -0.152213 0.295665 0.294607
v -0.156042 0.294059 0.292067
v -0.165612 0.307603 0.270373
v -0.015979 0.430212 0.246462
v -0.006576 0.430973 0.214301
v -0.009705 0.430065 0.229420
v -0.021662 0.430571 0.198370
v -0.007899 0.430841 0.210731
v -0.038418 0.428938 0.190635
v 0.012548 0.427492 0.204681
v 0.013920 0.427626 0.208397
v -0.163439 0.276513 0.297560
v -0.174376 0.411738 0.009676
v -0.189652 0.402197 -0.013281
v -0.227087 0.394198 0.019923
v -0.212084 0.404596 0.049151
v -0.209661 0.401459 -0.045463
v -0.251431 0.392872 -0.025547
v -0.235598 0.391435 -0.000481
v -0.199703 0.398893 -0.026514
v -0.265250 0.395176 -0.050712
v -0.279122 0.348214 0.078406
v -0.265046 0.373619 0.043349
v -0.290802 0.339947 0.048646
v -0.270030 0.373627 0.019201
v -0.293919 0.343153 0.026368
v -0.285927 0.373027 -0.007157
v -0.306126 0.339421 0.007781
v -0.297417 0.376368 -0.035632
v -0.315815 0.341334 -0.012220
v -0.299062 0.321304 0.058456
v -0.311453 0.303386 0.032400
v -0.310674 0.305888 0.027800
v -0.313374 0.304035 0.023926
v -0.316978 0.319390 0.002317
v -0.149070 0.415093 -0.022186
v -0.146469 0.411540 -0.040593
v -0.146447 0.409908 -0.056628
v -0.148574 0.409565 -0.059964
v -0.165146 0.410317 -0.069788
v -0.183951 0.410853 -0.074138
v -0.222540 0.403474 -0.064084
v -0.127635 0.401832 -0.065964
v -0.129842 0.401476 -0.069438
v -0.247595 0.381704 0.079923
v -0.320676 0.284857 0.026260
v -0.211898 0.404234 0.049112
v -0.226895 0.393837 0.019866
v -0.189502 0.401798 -0.013335
v -0.174222 0.411338 0.009630
v -0.209514 0.401062 -0.045514
v -0.199554 0.398495 -0.026569
v -0.235405 0.391076 -0.000542
v -0.251244 0.392514 -0.025599
v -0.265075 0.394817 -0.050764
v -0.222395 0.403075 -0.064133
v -0.278817 0.347946 0.078290
v -0.264788 0.373323 0.043259
v -0.247357 0.381384 0.079851
v -0.290467 0.339709 0.048534
v -0.293582 0.342917 0.026258
v -0.269768 0.373332 0.019107
v -0.305789 0.339182 0.007664
v -0.285679 0.372726 -0.007251
v -0.315495 0.341074 -0.012343
v -0.297184 0.376049 -0.035715
v -0.298713 0.321076 0.058347
v -0.311086 0.303179 0.032303
v -0.310307 0.305680 0.027702
v -0.313008 0.303827 0.023829
v -0.316625 0.319164 0.002205
v -0.149015 0.414665 -0.022178
v -0.146391 0.409480 -0.056621
v -0.146414 0.411111 -0.040585
v -0.165091 0.409888 -0.069780
v -0.148518 0.409137 -0.059957
v -0.183896 0.410425 -0.074130
v -0.129787 0.401048 -0.069430
v -0.127579 0.401403 -0.065957
v -0.320309 0.284649 0.026163
v -0.300239 0.342075 -0.093595
v -0.291277 0.337199 -0.113505
v -0.318946 0.309184 -0.120011
v -0.330375 0.314328 -0.094892
v -0.282395 0.340483 -0.141959
v -0.306066 0.313453 -0.158740
v -0.310986 0.309468 -0.136404
v -0.287048 0.335612 -0.126092
v -0.279097 0.343886 -0.158878
v -0.354660 0.283380 -0.100425
v -0.342940 0.279298 -0.129126
v -0.359737 0.251849 -0.139515
v -0.366931 0.255809 -0.118136
v -0.332982 0.281877 -0.146540
v -0.350395 0.255963 -0.154338
v -0.328877 0.284178 -0.171304
v -0.349026 0.255542 -0.172457
v -0.320996 0.290767 -0.195774
v -0.343706 0.259057 -0.191743
v -0.371765 0.237825 -0.138389
v -0.370244 0.227737 -0.161136
v -0.367216 0.229714 -0.163350
v -0.367278 0.228937 -0.167337
v -0.355776 0.241779 -0.182245
v -0.274614 0.360309 -0.093285
v -0.262051 0.363789 -0.101020
v -0.252661 0.367241 -0.109177
v -0.251638 0.367385 -0.112185
v -0.253822 0.366275 -0.127431
v -0.259882 0.362850 -0.141239
v -0.236187 0.369316 -0.102175
v -0.235119 0.369469 -0.105302
v -0.300246 0.318410 -0.179629
v -0.375438 0.215324 -0.171994
v -0.330125 0.314101 -0.094815
v -0.318696 0.308957 -0.119935
v -0.291028 0.336972 -0.113429
v -0.299989 0.341848 -0.093519
v -0.282145 0.340256 -0.141882
v -0.286798 0.335384 -0.126015
v -0.310737 0.309241 -0.136327
v -0.305817 0.313226 -0.158664
v -0.278847 0.343659 -0.158801
v -0.366682 0.255582 -0.118059
v -0.359487 0.251622 -0.139439
v -0.342690 0.279071 -0.129049
v -0.354411 0.283153 -0.100349
v -0.350145 0.255736 -0.154261
v -0.332732 0.281650 -0.146463
v -0.348777 0.255315 -0.172380
v -0.328627 0.283951 -0.171227
v -0.343456 0.258830 -0.191666
v -0.320747 0.290540 -0.195697
v -0.371515 0.237598 -0.138312
v -0.369994 0.227510 -0.161059
v -0.366967 0.229487 -0.163273
v -0.367028 0.228710 -0.167260
v -0.355526 0.241552 -0.182168
v -0.274426 0.360023 -0.093236
v -0.252473 0.366955 -0.109128
v -0.261864 0.363503 -0.100971
v -0.253634 0.365988 -0.127381
v -0.251450 0.367099 -0.112136
v -0.259694 0.362564 -0.141190
v -0.234931 0.369182 -0.105253
v -0.235999 0.369029 -0.102126
v -0.299996 0.318183 -0.179552
v -0.375188 0.215097 -0.171917
v -0.199791 0.389475 -0.125056
v -0.175049 0.378643 -0.134406
v -0.199156 0.352169 -0.170705
v -0.230756 0.364632 -0.159198
v -0.139953 0.377053 -0.149689
v -0.150806 0.349508 -0.190803
v -0.177097 0.348371 -0.177120
v -0.160143 0.374093 -0.141407
v -0.120275 0.378523 -0.160391
v -0.253886 0.333567 -0.192000
v -0.218352 0.321966 -0.206095
v -0.229837 0.292369 -0.235397
v -0.254805 0.301660 -0.223298
v -0.193060 0.320267 -0.211108
v -0.207066 0.293017 -0.238523
v -0.165601 0.319341 -0.227908
v -0.188892 0.290259 -0.252710
v -0.134157 0.322543 -0.240180
v -0.165304 0.290993 -0.263506
v -0.244591 0.278978 -0.248132
v -0.224643 0.263783 -0.267769
v -0.219537 0.265045 -0.266471
v -0.216025 0.263709 -0.270051
v -0.188956 0.274434 -0.269724
v -0.174227 0.403908 -0.097619
v -0.155760 0.403462 -0.091807
v -0.139461 0.403941 -0.089336
v -0.135741 0.403496 -0.090908
v -0.123356 0.401297 -0.106105
v -0.116120 0.397610 -0.124115
v -0.132214 0.401994 -0.067571
v -0.128342 0.401534 -0.069201
v -0.124886 0.351703 -0.202243
v -0.222054 0.249026 -0.284002
v -0.230692 0.364280 -0.158937
v -0.199091 0.351818 -0.170444
v -0.174984 0.378291 -0.134145
v -0.199726 0.389124 -0.124796
v -0.139889 0.376701 -0.149429
v -0.160079 0.373742 -0.141147
v -0.177033 0.348020 -0.176859
v -0.150742 0.349156 -0.190542
v -0.120211 0.378172 -0.160130
v -0.254741 0.301309 -0.223037
v -0.229773 0.292018 -0.235137
v -0.218288 0.321615 -0.205835
v -0.253821 0.333216 -0.191739
v -0.207002 0.292666 -0.238262
v -0.192996 0.319915 -0.210848
v -0.188827 0.289908 -0.252449
v -0.165536 0.318990 -0.227648
v -0.165239 0.290641 -0.263245
v -0.134092 0.322191 -0.239919
v -0.244527 0.278626 -0.247872
v -0.224578 0.263431 -0.267508
v -0.219473 0.264694 -0.266211
v -0.215960 0.263358 -0.269790
v -0.188891 0.274083 -0.269463
v -0.174204 0.403500 -0.097450
v -0.139438 0.403533 -0.089167
v -0.155736 0.403054 -0.091638
v -0.123332 0.400889 -0.105936
v -0.135717 0.403088 -0.090739
v -0.116096 0.397202 -0.123946
v -0.128319 0.401126 -0.069032
v -0.132191 0.401586 -0.067402
v -0.124821 0.351351 -0.201983
v -0.221989 0.248674 -0.283741
v -0.091603 0.401231 -0.099198
v -0.093922 0.400232 -0.103663
v -0.112552 0.416034 -0.101316
v -0.107248 0.418319 -0.091103
v -0.121864 0.417849 -0.079376
v -0.128334 0.415048 -0.085362
v -0.135263 0.407499 -0.070841
v -0.131961 0.408929 -0.067786
v -0.087452 0.422765 -0.057577
v -0.085352 0.419597 -0.061022
v -0.101903 0.422693 -0.078875
v -0.106706 0.429939 -0.070996
v -0.122980 0.421595 -0.071375
v -0.122076 0.417692 -0.079711
v -0.134119 0.406408 -0.073172
v -0.134580 0.408400 -0.068917
v -0.139456 0.434984 -0.028856
v -0.134351 0.435196 -0.028402
v -0.129002 0.437416 -0.052250
v -0.140678 0.436933 -0.053290
v -0.137509 0.422998 -0.068387
v -0.128304 0.423379 -0.067567
v -0.129418 0.406546 -0.072875
v -0.134116 0.406351 -0.073294
v -0.182251 0.414388 -0.072872
v -0.181858 0.416557 -0.068240
v -0.160584 0.428244 -0.071859
v -0.161483 0.423284 -0.082453
v -0.141650 0.417531 -0.080066
v -0.140942 0.421441 -0.071714
v -0.129342 0.408361 -0.068997
v -0.129703 0.406366 -0.073259
v -0.146091 0.393380 -0.117726
v -0.150930 0.394103 -0.116184
v -0.147042 0.413978 -0.102323
v -0.135975 0.412325 -0.105850
v -0.130575 0.414784 -0.085926
v -0.139299 0.416088 -0.083146
v -0.133286 0.408764 -0.068138
v -0.128833 0.408099 -0.069557
v -0.117114 0.434812 -0.066612
v -0.123961 0.427775 -0.072753
v -0.127436 0.430797 -0.069995
v -0.131657 0.407015 -0.072720
v -0.133762 0.407748 -0.071155
v -0.111400 0.423244 -0.086639
v -0.122848 0.423693 -0.084952
v -0.120863 0.426335 -0.080723
v -0.133494 0.407417 -0.071861
v -0.132590 0.408506 -0.069534
v -0.127003 0.419340 -0.099665
v -0.132692 0.419893 -0.089594
v -0.127952 0.422148 -0.088471
v -0.133421 0.408181 -0.070230
v -0.130744 0.408393 -0.069776
v -0.152098 0.423498 -0.087496
v -0.142944 0.426060 -0.080882
v -0.140807 0.423265 -0.084935
v -0.131214 0.408479 -0.069592
v -0.130255 0.407398 -0.071901
v -0.148244 0.438200 -0.071453
v -0.139929 0.430276 -0.072930
v -0.143029 0.429648 -0.077266
v -0.130140 0.407940 -0.070743
v -0.131678 0.406987 -0.072779
v -0.107248 0.418012 -0.090960
v -0.112552 0.415727 -0.101172
v -0.093922 0.399925 -0.103519
v -0.091603 0.400925 -0.099054
v -0.121864 0.417542 -0.079233
v -0.131961 0.408622 -0.067643
v -0.135263 0.407193 -0.070698
v -0.128334 0.414741 -0.085219
v -0.106707 0.429632 -0.070853
v -0.101903 0.422387 -0.078732
v -0.085352 0.419290 -0.060878
v -0.087452 0.422458 -0.057433
v -0.122980 0.421288 -0.071231
v -0.134580 0.408093 -0.068774
v -0.134119 0.406101 -0.073028
v -0.122076 0.417385 -0.079568
v -0.140678 0.436626 -0.053146
v -0.129002 0.437110 -0.052106
v -0.134351 0.434889 -0.028258
v -0.139456 0.434678 -0.028713
v -0.137509 0.422691 -0.068243
v -0.134116 0.406044 -0.073150
v -0.129418 0.406239 -0.072732
v -0.128304 0.423072 -0.067423
v -0.161483 0.422978 -0.082310
v -0.160584 0.427938 -0.071715
v -0.181859 0.416250 -0.068096
v -0.182251 0.414082 -0.072728
v -0.141650 0.417224 -0.079922
v -0.129703 0.406059 -0.073116
v -0.129342 0.408055 -0.068853
v -0.140942 0.421134 -0.071571
v -0.135975 0.412018 -0.105706
v -0.147042 0.413672 -0.102179
v -0.150930 0.393796 -0.116040
v -0.146091 0.393073 -0.117582
v -0.130575 0.414478 -0.085783
v -0.128833 0.407792 -0.069413
v -0.133286 0.408458 -0.067994
v -0.139299 0.415782 -0.083003
v -0.117114 0.434505 -0.066468
v -0.127436 0.430490 -0.069852
v -0.123961 0.427468 -0.072609
v -0.133762 0.407441 -0.071011
v -0.131657 0.406708 -0.072576
v -0.111400 0.422937 -0.086495
v -0.120863 0.426028 -0.080579
v -0.122848 0.423386 -0.084809
v -0.132590 0.408200 -0.069391
v -0.133494 0.407111 -0.071717
v -0.127003 0.419033 -0.099522
v -0.127952 0.421841 -0.088327
v -0.132692 0.419586 -0.089450
v -0.130744 0.408086 -0.069632
v -0.133421 0.407874 -0.070086
v -0.152099 0.423192 -0.087352
v -0.140807 0.422958 -0.084791
v -0.142944 0.425754 -0.080738
v -0.130255 0.407091 -0.071757
v -0.131214 0.408172 -0.069448
v -0.148244 0.437893 -0.071309
v -0.143030 0.429342 -0.077122
v -0.139929 0.429969 -0.072786
v -0.131678 0.406680 -0.072635
v -0.130140 0.407633 -0.070600
v 0.061164 0.436414 0.235273
v 0.064126 0.437437 0.231211
v 0.048901 0.452976 0.219852
v 0.042128 0.450637 0.229142
v 0.025715 0.447238 0.220749
v 0.028567 0.447612 0.211959
v 0.015453 0.435854 0.209587
v 0.013997 0.435664 0.214073
v 0.021893 0.439907 0.260939
v 0.026679 0.438093 0.260606
v 0.033069 0.449446 0.239807
v 0.022121 0.453593 0.240570
v 0.017399 0.447745 0.223894
v 0.025943 0.447244 0.220390
v 0.018253 0.435622 0.209393
v 0.013892 0.435878 0.211182
v -0.029730 0.445534 0.229602
v -0.027819 0.445030 0.234335
v -0.006055 0.455611 0.230251
v -0.010427 0.456763 0.219424
v 0.007784 0.449389 0.212631
v 0.011230 0.448480 0.221166
v 0.020132 0.435152 0.213689
v 0.018373 0.435616 0.209333
v -0.006553 0.447789 0.169180
v -0.010888 0.447976 0.171916
v -0.001503 0.457906 0.192302
v 0.008412 0.457479 0.186045
v 0.017261 0.449244 0.202957
v 0.009445 0.449580 0.207890
v 0.016385 0.435334 0.215757
v 0.020375 0.435163 0.213240
v 0.053859 0.441866 0.177907
v 0.050123 0.442440 0.174439
v 0.034446 0.455018 0.188521
v 0.042989 0.453705 0.196454
v 0.028083 0.447815 0.209694
v 0.021349 0.448851 0.203440
v 0.013729 0.435783 0.212724
v 0.017166 0.435254 0.215916
v 0.012213 0.457470 0.234397
v 0.016272 0.454049 0.224105
v 0.011470 0.456132 0.222918
v 0.018831 0.435754 0.211900
v 0.016334 0.436048 0.210853
v 0.035022 0.453887 0.228528
v 0.028199 0.454834 0.219219
v 0.024795 0.455445 0.223323
v 0.017146 0.435985 0.210724
v 0.015294 0.436006 0.212721
v 0.039879 0.456870 0.208631
v 0.028666 0.454124 0.207723
v 0.029246 0.455281 0.212932
v 0.015589 0.436058 0.211629
v 0.016381 0.435804 0.214223
v 0.016896 0.458633 0.192388
v 0.014826 0.457524 0.203728
v 0.020029 0.456281 0.203286
v 0.015985 0.435862 0.213904
v 0.018678 0.435650 0.213558
v 0.000906 0.465629 0.205945
v 0.008318 0.458056 0.210617
v 0.010701 0.459452 0.206015
v 0.017603 0.435694 0.214257
v 0.018879 0.435753 0.211851
v 0.042098 0.450301 0.229118
v 0.048872 0.452639 0.219828
v 0.064097 0.437100 0.231187
v 0.061135 0.436078 0.235249
v 0.025685 0.446902 0.220725
v 0.013967 0.435327 0.214050
v 0.015423 0.435518 0.209563
v 0.028537 0.447276 0.211935
v 0.022091 0.453257 0.240546
v 0.033040 0.449109 0.239783
v 0.026650 0.437757 0.260582
v 0.021863 0.439570 0.260915
v 0.017369 0.447409 0.223870
v 0.013862 0.435542 0.211158
v 0.018223 0.435286 0.209370
v 0.025914 0.446907 0.220366
v -0.010456 0.456427 0.219400
v -0.006085 0.455274 0.230227
v -0.027848 0.444694 0.234311
v -0.029760 0.445198 0.229578
v 0.007754 0.449052 0.212607
v 0.018343 0.435280 0.209309
v 0.020102 0.434816 0.213665
v 0.011200 0.448144 0.221142
v 0.008383 0.457143 0.186021
v -0.001533 0.457569 0.192278
v -0.010918 0.447640 0.171892
v -0.006583 0.447453 0.169156
v 0.017232 0.448907 0.202933
v 0.020345 0.434826 0.213216
v 0.016356 0.434998 0.215733
v 0.009415 0.449243 0.207866
v 0.042959 0.453368 0.196430
v 0.034416 0.454682 0.188497
v 0.050094 0.442104 0.174415
v 0.053829 0.441530 0.177883
v 0.028054 0.447479 0.209670
v 0.017137 0.434918 0.215893
v 0.013699 0.435446 0.212701
v 0.021319 0.448514 0.203416
v 0.012183 0.457133 0.234373
v 0.011441 0.455796 0.222894
v 0.016243 0.453713 0.224081
v 0.016304 0.435711 0.210829
v 0.018801 0.435418 0.211876
v 0.034993 0.453551 0.228504
v 0.024766 0.455109 0.223300
v 0.028169 0.454498 0.219195
v 0.015265 0.435670 0.212698
v 0.017117 0.435649 0.210700
v 0.039850 0.456534 0.208607
v 0.029216 0.454944 0.212908
v 0.028636 0.453788 0.207699
v 0.016351 0.435468 0.214199
v 0.015560 0.435721 0.211606
v 0.016866 0.458297 0.192364
v 0.019999 0.455945 0.203262
v 0.014797 0.457188 0.203704
v 0.018649 0.435313 0.213534
v 0.015956 0.435525 0.213880
v 0.000877 0.465293 0.205921
v 0.010672 0.459115 0.205991
v 0.008288 0.457720 0.210593
v 0.018849 0.435417 0.211827
v 0.017574 0.435358 0.214233
v 0.247088 0.489817 -0.046273
v 0.243397 0.491286 -0.050996
v 0.226303 0.510724 -0.036789
v 0.234744 0.507365 -0.025985
v 0.219552 0.503869 -0.009687
v 0.210311 0.504851 -0.015808
v 0.202641 0.490924 -0.001510
v 0.207357 0.490423 0.001614
v 0.264419 0.492583 0.007541
v 0.265459 0.490406 0.001861
v 0.244115 0.505309 -0.012076
v 0.241737 0.510290 0.000917
v 0.220555 0.504317 0.000971
v 0.219210 0.503897 -0.010067
v 0.203301 0.490646 -0.004822
v 0.203988 0.490860 0.000812
v 0.211906 0.501499 0.057423
v 0.217971 0.500592 0.056718
v 0.220869 0.513470 0.030305
v 0.206999 0.515544 0.031917
v 0.204528 0.507030 0.008530
v 0.215462 0.505395 0.007259
v 0.208849 0.489807 -0.005630
v 0.203269 0.490642 -0.004981
v 0.149514 0.507860 0.011200
v 0.151302 0.507933 0.017107
v 0.178525 0.518561 0.012886
v 0.174435 0.518397 -0.000623
v 0.196358 0.507416 -0.005565
v 0.199582 0.507546 0.005085
v 0.210053 0.489913 -0.000620
v 0.208408 0.489847 -0.006055
v 0.178646 0.499955 -0.056128
v 0.173466 0.500876 -0.052902
v 0.185507 0.515179 -0.030049
v 0.197355 0.513075 -0.037427
v 0.207545 0.505238 -0.015972
v 0.198204 0.506897 -0.010155
v 0.205716 0.490651 0.001494
v 0.210483 0.489804 -0.001475
v 0.231646 0.515371 0.010475
v 0.220822 0.511883 0.002424
v 0.218034 0.514479 0.007638
v 0.206397 0.490647 -0.004687
v 0.204401 0.491074 -0.002124
v 0.231951 0.511338 -0.017902
v 0.219039 0.513080 -0.012963
v 0.222737 0.513574 -0.007692
v 0.204509 0.491004 -0.003108
v 0.206229 0.490913 -0.000320
v 0.210651 0.516136 -0.029877
v 0.205834 0.512938 -0.017200
v 0.212122 0.514003 -0.016187
v 0.205062 0.491042 -0.001011
v 0.208304 0.490573 -0.001100
v 0.184573 0.519355 -0.008412
v 0.196974 0.517328 -0.002389
v 0.198055 0.515841 -0.008580
v 0.207811 0.490663 -0.000743
v 0.208261 0.490419 -0.003980
v 0.195566 0.526986 0.014565
v 0.202894 0.517567 0.007373
v 0.198415 0.519519 0.003151
v 0.208729 0.490434 -0.002509
v 0.206355 0.490649 -0.004758
v 0.234687 0.506963 -0.025962
v 0.226246 0.510321 -0.036767
v 0.243340 0.490883 -0.050974
v 0.247030 0.489415 -0.046250
v 0.219494 0.503466 -0.009664
v 0.207299 0.490020 0.001636
v 0.202583 0.490522 -0.001488
v 0.210254 0.504449 -0.015786
v 0.241680 0.509888 0.000939
v 0.244058 0.504907 -0.012053
v 0.265401 0.490003 0.001883
v 0.264361 0.492181 0.007564
v 0.220498 0.503914 0.000993
v 0.203930 0.490458 0.000834
v 0.203243 0.490243 -0.004800
v 0.219152 0.503494 -0.010045
v 0.206942 0.515141 0.031940
v 0.220811 0.513067 0.030328
v 0.217913 0.500190 0.056741
v 0.211849 0.501096 0.057446
v 0.204471 0.506627 0.008552
v 0.203211 0.490239 -0.004959
v 0.208792 0.489405 -0.005607
v 0.215404 0.504992 0.007281
v 0.174378 0.517994 -0.000601
v 0.178468 0.518159 0.012909
v 0.151244 0.507530 0.017129
v 0.149456 0.507458 0.011222
v 0.196300 0.507014 -0.005543
v 0.208350 0.489444 -0.006033
v 0.209996 0.489510 -0.000597
v 0.199524 0.507143 0.005107
v 0.197298 0.512672 -0.037405
v 0.185449 0.514777 -0.030026
v 0.173408 0.500473 -0.052880
v 0.178589 0.499553 -0.056106
v 0.207487 0.504835 -0.015949
v 0.210426 0.489401 -0.001453
v 0.205658 0.490248 0.001516
v 0.198147 0.506495 -0.010132
v 0.231588 0.514969 0.010497
v 0.217976 0.514077 0.007661
v 0.220765 0.511480 0.002447
v 0.204343 0.490672 -0.002102
v 0.206340 0.490244 -0.004665
v 0.231893 0.510935 -0.017879
v 0.222680 0.513172 -0.007669
v 0.218982 0.512678 -0.012940
v 0.206171 0.490510 -0.000297
v 0.204451 0.490602 -0.003085
v 0.210593 0.515733 -0.029854
v 0.212065 0.513600 -0.016164
v 0.205776 0.512536 -0.017177
v 0.208246 0.490170 -0.001078
v 0.205004 0.490639 -0.000989
v 0.184516 0.518952 -0.008389
v 0.197998 0.515438 -0.008557
v 0.196916 0.516926 -0.002367
v 0.208204 0.490016 -0.003958
v 0.207753 0.490261 -0.000721
v 0.195509 0.526583 0.014587
v 0.198357 0.519116 0.003173
v 0.202837 0.517164 0.007396
v 0.206298 0.490246 -0.004736
v 0.208671 0.490031 -0.002486
vt 0.320400 0.036000
vt 0.291600 0.051200
vt 0.287400 0.036400
vt 0.301800 0.066600
vt 0.290600 0.021500
vt 0.300700 0.006000
vt 0.103600 0.049700
vt 0.012000 0.042300
vt 0.011800 0.037300
vt 0.104300 0.040000
vt 0.102900 0.059600
vt 0.011000 0.047200
vt 0.010900 0.032400
vt 0.010800 0.027500
vt 0.103200 0.020400
vt 0.104300 0.030200
vt 0.277300 0.052300
vt 0.274800 0.036700
vt 0.278700 0.066600
vt 0.275800 0.020800
vt 0.278200 0.006200
vt 0.190500 0.053000
vt 0.189500 0.038400
vt 0.190800 0.066900
vt 0.190000 0.023500
vt 0.190700 0.009500
vt 0.147100 0.051300
vt 0.146900 0.039200
vt 0.146900 0.063300
vt 0.147200 0.026900
vt 0.146900 0.014900
vt 0.011800 0.037300
vt 0.007000 0.038200
vt 0.006100 0.033400
vt 0.010900 0.032400
vt 0.103600 0.049700
vt 0.012000 0.042300
vt 0.104300 0.040000
vt 0.102900 0.059600
vt 0.011000 0.047200
vt 0.010800 0.027500
vt 0.103200 0.020400
vt 0.104300 0.030200
vt 0.190500 0.053000
vt 0.147100 0.051300
vt 0.146900 0.039200
vt 0.189500 0.038400
vt 0.190800 0.066900
vt 0.146900 0.063300
vt 0.147200 0.026900
vt 0.146900 0.014900
vt 0.190700 0.009500
vt 0.190000 0.023500
vt 0.011800 0.037300
vt 0.007000 0.038200
vt 0.006100 0.033400
vt 0.010900 0.032400
vt 0.103600 0.049700
vt 0.012000 0.042300
vt 0.104300 0.040000
vt 0.102900 0.059600
vt 0.011000 0.047200
vt 0.010800 0.027500
vt 0.103200 0.020400
vt 0.104300 0.030200
vt 0.190500 0.053000
vt 0.147100 0.051300
vt 0.146900 0.039200
vt 0.189500 0.038400
vt 0.190800 0.066900
vt 0.146900 0.063300
vt 0.147200 0.026900
vt 0.146900 0.014900
vt 0.190700 0.009500
vt 0.190000 0.023500
vt 0.011800 0.037300
vt 0.007000 0.038200
vt 0.006100 0.033400
vt 0.010900 0.032400
vt 0.103600 0.049700
vt 0.012000 0.042300
vt 0.104300 0.040000
vt 0.102900 0.059600
vt 0.011000 0.047200
vt 0.010800 0.027500
vt 0.103200 0.020400
vt 0.104300 0.030200
vt 0.190500 0.053000
vt 0.147100 0.051300
vt 0.146900 0.039200
vt 0.189500 0.038400
vt 0.190800 0.066900
vt 0.146900 0.063300
vt 0.147200 0.026900
vt 0.146900 0.014900
vt 0.190700 0.009500
vt 0.190000 0.023500
vt 0.011000 0.047200
vt 0.012000 0.042300
vt 0.027000 0.352500
vt 0.015100 0.352400
vt 0.008000 0.278300
vt 0.035400 0.278500
vt 0.033100 0.209000
vt 0.011600 0.208800
vt 0.015800 0.158600
vt 0.029700 0.158700
vt 0.027000 0.352500
vt 0.015100 0.352400
vt 0.008000 0.278300
vt 0.035400 0.278500
vt 0.033100 0.209000
vt 0.011600 0.208800
vt 0.015800 0.158600
vt 0.029700 0.158700
vt 0.027000 0.352500
vt 0.015100 0.352400
vt 0.008000 0.278300
vt 0.035400 0.278500
vt 0.033100 0.209000
vt 0.011600 0.208800
vt 0.015800 0.158600
vt 0.029700 0.158700
vt 0.027000 0.352500
vt 0.015100 0.352400
vt 0.008000 0.278300
vt 0.035400 0.278500
vt 0.033100 0.209000
vt 0.011600 0.208800
vt 0.015800 0.158600
vt 0.029700 0.158700
vt 0.027000 0.352500
vt 0.015100 0.352400
vt 0.008000 0.278300
vt 0.035400 0.278500
vt 0.033100 0.209000
vt 0.011600 0.208800
vt 0.015800 0.158600
vt 0.029700 0.158700
vt 0.056400 0.313600
vt 0.046800 0.259300
vt 0.066900 0.259400
vt 0.052600 0.171700
vt 0.062700 0.171800
vt 0.056400 0.313600
vt 0.046800 0.259300
vt 0.066900 0.259400
vt 0.052600 0.171700
vt 0.062700 0.171800
vt 0.056400 0.313600
vt 0.046800 0.259300
vt 0.066900 0.259400
vt 0.052600 0.171700
vt 0.062700 0.171800
vt 0.056400 0.313600
vt 0.046800 0.259300
vt 0.066900 0.259400
vt 0.052600 0.171700
vt 0.062700 0.171800
vt 0.056400 0.313600
vt 0.046800 0.259300
vt 0.066900 0.259400
vt 0.052600 0.171700
vt 0.062700 0.171800
vt 0.035400 0.278500
vt 0.008000 0.278300
vt 0.015100 0.352400
vt 0.027000 0.352500
vt 0.033100 0.209000
vt 0.029700 0.158700
vt 0.015800 0.158600
vt 0.011600 0.208800
vt 0.035400 0.278500
vt 0.008000 0.278300
vt 0.015100 0.352400
vt 0.027000 0.352500
vt 0.033100 0.209000
vt 0.029700 0.158700
vt 0.015800 0.158600
vt 0.011600 0.208800
vt 0.035400 0.278500
vt 0.008000 0.278300
vt 0.015100 0.352400
vt 0.027000 0.352500
vt 0.033100 0.209000
vt 0.029700 0.158700
vt 0.015800 0.158600
vt 0.011600 0.208800
vt 0.035400 0.278500
vt 0.008000 0.278300
vt 0.015100 0.352400
vt 0.027000 0.352500
vt 0.033100 0.209000
vt 0.029700 0.158700
vt 0.015800 0.158600
vt 0.011600 0.208800
vt 0.035400 0.278500
vt 0.008000 0.278300
vt 0.015100 0.352400
vt 0.027000 0.352500
vt 0.033100 0.209000
vt 0.029700 0.158700
vt 0.015800 0.158600
vt 0.011600 0.208800
vt 0.056400 0.313600
vt 0.066900 0.259400
vt 0.046800 0.259300
vt 0.062700 0.171800
vt 0.052600 0.171700
vt 0.056400 0.313600
vt 0.066900 0.259400
vt 0.046800 0.259300
vt 0.062700 0.171800
vt 0.052600 0.171700
vt 0.056400 0.313600
vt 0.066900 0.259400
vt 0.046800 0.259300
vt 0.062700 0.171800
vt 0.052600 0.171700
vt 0.056400 0.313600
vt 0.066900 0.259400
vt 0.046800 0.259300
vt 0.062700 0.171800
vt 0.052600 0.171700
vt 0.056400 0.313600
vt 0.066900 0.259400
vt 0.046800 0.259300
vt 0.062700 0.171800
vt 0.052600 0.171700
vt 0.064500 0.431000
vt 0.140700 0.442400
vt 0.123500 0.578700
vt 0.027500 0.566700
vt 0.244600 0.441400
vt 0.266500 0.576100
vt 0.186400 0.576200
vt 0.186000 0.448900
vt 0.305000 0.441400
vt 0.012100 0.701500
vt 0.119100 0.714400
vt 0.127800 0.830500
vt 0.050500 0.814900
vt 0.188000 0.703100
vt 0.187500 0.814200
vt 0.274700 0.710700
vt 0.248500 0.828300
vt 0.365400 0.699100
vt 0.318300 0.825300
vt 0.107000 0.890800
vt 0.180300 0.935200
vt 0.191500 0.926000
vt 0.204200 0.931600
vt 0.268900 0.887500
vt 0.098100 0.336700
vt 0.139400 0.304600
vt 0.177600 0.281800
vt 0.188600 0.282000
vt 0.235800 0.306500
vt 0.273500 0.344100
vt 0.177500 0.271500
vt 0.188900 0.271700
vt 0.342900 0.570400
vt 0.206900 0.988500
vt 0.027500 0.566700
vt 0.123500 0.578700
vt 0.140700 0.442400
vt 0.064500 0.431000
vt 0.244600 0.441400
vt 0.186000 0.448900
vt 0.186400 0.576200
vt 0.266500 0.576100
vt 0.305000 0.441400
vt 0.050500 0.814900
vt 0.127800 0.830500
vt 0.119100 0.714400
vt 0.012100 0.701500
vt 0.187500 0.814200
vt 0.188000 0.703100
vt 0.248500 0.828300
vt 0.274700 0.710700
vt 0.318300 0.825300
vt 0.365400 0.699100
vt 0.107000 0.890800
vt 0.180300 0.935200
vt 0.191500 0.926000
vt 0.204200 0.931600
vt 0.268900 0.887500
vt 0.098100 0.336700
vt 0.177600 0.281800
vt 0.139400 0.304600
vt 0.235800 0.306500
vt 0.188600 0.282000
vt 0.273500 0.344100
vt 0.188900 0.271700
vt 0.177500 0.271500
vt 0.342900 0.570400
vt 0.206900 0.988500
vt 0.064500 0.431000
vt 0.140700 0.442400
vt 0.123500 0.578700
vt 0.027500 0.566700
vt 0.244600 0.441400
vt 0.266500 0.576100
vt 0.186400 0.576200
vt 0.186000 0.448900
vt 0.305000 0.441400
vt 0.342900 0.570400
vt 0.012100 0.701500
vt 0.119100 0.714400
vt 0.127800 0.830500
vt 0.050500 0.814900
vt 0.188000 0.703100
vt 0.187500 0.814200
vt 0.274700 0.710700
vt 0.248500 0.828300
vt 0.365400 0.699100
vt 0.318300 0.825300
vt 0.107000 0.890800
vt 0.180300 0.935200
vt 0.191500 0.926000
vt 0.204200 0.931600
vt 0.268900 0.887500
vt 0.098100 0.336700
vt 0.139400 0.304600
vt 0.177600 0.281800
vt 0.188600 0.282000
vt 0.235800 0.306500
vt 0.273500 0.344100
vt 0.177500 0.271500
vt 0.188900 0.271700
vt 0.206900 0.988500
vt 0.027500 0.566700
vt 0.123500 0.578700
vt 0.140700 0.442400
vt 0.064500 0.431000
vt 0.244600 0.441400
vt 0.186000 0.448900
vt 0.186400 0.576200
vt 0.266500 0.576100
vt 0.342900 0.570400
vt 0.305000 0.441400
vt 0.050500 0.814900
vt 0.127800 0.830500
vt 0.119100 0.714400
vt 0.012100 0.701500
vt 0.187500 0.814200
vt 0.188000 0.703100
vt 0.248500 0.828300
vt 0.274700 0.710700
vt 0.318300 0.825300
vt 0.365400 0.699100
vt 0.107000 0.890800
vt 0.180300 0.935200
vt 0.191500 0.926000
vt 0.204200 0.931600
vt 0.268900 0.887500
vt 0.098100 0.336700
vt 0.177600 0.281800
vt 0.139400 0.304600
vt 0.235800 0.306500
vt 0.188600 0.282000
vt 0.273500 0.344100
vt 0.188900 0.271700
vt 0.177500 0.271500
vt 0.206900 0.988500
vt 0.064500 0.431000
vt 0.140700 0.442400
vt 0.123500 0.578700
vt 0.027500 0.566700
vt 0.244600 0.441400
vt 0.266500 0.576100
vt 0.186400 0.576200
vt 0.186000 0.448900
vt 0.305000 0.441400
vt 0.012100 0.701500
vt 0.119100 0.714400
vt 0.127800 0.830500
vt 0.050500 0.814900
vt 0.188000 0.703100
vt 0.187500 0.814200
vt 0.274700 0.710700
vt 0.248500 0.828300
vt 0.365400 0.699100
vt 0.318300 0.825300
vt 0.107000 0.890800
vt 0.180300 0.935200
vt 0.191500 0.926000
vt 0.204200 0.931600
vt 0.268900 0.887500
vt 0.098100 0.336700
vt 0.139400 0.304600
vt 0.177600 0.281800
vt 0.188600 0.282000
vt 0.235800 0.306500
vt 0.273500 0.344100
vt 0.177500 0.271500
vt 0.188900 0.271700
vt 0.342900 0.570400
vt 0.206900 0.988500
vt 0.027500 0.566700
vt 0.123500 0.578700
vt 0.140700 0.442400
vt 0.064500 0.431000
vt 0.244600 0.441400
vt 0.186000 0.448900
vt 0.186400 0.576200
vt 0.266500 0.576100
vt 0.305000 0.441400
vt 0.050500 0.814900
vt 0.127800 0.830500
vt 0.119100 0.714400
vt 0.012100 0.701500
vt 0.187500 0.814200
vt 0.188000 0.703100
vt 0.248500 0.828300
vt 0.274700 0.710700
vt 0.318300 0.825300
vt 0.365400 0.699100
vt 0.107000 0.890800
vt 0.180300 0.935200
vt 0.191500 0.926000
vt 0.204200 0.931600
vt 0.268900 0.887500
vt 0.098100 0.336700
vt 0.177600 0.281800
vt 0.139400 0.304600
vt 0.235800 0.306500
vt 0.188600 0.282000
vt 0.273500 0.344100
vt 0.188900 0.271700
vt 0.177500 0.271500
vt 0.342900 0.570400
vt 0.206900 0.988500
vt 0.064500 0.431000
vt 0.140700 0.442400
vt 0.123500 0.578700
vt 0.027500 0.566700
vt 0.244600 0.441400
vt 0.266500 0.576100
vt 0.186400 0.576200
vt 0.186000 0.448900
vt 0.305000 0.441400
vt 0.050500 0.814900
vt 0.119100 0.714400
vt 0.127800 0.830500
vt 0.188000 0.703100
vt 0.187500 0.814200
vt 0.274700 0.710700
vt 0.248500 0.828300
vt 0.365400 0.699100
vt 0.318300 0.825300
vt 0.107000 0.890800
vt 0.180300 0.935200
vt 0.191500 0.926000
vt 0.204200 0.931600
vt 0.268900 0.887500
vt 0.098100 0.336700
vt 0.139400 0.304600
vt 0.177600 0.281800
vt 0.188600 0.282000
vt 0.235800 0.306500
vt 0.273500 0.344100
vt 0.177500 0.271500
vt 0.188900 0.271700
vt 0.012100 0.701500
vt 0.342900 0.570400
vt 0.206900 0.988500
vt 0.027500 0.566700
vt 0.123500 0.578700
vt 0.140700 0.442400
vt 0.064500 0.431000
vt 0.244600 0.441400
vt 0.186000 0.448900
vt 0.186400 0.576200
vt 0.266500 0.576100
vt 0.305000 0.441400
vt 0.050500 0.814900
vt 0.119100 0.714400
vt 0.012100 0.701500
vt 0.127800 0.830500
vt 0.187500 0.814200
vt 0.188000 0.703100
vt 0.248500 0.828300
vt 0.274700 0.710700
vt 0.318300 0.825300
vt 0.365400 0.699100
vt 0.107000 0.890800
vt 0.180300 0.935200
vt 0.191500 0.926000
vt 0.204200 0.931600
vt 0.268900 0.887500
vt 0.098100 0.336700
vt 0.177600 0.281800
vt 0.139400 0.304600
vt 0.235800 0.306500
vt 0.188600 0.282000
vt 0.273500 0.344100
vt 0.188900 0.271700
vt 0.177500 0.271500
vt 0.342900 0.570400
vt 0.206900 0.988500
vt 0.064500 0.431000
vt 0.140700 0.442400
vt 0.123500 0.578700
vt 0.027500 0.566700
vt 0.244600 0.441400
vt 0.266500 0.576100
vt 0.186400 0.576200
vt 0.186000 0.448900
vt 0.305000 0.441400
vt 0.050500 0.814900
vt 0.119100 0.714400
vt 0.127800 0.830500
vt 0.188000 0.703100
vt 0.187500 0.814200
vt 0.274700 0.710700
vt 0.248500 0.828300
vt 0.365400 0.699100
vt 0.318300 0.825300
vt 0.107000 0.890800
vt 0.180300 0.935200
vt 0.191500 0.926000
vt 0.204200 0.931600
vt 0.268900 0.887500
vt 0.098100 0.336700
vt 0.139400 0.304600
vt 0.177600 0.281800
vt 0.188600 0.282000
vt 0.235800 0.306500
vt 0.273500 0.344100
vt 0.177500 0.271500
vt 0.188900 0.271700
vt 0.012100 0.701500
vt 0.342900 0.570400
vt 0.206900 0.988500
vt 0.027500 0.566700
vt 0.123500 0.578700
vt 0.140700 0.442400
vt 0.064500 0.431000
vt 0.244600 0.441400
vt 0.186000 0.448900
vt 0.186400 0.576200
vt 0.266500 0.576100
vt 0.305000 0.441400
vt 0.050500 0.814900
vt 0.119100 0.714400
vt 0.012100 0.701500
vt 0.127800 0.830500
vt 0.187500 0.814200
vt 0.188000 0.703100
vt 0.248500 0.828300
vt 0.274700 0.710700
vt 0.318300 0.825300
vt 0.365400 0.699100
vt 0.107000 0.890800
vt 0.180300 0.935200
vt 0.191500 0.926000
vt 0.204200 0.931600
vt 0.268900 0.887500
vt 0.098100 0.336700
vt 0.177600 0.281800
vt 0.139400 0.304600
vt 0.235800 0.306500
vt 0.188600 0.282000
vt 0.273500 0.344100
vt 0.188900 0.271700
vt 0.177500 0.271500
vt 0.342900 0.570400
vt 0.206900 0.988500
vt 0.064500 0.431000
vt 0.140700 0.442400
vt 0.123500 0.578700
vt 0.027500 0.566700
vt 0.244600 0.441400
vt 0.266500 0.576100
vt 0.186400 0.576200
vt 0.186000 0.448900
vt 0.305000 0.441400
vt 0.342900 0.570400
vt 0.012100 0.701500
vt 0.119100 0.714400
vt 0.127800 0.830500
vt 0.050500 0.814900
vt 0.188000 0.703100
vt 0.187500 0.814200
vt 0.274700 0.710700
vt 0.248500 0.828300
vt 0.365400 0.699100
vt 0.318300 0.825300
vt 0.107000 0.890800
vt 0.180300 0.935200
vt 0.191500 0.926000
vt 0.204200 0.931600
vt 0.268900 0.887500
vt 0.098100 0.336700
vt 0.139400 0.304600
vt 0.177600 0.281800
vt 0.188600 0.282000
vt 0.235800 0.306500
vt 0.273500 0.344100
vt 0.177500 0.271500
vt 0.188900 0.271700
vt 0.206900 0.988500
vt 0.027500 0.566700
vt 0.123500 0.578700
vt 0.140700 0.442400
vt 0.064500 0.431000
vt 0.244600 0.441400
vt 0.186000 0.448900
vt 0.186400 0.576200
vt 0.266500 0.576100
vt 0.342900 0.570400
vt 0.305000 0.441400
vt 0.050500 0.814900
vt 0.127800 0.830500
vt 0.119100 0.714400
vt 0.012100 0.701500
vt 0.187500 0.814200
vt 0.188000 0.703100
vt 0.248500 0.828300
vt 0.274700 0.710700
vt 0.318300 0.825300
vt 0.365400 0.699100
vt 0.107000 0.890800
vt 0.180300 0.935200
vt 0.191500 0.926000
vt 0.204200 0.931600
vt 0.268900 0.887500
vt 0.098100 0.336700
vt 0.177600 0.281800
vt 0.139400 0.304600
vt 0.235800 0.306500
vt 0.188600 0.282000
vt 0.273500 0.344100
vt 0.188900 0.271700
vt 0.177500 0.271500
vt 0.206900 0.988500
vt 0.064500 0.431000
vt 0.140700 0.442400
vt 0.123500 0.578700
vt 0.027500 0.566700
vt 0.244600 0.441400
vt 0.266500 0.576100
vt 0.186400 0.576200
vt 0.186000 0.448900
vt 0.305000 0.441400
vt 0.342900 0.570400
vt 0.012100 0.701500
vt 0.119100 0.714400
vt 0.127800 0.830500
vt 0.050500 0.814900
vt 0.188000 0.703100
vt 0.187500 0.814200
vt 0.274700 0.710700
vt 0.248500 0.828300
vt 0.365400 0.699100
vt 0.318300 0.825300
vt 0.107000 0.890800
vt 0.180300 0.935200
vt 0.191500 0.926000
vt 0.204200 0.931600
vt 0.268900 0.887500
vt 0.098100 0.336700
vt 0.139400 0.304600
vt 0.177600 0.281800
vt 0.188600 0.282000
vt 0.235800 0.306500
vt 0.273500 0.344100
vt 0.177500 0.271500
vt 0.188900 0.271700
vt 0.206900 0.988500
vt 0.027500 0.566700
vt 0.123500 0.578700
vt 0.140700 0.442400
vt 0.064500 0.431000
vt 0.244600 0.441400
vt 0.186000 0.448900
vt 0.186400 0.576200
vt 0.266500 0.576100
vt 0.342900 0.570400
vt 0.305000 0.441400
vt 0.050500 0.814900
vt 0.127800 0.830500
vt 0.119100 0.714400
vt 0.012100 0.701500
vt 0.187500 0.814200
vt 0.188000 0.703100
vt 0.248500 0.828300
vt 0.274700 0.710700
vt 0.318300 0.825300
vt 0.365400 0.699100
vt 0.107000 0.890800
vt 0.180300 0.935200
vt 0.191500 0.926000
vt 0.204200 0.931600
vt 0.268900 0.887500
vt 0.098100 0.336700
vt 0.177600 0.281800
vt 0.139400 0.304600
vt 0.235800 0.306500
vt 0.188600 0.282000
vt 0.273500 0.344100
vt 0.188900 0.271700
vt 0.177500 0.271500
vt 0.206900 0.988500
vt 0.064500 0.431000
vt 0.140700 0.442400
vt 0.123500 0.578700
vt 0.027500 0.566700
vt 0.244600 0.441400
vt 0.266500 0.576100
vt 0.186400 0.576200
vt 0.186000 0.448900
vt 0.305000 0.441400
vt 0.342900 0.570400
vt 0.012100 0.701500
vt 0.119100 0.714400
vt 0.127800 0.830500
vt 0.050500 0.814900
vt 0.188000 0.703100
vt 0.187500 0.814200
vt 0.274700 0.710700
vt 0.248500 0.828300
vt 0.365400 0.699100
vt 0.318300 0.825300
vt 0.107000 0.890800
vt 0.180300 0.935200
vt 0.191500 0.926000
vt 0.204200 0.931600
vt 0.268900 0.887500
vt 0.098100 0.336700
vt 0.139400 0.304600
vt 0.177600 0.281800
vt 0.188600 0.282000
vt 0.235800 0.306500
vt 0.273500 0.344100
vt 0.177500 0.271500
vt 0.188900 0.271700
vt 0.206900 0.988500
vt 0.027500 0.566700
vt 0.123500 0.578700
vt 0.140700 0.442400
vt 0.064500 0.431000
vt 0.244600 0.441400
vt 0.186000 0.448900
vt 0.186400 0.576200
vt 0.266500 0.576100
vt 0.342900 0.570400
vt 0.305000 0.441400
vt 0.050500 0.814900
vt 0.127800 0.830500
vt 0.119100 0.714400
vt 0.012100 0.701500
vt 0.187500 0.814200
vt 0.188000 0.703100
vt 0.248500 0.828300
vt 0.274700 0.710700
vt 0.318300 0.825300
vt 0.365400 0.699100
vt 0.107000 0.890800
vt 0.180300 0.935200
vt 0.191500 0.926000
vt 0.204200 0.931600
vt 0.268900 0.887500
vt 0.098100 0.336700
vt 0.177600 0.281800
vt 0.139400 0.304600
vt 0.235800 0.306500
vt 0.188600 0.282000
vt 0.273500 0.344100
vt 0.188900 0.271700
vt 0.177500 0.271500
vt 0.206900 0.988500
vt 0.064500 0.431000
vt 0.140700 0.442400
vt 0.123500 0.578700
vt 0.027500 0.566700
vt 0.244600 0.441400
vt 0.266500 0.576100
vt 0.186400 0.576200
vt 0.186000 0.448900
vt 0.305000 0.441400
vt 0.342900 0.570400
vt 0.012100 0.701500
vt 0.119100 0.714400
vt 0.127800 0.830500
vt 0.050500 0.814900
vt 0.188000 0.703100
vt 0.187500 0.814200
vt 0.274700 0.710700
vt 0.248500 0.828300
vt 0.365400 0.699100
vt 0.318300 0.825300
vt 0.107000 0.890800
vt 0.180300 0.935200
vt 0.191500 0.926000
vt 0.204200 0.931600
vt 0.268900 0.887500
vt 0.098100 0.336700
vt 0.139400 0.304600
vt 0.177600 0.281800
vt 0.188600 0.282000
vt 0.235800 0.306500
vt 0.273500 0.344100
vt 0.177500 0.271500
vt 0.188900 0.271700
vt 0.206900 0.988500
vt 0.027500 0.566700
vt 0.123500 0.578700
vt 0.140700 0.442400
vt 0.064500 0.431000
vt 0.244600 0.441400
vt 0.186000 0.448900
vt 0.186400 0.576200
vt 0.266500 0.576100
vt 0.342900 0.570400
vt 0.305000 0.441400
vt 0.050500 0.814900
vt 0.127800 0.830500
vt 0.119100 0.714400
vt 0.012100 0.701500
vt 0.187500 0.814200
vt 0.188000 0.703100
vt 0.248500 0.828300
vt 0.274700 0.710700
vt 0.318300 0.825300
vt 0.365400 0.699100
vt 0.107000 0.890800
vt 0.180300 0.935200
vt 0.191500 0.926000
vt 0.204200 0.931600
vt 0.268900 0.887500
vt 0.098100 0.336700
vt 0.177600 0.281800
vt 0.139400 0.304600
vt 0.235800 0.306500
vt 0.188600 0.282000
vt 0.273500 0.344100
vt 0.188900 0.271700
vt 0.177500 0.271500
vt 0.206900 0.988500
vt 0.593200 0.573000
vt 0.517100 0.561600
vt 0.534300 0.425300
vt 0.630300 0.437300
vt 0.413200 0.562600
vt 0.391300 0.427900
vt 0.471400 0.427700
vt 0.471800 0.555000
vt 0.314900 0.433600
vt 0.607300 0.189000
vt 0.538700 0.289600
vt 0.530000 0.173500
vt 0.469700 0.300900
vt 0.470200 0.189700
vt 0.383100 0.293300
vt 0.409300 0.175600
vt 0.292400 0.304800
vt 0.339400 0.178700
vt 0.550700 0.113200
vt 0.477500 0.068700
vt 0.466300 0.078000
vt 0.453600 0.072300
vt 0.388800 0.116400
vt 0.559600 0.667300
vt 0.518400 0.699300
vt 0.480200 0.722200
vt 0.469200 0.722000
vt 0.421900 0.697500
vt 0.384200 0.659800
vt 0.352700 0.562500
vt 0.480300 0.732500
vt 0.468900 0.732300
vt 0.645700 0.302400
vt 0.450900 0.015500
vt 0.630300 0.437300
vt 0.534300 0.425300
vt 0.517100 0.561600
vt 0.593200 0.573000
vt 0.413200 0.562600
vt 0.471800 0.555000
vt 0.471400 0.427700
vt 0.391300 0.427900
vt 0.314900 0.433600
vt 0.352700 0.562500
vt 0.607300 0.189000
vt 0.538700 0.289600
vt 0.645700 0.302400
vt 0.530000 0.173500
vt 0.470200 0.189700
vt 0.469700 0.300900
vt 0.409300 0.175600
vt 0.383100 0.293300
vt 0.339400 0.178700
vt 0.292400 0.304800
vt 0.550700 0.113200
vt 0.477500 0.068700
vt 0.466300 0.078000
vt 0.453600 0.072300
vt 0.388800 0.116400
vt 0.559600 0.667300
vt 0.480200 0.722200
vt 0.518400 0.699300
vt 0.421900 0.697500
vt 0.469200 0.722000
vt 0.384200 0.659800
vt 0.468900 0.732300
vt 0.480300 0.732500
vt 0.450900 0.015500
vt 0.064500 0.431000
vt 0.140700 0.442400
vt 0.123500 0.578700
vt 0.027500 0.566700
vt 0.244600 0.441400
vt 0.266500 0.576100
vt 0.186400 0.576200
vt 0.186000 0.448900
vt 0.305000 0.441400
vt 0.012100 0.701500
vt 0.119100 0.714400
vt 0.127800 0.830500
vt 0.050500 0.814900
vt 0.188000 0.703100
vt 0.187500 0.814200
vt 0.274700 0.710700
vt 0.248500 0.828300
vt 0.365400 0.699100
vt 0.318300 0.825300
vt 0.107000 0.890800
vt 0.180300 0.935200
vt 0.191500 0.926000
vt 0.204200 0.931600
vt 0.268900 0.887500
vt 0.098100 0.336700
vt 0.139400 0.304600
vt 0.177600 0.281800
vt 0.188600 0.282000
vt 0.235800 0.306500
vt 0.273500 0.344100
vt 0.177500 0.271500
vt 0.188900 0.271700
vt 0.342900 0.570400
vt 0.206900 0.988500
vt 0.027500 0.566700
vt 0.123500 0.578700
vt 0.140700 0.442400
vt 0.064500 0.431000
vt 0.244600 0.441400
vt 0.186000 0.448900
vt 0.186400 0.576200
vt 0.266500 0.576100
vt 0.305000 0.441400
vt 0.050500 0.814900
vt 0.127800 0.830500
vt 0.119100 0.714400
vt 0.012100 0.701500
vt 0.187500 0.814200
vt 0.188000 0.703100
vt 0.248500 0.828300
vt 0.274700 0.710700
vt 0.318300 0.825300
vt 0.365400 0.699100
vt 0.107000 0.890800
vt 0.180300 0.935200
vt 0.191500 0.926000
vt 0.204200 0.931600
vt 0.268900 0.887500
vt 0.098100 0.336700
vt 0.177600 0.281800
vt 0.139400 0.304600
vt 0.235800 0.306500
vt 0.188600 0.282000
vt 0.273500 0.344100
vt 0.188900 0.271700
vt 0.177500 0.271500
vt 0.342900 0.570400
vt 0.206900 0.988500
vt 0.064500 0.431000
vt 0.140700 0.442400
vt 0.123500 0.578700
vt 0.027500 0.566700
vt 0.244600 0.441400
vt 0.266500 0.576100
vt 0.186400 0.576200
vt 0.186000 0.448900
vt 0.305000 0.441400
vt 0.012100 0.701500
vt 0.119100 0.714400
vt 0.127800 0.830500
vt 0.050500 0.814900
vt 0.188000 0.703100
vt 0.187500 0.814200
vt 0.274700 0.710700
vt 0.248500 0.828300
vt 0.365400 0.699100
vt 0.318300 0.825300
vt 0.107000 0.890800
vt 0.180300 0.935200
vt 0.191500 0.926000
vt 0.204200 0.931600
vt 0.268900 0.887500
vt 0.098100 0.336700
vt 0.139400 0.304600
vt 0.177600 0.281800
vt 0.188600 0.282000
vt 0.235800 0.306500
vt 0.273500 0.344100
vt 0.177500 0.271500
vt 0.188900 0.271700
vt 0.342900 0.570400
vt 0.206900 0.988500
vt 0.027500 0.566700
vt 0.123500 0.578700
vt 0.140700 0.442400
vt 0.064500 0.431000
vt 0.244600 0.441400
vt 0.186000 0.448900
vt 0.186400 0.576200
vt 0.266500 0.576100
vt 0.305000 0.441400
vt 0.050500 0.814900
vt 0.127800 0.830500
vt 0.119100 0.714400
vt 0.012100 0.701500
vt 0.187500 0.814200
vt 0.188000 0.703100
vt 0.248500 0.828300
vt 0.274700 0.710700
vt 0.318300 0.825300
vt 0.365400 0.699100
vt 0.107000 0.890800
vt 0.180300 0.935200
vt 0.191500 0.926000
vt 0.204200 0.931600
vt 0.268900 0.887500
vt 0.098100 0.336700
vt 0.177600 0.281800
vt 0.139400 0.304600
vt 0.235800 0.306500
vt 0.188600 0.282000
vt 0.273500 0.344100
vt 0.188900 0.271700
vt 0.177500 0.271500
vt 0.342900 0.570400
vt 0.206900 0.988500
vt 0.027000 0.352500
vt 0.015100 0.352400
vt 0.008000 0.278300
vt 0.035400 0.278500
vt 0.033100 0.209000
vt 0.011600 0.208800
vt 0.015800 0.158600
vt 0.029700 0.158700
vt 0.027000 0.352500
vt 0.015100 0.352400
vt 0.008000 0.278300
vt 0.035400 0.278500
vt 0.033100 0.209000
vt 0.011600 0.208800
vt 0.015800 0.158600
vt 0.029700 0.158700
vt 0.027000 0.352500
vt 0.015100 0.352400
vt 0.008000 0.278300
vt 0.035400 0.278500
vt 0.033100 0.209000
vt 0.011600 0.208800
vt 0.015800 0.158600
vt 0.029700 0.158700
vt 0.027000 0.352500
vt 0.015100 0.352400
vt 0.008000 0.278300
vt 0.035400 0.278500
vt 0.033100 0.209000
vt 0.011600 0.208800
vt 0.015800 0.158600
vt 0.029700 0.158700
vt 0.027000 0.352500
vt 0.015100 0.352400
vt 0.008000 0.278300
vt 0.035400 0.278500
vt 0.033100 0.209000
vt 0.011600 0.208800
vt 0.015800 0.158600
vt 0.029700 0.158700
vt 0.056400 0.313600
vt 0.046800 0.259300
vt 0.066900 0.259400
vt 0.052600 0.171700
vt 0.062700 0.171800
vt 0.056400 0.313600
vt 0.046800 0.259300
vt 0.066900 0.259400
vt 0.052600 0.171700
vt 0.062700 0.171800
vt 0.056400 0.313600
vt 0.046800 0.259300
vt 0.066900 0.259400
vt 0.052600 0.171700
vt 0.062700 0.171800
vt 0.056400 0.313600
vt 0.046800 0.259300
vt 0.066900 0.259400
vt 0.052600 0.171700
vt 0.062700 0.171800
vt 0.056400 0.313600
vt 0.046800 0.259300
vt 0.066900 0.259400
vt 0.052600 0.171700
vt 0.062700 0.171800
vt 0.035400 0.278500
vt 0.008000 0.278300
vt 0.015100 0.352400
vt 0.027000 0.352500
vt 0.033100 0.209000
vt 0.029700 0.158700
vt 0.015800 0.158600
vt 0.011600 0.208800
vt 0.035400 0.278500
vt 0.008000 0.278300
vt 0.015100 0.352400
vt 0.027000 0.352500
vt 0.033100 0.209000
vt 0.029700 0.158700
vt 0.015800 0.158600
vt 0.011600 0.208800
vt 0.035400 0.278500
vt 0.008000 0.278300
vt 0.015100 0.352400
vt 0.027000 0.352500
vt 0.033100 0.209000
vt 0.029700 0.158700
vt 0.015800 0.158600
vt 0.011600 0.208800
vt 0.035400 0.278500
vt 0.008000 0.278300
vt 0.015100 0.352400
vt 0.027000 0.352500
vt 0.033100 0.209000
vt 0.029700 0.158700
vt 0.015800 0.158600
vt 0.011600 0.208800
vt 0.035400 0.278500
vt 0.008000 0.278300
vt 0.015100 0.352400
vt 0.027000 0.352500
vt 0.033100 0.209000
vt 0.029700 0.158700
vt 0.015800 0.158600
vt 0.011600 0.208800
vt 0.056400 0.313600
vt 0.066900 0.259400
vt 0.046800 0.259300
vt 0.062700 0.171800
vt 0.052600 0.171700
vt 0.056400 0.313600
vt 0.066900 0.259400
vt 0.046800 0.259300
vt 0.062700 0.171800
vt 0.052600 0.171700
vt 0.056400 0.313600
vt 0.066900 0.259400
vt 0.046800 0.259300
vt 0.062700 0.171800
vt 0.052600 0.171700
vt 0.056400 0.313600
vt 0.066900 0.259400
vt 0.046800 0.259300
vt 0.062700 0.171800
vt 0.052600 0.171700
vt 0.056400 0.313600
vt 0.066900 0.259400
vt 0.046800 0.259300
vt 0.062700 0.171800
vt 0.052600 0.171700
vt 0.027000 0.352500
vt 0.015100 0.352400
vt 0.008000 0.278300
vt 0.035400 0.278500
vt 0.033100 0.209000
vt 0.011600 0.208800
vt 0.015800 0.158600
vt 0.029700 0.158700
vt 0.027000 0.352500
vt 0.015100 0.352400
vt 0.008000 0.278300
vt 0.035400 0.278500
vt 0.033100 0.209000
vt 0.011600 0.208800
vt 0.015800 0.158600
vt 0.029700 0.158700
vt 0.027000 0.352500
vt 0.015100 0.352400
vt 0.008000 0.278300
vt 0.035400 0.278500
vt 0.033100 0.209000
vt 0.011600 0.208800
vt 0.015800 0.158600
vt 0.029700 0.158700
vt 0.027000 0.352500
vt 0.015100 0.352400
vt 0.008000 0.278300
vt 0.035400 0.278500
vt 0.033100 0.209000
vt 0.011600 0.208800
vt 0.015800 0.158600
vt 0.029700 0.158700
vt 0.027000 0.352500
vt 0.015100 0.352400
vt 0.008000 0.278300
vt 0.035400 0.278500
vt 0.033100 0.209000
vt 0.011600 0.208800
vt 0.015800 0.158600
vt 0.029700 0.158700
vt 0.056400 0.313600
vt 0.046800 0.259300
vt 0.066900 0.259400
vt 0.052600 0.171700
vt 0.062700 0.171800
vt 0.056400 0.313600
vt 0.046800 0.259300
vt 0.066900 0.259400
vt 0.052600 0.171700
vt 0.062700 0.171800
vt 0.056400 0.313600
vt 0.046800 0.259300
vt 0.066900 0.259400
vt 0.052600 0.171700
vt 0.062700 0.171800
vt 0.056400 0.313600
vt 0.046800 0.259300
vt 0.066900 0.259400
vt 0.052600 0.171700
vt 0.062700 0.171800
vt 0.056400 0.313600
vt 0.046800 0.259300
vt 0.066900 0.259400
vt 0.052600 0.171700
vt 0.062700 0.171800
vt 0.035400 0.278500
vt 0.008000 0.278300
vt 0.015100 0.352400
vt 0.027000 0.352500
vt 0.033100 0.209000
vt 0.029700 0.158700
vt 0.015800 0.158600
vt 0.011600 0.208800
vt 0.035400 0.278500
vt 0.008000 0.278300
vt 0.015100 0.352400
vt 0.027000 0.352500
vt 0.033100 0.209000
vt 0.029700 0.158700
vt 0.015800 0.158600
vt 0.011600 0.208800
vt 0.035400 0.278500
vt 0.008000 0.278300
vt 0.015100 0.352400
vt 0.027000 0.352500
vt 0.033100 0.209000
vt 0.029700 0.158700
vt 0.015800 0.158600
vt 0.011600 0.208800
vt 0.035400 0.278500
vt 0.008000 0.278300
vt 0.015100 0.352400
vt 0.027000 0.352500
vt 0.033100 0.209000
vt 0.029700 0.158700
vt 0.015800 0.158600
vt 0.011600 0.208800
vt 0.035400 0.278500
vt 0.008000 0.278300
vt 0.015100 0.352400
vt 0.027000 0.352500
vt 0.033100 0.209000
vt 0.029700 0.158700
vt 0.015800 0.158600
vt 0.011600 0.208800
vt 0.056400 0.313600
vt 0.066900 0.259400
vt 0.046800 0.259300
vt 0.062700 0.171800
vt 0.052600 0.171700
vt 0.056400 0.313600
vt 0.066900 0.259400
vt 0.046800 0.259300
vt 0.062700 0.171800
vt 0.052600 0.171700
vt 0.056400 0.313600
vt 0.066900 0.259400
vt 0.046800 0.259300
vt 0.062700 0.171800
vt 0.052600 0.171700
vt 0.056400 0.313600
vt 0.066900 0.259400
vt 0.046800 0.259300
vt 0.062700 0.171800
vt 0.052600 0.171700
vt 0.056400 0.313600
vt 0.066900 0.259400
vt 0.046800 0.259300
vt 0.062700 0.171800
vt 0.052600 0.171700
vt 0.027000 0.352500
vt 0.015100 0.352400
vt 0.008000 0.278300
vt 0.035400 0.278500
vt 0.033100 0.209000
vt 0.011600 0.208800
vt 0.015800 0.158600
vt 0.029700 0.158700
vt 0.027000 0.352500
vt 0.015100 0.352400
vt 0.008000 0.278300
vt 0.035400 0.278500
vt 0.033100 0.209000
vt 0.011600 0.208800
vt 0.015800 0.158600
vt 0.029700 0.158700
vt 0.027000 0.352500
vt 0.015100 0.352400
vt 0.008000 0.278300
vt 0.035400 0.278500
vt 0.033100 0.209000
vt 0.011600 0.208800
vt 0.015800 0.158600
vt 0.029700 0.158700
vt 0.027000 0.352500
vt 0.015100 0.352400
vt 0.008000 0.278300
vt 0.035400 0.278500
vt 0.033100 0.209000
vt 0.011600 0.208800
vt 0.015800 0.158600
vt 0.029700 0.158700
vt 0.027000 0.352500
vt 0.015100 0.352400
vt 0.008000 0.278300
vt 0.035400 0.278500
vt 0.033100 0.209000
vt 0.011600 0.208800
vt 0.015800 0.158600
vt 0.029700 0.158700
vt 0.056400 0.313600
vt 0.046800 0.259300
vt 0.066900 0.259400
vt 0.052600 0.171700
vt 0.062700 0.171800
vt 0.056400 0.313600
vt 0.046800 0.259300
vt 0.066900 0.259400
vt 0.052600 0.171700
vt 0.062700 0.171800
vt 0.056400 0.313600
vt 0.046800 0.259300
vt 0.066900 0.259400
vt 0.052600 0.171700
vt 0.062700 0.171800
vt 0.056400 0.313600
vt 0.046800 0.259300
vt 0.066900 0.259400
vt 0.052600 0.171700
vt 0.062700 0.171800
vt 0.056400 0.313600
vt 0.046800 0.259300
vt 0.066900 0.259400
vt 0.052600 0.171700
vt 0.062700 0.171800
vt 0.035400 0.278500
vt 0.008000 0.278300
vt 0.015100 0.352400
vt 0.027000 0.352500
vt 0.033100 0.209000
vt 0.029700 0.158700
vt 0.015800 0.158600
vt 0.011600 0.208800
vt 0.035400 0.278500
vt 0.008000 0.278300
vt 0.015100 0.352400
vt 0.027000 0.352500
vt 0.033100 0.209000
vt 0.029700 0.158700
vt 0.015800 0.158600
vt 0.011600 0.208800
vt 0.035400 0.278500
vt 0.008000 0.278300
vt 0.015100 0.352400
vt 0.027000 0.352500
vt 0.033100 0.209000
vt 0.029700 0.158700
vt 0.015800 0.158600
vt 0.011600 0.208800
vt 0.035400 0.278500
vt 0.008000 0.278300
vt 0.015100 0.352400
vt 0.027000 0.352500
vt 0.033100 0.209000
vt 0.029700 0.158700
vt 0.015800 0.158600
vt 0.011600 0.208800
vt 0.035400 0.278500
vt 0.008000 0.278300
vt 0.015100 0.352400
vt 0.027000 0.352500
vt 0.033100 0.209000
vt 0.029700 0.158700
vt 0.015800 0.158600
vt 0.011600 0.208800
vt 0.056400 0.313600
vt 0.066900 0.259400
vt 0.046800 0.259300
vt 0.062700 0.171800
vt 0.052600 0.171700
vt 0.056400 0.313600
vt 0.066900 0.259400
vt 0.046800 0.259300
vt 0.062700 0.171800
vt 0.052600 0.171700
vt 0.056400 0.313600
vt 0.066900 0.259400
vt 0.046800 0.259300
vt 0.062700 0.171800
vt 0.052600 0.171700
vt 0.056400 0.313600
vt 0.066900 0.259400
vt 0.046800 0.259300
vt 0.062700 0.171800
vt 0.052600 0.171700
vt 0.056400 0.313600
vt 0.066900 0.259400
vt 0.046800 0.259300
vt 0.062700 0.171800
vt 0.052600 0.171700
vn 0.0000 -0.9962 -0.0872
vn 0.0000 0.0158 -0.9999
vn 0.9974 -0.0711 -0.0062
vn -0.9974 -0.0711 -0.0062
vn -0.0000 -0.1581 0.9874
vn -0.5952 -0.3856 -0.7051
vn -0.4921 0.0447 -0.8694
vn 0.6374 0.2274 -0.7362
vn 0.8560 -0.1471 -0.4955
vn -0.7940 0.2295 0.5629
vn -0.6989 0.7142 0.0380
vn 0.4177 0.8932 0.1665
vn 0.5190 0.3949 0.7581
vn 0.0031 0.2641 -0.9645
vn 0.9754 0.2181 0.0330
vn -0.9783 0.2048 0.0322
vn 0.0027 0.1592 0.9872
vn 0.0077 -0.0280 -0.9996
vn 0.9989 0.0407 0.0236
vn -0.9995 -0.0152 0.0270
vn 0.0059 0.0451 0.9990
vn -0.0087 -0.1689 -0.9856
vn 0.9934 0.1146 -0.0096
vn -0.9947 -0.0340 0.0966
vn 0.0449 0.2265 0.9730
vn 0.2946 -0.9502 -0.1012
vn 0.4165 -0.1469 -0.8972
vn 0.8024 0.5811 -0.1356
vn 0.6957 -0.2016 0.6895
vn -0.1854 0.0913 -0.9784
vn 0.4166 -0.1469 -0.8972
vn 0.2946 -0.9502 -0.1013
vn 0.2207 -0.9668 0.1287
vn -0.1086 0.9935 -0.0335
vn 0.8025 0.5811 -0.1356
vn 0.6956 -0.2016 0.6895
vn 0.1919 0.2464 0.9500
vn 0.0813 -0.1251 -0.9888
vn -0.1473 0.1434 -0.9786
vn 0.6090 -0.7822 -0.1312
vn 0.6800 -0.7328 0.0247
vn -0.7003 0.6990 -0.1449
vn -0.5814 0.8021 0.1364
vn 0.0702 -0.0230 0.9973
vn -0.0472 0.0426 0.9980
vn -0.0654 -0.9200 -0.3863
vn -0.6474 -0.5305 0.5472
vn -0.9184 0.3949 -0.0241
vn -0.3498 0.0718 -0.9341
vn -0.3943 -0.3869 0.8336
vn 0.1606 -0.7742 -0.6123
vn -0.1857 0.9039 0.3853
vn -0.9184 0.3949 -0.0240
vn 0.3266 0.5874 -0.7405
vn -0.6818 -0.5820 0.4433
vn -0.6144 -0.2266 0.7557
vn -0.2077 -0.8158 -0.5398
vn 0.0713 -0.6458 -0.7602
vn 0.1713 0.7384 0.6523
vn 0.2078 0.8655 0.4558
vn 0.6400 0.3238 -0.6968
vn 0.7203 0.3816 -0.5793
vn -0.4108 -0.8899 0.1981
vn 0.7267 -0.6486 0.2263
vn 0.4770 0.3202 0.8185
vn -0.6151 0.0484 0.7870
vn 0.9236 -0.3800 -0.0501
vn 0.7266 -0.6487 0.2263
vn -0.4108 -0.8900 0.1980
vn -0.5867 -0.8083 -0.0493
vn 0.4982 0.8618 0.0950
vn -0.7615 0.6213 0.1844
vn 0.7680 -0.5597 0.3114
vn 0.9860 -0.1656 -0.0211
vn -0.2947 -0.8443 0.4476
vn -0.6165 -0.6238 0.4804
vn 0.4261 0.7044 -0.5677
vn 0.2225 0.8968 -0.3824
vn -0.9333 0.3488 -0.0859
vn -0.9141 0.3549 -0.1961
vn -0.4922 0.0448 -0.8693
vn 0.4177 0.8932 0.1666
vn -0.4922 0.0447 -0.8693
vn 0.6352 0.7706 0.0517
vn 0.6538 0.6300 0.4191
vn 0.6591 0.5902 0.4661
vn 0.4771 0.1506 0.8659
vn 0.4588 0.1358 0.8781
vn 0.3976 -0.1005 0.9120
vn 0.6962 0.7132 0.0811
vn 0.6962 0.7133 0.0811
vn 0.4580 0.8145 0.3561
vn 0.4430 0.7846 0.4337
vn 0.0552 0.3813 0.9228
vn 0.0369 0.4462 0.8942
vn -0.1173 0.2480 0.9616
vn 0.7369 0.1853 0.6501
vn 0.5485 0.5607 0.6203
vn 0.5484 0.5607 0.6203
vn 0.0877 0.9253 0.3691
vn 0.0877 0.9252 0.3691
vn -0.1354 0.9695 0.2045
vn -0.1353 0.9695 0.2045
vn 0.1812 0.3671 0.9124
vn 0.4398 0.5963 0.6716
vn 0.6730 0.7337 0.0937
vn 0.6731 0.7337 0.0929
vn 0.6906 0.6994 -0.1841
vn 0.0136 0.8301 0.5574
vn 0.4071 0.6868 0.6022
vn 0.8484 0.2482 0.4676
vn 0.8487 0.2475 0.4673
vn 0.9386 0.0150 0.3446
vn 0.1731 0.8573 0.4849
vn -0.2241 0.7875 0.5741
vn -0.1417 0.8130 0.5648
vn -0.4902 0.6289 0.6035
vn -0.4911 0.6246 0.6073
vn 0.3929 0.6908 0.6070
vn 0.1915 0.2725 0.9429
vn 0.2120 0.3114 0.9263
vn -0.0066 -0.1450 0.9894
vn -0.0047 -0.1468 0.9891
vn 0.3531 0.3641 0.8618
vn 0.4578 -0.0253 0.8887
vn 0.4654 0.0052 0.8851
vn 0.7080 -0.3466 0.6153
vn 0.7377 -0.3449 0.5803
vn 0.4826 0.7428 0.4640
vn 0.7681 0.6327 0.0984
vn 0.7921 0.6081 0.0520
vn 0.8908 0.3643 -0.2717
vn 0.8926 0.3615 -0.2693
vn 0.5898 0.8071 0.0271
vn 0.4803 0.8524 -0.2068
vn 0.4953 0.8513 -0.1730
vn 0.3029 0.8800 -0.3658
vn 0.2922 0.8842 -0.3644
vn -0.6591 -0.5902 -0.4660
vn -0.6538 -0.6300 -0.4191
vn -0.6351 -0.7707 -0.0518
vn -0.4771 -0.1506 -0.8659
vn -0.3975 0.1004 -0.9121
vn -0.4588 -0.1358 -0.8781
vn -0.4430 -0.7847 -0.4337
vn -0.4580 -0.8145 -0.3560
vn -0.6962 -0.7132 -0.0812
vn -0.6963 -0.7132 -0.0812
vn -0.0552 -0.3813 -0.9228
vn 0.1173 -0.2480 -0.9616
vn -0.0369 -0.4462 -0.8942
vn -0.5485 -0.5607 -0.6203
vn -0.7370 -0.1853 -0.6501
vn -0.0876 -0.9253 -0.3691
vn 0.1353 -0.9695 -0.2045
vn 0.1354 -0.9694 -0.2046
vn -0.0877 -0.9252 -0.3691
vn -0.4398 -0.5962 -0.6716
vn -0.1812 -0.3671 -0.9124
vn -0.6729 -0.7338 -0.0937
vn -0.6906 -0.6994 0.1841
vn -0.6906 -0.6994 0.1842
vn -0.6730 -0.7337 -0.0929
vn -0.4070 -0.6868 -0.6022
vn -0.4071 -0.6868 -0.6022
vn -0.0136 -0.8301 -0.5574
vn -0.8484 -0.2481 -0.4677
vn -0.9386 -0.0150 -0.3446
vn -0.8487 -0.2475 -0.4674
vn -0.1731 -0.8573 -0.4849
vn 0.1436 -0.8135 -0.5635
vn 0.2269 -0.7855 -0.5758
vn 0.4838 -0.6316 -0.6058
vn 0.4831 -0.6280 -0.6101
vn -0.3929 -0.6908 -0.6070
vn -0.2109 -0.3111 -0.9267
vn -0.1918 -0.2711 -0.9433
vn 0.0047 0.1423 -0.9898
vn 0.0023 0.1434 -0.9897
vn -0.3530 -0.3640 -0.8619
vn -0.4555 0.0131 -0.8901
vn -0.4734 0.0431 -0.8798
vn -0.7147 0.2911 -0.6360
vn -0.7469 0.2747 -0.6055
vn -0.4826 -0.7428 -0.4641
vn -0.7907 -0.6099 -0.0530
vn -0.7682 -0.6323 -0.1003
vn -0.8907 -0.3613 0.2760
vn -0.8925 -0.3577 0.2748
vn -0.5898 -0.8071 -0.0271
vn -0.4962 -0.8499 0.1776
vn -0.4750 -0.8544 0.2106
vn -0.3086 -0.8835 0.3525
vn -0.2995 -0.8884 0.3480
vn 0.4152 0.8456 -0.3355
vn 0.3561 0.8627 -0.3591
vn 0.3752 0.8217 -0.4289
vn 0.4163 0.8064 -0.4201
vn 0.0126 0.8351 -0.5500
vn 0.0842 0.8017 -0.5917
vn 0.1985 0.8279 -0.5247
vn 0.1541 0.8669 -0.4741
vn 0.0355 0.8248 -0.5643
vn 0.3952 0.7652 -0.5083
vn 0.3744 0.7757 -0.5081
vn 0.3613 0.7585 -0.5424
vn 0.3866 0.7431 -0.5462
vn 0.2272 0.7852 -0.5760
vn 0.2385 0.7543 -0.6117
vn 0.1258 0.7652 -0.6314
vn 0.1574 0.7279 -0.6674
vn 0.1270 0.7691 -0.6263
vn 0.1696 0.7298 -0.6623
vn 0.3567 0.7677 -0.5323
vn 0.3922 0.7732 -0.4984
vn 0.2995 0.7578 -0.5797
vn 0.1523 0.7192 -0.6779
vn 0.2161 0.7074 -0.6729
vn 0.4234 0.8681 -0.2593
vn 0.3398 0.8887 -0.3077
vn 0.1066 0.9720 -0.2093
vn 0.0232 0.9614 -0.2742
vn -0.0519 0.8520 -0.5210
vn -0.0875 0.8305 -0.5500
vn -0.0932 0.9924 0.0809
vn -0.0933 0.9924 0.0808
vn 0.0920 0.7963 -0.5978
vn 0.2840 0.7603 -0.5842
vn -0.4348 -0.7965 0.4202
vn -0.3694 -0.8196 0.4380
vn -0.3550 -0.8619 0.3620
vn -0.4209 -0.8418 0.3380
vn -0.0125 -0.8351 0.5500
vn -0.1541 -0.8669 0.4741
vn -0.1985 -0.8279 0.5246
vn -0.0825 -0.8022 0.5913
vn -0.0355 -0.8248 0.5643
vn -0.3909 -0.7518 0.5311
vn -0.3586 -0.7601 0.5419
vn -0.3661 -0.7781 0.5104
vn -0.4076 -0.7707 0.4898
vn -0.2385 -0.7543 0.6117
vn -0.2272 -0.7852 0.5760
vn -0.1569 -0.7272 0.6683
vn -0.1236 -0.7651 0.6319
vn -0.1743 -0.7271 0.6641
vn -0.1312 -0.7692 0.6254
vn -0.3567 -0.7677 0.5323
vn -0.3922 -0.7732 0.4984
vn -0.2996 -0.7578 0.5797
vn -0.1523 -0.7192 0.6779
vn -0.2161 -0.7074 0.6729
vn -0.4233 -0.8681 0.2593
vn -0.1066 -0.9720 0.2093
vn -0.3397 -0.8888 0.3077
vn 0.0519 -0.8520 0.5210
vn -0.0232 -0.9614 0.2741
vn 0.0874 -0.8306 0.5500
vn 0.0933 -0.9923 -0.0809
vn 0.0932 -0.9923 -0.0810
vn -0.0927 -0.7987 0.5945
vn -0.2840 -0.7603 0.5842
vn -0.0484 0.8422 0.5369
vn -0.0302 0.8781 0.4776
vn 0.2012 0.7883 0.5815
vn 0.1780 0.7512 0.6357
vn 0.2282 0.9557 0.1861
vn 0.3886 0.8443 0.3691
vn 0.3075 0.8417 0.4438
vn 0.1283 0.9427 0.3080
vn 0.2505 0.9442 0.2139
vn 0.3933 0.8460 0.3601
vn 0.4199 0.4776 0.7717
vn 0.4717 0.4341 0.7675
vn 0.5843 0.1727 0.7930
vn 0.5717 0.1505 0.8066
vn 0.5510 0.5217 0.6514
vn 0.6818 0.1873 0.7071
vn 0.6478 0.4998 0.5750
vn 0.7573 0.1756 0.6290
vn 0.6070 0.5672 0.5566
vn 0.7357 0.1932 0.6492
vn 0.5805 0.1927 0.7911
vn 0.5397 0.2027 0.8171
vn 0.6398 0.1795 0.7473
vn 0.7679 0.1479 0.6233
vn 0.7327 0.1196 0.6700
vn -0.2255 0.8424 0.4894
vn -0.1668 0.8962 0.4112
vn -0.1879 0.9651 0.1825
vn -0.1095 0.9856 0.1287
vn 0.1505 0.9829 0.1065
vn 0.2062 0.9772 0.0499
vn -0.3464 0.9361 -0.0609
vn -0.3467 0.9360 -0.0608
vn 0.6509 0.1844 0.7364
vn -0.1616 -0.7449 -0.6474
vn -0.2073 -0.7932 -0.5726
vn 0.0198 -0.8783 -0.4777
vn 0.0450 -0.8283 -0.5585
vn -0.2278 -0.9557 -0.1862
vn -0.1277 -0.9429 -0.3076
vn -0.3071 -0.8421 -0.4433
vn -0.3871 -0.8422 -0.3754
vn -0.4076 -0.8392 -0.3601
vn -0.2513 -0.9440 -0.2138
vn -0.5641 -0.1591 -0.8102
vn -0.5854 -0.1744 -0.7918
vn -0.4764 -0.4363 -0.7633
vn -0.4062 -0.4806 -0.7772
vn -0.6819 -0.1869 -0.7071
vn -0.5511 -0.5216 -0.6513
vn -0.7533 -0.1802 -0.6325
vn -0.6419 -0.4959 -0.5849
vn -0.7436 -0.2203 -0.6312
vn -0.6202 -0.5683 -0.5407
vn -0.5805 -0.1927 -0.7911
vn -0.5396 -0.2028 -0.8171
vn -0.6397 -0.1795 -0.7473
vn -0.7679 -0.1479 -0.6232
vn -0.7327 -0.1196 -0.6700
vn 0.2256 -0.8426 -0.4891
vn 0.1881 -0.9651 -0.1823
vn 0.1671 -0.8963 -0.4108
vn -0.1503 -0.9829 -0.1063
vn 0.1097 -0.9856 -0.1284
vn -0.2062 -0.9773 -0.0497
vn 0.3469 -0.9359 0.0609
vn 0.3465 -0.9361 0.0611
vn -0.6509 -0.1844 -0.7364
vn 0.5439 0.8294 0.1277
vn 0.5237 0.8303 0.1904
vn 0.4573 0.8738 0.1655
vn 0.4642 0.8774 0.1214
vn 0.2809 0.8189 0.5004
vn 0.2534 0.8666 0.4300
vn 0.3488 0.8754 0.3347
vn 0.3942 0.8352 0.3834
vn 0.2718 0.8351 0.4783
vn 0.3740 0.9178 0.1335
vn 0.3753 0.9136 0.1564
vn 0.3379 0.9267 0.1647
vn 0.3322 0.9333 0.1362
vn 0.2953 0.9078 0.2977
vn 0.2545 0.9261 0.2786
vn 0.2155 0.8982 0.3831
vn 0.1763 0.9224 0.3436
vn 0.2219 0.8966 0.3832
vn 0.1846 0.9246 0.3334
vn 0.3493 0.9212 0.1716
vn 0.3850 0.9125 0.1384
vn 0.2956 0.9289 0.2231
vn 0.1619 0.9244 0.3454
vn 0.1762 0.9424 0.2845
vn 0.6091 0.7841 0.1191
vn 0.5689 0.7955 0.2086
vn 0.6171 0.6579 0.4317
vn 0.5440 0.6678 0.5081
vn 0.2908 0.7767 0.5587
vn 0.2465 0.7741 0.5831
vn 0.7461 0.3565 0.5623
vn 0.7460 0.3565 0.5624
vn 0.2482 0.8721 0.4217
vn 0.2898 0.9269 0.2383
vn -0.4626 -0.8808 -0.1007
vn -0.4484 -0.8774 -0.1708
vn -0.5211 -0.8318 -0.1914
vn -0.5414 -0.8320 -0.1214
vn -0.2809 -0.8189 -0.5004
vn -0.3942 -0.8352 -0.3834
vn -0.3488 -0.8754 -0.3347
vn -0.2535 -0.8657 -0.4316
vn -0.2718 -0.8351 -0.4782
vn -0.3490 -0.9275 -0.1343
vn -0.3384 -0.9259 -0.1678
vn -0.3731 -0.9130 -0.1651
vn -0.3931 -0.9113 -0.1227
vn -0.2545 -0.9261 -0.2786
vn -0.2953 -0.9078 -0.2977
vn -0.1750 -0.9226 -0.3438
vn -0.2145 -0.8976 -0.3850
vn -0.1829 -0.9267 -0.3282
vn -0.2238 -0.8977 -0.3794
vn -0.3493 -0.9211 -0.1716
vn -0.3850 -0.9125 -0.1383
vn -0.2956 -0.9289 -0.2230
vn -0.1619 -0.9244 -0.3453
vn -0.1762 -0.9424 -0.2844
vn -0.6091 -0.7841 -0.1192
vn -0.6171 -0.6580 -0.4315
vn -0.5689 -0.7955 -0.2087
vn -0.2908 -0.7767 -0.5587
vn -0.5441 -0.6678 -0.5080
vn -0.2465 -0.7741 -0.5830
vn -0.7460 -0.3566 -0.5624
vn -0.7461 -0.3566 -0.5623
vn -0.2522 -0.8710 -0.4217
vn -0.2899 -0.9269 -0.2382
vn 0.4537 0.8176 -0.3545
vn 0.3758 0.8460 -0.3783
vn 0.5197 0.5229 -0.6757
vn 0.5196 0.5584 -0.6467
vn -0.0418 0.8074 -0.5885
vn 0.1768 0.5073 -0.8434
vn 0.3320 0.5159 -0.7897
vn 0.1380 0.8441 -0.5181
vn 0.0065 0.7850 -0.6195
vn 0.6866 -0.2181 -0.6936
vn 0.6222 -0.0150 -0.7827
vn 0.6480 -0.2719 -0.7115
vn 0.4266 -0.0073 -0.9044
vn 0.4118 -0.3162 -0.8546
vn 0.2581 -0.0273 -0.9657
vn 0.2080 -0.3431 -0.9160
vn 0.2801 0.0965 -0.9551
vn 0.2046 -0.2913 -0.9345
vn 0.6962 -0.2408 -0.6762
vn 0.6175 -0.2262 -0.7533
vn 0.4684 -0.3045 -0.8294
vn 0.2529 -0.3210 -0.9127
vn 0.2368 -0.4009 -0.8850
vn 0.4150 0.8906 -0.1859
vn 0.3205 0.9179 -0.2340
vn 0.0368 0.9955 -0.0874
vn -0.0768 0.9833 -0.1653
vn -0.1726 0.8675 -0.4664
vn -0.2077 0.8410 -0.4995
vn -0.1916 0.9383 0.2880
vn -0.1918 0.9383 0.2879
vn 0.6212 0.1217 -0.7741
vn 0.2261 0.5395 -0.8111
vn 0.4418 -0.2057 -0.8732
vn -0.5234 -0.5604 0.6418
vn -0.5175 -0.5251 0.6757
vn -0.3743 -0.8447 0.3827
vn -0.4614 -0.8118 0.3578
vn 0.0418 -0.8072 0.5889
vn -0.1381 -0.8439 0.5184
vn -0.3320 -0.5156 0.7899
vn -0.2005 -0.4945 0.8457
vn -0.0064 -0.7845 0.6201
vn -0.6866 0.2189 0.6933
vn -0.6224 0.0161 0.7825
vn -0.6215 -0.1206 0.7741
vn -0.6480 0.2722 0.7114
vn -0.4119 0.3169 0.8544
vn -0.4266 0.0083 0.9044
vn -0.2206 0.3303 0.9177
vn -0.2947 0.0430 0.9546
vn -0.1458 0.2170 0.9652
vn -0.2176 -0.0989 0.9710
vn -0.6964 0.2406 0.6761
vn -0.6175 0.2261 0.7534
vn -0.4685 0.3045 0.8293
vn -0.2532 0.3210 0.9126
vn -0.2370 0.4011 0.8849
vn -0.4153 -0.8904 0.1864
vn -0.0370 -0.9955 0.0878
vn -0.3206 -0.9177 0.2345
vn 0.1722 -0.8674 0.4669
vn 0.0766 -0.9832 0.1656
vn 0.2074 -0.8408 0.5001
vn 0.1917 -0.9383 -0.2878
vn 0.1916 -0.9383 -0.2879
vn -0.2123 -0.4985 0.8405
vn -0.4419 0.2057 0.8732
vn -0.4057 0.9128 0.0470
vn -0.3511 0.9362 -0.0155
vn -0.1246 0.9137 0.3867
vn -0.1575 0.9213 0.3556
vn 0.0720 0.9740 -0.2146
vn 0.2130 0.9536 0.2127
vn 0.0737 0.9511 0.2999
vn -0.1056 0.9857 -0.1312
vn 0.0691 0.9856 -0.1541
vn 0.0796 0.4037 0.9114
vn 0.0955 0.6014 0.7932
vn 0.1382 0.3689 0.9191
vn 0.2980 0.6533 0.6959
vn 0.4021 0.3894 0.8287
vn 0.4556 0.6500 0.6082
vn 0.5857 0.3751 0.7185
vn 0.3840 0.7387 0.5540
vn 0.5786 0.4249 0.6962
vn 0.0715 0.3771 0.9234
vn 0.1661 0.4249 0.8899
vn 0.3441 0.3911 0.8536
vn 0.5451 0.3969 0.7385
vn 0.5707 0.3169 0.7575
vn -0.5173 0.8510 -0.0908
vn -0.4359 0.8866 -0.1548
vn -0.3746 0.8014 -0.4662
vn -0.2457 0.8238 -0.5108
vn 0.0556 0.9175 -0.3939
vn 0.1105 0.9134 -0.3918
vn -0.4401 0.4769 -0.7608
vn -0.4400 0.4769 -0.7609
vn 0.0350 0.6971 0.7161
vn 0.1471 0.9647 0.2183
vn 0.3491 0.4885 0.7997
vn 0.1639 -0.9203 -0.3553
vn 0.1241 -0.9150 -0.3839
vn 0.3468 -0.9378 0.0140
vn 0.4063 -0.9119 -0.0572
vn -0.0723 -0.9741 0.2143
vn 0.1054 -0.9858 0.1309
vn -0.0739 -0.9510 -0.3002
vn -0.2042 -0.9496 -0.2379
vn -0.0698 -0.9856 0.1537
vn -0.0798 -0.4029 -0.9118
vn -0.0958 -0.6006 -0.7938
vn -0.0353 -0.6963 -0.7169
vn -0.1383 -0.3686 -0.9193
vn -0.4022 -0.3887 -0.8290
vn -0.2984 -0.6526 -0.6965
vn -0.5733 -0.3878 -0.7218
vn -0.4310 -0.6373 -0.6388
vn -0.6063 -0.4901 -0.6262
vn -0.4340 -0.7403 -0.5133
vn -0.0712 -0.3773 -0.9233
vn -0.1662 -0.4249 -0.8898
vn -0.3443 -0.3912 -0.8535
vn -0.5450 -0.3968 -0.7386
vn -0.5705 -0.3168 -0.7577
vn 0.5171 -0.8512 0.0902
vn 0.3744 -0.8016 0.4660
vn 0.4356 -0.8868 0.1544
vn -0.0557 -0.9177 0.3933
vn 0.2454 -0.8241 0.5105
vn -0.1108 -0.9136 0.3912
vn 0.4400 -0.4770 0.7608
vn 0.4402 -0.4769 0.7608
vn -0.1915 -0.9511 -0.2422
vn -0.3492 -0.4884 -0.7997
vn 0.1932 0.8661 0.4610
vn 0.2125 0.8926 0.3977
vn 0.4147 0.8134 0.4079
vn 0.4422 0.7703 0.4595
vn 0.3573 0.9305 0.0811
vn 0.4560 0.8821 0.1180
vn 0.4403 0.8678 0.2302
vn 0.2967 0.9342 0.1981
vn 0.3636 0.9270 0.0924
vn 0.4360 0.8913 0.1243
vn 0.7306 0.5687 0.3778
vn 0.7170 0.5926 0.3671
vn 0.8061 0.5086 0.3026
vn 0.8345 0.4584 0.3057
vn 0.6957 0.6824 0.2242
vn 0.8179 0.5471 0.1783
vn 0.6974 0.7093 0.1027
vn 0.8298 0.5543 0.0647
vn 0.6457 0.7535 0.1235
vn 0.8157 0.5709 0.0936
vn 0.7905 0.5341 0.2996
vn 0.7713 0.5347 0.3453
vn 0.8145 0.5332 0.2287
vn 0.8511 0.5225 0.0515
vn 0.8626 0.4940 0.1089
vn 0.1357 0.8648 0.4834
vn 0.1755 0.8999 0.3993
vn 0.0595 0.9792 0.1939
vn 0.1182 0.9860 0.1180
vn 0.3655 0.9300 0.0383
vn 0.3962 0.9181 0.0040
vn -0.2206 0.9753 0.0148
vn 0.8146 0.5392 0.2135
vn -0.4531 -0.7427 -0.4930
vn -0.4267 -0.8138 -0.3944
vn -0.2171 -0.8925 -0.3954
vn -0.1994 -0.8595 -0.4707
vn -0.3569 -0.9307 -0.0806
vn -0.2964 -0.9343 -0.1979
vn -0.4401 -0.8680 -0.2299
vn -0.4632 -0.8767 -0.1301
vn -0.4564 -0.8824 -0.1143
vn -0.3623 -0.9275 -0.0925
vn -0.8093 -0.4819 -0.3360
vn -0.8036 -0.5158 -0.2969
vn -0.7188 -0.6012 -0.3492
vn -0.7099 -0.5691 -0.4149
vn -0.8180 -0.5469 -0.1782
vn -0.6959 -0.6823 -0.2240
vn -0.8268 -0.5580 -0.0703
vn -0.6996 -0.7048 -0.1173
vn -0.7987 -0.5971 -0.0747
vn -0.6419 -0.7610 -0.0945
vn -0.7905 -0.5341 -0.2996
vn -0.7713 -0.5347 -0.3452
vn -0.8145 -0.5332 -0.2286
vn -0.8511 -0.5225 -0.0514
vn -0.8626 -0.4941 -0.1089
vn -0.1356 -0.8649 -0.4832
vn -0.0594 -0.9792 -0.1938
vn -0.1754 -0.9000 -0.3991
vn -0.3653 -0.9301 -0.0383
vn -0.1180 -0.9860 -0.1180
vn -0.3960 -0.9182 -0.0041
vn 0.2205 -0.9753 -0.0147
vn 0.2206 -0.9753 -0.0148
vn -0.8146 -0.5393 -0.2134
vn 0.2427 0.7321 0.6365
vn 0.2829 0.7602 0.5849
vn 0.4544 0.6332 0.6266
vn 0.4578 0.5789 0.6748
vn 0.5098 0.7982 0.3209
vn 0.5831 0.7232 0.3701
vn 0.5362 0.7001 0.4716
vn 0.4230 0.8030 0.4200
vn 0.5121 0.7920 0.3324
vn 0.5646 0.7362 0.3732
vn 0.7090 0.3237 0.6265
vn 0.7039 0.3514 0.6173
vn 0.7872 0.2562 0.5610
vn 0.8026 0.2006 0.5617
vn 0.7398 0.4597 0.4912
vn 0.8387 0.3049 0.4513
vn 0.7786 0.4994 0.3799
vn 0.8810 0.3223 0.3463
vn 0.7337 0.5522 0.3959
vn 0.8636 0.3383 0.3738
vn 0.7786 0.2849 0.5591
vn 0.7487 0.2848 0.5987
vn 0.8194 0.2864 0.4965
vn 0.8978 0.2880 0.3331
vn 0.8878 0.2511 0.3856
vn 0.1824 0.7422 0.6449
vn 0.2491 0.7761 0.5794
vn 0.2099 0.9050 0.3701
vn 0.2863 0.9060 0.3118
vn 0.5286 0.8008 0.2815
vn 0.5640 0.7859 0.2536
vn -0.0084 0.9909 0.1344
vn -0.0083 0.9909 0.1343
vn 0.8247 0.2941 0.4830
vn -0.4537 -0.5457 -0.7046
vn -0.4693 -0.6322 -0.6165
vn -0.2878 -0.7593 -0.5837
vn -0.2446 -0.7230 -0.6461
vn -0.5095 -0.7986 -0.3203
vn -0.4227 -0.8032 -0.4197
vn -0.5361 -0.7004 -0.4713
vn -0.5856 -0.7147 -0.3824
vn -0.5846 -0.7238 -0.3667
vn -0.5109 -0.7928 -0.3323
vn -0.7758 -0.2258 -0.5891
vn -0.7878 -0.2644 -0.5562
vn -0.7120 -0.3613 -0.6021
vn -0.6799 -0.3248 -0.6575
vn -0.8388 -0.3048 -0.4512
vn -0.7400 -0.4596 -0.4911
vn -0.8775 -0.3259 -0.3517
vn -0.7760 -0.4929 -0.3936
vn -0.8580 -0.3699 -0.3564
vn -0.7392 -0.5637 -0.3685
vn -0.7786 -0.2849 -0.5592
vn -0.7487 -0.2848 -0.5987
vn -0.8194 -0.2864 -0.4965
vn -0.8978 -0.2881 -0.3331
vn -0.8878 -0.2511 -0.3856
vn -0.1824 -0.7424 -0.6447
vn -0.2098 -0.9050 -0.3700
vn -0.2491 -0.7762 -0.5792
vn -0.5284 -0.8009 -0.2815
vn -0.2862 -0.9060 -0.3117
vn -0.5637 -0.7860 -0.2537
vn 0.0083 -0.9909 -0.1344
vn 0.0084 -0.9909 -0.1344
vn -0.8247 -0.2941 -0.4830
vn -0.6162 0.6543 0.4384
vn -0.5684 0.6603 0.4909
vn -0.6390 0.4845 0.5974
vn -0.6904 0.4379 0.5758
vn -0.3332 0.5853 0.7392
vn -0.3957 0.4942 0.7741
vn -0.4917 0.5005 0.7126
vn -0.4201 0.6317 0.6516
vn -0.3453 0.5799 0.7379
vn -0.3956 0.5133 0.7616
vn -0.6898 0.1052 0.7163
vn -0.6784 0.1317 0.7228
vn -0.6389 0.0074 0.7693
vn -0.6449 -0.0497 0.7626
vn -0.5514 0.2057 0.8085
vn -0.5337 0.0223 0.8454
vn -0.4437 0.2167 0.8696
vn -0.4341 0.0120 0.9008
vn -0.4506 0.2837 0.8465
vn -0.4581 0.0360 0.8882
vn -0.6342 0.0369 0.7723
vn -0.6695 0.0518 0.7410
vn -0.5772 0.0169 0.8164
vn -0.4252 -0.0272 0.9047
vn -0.4782 -0.0523 0.8767
vn -0.6162 0.6866 0.3858
vn -0.5577 0.6868 0.4662
vn -0.3377 0.7988 0.4979
vn -0.2895 0.7658 0.5743
vn -0.2964 0.5768 0.7612
vn -0.2742 0.5471 0.7909
vn -0.0716 0.9336 0.3511
vn -0.0716 0.9336 0.3512
vn -0.5641 0.0206 0.8255
vn 0.7214 -0.4119 -0.5567
vn 0.6309 -0.4771 -0.6118
vn 0.5678 -0.6575 -0.4952
vn 0.6265 -0.6462 -0.4358
vn 0.3326 -0.5857 -0.7392
vn 0.4198 -0.6319 -0.6515
vn 0.4914 -0.5007 -0.7126
vn 0.4087 -0.4867 -0.7721
vn 0.3925 -0.4939 -0.7759
vn 0.3450 -0.5810 -0.7372
vn 0.6671 0.0137 -0.7448
vn 0.6337 -0.0142 -0.7734
vn 0.6637 -0.1362 -0.7355
vn 0.7167 -0.1200 -0.6870
vn 0.5337 -0.0221 -0.8454
vn 0.5513 -0.2055 -0.8086
vn 0.4388 -0.0172 -0.8984
vn 0.4573 -0.2131 -0.8634
vn 0.4383 -0.0655 -0.8965
vn 0.4235 -0.2895 -0.8584
vn 0.6342 -0.0369 -0.7723
vn 0.6695 -0.0518 -0.7410
vn 0.5772 -0.0169 -0.8164
vn 0.4252 0.0272 -0.9047
vn 0.4783 0.0523 -0.8767
vn 0.6160 -0.6868 -0.3858
vn 0.3375 -0.7988 -0.4980
vn 0.5575 -0.6869 -0.4662
vn 0.2964 -0.5769 -0.7611
vn 0.2894 -0.7658 -0.5743
vn 0.2742 -0.5473 -0.7907
vn 0.0715 -0.9336 -0.3512
vn 0.0716 -0.9336 -0.3511
vn 0.5641 -0.0205 -0.8255
vn -0.4717 0.8760 -0.1006
vn -0.4391 0.8975 -0.0411
vn -0.5849 0.8059 0.0916
vn -0.6411 0.7640 0.0726
vn -0.3083 0.9081 0.2835
vn -0.4026 0.8555 0.3256
vn -0.4734 0.8485 0.2364
vn -0.3519 0.9223 0.1599
vn -0.3207 0.9048 0.2801
vn -0.3935 0.8663 0.3077
vn -0.7786 0.5397 0.3201
vn -0.7615 0.5639 0.3196
vn -0.7754 0.4707 0.4210
vn -0.7969 0.4190 0.4351
vn -0.6434 0.6467 0.4096
vn -0.6932 0.5013 0.5179
vn -0.5563 0.6666 0.4962
vn -0.6187 0.5014 0.6048
vn -0.5361 0.7152 0.4483
vn -0.6302 0.5205 0.5762
vn -0.7627 0.4969 0.4140
vn -0.7827 0.5013 0.3689
vn -0.7275 0.4905 0.4797
vn -0.6237 0.4676 0.6264
vn -0.6731 0.4417 0.5931
vn -0.4487 0.8797 -0.1577
vn -0.4149 0.9073 -0.0684
vn -0.1862 0.9825 -0.0052
vn -0.1713 0.9811 0.0898
vn -0.2827 0.9047 0.3188
vn -0.2788 0.8889 0.3634
vn 0.1362 0.9869 -0.0860
vn 0.1362 0.9869 -0.0859
vn -0.7166 0.4957 0.4907
vn 0.6729 -0.7377 -0.0552
vn 0.5833 -0.8048 -0.1096
vn 0.4405 -0.8970 0.0362
vn 0.4831 -0.8694 0.1034
vn 0.3076 -0.9083 -0.2836
vn 0.3515 -0.9224 -0.1599
vn 0.4730 -0.8487 -0.2364
vn 0.4163 -0.8502 -0.3222
vn 0.4001 -0.8555 -0.3286
vn 0.3199 -0.9054 -0.2792
vn 0.8017 -0.4457 -0.3982
vn 0.7695 -0.4777 -0.4238
vn 0.7498 -0.5713 -0.3338
vn 0.7914 -0.5435 -0.2798
vn 0.6932 -0.5012 -0.5180
vn 0.6434 -0.6466 -0.4098
vn 0.6208 -0.5056 -0.5991
vn 0.5684 -0.6628 -0.4875
vn 0.6049 -0.5466 -0.5791
vn 0.5124 -0.7213 -0.4660
vn 0.7627 -0.4969 -0.4140
vn 0.7827 -0.5013 -0.3689
vn 0.7275 -0.4905 -0.4797
vn 0.6236 -0.4676 -0.6265
vn 0.6731 -0.4417 -0.5931
vn 0.4485 -0.8798 0.1577
vn 0.1862 -0.9825 0.0055
vn 0.4147 -0.9074 0.0683
vn 0.2826 -0.9048 -0.3186
vn 0.1712 -0.9812 -0.0895
vn 0.2787 -0.8891 -0.3631
vn -0.1362 -0.9869 0.0859
vn -0.1362 -0.9869 0.0860
vn 0.7166 -0.4957 -0.4908
vn -0.3359 0.9280 -0.1613
vn -0.2908 0.9506 -0.1087
vn -0.3874 0.9207 -0.0474
vn -0.4344 0.8978 -0.0722
vn -0.1086 0.9766 0.1855
vn -0.2482 0.9459 0.2088
vn -0.2781 0.9550 0.1035
vn -0.1647 0.9842 0.0656
vn -0.2611 0.9383 0.2267
vn -0.7771 0.6055 0.1716
vn -0.6380 0.7611 0.1169
vn -0.8333 0.5254 0.1720
vn -0.5639 0.7981 0.2122
vn -0.7958 0.5299 0.2930
vn -0.5675 0.7584 0.3206
vn -0.7816 0.4683 0.4121
vn -0.5333 0.7880 0.3076
vn -0.7553 0.5156 0.4045
vn -0.8747 0.4629 0.1432
vn -0.9006 0.4241 0.0951
vn -0.8838 0.4055 0.2332
vn -0.8339 0.3714 0.4083
vn -0.8449 0.3466 0.4075
vn -0.3374 0.9181 -0.2081
vn -0.2806 0.9505 -0.1333
vn -0.0313 0.9916 -0.1251
vn 0.0044 0.9994 -0.0351
vn -0.0671 0.9735 0.2186
vn -0.0588 0.9631 0.2628
vn -0.1306 0.9720 0.1955
vn 0.2665 0.9269 -0.2644
vn 0.2666 0.9269 -0.2643
vn -0.6073 0.7860 0.1160
vn -0.8843 0.4034 0.2351
vn 0.4612 -0.8838 0.0783
vn 0.3906 -0.9200 0.0336
vn 0.2906 -0.9507 0.1084
vn 0.3367 -0.9277 0.1614
vn 0.1082 -0.9767 -0.1853
vn 0.1643 -0.9842 -0.0655
vn 0.2775 -0.9552 -0.1033
vn 0.2477 -0.9461 -0.2086
vn 0.2607 -0.9385 -0.2265
vn 0.1302 -0.9721 -0.1952
vn 0.7774 -0.6051 -0.1718
vn 0.6285 -0.7685 -0.1202
vn 0.6034 -0.7921 -0.0919
vn 0.8335 -0.5250 -0.1719
vn 0.7961 -0.5295 -0.2931
vn 0.5639 -0.7982 -0.2122
vn 0.7819 -0.4710 -0.4084
vn 0.5728 -0.7552 -0.3187
vn 0.7437 -0.5275 -0.4107
vn 0.5345 -0.7850 -0.3133
vn 0.8749 -0.4626 -0.1432
vn 0.9007 -0.4240 -0.0950
vn 0.8839 -0.4053 -0.2332
vn 0.8338 -0.3712 -0.4085
vn 0.8450 -0.3463 -0.4075
vn 0.3372 -0.9181 0.2081
vn 0.0312 -0.9916 0.1252
vn 0.2804 -0.9506 0.1333
vn 0.0670 -0.9736 -0.2184
vn -0.0045 -0.9994 0.0352
vn 0.0587 -0.9631 -0.2626
vn -0.2666 -0.9269 0.2643
vn -0.2666 -0.9268 0.2643
vn 0.8843 -0.4034 -0.2352
vn -0.5640 0.7095 -0.4225
vn -0.5829 0.7274 -0.3620
vn -0.6439 0.6712 -0.3673
vn -0.6373 0.6537 -0.4080
vn -0.7165 0.6975 0.0073
vn -0.7589 0.6489 -0.0545
vn -0.7147 0.6761 -0.1792
vn -0.6686 0.7291 -0.1459
vn -0.7311 0.6821 -0.0123
vn -0.7108 0.5977 -0.3708
vn -0.7102 0.6101 -0.3511
vn -0.7379 0.5877 -0.3318
vn -0.7416 0.5693 -0.3550
vn -0.7588 0.6210 -0.1965
vn -0.7880 0.5823 -0.2000
vn -0.7947 0.6008 -0.0867
vn -0.8254 0.5537 -0.1097
vn -0.7908 0.6055 -0.0890
vn -0.8225 0.5554 -0.1226
vn -0.7296 0.5993 -0.3294
vn -0.7026 0.6078 -0.3701
vn -0.7657 0.5859 -0.2654
vn -0.8331 0.5436 -0.1024
vn -0.8340 0.5265 -0.1652
vn -0.4964 0.7461 -0.4437
vn -0.5368 0.7651 -0.3556
vn -0.4295 0.8911 -0.1468
vn -0.4790 0.8762 -0.0541
vn -0.6838 0.7267 0.0653
vn -0.7025 0.7037 0.1063
vn -0.1272 0.9919 0.0050
vn -0.1272 0.9919 0.0051
vn -0.7647 0.6415 -0.0608
vn -0.7686 0.5891 -0.2495
vn 0.6378 -0.6421 0.4255
vn 0.6515 -0.6678 0.3601
vn 0.5854 -0.7262 0.3605
vn 0.5663 -0.7046 0.4275
vn 0.7165 -0.6975 -0.0074
vn 0.6686 -0.7292 0.1460
vn 0.7147 -0.6761 0.1792
vn 0.7584 -0.6496 0.0529
vn 0.7311 -0.6821 0.0123
vn 0.7294 -0.5804 0.3621
vn 0.7375 -0.5897 0.3293
vn 0.7119 -0.6129 0.3428
vn 0.6958 -0.6055 0.3862
vn 0.7880 -0.5823 0.2000
vn 0.7588 -0.6210 0.1965
vn 0.8261 -0.5529 0.1090
vn 0.7949 -0.6009 0.0845
vn 0.8243 -0.5518 0.1268
vn 0.7905 -0.6053 0.0933
vn 0.7296 -0.5993 0.3294
vn 0.7026 -0.6078 0.3700
vn 0.7657 -0.5859 0.2654
vn 0.8330 -0.5436 0.1026
vn 0.8340 -0.5265 0.1652
vn 0.4964 -0.7462 0.4437
vn 0.4294 -0.8911 0.1468
vn 0.5368 -0.7651 0.3556
vn 0.6838 -0.7268 -0.0653
vn 0.4789 -0.8762 0.0541
vn 0.7025 -0.7037 -0.1062
vn 0.1272 -0.9919 -0.0051
vn 0.1271 -0.9919 -0.0050
vn 0.7621 -0.6445 0.0622
vn 0.7686 -0.5890 0.2496
vn 0.1146 0.7917 -0.6000
vn 0.0618 0.8185 -0.5712
vn 0.0147 0.7788 -0.6271
vn 0.0452 0.7571 -0.6517
vn -0.3036 0.8514 -0.4277
vn -0.2953 0.8101 -0.5065
vn -0.1687 0.8157 -0.5533
vn -0.1525 0.8582 -0.4902
vn -0.3016 0.8387 -0.4535
vn -0.0413 0.7241 -0.6885
vn -0.0528 0.7375 -0.6733
vn -0.0896 0.7242 -0.6837
vn -0.0788 0.7055 -0.7043
vn -0.1959 0.7720 -0.6046
vn -0.2204 0.7417 -0.6336
vn -0.3046 0.7700 -0.5607
vn -0.3174 0.7304 -0.6048
vn -0.2994 0.7735 -0.5587
vn -0.3056 0.7302 -0.6111
vn -0.0836 0.7335 -0.6745
vn -0.0345 0.7319 -0.6805
vn -0.1571 0.7345 -0.6602
vn -0.3299 0.7230 -0.6069
vn -0.2876 0.7018 -0.6517
vn 0.1813 0.8088 -0.5595
vn 0.0946 0.8439 -0.5280
vn 0.0352 0.9554 -0.2933
vn -0.0683 0.9604 -0.2700
vn -0.3195 0.8761 -0.3612
vn -0.3669 0.8616 -0.3507
vn 0.1359 0.9898 0.0432
vn 0.1358 0.9898 0.0432
vn -0.2958 0.8040 -0.5159
vn -0.1699 0.7395 -0.6513
vn -0.0553 -0.7446 0.6652
vn -0.0038 -0.7780 0.6283
vn -0.0588 -0.8180 0.5722
vn -0.1158 -0.7872 0.6057
vn 0.3036 -0.8514 0.4276
vn 0.1525 -0.8582 0.4902
vn 0.1687 -0.8157 0.5533
vn 0.2960 -0.8108 0.5049
vn 0.3016 -0.8386 0.4535
vn 0.0634 -0.7127 0.6986
vn 0.0908 -0.7262 0.6815
vn 0.0595 -0.7413 0.6685
vn 0.0186 -0.7268 0.6866
vn 0.2203 -0.7417 0.6336
vn 0.1959 -0.7721 0.6046
vn 0.3185 -0.7298 0.6050
vn 0.3063 -0.7703 0.5593
vn 0.3044 -0.7269 0.6156
vn 0.2960 -0.7728 0.5614
vn 0.0836 -0.7335 0.6745
vn 0.0347 -0.7319 0.6805
vn 0.1571 -0.7345 0.6602
vn 0.3298 -0.7230 0.6070
vn 0.2876 -0.7018 0.6517
vn -0.1813 -0.8088 0.5595
vn -0.0352 -0.9554 0.2933
vn -0.0945 -0.8440 0.5280
vn 0.3194 -0.8761 0.3611
vn 0.0683 -0.9604 0.2700
vn 0.3668 -0.8617 0.3507
vn -0.1358 -0.9898 -0.0432
vn -0.1359 -0.9898 -0.0432
vn 0.2925 -0.8061 0.5145
vn 0.1700 -0.7395 0.6514
vn 0.5468 0.7105 -0.4430
vn 0.2264 0.9137 -0.3374
vn 0.1802 0.9358 -0.3029
vn -0.3685 0.9296 -0.0110
vn -0.3925 0.9197 -0.0061
vn -0.5267 0.8307 0.1805
vn 0.5389 0.7576 -0.3682
vn 0.2275 0.7819 -0.5804
vn 0.1495 0.8109 -0.5657
vn -0.5689 0.7194 -0.3985
vn -0.5360 0.7062 -0.4626
vn -0.7346 0.5804 -0.3514
vn -0.7346 0.5804 -0.3513
vn -0.0486 0.9955 0.0818
vn -0.0092 0.9425 -0.3341
vn 0.0516 0.5492 -0.8341
vn 0.0727 0.2956 -0.9525
vn -0.4969 0.8014 -0.3331
vn -0.4969 0.8013 -0.3331
vn -0.0969 0.9045 -0.4153
vn -0.0970 0.9045 -0.4152
vn 0.5229 0.7541 -0.3973
vn 0.5236 0.7537 -0.3972
vn 0.7382 0.5848 -0.3363
vn -0.1654 0.5857 -0.7935
vn -0.1653 0.5857 -0.7935
vn -0.0322 0.8624 -0.5052
vn 0.1738 0.9811 0.0854
vn 0.1740 0.9810 0.0861
vn 0.2451 0.9064 0.3441
vn 0.2450 0.9064 0.3441
vn -0.0141 0.6652 -0.7466
vn -0.3209 0.4102 -0.8537
vn -0.2609 0.4718 -0.8422
vn -0.5375 0.1896 -0.8217
vn -0.5423 0.1900 -0.8184
vn -0.0423 0.8561 -0.5150
vn -0.5448 0.8019 -0.2452
vn -0.5086 0.8173 -0.2708
vn -0.8200 0.5703 0.0486
vn -0.8194 0.5710 0.0511
vn -0.3653 0.8951 -0.2555
vn -0.4521 0.8811 0.1389
vn -0.4356 0.8928 0.1146
vn -0.2044 0.8058 0.5557
vn -0.1604 0.8063 0.5693
vn 0.1340 0.8474 -0.5137
vn 0.5390 0.7989 -0.2667
vn 0.5804 0.7810 -0.2308
vn 0.8092 0.5847 0.0575
vn 0.8075 0.5868 0.0606
vn 0.5529 0.6720 -0.4926
vn 0.6900 0.4588 -0.5598
vn 0.6715 0.4905 -0.5554
vn 0.7265 0.2376 -0.6447
vn 0.7209 0.2318 -0.6531
vn -0.1802 -0.9358 0.3030
vn -0.2264 -0.9137 0.3374
vn -0.5468 -0.7105 0.4430
vn -0.5467 -0.7105 0.4431
vn 0.3685 -0.9296 0.0110
vn 0.5266 -0.8307 -0.1806
vn 0.3925 -0.9197 0.0061
vn -0.1495 -0.8110 0.5657
vn -0.2275 -0.7820 0.5803
vn -0.5389 -0.7576 0.3682
vn 0.5689 -0.7194 0.3985
vn 0.7346 -0.5804 0.3514
vn 0.5360 -0.7062 0.4626
vn 0.0093 -0.9425 0.3342
vn 0.0093 -0.9425 0.3341
vn 0.0485 -0.9955 -0.0818
vn 0.0484 -0.9955 -0.0818
vn -0.0516 -0.5492 0.8341
vn -0.0725 -0.2956 0.9526
vn -0.0516 -0.5493 0.8341
vn 0.0970 -0.9045 0.4152
vn 0.0969 -0.9045 0.4152
vn 0.4969 -0.8014 0.3330
vn -0.5230 -0.7541 0.3974
vn -0.7381 -0.5848 0.3363
vn -0.7382 -0.5848 0.3363
vn -0.5236 -0.7537 0.3973
vn 0.0321 -0.8624 0.5053
vn 0.1654 -0.5857 0.7935
vn -0.1738 -0.9811 -0.0853
vn -0.2452 -0.9064 -0.3441
vn -0.1740 -0.9810 -0.0860
vn 0.0139 -0.6651 0.7466
vn 0.2607 -0.4697 0.8435
vn 0.3242 -0.4086 0.8532
vn 0.5353 -0.1964 0.8215
vn 0.5393 -0.1986 0.8184
vn 0.0423 -0.8562 0.5149
vn 0.5096 -0.8166 0.2709
vn 0.5454 -0.8019 0.2439
vn 0.8184 -0.5727 -0.0470
vn 0.8174 -0.5740 -0.0489
vn 0.3653 -0.8951 0.2555
vn 0.4505 -0.8837 -0.1269
vn 0.4422 -0.8821 -0.1622
vn 0.1996 -0.8389 -0.5064
vn 0.1532 -0.8481 -0.5072
vn -0.1341 -0.8473 0.5138
vn -0.5795 -0.7809 0.2331
vn -0.5375 -0.8000 0.2666
vn -0.8117 -0.5809 -0.0603
vn -0.8106 -0.5820 -0.0642
vn -0.5529 -0.6720 0.4926
vn -0.6750 -0.4880 0.5533
vn -0.6907 -0.4531 0.5635
vn -0.7202 -0.2510 0.6468
vn -0.7132 -0.2484 0.6554
vn 0.4128 0.7654 0.4937
vn 0.4128 0.7654 0.4938
vn 0.1167 0.9448 0.3061
vn 0.0600 0.9567 0.2847
vn -0.4354 0.8961 -0.0857
vn -0.4477 0.8877 -0.1075
vn -0.6393 0.7486 -0.1757
vn -0.6393 0.7486 -0.1758
vn 0.3328 0.7810 0.5285
vn 0.3594 0.9162 0.1770
vn 0.3026 0.9453 0.1216
vn -0.1415 0.8714 -0.4697
vn -0.0688 0.8803 -0.4695
vn -0.2163 0.7427 -0.6337
vn -0.3850 0.8884 0.2500
vn -0.0032 0.9942 0.1071
vn 0.5594 0.8172 -0.1388
vn 0.5593 0.8173 -0.1388
vn 0.7431 0.6272 -0.2333
vn -0.1873 0.9143 -0.3591
vn -0.1872 0.9143 -0.3591
vn 0.0355 0.9993 -0.0120
vn 0.3508 0.7905 0.5020
vn 0.3512 0.7900 0.5026
vn 0.4489 0.5896 0.6714
vn 0.4489 0.5896 0.6715
vn 0.4145 0.8576 -0.3045
vn 0.4145 0.8576 -0.3046
vn 0.1531 0.9882 -0.0013
vn -0.2811 0.8510 0.4437
vn -0.2816 0.8506 0.4441
vn -0.4427 0.6764 0.5887
vn 0.4217 0.8971 -0.1319
vn 0.4453 0.7352 -0.5111
vn 0.4451 0.7813 -0.4376
vn 0.3835 0.5426 -0.7473
vn 0.3784 0.5423 -0.7502
vn 0.1584 0.9873 -0.0156
vn -0.2830 0.8863 -0.3667
vn -0.2495 0.9064 -0.3408
vn -0.5873 0.5897 -0.5543
vn -0.5892 0.5894 -0.5526
vn -0.2192 0.9573 -0.1882
vn -0.5851 0.8030 -0.1132
vn -0.5606 0.8214 -0.1052
vn -0.7973 0.5496 0.2494
vn -0.7885 0.5403 0.2937
vn 0.2412 0.9606 0.1380
vn 0.2356 0.7803 0.5793
vn 0.2300 0.7458 0.6252
vn 0.1523 0.4321 0.8889
vn 0.1483 0.4330 0.8891
vn 0.4685 0.7483 0.4696
vn 0.6510 0.5639 0.5082
vn 0.6294 0.5933 0.5019
vn 0.8042 0.3894 0.4490
vn 0.8103 0.3878 0.4393
vn -0.0600 -0.9568 -0.2846
vn -0.1167 -0.9448 -0.3060
vn -0.4129 -0.7654 -0.4937
vn -0.4129 -0.7654 -0.4936
vn 0.4354 -0.8961 0.0857
vn 0.6394 -0.7486 0.1756
vn 0.4477 -0.8877 0.1075
vn -0.3026 -0.9453 -0.1216
vn -0.3594 -0.9162 -0.1770
vn -0.3326 -0.7810 -0.5285
vn 0.1414 -0.8714 0.4697
vn 0.2162 -0.7427 0.6337
vn 0.0687 -0.8803 0.4695
vn 0.0032 -0.9942 -0.1071
vn 0.0032 -0.9942 -0.1072
vn 0.3849 -0.8884 -0.2501
vn -0.5594 -0.8172 0.1389
vn -0.7431 -0.6272 0.2333
vn -0.5593 -0.8173 0.1388
vn -0.0354 -0.9993 0.0119
vn 0.1873 -0.9143 0.3591
vn 0.1872 -0.9143 0.3592
vn -0.3508 -0.7905 -0.5020
vn -0.4491 -0.5896 -0.6714
vn -0.4490 -0.5896 -0.6714
vn -0.3511 -0.7900 -0.5026
vn -0.1531 -0.9882 0.0012
vn -0.4145 -0.8576 0.3044
vn -0.4145 -0.8576 0.3045
vn 0.2811 -0.8510 -0.4436
vn 0.4427 -0.6764 -0.5887
vn 0.2816 -0.8506 -0.4441
vn -0.4217 -0.8971 0.1317
vn -0.4467 -0.7799 0.4385
vn -0.4436 -0.7339 0.5143
vn -0.3822 -0.5487 0.7436
vn -0.3770 -0.5499 0.7453
vn -0.1584 -0.9873 0.0157
vn 0.2497 -0.9060 0.3418
vn 0.2845 -0.8858 0.3666
vn 0.5860 -0.5924 0.5529
vn 0.5875 -0.5928 0.5508
vn 0.2192 -0.9574 0.1881
vn 0.5750 -0.8099 0.1157
vn 0.6003 -0.7941 0.0949
vn 0.7637 -0.5982 -0.2426
vn 0.7457 -0.6016 -0.2862
vn -0.2413 -0.9606 -0.1380
vn -0.2314 -0.7467 -0.6236
vn -0.2345 -0.7814 -0.5783
vn -0.1523 -0.4273 -0.8912
vn -0.1482 -0.4270 -0.8920
vn -0.4686 -0.7483 -0.4696
vn -0.6301 -0.5898 -0.5052
vn -0.6561 -0.5601 -0.5059
vn -0.7991 -0.4031 -0.4460
vn -0.8038 -0.4048 -0.4359
vn 0.6240 0.7375 -0.2583
vn 0.3735 0.9274 -0.0210
vn 0.3384 0.9406 0.0281
vn -0.1533 0.9008 0.4062
vn -0.1780 0.8936 0.4121
vn -0.3017 0.7588 0.5772
vn 0.6368 0.7517 -0.1715
vn 0.3125 0.9047 -0.2896
vn 0.2456 0.9368 -0.2493
vn -0.4458 0.8949 0.0203
vn -0.4257 0.9035 -0.0496
vn -0.6300 0.7751 0.0474
vn -0.6301 0.7751 0.0474
vn 0.1829 0.8756 0.4470
vn 0.1525 0.9874 0.0421
vn 0.0568 0.8214 -0.5675
vn 0.0569 0.8214 -0.5675
vn 0.0054 0.6359 -0.7718
vn -0.3493 0.9322 0.0943
vn -0.3493 0.9322 0.0942
vn 0.0485 0.9985 -0.0268
vn 0.6167 0.7624 -0.1960
vn 0.6173 0.7619 -0.1962
vn 0.7958 0.5527 -0.2476
vn -0.1390 0.8707 -0.4717
vn 0.0896 0.9864 -0.1375
vn 0.3950 0.8279 0.3981
vn 0.3952 0.8275 0.3987
vn 0.4827 0.6467 0.5906
vn 0.4827 0.6466 0.5906
vn 0.0310 0.9013 -0.4321
vn -0.3360 0.7591 -0.5576
vn -0.2630 0.8013 -0.5373
vn -0.5897 0.5791 -0.5630
vn -0.5937 0.5789 -0.5588
vn 0.0770 0.9862 -0.1465
vn -0.3836 0.9049 0.1843
vn -0.3487 0.9236 0.1591
vn -0.6603 0.6195 0.4245
vn -0.6592 0.6191 0.4269
vn -0.1913 0.9665 0.1711
vn -0.2245 0.8098 0.5421
vn -0.2093 0.8276 0.5208
vn 0.0550 0.5387 0.8407
vn 0.0994 0.5272 0.8439
vn 0.2457 0.9514 -0.1856
vn 0.6599 0.7486 -0.0646
vn 0.7008 0.7118 -0.0473
vn 0.9180 0.3851 0.0945
vn 0.9172 0.3860 0.0984
vn 0.6147 0.7215 -0.3186
vn 0.6912 0.5348 -0.4860
vn 0.6809 0.5646 -0.4666
vn 0.6660 0.3630 -0.6516
vn 0.6582 0.3619 -0.6602
vn -0.3383 -0.9406 -0.0280
vn -0.3735 -0.9274 0.0210
vn -0.6240 -0.7375 0.2583
vn 0.1533 -0.9008 -0.4062
vn 0.3017 -0.7588 -0.5773
vn 0.1780 -0.8936 -0.4121
vn -0.2456 -0.9368 0.2494
vn -0.3125 -0.9047 0.2896
vn -0.6369 -0.7516 0.1716
vn 0.4458 -0.8949 -0.0203
vn 0.6300 -0.7752 -0.0472
vn 0.6300 -0.7751 -0.0473
vn 0.4257 -0.9035 0.0496
vn -0.1525 -0.9874 -0.0421
vn -0.1828 -0.8757 -0.4470
vn -0.1828 -0.8756 -0.4470
vn -0.0569 -0.8214 0.5675
vn -0.0054 -0.6359 0.7718
vn -0.0485 -0.9985 0.0269
vn 0.3493 -0.9322 -0.0944
vn -0.6167 -0.7624 0.1959
vn -0.7958 -0.5527 0.2477
vn -0.7958 -0.5527 0.2476
vn -0.6173 -0.7619 0.1961
vn -0.0896 -0.9864 0.1375
vn 0.1391 -0.8707 0.4717
vn -0.3951 -0.8279 -0.3981
vn -0.4827 -0.6467 -0.5906
vn -0.4827 -0.6466 -0.5906
vn -0.3953 -0.8275 -0.3987
vn -0.0310 -0.9012 0.4323
vn 0.2634 -0.7999 0.5393
vn 0.3395 -0.7579 0.5571
vn 0.5857 -0.5849 0.5611
vn 0.5887 -0.5863 0.5566
vn -0.0771 -0.9862 0.1465
vn 0.3499 -0.9232 -0.1589
vn 0.3840 -0.9045 -0.1857
vn 0.6584 -0.6221 -0.4237
vn 0.6568 -0.6224 -0.4257
vn 0.1911 -0.9665 -0.1711
vn 0.2238 -0.8167 -0.5318
vn 0.2114 -0.8000 -0.5616
vn -0.0602 -0.5875 -0.8070
vn -0.1072 -0.5886 -0.8013
vn -0.2457 -0.9514 0.1858
vn -0.6996 -0.7128 0.0491
vn -0.6587 -0.7497 0.0637
vn -0.9200 -0.3803 -0.0952
vn -0.9197 -0.3799 -0.0994
vn -0.6147 -0.7215 0.3186
vn -0.6840 -0.5609 0.4664
vn -0.6901 -0.5311 0.4916
vn -0.6630 -0.3768 0.6469
vn -0.6546 -0.3790 0.6541
s 1
f 1/1/1 2/2/2 3/3/3
f 1/1/1 4/4/4 2/2/2
f 1/1/1 5/5/5 4/6/4
f 1/1/1 3/3/3 5/5/5
f 6/7/6 7/8/7 8/9/8
f 8/9/8 9/10/9 6/7/6
f 10/11/10 11/12/11 7/8/7
f 7/8/7 6/7/6 10/11/10
f 12/13/12 11/14/11 10/15/10
f 10/15/10 13/16/13 12/13/12
f 8/9/8 12/13/12 13/16/13
f 13/16/13 9/10/9 8/9/8
f 14/17/14 15/18/15 3/3/3
f 3/3/3 2/2/2 14/17/14
f 16/19/16 14/17/14 2/2/2
f 2/2/2 4/4/4 16/19/16
f 5/5/5 17/20/17 16/21/16
f 16/21/16 4/6/4 5/5/5
f 3/3/3 15/18/15 17/20/17
f 17/20/17 5/5/5 3/3/3
f 14/17/14 18/22/18 19/23/19
f 19/23/19 15/18/15 14/17/14
f 20/24/20 18/22/18 14/17/14
f 14/17/14 16/19/16 20/24/20
f 21/25/21 20/26/20 16/21/16
f 16/21/16 17/20/17 21/25/21
f 19/23/19 21/25/21 17/20/17
f 17/20/17 15/18/15 19/23/19
f 22/27/22 23/28/23 19/23/19
f 19/23/19 18/22/18 22/27/22
f 24/29/24 22/27/22 18/22/18
f 18/22/18 20/24/20 24/29/24
f 25/30/25 24/31/24 20/26/20
f 20/26/20 21/25/21 25/30/25
f 19/23/19 23/28/23 25/30/25
f 25/30/25 21/25/21 19/23/19
f 6/7/6 9/10/9 23/28/23
f 23/28/23 22/27/22 6/7/6
f 24/29/24 10/11/10 6/7/6
f 6/7/6 22/27/22 24/29/24
f 13/16/13 10/15/10 24/31/24
f 24/31/24 25/30/25 13/16/13
f 9/10/9 13/16/13 25/30/25
f 25/30/25 23/28/23 9/10/9
s 2
f 26/32/26 27/33/27 28/34/28
f 28/34/28 29/35/29 26/32/26
s 3
f 30/36/30 27/37/31 26/32/32
f 26/32/32 31/38/33 30/36/30
f 32/39/34 28/40/35 27/37/31
f 27/37/31 30/36/30 32/39/34
f 29/35/36 28/41/35 32/42/34
f 32/42/34 33/43/37 29/35/36
f 26/32/32 29/35/36 33/43/37
f 33/43/37 31/38/33 26/32/32
f 34/44/38 35/45/39 36/46/40
f 36/46/40 37/47/41 34/44/38
f 38/48/42 39/49/43 35/45/39
f 35/45/39 34/44/38 38/48/42
f 40/50/44 39/51/43 38/52/42
f 38/52/42 41/53/45 40/50/44
f 37/47/41 36/46/40 40/50/44
f 40/50/44 41/53/45 37/47/41
f 30/36/30 31/38/33 36/46/40
f 36/46/40 35/45/39 30/36/30
f 39/49/43 32/39/34 30/36/30
f 30/36/30 35/45/39 39/49/43
f 33/43/37 32/42/34 39/51/43
f 39/51/43 40/50/44 33/43/37
f 31/38/33 33/43/37 40/50/44
f 40/50/44 36/46/40 31/38/33
s 4
f 42/54/46 43/55/47 44/56/48
f 44/56/48 45/57/49 42/54/46
s 5
f 46/58/50 43/59/47 42/54/46
f 42/54/46 47/60/51 46/58/50
f 48/61/52 44/62/53 43/59/47
f 43/59/47 46/58/50 48/61/52
f 45/57/49 44/63/53 48/64/52
f 48/64/52 49/65/54 45/57/49
f 42/54/46 45/57/49 49/65/54
f 49/65/54 47/60/51 42/54/46
f 50/66/55 51/67/56 52/68/57
f 52/68/57 53/69/58 50/66/55
f 54/70/59 55/71/60 51/67/56
f 51/67/56 50/66/55 54/70/59
f 56/72/61 55/73/60 54/74/59
f 54/74/59 57/75/62 56/72/61
f 53/69/58 52/68/57 56/72/61
f 56/72/61 57/75/62 53/69/58
f 46/58/50 47/60/51 52/68/57
f 52/68/57 51/67/56 46/58/50
f 55/71/60 48/61/52 46/58/50
f 46/58/50 51/67/56 55/71/60
f 49/65/54 48/64/52 55/73/60
f 55/73/60 56/72/61 49/65/54
f 47/60/51 49/65/54 56/72/61
f 56/72/61 52/68/57 47/60/51
s 6
f 58/76/63 59/77/64 60/78/65
f 60/78/65 61/79/66 58/76/63
s 7
f 62/80/67 59/81/68 58/76/69
f 58/76/69 63/82/70 62/80/67
f 64/83/71 60/84/65 59/81/68
f 59/81/68 62/80/67 64/83/71
f 61/79/66 60/85/65 64/86/71
f 64/86/71 65/87/72 61/79/66
f 58/76/69 61/79/66 65/87/72
f 65/87/72 63/82/70 58/76/69
f 66/88/73 67/89/74 68/90/75
f 68/90/75 69/91/76 66/88/73
f 70/92/77 71/93/78 67/89/74
f 67/89/74 66/88/73 70/92/77
f 72/94/79 71/95/78 70/96/77
f 70/96/77 73/97/80 72/94/79
f 69/91/76 68/90/75 72/94/79
f 72/94/79 73/97/80 69/91/76
f 62/80/67 63/82/70 68/90/75
f 68/90/75 67/89/74 62/80/67
f 71/93/78 64/83/71 62/80/67
f 62/80/67 67/89/74 71/93/78
f 65/87/72 64/86/71 71/95/78
f 71/95/78 72/94/79 65/87/72
f 63/82/70 65/87/72 72/94/79
f 72/94/79 68/90/75 63/82/70
s off
f 7/8/81 11/12/11 12/98/82
f 12/98/12 8/99/8 7/8/83
s 10
f 74/100/84 75/101/84 76/102/85
f 76/102/85 77/103/86 74/100/84
f 78/104/87 79/105/88 80/106/89
f 80/106/89 81/107/89 78/104/87
f 76/102/85 78/104/87 77/103/86
f 76/102/85 79/105/88 78/104/87
s 11
f 82/108/90 83/109/91 84/110/92
f 84/110/92 85/111/93 82/108/90
f 86/112/94 87/113/95 88/114/96
f 88/114/96 89/115/96 86/112/94
f 84/110/92 87/113/95 85/111/93
f 87/113/95 86/112/94 85/111/93
s 12
f 90/116/97 91/117/97 92/118/98
f 92/118/98 93/119/99 90/116/97
f 94/120/100 95/121/101 96/122/102
f 96/122/102 97/123/103 94/120/100
f 95/121/101 94/120/100 93/119/99
f 93/119/99 92/118/98 95/121/101
s 13
f 98/124/104 99/125/104 100/126/105
f 100/126/105 101/127/105 98/124/104
f 102/128/106 103/129/107 104/130/108
f 104/130/108 105/131/108 102/128/106
f 103/129/107 102/128/106 101/127/105
f 101/127/105 100/126/105 103/129/107
s 14
f 106/132/109 107/133/109 108/134/110
f 108/134/110 109/135/110 106/132/109
f 110/136/111 111/137/112 112/138/113
f 112/138/113 113/139/113 110/136/111
f 111/137/112 110/136/111 109/135/110
f 109/135/110 108/134/110 111/137/112
s 15
f 114/140/114 115/141/115 116/142/116
f 117/143/117 118/144/118 116/142/116
f 116/142/116 115/141/115 117/143/117
s 16
f 119/145/119 120/146/120 121/147/121
f 122/148/122 123/149/123 121/147/121
f 121/147/121 120/146/120 122/148/122
s 17
f 124/150/124 125/151/125 126/152/126
f 127/153/127 128/154/128 126/152/126
f 126/152/126 125/151/125 127/153/127
s 18
f 129/155/129 130/156/130 131/157/131
f 132/158/132 133/159/133 131/157/131
f 131/157/131 130/156/130 132/158/132
s 19
f 134/160/134 135/161/135 136/162/136
f 137/163/137 138/164/138 136/162/136
f 136/162/136 135/161/135 137/163/137
s 20
f 139/165/139 140/166/140 141/167/141
f 141/167/141 142/168/141 139/165/139
f 143/169/142 144/170/143 145/171/143
f 145/171/143 146/172/144 143/169/142
f 140/166/140 139/165/139 143/169/142
f 140/166/140 143/169/142 146/172/144
s 21
f 147/173/145 148/174/146 149/175/147
f 149/175/147 150/176/148 147/173/145
f 151/177/149 152/178/150 153/179/150
f 153/179/150 154/180/151 151/177/149
f 148/174/146 147/173/145 154/180/151
f 154/180/151 147/173/145 151/177/149
s 22
f 155/181/152 156/182/152 157/183/153
f 157/183/153 158/184/153 155/181/152
f 159/185/154 160/186/155 161/187/156
f 161/187/156 162/188/157 159/185/154
f 162/188/157 156/182/152 155/181/152
f 155/181/152 159/185/154 162/188/157
s 23
f 163/189/158 164/190/158 165/191/159
f 165/191/159 166/192/159 163/189/158
f 167/193/160 168/194/161 169/195/162
f 169/195/162 170/196/163 167/193/160
f 170/196/163 164/190/158 163/189/158
f 163/189/158 167/193/160 170/196/163
s 24
f 171/197/164 172/198/165 173/199/166
f 173/199/166 174/200/166 171/197/164
f 175/201/167 176/202/168 177/203/168
f 177/203/168 178/204/169 175/201/167
f 178/204/169 172/198/165 171/197/164
f 171/197/164 175/201/167 178/204/169
s 25
f 179/205/170 180/206/171 181/207/172
f 181/207/172 180/206/171 182/208/173
f 182/208/173 183/209/174 181/207/172
s 26
f 184/210/175 185/211/176 186/212/177
f 186/212/177 185/211/176 187/213/178
f 187/213/178 188/214/179 186/212/177
s 27
f 189/215/180 190/216/181 191/217/182
f 191/217/182 190/216/181 192/218/183
f 192/218/183 193/219/184 191/217/182
s 28
f 194/220/185 195/221/186 196/222/187
f 196/222/187 195/221/186 197/223/188
f 197/223/188 198/224/189 196/222/187
s 29
f 199/225/190 200/226/191 201/227/192
f 201/227/192 200/226/191 202/228/193
f 202/228/193 203/229/194 201/227/192
s 30
f 204/230/195 205/231/196 206/232/197
f 206/232/197 207/233/198 204/230/195
f 208/234/199 209/235/200 210/236/201
f 210/236/201 211/237/202 208/234/199
f 208/234/199 212/238/203 209/235/200
f 213/239/204 214/240/205 215/241/206
f 215/241/206 216/242/207 213/239/204
f 214/240/205 217/243/208 218/244/209
f 218/244/209 215/241/206 214/240/205
f 218/244/209 217/243/208 219/245/210
f 219/245/210 220/246/211 218/244/209
f 219/245/210 221/247/212 222/248/213
f 222/248/213 220/246/211 219/245/210
f 216/242/207 215/241/206 223/249/214
f 224/250/215 215/241/206 218/244/209
f 218/244/209 225/251/216 224/250/215
f 218/244/209 220/246/211 226/252/217
f 226/252/217 225/251/216 218/244/209
f 226/252/217 220/246/211 227/253/218
f 204/230/195 228/254/219 205/231/196
f 229/255/220 230/256/221 211/237/202
f 211/237/202 205/231/196 229/255/220
f 211/237/202 231/257/222 232/258/223
f 232/258/223 208/234/199 211/237/202
f 208/234/199 233/259/224 212/238/203
f 208/234/199 232/258/223 233/259/224
f 228/254/219 229/255/220 205/231/196
f 211/237/202 230/256/221 231/257/222
f 231/257/222 230/256/221 234/260/225
f 234/260/225 235/261/226 231/257/222
f 214/240/205 213/239/204 207/233/198
f 207/233/198 206/232/197 214/240/205
f 217/243/208 214/240/205 206/232/197
f 206/232/197 210/236/201 217/243/208
f 209/235/200 219/245/210 217/243/208
f 217/243/208 210/236/201 209/235/200
f 221/247/212 219/245/210 209/235/200
f 209/235/200 236/262/227 221/247/212
f 226/252/217 237/263/228 225/251/216
f 225/251/216 237/263/228 224/250/215
f 211/237/202 210/236/201 206/232/197
f 206/232/197 205/231/196 211/237/202
f 215/241/206 224/250/215 223/249/214
f 220/246/211 222/248/213 227/253/218
s 31
f 238/264/229 239/265/230 240/266/231
f 240/266/231 241/267/232 238/264/229
f 242/268/233 243/269/234 244/270/235
f 244/270/235 245/271/236 242/268/233
f 242/268/233 245/271/236 246/272/237
f 247/273/238 248/274/239 249/275/240
f 249/275/240 250/276/241 247/273/238
f 249/275/240 248/274/239 251/277/242
f 251/277/242 252/278/243 249/275/240
f 251/277/242 253/279/244 254/280/245
f 254/280/245 252/278/243 251/277/242
f 253/279/244 255/281/246 256/282/247
f 256/282/247 254/280/245 253/279/244
f 247/273/238 257/283/248 248/274/239
f 258/284/249 259/285/250 251/277/242
f 251/277/242 248/274/239 258/284/249
f 251/277/242 259/285/250 260/286/251
f 260/286/251 253/279/244 251/277/242
f 260/286/251 261/287/252 253/279/244
f 241/267/232 240/266/231 262/288/253
f 243/269/234 263/289/254 264/290/255
f 264/290/255 240/266/231 243/269/234
f 243/269/234 242/268/233 265/291/256
f 265/291/256 266/292/257 243/269/234
f 242/268/233 246/272/237 267/293/258
f 242/268/233 267/293/258 265/291/256
f 262/288/253 240/266/231 264/290/255
f 243/269/234 266/292/257 263/289/254
f 266/292/257 268/294/259 269/295/260
f 269/295/260 263/289/254 266/292/257
f 239/265/230 238/264/229 250/276/241
f 250/276/241 249/275/240 239/265/230
f 252/278/243 244/270/235 239/265/230
f 239/265/230 249/275/240 252/278/243
f 245/271/236 244/270/235 252/278/243
f 252/278/243 254/280/245 245/271/236
f 270/296/261 245/271/236 254/280/245
f 254/280/245 256/282/247 270/296/261
f 260/286/251 259/285/250 271/297/262
f 259/285/250 258/284/249 271/297/262
f 243/269/234 240/266/231 239/265/230
f 239/265/230 244/270/235 243/269/234
f 248/274/239 257/283/248 258/284/249
f 253/279/244 261/287/252 255/281/246
s 30
f 212/238/203 236/262/227 209/235/200
s 31
f 245/271/236 270/296/261 246/272/237
s 32
f 272/298/263 273/299/264 274/300/265
f 274/300/265 275/301/266 272/298/263
f 276/302/267 277/303/268 278/304/269
f 278/304/269 279/305/270 276/302/267
f 276/302/267 280/306/271 281/307/272
f 281/307/272 277/303/268 276/302/267
f 282/308/273 283/309/274 284/310/275
f 284/310/275 285/311/276 282/308/273
f 283/309/274 286/312/277 287/313/278
f 287/313/278 284/310/275 283/309/274
f 287/313/278 286/312/277 288/314/279
f 288/314/279 289/315/280 287/313/278
f 288/314/279 290/316/281 291/317/282
f 291/317/282 289/315/280 288/314/279
f 285/311/276 284/310/275 292/318/283
f 293/319/284 284/310/275 287/313/278
f 287/313/278 294/320/285 293/319/284
f 287/313/278 289/315/280 295/321/286
f 295/321/286 294/320/285 287/313/278
f 295/321/286 289/315/280 296/322/287
f 272/298/263 297/323/288 273/299/264
f 298/324/289 299/325/290 279/305/270
f 279/305/270 273/299/264 298/324/289
f 279/305/270 300/326/291 301/327/292
f 301/327/292 276/302/267 279/305/270
f 276/302/267 302/328/293 280/306/271
f 276/302/267 301/327/292 302/328/293
f 297/323/288 298/324/289 273/299/264
f 279/305/270 299/325/290 300/326/291
f 300/326/291 299/325/290 303/329/294
f 303/329/294 304/330/295 300/326/291
f 283/309/274 282/308/273 275/301/266
f 275/301/266 274/300/265 283/309/274
f 286/312/277 283/309/274 274/300/265
f 274/300/265 278/304/269 286/312/277
f 277/303/268 288/314/279 286/312/277
f 286/312/277 278/304/269 277/303/268
f 290/316/281 288/314/279 277/303/268
f 277/303/268 281/307/272 290/316/281
f 295/321/286 305/331/296 294/320/285
f 294/320/285 305/331/296 293/319/284
f 279/305/270 278/304/269 274/300/265
f 274/300/265 273/299/264 279/305/270
f 284/310/275 293/319/284 292/318/283
f 289/315/280 291/317/282 296/322/287
s 33
f 306/332/297 307/333/298 308/334/299
f 308/334/299 309/335/300 306/332/297
f 310/336/301 311/337/302 312/338/303
f 312/338/303 313/339/304 310/336/301
f 313/339/304 314/340/305 315/341/306
f 315/341/306 310/336/301 313/339/304
f 316/342/307 317/343/308 318/344/309
f 318/344/309 319/345/310 316/342/307
f 318/344/309 317/343/308 320/346/311
f 320/346/311 321/347/312 318/344/309
f 320/346/311 322/348/313 323/349/314
f 323/349/314 321/347/312 320/346/311
f 322/348/313 324/350/315 325/351/316
f 325/351/316 323/349/314 322/348/313
f 316/342/307 326/352/317 317/343/308
f 327/353/318 328/354/319 320/346/311
f 320/346/311 317/343/308 327/353/318
f 320/346/311 328/354/319 329/355/320
f 329/355/320 322/348/313 320/346/311
f 329/355/320 330/356/321 322/348/313
f 309/335/300 308/334/299 331/357/322
f 311/337/302 332/358/323 333/359/324
f 333/359/324 308/334/299 311/337/302
f 311/337/302 310/336/301 334/360/325
f 334/360/325 335/361/326 311/337/302
f 310/336/301 315/341/306 336/362/327
f 310/336/301 336/362/327 334/360/325
f 331/357/322 308/334/299 333/359/324
f 311/337/302 335/361/326 332/358/323
f 335/361/326 337/363/328 338/364/329
f 338/364/329 332/358/323 335/361/326
f 307/333/298 306/332/297 319/345/310
f 319/345/310 318/344/309 307/333/298
f 321/347/312 312/338/303 307/333/298
f 307/333/298 318/344/309 321/347/312
f 313/339/304 312/338/303 321/347/312
f 321/347/312 323/349/314 313/339/304
f 314/340/305 313/339/304 323/349/314
f 323/349/314 325/351/316 314/340/305
f 329/355/320 328/354/319 339/365/330
f 328/354/319 327/353/318 339/365/330
f 311/337/302 308/334/299 307/333/298
f 307/333/298 312/338/303 311/337/302
f 317/343/308 326/352/317 327/353/318
f 322/348/313 330/356/321 324/350/315
s 34
f 340/366/331 341/367/332 342/368/333
f 342/368/333 343/369/334 340/366/331
f 344/370/335 345/371/336 346/372/337
f 346/372/337 347/373/338 344/370/335
f 344/370/335 348/374/339 345/371/336
f 349/375/340 350/376/341 351/377/342
f 351/377/342 352/378/343 349/375/340
f 350/376/341 353/379/344 354/380/345
f 354/380/345 351/377/342 350/376/341
f 354/380/345 353/379/344 355/381/346
f 355/381/346 356/382/347 354/380/345
f 355/381/346 357/383/348 358/384/349
f 358/384/349 356/382/347 355/381/346
f 352/378/343 351/377/342 359/385/350
f 360/386/351 351/377/342 354/380/345
f 354/380/345 361/387/352 360/386/351
f 354/380/345 356/382/347 362/388/353
f 362/388/353 361/387/352 354/380/345
f 362/388/353 356/382/347 363/389/354
f 340/366/331 364/390/355 341/367/332
f 365/391/356 366/392/357 347/373/338
f 347/373/338 341/367/332 365/391/356
f 347/373/338 367/393/358 368/394/359
f 368/394/359 344/370/335 347/373/338
f 344/370/335 369/395/360 348/374/339
f 344/370/335 368/394/359 369/395/360
f 364/390/355 365/391/356 341/367/332
f 347/373/338 366/392/357 367/393/358
f 367/393/358 366/392/357 370/396/361
f 370/396/361 371/397/362 367/393/358
f 350/376/341 349/375/340 343/369/334
f 343/369/334 342/368/333 350/376/341
f 353/379/344 350/376/341 342/368/333
f 342/368/333 346/372/337 353/379/344
f 345/371/336 355/381/346 353/379/344
f 353/379/344 346/372/337 345/371/336
f 357/383/348 355/381/346 345/371/336
f 345/371/336 372/398/363 357/383/348
f 362/388/353 373/399/364 361/387/352
f 361/387/352 373/399/364 360/386/351
f 347/373/338 346/372/337 342/368/333
f 342/368/333 341/367/332 347/373/338
f 351/377/342 360/386/351 359/385/350
f 356/382/347 358/384/349 363/389/354
s 35
f 374/400/365 375/401/366 376/402/367
f 376/402/367 377/403/368 374/400/365
f 378/404/369 379/405/370 380/406/371
f 380/406/371 381/407/372 378/404/369
f 378/404/369 381/407/372 382/408/373
f 383/409/374 384/410/375 385/411/376
f 385/411/376 386/412/377 383/409/374
f 385/411/376 384/410/375 387/413/378
f 387/413/378 388/414/379 385/411/376
f 387/413/378 389/415/380 390/416/381
f 390/416/381 388/414/379 387/413/378
f 389/415/380 391/417/382 392/418/383
f 392/418/383 390/416/381 389/415/380
f 383/409/374 393/419/384 384/410/375
f 394/420/385 395/421/386 387/413/378
f 387/413/378 384/410/375 394/420/385
f 387/413/378 395/421/386 396/422/387
f 396/422/387 389/415/380 387/413/378
f 396/422/387 397/423/388 389/415/380
f 377/403/368 376/402/367 398/424/389
f 379/405/370 399/425/390 400/426/391
f 400/426/391 376/402/367 379/405/370
f 379/405/370 378/404/369 401/427/392
f 401/427/392 402/428/393 379/405/370
f 378/404/369 382/408/373 403/429/394
f 378/404/369 403/429/394 401/427/392
f 398/424/389 376/402/367 400/426/391
f 379/405/370 402/428/393 399/425/390
f 402/428/393 404/430/395 405/431/396
f 405/431/396 399/425/390 402/428/393
f 375/401/366 374/400/365 386/412/377
f 386/412/377 385/411/376 375/401/366
f 388/414/379 380/406/371 375/401/366
f 375/401/366 385/411/376 388/414/379
f 381/407/372 380/406/371 388/414/379
f 388/414/379 390/416/381 381/407/372
f 406/432/397 381/407/372 390/416/381
f 390/416/381 392/418/383 406/432/397
f 396/422/387 395/421/386 407/433/398
f 395/421/386 394/420/385 407/433/398
f 379/405/370 376/402/367 375/401/366
f 375/401/366 380/406/371 379/405/370
f 384/410/375 393/419/384 394/420/385
f 389/415/380 397/423/388 391/417/382
s 34
f 348/374/339 372/398/363 345/371/336
s 35
f 381/407/372 406/432/397 382/408/373
s 36
f 408/434/399 409/435/400 410/436/401
f 410/436/401 411/437/402 408/434/399
f 412/438/403 413/439/404 414/440/405
f 414/440/405 415/441/406 412/438/403
f 412/438/403 416/442/407 413/439/404
f 417/443/408 418/444/409 419/445/410
f 418/444/409 420/446/411 421/447/412
f 421/447/412 419/445/410 418/444/409
f 421/447/412 420/446/411 422/448/413
f 422/448/413 423/449/414 421/447/412
f 422/448/413 424/450/415 425/451/416
f 425/451/416 423/449/414 422/448/413
f 417/443/408 419/445/410 426/452/417
f 427/453/418 419/445/410 421/447/412
f 421/447/412 428/454/419 427/453/418
f 421/447/412 423/449/414 429/455/420
f 429/455/420 428/454/419 421/447/412
f 429/455/420 423/449/414 430/456/421
f 408/434/399 431/457/422 409/435/400
f 432/458/423 433/459/424 415/441/406
f 415/441/406 409/435/400 432/458/423
f 415/441/406 434/460/425 435/461/426
f 435/461/426 412/438/403 415/441/406
f 412/438/403 436/462/427 416/442/407
f 412/438/403 435/461/426 436/462/427
f 431/457/422 432/458/423 409/435/400
f 415/441/406 433/459/424 434/460/425
f 434/460/425 433/459/424 437/463/428
f 437/463/428 438/464/429 434/460/425
f 410/436/401 439/465/430 411/437/402
f 420/446/411 418/444/409 410/436/401
f 410/436/401 414/440/405 420/446/411
f 413/439/404 422/448/413 420/446/411
f 420/446/411 414/440/405 413/439/404
f 424/450/415 422/448/413 413/439/404
f 413/439/404 440/466/431 424/450/415
f 429/455/420 441/467/432 428/454/419
f 428/454/419 441/467/432 427/453/418
f 415/441/406 414/440/405 410/436/401
f 410/436/401 409/435/400 415/441/406
f 419/445/410 427/453/418 426/452/417
f 423/449/414 425/451/416 430/456/421
s 37
f 442/468/433 443/469/434 444/470/435
f 444/470/435 445/471/436 442/468/433
f 446/472/437 447/473/438 448/474/439
f 448/474/439 449/475/440 446/472/437
f 446/472/437 449/475/440 450/476/441
f 451/477/442 452/478/443 453/479/444
f 452/478/443 454/480/445 455/481/446
f 455/481/446 456/482/447 452/478/443
f 455/481/446 457/483/448 458/484/449
f 458/484/449 456/482/447 455/481/446
f 457/483/448 459/485/450 460/486/451
f 460/486/451 458/484/449 457/483/448
f 451/477/442 461/487/452 454/480/445
f 462/488/453 463/489/454 455/481/446
f 455/481/446 454/480/445 462/488/453
f 455/481/446 463/489/454 464/490/455
f 464/490/455 457/483/448 455/481/446
f 464/490/455 465/491/456 457/483/448
f 445/471/436 444/470/435 466/492/457
f 447/473/438 467/493/458 468/494/459
f 468/494/459 444/470/435 447/473/438
f 447/473/438 446/472/437 469/495/460
f 469/495/460 470/496/461 447/473/438
f 446/472/437 450/476/441 471/497/462
f 446/472/437 471/497/462 469/495/460
f 466/492/457 444/470/435 468/494/459
f 447/473/438 470/496/461 467/493/458
f 470/496/461 472/498/463 473/499/464
f 473/499/464 467/493/458 470/496/461
f 443/469/434 453/479/444 452/478/443
f 456/482/447 448/474/439 443/469/434
f 443/469/434 452/478/443 456/482/447
f 449/475/440 448/474/439 456/482/447
f 456/482/447 458/484/449 449/475/440
f 474/500/465 449/475/440 458/484/449
f 458/484/449 460/486/451 474/500/465
f 464/490/455 463/489/454 475/501/466
f 463/489/454 462/488/453 475/501/466
f 447/473/438 444/470/435 443/469/434
f 443/469/434 448/474/439 447/473/438
f 454/480/445 461/487/452 462/488/453
f 457/483/448 465/491/456 459/485/450
s 36
f 416/442/407 440/466/431 413/439/404
s 37
f 449/475/440 474/500/465 450/476/441
s 36
f 410/436/401 418/444/409 439/465/430
s 37
f 443/469/434 442/468/433 453/479/444
s 36
f 417/443/408 439/465/430 418/444/409
s 37
f 451/477/442 454/480/445 452/478/443
s 38
f 476/502/467 477/503/468 478/504/469
f 478/504/469 479/505/470 476/502/467
f 480/506/471 481/507/472 482/508/473
f 482/508/473 483/509/474 480/506/471
f 480/506/471 484/510/475 481/507/472
f 485/511/476 486/512/477 487/513/478
f 486/512/477 488/514/479 489/515/480
f 489/515/480 487/513/478 486/512/477
f 489/515/480 488/514/479 490/516/481
f 490/516/481 491/517/482 489/515/480
f 490/516/481 492/518/483 493/519/484
f 493/519/484 491/517/482 490/516/481
f 485/511/476 487/513/478 494/520/485
f 495/521/486 487/513/478 489/515/480
f 489/515/480 496/522/487 495/521/486
f 489/515/480 491/517/482 497/523/488
f 497/523/488 496/522/487 489/515/480
f 497/523/488 491/517/482 498/524/489
f 476/502/467 499/525/490 477/503/468
f 500/526/491 501/527/492 483/509/474
f 483/509/474 477/503/468 500/526/491
f 483/509/474 502/528/493 503/529/494
f 503/529/494 480/506/471 483/509/474
f 480/506/471 504/530/495 484/510/475
f 480/506/471 503/529/494 504/530/495
f 499/525/490 500/526/491 477/503/468
f 483/509/474 501/527/492 502/528/493
f 502/528/493 501/527/492 505/531/496
f 505/531/496 506/532/497 502/528/493
f 478/504/469 507/533/498 479/505/470
f 488/514/479 486/512/477 478/504/469
f 478/504/469 482/508/473 488/514/479
f 481/507/472 490/516/481 488/514/479
f 488/514/479 482/508/473 481/507/472
f 492/518/483 490/516/481 481/507/472
f 481/507/472 508/534/499 492/518/483
f 497/523/488 509/535/500 496/522/487
f 496/522/487 509/535/500 495/521/486
f 483/509/474 482/508/473 478/504/469
f 478/504/469 477/503/468 483/509/474
f 487/513/478 495/521/486 494/520/485
f 491/517/482 493/519/484 498/524/489
s 39
f 510/536/501 511/537/502 512/538/503
f 512/538/503 513/539/504 510/536/501
f 514/540/505 515/541/506 516/542/507
f 516/542/507 517/543/508 514/540/505
f 514/540/505 517/543/508 518/544/509
f 519/545/510 520/546/511 521/547/512
f 520/546/511 522/548/513 523/549/514
f 523/549/514 524/550/515 520/546/511
f 523/549/514 525/551/516 526/552/517
f 526/552/517 524/550/515 523/549/514
f 525/551/516 527/553/518 528/554/519
f 528/554/519 526/552/517 525/551/516
f 519/545/510 529/555/520 522/548/513
f 530/556/521 531/557/522 523/549/514
f 523/549/514 522/548/513 530/556/521
f 523/549/514 531/557/522 532/558/523
f 532/558/523 525/551/516 523/549/514
f 532/558/523 533/559/524 525/551/516
f 513/539/504 512/538/503 534/560/525
f 515/541/506 535/561/526 536/562/527
f 536/562/527 512/538/503 515/541/506
f 515/541/506 514/540/505 537/563/528
f 537/563/528 538/564/529 515/541/506
f 514/540/505 518/544/509 539/565/530
f 514/540/505 539/565/530 537/563/528
f 534/560/525 512/538/503 536/562/527
f 515/541/506 538/564/529 535/561/526
f 538/564/529 540/566/531 541/567/532
f 541/567/532 535/561/526 538/564/529
f 511/537/502 521/547/512 520/546/511
f 524/550/515 516/542/507 511/537/502
f 511/537/502 520/546/511 524/550/515
f 517/543/508 516/542/507 524/550/515
f 524/550/515 526/552/517 517/543/508
f 542/568/533 517/543/508 526/552/517
f 526/552/517 528/554/519 542/568/533
f 532/558/523 531/557/522 543/569/534
f 531/557/522 530/556/521 543/569/534
f 515/541/506 512/538/503 511/537/502
f 511/537/502 516/542/507 515/541/506
f 522/548/513 529/555/520 530/556/521
f 525/551/516 533/559/524 527/553/518
s 38
f 484/510/475 508/534/499 481/507/472
s 39
f 517/543/508 542/568/533 518/544/509
s 38
f 478/504/469 486/512/477 507/533/498
s 39
f 511/537/502 510/536/501 521/547/512
s 38
f 485/511/476 507/533/498 486/512/477
s 39
f 519/545/510 522/548/513 520/546/511
s 40
f 544/570/535 545/571/536 546/572/537
f 546/572/537 547/573/538 544/570/535
f 548/574/539 549/575/540 550/576/541
f 550/576/541 551/577/542 548/574/539
f 548/574/539 552/578/543 553/579/544
f 553/579/544 549/575/540 548/574/539
f 554/580/545 555/581/546 556/582/547
f 556/582/547 557/583/548 554/580/545
f 555/581/546 558/584/549 559/585/550
f 559/585/550 556/582/547 555/581/546
f 559/585/550 558/584/549 560/586/551
f 560/586/551 561/587/552 559/585/550
f 560/586/551 562/588/553 563/589/554
f 563/589/554 561/587/552 560/586/551
f 557/583/548 556/582/547 564/590/555
f 565/591/556 556/582/547 559/585/550
f 559/585/550 566/592/557 565/591/556
f 559/585/550 561/587/552 567/593/558
f 567/593/558 566/592/557 559/585/550
f 567/593/558 561/587/552 568/594/559
f 544/570/535 569/595/560 545/571/536
f 570/596/561 571/597/562 551/577/542
f 551/577/542 545/571/536 570/596/561
f 551/577/542 572/598/563 573/599/564
f 573/599/564 548/574/539 551/577/542
f 548/574/539 574/600/565 552/578/543
f 548/574/539 573/599/564 574/600/565
f 569/595/560 570/596/561 545/571/536
f 551/577/542 571/597/562 572/598/563
f 572/598/563 571/597/562 575/601/566
f 575/601/566 576/602/566 572/598/563
f 555/581/546 554/580/545 547/573/538
f 547/573/538 546/572/537 555/581/546
f 558/584/549 555/581/546 546/572/537
f 546/572/537 550/576/541 558/584/549
f 549/575/540 560/586/551 558/584/549
f 558/584/549 550/576/541 549/575/540
f 562/588/553 560/586/551 549/575/540
f 549/575/540 553/579/544 562/588/553
f 567/593/558 577/603/567 566/592/557
f 566/592/557 577/603/567 565/591/556
f 551/577/542 550/576/541 546/572/537
f 546/572/537 545/571/536 551/577/542
f 556/582/547 565/591/556 564/590/555
f 561/587/552 563/589/554 568/594/559
s 41
f 578/604/568 579/605/569 580/606/570
f 580/606/570 581/607/571 578/604/568
f 582/608/572 583/609/573 584/610/574
f 584/610/574 585/611/575 582/608/572
f 585/611/575 586/612/576 587/613/577
f 587/613/577 582/608/572 585/611/575
f 588/614/578 589/615/579 590/616/580
f 590/616/580 591/617/581 588/614/578
f 590/616/580 589/615/579 592/618/582
f 592/618/582 593/619/583 590/616/580
f 592/618/582 594/620/584 595/621/585
f 595/621/585 593/619/583 592/618/582
f 594/620/584 596/622/586 597/623/587
f 597/623/587 595/621/585 594/620/584
f 588/614/578 598/624/588 589/615/579
f 599/625/589 600/626/590 592/618/582
f 592/618/582 589/615/579 599/625/589
f 592/618/582 600/626/590 601/627/591
f 601/627/591 594/620/584 592/618/582
f 601/627/591 602/628/592 594/620/584
f 581/607/571 580/606/570 603/629/593
f 583/609/573 604/630/594 605/631/595
f 605/631/595 580/606/570 583/609/573
f 583/609/573 582/608/572 606/632/596
f 606/632/596 607/633/597 583/609/573
f 582/608/572 587/613/577 608/634/598
f 582/608/572 608/634/598 606/632/596
f 603/629/593 580/606/570 605/631/595
f 583/609/573 607/633/597 604/630/594
f 607/633/597 609/635/599 610/636/600
f 610/636/600 604/630/594 607/633/597
f 579/605/569 578/604/568 591/617/581
f 591/617/581 590/616/580 579/605/569
f 593/619/583 584/610/574 579/605/569
f 579/605/569 590/616/580 593/619/583
f 585/611/575 584/610/574 593/619/583
f 593/619/583 595/621/585 585/611/575
f 586/612/576 585/611/575 595/621/585
f 595/621/585 597/623/587 586/612/576
f 601/627/591 600/626/590 611/637/601
f 600/626/590 599/625/589 611/637/601
f 583/609/573 580/606/570 579/605/569
f 579/605/569 584/610/574 583/609/573
f 589/615/579 598/624/588 599/625/589
f 594/620/584 602/628/592 596/622/586
s 42
f 612/638/602 613/639/603 614/640/604
f 614/640/604 615/641/605 612/638/602
f 616/642/606 617/643/607 618/644/608
f 618/644/608 619/645/609 616/642/606
f 616/642/606 620/646/610 621/647/611
f 621/647/611 617/643/607 616/642/606
f 622/648/612 623/649/613 624/650/614
f 624/650/614 625/651/615 622/648/612
f 623/649/613 626/652/616 627/653/617
f 627/653/617 624/650/614 623/649/613
f 627/653/617 626/652/616 628/654/618
f 628/654/618 629/655/619 627/653/617
f 628/654/618 630/656/620 631/657/621
f 631/657/621 629/655/619 628/654/618
f 625/651/615 624/650/614 632/658/622
f 633/659/623 624/650/614 627/653/617
f 627/653/617 634/660/624 633/659/623
f 627/653/617 629/655/619 635/661/625
f 635/661/625 634/660/624 627/653/617
f 635/661/625 629/655/619 636/662/626
f 612/638/602 637/663/627 613/639/603
f 638/664/628 639/665/629 619/645/609
f 619/645/609 613/639/603 638/664/628
f 619/645/609 640/666/630 641/667/631
f 641/667/631 616/642/606 619/645/609
f 616/642/606 642/668/632 620/646/610
f 616/642/606 641/667/631 642/668/632
f 637/663/627 638/664/628 613/639/603
f 619/645/609 639/665/629 640/666/630
f 640/666/630 639/665/629 643/669/633
f 643/669/633 644/670/634 640/666/630
f 623/649/613 622/648/612 615/641/605
f 615/641/605 614/640/604 623/649/613
f 626/652/616 623/649/613 614/640/604
f 614/640/604 618/644/608 626/652/616
f 617/643/607 628/654/618 626/652/616
f 626/652/616 618/644/608 617/643/607
f 630/656/620 628/654/618 617/643/607
f 617/643/607 621/647/611 630/656/620
f 635/661/625 645/671/635 634/660/624
f 634/660/624 645/671/635 633/659/623
f 619/645/609 618/644/608 614/640/604
f 614/640/604 613/639/603 619/645/609
f 624/650/614 633/659/623 632/658/622
f 629/655/619 631/657/621 636/662/626
s 43
f 646/672/636 647/673/637 648/674/638
f 648/674/638 649/675/639 646/672/636
f 650/676/640 651/677/641 652/678/642
f 652/678/642 653/679/643 650/676/640
f 653/679/643 654/680/644 655/681/645
f 655/681/645 650/676/640 653/679/643
f 656/682/646 657/683/647 658/684/648
f 658/684/648 659/685/649 656/682/646
f 658/684/648 657/683/647 660/686/650
f 660/686/650 661/687/651 658/684/648
f 660/686/650 662/688/652 663/689/653
f 663/689/653 661/687/651 660/686/650
f 662/688/652 664/690/654 665/691/655
f 665/691/655 663/689/653 662/688/652
f 656/682/646 666/692/656 657/683/647
f 667/693/657 668/694/658 660/686/650
f 660/686/650 657/683/647 667/693/657
f 660/686/650 668/694/658 669/695/659
f 669/695/659 662/688/652 660/686/650
f 669/695/659 670/696/660 662/688/652
f 649/675/639 648/674/638 671/697/661
f 651/677/641 672/698/662 673/699/663
f 673/699/663 648/674/638 651/677/641
f 651/677/641 650/676/640 674/700/664
f 674/700/664 675/701/665 651/677/641
f 650/676/640 655/681/645 676/702/666
f 650/676/640 676/702/666 674/700/664
f 671/697/661 648/674/638 673/699/663
f 651/677/641 675/701/665 672/698/662
f 675/701/665 677/703/667 678/704/668
f 678/704/668 672/698/662 675/701/665
f 647/673/637 646/672/636 659/685/649
f 659/685/649 658/684/648 647/673/637
f 661/687/651 652/678/642 647/673/637
f 647/673/637 658/684/648 661/687/651
f 653/679/643 652/678/642 661/687/651
f 661/687/651 663/689/653 653/679/643
f 654/680/644 653/679/643 663/689/653
f 663/689/653 665/691/655 654/680/644
f 669/695/659 668/694/658 679/705/669
f 668/694/658 667/693/657 679/705/669
f 651/677/641 648/674/638 647/673/637
f 647/673/637 652/678/642 651/677/641
f 657/683/647 666/692/656 667/693/657
f 662/688/652 670/696/660 664/690/654
s 44
f 680/706/670 681/707/671 682/708/672
f 682/708/672 683/709/673 680/706/670
f 684/710/674 685/711/675 686/712/676
f 686/712/676 687/713/677 684/710/674
f 684/710/674 688/714/678 689/715/679
f 689/715/679 685/711/675 684/710/674
f 690/716/680 691/717/681 692/718/682
f 692/718/682 693/719/683 690/716/680
f 691/717/681 694/720/684 695/721/685
f 695/721/685 692/718/682 691/717/681
f 695/721/685 694/720/684 696/722/686
f 696/722/686 697/723/687 695/721/685
f 696/722/686 698/724/688 699/725/689
f 699/725/689 697/723/687 696/722/686
f 693/719/683 692/718/682 700/726/690
f 701/727/691 692/718/682 695/721/685
f 695/721/685 702/728/692 701/727/691
f 695/721/685 697/723/687 703/729/693
f 703/729/693 702/728/692 695/721/685
f 703/729/693 697/723/687 704/730/694
f 680/706/670 705/731/695 681/707/671
f 706/732/696 707/733/697 687/713/677
f 687/713/677 681/707/671 706/732/696
f 687/713/677 708/734/698 709/735/699
f 709/735/699 684/710/674 687/713/677
f 684/710/674 710/736/700 688/714/678
f 684/710/674 709/735/699 710/736/700
f 705/731/695 706/732/696 681/707/671
f 687/713/677 707/733/697 708/734/698
f 708/734/698 707/733/697 711/737/701
f 711/737/701 712/738/702 708/734/698
f 691/717/681 690/716/680 683/709/673
f 683/709/673 682/708/672 691/717/681
f 694/720/684 691/717/681 682/708/672
f 682/708/672 686/712/676 694/720/684
f 685/711/675 696/722/686 694/720/684
f 694/720/684 686/712/676 685/711/675
f 698/724/688 696/722/686 685/711/675
f 685/711/675 689/715/679 698/724/688
f 703/729/693 713/739/703 702/728/692
f 702/728/692 713/739/703 701/727/691
f 687/713/677 686/712/676 682/708/672
f 682/708/672 681/707/671 687/713/677
f 692/718/682 701/727/691 700/726/690
f 697/723/687 699/725/689 704/730/694
s 45
f 714/740/704 715/741/705 716/742/706
f 716/742/706 717/743/707 714/740/704
f 718/744/708 719/745/709 720/746/710
f 720/746/710 721/747/711 718/744/708
f 721/747/711 722/748/712 723/749/713
f 723/749/713 718/744/708 721/747/711
f 724/750/714 725/751/715 726/752/716
f 726/752/716 727/753/717 724/750/714
f 726/752/716 725/751/715 728/754/718
f 728/754/718 729/755/719 726/752/716
f 728/754/718 730/756/720 731/757/721
f 731/757/721 729/755/719 728/754/718
f 730/756/720 732/758/722 733/759/723
f 733/759/723 731/757/721 730/756/720
f 724/750/714 734/760/724 725/751/715
f 735/761/725 736/762/726 728/754/718
f 728/754/718 725/751/715 735/761/725
f 728/754/718 736/762/726 737/763/727
f 737/763/727 730/756/720 728/754/718
f 737/763/727 738/764/728 730/756/720
f 717/743/707 716/742/706 739/765/729
f 719/745/709 740/766/730 741/767/731
f 741/767/731 716/742/706 719/745/709
f 719/745/709 718/744/708 742/768/732
f 742/768/732 743/769/733 719/745/709
f 718/744/708 723/749/713 744/770/734
f 718/744/708 744/770/734 742/768/732
f 739/765/729 716/742/706 741/767/731
f 719/745/709 743/769/733 740/766/730
f 743/769/733 745/771/735 746/772/736
f 746/772/736 740/766/730 743/769/733
f 715/741/705 714/740/704 727/753/717
f 727/753/717 726/752/716 715/741/705
f 729/755/719 720/746/710 715/741/705
f 715/741/705 726/752/716 729/755/719
f 721/747/711 720/746/710 729/755/719
f 729/755/719 731/757/721 721/747/711
f 722/748/712 721/747/711 731/757/721
f 731/757/721 733/759/723 722/748/712
f 737/763/727 736/762/726 747/773/737
f 736/762/726 735/761/725 747/773/737
f 719/745/709 716/742/706 715/741/705
f 715/741/705 720/746/710 719/745/709
f 725/751/715 734/760/724 735/761/725
f 730/756/720 738/764/728 732/758/722
s 46
f 748/774/738 749/775/739 750/776/740
f 750/776/740 751/777/741 748/774/738
f 752/778/742 753/779/743 754/780/744
f 754/780/744 755/781/745 752/778/742
f 752/778/742 756/782/746 757/783/747
f 757/783/747 753/779/743 752/778/742
f 758/784/748 759/785/749 760/786/750
f 760/786/750 761/787/751 758/784/748
f 759/785/749 762/788/752 763/789/753
f 763/789/753 760/786/750 759/785/749
f 763/789/753 762/788/752 764/790/754
f 764/790/754 765/791/755 763/789/753
f 764/790/754 766/792/756 767/793/757
f 767/793/757 765/791/755 764/790/754
f 761/787/751 760/786/750 768/794/758
f 769/795/759 760/786/750 763/789/753
f 763/789/753 770/796/760 769/795/759
f 763/789/753 765/791/755 771/797/761
f 771/797/761 770/796/760 763/789/753
f 771/797/761 765/791/755 772/798/762
f 748/774/738 773/799/763 749/775/739
f 774/800/764 775/801/765 755/781/745
f 755/781/745 749/775/739 774/800/764
f 755/781/745 776/802/766 777/803/767
f 777/803/767 752/778/742 755/781/745
f 752/778/742 778/804/768 756/782/746
f 752/778/742 777/803/767 778/804/768
f 773/799/763 774/800/764 749/775/739
f 755/781/745 775/801/765 776/802/766
f 776/802/766 775/801/765 779/805/769
f 779/805/769 780/806/770 776/802/766
f 759/785/749 758/784/748 751/777/741
f 751/777/741 750/776/740 759/785/749
f 762/788/752 759/785/749 750/776/740
f 750/776/740 754/780/744 762/788/752
f 753/779/743 764/790/754 762/788/752
f 762/788/752 754/780/744 753/779/743
f 766/792/756 764/790/754 753/779/743
f 753/779/743 757/783/747 766/792/756
f 771/797/761 781/807/771 770/796/760
f 770/796/760 781/807/771 769/795/759
f 755/781/745 754/780/744 750/776/740
f 750/776/740 749/775/739 755/781/745
f 760/786/750 769/795/759 768/794/758
f 765/791/755 767/793/757 772/798/762
s 47
f 782/808/772 783/809/773 784/810/774
f 784/810/774 785/811/775 782/808/772
f 786/812/776 787/813/777 788/814/778
f 788/814/778 789/815/779 786/812/776
f 789/815/779 790/816/780 791/817/781
f 791/817/781 786/812/776 789/815/779
f 792/818/782 793/819/783 794/820/784
f 794/820/784 795/821/785 792/818/782
f 794/820/784 793/819/783 796/822/786
f 796/822/786 797/823/787 794/820/784
f 796/822/786 798/824/788 799/825/789
f 799/825/789 797/823/787 796/822/786
f 798/824/788 800/826/790 801/827/791
f 801/827/791 799/825/789 798/824/788
f 792/818/782 802/828/792 793/819/783
f 803/829/793 804/830/794 796/822/786
f 796/822/786 793/819/783 803/829/793
f 796/822/786 804/830/794 805/831/795
f 805/831/795 798/824/788 796/822/786
f 805/831/795 806/832/796 798/824/788
f 785/811/775 784/810/774 807/833/797
f 787/813/777 808/834/798 809/835/799
f 809/835/799 784/810/774 787/813/777
f 787/813/777 786/812/776 810/836/800
f 810/836/800 811/837/801 787/813/777
f 786/812/776 791/817/781 812/838/802
f 786/812/776 812/838/802 810/836/800
f 807/833/797 784/810/774 809/835/799
f 787/813/777 811/837/801 808/834/798
f 811/837/801 813/839/803 814/840/804
f 814/840/804 808/834/798 811/837/801
f 783/809/773 782/808/772 795/821/785
f 795/821/785 794/820/784 783/809/773
f 797/823/787 788/814/778 783/809/773
f 783/809/773 794/820/784 797/823/787
f 789/815/779 788/814/778 797/823/787
f 797/823/787 799/825/789 789/815/779
f 790/816/780 789/815/779 799/825/789
f 799/825/789 801/827/791 790/816/780
f 805/831/795 804/830/794 815/841/805
f 804/830/794 803/829/793 815/841/805
f 787/813/777 784/810/774 783/809/773
f 783/809/773 788/814/778 787/813/777
f 793/819/783 802/828/792 803/829/793
f 798/824/788 806/832/796 800/826/790
s 48
f 816/842/806 817/843/807 818/844/808
f 818/844/808 819/845/809 816/842/806
f 820/846/810 821/847/811 822/848/812
f 822/848/812 823/849/813 820/846/810
f 820/846/810 824/850/814 821/847/811
f 825/851/815 826/852/816 827/853/817
f 826/852/816 828/854/818 829/855/819
f 829/855/819 827/853/817 826/852/816
f 829/855/819 828/854/818 830/856/820
f 830/856/820 831/857/821 829/855/819
f 830/856/820 832/858/822 833/859/823
f 833/859/823 831/857/821 830/856/820
f 825/851/815 827/853/817 834/860/824
f 835/861/825 827/853/817 829/855/819
f 829/855/819 836/862/826 835/861/825
f 829/855/819 831/857/821 837/863/827
f 837/863/827 836/862/826 829/855/819
f 837/863/827 831/857/821 838/864/828
f 816/842/806 839/865/829 817/843/807
f 840/866/830 841/867/831 823/849/813
f 823/849/813 817/843/807 840/866/830
f 823/849/813 842/868/832 843/869/833
f 843/869/833 820/846/810 823/849/813
f 820/846/810 844/870/834 845/871/835
f 820/846/810 843/869/833 844/870/834
f 839/865/829 840/866/830 817/843/807
f 823/849/813 841/867/831 842/868/832
f 842/868/832 841/867/831 846/872/836
f 846/872/836 847/873/837 842/868/832
f 826/852/816 848/874/838 819/845/809
f 819/845/809 818/844/808 826/852/816
f 828/854/818 826/852/816 818/844/808
f 818/844/808 822/848/812 828/854/818
f 821/847/811 830/856/820 828/854/818
f 828/854/818 822/848/812 821/847/811
f 824/850/814 830/856/820 821/847/811
f 837/863/827 849/875/839 836/862/826
f 836/862/826 849/875/839 835/861/825
f 823/849/813 822/848/812 818/844/808
f 818/844/808 817/843/807 823/849/813
f 827/853/817 835/861/825 834/860/824
f 831/857/821 833/859/823 838/864/828
s 49
f 850/876/840 851/877/841 852/878/842
f 852/878/842 853/879/843 850/876/840
f 854/880/844 855/881/845 856/882/846
f 856/882/846 857/883/847 854/880/844
f 854/880/844 858/884/848 859/885/849
f 860/886/850 861/887/851 862/888/852
f 861/887/851 863/889/853 864/890/854
f 864/890/854 865/891/855 861/887/851
f 864/890/854 866/892/856 867/893/857
f 867/893/857 865/891/855 864/890/854
f 866/892/856 868/894/858 869/895/859
f 869/895/859 867/893/857 866/892/856
f 860/886/850 870/896/860 863/889/853
f 871/897/861 872/898/862 864/890/854
f 864/890/854 863/889/853 871/897/861
f 864/890/854 872/898/862 873/899/863
f 873/899/863 866/892/856 864/890/854
f 873/899/863 874/900/864 866/892/856
f 853/879/843 852/878/842 875/901/865
f 855/881/845 876/902/866 877/903/867
f 877/903/867 852/878/842 855/881/845
f 855/881/845 854/880/844 878/904/868
f 878/904/868 879/905/869 855/881/845
f 854/880/844 859/885/849 880/906/870
f 854/880/844 880/906/870 878/904/868
f 875/901/865 852/878/842 877/903/867
f 855/881/845 879/905/869 876/902/866
f 879/905/869 881/907/871 882/908/872
f 882/908/872 876/902/866 879/905/869
f 851/877/841 850/876/840 862/888/852
f 862/888/852 861/887/851 851/877/841
f 865/891/855 856/882/846 851/877/841
f 851/877/841 861/887/851 865/891/855
f 857/883/847 856/882/846 865/891/855
f 865/891/855 867/893/857 857/883/847
f 858/884/848 867/893/857 869/895/859
f 873/899/863 872/898/862 883/909/873
f 872/898/862 871/897/861 883/909/873
f 855/881/845 852/878/842 851/877/841
f 851/877/841 856/882/846 855/881/845
f 863/889/853 870/896/860 871/897/861
f 866/892/856 874/900/864 868/894/858
s 48
f 824/850/814 832/858/822 830/856/820
s 49
f 858/884/848 857/883/847 867/893/857
s 48
f 825/851/815 848/874/838 826/852/816
s 49
f 860/886/850 863/889/853 861/887/851
s 48
f 820/846/810 845/871/835 824/850/814
s 49
f 854/880/844 857/883/847 858/884/848
s 50
f 884/910/874 885/911/875 886/912/876
f 886/912/876 887/913/877 884/910/874
f 888/914/878 889/915/879 890/916/880
f 890/916/880 891/917/881 888/914/878
f 888/914/878 892/918/882 889/915/879
f 893/919/883 894/920/884 895/921/885
f 895/921/885 896/922/886 893/919/883
f 894/920/884 897/923/887 898/924/888
f 898/924/888 895/921/885 894/920/884
f 898/924/888 897/923/887 899/925/889
f 899/925/889 900/926/890 898/924/888
f 899/925/889 901/927/891 902/928/892
f 902/928/892 900/926/890 899/925/889
f 896/922/886 895/921/885 903/929/893
f 904/930/894 895/921/885 898/924/888
f 898/924/888 905/931/895 904/930/894
f 898/924/888 900/926/890 906/932/896
f 906/932/896 905/931/895 898/924/888
f 906/932/896 900/926/890 907/933/897
f 884/910/874 908/934/898 885/911/875
f 909/935/899 910/936/900 891/917/881
f 891/917/881 885/911/875 909/935/899
f 891/917/881 911/937/901 912/938/902
f 912/938/902 888/914/878 891/917/881
f 888/914/878 913/939/903 892/918/882
f 888/914/878 912/938/902 913/939/903
f 908/934/898 909/935/899 885/911/875
f 891/917/881 910/936/900 911/937/901
f 911/937/901 910/936/900 914/940/904
f 914/940/904 915/941/905 911/937/901
f 894/920/884 893/919/883 887/913/877
f 887/913/877 886/912/876 894/920/884
f 897/923/887 894/920/884 886/912/876
f 886/912/876 890/916/880 897/923/887
f 889/915/879 899/925/889 897/923/887
f 897/923/887 890/916/880 889/915/879
f 901/927/891 899/925/889 889/915/879
f 889/915/879 916/942/906 901/927/891
f 906/932/896 917/943/907 905/931/895
f 905/931/895 917/943/907 904/930/894
f 891/917/881 890/916/880 886/912/876
f 886/912/876 885/911/875 891/917/881
f 895/921/885 904/930/894 903/929/893
f 900/926/890 902/928/892 907/933/897
s 51
f 918/944/908 919/945/909 920/946/910
f 920/946/910 921/947/911 918/944/908
f 922/948/912 923/949/913 924/950/914
f 924/950/914 925/951/915 922/948/912
f 922/948/912 925/951/915 926/952/916
f 927/953/917 928/954/918 929/955/919
f 929/955/919 930/956/920 927/953/917
f 929/955/919 928/954/918 931/957/921
f 931/957/921 932/958/922 929/955/919
f 931/957/921 933/959/923 934/960/924
f 934/960/924 932/958/922 931/957/921
f 933/959/923 935/961/925 936/962/926
f 936/962/926 934/960/924 933/959/923
f 927/953/917 937/963/927 928/954/918
f 938/964/928 939/965/929 931/957/921
f 931/957/921 928/954/918 938/964/928
f 931/957/921 939/965/929 940/966/930
f 940/966/930 933/959/923 931/957/921
f 940/966/930 941/967/931 933/959/923
f 921/947/911 920/946/910 942/968/932
f 923/949/913 943/969/933 944/970/934
f 944/970/934 920/946/910 923/949/913
f 923/949/913 922/948/912 945/971/935
f 945/971/935 946/972/936 923/949/913
f 922/948/912 926/952/916 947/973/937
f 922/948/912 947/973/937 945/971/935
f 942/968/932 920/946/910 944/970/934
f 923/949/913 946/972/936 943/969/933
f 946/972/936 948/974/938 949/975/939
f 949/975/939 943/969/933 946/972/936
f 919/945/909 918/944/908 930/956/920
f 930/956/920 929/955/919 919/945/909
f 932/958/922 924/950/914 919/945/909
f 919/945/909 929/955/919 932/958/922
f 925/951/915 924/950/914 932/958/922
f 932/958/922 934/960/924 925/951/915
f 950/976/940 925/951/915 934/960/924
f 934/960/924 936/962/926 950/976/940
f 940/966/930 939/965/929 951/977/941
f 939/965/929 938/964/928 951/977/941
f 923/949/913 920/946/910 919/945/909
f 919/945/909 924/950/914 923/949/913
f 928/954/918 937/963/927 938/964/928
f 933/959/923 941/967/931 935/961/925
s 50
f 892/918/882 916/942/906 889/915/879
s 51
f 925/951/915 950/976/940 926/952/916
s 52
f 952/978/942 953/979/943 954/980/944
f 954/980/944 955/981/945 952/978/942
f 956/982/946 957/983/947 958/984/948
f 958/984/948 959/985/949 956/982/946
f 956/982/946 960/986/950 957/983/947
f 961/987/951 962/988/952 963/989/953
f 963/989/953 964/990/954 961/987/951
f 962/988/952 965/991/955 966/992/956
f 966/992/956 963/989/953 962/988/952
f 966/992/956 965/991/955 967/993/957
f 967/993/957 968/994/958 966/992/956
f 967/993/957 969/995/959 970/996/960
f 970/996/960 968/994/958 967/993/957
f 964/990/954 963/989/953 971/997/961
f 972/998/962 963/989/953 966/992/956
f 966/992/956 973/999/963 972/998/962
f 966/992/956 968/994/958 974/1000/964
f 974/1000/964 973/999/963 966/992/956
f 974/1000/964 968/994/958 975/1001/965
f 952/978/942 976/1002/966 953/979/943
f 977/1003/967 978/1004/968 959/985/949
f 959/985/949 953/979/943 977/1003/967
f 959/985/949 979/1005/969 980/1006/970
f 980/1006/970 956/982/946 959/985/949
f 956/982/946 981/1007/971 960/986/950
f 956/982/946 980/1006/970 981/1007/971
f 976/1002/966 977/1003/967 953/979/943
f 959/985/949 978/1004/968 979/1005/969
f 979/1005/969 978/1004/968 982/1008/972
f 982/1008/972 983/1009/973 979/1005/969
f 962/988/952 961/987/951 955/981/945
f 955/981/945 954/980/944 962/988/952
f 965/991/955 962/988/952 954/980/944
f 954/980/944 958/984/948 965/991/955
f 957/983/947 967/993/957 965/991/955
f 965/991/955 958/984/948 957/983/947
f 969/995/959 967/993/957 957/983/947
f 957/983/947 984/1010/974 969/995/959
f 974/1000/964 985/1011/975 973/999/963
f 973/999/963 985/1011/975 972/998/962
f 959/985/949 958/984/948 954/980/944
f 954/980/944 953/979/943 959/985/949
f 963/989/953 972/998/962 971/997/961
f 968/994/958 970/996/960 975/1001/965
s 53
f 986/1012/976 987/1013/977 988/1014/978
f 988/1014/978 989/1015/979 986/1012/976
f 990/1016/980 991/1017/981 992/1018/982
f 992/1018/982 993/1019/983 990/1016/980
f 990/1016/980 993/1019/983 994/1020/984
f 995/1021/985 996/1022/986 997/1023/987
f 997/1023/987 998/1024/988 995/1021/985
f 997/1023/987 996/1022/986 999/1025/989
f 999/1025/989 1000/1026/990 997/1023/987
f 999/1025/989 1001/1027/991 1002/1028/992
f 1002/1028/992 1000/1026/990 999/1025/989
f 1001/1027/991 1003/1029/993 1004/1030/994
f 1004/1030/994 1002/1028/992 1001/1027/991
f 995/1021/985 1005/1031/995 996/1022/986
f 1006/1032/996 1007/1033/997 999/1025/989
f 999/1025/989 996/1022/986 1006/1032/996
f 999/1025/989 1007/1033/997 1008/1034/998
f 1008/1034/998 1001/1027/991 999/1025/989
f 1008/1034/998 1009/1035/999 1001/1027/991
f 989/1015/979 988/1014/978 1010/1036/1000
f 991/1017/981 1011/1037/1001 1012/1038/1002
f 1012/1038/1002 988/1014/978 991/1017/981
f 991/1017/981 990/1016/980 1013/1039/1003
f 1013/1039/1003 1014/1040/1004 991/1017/981
f 990/1016/980 994/1020/984 1015/1041/1005
f 990/1016/980 1015/1041/1005 1013/1039/1003
f 1010/1036/1000 988/1014/978 1012/1038/1002
f 991/1017/981 1014/1040/1004 1011/1037/1001
f 1014/1040/1004 1016/1042/1006 1017/1043/1007
f 1017/1043/1007 1011/1037/1001 1014/1040/1004
f 987/1013/977 986/1012/976 998/1024/988
f 998/1024/988 997/1023/987 987/1013/977
f 1000/1026/990 992/1018/982 987/1013/977
f 987/1013/977 997/1023/987 1000/1026/990
f 993/1019/983 992/1018/982 1000/1026/990
f 1000/1026/990 1002/1028/992 993/1019/983
f 1018/1044/1008 993/1019/983 1002/1028/992
f 1002/1028/992 1004/1030/994 1018/1044/1008
f 1008/1034/998 1007/1033/997 1019/1045/1009
f 1007/1033/997 1006/1032/996 1019/1045/1009
f 991/1017/981 988/1014/978 987/1013/977
f 987/1013/977 992/1018/982 991/1017/981
f 996/1022/986 1005/1031/995 1006/1032/996
f 1001/1027/991 1009/1035/999 1003/1029/993
s 52
f 960/986/950 984/1010/974 957/983/947
s 53
f 993/1019/983 1018/1044/1008 994/1020/984
s 54
f 1020/1046/1010 1021/1047/1010 1022/1048/1011
f 1022/1048/1011 1023/1049/1012 1020/1046/1010
f 1024/1050/1013 1025/1051/1014 1026/1052/1015
f 1026/1052/1015 1027/1053/1015 1024/1050/1013
f 1022/1048/1011 1024/1050/1013 1023/1049/1012
f 1022/1048/1011 1025/1051/1014 1024/1050/1013
s 55
f 1028/1054/1016 1029/1055/1016 1030/1056/1017
f 1030/1056/1017 1031/1057/1018 1028/1054/1016
f 1032/1058/1019 1033/1059/1020 1034/1060/1021
f 1034/1060/1021 1035/1061/1022 1032/1058/1019
f 1030/1056/1017 1033/1059/1020 1031/1057/1018
f 1033/1059/1020 1032/1058/1019 1031/1057/1018
s 56
f 1036/1062/1023 1037/1063/1023 1038/1064/1024
f 1038/1064/1024 1039/1065/1024 1036/1062/1023
f 1040/1066/1025 1041/1067/1025 1042/1068/1026
f 1042/1068/1026 1043/1069/1026 1040/1066/1025
f 1041/1067/1025 1040/1066/1025 1039/1065/1024
f 1039/1065/1024 1038/1064/1024 1041/1067/1025
s 57
f 1044/1070/1027 1045/1071/1028 1046/1072/1029
f 1046/1072/1029 1047/1073/1030 1044/1070/1027
f 1048/1074/1031 1049/1075/1032 1050/1076/1033
f 1050/1076/1033 1051/1077/1033 1048/1074/1031
f 1049/1075/1032 1048/1074/1031 1047/1073/1030
f 1047/1073/1030 1046/1072/1029 1049/1075/1032
s 58
f 1052/1078/1034 1053/1079/1035 1054/1080/1036
f 1054/1080/1036 1055/1081/1036 1052/1078/1034
f 1056/1082/1037 1057/1083/1038 1058/1084/1039
f 1058/1084/1039 1059/1085/1040 1056/1082/1037
f 1057/1083/1038 1056/1082/1037 1055/1081/1036
f 1055/1081/1036 1054/1080/1036 1057/1083/1038
s 59
f 1060/1086/1041 1061/1087/1042 1062/1088/1043
f 1063/1089/1044 1064/1090/1045 1062/1088/1043
f 1062/1088/1043 1061/1087/1042 1063/1089/1044
s 60
f 1065/1091/1046 1066/1092/1047 1067/1093/1048
f 1068/1094/1049 1069/1095/1050 1067/1093/1048
f 1067/1093/1048 1066/1092/1047 1068/1094/1049
s 61
f 1070/1096/1051 1071/1097/1052 1072/1098/1053
f 1073/1099/1054 1074/1100/1055 1072/1098/1053
f 1072/1098/1053 1071/1097/1052 1073/1099/1054
s 62
f 1075/1101/1056 1076/1102/1057 1077/1103/1058
f 1078/1104/1059 1079/1105/1060 1077/1103/1058
f 1077/1103/1058 1076/1102/1057 1078/1104/1059
s 63
f 1080/1106/1061 1081/1107/1062 1082/1108/1063
f 1083/1109/1064 1084/1110/1065 1082/1108/1063
f 1082/1108/1063 1081/1107/1062 1083/1109/1064
s 64
f 1085/1111/1066 1086/1112/1067 1087/1113/1068
f 1087/1113/1068 1088/1114/1069 1085/1111/1066
f 1089/1115/1070 1090/1116/1071 1091/1117/1071
f 1091/1117/1071 1092/1118/1072 1089/1115/1070
f 1086/1112/1067 1085/1111/1066 1089/1115/1070
f 1086/1112/1067 1089/1115/1070 1092/1118/1072
s 65
f 1093/1119/1073 1094/1120/1074 1095/1121/1075
f 1095/1121/1075 1096/1122/1075 1093/1119/1073
f 1097/1123/1076 1098/1124/1077 1099/1125/1077
f 1099/1125/1077 1100/1126/1078 1097/1123/1076
f 1094/1120/1074 1093/1119/1073 1100/1126/1078
f 1100/1126/1078 1093/1119/1073 1097/1123/1076
s 66
f 1101/1127/1079 1102/1128/1080 1103/1129/1081
f 1103/1129/1081 1104/1130/1082 1101/1127/1079
f 1105/1131/1083 1106/1132/1084 1107/1133/1084
f 1107/1133/1084 1108/1134/1085 1105/1131/1083
f 1108/1134/1085 1102/1128/1080 1101/1127/1079
f 1101/1127/1079 1105/1131/1083 1108/1134/1085
s 67
f 1109/1135/1086 1110/1136/1087 1111/1137/1088
f 1111/1137/1088 1112/1138/1088 1109/1135/1086
f 1113/1139/1089 1114/1140/1090 1115/1141/1091
f 1115/1141/1091 1116/1142/1092 1113/1139/1089
f 1116/1142/1092 1110/1136/1087 1109/1135/1086
f 1109/1135/1086 1113/1139/1089 1116/1142/1092
s 68
f 1117/1143/1093 1118/1144/1093 1119/1145/1094
f 1119/1145/1094 1120/1146/1094 1117/1143/1093
f 1121/1147/1095 1122/1148/1096 1123/1149/1096
f 1123/1149/1096 1124/1150/1097 1121/1147/1095
f 1124/1150/1097 1118/1144/1093 1117/1143/1093
f 1117/1143/1093 1121/1147/1095 1124/1150/1097
s 69
f 1125/1151/1098 1126/1152/1099 1127/1153/1100
f 1127/1153/1100 1126/1152/1099 1128/1154/1101
f 1128/1154/1101 1129/1155/1102 1127/1153/1100
s 70
f 1130/1156/1103 1131/1157/1104 1132/1158/1105
f 1132/1158/1105 1131/1157/1104 1133/1159/1106
f 1133/1159/1106 1134/1160/1107 1132/1158/1105
s 71
f 1135/1161/1108 1136/1162/1109 1137/1163/1110
f 1137/1163/1110 1136/1162/1109 1138/1164/1111
f 1138/1164/1111 1139/1165/1112 1137/1163/1110
s 72
f 1140/1166/1113 1141/1167/1114 1142/1168/1115
f 1142/1168/1115 1141/1167/1114 1143/1169/1116
f 1143/1169/1116 1144/1170/1117 1142/1168/1115
s 73
f 1145/1171/1118 1146/1172/1119 1147/1173/1120
f 1147/1173/1120 1146/1172/1119 1148/1174/1121
f 1148/1174/1121 1149/1175/1122 1147/1173/1120
s 74
f 1150/1176/1123 1151/1177/1124 1152/1178/1125
f 1152/1178/1125 1153/1179/1126 1150/1176/1123
f 1154/1180/1127 1155/1181/1128 1156/1182/1129
f 1156/1182/1129 1157/1183/1130 1154/1180/1127
f 1152/1178/1125 1154/1180/1127 1153/1179/1126
f 1152/1178/1125 1155/1181/1128 1154/1180/1127
s 75
f 1158/1184/1131 1159/1185/1131 1160/1186/1132
f 1160/1186/1132 1161/1187/1133 1158/1184/1131
f 1162/1188/1134 1163/1189/1135 1164/1190/1136
f 1164/1190/1136 1165/1191/1136 1162/1188/1134
f 1160/1186/1132 1163/1189/1135 1161/1187/1133
f 1163/1189/1135 1162/1188/1134 1161/1187/1133
s 76
f 1166/1192/1137 1167/1193/1137 1168/1194/1138
f 1168/1194/1138 1169/1195/1138 1166/1192/1137
f 1170/1196/1139 1171/1197/1140 1172/1198/1141
f 1172/1198/1141 1173/1199/1141 1170/1196/1139
f 1171/1197/1140 1170/1196/1139 1169/1195/1138
f 1169/1195/1138 1168/1194/1138 1171/1197/1140
s 77
f 1174/1200/1142 1175/1201/1143 1176/1202/1144
f 1176/1202/1144 1177/1203/1144 1174/1200/1142
f 1178/1204/1145 1179/1205/1146 1180/1206/1147
f 1180/1206/1147 1181/1207/1148 1178/1204/1145
f 1179/1205/1146 1178/1204/1145 1177/1203/1144
f 1177/1203/1144 1176/1202/1144 1179/1205/1146
s 78
f 1182/1208/1149 1183/1209/1150 1184/1210/1151
f 1184/1210/1151 1185/1211/1151 1182/1208/1149
f 1186/1212/1152 1187/1213/1153 1188/1214/1154
f 1188/1214/1154 1189/1215/1154 1186/1212/1152
f 1187/1213/1153 1186/1212/1152 1185/1211/1151
f 1185/1211/1151 1184/1210/1151 1187/1213/1153
s 79
f 1190/1216/1155 1191/1217/1156 1192/1218/1157
f 1193/1219/1158 1194/1220/1159 1192/1218/1157
f 1192/1218/1157 1191/1217/1156 1193/1219/1158
s 80
f 1195/1221/1160 1196/1222/1161 1197/1223/1162
f 1198/1224/1163 1199/1225/1164 1197/1223/1162
f 1197/1223/1162 1196/1222/1161 1198/1224/1163
s 81
f 1200/1226/1165 1201/1227/1166 1202/1228/1167
f 1203/1229/1168 1204/1230/1169 1202/1228/1167
f 1202/1228/1167 1201/1227/1166 1203/1229/1168
s 82
f 1205/1231/1170 1206/1232/1171 1207/1233/1172
f 1208/1234/1173 1209/1235/1174 1207/1233/1172
f 1207/1233/1172 1206/1232/1171 1208/1234/1173
s 83
f 1210/1236/1175 1211/1237/1176 1212/1238/1177
f 1213/1239/1178 1214/1240/1179 1212/1238/1177
f 1212/1238/1177 1211/1237/1176 1213/1239/1178
s 84
f 1215/1241/1180 1216/1242/1181 1217/1243/1182
f 1217/1243/1182 1218/1244/1183 1215/1241/1180
f 1219/1245/1184 1220/1246/1185 1221/1247/1185
f 1221/1247/1185 1222/1248/1186 1219/1245/1184
f 1216/1242/1181 1215/1241/1180 1219/1245/1184
f 1216/1242/1181 1219/1245/1184 1222/1248/1186
s 85
f 1223/1249/1187 1224/1250/1188 1225/1251/1189
f 1225/1251/1189 1226/1252/1189 1223/1249/1187
f 1227/1253/1190 1228/1254/1191 1229/1255/1191
f 1229/1255/1191 1230/1256/1192 1227/1253/1190
f 1224/1250/1188 1223/1249/1187 1230/1256/1192
f 1230/1256/1192 1223/1249/1187 1227/1253/1190
s 86
f 1231/1257/1193 1232/1258/1194 1233/1259/1195
f 1233/1259/1195 1234/1260/1195 1231/1257/1193
f 1235/1261/1196 1236/1262/1197 1237/1263/1197
f 1237/1263/1197 1238/1264/1198 1235/1261/1196
f 1238/1264/1198 1232/1258/1194 1231/1257/1193
f 1231/1257/1193 1235/1261/1196 1238/1264/1198
s 87
f 1239/1265/1199 1240/1266/1199 1241/1267/1200
f 1241/1267/1200 1242/1268/1201 1239/1265/1199
f 1243/1269/1202 1244/1270/1203 1245/1271/1204
f 1245/1271/1204 1246/1272/1205 1243/1269/1202
f 1246/1272/1205 1240/1266/1199 1239/1265/1199
f 1239/1265/1199 1243/1269/1202 1246/1272/1205
s 88
f 1247/1273/1206 1248/1274/1206 1249/1275/1207
f 1249/1275/1207 1250/1276/1208 1247/1273/1206
f 1251/1277/1209 1252/1278/1210 1253/1279/1210
f 1253/1279/1210 1254/1280/1211 1251/1277/1209
f 1254/1280/1211 1248/1274/1206 1247/1273/1206
f 1247/1273/1206 1251/1277/1209 1254/1280/1211
s 89
f 1255/1281/1212 1256/1282/1213 1257/1283/1214
f 1257/1283/1214 1256/1282/1213 1258/1284/1215
f 1258/1284/1215 1259/1285/1216 1257/1283/1214
s 90
f 1260/1286/1217 1261/1287/1218 1262/1288/1219
f 1262/1288/1219 1261/1287/1218 1263/1289/1220
f 1263/1289/1220 1264/1290/1221 1262/1288/1219
s 91
f 1265/1291/1222 1266/1292/1223 1267/1293/1224
f 1267/1293/1224 1266/1292/1223 1268/1294/1225
f 1268/1294/1225 1269/1295/1226 1267/1293/1224
s 92
f 1270/1296/1227 1271/1297/1228 1272/1298/1229
f 1272/1298/1229 1271/1297/1228 1273/1299/1230
f 1273/1299/1230 1274/1300/1231 1272/1298/1229
s 93
f 1275/1301/1232 1276/1302/1233 1277/1303/1234
f 1277/1303/1234 1276/1302/1233 1278/1304/1235
f 1278/1304/1235 1279/1305/1236 1277/1303/1234
s 94
f 1280/1306/1237 1281/1307/1237 1282/1308/1238
f 1282/1308/1238 1283/1309/1239 1280/1306/1237
f 1284/1310/1240 1285/1311/1241 1286/1312/1242
f 1286/1312/1242 1287/1313/1242 1284/1310/1240
f 1282/1308/1238 1284/1310/1240 1283/1309/1239
f 1282/1308/1238 1285/1311/1241 1284/1310/1240
s 95
f 1288/1314/1243 1289/1315/1243 1290/1316/1244
f 1290/1316/1244 1291/1317/1245 1288/1314/1243
f 1292/1318/1246 1293/1319/1247 1294/1320/1248
f 1294/1320/1248 1295/1321/1249 1292/1318/1246
f 1290/1316/1244 1293/1319/1247 1291/1317/1245
f 1293/1319/1247 1292/1318/1246 1291/1317/1245
s 96
f 1296/1322/1250 1297/1323/1250 1298/1324/1251
f 1298/1324/1251 1299/1325/1251 1296/1322/1250
f 1300/1326/1252 1301/1327/1253 1302/1328/1254
f 1302/1328/1254 1303/1329/1254 1300/1326/1252
f 1301/1327/1253 1300/1326/1252 1299/1325/1251
f 1299/1325/1251 1298/1324/1251 1301/1327/1253
s 97
f 1304/1330/1255 1305/1331/1256 1306/1332/1257
f 1306/1332/1257 1307/1333/1257 1304/1330/1255
f 1308/1334/1258 1309/1335/1259 1310/1336/1260
f 1310/1336/1260 1311/1337/1260 1308/1334/1258
f 1309/1335/1259 1308/1334/1258 1307/1333/1257
f 1307/1333/1257 1306/1332/1257 1309/1335/1259
s 98
f 1312/1338/1261 1313/1339/1261 1314/1340/1262
f 1314/1340/1262 1315/1341/1262 1312/1338/1261
f 1316/1342/1263 1317/1343/1264 1318/1344/1265
f 1318/1344/1265 1319/1345/1266 1316/1342/1263
f 1317/1343/1264 1316/1342/1263 1315/1341/1262
f 1315/1341/1262 1314/1340/1262 1317/1343/1264
s 99
f 1320/1346/1267 1321/1347/1268 1322/1348/1269
f 1323/1349/1270 1324/1350/1271 1322/1348/1269
f 1322/1348/1269 1321/1347/1268 1323/1349/1270
s 100
f 1325/1351/1272 1326/1352/1273 1327/1353/1274
f 1328/1354/1275 1329/1355/1276 1327/1353/1274
f 1327/1353/1274 1326/1352/1273 1328/1354/1275
s 101
f 1330/1356/1277 1331/1357/1278 1332/1358/1279
f 1333/1359/1280 1334/1360/1281 1332/1358/1279
f 1332/1358/1279 1331/1357/1278 1333/1359/1280
s 102
f 1335/1361/1282 1336/1362/1283 1337/1363/1284
f 1338/1364/1285 1339/1365/1286 1337/1363/1284
f 1337/1363/1284 1336/1362/1283 1338/1364/1285
s 103
f 1340/1366/1287 1341/1367/1288 1342/1368/1289
f 1343/1369/1290 1344/1370/1291 1342/1368/1289
f 1342/1368/1289 1341/1367/1288 1343/1369/1290
s 104
f 1345/1371/1292 1346/1372/1293 1347/1373/1294
f 1347/1373/1294 1348/1374/1294 1345/1371/1292
f 1349/1375/1295 1350/1376/1296 1351/1377/1296
f 1351/1377/1296 1352/1378/1297 1349/1375/1295
f 1346/1372/1293 1345/1371/1292 1349/1375/1295
f 1346/1372/1293 1349/1375/1295 1352/1378/1297
s 105
f 1353/1379/1298 1354/1380/1299 1355/1381/1300
f 1355/1381/1300 1356/1382/1300 1353/1379/1298
f 1357/1383/1301 1358/1384/1302 1359/1385/1303
f 1359/1385/1303 1360/1386/1304 1357/1383/1301
f 1354/1380/1299 1353/1379/1298 1360/1386/1304
f 1360/1386/1304 1353/1379/1298 1357/1383/1301
s 106
f 1361/1387/1305 1362/1388/1305 1363/1389/1306
f 1363/1389/1306 1364/1390/1307 1361/1387/1305
f 1365/1391/1308 1366/1392/1309 1367/1393/1309
f 1367/1393/1309 1368/1394/1308 1365/1391/1308
f 1368/1394/1308 1362/1388/1305 1361/1387/1305
f 1361/1387/1305 1365/1391/1308 1368/1394/1308
s 107
f 1369/1395/1310 1370/1396/1310 1371/1397/1311
f 1371/1397/1311 1372/1398/1311 1369/1395/1310
f 1373/1399/1312 1374/1400/1313 1375/1401/1314
f 1375/1401/1314 1376/1402/1315 1373/1399/1312
f 1376/1402/1315 1370/1396/1310 1369/1395/1310
f 1369/1395/1310 1373/1399/1312 1376/1402/1315
s 108
f 1377/1403/1316 1378/1404/1316 1379/1405/1317
f 1379/1405/1317 1380/1406/1317 1377/1403/1316
f 1381/1407/1318 1382/1408/1319 1383/1409/1320
f 1383/1409/1320 1384/1410/1321 1381/1407/1318
f 1384/1410/1321 1378/1404/1316 1377/1403/1316
f 1377/1403/1316 1381/1407/1318 1384/1410/1321
s 109
f 1385/1411/1322 1386/1412/1323 1387/1413/1324
f 1387/1413/1324 1386/1412/1323 1388/1414/1325
f 1388/1414/1325 1389/1415/1326 1387/1413/1324
s 110
f 1390/1416/1327 1391/1417/1328 1392/1418/1329
f 1392/1418/1329 1391/1417/1328 1393/1419/1330
f 1393/1419/1330 1394/1420/1331 1392/1418/1329
s 111
f 1395/1421/1332 1396/1422/1333 1397/1423/1334
f 1397/1423/1334 1396/1422/1333 1398/1424/1335
f 1398/1424/1335 1399/1425/1336 1397/1423/1334
s 112
f 1400/1426/1337 1401/1427/1338 1402/1428/1339
f 1402/1428/1339 1401/1427/1338 1403/1429/1340
f 1403/1429/1340 1404/1430/1341 1402/1428/1339
s 113
f 1405/1431/1342 1406/1432/1343 1407/1433/1344
f 1407/1433/1344 1406/1432/1343 1408/1434/1345
f 1408/1434/1345 1409/1435/1346 1407/1433/1344
