# Blender v3.3.0 OBJ File: ''
# www.blender.org
o SoybeanStage03.005
v 0.078343 0.632581 -0.007755
v 0.084892 0.642642 -0.012441
v 0.047422 0.653631 -0.018765
v 0.087524 0.640259 -0.024828
v 0.052891 0.658544 -0.028380
v 0.082603 0.628726 -0.027798
v 0.051844 0.650813 -0.037635
v 0.076929 0.623980 -0.017246
v 0.045728 0.641122 -0.033739
v 0.042995 0.642863 -0.022076
v 0.120294 0.619126 -0.007205
v 0.107486 0.630570 -0.000873
v 0.102312 0.618543 -0.003830
v 0.113358 0.635393 -0.011937
v 0.111813 0.626347 -0.021732
v 0.104986 0.615934 -0.016721
v 0.017245 0.669556 -0.038667
v 0.023718 0.654634 -0.035087
v 0.024681 0.662314 -0.025642
v 0.030837 0.672168 -0.029403
v 0.033679 0.670577 -0.041172
v 0.029279 0.659740 -0.044685
v 0.059873 0.588456 -0.040122
v 0.069574 0.595715 -0.049257
v 0.042175 0.630482 -0.034763
v 0.063951 0.595303 -0.063345
v 0.045107 0.634736 -0.048046
v 0.050775 0.587789 -0.062917
v 0.034486 0.630403 -0.056505
v 0.048255 0.583557 -0.048565
v 0.024989 0.623470 -0.048450
v 0.029741 0.623518 -0.035013
v 0.086490 0.550240 -0.062983
v 0.086455 0.567250 -0.049744
v 0.072751 0.559402 -0.049130
v 0.088933 0.571584 -0.064740
v 0.076760 0.566414 -0.073393
v 0.066759 0.558885 -0.063746
v 0.017245 0.669556 -0.038667
v 0.014712 0.650124 -0.037900
v 0.025325 0.654405 -0.029194
v 0.035030 0.661434 -0.037142
v 0.030414 0.661498 -0.050760
v 0.017857 0.654508 -0.051228
v 0.063718 0.616813 -0.097446
v 0.075198 0.626098 -0.093945
v 0.042435 0.639491 -0.063669
v 0.074099 0.638429 -0.102719
v 0.048920 0.651913 -0.066273
v 0.061939 0.636765 -0.111642
v 0.041640 0.658617 -0.076530
v 0.055524 0.623406 -0.108383
v 0.030656 0.650338 -0.080265
v 0.031147 0.638518 -0.072317
v 0.098479 0.608426 -0.135034
v 0.093329 0.607155 -0.114142
v 0.080633 0.605270 -0.123364
v 0.099890 0.621098 -0.117654
v 0.091249 0.627830 -0.129047
v 0.079348 0.618047 -0.132576
v 0.017245 0.669556 -0.038667
v 0.015915 0.658755 -0.054983
v 0.023117 0.651825 -0.044645
v 0.034261 0.660026 -0.040729
v 0.033946 0.672025 -0.048647
v 0.022608 0.671240 -0.057456
v -0.113602 0.754027 -0.114044
v -0.095755 0.779656 -0.063895
v -0.054133 0.777289 -0.092225
v -0.097867 0.749213 -0.162572
v -0.055002 0.783624 -0.021683
v -0.012613 0.779099 -0.036494
v -0.022953 0.809622 -0.118928
v -0.054183 0.778484 -0.158961
v 0.005895 0.808690 -0.067717
v -0.162675 0.798717 0.061020
v -0.090598 0.827506 0.051964
v -0.108006 0.802838 -0.008753
v -0.216875 0.780941 0.023128
v -0.002453 0.815957 0.026284
v -0.019862 0.791289 -0.034433
v 0.003353 0.766362 -0.039980
v -0.126057 0.826837 -0.069501
v -0.191617 0.798171 -0.038117
v -0.037913 0.815288 -0.095182
v 0.034106 0.784149 0.084017
v 0.027908 0.815555 0.033759
v -0.008218 0.776702 0.032848
v 0.007429 0.749411 0.114408
v 0.017197 0.813883 -0.024020
v -0.012613 0.779099 -0.036495
v -0.058043 0.770517 0.037933
v -0.036045 0.747391 0.087423
v -0.054699 0.776209 -0.020529
v -0.113013 0.750171 -0.114174
v -0.097278 0.745358 -0.162701
v -0.053544 0.773433 -0.092355
v -0.095166 0.775800 -0.064024
v -0.012024 0.775244 -0.036624
v -0.054413 0.779769 -0.021813
v -0.053594 0.774629 -0.159091
v -0.022364 0.805767 -0.119058
v 0.006484 0.804835 -0.067847
v -0.162087 0.794861 0.060890
v -0.216286 0.777085 0.022999
v -0.107418 0.798982 -0.008882
v -0.090009 0.823651 0.051835
v -0.019273 0.787433 -0.034563
v -0.001864 0.812102 0.026154
v 0.003942 0.762507 -0.040110
v -0.191028 0.794315 -0.038247
v -0.125469 0.822982 -0.069631
v -0.037325 0.811433 -0.095311
v 0.034694 0.780294 0.083887
v 0.008017 0.745556 0.114278
v -0.007630 0.772846 0.032718
v 0.028497 0.811700 0.033629
v -0.012024 0.775244 -0.036624
v 0.017786 0.810027 -0.024150
v -0.035456 0.743535 0.087293
v -0.057455 0.766662 0.037803
v -0.054110 0.772354 -0.020658
v 0.177944 0.851269 -0.000317
v 0.124025 0.882030 -0.047497
v 0.089674 0.853004 0.003318
v 0.184501 0.829147 0.064113
v 0.054574 0.873047 -0.081649
v 0.013569 0.843233 -0.047663
v 0.054762 0.872312 0.057421
v 0.121413 0.843337 0.085315
v -0.003363 0.864918 0.006113
v 0.135805 0.960747 -0.222175
v 0.045687 0.957644 -0.174151
v 0.103840 0.926072 -0.113595
v 0.223726 0.960368 -0.202510
v -0.041299 0.893872 -0.110331
v 0.016854 0.862300 -0.049776
v 0.000940 0.818778 -0.040442
v 0.145904 0.954711 -0.039949
v 0.217600 0.958353 -0.112642
v 0.058918 0.890939 0.023870
v -0.100906 0.845616 -0.174959
v -0.080349 0.879037 -0.107348
v -0.024100 0.849627 -0.131428
v -0.072214 0.821654 -0.232419
v -0.039426 0.872813 -0.041398
v 0.013570 0.843233 -0.047663
v 0.034009 0.868454 -0.159435
v -0.007570 0.836978 -0.217470
v 0.056232 0.863960 -0.084968
v 0.178652 0.846200 -0.000975
v 0.185210 0.824079 0.063455
v 0.090382 0.847935 0.002659
v 0.124733 0.876962 -0.048155
v 0.014277 0.838165 -0.048322
v 0.055282 0.867979 -0.082307
v 0.122121 0.838268 0.084656
v 0.055470 0.867243 0.056763
v -0.002655 0.859849 0.005455
v 0.136512 0.955679 -0.222833
v 0.224434 0.955299 -0.203168
v 0.104549 0.921004 -0.114254
v 0.046394 0.952576 -0.174809
v 0.017562 0.857232 -0.050434
v -0.040591 0.888804 -0.110989
v 0.001648 0.813710 -0.041100
v 0.218308 0.953284 -0.113301
v 0.146612 0.949642 -0.040607
v 0.059626 0.885870 0.023212
v -0.100198 0.840548 -0.175617
v -0.071506 0.816586 -0.233077
v -0.023392 0.844558 -0.132087
v -0.079641 0.873969 -0.108007
v 0.014277 0.838165 -0.048322
v -0.038718 0.867745 -0.042057
v -0.006862 0.831910 -0.218129
v 0.034717 0.863385 -0.160094
v 0.056940 0.858892 -0.085626
v -0.304352 0.206799 -0.076997
v -0.265932 0.253641 0.018075
v -0.206003 0.291225 -0.049220
v -0.296969 0.223713 -0.173357
v -0.178414 0.283762 0.083023
v -0.109513 0.314817 0.039564
v -0.184679 0.380194 -0.097710
v -0.238036 0.310089 -0.171498
v -0.110448 0.389620 -0.013828
v -0.334564 0.199787 0.277578
v -0.232332 0.312099 0.246174
v -0.275532 0.269960 0.131857
v -0.434728 0.133349 0.220357
v -0.085348 0.371656 0.164463
v -0.128547 0.329517 0.050145
v -0.049623 0.268564 0.006270
v -0.349826 0.312099 0.034825
v -0.430459 0.199787 0.105080
v -0.202841 0.371656 -0.046887
v 0.024235 0.332042 0.246813
v -0.029290 0.394287 0.167587
v -0.068036 0.296810 0.164713
v 0.013875 0.241693 0.299685
v -0.073736 0.397041 0.064449
v -0.109513 0.314817 0.039564
v -0.147702 0.243370 0.189086
v -0.072410 0.208867 0.264361
v -0.172785 0.270802 0.082433
v 0.026971 -0.012012 0.008565
v 0.025116 -0.012012 -0.002515
v 0.023830 0.166955 -0.001061
v 0.025336 0.166955 0.007933
v 0.014005 -0.012012 -0.004174
v 0.014810 0.166955 -0.002408
v 0.008993 -0.012012 0.005881
v 0.010742 0.166955 0.005753
v 0.017007 -0.012012 0.013754
v 0.017247 0.166955 0.012144
v 0.017400 0.358170 0.031613
v 0.018400 0.358170 0.037582
v 0.011414 0.358170 0.030719
v 0.008714 0.358170 0.036135
v 0.013031 0.358170 0.040377
v 0.027738 0.513551 0.044552
v 0.028178 0.512764 0.048662
v 0.023643 0.513987 0.043736
v 0.021552 0.513471 0.047342
v 0.024355 0.512715 0.050386
v 0.085227 0.318237 0.186836
v 0.110792 0.348522 0.125667
v 0.052649 0.372821 0.129354
v 0.038024 0.329172 0.227772
v 0.100092 0.367996 0.056022
v 0.048661 0.388074 0.044673
v 0.020801 0.430342 0.141947
v 0.011779 0.385017 0.200124
v 0.024817 0.436436 0.069641
v 0.260323 0.313704 0.037586
v 0.199053 0.386317 0.005542
v 0.166936 0.359073 0.077730
v 0.280349 0.270749 0.109428
v 0.094339 0.424822 -0.023725
v 0.062222 0.397577 0.048463
v 0.005995 0.358170 0.032748
v 0.156970 0.386317 0.156110
v 0.225976 0.313704 0.160476
v 0.052256 0.424822 0.126843
v 0.081408 0.399210 -0.111401
v 0.069991 0.439454 -0.050648
v 0.086495 0.376432 -0.031711
v 0.110209 0.340797 -0.130994
v 0.043530 0.441234 0.016968
v 0.048661 0.388074 0.044673
v 0.134196 0.341881 -0.006695
v 0.133811 0.319574 -0.075527
v 0.097236 0.359617 0.053734
v -0.046661 0.558908 0.213926
v 0.015673 0.585035 0.175677
v -0.028713 0.569366 0.127928
v -0.113011 0.548876 0.203455
v 0.063916 0.576051 0.115158
v 0.037167 0.557011 0.064651
v -0.069644 0.601821 0.084172
v -0.116295 0.572608 0.139243
v -0.007450 0.590092 0.038617
v 0.190965 0.627931 0.234699
v 0.166125 0.642270 0.136463
v 0.089833 0.617510 0.175731
v 0.150930 0.623275 0.315299
v 0.117251 0.599784 0.031111
v 0.040959 0.575024 0.070379
v 0.023643 0.507662 0.043736
v 0.012913 0.655816 0.203075
v 0.065918 0.638986 0.289067
v -0.035961 0.613330 0.097723
v 0.187104 0.545543 -0.017355
v 0.121782 0.589357 -0.008942
v 0.127431 0.550761 0.047639
v 0.232126 0.508449 0.020629
v 0.047849 0.592080 0.015218
v 0.037167 0.557011 0.064651
v 0.142864 0.558595 0.112155
v 0.204310 0.520436 0.081482
v 0.065484 0.566348 0.116513
v 0.085227 0.313057 0.186836
v 0.038024 0.323992 0.227772
v 0.052649 0.367641 0.129354
v 0.110792 0.343342 0.125667
v 0.048661 0.382894 0.044673
v 0.100092 0.362816 0.056022
v 0.011779 0.379837 0.200124
v 0.020801 0.425162 0.141947
v 0.024817 0.431256 0.069641
v 0.260323 0.308524 0.037586
v 0.280349 0.265569 0.109428
v 0.166936 0.353893 0.077730
v 0.199053 0.381137 0.005542
v 0.062222 0.392398 0.048463
v 0.094339 0.419642 -0.023725
v 0.005995 0.352990 0.032748
v 0.225976 0.308524 0.160476
v 0.156970 0.381137 0.156110
v 0.052256 0.419642 0.126843
v 0.081408 0.394030 -0.111401
v 0.110209 0.335617 -0.130994
v 0.086495 0.371252 -0.031711
v 0.069991 0.434274 -0.050648
v 0.048661 0.382894 0.044673
v 0.043530 0.436054 0.016968
v 0.133811 0.314394 -0.075527
v 0.134196 0.336702 -0.006695
v 0.097236 0.354437 0.053734
v -0.046661 0.553727 0.213926
v -0.113011 0.543696 0.203455
v -0.028713 0.564186 0.127928
v 0.015673 0.579855 0.175677
v 0.037167 0.551831 0.064651
v 0.063916 0.570871 0.115158
v -0.116295 0.567428 0.139243
v -0.069644 0.596641 0.084172
v -0.007450 0.584912 0.038617
v 0.190965 0.622751 0.234699
v 0.150930 0.618095 0.315299
v 0.089833 0.612330 0.175731
v 0.166125 0.637090 0.136463
v 0.040959 0.569844 0.070379
v 0.117251 0.594604 0.031111
v 0.023643 0.502482 0.043736
v 0.065918 0.633806 0.289067
v 0.012913 0.650636 0.203075
v -0.035961 0.608150 0.097723
v 0.187104 0.540363 -0.017355
v 0.232126 0.503269 0.020629
v 0.127431 0.545581 0.047639
v 0.121782 0.584177 -0.008942
v 0.037167 0.551831 0.064651
v 0.047849 0.586901 0.015218
v 0.204310 0.515256 0.081482
v 0.142864 0.553415 0.112155
v 0.065484 0.561168 0.116513
v -0.304352 0.201619 -0.076997
v -0.296969 0.218533 -0.173357
v -0.206003 0.286045 -0.049220
v -0.265932 0.248461 0.018075
v -0.109513 0.309637 0.039564
v -0.178414 0.278582 0.083023
v -0.238036 0.304909 -0.171498
v -0.184679 0.375014 -0.097710
v -0.110448 0.384440 -0.013828
v -0.334564 0.194607 0.277578
v -0.434728 0.128169 0.220357
v -0.275532 0.264780 0.131857
v -0.232332 0.306919 0.246174
v -0.128547 0.324337 0.050145
v -0.085348 0.366476 0.164463
v -0.049623 0.263384 0.006270
v -0.430459 0.194607 0.105080
v -0.349826 0.306919 0.034825
v -0.202841 0.366476 -0.046887
v 0.024235 0.326862 0.246813
v 0.013875 0.236513 0.299685
v -0.068036 0.291630 0.164713
v -0.029290 0.389107 0.167587
v -0.109513 0.309637 0.039564
v -0.073736 0.391861 0.064449
v -0.072410 0.203687 0.264361
v -0.147702 0.238190 0.189086
v -0.172785 0.265622 0.082433
v 0.024355 0.512715 0.050386
v 0.028178 0.512764 0.048662
v 0.015349 0.552777 0.044562
v 0.012049 0.552140 0.045137
v 0.027738 0.513551 0.044552
v 0.015829 0.552877 0.041198
v 0.023643 0.513987 0.043736
v 0.012825 0.552302 0.039695
v 0.021552 0.513471 0.047342
v 0.010489 0.551847 0.042129
v -0.005306 0.637359 0.050556
v -0.007511 0.636486 0.050812
v -0.004903 0.637691 0.048256
v -0.006859 0.637023 0.047089
v -0.008470 0.636278 0.048670
v -0.103148 0.644475 0.009213
v -0.084105 0.662955 0.044157
v -0.056433 0.659406 0.019105
v -0.096645 0.640093 -0.028083
v -0.049721 0.664391 0.071101
v -0.020185 0.659256 0.055943
v -0.035150 0.682055 -0.003950
v -0.063192 0.660065 -0.030051
v -0.008771 0.680368 0.030860
v -0.120061 0.680262 0.142779
v -0.067019 0.698678 0.128617
v -0.086778 0.680857 0.085837
v -0.164349 0.669135 0.120477
v -0.005154 0.686430 0.100883
v -0.024913 0.668609 0.058104
v -0.004353 0.634191 0.048249
v -0.105430 0.699201 0.042743
v -0.151412 0.680689 0.072691
v -0.043565 0.686953 0.015009
v 0.026554 0.661525 0.139944
v 0.017925 0.684923 0.103324
v -0.010007 0.657538 0.106588
v 0.008878 0.636921 0.165278
v 0.004139 0.683916 0.061864
v -0.020185 0.659256 0.055943
v -0.046346 0.654989 0.115412
v -0.025902 0.637094 0.149810
v -0.049622 0.658877 0.071975
v -0.102697 0.641609 0.009207
v -0.096194 0.637227 -0.028088
v -0.055982 0.656540 0.019099
v -0.083654 0.660089 0.044152
v -0.019735 0.656390 0.055937
v -0.049270 0.661525 0.071095
v -0.062741 0.657199 -0.030056
v -0.034699 0.679189 -0.003955
v -0.008320 0.677502 0.030855
v -0.119610 0.677396 0.142774
v -0.163898 0.666269 0.120472
v -0.086328 0.677991 0.085832
v -0.066568 0.695812 0.128612
v -0.024462 0.665743 0.058099
v -0.004703 0.683564 0.100878
v -0.003902 0.631325 0.048243
v -0.150961 0.677823 0.072686
v -0.104980 0.696335 0.042738
v -0.043114 0.684087 0.015004
v 0.027005 0.658659 0.139939
v 0.009329 0.634055 0.165272
v -0.009556 0.654672 0.106583
v 0.018376 0.682057 0.103319
v -0.019735 0.656390 0.055937
v 0.004590 0.681050 0.061859
v -0.025452 0.634228 0.149804
v -0.045895 0.652123 0.115407
v -0.049171 0.656011 0.071969
v -0.178416 0.391739 -0.073126
v -0.151029 0.422369 -0.032436
v -0.117629 0.415669 -0.067625
v -0.173797 0.380675 -0.121563
v -0.103511 0.430663 -0.001803
v -0.066500 0.423569 -0.024224
v -0.093982 0.442818 -0.102682
v -0.131856 0.408429 -0.130459
v -0.055792 0.447768 -0.060562
v -0.187969 0.457818 0.097144
v -0.121837 0.482931 0.070385
v -0.151059 0.451888 0.019570
v -0.247215 0.437043 0.074852
v -0.043777 0.466763 0.028794
v -0.073000 0.435720 -0.022020
v -0.046050 0.385337 -0.031161
v -0.181196 0.467739 -0.036197
v -0.236416 0.445419 0.010155
v -0.103136 0.451571 -0.077788
v 0.003287 0.442630 0.078622
v -0.013446 0.466691 0.029435
v -0.047600 0.429890 0.040265
v -0.015300 0.413536 0.116442
v -0.035845 0.458033 -0.022426
v -0.066500 0.423569 -0.024224
v -0.093649 0.425597 0.056232
v -0.062173 0.409090 0.100493
v -0.102933 0.423659 -0.000011
v -0.179250 0.389415 -0.072391
v -0.174631 0.378351 -0.120828
v -0.118463 0.413345 -0.066890
v -0.151863 0.420045 -0.031701
v -0.067334 0.421245 -0.023489
v -0.104345 0.428338 -0.001067
v -0.132690 0.406105 -0.129724
v -0.094816 0.440494 -0.101947
v -0.056626 0.445443 -0.059827
v -0.188804 0.455493 0.097880
v -0.248049 0.434718 0.075588
v -0.151894 0.449564 0.020306
v -0.122671 0.480606 0.071120
v -0.073834 0.433396 -0.021284
v -0.044611 0.464438 0.029530
v -0.046884 0.383012 -0.030426
v -0.237251 0.443094 0.010890
v -0.182030 0.465414 -0.035462
v -0.103970 0.449246 -0.077052
v 0.002453 0.440305 0.079357
v -0.016134 0.411212 0.117177
v -0.048434 0.427566 0.041000
v -0.014280 0.464367 0.030170
v -0.067335 0.421245 -0.023489
v -0.036679 0.455709 -0.021691
v -0.063007 0.406765 0.101228
v -0.094483 0.423272 0.056968
v -0.103767 0.421334 0.000724
v -0.035301 0.470131 -0.074863
v -0.041116 0.469217 -0.076324
v 0.013513 0.669503 -0.040762
v 0.017245 0.669556 -0.038667
v -0.044385 0.469566 -0.071240
v 0.010370 0.669321 -0.037861
v -0.040590 0.470695 -0.066637
v 0.012160 0.669262 -0.033974
v -0.034976 0.471045 -0.068876
v 0.016409 0.669407 -0.034472
v 0.001540 0.825942 -0.045844
v 0.005197 0.825994 -0.043791
v -0.001539 0.825764 -0.043001
v 0.000215 0.825706 -0.039191
v 0.004379 0.825848 -0.039680
v 0.106766 0.628861 0.104561
v 0.124188 0.661552 0.041571
v 0.066296 0.683768 0.052611
v 0.064449 0.637142 0.150983
v 0.104886 0.682428 -0.025854
v 0.051995 0.701038 -0.030627
v 0.034722 0.739846 0.070217
v 0.033745 0.692762 0.127941
v 0.030050 0.747919 -0.001892
v 0.263135 0.634079 -0.064191
v 0.196725 0.705380 -0.087100
v 0.174017 0.675223 -0.012330
v 0.292542 0.589999 0.003762
v 0.088371 0.741055 -0.102991
v 0.065663 0.710898 -0.028221
v 0.010370 0.669321 -0.037861
v 0.172662 0.700107 0.067303
v 0.243495 0.629775 0.061829
v 0.064308 0.735782 0.051412
v 0.065863 0.717263 -0.189137
v 0.060668 0.755538 -0.126523
v 0.080858 0.692638 -0.111163
v 0.093612 0.660370 -0.213356
v 0.042310 0.754693 -0.056257
v 0.051995 0.701038 -0.030627
v 0.132018 0.659092 -0.092731
v 0.124097 0.638546 -0.161557
v 0.101992 0.674017 -0.027992
v 0.107473 0.623792 0.103903
v 0.065157 0.632073 0.150324
v 0.067004 0.678700 0.051952
v 0.124896 0.656484 0.040912
v 0.052703 0.695970 -0.031285
v 0.105594 0.677360 -0.026512
v 0.034453 0.687693 0.127283
v 0.035430 0.734777 0.069558
v 0.030758 0.742850 -0.002550
v 0.263843 0.629010 -0.064849
v 0.293249 0.584931 0.003104
v 0.174725 0.670154 -0.012989
v 0.197433 0.700311 -0.087758
v 0.066371 0.705829 -0.028880
v 0.089079 0.735986 -0.103649
v 0.010871 0.665737 -0.038326
v 0.244203 0.624707 0.061171
v 0.173370 0.695038 0.066644
v 0.065016 0.730713 0.050753
v 0.066571 0.712195 -0.189795
v 0.094320 0.655302 -0.214015
v 0.081566 0.687570 -0.111821
v 0.061376 0.750470 -0.127181
v 0.052703 0.695969 -0.031285
v 0.043018 0.749625 -0.056916
v 0.124805 0.633478 -0.162216
v 0.132726 0.654023 -0.093390
v 0.102700 0.668949 -0.028650
v -0.016815 -0.012012 -0.016777
v -0.024467 -0.012012 -0.008551
v -0.057324 0.278351 0.005333
v -0.051113 0.278351 -0.001343
v -0.019008 -0.012012 0.001268
v -0.052893 0.278351 0.013304
v -0.007983 -0.012012 -0.000890
v -0.043943 0.278351 0.011553
v -0.006628 -0.012012 -0.012041
v -0.042843 0.278351 0.002500
v -0.044385 0.469566 -0.071240
v -0.041116 0.469217 -0.076324
v -0.040590 0.470695 -0.066637
v -0.034976 0.471045 -0.068876
v -0.035301 0.470131 -0.074863
v -0.067241 0.623319 -0.082016
v -0.064976 0.623078 -0.085540
v -0.064611 0.624102 -0.078827
v -0.060721 0.624345 -0.080378
v -0.060946 0.623711 -0.084527
v 0.111966 0.436278 -0.150796
v 0.046916 0.455555 -0.175484
v 0.051365 0.488691 -0.121082
v 0.154099 0.458677 -0.108176
v -0.023535 0.468724 -0.162453
v -0.033966 0.495035 -0.113171
v 0.060007 0.551579 -0.097204
v 0.122650 0.514650 -0.086905
v -0.012585 0.549045 -0.096973
v -0.045242 0.388989 -0.313305
v -0.080787 0.466297 -0.259062
v -0.004738 0.452216 -0.228999
v 0.029165 0.351510 -0.332947
v -0.107909 0.516852 -0.158023
v -0.031861 0.502771 -0.127960
v -0.040590 0.470695 -0.066637
v 0.070967 0.489175 -0.227680
v 0.078616 0.407661 -0.287691
v 0.043845 0.539730 -0.126641
v -0.191761 0.483940 -0.136254
v -0.134739 0.531997 -0.133829
v -0.110714 0.469464 -0.144027
v -0.207100 0.419865 -0.156536
v -0.066353 0.545168 -0.112465
v -0.033966 0.495035 -0.113171
v -0.085107 0.430951 -0.188848
v -0.151253 0.401469 -0.181159
v -0.024838 0.460645 -0.158487
v -0.014344 0.626087 -0.254720
v -0.068235 0.657865 -0.208062
v -0.016782 0.643111 -0.167746
v 0.052452 0.613366 -0.255136
v -0.105526 0.655378 -0.139797
v -0.071063 0.638350 -0.093557
v 0.032123 0.676256 -0.133669
v 0.067565 0.641097 -0.194003
v -0.021579 0.670762 -0.077569
v -0.249612 0.705750 -0.238777
v -0.207691 0.725253 -0.147304
v -0.140195 0.694054 -0.197426
v -0.224314 0.693734 -0.324561
v -0.142706 0.687327 -0.049506
v -0.075210 0.656128 -0.099628
v -0.061839 0.617657 -0.077268
v -0.067993 0.726495 -0.239738
v -0.135594 0.706763 -0.314219
v -0.003008 0.688569 -0.141940
v -0.204806 0.640028 0.013326
v -0.140564 0.679806 -0.008729
v -0.157160 0.637877 -0.061061
v -0.256886 0.602847 -0.014098
v -0.071892 0.677129 -0.045254
v -0.071063 0.638350 -0.093557
v -0.183271 0.642225 -0.122326
v -0.239662 0.609356 -0.079389
v -0.107616 0.645694 -0.140276
v 0.111966 0.431098 -0.150796
v 0.154099 0.453497 -0.108176
v 0.051365 0.483511 -0.121082
v 0.046916 0.450375 -0.175484
v -0.033966 0.489855 -0.113171
v -0.023535 0.463544 -0.162453
v 0.122650 0.509470 -0.086905
v 0.060007 0.546399 -0.097204
v -0.012585 0.543865 -0.096973
v -0.045242 0.383809 -0.313305
v 0.029165 0.346330 -0.332947
v -0.004738 0.447036 -0.228999
v -0.080787 0.461117 -0.259062
v -0.031861 0.497591 -0.127960
v -0.107909 0.511672 -0.158023
v -0.040590 0.465516 -0.066637
v 0.078616 0.402481 -0.287691
v 0.070967 0.483995 -0.227680
v 0.043845 0.534550 -0.126641
v -0.191761 0.478760 -0.136254
v -0.207100 0.414685 -0.156536
v -0.110714 0.464285 -0.144027
v -0.134739 0.526817 -0.133829
v -0.033966 0.489855 -0.113171
v -0.066353 0.539988 -0.112465
v -0.151253 0.396289 -0.181159
v -0.085107 0.425771 -0.188848
v -0.024838 0.455465 -0.158487
v -0.014344 0.620907 -0.254720
v 0.052452 0.608186 -0.255136
v -0.016782 0.637931 -0.167746
v -0.068235 0.652685 -0.208062
v -0.071063 0.633170 -0.093557
v -0.105526 0.650198 -0.139797
v 0.067565 0.635917 -0.194003
v 0.032123 0.671076 -0.133669
v -0.021579 0.665582 -0.077569
v -0.249612 0.700570 -0.238777
v -0.224314 0.688554 -0.324561
v -0.140195 0.688874 -0.197426
v -0.207691 0.720073 -0.147304
v -0.075210 0.650948 -0.099628
v -0.142706 0.682147 -0.049506
v -0.061839 0.612477 -0.077268
v -0.135594 0.701583 -0.314219
v -0.067993 0.721315 -0.239738
v -0.003008 0.683389 -0.141940
v -0.204806 0.634848 0.013326
v -0.256886 0.597668 -0.014098
v -0.157160 0.632697 -0.061061
v -0.140564 0.674626 -0.008729
v -0.071063 0.633170 -0.093557
v -0.071892 0.671949 -0.045254
v -0.239662 0.604176 -0.079389
v -0.183271 0.637045 -0.122326
v -0.107616 0.640514 -0.140276
v 0.109373 0.101297 0.160038
v 0.176519 0.110172 0.122641
v 0.058367 0.163090 0.093511
v 0.028982 0.139843 0.160443
v -0.036620 0.179645 0.051545
v -0.045863 0.161077 0.116842
v 0.156995 0.174753 0.075928
v 0.087329 0.229843 0.057389
v 0.002943 0.236360 0.030640
v -0.136103 0.112285 0.296633
v -0.063115 0.063534 0.353912
v -0.049615 0.157979 0.203131
v -0.145463 0.193340 0.206592
v -0.037890 0.192779 0.067775
v -0.133738 0.228140 0.071236
v -0.032626 0.138320 0.000480
v 0.019209 0.110788 0.309772
v 0.044829 0.191506 0.222690
v 0.056554 0.226306 0.087334
v -0.229051 0.193906 0.021455
v -0.264744 0.125602 0.051202
v -0.140373 0.168218 0.063226
v -0.153947 0.242771 0.030689
v -0.036620 0.179645 0.051545
v -0.065242 0.243281 0.029132
v -0.211652 0.103396 0.103641
v -0.132629 0.131875 0.131385
v -0.047410 0.150520 0.113361
v 0.109315 0.097220 0.160338
v 0.028924 0.135766 0.160742
v 0.058310 0.159013 0.093812
v 0.176461 0.106095 0.122942
v -0.045921 0.157000 0.117142
v -0.036678 0.175568 0.051845
v 0.087272 0.225766 0.057689
v 0.156937 0.170676 0.076229
v 0.002886 0.232283 0.030940
v -0.136160 0.108208 0.296933
v -0.145521 0.189263 0.206892
v -0.049673 0.153902 0.203431
v -0.063172 0.059457 0.354212
v -0.133796 0.224063 0.071536
v -0.037948 0.188702 0.068075
v -0.032684 0.134243 0.000780
v 0.044771 0.187429 0.222990
v 0.019151 0.106711 0.310072
v 0.056496 0.222229 0.087634
v -0.229108 0.189829 0.021755
v -0.154004 0.238694 0.030989
v -0.140431 0.164141 0.063526
v -0.264801 0.121525 0.051503
v -0.065299 0.239204 0.029432
v -0.036678 0.175568 0.051845
v -0.132687 0.127798 0.131685
v -0.211709 0.099319 0.103940
v -0.047468 0.146443 0.113662
v 0.239690 0.095404 -0.146684
v 0.140905 0.142246 -0.174188
v 0.157714 0.179830 -0.085658
v 0.311571 0.112317 -0.082087
v 0.036067 0.172366 -0.144410
v 0.028513 0.203421 -0.063299
v 0.183151 0.268798 -0.039194
v 0.274169 0.198693 -0.036505
v 0.071405 0.278225 -0.031491
v -0.022957 0.088392 -0.386795
v -0.060388 0.200704 -0.286613
v 0.056565 0.158565 -0.251164
v 0.083465 0.021953 -0.431309
v -0.085225 0.260260 -0.120287
v 0.031729 0.218121 -0.084838
v 0.018393 0.157169 0.004472
v 0.178773 0.200704 -0.250901
v 0.172240 0.088392 -0.357648
v 0.153936 0.260260 -0.084575
v -0.217308 0.220646 -0.083626
v -0.121876 0.282892 -0.077755
v -0.095977 0.185414 -0.106716
v -0.252902 0.130297 -0.124072
v -0.013025 0.285645 -0.050110
v 0.028513 0.203421 -0.063299
v -0.066730 0.131975 -0.184725
v -0.172299 0.097472 -0.170933
v 0.033104 0.159407 -0.139588
v 0.239690 0.090224 -0.146684
v 0.311571 0.107137 -0.082087
v 0.157714 0.174650 -0.085658
v 0.140905 0.137066 -0.174188
v 0.028513 0.198241 -0.063299
v 0.036067 0.167186 -0.144410
v 0.274169 0.193513 -0.036505
v 0.183151 0.263618 -0.039194
v 0.071405 0.273045 -0.031491
v -0.022957 0.083212 -0.386795
v 0.083465 0.016773 -0.431309
v 0.056565 0.153385 -0.251164
v -0.060388 0.195524 -0.286613
v 0.031729 0.212941 -0.084838
v -0.085225 0.255080 -0.120287
v 0.018393 0.151989 0.004472
v 0.172240 0.083212 -0.357648
v 0.178773 0.195524 -0.250901
v 0.153936 0.255080 -0.084575
v -0.217308 0.215466 -0.083626
v -0.252902 0.125117 -0.124072
v -0.095977 0.180234 -0.106716
v -0.121876 0.277712 -0.077755
v 0.028513 0.198241 -0.063299
v -0.013025 0.280465 -0.050110
v -0.172299 0.092292 -0.170933
v -0.066730 0.126795 -0.184725
v 0.033104 0.154227 -0.139588
v 0.066428 0.807064 0.003364
v 0.071483 0.817619 -0.002031
v 0.033899 0.819421 -0.014231
v 0.076291 0.814307 -0.013519
v 0.039628 0.824135 -0.023796
v 0.074207 0.801705 -0.015225
v 0.041462 0.815250 -0.031809
v 0.068112 0.797228 -0.004791
v 0.036868 0.805046 -0.027197
v 0.032194 0.807623 -0.016334
v 0.109676 0.803103 0.010791
v 0.094097 0.812240 0.013774
v 0.091862 0.799108 0.012128
v 0.100443 0.816769 0.002849
v 0.102130 0.806437 -0.005550
v 0.096826 0.795522 0.000185
v 0.004379 0.825848 -0.039680
v 0.013066 0.813239 -0.033127
v 0.011131 0.822080 -0.024929
v 0.015713 0.832467 -0.029428
v 0.020479 0.830045 -0.040407
v 0.018843 0.818161 -0.042693
v 0.061831 0.756267 -0.023737
v 0.071135 0.764222 -0.032704
v 0.035655 0.793849 -0.026974
v 0.067794 0.760832 -0.047112
v 0.039581 0.796916 -0.040328
v 0.056426 0.750782 -0.047050
v 0.031349 0.789369 -0.049183
v 0.052740 0.747961 -0.032603
v 0.022334 0.781638 -0.041302
v 0.024996 0.784406 -0.027576
v 0.098436 0.722071 -0.037237
v 0.093158 0.740215 -0.026864
v 0.081316 0.729751 -0.026628
v 0.096875 0.743044 -0.041963
v 0.087330 0.734329 -0.051058
v 0.077714 0.726114 -0.041581
v 0.004379 0.825848 -0.039680
v 0.005620 0.806582 -0.036228
v 0.013819 0.814108 -0.027124
v 0.023001 0.821991 -0.034891
v 0.020476 0.819337 -0.048796
v 0.009734 0.809814 -0.049622
v 0.068271 0.777293 -0.083914
v 0.077081 0.789192 -0.080588
v 0.038311 0.798968 -0.056699
v 0.074863 0.799786 -0.091222
v 0.042542 0.812060 -0.060420
v 0.064682 0.794436 -0.101120
v 0.035646 0.815691 -0.072353
v 0.060608 0.780535 -0.096603
v 0.027154 0.804844 -0.076008
v 0.028801 0.794508 -0.066333
v 0.109053 0.771867 -0.115520
v 0.101293 0.772178 -0.095412
v 0.090679 0.766460 -0.105631
v 0.105431 0.786644 -0.100251
v 0.097373 0.789866 -0.113459
v 0.088256 0.777392 -0.116785
v 0.004379 0.825848 -0.039680
v 0.007559 0.813036 -0.054183
v 0.014412 0.809178 -0.042144
v 0.023048 0.820008 -0.038283
v 0.021533 0.830558 -0.047935
v 0.011960 0.826249 -0.057762
v 0.057844 0.485219 0.110116
v 0.065386 0.495549 0.108544
v 0.036850 0.502159 0.081961
v 0.074428 0.492592 0.099852
v 0.046411 0.506927 0.076272
v 0.072474 0.480435 0.096051
v 0.050929 0.498503 0.068847
v 0.062225 0.475878 0.102395
v 0.044160 0.488529 0.069946
v 0.035458 0.490789 0.078051
v 0.093391 0.476220 0.134542
v 0.078655 0.486699 0.131689
v 0.076505 0.474028 0.127820
v 0.089344 0.491318 0.125014
v 0.093801 0.481501 0.117020
v 0.085867 0.470815 0.118754
v 0.021552 0.513471 0.047342
v 0.025769 0.499579 0.055505
v 0.021079 0.507958 0.063051
v 0.027801 0.518105 0.062068
v 0.036645 0.515999 0.053915
v 0.035389 0.504549 0.049859
v 0.062058 0.437281 0.078177
v 0.074794 0.444845 0.074887
v 0.042254 0.477535 0.068403
v 0.077738 0.442877 0.060132
v 0.051709 0.481133 0.058363
v 0.066821 0.434096 0.054303
v 0.047599 0.475151 0.046096
v 0.057131 0.430637 0.065456
v 0.035604 0.467857 0.048555
v 0.032301 0.469330 0.062341
v 0.098648 0.400506 0.077631
v 0.090608 0.418303 0.086755
v 0.079164 0.409148 0.080839
v 0.100607 0.421813 0.075030
v 0.095341 0.414828 0.061866
v 0.082089 0.407001 0.065457
v 0.021552 0.513471 0.047342
v 0.019960 0.493982 0.048850
v 0.023933 0.499928 0.061325
v 0.036040 0.507347 0.059056
v 0.039550 0.505987 0.045178
v 0.029612 0.497727 0.038871
v 0.094983 0.461820 0.028998
v 0.102261 0.472457 0.037006
v 0.057707 0.484487 0.043310
v 0.105494 0.483968 0.027663
v 0.063952 0.497298 0.043178
v 0.100214 0.480445 0.013880
v 0.063081 0.502487 0.029932
v 0.093719 0.466757 0.014705
v 0.056297 0.492883 0.021877
v 0.052976 0.481758 0.030145
v 0.144933 0.454453 0.017068
v 0.129346 0.454118 0.031953
v 0.123790 0.450299 0.017658
v 0.136073 0.468383 0.030927
v 0.134674 0.473380 0.015999
v 0.127082 0.462204 0.007799
v 0.021552 0.513471 0.047342
v 0.029812 0.501480 0.034204
v 0.030585 0.496064 0.047502
v 0.037408 0.505620 0.055802
v 0.040851 0.516943 0.047634
v 0.036157 0.514384 0.034285
v -0.022397 0.343267 0.108041
v -0.014426 0.352361 0.112492
v -0.008185 0.354418 0.073486
v -0.003130 0.346779 0.115197
v 0.002865 0.356998 0.077700
v -0.004121 0.334235 0.112418
v 0.009296 0.346745 0.077860
v -0.016028 0.332064 0.107995
v 0.002220 0.337828 0.073745
v -0.008583 0.342570 0.071042
v -0.023511 0.337885 0.151756
v -0.027182 0.348391 0.137223
v -0.028352 0.335347 0.134286
v -0.014749 0.350511 0.141812
v -0.008234 0.338777 0.141711
v -0.016641 0.329405 0.137060
v 0.013031 0.358170 0.040377
v 0.005726 0.346373 0.049589
v -0.000908 0.356623 0.049360
v 0.006089 0.365740 0.053488
v 0.017048 0.361125 0.056268
v 0.016824 0.349155 0.053858
v -0.006168 0.288905 0.097212
v 0.005462 0.294543 0.105162
v -0.000246 0.326947 0.072194
v 0.018291 0.288898 0.099348
v 0.013893 0.327360 0.073943
v 0.014590 0.279771 0.087805
v 0.019799 0.318923 0.064090
v -0.000526 0.279776 0.086484
v 0.009309 0.313296 0.056251
v -0.003079 0.318254 0.061260
v 0.006416 0.250576 0.129832
v -0.001144 0.270562 0.126997
v -0.005164 0.261090 0.115000
v 0.014611 0.270449 0.128240
v 0.020328 0.260908 0.117012
v 0.008106 0.255123 0.108830
v 0.013031 0.358170 0.040377
v 0.006337 0.339771 0.041501
v 0.000180 0.348233 0.051363
v 0.010613 0.354019 0.059391
v 0.023218 0.349133 0.054490
v 0.020575 0.340327 0.043434
v 0.057098 0.298574 0.094256
v 0.057449 0.310277 0.103908
v 0.029953 0.326583 0.070032
v 0.069364 0.318960 0.100320
v 0.036638 0.338516 0.074039
v 0.076378 0.312624 0.088450
v 0.047796 0.340433 0.065381
v 0.068797 0.300025 0.084702
v 0.048008 0.329685 0.056024
v 0.036981 0.321125 0.058898
v 0.093198 0.285056 0.128978
v 0.072522 0.289395 0.124698
v 0.079711 0.282669 0.112333
v 0.080528 0.302488 0.128474
v 0.092665 0.303854 0.118444
v 0.092161 0.291606 0.108468
v 0.013031 0.358170 0.040377
v 0.025249 0.342832 0.040643
v 0.013940 0.340714 0.049269
v 0.013547 0.351472 0.058802
v 0.024612 0.360238 0.056068
v 0.031845 0.354898 0.044846
v 0.033675 0.435060 -0.075798
v 0.035935 0.444291 -0.084501
v 0.001583 0.456084 -0.068831
v 0.030867 0.440506 -0.095728
v 0.000226 0.459724 -0.080294
v 0.025475 0.428936 -0.093964
v -0.005827 0.451108 -0.086263
v 0.027210 0.425570 -0.081647
v -0.008212 0.442142 -0.078488
v -0.003632 0.445218 -0.067714
v 0.068338 0.420023 -0.098460
v 0.061356 0.432589 -0.087127
v 0.055781 0.420541 -0.085150
v 0.059479 0.435970 -0.099980
v 0.052743 0.426011 -0.105947
v 0.050457 0.416476 -0.096781
v -0.034976 0.471045 -0.068876
v -0.027206 0.456331 -0.068158
v -0.021108 0.464921 -0.061980
v -0.018616 0.474060 -0.069688
v -0.023174 0.471118 -0.080628
v -0.028483 0.460161 -0.079682
v 0.001011 0.388559 -0.086124
v 0.003294 0.394407 -0.099939
v -0.011381 0.431609 -0.076062
v -0.009509 0.392740 -0.107911
v -0.016923 0.434312 -0.088912
v -0.019705 0.385862 -0.099023
v -0.030357 0.429550 -0.089005
v -0.013203 0.383278 -0.085558
v -0.033117 0.423904 -0.076213
v -0.021390 0.425177 -0.068214
v 0.010245 0.347078 -0.115883
v 0.017492 0.365379 -0.107098
v 0.006988 0.358211 -0.097715
v 0.010576 0.367998 -0.121066
v -0.004203 0.362448 -0.120314
v -0.006420 0.356399 -0.105883
v -0.034976 0.471045 -0.068876
v -0.036015 0.451924 -0.064644
v -0.022441 0.456660 -0.064342
v -0.019453 0.462405 -0.077181
v -0.031179 0.461218 -0.085418
v -0.041415 0.454741 -0.077670
v -0.030323 0.410517 -0.137514
v -0.019247 0.419639 -0.142448
v -0.028389 0.437494 -0.100412
v -0.025640 0.431008 -0.150201
v -0.025026 0.449294 -0.107665
v -0.040668 0.428913 -0.150059
v -0.037128 0.455170 -0.112371
v -0.043562 0.416248 -0.142218
v -0.047970 0.447003 -0.108026
v -0.042569 0.436078 -0.100635
v -0.023999 0.396779 -0.187141
v -0.015874 0.397937 -0.167209
v -0.031505 0.395612 -0.166968
v -0.013027 0.411148 -0.175403
v -0.026899 0.416988 -0.180226
v -0.038318 0.407386 -0.175013
v -0.034976 0.471045 -0.068876
v -0.045312 0.458645 -0.080012
v -0.033219 0.452555 -0.075171
v -0.022139 0.460658 -0.079456
v -0.027385 0.471756 -0.086945
v -0.041707 0.470511 -0.087289
v -0.129303 0.581160 -0.064139
v -0.133048 0.592773 -0.059995
v -0.097448 0.600669 -0.075325
v -0.129339 0.594006 -0.047715
v -0.097745 0.608502 -0.066102
v -0.123302 0.583155 -0.044270
v -0.092180 0.603372 -0.056657
v -0.123280 0.575216 -0.054420
v -0.088444 0.592368 -0.060041
v -0.091700 0.590697 -0.071579
v -0.165992 0.572912 -0.041180
v -0.158103 0.580777 -0.055706
v -0.151838 0.569421 -0.052251
v -0.158055 0.588946 -0.045056
v -0.151760 0.582639 -0.035020
v -0.147917 0.570572 -0.039466
v -0.061839 0.617657 -0.077268
v -0.068850 0.603158 -0.073023
v -0.074432 0.608181 -0.082654
v -0.078272 0.619309 -0.079409
v -0.075065 0.621165 -0.067773
v -0.069242 0.611183 -0.063826
v -0.096421 0.545141 -0.033199
v -0.100719 0.555583 -0.023063
v -0.084564 0.582025 -0.057838
v -0.089008 0.558203 -0.013777
v -0.080858 0.589889 -0.046544
v -0.077472 0.549380 -0.018173
v -0.067370 0.586716 -0.043202
v -0.082054 0.541307 -0.030177
v -0.062741 0.576890 -0.052431
v -0.073367 0.573991 -0.061476
v -0.107780 0.517475 0.009193
v -0.114550 0.530345 -0.006718
v -0.102633 0.521092 -0.011423
v -0.109625 0.538678 0.005776
v -0.094663 0.534575 0.008792
v -0.090342 0.523707 -0.001838
v -0.061839 0.617657 -0.077268
v -0.059489 0.598534 -0.073604
v -0.073087 0.601592 -0.077142
v -0.077952 0.611506 -0.067933
v -0.067361 0.614575 -0.058704
v -0.055950 0.606558 -0.062209
v -0.072962 0.587657 0.008597
v -0.084945 0.596964 0.008411
v -0.071127 0.598199 -0.036052
v -0.080080 0.610941 0.011761
v -0.075878 0.611528 -0.034349
v -0.065090 0.610272 0.014018
v -0.064739 0.619788 -0.031057
v -0.060691 0.595882 0.012063
v -0.053103 0.611563 -0.030726
v -0.057051 0.598221 -0.033813
v -0.085145 0.593350 0.058704
v -0.090642 0.586117 0.039157
v -0.075033 0.585252 0.041477
v -0.095062 0.601149 0.041227
v -0.082184 0.609575 0.044826
v -0.069805 0.599750 0.044980
v -0.061839 0.617657 -0.077268
v -0.052553 0.611384 -0.061173
v -0.063657 0.602878 -0.064505
v -0.075517 0.610999 -0.064891
v -0.071743 0.624525 -0.061797
v -0.057550 0.624763 -0.059499
vt 0.415900 0.353700
vt 0.393700 0.353700
vt 0.393700 0.679000
vt 0.444200 0.353700
vt 0.423800 0.679000
vt 0.484400 0.353700
vt 0.464700 0.679000
vt 0.452400 0.353700
vt 0.484400 0.679000
vt 0.437000 0.679000
vt 0.436900 0.014100
vt 0.393700 0.120300
vt 0.433500 0.120300
vt 0.426300 0.120300
vt 0.462300 0.120300
vt 0.484400 0.120300
vt 0.449600 0.992500
vt 0.453800 0.890600
vt 0.420800 0.890600
vt 0.393700 0.890600
vt 0.393700 0.992500
vt 0.444400 0.890600
vt 0.484400 0.890600
vt 0.415900 0.353700
vt 0.393700 0.353700
vt 0.393700 0.679000
vt 0.444200 0.353700
vt 0.423800 0.679000
vt 0.484400 0.353700
vt 0.464700 0.679000
vt 0.452400 0.353700
vt 0.484400 0.679000
vt 0.437000 0.679000
vt 0.436900 0.014100
vt 0.393700 0.120300
vt 0.433500 0.120300
vt 0.426300 0.120300
vt 0.462300 0.120300
vt 0.484400 0.120300
vt 0.449600 0.992500
vt 0.453800 0.890600
vt 0.420800 0.890600
vt 0.393700 0.890600
vt 0.393700 0.992500
vt 0.444400 0.890600
vt 0.484400 0.890600
vt 0.462100 0.353700
vt 0.484400 0.353700
vt 0.484400 0.679000
vt 0.433900 0.353700
vt 0.454200 0.679000
vt 0.393700 0.353700
vt 0.413400 0.679000
vt 0.425700 0.353700
vt 0.393700 0.679000
vt 0.441100 0.679000
vt 0.441100 0.014100
vt 0.484400 0.120300
vt 0.444600 0.120300
vt 0.451800 0.120300
vt 0.415800 0.120300
vt 0.393700 0.120300
vt 0.428400 0.992500
vt 0.424300 0.890600
vt 0.457300 0.890600
vt 0.484400 0.890600
vt 0.484400 0.992500
vt 0.433700 0.890600
vt 0.393700 0.890600
vt 0.320400 0.204300
vt 0.347600 0.473500
vt 0.205600 0.473500
vt 0.205600 0.045200
vt 0.324900 0.761600
vt 0.205600 0.819400
vt 0.063600 0.473500
vt 0.090800 0.204300
vt 0.086200 0.761600
vt 0.320400 0.204300
vt 0.347600 0.473500
vt 0.205600 0.473500
vt 0.205600 0.045200
vt 0.347600 0.819500
vt 0.205600 0.819400
vt 0.208000 0.848800
vt 0.063600 0.473500
vt 0.090800 0.204300
vt 0.063600 0.819500
vt 0.320400 0.204300
vt 0.347600 0.473500
vt 0.205600 0.473500
vt 0.205600 0.045200
vt 0.324900 0.761600
vt 0.205600 0.819400
vt 0.063600 0.473500
vt 0.090800 0.204300
vt 0.086200 0.761600
vt 0.320400 0.204300
vt 0.205600 0.045200
vt 0.205600 0.473500
vt 0.347600 0.473500
vt 0.205600 0.819400
vt 0.324900 0.761600
vt 0.090800 0.204300
vt 0.063600 0.473500
vt 0.086200 0.761600
vt 0.320400 0.204300
vt 0.205600 0.045200
vt 0.205600 0.473500
vt 0.347600 0.473500
vt 0.205600 0.819400
vt 0.347600 0.819500
vt 0.208000 0.848800
vt 0.090800 0.204300
vt 0.063600 0.473500
vt 0.063600 0.819500
vt 0.320400 0.204300
vt 0.205600 0.045200
vt 0.205600 0.473500
vt 0.347600 0.473500
vt 0.205600 0.819400
vt 0.324900 0.761600
vt 0.090800 0.204300
vt 0.063600 0.473500
vt 0.086200 0.761600
vt 0.320400 0.204300
vt 0.347600 0.473500
vt 0.205600 0.473500
vt 0.205600 0.045200
vt 0.324900 0.761600
vt 0.205600 0.819400
vt 0.063600 0.473500
vt 0.090800 0.204300
vt 0.086200 0.761600
vt 0.320400 0.204300
vt 0.347600 0.473500
vt 0.205600 0.473500
vt 0.205600 0.045200
vt 0.347600 0.819500
vt 0.205600 0.819400
vt 0.208000 0.848800
vt 0.063600 0.473500
vt 0.090800 0.204300
vt 0.063600 0.819500
vt 0.320400 0.204300
vt 0.347600 0.473500
vt 0.205600 0.473500
vt 0.205600 0.045200
vt 0.324900 0.761600
vt 0.205600 0.819400
vt 0.063600 0.473500
vt 0.090800 0.204300
vt 0.086200 0.761600
vt 0.320400 0.204300
vt 0.205600 0.045200
vt 0.205600 0.473500
vt 0.347600 0.473500
vt 0.205600 0.819400
vt 0.324900 0.761600
vt 0.090800 0.204300
vt 0.063600 0.473500
vt 0.086200 0.761600
vt 0.320400 0.204300
vt 0.205600 0.045200
vt 0.205600 0.473500
vt 0.347600 0.473500
vt 0.205600 0.819400
vt 0.347600 0.819500
vt 0.208000 0.848800
vt 0.090800 0.204300
vt 0.063600 0.473500
vt 0.063600 0.819500
vt 0.320400 0.204300
vt 0.205600 0.045200
vt 0.205600 0.473500
vt 0.347600 0.473500
vt 0.205600 0.819400
vt 0.324900 0.761600
vt 0.090800 0.204300
vt 0.063600 0.473500
vt 0.086200 0.761600
vt 0.320400 0.204300
vt 0.347600 0.473500
vt 0.205600 0.473500
vt 0.205600 0.045200
vt 0.324900 0.761600
vt 0.205600 0.819400
vt 0.063600 0.473500
vt 0.090800 0.204300
vt 0.086200 0.761600
vt 0.320400 0.204300
vt 0.347600 0.473500
vt 0.205600 0.473500
vt 0.205600 0.045200
vt 0.347600 0.819500
vt 0.205600 0.819400
vt 0.205600 0.874600
vt 0.063600 0.473500
vt 0.090800 0.204300
vt 0.063600 0.819500
vt 0.320400 0.204300
vt 0.347600 0.473500
vt 0.205600 0.473500
vt 0.205600 0.045200
vt 0.324900 0.761600
vt 0.205600 0.819400
vt 0.063600 0.473500
vt 0.090800 0.204300
vt 0.086200 0.761600
vt 0.019100 0.026600
vt 0.020000 0.026700
vt 0.019800 0.320000
vt 0.019100 0.321500
vt 0.020800 0.027300
vt 0.020500 0.320500
vt 0.021700 0.028300
vt 0.021200 0.322900
vt 0.022500 0.029700
vt 0.021800 0.325100
vt 0.018300 0.026700
vt 0.018500 0.322700
vt 0.019600 0.685300
vt 0.019100 0.685800
vt 0.020000 0.685600
vt 0.020500 0.686800
vt 0.020900 0.687900
vt 0.018700 0.686300
vt 0.019400 0.980000
vt 0.019100 0.979200
vt 0.019700 0.980300
vt 0.020000 0.979900
vt 0.020300 0.979900
vt 0.018800 0.978800
vt 0.320400 0.204300
vt 0.347600 0.473500
vt 0.205600 0.473500
vt 0.205600 0.045200
vt 0.324900 0.761600
vt 0.205600 0.819400
vt 0.063600 0.473500
vt 0.090800 0.204300
vt 0.086200 0.761600
vt 0.320400 0.204300
vt 0.347600 0.473500
vt 0.205600 0.473500
vt 0.205600 0.045200
vt 0.347600 0.819500
vt 0.205600 0.819400
vt 0.205600 0.874600
vt 0.063600 0.473500
vt 0.090800 0.204300
vt 0.063600 0.819500
vt 0.320400 0.204300
vt 0.347600 0.473500
vt 0.205600 0.473500
vt 0.205600 0.045200
vt 0.324900 0.761600
vt 0.205600 0.819400
vt 0.063600 0.473500
vt 0.090800 0.204300
vt 0.086200 0.761600
vt 0.320400 0.204300
vt 0.347600 0.473500
vt 0.205600 0.473500
vt 0.205600 0.045200
vt 0.324900 0.761600
vt 0.205600 0.819400
vt 0.063600 0.473500
vt 0.090800 0.204300
vt 0.086200 0.761600
vt 0.320400 0.204300
vt 0.347600 0.473500
vt 0.205600 0.473500
vt 0.205600 0.045200
vt 0.347600 0.819500
vt 0.205600 0.819400
vt 0.205600 0.857600
vt 0.063600 0.473500
vt 0.090800 0.204300
vt 0.063600 0.819500
vt 0.320400 0.204300
vt 0.347600 0.473500
vt 0.205600 0.473500
vt 0.205600 0.045200
vt 0.324900 0.761600
vt 0.205600 0.819400
vt 0.063600 0.473500
vt 0.090800 0.204300
vt 0.086200 0.761600
vt 0.320400 0.204300
vt 0.205600 0.045200
vt 0.205600 0.473500
vt 0.347600 0.473500
vt 0.205600 0.819400
vt 0.324900 0.761600
vt 0.090800 0.204300
vt 0.063600 0.473500
vt 0.086200 0.761600
vt 0.320400 0.204300
vt 0.205600 0.045200
vt 0.205600 0.473500
vt 0.347600 0.473500
vt 0.205600 0.819400
vt 0.347600 0.819500
vt 0.205600 0.874600
vt 0.090800 0.204300
vt 0.063600 0.473500
vt 0.063600 0.819500
vt 0.320400 0.204300
vt 0.205600 0.045200
vt 0.205600 0.473500
vt 0.347600 0.473500
vt 0.205600 0.819400
vt 0.324900 0.761600
vt 0.090800 0.204300
vt 0.063600 0.473500
vt 0.086200 0.761600
vt 0.320400 0.204300
vt 0.205600 0.045200
vt 0.205600 0.473500
vt 0.347600 0.473500
vt 0.205600 0.819400
vt 0.324900 0.761600
vt 0.090800 0.204300
vt 0.063600 0.473500
vt 0.086200 0.761600
vt 0.320400 0.204300
vt 0.205600 0.045200
vt 0.205600 0.473500
vt 0.347600 0.473500
vt 0.205600 0.819400
vt 0.347600 0.819500
vt 0.205600 0.857600
vt 0.090800 0.204300
vt 0.063600 0.473500
vt 0.063600 0.819500
vt 0.320400 0.204300
vt 0.205600 0.045200
vt 0.205600 0.473500
vt 0.347600 0.473500
vt 0.205600 0.819400
vt 0.324900 0.761600
vt 0.090800 0.204300
vt 0.063600 0.473500
vt 0.086200 0.761600
vt 0.320400 0.204300
vt 0.205600 0.045200
vt 0.205600 0.473500
vt 0.347600 0.473500
vt 0.205600 0.819400
vt 0.324900 0.761600
vt 0.090800 0.204300
vt 0.063600 0.473500
vt 0.086200 0.761600
vt 0.320400 0.204300
vt 0.205600 0.045200
vt 0.205600 0.473500
vt 0.347600 0.473500
vt 0.205600 0.819400
vt 0.347600 0.819500
vt 0.205600 0.874600
vt 0.090800 0.204300
vt 0.063600 0.473500
vt 0.063600 0.819500
vt 0.320400 0.204300
vt 0.205600 0.045200
vt 0.205600 0.473500
vt 0.347600 0.473500
vt 0.205600 0.819400
vt 0.324900 0.761600
vt 0.090800 0.204300
vt 0.063600 0.473500
vt 0.086200 0.761600
vt 0.019100 0.321500
vt 0.019800 0.320000
vt 0.019600 0.685300
vt 0.019100 0.685800
vt 0.020500 0.320500
vt 0.020000 0.685600
vt 0.021200 0.322900
vt 0.020500 0.686800
vt 0.021800 0.325100
vt 0.020900 0.687900
vt 0.018500 0.322700
vt 0.018700 0.686300
vt 0.019400 0.980000
vt 0.019100 0.979200
vt 0.019700 0.980300
vt 0.020000 0.979900
vt 0.020300 0.979900
vt 0.018800 0.978800
vt 0.320400 0.204300
vt 0.347600 0.473500
vt 0.205600 0.473500
vt 0.205600 0.045200
vt 0.324900 0.761600
vt 0.205600 0.819400
vt 0.063600 0.473500
vt 0.090800 0.204300
vt 0.086200 0.761600
vt 0.320400 0.204300
vt 0.347600 0.473500
vt 0.205600 0.473500
vt 0.205600 0.045200
vt 0.347600 0.819500
vt 0.205600 0.819400
vt 0.205600 0.857600
vt 0.063600 0.473500
vt 0.090800 0.204300
vt 0.063600 0.819500
vt 0.320400 0.204300
vt 0.347600 0.473500
vt 0.205600 0.473500
vt 0.205600 0.045200
vt 0.324900 0.761600
vt 0.205600 0.819400
vt 0.063600 0.473500
vt 0.090800 0.204300
vt 0.086200 0.761600
vt 0.320400 0.204300
vt 0.205600 0.045200
vt 0.205600 0.473500
vt 0.347600 0.473500
vt 0.205600 0.819400
vt 0.324900 0.761600
vt 0.090800 0.204300
vt 0.063600 0.473500
vt 0.086200 0.761600
vt 0.320400 0.204300
vt 0.205600 0.045200
vt 0.205600 0.473500
vt 0.347600 0.473500
vt 0.205600 0.819400
vt 0.347600 0.819500
vt 0.205600 0.857600
vt 0.090800 0.204300
vt 0.063600 0.473500
vt 0.063600 0.819500
vt 0.320400 0.204300
vt 0.205600 0.045200
vt 0.205600 0.473500
vt 0.347600 0.473500
vt 0.205600 0.819400
vt 0.324900 0.761600
vt 0.090800 0.204300
vt 0.063600 0.473500
vt 0.086200 0.761600
vt 0.320400 0.204300
vt 0.347600 0.473500
vt 0.205600 0.473500
vt 0.205600 0.045200
vt 0.324900 0.761600
vt 0.205600 0.819400
vt 0.063600 0.473500
vt 0.090800 0.204300
vt 0.086200 0.761600
vt 0.320400 0.204300
vt 0.347600 0.473500
vt 0.205600 0.473500
vt 0.205600 0.045200
vt 0.347600 0.819500
vt 0.205600 0.819400
vt 0.205600 0.874600
vt 0.063600 0.473500
vt 0.090800 0.204300
vt 0.063600 0.819500
vt 0.320400 0.204300
vt 0.347600 0.473500
vt 0.205600 0.473500
vt 0.205600 0.045200
vt 0.324900 0.761600
vt 0.205600 0.819400
vt 0.063600 0.473500
vt 0.090800 0.204300
vt 0.086200 0.761600
vt 0.320400 0.204300
vt 0.205600 0.045200
vt 0.205600 0.473500
vt 0.347600 0.473500
vt 0.205600 0.819400
vt 0.324900 0.761600
vt 0.090800 0.204300
vt 0.063600 0.473500
vt 0.086200 0.761600
vt 0.320400 0.204300
vt 0.205600 0.045200
vt 0.205600 0.473500
vt 0.347600 0.473500
vt 0.205600 0.819400
vt 0.347600 0.819500
vt 0.205600 0.874600
vt 0.090800 0.204300
vt 0.063600 0.473500
vt 0.063600 0.819500
vt 0.320400 0.204300
vt 0.205600 0.045200
vt 0.205600 0.473500
vt 0.347600 0.473500
vt 0.205600 0.819400
vt 0.324900 0.761600
vt 0.090800 0.204300
vt 0.063600 0.473500
vt 0.086200 0.761600
vt 0.019100 0.321500
vt 0.019800 0.320000
vt 0.019600 0.685300
vt 0.019100 0.685800
vt 0.020500 0.320500
vt 0.020000 0.685600
vt 0.021200 0.322900
vt 0.020500 0.686800
vt 0.021800 0.325100
vt 0.020900 0.687900
vt 0.018500 0.322700
vt 0.018700 0.686300
vt 0.019400 0.980000
vt 0.019100 0.979200
vt 0.019700 0.980300
vt 0.020000 0.979900
vt 0.020300 0.979900
vt 0.018800 0.978800
vt 0.320400 0.204300
vt 0.347600 0.473500
vt 0.205600 0.473500
vt 0.205600 0.045200
vt 0.324900 0.761600
vt 0.205600 0.819400
vt 0.063600 0.473500
vt 0.090800 0.204300
vt 0.086200 0.761600
vt 0.320400 0.204300
vt 0.347600 0.473500
vt 0.205600 0.473500
vt 0.205600 0.045200
vt 0.347600 0.819500
vt 0.205600 0.819400
vt 0.205600 0.874600
vt 0.063600 0.473500
vt 0.090800 0.204300
vt 0.063600 0.819500
vt 0.320400 0.204300
vt 0.347600 0.473500
vt 0.205600 0.473500
vt 0.205600 0.045200
vt 0.324900 0.761600
vt 0.205600 0.819400
vt 0.063600 0.473500
vt 0.090800 0.204300
vt 0.086200 0.761600
vt 0.320400 0.204300
vt 0.205600 0.045200
vt 0.205600 0.473500
vt 0.347600 0.473500
vt 0.205600 0.819400
vt 0.324900 0.761600
vt 0.090800 0.204300
vt 0.063600 0.473500
vt 0.086200 0.761600
vt 0.320400 0.204300
vt 0.205600 0.045200
vt 0.205600 0.473500
vt 0.347600 0.473500
vt 0.205600 0.819400
vt 0.347600 0.819500
vt 0.205600 0.874600
vt 0.090800 0.204300
vt 0.063600 0.473500
vt 0.063600 0.819500
vt 0.320400 0.204300
vt 0.205600 0.045200
vt 0.205600 0.473500
vt 0.347600 0.473500
vt 0.205600 0.819400
vt 0.324900 0.761600
vt 0.090800 0.204300
vt 0.063600 0.473500
vt 0.086200 0.761600
vt 0.019100 0.026600
vt 0.020000 0.026700
vt 0.019800 0.320000
vt 0.019100 0.321500
vt 0.020800 0.027300
vt 0.020500 0.320500
vt 0.021700 0.028300
vt 0.021200 0.322900
vt 0.022500 0.029700
vt 0.021800 0.325100
vt 0.018300 0.026700
vt 0.018500 0.322700
vt 0.019600 0.685300
vt 0.019100 0.685800
vt 0.020000 0.685600
vt 0.020500 0.686800
vt 0.020900 0.687900
vt 0.018700 0.686300
vt 0.019400 0.980000
vt 0.019100 0.979200
vt 0.019700 0.980300
vt 0.020000 0.979900
vt 0.020300 0.979900
vt 0.018800 0.978800
vt 0.320400 0.204300
vt 0.347600 0.473500
vt 0.205600 0.473500
vt 0.205600 0.045200
vt 0.324900 0.761600
vt 0.205600 0.819400
vt 0.063600 0.473500
vt 0.090800 0.204300
vt 0.086200 0.761600
vt 0.320400 0.204300
vt 0.347600 0.473500
vt 0.205600 0.473500
vt 0.205600 0.045200
vt 0.347600 0.819500
vt 0.205600 0.819400
vt 0.205600 0.874600
vt 0.063600 0.473500
vt 0.090800 0.204300
vt 0.063600 0.819500
vt 0.320400 0.204300
vt 0.347600 0.473500
vt 0.205600 0.473500
vt 0.205600 0.045200
vt 0.324900 0.761600
vt 0.205600 0.819400
vt 0.063600 0.473500
vt 0.090800 0.204300
vt 0.086200 0.761600
vt 0.320400 0.204300
vt 0.347600 0.473500
vt 0.205600 0.473500
vt 0.205600 0.045200
vt 0.324900 0.761600
vt 0.205600 0.819400
vt 0.063600 0.473500
vt 0.090800 0.204300
vt 0.086200 0.761600
vt 0.320400 0.204300
vt 0.347600 0.473500
vt 0.205600 0.473500
vt 0.205600 0.045200
vt 0.347600 0.819500
vt 0.205600 0.819400
vt 0.208000 0.848800
vt 0.063600 0.473500
vt 0.090800 0.204300
vt 0.063600 0.819500
vt 0.320400 0.204300
vt 0.347600 0.473500
vt 0.205600 0.473500
vt 0.205600 0.045200
vt 0.324900 0.761600
vt 0.205600 0.819400
vt 0.063600 0.473500
vt 0.090800 0.204300
vt 0.086200 0.761600
vt 0.320400 0.204300
vt 0.205600 0.045200
vt 0.205600 0.473500
vt 0.347600 0.473500
vt 0.205600 0.819400
vt 0.324900 0.761600
vt 0.090800 0.204300
vt 0.063600 0.473500
vt 0.086200 0.761600
vt 0.320400 0.204300
vt 0.205600 0.045200
vt 0.205600 0.473500
vt 0.347600 0.473500
vt 0.205600 0.819400
vt 0.347600 0.819500
vt 0.205600 0.874600
vt 0.090800 0.204300
vt 0.063600 0.473500
vt 0.063600 0.819500
vt 0.320400 0.204300
vt 0.205600 0.045200
vt 0.205600 0.473500
vt 0.347600 0.473500
vt 0.205600 0.819400
vt 0.324900 0.761600
vt 0.090800 0.204300
vt 0.063600 0.473500
vt 0.086200 0.761600
vt 0.320400 0.204300
vt 0.205600 0.045200
vt 0.205600 0.473500
vt 0.347600 0.473500
vt 0.205600 0.819400
vt 0.324900 0.761600
vt 0.090800 0.204300
vt 0.063600 0.473500
vt 0.086200 0.761600
vt 0.320400 0.204300
vt 0.205600 0.045200
vt 0.205600 0.473500
vt 0.347600 0.473500
vt 0.205600 0.819400
vt 0.347600 0.819500
vt 0.208000 0.848800
vt 0.090800 0.204300
vt 0.063600 0.473500
vt 0.063600 0.819500
vt 0.320400 0.204300
vt 0.205600 0.045200
vt 0.205600 0.473500
vt 0.347600 0.473500
vt 0.205600 0.819400
vt 0.324900 0.761600
vt 0.090800 0.204300
vt 0.063600 0.473500
vt 0.086200 0.761600
vt 0.320400 0.204300
vt 0.205600 0.045200
vt 0.205600 0.473500
vt 0.347600 0.473500
vt 0.205600 0.819400
vt 0.324900 0.761600
vt 0.090800 0.204300
vt 0.063600 0.473500
vt 0.086200 0.761600
vt 0.320400 0.204300
vt 0.205600 0.045200
vt 0.205600 0.473500
vt 0.347600 0.473500
vt 0.205600 0.819400
vt 0.347600 0.819500
vt 0.205600 0.874600
vt 0.090800 0.204300
vt 0.063600 0.473500
vt 0.063600 0.819500
vt 0.320400 0.204300
vt 0.205600 0.045200
vt 0.205600 0.473500
vt 0.347600 0.473500
vt 0.205600 0.819400
vt 0.324900 0.761600
vt 0.090800 0.204300
vt 0.063600 0.473500
vt 0.086200 0.761600
vt 0.320400 0.204300
vt 0.347600 0.473500
vt 0.205600 0.473500
vt 0.205600 0.045200
vt 0.324900 0.761600
vt 0.205600 0.819400
vt 0.063600 0.473500
vt 0.090800 0.204300
vt 0.086200 0.761600
vt 0.320400 0.204300
vt 0.347600 0.473500
vt 0.205600 0.473500
vt 0.205600 0.045200
vt 0.347600 0.819500
vt 0.205600 0.819400
vt 0.205600 0.874600
vt 0.063600 0.473500
vt 0.090800 0.204300
vt 0.063600 0.819500
vt 0.320400 0.204300
vt 0.347600 0.473500
vt 0.205600 0.473500
vt 0.205600 0.045200
vt 0.324900 0.761600
vt 0.205600 0.819400
vt 0.063600 0.473500
vt 0.090800 0.204300
vt 0.086200 0.761600
vt 0.320400 0.204300
vt 0.347600 0.473500
vt 0.205600 0.473500
vt 0.205600 0.045200
vt 0.324900 0.761600
vt 0.205600 0.819400
vt 0.063600 0.473500
vt 0.090800 0.204300
vt 0.086200 0.761600
vt 0.320400 0.204300
vt 0.347600 0.473500
vt 0.205600 0.473500
vt 0.205600 0.045200
vt 0.347600 0.819500
vt 0.205600 0.819400
vt 0.205600 0.874600
vt 0.063600 0.473500
vt 0.090800 0.204300
vt 0.063600 0.819500
vt 0.320400 0.204300
vt 0.347600 0.473500
vt 0.205600 0.473500
vt 0.205600 0.045200
vt 0.324900 0.761600
vt 0.205600 0.819400
vt 0.063600 0.473500
vt 0.090800 0.204300
vt 0.086200 0.761600
vt 0.320400 0.204300
vt 0.205600 0.045200
vt 0.205600 0.473500
vt 0.347600 0.473500
vt 0.205600 0.819400
vt 0.324900 0.761600
vt 0.090800 0.204300
vt 0.063600 0.473500
vt 0.086200 0.761600
vt 0.320400 0.204300
vt 0.205600 0.045200
vt 0.205600 0.473500
vt 0.347600 0.473500
vt 0.205600 0.819400
vt 0.347600 0.819500
vt 0.205600 0.874600
vt 0.090800 0.204300
vt 0.063600 0.473500
vt 0.063600 0.819500
vt 0.320400 0.204300
vt 0.205600 0.045200
vt 0.205600 0.473500
vt 0.347600 0.473500
vt 0.205600 0.819400
vt 0.324900 0.761600
vt 0.090800 0.204300
vt 0.063600 0.473500
vt 0.086200 0.761600
vt 0.415900 0.353700
vt 0.393700 0.353700
vt 0.393700 0.679000
vt 0.444200 0.353700
vt 0.423800 0.679000
vt 0.484400 0.353700
vt 0.464700 0.679000
vt 0.452400 0.353700
vt 0.484400 0.679000
vt 0.437000 0.679000
vt 0.436900 0.014100
vt 0.393700 0.120300
vt 0.433500 0.120300
vt 0.426300 0.120300
vt 0.462300 0.120300
vt 0.484400 0.120300
vt 0.449600 0.992500
vt 0.453800 0.890600
vt 0.420800 0.890600
vt 0.393700 0.890600
vt 0.393700 0.992500
vt 0.444400 0.890600
vt 0.484400 0.890600
vt 0.415900 0.353700
vt 0.393700 0.353700
vt 0.393700 0.679000
vt 0.444200 0.353700
vt 0.423800 0.679000
vt 0.484400 0.353700
vt 0.464700 0.679000
vt 0.452400 0.353700
vt 0.484400 0.679000
vt 0.437000 0.679000
vt 0.436900 0.014100
vt 0.393700 0.120300
vt 0.433500 0.120300
vt 0.426300 0.120300
vt 0.462300 0.120300
vt 0.484400 0.120300
vt 0.449600 0.992500
vt 0.453800 0.890600
vt 0.420800 0.890600
vt 0.393700 0.890600
vt 0.393700 0.992500
vt 0.444400 0.890600
vt 0.484400 0.890600
vt 0.462100 0.353700
vt 0.484400 0.353700
vt 0.484400 0.679000
vt 0.433900 0.353700
vt 0.454200 0.679000
vt 0.393700 0.353700
vt 0.413400 0.679000
vt 0.425700 0.353700
vt 0.393700 0.679000
vt 0.441100 0.679000
vt 0.441100 0.014100
vt 0.484400 0.120300
vt 0.444600 0.120300
vt 0.451800 0.120300
vt 0.415800 0.120300
vt 0.393700 0.120300
vt 0.428400 0.992500
vt 0.424300 0.890600
vt 0.457300 0.890600
vt 0.484400 0.890600
vt 0.484400 0.992500
vt 0.433700 0.890600
vt 0.393700 0.890600
vt 0.415900 0.353700
vt 0.393700 0.353700
vt 0.393700 0.679000
vt 0.444200 0.353700
vt 0.423800 0.679000
vt 0.484400 0.353700
vt 0.464700 0.679000
vt 0.452400 0.353700
vt 0.484400 0.679000
vt 0.437000 0.679000
vt 0.436900 0.014100
vt 0.393700 0.120300
vt 0.433500 0.120300
vt 0.426300 0.120300
vt 0.462300 0.120300
vt 0.484400 0.120300
vt 0.449600 0.992500
vt 0.453800 0.890600
vt 0.420800 0.890600
vt 0.393700 0.890600
vt 0.393700 0.992500
vt 0.444400 0.890600
vt 0.484400 0.890600
vt 0.415900 0.353700
vt 0.393700 0.353700
vt 0.393700 0.679000
vt 0.444200 0.353700
vt 0.423800 0.679000
vt 0.484400 0.353700
vt 0.464700 0.679000
vt 0.452400 0.353700
vt 0.484400 0.679000
vt 0.437000 0.679000
vt 0.436900 0.014100
vt 0.393700 0.120300
vt 0.433500 0.120300
vt 0.426300 0.120300
vt 0.462300 0.120300
vt 0.484400 0.120300
vt 0.449600 0.992500
vt 0.453800 0.890600
vt 0.420800 0.890600
vt 0.393700 0.890600
vt 0.393700 0.992500
vt 0.444400 0.890600
vt 0.484400 0.890600
vt 0.462100 0.353700
vt 0.484400 0.353700
vt 0.484400 0.679000
vt 0.433900 0.353700
vt 0.454200 0.679000
vt 0.393700 0.353700
vt 0.413400 0.679000
vt 0.425700 0.353700
vt 0.393700 0.679000
vt 0.441100 0.679000
vt 0.441100 0.014100
vt 0.484400 0.120300
vt 0.444600 0.120300
vt 0.451800 0.120300
vt 0.415800 0.120300
vt 0.393700 0.120300
vt 0.428400 0.992500
vt 0.424300 0.890600
vt 0.457300 0.890600
vt 0.484400 0.890600
vt 0.484400 0.992500
vt 0.433700 0.890600
vt 0.393700 0.890600
vt 0.415900 0.353700
vt 0.393700 0.353700
vt 0.393700 0.679000
vt 0.444200 0.353700
vt 0.423800 0.679000
vt 0.484400 0.353700
vt 0.464700 0.679000
vt 0.452400 0.353700
vt 0.484400 0.679000
vt 0.437000 0.679000
vt 0.436900 0.014100
vt 0.393700 0.120300
vt 0.433500 0.120300
vt 0.426300 0.120300
vt 0.462300 0.120300
vt 0.484400 0.120300
vt 0.449600 0.992500
vt 0.453800 0.890600
vt 0.420800 0.890600
vt 0.393700 0.890600
vt 0.393700 0.992500
vt 0.444400 0.890600
vt 0.484400 0.890600
vt 0.415900 0.353700
vt 0.393700 0.353700
vt 0.393700 0.679000
vt 0.444200 0.353700
vt 0.423800 0.679000
vt 0.484400 0.353700
vt 0.464700 0.679000
vt 0.452400 0.353700
vt 0.484400 0.679000
vt 0.437000 0.679000
vt 0.436900 0.014100
vt 0.393700 0.120300
vt 0.433500 0.120300
vt 0.426300 0.120300
vt 0.462300 0.120300
vt 0.484400 0.120300
vt 0.449600 0.992500
vt 0.453800 0.890600
vt 0.420800 0.890600
vt 0.393700 0.890600
vt 0.393700 0.992500
vt 0.444400 0.890600
vt 0.484400 0.890600
vt 0.462100 0.353700
vt 0.484400 0.353700
vt 0.484400 0.679000
vt 0.433900 0.353700
vt 0.454200 0.679000
vt 0.393700 0.353700
vt 0.413400 0.679000
vt 0.425700 0.353700
vt 0.393700 0.679000
vt 0.441100 0.679000
vt 0.441100 0.014100
vt 0.484400 0.120300
vt 0.444600 0.120300
vt 0.451800 0.120300
vt 0.415800 0.120300
vt 0.393700 0.120300
vt 0.428400 0.992500
vt 0.424300 0.890600
vt 0.457300 0.890600
vt 0.484400 0.890600
vt 0.484400 0.992500
vt 0.433700 0.890600
vt 0.393700 0.890600
vt 0.415900 0.353700
vt 0.393700 0.353700
vt 0.393700 0.679000
vt 0.444200 0.353700
vt 0.423800 0.679000
vt 0.484400 0.353700
vt 0.464700 0.679000
vt 0.452400 0.353700
vt 0.484400 0.679000
vt 0.437000 0.679000
vt 0.436900 0.014100
vt 0.393700 0.120300
vt 0.433500 0.120300
vt 0.426300 0.120300
vt 0.462300 0.120300
vt 0.484400 0.120300
vt 0.449600 0.992500
vt 0.453800 0.890600
vt 0.420800 0.890600
vt 0.393700 0.890600
vt 0.393700 0.992500
vt 0.444400 0.890600
vt 0.484400 0.890600
vt 0.415900 0.353700
vt 0.393700 0.353700
vt 0.393700 0.679000
vt 0.444200 0.353700
vt 0.423800 0.679000
vt 0.484400 0.353700
vt 0.464700 0.679000
vt 0.452400 0.353700
vt 0.484400 0.679000
vt 0.437000 0.679000
vt 0.436900 0.014100
vt 0.393700 0.120300
vt 0.433500 0.120300
vt 0.426300 0.120300
vt 0.462300 0.120300
vt 0.484400 0.120300
vt 0.449600 0.992500
vt 0.453800 0.890600
vt 0.420800 0.890600
vt 0.393700 0.890600
vt 0.393700 0.992500
vt 0.444400 0.890600
vt 0.484400 0.890600
vt 0.462100 0.353700
vt 0.484400 0.353700
vt 0.484400 0.679000
vt 0.433900 0.353700
vt 0.454200 0.679000
vt 0.393700 0.353700
vt 0.413400 0.679000
vt 0.425700 0.353700
vt 0.393700 0.679000
vt 0.441100 0.679000
vt 0.441100 0.014100
vt 0.484400 0.120300
vt 0.444600 0.120300
vt 0.451800 0.120300
vt 0.415800 0.120300
vt 0.393700 0.120300
vt 0.428400 0.992500
vt 0.424300 0.890600
vt 0.457300 0.890600
vt 0.484400 0.890600
vt 0.484400 0.992500
vt 0.433700 0.890600
vt 0.393700 0.890600
vt 0.415900 0.353700
vt 0.393700 0.353700
vt 0.393700 0.679000
vt 0.444200 0.353700
vt 0.423800 0.679000
vt 0.484400 0.353700
vt 0.464700 0.679000
vt 0.452400 0.353700
vt 0.484400 0.679000
vt 0.437000 0.679000
vt 0.436900 0.014100
vt 0.393700 0.120300
vt 0.433500 0.120300
vt 0.426300 0.120300
vt 0.462300 0.120300
vt 0.484400 0.120300
vt 0.449600 0.992500
vt 0.453800 0.890600
vt 0.420800 0.890600
vt 0.393700 0.890600
vt 0.393700 0.992500
vt 0.444400 0.890600
vt 0.484400 0.890600
vt 0.415900 0.353700
vt 0.393700 0.353700
vt 0.393700 0.679000
vt 0.444200 0.353700
vt 0.423800 0.679000
vt 0.484400 0.353700
vt 0.464700 0.679000
vt 0.452400 0.353700
vt 0.484400 0.679000
vt 0.437000 0.679000
vt 0.436900 0.014100
vt 0.393700 0.120300
vt 0.433500 0.120300
vt 0.426300 0.120300
vt 0.462300 0.120300
vt 0.484400 0.120300
vt 0.449600 0.992500
vt 0.453800 0.890600
vt 0.420800 0.890600
vt 0.393700 0.890600
vt 0.393700 0.992500
vt 0.444400 0.890600
vt 0.484400 0.890600
vt 0.462100 0.353700
vt 0.484400 0.353700
vt 0.484400 0.679000
vt 0.433900 0.353700
vt 0.454200 0.679000
vt 0.393700 0.353700
vt 0.413400 0.679000
vt 0.425700 0.353700
vt 0.393700 0.679000
vt 0.441100 0.679000
vt 0.441100 0.014100
vt 0.484400 0.120300
vt 0.444600 0.120300
vt 0.451800 0.120300
vt 0.415800 0.120300
vt 0.393700 0.120300
vt 0.428400 0.992500
vt 0.424300 0.890600
vt 0.457300 0.890600
vt 0.484400 0.890600
vt 0.484400 0.992500
vt 0.433700 0.890600
vt 0.393700 0.890600
vn -0.3371 -0.1195 0.9338
vn 0.1634 0.8557 0.4910
vn -0.0791 0.3774 0.9227
vn 0.4033 0.6368 -0.6571
vn 0.5140 0.8578 -0.0044
vn 0.0431 -0.4661 -0.8837
vn 0.3613 0.0992 -0.9272
vn -0.4070 -0.9092 0.0884
vn -0.2907 -0.7889 -0.5415
vn -0.5502 -0.6206 0.5586
vn 0.8598 -0.4355 0.2665
vn 0.2250 0.3326 0.9158
vn -0.1334 -0.7035 0.6981
vn 0.6664 0.7454 -0.0131
vn 0.5819 -0.0166 -0.8131
vn 0.0890 -0.9209 -0.3794
vn -0.8598 0.4355 -0.2665
vn -0.7601 -0.6421 -0.0998
vn -0.6287 0.0394 0.7766
vn 0.0031 0.8928 0.4504
vn 0.2654 0.7450 -0.6120
vn -0.1980 -0.2013 -0.9593
vn 0.0950 -0.1520 0.9838
vn 0.8030 0.5106 0.3074
vn 0.5501 0.1330 0.8245
vn 0.3586 0.4818 -0.7995
vn 0.8407 0.4537 -0.2957
vn -0.6083 -0.1978 -0.7687
vn -0.0863 0.1213 -0.9889
vn -0.7570 -0.5703 0.3188
vn -0.8781 -0.3789 -0.2922
vn -0.4964 -0.3709 0.7848
vn 0.4842 -0.8586 -0.1681
vn 0.7386 -0.0560 0.6718
vn -0.1860 -0.6831 0.7063
vn 0.8830 0.2856 -0.3725
vn 0.0554 -0.1133 -0.9920
vn -0.6117 -0.7186 -0.3307
vn -0.4842 0.8586 0.1682
vn -0.9407 -0.1257 0.3151
vn -0.0917 0.1646 0.9821
vn 0.6921 0.6319 0.3488
vn 0.3400 0.6305 -0.6978
vn -0.6650 0.1617 -0.7291
vn -0.1943 -0.8970 0.3970
vn 0.6375 -0.1383 0.7579
vn 0.2673 -0.7090 0.6526
vn 0.5484 0.8332 0.0709
vn 0.8580 0.3082 0.4108
vn -0.3351 0.6408 -0.6907
vn 0.2061 0.8823 -0.4233
vn -0.7775 -0.4092 -0.4776
vn -0.7225 0.2148 -0.6572
vn -0.6827 -0.7306 -0.0165
vn 0.5691 -0.4424 -0.6931
vn 0.5052 -0.7308 0.4589
vn -0.3426 -0.9062 -0.2479
vn 0.9327 0.2682 0.2413
vn 0.3577 0.7249 -0.5887
vn -0.4345 0.0011 -0.9007
vn -0.5691 0.4424 0.6931
vn -0.9812 -0.1214 -0.1503
vn -0.3928 -0.6808 0.6182
vn 0.5115 -0.0808 0.8555
vn 0.4902 0.8373 0.2423
vn -0.4252 0.8195 -0.3842
vn -0.2697 0.9286 -0.2550
vn -0.0862 0.9685 -0.2338
vn -0.3868 0.9218 0.0271
vn -0.4659 0.8781 -0.1093
vn 0.0546 0.9878 -0.1456
vn -0.2780 0.9479 0.1558
vn -0.5928 0.7839 0.1844
vn -0.5298 0.8182 -0.2231
vn -0.5432 0.7601 0.3566
vn -0.2841 0.9442 -0.1668
vn -0.1760 0.9286 -0.3268
vn -0.0492 0.9984 0.0293
vn -0.2163 0.9732 0.0783
vn 0.1371 0.9034 -0.4063
vn 0.4648 0.8748 -0.1365
vn 0.6917 0.6909 -0.2102
vn 0.0479 0.9469 0.3180
vn -0.3503 0.9293 0.1169
vn 0.3255 0.9085 0.2622
vn -0.5984 0.6980 0.3934
vn -0.7181 0.6421 0.2683
vn -0.4121 0.8787 0.2408
vn -0.3902 0.8308 0.3969
vn -0.7751 0.6192 0.1258
vn -0.4425 0.8937 0.0743
vn -0.1351 0.9624 0.2358
vn -0.3596 0.7738 0.5214
vn -0.0774 0.9953 0.0582
vn 0.2697 -0.9286 0.2550
vn 0.4659 -0.8781 0.1093
vn 0.3868 -0.9218 -0.0271
vn 0.0862 -0.9685 0.2338
vn 0.2780 -0.9479 -0.1558
vn -0.0546 -0.9878 0.1456
vn 0.5298 -0.8182 0.2231
vn 0.5928 -0.7839 -0.1844
vn 0.5432 -0.7601 -0.3566
vn 0.2841 -0.9442 0.1668
vn 0.2163 -0.9732 -0.0783
vn 0.0492 -0.9984 -0.0293
vn 0.1760 -0.9286 0.3268
vn -0.4648 -0.8748 0.1365
vn -0.1371 -0.9034 0.4063
vn -0.6917 -0.6910 0.2102
vn 0.3504 -0.9293 -0.1169
vn -0.0479 -0.9469 -0.3180
vn -0.3255 -0.9085 -0.2622
vn 0.5984 -0.6980 -0.3934
vn 0.3902 -0.8308 -0.3969
vn 0.4121 -0.8787 -0.2408
vn 0.7181 -0.6421 -0.2683
vn 0.4425 -0.8937 -0.0743
vn 0.7751 -0.6192 -0.1258
vn 0.3597 -0.7738 -0.5215
vn 0.1351 -0.9624 -0.2358
vn 0.0774 -0.9953 -0.0582
vn 0.0341 0.9207 0.3888
vn -0.1470 0.8912 0.4291
vn 0.0413 0.9954 0.0862
vn 0.1766 0.9673 0.1820
vn -0.3053 0.8675 0.3927
vn -0.1105 0.9939 0.0034
vn 0.2149 0.9640 -0.1567
vn 0.2932 0.9211 0.2561
vn 0.1114 0.9432 -0.3130
vn 0.0103 0.9517 0.3069
vn -0.0177 0.8795 0.4755
vn -0.2839 0.9359 0.2086
vn -0.1487 0.9830 0.1076
vn -0.2560 0.7343 0.6287
vn -0.6193 0.6277 0.4716
vn -0.7323 0.3878 0.5598
vn -0.4525 0.8908 -0.0413
vn -0.0301 0.9993 0.0204
vn -0.6575 0.7487 0.0844
vn 0.1681 0.9094 -0.3804
vn 0.3436 0.8837 -0.3177
vn 0.0014 0.9914 -0.1311
vn -0.0622 0.9573 -0.2824
vn 0.4588 0.8650 -0.2031
vn 0.0865 0.9961 0.0195
vn -0.2738 0.9617 -0.0153
vn -0.1213 0.9064 -0.4047
vn -0.2688 0.9476 0.1725
vn -0.0341 -0.9207 -0.3888
vn -0.1766 -0.9673 -0.1820
vn -0.0413 -0.9954 -0.0862
vn 0.1470 -0.8912 -0.4291
vn 0.1105 -0.9939 -0.0035
vn 0.3053 -0.8675 -0.3927
vn -0.2932 -0.9211 -0.2561
vn -0.2149 -0.9640 0.1567
vn -0.1114 -0.9432 0.3130
vn -0.0103 -0.9517 -0.3069
vn 0.1487 -0.9830 -0.1076
vn 0.2839 -0.9359 -0.2086
vn 0.0177 -0.8795 -0.4755
vn 0.6193 -0.6277 -0.4716
vn 0.2560 -0.7343 -0.6287
vn 0.7323 -0.3878 -0.5598
vn 0.0301 -0.9993 -0.0204
vn 0.4525 -0.8908 0.0412
vn 0.6575 -0.7487 -0.0844
vn -0.1681 -0.9094 0.3804
vn 0.0622 -0.9573 0.2824
vn -0.0014 -0.9914 0.1311
vn -0.3436 -0.8837 0.3177
vn -0.0865 -0.9961 -0.0194
vn -0.4588 -0.8650 0.2031
vn 0.1213 -0.9064 0.4047
vn 0.2738 -0.9617 0.0153
vn 0.2688 -0.9476 -0.1725
vn -0.6531 0.7571 0.0113
vn -0.5095 0.8605 0.0063
vn -0.6774 0.6755 0.2913
vn -0.7617 0.6254 0.1696
vn -0.3718 0.9255 0.0718
vn -0.5659 0.7210 0.3999
vn -0.7654 0.4658 0.4440
vn -0.8250 0.5616 0.0631
vn -0.6755 0.4444 0.5883
vn -0.6474 0.7554 0.1015
vn -0.5885 0.8051 -0.0744
vn -0.4222 0.8694 0.2566
vn -0.5423 0.7760 0.3221
vn -0.2455 0.9360 -0.2523
vn 0.1612 0.9828 -0.0896
vn 0.4890 0.8288 -0.2718
vn -0.2424 0.8312 0.5003
vn -0.6290 0.6834 0.3706
vn 0.0847 0.9360 0.3417
vn -0.6927 0.3654 0.6217
vn -0.8074 0.2912 0.5132
vn -0.6320 0.6055 0.4837
vn -0.5580 0.5567 0.6154
vn -0.8825 0.2667 0.3874
vn -0.7056 0.6224 0.3388
vn -0.4303 0.7786 0.4567
vn -0.4844 0.5036 0.7154
vn -0.4373 0.8521 0.2874
vn 0.8951 0.0098 0.4458
vn 0.7006 0.0108 -0.7134
vn 0.6875 0.0771 -0.7221
vn 0.9076 -0.0090 0.4198
vn -0.4616 0.0108 -0.8870
vn -0.4465 0.0771 -0.8914
vn -0.9863 0.0098 0.1648
vn -0.9906 -0.0090 0.1363
vn -0.1477 0.0091 0.9890
vn -0.1474 -0.0716 0.9865
vn 0.6991 0.0802 -0.7105
vn 0.8836 -0.0675 0.4633
vn -0.4801 0.1255 -0.8682
vn -0.9840 0.0127 0.1778
vn -0.1634 -0.0979 0.9817
vn 0.7173 0.0114 -0.6966
vn 0.8841 -0.0876 0.4590
vn -0.3944 0.1085 -0.9125
vn -0.9938 0.0776 0.0798
vn -0.2061 -0.0471 0.9774
vn 0.4723 0.7571 0.4513
vn 0.3666 0.8605 0.3538
vn 0.6864 0.6755 0.2693
vn 0.6608 0.6254 0.4150
vn 0.3149 0.9255 0.2104
vn 0.6835 0.7210 0.1136
vn 0.8565 0.4658 0.2226
vn 0.6309 0.5616 0.5353
vn 0.8940 0.4444 0.0568
vn 0.5316 0.7554 0.3831
vn 0.3661 0.8051 0.4667
vn 0.4807 0.8694 0.1145
vn 0.6121 0.7760 0.1524
vn -0.0029 0.9360 0.3520
vn -0.1776 0.9829 -0.0496
vn -0.5388 0.8289 -0.1506
vn 0.5241 0.8312 -0.1852
vn 0.7078 0.6834 0.1789
vn 0.1801 0.9360 -0.3025
vn 0.9297 0.3655 0.0451
vn 0.9349 0.2912 0.2029
vn 0.7895 0.6055 0.1006
vn 0.8295 0.5567 -0.0451
vn 0.8999 0.2667 0.3451
vn 0.7399 0.6224 0.2553
vn 0.6271 0.7786 -0.0221
vn 0.8475 0.5036 -0.1679
vn 0.5131 0.8521 0.1032
vn -0.2319 0.9702 0.0696
vn -0.2336 0.9649 -0.1201
vn 0.0681 0.9862 0.1507
vn -0.0588 0.9644 0.2578
vn -0.1634 0.9486 -0.2711
vn 0.1813 0.9832 0.0206
vn 0.2531 0.8952 0.3669
vn -0.1652 0.9223 0.3493
vn 0.4215 0.8561 0.2990
vn -0.1418 0.9875 0.0687
vn -0.3128 0.9498 -0.0089
vn 0.0207 0.9802 -0.1971
vn 0.0937 0.9949 -0.0370
vn -0.4465 0.8246 -0.3475
vn -0.2351 0.6968 -0.6777
vn -0.3311 0.4194 -0.8452
vn 0.2944 0.9034 -0.3117
vn 0.1511 0.9835 0.0993
vn 0.1683 0.7739 -0.6106
vn 0.4659 0.8070 0.3629
vn 0.3585 0.7796 0.5135
vn 0.2854 0.9451 0.1590
vn 0.4379 0.8899 0.1275
vn 0.2231 0.7717 0.5956
vn 0.1227 0.9703 0.2087
vn 0.2374 0.9622 -0.1335
vn 0.5583 0.8244 0.0928
vn 0.0546 0.9833 -0.1734
vn -0.4723 -0.7571 -0.4513
vn -0.6608 -0.6254 -0.4150
vn -0.6864 -0.6755 -0.2693
vn -0.3666 -0.8605 -0.3538
vn -0.6835 -0.7210 -0.1136
vn -0.3149 -0.9255 -0.2104
vn -0.6309 -0.5616 -0.5353
vn -0.8565 -0.4658 -0.2226
vn -0.8940 -0.4444 -0.0568
vn -0.5316 -0.7554 -0.3831
vn -0.6121 -0.7760 -0.1524
vn -0.4807 -0.8694 -0.1145
vn -0.3661 -0.8051 -0.4667
vn 0.1776 -0.9828 0.0496
vn 0.0029 -0.9360 -0.3520
vn 0.5388 -0.8288 0.1506
vn -0.7078 -0.6834 -0.1789
vn -0.5241 -0.8312 0.1852
vn -0.1800 -0.9360 0.3024
vn -0.9297 -0.3655 -0.0451
vn -0.8295 -0.5567 0.0451
vn -0.7895 -0.6055 -0.1006
vn -0.9349 -0.2912 -0.2029
vn -0.7399 -0.6224 -0.2553
vn -0.8999 -0.2667 -0.3451
vn -0.8475 -0.5036 0.1679
vn -0.6271 -0.7786 0.0221
vn -0.5131 -0.8521 -0.1032
vn 0.2319 -0.9702 -0.0696
vn 0.0588 -0.9644 -0.2578
vn -0.0681 -0.9862 -0.1507
vn 0.2336 -0.9649 0.1201
vn -0.1813 -0.9832 -0.0206
vn 0.1634 -0.9486 0.2711
vn 0.1652 -0.9223 -0.3493
vn -0.2531 -0.8952 -0.3669
vn -0.4215 -0.8561 -0.2990
vn 0.1418 -0.9875 -0.0687
vn -0.0937 -0.9949 0.0370
vn -0.0207 -0.9802 0.1971
vn 0.3128 -0.9498 0.0089
vn 0.2351 -0.6968 0.6777
vn 0.4465 -0.8246 0.3475
vn 0.3311 -0.4194 0.8452
vn -0.1511 -0.9835 -0.0993
vn -0.2944 -0.9034 0.3117
vn -0.1683 -0.7739 0.6106
vn -0.4659 -0.8070 -0.3629
vn -0.4379 -0.8899 -0.1275
vn -0.2854 -0.9451 -0.1590
vn -0.3585 -0.7796 -0.5135
vn -0.1227 -0.9702 -0.2087
vn -0.2231 -0.7716 -0.5956
vn -0.5583 -0.8244 -0.0928
vn -0.2374 -0.9622 0.1335
vn -0.0546 -0.9833 0.1734
vn 0.6531 -0.7571 -0.0113
vn 0.7617 -0.6254 -0.1696
vn 0.6774 -0.6755 -0.2913
vn 0.5095 -0.8605 -0.0063
vn 0.5659 -0.7210 -0.3999
vn 0.3718 -0.9255 -0.0718
vn 0.8250 -0.5616 -0.0631
vn 0.7654 -0.4658 -0.4440
vn 0.6755 -0.4444 -0.5883
vn 0.6474 -0.7554 -0.1015
vn 0.5423 -0.7760 -0.3221
vn 0.4222 -0.8694 -0.2566
vn 0.5885 -0.8051 0.0744
vn -0.1612 -0.9828 0.0896
vn 0.2455 -0.9360 0.2523
vn -0.4890 -0.8288 0.2718
vn 0.6290 -0.6834 -0.3706
vn 0.2424 -0.8312 -0.5003
vn -0.0847 -0.9360 -0.3417
vn 0.6927 -0.3654 -0.6217
vn 0.5580 -0.5567 -0.6154
vn 0.6320 -0.6055 -0.4837
vn 0.8074 -0.2912 -0.5132
vn 0.7056 -0.6224 -0.3388
vn 0.8825 -0.2667 -0.3874
vn 0.4844 -0.5036 -0.7154
vn 0.4303 -0.7786 -0.4567
vn 0.4373 -0.8521 -0.2874
vn -0.0547 0.0977 0.9937
vn 0.7961 0.3003 0.5255
vn 0.6966 0.2176 0.6837
vn -0.4564 -0.0913 0.8851
vn 0.8382 0.1999 -0.5073
vn 0.8372 0.2315 -0.4955
vn -0.3137 -0.1971 -0.9288
vn -0.1696 -0.0447 -0.9845
vn -0.9462 -0.2598 0.1929
vn -0.9544 -0.2417 -0.1753
vn 0.6958 0.1209 0.7080
vn -0.4255 -0.1574 0.8912
vn 0.8842 0.2503 -0.3944
vn -0.0861 0.0680 -0.9940
vn -0.9588 -0.1984 -0.2032
vn -0.2524 0.9405 -0.2277
vn -0.0652 0.9706 -0.2317
vn -0.3312 0.9410 0.0689
vn -0.4309 0.9007 -0.0556
vn 0.0870 0.9827 -0.1634
vn -0.2038 0.9620 0.1814
vn -0.5222 0.8139 0.2547
vn -0.5129 0.8435 -0.1595
vn -0.4502 0.7881 0.4198
vn -0.2540 0.9572 -0.1385
vn -0.1699 0.9351 -0.3110
vn 0.0087 0.9997 0.0235
vn -0.1515 0.9838 0.0954
vn 0.1845 0.8741 -0.4494
vn 0.5432 0.8047 -0.2394
vn 0.7628 0.5521 -0.3367
vn 0.1407 0.9445 0.2970
vn -0.2819 0.9472 0.1527
vn 0.4643 0.8694 0.1691
vn -0.5032 0.7288 0.4644
vn -0.6426 0.6777 0.3574
vn -0.3297 0.9000 0.2851
vn -0.2890 0.8514 0.4376
vn -0.7202 0.6567 0.2235
vn -0.3820 0.9159 0.1236
vn -0.0500 0.9694 0.2404
vn -0.2441 0.7933 0.5578
vn -0.0154 0.9983 0.0562
vn 0.2524 -0.9405 0.2277
vn 0.4309 -0.9007 0.0556
vn 0.3312 -0.9410 -0.0689
vn 0.0652 -0.9706 0.2317
vn 0.2039 -0.9620 -0.1814
vn -0.0870 -0.9827 0.1634
vn 0.5129 -0.8435 0.1595
vn 0.5222 -0.8139 -0.2547
vn 0.4502 -0.7881 -0.4198
vn 0.2540 -0.9572 0.1385
vn 0.1515 -0.9838 -0.0954
vn -0.0087 -0.9997 -0.0235
vn 0.1699 -0.9351 0.3110
vn -0.5432 -0.8047 0.2394
vn -0.1845 -0.8741 0.4493
vn -0.7628 -0.5521 0.3367
vn 0.2819 -0.9472 -0.1527
vn -0.1407 -0.9445 -0.2970
vn -0.4643 -0.8694 -0.1691
vn 0.5032 -0.7288 -0.4644
vn 0.2890 -0.8514 -0.4376
vn 0.3297 -0.9000 -0.2851
vn 0.6426 -0.6777 -0.3574
vn 0.3820 -0.9159 -0.1236
vn 0.7202 -0.6568 -0.2235
vn 0.2441 -0.7933 -0.5578
vn 0.0500 -0.9694 -0.2404
vn 0.0154 -0.9983 -0.0562
vn -0.3243 0.8945 -0.3076
vn -0.1409 0.9328 -0.3318
vn -0.3798 0.9250 -0.0095
vn -0.4846 0.8666 -0.1193
vn 0.0137 0.9596 -0.2810
vn -0.2469 0.9649 0.0898
vn -0.5461 0.8116 0.2074
vn -0.5701 0.7951 -0.2071
vn -0.4612 0.8077 0.3672
vn -0.3202 0.9208 -0.2228
vn -0.2491 0.8836 -0.3965
vn -0.0482 0.9948 -0.0902
vn -0.2016 0.9795 -0.0038
vn 0.1125 0.8178 -0.5643
vn 0.5071 0.7682 -0.3909
vn 0.7366 0.4804 -0.4761
vn 0.1091 0.9786 0.1747
vn -0.3243 0.9435 0.0680
vn 0.4454 0.8952 0.0138
vn -0.5071 0.7507 0.4234
vn -0.6493 0.6821 0.3365
vn -0.3585 0.9099 0.2088
vn -0.3038 0.8806 0.3635
vn -0.7359 0.6436 0.2104
vn -0.4213 0.9055 0.0506
vn -0.0882 0.9872 0.1325
vn -0.2452 0.8383 0.4870
vn -0.0705 0.9959 -0.0572
vn 0.3243 -0.8945 0.3076
vn 0.4846 -0.8666 0.1193
vn 0.3798 -0.9250 0.0095
vn 0.1409 -0.9328 0.3318
vn 0.2469 -0.9649 -0.0898
vn -0.0137 -0.9596 0.2810
vn 0.5701 -0.7951 0.2071
vn 0.5461 -0.8117 -0.2074
vn 0.4612 -0.8078 -0.3672
vn 0.3202 -0.9208 0.2227
vn 0.2016 -0.9795 0.0038
vn 0.0482 -0.9948 0.0902
vn 0.2491 -0.8836 0.3965
vn -0.5071 -0.7682 0.3909
vn -0.1125 -0.8178 0.5643
vn -0.7366 -0.4804 0.4760
vn 0.3243 -0.9435 -0.0680
vn -0.1090 -0.9786 -0.1747
vn -0.4454 -0.8952 -0.0138
vn 0.5071 -0.7507 -0.4234
vn 0.3038 -0.8806 -0.3635
vn 0.3585 -0.9099 -0.2088
vn 0.6493 -0.6821 -0.3365
vn 0.4213 -0.9055 -0.0506
vn 0.7359 -0.6436 -0.2104
vn 0.2452 -0.8382 -0.4870
vn 0.0882 -0.9872 -0.1326
vn 0.0705 -0.9959 0.0572
vn 0.6446 -0.0358 -0.7637
vn -0.4293 0.2672 -0.8627
vn -0.0557 0.0744 -0.9957
vn 0.9279 -0.0564 -0.3686
vn -0.9580 0.2742 -0.0840
vn -0.9798 0.1153 -0.1631
vn -0.4085 -0.0442 0.9117
vn -0.4236 -0.0271 0.9054
vn 0.8064 -0.2998 0.5096
vn 0.6896 -0.1016 0.7170
vn -0.1286 -0.0420 -0.9908
vn 0.8950 0.0544 -0.4428
vn -0.9730 -0.0812 -0.2159
vn -0.5124 -0.0105 0.8587
vn 0.6765 0.0764 0.7325
vn 0.4992 0.7606 0.4150
vn 0.3794 0.8630 0.3336
vn 0.6938 0.6897 0.2074
vn 0.6863 0.6355 0.3537
vn 0.3092 0.9299 0.1994
vn 0.6720 0.7386 0.0540
vn 0.8639 0.4854 0.1343
vn 0.6725 0.5679 0.4746
vn 0.8826 0.4687 -0.0353
vn 0.5503 0.7622 0.3409
vn 0.3934 0.8050 0.4441
vn 0.4649 0.8815 0.0826
vn 0.6033 0.7910 0.1022
vn 0.0084 0.9265 0.3762
vn -0.2234 0.9747 -0.0014
vn -0.5924 0.8030 -0.0656
vn 0.4750 0.8517 -0.2213
vn 0.7044 0.7004 0.1152
vn 0.1120 0.9490 -0.2946
vn 0.9189 0.3908 -0.0533
vn 0.9445 0.3130 0.1001
vn 0.7789 0.6266 0.0255
vn 0.8036 0.5817 -0.1255
vn 0.9267 0.2846 0.2455
vn 0.7460 0.6397 0.1852
vn 0.5977 0.7984 -0.0723
vn 0.8086 0.5318 -0.2518
vn 0.4964 0.8655 0.0676
vn -0.4992 -0.7606 -0.4150
vn -0.6863 -0.6355 -0.3537
vn -0.6938 -0.6897 -0.2074
vn -0.3794 -0.8630 -0.3336
vn -0.6720 -0.7386 -0.0540
vn -0.3092 -0.9299 -0.1994
vn -0.6726 -0.5679 -0.4746
vn -0.8639 -0.4854 -0.1343
vn -0.8826 -0.4687 0.0353
vn -0.5503 -0.7622 -0.3409
vn -0.6033 -0.7910 -0.1022
vn -0.4649 -0.8815 -0.0826
vn -0.3934 -0.8049 -0.4442
vn 0.2122 -0.9772 -0.0007
vn -0.0136 -0.9259 -0.3776
vn 0.5773 -0.8141 0.0631
vn -0.7044 -0.7004 -0.1151
vn -0.4750 -0.8517 0.2213
vn -0.1165 -0.9485 0.2944
vn -0.9189 -0.3908 0.0533
vn -0.8036 -0.5817 0.1255
vn -0.7789 -0.6266 -0.0255
vn -0.9445 -0.3130 -0.1001
vn -0.7460 -0.6397 -0.1852
vn -0.9267 -0.2846 -0.2455
vn -0.8086 -0.5318 0.2518
vn -0.5977 -0.7984 0.0723
vn -0.4964 -0.8655 -0.0676
vn -0.1464 0.0352 -0.9886
vn -0.9841 -0.1045 -0.1437
vn -0.9991 -0.0137 -0.0390
vn -0.2395 -0.1743 -0.9551
vn -0.3886 -0.0834 0.9176
vn -0.4185 0.1381 0.8977
vn 0.7582 0.0661 0.6486
vn 0.6731 0.1604 0.7220
vn 0.8691 0.1323 -0.4765
vn 0.9024 -0.0262 -0.4301
vn -0.9988 -0.0486 -0.0027
vn -0.3002 -0.2269 -0.9265
vn -0.2441 0.2219 0.9440
vn 0.8702 0.1583 0.4665
vn 0.7671 -0.0903 -0.6351
vn -0.9851 -0.1394 0.1008
vn -0.3852 -0.1146 -0.9157
vn -0.2543 0.0370 0.9664
vn 0.8156 0.1783 0.5505
vn 0.7665 0.0880 -0.6362
vn 0.3319 0.7255 -0.6029
vn 0.2284 0.8305 -0.5080
vn 0.1481 0.5990 -0.7869
vn 0.2996 0.5669 -0.7674
vn 0.0813 0.8863 -0.4560
vn -0.0094 0.6308 -0.7759
vn 0.1205 0.3708 -0.9209
vn 0.4286 0.5213 -0.7380
vn -0.0442 0.3299 -0.9430
vn 0.2591 0.7088 -0.6561
vn 0.3472 0.7872 -0.5096
vn -0.0135 0.7990 -0.6012
vn 0.0277 0.6954 -0.7181
vn 0.2382 0.9590 -0.1535
vn -0.1569 0.9868 0.0399
vn -0.2188 0.8771 0.4276
vn -0.3070 0.7271 -0.6141
vn 0.0574 0.5954 -0.8014
vn -0.4163 0.8630 -0.2863
vn -0.0485 0.2478 -0.9676
vn 0.1183 0.1896 -0.9747
vn -0.0148 0.5016 -0.8650
vn -0.1553 0.4377 -0.8856
vn 0.2611 0.1820 -0.9480
vn 0.1409 0.5337 -0.8339
vn -0.1475 0.6773 -0.7207
vn -0.2691 0.3721 -0.8883
vn -0.0263 0.7765 -0.6296
vn 0.2531 0.9507 -0.1790
vn 0.2878 0.9577 0.0077
vn -0.0541 0.9764 -0.2090
vn 0.0512 0.9415 -0.3330
vn 0.2453 0.9547 0.1688
vn -0.1438 0.9877 -0.0621
vn -0.2778 0.8814 -0.3821
vn 0.1375 0.8888 -0.4372
vn -0.4329 0.8551 -0.2852
vn 0.1660 0.9724 -0.1642
vn 0.3459 0.9313 -0.1140
vn 0.0514 0.9907 0.1258
vn -0.0468 0.9987 -0.0211
vn 0.5065 0.8483 0.1541
vn 0.3408 0.7751 0.5320
vn 0.4573 0.5603 0.6906
vn -0.2013 0.9349 0.2924
vn -0.1273 0.9813 -0.1445
vn -0.0708 0.8462 0.5281
vn -0.4899 0.8040 -0.3370
vn -0.4110 0.7626 -0.4996
vn -0.2708 0.9463 -0.1767
vn -0.4188 0.9006 -0.1162
vn -0.2912 0.7436 -0.6019
vn -0.1178 0.9601 -0.2538
vn -0.1740 0.9796 0.1010
vn -0.5348 0.8430 -0.0570
vn 0.0149 0.9941 0.1074
vn -0.3319 -0.7255 0.6029
vn -0.2996 -0.5669 0.7674
vn -0.1481 -0.5990 0.7869
vn -0.2284 -0.8305 0.5080
vn 0.0094 -0.6308 0.7759
vn -0.0813 -0.8863 0.4560
vn -0.4286 -0.5213 0.7380
vn -0.1205 -0.3708 0.9209
vn 0.0442 -0.3299 0.9430
vn -0.2591 -0.7088 0.6561
vn -0.0277 -0.6954 0.7181
vn 0.0135 -0.7990 0.6012
vn -0.3472 -0.7872 0.5096
vn 0.1569 -0.9868 -0.0399
vn -0.2382 -0.9590 0.1535
vn 0.2188 -0.8771 -0.4276
vn -0.0574 -0.5954 0.8014
vn 0.3070 -0.7271 0.6141
vn 0.4163 -0.8630 0.2863
vn 0.0485 -0.2478 0.9676
vn 0.1553 -0.4377 0.8856
vn 0.0148 -0.5016 0.8650
vn -0.1183 -0.1896 0.9747
vn -0.1409 -0.5337 0.8339
vn -0.2611 -0.1820 0.9480
vn 0.2691 -0.3721 0.8883
vn 0.1474 -0.6773 0.7207
vn 0.0263 -0.7765 0.6296
vn -0.2531 -0.9507 0.1790
vn -0.0512 -0.9415 0.3330
vn 0.0541 -0.9764 0.2090
vn -0.2878 -0.9577 -0.0077
vn 0.1438 -0.9877 0.0621
vn -0.2453 -0.9547 -0.1688
vn -0.1375 -0.8888 0.4372
vn 0.2778 -0.8814 0.3821
vn 0.4329 -0.8551 0.2852
vn -0.1660 -0.9724 0.1642
vn 0.0468 -0.9987 0.0211
vn -0.0514 -0.9907 -0.1258
vn -0.3459 -0.9313 0.1140
vn -0.3408 -0.7751 -0.5320
vn -0.5065 -0.8483 -0.1541
vn -0.4573 -0.5603 -0.6906
vn 0.1273 -0.9813 0.1445
vn 0.2013 -0.9349 -0.2924
vn 0.0708 -0.8462 -0.5281
vn 0.4899 -0.8040 0.3370
vn 0.4188 -0.9006 0.1162
vn 0.2708 -0.9463 0.1767
vn 0.4110 -0.7626 0.4996
vn 0.1178 -0.9601 0.2538
vn 0.2912 -0.7436 0.6019
vn 0.5348 -0.8430 0.0571
vn 0.1740 -0.9796 -0.1010
vn -0.0149 -0.9941 -0.1074
vn 0.2729 0.8002 0.5341
vn 0.1709 0.6819 0.7112
vn 0.0252 0.7330 0.6798
vn 0.2191 0.8942 0.3904
vn -0.1198 0.7773 0.6176
vn 0.1039 0.9527 0.2856
vn 0.2935 0.6169 0.7302
vn -0.0823 0.5337 0.8417
vn -0.2525 0.5130 0.8204
vn 0.1885 0.8022 0.5664
vn -0.0579 0.8269 0.5593
vn -0.0457 0.9095 0.4132
vn 0.3254 0.8395 0.4351
vn 0.0320 0.9627 -0.2688
vn 0.3471 0.9371 0.0383
vn 0.0602 0.7782 -0.6251
vn -0.0678 0.7416 0.6674
vn -0.3438 0.8701 0.3533
vn -0.3309 0.9435 -0.0192
vn -0.2769 0.4363 0.8561
vn -0.3241 0.6198 0.7147
vn -0.1718 0.6683 0.7238
vn -0.1316 0.3634 0.9223
vn -0.0081 0.6846 0.7289
vn 0.0146 0.3380 0.9410
vn -0.4472 0.5662 0.6925
vn -0.2270 0.8287 0.5117
vn -0.0678 0.8947 0.4415
vn -0.2729 -0.8002 -0.5341
vn -0.2191 -0.8942 -0.3904
vn -0.0252 -0.7330 -0.6798
vn -0.1709 -0.6819 -0.7112
vn -0.1039 -0.9527 -0.2856
vn 0.1198 -0.7773 -0.6176
vn 0.0823 -0.5337 -0.8417
vn -0.2935 -0.6169 -0.7302
vn 0.2525 -0.5130 -0.8204
vn -0.1885 -0.8022 -0.5664
vn -0.3254 -0.8395 -0.4351
vn 0.0457 -0.9095 -0.4132
vn 0.0579 -0.8269 -0.5593
vn -0.3471 -0.9371 -0.0383
vn -0.0320 -0.9627 0.2688
vn -0.0602 -0.7782 0.6251
vn 0.3438 -0.8701 -0.3533
vn 0.0678 -0.7416 -0.6674
vn 0.3309 -0.9435 0.0192
vn 0.2769 -0.4363 -0.8561
vn 0.1316 -0.3634 -0.9223
vn 0.1718 -0.6683 -0.7237
vn 0.3241 -0.6198 -0.7147
vn -0.0146 -0.3380 -0.9410
vn 0.0081 -0.6846 -0.7289
vn 0.2270 -0.8287 -0.5117
vn 0.4472 -0.5661 -0.6925
vn 0.0678 -0.8947 -0.4415
vn 0.3892 0.7572 -0.5246
vn 0.3056 0.8605 -0.4077
vn 0.1821 0.6755 -0.7145
vn 0.3299 0.6254 -0.7071
vn 0.1697 0.9255 -0.3385
vn 0.0280 0.7210 -0.6923
vn 0.1147 0.4658 -0.8775
vn 0.4530 0.5616 -0.6924
vn -0.0545 0.4444 -0.8942
vn 0.3142 0.7554 -0.5750
vn 0.4177 0.8051 -0.4211
vn 0.0540 0.8694 -0.4911
vn 0.0753 0.7760 -0.6262
vn 0.3496 0.9360 -0.0408
vn -0.0272 0.9829 0.1824
vn -0.0826 0.8289 0.5533
vn -0.2488 0.8312 -0.4971
vn 0.0897 0.6834 -0.7245
vn -0.3224 0.9360 -0.1412
vn -0.0705 0.3654 -0.9282
vn 0.0854 0.2912 -0.9529
vn 0.0019 0.6055 -0.7959
vn -0.1476 0.5567 -0.8175
vn 0.2309 0.2667 -0.9357
vn 0.1615 0.6224 -0.7658
vn -0.0996 0.7786 -0.6195
vn -0.2717 0.5036 -0.8201
vn 0.0388 0.8521 -0.5219
vn -0.3892 -0.7572 0.5246
vn -0.3299 -0.6254 0.7071
vn -0.1821 -0.6755 0.7145
vn -0.3056 -0.8605 0.4077
vn -0.0280 -0.7210 0.6923
vn -0.1697 -0.9255 0.3385
vn -0.4530 -0.5616 0.6924
vn -0.1147 -0.4658 0.8775
vn 0.0545 -0.4444 0.8942
vn -0.3142 -0.7554 0.5750
vn -0.0753 -0.7760 0.6262
vn -0.0540 -0.8694 0.4911
vn -0.4177 -0.8051 0.4211
vn 0.0272 -0.9828 -0.1824
vn -0.3496 -0.9360 0.0408
vn 0.0826 -0.8289 -0.5533
vn -0.0897 -0.6834 0.7245
vn 0.2488 -0.8312 0.4971
vn 0.3224 -0.9360 0.1412
vn 0.0705 -0.3654 0.9282
vn 0.1476 -0.5567 0.8175
vn -0.0019 -0.6055 0.7959
vn -0.0854 -0.2912 0.9529
vn -0.1615 -0.6224 0.7658
vn -0.2309 -0.2667 0.9357
vn 0.2717 -0.5036 0.8201
vn 0.0996 -0.7786 0.6195
vn -0.0388 -0.8521 0.5219
vn -0.4382 -0.0698 0.8961
vn -0.0801 0.9260 0.3690
vn -0.2838 0.4654 0.8384
vn 0.3612 0.6200 -0.6965
vn 0.3311 0.9404 -0.0773
vn 0.2606 -0.5541 -0.7906
vn 0.4647 0.0560 -0.8837
vn -0.2293 -0.9566 0.1798
vn -0.0493 -0.8949 -0.4434
vn -0.4926 -0.6484 0.5805
vn 0.8809 -0.2035 0.4273
vn 0.0210 0.4864 0.8735
vn -0.0921 -0.6215 0.7780
vn 0.5022 0.8633 -0.0509
vn 0.6850 0.0058 -0.7285
vn 0.3215 -0.9209 -0.2205
vn -0.8809 0.2035 -0.4273
vn -0.5970 -0.7976 -0.0865
vn -0.7296 0.0016 0.6838
vn -0.2370 0.9224 0.3050
vn 0.1996 0.7009 -0.6847
vn -0.0142 -0.3590 -0.9332
vn -0.0200 -0.0022 0.9998
vn 0.6344 0.7057 0.3154
vn 0.3885 0.3513 0.8519
vn 0.3687 0.4423 -0.8176
vn 0.7691 0.5823 -0.2634
vn -0.4403 -0.4194 -0.7939
vn 0.0352 -0.0263 -0.9990
vn -0.6684 -0.6744 0.3137
vn -0.7353 -0.5923 -0.3294
vn -0.5220 -0.3663 0.7703
vn 0.6622 -0.7490 0.0227
vn 0.6304 0.1893 0.7528
vn -0.1484 -0.6120 0.7768
vn 0.8542 0.4189 -0.3081
vn 0.2190 -0.2235 -0.9498
vn -0.4048 -0.8691 -0.2843
vn -0.6622 0.7490 -0.0227
vn -0.9332 -0.2837 0.2205
vn -0.2629 0.2641 0.9280
vn 0.4972 0.8047 0.3246
vn 0.3069 0.5951 -0.7428
vn -0.5716 -0.0785 -0.8168
vn -0.0699 -0.8601 0.5053
vn 0.5361 0.0989 0.8383
vn 0.3042 -0.5466 0.7802
vn 0.3584 0.9336 0.0044
vn 0.7125 0.5346 0.4544
vn -0.3510 0.4612 -0.8149
vn 0.0880 0.8450 -0.5274
vn -0.6050 -0.6236 -0.4951
vn -0.6481 -0.0302 -0.7610
vn -0.5166 -0.8561 0.0178
vn 0.7387 -0.3941 -0.5468
vn 0.5671 -0.5412 0.6209
vn -0.1189 -0.9825 -0.1432
vn 0.8172 0.4904 0.3026
vn 0.2898 0.7042 -0.6481
vn -0.2918 -0.2062 -0.9340
vn -0.7387 0.3942 0.5468
vn -0.9062 -0.3471 -0.2416
vn -0.3367 -0.6653 0.6664
vn 0.3885 0.1399 0.9108
vn 0.2764 0.9467 0.1653
vn -0.5176 0.6537 -0.5520
vn -0.7833 -0.0882 0.6153
vn -0.1710 0.9001 0.4007
vn -0.5851 0.4307 0.6872
vn 0.6636 0.6275 -0.4073
vn 0.3916 0.9037 0.1731
vn 0.5381 -0.5197 -0.6636
vn 0.8010 0.0709 -0.5945
vn -0.3449 -0.9378 -0.0398
vn 0.0883 -0.8504 -0.5187
vn -0.7341 -0.6335 0.2445
vn 0.5980 -0.3251 0.7326
vn -0.3241 0.4169 0.8492
vn -0.4561 -0.6631 0.5936
vn 0.5297 0.8073 0.2603
vn 0.9298 -0.0133 -0.3677
vn 0.3254 -0.9311 -0.1650
vn -0.5980 0.3251 -0.7326
vn -0.5520 -0.7223 -0.4167
vn -0.9504 0.0286 0.3096
vn -0.2852 0.9176 0.2768
vn 0.5181 0.7239 -0.4556
vn 0.3640 -0.2869 -0.8861
vn -0.4464 -0.0725 0.8919
vn 0.4818 0.6106 0.6285
vn 0.0078 0.2459 0.9693
vn 0.7108 0.4593 -0.5327
vn 0.8433 0.5160 0.1501
vn -0.0837 -0.3123 -0.9463
vn 0.4579 0.0426 -0.8880
vn -0.7800 -0.6216 -0.0727
vn -0.5596 -0.4866 -0.6709
vn -0.8239 -0.3644 0.4341
vn 0.5393 -0.8139 0.2162
vn 0.2579 0.0672 0.9638
vn -0.5056 -0.6477 0.5699
vn 0.9287 0.3483 0.1276
vn 0.5899 -0.1759 -0.7881
vn -0.2987 -0.7990 -0.5219
vn -0.5393 0.8139 -0.2162
vn -0.9538 -0.1995 -0.2247
vn -0.6175 0.2223 0.7545
vn 0.3606 0.7225 0.5899
vn 0.6328 0.6119 -0.4745
vn -0.1703 0.0412 -0.9845
vn -0.3344 -0.8824 0.3311
vn 0.1305 -0.0188 0.9913
vn -0.0950 -0.6306 0.7703
vn 0.3809 0.8881 0.2574
vn 0.4819 0.4227 0.7676
vn 0.0622 0.5532 -0.8307
vn 0.3593 0.8671 -0.3449
vn -0.3732 -0.5192 -0.7689
vn -0.2601 0.0931 -0.9611
vn -0.5280 -0.7962 -0.2954
vn 0.8748 -0.4287 -0.2255
vn 0.2106 -0.6412 0.7379
vn -0.1087 -0.9517 -0.2873
vn 0.6384 0.3789 0.6700
vn 0.5839 0.7150 -0.3845
vn 0.1239 -0.1063 -0.9866
vn -0.8748 0.4288 0.2255
vn -0.7355 -0.2318 -0.6366
vn -0.6314 -0.6729 0.3854
vn -0.0309 0.0320 0.9990
vn 0.2389 0.8981 0.3694
vn -0.1883 0.7426 -0.6427
vn -0.9514 0.1171 -0.2848
vn -0.2004 0.9796 0.0151
vn -0.7726 0.6228 -0.1235
vn 0.8467 0.4633 0.2614
vn 0.3001 0.8889 0.3463
vn 0.7062 -0.7001 0.1055
vn 0.9410 -0.1302 0.3125
vn -0.3865 -0.8933 -0.2294
vn 0.2579 -0.9538 -0.1539
vn -0.7601 -0.5031 -0.4112
vn -0.3131 -0.1818 0.9322
vn -0.7548 0.6298 0.1834
vn -0.8836 -0.4679 0.0172
vn 0.2873 0.8066 0.5166
vn 0.8159 -0.1666 0.5536
vn 0.0953 -0.9641 0.2478
vn 0.3130 0.1818 -0.9322
vn -0.1569 -0.7601 -0.6306
vn -0.7783 0.1689 -0.6048
vn -0.1638 0.9750 -0.1503
vn 0.8246 0.5554 0.1070
vn 0.8372 -0.5156 -0.1823
vn -0.9736 0.1747 0.1470
vn -0.0762 0.7077 0.7024
vn -0.7006 0.4695 0.5372
vn 0.9327 0.2670 0.2424
vn 0.4839 0.4760 0.7343
vn 0.6237 -0.5230 -0.5810
vn 0.9700 -0.2036 -0.1329
vn -0.5337 -0.5642 -0.6300
vn 0.0947 -0.5922 -0.8002
vn -0.8970 -0.1908 -0.3987
vn -0.0553 -0.7746 0.6301
vn -0.5961 0.2774 0.7534
vn -0.8896 -0.4551 -0.0381
vn 0.5106 0.3022 0.8050
vn 0.9149 -0.4005 0.0496
vn 0.0522 -0.8775 -0.4767
vn 0.0552 0.7746 -0.6301
vn -0.4133 -0.1796 -0.8927
vn -0.8933 0.4394 -0.0950
vn -0.0886 0.8153 0.5722
vn 0.8784 0.4343 0.1993
vn 0.6879 -0.1836 -0.7022
vn -0.6595 -0.7516 -0.0147
vn -0.7106 0.2097 0.6716
vn -0.8095 -0.4196 0.4107
vn 0.2239 0.8947 0.3866
vn -0.2302 0.5589 0.7966
vn 0.8201 0.3326 -0.4656
vn 0.6809 0.7318 0.0284
vn 0.2703 -0.6604 -0.7006
vn 0.6306 -0.1214 -0.7666
vn -0.2561 -0.8044 -0.5360
vn 0.5745 -0.5310 0.6229
vn -0.6124 -0.4593 0.6434
vn -0.0604 -0.9826 -0.1755
vn -0.0746 0.4821 0.8729
vn 0.8040 0.5592 0.2021
vn 0.8223 -0.3477 -0.4505
vn -0.5745 0.5310 -0.6229
vn 0.0277 -0.3248 -0.9454
vn -0.8219 -0.5147 -0.2439
vn -0.7966 0.2723 0.5397
vn 0.0572 0.9412 0.3331
vn 0.5741 0.5787 -0.5792
vn 0.2784 -0.0062 0.9604
vn 0.3956 0.8954 0.2046
vn 0.4664 0.4758 0.7457
vn -0.0775 0.5466 -0.8338
vn 0.3886 0.8306 -0.3988
vn -0.4701 -0.5583 -0.6836
vn -0.2544 -0.0143 -0.9670
vn -0.2513 -0.8772 0.4091
vn -0.5302 -0.8290 -0.1779
vn -0.0996 -0.5349 0.8390
vn 0.8648 -0.4399 -0.2420
vn 0.7098 0.4179 0.5670
vn 0.3219 -0.6197 0.7158
vn 0.5102 0.7118 -0.4827
vn -0.0055 -0.1264 -0.9920
vn -0.1240 -0.9588 -0.2558
vn -0.8648 0.4399 0.2420
vn -0.6552 -0.6172 0.4356
vn -0.0544 0.1471 0.9876
vn 0.2410 0.9345 0.2618
vn -0.1657 0.6646 -0.7286
vn -0.7172 -0.2932 -0.6322
vn 0.6584 -0.0509 0.7509
vn 0.8155 0.5067 -0.2796
vn 0.9250 0.1966 0.3251
vn -0.1927 0.3794 -0.9049
vn 0.4938 0.3849 -0.7797
vn -0.9375 -0.2527 -0.2391
vn -0.6535 0.0195 -0.7567
vn -0.4092 -0.5018 0.7621
vn -0.8712 -0.3712 0.3214
vn 0.0693 -0.2651 0.9617
vn 0.3180 -0.8908 -0.3245
vn 0.9935 -0.0151 0.1129
vn 0.2835 -0.5964 0.7510
vn 0.4879 0.2081 -0.8478
vn -0.5339 -0.2197 -0.8165
vn -0.6683 -0.7238 0.1717
vn -0.3181 0.8908 0.3245
vn -0.5729 -0.0529 0.8180
vn 0.4972 0.2711 0.8242
vn 0.7465 0.6362 -0.1948
vn -0.1524 0.5386 -0.8287
vn -0.9706 0.1110 -0.2135
vn 0.1016 -0.8412 0.5310
vn 0.9646 -0.0835 0.2502
vn 0.6196 -0.6465 0.4451
vn 0.4614 0.8127 -0.3558
vn 0.9266 0.3143 -0.2067
vn -0.6949 0.5775 -0.4286
vn -0.1069 0.8233 -0.5574
vn -0.8976 -0.4250 0.1170
vn -0.9764 0.1738 -0.1279
vn -0.5411 -0.6995 0.4669
vn 0.0668 -0.5362 -0.8414
vn 0.6992 -0.6984 0.1527
vn -0.3965 -0.9124 0.1011
vn 0.8886 0.2536 -0.3822
vn -0.0768 0.6432 -0.7618
vn -0.8801 -0.0762 -0.4687
vn -0.0668 0.5362 0.8414
vn -0.8788 -0.0961 0.4675
vn 0.0645 -0.5949 0.8012
vn 0.9182 -0.0109 0.3961
vn 0.5147 0.8373 -0.1845
vn -0.5932 0.7911 -0.1493
vn -0.1504 -0.3957 -0.9060
vn -0.4012 0.7117 -0.5766
vn -0.3839 0.1133 -0.9164
vn -0.0540 0.8274 0.5591
vn -0.4704 0.8825 0.0018
vn 0.3990 -0.2126 0.8920
vn 0.1265 0.3772 0.9175
vn 0.3376 -0.9413 -0.0074
vn 0.5354 -0.6491 0.5405
vn 0.2296 -0.8031 -0.5498
vn -0.8706 -0.3885 0.3019
vn -0.6460 0.1068 -0.7558
vn -0.2006 -0.8711 -0.4483
vn -0.5970 0.7944 0.1120
vn -0.1188 0.2617 0.9578
vn 0.1280 -0.7744 0.6196
vn 0.8706 0.3885 -0.3019
vn 0.7307 -0.6767 -0.0904
vn 0.1767 -0.2357 -0.9556
vn -0.2422 0.7395 -0.6280
vn 0.0425 0.9037 0.4261
vn 0.6399 0.0335 0.7678
vn -0.5523 -0.3903 -0.7366
vn -0.8647 0.5016 -0.0263
vn -0.8819 -0.0237 -0.4709
vn 0.0577 0.7106 0.7012
vn -0.6063 0.6080 0.5126
vn 0.9077 -0.0596 0.4153
vn 0.5479 0.3632 0.7536
vn 0.5249 -0.7163 -0.4599
vn 0.9198 -0.3878 -0.0589
vn 0.0673 -0.6162 -0.7847
vn -0.3215 -0.7243 0.6099
vn -0.9689 -0.1437 -0.2015
vn -0.1590 -0.8597 -0.4855
vn -0.6022 0.4716 0.6442
vn 0.4312 0.1552 0.8888
vn 0.7136 -0.6732 0.1939
vn 0.3215 0.7243 -0.6099
vn 0.6762 -0.3100 -0.6683
vn -0.3960 -0.1077 -0.9119
vn -0.7905 0.5945 -0.1470
vn 0.0213 0.8246 0.5653
vn 0.9293 0.2683 0.2540
vn 0.0024 -0.9855 -0.1699
vn -0.9196 -0.2565 -0.2976
vn -0.5298 -0.8188 -0.2212
vn -0.5361 0.8433 -0.0384
vn -0.9575 0.2869 -0.0299
vn 0.6093 0.7555 0.2407
vn 0.0002 0.9795 0.2016
vn 0.9216 -0.3572 0.1520
vn 0.9437 0.2940 0.1518
vn 0.6250 -0.7743 -0.0990
vn -0.1543 -0.1792 0.9716
vn -0.6447 -0.7622 0.0584
vn 0.4427 -0.8438 0.3035
vn -0.9403 0.3012 0.1583
vn -0.0492 0.8889 0.4555
vn 0.8138 0.1853 0.5508
vn 0.1543 0.1792 -0.9716
vn 0.9354 -0.1896 -0.2986
vn 0.0645 -0.8583 -0.5091
vn -0.8575 -0.2412 -0.4545
vn -0.5676 0.7960 -0.2103
vn 0.5364 0.8370 -0.1086
s 1
f 1/1/1 2/2/2 3/3/3
f 2/2/2 4/4/4 5/5/5
f 4/4/4 6/6/6 7/7/7
f 6/6/6 8/8/8 9/9/9
f 8/8/8 1/1/1 10/10/10
f 1/1/1 3/3/3 10/10/10
f 2/2/2 5/5/5 3/3/3
f 4/4/4 7/7/7 5/5/5
f 6/6/6 9/9/9 7/7/7
f 8/8/8 10/10/10 9/9/9
f 11/11/11 12/12/12 13/13/13
f 11/11/11 14/14/14 12/12/12
f 11/11/11 15/15/15 14/14/14
f 11/11/11 16/16/16 15/15/15
f 11/11/11 13/13/13 16/16/16
f 13/13/13 12/12/12 1/1/1
f 12/12/12 14/14/14 2/2/2
f 14/14/14 15/15/15 4/4/4
f 15/15/15 16/16/16 6/6/6
f 16/16/16 13/13/13 8/8/8
f 13/13/13 1/1/1 8/8/8
f 12/12/12 2/2/2 1/1/1
f 14/14/14 4/4/4 2/2/2
f 15/15/15 6/6/6 4/4/4
f 16/16/16 8/8/8 6/6/6
f 17/17/17 18/18/18 19/19/19
f 17/17/17 19/19/19 20/20/20
f 17/17/17 20/20/20 21/21/21
f 17/17/17 21/22/21 22/23/22
f 17/17/17 22/23/22 18/18/18
f 18/18/18 10/10/10 19/19/19
f 19/19/19 3/3/3 20/20/20
f 20/20/20 5/5/5 21/22/21
f 21/22/21 7/7/7 22/23/22
f 22/23/22 9/9/9 18/18/18
f 18/18/18 9/9/9 10/10/10
f 19/19/19 10/10/10 3/3/3
f 20/20/20 3/3/3 5/5/5
f 21/22/21 5/5/5 7/7/7
f 22/23/22 7/7/7 9/9/9
s 2
f 23/24/23 24/25/24 25/26/25
f 24/25/24 26/27/26 27/28/27
f 26/27/26 28/29/28 29/30/29
f 28/29/28 30/31/30 31/32/31
f 30/31/30 23/24/23 32/33/32
f 23/24/23 25/26/25 32/33/32
f 24/25/24 27/28/27 25/26/25
f 26/27/26 29/30/29 27/28/27
f 28/29/28 31/32/31 29/30/29
f 30/31/30 32/33/32 31/32/31
f 33/34/33 34/35/34 35/36/35
f 33/34/33 36/37/36 34/35/34
f 33/34/33 37/38/37 36/37/36
f 33/34/33 38/39/38 37/38/37
f 33/34/33 35/36/35 38/39/38
f 35/36/35 34/35/34 23/24/23
f 34/35/34 36/37/36 24/25/24
f 36/37/36 37/38/37 26/27/26
f 37/38/37 38/39/38 28/29/28
f 38/39/38 35/36/35 30/31/30
f 35/36/35 23/24/23 30/31/30
f 34/35/34 24/25/24 23/24/23
f 36/37/36 26/27/26 24/25/24
f 37/38/37 28/29/28 26/27/26
f 38/39/38 30/31/30 28/29/28
f 39/40/39 40/41/40 41/42/41
f 39/40/39 41/42/41 42/43/42
f 39/40/39 42/43/42 43/44/43
f 39/40/39 43/45/43 44/46/44
f 39/40/39 44/46/44 40/41/40
f 40/41/40 32/33/32 41/42/41
f 41/42/41 25/26/25 42/43/42
f 42/43/42 27/28/27 43/45/43
f 43/45/43 29/30/29 44/46/44
f 44/46/44 31/32/31 40/41/40
f 40/41/40 31/32/31 32/33/32
f 41/42/41 32/33/32 25/26/25
f 42/43/42 25/26/25 27/28/27
f 43/45/43 27/28/27 29/30/29
f 44/46/44 29/30/29 31/32/31
s 3
f 45/47/45 46/48/46 47/49/47
f 46/48/46 48/50/48 49/51/49
f 48/50/48 50/52/50 51/53/51
f 50/52/50 52/54/52 53/55/53
f 52/54/52 45/47/45 54/56/54
f 45/47/45 47/49/47 54/56/54
f 46/48/46 49/51/49 47/49/47
f 48/50/48 51/53/51 49/51/49
f 50/52/50 53/55/53 51/53/51
f 52/54/52 54/56/54 53/55/53
f 55/57/55 56/58/56 57/59/57
f 55/57/55 58/60/58 56/58/56
f 55/57/55 59/61/59 58/60/58
f 55/57/55 60/62/60 59/61/59
f 55/57/55 57/59/57 60/62/60
f 57/59/57 56/58/56 45/47/45
f 56/58/56 58/60/58 46/48/46
f 58/60/58 59/61/59 48/50/48
f 59/61/59 60/62/60 50/52/50
f 60/62/60 57/59/57 52/54/52
f 57/59/57 45/47/45 52/54/52
f 56/58/56 46/48/46 45/47/45
f 58/60/58 48/50/48 46/48/46
f 59/61/59 50/52/50 48/50/48
f 60/62/60 52/54/52 50/52/50
f 61/63/61 62/64/62 63/65/63
f 61/63/61 63/65/63 64/66/64
f 61/63/61 64/66/64 65/67/65
f 61/63/61 65/68/65 66/69/66
f 61/63/61 66/69/66 62/64/62
f 62/64/62 54/56/54 63/65/63
f 63/65/63 47/49/47 64/66/64
f 64/66/64 49/51/49 65/68/65
f 65/68/65 51/53/51 66/69/66
f 66/69/66 53/55/53 62/64/62
f 62/64/62 53/55/53 54/56/54
f 63/65/63 54/56/54 47/49/47
f 64/66/64 47/49/47 49/51/49
f 65/68/65 49/51/49 51/53/51
f 66/69/66 51/53/51 53/55/53
s 4
f 67/70/67 68/71/68 69/72/69
f 69/72/69 70/73/70 67/70/67
f 68/71/68 71/74/71 72/75/72
f 72/75/72 69/72/69 68/71/68
f 70/73/70 69/72/69 73/76/73
f 73/76/73 74/77/74 70/73/70
f 69/72/69 72/75/72 75/78/75
f 75/78/75 73/76/73 69/72/69
s 5
f 76/79/76 77/80/77 78/81/78
f 78/81/78 79/82/79 76/79/76
f 77/80/77 80/83/80 81/84/81
f 81/84/81 78/81/78 77/80/77
f 80/83/80 82/85/82 81/84/81
f 79/82/79 78/81/78 83/86/83
f 83/86/83 84/87/84 79/82/79
f 78/81/78 81/84/81 85/88/85
f 85/88/85 83/86/83 78/81/78
f 81/84/81 82/85/82 85/88/85
s 6
f 86/89/86 87/90/87 88/91/88
f 88/91/88 89/92/89 86/89/86
f 87/90/87 90/93/90 91/94/91
f 91/94/91 88/91/88 87/90/87
f 89/92/89 88/91/88 92/95/92
f 92/95/92 93/96/93 89/92/89
f 88/91/88 91/94/91 94/97/94
f 94/97/94 92/95/92 88/91/88
s 7
f 95/98/95 96/99/96 97/100/97
f 97/100/97 98/101/98 95/98/95
f 98/101/98 97/100/97 99/102/99
f 99/102/99 100/103/100 98/101/98
f 96/99/96 101/104/101 102/105/102
f 102/105/102 97/100/97 96/99/96
f 97/100/97 102/105/102 103/106/103
f 103/106/103 99/102/99 97/100/97
s 8
f 104/107/104 105/108/105 106/109/106
f 106/109/106 107/110/107 104/107/104
f 107/110/107 106/109/106 108/111/108
f 108/111/108 109/112/109 107/110/107
f 109/112/109 108/111/108 110/113/110
f 105/108/105 111/114/111 112/115/112
f 112/115/112 106/109/106 105/108/105
f 106/109/106 112/115/112 113/116/113
f 113/116/113 108/111/108 106/109/106
f 108/111/108 113/116/113 110/113/110
s 9
f 114/117/114 115/118/115 116/119/116
f 116/119/116 117/120/117 114/117/114
f 117/120/117 116/119/116 118/121/118
f 118/121/118 119/122/119 117/120/117
f 115/118/115 120/123/120 121/124/121
f 121/124/121 116/119/116 115/118/115
f 116/119/116 121/124/121 122/125/122
f 122/125/122 118/121/118 116/119/116
s 10
f 123/126/123 124/127/124 125/128/125
f 125/128/125 126/129/126 123/126/123
f 124/127/124 127/130/127 128/131/128
f 128/131/128 125/128/125 124/127/124
f 126/129/126 125/128/125 129/132/129
f 129/132/129 130/133/130 126/129/126
f 125/128/125 128/131/128 131/134/131
f 131/134/131 129/132/129 125/128/125
s 11
f 132/135/132 133/136/133 134/137/134
f 134/137/134 135/138/135 132/135/132
f 133/136/133 136/139/136 137/140/137
f 137/140/137 134/137/134 133/136/133
f 136/139/136 138/141/138 137/140/137
f 135/138/135 134/137/134 139/142/139
f 139/142/139 140/143/140 135/138/135
f 134/137/134 137/140/137 141/144/141
f 141/144/141 139/142/139 134/137/134
f 137/140/137 138/141/138 141/144/141
s 12
f 142/145/142 143/146/143 144/147/144
f 144/147/144 145/148/145 142/145/142
f 143/146/143 146/149/146 147/150/147
f 147/150/147 144/147/144 143/146/143
f 145/148/145 144/147/144 148/151/148
f 148/151/148 149/152/149 145/148/145
f 144/147/144 147/150/147 150/153/150
f 150/153/150 148/151/148 144/147/144
s 13
f 151/154/151 152/155/152 153/156/153
f 153/156/153 154/157/154 151/154/151
f 154/157/154 153/156/153 155/158/155
f 155/158/155 156/159/156 154/157/154
f 152/155/152 157/160/157 158/161/158
f 158/161/158 153/156/153 152/155/152
f 153/156/153 158/161/158 159/162/159
f 159/162/159 155/158/155 153/156/153
s 14
f 160/163/160 161/164/161 162/165/162
f 162/165/162 163/166/163 160/163/160
f 163/166/163 162/165/162 164/167/164
f 164/167/164 165/168/165 163/166/163
f 165/168/165 164/167/164 166/169/166
f 161/164/161 167/170/167 168/171/168
f 168/171/168 162/165/162 161/164/161
f 162/165/162 168/171/168 169/172/169
f 169/172/169 164/167/164 162/165/162
f 164/167/164 169/172/169 166/169/166
s 15
f 170/173/170 171/174/171 172/175/172
f 172/175/172 173/176/173 170/173/170
f 173/176/173 172/175/172 174/177/174
f 174/177/174 175/178/175 173/176/173
f 171/174/171 176/179/176 177/180/177
f 177/180/177 172/175/172 171/174/171
f 172/175/172 177/180/177 178/181/178
f 178/181/178 174/177/174 172/175/172
s 16
f 179/182/179 180/183/180 181/184/181
f 181/184/181 182/185/182 179/182/179
f 180/183/180 183/186/183 184/187/184
f 184/187/184 181/184/181 180/183/180
f 182/185/182 181/184/181 185/188/185
f 185/188/185 186/189/186 182/185/182
f 181/184/181 184/187/184 187/190/187
f 187/190/187 185/188/185 181/184/181
s 17
f 188/191/188 189/192/189 190/193/190
f 190/193/190 191/194/191 188/191/188
f 189/192/189 192/195/192 193/196/193
f 193/196/193 190/193/190 189/192/189
f 192/195/192 194/197/194 193/196/193
f 191/194/191 190/193/190 195/198/195
f 195/198/195 196/199/196 191/194/191
f 190/193/190 193/196/193 197/200/197
f 197/200/197 195/198/195 190/193/190
f 193/196/193 194/197/194 197/200/197
s 18
f 198/201/198 199/202/199 200/203/200
f 200/203/200 201/204/201 198/201/198
f 199/202/199 202/205/202 203/206/203
f 203/206/203 200/203/200 199/202/199
f 201/204/201 200/203/200 204/207/204
f 204/207/204 205/208/205 201/204/201
f 200/203/200 203/206/203 206/209/206
f 206/209/206 204/207/204 200/203/200
s 19
f 207/210/207 208/211/208 209/212/209
f 209/212/209 210/213/210 207/210/207
f 208/211/208 211/214/211 212/215/212
f 212/215/212 209/212/209 208/211/208
f 211/214/211 213/216/213 214/217/214
f 214/217/214 212/215/212 211/214/211
f 213/216/213 215/218/215 216/219/216
f 216/219/216 214/217/214 213/216/213
f 215/220/215 207/210/207 210/213/210
f 210/213/210 216/221/216 215/220/215
f 210/213/210 209/212/209 217/222/217
f 217/222/217 218/223/218 210/213/210
f 209/212/209 212/215/212 219/224/219
f 219/224/219 217/222/217 209/212/209
f 212/215/212 214/217/214 220/225/220
f 220/225/220 219/224/219 212/215/212
f 214/217/214 216/219/216 221/226/221
f 221/226/221 220/225/220 214/217/214
f 216/221/216 210/213/210 218/223/218
f 218/223/218 221/227/221 216/221/216
f 218/223/218 217/222/217 222/228/222
f 222/228/222 223/229/223 218/223/218
f 217/222/217 219/224/219 224/230/224
f 224/230/224 222/228/222 217/222/217
f 219/224/219 220/225/220 225/231/225
f 225/231/225 224/230/224 219/224/219
f 220/225/220 221/226/221 226/232/226
f 226/232/226 225/231/225 220/225/220
f 221/227/221 218/223/218 223/229/223
f 223/229/223 226/233/226 221/227/221
s 20
f 227/234/227 228/235/228 229/236/229
f 229/236/229 230/237/230 227/234/227
f 228/235/228 231/238/231 232/239/232
f 232/239/232 229/236/229 228/235/228
f 230/237/230 229/236/229 233/240/233
f 233/240/233 234/241/234 230/237/230
f 229/236/229 232/239/232 235/242/235
f 235/242/235 233/240/233 229/236/229
s 21
f 236/243/236 237/244/237 238/245/238
f 238/245/238 239/246/239 236/243/236
f 237/244/237 240/247/240 241/248/241
f 241/248/241 238/245/238 237/244/237
f 240/247/240 242/249/242 241/248/241
f 239/246/239 238/245/238 243/250/243
f 243/250/243 244/251/244 239/246/239
f 238/245/238 241/248/241 245/252/245
f 245/252/245 243/250/243 238/245/238
f 241/248/241 242/249/242 245/252/245
s 22
f 246/253/246 247/254/247 248/255/248
f 248/255/248 249/256/249 246/253/246
f 247/254/247 250/257/250 251/258/251
f 251/258/251 248/255/248 247/254/247
f 249/256/249 248/255/248 252/259/252
f 252/259/252 253/260/253 249/256/249
f 248/255/248 251/258/251 254/261/254
f 254/261/254 252/259/252 248/255/248
s 23
f 255/262/255 256/263/256 257/264/257
f 257/264/257 258/265/258 255/262/255
f 256/263/256 259/266/259 260/267/260
f 260/267/260 257/264/257 256/263/256
f 258/265/258 257/264/257 261/268/261
f 261/268/261 262/269/262 258/265/258
f 257/264/257 260/267/260 263/270/263
f 263/270/263 261/268/261 257/264/257
s 24
f 264/271/264 265/272/265 266/273/266
f 266/273/266 267/274/267 264/271/264
f 265/272/265 268/275/268 269/276/269
f 269/276/269 266/273/266 265/272/265
f 268/275/268 270/277/270 269/276/269
f 267/274/267 266/273/266 271/278/271
f 271/278/271 272/279/272 267/274/267
f 266/273/266 269/276/269 273/280/273
f 273/280/273 271/278/271 266/273/266
f 269/276/269 270/277/270 273/280/273
s 25
f 274/281/274 275/282/275 276/283/276
f 276/283/276 277/284/277 274/281/274
f 275/282/275 278/285/278 279/286/279
f 279/286/279 276/283/276 275/282/275
f 277/284/277 276/283/276 280/287/280
f 280/287/280 281/288/281 277/284/277
f 276/283/276 279/286/279 282/289/282
f 282/289/282 280/287/280 276/283/276
s 26
f 283/290/283 284/291/284 285/292/285
f 285/292/285 286/293/286 283/290/283
f 286/293/286 285/292/285 287/294/287
f 287/294/287 288/295/288 286/293/286
f 284/291/284 289/296/289 290/297/290
f 290/297/290 285/292/285 284/291/284
f 285/292/285 290/297/290 291/298/291
f 291/298/291 287/294/287 285/292/285
s 27
f 292/299/292 293/300/293 294/301/294
f 294/301/294 295/302/295 292/299/292
f 295/302/295 294/301/294 296/303/296
f 296/303/296 297/304/297 295/302/295
f 297/304/297 296/303/296 298/305/298
f 293/300/293 299/306/299 300/307/300
f 300/307/300 294/301/294 293/300/293
f 294/301/294 300/307/300 301/308/301
f 301/308/301 296/303/296 294/301/294
f 296/303/296 301/308/301 298/305/298
s 28
f 302/309/302 303/310/303 304/311/304
f 304/311/304 305/312/305 302/309/302
f 305/312/305 304/311/304 306/313/306
f 306/313/306 307/314/307 305/312/305
f 303/310/303 308/315/308 309/316/309
f 309/316/309 304/311/304 303/310/303
f 304/311/304 309/316/309 310/317/310
f 310/317/310 306/313/306 304/311/304
s 29
f 311/318/311 312/319/312 313/320/313
f 313/320/313 314/321/314 311/318/311
f 314/321/314 313/320/313 315/322/315
f 315/322/315 316/323/316 314/321/314
f 312/319/312 317/324/317 318/325/318
f 318/325/318 313/320/313 312/319/312
f 313/320/313 318/325/318 319/326/319
f 319/326/319 315/322/315 313/320/313
s 30
f 320/327/320 321/328/321 322/329/322
f 322/329/322 323/330/323 320/327/320
f 323/330/323 322/329/322 324/331/324
f 324/331/324 325/332/325 323/330/323
f 325/332/325 324/331/324 326/333/326
f 321/328/321 327/334/327 328/335/328
f 328/335/328 322/329/322 321/328/321
f 322/329/322 328/335/328 329/336/329
f 329/336/329 324/331/324 322/329/322
f 324/331/324 329/336/329 326/333/326
s 31
f 330/337/330 331/338/331 332/339/332
f 332/339/332 333/340/333 330/337/330
f 333/340/333 332/339/332 334/341/334
f 334/341/334 335/342/335 333/340/333
f 331/338/331 336/343/336 337/344/337
f 337/344/337 332/339/332 331/338/331
f 332/339/332 337/344/337 338/345/338
f 338/345/338 334/341/334 332/339/332
s 32
f 339/346/339 340/347/340 341/348/341
f 341/348/341 342/349/342 339/346/339
f 342/349/342 341/348/341 343/350/343
f 343/350/343 344/351/344 342/349/342
f 340/347/340 345/352/345 346/353/346
f 346/353/346 341/348/341 340/347/340
f 341/348/341 346/353/346 347/354/347
f 347/354/347 343/350/343 341/348/341
s 33
f 348/355/348 349/356/349 350/357/350
f 350/357/350 351/358/351 348/355/348
f 351/358/351 350/357/350 352/359/352
f 352/359/352 353/360/353 351/358/351
f 353/360/353 352/359/352 354/361/354
f 349/356/349 355/362/355 356/363/356
f 356/363/356 350/357/350 349/356/349
f 350/357/350 356/363/356 357/364/357
f 357/364/357 352/359/352 350/357/350
f 352/359/352 357/364/357 354/361/354
s 34
f 358/365/358 359/366/359 360/367/360
f 360/367/360 361/368/361 358/365/358
f 361/368/361 360/367/360 362/369/362
f 362/369/362 363/370/363 361/368/361
f 359/366/359 364/371/364 365/372/365
f 365/372/365 360/367/360 359/366/359
f 360/367/360 365/372/365 366/373/366
f 366/373/366 362/369/362 360/367/360
s 35
f 367/374/367 368/375/368 369/376/369
f 369/376/369 370/377/370 367/374/367
f 368/375/368 371/378/371 372/379/372
f 372/379/372 369/376/369 368/375/368
f 371/378/371 373/380/373 374/381/374
f 374/381/374 372/379/372 371/378/371
f 373/380/373 375/382/375 376/383/376
f 376/383/376 374/381/374 373/380/373
f 375/384/375 367/374/367 370/377/370
f 370/377/370 376/385/376 375/384/375
f 370/377/370 369/376/369 377/386/377
f 377/386/377 378/387/378 370/377/370
f 369/376/369 372/379/372 379/388/379
f 379/388/379 377/386/377 369/376/369
f 372/379/372 374/381/374 380/389/380
f 380/389/380 379/388/379 372/379/372
f 374/381/374 376/383/376 381/390/381
f 381/390/381 380/389/380 374/381/374
f 376/385/376 370/377/370 378/387/378
f 378/387/378 381/391/381 376/385/376
s 36
f 382/392/382 383/393/383 384/394/384
f 384/394/384 385/395/385 382/392/382
f 383/393/383 386/396/386 387/397/387
f 387/397/387 384/394/384 383/393/383
f 385/395/385 384/394/384 388/398/388
f 388/398/388 389/399/389 385/395/385
f 384/394/384 387/397/387 390/400/390
f 390/400/390 388/398/388 384/394/384
s 37
f 391/401/391 392/402/392 393/403/393
f 393/403/393 394/404/394 391/401/391
f 392/402/392 395/405/395 396/406/396
f 396/406/396 393/403/393 392/402/392
f 395/405/395 397/407/397 396/406/396
f 394/404/394 393/403/393 398/408/398
f 398/408/398 399/409/399 394/404/394
f 393/403/393 396/406/396 400/410/400
f 400/410/400 398/408/398 393/403/393
f 396/406/396 397/407/397 400/410/400
s 38
f 401/411/401 402/412/402 403/413/403
f 403/413/403 404/414/404 401/411/401
f 402/412/402 405/415/405 406/416/406
f 406/416/406 403/413/403 402/412/402
f 404/414/404 403/413/403 407/417/407
f 407/417/407 408/418/408 404/414/404
f 403/413/403 406/416/406 409/419/409
f 409/419/409 407/417/407 403/413/403
s 39
f 410/420/410 411/421/411 412/422/412
f 412/422/412 413/423/413 410/420/410
f 413/423/413 412/422/412 414/424/414
f 414/424/414 415/425/415 413/423/413
f 411/421/411 416/426/416 417/427/417
f 417/427/417 412/422/412 411/421/411
f 412/422/412 417/427/417 418/428/418
f 418/428/418 414/424/414 412/422/412
s 40
f 419/429/419 420/430/420 421/431/421
f 421/431/421 422/432/422 419/429/419
f 422/432/422 421/431/421 423/433/423
f 423/433/423 424/434/424 422/432/422
f 424/434/424 423/433/423 425/435/425
f 420/430/420 426/436/426 427/437/427
f 427/437/427 421/431/421 420/430/420
f 421/431/421 427/437/427 428/438/428
f 428/438/428 423/433/423 421/431/421
f 423/433/423 428/438/428 425/435/425
s 41
f 429/439/429 430/440/430 431/441/431
f 431/441/431 432/442/432 429/439/429
f 432/442/432 431/441/431 433/443/433
f 433/443/433 434/444/434 432/442/432
f 430/440/430 435/445/435 436/446/436
f 436/446/436 431/441/431 430/440/430
f 431/441/431 436/446/436 437/447/437
f 437/447/437 433/443/433 431/441/431
s 42
f 438/448/438 439/449/439 440/450/440
f 440/450/440 441/451/441 438/448/438
f 439/449/439 442/452/442 443/453/443
f 443/453/443 440/450/440 439/449/439
f 441/451/441 440/450/440 444/454/444
f 444/454/444 445/455/445 441/451/441
f 440/450/440 443/453/443 446/456/446
f 446/456/446 444/454/444 440/450/440
s 43
f 447/457/447 448/458/448 449/459/449
f 449/459/449 450/460/450 447/457/447
f 448/458/448 451/461/451 452/462/452
f 452/462/452 449/459/449 448/458/448
f 451/461/451 453/463/453 452/462/452
f 450/460/450 449/459/449 454/464/454
f 454/464/454 455/465/455 450/460/450
f 449/459/449 452/462/452 456/466/456
f 456/466/456 454/464/454 449/459/449
f 452/462/452 453/463/453 456/466/456
s 44
f 457/467/457 458/468/458 459/469/459
f 459/469/459 460/470/460 457/467/457
f 458/468/458 461/471/461 462/472/462
f 462/472/462 459/469/459 458/468/458
f 460/470/460 459/469/459 463/473/463
f 463/473/463 464/474/464 460/470/460
f 459/469/459 462/472/462 465/475/465
f 465/475/465 463/473/463 459/469/459
s 45
f 466/476/466 467/477/467 468/478/468
f 468/478/468 469/479/469 466/476/466
f 469/479/469 468/478/468 470/480/470
f 470/480/470 471/481/471 469/479/469
f 467/477/467 472/482/472 473/483/473
f 473/483/473 468/478/468 467/477/467
f 468/478/468 473/483/473 474/484/474
f 474/484/474 470/480/470 468/478/468
s 46
f 475/485/475 476/486/476 477/487/477
f 477/487/477 478/488/478 475/485/475
f 478/488/478 477/487/477 479/489/479
f 479/489/479 480/490/480 478/488/478
f 480/490/480 479/489/479 481/491/481
f 476/486/476 482/492/482 483/493/483
f 483/493/483 477/487/477 476/486/476
f 477/487/477 483/493/483 484/494/484
f 484/494/484 479/489/479 477/487/477
f 479/489/479 484/494/484 481/491/481
s 47
f 485/495/485 486/496/486 487/497/487
f 487/497/487 488/498/488 485/495/485
f 488/498/488 487/497/487 489/499/489
f 489/499/489 490/500/490 488/498/488
f 486/496/486 491/501/491 492/502/492
f 492/502/492 487/497/487 486/496/486
f 487/497/487 492/502/492 493/503/493
f 493/503/493 489/499/489 487/497/487
s 48
f 494/504/494 495/505/495 496/506/496
f 496/506/496 497/507/497 494/504/494
f 495/505/495 498/508/498 499/509/499
f 499/509/499 496/506/496 495/505/495
f 498/508/498 500/510/500 501/511/501
f 501/511/501 499/509/499 498/508/498
f 500/510/500 502/512/502 503/513/503
f 503/513/503 501/511/501 500/510/500
f 502/514/502 494/504/494 497/507/497
f 497/507/497 503/515/503 502/514/502
f 497/507/497 496/506/496 504/516/504
f 504/516/504 505/517/505 497/507/497
f 496/506/496 499/509/499 506/518/506
f 506/518/506 504/516/504 496/506/496
f 499/509/499 501/511/501 507/519/507
f 507/519/507 506/518/506 499/509/499
f 501/511/501 503/513/503 508/520/508
f 508/520/508 507/519/507 501/511/501
f 503/515/503 497/507/497 505/517/505
f 505/517/505 508/521/508 503/515/503
s 49
f 509/522/509 510/523/510 511/524/511
f 511/524/511 512/525/512 509/522/509
f 510/523/510 513/526/513 514/527/514
f 514/527/514 511/524/511 510/523/510
f 512/525/512 511/524/511 515/528/515
f 515/528/515 516/529/516 512/525/512
f 511/524/511 514/527/514 517/530/517
f 517/530/517 515/528/515 511/524/511
s 50
f 518/531/518 519/532/519 520/533/520
f 520/533/520 521/534/521 518/531/518
f 519/532/519 522/535/522 523/536/523
f 523/536/523 520/533/520 519/532/519
f 522/535/522 524/537/524 523/536/523
f 521/534/521 520/533/520 525/538/525
f 525/538/525 526/539/526 521/534/521
f 520/533/520 523/536/523 527/540/527
f 527/540/527 525/538/525 520/533/520
f 523/536/523 524/537/524 527/540/527
s 51
f 528/541/528 529/542/529 530/543/530
f 530/543/530 531/544/531 528/541/528
f 529/542/529 532/545/532 533/546/533
f 533/546/533 530/543/530 529/542/529
f 531/544/531 530/543/530 534/547/534
f 534/547/534 535/548/535 531/544/531
f 530/543/530 533/546/533 536/549/536
f 536/549/536 534/547/534 530/543/530
s 52
f 537/550/537 538/551/538 539/552/539
f 539/552/539 540/553/540 537/550/537
f 540/553/540 539/552/539 541/554/541
f 541/554/541 542/555/542 540/553/540
f 538/551/538 543/556/543 544/557/544
f 544/557/544 539/552/539 538/551/538
f 539/552/539 544/557/544 545/558/545
f 545/558/545 541/554/541 539/552/539
s 53
f 546/559/546 547/560/547 548/561/548
f 548/561/548 549/562/549 546/559/546
f 549/562/549 548/561/548 550/563/550
f 550/563/550 551/564/551 549/562/549
f 551/564/551 550/563/550 552/565/552
f 547/560/547 553/566/553 554/567/554
f 554/567/554 548/561/548 547/560/547
f 548/561/548 554/567/554 555/568/555
f 555/568/555 550/563/550 548/561/548
f 550/563/550 555/568/555 552/565/552
s 54
f 556/569/556 557/570/557 558/571/558
f 558/571/558 559/572/559 556/569/556
f 559/572/559 558/571/558 560/573/560
f 560/573/560 561/574/561 559/572/559
f 557/570/557 562/575/562 563/576/563
f 563/576/563 558/571/558 557/570/557
f 558/571/558 563/576/563 564/577/564
f 564/577/564 560/573/560 558/571/558
s 55
f 565/578/565 566/579/566 567/580/567
f 567/580/567 568/581/568 565/578/565
f 566/579/566 569/582/569 570/583/570
f 570/583/570 567/580/567 566/579/566
f 569/582/569 571/584/571 572/585/572
f 572/585/572 570/583/570 569/582/569
f 571/584/571 573/586/573 574/587/574
f 574/587/574 572/585/572 571/584/571
f 573/588/573 565/578/565 568/581/568
f 568/581/568 574/589/574 573/588/573
f 568/581/568 567/580/567 575/590/575
f 575/590/575 576/591/576 568/581/568
f 567/580/567 570/583/570 577/592/577
f 577/592/577 575/590/575 567/580/567
f 570/583/570 572/585/572 578/593/578
f 578/593/578 577/592/577 570/583/570
f 572/585/572 574/587/574 579/594/579
f 579/594/579 578/593/578 572/585/572
f 574/589/574 568/581/568 576/591/576
f 576/591/576 579/595/579 574/589/574
f 576/591/576 575/590/575 580/596/580
f 580/596/580 581/597/581 576/591/576
f 575/590/575 577/592/577 582/598/582
f 582/598/582 580/596/580 575/590/575
f 577/592/577 578/593/578 583/599/583
f 583/599/583 582/598/582 577/592/577
f 578/593/578 579/594/579 584/600/584
f 584/600/584 583/599/583 578/593/578
f 579/595/579 576/591/576 581/597/581
f 581/597/581 584/601/584 579/595/579
s 56
f 585/602/585 586/603/586 587/604/587
f 587/604/587 588/605/588 585/602/585
f 586/603/586 589/606/589 590/607/590
f 590/607/590 587/604/587 586/603/586
f 588/605/588 587/604/587 591/608/591
f 591/608/591 592/609/592 588/605/588
f 587/604/587 590/607/590 593/610/593
f 593/610/593 591/608/591 587/604/587
s 57
f 594/611/594 595/612/595 596/613/596
f 596/613/596 597/614/597 594/611/594
f 595/612/595 598/615/598 599/616/599
f 599/616/599 596/613/596 595/612/595
f 598/615/598 600/617/600 599/616/599
f 597/614/597 596/613/596 601/618/601
f 601/618/601 602/619/602 597/614/597
f 596/613/596 599/616/599 603/620/603
f 603/620/603 601/618/601 596/613/596
f 599/616/599 600/617/600 603/620/603
s 58
f 604/621/604 605/622/605 606/623/606
f 606/623/606 607/624/607 604/621/604
f 605/622/605 608/625/608 609/626/609
f 609/626/609 606/623/606 605/622/605
f 607/624/607 606/623/606 610/627/610
f 610/627/610 611/628/611 607/624/607
f 606/623/606 609/626/609 612/629/612
f 612/629/612 610/627/610 606/623/606
s 59
f 613/630/613 614/631/614 615/632/615
f 615/632/615 616/633/616 613/630/613
f 614/631/614 617/634/617 618/635/618
f 618/635/618 615/632/615 614/631/614
f 616/633/616 615/632/615 619/636/619
f 619/636/619 620/637/620 616/633/616
f 615/632/615 618/635/618 621/638/621
f 621/638/621 619/636/619 615/632/615
s 60
f 622/639/622 623/640/623 624/641/624
f 624/641/624 625/642/625 622/639/622
f 623/640/623 626/643/626 627/644/627
f 627/644/627 624/641/624 623/640/623
f 626/643/626 628/645/628 627/644/627
f 625/642/625 624/641/624 629/646/629
f 629/646/629 630/647/630 625/642/625
f 624/641/624 627/644/627 631/648/631
f 631/648/631 629/646/629 624/641/624
f 627/644/627 628/645/628 631/648/631
s 61
f 632/649/632 633/650/633 634/651/634
f 634/651/634 635/652/635 632/649/632
f 633/650/633 636/653/636 637/654/637
f 637/654/637 634/651/634 633/650/633
f 635/652/635 634/651/634 638/655/638
f 638/655/638 639/656/639 635/652/635
f 634/651/634 637/654/637 640/657/640
f 640/657/640 638/655/638 634/651/634
s 62
f 641/658/641 642/659/642 643/660/643
f 643/660/643 644/661/644 641/658/641
f 644/661/644 643/660/643 645/662/645
f 645/662/645 646/663/646 644/661/644
f 642/659/642 647/664/647 648/665/648
f 648/665/648 643/660/643 642/659/642
f 643/660/643 648/665/648 649/666/649
f 649/666/649 645/662/645 643/660/643
s 63
f 650/667/650 651/668/651 652/669/652
f 652/669/652 653/670/653 650/667/650
f 653/670/653 652/669/652 654/671/654
f 654/671/654 655/672/655 653/670/653
f 655/672/655 654/671/654 656/673/656
f 651/668/651 657/674/657 658/675/658
f 658/675/658 652/669/652 651/668/651
f 652/669/652 658/675/658 659/676/659
f 659/676/659 654/671/654 652/669/652
f 654/671/654 659/676/659 656/673/656
s 64
f 660/677/660 661/678/661 662/679/662
f 662/679/662 663/680/663 660/677/660
f 663/680/663 662/679/662 664/681/664
f 664/681/664 665/682/665 663/680/663
f 661/678/661 666/683/666 667/684/667
f 667/684/667 662/679/662 661/678/661
f 662/679/662 667/684/667 668/685/668
f 668/685/668 664/681/664 662/679/662
s 65
f 669/686/669 670/687/670 671/688/671
f 671/688/671 672/689/672 669/686/669
f 672/689/672 671/688/671 673/690/673
f 673/690/673 674/691/674 672/689/672
f 670/687/670 675/692/675 676/693/676
f 676/693/676 671/688/671 670/687/670
f 671/688/671 676/693/676 677/694/677
f 677/694/677 673/690/673 671/688/671
s 66
f 678/695/678 679/696/679 680/697/680
f 680/697/680 681/698/681 678/695/678
f 681/698/681 680/697/680 682/699/682
f 682/699/682 683/700/683 681/698/681
f 683/700/683 682/699/682 684/701/684
f 679/696/679 685/702/685 686/703/686
f 686/703/686 680/697/680 679/696/679
f 680/697/680 686/703/686 687/704/687
f 687/704/687 682/699/682 680/697/680
f 682/699/682 687/704/687 684/701/684
s 67
f 688/705/688 689/706/689 690/707/690
f 690/707/690 691/708/691 688/705/688
f 691/708/691 690/707/690 692/709/692
f 692/709/692 693/710/693 691/708/691
f 689/706/689 694/711/694 695/712/695
f 695/712/695 690/707/690 689/706/689
f 690/707/690 695/712/695 696/713/696
f 696/713/696 692/709/692 690/707/690
s 68
f 697/714/697 698/715/698 699/716/699
f 699/716/699 700/717/700 697/714/697
f 700/717/700 699/716/699 701/718/701
f 701/718/701 702/719/702 700/717/700
f 698/715/698 703/720/703 704/721/704
f 704/721/704 699/716/699 698/715/698
f 699/716/699 704/721/704 705/722/705
f 705/722/705 701/718/701 699/716/699
s 69
f 706/723/706 707/724/707 708/725/708
f 708/725/708 709/726/709 706/723/706
f 709/726/709 708/725/708 710/727/710
f 710/727/710 711/728/711 709/726/709
f 711/728/711 710/727/710 712/729/712
f 707/724/707 713/730/713 714/731/714
f 714/731/714 708/725/708 707/724/707
f 708/725/708 714/731/714 715/732/715
f 715/732/715 710/727/710 708/725/708
f 710/727/710 715/732/715 712/729/712
s 70
f 716/733/716 717/734/717 718/735/718
f 718/735/718 719/736/719 716/733/716
f 719/736/719 718/735/718 720/737/720
f 720/737/720 721/738/721 719/736/719
f 717/734/717 722/739/722 723/740/723
f 723/740/723 718/735/718 717/734/717
f 718/735/718 723/740/723 724/741/724
f 724/741/724 720/737/720 718/735/718
s 71
f 725/742/725 726/743/726 727/744/727
f 727/744/727 728/745/728 725/742/725
f 726/743/726 729/746/729 730/747/730
f 730/747/730 727/744/727 726/743/726
f 728/745/728 727/744/727 731/748/731
f 731/748/731 732/749/732 728/745/728
f 727/744/727 730/747/730 733/750/733
f 733/750/733 731/748/731 727/744/727
s 72
f 734/751/734 735/752/735 736/753/736
f 736/753/736 737/754/737 734/751/734
f 735/752/735 738/755/738 739/756/739
f 739/756/739 736/753/736 735/752/735
f 738/755/738 740/757/740 739/756/739
f 737/754/737 736/753/736 741/758/741
f 741/758/741 742/759/742 737/754/737
f 736/753/736 739/756/739 743/760/743
f 743/760/743 741/758/741 736/753/736
f 739/756/739 740/757/740 743/760/743
s 73
f 744/761/744 745/762/745 746/763/746
f 746/763/746 747/764/747 744/761/744
f 745/762/745 748/765/748 749/766/749
f 749/766/749 746/763/746 745/762/745
f 747/764/747 746/763/746 750/767/750
f 750/767/750 751/768/751 747/764/747
f 746/763/746 749/766/749 752/769/752
f 752/769/752 750/767/750 746/763/746
s 74
f 753/770/753 754/771/754 755/772/755
f 755/772/755 756/773/756 753/770/753
f 754/771/754 757/774/757 758/775/758
f 758/775/758 755/772/755 754/771/754
f 756/773/756 755/772/755 759/776/759
f 759/776/759 760/777/760 756/773/756
f 755/772/755 758/775/758 761/778/761
f 761/778/761 759/776/759 755/772/755
s 75
f 762/779/762 763/780/763 764/781/764
f 764/781/764 765/782/765 762/779/762
f 763/780/763 766/783/766 767/784/767
f 767/784/767 764/781/764 763/780/763
f 766/783/766 768/785/768 767/784/767
f 765/782/765 764/781/764 769/786/769
f 769/786/769 770/787/770 765/782/765
f 764/781/764 767/784/767 771/788/771
f 771/788/771 769/786/769 764/781/764
f 767/784/767 768/785/768 771/788/771
s 76
f 772/789/772 773/790/773 774/791/774
f 774/791/774 775/792/775 772/789/772
f 773/790/773 776/793/776 777/794/777
f 777/794/777 774/791/774 773/790/773
f 775/792/775 774/791/774 778/795/778
f 778/795/778 779/796/779 775/792/775
f 774/791/774 777/794/777 780/797/780
f 780/797/780 778/795/778 774/791/774
s 77
f 781/798/781 782/799/782 783/800/783
f 783/800/783 784/801/784 781/798/781
f 784/801/784 783/800/783 785/802/785
f 785/802/785 786/803/786 784/801/784
f 782/799/782 787/804/787 788/805/788
f 788/805/788 783/800/783 782/799/782
f 783/800/783 788/805/788 789/806/789
f 789/806/789 785/802/785 783/800/783
s 78
f 790/807/790 791/808/791 792/809/792
f 792/809/792 793/810/793 790/807/790
f 793/810/793 792/809/792 794/811/794
f 794/811/794 795/812/795 793/810/793
f 795/812/795 794/811/794 796/813/796
f 791/808/791 797/814/797 798/815/798
f 798/815/798 792/809/792 791/808/791
f 792/809/792 798/815/798 799/816/799
f 799/816/799 794/811/794 792/809/792
f 794/811/794 799/816/799 796/813/796
s 79
f 800/817/800 801/818/801 802/819/802
f 802/819/802 803/820/803 800/817/800
f 803/820/803 802/819/802 804/821/804
f 804/821/804 805/822/805 803/820/803
f 801/818/801 806/823/806 807/824/807
f 807/824/807 802/819/802 801/818/801
f 802/819/802 807/824/807 808/825/808
f 808/825/808 804/821/804 802/819/802
s 80
f 809/826/809 810/827/810 811/828/811
f 810/827/810 812/829/812 813/830/813
f 812/829/812 814/831/814 815/832/815
f 814/831/814 816/833/816 817/834/817
f 816/833/816 809/826/809 818/835/818
f 809/826/809 811/828/811 818/835/818
f 810/827/810 813/830/813 811/828/811
f 812/829/812 815/832/815 813/830/813
f 814/831/814 817/834/817 815/832/815
f 816/833/816 818/835/818 817/834/817
f 819/836/819 820/837/820 821/838/821
f 819/836/819 822/839/822 820/837/820
f 819/836/819 823/840/823 822/839/822
f 819/836/819 824/841/824 823/840/823
f 819/836/819 821/838/821 824/841/824
f 821/838/821 820/837/820 809/826/809
f 820/837/820 822/839/822 810/827/810
f 822/839/822 823/840/823 812/829/812
f 823/840/823 824/841/824 814/831/814
f 824/841/824 821/838/821 816/833/816
f 821/838/821 809/826/809 816/833/816
f 820/837/820 810/827/810 809/826/809
f 822/839/822 812/829/812 810/827/810
f 823/840/823 814/831/814 812/829/812
f 824/841/824 816/833/816 814/831/814
f 825/842/825 826/843/826 827/844/827
f 825/842/825 827/844/827 828/845/828
f 825/842/825 828/845/828 829/846/829
f 825/842/825 829/847/829 830/848/830
f 825/842/825 830/848/830 826/843/826
f 826/843/826 818/835/818 827/844/827
f 827/844/827 811/828/811 828/845/828
f 828/845/828 813/830/813 829/847/829
f 829/847/829 815/832/815 830/848/830
f 830/848/830 817/834/817 826/843/826
f 826/843/826 817/834/817 818/835/818
f 827/844/827 818/835/818 811/828/811
f 828/845/828 811/828/811 813/830/813
f 829/847/829 813/830/813 815/832/815
f 830/848/830 815/832/815 817/834/817
s 81
f 831/849/831 832/850/832 833/851/833
f 832/850/832 834/852/834 835/853/835
f 834/852/834 836/854/836 837/855/837
f 836/854/836 838/856/838 839/857/839
f 838/856/838 831/849/831 840/858/840
f 831/849/831 833/851/833 840/858/840
f 832/850/832 835/853/835 833/851/833
f 834/852/834 837/855/837 835/853/835
f 836/854/836 839/857/839 837/855/837
f 838/856/838 840/858/840 839/857/839
f 841/859/841 842/860/842 843/861/843
f 841/859/841 844/862/844 842/860/842
f 841/859/841 845/863/845 844/862/844
f 841/859/841 846/864/846 845/863/845
f 841/859/841 843/861/843 846/864/846
f 843/861/843 842/860/842 831/849/831
f 842/860/842 844/862/844 832/850/832
f 844/862/844 845/863/845 834/852/834
f 845/863/845 846/864/846 836/854/836
f 846/864/846 843/861/843 838/856/838
f 843/861/843 831/849/831 838/856/838
f 842/860/842 832/850/832 831/849/831
f 844/862/844 834/852/834 832/850/832
f 845/863/845 836/854/836 834/852/834
f 846/864/846 838/856/838 836/854/836
f 847/865/847 848/866/848 849/867/849
f 847/865/847 849/867/849 850/868/850
f 847/865/847 850/868/850 851/869/851
f 847/865/847 851/870/851 852/871/852
f 847/865/847 852/871/852 848/866/848
f 848/866/848 840/858/840 849/867/849
f 849/867/849 833/851/833 850/868/850
f 850/868/850 835/853/835 851/870/851
f 851/870/851 837/855/837 852/871/852
f 852/871/852 839/857/839 848/866/848
f 848/866/848 839/857/839 840/858/840
f 849/867/849 840/858/840 833/851/833
f 850/868/850 833/851/833 835/853/835
f 851/870/851 835/853/835 837/855/837
f 852/871/852 837/855/837 839/857/839
s 82
f 853/872/853 854/873/854 855/874/855
f 854/873/854 856/875/856 857/876/857
f 856/875/856 858/877/858 859/878/859
f 858/877/858 860/879/860 861/880/861
f 860/879/860 853/872/853 862/881/862
f 853/872/853 855/874/855 862/881/862
f 854/873/854 857/876/857 855/874/855
f 856/875/856 859/878/859 857/876/857
f 858/877/858 861/880/861 859/878/859
f 860/879/860 862/881/862 861/880/861
f 863/882/863 864/883/864 865/884/865
f 863/882/863 866/885/866 864/883/864
f 863/882/863 867/886/867 866/885/866
f 863/882/863 868/887/868 867/886/867
f 863/882/863 865/884/865 868/887/868
f 865/884/865 864/883/864 853/872/853
f 864/883/864 866/885/866 854/873/854
f 866/885/866 867/886/867 856/875/856
f 867/886/867 868/887/868 858/877/858
f 868/887/868 865/884/865 860/879/860
f 865/884/865 853/872/853 860/879/860
f 864/883/864 854/873/854 853/872/853
f 866/885/866 856/875/856 854/873/854
f 867/886/867 858/877/858 856/875/856
f 868/887/868 860/879/860 858/877/858
f 869/888/869 870/889/870 871/890/871
f 869/888/869 871/890/871 872/891/872
f 869/888/869 872/891/872 873/892/873
f 869/888/869 873/893/873 874/894/874
f 869/888/869 874/894/874 870/889/870
f 870/889/870 862/881/862 871/890/871
f 871/890/871 855/874/855 872/891/872
f 872/891/872 857/876/857 873/893/873
f 873/893/873 859/878/859 874/894/874
f 874/894/874 861/880/861 870/889/870
f 870/889/870 861/880/861 862/881/862
f 871/890/871 862/881/862 855/874/855
f 872/891/872 855/874/855 857/876/857
f 873/893/873 857/876/857 859/878/859
f 874/894/874 859/878/859 861/880/861
s 83
f 875/895/875 876/896/876 877/897/877
f 876/896/876 878/898/878 879/899/879
f 878/898/878 880/900/880 881/901/881
f 880/900/880 882/902/882 883/903/883
f 882/902/882 875/895/875 884/904/884
f 875/895/875 877/897/877 884/904/884
f 876/896/876 879/899/879 877/897/877
f 878/898/878 881/901/881 879/899/879
f 880/900/880 883/903/883 881/901/881
f 882/902/882 884/904/884 883/903/883
f 885/905/885 886/906/886 887/907/887
f 885/905/885 888/908/888 886/906/886
f 885/905/885 889/909/889 888/908/888
f 885/905/885 890/910/890 889/909/889
f 885/905/885 887/907/887 890/910/890
f 887/907/887 886/906/886 875/895/875
f 886/906/886 888/908/888 876/896/876
f 888/908/888 889/909/889 878/898/878
f 889/909/889 890/910/890 880/900/880
f 890/910/890 887/907/887 882/902/882
f 887/907/887 875/895/875 882/902/882
f 886/906/886 876/896/876 875/895/875
f 888/908/888 878/898/878 876/896/876
f 889/909/889 880/900/880 878/898/878
f 890/910/890 882/902/882 880/900/880
f 891/911/891 892/912/892 893/913/893
f 891/911/891 893/913/893 894/914/894
f 891/911/891 894/914/894 895/915/895
f 891/911/891 895/916/895 896/917/896
f 891/911/891 896/917/896 892/912/892
f 892/912/892 884/904/884 893/913/893
f 893/913/893 877/897/877 894/914/894
f 894/914/894 879/899/879 895/916/895
f 895/916/895 881/901/881 896/917/896
f 896/917/896 883/903/883 892/912/892
f 892/912/892 883/903/883 884/904/884
f 893/913/893 884/904/884 877/897/877
f 894/914/894 877/897/877 879/899/879
f 895/916/895 879/899/879 881/901/881
f 896/917/896 881/901/881 883/903/883
s 84
f 897/918/897 898/919/898 899/920/899
f 898/919/898 900/921/900 901/922/901
f 900/921/900 902/923/902 903/924/903
f 902/923/902 904/925/904 905/926/905
f 904/925/904 897/918/897 906/927/906
f 897/918/897 899/920/899 906/927/906
f 898/919/898 901/922/901 899/920/899
f 900/921/900 903/924/903 901/922/901
f 902/923/902 905/926/905 903/924/903
f 904/925/904 906/927/906 905/926/905
f 907/928/907 908/929/908 909/930/909
f 907/928/907 910/931/910 908/929/908
f 907/928/907 911/932/911 910/931/910
f 907/928/907 912/933/912 911/932/911
f 907/928/907 909/930/909 912/933/912
f 909/930/909 908/929/908 897/918/897
f 908/929/908 910/931/910 898/919/898
f 910/931/910 911/932/911 900/921/900
f 911/932/911 912/933/912 902/923/902
f 912/933/912 909/930/909 904/925/904
f 909/930/909 897/918/897 904/925/904
f 908/929/908 898/919/898 897/918/897
f 910/931/910 900/921/900 898/919/898
f 911/932/911 902/923/902 900/921/900
f 912/933/912 904/925/904 902/923/902
f 913/934/913 914/935/914 915/936/915
f 913/934/913 915/936/915 916/937/916
f 913/934/913 916/937/916 917/938/917
f 913/934/913 917/939/917 918/940/918
f 913/934/913 918/940/918 914/935/914
f 914/935/914 906/927/906 915/936/915
f 915/936/915 899/920/899 916/937/916
f 916/937/916 901/922/901 917/939/917
f 917/939/917 903/924/903 918/940/918
f 918/940/918 905/926/905 914/935/914
f 914/935/914 905/926/905 906/927/906
f 915/936/915 906/927/906 899/920/899
f 916/937/916 899/920/899 901/922/901
f 917/939/917 901/922/901 903/924/903
f 918/940/918 903/924/903 905/926/905
s 85
f 919/941/919 920/942/920 921/943/921
f 920/942/920 922/944/922 923/945/923
f 922/944/922 924/946/924 925/947/925
f 924/946/924 926/948/926 927/949/927
f 926/948/926 919/941/919 928/950/928
f 919/941/919 921/943/921 928/950/928
f 920/942/920 923/945/923 921/943/921
f 922/944/922 925/947/925 923/945/923
f 924/946/924 927/949/927 925/947/925
f 926/948/926 928/950/928 927/949/927
f 929/951/929 930/952/930 931/953/931
f 929/951/929 932/954/932 930/952/930
f 929/951/929 933/955/933 932/954/932
f 929/951/929 934/956/934 933/955/933
f 929/951/929 931/953/931 934/956/934
f 931/953/931 930/952/930 919/941/919
f 930/952/930 932/954/932 920/942/920
f 932/954/932 933/955/933 922/944/922
f 933/955/933 934/956/934 924/946/924
f 934/956/934 931/953/931 926/948/926
f 931/953/931 919/941/919 926/948/926
f 930/952/930 920/942/920 919/941/919
f 932/954/932 922/944/922 920/942/920
f 933/955/933 924/946/924 922/944/922
f 934/956/934 926/948/926 924/946/924
f 935/957/935 936/958/936 937/959/937
f 935/957/935 937/959/937 938/960/938
f 935/957/935 938/960/938 939/961/939
f 935/957/935 939/962/939 940/963/940
f 935/957/935 940/963/940 936/958/936
f 936/958/936 928/950/928 937/959/937
f 937/959/937 921/943/921 938/960/938
f 938/960/938 923/945/923 939/962/939
f 939/962/939 925/947/925 940/963/940
f 940/963/940 927/949/927 936/958/936
f 936/958/936 927/949/927 928/950/928
f 937/959/937 928/950/928 921/943/921
f 938/960/938 921/943/921 923/945/923
f 939/962/939 923/945/923 925/947/925
f 940/963/940 925/947/925 927/949/927
s 86
f 941/964/941 942/965/942 943/966/943
f 942/965/942 944/967/944 945/968/945
f 944/967/944 946/969/946 947/970/947
f 946/969/946 948/971/948 949/972/949
f 948/971/948 941/964/941 950/973/950
f 941/964/941 943/966/943 950/973/950
f 942/965/942 945/968/945 943/966/943
f 944/967/944 947/970/947 945/968/945
f 946/969/946 949/972/949 947/970/947
f 948/971/948 950/973/950 949/972/949
f 951/974/951 952/975/952 953/976/953
f 951/974/951 954/977/954 952/975/952
f 951/974/951 955/978/955 954/977/954
f 951/974/951 956/979/956 955/978/955
f 951/974/951 953/976/953 956/979/956
f 953/976/953 952/975/952 941/964/941
f 952/975/952 954/977/954 942/965/942
f 954/977/954 955/978/955 944/967/944
f 955/978/955 956/979/956 946/969/946
f 956/979/956 953/976/953 948/971/948
f 953/976/953 941/964/941 948/971/948
f 952/975/952 942/965/942 941/964/941
f 954/977/954 944/967/944 942/965/942
f 955/978/955 946/969/946 944/967/944
f 956/979/956 948/971/948 946/969/946
f 957/980/957 958/981/958 959/982/959
f 957/980/957 959/982/959 960/983/960
f 957/980/957 960/983/960 961/984/961
f 957/980/957 961/985/961 962/986/962
f 957/980/957 962/986/962 958/981/958
f 958/981/958 950/973/950 959/982/959
f 959/982/959 943/966/943 960/983/960
f 960/983/960 945/968/945 961/985/961
f 961/985/961 947/970/947 962/986/962
f 962/986/962 949/972/949 958/981/958
f 958/981/958 949/972/949 950/973/950
f 959/982/959 950/973/950 943/966/943
f 960/983/960 943/966/943 945/968/945
f 961/985/961 945/968/945 947/970/947
f 962/986/962 947/970/947 949/972/949
s 87
f 963/987/963 964/988/964 965/989/965
f 964/988/964 966/990/966 967/991/967
f 966/990/966 968/992/968 969/993/969
f 968/992/968 970/994/970 971/995/971
f 970/994/970 963/987/963 972/996/972
f 963/987/963 965/989/965 972/996/972
f 964/988/964 967/991/967 965/989/965
f 966/990/966 969/993/969 967/991/967
f 968/992/968 971/995/971 969/993/969
f 970/994/970 972/996/972 971/995/971
f 973/997/973 974/998/974 975/999/975
f 973/997/973 976/1000/976 974/998/974
f 973/997/973 977/1001/977 976/1000/976
f 973/997/973 978/1002/978 977/1001/977
f 973/997/973 975/999/975 978/1002/978
f 975/999/975 974/998/974 963/987/963
f 974/998/974 976/1000/976 964/988/964
f 976/1000/976 977/1001/977 966/990/966
f 977/1001/977 978/1002/978 968/992/968
f 978/1002/978 975/999/975 970/994/970
f 975/999/975 963/987/963 970/994/970
f 974/998/974 964/988/964 963/987/963
f 976/1000/976 966/990/966 964/988/964
f 977/1001/977 968/992/968 966/990/966
f 978/1002/978 970/994/970 968/992/968
f 979/1003/979 980/1004/980 981/1005/981
f 979/1003/979 981/1005/981 982/1006/982
f 979/1003/979 982/1006/982 983/1007/983
f 979/1003/979 983/1008/983 984/1009/984
f 979/1003/979 984/1009/984 980/1004/980
f 980/1004/980 972/996/972 981/1005/981
f 981/1005/981 965/989/965 982/1006/982
f 982/1006/982 967/991/967 983/1008/983
f 983/1008/983 969/993/969 984/1009/984
f 984/1009/984 971/995/971 980/1004/980
f 980/1004/980 971/995/971 972/996/972
f 981/1005/981 972/996/972 965/989/965
f 982/1006/982 965/989/965 967/991/967
f 983/1008/983 967/991/967 969/993/969
f 984/1009/984 969/993/969 971/995/971
s 88
f 985/1010/985 986/1011/986 987/1012/987
f 986/1011/986 988/1013/988 989/1014/989
f 988/1013/988 990/1015/990 991/1016/991
f 990/1015/990 992/1017/992 993/1018/993
f 992/1017/992 985/1010/985 994/1019/994
f 985/1010/985 987/1012/987 994/1019/994
f 986/1011/986 989/1014/989 987/1012/987
f 988/1013/988 991/1016/991 989/1014/989
f 990/1015/990 993/1018/993 991/1016/991
f 992/1017/992 994/1019/994 993/1018/993
f 995/1020/995 996/1021/996 997/1022/997
f 995/1020/995 998/1023/998 996/1021/996
f 995/1020/995 999/1024/999 998/1023/998
f 995/1020/995 1000/1025/1000 999/1024/999
f 995/1020/995 997/1022/997 1000/1025/1000
f 997/1022/997 996/1021/996 985/1010/985
f 996/1021/996 998/1023/998 986/1011/986
f 998/1023/998 999/1024/999 988/1013/988
f 999/1024/999 1000/1025/1000 990/1015/990
f 1000/1025/1000 997/1022/997 992/1017/992
f 997/1022/997 985/1010/985 992/1017/992
f 996/1021/996 986/1011/986 985/1010/985
f 998/1023/998 988/1013/988 986/1011/986
f 999/1024/999 990/1015/990 988/1013/988
f 1000/1025/1000 992/1017/992 990/1015/990
f 1001/1026/1001 1002/1027/1002 1003/1028/1003
f 1001/1026/1001 1003/1028/1003 1004/1029/1004
f 1001/1026/1001 1004/1029/1004 1005/1030/1005
f 1001/1026/1001 1005/1031/1005 1006/1032/1006
f 1001/1026/1001 1006/1032/1006 1002/1027/1002
f 1002/1027/1002 994/1019/994 1003/1028/1003
f 1003/1028/1003 987/1012/987 1004/1029/1004
f 1004/1029/1004 989/1014/989 1005/1031/1005
f 1005/1031/1005 991/1016/991 1006/1032/1006
f 1006/1032/1006 993/1018/993 1002/1027/1002
f 1002/1027/1002 993/1018/993 994/1019/994
f 1003/1028/1003 994/1019/994 987/1012/987
f 1004/1029/1004 987/1012/987 989/1014/989
f 1005/1031/1005 989/1014/989 991/1016/991
f 1006/1032/1006 991/1016/991 993/1018/993
s 89
f 1007/1033/1007 1008/1034/1008 1009/1035/1009
f 1008/1034/1008 1010/1036/1010 1011/1037/1011
f 1010/1036/1010 1012/1038/1012 1013/1039/1013
f 1012/1038/1012 1014/1040/1014 1015/1041/1015
f 1014/1040/1014 1007/1033/1007 1016/1042/1016
f 1007/1033/1007 1009/1035/1009 1016/1042/1016
f 1008/1034/1008 1011/1037/1011 1009/1035/1009
f 1010/1036/1010 1013/1039/1013 1011/1037/1011
f 1012/1038/1012 1015/1041/1015 1013/1039/1013
f 1014/1040/1014 1016/1042/1016 1015/1041/1015
f 1017/1043/1017 1018/1044/1018 1019/1045/1019
f 1017/1043/1017 1020/1046/1020 1018/1044/1018
f 1017/1043/1017 1021/1047/1021 1020/1046/1020
f 1017/1043/1017 1022/1048/1022 1021/1047/1021
f 1017/1043/1017 1019/1045/1019 1022/1048/1022
f 1019/1045/1019 1018/1044/1018 1007/1033/1007
f 1018/1044/1018 1020/1046/1020 1008/1034/1008
f 1020/1046/1020 1021/1047/1021 1010/1036/1010
f 1021/1047/1021 1022/1048/1022 1012/1038/1012
f 1022/1048/1022 1019/1045/1019 1014/1040/1014
f 1019/1045/1019 1007/1033/1007 1014/1040/1014
f 1018/1044/1018 1008/1034/1008 1007/1033/1007
f 1020/1046/1020 1010/1036/1010 1008/1034/1008
f 1021/1047/1021 1012/1038/1012 1010/1036/1010
f 1022/1048/1022 1014/1040/1014 1012/1038/1012
f 1023/1049/1023 1024/1050/1024 1025/1051/1025
f 1023/1049/1023 1025/1051/1025 1026/1052/1026
f 1023/1049/1023 1026/1052/1026 1027/1053/1027
f 1023/1049/1023 1027/1054/1027 1028/1055/1028
f 1023/1049/1023 1028/1055/1028 1024/1050/1024
f 1024/1050/1024 1016/1042/1016 1025/1051/1025
f 1025/1051/1025 1009/1035/1009 1026/1052/1026
f 1026/1052/1026 1011/1037/1011 1027/1054/1027
f 1027/1054/1027 1013/1039/1013 1028/1055/1028
f 1028/1055/1028 1015/1041/1015 1024/1050/1024
f 1024/1050/1024 1015/1041/1015 1016/1042/1016
f 1025/1051/1025 1016/1042/1016 1009/1035/1009
f 1026/1052/1026 1009/1035/1009 1011/1037/1011
f 1027/1054/1027 1011/1037/1011 1013/1039/1013
f 1028/1055/1028 1013/1039/1013 1015/1041/1015
s 90
f 1029/1056/1029 1030/1057/1030 1031/1058/1031
f 1030/1057/1030 1032/1059/1032 1033/1060/1033
f 1032/1059/1032 1034/1061/1034 1035/1062/1035
f 1034/1061/1034 1036/1063/1036 1037/1064/1037
f 1036/1063/1036 1029/1056/1029 1038/1065/1038
f 1029/1056/1029 1031/1058/1031 1038/1065/1038
f 1030/1057/1030 1033/1060/1033 1031/1058/1031
f 1032/1059/1032 1035/1062/1035 1033/1060/1033
f 1034/1061/1034 1037/1064/1037 1035/1062/1035
f 1036/1063/1036 1038/1065/1038 1037/1064/1037
f 1039/1066/1039 1040/1067/1040 1041/1068/1041
f 1039/1066/1039 1042/1069/1042 1040/1067/1040
f 1039/1066/1039 1043/1070/1043 1042/1069/1042
f 1039/1066/1039 1044/1071/1044 1043/1070/1043
f 1039/1066/1039 1041/1068/1041 1044/1071/1044
f 1041/1068/1041 1040/1067/1040 1029/1056/1029
f 1040/1067/1040 1042/1069/1042 1030/1057/1030
f 1042/1069/1042 1043/1070/1043 1032/1059/1032
f 1043/1070/1043 1044/1071/1044 1034/1061/1034
f 1044/1071/1044 1041/1068/1041 1036/1063/1036
f 1041/1068/1041 1029/1056/1029 1036/1063/1036
f 1040/1067/1040 1030/1057/1030 1029/1056/1029
f 1042/1069/1042 1032/1059/1032 1030/1057/1030
f 1043/1070/1043 1034/1061/1034 1032/1059/1032
f 1044/1071/1044 1036/1063/1036 1034/1061/1034
f 1045/1072/1045 1046/1073/1046 1047/1074/1047
f 1045/1072/1045 1047/1074/1047 1048/1075/1048
f 1045/1072/1045 1048/1075/1048 1049/1076/1049
f 1045/1072/1045 1049/1077/1049 1050/1078/1050
f 1045/1072/1045 1050/1078/1050 1046/1073/1046
f 1046/1073/1046 1038/1065/1038 1047/1074/1047
f 1047/1074/1047 1031/1058/1031 1048/1075/1048
f 1048/1075/1048 1033/1060/1033 1049/1077/1049
f 1049/1077/1049 1035/1062/1035 1050/1078/1050
f 1050/1078/1050 1037/1064/1037 1046/1073/1046
f 1046/1073/1046 1037/1064/1037 1038/1065/1038
f 1047/1074/1047 1038/1065/1038 1031/1058/1031
f 1048/1075/1048 1031/1058/1031 1033/1060/1033
f 1049/1077/1049 1033/1060/1033 1035/1062/1035
f 1050/1078/1050 1035/1062/1035 1037/1064/1037
s 91
f 1051/1079/1051 1052/1080/1052 1053/1081/1053
f 1052/1080/1052 1054/1082/1054 1055/1083/1055
f 1054/1082/1054 1056/1084/1056 1057/1085/1057
f 1056/1084/1056 1058/1086/1058 1059/1087/1059
f 1058/1086/1058 1051/1079/1051 1060/1088/1060
f 1051/1079/1051 1053/1081/1053 1060/1088/1060
f 1052/1080/1052 1055/1083/1055 1053/1081/1053
f 1054/1082/1054 1057/1085/1057 1055/1083/1055
f 1056/1084/1056 1059/1087/1059 1057/1085/1057
f 1058/1086/1058 1060/1088/1060 1059/1087/1059
f 1061/1089/1061 1062/1090/1062 1063/1091/1063
f 1061/1089/1061 1064/1092/1064 1062/1090/1062
f 1061/1089/1061 1065/1093/1065 1064/1092/1064
f 1061/1089/1061 1066/1094/1066 1065/1093/1065
f 1061/1089/1061 1063/1091/1063 1066/1094/1066
f 1063/1091/1063 1062/1090/1062 1051/1079/1051
f 1062/1090/1062 1064/1092/1064 1052/1080/1052
f 1064/1092/1064 1065/1093/1065 1054/1082/1054
f 1065/1093/1065 1066/1094/1066 1056/1084/1056
f 1066/1094/1066 1063/1091/1063 1058/1086/1058
f 1063/1091/1063 1051/1079/1051 1058/1086/1058
f 1062/1090/1062 1052/1080/1052 1051/1079/1051
f 1064/1092/1064 1054/1082/1054 1052/1080/1052
f 1065/1093/1065 1056/1084/1056 1054/1082/1054
f 1066/1094/1066 1058/1086/1058 1056/1084/1056
f 1067/1095/1067 1068/1096/1068 1069/1097/1069
f 1067/1095/1067 1069/1097/1069 1070/1098/1070
f 1067/1095/1067 1070/1098/1070 1071/1099/1071
f 1067/1095/1067 1071/1100/1071 1072/1101/1072
f 1067/1095/1067 1072/1101/1072 1068/1096/1068
f 1068/1096/1068 1060/1088/1060 1069/1097/1069
f 1069/1097/1069 1053/1081/1053 1070/1098/1070
f 1070/1098/1070 1055/1083/1055 1071/1100/1071
f 1071/1100/1071 1057/1085/1057 1072/1101/1072
f 1072/1101/1072 1059/1087/1059 1068/1096/1068
f 1068/1096/1068 1059/1087/1059 1060/1088/1060
f 1069/1097/1069 1060/1088/1060 1053/1081/1053
f 1070/1098/1070 1053/1081/1053 1055/1083/1055
f 1071/1100/1071 1055/1083/1055 1057/1085/1057
f 1072/1101/1072 1057/1085/1057 1059/1087/1059
s 92
f 1073/1102/1073 1074/1103/1074 1075/1104/1075
f 1074/1103/1074 1076/1105/1076 1077/1106/1077
f 1076/1105/1076 1078/1107/1078 1079/1108/1079
f 1078/1107/1078 1080/1109/1080 1081/1110/1081
f 1080/1109/1080 1073/1102/1073 1082/1111/1082
f 1073/1102/1073 1075/1104/1075 1082/1111/1082
f 1074/1103/1074 1077/1106/1077 1075/1104/1075
f 1076/1105/1076 1079/1108/1079 1077/1106/1077
f 1078/1107/1078 1081/1110/1081 1079/1108/1079
f 1080/1109/1080 1082/1111/1082 1081/1110/1081
f 1083/1112/1083 1084/1113/1084 1085/1114/1085
f 1083/1112/1083 1086/1115/1086 1084/1113/1084
f 1083/1112/1083 1087/1116/1087 1086/1115/1086
f 1083/1112/1083 1088/1117/1088 1087/1116/1087
f 1083/1112/1083 1085/1114/1085 1088/1117/1088
f 1085/1114/1085 1084/1113/1084 1073/1102/1073
f 1084/1113/1084 1086/1115/1086 1074/1103/1074
f 1086/1115/1086 1087/1116/1087 1076/1105/1076
f 1087/1116/1087 1088/1117/1088 1078/1107/1078
f 1088/1117/1088 1085/1114/1085 1080/1109/1080
f 1085/1114/1085 1073/1102/1073 1080/1109/1080
f 1084/1113/1084 1074/1103/1074 1073/1102/1073
f 1086/1115/1086 1076/1105/1076 1074/1103/1074
f 1087/1116/1087 1078/1107/1078 1076/1105/1076
f 1088/1117/1088 1080/1109/1080 1078/1107/1078
f 1089/1118/1089 1090/1119/1090 1091/1120/1091
f 1089/1118/1089 1091/1120/1091 1092/1121/1092
f 1089/1118/1089 1092/1121/1092 1093/1122/1093
f 1089/1118/1089 1093/1123/1093 1094/1124/1094
f 1089/1118/1089 1094/1124/1094 1090/1119/1090
f 1090/1119/1090 1082/1111/1082 1091/1120/1091
f 1091/1120/1091 1075/1104/1075 1092/1121/1092
f 1092/1121/1092 1077/1106/1077 1093/1123/1093
f 1093/1123/1093 1079/1108/1079 1094/1124/1094
f 1094/1124/1094 1081/1110/1081 1090/1119/1090
f 1090/1119/1090 1081/1110/1081 1082/1111/1082
f 1091/1120/1091 1082/1111/1082 1075/1104/1075
f 1092/1121/1092 1075/1104/1075 1077/1106/1077
f 1093/1123/1093 1077/1106/1077 1079/1108/1079
f 1094/1124/1094 1079/1108/1079 1081/1110/1081
s 93
f 1095/1125/1095 1096/1126/1096 1097/1127/1097
f 1096/1126/1096 1098/1128/1098 1099/1129/1099
f 1098/1128/1098 1100/1130/1100 1101/1131/1101
f 1100/1130/1100 1102/1132/1102 1103/1133/1103
f 1102/1132/1102 1095/1125/1095 1104/1134/1104
f 1095/1125/1095 1097/1127/1097 1104/1134/1104
f 1096/1126/1096 1099/1129/1099 1097/1127/1097
f 1098/1128/1098 1101/1131/1101 1099/1129/1099
f 1100/1130/1100 1103/1133/1103 1101/1131/1101
f 1102/1132/1102 1104/1134/1104 1103/1133/1103
f 1105/1135/1105 1106/1136/1106 1107/1137/1107
f 1105/1135/1105 1108/1138/1108 1106/1136/1106
f 1105/1135/1105 1109/1139/1109 1108/1138/1108
f 1105/1135/1105 1110/1140/1110 1109/1139/1109
f 1105/1135/1105 1107/1137/1107 1110/1140/1110
f 1107/1137/1107 1106/1136/1106 1095/1125/1095
f 1106/1136/1106 1108/1138/1108 1096/1126/1096
f 1108/1138/1108 1109/1139/1109 1098/1128/1098
f 1109/1139/1109 1110/1140/1110 1100/1130/1100
f 1110/1140/1110 1107/1137/1107 1102/1132/1102
f 1107/1137/1107 1095/1125/1095 1102/1132/1102
f 1106/1136/1106 1096/1126/1096 1095/1125/1095
f 1108/1138/1108 1098/1128/1098 1096/1126/1096
f 1109/1139/1109 1100/1130/1100 1098/1128/1098
f 1110/1140/1110 1102/1132/1102 1100/1130/1100
f 1111/1141/1111 1112/1142/1112 1113/1143/1113
f 1111/1141/1111 1113/1143/1113 1114/1144/1114
f 1111/1141/1111 1114/1144/1114 1115/1145/1115
f 1111/1141/1111 1115/1146/1115 1116/1147/1116
f 1111/1141/1111 1116/1147/1116 1112/1142/1112
f 1112/1142/1112 1104/1134/1104 1113/1143/1113
f 1113/1143/1113 1097/1127/1097 1114/1144/1114
f 1114/1144/1114 1099/1129/1099 1115/1146/1115
f 1115/1146/1115 1101/1131/1101 1116/1147/1116
f 1116/1147/1116 1103/1133/1103 1112/1142/1112
f 1112/1142/1112 1103/1133/1103 1104/1134/1104
f 1113/1143/1113 1104/1134/1104 1097/1127/1097
f 1114/1144/1114 1097/1127/1097 1099/1129/1099
f 1115/1146/1115 1099/1129/1099 1101/1131/1101
f 1116/1147/1116 1101/1131/1101 1103/1133/1103
s 94
f 1117/1148/1117 1118/1149/1118 1119/1150/1119
f 1118/1149/1118 1120/1151/1120 1121/1152/1121
f 1120/1151/1120 1122/1153/1122 1123/1154/1123
f 1122/1153/1122 1124/1155/1124 1125/1156/1125
f 1124/1155/1124 1117/1148/1117 1126/1157/1126
f 1117/1148/1117 1119/1150/1119 1126/1157/1126
f 1118/1149/1118 1121/1152/1121 1119/1150/1119
f 1120/1151/1120 1123/1154/1123 1121/1152/1121
f 1122/1153/1122 1125/1156/1125 1123/1154/1123
f 1124/1155/1124 1126/1157/1126 1125/1156/1125
f 1127/1158/1127 1128/1159/1128 1129/1160/1129
f 1127/1158/1127 1130/1161/1130 1128/1159/1128
f 1127/1158/1127 1131/1162/1131 1130/1161/1130
f 1127/1158/1127 1132/1163/1132 1131/1162/1131
f 1127/1158/1127 1129/1160/1129 1132/1163/1132
f 1129/1160/1129 1128/1159/1128 1117/1148/1117
f 1128/1159/1128 1130/1161/1130 1118/1149/1118
f 1130/1161/1130 1131/1162/1131 1120/1151/1120
f 1131/1162/1131 1132/1163/1132 1122/1153/1122
f 1132/1163/1132 1129/1160/1129 1124/1155/1124
f 1129/1160/1129 1117/1148/1117 1124/1155/1124
f 1128/1159/1128 1118/1149/1118 1117/1148/1117
f 1130/1161/1130 1120/1151/1120 1118/1149/1118
f 1131/1162/1131 1122/1153/1122 1120/1151/1120
f 1132/1163/1132 1124/1155/1124 1122/1153/1122
f 1133/1164/1133 1134/1165/1134 1135/1166/1135
f 1133/1164/1133 1135/1166/1135 1136/1167/1136
f 1133/1164/1133 1136/1167/1136 1137/1168/1137
f 1133/1164/1133 1137/1169/1137 1138/1170/1138
f 1133/1164/1133 1138/1170/1138 1134/1165/1134
f 1134/1165/1134 1126/1157/1126 1135/1166/1135
f 1135/1166/1135 1119/1150/1119 1136/1167/1136
f 1136/1167/1136 1121/1152/1121 1137/1169/1137
f 1137/1169/1137 1123/1154/1123 1138/1170/1138
f 1138/1170/1138 1125/1156/1125 1134/1165/1134
f 1134/1165/1134 1125/1156/1125 1126/1157/1126
f 1135/1166/1135 1126/1157/1126 1119/1150/1119
f 1136/1167/1136 1119/1150/1119 1121/1152/1121
f 1137/1169/1137 1121/1152/1121 1123/1154/1123
f 1138/1170/1138 1123/1154/1123 1125/1156/1125
