# Blender v3.3.0 OBJ File: ''
# www.blender.org
o ItemRice.005
v 0.014575 0.005411 -0.053404
v 0.010156 0.011264 -0.050586
v 0.009855 0.005282 -0.038636
v 0.014275 -0.000571 -0.041454
v 0.002614 0.009375 -0.051721
v 0.002314 0.003393 -0.039771
v 0.002373 0.002355 -0.055241
v 0.002072 -0.003627 -0.043291
v 0.009765 -0.000095 -0.056282
v 0.009465 -0.006077 -0.044332
v 0.008100 0.011020 -0.063711
v 0.007278 -0.005326 -0.031059
v 0.032182 0.003715 0.018025
v 0.037806 0.005920 0.013001
v 0.045607 0.009430 0.023272
v 0.039984 0.007225 0.028297
v 0.036678 0.013500 0.011267
v 0.044479 0.017010 0.021539
v 0.030357 0.015980 0.015221
v 0.038158 0.019490 0.025492
v 0.027579 0.009932 0.019397
v 0.035380 0.013442 0.029669
v 0.026327 0.006765 0.006362
v 0.047643 0.016356 0.034428
v 0.047431 0.019202 0.004487
v 0.041416 0.021898 0.008763
v 0.042432 0.011315 0.016866
v 0.048447 0.008619 0.012590
v 0.034783 0.018954 0.005751
v 0.035800 0.008371 0.013853
v 0.036699 0.014439 -0.000387
v 0.037716 0.003856 0.007716
v 0.044515 0.014592 -0.001168
v 0.045532 0.004009 0.006935
v 0.039979 0.027082 -0.003387
v 0.042758 -0.001834 0.018753
v -0.019415 -0.008026 -0.024638
v -0.015386 -0.009319 -0.031258
v -0.003913 -0.008274 -0.024478
v -0.007943 -0.006982 -0.017858
v -0.014009 -0.002370 -0.034658
v -0.002536 -0.001326 -0.027878
v -0.017188 0.003216 -0.030139
v -0.005715 0.004260 -0.023359
v -0.020529 -0.000280 -0.023946
v -0.009056 0.000765 -0.017167
v -0.027145 -0.004355 -0.034953
v 0.004204 -0.001501 -0.016428
v 0.035567 0.020585 -0.014417
v 0.031475 0.026049 -0.010527
v 0.030037 0.017643 -0.000233
v 0.034129 0.012179 -0.004123
v 0.023882 0.025138 -0.012331
v 0.022445 0.016732 -0.002037
v 0.023282 0.019111 -0.017336
v 0.021844 0.010706 -0.007042
v 0.030503 0.016297 -0.018625
v 0.029066 0.007892 -0.008331
v 0.030139 0.028874 -0.023442
v 0.026211 0.005907 0.004685
v 0.048742 -0.005727 -0.019824
v 0.054404 -0.003303 -0.024702
v 0.061551 0.001012 -0.014263
v 0.055889 -0.001412 -0.009385
v 0.052855 0.004132 -0.026715
v 0.060002 0.008448 -0.016276
v 0.046236 0.006303 -0.023081
v 0.053383 0.010618 -0.012642
v 0.043694 0.000210 -0.018822
v 0.050841 0.004525 -0.008383
v 0.043163 -0.003411 -0.031788
v 0.062692 0.008379 -0.003264
v -0.013429 0.026659 -0.015548
v -0.020321 0.029190 -0.012751
v -0.019168 0.020855 -0.002365
v -0.012275 0.018323 -0.005162
v -0.025980 0.024650 -0.015767
v -0.024827 0.016314 -0.005381
v -0.022585 0.019312 -0.020428
v -0.021432 0.010977 -0.010041
v -0.014828 0.020554 -0.020292
v -0.013675 0.012219 -0.009906
v -0.020568 0.031401 -0.025851
v -0.017417 0.008625 0.002527
v -0.054798 0.002687 -0.010706
v -0.052990 -0.001978 -0.016764
v -0.040493 -0.003116 -0.012158
v -0.042301 0.001548 -0.006100
v -0.050412 0.002560 -0.022637
v -0.037915 0.001422 -0.018031
v -0.050627 0.010029 -0.020208
v -0.038130 0.008891 -0.015603
v -0.053337 0.010107 -0.012834
v -0.040841 0.008969 -0.008228
v -0.063230 0.005501 -0.020736
v -0.029084 0.002390 -0.008151
v -0.010423 0.026099 0.028236
v -0.014913 0.020784 0.024586
v -0.005058 0.011804 0.025538
v -0.000567 0.017119 0.029187
v -0.013610 0.021397 0.016863
v -0.003754 0.012417 0.017814
v -0.008313 0.027091 0.015739
v 0.001542 0.018111 0.016690
v -0.006344 0.029997 0.022768
v 0.003512 0.021017 0.023719
v -0.019392 0.032701 0.020780
v 0.007538 0.008165 0.023379
v -0.017529 0.020184 0.038702
v -0.025231 0.018916 0.039601
v -0.022599 0.007511 0.046058
v -0.014897 0.008780 0.045159
v -0.027757 0.014817 0.033392
v -0.025125 0.003413 0.039849
v -0.021617 0.013553 0.028656
v -0.018985 0.002149 0.035112
v -0.015296 0.016870 0.031938
v -0.012664 0.005466 0.038394
v -0.023956 0.026747 0.028942
v -0.016764 -0.004415 0.046584
v 0.006537 0.018671 -0.034832
v 0.002508 0.024713 -0.031833
v 0.002164 0.018589 -0.019957
v 0.006193 0.012547 -0.022956
v -0.005149 0.023250 -0.032810
v -0.005493 0.017125 -0.020934
v -0.005853 0.016303 -0.036413
v -0.006197 0.010178 -0.024537
v 0.001370 0.013473 -0.037663
v 0.001026 0.007349 -0.025787
v 0.000136 0.024765 -0.044907
v -0.000806 0.008030 -0.012456
v -0.024543 0.014153 0.006277
v -0.020127 0.014285 -0.000220
v -0.009180 0.015999 0.007256
v -0.013596 0.015867 0.013753
v -0.019625 0.021735 -0.002664
v -0.008677 0.023449 0.004812
v -0.023731 0.026208 0.002323
v -0.012783 0.027922 0.009799
v -0.026771 0.021522 0.007849
v -0.015823 0.023236 0.015325
v -0.032326 0.018037 -0.003920
v -0.002412 0.022720 0.016507
v -0.001352 -0.005758 0.021962
v 0.003837 -0.001447 0.017934
v 0.010513 0.001079 0.029236
v 0.005324 -0.003231 0.033264
v 0.001250 0.005971 0.017804
v 0.007926 0.008497 0.029105
v -0.005537 0.006245 0.021752
v 0.001139 0.008771 0.033054
v -0.007146 -0.001004 0.024322
v -0.000469 0.001522 0.035624
v -0.007408 -0.001332 0.010856
v 0.010833 0.005571 0.041737
v -0.007600 -0.006982 0.008004
v -0.002460 -0.004076 0.002821
v 0.006918 -0.003688 0.012339
v 0.001777 -0.006595 0.017522
v -0.002982 0.003762 0.003017
v 0.006395 0.004149 0.012535
v -0.008446 0.005699 0.008321
v 0.000932 0.006086 0.017839
v -0.011300 -0.000941 0.011403
v -0.001922 -0.000554 0.020921
v -0.014535 -0.000830 -0.001675
v 0.011088 0.000228 0.024332
v 0.046548 0.006812 0.003358
v 0.050277 0.013695 0.002693
v 0.052297 0.013879 0.015905
v 0.048568 0.006995 0.016571
v 0.044950 0.019424 0.003427
v 0.046970 0.019607 0.016640
v 0.037929 0.016080 0.004547
v 0.039948 0.016264 0.017759
v 0.038916 0.008286 0.004504
v 0.040936 0.008469 0.017717
v 0.042122 0.012840 -0.007763
v 0.047640 0.013342 0.028338
v -0.034889 -0.000193 0.038538
v -0.029354 0.002018 0.033419
v -0.020371 0.002431 0.043309
v -0.025906 0.000219 0.048429
v -0.029350 0.009868 0.033088
v -0.020367 0.010281 0.042978
v -0.034883 0.012508 0.038002
v -0.025900 0.012921 0.047893
v -0.038306 0.006290 0.041371
v -0.029323 0.006702 0.051261
v -0.040985 0.005735 0.028179
v -0.016441 0.006863 0.055204
v 0.046448 0.009705 -0.032611
v 0.039852 0.012538 -0.029419
v 0.039212 0.001924 -0.021319
v 0.045808 -0.000909 -0.024511
v 0.033770 0.009757 -0.033543
v 0.033130 -0.000857 -0.025443
v 0.036608 0.005205 -0.039284
v 0.035968 -0.005409 -0.031184
v 0.044443 0.005173 -0.038708
v 0.043804 -0.005441 -0.030608
v 0.040649 0.017771 -0.041607
v 0.038901 -0.011231 -0.019474
v 0.032204 0.018579 -0.015222
v 0.027980 0.011960 -0.014941
v 0.039252 0.004781 -0.014628
v 0.043475 0.011400 -0.014909
v 0.026679 0.009595 -0.022320
v 0.037951 0.002416 -0.022007
v 0.030099 0.014753 -0.027161
v 0.041370 0.007575 -0.026848
v 0.033513 0.020306 -0.022774
v 0.044784 0.013127 -0.022461
v 0.020227 0.021096 -0.020684
v 0.051025 0.001480 -0.019830
v -0.057877 0.003236 0.020492
v -0.058451 -0.002135 0.014786
v -0.046358 -0.006838 0.017998
v -0.045784 -0.001467 0.023704
v -0.055492 0.000984 0.008210
v -0.043399 -0.003720 0.011422
v -0.053089 0.008282 0.009851
v -0.040996 0.003578 0.013063
v -0.054563 0.009674 0.017442
v -0.042470 0.004971 0.020654
v -0.066410 0.007909 0.011274
v -0.033367 -0.004943 0.020049
v -0.001049 0.003297 -0.003514
v -0.003183 -0.003188 -0.007404
v 0.008905 -0.008467 -0.005233
v 0.011038 -0.001982 -0.001343
v -0.001379 -0.002176 -0.014984
v 0.010708 -0.007455 -0.012813
v 0.001868 0.004934 -0.015779
v 0.013956 -0.000345 -0.013608
v 0.002072 0.008316 -0.008690
v 0.014160 0.003038 -0.006519
v -0.010878 0.006622 -0.011997
v 0.022150 -0.007800 -0.006065
v 0.002835 0.020583 0.001362
v 0.003070 0.028356 0.002484
v 0.004402 0.026417 0.015642
v 0.004166 0.018644 0.014520
v -0.004289 0.030873 0.003599
v -0.002957 0.028933 0.016758
v -0.009073 0.024655 0.003167
v -0.007741 0.022715 0.016325
v -0.004670 0.018296 0.001784
v -0.003338 0.016356 0.014942
v -0.003510 0.026424 -0.008897
v 0.000128 0.021124 0.027057
v 0.026303 -0.000260 -0.021014
v 0.027462 0.007283 -0.019144
v 0.026761 0.004172 -0.006163
v 0.025602 -0.003371 -0.008033
v 0.020439 0.010777 -0.018686
v 0.019739 0.007666 -0.005705
v 0.014941 0.005394 -0.020273
v 0.014240 0.002283 -0.007292
v 0.018565 -0.001427 -0.021712
v 0.017864 -0.004538 -0.008731
v 0.022240 0.007225 -0.031363
v 0.020325 -0.001276 0.004107
v -0.025795 0.007407 -0.004216
v -0.029234 0.002023 -0.008790
v -0.018594 -0.005950 -0.007401
v -0.015156 -0.000565 -0.002828
v -0.027170 0.003481 -0.016229
v -0.016531 -0.004491 -0.014841
v -0.022456 0.009767 -0.016254
v -0.011817 0.001795 -0.014866
v -0.021607 0.012194 -0.008829
v -0.010968 0.004221 -0.007441
v -0.034580 0.013720 -0.012128
v -0.005509 -0.008064 -0.008335
v -0.018545 -0.008036 0.030097
v -0.013264 -0.007046 0.024364
v -0.004214 -0.003110 0.033380
v -0.009495 -0.004100 0.039113
v -0.013872 0.000338 0.021751
v -0.004822 0.004275 0.030767
v -0.019529 0.003913 0.025869
v -0.010479 0.007849 0.034885
v -0.022417 -0.001263 0.031027
v -0.013367 0.002673 0.040043
v -0.025214 -0.005864 0.018677
v -0.000487 0.004892 0.043312
v -0.037977 0.020627 -0.010627
v -0.043159 0.014778 -0.009808
v -0.033326 0.006616 -0.005885
v -0.028145 0.012466 -0.006703
v -0.043603 0.010951 -0.016656
v -0.033770 0.002790 -0.012732
v -0.038696 0.014435 -0.021706
v -0.028863 0.006274 -0.017783
v -0.035219 0.020415 -0.017980
v -0.025386 0.012254 -0.014057
v -0.048386 0.023183 -0.018673
v -0.021519 0.000883 -0.007954
v 0.020540 0.002599 0.004295
v 0.020290 0.009579 0.007894
v 0.019850 0.003445 0.019762
v 0.020099 -0.003535 0.016164
v 0.012749 0.011638 0.008678
v 0.012309 0.005504 0.020547
v 0.008337 0.005931 0.005565
v 0.007897 -0.000203 0.017433
v 0.013152 0.000344 0.002856
v 0.012712 -0.005790 0.014724
v 0.015452 0.011505 -0.004331
v 0.014249 -0.005255 0.028098
v -0.016003 0.003906 -0.047782
v -0.018247 0.011198 -0.045903
v -0.020694 0.007217 -0.033380
v -0.018450 -0.000074 -0.035259
v -0.025969 0.011779 -0.047228
v -0.028417 0.007798 -0.034704
v -0.028499 0.004846 -0.049925
v -0.030946 0.000866 -0.037402
v -0.022339 -0.000019 -0.050268
v -0.024786 -0.004000 -0.037744
v -0.020088 0.009984 -0.059007
v -0.026775 -0.000892 -0.024787
v -0.028087 0.023502 0.023431
v -0.032522 0.017068 0.022609
v -0.022832 0.009686 0.028113
v -0.018397 0.016120 0.028934
v -0.030942 0.013910 0.015591
v -0.021252 0.006528 0.021094
v -0.025530 0.018392 0.012074
v -0.015840 0.011010 0.017578
v -0.023766 0.024320 0.016920
v -0.014076 0.016938 0.022423
v -0.036698 0.025683 0.013395
v -0.010221 0.005513 0.028433
v -0.011457 0.008173 0.028826
v -0.005933 0.011418 0.024278
v 0.001746 0.013421 0.035035
v -0.003778 0.010176 0.039583
v -0.007357 0.019134 0.023859
v 0.000322 0.021136 0.034615
v -0.013762 0.020657 0.028147
v -0.006083 0.022660 0.038904
v -0.016296 0.013883 0.031217
v -0.008617 0.015886 0.041974
v -0.017449 0.012942 0.017827
v 0.003533 0.018414 0.047218
v 0.011749 0.008103 -0.033122
v 0.015983 0.014082 -0.035962
v 0.019862 0.017224 -0.023562
v 0.015628 0.011245 -0.020722
v 0.011381 0.020448 -0.036136
v 0.015260 0.023590 -0.023736
v 0.004304 0.018404 -0.033404
v 0.008183 0.021546 -0.021004
v 0.004531 0.010774 -0.031541
v 0.008410 0.013917 -0.019142
v 0.006385 0.011750 -0.044850
v 0.016983 0.020337 -0.010969
v 0.009901 0.012040 0.018510
v 0.015890 0.015167 0.014499
v 0.022966 0.016112 0.025800
v 0.016977 0.012985 0.029811
v 0.014957 0.022968 0.014431
v 0.022033 0.023913 0.025732
v 0.008391 0.024663 0.018400
v 0.015467 0.025607 0.029701
v 0.005267 0.017909 0.020921
v 0.012343 0.018854 0.032223
v 0.004924 0.017751 0.007454
v 0.024258 0.020332 0.038333
v 0.003875 0.010783 -0.043490
v 0.002414 0.018277 -0.041639
v 0.000473 0.014750 -0.028892
v 0.001934 0.007255 -0.030744
v -0.005299 0.019524 -0.042468
v -0.007240 0.015996 -0.029722
v -0.008605 0.012800 -0.044832
v -0.010546 0.009272 -0.032086
v -0.002935 0.007397 -0.045464
v -0.004876 0.003870 -0.032717
v -0.000404 0.017006 -0.054562
v -0.005707 0.007368 -0.019733
v 0.029619 0.019228 -0.029513
v 0.024597 0.023301 -0.025049
v 0.023335 0.012794 -0.016883
v 0.028356 0.008721 -0.021346
v 0.017342 0.022042 -0.027790
v 0.016079 0.011536 -0.019623
v 0.017879 0.017192 -0.033947
v 0.016617 0.006685 -0.025780
v 0.025467 0.015452 -0.035012
v 0.024205 0.004945 -0.026846
v 0.023998 0.028666 -0.037191
v 0.020549 -0.000042 -0.014876
v -0.020756 0.025147 0.023204
v -0.023654 0.018173 0.021036
v -0.013574 0.012034 0.027312
v -0.010677 0.019008 0.029480
v -0.020488 0.016280 0.014099
v -0.010408 0.010141 0.020375
v -0.015634 0.022083 0.011980
v -0.005554 0.015944 0.018256
v -0.015800 0.027564 0.017607
v -0.005720 0.021425 0.023883
v -0.028103 0.026992 0.012148
v -0.000562 0.010218 0.029297
v 0.015724 0.011855 -0.017338
v 0.019924 0.017634 -0.020609
v 0.024172 0.021397 -0.008507
v 0.019972 0.015619 -0.005235
v 0.015370 0.024025 -0.020998
v 0.019618 0.027788 -0.008895
v 0.008356 0.022196 -0.017967
v 0.012604 0.025959 -0.005864
v 0.008574 0.014675 -0.015705
v 0.012823 0.018438 -0.003602
v 0.010063 0.014921 -0.029093
v 0.021672 0.025204 0.003976
v 0.019280 0.013908 0.004665
v 0.022150 0.009903 -0.001456
v 0.034099 0.009348 0.004509
v 0.031230 0.013352 0.010630
v 0.024978 0.015088 -0.006638
v 0.036927 0.014532 -0.000674
v 0.023856 0.022296 -0.003720
v 0.035806 0.021740 0.002245
v 0.020335 0.021567 0.003266
v 0.032285 0.021011 0.009231
v 0.011824 0.016880 -0.006067
v 0.044475 0.015361 0.010231
v -0.023407 0.012132 -0.010661
v -0.019963 0.019059 -0.012038
v -0.016396 0.019843 0.000820
v -0.019840 0.012916 0.002198
v -0.025313 0.024699 -0.010898
v -0.021746 0.025483 0.001960
v -0.032063 0.021258 -0.008816
v -0.028496 0.022042 0.004043
v -0.030885 0.013492 -0.008669
v -0.027317 0.014276 0.004189
v -0.029276 0.017591 -0.021402
v -0.019530 0.019733 0.013733
v 0.004949 0.007636 -0.036643
v 0.007098 0.003663 -0.043072
v 0.019370 0.002103 -0.038007
v 0.017221 0.006076 -0.031578
v 0.009907 0.008822 -0.048289
v 0.022179 0.007262 -0.043224
v 0.009495 0.015984 -0.045084
v 0.021766 0.014424 -0.040019
v 0.006431 0.015251 -0.037886
v 0.018703 0.013691 -0.032822
v -0.003019 0.011470 -0.046714
v 0.030512 0.007208 -0.032875
v 0.004387 0.002853 -0.020601
v 0.003563 -0.003495 -0.025157
v 0.014942 -0.008499 -0.020243
v 0.015766 -0.002151 -0.015687
v 0.007150 -0.002056 -0.031998
v 0.018529 -0.007060 -0.027083
v 0.010190 0.005181 -0.031670
v 0.021570 0.000177 -0.026755
v 0.008483 0.008215 -0.024626
v 0.019862 0.003211 -0.019712
v -0.003155 0.006288 -0.031134
v 0.027938 -0.007385 -0.017706
v -0.013895 0.028946 0.001942
v -0.018199 0.022953 -0.000758
v -0.008214 0.014519 0.002044
v -0.003910 0.020512 0.004745
v -0.016714 0.022161 -0.008433
v -0.006729 0.013727 -0.005630
v -0.011492 0.027664 -0.010476
v -0.001507 0.019231 -0.007673
v -0.009750 0.031858 -0.004064
v 0.000235 0.023424 -0.001261
v -0.022790 0.033864 -0.006795
v 0.004493 0.010820 0.000864
v -0.031083 0.004566 0.009091
v -0.030120 -0.001173 0.003811
v -0.018369 -0.004306 0.009361
v -0.019333 0.001433 0.014640
v -0.026379 0.001847 -0.002403
v -0.014629 -0.001286 0.003147
v -0.025031 0.009453 -0.000964
v -0.013281 0.006320 0.004586
v -0.027938 0.011133 0.006139
v -0.016188 0.008000 0.011689
v -0.038293 0.007696 -0.001764
v -0.006187 -0.000864 0.013400
v 0.037604 0.004832 0.029709
v 0.039906 0.012137 0.031460
v 0.039668 0.009092 0.044474
v 0.037366 0.001787 0.042722
v 0.033474 0.016555 0.032376
v 0.033236 0.013510 0.045390
v 0.027197 0.011981 0.031191
v 0.026959 0.008936 0.044204
v 0.029750 0.004735 0.029542
v 0.029511 0.001690 0.042556
v 0.033910 0.012848 0.019623
v 0.033259 0.004528 0.055181
v -0.001147 0.014802 0.012423
v 0.003449 0.016079 0.006180
v 0.013774 0.018581 0.014292
v 0.009178 0.017303 0.020535
v 0.003021 0.023713 0.004371
v 0.013346 0.026215 0.012483
v -0.001840 0.027153 0.009496
v 0.008485 0.029655 0.017609
v -0.004416 0.021646 0.014473
v 0.005910 0.024148 0.022585
v -0.009001 0.018482 0.002206
v 0.019212 0.025318 0.024372
v 0.051951 0.009670 -0.011323
v 0.049301 0.016490 -0.008459
v 0.044682 0.010151 0.002365
v 0.047332 0.003331 -0.000499
v 0.041939 0.017499 -0.011010
v 0.037320 0.011159 -0.000187
v 0.040038 0.011302 -0.015451
v 0.035419 0.004962 -0.004627
v 0.046226 0.006464 -0.015644
v 0.041607 0.000124 -0.004821
v 0.049882 0.017955 -0.021653
v 0.037261 0.000632 0.007922
v 0.018687 0.022827 0.037240
v 0.011675 0.020243 0.039668
v 0.017167 0.008542 0.043074
v 0.024178 0.011125 0.040646
v 0.008113 0.016797 0.033571
v 0.013604 0.005096 0.036978
v 0.012923 0.017250 0.027375
v 0.018415 0.005549 0.030782
v 0.019458 0.020977 0.029643
v 0.024949 0.009276 0.033049
v 0.009253 0.029713 0.030667
v 0.024257 -0.002260 0.039975
v -0.010779 0.009031 0.046704
v -0.008359 0.005083 0.040357
v 0.003700 0.003540 0.045916
v 0.001279 0.007489 0.052263
v -0.005352 0.010265 0.035274
v 0.006706 0.008722 0.040833
v -0.005915 0.017416 0.038479
v 0.006144 0.015873 0.044038
v -0.009269 0.016654 0.045543
v 0.002790 0.015111 0.051102
v -0.018339 0.012874 0.036326
v 0.014609 0.008659 0.051514
v 0.000852 0.014906 -0.028367
v 0.002637 0.022525 -0.027661
v 0.002863 0.021239 -0.014358
v 0.001078 0.013620 -0.015064
v -0.004088 0.026557 -0.027157
v -0.003862 0.025271 -0.013853
v -0.010029 0.021430 -0.027551
v -0.009802 0.020144 -0.014248
v -0.006976 0.014230 -0.028299
v -0.006749 0.012944 -0.014996
v -0.003611 0.021218 -0.039315
v -0.002993 0.017704 -0.002965
v -0.001924 -0.005313 -0.019180
v 0.000081 0.002170 -0.017871
v 0.000847 -0.000327 -0.004762
v -0.001159 -0.007811 -0.006071
v -0.006511 0.006282 -0.016703
v -0.005746 0.003784 -0.003594
v -0.012591 0.001340 -0.017290
v -0.011826 -0.001158 -0.004181
v -0.009756 -0.005826 -0.018821
v -0.008991 -0.008324 -0.005711
v -0.006692 0.002064 -0.029302
v -0.004601 -0.004760 0.006518
v -0.046149 0.000164 -0.001764
v -0.041591 0.005564 -0.005199
v -0.035584 0.007938 0.006504
v -0.040142 0.002539 0.009939
v -0.045259 0.012496 -0.004723
v -0.039252 0.014870 0.006980
v -0.052084 0.011380 -0.000993
v -0.046077 0.013755 0.010710
v -0.052634 0.003759 0.000836
v -0.046627 0.006133 0.012538
v -0.052591 0.004705 -0.012604
v -0.036177 0.011193 0.019373
v 0.013491 0.010636 -0.004734
v 0.015709 0.018156 -0.005243
v 0.018714 0.018152 0.007782
v 0.016497 0.010632 0.008291
v 0.009425 0.022644 -0.003792
v 0.012431 0.022640 0.009233
v 0.003324 0.017897 -0.002386
v 0.006329 0.017893 0.010639
v 0.005837 0.010476 -0.002968
v 0.008842 0.010472 0.010057
v 0.007068 0.016133 -0.015133
v 0.015280 0.016123 0.020456
v -0.033397 0.000990 -0.032745
v -0.031870 0.008659 -0.033510
v -0.030444 0.009697 -0.020260
v -0.031971 0.002028 -0.019495
v -0.038685 0.012546 -0.033081
v -0.037258 0.013584 -0.019831
v -0.044423 0.007280 -0.032051
v -0.042997 0.008317 -0.018801
v -0.041155 0.000137 -0.031843
v -0.039729 0.001175 -0.018593
v -0.039042 0.005201 -0.044148
v -0.035145 0.008037 -0.007943
v -0.019528 0.009909 -0.040319
v -0.020129 0.017372 -0.037934
v -0.018030 0.013507 -0.025311
v -0.017429 0.006045 -0.027696
v -0.027672 0.018782 -0.036249
v -0.025573 0.014917 -0.023626
v -0.031733 0.012191 -0.037591
v -0.029634 0.008327 -0.024968
v -0.026700 0.006708 -0.040107
v -0.024601 0.002843 -0.027484
v -0.026923 0.016532 -0.049323
v -0.021188 0.005973 -0.014832
v 0.047694 0.003392 0.041254
v 0.045001 -0.003858 0.039869
v 0.052641 -0.004605 0.028925
v 0.055334 0.002645 0.030310
v 0.038598 -0.003248 0.035357
v 0.046237 -0.003995 0.024413
v 0.037333 0.004378 0.033954
v 0.044972 0.003632 0.023010
v 0.042955 0.008482 0.037598
v 0.050594 0.007736 0.026655
v 0.035679 0.002272 0.047086
v 0.056553 0.000232 0.017184
v 0.016615 0.002608 0.000487
v 0.015688 -0.003430 -0.004453
v 0.025920 -0.009763 0.001368
v 0.026846 -0.003725 0.006309
v 0.020129 -0.002084 -0.010793
v 0.030361 -0.008417 -0.004972
v 0.023801 0.004787 -0.009771
v 0.034032 -0.001546 -0.003949
v 0.021629 0.007687 -0.002799
v 0.031860 0.001354 0.003022
v 0.010647 0.007223 -0.010590
v 0.038603 -0.010082 0.005317
v -0.037571 0.017893 0.020367
v -0.043287 0.014609 0.024641
v -0.034456 0.011756 0.034261
v -0.028739 0.015039 0.029987
v -0.043674 0.006996 0.022738
v -0.034842 0.004142 0.032358
v -0.038197 0.005574 0.017288
v -0.029365 0.002721 0.026907
v -0.034424 0.012309 0.015822
v -0.025593 0.009456 0.025442
v -0.047234 0.013922 0.011972
v -0.023102 0.006126 0.038257
v 0.017421 0.002974 -0.036478
v 0.021936 -0.000370 -0.041970
v 0.032622 0.001089 -0.034073
v 0.028106 0.004433 -0.028580
v 0.024640 0.005310 -0.046678
v 0.035326 0.006769 -0.038780
v 0.021796 0.012164 -0.044096
v 0.032482 0.013622 -0.036198
v 0.017334 0.010720 -0.037792
v 0.028019 0.012179 -0.029894
v 0.011471 0.004757 -0.048354
v 0.040667 0.008742 -0.026775
v -0.019627 0.011026 0.054367
v -0.020867 0.003797 0.057185
v -0.007908 0.000944 0.055568
v -0.006668 0.008173 0.052750
v -0.022654 -0.000892 0.051139
v -0.009695 -0.003745 0.049522
v -0.022518 0.003438 0.044585
v -0.009560 0.000585 0.042968
v -0.020648 0.010804 0.046580
v -0.007689 0.007951 0.044962
v -0.032506 0.007947 0.052300
v 0.002902 0.000152 0.047881
v -0.002162 0.016697 -0.016944
v 0.003217 0.019776 -0.021773
v 0.011628 0.021219 -0.011485
v 0.006249 0.018140 -0.006656
v 0.002129 0.027554 -0.021975
v 0.010541 0.028998 -0.011687
v -0.003921 0.029283 -0.017271
v 0.004490 0.030727 -0.006983
v -0.006574 0.022573 -0.014161
v 0.001838 0.024016 -0.003873
v -0.008592 0.021945 -0.027467
v 0.014392 0.025888 0.000644
v -0.007608 0.020926 -0.025905
v -0.012921 0.025595 -0.022484
v -0.014823 0.016436 -0.012936
v -0.009509 0.011767 -0.016357
v -0.019964 0.023891 -0.025522
v -0.021866 0.014732 -0.015973
v -0.019004 0.018169 -0.030819
v -0.020905 0.009010 -0.021271
v -0.011367 0.016337 -0.031057
v -0.013268 0.007177 -0.021508
v -0.012612 0.029060 -0.035309
v -0.017807 0.004033 -0.009219
v 0.024392 0.007341 0.020212
v 0.030115 0.011939 0.017410
v 0.034865 0.013572 0.029798
v 0.029143 0.008975 0.032599
v 0.027505 0.019350 0.017434
v 0.032256 0.020984 0.029821
v 0.020170 0.019332 0.020249
v 0.024921 0.020966 0.032636
v 0.018246 0.011910 0.021966
v 0.022997 0.013544 0.034353
v 0.020149 0.012622 0.008648
v 0.033131 0.017087 0.042494
v 0.004958 0.010131 0.024384
v 0.008802 0.016577 0.022058
v 0.013092 0.018533 0.034566
v 0.009248 0.012088 0.036892
v 0.003930 0.022699 0.022771
v 0.008220 0.024656 0.035279
v -0.002925 0.020038 0.025539
v 0.001365 0.021994 0.038047
v -0.002290 0.012270 0.026536
v 0.002000 0.014227 0.039044
v -0.001075 0.014773 0.013353
v 0.010647 0.020119 0.047530
v -0.036574 0.023446 0.011845
v -0.042193 0.018462 0.009538
v -0.035288 0.008268 0.014741
v -0.029669 0.013251 0.017048
v -0.040412 0.015975 0.002301
v -0.033506 0.005781 0.007504
v -0.033692 0.019422 0.000135
v -0.026786 0.009228 0.005338
v -0.031320 0.024039 0.006034
v -0.024414 0.013845 0.011236
v -0.042989 0.028984 0.001462
v -0.024120 0.001129 0.015678
v -0.005322 0.014060 -0.047818
v -0.012810 0.015535 -0.045948
v -0.013707 0.003551 -0.040094
v -0.006219 0.002077 -0.041964
v -0.017332 0.012991 -0.051848
v -0.018229 0.001008 -0.045994
v -0.012640 0.009945 -0.057365
v -0.013537 -0.002039 -0.051511
v -0.005217 0.010606 -0.054874
v -0.006114 -0.001378 -0.049020
v -0.010054 0.023069 -0.056541
v -0.012505 -0.009674 -0.040545
v -0.003090 0.018546 -0.012258
v 0.000644 0.015593 -0.018509
v 0.011981 0.014992 -0.011454
v 0.008248 0.017945 -0.005203
v 0.003547 0.021597 -0.022663
v 0.014885 0.020996 -0.015608
v 0.001608 0.028261 -0.018979
v 0.012946 0.027660 -0.011924
v -0.002494 0.026375 -0.012549
v 0.008844 0.025774 -0.005493
v -0.009700 0.022463 -0.023239
v 0.021279 0.020821 -0.003961
v 0.015949 0.019013 0.016859
v 0.015521 0.013689 0.011096
v 0.027510 0.008930 0.014604
v 0.027937 0.014254 0.020367
v 0.018669 0.016853 0.004630
v 0.030658 0.012094 0.008138
v 0.021042 0.024132 0.006397
v 0.033030 0.019373 0.009904
v 0.019360 0.025467 0.013955
v 0.031349 0.020708 0.017462
v 0.007685 0.023780 0.007446
v 0.040443 0.010777 0.017030
vt 0.915000 0.040600
vt 0.915000 0.035200
vt 0.936800 0.035200
vt 0.936800 0.040600
vt 0.915000 0.040600
vt 0.936800 0.040600
vt 0.915000 0.048100
vt 0.936800 0.048100
vt 0.915000 0.052100
vt 0.936800 0.052100
vt 0.896200 0.043400
vt 0.955700 0.043400
vt 0.915000 0.040600
vt 0.915000 0.035200
vt 0.936800 0.035200
vt 0.936800 0.040600
vt 0.915000 0.040600
vt 0.936800 0.040600
vt 0.915000 0.048100
vt 0.936800 0.048100
vt 0.915000 0.052100
vt 0.936800 0.052100
vt 0.896200 0.043400
vt 0.955700 0.043400
vt 0.915000 0.040600
vt 0.915000 0.035200
vt 0.936800 0.035200
vt 0.936800 0.040600
vt 0.915000 0.040600
vt 0.936800 0.040600
vt 0.915000 0.048100
vt 0.936800 0.048100
vt 0.915000 0.052100
vt 0.936800 0.052100
vt 0.896200 0.043400
vt 0.955700 0.043400
vt 0.915000 0.040600
vt 0.915000 0.035200
vt 0.936800 0.035200
vt 0.936800 0.040600
vt 0.915000 0.040600
vt 0.936800 0.040600
vt 0.915000 0.048100
vt 0.936800 0.048100
vt 0.915000 0.052100
vt 0.936800 0.052100
vt 0.896200 0.043400
vt 0.955700 0.043400
vt 0.915000 0.040600
vt 0.915000 0.035200
vt 0.936800 0.035200
vt 0.936800 0.040600
vt 0.915000 0.040600
vt 0.936800 0.040600
vt 0.915000 0.048100
vt 0.936800 0.048100
vt 0.915000 0.052100
vt 0.936800 0.052100
vt 0.896200 0.043400
vt 0.955700 0.043400
vt 0.915000 0.040600
vt 0.915000 0.035200
vt 0.936800 0.035200
vt 0.936800 0.040600
vt 0.915000 0.040600
vt 0.936800 0.040600
vt 0.915000 0.048100
vt 0.936800 0.048100
vt 0.915000 0.052100
vt 0.936800 0.052100
vt 0.896200 0.043400
vt 0.955700 0.043400
vt 0.915000 0.040600
vt 0.915000 0.035200
vt 0.936800 0.035200
vt 0.936800 0.040600
vt 0.915000 0.040600
vt 0.936800 0.040600
vt 0.915000 0.048100
vt 0.936800 0.048100
vt 0.915000 0.052100
vt 0.936800 0.052100
vt 0.896200 0.043400
vt 0.955700 0.043400
vt 0.915000 0.040600
vt 0.915000 0.035200
vt 0.936800 0.035200
vt 0.936800 0.040600
vt 0.915000 0.040600
vt 0.936800 0.040600
vt 0.915000 0.048100
vt 0.936800 0.048100
vt 0.915000 0.052100
vt 0.936800 0.052100
vt 0.896200 0.043400
vt 0.955700 0.043400
vt 0.915000 0.040600
vt 0.915000 0.035200
vt 0.936800 0.035200
vt 0.936800 0.040600
vt 0.915000 0.040600
vt 0.936800 0.040600
vt 0.915000 0.048100
vt 0.936800 0.048100
vt 0.915000 0.052100
vt 0.936800 0.052100
vt 0.896200 0.043400
vt 0.955700 0.043400
vt 0.915000 0.040600
vt 0.915000 0.035200
vt 0.936800 0.035200
vt 0.936800 0.040600
vt 0.915000 0.040600
vt 0.936800 0.040600
vt 0.915000 0.048100
vt 0.936800 0.048100
vt 0.915000 0.052100
vt 0.936800 0.052100
vt 0.896200 0.043400
vt 0.955700 0.043400
vt 0.915000 0.040600
vt 0.915000 0.035200
vt 0.936800 0.035200
vt 0.936800 0.040600
vt 0.915000 0.040600
vt 0.936800 0.040600
vt 0.915000 0.048100
vt 0.936800 0.048100
vt 0.915000 0.052100
vt 0.936800 0.052100
vt 0.896200 0.043400
vt 0.955700 0.043400
vt 0.915000 0.040600
vt 0.915000 0.035200
vt 0.936800 0.035200
vt 0.936800 0.040600
vt 0.915000 0.040600
vt 0.936800 0.040600
vt 0.915000 0.048100
vt 0.936800 0.048100
vt 0.915000 0.052100
vt 0.936800 0.052100
vt 0.896200 0.043400
vt 0.955700 0.043400
vt 0.915000 0.040600
vt 0.915000 0.035200
vt 0.936800 0.035200
vt 0.936800 0.040600
vt 0.915000 0.040600
vt 0.936800 0.040600
vt 0.915000 0.048100
vt 0.936800 0.048100
vt 0.915000 0.052100
vt 0.936800 0.052100
vt 0.896200 0.043400
vt 0.955700 0.043400
vt 0.915000 0.040600
vt 0.915000 0.035200
vt 0.936800 0.035200
vt 0.936800 0.040600
vt 0.915000 0.040600
vt 0.936800 0.040600
vt 0.915000 0.048100
vt 0.936800 0.048100
vt 0.915000 0.052100
vt 0.936800 0.052100
vt 0.896200 0.043400
vt 0.955700 0.043400
vt 0.915000 0.040600
vt 0.915000 0.035200
vt 0.936800 0.035200
vt 0.936800 0.040600
vt 0.915000 0.040600
vt 0.936800 0.040600
vt 0.915000 0.048100
vt 0.936800 0.048100
vt 0.915000 0.052100
vt 0.936800 0.052100
vt 0.896200 0.043400
vt 0.955700 0.043400
vt 0.915000 0.040600
vt 0.915000 0.035200
vt 0.936800 0.035200
vt 0.936800 0.040600
vt 0.915000 0.040600
vt 0.936800 0.040600
vt 0.915000 0.048100
vt 0.936800 0.048100
vt 0.915000 0.052100
vt 0.936800 0.052100
vt 0.896200 0.043400
vt 0.955700 0.043400
vt 0.915000 0.040600
vt 0.915000 0.035200
vt 0.936800 0.035200
vt 0.936800 0.040600
vt 0.915000 0.040600
vt 0.936800 0.040600
vt 0.915000 0.048100
vt 0.936800 0.048100
vt 0.915000 0.052100
vt 0.936800 0.052100
vt 0.896200 0.043400
vt 0.955700 0.043400
vt 0.915000 0.040600
vt 0.915000 0.035200
vt 0.936800 0.035200
vt 0.936800 0.040600
vt 0.915000 0.040600
vt 0.936800 0.040600
vt 0.915000 0.048100
vt 0.936800 0.048100
vt 0.915000 0.052100
vt 0.936800 0.052100
vt 0.896200 0.043400
vt 0.955700 0.043400
vt 0.915000 0.040600
vt 0.915000 0.035200
vt 0.936800 0.035200
vt 0.936800 0.040600
vt 0.915000 0.040600
vt 0.936800 0.040600
vt 0.915000 0.048100
vt 0.936800 0.048100
vt 0.915000 0.052100
vt 0.936800 0.052100
vt 0.896200 0.043400
vt 0.955700 0.043400
vt 0.915000 0.040600
vt 0.915000 0.035200
vt 0.936800 0.035200
vt 0.936800 0.040600
vt 0.915000 0.040600
vt 0.936800 0.040600
vt 0.915000 0.048100
vt 0.936800 0.048100
vt 0.915000 0.052100
vt 0.936800 0.052100
vt 0.896200 0.043400
vt 0.955700 0.043400
vt 0.915000 0.040600
vt 0.915000 0.035200
vt 0.936800 0.035200
vt 0.936800 0.040600
vt 0.915000 0.040600
vt 0.936800 0.040600
vt 0.915000 0.048100
vt 0.936800 0.048100
vt 0.915000 0.052100
vt 0.936800 0.052100
vt 0.896200 0.043400
vt 0.955700 0.043400
vt 0.915000 0.040600
vt 0.915000 0.035200
vt 0.936800 0.035200
vt 0.936800 0.040600
vt 0.915000 0.040600
vt 0.936800 0.040600
vt 0.915000 0.048100
vt 0.936800 0.048100
vt 0.915000 0.052100
vt 0.936800 0.052100
vt 0.896200 0.043400
vt 0.955700 0.043400
vt 0.915000 0.040600
vt 0.915000 0.035200
vt 0.936800 0.035200
vt 0.936800 0.040600
vt 0.915000 0.040600
vt 0.936800 0.040600
vt 0.915000 0.048100
vt 0.936800 0.048100
vt 0.915000 0.052100
vt 0.936800 0.052100
vt 0.896200 0.043400
vt 0.955700 0.043400
vt 0.915000 0.040600
vt 0.915000 0.035200
vt 0.936800 0.035200
vt 0.936800 0.040600
vt 0.915000 0.040600
vt 0.936800 0.040600
vt 0.915000 0.048100
vt 0.936800 0.048100
vt 0.915000 0.052100
vt 0.936800 0.052100
vt 0.896200 0.043400
vt 0.955700 0.043400
vt 0.915000 0.040600
vt 0.915000 0.035200
vt 0.936800 0.035200
vt 0.936800 0.040600
vt 0.915000 0.040600
vt 0.936800 0.040600
vt 0.915000 0.048100
vt 0.936800 0.048100
vt 0.915000 0.052100
vt 0.936800 0.052100
vt 0.896200 0.043400
vt 0.955700 0.043400
vt 0.915000 0.040600
vt 0.915000 0.035200
vt 0.936800 0.035200
vt 0.936800 0.040600
vt 0.915000 0.040600
vt 0.936800 0.040600
vt 0.915000 0.048100
vt 0.936800 0.048100
vt 0.915000 0.052100
vt 0.936800 0.052100
vt 0.896200 0.043400
vt 0.955700 0.043400
vt 0.915000 0.040600
vt 0.915000 0.035200
vt 0.936800 0.035200
vt 0.936800 0.040600
vt 0.915000 0.040600
vt 0.936800 0.040600
vt 0.915000 0.048100
vt 0.936800 0.048100
vt 0.915000 0.052100
vt 0.936800 0.052100
vt 0.896200 0.043400
vt 0.955700 0.043400
vt 0.915000 0.040600
vt 0.915000 0.035200
vt 0.936800 0.035200
vt 0.936800 0.040600
vt 0.915000 0.040600
vt 0.936800 0.040600
vt 0.915000 0.048100
vt 0.936800 0.048100
vt 0.915000 0.052100
vt 0.936800 0.052100
vt 0.896200 0.043400
vt 0.955700 0.043400
vt 0.915000 0.040600
vt 0.915000 0.035200
vt 0.936800 0.035200
vt 0.936800 0.040600
vt 0.915000 0.040600
vt 0.936800 0.040600
vt 0.915000 0.048100
vt 0.936800 0.048100
vt 0.915000 0.052100
vt 0.936800 0.052100
vt 0.896200 0.043400
vt 0.955700 0.043400
vt 0.915000 0.040600
vt 0.915000 0.035200
vt 0.936800 0.035200
vt 0.936800 0.040600
vt 0.915000 0.040600
vt 0.936800 0.040600
vt 0.915000 0.048100
vt 0.936800 0.048100
vt 0.915000 0.052100
vt 0.936800 0.052100
vt 0.896200 0.043400
vt 0.955700 0.043400
vt 0.915000 0.040600
vt 0.915000 0.035200
vt 0.936800 0.035200
vt 0.936800 0.040600
vt 0.915000 0.040600
vt 0.936800 0.040600
vt 0.915000 0.048100
vt 0.936800 0.048100
vt 0.915000 0.052100
vt 0.936800 0.052100
vt 0.896200 0.043400
vt 0.955700 0.043400
vt 0.915000 0.040600
vt 0.915000 0.035200
vt 0.936800 0.035200
vt 0.936800 0.040600
vt 0.915000 0.040600
vt 0.936800 0.040600
vt 0.915000 0.048100
vt 0.936800 0.048100
vt 0.915000 0.052100
vt 0.936800 0.052100
vt 0.896200 0.043400
vt 0.955700 0.043400
vt 0.915000 0.040600
vt 0.915000 0.035200
vt 0.936800 0.035200
vt 0.936800 0.040600
vt 0.915000 0.040600
vt 0.936800 0.040600
vt 0.915000 0.048100
vt 0.936800 0.048100
vt 0.915000 0.052100
vt 0.936800 0.052100
vt 0.896200 0.043400
vt 0.955700 0.043400
vt 0.915000 0.040600
vt 0.915000 0.035200
vt 0.936800 0.035200
vt 0.936800 0.040600
vt 0.915000 0.040600
vt 0.936800 0.040600
vt 0.915000 0.048100
vt 0.936800 0.048100
vt 0.915000 0.052100
vt 0.936800 0.052100
vt 0.896200 0.043400
vt 0.955700 0.043400
vt 0.915000 0.040600
vt 0.915000 0.035200
vt 0.936800 0.035200
vt 0.936800 0.040600
vt 0.915000 0.040600
vt 0.936800 0.040600
vt 0.915000 0.048100
vt 0.936800 0.048100
vt 0.915000 0.052100
vt 0.936800 0.052100
vt 0.896200 0.043400
vt 0.955700 0.043400
vt 0.915000 0.040600
vt 0.915000 0.035200
vt 0.936800 0.035200
vt 0.936800 0.040600
vt 0.915000 0.040600
vt 0.936800 0.040600
vt 0.915000 0.048100
vt 0.936800 0.048100
vt 0.915000 0.052100
vt 0.936800 0.052100
vt 0.896200 0.043400
vt 0.955700 0.043400
vt 0.915000 0.040600
vt 0.915000 0.035200
vt 0.936800 0.035200
vt 0.936800 0.040600
vt 0.915000 0.040600
vt 0.936800 0.040600
vt 0.915000 0.048100
vt 0.936800 0.048100
vt 0.915000 0.052100
vt 0.936800 0.052100
vt 0.896200 0.043400
vt 0.955700 0.043400
vt 0.915000 0.040600
vt 0.915000 0.035200
vt 0.936800 0.035200
vt 0.936800 0.040600
vt 0.915000 0.040600
vt 0.936800 0.040600
vt 0.915000 0.048100
vt 0.936800 0.048100
vt 0.915000 0.052100
vt 0.936800 0.052100
vt 0.896200 0.043400
vt 0.955700 0.043400
vt 0.915000 0.040600
vt 0.915000 0.035200
vt 0.936800 0.035200
vt 0.936800 0.040600
vt 0.915000 0.040600
vt 0.936800 0.040600
vt 0.915000 0.048100
vt 0.936800 0.048100
vt 0.915000 0.052100
vt 0.936800 0.052100
vt 0.896200 0.043400
vt 0.955700 0.043400
vt 0.915000 0.040600
vt 0.915000 0.035200
vt 0.936800 0.035200
vt 0.936800 0.040600
vt 0.915000 0.040600
vt 0.936800 0.040600
vt 0.915000 0.048100
vt 0.936800 0.048100
vt 0.915000 0.052100
vt 0.936800 0.052100
vt 0.896200 0.043400
vt 0.955700 0.043400
vt 0.915000 0.040600
vt 0.915000 0.035200
vt 0.936800 0.035200
vt 0.936800 0.040600
vt 0.915000 0.040600
vt 0.936800 0.040600
vt 0.915000 0.048100
vt 0.936800 0.048100
vt 0.915000 0.052100
vt 0.936800 0.052100
vt 0.896200 0.043400
vt 0.955700 0.043400
vt 0.915000 0.040600
vt 0.915000 0.035200
vt 0.936800 0.035200
vt 0.936800 0.040600
vt 0.915000 0.040600
vt 0.936800 0.040600
vt 0.915000 0.048100
vt 0.936800 0.048100
vt 0.915000 0.052100
vt 0.936800 0.052100
vt 0.896200 0.043400
vt 0.955700 0.043400
vt 0.915000 0.040600
vt 0.915000 0.035200
vt 0.936800 0.035200
vt 0.936800 0.040600
vt 0.915000 0.040600
vt 0.936800 0.040600
vt 0.915000 0.048100
vt 0.936800 0.048100
vt 0.915000 0.052100
vt 0.936800 0.052100
vt 0.896200 0.043400
vt 0.955700 0.043400
vt 0.915000 0.040600
vt 0.915000 0.035200
vt 0.936800 0.035200
vt 0.936800 0.040600
vt 0.915000 0.040600
vt 0.936800 0.040600
vt 0.915000 0.048100
vt 0.936800 0.048100
vt 0.915000 0.052100
vt 0.936800 0.052100
vt 0.896200 0.043400
vt 0.955700 0.043400
vt 0.915000 0.040600
vt 0.915000 0.035200
vt 0.936800 0.035200
vt 0.936800 0.040600
vt 0.915000 0.040600
vt 0.936800 0.040600
vt 0.915000 0.048100
vt 0.936800 0.048100
vt 0.915000 0.052100
vt 0.936800 0.052100
vt 0.896200 0.043400
vt 0.955700 0.043400
vt 0.915000 0.040600
vt 0.915000 0.035200
vt 0.936800 0.035200
vt 0.936800 0.040600
vt 0.915000 0.040600
vt 0.936800 0.040600
vt 0.915000 0.048100
vt 0.936800 0.048100
vt 0.915000 0.052100
vt 0.936800 0.052100
vt 0.896200 0.043400
vt 0.955700 0.043400
vt 0.915000 0.040600
vt 0.915000 0.035200
vt 0.936800 0.035200
vt 0.936800 0.040600
vt 0.915000 0.040600
vt 0.936800 0.040600
vt 0.915000 0.048100
vt 0.936800 0.048100
vt 0.915000 0.052100
vt 0.936800 0.052100
vt 0.896200 0.043400
vt 0.955700 0.043400
vt 0.915000 0.040600
vt 0.915000 0.035200
vt 0.936800 0.035200
vt 0.936800 0.040600
vt 0.915000 0.040600
vt 0.936800 0.040600
vt 0.915000 0.048100
vt 0.936800 0.048100
vt 0.915000 0.052100
vt 0.936800 0.052100
vt 0.896200 0.043400
vt 0.955700 0.043400
vt 0.915000 0.040600
vt 0.915000 0.035200
vt 0.936800 0.035200
vt 0.936800 0.040600
vt 0.915000 0.040600
vt 0.936800 0.040600
vt 0.915000 0.048100
vt 0.936800 0.048100
vt 0.915000 0.052100
vt 0.936800 0.052100
vt 0.896200 0.043400
vt 0.955700 0.043400
vt 0.915000 0.040600
vt 0.915000 0.035200
vt 0.936800 0.035200
vt 0.936800 0.040600
vt 0.915000 0.040600
vt 0.936800 0.040600
vt 0.915000 0.048100
vt 0.936800 0.048100
vt 0.915000 0.052100
vt 0.936800 0.052100
vt 0.896200 0.043400
vt 0.955700 0.043400
vt 0.915000 0.040600
vt 0.915000 0.035200
vt 0.936800 0.035200
vt 0.936800 0.040600
vt 0.915000 0.040600
vt 0.936800 0.040600
vt 0.915000 0.048100
vt 0.936800 0.048100
vt 0.915000 0.052100
vt 0.936800 0.052100
vt 0.896200 0.043400
vt 0.955700 0.043400
vt 0.915000 0.040600
vt 0.915000 0.035200
vt 0.936800 0.035200
vt 0.936800 0.040600
vt 0.915000 0.040600
vt 0.936800 0.040600
vt 0.915000 0.048100
vt 0.936800 0.048100
vt 0.915000 0.052100
vt 0.936800 0.052100
vt 0.896200 0.043400
vt 0.955700 0.043400
vt 0.915000 0.040600
vt 0.915000 0.035200
vt 0.936800 0.035200
vt 0.936800 0.040600
vt 0.915000 0.040600
vt 0.936800 0.040600
vt 0.915000 0.048100
vt 0.936800 0.048100
vt 0.915000 0.052100
vt 0.936800 0.052100
vt 0.896200 0.043400
vt 0.955700 0.043400
vt 0.915000 0.040600
vt 0.915000 0.035200
vt 0.936800 0.035200
vt 0.936800 0.040600
vt 0.915000 0.040600
vt 0.936800 0.040600
vt 0.915000 0.048100
vt 0.936800 0.048100
vt 0.915000 0.052100
vt 0.936800 0.052100
vt 0.896200 0.043400
vt 0.955700 0.043400
vt 0.915000 0.040600
vt 0.915000 0.035200
vt 0.936800 0.035200
vt 0.936800 0.040600
vt 0.915000 0.040600
vt 0.936800 0.040600
vt 0.915000 0.048100
vt 0.936800 0.048100
vt 0.915000 0.052100
vt 0.936800 0.052100
vt 0.896200 0.043400
vt 0.955700 0.043400
vt 0.915000 0.040600
vt 0.915000 0.035200
vt 0.936800 0.035200
vt 0.936800 0.040600
vt 0.915000 0.040600
vt 0.936800 0.040600
vt 0.915000 0.048100
vt 0.936800 0.048100
vt 0.915000 0.052100
vt 0.936800 0.052100
vt 0.896200 0.043400
vt 0.955700 0.043400
vt 0.915000 0.040600
vt 0.915000 0.035200
vt 0.936800 0.035200
vt 0.936800 0.040600
vt 0.915000 0.040600
vt 0.936800 0.040600
vt 0.915000 0.048100
vt 0.936800 0.048100
vt 0.915000 0.052100
vt 0.936800 0.052100
vt 0.896200 0.043400
vt 0.955700 0.043400
vt 0.915000 0.040600
vt 0.915000 0.035200
vt 0.936800 0.035200
vt 0.936800 0.040600
vt 0.915000 0.040600
vt 0.936800 0.040600
vt 0.915000 0.048100
vt 0.936800 0.048100
vt 0.915000 0.052100
vt 0.936800 0.052100
vt 0.896200 0.043400
vt 0.955700 0.043400
vt 0.915000 0.040600
vt 0.915000 0.035200
vt 0.936800 0.035200
vt 0.936800 0.040600
vt 0.915000 0.040600
vt 0.936800 0.040600
vt 0.915000 0.048100
vt 0.936800 0.048100
vt 0.915000 0.052100
vt 0.936800 0.052100
vt 0.896200 0.043400
vt 0.955700 0.043400
vt 0.915000 0.040600
vt 0.915000 0.035200
vt 0.936800 0.035200
vt 0.936800 0.040600
vt 0.915000 0.040600
vt 0.936800 0.040600
vt 0.915000 0.048100
vt 0.936800 0.048100
vt 0.915000 0.052100
vt 0.936800 0.052100
vt 0.896200 0.043400
vt 0.955700 0.043400
vt 0.915000 0.040600
vt 0.915000 0.035200
vt 0.936800 0.035200
vt 0.936800 0.040600
vt 0.915000 0.040600
vt 0.936800 0.040600
vt 0.915000 0.048100
vt 0.936800 0.048100
vt 0.915000 0.052100
vt 0.936800 0.052100
vt 0.896200 0.043400
vt 0.955700 0.043400
vt 0.915000 0.040600
vt 0.915000 0.035200
vt 0.936800 0.035200
vt 0.936800 0.040600
vt 0.915000 0.040600
vt 0.936800 0.040600
vt 0.915000 0.048100
vt 0.936800 0.048100
vt 0.915000 0.052100
vt 0.936800 0.052100
vt 0.896200 0.043400
vt 0.955700 0.043400
vt 0.915000 0.040600
vt 0.915000 0.035200
vt 0.936800 0.035200
vt 0.936800 0.040600
vt 0.915000 0.040600
vt 0.936800 0.040600
vt 0.915000 0.048100
vt 0.936800 0.048100
vt 0.915000 0.052100
vt 0.936800 0.052100
vt 0.896200 0.043400
vt 0.955700 0.043400
vt 0.915000 0.040600
vt 0.915000 0.035200
vt 0.936800 0.035200
vt 0.936800 0.040600
vt 0.915000 0.040600
vt 0.936800 0.040600
vt 0.915000 0.048100
vt 0.936800 0.048100
vt 0.915000 0.052100
vt 0.936800 0.052100
vt 0.896200 0.043400
vt 0.955700 0.043400
vt 0.915000 0.040600
vt 0.915000 0.035200
vt 0.936800 0.035200
vt 0.936800 0.040600
vt 0.915000 0.040600
vt 0.936800 0.040600
vt 0.915000 0.048100
vt 0.936800 0.048100
vt 0.915000 0.052100
vt 0.936800 0.052100
vt 0.896200 0.043400
vt 0.955700 0.043400
vn 0.9756 0.0690 -0.2083
vn 0.3350 0.9190 0.2079
vn 0.3245 0.7105 0.6244
vn 0.9649 -0.1450 0.2191
vn -0.7641 0.6437 0.0425
vn -0.7745 0.4353 0.4590
vn -0.7962 -0.3748 -0.4750
vn -0.8069 -0.5887 -0.0476
vn 0.2766 -0.7269 -0.6285
vn 0.2658 -0.9442 -0.1945
vn 0.0186 0.4596 -0.8879
vn -0.0265 -0.4354 0.8999
vn -0.2482 -0.9476 0.2012
vn 0.5746 -0.6280 -0.5249
vn 0.8464 -0.5056 -0.1670
vn 0.0309 -0.8221 0.5685
vn 0.4101 0.4767 -0.7775
vn 0.6820 0.5990 -0.4195
vn -0.5132 0.8331 -0.2060
vn -0.2342 0.9587 0.1614
vn -0.9170 -0.0459 0.3962
vn -0.6337 0.0816 0.7693
vn -0.5723 -0.2628 -0.7768
vn 0.5948 0.2623 0.7599
vn 0.9211 0.3894 -0.0013
vn 0.0484 0.7783 0.6261
vn 0.0838 0.4094 0.9085
vn 0.9574 0.0110 0.2885
vn -0.9182 0.3492 0.1871
vn -0.8828 -0.0196 0.4694
vn -0.6372 -0.3021 -0.7090
vn -0.6008 -0.6807 -0.4192
vn 0.4963 -0.2760 -0.8231
vn 0.5332 -0.6603 -0.5288
vn -0.0836 0.7984 -0.5963
vn 0.0686 -0.7848 0.6159
vn -0.5124 -0.6960 0.5030
vn 0.0789 -0.8863 -0.4563
vn 0.4788 -0.8499 -0.2200
vn -0.1021 -0.6586 0.7455
vn 0.2795 0.1263 -0.9518
vn 0.6794 0.1627 -0.7155
vn -0.1890 0.9364 -0.2957
vn 0.2214 0.9737 -0.0532
vn -0.6763 0.4275 0.5999
vn -0.2595 0.4655 0.8461
vn -0.8514 -0.0846 -0.5176
vn 0.8650 0.0716 0.4966
vn 0.9881 0.0253 -0.1518
vn 0.3946 0.8173 0.4200
vn 0.3445 0.5243 0.7787
vn 0.9367 -0.2753 0.2164
vn -0.7119 0.6845 0.1570
vn -0.7620 0.3916 0.5158
vn -0.7957 -0.1887 -0.5756
vn -0.8471 -0.4893 -0.2074
vn 0.2527 -0.5933 -0.7643
vn 0.2006 -0.8985 -0.3905
vn 0.1042 0.6396 -0.7616
vn -0.1108 -0.6179 0.7784
vn -0.1938 -0.9557 0.2216
vn 0.6343 -0.6036 -0.4830
vn 0.8834 -0.4533 -0.1192
vn 0.0618 -0.8013 0.5950
vn 0.4086 0.4799 -0.7764
vn 0.6576 0.6304 -0.4125
vn -0.5577 0.7911 -0.2513
vn -0.3021 0.9454 0.1221
vn -0.9270 -0.0948 0.3630
vn -0.6674 0.0619 0.7421
vn -0.5231 -0.3225 -0.7889
vn 0.5462 0.3230 0.7729
vn 0.8518 0.5236 0.0179
vn -0.1489 0.8900 0.4310
vn -0.1087 0.5995 0.7930
vn 0.8931 0.2254 0.3894
vn -0.9735 0.2283 -0.0085
vn -0.9334 -0.0622 0.3535
vn -0.4776 -0.5431 -0.6906
vn -0.4364 -0.8413 -0.3190
vn 0.6468 -0.3594 -0.6727
vn 0.6887 -0.6621 -0.2955
vn -0.0959 0.6310 -0.7699
vn 0.0766 -0.6161 0.7839
vn -0.5672 -0.2677 0.7789
vn -0.2992 -0.9491 -0.0987
vn 0.1363 -0.9887 0.0618
vn -0.1202 -0.3085 0.9436
vn 0.0765 -0.2877 -0.9547
vn 0.5120 -0.3274 -0.7941
vn 0.0385 0.7984 -0.6009
vn 0.4855 0.7577 -0.4362
vn -0.3582 0.8083 0.4673
vn 0.0956 0.7669 0.6346
vn -0.9329 0.0737 -0.3525
vn 0.9367 -0.0966 0.3365
vn -0.1319 0.3108 0.9413
vn -0.7815 -0.4673 0.4134
vn -0.4380 -0.7802 0.4465
vn 0.2207 -0.0103 0.9753
vn -0.5915 -0.3779 -0.7122
vn -0.2480 -0.6909 -0.6791
vn 0.1745 0.4549 -0.8733
vn 0.5270 0.1336 -0.8393
vn 0.4563 0.8777 0.1467
vn 0.8143 0.5515 0.1812
vn -0.7465 0.6613 -0.0735
vn 0.7280 -0.6821 0.0688
vn 0.5292 0.6855 0.5001
vn -0.5899 0.4972 0.6363
vn -0.4981 0.0997 0.8614
vn 0.6233 0.2775 0.7311
vn -0.9580 -0.1002 -0.2686
vn -0.8663 -0.4976 -0.0435
vn -0.0644 -0.2774 -0.9586
vn 0.0298 -0.6853 -0.7277
vn 0.8507 0.2074 -0.4830
vn 0.9463 -0.2068 -0.2485
vn -0.2100 0.8531 -0.4777
vn 0.1838 -0.8531 0.4883
vn 0.9728 0.0193 -0.2309
vn 0.3891 0.8966 0.2115
vn 0.3770 0.6832 0.6254
vn 0.9605 -0.1998 0.1939
vn -0.7268 0.6833 0.0691
vn -0.7389 0.4698 0.4830
vn -0.8262 -0.3246 -0.4604
vn -0.8385 -0.5437 -0.0357
vn 0.2221 -0.7319 -0.6442
vn 0.2097 -0.9543 -0.2129
vn 0.0227 0.4704 -0.8822
vn -0.0289 -0.4459 0.8946
vn -0.4268 -0.8182 0.3852
vn 0.2209 -0.8011 -0.5563
vn 0.6024 -0.7414 -0.2957
vn -0.0352 -0.7569 0.6526
vn 0.2941 0.2846 -0.9124
vn 0.6756 0.3444 -0.6519
vn -0.3088 0.9322 -0.1889
vn 0.0827 0.9935 0.0785
vn -0.7520 0.2506 0.6097
vn -0.3543 0.3129 0.8812
vn -0.8109 -0.1323 -0.5700
vn 0.8270 0.1241 0.5484
vn -0.0573 -0.9980 -0.0258
vn 0.7021 -0.3722 -0.6071
vn 0.9348 -0.2842 -0.2131
vn 0.1815 -0.9077 0.3784
vn 0.3251 0.7088 -0.6260
vn 0.5578 0.7968 -0.2321
vn -0.6650 0.7447 -0.0564
vn -0.4263 0.8350 0.3479
vn -0.8986 -0.3079 0.3125
vn -0.6561 -0.2162 0.7230
vn -0.4881 -0.1852 -0.8529
vn 0.5107 0.1928 0.8379
vn -0.3204 -0.9471 0.0185
vn 0.4324 -0.5269 -0.7317
vn 0.7593 -0.5133 -0.4000
vn 0.0150 -0.9332 0.3589
vn 0.3563 0.6153 -0.7032
vn 0.6831 0.6288 -0.3714
vn -0.4432 0.8941 0.0645
vn -0.1077 0.9080 0.4050
vn -0.8586 -0.0699 0.5078
vn -0.5180 -0.0559 0.8536
vn -0.6915 -0.0281 -0.7219
vn 0.7115 0.0299 0.7021
vn 0.3726 -0.8826 -0.2866
vn 0.9185 0.1173 -0.3777
vn 0.9889 0.1238 0.0828
vn 0.4449 -0.8761 0.1860
vn 0.1421 0.9521 -0.2707
vn 0.2125 0.9585 0.1899
vn -0.8789 0.4631 -0.1139
vn -0.8067 0.4697 0.3586
vn -0.7345 -0.6671 -0.1241
vn -0.6612 -0.6605 0.3558
vn -0.1409 -0.0041 -0.9900
vn 0.1612 0.0234 0.9866
vn -0.3846 -0.9208 0.0646
vn 0.4253 -0.6018 -0.6760
vn 0.7384 -0.5873 -0.3313
vn -0.0632 -0.9061 0.4183
vn 0.4259 0.5423 -0.7243
vn 0.7390 0.5567 -0.3796
vn -0.3836 0.9234 -0.0132
vn -0.0624 0.9381 0.3406
vn -0.8815 0.0203 0.4717
vn -0.5553 0.0353 0.8309
vn -0.6615 -0.0313 -0.7493
vn 0.6824 0.0305 0.7304
vn 0.9163 0.3674 0.1593
vn -0.0419 0.7761 0.6292
vn -0.0642 0.4062 0.9115
vn 0.8935 -0.0122 0.4490
vn -0.9283 0.3708 0.0282
vn -0.9506 0.0009 0.3105
vn -0.5125 -0.2860 -0.8097
vn -0.5354 -0.6656 -0.5200
vn 0.6240 -0.2866 -0.7269
vn 0.6008 -0.6721 -0.4327
vn 0.0389 0.8009 -0.5975
vn -0.0567 -0.7870 0.6144
vn 0.1056 0.6439 0.7578
vn -0.5036 -0.3221 0.8016
vn -0.1108 -0.5723 0.8126
vn 0.5087 0.3871 0.7690
vn -0.6933 -0.6667 -0.2737
vn -0.3004 -0.9169 -0.2628
vn -0.2001 0.0884 -0.9758
vn 0.2031 -0.1683 -0.9646
vn 0.2914 0.8948 -0.3381
vn 0.7008 0.6341 -0.3267
vn -0.8503 0.5259 -0.0185
vn 0.8359 -0.5481 0.0282
vn -0.5038 -0.0264 0.8634
vn -0.5829 -0.8117 0.0367
vn -0.1615 -0.9756 0.1487
vn -0.0713 -0.1947 0.9783
vn -0.1517 -0.3572 -0.9216
vn 0.2698 -0.5212 -0.8097
vn 0.1914 0.7062 -0.6816
vn 0.6240 0.5379 -0.5668
vn -0.0264 0.9078 0.4186
vn 0.4128 0.7370 0.5352
vn -0.9074 0.3399 -0.2471
vn 0.9018 -0.3638 0.2333
vn -0.3193 0.2501 0.9141
vn -0.6251 -0.6968 0.3517
vn -0.2038 -0.8808 0.4274
vn 0.1130 0.0612 0.9917
vn -0.3623 -0.5494 -0.7530
vn 0.0590 -0.7334 -0.6773
vn 0.1043 0.4877 -0.8667
vn 0.5366 0.2989 -0.7891
vn 0.1297 0.9783 0.1615
vn 0.5688 0.7866 0.2403
vn -0.9093 0.3820 -0.1653
vn 0.8991 -0.4076 0.1595
vn 0.7393 -0.5434 -0.3978
vn 0.7770 0.5864 -0.2288
vn 0.8235 0.5188 0.2298
vn 0.7869 -0.6127 0.0729
vn -0.2954 0.9531 -0.0663
vn -0.2490 0.8855 0.3924
vn -0.9896 0.0478 -0.1357
vn -0.9420 -0.0216 0.3350
vn -0.3500 -0.8729 -0.3398
vn -0.3016 -0.9434 0.1380
vn -0.0949 0.1583 -0.9828
vn 0.1043 -0.1319 0.9858
vn 0.7030 -0.6158 -0.3558
vn 0.8741 0.4795 -0.0778
vn 0.8497 0.3711 0.3747
vn 0.6779 -0.7271 0.1085
vn -0.1494 0.9887 -0.0110
vn -0.1737 0.8803 0.4415
vn -0.9468 0.2051 -0.2481
vn -0.9718 0.0939 0.2162
vn -0.4194 -0.7825 -0.4601
vn -0.4449 -0.8955 0.0113
vn 0.0587 0.2449 -0.9678
vn -0.0462 -0.2206 0.9743
vn -0.2681 0.2068 0.9409
vn -0.7646 -0.5812 0.2786
vn -0.3937 -0.8591 0.3270
vn 0.1125 -0.0782 0.9906
vn -0.4638 -0.3687 -0.8056
vn -0.0931 -0.6465 -0.7572
vn 0.2167 0.5495 -0.8069
vn 0.5973 0.2644 -0.7572
vn 0.3359 0.9023 0.2701
vn 0.7223 0.6128 0.3205
vn -0.8035 0.5853 -0.1081
vn 0.7882 -0.6074 0.0996
vn -0.3112 -0.8857 0.3446
vn 0.4620 -0.7426 -0.4848
vn 0.7774 -0.6055 -0.1706
vn 0.0125 -0.7449 0.6671
vn 0.3733 0.3335 -0.8657
vn 0.6887 0.4707 -0.5514
vn -0.4541 0.8492 -0.2693
vn -0.1305 0.9900 0.0532
vn -0.8743 0.0963 0.4757
vn -0.5456 0.2392 0.8031
vn -0.6666 -0.2969 -0.6837
vn 0.6873 0.2920 0.6651
vn 0.0800 0.7839 0.6157
vn -0.6697 -0.0699 0.7394
vn -0.3270 -0.3544 0.8761
vn 0.4316 0.4920 0.7561
vn -0.7344 -0.6276 -0.2586
vn -0.3917 -0.9120 -0.1218
vn -0.0243 -0.1151 -0.9931
vn 0.3274 -0.4070 -0.8527
vn 0.4763 0.7540 -0.4523
vn 0.8334 0.4576 -0.3098
vn -0.7450 0.6017 -0.2879
vn 0.7260 -0.6193 0.2990
vn 0.8098 -0.3883 -0.4399
vn 0.7761 0.6243 0.0891
vn 0.7608 0.4104 0.5027
vn 0.7940 -0.6077 -0.0154
vn -0.3229 0.9243 0.2034
vn -0.3382 0.7105 0.6171
vn -0.9621 0.0955 -0.2556
vn -0.9778 -0.1239 0.1689
vn -0.2622 -0.7122 -0.6512
vn -0.2782 -0.9350 -0.2201
vn 0.0369 0.4708 -0.8815
vn -0.0290 -0.4469 0.8941
vn 0.9452 -0.2842 -0.1608
vn 0.6204 0.7752 0.1190
vn 0.5351 0.6365 0.5555
vn 0.8577 -0.4266 0.2872
vn -0.5050 0.8599 -0.0740
vn -0.5904 0.7212 0.3625
vn -0.8692 -0.1477 -0.4719
vn -0.9567 -0.2901 -0.0240
vn 0.0259 -0.8510 -0.5245
vn -0.0629 -0.9956 -0.0696
vn 0.1833 0.3111 -0.9325
vn -0.1828 -0.2844 0.9411
vn -0.1602 0.7234 0.6716
vn -0.8019 -0.2154 0.5572
vn -0.4642 -0.4727 0.7491
vn 0.1865 0.4594 0.8685
vn -0.5716 -0.6756 -0.4656
vn -0.2339 -0.9329 -0.2738
vn 0.2111 -0.0186 -0.9773
vn 0.5577 -0.2827 -0.7804
vn 0.4631 0.8426 -0.2748
vn 0.8151 0.5745 -0.0750
vn -0.7341 0.5419 -0.4091
vn 0.7156 -0.5625 0.4143
vn -0.2108 -0.9769 0.0353
vn 0.5974 -0.5065 -0.6217
vn 0.8651 -0.4367 -0.2468
vn 0.0638 -0.9052 0.4201
vn 0.3899 0.6179 -0.6828
vn 0.6575 0.6876 -0.3079
vn -0.5455 0.8357 -0.0633
vn -0.2708 0.9074 0.3215
vn -0.9138 -0.1481 0.3782
vn -0.6349 -0.0754 0.7689
vn -0.5632 -0.1482 -0.8130
vn 0.5857 0.1514 0.7963
vn 0.2428 -0.9660 -0.0889
vn 0.8627 -0.0966 -0.4965
vn 0.9978 0.0129 -0.0643
vn 0.3815 -0.8536 0.3547
vn 0.1921 0.8312 -0.5218
vn 0.3273 0.9407 -0.0897
vn -0.8382 0.5297 -0.1297
vn -0.6995 0.6421 0.3138
vn -0.8047 -0.5778 0.1365
vn -0.6638 -0.4636 0.5868
vn -0.2795 -0.2275 -0.9328
vn 0.3008 0.2427 0.9223
vn -0.2704 -0.9622 -0.0330
vn 0.6050 -0.5096 -0.6118
vn 0.8517 -0.4766 -0.2179
vn -0.0173 -0.9284 0.3712
vn 0.4691 0.6273 -0.6217
vn 0.7157 0.6603 -0.2278
vn -0.4896 0.8706 -0.0490
vn -0.2365 0.9044 0.3552
vn -0.9434 -0.1101 0.3128
vn -0.6864 -0.0758 0.7233
vn -0.5175 -0.0693 -0.8529
vn 0.5411 0.0720 0.8378
vn 0.9035 -0.3704 -0.2156
vn 0.6929 0.7185 0.0601
vn 0.6252 0.5956 0.5043
vn 0.8341 -0.4966 0.2403
vn -0.4311 0.9002 -0.0608
vn -0.4988 0.7773 0.3834
vn -0.9086 -0.0775 -0.4105
vn -0.9780 -0.2037 0.0454
vn -0.0845 -0.8589 -0.5051
vn -0.1550 -0.9870 -0.0422
vn 0.1469 0.2772 -0.9495
vn -0.1434 -0.2504 0.9574
vn 0.9871 0.1556 -0.0386
vn 0.2582 0.7442 0.6160
vn 0.2143 0.3780 0.9007
vn 0.9419 -0.2202 0.2536
vn -0.7991 0.5608 0.2167
vn -0.8431 0.1946 0.5013
vn -0.7175 -0.1400 -0.6824
vn -0.7626 -0.5159 -0.3902
vn 0.3838 -0.3885 -0.8377
vn 0.3380 -0.7700 -0.5411
vn 0.0892 0.7943 -0.6009
vn -0.0997 -0.7775 0.6209
vn -0.3957 0.5902 0.7036
vn -0.8141 -0.4271 0.3935
vn -0.4627 -0.6411 0.6122
vn -0.0352 0.3706 0.9281
vn -0.3527 -0.7031 -0.6175
vn -0.0014 -0.9171 -0.3987
vn 0.3481 0.1453 -0.9261
vn 0.7086 -0.0743 -0.7016
vn 0.3201 0.9409 -0.1108
vn 0.6862 0.7179 0.1172
vn -0.7613 0.4472 -0.4695
vn 0.7467 -0.4713 0.4694
vn 0.2325 -0.9716 -0.0435
vn 0.8477 -0.1311 -0.5141
vn 0.9957 0.0000 -0.0923
vn 0.3845 -0.8370 0.3894
vn 0.1840 0.8003 -0.5707
vn 0.3321 0.9314 -0.1489
vn -0.8373 0.5299 -0.1349
vn -0.6854 0.6644 0.2980
vn -0.8051 -0.5621 0.1893
vn -0.6508 -0.4255 0.6289
vn -0.3072 -0.2743 -0.9112
vn 0.3284 0.2887 0.8993
vn -0.6265 -0.3727 0.6846
vn -0.2044 -0.9579 -0.2018
vn 0.2121 -0.9772 0.0061
vn -0.1991 -0.3926 0.8979
vn 0.2077 -0.2023 -0.9570
vn 0.6242 -0.2217 -0.7492
vn 0.0379 0.8453 -0.5330
vn 0.4653 0.8254 -0.3196
vn -0.4760 0.7379 0.4784
vn -0.0420 0.7177 0.6951
vn -0.8901 0.0310 -0.4547
vn 0.8976 -0.0522 0.4376
vn 0.3588 -0.8859 -0.2941
vn 0.8638 0.1207 -0.4891
vn 0.9881 0.1480 -0.0410
vn 0.4864 -0.8579 0.1659
vn 0.0842 0.9427 -0.3230
vn 0.2085 0.9700 0.1252
vn -0.8980 0.4392 -0.0262
vn -0.7704 0.4672 0.4338
vn -0.7265 -0.6872 -0.0089
vn -0.5969 -0.6587 0.4581
vn -0.2572 -0.0489 -0.9651
vn 0.2764 0.0684 0.9586
vn -0.6012 -0.3534 0.7167
vn -0.2838 -0.9345 -0.2148
vn 0.1439 -0.9889 -0.0383
vn -0.1622 -0.4092 0.8979
vn 0.1255 -0.1826 -0.9751
vn 0.5533 -0.2369 -0.7986
vn 0.0589 0.8588 -0.5089
vn 0.4977 0.8030 -0.3278
vn -0.3890 0.7511 0.5334
vn 0.0567 0.6945 0.7173
vn -0.9155 0.1062 -0.3879
vn 0.9204 -0.1271 0.3698
vn -0.5468 0.1947 0.8143
vn -0.6630 -0.7322 0.1559
vn -0.2664 -0.9066 0.3272
vn -0.1398 0.0158 0.9901
vn -0.1402 -0.5225 -0.8410
vn 0.2564 -0.6970 -0.6697
vn 0.2959 0.5328 -0.7929
vn 0.7029 0.3538 -0.6171
vn 0.0442 0.9727 0.2278
vn 0.4575 0.7910 0.4063
vn -0.8549 0.3615 -0.3722
vn 0.8476 -0.3871 0.3630
vn -0.1607 0.4760 0.8647
vn -0.7833 -0.4001 0.4759
vn -0.4353 -0.6940 0.5735
vn 0.1964 0.1743 0.9649
vn -0.5668 -0.5155 -0.6426
vn -0.2188 -0.8094 -0.5449
vn 0.1882 0.2899 -0.9384
vn 0.5454 -0.0117 -0.8381
vn 0.4370 0.8994 -0.0083
vn 0.7997 0.5931 0.0936
vn -0.7559 0.6200 -0.2103
vn 0.7379 -0.6417 0.2091
vn -0.6417 -0.0293 0.7664
vn -0.4976 -0.8674 0.0027
vn -0.0880 -0.9766 0.1962
vn -0.2215 -0.1414 0.9649
vn 0.0475 -0.4272 -0.9029
vn 0.4571 -0.5364 -0.7095
vn 0.2370 0.6803 -0.6936
vn 0.6573 0.5682 -0.4951
vn -0.1884 0.9231 0.3353
vn 0.2383 0.8093 0.5369
vn -0.8793 0.2218 -0.4215
vn 0.8786 -0.2469 0.4088
vn 0.5866 -0.7044 -0.3996
vn 0.9241 0.3560 -0.1391
vn 0.9158 0.2499 0.3145
vn 0.5781 -0.8133 0.0658
vn -0.0133 0.9999 -0.0055
vn -0.0216 0.8938 0.4480
vn -0.9245 0.3337 -0.1844
vn -0.9330 0.2248 0.2811
vn -0.5525 -0.7159 -0.4270
vn -0.5612 -0.8264 0.0457
vn 0.0259 0.2389 -0.9707
vn -0.0097 -0.2166 0.9762
vn -0.3252 -0.8978 0.2969
vn 0.3487 -0.7137 -0.6075
vn 0.7085 -0.6265 -0.3248
vn 0.0441 -0.8083 0.5871
vn 0.2863 0.3989 -0.8712
vn 0.6461 0.4861 -0.5884
vn -0.4259 0.8957 -0.1281
vn -0.0566 0.9851 0.1622
vn -0.8013 0.0950 0.5906
vn -0.4263 0.1859 0.8853
vn -0.7634 -0.1892 -0.6175
vn 0.7813 0.1851 0.5961
vn 0.9626 -0.2679 -0.0414
vn 0.5776 0.7217 0.3815
vn 0.4166 0.5008 0.7587
vn 0.7974 -0.4946 0.3458
vn -0.4953 0.8687 0.0097
vn -0.6564 0.6477 0.3869
vn -0.7671 -0.0310 -0.6408
vn -0.9324 -0.2577 -0.2536
vn 0.1325 -0.7298 -0.6707
vn -0.0353 -0.9600 -0.2776
vn 0.3448 0.4865 -0.8027
vn -0.3462 -0.4620 0.8165
vn 0.5589 0.6754 0.4811
vn -0.4580 0.2953 0.8385
vn -0.2665 -0.1125 0.9572
vn 0.7553 0.2569 0.6029
vn -0.9771 -0.2070 -0.0500
vn -0.7857 -0.6148 0.0688
vn -0.2780 -0.1343 -0.9512
vn -0.0815 -0.5528 -0.8293
vn 0.6677 0.4096 -0.6216
vn 0.8671 -0.0153 -0.4979
vn -0.4219 0.8724 -0.2467
vn 0.3996 -0.8782 0.2630
vn -0.6290 -0.3571 0.6905
vn -0.2723 -0.9346 -0.2289
vn 0.1480 -0.9884 -0.0352
vn -0.1977 -0.4122 0.8894
vn 0.1659 -0.1794 -0.9697
vn 0.5861 -0.2332 -0.7760
vn 0.0773 0.8604 -0.5037
vn 0.5086 0.8052 -0.3049
vn -0.4126 0.7486 0.5191
vn 0.0254 0.6925 0.7209
vn -0.8992 0.1049 -0.4248
vn 0.9048 -0.1259 0.4068
vn 0.6299 -0.7080 -0.3194
vn 0.8924 0.3990 -0.2107
vn 0.9003 0.3542 0.2530
vn 0.6380 -0.7540 0.1565
vn -0.0876 0.9867 -0.1372
vn -0.0797 0.9418 0.3265
vn -0.9499 0.2393 -0.2009
vn -0.9418 0.1933 0.2749
vn -0.5056 -0.8040 -0.3130
vn -0.4974 -0.8507 0.1701
vn -0.0097 0.1082 -0.9941
vn 0.0242 -0.0842 0.9962
vn 0.5975 -0.6891 -0.4100
vn 0.8923 0.3975 -0.2139
vn 0.9190 0.3105 0.2430
vn 0.6248 -0.7785 0.0589
vn -0.0684 0.9967 -0.0436
vn -0.0418 0.9097 0.4132
vn -0.9513 0.2768 -0.1355
vn -0.9240 0.1875 0.3334
vn -0.5387 -0.7612 -0.3611
vn -0.5109 -0.8519 0.1151
vn -0.0496 0.1985 -0.9788
vn 0.0649 -0.1751 0.9824
vn 0.0936 -0.9883 -0.1206
vn 0.7613 -0.2038 -0.6155
vn 0.9707 -0.1211 -0.2076
vn 0.3085 -0.9033 0.2980
vn 0.2268 0.8064 -0.5461
vn 0.4362 0.8892 -0.1382
vn -0.7681 0.6402 -0.0087
vn -0.5532 0.7252 0.4099
vn -0.8480 -0.4660 0.2526
vn -0.6298 -0.3799 0.6776
vn -0.4386 -0.1715 -0.8822
vn 0.4601 0.1838 0.8686
vn 0.5164 -0.7748 -0.3647
vn 0.8431 0.3183 -0.4335
vn 0.9478 0.3182 0.0205
vn 0.6240 -0.7749 0.1011
vn -0.0727 0.9723 -0.2220
vn 0.0321 0.9722 0.2320
vn -0.9598 0.2796 -0.0238
vn -0.8523 0.2794 0.4421
vn -0.5945 -0.7962 -0.1122
vn -0.4854 -0.7963 0.3609
vn -0.2170 0.0118 -0.9761
vn 0.2327 0.0113 0.9725
vn 0.6283 -0.7363 -0.2511
vn 0.8539 0.3791 -0.3566
vn 0.9036 0.4153 0.1052
vn 0.6793 -0.6992 0.2228
vn -0.1393 0.9456 -0.2941
vn -0.0895 0.9818 0.1677
vn -0.9727 0.1769 -0.1503
vn -0.9217 0.2140 0.3236
vn -0.4975 -0.8585 -0.1241
vn -0.4457 -0.8208 0.3572
vn -0.0998 -0.0654 -0.9929
vn 0.1135 0.0899 0.9895
vn 0.7787 -0.3803 -0.4990
vn 0.6951 0.7038 -0.1468
vn 0.7682 0.5691 0.2932
vn 0.8538 -0.5185 -0.0475
vn -0.4042 0.9093 0.0989
vn -0.3311 0.7746 0.5389
vn -0.9935 -0.0490 -0.1029
vn -0.9184 -0.1871 0.3486
vn -0.2627 -0.8420 -0.4712
vn -0.1865 -0.9824 -0.0127
vn -0.1537 0.3023 -0.9407
vn 0.1603 -0.2758 0.9478
vn 0.6444 0.2421 0.7253
vn 0.2583 -0.8139 0.5204
vn 0.5246 -0.8399 0.1390
vn 0.9177 0.2154 0.3339
vn -0.6749 -0.7251 -0.1371
vn -0.4086 -0.7511 -0.5185
vn -0.8600 0.3853 -0.3346
vn -0.5867 0.3586 -0.7260
vn -0.0460 0.9792 0.1976
vn 0.2315 0.9521 -0.1999
vn -0.5728 0.0418 0.8186
vn 0.5701 -0.0699 -0.8186
vn -0.6118 0.2157 0.7610
vn -0.7438 -0.6668 0.0469
vn -0.3872 -0.8875 0.2498
vn -0.2459 -0.0109 0.9692
vn -0.0966 -0.4706 -0.8771
vn 0.2601 -0.6913 -0.6742
vn 0.4315 0.5320 -0.7285
vn 0.7975 0.3056 -0.5202
vn 0.1127 0.9530 0.2814
vn 0.4843 0.7230 0.4927
vn -0.7697 0.4616 -0.4411
vn 0.7610 -0.4859 0.4299
vn 0.1134 0.9829 -0.1448
vn -0.7146 0.5065 0.4826
vn -0.4068 0.4071 0.8178
vn 0.4294 0.8809 0.1993
vn -0.7709 -0.6029 0.2053
vn -0.4631 -0.7025 0.5405
vn 0.0226 -0.8057 -0.5919
vn 0.3385 -0.9077 -0.2479
vn 0.5663 0.1727 -0.8059
vn 0.8870 0.0691 -0.4566
vn -0.6712 0.2117 -0.7104
vn 0.6501 -0.2152 0.7287
vn -0.6574 -0.4874 0.5748
vn 0.0038 -0.9756 -0.2193
vn 0.3763 -0.9248 0.0559
vn -0.2751 -0.4352 0.8573
vn 0.3980 -0.1480 -0.9054
vn 0.7704 -0.0971 -0.6301
vn -0.0220 0.8469 -0.5313
vn 0.3602 0.8991 -0.2488
vn -0.6718 0.6354 0.3807
vn -0.2837 0.6884 0.6675
vn -0.7924 -0.1187 -0.5984
vn 0.8062 0.0995 0.5832
vn 0.0059 0.8352 0.5499
vn -0.1680 -0.2166 0.9617
vn 0.2837 -0.3161 0.9053
vn 0.4694 0.7332 0.4920
vn -0.4284 -0.9000 0.0806
vn 0.0233 -0.9994 0.0243
vn -0.4139 -0.2665 -0.8705
vn 0.0496 -0.3686 -0.9283
vn -0.1461 0.8021 -0.5790
vn 0.3246 0.6985 -0.6378
vn -0.9706 0.2025 0.1298
vn 0.9680 -0.2243 -0.1122
vn -0.2534 -0.9668 0.0322
vn 0.5339 -0.5209 -0.6661
vn 0.8270 -0.4707 -0.3075
vn 0.0474 -0.9152 0.4002
vn 0.3754 0.6127 -0.6955
vn 0.6685 0.6630 -0.3369
vn -0.5089 0.8607 -0.0153
vn -0.2081 0.9123 0.3527
vn -0.8946 -0.1138 0.4320
vn -0.5891 -0.0614 0.8057
vn -0.6184 -0.1067 -0.7786
vn 0.6400 0.1092 0.7606
vn 0.9880 0.1542 0.0100
vn 0.2163 0.8304 0.5135
vn 0.1500 0.5111 0.8463
vn 0.9200 -0.1734 0.3515
vn -0.8101 0.5820 0.0709
vn -0.8764 0.2628 0.4037
vn -0.6667 -0.2462 -0.7035
vn -0.7347 -0.5738 -0.3620
vn 0.4418 -0.5081 -0.7394
vn 0.3727 -0.8408 -0.3925
vn 0.1363 0.6950 -0.7060
vn -0.1481 -0.6754 0.7225
vn -0.0421 -0.9929 -0.1108
vn 0.7942 -0.3257 -0.5130
vn 0.9597 -0.2689 -0.0813
vn 0.1279 -0.9345 0.3322
vn 0.4138 0.7543 -0.5096
vn 0.5795 0.8113 -0.0779
vn -0.6551 0.7481 -0.1054
vn -0.4852 0.8066 0.3377
vn -0.9339 -0.3293 0.1396
vn -0.7613 -0.2699 0.5895
vn -0.3431 -0.1179 -0.9319
vn 0.3677 0.1266 0.9213
vn 0.2796 -0.9380 -0.2047
vn 0.8430 -0.0012 -0.5379
vn 0.9925 0.0670 -0.1019
vn 0.4330 -0.8681 0.2427
vn 0.1330 0.8911 -0.4339
vn 0.2825 0.9593 0.0020
vn -0.8650 0.5004 -0.0370
vn -0.7116 0.5703 0.4103
vn -0.7724 -0.6267 0.1035
vn -0.6166 -0.5556 0.5578
vn -0.3108 -0.1377 -0.9404
vn 0.3310 0.1549 0.9308
vn -0.0836 0.6446 0.7599
vn -0.8992 -0.0846 0.4293
vn -0.6585 -0.4399 0.6106
vn 0.1633 0.2800 0.9460
vn -0.6396 -0.4470 -0.6254
vn -0.3989 -0.8023 -0.4441
vn 0.3349 0.0604 -0.9403
vn 0.5819 -0.3042 -0.7542
vn 0.6756 0.7324 -0.0853
vn 0.9264 0.3621 0.1036
vn -0.5282 0.7546 -0.3893
vn 0.5049 -0.7705 0.3890
vn 0.7932 0.4219 0.4392
vn -0.2955 0.6320 0.7164
vn -0.3268 0.2143 0.9205
vn 0.7611 -0.0068 0.6486
vn -0.9546 0.2613 -0.1434
vn -0.9858 -0.1564 0.0607
vn -0.2693 -0.1757 -0.9469
vn -0.3014 -0.6044 -0.7375
vn 0.8069 -0.0758 -0.5858
vn 0.7743 -0.5110 -0.3732
vn 0.0556 0.9006 -0.4310
vn -0.0786 -0.8921 0.4449
vn -0.6583 -0.5004 0.5624
vn -0.1107 -0.9328 -0.3428
vn 0.2844 -0.9538 -0.0969
vn -0.2528 -0.5219 0.8147
vn 0.3123 -0.0579 -0.9482
vn 0.7075 -0.0788 -0.7023
vn 0.0237 0.9102 -0.4135
vn 0.4293 0.8887 -0.1612
vn -0.5741 0.6351 0.5167
vn -0.1623 0.6133 0.7730
vn -0.8427 0.0359 -0.5371
vn 0.8534 -0.0540 0.5184
vn -0.5276 -0.0321 0.8489
vn -0.5856 -0.8105 0.0140
vn -0.1677 -0.9764 0.1363
vn -0.0988 -0.2023 0.9743
vn -0.1268 -0.3494 -0.9284
vn 0.2910 -0.5153 -0.8061
vn 0.2119 0.7112 -0.6703
vn 0.6407 0.5410 -0.5449
vn -0.0360 0.9045 0.4250
vn 0.3995 0.7316 0.5524
vn -0.8994 0.3441 -0.2695
vn 0.8942 -0.3679 0.2553
s 1
f 1/1/1 2/2/2 3/3/3
f 3/3/3 4/4/4 1/1/1
f 2/2/2 5/5/5 6/6/6
f 6/6/6 3/3/3 2/2/2
f 5/5/5 7/7/7 8/8/8
f 8/8/8 6/6/6 5/5/5
f 7/7/7 9/9/9 10/10/10
f 10/10/10 8/8/8 7/7/7
f 9/9/9 1/1/1 4/4/4
f 4/4/4 10/10/10 9/9/9
f 2/2/2 1/1/1 11/11/11
f 5/5/5 2/2/2 11/11/11
f 7/7/7 5/5/5 11/11/11
f 9/9/9 7/7/7 11/11/11
f 1/1/1 9/9/9 11/11/11
f 4/4/4 3/3/3 12/12/12
f 3/3/3 6/6/6 12/12/12
f 6/6/6 8/8/8 12/12/12
f 8/8/8 10/10/10 12/12/12
f 10/10/10 4/4/4 12/12/12
s 2
f 13/13/13 14/14/14 15/15/15
f 15/15/15 16/16/16 13/13/13
f 14/14/14 17/17/17 18/18/18
f 18/18/18 15/15/15 14/14/14
f 17/17/17 19/19/19 20/20/20
f 20/20/20 18/18/18 17/17/17
f 19/19/19 21/21/21 22/22/22
f 22/22/22 20/20/20 19/19/19
f 21/21/21 13/13/13 16/16/16
f 16/16/16 22/22/22 21/21/21
f 14/14/14 13/13/13 23/23/23
f 17/17/17 14/14/14 23/23/23
f 19/19/19 17/17/17 23/23/23
f 21/21/21 19/19/19 23/23/23
f 13/13/13 21/21/21 23/23/23
f 16/16/16 15/15/15 24/24/24
f 15/15/15 18/18/18 24/24/24
f 18/18/18 20/20/20 24/24/24
f 20/20/20 22/22/22 24/24/24
f 22/22/22 16/16/16 24/24/24
s 3
f 25/25/25 26/26/26 27/27/27
f 27/27/27 28/28/28 25/25/25
f 26/26/26 29/29/29 30/30/30
f 30/30/30 27/27/27 26/26/26
f 29/29/29 31/31/31 32/32/32
f 32/32/32 30/30/30 29/29/29
f 31/31/31 33/33/33 34/34/34
f 34/34/34 32/32/32 31/31/31
f 33/33/33 25/25/25 28/28/28
f 28/28/28 34/34/34 33/33/33
f 26/26/26 25/25/25 35/35/35
f 29/29/29 26/26/26 35/35/35
f 31/31/31 29/29/29 35/35/35
f 33/33/33 31/31/31 35/35/35
f 25/25/25 33/33/33 35/35/35
f 28/28/28 27/27/27 36/36/36
f 27/27/27 30/30/30 36/36/36
f 30/30/30 32/32/32 36/36/36
f 32/32/32 34/34/34 36/36/36
f 34/34/34 28/28/28 36/36/36
s 4
f 37/37/37 38/38/38 39/39/39
f 39/39/39 40/40/40 37/37/37
f 38/38/38 41/41/41 42/42/42
f 42/42/42 39/39/39 38/38/38
f 41/41/41 43/43/43 44/44/44
f 44/44/44 42/42/42 41/41/41
f 43/43/43 45/45/45 46/46/46
f 46/46/46 44/44/44 43/43/43
f 45/45/45 37/37/37 40/40/40
f 40/40/40 46/46/46 45/45/45
f 38/38/38 37/37/37 47/47/47
f 41/41/41 38/38/38 47/47/47
f 43/43/43 41/41/41 47/47/47
f 45/45/45 43/43/43 47/47/47
f 37/37/37 45/45/45 47/47/47
f 40/40/40 39/39/39 48/48/48
f 39/39/39 42/42/42 48/48/48
f 42/42/42 44/44/44 48/48/48
f 44/44/44 46/46/46 48/48/48
f 46/46/46 40/40/40 48/48/48
s 5
f 49/49/49 50/50/50 51/51/51
f 51/51/51 52/52/52 49/49/49
f 50/50/50 53/53/53 54/54/54
f 54/54/54 51/51/51 50/50/50
f 53/53/53 55/55/55 56/56/56
f 56/56/56 54/54/54 53/53/53
f 55/55/55 57/57/57 58/58/58
f 58/58/58 56/56/56 55/55/55
f 57/57/57 49/49/49 52/52/52
f 52/52/52 58/58/58 57/57/57
f 50/50/50 49/49/49 59/59/59
f 53/53/53 50/50/50 59/59/59
f 55/55/55 53/53/53 59/59/59
f 57/57/57 55/55/55 59/59/59
f 49/49/49 57/57/57 59/59/59
f 52/52/52 51/51/51 60/60/60
f 51/51/51 54/54/54 60/60/60
f 54/54/54 56/56/56 60/60/60
f 56/56/56 58/58/58 60/60/60
f 58/58/58 52/52/52 60/60/60
s 6
f 61/61/61 62/62/62 63/63/63
f 63/63/63 64/64/64 61/61/61
f 62/62/62 65/65/65 66/66/66
f 66/66/66 63/63/63 62/62/62
f 65/65/65 67/67/67 68/68/68
f 68/68/68 66/66/66 65/65/65
f 67/67/67 69/69/69 70/70/70
f 70/70/70 68/68/68 67/67/67
f 69/69/69 61/61/61 64/64/64
f 64/64/64 70/70/70 69/69/69
f 62/62/62 61/61/61 71/71/71
f 65/65/65 62/62/62 71/71/71
f 67/67/67 65/65/65 71/71/71
f 69/69/69 67/67/67 71/71/71
f 61/61/61 69/69/69 71/71/71
f 64/64/64 63/63/63 72/72/72
f 63/63/63 66/66/66 72/72/72
f 66/66/66 68/68/68 72/72/72
f 68/68/68 70/70/70 72/72/72
f 70/70/70 64/64/64 72/72/72
s 7
f 73/73/73 74/74/74 75/75/75
f 75/75/75 76/76/76 73/73/73
f 74/74/74 77/77/77 78/78/78
f 78/78/78 75/75/75 74/74/74
f 77/77/77 79/79/79 80/80/80
f 80/80/80 78/78/78 77/77/77
f 79/79/79 81/81/81 82/82/82
f 82/82/82 80/80/80 79/79/79
f 81/81/81 73/73/73 76/76/76
f 76/76/76 82/82/82 81/81/81
f 74/74/74 73/73/73 83/83/83
f 77/77/77 74/74/74 83/83/83
f 79/79/79 77/77/77 83/83/83
f 81/81/81 79/79/79 83/83/83
f 73/73/73 81/81/81 83/83/83
f 76/76/76 75/75/75 84/84/84
f 75/75/75 78/78/78 84/84/84
f 78/78/78 80/80/80 84/84/84
f 80/80/80 82/82/82 84/84/84
f 82/82/82 76/76/76 84/84/84
s 8
f 85/85/85 86/86/86 87/87/87
f 87/87/87 88/88/88 85/85/85
f 86/86/86 89/89/89 90/90/90
f 90/90/90 87/87/87 86/86/86
f 89/89/89 91/91/91 92/92/92
f 92/92/92 90/90/90 89/89/89
f 91/91/91 93/93/93 94/94/94
f 94/94/94 92/92/92 91/91/91
f 93/93/93 85/85/85 88/88/88
f 88/88/88 94/94/94 93/93/93
f 86/86/86 85/85/85 95/95/95
f 89/89/89 86/86/86 95/95/95
f 91/91/91 89/89/89 95/95/95
f 93/93/93 91/91/91 95/95/95
f 85/85/85 93/93/93 95/95/95
f 88/88/88 87/87/87 96/96/96
f 87/87/87 90/90/90 96/96/96
f 90/90/90 92/92/92 96/96/96
f 92/92/92 94/94/94 96/96/96
f 94/94/94 88/88/88 96/96/96
s 9
f 97/97/97 98/98/98 99/99/99
f 99/99/99 100/100/100 97/97/97
f 98/98/98 101/101/101 102/102/102
f 102/102/102 99/99/99 98/98/98
f 101/101/101 103/103/103 104/104/104
f 104/104/104 102/102/102 101/101/101
f 103/103/103 105/105/105 106/106/106
f 106/106/106 104/104/104 103/103/103
f 105/105/105 97/97/97 100/100/100
f 100/100/100 106/106/106 105/105/105
f 98/98/98 97/97/97 107/107/107
f 101/101/101 98/98/98 107/107/107
f 103/103/103 101/101/101 107/107/107
f 105/105/105 103/103/103 107/107/107
f 97/97/97 105/105/105 107/107/107
f 100/100/100 99/99/99 108/108/108
f 99/99/99 102/102/102 108/108/108
f 102/102/102 104/104/104 108/108/108
f 104/104/104 106/106/106 108/108/108
f 106/106/106 100/100/100 108/108/108
s 10
f 109/109/109 110/110/110 111/111/111
f 111/111/111 112/112/112 109/109/109
f 110/110/110 113/113/113 114/114/114
f 114/114/114 111/111/111 110/110/110
f 113/113/113 115/115/115 116/116/116
f 116/116/116 114/114/114 113/113/113
f 115/115/115 117/117/117 118/118/118
f 118/118/118 116/116/116 115/115/115
f 117/117/117 109/109/109 112/112/112
f 112/112/112 118/118/118 117/117/117
f 110/110/110 109/109/109 119/119/119
f 113/113/113 110/110/110 119/119/119
f 115/115/115 113/113/113 119/119/119
f 117/117/117 115/115/115 119/119/119
f 109/109/109 117/117/117 119/119/119
f 112/112/112 111/111/111 120/120/120
f 111/111/111 114/114/114 120/120/120
f 114/114/114 116/116/116 120/120/120
f 116/116/116 118/118/118 120/120/120
f 118/118/118 112/112/112 120/120/120
s 11
f 121/121/121 122/122/122 123/123/123
f 123/123/123 124/124/124 121/121/121
f 122/122/122 125/125/125 126/126/126
f 126/126/126 123/123/123 122/122/122
f 125/125/125 127/127/127 128/128/128
f 128/128/128 126/126/126 125/125/125
f 127/127/127 129/129/129 130/130/130
f 130/130/130 128/128/128 127/127/127
f 129/129/129 121/121/121 124/124/124
f 124/124/124 130/130/130 129/129/129
f 122/122/122 121/121/121 131/131/131
f 125/125/125 122/122/122 131/131/131
f 127/127/127 125/125/125 131/131/131
f 129/129/129 127/127/127 131/131/131
f 121/121/121 129/129/129 131/131/131
f 124/124/124 123/123/123 132/132/132
f 123/123/123 126/126/126 132/132/132
f 126/126/126 128/128/128 132/132/132
f 128/128/128 130/130/130 132/132/132
f 130/130/130 124/124/124 132/132/132
s 12
f 133/133/133 134/134/134 135/135/135
f 135/135/135 136/136/136 133/133/133
f 134/134/134 137/137/137 138/138/138
f 138/138/138 135/135/135 134/134/134
f 137/137/137 139/139/139 140/140/140
f 140/140/140 138/138/138 137/137/137
f 139/139/139 141/141/141 142/142/142
f 142/142/142 140/140/140 139/139/139
f 141/141/141 133/133/133 136/136/136
f 136/136/136 142/142/142 141/141/141
f 134/134/134 133/133/133 143/143/143
f 137/137/137 134/134/134 143/143/143
f 139/139/139 137/137/137 143/143/143
f 141/141/141 139/139/139 143/143/143
f 133/133/133 141/141/141 143/143/143
f 136/136/136 135/135/135 144/144/144
f 135/135/135 138/138/138 144/144/144
f 138/138/138 140/140/140 144/144/144
f 140/140/140 142/142/142 144/144/144
f 142/142/142 136/136/136 144/144/144
s 13
f 145/145/145 146/146/146 147/147/147
f 147/147/147 148/148/148 145/145/145
f 146/146/146 149/149/149 150/150/150
f 150/150/150 147/147/147 146/146/146
f 149/149/149 151/151/151 152/152/152
f 152/152/152 150/150/150 149/149/149
f 151/151/151 153/153/153 154/154/154
f 154/154/154 152/152/152 151/151/151
f 153/153/153 145/145/145 148/148/148
f 148/148/148 154/154/154 153/153/153
f 146/146/146 145/145/145 155/155/155
f 149/149/149 146/146/146 155/155/155
f 151/151/151 149/149/149 155/155/155
f 153/153/153 151/151/151 155/155/155
f 145/145/145 153/153/153 155/155/155
f 148/148/148 147/147/147 156/156/156
f 147/147/147 150/150/150 156/156/156
f 150/150/150 152/152/152 156/156/156
f 152/152/152 154/154/154 156/156/156
f 154/154/154 148/148/148 156/156/156
s 14
f 157/157/157 158/158/158 159/159/159
f 159/159/159 160/160/160 157/157/157
f 158/158/158 161/161/161 162/162/162
f 162/162/162 159/159/159 158/158/158
f 161/161/161 163/163/163 164/164/164
f 164/164/164 162/162/162 161/161/161
f 163/163/163 165/165/165 166/166/166
f 166/166/166 164/164/164 163/163/163
f 165/165/165 157/157/157 160/160/160
f 160/160/160 166/166/166 165/165/165
f 158/158/158 157/157/157 167/167/167
f 161/161/161 158/158/158 167/167/167
f 163/163/163 161/161/161 167/167/167
f 165/165/165 163/163/163 167/167/167
f 157/157/157 165/165/165 167/167/167
f 160/160/160 159/159/159 168/168/168
f 159/159/159 162/162/162 168/168/168
f 162/162/162 164/164/164 168/168/168
f 164/164/164 166/166/166 168/168/168
f 166/166/166 160/160/160 168/168/168
s 15
f 169/169/169 170/170/170 171/171/171
f 171/171/171 172/172/172 169/169/169
f 170/170/170 173/173/173 174/174/174
f 174/174/174 171/171/171 170/170/170
f 173/173/173 175/175/175 176/176/176
f 176/176/176 174/174/174 173/173/173
f 175/175/175 177/177/177 178/178/178
f 178/178/178 176/176/176 175/175/175
f 177/177/177 169/169/169 172/172/172
f 172/172/172 178/178/178 177/177/177
f 170/170/170 169/169/169 179/179/179
f 173/173/173 170/170/170 179/179/179
f 175/175/175 173/173/173 179/179/179
f 177/177/177 175/175/175 179/179/179
f 169/169/169 177/177/177 179/179/179
f 172/172/172 171/171/171 180/180/180
f 171/171/171 174/174/174 180/180/180
f 174/174/174 176/176/176 180/180/180
f 176/176/176 178/178/178 180/180/180
f 178/178/178 172/172/172 180/180/180
s 16
f 181/181/181 182/182/182 183/183/183
f 183/183/183 184/184/184 181/181/181
f 182/182/182 185/185/185 186/186/186
f 186/186/186 183/183/183 182/182/182
f 185/185/185 187/187/187 188/188/188
f 188/188/188 186/186/186 185/185/185
f 187/187/187 189/189/189 190/190/190
f 190/190/190 188/188/188 187/187/187
f 189/189/189 181/181/181 184/184/184
f 184/184/184 190/190/190 189/189/189
f 182/182/182 181/181/181 191/191/191
f 185/185/185 182/182/182 191/191/191
f 187/187/187 185/185/185 191/191/191
f 189/189/189 187/187/187 191/191/191
f 181/181/181 189/189/189 191/191/191
f 184/184/184 183/183/183 192/192/192
f 183/183/183 186/186/186 192/192/192
f 186/186/186 188/188/188 192/192/192
f 188/188/188 190/190/190 192/192/192
f 190/190/190 184/184/184 192/192/192
s 17
f 193/193/193 194/194/194 195/195/195
f 195/195/195 196/196/196 193/193/193
f 194/194/194 197/197/197 198/198/198
f 198/198/198 195/195/195 194/194/194
f 197/197/197 199/199/199 200/200/200
f 200/200/200 198/198/198 197/197/197
f 199/199/199 201/201/201 202/202/202
f 202/202/202 200/200/200 199/199/199
f 201/201/201 193/193/193 196/196/196
f 196/196/196 202/202/202 201/201/201
f 194/194/194 193/193/193 203/203/203
f 197/197/197 194/194/194 203/203/203
f 199/199/199 197/197/197 203/203/203
f 201/201/201 199/199/199 203/203/203
f 193/193/193 201/201/201 203/203/203
f 196/196/196 195/195/195 204/204/204
f 195/195/195 198/198/198 204/204/204
f 198/198/198 200/200/200 204/204/204
f 200/200/200 202/202/202 204/204/204
f 202/202/202 196/196/196 204/204/204
s 18
f 205/205/205 206/206/206 207/207/207
f 207/207/207 208/208/208 205/205/205
f 206/206/206 209/209/209 210/210/210
f 210/210/210 207/207/207 206/206/206
f 209/209/209 211/211/211 212/212/212
f 212/212/212 210/210/210 209/209/209
f 211/211/211 213/213/213 214/214/214
f 214/214/214 212/212/212 211/211/211
f 213/213/213 205/205/205 208/208/208
f 208/208/208 214/214/214 213/213/213
f 206/206/206 205/205/205 215/215/215
f 209/209/209 206/206/206 215/215/215
f 211/211/211 209/209/209 215/215/215
f 213/213/213 211/211/211 215/215/215
f 205/205/205 213/213/213 215/215/215
f 208/208/208 207/207/207 216/216/216
f 207/207/207 210/210/210 216/216/216
f 210/210/210 212/212/212 216/216/216
f 212/212/212 214/214/214 216/216/216
f 214/214/214 208/208/208 216/216/216
s 19
f 217/217/217 218/218/218 219/219/219
f 219/219/219 220/220/220 217/217/217
f 218/218/218 221/221/221 222/222/222
f 222/222/222 219/219/219 218/218/218
f 221/221/221 223/223/223 224/224/224
f 224/224/224 222/222/222 221/221/221
f 223/223/223 225/225/225 226/226/226
f 226/226/226 224/224/224 223/223/223
f 225/225/225 217/217/217 220/220/220
f 220/220/220 226/226/226 225/225/225
f 218/218/218 217/217/217 227/227/227
f 221/221/221 218/218/218 227/227/227
f 223/223/223 221/221/221 227/227/227
f 225/225/225 223/223/223 227/227/227
f 217/217/217 225/225/225 227/227/227
f 220/220/220 219/219/219 228/228/228
f 219/219/219 222/222/222 228/228/228
f 222/222/222 224/224/224 228/228/228
f 224/224/224 226/226/226 228/228/228
f 226/226/226 220/220/220 228/228/228
s 20
f 229/229/229 230/230/230 231/231/231
f 231/231/231 232/232/232 229/229/229
f 230/230/230 233/233/233 234/234/234
f 234/234/234 231/231/231 230/230/230
f 233/233/233 235/235/235 236/236/236
f 236/236/236 234/234/234 233/233/233
f 235/235/235 237/237/237 238/238/238
f 238/238/238 236/236/236 235/235/235
f 237/237/237 229/229/229 232/232/232
f 232/232/232 238/238/238 237/237/237
f 230/230/230 229/229/229 239/239/239
f 233/233/233 230/230/230 239/239/239
f 235/235/235 233/233/233 239/239/239
f 237/237/237 235/235/235 239/239/239
f 229/229/229 237/237/237 239/239/239
f 232/232/232 231/231/231 240/240/240
f 231/231/231 234/234/234 240/240/240
f 234/234/234 236/236/236 240/240/240
f 236/236/236 238/238/238 240/240/240
f 238/238/238 232/232/232 240/240/240
s 21
f 241/241/241 242/242/242 243/243/243
f 243/243/243 244/244/244 241/241/241
f 242/242/242 245/245/245 246/246/246
f 246/246/246 243/243/243 242/242/242
f 245/245/245 247/247/247 248/248/248
f 248/248/248 246/246/246 245/245/245
f 247/247/247 249/249/249 250/250/250
f 250/250/250 248/248/248 247/247/247
f 249/249/249 241/241/241 244/244/244
f 244/244/244 250/250/250 249/249/249
f 242/242/242 241/241/241 251/251/251
f 245/245/245 242/242/242 251/251/251
f 247/247/247 245/245/245 251/251/251
f 249/249/249 247/247/247 251/251/251
f 241/241/241 249/249/249 251/251/251
f 244/244/244 243/243/243 252/252/252
f 243/243/243 246/246/246 252/252/252
f 246/246/246 248/248/248 252/252/252
f 248/248/248 250/250/250 252/252/252
f 250/250/250 244/244/244 252/252/252
s 22
f 253/253/253 254/254/254 255/255/255
f 255/255/255 256/256/256 253/253/253
f 254/254/254 257/257/257 258/258/258
f 258/258/258 255/255/255 254/254/254
f 257/257/257 259/259/259 260/260/260
f 260/260/260 258/258/258 257/257/257
f 259/259/259 261/261/261 262/262/262
f 262/262/262 260/260/260 259/259/259
f 261/261/261 253/253/253 256/256/256
f 256/256/256 262/262/262 261/261/261
f 254/254/254 253/253/253 263/263/263
f 257/257/257 254/254/254 263/263/263
f 259/259/259 257/257/257 263/263/263
f 261/261/261 259/259/259 263/263/263
f 253/253/253 261/261/261 263/263/263
f 256/256/256 255/255/255 264/264/264
f 255/255/255 258/258/258 264/264/264
f 258/258/258 260/260/260 264/264/264
f 260/260/260 262/262/262 264/264/264
f 262/262/262 256/256/256 264/264/264
s 23
f 265/265/265 266/266/266 267/267/267
f 267/267/267 268/268/268 265/265/265
f 266/266/266 269/269/269 270/270/270
f 270/270/270 267/267/267 266/266/266
f 269/269/269 271/271/271 272/272/272
f 272/272/272 270/270/270 269/269/269
f 271/271/271 273/273/273 274/274/274
f 274/274/274 272/272/272 271/271/271
f 273/273/273 265/265/265 268/268/268
f 268/268/268 274/274/274 273/273/273
f 266/266/266 265/265/265 275/275/275
f 269/269/269 266/266/266 275/275/275
f 271/271/271 269/269/269 275/275/275
f 273/273/273 271/271/271 275/275/275
f 265/265/265 273/273/273 275/275/275
f 268/268/268 267/267/267 276/276/276
f 267/267/267 270/270/270 276/276/276
f 270/270/270 272/272/272 276/276/276
f 272/272/272 274/274/274 276/276/276
f 274/274/274 268/268/268 276/276/276
s 24
f 277/277/277 278/278/278 279/279/279
f 279/279/279 280/280/280 277/277/277
f 278/278/278 281/281/281 282/282/282
f 282/282/282 279/279/279 278/278/278
f 281/281/281 283/283/283 284/284/284
f 284/284/284 282/282/282 281/281/281
f 283/283/283 285/285/285 286/286/286
f 286/286/286 284/284/284 283/283/283
f 285/285/285 277/277/277 280/280/280
f 280/280/280 286/286/286 285/285/285
f 278/278/278 277/277/277 287/287/287
f 281/281/281 278/278/278 287/287/287
f 283/283/283 281/281/281 287/287/287
f 285/285/285 283/283/283 287/287/287
f 277/277/277 285/285/285 287/287/287
f 280/280/280 279/279/279 288/288/288
f 279/279/279 282/282/282 288/288/288
f 282/282/282 284/284/284 288/288/288
f 284/284/284 286/286/286 288/288/288
f 286/286/286 280/280/280 288/288/288
s 25
f 289/289/289 290/290/290 291/291/291
f 291/291/291 292/292/292 289/289/289
f 290/290/290 293/293/293 294/294/294
f 294/294/294 291/291/291 290/290/290
f 293/293/293 295/295/295 296/296/296
f 296/296/296 294/294/294 293/293/293
f 295/295/295 297/297/297 298/298/298
f 298/298/298 296/296/296 295/295/295
f 297/297/297 289/289/289 292/292/292
f 292/292/292 298/298/298 297/297/297
f 290/290/290 289/289/289 299/299/299
f 293/293/293 290/290/290 299/299/299
f 295/295/295 293/293/293 299/299/299
f 297/297/297 295/295/295 299/299/299
f 289/289/289 297/297/297 299/299/299
f 292/292/292 291/291/291 300/300/300
f 291/291/291 294/294/294 300/300/300
f 294/294/294 296/296/296 300/300/300
f 296/296/296 298/298/298 300/300/300
f 298/298/298 292/292/292 300/300/300
s 26
f 301/301/301 302/302/302 303/303/303
f 303/303/303 304/304/304 301/301/301
f 302/302/302 305/305/305 306/306/306
f 306/306/306 303/303/303 302/302/302
f 305/305/305 307/307/307 308/308/308
f 308/308/308 306/306/306 305/305/305
f 307/307/307 309/309/309 310/310/310
f 310/310/310 308/308/308 307/307/307
f 309/309/309 301/301/301 304/304/304
f 304/304/304 310/310/310 309/309/309
f 302/302/302 301/301/301 311/311/311
f 305/305/305 302/302/302 311/311/311
f 307/307/307 305/305/305 311/311/311
f 309/309/309 307/307/307 311/311/311
f 301/301/301 309/309/309 311/311/311
f 304/304/304 303/303/303 312/312/312
f 303/303/303 306/306/306 312/312/312
f 306/306/306 308/308/308 312/312/312
f 308/308/308 310/310/310 312/312/312
f 310/310/310 304/304/304 312/312/312
s 27
f 313/313/313 314/314/314 315/315/315
f 315/315/315 316/316/316 313/313/313
f 314/314/314 317/317/317 318/318/318
f 318/318/318 315/315/315 314/314/314
f 317/317/317 319/319/319 320/320/320
f 320/320/320 318/318/318 317/317/317
f 319/319/319 321/321/321 322/322/322
f 322/322/322 320/320/320 319/319/319
f 321/321/321 313/313/313 316/316/316
f 316/316/316 322/322/322 321/321/321
f 314/314/314 313/313/313 323/323/323
f 317/317/317 314/314/314 323/323/323
f 319/319/319 317/317/317 323/323/323
f 321/321/321 319/319/319 323/323/323
f 313/313/313 321/321/321 323/323/323
f 316/316/316 315/315/315 324/324/324
f 315/315/315 318/318/318 324/324/324
f 318/318/318 320/320/320 324/324/324
f 320/320/320 322/322/322 324/324/324
f 322/322/322 316/316/316 324/324/324
s 28
f 325/325/325 326/326/326 327/327/327
f 327/327/327 328/328/328 325/325/325
f 326/326/326 329/329/329 330/330/330
f 330/330/330 327/327/327 326/326/326
f 329/329/329 331/331/331 332/332/332
f 332/332/332 330/330/330 329/329/329
f 331/331/331 333/333/333 334/334/334
f 334/334/334 332/332/332 331/331/331
f 333/333/333 325/325/325 328/328/328
f 328/328/328 334/334/334 333/333/333
f 326/326/326 325/325/325 335/335/335
f 329/329/329 326/326/326 335/335/335
f 331/331/331 329/329/329 335/335/335
f 333/333/333 331/331/331 335/335/335
f 325/325/325 333/333/333 335/335/335
f 328/328/328 327/327/327 336/336/336
f 327/327/327 330/330/330 336/336/336
f 330/330/330 332/332/332 336/336/336
f 332/332/332 334/334/334 336/336/336
f 334/334/334 328/328/328 336/336/336
s 29
f 337/337/337 338/338/338 339/339/339
f 339/339/339 340/340/340 337/337/337
f 338/338/338 341/341/341 342/342/342
f 342/342/342 339/339/339 338/338/338
f 341/341/341 343/343/343 344/344/344
f 344/344/344 342/342/342 341/341/341
f 343/343/343 345/345/345 346/346/346
f 346/346/346 344/344/344 343/343/343
f 345/345/345 337/337/337 340/340/340
f 340/340/340 346/346/346 345/345/345
f 338/338/338 337/337/337 347/347/347
f 341/341/341 338/338/338 347/347/347
f 343/343/343 341/341/341 347/347/347
f 345/345/345 343/343/343 347/347/347
f 337/337/337 345/345/345 347/347/347
f 340/340/340 339/339/339 348/348/348
f 339/339/339 342/342/342 348/348/348
f 342/342/342 344/344/344 348/348/348
f 344/344/344 346/346/346 348/348/348
f 346/346/346 340/340/340 348/348/348
s 30
f 349/349/349 350/350/350 351/351/351
f 351/351/351 352/352/352 349/349/349
f 350/350/350 353/353/353 354/354/354
f 354/354/354 351/351/351 350/350/350
f 353/353/353 355/355/355 356/356/356
f 356/356/356 354/354/354 353/353/353
f 355/355/355 357/357/357 358/358/358
f 358/358/358 356/356/356 355/355/355
f 357/357/357 349/349/349 352/352/352
f 352/352/352 358/358/358 357/357/357
f 350/350/350 349/349/349 359/359/359
f 353/353/353 350/350/350 359/359/359
f 355/355/355 353/353/353 359/359/359
f 357/357/357 355/355/355 359/359/359
f 349/349/349 357/357/357 359/359/359
f 352/352/352 351/351/351 360/360/360
f 351/351/351 354/354/354 360/360/360
f 354/354/354 356/356/356 360/360/360
f 356/356/356 358/358/358 360/360/360
f 358/358/358 352/352/352 360/360/360
s 31
f 361/361/361 362/362/362 363/363/363
f 363/363/363 364/364/364 361/361/361
f 362/362/362 365/365/365 366/366/366
f 366/366/366 363/363/363 362/362/362
f 365/365/365 367/367/367 368/368/368
f 368/368/368 366/366/366 365/365/365
f 367/367/367 369/369/369 370/370/370
f 370/370/370 368/368/368 367/367/367
f 369/369/369 361/361/361 364/364/364
f 364/364/364 370/370/370 369/369/369
f 362/362/362 361/361/361 371/371/371
f 365/365/365 362/362/362 371/371/371
f 367/367/367 365/365/365 371/371/371
f 369/369/369 367/367/367 371/371/371
f 361/361/361 369/369/369 371/371/371
f 364/364/364 363/363/363 372/372/372
f 363/363/363 366/366/366 372/372/372
f 366/366/366 368/368/368 372/372/372
f 368/368/368 370/370/370 372/372/372
f 370/370/370 364/364/364 372/372/372
s 32
f 373/373/373 374/374/374 375/375/375
f 375/375/375 376/376/376 373/373/373
f 374/374/374 377/377/377 378/378/378
f 378/378/378 375/375/375 374/374/374
f 377/377/377 379/379/379 380/380/380
f 380/380/380 378/378/378 377/377/377
f 379/379/379 381/381/381 382/382/382
f 382/382/382 380/380/380 379/379/379
f 381/381/381 373/373/373 376/376/376
f 376/376/376 382/382/382 381/381/381
f 374/374/374 373/373/373 383/383/383
f 377/377/377 374/374/374 383/383/383
f 379/379/379 377/377/377 383/383/383
f 381/381/381 379/379/379 383/383/383
f 373/373/373 381/381/381 383/383/383
f 376/376/376 375/375/375 384/384/384
f 375/375/375 378/378/378 384/384/384
f 378/378/378 380/380/380 384/384/384
f 380/380/380 382/382/382 384/384/384
f 382/382/382 376/376/376 384/384/384
s 33
f 385/385/385 386/386/386 387/387/387
f 387/387/387 388/388/388 385/385/385
f 386/386/386 389/389/389 390/390/390
f 390/390/390 387/387/387 386/386/386
f 389/389/389 391/391/391 392/392/392
f 392/392/392 390/390/390 389/389/389
f 391/391/391 393/393/393 394/394/394
f 394/394/394 392/392/392 391/391/391
f 393/393/393 385/385/385 388/388/388
f 388/388/388 394/394/394 393/393/393
f 386/386/386 385/385/385 395/395/395
f 389/389/389 386/386/386 395/395/395
f 391/391/391 389/389/389 395/395/395
f 393/393/393 391/391/391 395/395/395
f 385/385/385 393/393/393 395/395/395
f 388/388/388 387/387/387 396/396/396
f 387/387/387 390/390/390 396/396/396
f 390/390/390 392/392/392 396/396/396
f 392/392/392 394/394/394 396/396/396
f 394/394/394 388/388/388 396/396/396
s 34
f 397/397/397 398/398/398 399/399/399
f 399/399/399 400/400/400 397/397/397
f 398/398/398 401/401/401 402/402/402
f 402/402/402 399/399/399 398/398/398
f 401/401/401 403/403/403 404/404/404
f 404/404/404 402/402/402 401/401/401
f 403/403/403 405/405/405 406/406/406
f 406/406/406 404/404/404 403/403/403
f 405/405/405 397/397/397 400/400/400
f 400/400/400 406/406/406 405/405/405
f 398/398/398 397/397/397 407/407/407
f 401/401/401 398/398/398 407/407/407
f 403/403/403 401/401/401 407/407/407
f 405/405/405 403/403/403 407/407/407
f 397/397/397 405/405/405 407/407/407
f 400/400/400 399/399/399 408/408/408
f 399/399/399 402/402/402 408/408/408
f 402/402/402 404/404/404 408/408/408
f 404/404/404 406/406/406 408/408/408
f 406/406/406 400/400/400 408/408/408
s 35
f 409/409/409 410/410/410 411/411/411
f 411/411/411 412/412/412 409/409/409
f 410/410/410 413/413/413 414/414/414
f 414/414/414 411/411/411 410/410/410
f 413/413/413 415/415/415 416/416/416
f 416/416/416 414/414/414 413/413/413
f 415/415/415 417/417/417 418/418/418
f 418/418/418 416/416/416 415/415/415
f 417/417/417 409/409/409 412/412/412
f 412/412/412 418/418/418 417/417/417
f 410/410/410 409/409/409 419/419/419
f 413/413/413 410/410/410 419/419/419
f 415/415/415 413/413/413 419/419/419
f 417/417/417 415/415/415 419/419/419
f 409/409/409 417/417/417 419/419/419
f 412/412/412 411/411/411 420/420/420
f 411/411/411 414/414/414 420/420/420
f 414/414/414 416/416/416 420/420/420
f 416/416/416 418/418/418 420/420/420
f 418/418/418 412/412/412 420/420/420
s 36
f 421/421/421 422/422/422 423/423/423
f 423/423/423 424/424/424 421/421/421
f 422/422/422 425/425/425 426/426/426
f 426/426/426 423/423/423 422/422/422
f 425/425/425 427/427/427 428/428/428
f 428/428/428 426/426/426 425/425/425
f 427/427/427 429/429/429 430/430/430
f 430/430/430 428/428/428 427/427/427
f 429/429/429 421/421/421 424/424/424
f 424/424/424 430/430/430 429/429/429
f 422/422/422 421/421/421 431/431/431
f 425/425/425 422/422/422 431/431/431
f 427/427/427 425/425/425 431/431/431
f 429/429/429 427/427/427 431/431/431
f 421/421/421 429/429/429 431/431/431
f 424/424/424 423/423/423 432/432/432
f 423/423/423 426/426/426 432/432/432
f 426/426/426 428/428/428 432/432/432
f 428/428/428 430/430/430 432/432/432
f 430/430/430 424/424/424 432/432/432
s 37
f 433/433/433 434/434/434 435/435/435
f 435/435/435 436/436/436 433/433/433
f 434/434/434 437/437/437 438/438/438
f 438/438/438 435/435/435 434/434/434
f 437/437/437 439/439/439 440/440/440
f 440/440/440 438/438/438 437/437/437
f 439/439/439 441/441/441 442/442/442
f 442/442/442 440/440/440 439/439/439
f 441/441/441 433/433/433 436/436/436
f 436/436/436 442/442/442 441/441/441
f 434/434/434 433/433/433 443/443/443
f 437/437/437 434/434/434 443/443/443
f 439/439/439 437/437/437 443/443/443
f 441/441/441 439/439/439 443/443/443
f 433/433/433 441/441/441 443/443/443
f 436/436/436 435/435/435 444/444/444
f 435/435/435 438/438/438 444/444/444
f 438/438/438 440/440/440 444/444/444
f 440/440/440 442/442/442 444/444/444
f 442/442/442 436/436/436 444/444/444
s 38
f 445/445/445 446/446/446 447/447/447
f 447/447/447 448/448/448 445/445/445
f 446/446/446 449/449/449 450/450/450
f 450/450/450 447/447/447 446/446/446
f 449/449/449 451/451/451 452/452/452
f 452/452/452 450/450/450 449/449/449
f 451/451/451 453/453/453 454/454/454
f 454/454/454 452/452/452 451/451/451
f 453/453/453 445/445/445 448/448/448
f 448/448/448 454/454/454 453/453/453
f 446/446/446 445/445/445 455/455/455
f 449/449/449 446/446/446 455/455/455
f 451/451/451 449/449/449 455/455/455
f 453/453/453 451/451/451 455/455/455
f 445/445/445 453/453/453 455/455/455
f 448/448/448 447/447/447 456/456/456
f 447/447/447 450/450/450 456/456/456
f 450/450/450 452/452/452 456/456/456
f 452/452/452 454/454/454 456/456/456
f 454/454/454 448/448/448 456/456/456
s 39
f 457/457/457 458/458/458 459/459/459
f 459/459/459 460/460/460 457/457/457
f 458/458/458 461/461/461 462/462/462
f 462/462/462 459/459/459 458/458/458
f 461/461/461 463/463/463 464/464/464
f 464/464/464 462/462/462 461/461/461
f 463/463/463 465/465/465 466/466/466
f 466/466/466 464/464/464 463/463/463
f 465/465/465 457/457/457 460/460/460
f 460/460/460 466/466/466 465/465/465
f 458/458/458 457/457/457 467/467/467
f 461/461/461 458/458/458 467/467/467
f 463/463/463 461/461/461 467/467/467
f 465/465/465 463/463/463 467/467/467
f 457/457/457 465/465/465 467/467/467
f 460/460/460 459/459/459 468/468/468
f 459/459/459 462/462/462 468/468/468
f 462/462/462 464/464/464 468/468/468
f 464/464/464 466/466/466 468/468/468
f 466/466/466 460/460/460 468/468/468
s 40
f 469/469/469 470/470/470 471/471/471
f 471/471/471 472/472/472 469/469/469
f 470/470/470 473/473/473 474/474/474
f 474/474/474 471/471/471 470/470/470
f 473/473/473 475/475/475 476/476/476
f 476/476/476 474/474/474 473/473/473
f 475/475/475 477/477/477 478/478/478
f 478/478/478 476/476/476 475/475/475
f 477/477/477 469/469/469 472/472/472
f 472/472/472 478/478/478 477/477/477
f 470/470/470 469/469/469 479/479/479
f 473/473/473 470/470/470 479/479/479
f 475/475/475 473/473/473 479/479/479
f 477/477/477 475/475/475 479/479/479
f 469/469/469 477/477/477 479/479/479
f 472/472/472 471/471/471 480/480/480
f 471/471/471 474/474/474 480/480/480
f 474/474/474 476/476/476 480/480/480
f 476/476/476 478/478/478 480/480/480
f 478/478/478 472/472/472 480/480/480
s 41
f 481/481/481 482/482/482 483/483/483
f 483/483/483 484/484/484 481/481/481
f 482/482/482 485/485/485 486/486/486
f 486/486/486 483/483/483 482/482/482
f 485/485/485 487/487/487 488/488/488
f 488/488/488 486/486/486 485/485/485
f 487/487/487 489/489/489 490/490/490
f 490/490/490 488/488/488 487/487/487
f 489/489/489 481/481/481 484/484/484
f 484/484/484 490/490/490 489/489/489
f 482/482/482 481/481/481 491/491/491
f 485/485/485 482/482/482 491/491/491
f 487/487/487 485/485/485 491/491/491
f 489/489/489 487/487/487 491/491/491
f 481/481/481 489/489/489 491/491/491
f 484/484/484 483/483/483 492/492/492
f 483/483/483 486/486/486 492/492/492
f 486/486/486 488/488/488 492/492/492
f 488/488/488 490/490/490 492/492/492
f 490/490/490 484/484/484 492/492/492
s 42
f 493/493/493 494/494/494 495/495/495
f 495/495/495 496/496/496 493/493/493
f 494/494/494 497/497/497 498/498/498
f 498/498/498 495/495/495 494/494/494
f 497/497/497 499/499/499 500/500/500
f 500/500/500 498/498/498 497/497/497
f 499/499/499 501/501/501 502/502/502
f 502/502/502 500/500/500 499/499/499
f 501/501/501 493/493/493 496/496/496
f 496/496/496 502/502/502 501/501/501
f 494/494/494 493/493/493 503/503/503
f 497/497/497 494/494/494 503/503/503
f 499/499/499 497/497/497 503/503/503
f 501/501/501 499/499/499 503/503/503
f 493/493/493 501/501/501 503/503/503
f 496/496/496 495/495/495 504/504/504
f 495/495/495 498/498/498 504/504/504
f 498/498/498 500/500/500 504/504/504
f 500/500/500 502/502/502 504/504/504
f 502/502/502 496/496/496 504/504/504
s 43
f 505/505/505 506/506/506 507/507/507
f 507/507/507 508/508/508 505/505/505
f 506/506/506 509/509/509 510/510/510
f 510/510/510 507/507/507 506/506/506
f 509/509/509 511/511/511 512/512/512
f 512/512/512 510/510/510 509/509/509
f 511/511/511 513/513/513 514/514/514
f 514/514/514 512/512/512 511/511/511
f 513/513/513 505/505/505 508/508/508
f 508/508/508 514/514/514 513/513/513
f 506/506/506 505/505/505 515/515/515
f 509/509/509 506/506/506 515/515/515
f 511/511/511 509/509/509 515/515/515
f 513/513/513 511/511/511 515/515/515
f 505/505/505 513/513/513 515/515/515
f 508/508/508 507/507/507 516/516/516
f 507/507/507 510/510/510 516/516/516
f 510/510/510 512/512/512 516/516/516
f 512/512/512 514/514/514 516/516/516
f 514/514/514 508/508/508 516/516/516
s 44
f 517/517/517 518/518/518 519/519/519
f 519/519/519 520/520/520 517/517/517
f 518/518/518 521/521/521 522/522/522
f 522/522/522 519/519/519 518/518/518
f 521/521/521 523/523/523 524/524/524
f 524/524/524 522/522/522 521/521/521
f 523/523/523 525/525/525 526/526/526
f 526/526/526 524/524/524 523/523/523
f 525/525/525 517/517/517 520/520/520
f 520/520/520 526/526/526 525/525/525
f 518/518/518 517/517/517 527/527/527
f 521/521/521 518/518/518 527/527/527
f 523/523/523 521/521/521 527/527/527
f 525/525/525 523/523/523 527/527/527
f 517/517/517 525/525/525 527/527/527
f 520/520/520 519/519/519 528/528/528
f 519/519/519 522/522/522 528/528/528
f 522/522/522 524/524/524 528/528/528
f 524/524/524 526/526/526 528/528/528
f 526/526/526 520/520/520 528/528/528
s 45
f 529/529/529 530/530/530 531/531/531
f 531/531/531 532/532/532 529/529/529
f 530/530/530 533/533/533 534/534/534
f 534/534/534 531/531/531 530/530/530
f 533/533/533 535/535/535 536/536/536
f 536/536/536 534/534/534 533/533/533
f 535/535/535 537/537/537 538/538/538
f 538/538/538 536/536/536 535/535/535
f 537/537/537 529/529/529 532/532/532
f 532/532/532 538/538/538 537/537/537
f 530/530/530 529/529/529 539/539/539
f 533/533/533 530/530/530 539/539/539
f 535/535/535 533/533/533 539/539/539
f 537/537/537 535/535/535 539/539/539
f 529/529/529 537/537/537 539/539/539
f 532/532/532 531/531/531 540/540/540
f 531/531/531 534/534/534 540/540/540
f 534/534/534 536/536/536 540/540/540
f 536/536/536 538/538/538 540/540/540
f 538/538/538 532/532/532 540/540/540
s 46
f 541/541/541 542/542/542 543/543/543
f 543/543/543 544/544/544 541/541/541
f 542/542/542 545/545/545 546/546/546
f 546/546/546 543/543/543 542/542/542
f 545/545/545 547/547/547 548/548/548
f 548/548/548 546/546/546 545/545/545
f 547/547/547 549/549/549 550/550/550
f 550/550/550 548/548/548 547/547/547
f 549/549/549 541/541/541 544/544/544
f 544/544/544 550/550/550 549/549/549
f 542/542/542 541/541/541 551/551/551
f 545/545/545 542/542/542 551/551/551
f 547/547/547 545/545/545 551/551/551
f 549/549/549 547/547/547 551/551/551
f 541/541/541 549/549/549 551/551/551
f 544/544/544 543/543/543 552/552/552
f 543/543/543 546/546/546 552/552/552
f 546/546/546 548/548/548 552/552/552
f 548/548/548 550/550/550 552/552/552
f 550/550/550 544/544/544 552/552/552
s 47
f 553/553/553 554/554/554 555/555/555
f 555/555/555 556/556/556 553/553/553
f 554/554/554 557/557/557 558/558/558
f 558/558/558 555/555/555 554/554/554
f 557/557/557 559/559/559 560/560/560
f 560/560/560 558/558/558 557/557/557
f 559/559/559 561/561/561 562/562/562
f 562/562/562 560/560/560 559/559/559
f 561/561/561 553/553/553 556/556/556
f 556/556/556 562/562/562 561/561/561
f 554/554/554 553/553/553 563/563/563
f 557/557/557 554/554/554 563/563/563
f 559/559/559 557/557/557 563/563/563
f 561/561/561 559/559/559 563/563/563
f 553/553/553 561/561/561 563/563/563
f 556/556/556 555/555/555 564/564/564
f 555/555/555 558/558/558 564/564/564
f 558/558/558 560/560/560 564/564/564
f 560/560/560 562/562/562 564/564/564
f 562/562/562 556/556/556 564/564/564
s 48
f 565/565/565 566/566/566 567/567/567
f 567/567/567 568/568/568 565/565/565
f 566/566/566 569/569/569 570/570/570
f 570/570/570 567/567/567 566/566/566
f 569/569/569 571/571/571 572/572/572
f 572/572/572 570/570/570 569/569/569
f 571/571/571 573/573/573 574/574/574
f 574/574/574 572/572/572 571/571/571
f 573/573/573 565/565/565 568/568/568
f 568/568/568 574/574/574 573/573/573
f 566/566/566 565/565/565 575/575/575
f 569/569/569 566/566/566 575/575/575
f 571/571/571 569/569/569 575/575/575
f 573/573/573 571/571/571 575/575/575
f 565/565/565 573/573/573 575/575/575
f 568/568/568 567/567/567 576/576/576
f 567/567/567 570/570/570 576/576/576
f 570/570/570 572/572/572 576/576/576
f 572/572/572 574/574/574 576/576/576
f 574/574/574 568/568/568 576/576/576
s 49
f 577/577/577 578/578/578 579/579/579
f 579/579/579 580/580/580 577/577/577
f 578/578/578 581/581/581 582/582/582
f 582/582/582 579/579/579 578/578/578
f 581/581/581 583/583/583 584/584/584
f 584/584/584 582/582/582 581/581/581
f 583/583/583 585/585/585 586/586/586
f 586/586/586 584/584/584 583/583/583
f 585/585/585 577/577/577 580/580/580
f 580/580/580 586/586/586 585/585/585
f 578/578/578 577/577/577 587/587/587
f 581/581/581 578/578/578 587/587/587
f 583/583/583 581/581/581 587/587/587
f 585/585/585 583/583/583 587/587/587
f 577/577/577 585/585/585 587/587/587
f 580/580/580 579/579/579 588/588/588
f 579/579/579 582/582/582 588/588/588
f 582/582/582 584/584/584 588/588/588
f 584/584/584 586/586/586 588/588/588
f 586/586/586 580/580/580 588/588/588
s 50
f 589/589/589 590/590/590 591/591/591
f 591/591/591 592/592/592 589/589/589
f 590/590/590 593/593/593 594/594/594
f 594/594/594 591/591/591 590/590/590
f 593/593/593 595/595/595 596/596/596
f 596/596/596 594/594/594 593/593/593
f 595/595/595 597/597/597 598/598/598
f 598/598/598 596/596/596 595/595/595
f 597/597/597 589/589/589 592/592/592
f 592/592/592 598/598/598 597/597/597
f 590/590/590 589/589/589 599/599/599
f 593/593/593 590/590/590 599/599/599
f 595/595/595 593/593/593 599/599/599
f 597/597/597 595/595/595 599/599/599
f 589/589/589 597/597/597 599/599/599
f 592/592/592 591/591/591 600/600/600
f 591/591/591 594/594/594 600/600/600
f 594/594/594 596/596/596 600/600/600
f 596/596/596 598/598/598 600/600/600
f 598/598/598 592/592/592 600/600/600
s 51
f 601/601/601 602/602/602 603/603/603
f 603/603/603 604/604/604 601/601/601
f 602/602/602 605/605/605 606/606/606
f 606/606/606 603/603/603 602/602/602
f 605/605/605 607/607/607 608/608/608
f 608/608/608 606/606/606 605/605/605
f 607/607/607 609/609/609 610/610/610
f 610/610/610 608/608/608 607/607/607
f 609/609/609 601/601/601 604/604/604
f 604/604/604 610/610/610 609/609/609
f 602/602/602 601/601/601 611/611/611
f 605/605/605 602/602/602 611/611/611
f 607/607/607 605/605/605 611/611/611
f 609/609/609 607/607/607 611/611/611
f 601/601/601 609/609/609 611/611/611
f 604/604/604 603/603/603 612/612/612
f 603/603/603 606/606/606 612/612/612
f 606/606/606 608/608/608 612/612/612
f 608/608/608 610/610/610 612/612/612
f 610/610/610 604/604/604 612/612/612
s 52
f 613/613/613 614/614/614 615/615/615
f 615/615/615 616/616/616 613/613/613
f 614/614/614 617/617/617 618/618/618
f 618/618/618 615/615/615 614/614/614
f 617/617/617 619/619/619 620/620/620
f 620/620/620 618/618/618 617/617/617
f 619/619/619 621/621/621 622/622/622
f 622/622/622 620/620/620 619/619/619
f 621/621/621 613/613/613 616/616/616
f 616/616/616 622/622/622 621/621/621
f 614/614/614 613/613/613 623/623/623
f 617/617/617 614/614/614 623/623/623
f 619/619/619 617/617/617 623/623/623
f 621/621/621 619/619/619 623/623/623
f 613/613/613 621/621/621 623/623/623
f 616/616/616 615/615/615 624/624/624
f 615/615/615 618/618/618 624/624/624
f 618/618/618 620/620/620 624/624/624
f 620/620/620 622/622/622 624/624/624
f 622/622/622 616/616/616 624/624/624
s 53
f 625/625/625 626/626/626 627/627/627
f 627/627/627 628/628/628 625/625/625
f 626/626/626 629/629/629 630/630/630
f 630/630/630 627/627/627 626/626/626
f 629/629/629 631/631/631 632/632/632
f 632/632/632 630/630/630 629/629/629
f 631/631/631 633/633/633 634/634/634
f 634/634/634 632/632/632 631/631/631
f 633/633/633 625/625/625 628/628/628
f 628/628/628 634/634/634 633/633/633
f 626/626/626 625/625/625 635/635/635
f 629/629/629 626/626/626 635/635/635
f 631/631/631 629/629/629 635/635/635
f 633/633/633 631/631/631 635/635/635
f 625/625/625 633/633/633 635/635/635
f 628/628/628 627/627/627 636/636/636
f 627/627/627 630/630/630 636/636/636
f 630/630/630 632/632/632 636/636/636
f 632/632/632 634/634/634 636/636/636
f 634/634/634 628/628/628 636/636/636
s 54
f 637/637/637 638/638/638 639/639/639
f 639/639/639 640/640/640 637/637/637
f 638/638/638 641/641/641 642/642/642
f 642/642/642 639/639/639 638/638/638
f 641/641/641 643/643/643 644/644/644
f 644/644/644 642/642/642 641/641/641
f 643/643/643 645/645/645 646/646/646
f 646/646/646 644/644/644 643/643/643
f 645/645/645 637/637/637 640/640/640
f 640/640/640 646/646/646 645/645/645
f 638/638/638 637/637/637 647/647/647
f 641/641/641 638/638/638 647/647/647
f 643/643/643 641/641/641 647/647/647
f 645/645/645 643/643/643 647/647/647
f 637/637/637 645/645/645 647/647/647
f 640/640/640 639/639/639 648/648/648
f 639/639/639 642/642/642 648/648/648
f 642/642/642 644/644/644 648/648/648
f 644/644/644 646/646/646 648/648/648
f 646/646/646 640/640/640 648/648/648
s 55
f 649/649/649 650/650/650 651/651/651
f 651/651/651 652/652/652 649/649/649
f 650/650/650 653/653/653 654/654/654
f 654/654/654 651/651/651 650/650/650
f 653/653/653 655/655/655 656/656/656
f 656/656/656 654/654/654 653/653/653
f 655/655/655 657/657/657 658/658/658
f 658/658/658 656/656/656 655/655/655
f 657/657/657 649/649/649 652/652/652
f 652/652/652 658/658/658 657/657/657
f 650/650/650 649/649/649 659/659/659
f 653/653/653 650/650/650 659/659/659
f 655/655/655 653/653/653 659/659/659
f 657/657/657 655/655/655 659/659/659
f 649/649/649 657/657/657 659/659/659
f 652/652/652 651/651/651 660/660/660
f 651/651/651 654/654/654 660/660/660
f 654/654/654 656/656/656 660/660/660
f 656/656/656 658/658/658 660/660/660
f 658/658/658 652/652/652 660/660/660
s 56
f 661/661/661 662/662/662 663/663/663
f 663/663/663 664/664/664 661/661/661
f 662/662/662 665/665/665 666/666/666
f 666/666/666 663/663/663 662/662/662
f 665/665/665 667/667/667 668/668/668
f 668/668/668 666/666/666 665/665/665
f 667/667/667 669/669/669 670/670/670
f 670/670/670 668/668/668 667/667/667
f 669/669/669 661/661/661 664/664/664
f 664/664/664 670/670/670 669/669/669
f 662/662/662 661/661/661 671/671/671
f 665/665/665 662/662/662 671/671/671
f 667/667/667 665/665/665 671/671/671
f 669/669/669 667/667/667 671/671/671
f 661/661/661 669/669/669 671/671/671
f 664/664/664 663/663/663 672/672/672
f 663/663/663 666/666/666 672/672/672
f 666/666/666 668/668/668 672/672/672
f 668/668/668 670/670/670 672/672/672
f 670/670/670 664/664/664 672/672/672
s 57
f 673/673/673 674/674/674 675/675/675
f 675/675/675 676/676/676 673/673/673
f 674/674/674 677/677/677 678/678/678
f 678/678/678 675/675/675 674/674/674
f 677/677/677 679/679/679 680/680/680
f 680/680/680 678/678/678 677/677/677
f 679/679/679 681/681/681 682/682/682
f 682/682/682 680/680/680 679/679/679
f 681/681/681 673/673/673 676/676/676
f 676/676/676 682/682/682 681/681/681
f 674/674/674 673/673/673 683/683/683
f 677/677/677 674/674/674 683/683/683
f 679/679/679 677/677/677 683/683/683
f 681/681/681 679/679/679 683/683/683
f 673/673/673 681/681/681 683/683/683
f 676/676/676 675/675/675 684/684/684
f 675/675/675 678/678/678 684/684/684
f 678/678/678 680/680/680 684/684/684
f 680/680/680 682/682/682 684/684/684
f 682/682/682 676/676/676 684/684/684
s 58
f 685/685/685 686/686/686 687/687/687
f 687/687/687 688/688/688 685/685/685
f 686/686/686 689/689/689 690/690/690
f 690/690/690 687/687/687 686/686/686
f 689/689/689 691/691/691 692/692/692
f 692/692/692 690/690/690 689/689/689
f 691/691/691 693/693/693 694/694/694
f 694/694/694 692/692/692 691/691/691
f 693/693/693 685/685/685 688/688/688
f 688/688/688 694/694/694 693/693/693
f 686/686/686 685/685/685 695/695/695
f 689/689/689 686/686/686 695/695/695
f 691/691/691 689/689/689 695/695/695
f 693/693/693 691/691/691 695/695/695
f 685/685/685 693/693/693 695/695/695
f 688/688/688 687/687/687 696/696/696
f 687/687/687 690/690/690 696/696/696
f 690/690/690 692/692/692 696/696/696
f 692/692/692 694/694/694 696/696/696
f 694/694/694 688/688/688 696/696/696
s 59
f 697/697/697 698/698/698 699/699/699
f 699/699/699 700/700/700 697/697/697
f 698/698/698 701/701/701 702/702/702
f 702/702/702 699/699/699 698/698/698
f 701/701/701 703/703/703 704/704/704
f 704/704/704 702/702/702 701/701/701
f 703/703/703 705/705/705 706/706/706
f 706/706/706 704/704/704 703/703/703
f 705/705/705 697/697/697 700/700/700
f 700/700/700 706/706/706 705/705/705
f 698/698/698 697/697/697 707/707/707
f 701/701/701 698/698/698 707/707/707
f 703/703/703 701/701/701 707/707/707
f 705/705/705 703/703/703 707/707/707
f 697/697/697 705/705/705 707/707/707
f 700/700/700 699/699/699 708/708/708
f 699/699/699 702/702/702 708/708/708
f 702/702/702 704/704/704 708/708/708
f 704/704/704 706/706/706 708/708/708
f 706/706/706 700/700/700 708/708/708
s 60
f 709/709/709 710/710/710 711/711/711
f 711/711/711 712/712/712 709/709/709
f 710/710/710 713/713/713 714/714/714
f 714/714/714 711/711/711 710/710/710
f 713/713/713 715/715/715 716/716/716
f 716/716/716 714/714/714 713/713/713
f 715/715/715 717/717/717 718/718/718
f 718/718/718 716/716/716 715/715/715
f 717/717/717 709/709/709 712/712/712
f 712/712/712 718/718/718 717/717/717
f 710/710/710 709/709/709 719/719/719
f 713/713/713 710/710/710 719/719/719
f 715/715/715 713/713/713 719/719/719
f 717/717/717 715/715/715 719/719/719
f 709/709/709 717/717/717 719/719/719
f 712/712/712 711/711/711 720/720/720
f 711/711/711 714/714/714 720/720/720
f 714/714/714 716/716/716 720/720/720
f 716/716/716 718/718/718 720/720/720
f 718/718/718 712/712/712 720/720/720
s 61
f 721/721/721 722/722/722 723/723/723
f 723/723/723 724/724/724 721/721/721
f 722/722/722 725/725/725 726/726/726
f 726/726/726 723/723/723 722/722/722
f 725/725/725 727/727/727 728/728/728
f 728/728/728 726/726/726 725/725/725
f 727/727/727 729/729/729 730/730/730
f 730/730/730 728/728/728 727/727/727
f 729/729/729 721/721/721 724/724/724
f 724/724/724 730/730/730 729/729/729
f 722/722/722 721/721/721 731/731/731
f 725/725/725 722/722/722 731/731/731
f 727/727/727 725/725/725 731/731/731
f 729/729/729 727/727/727 731/731/731
f 721/721/721 729/729/729 731/731/731
f 724/724/724 723/723/723 732/732/732
f 723/723/723 726/726/726 732/732/732
f 726/726/726 728/728/728 732/732/732
f 728/728/728 730/730/730 732/732/732
f 730/730/730 724/724/724 732/732/732
s 62
f 733/733/733 734/734/734 735/735/735
f 735/735/735 736/736/736 733/733/733
f 734/734/734 737/737/737 738/738/738
f 738/738/738 735/735/735 734/734/734
f 737/737/737 739/739/739 740/740/740
f 740/740/740 738/738/738 737/737/737
f 739/739/739 741/741/741 742/742/742
f 742/742/742 740/740/740 739/739/739
f 741/741/741 733/733/733 736/736/736
f 736/736/736 742/742/742 741/741/741
f 734/734/734 733/733/733 743/743/743
f 737/737/737 734/734/734 743/743/743
f 739/739/739 737/737/737 743/743/743
f 741/741/741 739/739/739 743/743/743
f 733/733/733 741/741/741 743/743/743
f 736/736/736 735/735/735 744/744/744
f 735/735/735 738/738/738 744/744/744
f 738/738/738 740/740/740 744/744/744
f 740/740/740 742/742/742 744/744/744
f 742/742/742 736/736/736 744/744/744
s 63
f 745/745/745 746/746/746 747/747/747
f 747/747/747 748/748/748 745/745/745
f 746/746/746 749/749/749 750/750/750
f 750/750/750 747/747/747 746/746/746
f 749/749/749 751/751/751 752/752/752
f 752/752/752 750/750/750 749/749/749
f 751/751/751 753/753/753 754/754/754
f 754/754/754 752/752/752 751/751/751
f 753/753/753 745/745/745 748/748/748
f 748/748/748 754/754/754 753/753/753
f 746/746/746 745/745/745 755/755/755
f 749/749/749 746/746/746 755/755/755
f 751/751/751 749/749/749 755/755/755
f 753/753/753 751/751/751 755/755/755
f 745/745/745 753/753/753 755/755/755
f 748/748/748 747/747/747 756/756/756
f 747/747/747 750/750/750 756/756/756
f 750/750/750 752/752/752 756/756/756
f 752/752/752 754/754/754 756/756/756
f 754/754/754 748/748/748 756/756/756
s 64
f 757/757/757 758/758/758 759/759/759
f 759/759/759 760/760/760 757/757/757
f 758/758/758 761/761/761 762/762/762
f 762/762/762 759/759/759 758/758/758
f 761/761/761 763/763/763 764/764/764
f 764/764/764 762/762/762 761/761/761
f 763/763/763 765/765/765 766/766/766
f 766/766/766 764/764/764 763/763/763
f 765/765/765 757/757/757 760/760/760
f 760/760/760 766/766/766 765/765/765
f 758/758/758 757/757/757 767/767/767
f 761/761/761 758/758/758 767/767/767
f 763/763/763 761/761/761 767/767/767
f 765/765/765 763/763/763 767/767/767
f 757/757/757 765/765/765 767/767/767
f 760/760/760 759/759/759 768/768/768
f 759/759/759 762/762/762 768/768/768
f 762/762/762 764/764/764 768/768/768
f 764/764/764 766/766/766 768/768/768
f 766/766/766 760/760/760 768/768/768
s 65
f 769/769/769 770/770/770 771/771/771
f 771/771/771 772/772/772 769/769/769
f 770/770/770 773/773/773 774/774/774
f 774/774/774 771/771/771 770/770/770
f 773/773/773 775/775/775 776/776/776
f 776/776/776 774/774/774 773/773/773
f 775/775/775 777/777/777 778/778/778
f 778/778/778 776/776/776 775/775/775
f 777/777/777 769/769/769 772/772/772
f 772/772/772 778/778/778 777/777/777
f 770/770/770 769/769/769 779/779/779
f 773/773/773 770/770/770 779/779/779
f 775/775/775 773/773/773 779/779/779
f 777/777/777 775/775/775 779/779/779
f 769/769/769 777/777/777 779/779/779
f 772/772/772 771/771/771 780/780/780
f 771/771/771 774/774/774 780/780/780
f 774/774/774 776/776/776 780/780/780
f 776/776/776 778/778/778 780/780/780
f 778/778/778 772/772/772 780/780/780
