# Blender v3.3.0 OBJ File: ''
# www.blender.org
o WheatStage03.006
v 0.120491 0.708654 0.014884
v 0.120479 0.711198 0.017847
v 0.116920 0.813007 0.018366
v 0.121611 0.813540 -0.004528
v 0.119541 0.630885 0.017424
v 0.125903 0.593702 0.017213
v 0.102336 0.619161 0.029706
v 0.100898 0.652646 0.029878
v 0.124827 0.630751 0.012201
v 0.128259 0.656259 -0.005412
v 0.129876 0.618386 -0.005633
v 0.097789 0.700321 0.024742
v 0.118059 0.663501 0.017599
v 0.094405 0.738305 0.024944
v 0.117741 0.691443 0.017749
v 0.123294 0.663356 0.012602
v 0.125348 0.700983 -0.005153
v 0.094043 0.813401 0.025342
v 0.117549 0.708622 0.017841
v 0.121607 0.691519 0.013982
v 0.121956 0.740697 -0.004922
v 0.118331 0.708808 0.015287
v 0.120546 0.630741 0.014046
v 0.118775 0.663256 0.014604
v 0.119021 0.691565 0.014823
v 0.143519 0.115540 0.136891
v 0.166135 0.083540 0.183234
v 0.151545 0.094711 0.186449
v 0.127937 0.126905 0.138131
v 0.154049 0.127223 0.128291
v 0.177765 0.094704 0.176851
v 0.097673 -0.009198 -0.002322
v 0.097159 0.039265 -0.000235
v 0.089168 0.038468 0.016548
v 0.089590 -0.008705 0.014323
v 0.071109 0.039249 0.009827
v 0.071494 -0.009353 0.007406
v 0.100507 0.087103 0.012564
v 0.092394 0.084113 0.028915
v 0.074564 0.087220 0.022938
v 0.112243 0.123315 0.041014
v 0.103690 0.115100 0.054166
v 0.086355 0.123135 0.051378
v 0.131183 0.136194 0.080235
v 0.121750 0.125639 0.091340
v 0.105256 0.135669 0.090474
v 0.143531 0.115959 0.136995
v 0.128315 0.127246 0.138050
v 0.151948 0.095020 0.186458
v 0.166181 0.083941 0.183439
v 0.153670 0.127552 0.128489
v 0.177437 0.095000 0.177120
v 0.097148 -0.009198 -0.002570
v 0.089373 -0.008702 0.013784
v 0.088950 0.038511 0.016013
v 0.096633 0.039290 -0.000478
v 0.071703 -0.009348 0.006865
v 0.071318 0.039281 0.009287
v 0.092184 0.084277 0.028428
v 0.099984 0.087206 0.012354
v 0.074785 0.087327 0.022421
v 0.103527 0.115530 0.053928
v 0.111745 0.123603 0.040975
v 0.086616 0.123439 0.051051
v 0.121668 0.126108 0.091269
v 0.130736 0.136528 0.080306
v 0.105575 0.136021 0.090256
v 0.037454 0.319028 0.089355
v 0.011236 0.306202 0.119050
v 0.006429 0.315188 0.112718
v 0.033808 0.326905 0.081458
v 0.046600 0.326786 0.091394
v 0.019030 0.314667 0.122824
v 0.096658 0.192369 0.014996
v 0.098634 0.229951 0.016237
v 0.087891 0.229806 0.017302
v 0.086040 0.193145 0.015996
v 0.085864 0.230480 0.006359
v 0.084015 0.192716 0.004951
v 0.097377 0.267335 0.021385
v 0.086495 0.265491 0.022306
v 0.084435 0.267841 0.011654
v 0.088850 0.299794 0.036429
v 0.078014 0.295555 0.036954
v 0.075806 0.300032 0.026795
v 0.071096 0.321015 0.061046
v 0.060826 0.314697 0.060529
v 0.058034 0.320977 0.051378
v 0.037428 0.319355 0.089390
v 0.033999 0.327146 0.081610
v 0.006562 0.315419 0.112920
v 0.011173 0.306523 0.119129
v 0.046442 0.327034 0.091254
v 0.018813 0.314902 0.122741
v 0.098161 0.192313 0.012732
v 0.087779 0.193083 0.013797
v 0.088091 0.229831 0.017034
v 0.098598 0.229972 0.015904
v 0.085883 0.192651 0.002962
v 0.086194 0.230490 0.006301
v 0.086687 0.265607 0.022053
v 0.097330 0.267413 0.021061
v 0.084771 0.267909 0.011609
v 0.078152 0.295793 0.036763
v 0.088776 0.299946 0.036140
v 0.076105 0.300184 0.026791
v 0.060905 0.315014 0.060443
v 0.070967 0.321229 0.060822
v 0.058290 0.321197 0.051445
v 0.174256 0.460895 -0.074865
v 0.205066 0.444942 -0.128908
v 0.213476 0.456116 -0.120766
v 0.181426 0.471509 -0.064920
v 0.164488 0.472619 -0.076103
v 0.196606 0.457294 -0.131970
v 0.085844 0.296096 0.011707
v 0.094757 0.350576 0.008426
v 0.107962 0.348283 0.006556
v 0.099333 0.295386 0.009771
v 0.111781 0.349763 0.019677
v 0.102879 0.295232 0.022991
v 0.103678 0.397528 0.004676
v 0.115453 0.392785 0.004389
v 0.120687 0.396621 0.015927
v 0.119223 0.434473 -0.011986
v 0.130210 0.427292 -0.011666
v 0.136223 0.433492 -0.000765
v 0.140437 0.460739 -0.039764
v 0.150624 0.451233 -0.038741
v 0.157387 0.459689 -0.028563
v 0.174284 0.461505 -0.074787
v 0.181106 0.471940 -0.065069
v 0.213179 0.456562 -0.120971
v 0.205134 0.445561 -0.128888
v 0.164845 0.473000 -0.075817
v 0.196948 0.457703 -0.131746
v 0.084869 0.296184 0.013944
v 0.097896 0.295522 0.011951
v 0.107743 0.348438 0.006901
v 0.094943 0.350648 0.008914
v 0.101204 0.295355 0.024766
v 0.111266 0.349869 0.019704
v 0.115271 0.393198 0.004754
v 0.103917 0.397771 0.005125
v 0.120233 0.396923 0.015909
v 0.130083 0.427822 -0.011350
v 0.119464 0.434779 -0.011550
v 0.135761 0.433804 -0.000782
v 0.150569 0.451833 -0.038532
v 0.140727 0.461113 -0.039382
v 0.157000 0.460069 -0.028626
v 0.138857 0.564699 0.086059
v 0.146472 0.549264 0.119113
v 0.139488 0.556115 0.119950
v 0.131803 0.571758 0.084590
v 0.142702 0.573249 0.080896
v 0.150318 0.558169 0.116582
v 0.119784 0.463473 0.010156
v 0.123825 0.494378 0.012807
v 0.121040 0.493552 0.021742
v 0.117123 0.463570 0.019191
v 0.113081 0.494812 0.016934
v 0.109041 0.463923 0.014300
v 0.128105 0.524878 0.016595
v 0.124751 0.522288 0.024353
v 0.117313 0.524946 0.020723
v 0.133239 0.550791 0.030395
v 0.129511 0.546125 0.037548
v 0.122386 0.550320 0.034464
v 0.137783 0.567826 0.053173
v 0.133928 0.561199 0.059360
v 0.126897 0.566821 0.057093
v 0.138811 0.565024 0.086113
v 0.132009 0.572008 0.084542
v 0.139677 0.556373 0.119963
v 0.146447 0.549590 0.119229
v 0.142460 0.573444 0.080987
v 0.150090 0.558350 0.116708
v 0.119170 0.463520 0.009217
v 0.116687 0.463624 0.018066
v 0.120958 0.493636 0.021503
v 0.123543 0.494435 0.012730
v 0.108868 0.463952 0.013190
v 0.113240 0.494851 0.016686
v 0.124670 0.522474 0.024142
v 0.127837 0.524982 0.016550
v 0.117471 0.525051 0.020509
v 0.129430 0.546407 0.037388
v 0.132976 0.550945 0.030390
v 0.122557 0.550494 0.034280
v 0.133876 0.561525 0.059297
v 0.137534 0.568016 0.053212
v 0.127098 0.567053 0.056960
v 0.019689 0.161062 -0.015589
v -0.016844 0.177234 -0.029931
v -0.010460 0.185203 -0.035780
v 0.026697 0.167791 -0.021136
v 0.021367 0.167950 -0.006619
v -0.015785 0.185371 -0.021245
v 0.078592 -0.008637 0.009826
v 0.075183 0.033087 0.010003
v 0.072189 0.031823 0.000599
v 0.075448 -0.008657 0.000426
v 0.080526 0.033083 -0.004594
v 0.083935 -0.008638 -0.004761
v 0.070078 0.073493 0.009636
v 0.068381 0.070748 0.000660
v 0.075419 0.073440 -0.004946
v 0.059746 0.110540 0.006922
v 0.058242 0.106348 -0.001991
v 0.065084 0.110443 -0.007646
v 0.043362 0.142566 0.001516
v 0.042007 0.136987 -0.007360
v 0.048696 0.142432 -0.013047
v 0.019849 0.161503 -0.015535
v 0.026710 0.168072 -0.020814
v -0.010469 0.185514 -0.035454
v -0.016707 0.177693 -0.029878
v 0.021587 0.168223 -0.006852
v -0.015591 0.185675 -0.021487
v 0.078925 -0.008608 0.009607
v 0.075822 -0.008608 0.000573
v 0.072484 0.031932 0.000711
v 0.075512 0.033148 0.009783
v 0.084051 -0.008608 -0.004380
v 0.080638 0.033145 -0.004214
v 0.068692 0.070964 0.000783
v 0.070372 0.073616 0.009406
v 0.075497 0.073566 -0.004581
v 0.058527 0.106659 -0.001877
v 0.060038 0.110720 0.006701
v 0.065162 0.110628 -0.007270
v 0.042234 0.137373 -0.007272
v 0.043623 0.142799 0.001280
v 0.048746 0.142672 -0.012683
v 0.173636 0.235052 -0.088450
v 0.203635 0.193633 -0.128859
v 0.216570 0.208586 -0.119496
v 0.185253 0.250426 -0.078108
v 0.159828 0.252664 -0.091870
v 0.191256 0.209565 -0.133397
v 0.068613 0.060245 0.008607
v 0.069719 0.128058 0.010850
v 0.088252 0.126517 0.005615
v 0.087082 0.060809 0.003619
v 0.095354 0.127400 0.024289
v 0.094069 0.059860 0.022392
v 0.078451 0.194098 0.002606
v 0.096570 0.188478 -0.002544
v 0.104226 0.192595 0.015735
v 0.098457 0.241227 -0.018298
v 0.115565 0.229506 -0.019964
v 0.124254 0.238634 -0.005237
v 0.127505 0.261979 -0.050249
v 0.142886 0.246166 -0.049373
v 0.153184 0.258868 -0.036932
v 0.173751 0.235637 -0.088526
v 0.184954 0.250909 -0.078360
v 0.216317 0.209030 -0.119815
v 0.203772 0.194185 -0.129023
v 0.160253 0.253063 -0.091686
v 0.191711 0.209952 -0.133323
v 0.068291 0.060247 0.010082
v 0.086323 0.060819 0.005052
v 0.087985 0.126582 0.006160
v 0.069889 0.128089 0.011426
v 0.093017 0.059874 0.023494
v 0.094792 0.127457 0.024494
v 0.096345 0.188793 -0.002026
v 0.078658 0.194291 0.003178
v 0.103685 0.192842 0.015927
v 0.115443 0.230083 -0.019740
v 0.098729 0.241591 -0.017966
v 0.123773 0.239063 -0.005257
v 0.142890 0.246806 -0.049281
v 0.127871 0.262380 -0.049975
v 0.152807 0.259369 -0.037061
v 0.036496 0.143277 -0.112022
v 0.036436 0.149289 -0.103396
v 0.071474 0.163884 -0.123176
v 0.070875 0.156830 -0.131429
v 0.029113 0.149289 -0.116369
v 0.064151 0.163884 -0.136148
v -0.025269 -0.008608 -0.085670
v -0.016379 -0.008608 -0.082173
v -0.013310 0.027990 -0.083906
v -0.022154 0.029085 -0.087428
v -0.017946 -0.008608 -0.072697
v -0.014831 0.029085 -0.074456
v -0.010210 0.063089 -0.085656
v -0.017787 0.065488 -0.089894
v -0.010463 0.065488 -0.076921
v -0.000608 0.095033 -0.091076
v -0.007967 0.098698 -0.095437
v -0.000644 0.098698 -0.082464
v 0.015064 0.122247 -0.099923
v 0.007906 0.127123 -0.104397
v 0.015229 0.127123 -0.091424
v -0.002822 0.214589 0.051628
v 0.006732 0.176992 0.102722
v -0.008316 0.191192 0.105948
v -0.017507 0.229190 0.052917
v 0.009565 0.230207 0.042364
v 0.018721 0.191390 0.095648
v -0.016344 0.053449 -0.091059
v -0.016696 0.114445 -0.090589
v -0.024758 0.113422 -0.073071
v -0.024492 0.054070 -0.073723
v -0.043557 0.114361 -0.079786
v -0.043341 0.053255 -0.080614
v -0.012762 0.174091 -0.079061
v -0.020931 0.169617 -0.061868
v -0.039507 0.173594 -0.067931
v -0.006905 0.217345 -0.051748
v -0.017267 0.207453 -0.037017
v -0.033669 0.216104 -0.040476
v -0.000348 0.237394 -0.010178
v -0.011893 0.223702 0.002021
v -0.027283 0.235716 0.000900
v -0.002814 0.215131 0.051736
v -0.017098 0.229623 0.052826
v -0.007900 0.191585 0.105951
v 0.006783 0.177505 0.102916
v 0.009168 0.230589 0.042545
v 0.018382 0.191759 0.095932
v -0.017258 0.053449 -0.092260
v -0.025090 0.054074 -0.075230
v -0.024992 0.113476 -0.073622
v -0.017245 0.114476 -0.090834
v -0.043498 0.053261 -0.082130
v -0.043348 0.114401 -0.080348
v -0.021157 0.169895 -0.062378
v -0.013308 0.174270 -0.079275
v -0.039286 0.173799 -0.068469
v -0.017332 0.207971 -0.037287
v -0.007315 0.217686 -0.051779
v -0.033321 0.216473 -0.040853
v -0.011933 0.224286 0.001927
v -0.000762 0.237771 -0.010115
v -0.026903 0.236151 0.000654
v -0.025834 0.370618 -0.075654
v -0.024879 0.370618 -0.077968
v -0.025900 0.558018 -0.077664
v -0.026412 0.558018 -0.076424
v -0.026784 0.370618 -0.079591
v -0.026922 0.558018 -0.078534
v -0.028917 0.370618 -0.078281
v -0.028065 0.558018 -0.077832
v -0.028330 0.370618 -0.075847
v -0.027750 0.558018 -0.076527
v -0.025356 0.180507 -0.075271
v -0.024112 0.180507 -0.078284
v -0.024064 0.266311 -0.078306
v -0.025325 0.266311 -0.075252
v -0.026594 0.180507 -0.080398
v -0.026579 0.266311 -0.080449
v -0.029371 0.180507 -0.078692
v -0.029395 0.266311 -0.078719
v -0.028606 0.180507 -0.075523
v -0.028620 0.266311 -0.075507
v -0.029345 0.370755 -0.078713
v -0.028582 0.370755 -0.075551
v -0.025339 0.370755 -0.075300
v -0.024098 0.370755 -0.078307
v -0.026574 0.370755 -0.080416
v -0.025235 0.061524 -0.074845
v -0.023818 0.061524 -0.078279
v -0.023708 0.111035 -0.078311
v -0.025173 0.111035 -0.074761
v -0.026646 0.061524 -0.080688
v -0.026631 0.111035 -0.080802
v -0.029811 0.061524 -0.078743
v -0.029903 0.111035 -0.078791
v -0.028939 0.061524 -0.075132
v -0.029002 0.111035 -0.075058
v -0.029915 0.180624 -0.078801
v -0.029010 0.180624 -0.075049
v -0.025162 0.180624 -0.074751
v -0.023689 0.180624 -0.078319
v -0.026627 0.180624 -0.080822
v -0.024624 -0.008608 -0.073704
v -0.022637 -0.008608 -0.078515
v -0.023245 0.061621 -0.078334
v -0.024968 0.061621 -0.074161
v -0.026600 -0.008608 -0.081891
v -0.026682 0.061621 -0.081262
v -0.031035 -0.008608 -0.079166
v -0.030528 0.061621 -0.078899
v -0.029813 -0.008609 -0.074106
v -0.029469 0.061621 -0.074510
v 0.032197 0.061880 -0.026280
v 0.023748 0.069103 -0.021516
v 0.047949 0.045122 -0.000816
v 0.054708 0.037942 -0.007030
v 0.034903 0.069594 -0.034817
v 0.059265 0.045217 -0.013981
v -0.024941 -0.008982 -0.083081
v -0.022358 -0.008596 -0.073662
v -0.021621 0.016905 -0.072881
v -0.023622 0.017215 -0.083142
v -0.032392 -0.009098 -0.074305
v -0.032283 0.017151 -0.072582
v -0.017091 0.041431 -0.068819
v -0.017234 0.042980 -0.078809
v -0.027164 0.042846 -0.066558
v -0.009133 0.060419 -0.061811
v -0.008684 0.064277 -0.072287
v -0.019550 0.063917 -0.058739
v 0.008850 0.068814 -0.046304
v 0.010024 0.074942 -0.056155
v -0.000859 0.074312 -0.042623
v 0.032171 0.061547 -0.026321
v 0.054605 0.037633 -0.007131
v 0.047720 0.044870 -0.000728
v 0.023593 0.068831 -0.021362
v 0.035046 0.069338 -0.035010
v 0.059333 0.044978 -0.014233
v -0.024627 -0.008988 -0.083040
v -0.023291 0.017180 -0.083127
v -0.021336 0.016849 -0.072651
v -0.022071 -0.008608 -0.073427
v -0.032196 0.017110 -0.072257
v -0.032285 -0.009109 -0.074000
v -0.016945 0.042884 -0.078868
v -0.016889 0.041272 -0.068665
v -0.027156 0.042739 -0.066269
v -0.008392 0.064091 -0.072371
v -0.008958 0.060147 -0.061685
v -0.019561 0.063712 -0.058450
v 0.010258 0.074708 -0.056280
v 0.008939 0.068478 -0.046252
v -0.000925 0.074058 -0.042389
v 0.123494 0.708595 0.017837
v 0.120479 0.711198 0.017847
v 0.116921 0.812840 0.018366
v 0.139787 0.813418 0.023381
v 0.124827 0.630743 0.012197
v 0.125894 0.593441 0.017229
v 0.120661 0.618316 -0.004954
v 0.119231 0.652297 -0.004785
v 0.130112 0.630616 0.017396
v 0.146452 0.655931 0.022517
v 0.148108 0.617537 0.022292
v 0.107220 0.700214 -0.004544
v 0.123308 0.663296 0.012546
v 0.103844 0.738392 -0.004348
v 0.121608 0.691545 0.014011
v 0.128561 0.663327 0.017587
v 0.143535 0.700877 0.028914
v 0.112404 0.813280 -0.003943
v 0.120466 0.708678 0.014895
v 0.125560 0.691369 0.017742
v 0.140136 0.740783 0.029128
v 0.123052 0.708783 0.015755
v 0.128202 0.630546 0.013215
v 0.126316 0.663130 0.013149
v 0.124577 0.691512 0.015177
v 0.117549 0.708622 0.017841
v 0.120479 0.711198 0.017847
v 0.116924 0.812227 0.018385
v 0.094054 0.812442 0.012905
v 0.124825 0.630702 0.022636
v 0.125899 0.593579 0.017213
v 0.130113 0.618218 0.039563
v 0.132596 0.652117 0.037546
v 0.119541 0.630885 0.017424
v 0.100710 0.656758 0.012082
v 0.102317 0.619018 0.011871
v 0.129501 0.700159 0.037823
v 0.123308 0.663295 0.022638
v 0.122209 0.738437 0.040251
v 0.121608 0.691560 0.021458
v 0.118059 0.663501 0.017599
v 0.097875 0.701144 0.008895
v 0.121858 0.812565 0.040662
v 0.120467 0.708791 0.020725
v 0.117741 0.691443 0.017749
v 0.094389 0.740566 0.009092
v 0.117932 0.708809 0.019920
v 0.121461 0.630718 0.021598
v 0.120342 0.663230 0.022034
v 0.118726 0.691567 0.020308
v 0.120491 0.708541 0.020846
v 0.120479 0.711198 0.017847
v 0.116922 0.812460 0.018385
v 0.107444 0.812813 0.041209
v 0.130112 0.630616 0.017396
v 0.125890 0.593329 0.017229
v 0.147996 0.617399 0.012714
v 0.146593 0.651776 0.007258
v 0.124828 0.630791 0.022613
v 0.114090 0.656447 0.040399
v 0.115731 0.618216 0.040210
v 0.143510 0.700055 0.007542
v 0.128561 0.663327 0.017587
v 0.140142 0.738522 0.013409
v 0.125560 0.691369 0.017742
v 0.123309 0.663356 0.022581
v 0.115017 0.701040 0.040624
v 0.139795 0.812939 0.013813
v 0.123494 0.708595 0.017837
v 0.121607 0.691505 0.021519
v 0.107786 0.740648 0.040826
v 0.122602 0.708787 0.020397
v 0.129117 0.630523 0.020767
v 0.127884 0.663104 0.020550
v 0.124282 0.691515 0.020668
v 0.111270 0.410646 0.014044
v 0.108892 0.410753 0.014801
v 0.126961 0.618468 0.016569
v 0.128227 0.618432 0.016155
v 0.108891 0.410753 0.017271
v 0.126961 0.618468 0.017911
v 0.111269 0.410647 0.018084
v 0.128237 0.618431 0.018326
v 0.112739 0.410581 0.016100
v 0.129025 0.618408 0.017240
v 0.089893 0.200786 0.010003
v 0.086796 0.200906 0.011028
v 0.095139 0.295662 0.011987
v 0.098285 0.295503 0.010966
v 0.086796 0.200906 0.014288
v 0.095147 0.295661 0.015291
v 0.089893 0.200786 0.015295
v 0.098285 0.295503 0.016313
v 0.091808 0.200712 0.012640
v 0.100225 0.295405 0.013639
v 0.111224 0.410800 0.018691
v 0.113134 0.410715 0.016102
v 0.111224 0.410800 0.013428
v 0.108134 0.410938 0.014433
v 0.108134 0.410938 0.017624
v 0.086664 0.069068 0.005197
v 0.083131 0.069099 0.006345
v 0.083525 0.123974 0.008132
v 0.087177 0.123897 0.006945
v 0.083131 0.069099 0.010060
v 0.083525 0.123974 0.011973
v 0.086664 0.069068 0.011208
v 0.087177 0.123897 0.013164
v 0.088848 0.069049 0.008203
v 0.089434 0.123849 0.010052
v 0.090171 0.200905 0.015781
v 0.092438 0.200817 0.012640
v 0.090171 0.200905 0.009517
v 0.086502 0.201047 0.010728
v 0.086502 0.201047 0.014593
v 0.087615 -0.008608 0.001356
v 0.082665 -0.008608 0.002964
v 0.082719 0.069209 0.005945
v 0.087012 0.069171 0.004550
v 0.082665 -0.008608 0.008170
v 0.082719 0.069209 0.010460
v 0.087615 -0.008608 0.009786
v 0.087012 0.069171 0.011855
v 0.090675 -0.008609 0.005567
v 0.089666 0.069148 0.008203
v 0.086455 0.069464 -0.070296
v 0.095531 0.077378 -0.066609
v 0.095867 0.050882 -0.099241
v 0.086878 0.042950 -0.100752
v 0.078175 0.078087 -0.066558
v 0.078506 0.051027 -0.099702
v 0.080683 -0.009022 0.007668
v 0.086178 -0.008595 -0.000396
v 0.086294 0.019650 -0.000512
v 0.079781 0.019993 0.007682
v 0.092196 -0.009150 0.007648
v 0.093437 0.019923 0.007426
v 0.086168 0.046816 -0.005689
v 0.078631 0.048563 0.000961
v 0.094396 0.048350 0.000575
v 0.086156 0.067848 -0.015616
v 0.077877 0.072199 -0.008995
v 0.095231 0.071638 -0.009519
v 0.086294 0.077145 -0.039103
v 0.078040 0.084030 -0.033427
v 0.095398 0.083130 -0.033834
v 0.086442 0.069095 -0.070250
v 0.086874 0.042608 -0.100618
v 0.096083 0.050602 -0.099140
v 0.095753 0.077076 -0.066599
v 0.077935 0.077806 -0.066553
v 0.078271 0.050762 -0.099590
v 0.080511 -0.009029 0.007403
v 0.079579 0.019955 0.007420
v 0.086285 0.019588 -0.000878
v 0.086171 -0.008608 -0.000767
v 0.093627 0.019877 0.007149
v 0.092359 -0.009163 0.007369
v 0.078398 0.048458 0.000780
v 0.086153 0.046640 -0.005950
v 0.094610 0.048230 0.000377
v 0.077621 0.071995 -0.009171
v 0.086139 0.067547 -0.015832
v 0.095462 0.071409 -0.009720
v 0.077792 0.083773 -0.033524
v 0.086276 0.076773 -0.039204
v 0.095615 0.082846 -0.033936
v -0.026877 0.760345 0.077315
v -0.026878 0.763118 0.074561
v -0.026837 0.871897 0.083763
v -0.037626 0.872401 0.104760
v -0.021658 0.677335 0.067316
v -0.026878 0.637597 0.063939
v -0.004199 0.663948 0.065398
v -0.004591 0.700196 0.065067
v -0.026877 0.677343 0.072603
v -0.031941 0.704603 0.092825
v -0.034959 0.663957 0.088956
v -0.005287 0.751330 0.066623
v -0.021832 0.712022 0.070254
v -0.004575 0.792104 0.072661
v -0.023146 0.742139 0.072775
v -0.026877 0.712149 0.075505
v -0.029165 0.752211 0.097159
v -0.004164 0.872391 0.085283
v -0.023935 0.760417 0.074331
v -0.026877 0.741993 0.076685
v -0.031941 0.794529 0.100246
v -0.024795 0.760545 0.076891
v -0.022697 0.677217 0.070687
v -0.022435 0.711900 0.073221
v -0.024312 0.742137 0.075701
v -0.026878 0.760345 0.071309
v -0.026878 0.763118 0.074561
v -0.026832 0.871240 0.083743
v -0.015715 0.871587 0.063180
v -0.032117 0.677292 0.067316
v -0.026878 0.637745 0.063939
v -0.049603 0.664131 0.068808
v -0.049164 0.700196 0.074517
v -0.026878 0.677343 0.062029
v -0.021386 0.704603 0.047044
v -0.018372 0.664141 0.044964
v -0.048427 0.751330 0.081341
v -0.031924 0.712021 0.070254
v -0.049180 0.792104 0.082111
v -0.030593 0.742155 0.072775
v -0.026878 0.712149 0.065002
v -0.024160 0.752211 0.050465
v -0.049699 0.871578 0.082955
v -0.029765 0.760538 0.074331
v -0.026878 0.741993 0.068865
v -0.021386 0.794529 0.054500
v -0.028960 0.760545 0.071771
v -0.031058 0.677217 0.063944
v -0.031320 0.711900 0.067247
v -0.029443 0.742137 0.069849
v -0.029886 0.760271 0.074312
v -0.026877 0.763118 0.074561
v -0.026832 0.871490 0.083743
v -0.047524 0.871897 0.072538
v -0.026877 0.677343 0.072603
v -0.026877 0.637476 0.063939
v -0.025439 0.663799 0.090129
v -0.022350 0.700196 0.092433
v -0.032074 0.677387 0.067316
v -0.049768 0.704603 0.064241
v -0.048818 0.663808 0.058225
v -0.019652 0.751330 0.095928
v -0.026877 0.712149 0.075505
v -0.022350 0.792104 0.100044
v -0.026877 0.741993 0.076685
v -0.031867 0.712087 0.070254
v -0.050273 0.752211 0.070924
v -0.028339 0.871888 0.107157
v -0.026877 0.760345 0.077315
v -0.030654 0.742095 0.072775
v -0.049752 0.794529 0.071680
v -0.029437 0.760545 0.076466
v -0.030249 0.677217 0.071602
v -0.029865 0.711900 0.074789
v -0.029804 0.742137 0.075406
v -0.023924 0.760392 0.074331
v -0.026878 0.763118 0.074561
v -0.026846 0.872077 0.083796
v -0.005976 0.872624 0.094328
v -0.026878 0.677343 0.062029
v -0.026878 0.637877 0.063939
v -0.030754 0.664295 0.043394
v -0.033867 0.700196 0.046748
v -0.021662 0.677344 0.067316
v -0.003987 0.704603 0.074629
v -0.004804 0.664305 0.074646
v -0.036557 0.751330 0.051912
v -0.026878 0.712149 0.065002
v -0.033867 0.792104 0.054307
v -0.026878 0.741993 0.068865
v -0.021888 0.712085 0.070254
v -0.003596 0.752211 0.075758
v -0.027796 0.872615 0.060044
v -0.026878 0.760345 0.071309
v -0.023117 0.742111 0.072775
v -0.004003 0.794529 0.082065
v -0.024318 0.760545 0.072196
v -0.023506 0.677217 0.063029
v -0.023890 0.711900 0.065679
v -0.023951 0.742137 0.070145
v -0.155986 0.125398 0.148732
v -0.204432 0.090524 0.174819
v -0.207350 0.102625 0.160261
v -0.156891 0.137458 0.131870
v -0.147030 0.138301 0.157931
v -0.197762 0.102793 0.186477
v -0.018909 -0.009241 0.106198
v -0.019357 0.042738 0.105852
v -0.036154 0.041867 0.097849
v -0.035528 -0.008712 0.098114
v -0.029434 0.042667 0.079800
v -0.028637 -0.009406 0.080019
v -0.030530 0.094198 0.106253
v -0.047011 0.090875 0.098450
v -0.040923 0.093965 0.080337
v -0.057910 0.133399 0.114387
v -0.071442 0.124364 0.106834
v -0.068350 0.132626 0.088584
v -0.097439 0.147705 0.132578
v -0.108980 0.136065 0.124456
v -0.107758 0.146511 0.106736
v -0.156090 0.125854 0.148706
v -0.156810 0.137831 0.132200
v -0.207359 0.102959 0.160662
v -0.204620 0.090960 0.174866
v -0.147222 0.138646 0.157546
v -0.198031 0.103107 0.186146
v -0.018661 -0.009241 0.105673
v -0.034990 -0.008708 0.097898
v -0.035619 0.041912 0.097631
v -0.019114 0.042765 0.105326
v -0.028096 -0.009401 0.080228
v -0.028894 0.042701 0.080009
v -0.046516 0.091048 0.098238
v -0.030316 0.094301 0.105729
v -0.040406 0.094083 0.080557
v -0.071188 0.124822 0.106621
v -0.057859 0.133697 0.113855
v -0.068003 0.132957 0.088807
v -0.108895 0.136569 0.124321
v -0.097501 0.148057 0.132066
v -0.107532 0.146899 0.107010
v -0.102489 0.339823 0.012205
v -0.132183 0.324647 -0.008384
v -0.125852 0.334055 -0.014760
v -0.094591 0.348094 0.006955
v -0.104528 0.348658 0.019662
v -0.135957 0.334186 -0.002171
v -0.029407 0.207203 0.089801
v -0.029370 0.247615 0.086044
v -0.030435 0.246937 0.075387
v -0.030379 0.207614 0.079113
v -0.019492 0.247559 0.073263
v -0.019362 0.207075 0.077154
v -0.034518 0.287623 0.078232
v -0.035439 0.285039 0.067870
v -0.024788 0.287442 0.065326
v -0.049562 0.321926 0.063189
v -0.050088 0.316796 0.053455
v -0.039928 0.321474 0.050249
v -0.074179 0.343727 0.042427
v -0.073663 0.336403 0.033758
v -0.064511 0.342992 0.029518
v -0.102523 0.340177 0.012137
v -0.094744 0.348364 0.007117
v -0.126053 0.334315 -0.014644
v -0.132263 0.324986 -0.008463
v -0.104388 0.348906 0.019448
v -0.135874 0.334430 -0.002403
v -0.027143 0.207203 0.091305
v -0.028181 0.207617 0.080854
v -0.030167 0.246973 0.075587
v -0.029037 0.247635 0.086007
v -0.017373 0.207079 0.079023
v -0.019434 0.247586 0.073592
v -0.035186 0.285174 0.068038
v -0.034195 0.287703 0.078159
v -0.024742 0.287533 0.065647
v -0.049896 0.317059 0.053556
v -0.049273 0.322086 0.063086
v -0.039924 0.321652 0.050522
v -0.073576 0.336748 0.033770
v -0.073956 0.343950 0.042266
v -0.064579 0.343240 0.029753
v 0.062312 0.497878 0.123129
v 0.113517 0.481740 0.158034
v 0.105710 0.493873 0.165582
v 0.052658 0.509448 0.129293
v 0.063911 0.509995 0.112304
v 0.116973 0.494592 0.148622
v -0.024840 0.317799 0.060803
v -0.020924 0.376620 0.058409
v -0.019131 0.374842 0.071922
v -0.022904 0.317772 0.074245
v -0.032208 0.376620 0.075442
v -0.036124 0.317799 0.077836
v -0.015338 0.427307 0.058095
v -0.015225 0.422804 0.070686
v -0.026610 0.427161 0.075086
v 0.001303 0.467529 0.068327
v 0.000787 0.460358 0.080081
v -0.009959 0.467256 0.085353
v 0.028626 0.496482 0.087613
v 0.027361 0.486764 0.098777
v 0.017371 0.496069 0.104624
v 0.062247 0.498528 0.123105
v 0.052816 0.509896 0.128935
v 0.105927 0.494330 0.165276
v 0.113519 0.482399 0.158061
v 0.063633 0.510419 0.112607
v 0.116759 0.495019 0.148964
v -0.027077 0.317840 0.059825
v -0.025084 0.317840 0.072802
v -0.019477 0.374996 0.071695
v -0.021412 0.376707 0.058590
v -0.037899 0.317840 0.076157
v -0.032234 0.376707 0.074922
v -0.015574 0.423237 0.070409
v -0.015778 0.427578 0.058263
v -0.026591 0.427461 0.074554
v 0.000483 0.460920 0.079886
v 0.000873 0.467869 0.068539
v -0.009935 0.467569 0.084878
v 0.027165 0.487401 0.098659
v 0.028259 0.496893 0.087861
v 0.017449 0.496456 0.104197
v -0.096619 0.607236 0.079227
v -0.130763 0.590987 0.089748
v -0.131512 0.598093 0.082370
v -0.095048 0.614550 0.071643
v -0.091319 0.616464 0.082371
v -0.128094 0.600582 0.093091
v -0.020494 0.498538 0.065760
v -0.022967 0.531715 0.066713
v -0.031921 0.530712 0.064015
v -0.029539 0.498522 0.063097
v -0.027112 0.531714 0.055960
v -0.024639 0.498538 0.055007
v -0.026616 0.564447 0.068039
v -0.034394 0.561540 0.064968
v -0.030744 0.564069 0.057289
v -0.040333 0.592282 0.071042
v -0.047516 0.587157 0.067901
v -0.044382 0.591355 0.060298
v -0.063195 0.610567 0.075891
v -0.069451 0.603369 0.072683
v -0.067110 0.609127 0.065154
v -0.096679 0.607581 0.079185
v -0.094993 0.614826 0.071820
v -0.131525 0.598375 0.082552
v -0.130880 0.591336 0.089715
v -0.091409 0.616664 0.082131
v -0.128238 0.600768 0.092863
v -0.019556 0.498561 0.065144
v -0.028405 0.498561 0.062659
v -0.031703 0.530799 0.063930
v -0.022891 0.531763 0.066429
v -0.023529 0.498561 0.054833
v -0.026864 0.531763 0.056118
v -0.034183 0.561736 0.064880
v -0.026571 0.564546 0.067767
v -0.030530 0.564187 0.057455
v -0.047355 0.587455 0.067821
v -0.040313 0.592437 0.070774
v -0.044199 0.591548 0.060463
v -0.069397 0.603716 0.072621
v -0.063215 0.610763 0.075636
v -0.066974 0.609383 0.065324
v -0.000837 0.171277 0.018155
v 0.012736 0.187355 -0.019100
v 0.018808 0.195890 -0.013843
v 0.004981 0.178583 0.024217
v -0.009572 0.178585 0.018885
v 0.004265 0.195891 -0.019172
v -0.031031 -0.008639 0.087117
v -0.029802 0.036085 0.083762
v -0.020459 0.034733 0.080742
v -0.021643 -0.008660 0.083973
v -0.015215 0.036085 0.089106
v -0.016444 -0.008640 0.092460
v -0.028087 0.079241 0.077112
v -0.019229 0.076292 0.075682
v -0.013505 0.079240 0.082454
v -0.024205 0.118613 0.063259
v -0.015446 0.114122 0.062214
v -0.009630 0.118612 0.068598
v -0.017942 0.152310 0.043503
v -0.009278 0.146359 0.042846
v -0.003376 0.152308 0.048839
v -0.000889 0.171746 0.018258
v 0.004660 0.178884 0.024193
v 0.018502 0.196215 -0.013895
v 0.012693 0.187839 -0.019025
v -0.009328 0.178884 0.019068
v 0.004515 0.196215 -0.019020
v -0.030813 -0.008608 0.087450
v -0.021779 -0.008608 0.084347
v -0.020566 0.034850 0.081037
v -0.029582 0.036151 0.084092
v -0.016825 -0.008608 0.092576
v -0.015595 0.036151 0.089217
v -0.019341 0.076528 0.075963
v -0.027857 0.079376 0.077405
v -0.013869 0.079376 0.082530
v -0.015548 0.114459 0.062465
v -0.023977 0.118811 0.063529
v -0.009990 0.118811 0.068654
v -0.009356 0.146774 0.043025
v -0.017706 0.152564 0.043733
v -0.003719 0.152564 0.048858
v 0.075317 0.256425 0.163806
v 0.115725 0.211781 0.200324
v 0.106363 0.228642 0.211223
v 0.064974 0.273762 0.173084
v 0.078737 0.274969 0.147153
v 0.120263 0.228877 0.185668
v -0.027514 0.065081 0.076802
v -0.027478 0.137509 0.071243
v -0.022253 0.136295 0.089878
v -0.022473 0.065818 0.095190
v -0.040917 0.137409 0.096887
v -0.041290 0.064850 0.102260
v -0.017006 0.208335 0.071460
v -0.012075 0.203022 0.090306
v -0.030146 0.207745 0.097311
v 0.005165 0.259697 0.084284
v 0.006831 0.247950 0.103337
v -0.007896 0.258224 0.110424
v 0.037116 0.283504 0.110698
v 0.036239 0.267245 0.129032
v 0.023798 0.281511 0.136981
v 0.075392 0.257067 0.163864
v 0.065227 0.274276 0.172707
v 0.106682 0.229109 0.210913
v 0.115890 0.212389 0.200387
v 0.078552 0.275424 0.147516
v 0.120189 0.229314 0.186068
v -0.028989 0.065081 0.076480
v -0.023906 0.065822 0.094431
v -0.022789 0.136358 0.089610
v -0.028054 0.137546 0.071413
v -0.042393 0.064858 0.101208
v -0.041123 0.137457 0.096323
v -0.012578 0.203352 0.090034
v -0.017561 0.208548 0.071631
v -0.030327 0.207989 0.096758
v 0.006607 0.248566 0.103118
v 0.004833 0.260102 0.084487
v -0.007876 0.258661 0.109868
v 0.036148 0.267938 0.128929
v 0.036842 0.283952 0.110976
v 0.023928 0.282028 0.136498
v -0.024747 0.441698 0.062712
v -0.025521 0.441699 0.060331
v -0.025644 0.664224 0.063595
v -0.025404 0.664224 0.064915
v -0.028024 0.441699 0.060331
v -0.026974 0.664224 0.063416
v -0.028797 0.441698 0.062712
v -0.027556 0.664224 0.064625
v -0.026772 0.441698 0.064183
v -0.026585 0.664224 0.065552
v -0.024135 0.215954 0.081828
v -0.025143 0.215954 0.078727
v -0.025120 0.317840 0.070050
v -0.024099 0.317840 0.073193
v -0.028402 0.215954 0.078727
v -0.028425 0.317840 0.070050
v -0.029410 0.215954 0.081828
v -0.029446 0.317840 0.073193
v -0.026772 0.215954 0.083744
v -0.026772 0.317840 0.075135
v -0.029404 0.441861 0.062660
v -0.026772 0.441861 0.064572
v -0.024141 0.441861 0.062660
v -0.025146 0.441861 0.059567
v -0.028399 0.441861 0.059567
v -0.023767 0.074670 0.094059
v -0.024915 0.074670 0.090525
v -0.024852 0.133461 0.085453
v -0.023665 0.133461 0.089106
v -0.028630 0.074670 0.090525
v -0.028693 0.133461 0.085453
v -0.029778 0.074670 0.094059
v -0.029879 0.133461 0.089106
v -0.026772 0.074670 0.096242
v -0.026772 0.133461 0.091363
v -0.029895 0.216093 0.082098
v -0.026772 0.216093 0.084366
v -0.023650 0.216093 0.082098
v -0.024842 0.216093 0.078427
v -0.028702 0.216093 0.078427
v -0.022561 -0.008608 0.096140
v -0.024170 -0.008608 0.091190
v -0.024515 0.074784 0.090112
v -0.023120 0.074784 0.094406
v -0.029375 -0.008608 0.091190
v -0.029030 0.074784 0.090112
v -0.030984 -0.008608 0.096140
v -0.030425 0.074784 0.094406
v -0.026772 -0.008609 0.099200
v -0.026772 0.074784 0.097059
v 0.051446 0.075092 0.094416
v 0.048104 0.083669 0.102762
v 0.079951 0.055193 0.104555
v 0.081065 0.046667 0.095442
v 0.047969 0.084252 0.085353
v 0.080026 0.055306 0.087195
v -0.028884 -0.009052 0.089208
v -0.020810 -0.008594 0.094703
v -0.019742 0.021687 0.094819
v -0.027920 0.022055 0.088306
v -0.028864 -0.009189 0.100721
v -0.027663 0.021979 0.101962
v -0.013660 0.050810 0.094973
v -0.020247 0.052650 0.087462
v -0.019861 0.052491 0.103227
v -0.003057 0.073357 0.093712
v -0.009510 0.077939 0.085058
v -0.008994 0.077511 0.102437
v 0.020688 0.083326 0.093196
v 0.015193 0.090602 0.084277
v 0.015685 0.089854 0.101704
v 0.051399 0.074697 0.094434
v 0.080921 0.046300 0.095432
v 0.079833 0.054893 0.104770
v 0.048086 0.083346 0.103006
v 0.047953 0.083948 0.085113
v 0.079914 0.055022 0.086960
v -0.028619 -0.009060 0.089036
v -0.027658 0.022014 0.088104
v -0.019376 0.021621 0.094809
v -0.020439 -0.008608 0.094696
v -0.027387 0.021931 0.102152
v -0.028586 -0.009203 0.100884
v -0.020066 0.052536 0.087229
v -0.013406 0.050621 0.094959
v -0.019667 0.052363 0.103442
v -0.009341 0.077717 0.084804
v -0.002842 0.073034 0.093723
v -0.008815 0.077268 0.102686
v 0.015290 0.090324 0.084055
v 0.020789 0.082927 0.093213
v 0.015787 0.089553 0.101951
v -0.029236 0.638967 -0.074946
v -0.027288 0.641302 -0.077232
v -0.027288 0.732910 -0.077232
v -0.045974 0.733335 -0.063109
v -0.023315 0.569060 -0.073847
v -0.027288 0.535594 -0.077232
v -0.007408 0.557786 -0.066225
v -0.007396 0.588312 -0.066215
v -0.030717 0.569067 -0.073208
v -0.045988 0.592024 -0.065934
v -0.045999 0.557794 -0.063080
v -0.007389 0.631374 -0.066209
v -0.023448 0.598271 -0.073960
v -0.007383 0.665713 -0.070794
v -0.024447 0.623634 -0.074812
v -0.030694 0.598378 -0.073235
v -0.045982 0.632117 -0.065941
v -0.007379 0.733327 -0.070790
v -0.025048 0.639027 -0.075324
v -0.029823 0.623511 -0.074256
v -0.045977 0.667755 -0.063105
v -0.027363 0.639135 -0.073933
v -0.026292 0.568960 -0.071955
v -0.025844 0.598169 -0.072077
v -0.027233 0.623632 -0.073341
v -0.025340 0.638967 -0.079518
v -0.027288 0.641302 -0.077232
v -0.027288 0.732357 -0.077232
v -0.008276 0.732649 -0.091078
v -0.031276 0.569023 -0.080630
v -0.027288 0.535719 -0.077232
v -0.047441 0.557940 -0.087918
v -0.047453 0.588312 -0.081070
v -0.023859 0.569067 -0.081257
v -0.008262 0.592024 -0.084002
v -0.008251 0.557948 -0.091107
v -0.047460 0.631374 -0.081076
v -0.031129 0.598270 -0.080505
v -0.047466 0.665713 -0.087939
v -0.030116 0.623647 -0.079642
v -0.023882 0.598378 -0.081230
v -0.008268 0.632117 -0.083995
v -0.047470 0.732641 -0.087943
v -0.029486 0.639129 -0.079105
v -0.024752 0.623511 -0.080208
v -0.008273 0.667755 -0.091082
v -0.027213 0.639135 -0.080531
v -0.028284 0.568960 -0.082510
v -0.028732 0.598169 -0.082387
v -0.027343 0.623632 -0.081123
v -0.029578 0.638905 -0.079183
v -0.027288 0.641302 -0.077232
v -0.027288 0.732568 -0.077232
v -0.043186 0.732910 -0.096398
v -0.030717 0.569067 -0.073208
v -0.027288 0.535493 -0.077232
v -0.038651 0.557660 -0.056914
v -0.038662 0.588312 -0.056902
v -0.031243 0.569104 -0.080602
v -0.033270 0.592024 -0.096412
v -0.041032 0.557668 -0.096423
v -0.032391 0.631374 -0.056895
v -0.030694 0.598378 -0.073235
v -0.032396 0.665713 -0.056889
v -0.029823 0.623511 -0.074256
v -0.031085 0.598326 -0.080468
v -0.033264 0.632117 -0.096406
v -0.038677 0.732902 -0.056884
v -0.029236 0.638967 -0.074946
v -0.030163 0.623598 -0.079682
v -0.043190 0.667755 -0.096401
v -0.030621 0.639135 -0.077267
v -0.032634 0.568960 -0.076156
v -0.032516 0.598169 -0.075702
v -0.031221 0.623632 -0.077127
v -0.025040 0.639007 -0.075317
v -0.027288 0.641302 -0.077232
v -0.027288 0.733061 -0.077232
v -0.016258 0.733522 -0.058828
v -0.023859 0.569067 -0.081257
v -0.027288 0.535830 -0.077232
v -0.017799 0.558078 -0.099147
v -0.017788 0.588312 -0.099159
v -0.023318 0.569067 -0.073849
v -0.019782 0.592024 -0.058814
v -0.012895 0.558086 -0.058803
v -0.017782 0.631374 -0.099166
v -0.023882 0.598378 -0.081230
v -0.024699 0.665713 -0.099172
v -0.024752 0.623511 -0.080208
v -0.023490 0.598325 -0.073996
v -0.019788 0.632117 -0.058820
v -0.024695 0.733515 -0.099177
v -0.025340 0.638967 -0.079518
v -0.024425 0.623611 -0.074793
v -0.016254 0.667755 -0.058824
v -0.023955 0.639135 -0.077197
v -0.021942 0.568960 -0.078309
v -0.022060 0.598169 -0.078762
v -0.023355 0.623632 -0.077337
v -0.162512 0.104246 -0.117598
v -0.214087 0.074876 -0.131766
v -0.206866 0.085067 -0.144739
v -0.152979 0.114401 -0.130182
v -0.162402 0.115112 -0.103918
v -0.216570 0.085208 -0.118566
v -0.028366 -0.009141 -0.063680
v -0.028483 0.034633 -0.064233
v -0.036079 0.033899 -0.081219
v -0.035774 -0.008696 -0.080611
v -0.019258 0.034573 -0.090599
v -0.018794 -0.009280 -0.089916
v -0.039353 0.077970 -0.068703
v -0.046643 0.075171 -0.085559
v -0.030438 0.077774 -0.095192
v -0.067500 0.110983 -0.077885
v -0.072355 0.103375 -0.093052
v -0.058664 0.110332 -0.104354
v -0.109681 0.123031 -0.089330
v -0.112509 0.113228 -0.103806
v -0.100735 0.122026 -0.115741
v -0.162595 0.104629 -0.117661
v -0.153159 0.114716 -0.129847
v -0.207133 0.085349 -0.144440
v -0.214260 0.075244 -0.131851
v -0.162298 0.115402 -0.104336
v -0.216560 0.085473 -0.118993
v -0.027837 -0.009141 -0.063919
v -0.035224 -0.008693 -0.080426
v -0.035530 0.033938 -0.081038
v -0.027957 0.034656 -0.064476
v -0.018517 -0.009276 -0.089405
v -0.018982 0.034602 -0.090090
v -0.046129 0.075318 -0.085399
v -0.038851 0.078057 -0.068963
v -0.030187 0.077873 -0.094690
v -0.072051 0.103761 -0.093017
v -0.067135 0.111234 -0.078235
v -0.058565 0.110611 -0.103935
v -0.112385 0.113653 -0.103820
v -0.109433 0.123327 -0.089717
v -0.100764 0.122352 -0.115358
v -0.044592 0.284823 -0.173510
v -0.051770 0.272043 -0.210872
v -0.043189 0.279966 -0.211180
v -0.035627 0.291789 -0.171854
v -0.051453 0.292264 -0.168601
v -0.059045 0.280076 -0.208152
v -0.034045 0.173138 -0.073202
v -0.033806 0.207170 -0.073426
v -0.027672 0.206600 -0.082267
v -0.027882 0.173484 -0.081934
v -0.017997 0.207123 -0.076749
v -0.018197 0.173029 -0.076314
v -0.034846 0.240863 -0.080143
v -0.028685 0.238687 -0.088793
v -0.019069 0.240711 -0.083656
v -0.038325 0.269752 -0.099255
v -0.032075 0.265431 -0.107401
v -0.022567 0.269371 -0.102896
v -0.044172 0.288111 -0.130352
v -0.037674 0.281944 -0.137181
v -0.028404 0.287493 -0.133950
v -0.044586 0.285121 -0.173570
v -0.035848 0.292016 -0.171829
v -0.043417 0.280185 -0.211222
v -0.051779 0.272329 -0.210983
v -0.051217 0.292473 -0.168661
v -0.058831 0.280282 -0.208275
v -0.033297 0.173138 -0.070589
v -0.027338 0.173486 -0.079183
v -0.027598 0.206630 -0.081941
v -0.033528 0.207188 -0.073238
v -0.017895 0.173033 -0.073601
v -0.018167 0.207146 -0.076460
v -0.028610 0.238801 -0.088491
v -0.034567 0.240931 -0.079972
v -0.019243 0.240788 -0.083381
v -0.032011 0.265653 -0.107181
v -0.038050 0.269886 -0.099133
v -0.022753 0.269521 -0.102672
v -0.037635 0.282234 -0.137094
v -0.043911 0.288299 -0.130313
v -0.028608 0.287701 -0.133815
v 0.001251 0.417929 0.026796
v 0.017589 0.404339 0.086574
v 0.006752 0.414557 0.087256
v -0.010095 0.427673 0.025227
v 0.009489 0.428134 0.019593
v 0.026325 0.415162 0.081651
v -0.017827 0.266276 -0.085195
v -0.016529 0.315812 -0.080679
v -0.023848 0.314315 -0.069325
v -0.025098 0.266253 -0.073676
v -0.036164 0.315812 -0.075033
v -0.037463 0.266276 -0.079548
v -0.014699 0.358498 -0.074215
v -0.022552 0.354706 -0.064824
v -0.034325 0.358375 -0.068560
v -0.009647 0.392372 -0.054485
v -0.017663 0.386332 -0.045872
v -0.029261 0.392142 -0.048829
v -0.001357 0.416754 -0.022084
v -0.009560 0.408570 -0.014407
v -0.020956 0.416406 -0.016436
v 0.001216 0.418477 0.026736
v -0.009743 0.428051 0.025057
v 0.007115 0.414942 0.087164
v 0.017574 0.404894 0.086595
v 0.009080 0.428491 0.019644
v 0.025940 0.415522 0.081772
v -0.018895 0.266311 -0.087390
v -0.025822 0.266311 -0.076187
v -0.023963 0.314445 -0.069723
v -0.017018 0.315885 -0.080859
v -0.037725 0.266311 -0.081977
v -0.035847 0.315885 -0.075446
v -0.022670 0.355071 -0.065223
v -0.015170 0.358726 -0.074340
v -0.033996 0.358628 -0.068917
v -0.017768 0.386805 -0.046218
v -0.010111 0.392657 -0.054602
v -0.028935 0.392405 -0.049175
v -0.009633 0.409107 -0.014624
v -0.001797 0.417100 -0.022134
v -0.020620 0.416733 -0.016710
v -0.091252 0.510025 -0.109695
v -0.124066 0.496342 -0.123830
v -0.119850 0.502326 -0.129932
v -0.085137 0.516185 -0.114448
v -0.089257 0.517797 -0.103864
v -0.124202 0.504422 -0.119555
v -0.024574 0.418485 -0.070576
v -0.027074 0.446425 -0.071454
v -0.032140 0.445581 -0.079314
v -0.029731 0.418472 -0.078468
v -0.023255 0.446425 -0.082327
v -0.020755 0.418485 -0.081448
v -0.030711 0.473991 -0.072811
v -0.034640 0.471543 -0.080193
v -0.026882 0.473672 -0.083670
v -0.043100 0.497432 -0.079420
v -0.046530 0.493116 -0.086470
v -0.039215 0.496651 -0.090225
v -0.063647 0.512831 -0.090557
v -0.066329 0.506769 -0.097056
v -0.059663 0.511618 -0.101268
v -0.091271 0.510316 -0.109766
v -0.085211 0.516417 -0.114278
v -0.119978 0.502564 -0.129802
v -0.124133 0.496635 -0.123931
v -0.089170 0.517965 -0.104105
v -0.124163 0.504578 -0.119821
v -0.023460 0.418505 -0.070435
v -0.028584 0.418505 -0.078066
v -0.031919 0.445654 -0.079238
v -0.026832 0.446466 -0.071620
v -0.019797 0.418505 -0.080861
v -0.023169 0.446466 -0.082046
v -0.034422 0.471708 -0.080123
v -0.030501 0.474075 -0.072989
v -0.026827 0.473772 -0.083405
v -0.046356 0.493367 -0.086427
v -0.042911 0.497563 -0.079612
v -0.039182 0.496814 -0.089981
v -0.066247 0.507062 -0.097068
v -0.063497 0.512996 -0.090764
v -0.059671 0.511833 -0.101051
v 0.036629 0.142882 -0.112098
v 0.070983 0.156423 -0.131491
v 0.071693 0.163610 -0.122960
v 0.036684 0.149035 -0.103191
v 0.029065 0.149036 -0.116688
v 0.064078 0.163611 -0.136448
v -0.025219 -0.008635 -0.086065
v -0.022108 0.029030 -0.087821
v -0.013037 0.027892 -0.084061
v -0.016034 -0.008652 -0.082369
v -0.014470 0.029030 -0.074294
v -0.017581 -0.008635 -0.072538
v -0.017772 0.065374 -0.090266
v -0.009925 0.062891 -0.085818
v -0.010136 0.065374 -0.076743
v -0.007954 0.098531 -0.095804
v -0.000348 0.094750 -0.091224
v -0.000322 0.098530 -0.082287
v 0.007891 0.126909 -0.104743
v 0.015264 0.121897 -0.100037
v 0.015517 0.126908 -0.091235
v 0.064958 0.179749 -0.120097
v 0.100403 0.166968 -0.133921
v 0.102260 0.174891 -0.125538
v 0.064953 0.186715 -0.110980
v 0.058888 0.187189 -0.125955
v 0.096410 0.175001 -0.140583
v -0.031782 0.068063 -0.091562
v -0.031519 0.102096 -0.091367
v -0.021713 0.101525 -0.086936
v -0.022078 0.068409 -0.087082
v -0.025388 0.102049 -0.076422
v -0.025852 0.067955 -0.076540
v -0.025101 0.135788 -0.093606
v -0.015478 0.133613 -0.089114
v -0.018789 0.135636 -0.078727
v -0.006934 0.164677 -0.100489
v 0.002209 0.160357 -0.095817
v -0.000500 0.164296 -0.085650
v 0.022590 0.183037 -0.111869
v 0.030483 0.176869 -0.106716
v 0.028983 0.182418 -0.097014
v 0.065018 0.180047 -0.120101
v 0.064889 0.186941 -0.111193
v 0.102260 0.175110 -0.125770
v 0.100511 0.167254 -0.133950
v 0.058990 0.187398 -0.125735
v 0.096570 0.175207 -0.140395
v -0.034217 0.068063 -0.090353
v -0.024685 0.068412 -0.086049
v -0.022020 0.101555 -0.086804
v -0.031653 0.102113 -0.091060
v -0.028465 0.067958 -0.075752
v -0.025703 0.102071 -0.076537
v -0.015761 0.133726 -0.088986
v -0.025219 0.135856 -0.093301
v -0.019091 0.135713 -0.078848
v 0.002003 0.160578 -0.095715
v -0.007004 0.164812 -0.100196
v -0.000755 0.164447 -0.085793
v 0.030404 0.177160 -0.106661
v 0.022598 0.183224 -0.111606
v 0.028814 0.182626 -0.097190
v -0.126532 0.312855 -0.031391
v -0.182363 0.299264 -0.004499
v -0.184997 0.309482 -0.015034
v -0.127043 0.322599 -0.042834
v -0.117957 0.323059 -0.024593
v -0.175940 0.310088 0.003200
v -0.019846 0.161202 -0.070431
v -0.024052 0.210738 -0.068336
v -0.036543 0.209240 -0.073479
v -0.032492 0.161178 -0.075496
v -0.033161 0.210737 -0.086625
v -0.028955 0.161201 -0.088719
v -0.030078 0.253423 -0.065366
v -0.040736 0.249632 -0.071389
v -0.039193 0.253300 -0.083644
v -0.048567 0.287297 -0.056826
v -0.058489 0.281258 -0.063149
v -0.057681 0.287067 -0.075091
v -0.078932 0.311679 -0.042806
v -0.087967 0.303496 -0.049483
v -0.088036 0.311331 -0.061059
v -0.126479 0.313402 -0.031436
v -0.126812 0.322976 -0.042518
v -0.184840 0.309867 -0.014693
v -0.182387 0.299819 -0.004510
v -0.118080 0.323417 -0.024986
v -0.176129 0.310448 0.002844
v -0.017881 0.161236 -0.071879
v -0.030152 0.161236 -0.076662
v -0.036174 0.209370 -0.073664
v -0.023964 0.210810 -0.068850
v -0.026614 0.161236 -0.089417
v -0.032697 0.210810 -0.086388
v -0.040364 0.249996 -0.071577
v -0.030041 0.253652 -0.065852
v -0.038782 0.253553 -0.083385
v -0.058168 0.281731 -0.063315
v -0.048536 0.287583 -0.057303
v -0.057282 0.287330 -0.074833
v -0.087767 0.304032 -0.049595
v -0.078963 0.312025 -0.043248
v -0.087705 0.311658 -0.060778
v -0.006331 0.404951 -0.148658
v 0.001628 0.391267 -0.183489
v 0.008393 0.397252 -0.180448
v -0.000549 0.411111 -0.143505
v -0.011705 0.412722 -0.145639
v -0.002601 0.399347 -0.182848
v -0.032731 0.313411 -0.075998
v -0.032320 0.341350 -0.078616
v -0.025507 0.340506 -0.085022
v -0.025903 0.313398 -0.082499
v -0.020936 0.341350 -0.076829
v -0.021347 0.313411 -0.074211
v -0.031644 0.368916 -0.082439
v -0.025096 0.366468 -0.087640
v -0.020271 0.368598 -0.080639
v -0.027387 0.392358 -0.095820
v -0.021075 0.388042 -0.100470
v -0.016058 0.391577 -0.093955
v -0.020155 0.407756 -0.118044
v -0.014249 0.401694 -0.121858
v -0.008899 0.406544 -0.116065
v -0.006265 0.405241 -0.148689
v -0.000730 0.411343 -0.143547
v 0.008242 0.397489 -0.180550
v 0.001716 0.391561 -0.183573
v -0.011452 0.412891 -0.145598
v -0.002332 0.399504 -0.182859
v -0.032668 0.313430 -0.074877
v -0.026091 0.313430 -0.081299
v -0.025543 0.340579 -0.084791
v -0.032113 0.341391 -0.078408
v -0.021751 0.313430 -0.073163
v -0.021196 0.341391 -0.076694
v -0.025125 0.366633 -0.087413
v -0.031431 0.369000 -0.082264
v -0.020522 0.368697 -0.080537
v -0.021086 0.388292 -0.100290
v -0.027165 0.392488 -0.095669
v -0.016292 0.391739 -0.093878
v -0.014222 0.401987 -0.121780
v -0.019924 0.407921 -0.117933
v -0.009115 0.406759 -0.116033
vt 0.246300 0.479600
vt 0.232000 0.494700
vt 0.230400 0.895200
vt 0.320900 0.898900
vt 0.209900 0.173900
vt 0.232100 0.030400
vt 0.143400 0.127900
vt 0.143100 0.260500
vt 0.249900 0.180200
vt 0.322300 0.278500
vt 0.322700 0.128800
vt 0.142900 0.449200
vt 0.210600 0.300300
vt 0.142500 0.598800
vt 0.218600 0.418200
vt 0.245400 0.310900
vt 0.321700 0.455500
vt 0.142500 0.896000
vt 0.222900 0.489800
vt 0.248400 0.415800
vt 0.321000 0.612200
vt 0.233400 0.485200
vt 0.227600 0.176600
vt 0.225000 0.305000
vt 0.233000 0.417000
vt 0.389500 0.748600
vt 0.389500 0.892600
vt 0.435700 0.892600
vt 0.435700 0.748600
vt 0.347200 0.748600
vt 0.347200 0.892600
vt 0.347200 0.028600
vt 0.347200 0.172600
vt 0.389500 0.172600
vt 0.389500 0.028600
vt 0.435700 0.172600
vt 0.435700 0.028600
vt 0.347200 0.316600
vt 0.389500 0.316600
vt 0.435700 0.316600
vt 0.347200 0.460600
vt 0.389500 0.460600
vt 0.435700 0.460600
vt 0.347200 0.604600
vt 0.389500 0.604600
vt 0.435700 0.604600
vt 0.389500 0.748600
vt 0.435700 0.748600
vt 0.435700 0.892600
vt 0.389500 0.892600
vt 0.347200 0.748600
vt 0.347200 0.892600
vt 0.347200 0.028600
vt 0.389500 0.028600
vt 0.389500 0.172600
vt 0.347200 0.172600
vt 0.435700 0.028600
vt 0.435700 0.172600
vt 0.389500 0.316600
vt 0.347200 0.316600
vt 0.435700 0.316600
vt 0.389500 0.460600
vt 0.347200 0.460600
vt 0.435700 0.460600
vt 0.389500 0.604600
vt 0.347200 0.604600
vt 0.435700 0.604600
vt 0.389500 0.748600
vt 0.389500 0.892600
vt 0.435700 0.892600
vt 0.435700 0.748600
vt 0.347200 0.748600
vt 0.347200 0.892600
vt 0.347200 0.028600
vt 0.347200 0.172600
vt 0.389500 0.172600
vt 0.389500 0.028600
vt 0.435700 0.172600
vt 0.435700 0.028600
vt 0.347200 0.316600
vt 0.389500 0.316600
vt 0.435700 0.316600
vt 0.347200 0.460600
vt 0.389500 0.460600
vt 0.435700 0.460600
vt 0.347200 0.604600
vt 0.389500 0.604600
vt 0.435700 0.604600
vt 0.389500 0.748600
vt 0.435700 0.748600
vt 0.435700 0.892600
vt 0.389500 0.892600
vt 0.347200 0.748600
vt 0.347200 0.892600
vt 0.347200 0.028600
vt 0.389500 0.028600
vt 0.389500 0.172600
vt 0.347200 0.172600
vt 0.435700 0.028600
vt 0.435700 0.172600
vt 0.389500 0.316600
vt 0.347200 0.316600
vt 0.435700 0.316600
vt 0.389500 0.460600
vt 0.347200 0.460600
vt 0.435700 0.460600
vt 0.389500 0.604600
vt 0.347200 0.604600
vt 0.435700 0.604600
vt 0.513200 0.739400
vt 0.513200 0.881600
vt 0.544200 0.881600
vt 0.544200 0.739400
vt 0.482400 0.739400
vt 0.482400 0.881600
vt 0.482400 0.028600
vt 0.482400 0.170800
vt 0.513200 0.170800
vt 0.513200 0.028600
vt 0.544200 0.170800
vt 0.544200 0.028600
vt 0.482400 0.312900
vt 0.513200 0.312900
vt 0.544200 0.312900
vt 0.482400 0.455100
vt 0.513200 0.455100
vt 0.544200 0.455100
vt 0.482400 0.597200
vt 0.513200 0.597200
vt 0.544200 0.597200
vt 0.513200 0.739400
vt 0.544200 0.739400
vt 0.544200 0.881600
vt 0.513200 0.881600
vt 0.482400 0.739400
vt 0.482400 0.881600
vt 0.482400 0.028600
vt 0.513200 0.028600
vt 0.513200 0.170800
vt 0.482400 0.170800
vt 0.544200 0.028600
vt 0.544200 0.170800
vt 0.513200 0.312900
vt 0.482400 0.312900
vt 0.544200 0.312900
vt 0.513200 0.455100
vt 0.482400 0.455100
vt 0.544200 0.455100
vt 0.513200 0.597200
vt 0.482400 0.597200
vt 0.544200 0.597200
vt 0.513200 0.739400
vt 0.513200 0.881600
vt 0.544200 0.881600
vt 0.544200 0.739400
vt 0.482400 0.739400
vt 0.482400 0.881600
vt 0.482400 0.028600
vt 0.482400 0.170800
vt 0.513200 0.170800
vt 0.513200 0.028600
vt 0.544200 0.170800
vt 0.544200 0.028600
vt 0.482400 0.312900
vt 0.513200 0.312900
vt 0.544200 0.312900
vt 0.482400 0.455100
vt 0.513200 0.455100
vt 0.544200 0.455100
vt 0.482400 0.597200
vt 0.513200 0.597200
vt 0.544200 0.597200
vt 0.513200 0.739400
vt 0.544200 0.739400
vt 0.544200 0.881600
vt 0.513200 0.881600
vt 0.482400 0.739400
vt 0.482400 0.881600
vt 0.482400 0.028600
vt 0.513200 0.028600
vt 0.513200 0.170800
vt 0.482400 0.170800
vt 0.544200 0.028600
vt 0.544200 0.170800
vt 0.513200 0.312900
vt 0.482400 0.312900
vt 0.544200 0.312900
vt 0.513200 0.455100
vt 0.482400 0.455100
vt 0.544200 0.455100
vt 0.513200 0.597200
vt 0.482400 0.597200
vt 0.544200 0.597200
vt 0.513200 0.739400
vt 0.513200 0.881600
vt 0.544200 0.881600
vt 0.544200 0.739400
vt 0.482400 0.739400
vt 0.482400 0.881600
vt 0.482400 0.028600
vt 0.482400 0.170800
vt 0.513200 0.170800
vt 0.513200 0.028600
vt 0.544200 0.170800
vt 0.544200 0.028600
vt 0.482400 0.312900
vt 0.513200 0.312900
vt 0.544200 0.312900
vt 0.482400 0.455100
vt 0.513200 0.455100
vt 0.544200 0.455100
vt 0.482400 0.597200
vt 0.513200 0.597200
vt 0.544200 0.597200
vt 0.513200 0.739400
vt 0.544200 0.739400
vt 0.544200 0.881600
vt 0.513200 0.881600
vt 0.482400 0.739400
vt 0.482400 0.881600
vt 0.482400 0.028600
vt 0.513200 0.028600
vt 0.513200 0.170800
vt 0.482400 0.170800
vt 0.544200 0.028600
vt 0.544200 0.170800
vt 0.513200 0.312900
vt 0.482400 0.312900
vt 0.544200 0.312900
vt 0.513200 0.455100
vt 0.482400 0.455100
vt 0.544200 0.455100
vt 0.513200 0.597200
vt 0.482400 0.597200
vt 0.544200 0.597200
vt 0.389500 0.748600
vt 0.389500 0.892600
vt 0.435700 0.892600
vt 0.435700 0.748600
vt 0.347200 0.748600
vt 0.347200 0.892600
vt 0.347200 0.028600
vt 0.347200 0.172600
vt 0.389500 0.172600
vt 0.389500 0.028600
vt 0.435700 0.172600
vt 0.435700 0.028600
vt 0.347200 0.316600
vt 0.389500 0.316600
vt 0.435700 0.316600
vt 0.347200 0.460600
vt 0.389500 0.460600
vt 0.435700 0.460600
vt 0.347200 0.604600
vt 0.389500 0.604600
vt 0.435700 0.604600
vt 0.389500 0.748600
vt 0.435700 0.748600
vt 0.435700 0.892600
vt 0.389500 0.892600
vt 0.347200 0.748600
vt 0.347200 0.892600
vt 0.347200 0.028600
vt 0.389500 0.028600
vt 0.389500 0.172600
vt 0.347200 0.172600
vt 0.435700 0.028600
vt 0.435700 0.172600
vt 0.389500 0.316600
vt 0.347200 0.316600
vt 0.435700 0.316600
vt 0.389500 0.460600
vt 0.347200 0.460600
vt 0.435700 0.460600
vt 0.389500 0.604600
vt 0.347200 0.604600
vt 0.435700 0.604600
vt 0.513200 0.739400
vt 0.544200 0.739400
vt 0.544200 0.881600
vt 0.513200 0.881600
vt 0.482400 0.739400
vt 0.482400 0.881600
vt 0.482400 0.028600
vt 0.513200 0.028600
vt 0.513200 0.170800
vt 0.482400 0.170800
vt 0.544200 0.028600
vt 0.544200 0.170800
vt 0.513200 0.312900
vt 0.482400 0.312900
vt 0.544200 0.312900
vt 0.513200 0.455100
vt 0.482400 0.455100
vt 0.544200 0.455100
vt 0.513200 0.597200
vt 0.482400 0.597200
vt 0.544200 0.597200
vt 0.389500 0.748600
vt 0.389500 0.892600
vt 0.435700 0.892600
vt 0.435700 0.748600
vt 0.347200 0.748600
vt 0.347200 0.892600
vt 0.347200 0.028600
vt 0.347200 0.172600
vt 0.389500 0.172600
vt 0.389500 0.028600
vt 0.435700 0.172600
vt 0.435700 0.028600
vt 0.347200 0.316600
vt 0.389500 0.316600
vt 0.435700 0.316600
vt 0.347200 0.460600
vt 0.389500 0.460600
vt 0.435700 0.460600
vt 0.347200 0.604600
vt 0.389500 0.604600
vt 0.435700 0.604600
vt 0.389500 0.748600
vt 0.435700 0.748600
vt 0.435700 0.892600
vt 0.389500 0.892600
vt 0.347200 0.748600
vt 0.347200 0.892600
vt 0.347200 0.028600
vt 0.389500 0.028600
vt 0.389500 0.172600
vt 0.347200 0.172600
vt 0.435700 0.028600
vt 0.435700 0.172600
vt 0.389500 0.316600
vt 0.347200 0.316600
vt 0.435700 0.316600
vt 0.389500 0.460600
vt 0.347200 0.460600
vt 0.435700 0.460600
vt 0.389500 0.604600
vt 0.347200 0.604600
vt 0.435700 0.604600
vt 0.031700 0.011000
vt 0.045600 0.011000
vt 0.045600 0.490600
vt 0.031700 0.490600
vt 0.059600 0.011000
vt 0.059600 0.490600
vt 0.073500 0.011000
vt 0.073500 0.490600
vt 0.087500 0.011000
vt 0.087500 0.490600
vt 0.101400 0.011000
vt 0.101400 0.490600
vt 0.031700 0.011000
vt 0.045600 0.011000
vt 0.045600 0.132700
vt 0.031700 0.132700
vt 0.059600 0.011000
vt 0.059600 0.132700
vt 0.073500 0.011000
vt 0.073500 0.132700
vt 0.087500 0.011000
vt 0.087500 0.132700
vt 0.101400 0.011000
vt 0.101400 0.132700
vt 0.059700 0.490300
vt 0.061500 0.488500
vt 0.067400 0.488500
vt 0.069100 0.490300
vt 0.064400 0.491400
vt 0.087500 0.490600
vt 0.073500 0.490600
vt 0.059600 0.490600
vt 0.045600 0.490600
vt 0.031700 0.490600
vt 0.101400 0.490600
vt 0.031700 0.011000
vt 0.045600 0.011000
vt 0.045600 0.132700
vt 0.031700 0.132700
vt 0.059600 0.011000
vt 0.059600 0.132700
vt 0.073500 0.011000
vt 0.073500 0.132700
vt 0.087500 0.011000
vt 0.087500 0.132700
vt 0.101400 0.011000
vt 0.101400 0.132700
vt 0.059700 0.490300
vt 0.061500 0.488500
vt 0.067400 0.488500
vt 0.069100 0.490300
vt 0.064400 0.491400
vt 0.087500 0.490600
vt 0.073500 0.490600
vt 0.059600 0.490600
vt 0.045600 0.490600
vt 0.031700 0.490600
vt 0.101400 0.490600
vt 0.031700 0.011000
vt 0.045600 0.011000
vt 0.045600 0.490600
vt 0.031700 0.490600
vt 0.059600 0.011000
vt 0.059600 0.490600
vt 0.073500 0.011000
vt 0.073500 0.490600
vt 0.087500 0.011000
vt 0.087500 0.490600
vt 0.101400 0.011000
vt 0.101400 0.490600
vt 0.059700 0.490300
vt 0.061500 0.488500
vt 0.067400 0.488500
vt 0.069100 0.490300
vt 0.064400 0.491400
vt 0.389500 0.748600
vt 0.435700 0.748600
vt 0.435700 0.892600
vt 0.389500 0.892600
vt 0.347200 0.748600
vt 0.347200 0.892600
vt 0.347200 0.028600
vt 0.389500 0.028600
vt 0.389500 0.172600
vt 0.347200 0.172600
vt 0.435700 0.028600
vt 0.435700 0.172600
vt 0.389500 0.316600
vt 0.347200 0.316600
vt 0.435700 0.316600
vt 0.389500 0.460600
vt 0.347200 0.460600
vt 0.435700 0.460600
vt 0.389500 0.604600
vt 0.347200 0.604600
vt 0.435700 0.604600
vt 0.389500 0.748600
vt 0.389500 0.892600
vt 0.435700 0.892600
vt 0.435700 0.748600
vt 0.347200 0.748600
vt 0.347200 0.892600
vt 0.347200 0.028600
vt 0.347200 0.172600
vt 0.389500 0.172600
vt 0.389500 0.028600
vt 0.435700 0.172600
vt 0.435700 0.028600
vt 0.347200 0.316600
vt 0.389500 0.316600
vt 0.435700 0.316600
vt 0.347200 0.460600
vt 0.389500 0.460600
vt 0.435700 0.460600
vt 0.347200 0.604600
vt 0.389500 0.604600
vt 0.435700 0.604600
vt 0.246300 0.479600
vt 0.232000 0.494700
vt 0.229500 0.896200
vt 0.320600 0.899400
vt 0.209900 0.173900
vt 0.232100 0.030400
vt 0.143600 0.128000
vt 0.143300 0.261700
vt 0.249900 0.180200
vt 0.322100 0.279000
vt 0.322500 0.128400
vt 0.143000 0.450000
vt 0.210600 0.300300
vt 0.142600 0.600100
vt 0.218600 0.418200
vt 0.245400 0.310900
vt 0.321500 0.455700
vt 0.142100 0.896900
vt 0.222900 0.489800
vt 0.248400 0.415800
vt 0.320700 0.612600
vt 0.233400 0.485200
vt 0.227600 0.176600
vt 0.225000 0.305000
vt 0.233000 0.417000
vt 0.246300 0.479600
vt 0.232000 0.494700
vt 0.229600 0.899400
vt 0.320600 0.901600
vt 0.209900 0.173900
vt 0.232100 0.030400
vt 0.143600 0.128200
vt 0.143300 0.261400
vt 0.249900 0.180200
vt 0.321900 0.278900
vt 0.322400 0.128700
vt 0.143000 0.450300
vt 0.210600 0.300300
vt 0.142700 0.601600
vt 0.218600 0.418200
vt 0.245400 0.310900
vt 0.321400 0.456100
vt 0.142200 0.899200
vt 0.222900 0.489800
vt 0.248400 0.415800
vt 0.320600 0.614200
vt 0.233400 0.485200
vt 0.227600 0.176600
vt 0.225000 0.305000
vt 0.233000 0.417000
vt 0.246300 0.479600
vt 0.232000 0.494700
vt 0.229400 0.897800
vt 0.320600 0.900600
vt 0.209900 0.173900
vt 0.232100 0.030400
vt 0.143500 0.127700
vt 0.143300 0.261700
vt 0.249900 0.180200
vt 0.322000 0.279200
vt 0.322500 0.128200
vt 0.143000 0.450000
vt 0.210600 0.300300
vt 0.142500 0.600600
vt 0.218600 0.418200
vt 0.245400 0.310900
vt 0.321500 0.456000
vt 0.141900 0.897800
vt 0.222900 0.489800
vt 0.248400 0.415800
vt 0.320700 0.613600
vt 0.233400 0.485200
vt 0.227600 0.176600
vt 0.225000 0.305000
vt 0.233000 0.417000
vt 0.031700 0.011000
vt 0.045600 0.011000
vt 0.045600 0.490600
vt 0.031700 0.490600
vt 0.059600 0.011000
vt 0.059600 0.490600
vt 0.073500 0.011000
vt 0.073500 0.490600
vt 0.087500 0.011000
vt 0.087500 0.490600
vt 0.101400 0.011000
vt 0.101400 0.490600
vt 0.031700 0.011000
vt 0.045600 0.011000
vt 0.045600 0.132700
vt 0.031700 0.132700
vt 0.059600 0.011000
vt 0.059600 0.132700
vt 0.073500 0.011000
vt 0.073500 0.132700
vt 0.087500 0.011000
vt 0.087500 0.132700
vt 0.101400 0.011000
vt 0.101400 0.132700
vt 0.059700 0.490300
vt 0.061500 0.488500
vt 0.067400 0.488500
vt 0.069100 0.490300
vt 0.064400 0.491400
vt 0.087500 0.490600
vt 0.073500 0.490600
vt 0.059600 0.490600
vt 0.045600 0.490600
vt 0.031700 0.490600
vt 0.101400 0.490600
vt 0.031700 0.011000
vt 0.045600 0.011000
vt 0.045600 0.132700
vt 0.031700 0.132700
vt 0.059600 0.011000
vt 0.059600 0.132700
vt 0.073500 0.011000
vt 0.073500 0.132700
vt 0.087500 0.011000
vt 0.087500 0.132700
vt 0.101400 0.011000
vt 0.101400 0.132700
vt 0.059700 0.490300
vt 0.061500 0.488500
vt 0.067400 0.488500
vt 0.069100 0.490300
vt 0.064400 0.491400
vt 0.087500 0.490600
vt 0.073500 0.490600
vt 0.059600 0.490600
vt 0.045600 0.490600
vt 0.031700 0.490600
vt 0.101400 0.490600
vt 0.031700 0.011000
vt 0.045600 0.011000
vt 0.045600 0.490600
vt 0.031700 0.490600
vt 0.059600 0.011000
vt 0.059600 0.490600
vt 0.073500 0.011000
vt 0.073500 0.490600
vt 0.087500 0.011000
vt 0.087500 0.490600
vt 0.101400 0.011000
vt 0.101400 0.490600
vt 0.059700 0.490300
vt 0.061500 0.488500
vt 0.067400 0.488500
vt 0.069100 0.490300
vt 0.064400 0.491400
vt 0.389500 0.748600
vt 0.435700 0.748600
vt 0.435700 0.892600
vt 0.389500 0.892600
vt 0.347200 0.748600
vt 0.347200 0.892600
vt 0.347200 0.028600
vt 0.389500 0.028600
vt 0.389500 0.172600
vt 0.347200 0.172600
vt 0.435700 0.028600
vt 0.435700 0.172600
vt 0.389500 0.316600
vt 0.347200 0.316600
vt 0.435700 0.316600
vt 0.389500 0.460600
vt 0.347200 0.460600
vt 0.435700 0.460600
vt 0.389500 0.604600
vt 0.347200 0.604600
vt 0.435700 0.604600
vt 0.389500 0.748600
vt 0.389500 0.892600
vt 0.435700 0.892600
vt 0.435700 0.748600
vt 0.347200 0.748600
vt 0.347200 0.892600
vt 0.347200 0.028600
vt 0.347200 0.172600
vt 0.389500 0.172600
vt 0.389500 0.028600
vt 0.435700 0.172600
vt 0.435700 0.028600
vt 0.347200 0.316600
vt 0.389500 0.316600
vt 0.435700 0.316600
vt 0.347200 0.460600
vt 0.389500 0.460600
vt 0.435700 0.460600
vt 0.347200 0.604600
vt 0.389500 0.604600
vt 0.435700 0.604600
vt 0.246300 0.479600
vt 0.232000 0.494700
vt 0.229500 0.896200
vt 0.320600 0.899400
vt 0.209900 0.173900
vt 0.232100 0.030400
vt 0.143600 0.128000
vt 0.143300 0.261700
vt 0.249900 0.180200
vt 0.322100 0.279000
vt 0.322500 0.128400
vt 0.143000 0.450000
vt 0.210600 0.300300
vt 0.142600 0.600100
vt 0.218600 0.418200
vt 0.245400 0.310900
vt 0.321500 0.455700
vt 0.142100 0.896900
vt 0.222900 0.489800
vt 0.248400 0.415800
vt 0.320700 0.612600
vt 0.233400 0.485200
vt 0.227600 0.176600
vt 0.225000 0.305000
vt 0.233000 0.417000
vt 0.246300 0.479600
vt 0.232000 0.494700
vt 0.229600 0.899400
vt 0.320600 0.901600
vt 0.209900 0.173900
vt 0.232100 0.030400
vt 0.143600 0.128200
vt 0.143300 0.261400
vt 0.249900 0.180200
vt 0.321900 0.278900
vt 0.322400 0.128700
vt 0.143000 0.450300
vt 0.210600 0.300300
vt 0.142700 0.601600
vt 0.218600 0.418200
vt 0.245400 0.310900
vt 0.321400 0.456100
vt 0.142200 0.899200
vt 0.222900 0.489800
vt 0.248400 0.415800
vt 0.320600 0.614200
vt 0.233400 0.485200
vt 0.227600 0.176600
vt 0.225000 0.305000
vt 0.233000 0.417000
vt 0.246300 0.479600
vt 0.232000 0.494700
vt 0.229400 0.897800
vt 0.320600 0.900600
vt 0.209900 0.173900
vt 0.232100 0.030400
vt 0.143500 0.127700
vt 0.143300 0.261700
vt 0.249900 0.180200
vt 0.322000 0.279200
vt 0.322500 0.128200
vt 0.143000 0.450000
vt 0.210600 0.300300
vt 0.142500 0.600600
vt 0.218600 0.418200
vt 0.245400 0.310900
vt 0.321500 0.456000
vt 0.141900 0.897800
vt 0.222900 0.489800
vt 0.248400 0.415800
vt 0.320700 0.613600
vt 0.233400 0.485200
vt 0.227600 0.176600
vt 0.225000 0.305000
vt 0.233000 0.417000
vt 0.246300 0.479600
vt 0.232000 0.494700
vt 0.230400 0.895200
vt 0.320900 0.898900
vt 0.209900 0.173900
vt 0.232100 0.030400
vt 0.143400 0.127900
vt 0.143100 0.260500
vt 0.249900 0.180200
vt 0.322300 0.278500
vt 0.322700 0.128800
vt 0.142900 0.449200
vt 0.210600 0.300300
vt 0.142500 0.598800
vt 0.218600 0.418200
vt 0.245400 0.310900
vt 0.321700 0.455500
vt 0.142500 0.896000
vt 0.222900 0.489800
vt 0.248400 0.415800
vt 0.321000 0.612200
vt 0.233400 0.485200
vt 0.227600 0.176600
vt 0.225000 0.305000
vt 0.233000 0.417000
vt 0.389500 0.748600
vt 0.389500 0.892600
vt 0.435700 0.892600
vt 0.435700 0.748600
vt 0.347200 0.748600
vt 0.347200 0.892600
vt 0.347200 0.028600
vt 0.347200 0.172600
vt 0.389500 0.172600
vt 0.389500 0.028600
vt 0.435700 0.172600
vt 0.435700 0.028600
vt 0.347200 0.316600
vt 0.389500 0.316600
vt 0.435700 0.316600
vt 0.347200 0.460600
vt 0.389500 0.460600
vt 0.435700 0.460600
vt 0.347200 0.604600
vt 0.389500 0.604600
vt 0.435700 0.604600
vt 0.389500 0.748600
vt 0.435700 0.748600
vt 0.435700 0.892600
vt 0.389500 0.892600
vt 0.347200 0.748600
vt 0.347200 0.892600
vt 0.347200 0.028600
vt 0.389500 0.028600
vt 0.389500 0.172600
vt 0.347200 0.172600
vt 0.435700 0.028600
vt 0.435700 0.172600
vt 0.389500 0.316600
vt 0.347200 0.316600
vt 0.435700 0.316600
vt 0.389500 0.460600
vt 0.347200 0.460600
vt 0.435700 0.460600
vt 0.389500 0.604600
vt 0.347200 0.604600
vt 0.435700 0.604600
vt 0.389500 0.748600
vt 0.389500 0.892600
vt 0.435700 0.892600
vt 0.435700 0.748600
vt 0.347200 0.748600
vt 0.347200 0.892600
vt 0.347200 0.028600
vt 0.347200 0.172600
vt 0.389500 0.172600
vt 0.389500 0.028600
vt 0.435700 0.172600
vt 0.435700 0.028600
vt 0.347200 0.316600
vt 0.389500 0.316600
vt 0.435700 0.316600
vt 0.347200 0.460600
vt 0.389500 0.460600
vt 0.435700 0.460600
vt 0.347200 0.604600
vt 0.389500 0.604600
vt 0.435700 0.604600
vt 0.389500 0.748600
vt 0.435700 0.748600
vt 0.435700 0.892600
vt 0.389500 0.892600
vt 0.347200 0.748600
vt 0.347200 0.892600
vt 0.347200 0.028600
vt 0.389500 0.028600
vt 0.389500 0.172600
vt 0.347200 0.172600
vt 0.435700 0.028600
vt 0.435700 0.172600
vt 0.389500 0.316600
vt 0.347200 0.316600
vt 0.435700 0.316600
vt 0.389500 0.460600
vt 0.347200 0.460600
vt 0.435700 0.460600
vt 0.389500 0.604600
vt 0.347200 0.604600
vt 0.435700 0.604600
vt 0.513200 0.739400
vt 0.513200 0.881600
vt 0.544200 0.881600
vt 0.544200 0.739400
vt 0.482400 0.739400
vt 0.482400 0.881600
vt 0.482400 0.028600
vt 0.482400 0.170800
vt 0.513200 0.170800
vt 0.513200 0.028600
vt 0.544200 0.170800
vt 0.544200 0.028600
vt 0.482400 0.312900
vt 0.513200 0.312900
vt 0.544200 0.312900
vt 0.482400 0.455100
vt 0.513200 0.455100
vt 0.544200 0.455100
vt 0.482400 0.597200
vt 0.513200 0.597200
vt 0.544200 0.597200
vt 0.513200 0.739400
vt 0.544200 0.739400
vt 0.544200 0.881600
vt 0.513200 0.881600
vt 0.482400 0.739400
vt 0.482400 0.881600
vt 0.482400 0.028600
vt 0.513200 0.028600
vt 0.513200 0.170800
vt 0.482400 0.170800
vt 0.544200 0.028600
vt 0.544200 0.170800
vt 0.513200 0.312900
vt 0.482400 0.312900
vt 0.544200 0.312900
vt 0.513200 0.455100
vt 0.482400 0.455100
vt 0.544200 0.455100
vt 0.513200 0.597200
vt 0.482400 0.597200
vt 0.544200 0.597200
vt 0.513200 0.739400
vt 0.513200 0.881600
vt 0.544200 0.881600
vt 0.544200 0.739400
vt 0.482400 0.739400
vt 0.482400 0.881600
vt 0.482400 0.028600
vt 0.482400 0.170800
vt 0.513200 0.170800
vt 0.513200 0.028600
vt 0.544200 0.170800
vt 0.544200 0.028600
vt 0.482400 0.312900
vt 0.513200 0.312900
vt 0.544200 0.312900
vt 0.482400 0.455100
vt 0.513200 0.455100
vt 0.544200 0.455100
vt 0.482400 0.597200
vt 0.513200 0.597200
vt 0.544200 0.597200
vt 0.513200 0.739400
vt 0.544200 0.739400
vt 0.544200 0.881600
vt 0.513200 0.881600
vt 0.482400 0.739400
vt 0.482400 0.881600
vt 0.482400 0.028600
vt 0.513200 0.028600
vt 0.513200 0.170800
vt 0.482400 0.170800
vt 0.544200 0.028600
vt 0.544200 0.170800
vt 0.513200 0.312900
vt 0.482400 0.312900
vt 0.544200 0.312900
vt 0.513200 0.455100
vt 0.482400 0.455100
vt 0.544200 0.455100
vt 0.513200 0.597200
vt 0.482400 0.597200
vt 0.544200 0.597200
vt 0.513200 0.739400
vt 0.513200 0.881600
vt 0.544200 0.881600
vt 0.544200 0.739400
vt 0.482400 0.739400
vt 0.482400 0.881600
vt 0.482400 0.028600
vt 0.482400 0.170800
vt 0.513200 0.170800
vt 0.513200 0.028600
vt 0.544200 0.170800
vt 0.544200 0.028600
vt 0.482400 0.312900
vt 0.513200 0.312900
vt 0.544200 0.312900
vt 0.482400 0.455100
vt 0.513200 0.455100
vt 0.544200 0.455100
vt 0.482400 0.597200
vt 0.513200 0.597200
vt 0.544200 0.597200
vt 0.513200 0.739400
vt 0.544200 0.739400
vt 0.544200 0.881600
vt 0.513200 0.881600
vt 0.482400 0.739400
vt 0.482400 0.881600
vt 0.482400 0.028600
vt 0.513200 0.028600
vt 0.513200 0.170800
vt 0.482400 0.170800
vt 0.544200 0.028600
vt 0.544200 0.170800
vt 0.513200 0.312900
vt 0.482400 0.312900
vt 0.544200 0.312900
vt 0.513200 0.455100
vt 0.482400 0.455100
vt 0.544200 0.455100
vt 0.513200 0.597200
vt 0.482400 0.597200
vt 0.544200 0.597200
vt 0.389500 0.748600
vt 0.389500 0.892600
vt 0.435700 0.892600
vt 0.435700 0.748600
vt 0.347200 0.748600
vt 0.347200 0.892600
vt 0.347200 0.028600
vt 0.347200 0.172600
vt 0.389500 0.172600
vt 0.389500 0.028600
vt 0.435700 0.172600
vt 0.435700 0.028600
vt 0.347200 0.316600
vt 0.389500 0.316600
vt 0.435700 0.316600
vt 0.347200 0.460600
vt 0.389500 0.460600
vt 0.435700 0.460600
vt 0.347200 0.604600
vt 0.389500 0.604600
vt 0.435700 0.604600
vt 0.389500 0.748600
vt 0.435700 0.748600
vt 0.435700 0.892600
vt 0.389500 0.892600
vt 0.347200 0.748600
vt 0.347200 0.892600
vt 0.347200 0.028600
vt 0.389500 0.028600
vt 0.389500 0.172600
vt 0.347200 0.172600
vt 0.435700 0.028600
vt 0.435700 0.172600
vt 0.389500 0.316600
vt 0.347200 0.316600
vt 0.435700 0.316600
vt 0.389500 0.460600
vt 0.347200 0.460600
vt 0.435700 0.460600
vt 0.389500 0.604600
vt 0.347200 0.604600
vt 0.435700 0.604600
vt 0.031700 0.011000
vt 0.045600 0.011000
vt 0.045600 0.490600
vt 0.031700 0.490600
vt 0.059600 0.011000
vt 0.059600 0.490600
vt 0.073500 0.011000
vt 0.073500 0.490600
vt 0.087500 0.011000
vt 0.087500 0.490600
vt 0.101400 0.011000
vt 0.101400 0.490600
vt 0.031700 0.011000
vt 0.045600 0.011000
vt 0.045600 0.132700
vt 0.031700 0.132700
vt 0.059600 0.011000
vt 0.059600 0.132700
vt 0.073500 0.011000
vt 0.073500 0.132700
vt 0.087500 0.011000
vt 0.087500 0.132700
vt 0.101400 0.011000
vt 0.101400 0.132700
vt 0.059700 0.490300
vt 0.061500 0.488500
vt 0.067400 0.488500
vt 0.069100 0.490300
vt 0.064400 0.491400
vt 0.087500 0.490600
vt 0.073500 0.490600
vt 0.059600 0.490600
vt 0.045600 0.490600
vt 0.031700 0.490600
vt 0.101400 0.490600
vt 0.031700 0.011000
vt 0.045600 0.011000
vt 0.045600 0.132700
vt 0.031700 0.132700
vt 0.059600 0.011000
vt 0.059600 0.132700
vt 0.073500 0.011000
vt 0.073500 0.132700
vt 0.087500 0.011000
vt 0.087500 0.132700
vt 0.101400 0.011000
vt 0.101400 0.132700
vt 0.059700 0.490300
vt 0.061500 0.488500
vt 0.067400 0.488500
vt 0.069100 0.490300
vt 0.064400 0.491400
vt 0.087500 0.490600
vt 0.073500 0.490600
vt 0.059600 0.490600
vt 0.045600 0.490600
vt 0.031700 0.490600
vt 0.101400 0.490600
vt 0.031700 0.011000
vt 0.045600 0.011000
vt 0.045600 0.490600
vt 0.031700 0.490600
vt 0.059600 0.011000
vt 0.059600 0.490600
vt 0.073500 0.011000
vt 0.073500 0.490600
vt 0.087500 0.011000
vt 0.087500 0.490600
vt 0.101400 0.011000
vt 0.101400 0.490600
vt 0.059700 0.490300
vt 0.061500 0.488500
vt 0.067400 0.488500
vt 0.069100 0.490300
vt 0.064400 0.491400
vt 0.389500 0.748600
vt 0.435700 0.748600
vt 0.435700 0.892600
vt 0.389500 0.892600
vt 0.347200 0.748600
vt 0.347200 0.892600
vt 0.347200 0.028600
vt 0.389500 0.028600
vt 0.389500 0.172600
vt 0.347200 0.172600
vt 0.435700 0.028600
vt 0.435700 0.172600
vt 0.389500 0.316600
vt 0.347200 0.316600
vt 0.435700 0.316600
vt 0.389500 0.460600
vt 0.347200 0.460600
vt 0.435700 0.460600
vt 0.389500 0.604600
vt 0.347200 0.604600
vt 0.435700 0.604600
vt 0.389500 0.748600
vt 0.389500 0.892600
vt 0.435700 0.892600
vt 0.435700 0.748600
vt 0.347200 0.748600
vt 0.347200 0.892600
vt 0.347200 0.028600
vt 0.347200 0.172600
vt 0.389500 0.172600
vt 0.389500 0.028600
vt 0.435700 0.172600
vt 0.435700 0.028600
vt 0.347200 0.316600
vt 0.389500 0.316600
vt 0.435700 0.316600
vt 0.347200 0.460600
vt 0.389500 0.460600
vt 0.435700 0.460600
vt 0.347200 0.604600
vt 0.389500 0.604600
vt 0.435700 0.604600
vt 0.246300 0.479600
vt 0.232000 0.494700
vt 0.229500 0.896200
vt 0.320600 0.899400
vt 0.209900 0.173900
vt 0.232100 0.030400
vt 0.143600 0.128000
vt 0.143300 0.261700
vt 0.249900 0.180200
vt 0.322100 0.279000
vt 0.322500 0.128400
vt 0.143000 0.450000
vt 0.210600 0.300300
vt 0.142600 0.600100
vt 0.218600 0.418200
vt 0.245400 0.310900
vt 0.321500 0.455700
vt 0.142100 0.896900
vt 0.222900 0.489800
vt 0.248400 0.415800
vt 0.320700 0.612600
vt 0.233400 0.485200
vt 0.227600 0.176600
vt 0.225000 0.305000
vt 0.233000 0.417000
vt 0.246300 0.479600
vt 0.232000 0.494700
vt 0.229600 0.899400
vt 0.320600 0.901600
vt 0.209900 0.173900
vt 0.232100 0.030400
vt 0.143600 0.128200
vt 0.143300 0.261400
vt 0.249900 0.180200
vt 0.321900 0.278900
vt 0.322400 0.128700
vt 0.143000 0.450300
vt 0.210600 0.300300
vt 0.142700 0.601600
vt 0.218600 0.418200
vt 0.245400 0.310900
vt 0.321400 0.456100
vt 0.142200 0.899200
vt 0.222900 0.489800
vt 0.248400 0.415800
vt 0.320600 0.614200
vt 0.233400 0.485200
vt 0.227600 0.176600
vt 0.225000 0.305000
vt 0.233000 0.417000
vt 0.246300 0.479600
vt 0.232000 0.494700
vt 0.229400 0.897800
vt 0.320600 0.900600
vt 0.209900 0.173900
vt 0.232100 0.030400
vt 0.143500 0.127700
vt 0.143300 0.261700
vt 0.249900 0.180200
vt 0.322000 0.279200
vt 0.322500 0.128200
vt 0.143000 0.450000
vt 0.210600 0.300300
vt 0.142500 0.600600
vt 0.218600 0.418200
vt 0.245400 0.310900
vt 0.321500 0.456000
vt 0.141900 0.897800
vt 0.222900 0.489800
vt 0.248400 0.415800
vt 0.320700 0.613600
vt 0.233400 0.485200
vt 0.227600 0.176600
vt 0.225000 0.305000
vt 0.233000 0.417000
vt 0.246300 0.479600
vt 0.232000 0.494700
vt 0.230400 0.895200
vt 0.320900 0.898900
vt 0.209900 0.173900
vt 0.232100 0.030400
vt 0.143400 0.127900
vt 0.143100 0.260500
vt 0.249900 0.180200
vt 0.322300 0.278500
vt 0.322700 0.128800
vt 0.142900 0.449200
vt 0.210600 0.300300
vt 0.142500 0.598800
vt 0.218600 0.418200
vt 0.245400 0.310900
vt 0.321700 0.455500
vt 0.142500 0.896000
vt 0.222900 0.489800
vt 0.248400 0.415800
vt 0.321000 0.612200
vt 0.233400 0.485200
vt 0.227600 0.176600
vt 0.225000 0.305000
vt 0.233000 0.417000
vt 0.389500 0.748600
vt 0.389500 0.892600
vt 0.435700 0.892600
vt 0.435700 0.748600
vt 0.347200 0.748600
vt 0.347200 0.892600
vt 0.347200 0.028600
vt 0.347200 0.172600
vt 0.389500 0.172600
vt 0.389500 0.028600
vt 0.435700 0.172600
vt 0.435700 0.028600
vt 0.347200 0.316600
vt 0.389500 0.316600
vt 0.435700 0.316600
vt 0.347200 0.460600
vt 0.389500 0.460600
vt 0.435700 0.460600
vt 0.347200 0.604600
vt 0.389500 0.604600
vt 0.435700 0.604600
vt 0.389500 0.748600
vt 0.435700 0.748600
vt 0.435700 0.892600
vt 0.389500 0.892600
vt 0.347200 0.748600
vt 0.347200 0.892600
vt 0.347200 0.028600
vt 0.389500 0.028600
vt 0.389500 0.172600
vt 0.347200 0.172600
vt 0.435700 0.028600
vt 0.435700 0.172600
vt 0.389500 0.316600
vt 0.347200 0.316600
vt 0.435700 0.316600
vt 0.389500 0.460600
vt 0.347200 0.460600
vt 0.435700 0.460600
vt 0.389500 0.604600
vt 0.347200 0.604600
vt 0.435700 0.604600
vt 0.389500 0.748600
vt 0.389500 0.892600
vt 0.435700 0.892600
vt 0.435700 0.748600
vt 0.347200 0.748600
vt 0.347200 0.892600
vt 0.347200 0.028600
vt 0.347200 0.172600
vt 0.389500 0.172600
vt 0.389500 0.028600
vt 0.435700 0.172600
vt 0.435700 0.028600
vt 0.347200 0.316600
vt 0.389500 0.316600
vt 0.435700 0.316600
vt 0.347200 0.460600
vt 0.389500 0.460600
vt 0.435700 0.460600
vt 0.347200 0.604600
vt 0.389500 0.604600
vt 0.435700 0.604600
vt 0.389500 0.748600
vt 0.435700 0.748600
vt 0.435700 0.892600
vt 0.389500 0.892600
vt 0.347200 0.748600
vt 0.347200 0.892600
vt 0.347200 0.028600
vt 0.389500 0.028600
vt 0.389500 0.172600
vt 0.347200 0.172600
vt 0.435700 0.028600
vt 0.435700 0.172600
vt 0.389500 0.316600
vt 0.347200 0.316600
vt 0.435700 0.316600
vt 0.389500 0.460600
vt 0.347200 0.460600
vt 0.435700 0.460600
vt 0.389500 0.604600
vt 0.347200 0.604600
vt 0.435700 0.604600
vt 0.513200 0.739400
vt 0.513200 0.881600
vt 0.544200 0.881600
vt 0.544200 0.739400
vt 0.482400 0.739400
vt 0.482400 0.881600
vt 0.482400 0.028600
vt 0.482400 0.170800
vt 0.513200 0.170800
vt 0.513200 0.028600
vt 0.544200 0.170800
vt 0.544200 0.028600
vt 0.482400 0.312900
vt 0.513200 0.312900
vt 0.544200 0.312900
vt 0.482400 0.455100
vt 0.513200 0.455100
vt 0.544200 0.455100
vt 0.482400 0.597200
vt 0.513200 0.597200
vt 0.544200 0.597200
vt 0.513200 0.739400
vt 0.544200 0.739400
vt 0.544200 0.881600
vt 0.513200 0.881600
vt 0.482400 0.739400
vt 0.482400 0.881600
vt 0.482400 0.028600
vt 0.513200 0.028600
vt 0.513200 0.170800
vt 0.482400 0.170800
vt 0.544200 0.028600
vt 0.544200 0.170800
vt 0.513200 0.312900
vt 0.482400 0.312900
vt 0.544200 0.312900
vt 0.513200 0.455100
vt 0.482400 0.455100
vt 0.544200 0.455100
vt 0.513200 0.597200
vt 0.482400 0.597200
vt 0.544200 0.597200
vt 0.513200 0.739400
vt 0.513200 0.881600
vt 0.544200 0.881600
vt 0.544200 0.739400
vt 0.482400 0.739400
vt 0.482400 0.881600
vt 0.482400 0.028600
vt 0.482400 0.170800
vt 0.513200 0.170800
vt 0.513200 0.028600
vt 0.544200 0.170800
vt 0.544200 0.028600
vt 0.482400 0.312900
vt 0.513200 0.312900
vt 0.544200 0.312900
vt 0.482400 0.455100
vt 0.513200 0.455100
vt 0.544200 0.455100
vt 0.482400 0.597200
vt 0.513200 0.597200
vt 0.544200 0.597200
vt 0.513200 0.739400
vt 0.544200 0.739400
vt 0.544200 0.881600
vt 0.513200 0.881600
vt 0.482400 0.739400
vt 0.482400 0.881600
vt 0.482400 0.028600
vt 0.513200 0.028600
vt 0.513200 0.170800
vt 0.482400 0.170800
vt 0.544200 0.028600
vt 0.544200 0.170800
vt 0.513200 0.312900
vt 0.482400 0.312900
vt 0.544200 0.312900
vt 0.513200 0.455100
vt 0.482400 0.455100
vt 0.544200 0.455100
vt 0.513200 0.597200
vt 0.482400 0.597200
vt 0.544200 0.597200
vt 0.513200 0.739400
vt 0.513200 0.881600
vt 0.544200 0.881600
vt 0.544200 0.739400
vt 0.482400 0.739400
vt 0.482400 0.881600
vt 0.482400 0.028600
vt 0.482400 0.170800
vt 0.513200 0.170800
vt 0.513200 0.028600
vt 0.544200 0.170800
vt 0.544200 0.028600
vt 0.482400 0.312900
vt 0.513200 0.312900
vt 0.544200 0.312900
vt 0.482400 0.455100
vt 0.513200 0.455100
vt 0.544200 0.455100
vt 0.482400 0.597200
vt 0.513200 0.597200
vt 0.544200 0.597200
vt 0.389500 0.748600
vt 0.389500 0.892600
vt 0.435700 0.892600
vt 0.435700 0.748600
vt 0.347200 0.748600
vt 0.347200 0.892600
vt 0.347200 0.028600
vt 0.347200 0.172600
vt 0.389500 0.172600
vt 0.389500 0.028600
vt 0.435700 0.172600
vt 0.435700 0.028600
vt 0.347200 0.316600
vt 0.389500 0.316600
vt 0.435700 0.316600
vt 0.347200 0.460600
vt 0.389500 0.460600
vt 0.435700 0.460600
vt 0.347200 0.604600
vt 0.389500 0.604600
vt 0.435700 0.604600
vt 0.389500 0.748600
vt 0.435700 0.748600
vt 0.435700 0.892600
vt 0.389500 0.892600
vt 0.347200 0.748600
vt 0.347200 0.892600
vt 0.347200 0.028600
vt 0.389500 0.028600
vt 0.389500 0.172600
vt 0.347200 0.172600
vt 0.435700 0.028600
vt 0.435700 0.172600
vt 0.389500 0.316600
vt 0.347200 0.316600
vt 0.435700 0.316600
vt 0.389500 0.460600
vt 0.347200 0.460600
vt 0.435700 0.460600
vt 0.389500 0.604600
vt 0.347200 0.604600
vt 0.435700 0.604600
vt 0.513200 0.739400
vt 0.513200 0.881600
vt 0.544200 0.881600
vt 0.544200 0.739400
vt 0.482400 0.739400
vt 0.482400 0.881600
vt 0.482400 0.028600
vt 0.482400 0.170800
vt 0.513200 0.170800
vt 0.513200 0.028600
vt 0.544200 0.170800
vt 0.544200 0.028600
vt 0.482400 0.312900
vt 0.513200 0.312900
vt 0.544200 0.312900
vt 0.482400 0.455100
vt 0.513200 0.455100
vt 0.544200 0.455100
vt 0.482400 0.597200
vt 0.513200 0.597200
vt 0.544200 0.597200
vt 0.513200 0.739400
vt 0.544200 0.739400
vt 0.544200 0.881600
vt 0.513200 0.881600
vt 0.482400 0.739400
vt 0.482400 0.881600
vt 0.482400 0.028600
vt 0.513200 0.028600
vt 0.513200 0.170800
vt 0.482400 0.170800
vt 0.544200 0.028600
vt 0.544200 0.170800
vt 0.513200 0.312900
vt 0.482400 0.312900
vt 0.544200 0.312900
vt 0.513200 0.455100
vt 0.482400 0.455100
vt 0.544200 0.455100
vt 0.513200 0.597200
vt 0.482400 0.597200
vt 0.544200 0.597200
vt 0.513200 0.739400
vt 0.513200 0.881600
vt 0.544200 0.881600
vt 0.544200 0.739400
vt 0.482400 0.739400
vt 0.482400 0.881600
vt 0.482400 0.028600
vt 0.482400 0.170800
vt 0.513200 0.170800
vt 0.513200 0.028600
vt 0.544200 0.170800
vt 0.544200 0.028600
vt 0.482400 0.312900
vt 0.513200 0.312900
vt 0.544200 0.312900
vt 0.482400 0.455100
vt 0.513200 0.455100
vt 0.544200 0.455100
vt 0.482400 0.597200
vt 0.513200 0.597200
vt 0.544200 0.597200
vt 0.513200 0.739400
vt 0.544200 0.739400
vt 0.544200 0.881600
vt 0.513200 0.881600
vt 0.482400 0.739400
vt 0.482400 0.881600
vt 0.482400 0.028600
vt 0.513200 0.028600
vt 0.513200 0.170800
vt 0.482400 0.170800
vt 0.544200 0.028600
vt 0.544200 0.170800
vt 0.513200 0.312900
vt 0.482400 0.312900
vt 0.544200 0.312900
vt 0.513200 0.455100
vt 0.482400 0.455100
vt 0.544200 0.455100
vt 0.513200 0.597200
vt 0.482400 0.597200
vt 0.544200 0.597200
vn -0.7612 0.1645 -0.6274
vn -0.7210 0.2374 -0.6511
vn -0.7354 -0.0186 -0.6774
vn -0.9821 -0.0250 -0.1867
vn -0.8003 -0.0760 -0.5948
vn -0.7920 -0.0866 -0.6043
vn -0.5544 -0.0563 -0.8304
vn -0.5561 -0.0577 -0.8291
vn -0.7597 -0.0745 -0.6460
vn -0.9614 -0.0590 -0.2686
vn -0.9761 -0.0404 -0.2134
vn -0.3694 -0.0361 -0.9286
vn -0.8042 -0.0523 -0.5920
vn -0.2959 -0.0002 -0.9552
vn -0.6807 -0.0019 -0.7325
vn -0.7799 -0.0229 -0.6255
vn -0.9584 -0.0761 -0.2751
vn -0.2865 -0.0027 -0.9581
vn -0.5787 0.1739 -0.7968
vn -0.7632 -0.0165 -0.6460
vn -0.9984 -0.0125 -0.0550
vn -0.6107 0.4163 -0.6736
vn -0.7442 -0.0944 -0.6612
vn -0.7705 -0.0132 -0.6373
vn -0.6669 0.0112 -0.7451
vn -0.1306 -0.9101 -0.3934
vn -0.1489 -0.8493 -0.5065
vn -0.6177 -0.7557 -0.2176
vn -0.5824 -0.8128 -0.0124
vn 0.4443 -0.7531 -0.4853
vn 0.3283 -0.7028 -0.6310
vn 0.9002 -0.0117 0.4353
vn 0.9013 -0.0878 0.4243
vn 0.3740 -0.1593 0.9137
vn 0.3774 -0.0413 0.9251
vn -0.3514 -0.1337 0.9266
vn -0.3551 -0.0493 0.9335
vn 0.8719 -0.3292 0.3624
vn 0.3184 -0.5023 0.8039
vn -0.3527 -0.3547 0.8659
vn 0.7765 -0.6214 0.1042
vn 0.2038 -0.8682 0.4524
vn -0.3997 -0.6368 0.6593
vn 0.6101 -0.7619 -0.2174
vn 0.0186 -0.9995 -0.0272
vn -0.4969 -0.8052 0.3237
vn 0.1307 0.9097 0.3942
vn 0.5886 0.8084 0.0071
vn 0.6227 0.7530 0.2128
vn 0.1490 0.8495 0.5061
vn -0.4523 0.7479 0.4859
vn -0.3333 0.7001 0.6315
vn -0.9038 0.0113 -0.4278
vn -0.3776 0.0413 -0.9251
vn -0.3741 0.1595 -0.9136
vn -0.9048 0.0868 -0.4168
vn 0.3626 0.0492 -0.9306
vn 0.3589 0.1330 -0.9238
vn -0.3183 0.5030 -0.8036
vn -0.8759 0.3261 -0.3557
vn 0.3604 0.3525 -0.8636
vn -0.2032 0.8688 -0.4515
vn -0.7815 0.6160 -0.0992
vn 0.4065 0.6326 -0.6593
vn -0.0178 0.9994 0.0283
vn -0.6164 0.7560 0.2202
vn 0.5034 0.7998 -0.3269
vn 0.0745 -0.9891 -0.1267
vn 0.1484 -0.9530 -0.2643
vn -0.3902 -0.6726 -0.6288
vn -0.5176 -0.7190 -0.4638
vn 0.5354 -0.7325 0.4204
vn 0.6387 -0.7149 0.2846
vn 0.0923 -0.0397 0.9949
vn 0.1000 -0.0866 0.9912
vn -0.5993 -0.0660 0.7978
vn -0.6173 0.0021 0.7867
vn -0.9834 -0.0091 0.1810
vn -0.9830 0.0415 0.1786
vn 0.1313 -0.2660 0.9550
vn -0.5818 -0.3148 0.7499
vn -0.9719 -0.1830 0.1478
vn 0.2408 -0.4956 0.8345
vn -0.4484 -0.6898 0.5685
vn -0.8984 -0.4392 0.0066
vn 0.3819 -0.6617 0.6452
vn -0.2021 -0.9502 0.2375
vn -0.7312 -0.6479 -0.2134
vn -0.0746 0.9889 0.1287
vn 0.5238 0.7120 0.4677
vn 0.3964 0.6664 0.6315
vn -0.1475 0.9530 0.2645
vn -0.5393 0.7271 -0.4249
vn -0.6418 0.7101 -0.2896
vn -0.0975 0.0875 -0.9914
vn 0.6176 0.0640 -0.7839
vn 0.5993 0.0993 -0.7943
vn -0.1083 0.1090 -0.9881
vn 0.9850 0.0071 -0.1726
vn 0.9846 0.0334 -0.1719
vn 0.5822 0.3152 -0.7494
vn -0.1392 0.2644 -0.9543
vn 0.9736 0.1808 -0.1391
vn 0.4489 0.6905 -0.5672
vn -0.2478 0.4918 -0.8347
vn 0.9008 0.4342 0.0013
vn 0.2016 0.9505 -0.2365
vn -0.3880 0.6559 -0.6475
vn 0.7354 0.6413 0.2189
vn -0.0879 -0.9961 0.0098
vn -0.2165 -0.9645 0.1512
vn 0.4828 -0.7270 0.4882
vn 0.5924 -0.7317 0.3371
vn -0.6666 -0.5970 -0.4464
vn -0.7599 -0.5888 -0.2754
vn -0.1442 -0.0365 -0.9889
vn -0.1374 -0.0337 -0.9899
vn 0.5318 -0.1410 -0.8350
vn 0.5185 -0.1360 -0.8442
vn 0.9488 -0.1863 -0.2551
vn 0.9511 -0.1709 -0.2571
vn -0.1167 -0.2221 -0.9680
vn 0.4985 -0.3229 -0.8045
vn 0.8960 -0.3430 -0.2820
vn -0.2796 -0.4511 -0.8475
vn 0.3687 -0.6694 -0.6449
vn 0.8103 -0.5727 -0.1239
vn -0.4796 -0.5698 -0.6674
vn 0.1775 -0.9074 -0.3809
vn 0.7124 -0.6954 0.0949
vn 0.0893 0.9960 -0.0104
vn -0.5989 0.7247 -0.3408
vn -0.4910 0.7199 -0.4906
vn 0.2163 0.9646 -0.1511
vn 0.6725 0.5874 0.4503
vn 0.7642 0.5811 0.2797
vn 0.1559 0.0646 0.9857
vn -0.5138 0.1746 0.8400
vn -0.5288 0.1606 0.8334
vn 0.1541 0.0448 0.9870
vn -0.9485 0.1980 0.2474
vn -0.9500 0.1999 0.2397
vn -0.4984 0.3230 0.8045
vn 0.1238 0.2198 0.9677
vn -0.8987 0.3416 0.2749
vn -0.3685 0.6700 0.6444
vn 0.2864 0.4468 0.8476
vn -0.8135 0.5696 0.1174
vn -0.1759 0.9076 0.3812
vn 0.4871 0.5620 0.6685
vn -0.7162 0.6907 -0.1000
vn 0.0585 -0.9659 -0.2523
vn -0.0162 -0.9149 -0.4033
vn -0.6981 -0.6970 -0.1636
vn -0.7062 -0.7033 0.0814
vn 0.8553 -0.4850 -0.1822
vn 0.8122 -0.4547 -0.3655
vn 0.9482 -0.1479 0.2811
vn 0.9459 -0.1503 0.2874
vn 0.3542 -0.1357 0.9253
vn 0.3286 -0.1227 0.9365
vn -0.5192 -0.0193 0.8544
vn -0.5179 -0.0052 0.8554
vn 0.9161 -0.2568 0.3079
vn 0.3554 -0.3238 0.8768
vn -0.4907 -0.1831 0.8519
vn 0.8987 -0.3869 0.2066
vn 0.2835 -0.6787 0.6775
vn -0.5658 -0.4671 0.6795
vn 0.8866 -0.4608 0.0412
vn 0.1860 -0.9336 0.3062
vn -0.6432 -0.6505 0.4040
vn -0.0566 0.9654 0.2546
vn 0.7161 0.6928 -0.0849
vn 0.7051 0.6912 0.1586
vn 0.0170 0.9152 0.4026
vn -0.8611 0.4747 0.1823
vn -0.8188 0.4449 0.3629
vn -0.9492 0.1655 -0.2676
vn -0.3246 0.1526 -0.9335
vn -0.3528 0.1508 -0.9235
vn -0.9493 0.1580 -0.2718
vn 0.5297 0.0210 -0.8479
vn 0.5321 0.0266 -0.8463
vn -0.3551 0.3245 -0.8767
vn -0.9202 0.2539 -0.2979
vn 0.5011 0.1796 -0.8465
vn -0.2813 0.6796 -0.6775
vn -0.9023 0.3820 -0.1999
vn 0.5757 0.4603 -0.6758
vn -0.1844 0.9343 -0.3052
vn -0.8913 0.4519 -0.0365
vn 0.6537 0.6408 -0.4025
vn -0.5303 -0.8239 -0.2000
vn -0.3616 -0.9212 -0.1438
vn 0.0338 -0.6160 -0.7870
vn -0.1094 -0.5700 -0.8144
vn -0.6252 -0.5546 0.5491
vn -0.5199 -0.5909 0.6169
vn -0.9457 -0.0777 0.3157
vn -0.9480 -0.0884 0.3058
vn -0.9362 -0.0886 -0.3400
vn -0.9324 -0.0740 -0.3536
vn -0.5215 -0.0564 -0.8514
vn -0.5210 -0.0392 -0.8526
vn -0.9514 -0.1925 0.2405
vn -0.9252 -0.1817 -0.3332
vn -0.5752 -0.1458 -0.8049
vn -0.8918 -0.3297 0.3100
vn -0.8725 -0.3677 -0.3217
vn -0.4940 -0.3029 -0.8150
vn -0.7863 -0.4560 0.4169
vn -0.7636 -0.5791 -0.2857
vn -0.3445 -0.4459 -0.8261
vn 0.5294 0.8243 0.2005
vn 0.1030 0.5635 0.8197
vn -0.0394 0.6081 0.7929
vn 0.3618 0.9210 0.1443
vn 0.6239 0.5490 -0.5561
vn 0.5196 0.5835 -0.6242
vn 0.9428 0.0787 -0.3240
vn 0.9324 0.0751 0.3535
vn 0.9361 0.0893 0.3401
vn 0.9438 0.0877 -0.3185
vn 0.5153 0.0387 0.8561
vn 0.5103 0.0562 0.8582
vn 0.9254 0.1815 0.3327
vn 0.9500 0.1922 -0.2461
vn 0.5710 0.1446 0.8081
vn 0.8723 0.3677 0.3222
vn 0.8900 0.3281 -0.3167
vn 0.4879 0.3010 0.8194
vn 0.7630 0.5795 0.2864
vn 0.7841 0.4526 -0.4246
vn 0.3364 0.4421 0.8315
vn -0.3234 -0.8615 0.3913
vn -0.3194 -0.7707 0.5513
vn 0.1666 -0.6247 0.7629
vn 0.3354 -0.7009 0.6295
vn -0.7308 -0.6254 -0.2735
vn -0.7935 -0.6079 0.0304
vn -0.2629 0.0344 -0.9642
vn -0.2755 -0.0253 -0.9610
vn 0.4412 -0.0771 -0.8941
vn 0.4500 0.0180 -0.8928
vn 0.9325 -0.0901 -0.3497
vn 0.9370 -0.0080 -0.3492
vn -0.3083 -0.1628 -0.9373
vn 0.3731 -0.3293 -0.8674
vn 0.8940 -0.3340 -0.2987
vn -0.3669 -0.4039 -0.8380
vn 0.2603 -0.7329 -0.6286
vn 0.7566 -0.6521 -0.0480
vn -0.5574 -0.5665 -0.6069
vn -0.0395 -0.9937 -0.1049
vn 0.5417 -0.7766 0.3217
vn 0.3240 0.8608 -0.3925
vn -0.3430 0.6956 -0.6313
vn -0.1725 0.6221 -0.7637
vn 0.3190 0.7711 -0.5510
vn 0.7340 0.6187 0.2800
vn 0.7970 0.6035 -0.0227
vn 0.2708 -0.0235 0.9624
vn -0.4496 -0.0028 0.8932
vn -0.4409 0.0850 0.8935
vn 0.2834 0.0297 0.9585
vn -0.9395 0.0196 0.3420
vn -0.9349 0.0953 0.3420
vn -0.3729 0.3307 0.8670
vn 0.3167 0.1612 0.9347
vn -0.8970 0.3325 0.2913
vn -0.2596 0.7344 0.6271
vn 0.3731 0.4003 0.8370
vn -0.7602 0.6484 0.0413
vn 0.0399 0.9938 0.1036
vn 0.5616 0.5595 0.6096
vn -0.5467 0.7712 -0.3262
vn -0.4347 0.8677 0.2412
vn -0.6623 0.6168 -0.4254
vn -0.5512 0.6580 -0.5129
vn -0.2894 0.9434 0.1618
vn 0.0300 0.6051 0.7956
vn 0.1530 0.6461 0.7478
vn -0.3644 0.0743 0.9283
vn -0.8659 0.0953 0.4910
vn -0.8630 0.1053 0.4941
vn -0.3686 0.0787 0.9262
vn -0.9839 0.0737 -0.1627
vn -0.9816 0.0907 -0.1682
vn -0.8473 0.2110 0.4874
vn -0.4282 0.1995 0.8814
vn -0.9783 0.1870 -0.0892
vn -0.7874 0.4272 0.4444
vn -0.3320 0.3610 0.8715
vn -0.9197 0.3605 -0.1559
vn -0.6651 0.6477 0.3717
vn -0.1761 0.5024 0.8465
vn -0.8199 0.5049 -0.2699
vn -0.1180 -0.8892 -0.4420
vn -0.2254 -0.8066 -0.5464
vn -0.6811 -0.6449 -0.3467
vn -0.6933 -0.7077 -0.1358
vn 0.6317 -0.6981 -0.3371
vn 0.4709 -0.6726 -0.5709
vn 0.9057 -0.0001 0.4239
vn 0.9083 -0.0686 0.4125
vn 0.3868 -0.1085 0.9157
vn 0.3825 -0.0096 0.9239
vn -0.3396 -0.0866 0.9366
vn -0.3428 -0.0139 0.9393
vn 0.8989 -0.2254 0.3757
vn 0.3969 -0.3733 0.8385
vn -0.3553 -0.3187 0.8788
vn 0.8427 -0.4641 0.2728
vn 0.2703 -0.7623 0.5881
vn -0.4587 -0.6355 0.6211
vn 0.7705 -0.6375 0.0004
vn 0.0547 -0.9967 0.0600
vn -0.5980 -0.7701 0.2220
vn 0.1187 0.8886 0.4431
vn 0.6999 0.7020 0.1316
vn 0.6854 0.6422 0.3432
vn 0.2254 0.8070 0.5458
vn -0.6391 0.6921 0.3356
vn -0.4790 0.6685 0.5689
vn -0.9090 0.0122 -0.4165
vn -0.3827 0.0265 -0.9235
vn -0.3865 0.1171 -0.9148
vn -0.9115 0.0736 -0.4046
vn 0.3498 0.0264 -0.9364
vn 0.3472 0.0922 -0.9333
vn -0.3965 0.3746 -0.8381
vn -0.9023 0.2241 -0.3682
vn 0.3628 0.3167 -0.8764
vn -0.2695 0.7636 -0.5868
vn -0.8462 0.4608 -0.2676
vn 0.4662 0.6313 -0.6198
vn -0.0532 0.9968 -0.0589
vn -0.7754 0.6314 0.0011
vn 0.6051 0.7643 -0.2229
vn 0.5238 0.0051 0.8518
vn 0.9720 0.0057 -0.2348
vn 0.9721 0.0057 -0.2347
vn 0.5235 0.0051 0.8520
vn 0.0775 0.0057 -0.9970
vn 0.0770 0.0057 -0.9970
vn -0.9242 0.0051 -0.3819
vn -0.9244 0.0051 -0.3815
vn -0.6485 0.0048 0.7612
vn -0.6483 0.0048 0.7614
vn 0.5234 -0.0004 0.8521
vn 0.9721 -0.0006 -0.2346
vn 0.9721 -0.0001 -0.2346
vn 0.5235 0.0000 0.8520
vn 0.0772 -0.0006 -0.9970
vn 0.0773 -0.0001 -0.9970
vn -0.9244 -0.0004 -0.3815
vn -0.9243 0.0000 -0.3816
vn -0.6485 -0.0002 0.7612
vn -0.6485 0.0002 0.7612
vn -0.7423 0.5959 -0.3065
vn -0.5208 0.5959 0.6113
vn 0.4205 0.5959 0.6842
vn 0.7807 0.5958 -0.1885
vn 0.0620 0.5958 -0.8007
vn 0.5235 -0.0021 0.8520
vn 0.9721 -0.0023 -0.2347
vn 0.9721 -0.0013 -0.2346
vn 0.5236 -0.0012 0.8520
vn 0.0771 -0.0023 -0.9970
vn 0.0773 -0.0013 -0.9970
vn -0.9244 -0.0021 -0.3814
vn -0.9244 -0.0012 -0.3815
vn -0.6485 -0.0020 0.7612
vn -0.6486 -0.0011 0.7612
vn -0.7425 0.5956 -0.3065
vn -0.5210 0.5956 0.6114
vn 0.4205 0.5956 0.6844
vn 0.7809 0.5956 -0.1885
vn 0.0620 0.5956 -0.8009
vn 0.5236 0.0081 0.8519
vn 0.9720 0.0090 -0.2347
vn 0.7784 0.5991 -0.1877
vn 0.4191 0.5987 0.6826
vn 0.0774 0.0090 -0.9970
vn 0.0617 0.5991 -0.7983
vn -0.9242 0.0081 -0.3817
vn -0.7404 0.5987 -0.3054
vn -0.6485 0.0076 0.7612
vn -0.5196 0.5985 0.6098
vn 0.3660 0.8667 0.3390
vn 0.5602 0.8076 -0.1841
vn 0.7206 0.6933 0.0105
vn 0.4623 0.7849 0.4125
vn -0.1911 0.7537 0.6288
vn 0.0456 0.6750 0.7364
vn -0.9689 0.0274 0.2459
vn -0.7806 0.0650 -0.6217
vn -0.7806 0.1763 -0.5996
vn -0.9786 0.1067 0.1762
vn 0.0606 0.0651 -0.9960
vn -0.0137 0.1319 -0.9912
vn -0.7325 0.3871 -0.5600
vn -0.9541 0.2930 0.0622
vn -0.1488 0.2952 -0.9438
vn -0.4902 0.7896 -0.3692
vn -0.8233 0.5383 0.1798
vn -0.0410 0.5912 -0.8055
vn -0.0161 0.9996 0.0212
vn -0.5263 0.7426 0.4142
vn 0.2592 0.8277 -0.4978
vn -0.3657 -0.8669 -0.3388
vn -0.4629 -0.7842 -0.4132
vn -0.7191 -0.6947 -0.0158
vn -0.5585 -0.8102 0.1780
vn 0.1848 -0.7573 -0.6264
vn -0.0510 -0.6770 -0.7342
vn 0.9709 -0.0279 -0.2380
vn 0.9799 -0.1074 -0.1680
vn 0.7810 -0.1745 0.5996
vn 0.7807 -0.0650 0.6215
vn 0.0216 -0.1327 0.9909
vn -0.0527 -0.0661 0.9964
vn 0.9539 -0.2951 -0.0549
vn 0.7330 -0.3861 0.5601
vn 0.1555 -0.2967 0.9422
vn 0.8214 -0.5431 -0.1740
vn 0.4905 -0.7893 0.3695
vn 0.0465 -0.5952 0.8022
vn 0.5225 -0.7473 -0.4106
vn 0.0167 -0.9996 -0.0208
vn -0.2563 -0.8314 0.4930
vn 0.5636 0.2340 -0.7922
vn 0.6566 0.2576 -0.7089
vn 0.7154 0.0321 -0.6980
vn 0.2720 0.0112 -0.9622
vn 0.7295 -0.0078 -0.6839
vn 0.7007 -0.0215 -0.7131
vn 0.9692 0.0146 -0.2460
vn 0.9495 0.1084 -0.2945
vn 0.6660 -0.0188 -0.7457
vn 0.1209 0.1156 -0.9859
vn 0.2070 0.0147 -0.9782
vn 0.8235 0.0977 -0.5589
vn 0.6361 0.1050 -0.7644
vn 0.7222 -0.0423 -0.6904
vn 0.6075 0.0823 -0.7901
vn 0.7401 0.0561 -0.6702
vn 0.4921 0.0561 -0.8688
vn 0.9580 0.0184 -0.2863
vn 0.6884 0.2170 -0.6921
vn 0.7515 0.0769 -0.6553
vn 0.6926 -0.0377 -0.7203
vn 0.6673 0.4548 -0.5898
vn 0.6565 -0.0428 -0.7531
vn 0.6026 0.0597 -0.7958
vn 0.7138 0.0974 -0.6935
vn -0.5959 0.1703 0.7848
vn -0.6835 0.2312 0.6923
vn -0.7070 -0.0246 0.7067
vn -0.2612 -0.0123 0.9652
vn -0.6952 -0.0371 0.7178
vn -0.7164 -0.0744 0.6937
vn -0.9555 -0.0047 0.2950
vn -0.8814 -0.0175 0.4720
vn -0.6700 -0.0788 0.7382
vn -0.2160 0.0395 0.9756
vn -0.2368 -0.0155 0.9714
vn -0.8588 -0.1381 0.4934
vn -0.5925 -0.0252 0.8052
vn -0.9878 -0.0313 0.1525
vn -0.6808 -0.0282 0.7319
vn -0.6952 -0.0259 0.7184
vn -0.4451 -0.0365 0.8947
vn -0.9797 -0.0309 0.1983
vn -0.8402 0.1586 0.5185
vn -0.7062 -0.0184 0.7078
vn -0.4360 -0.0473 0.8987
vn -0.7012 0.4038 0.5876
vn -0.6547 -0.0973 0.7496
vn -0.6011 -0.0113 0.7991
vn -0.7154 0.0005 0.6987
vn 0.7681 0.2368 0.5949
vn 0.6860 0.2549 0.6814
vn 0.6430 0.0244 0.7655
vn 0.9135 0.0367 0.4053
vn 0.7242 0.0215 0.6892
vn 0.6319 -0.0328 0.7744
vn 0.2848 0.0462 0.9575
vn 0.4753 0.0548 0.8781
vn 0.6433 -0.0480 0.7641
vn 0.8522 -0.0171 0.5230
vn 0.9285 0.0380 0.3693
vn 0.5107 -0.0344 0.8591
vn 0.7994 0.0539 0.5984
vn 0.2985 -0.0135 0.9543
vn 0.7303 0.0626 0.6803
vn 0.7345 0.0528 0.6766
vn 0.9784 0.1541 0.1377
vn 0.1999 0.0017 0.9798
vn 0.5464 0.2122 0.8102
vn 0.6479 0.0612 0.7593
vn 0.8389 0.0174 0.5439
vn 0.5733 0.4556 0.6810
vn 0.7480 -0.0473 0.6621
vn 0.7720 0.0604 0.6327
vn 0.6646 0.0846 0.7424
vn 0.3016 -0.0149 -0.9533
vn -0.8077 0.0752 -0.5847
vn -0.8004 0.0746 -0.5948
vn 0.3237 -0.0169 -0.9460
vn -0.8165 0.0693 0.5732
vn -0.7984 0.0676 0.5984
vn 0.2838 -0.0243 0.9586
vn 0.3258 -0.0278 0.9450
vn 0.9969 -0.0781 0.0066
vn 0.9969 -0.0782 -0.0013
vn 0.2880 -0.0159 -0.9575
vn -0.8117 0.0774 -0.5790
vn -0.8055 0.0898 -0.5858
vn 0.3044 -0.0153 -0.9524
vn -0.8146 0.0657 0.5763
vn -0.8076 0.0720 0.5853
vn 0.2933 -0.0363 0.9553
vn 0.3030 -0.0453 0.9519
vn 0.9961 -0.0885 -0.0057
vn 0.9950 -0.1001 -0.0024
vn 0.2841 0.5677 0.7727
vn 0.8458 0.5334 0.0124
vn 0.2978 0.5815 -0.7571
vn -0.6019 0.6482 -0.4664
vn -0.6058 0.6403 0.4722
vn 0.3055 0.0275 -0.9518
vn -0.8027 0.0252 -0.5958
vn -0.8103 0.0377 -0.5848
vn 0.3044 0.0239 -0.9522
vn -0.8150 -0.0144 0.5792
vn -0.8114 -0.0013 0.5845
vn 0.3122 -0.0368 0.9493
vn 0.3029 -0.0405 0.9522
vn 0.9999 -0.0103 -0.0126
vn 0.9997 -0.0249 -0.0004
vn 0.2719 0.5734 0.7729
vn 0.8257 0.5640 0.0090
vn 0.2702 0.5972 -0.7552
vn -0.6272 0.6279 -0.4608
vn -0.6260 0.6127 0.4825
vn 0.3069 0.0414 -0.9508
vn -0.8021 0.0234 -0.5967
vn -0.6473 0.6072 -0.4608
vn 0.2488 0.6100 -0.7523
vn -0.8146 -0.0165 0.5797
vn -0.6466 0.5924 0.4806
vn 0.3143 -0.0228 0.9490
vn 0.2482 0.5859 0.7715
vn 0.9998 0.0134 -0.0130
vn 0.8024 0.5967 0.0103
vn 0.0316 0.8466 -0.5314
vn -0.5288 0.7866 -0.3188
vn -0.4700 0.6654 -0.5800
vn 0.0279 0.7618 -0.6473
vn 0.6409 0.7211 -0.2632
vn 0.5576 0.6458 -0.5216
vn 0.8170 0.0046 0.5767
vn 0.0303 0.0258 0.9992
vn 0.0447 0.1261 0.9910
vn 0.7716 0.0800 0.6311
vn -0.7988 0.0387 0.6003
vn -0.7481 0.0958 0.6566
vn 0.0481 0.3257 0.9443
vn 0.6750 0.2538 0.6928
vn -0.6306 0.2433 0.7370
vn 0.0441 0.7477 0.6625
vn 0.6974 0.5001 0.5134
vn -0.6107 0.5492 0.5705
vn 0.0372 0.9993 0.0003
vn 0.6988 0.7022 0.1364
vn -0.5814 0.8023 0.1351
vn -0.0317 -0.8470 0.5307
vn -0.0267 -0.7610 0.6482
vn 0.4655 -0.6667 0.5821
vn 0.5230 -0.7893 0.3217
vn -0.6352 -0.7249 0.2666
vn -0.5516 -0.6482 0.5250
vn -0.8123 -0.0049 -0.5833
vn -0.7662 -0.0804 -0.6375
vn -0.0449 -0.1246 -0.9912
vn -0.0305 -0.0258 -0.9992
vn 0.7429 -0.0963 -0.6624
vn 0.7940 -0.0393 -0.6066
vn -0.6696 -0.2555 -0.6974
vn -0.0488 -0.3247 -0.9446
vn 0.6251 -0.2449 -0.7411
vn -0.6916 -0.5051 -0.5163
vn -0.0444 -0.7471 -0.6632
vn 0.6038 -0.5537 -0.5734
vn -0.6937 -0.7073 -0.1361
vn -0.0372 -0.9993 -0.0012
vn 0.5758 -0.8065 -0.1344
vn 0.7223 0.1427 0.6767
vn 0.6883 0.1635 0.7067
vn 0.5077 -0.0655 0.8590
vn 0.9080 -0.0166 0.4186
vn 0.6246 -0.0743 0.7774
vn 0.5922 -0.1224 0.7964
vn 0.0692 -0.0524 0.9962
vn 0.2227 -0.0448 0.9739
vn 0.7460 -0.1089 0.6570
vn 0.9309 -0.0874 0.3547
vn 0.9081 -0.1060 0.4050
vn 0.3643 -0.1080 0.9250
vn 0.7297 -0.0274 0.6832
vn 0.3240 -0.1432 0.9351
vn 0.6995 -0.0360 0.7137
vn 0.8213 -0.0318 0.5696
vn 0.9985 0.0509 0.0185
vn -0.0191 -0.0925 0.9955
vn 0.5529 0.0993 0.8273
vn 0.7557 -0.0262 0.6544
vn 0.9959 0.0658 0.0615
vn 0.5993 0.3819 0.7035
vn 0.7478 -0.1196 0.6530
vn 0.7977 -0.0277 0.6025
vn 0.6988 -0.0150 0.7152
vn -0.6979 0.2406 -0.6746
vn -0.6881 0.2589 -0.6779
vn -0.4872 0.0814 -0.8695
vn -0.8967 0.0568 -0.4390
vn -0.6575 0.0503 -0.7518
vn -0.6229 0.0026 -0.7823
vn -0.1598 0.1010 -0.9820
vn -0.2828 0.1127 -0.9525
vn -0.7373 -0.0001 -0.6756
vn -0.9195 -0.0271 -0.3922
vn -0.8882 -0.0426 -0.4575
vn -0.4072 0.0438 -0.9123
vn -0.7462 0.0853 -0.6602
vn -0.3620 0.0130 -0.9321
vn -0.7126 0.0835 -0.6966
vn -0.8134 0.0647 -0.5781
vn -0.9975 0.0558 -0.0438
vn -0.0115 0.0761 -0.9970
vn -0.5387 0.2529 -0.8037
vn -0.7442 0.0846 -0.6625
vn -0.9935 0.0787 -0.0823
vn -0.5944 0.4521 -0.6651
vn -0.7513 -0.0111 -0.6599
vn -0.7967 0.0726 -0.5999
vn -0.6941 0.1059 -0.7120
vn -0.7035 0.1211 0.7003
vn -0.6953 0.1636 0.6999
vn -0.8851 -0.0317 0.4643
vn -0.4399 -0.0564 0.8963
vn -0.7685 -0.0655 0.6365
vn -0.7853 -0.1071 0.6098
vn -0.9949 0.0214 0.0982
vn -0.9719 0.0167 0.2348
vn -0.6755 -0.1164 0.7281
vn -0.3684 -0.1335 0.9200
vn -0.4062 -0.1426 0.9026
vn -0.9266 -0.0648 0.3704
vn -0.6923 -0.0305 0.7210
vn -0.9402 -0.0943 0.3272
vn -0.7257 -0.0315 0.6873
vn -0.6019 -0.0516 0.7969
vn -0.0398 -0.0310 0.9987
vn -0.9999 -0.0076 -0.0149
vn -0.8265 0.1339 0.5468
vn -0.6841 -0.0349 0.7285
vn -0.0831 -0.0122 0.9965
vn -0.6889 0.3949 0.6079
vn -0.6604 -0.1275 0.7400
vn -0.6362 -0.0425 0.7703
vn -0.7452 -0.0111 0.6667
vn 0.6636 0.2603 -0.7013
vn 0.6869 0.2629 -0.6776
vn 0.8249 0.0545 -0.5626
vn 0.4092 0.0951 -0.9075
vn 0.7205 0.0430 -0.6922
vn 0.7773 -0.0129 -0.6290
vn 0.9733 0.0348 -0.2268
vn 0.9293 0.0663 -0.3633
vn 0.6686 0.0116 -0.7436
vn 0.3648 0.0175 -0.9309
vn 0.4455 -0.0094 -0.8952
vn 0.8748 0.0105 -0.4844
vn 0.6384 0.0943 -0.7639
vn 0.8983 -0.0301 -0.4383
vn 0.6783 0.0872 -0.7296
vn 0.5879 0.0844 -0.8045
vn 0.0128 0.1343 -0.9909
vn 0.9963 -0.0014 -0.0862
vn 0.7798 0.2159 -0.5876
vn 0.6739 0.0887 -0.7335
vn 0.0533 0.1528 -0.9868
vn 0.6830 0.4526 -0.5733
vn 0.6645 -0.0050 -0.7472
vn 0.6354 0.0865 -0.7674
vn 0.7425 0.1002 -0.6623
vn 0.4156 -0.9033 -0.1064
vn 0.5232 -0.8397 -0.1455
vn 0.1868 -0.7453 -0.6400
vn -0.0071 -0.8192 -0.5734
vn 0.5142 -0.7043 0.4895
vn 0.6592 -0.6744 0.3326
vn -0.4358 -0.0000 0.9000
vn -0.4260 -0.0484 0.9034
vn -0.9156 -0.1087 0.3870
vn -0.9286 -0.0108 0.3709
vn -0.9298 -0.1080 -0.3518
vn -0.9346 -0.0158 -0.3553
vn -0.3644 -0.2437 0.8988
vn -0.8292 -0.4337 0.3527
vn -0.8710 -0.3425 -0.3522
vn -0.0983 -0.5334 0.8401
vn -0.4789 -0.8403 0.2541
vn -0.6660 -0.6311 -0.3977
vn 0.2400 -0.6976 0.6751
vn 0.0399 -0.9977 0.0551
vn -0.3372 -0.8050 -0.4882
vn -0.4165 0.9029 0.1065
vn 0.0124 0.8153 0.5790
vn -0.1810 0.7422 0.6452
vn -0.5228 0.8399 0.1454
vn -0.5150 0.6987 -0.4965
vn -0.6597 0.6714 -0.3377
vn 0.4283 -0.0001 -0.9036
vn 0.9285 0.0108 -0.3711
vn 0.9155 0.1088 -0.3873
vn 0.4184 0.0477 -0.9070
vn 0.9317 0.0158 0.3629
vn 0.9270 0.1076 0.3593
vn 0.8287 0.4341 -0.3533
vn 0.3572 0.2404 -0.9025
vn 0.8686 0.3409 0.3596
vn 0.4779 0.8410 -0.2537
vn 0.0929 0.5270 -0.8448
vn 0.6655 0.6273 0.4045
vn -0.0415 0.9976 -0.0553
vn -0.2430 0.6897 -0.6821
vn 0.3401 0.7999 0.4944
vn 0.1251 -0.9788 0.1620
vn 0.2587 -0.9242 0.2811
vn 0.6115 -0.6932 -0.3815
vn 0.4370 -0.7490 -0.4981
vn -0.4093 -0.6366 0.6536
vn -0.2542 -0.5965 0.7613
vn -0.9957 0.0077 0.0923
vn -0.9936 -0.0458 0.1029
vn -0.7961 -0.1396 -0.5888
vn -0.8128 -0.0570 -0.5798
vn -0.1792 -0.1548 -0.9715
vn -0.1788 -0.0947 -0.9793
vn -0.9648 -0.2189 0.1454
vn -0.7522 -0.3837 -0.5358
vn -0.1468 -0.3328 -0.9315
vn -0.8583 -0.4298 0.2803
vn -0.5907 -0.7078 -0.3875
vn -0.0128 -0.5515 -0.8341
vn -0.6639 -0.5857 0.4649
vn -0.2849 -0.9488 -0.1362
vn 0.1868 -0.7071 -0.6820
vn -0.1267 0.9785 -0.1627
vn -0.4402 0.7428 0.5045
vn -0.6132 0.6879 0.3882
vn -0.2583 0.9242 -0.2813
vn 0.4138 0.6297 -0.6575
vn 0.2595 0.5899 -0.7647
vn 0.9944 0.0363 -0.0995
vn 0.8097 0.1180 0.5749
vn 0.7928 0.1700 0.5853
vn 0.9914 0.0668 -0.1125
vn 0.1721 0.1395 0.9751
vn 0.1700 0.1765 0.9695
vn 0.7519 0.3841 0.5358
vn 0.9642 0.2162 -0.1535
vn 0.1384 0.3310 0.9334
vn 0.5904 0.7082 0.3871
vn 0.8584 0.4247 -0.2876
vn 0.0059 0.5475 0.8368
vn 0.2834 0.9493 0.1359
vn 0.6658 0.5789 -0.4706
vn -0.1927 0.7010 0.6866
vn -0.0219 -0.9988 -0.0427
vn -0.1897 -0.9697 -0.1542
vn -0.5492 -0.6709 0.4982
vn -0.3915 -0.6747 0.6257
vn 0.4824 -0.6151 -0.6237
vn 0.3164 -0.6144 -0.7228
vn 0.9873 -0.0711 -0.1421
vn 0.9878 -0.0805 -0.1333
vn 0.8359 -0.0500 0.5466
vn 0.8185 -0.0308 0.5737
vn 0.2598 -0.0004 0.9657
vn 0.2621 0.0218 0.9648
vn 0.9618 -0.2535 -0.1033
vn 0.8154 -0.2373 0.5279
vn 0.2823 -0.1873 0.9409
vn 0.8517 -0.4593 -0.2521
vn 0.6761 -0.6006 0.4268
vn 0.1257 -0.4703 0.8735
vn 0.6869 -0.5782 -0.4402
vn 0.3939 -0.8851 0.2481
vn -0.1257 -0.6279 0.7681
vn 0.0231 0.9988 0.0437
vn 0.3955 0.6668 -0.6316
vn 0.5515 0.6638 -0.5052
vn 0.1894 0.9698 0.1539
vn -0.4861 0.6065 0.6292
vn -0.3217 0.6066 0.7270
vn -0.9834 0.0992 0.1520
vn -0.8161 0.0677 -0.5739
vn -0.8342 0.0694 -0.5470
vn -0.9845 0.0924 0.1489
vn -0.2533 0.0041 -0.9674
vn -0.2442 0.0126 -0.9696
vn -0.8154 0.2375 -0.5280
vn -0.9613 0.2523 0.1104
vn -0.2739 0.1856 -0.9437
vn -0.6760 0.6013 -0.4261
vn -0.8515 0.4557 0.2592
vn -0.1201 0.4676 -0.8757
vn -0.3937 0.8854 -0.2469
vn -0.6877 0.5717 0.4475
vn 0.1310 0.6228 -0.7714
vn 0.2678 -0.9594 0.0881
vn 0.4200 -0.9071 0.0260
vn 0.1239 -0.7108 -0.6924
vn -0.1306 -0.7074 -0.6946
vn 0.2366 -0.4250 0.8737
vn 0.4114 -0.3998 0.8191
vn -0.2822 -0.0483 0.9581
vn -0.2881 -0.0526 0.9561
vn -0.9274 -0.0896 0.3632
vn -0.9293 -0.0793 0.3606
vn -0.8535 -0.0617 -0.5174
vn -0.8543 -0.0488 -0.5175
vn -0.3046 -0.1655 0.9380
vn -0.8869 -0.2685 0.3760
vn -0.8490 -0.2146 -0.4828
vn -0.1764 -0.3114 0.9338
vn -0.6969 -0.6388 0.3259
vn -0.6918 -0.4744 -0.5444
vn 0.0126 -0.4027 0.9152
vn -0.3091 -0.9223 0.2319
vn -0.4405 -0.6460 -0.6234
vn -0.2702 0.9588 -0.0876
vn 0.1342 0.6984 0.7030
vn -0.1187 0.7051 0.6990
vn -0.4195 0.9074 -0.0263
vn -0.2368 0.4141 -0.8789
vn -0.4087 0.3899 -0.8252
vn 0.2691 0.0652 -0.9609
vn 0.9270 0.1082 -0.3592
vn 0.9261 0.1045 -0.3625
vn 0.2718 0.0595 -0.9605
vn 0.8470 0.0647 0.5277
vn 0.8444 0.0694 0.5312
vn 0.8866 0.2691 -0.3762
vn 0.2935 0.1624 -0.9421
vn 0.8434 0.2119 0.4937
vn 0.6962 0.6395 -0.3260
vn 0.1679 0.3048 -0.9375
vn 0.6883 0.4690 0.5534
vn 0.3073 0.9231 -0.2310
vn -0.0177 0.3931 -0.9193
vn 0.4391 0.6376 0.6330
vn 0.2080 -0.8276 -0.5213
vn 0.1490 -0.9236 -0.3531
vn 0.8001 -0.5990 0.0305
vn 0.8145 -0.5704 -0.1062
vn -0.5456 -0.5855 -0.5996
vn -0.6123 -0.6118 -0.5008
vn -0.3168 -0.0619 -0.9465
vn -0.3096 -0.0873 -0.9469
vn 0.3390 -0.1071 -0.9347
vn 0.3407 -0.0793 -0.9368
vn 0.8504 -0.0886 -0.5187
vn 0.8511 -0.0625 -0.5212
vn -0.2313 -0.2332 -0.9445
vn 0.3327 -0.2294 -0.9147
vn 0.7945 -0.1964 -0.5746
vn -0.3028 -0.3808 -0.8737
vn 0.3153 -0.4242 -0.8489
vn 0.8013 -0.3503 -0.4851
vn -0.4086 -0.4980 -0.7649
vn 0.2817 -0.6113 -0.7396
vn 0.8143 -0.4716 -0.3383
vn -0.2081 0.8280 0.5207
vn -0.8198 0.5639 0.1000
vn -0.8056 0.5914 -0.0358
vn -0.1492 0.9236 0.3532
vn 0.5532 0.5796 0.5984
vn 0.6197 0.6047 0.5004
vn 0.3248 0.0627 0.9437
vn -0.3411 0.0803 0.9366
vn -0.3391 0.1079 0.9345
vn 0.3226 0.0865 0.9426
vn -0.8551 0.0621 0.5148
vn -0.8573 0.0883 0.5073
vn -0.3323 0.2296 0.9148
vn 0.2385 0.2324 0.9429
vn -0.7987 0.1951 0.5692
vn -0.3154 0.4243 0.8488
vn 0.3094 0.3793 0.8720
vn -0.8053 0.3483 0.4797
vn -0.2818 0.6116 0.7392
vn 0.4163 0.4947 0.7629
vn -0.8191 0.4680 0.3317
vn -0.4373 -0.8560 -0.2758
vn -0.5894 -0.7609 -0.2713
vn -0.8000 -0.5690 0.1904
vn -0.6779 -0.6295 0.3798
vn 0.3045 -0.6657 -0.6812
vn -0.0141 -0.6486 -0.7610
vn 0.9640 -0.0226 -0.2648
vn 0.9576 -0.0852 -0.2752
vn 0.8918 -0.0516 0.4495
vn 0.8751 0.0325 0.4828
vn 0.3513 0.0062 0.9362
vn 0.3479 0.0675 0.9351
vn 0.9279 -0.2232 -0.2987
vn 0.8658 -0.2878 0.4094
vn 0.3060 -0.2076 0.9291
vn 0.8278 -0.4385 -0.3500
vn 0.6417 -0.6906 0.3335
vn 0.0362 -0.5402 0.8408
vn 0.6176 -0.5979 -0.5110
vn 0.0794 -0.9961 0.0384
vn -0.3694 -0.6921 0.6201
vn 0.4398 0.8549 0.2753
vn 0.6799 0.6225 -0.3877
vn 0.8008 0.5659 -0.1963
vn 0.5892 0.7613 0.2707
vn -0.3105 0.6602 0.6839
vn 0.0066 0.6449 0.7642
vn -0.9616 0.0335 0.2724
vn -0.8754 -0.0182 -0.4831
vn -0.8913 0.0591 -0.4496
vn -0.9548 0.0898 0.2833
vn -0.3410 -0.0572 -0.9383
vn -0.3434 -0.0015 -0.9392
vn -0.8655 0.2888 -0.4093
vn -0.9254 0.2227 0.3066
vn -0.2992 0.2056 -0.9318
vn -0.6401 0.6920 -0.3338
vn -0.8268 0.4358 0.3558
vn -0.0292 0.5353 -0.8442
vn -0.0771 0.9963 -0.0389
vn -0.6198 0.5924 0.5147
vn 0.3744 0.6849 -0.6251
vn 0.9521 -0.0007 0.3056
vn 0.5855 0.0117 -0.8106
vn 0.6929 0.0119 -0.7210
vn 0.8998 -0.0007 0.4363
vn -0.5864 0.0135 -0.8099
vn -0.4755 0.0154 -0.8796
vn -0.9522 0.0022 0.3055
vn -0.9831 0.0048 0.1830
vn -0.0006 -0.0066 1.0000
vn -0.1323 -0.0051 0.9912
vn 0.9411 0.0282 0.3369
vn 0.6019 -0.0679 -0.7957
vn 0.5874 -0.0684 -0.8064
vn 0.9509 0.0261 0.3082
vn -0.6019 -0.0679 -0.7957
vn -0.5874 -0.0684 -0.8064
vn -0.9411 0.0282 0.3370
vn -0.9509 0.0261 0.3083
vn 0.0001 0.0842 0.9964
vn 0.0001 0.0845 0.9964
vn -0.7647 0.6046 0.2229
vn 0.0001 0.6274 0.7787
vn 0.7647 0.6046 0.2229
vn 0.4711 0.5698 -0.6734
vn -0.4711 0.5698 -0.6734
vn 0.9411 0.0268 0.3370
vn 0.6019 -0.0693 -0.7956
vn 0.5873 -0.0694 -0.8064
vn 0.9510 0.0251 0.3083
vn -0.6019 -0.0693 -0.7956
vn -0.5874 -0.0694 -0.8063
vn -0.9411 0.0268 0.3371
vn -0.9509 0.0252 0.3084
vn 0.0001 0.0827 0.9966
vn 0.0000 0.0835 0.9965
vn -0.7648 0.6044 0.2230
vn 0.0001 0.6272 0.7788
vn 0.7648 0.6044 0.2230
vn 0.4712 0.5695 -0.6735
vn -0.4711 0.5695 -0.6736
vn 0.9489 0.0129 0.3152
vn 0.5910 -0.0080 -0.8066
vn 0.4708 0.5927 -0.6535
vn 0.7622 0.6004 0.2421
vn -0.5910 -0.0080 -0.8066
vn -0.4708 0.5927 -0.6535
vn -0.9489 0.0129 0.3152
vn -0.7621 0.6004 0.2421
vn 0.0001 0.0257 0.9997
vn 0.0000 0.6053 0.7960
vn 0.5695 0.8220 -0.0083
vn 0.3454 0.7345 -0.5841
vn 0.6091 0.6215 -0.4927
vn 0.6807 0.7325 0.0075
vn 0.2654 0.7219 0.6390
vn 0.5259 0.6195 0.5827
vn -0.5760 0.0222 0.8171
vn -0.9980 0.0558 0.0300
vn -0.9877 0.1491 0.0467
vn -0.6300 0.0896 0.7714
vn -0.6003 0.0549 -0.7979
vn -0.6562 0.1122 -0.7462
vn -0.9432 0.3304 0.0339
vn -0.6883 0.2732 0.6721
vn -0.7420 0.2345 -0.6280
vn -0.6785 0.7344 0.0192
vn -0.5003 0.5360 0.6800
vn -0.5828 0.5081 -0.6342
vn -0.0016 1.0000 0.0067
vn -0.1319 0.7162 0.6853
vn -0.1332 0.7609 -0.6350
vn -0.5690 -0.8223 0.0086
vn -0.6815 -0.7318 -0.0077
vn -0.6113 -0.6231 0.4878
vn -0.3485 -0.7381 0.5778
vn -0.2697 -0.7262 -0.6323
vn -0.5294 -0.6218 -0.5772
vn 0.5826 -0.0226 -0.8125
vn 0.6363 -0.0901 -0.7662
vn 0.9879 -0.1476 -0.0470
vn 0.9980 -0.0559 -0.0301
vn 0.6620 -0.1129 0.7410
vn 0.6065 -0.0557 0.7931
vn 0.6931 -0.2749 -0.6664
vn 0.9435 -0.3294 -0.0346
vn 0.7463 -0.2361 0.6224
vn 0.5034 -0.5406 -0.6740
vn 0.6787 -0.7342 -0.0188
vn 0.5853 -0.5127 0.6281
vn 0.1317 -0.7206 -0.6807
vn 0.0025 -1.0000 -0.0070
vn 0.1324 -0.7658 0.6293
vn 0.2475 0.2112 0.9456
vn 0.1146 0.2792 0.9534
vn 0.1683 0.0038 0.9857
vn 0.5995 0.0062 0.8003
vn 0.0371 -0.0454 0.9983
vn 0.0670 -0.0357 0.9971
vn -0.4440 -0.0209 0.8958
vn -0.4337 0.0006 0.9011
vn 0.0506 -0.0695 0.9963
vn 0.4526 0.0016 0.8917
vn 0.6485 0.0630 0.7586
vn -0.4731 0.0739 0.8779
vn 0.0986 0.0151 0.9950
vn -0.2850 0.0175 0.9584
vn 0.0180 0.0549 0.9983
vn 0.1132 0.0126 0.9935
vn 0.3093 -0.0649 0.9487
vn -0.3076 0.0017 0.9515
vn -0.0289 0.2054 0.9782
vn 0.1491 0.0302 0.9884
vn 0.5510 -0.0049 0.8345
vn 0.0096 0.4505 0.8927
vn 0.1458 -0.0775 0.9863
vn 0.2170 0.0268 0.9758
vn 0.0642 0.0537 0.9965
vn -0.2391 0.2109 -0.9478
vn -0.0992 0.2708 -0.9575
vn -0.0731 0.0043 -0.9973
vn -0.5849 0.0068 -0.8111
vn -0.1220 0.0094 -0.9925
vn -0.0558 -0.0109 -0.9984
vn 0.3731 0.0644 -0.9255
vn 0.0904 0.0510 -0.9946
vn 0.1184 -0.0846 -0.9894
vn -0.2369 0.0111 -0.9715
vn -0.6893 0.1477 -0.7092
vn 0.0223 -0.1183 -0.9927
vn -0.3012 0.0157 -0.9534
vn 0.3918 -0.0238 -0.9198
vn -0.1833 0.0168 -0.9829
vn 0.0202 0.0082 -0.9998
vn 0.1846 -0.1648 -0.9689
vn 0.4686 0.0010 -0.8834
vn 0.1300 0.2090 -0.9692
vn -0.1399 0.0306 -0.9897
vn -0.5063 -0.0134 -0.8623
vn -0.0120 0.4461 -0.8949
vn -0.1431 -0.0774 -0.9867
vn -0.2169 0.0270 -0.9758
vn -0.0668 0.0543 -0.9963
vn -0.9438 0.2082 0.2566
vn -0.9587 0.2671 0.0979
vn -0.9957 0.0033 0.0926
vn -0.7718 0.0049 0.6358
vn -0.9981 -0.0476 0.0396
vn -0.9994 -0.0044 0.0356
vn -0.8932 -0.0204 -0.4492
vn -0.9084 0.0440 -0.4158
vn -0.9844 -0.0830 -0.1551
vn -0.9803 0.0125 0.1969
vn -0.7062 0.1593 0.6899
vn -0.9825 0.0270 -0.1842
vn -0.9904 0.0560 0.1265
vn -0.9954 -0.0736 -0.0618
vn -0.9881 0.0434 0.1479
vn -0.9979 0.0063 -0.0647
vn -0.9187 -0.2151 -0.3311
vn -0.8972 -0.0106 -0.4415
vn -0.9811 0.1931 0.0094
vn -0.9888 0.0265 0.1468
vn -0.8292 -0.0196 0.5586
vn -0.8893 0.4572 0.0069
vn -0.9876 -0.0783 0.1363
vn -0.9843 0.0263 0.1745
vn -0.9983 0.0528 0.0247
vn 0.9582 0.2142 -0.1895
vn 0.9466 0.2933 -0.1342
vn 0.9771 0.0052 -0.2129
vn 0.8609 0.0091 -0.5087
vn 0.9933 -0.0504 -0.1038
vn 0.9947 -0.0195 -0.1007
vn 0.9410 -0.0299 0.3371
vn 0.9469 0.0001 0.3215
vn 0.9920 -0.0805 0.0968
vn 0.9573 0.0108 -0.2890
vn 0.6912 0.1400 -0.7090
vn 0.9177 0.1145 0.3804
vn 0.9895 0.0155 -0.1437
vn 0.9954 0.0289 0.0909
vn 0.9957 0.0673 -0.0633
vn 0.9998 0.0131 0.0143
vn 0.9950 -0.0851 -0.0525
vn 0.9931 0.0026 0.1169
vn 0.9742 0.2119 -0.0782
vn 0.9976 0.0300 -0.0619
vn 0.9026 -0.0060 -0.4305
vn 0.8923 0.4514 -0.0042
vn 0.9872 -0.0788 -0.1384
vn 0.9843 0.0265 -0.1744
vn 0.9983 0.0533 -0.0215
vn 0.3397 -0.9277 0.1550
vn 0.4397 -0.8762 0.1974
vn 0.5311 -0.7881 -0.3111
vn 0.3591 -0.8451 -0.3961
vn 0.0608 -0.7804 0.6223
vn 0.2403 -0.7419 0.6259
vn -0.9153 0.0001 0.4028
vn -0.9075 -0.0873 0.4108
vn -0.9398 -0.1446 -0.3097
vn -0.9478 -0.0127 -0.3187
vn -0.4798 -0.1119 -0.8702
vn -0.4810 -0.0187 -0.8765
vn -0.8362 -0.3413 0.4293
vn -0.8095 -0.5210 -0.2706
vn -0.4338 -0.3564 -0.8275
vn -0.5798 -0.6326 0.5134
vn -0.4506 -0.8851 -0.1163
vn -0.2484 -0.6623 -0.7068
vn -0.2354 -0.7790 0.5812
vn -0.0013 -0.9990 0.0452
vn 0.0631 -0.8376 -0.5426
vn -0.3405 0.9273 -0.1553
vn -0.3594 0.8412 0.4041
vn -0.5311 0.7855 0.3177
vn -0.4394 0.8764 -0.1972
vn -0.0564 0.7756 -0.6287
vn -0.2374 0.7391 -0.6304
vn 0.9119 -0.0002 -0.4104
vn 0.9478 0.0128 0.3186
vn 0.9398 0.1448 0.3096
vn 0.9042 0.0865 -0.4184
vn 0.4738 0.0188 0.8804
vn 0.4727 0.1112 0.8742
vn 0.8092 0.5216 0.2703
vn 0.8337 0.3383 -0.4365
vn 0.4273 0.3541 0.8319
vn 0.4494 0.8857 0.1162
vn 0.5795 0.6272 -0.5204
vn 0.2440 0.6582 0.7122
vn 0.0002 0.9990 -0.0455
vn 0.2376 0.7732 -0.5879
vn -0.0650 0.8328 0.5497
vn -0.0009 -0.9862 0.1653
vn 0.0400 -0.9516 0.3049
vn 0.6645 -0.7376 0.1199
vn 0.6127 -0.7876 -0.0659
vn -0.6704 -0.7219 0.1717
vn -0.6387 -0.6922 0.3359
vn -0.8179 -0.0001 -0.5753
vn -0.8223 -0.0673 -0.5651
vn -0.2214 -0.1064 -0.9694
vn -0.2156 -0.0096 -0.9764
vn 0.4977 -0.0854 -0.8632
vn 0.5014 -0.0140 -0.8651
vn -0.8182 -0.2674 -0.5089
vn -0.2137 -0.4039 -0.8895
vn 0.4983 -0.2975 -0.8144
vn -0.7978 -0.4978 -0.3401
vn -0.1682 -0.7603 -0.6274
vn 0.5290 -0.5587 -0.6388
vn -0.7431 -0.6618 -0.0995
vn -0.0932 -0.9661 -0.2407
vn 0.5639 -0.7383 -0.3700
vn 0.0005 0.9860 -0.1666
vn -0.6193 0.7822 0.0683
vn -0.6707 0.7325 -0.1168
vn -0.0401 0.9516 -0.3046
vn 0.6769 0.7157 -0.1716
vn 0.6453 0.6864 -0.3353
vn 0.8210 0.0529 0.5684
vn 0.2158 0.0829 0.9729
vn 0.2201 0.1434 0.9649
vn 0.8261 0.0919 0.5560
vn -0.5053 0.0681 0.8603
vn -0.5040 0.1121 0.8564
vn 0.2136 0.4043 0.8893
vn 0.8229 0.2650 0.5026
vn -0.5055 0.2954 0.8107
vn 0.1678 0.7610 0.6267
vn 0.8028 0.4931 0.3352
vn -0.5363 0.5543 0.6365
vn 0.0927 0.9665 0.2395
vn 0.7489 0.6556 0.0969
vn -0.5710 0.7328 0.3701
vn 0.0123 -0.9990 -0.0428
vn -0.0334 -0.9781 -0.2052
vn -0.6813 -0.7317 0.0212
vn -0.6464 -0.7343 0.2072
vn 0.7196 -0.6787 -0.1466
vn 0.6603 -0.6790 -0.3210
vn 0.8434 -0.0702 0.5326
vn 0.8375 -0.0825 0.5402
vn 0.2812 -0.1126 0.9530
vn 0.2775 -0.0940 0.9561
vn -0.4282 -0.0946 0.8987
vn -0.4280 -0.0709 0.9010
vn 0.7913 -0.2769 0.5451
vn 0.2747 -0.3208 0.9065
vn -0.3776 -0.2737 0.8846
vn 0.7822 -0.5088 0.3596
vn 0.2096 -0.6829 0.6998
vn -0.4487 -0.5393 0.7126
vn 0.7608 -0.6390 0.1138
vn 0.1215 -0.9173 0.3792
vn -0.5491 -0.6872 0.4757
vn -0.0121 0.9989 0.0442
vn 0.6540 0.7269 -0.2094
vn 0.6881 0.7252 -0.0248
vn 0.0333 0.9782 0.2049
vn -0.7269 0.6705 0.1485
vn -0.6677 0.6715 0.3214
vn -0.8467 0.1025 -0.5221
vn -0.2753 0.1373 -0.9515
vn -0.2803 0.1347 -0.9504
vn -0.8451 0.0962 -0.5259
vn 0.4352 0.1014 -0.8946
vn 0.4415 0.1096 -0.8906
vn -0.2747 0.3209 -0.9064
vn -0.7957 0.2753 -0.5395
vn 0.3850 0.2719 -0.8820
vn -0.2102 0.6833 -0.6992
vn -0.7869 0.5050 -0.3545
vn 0.4543 0.5362 -0.7114
vn -0.1221 0.9177 -0.3782
vn -0.7668 0.6325 -0.1093
vn 0.5555 0.6823 -0.4753
vn 0.1168 -0.9669 0.2269
vn 0.2476 -0.9276 0.2798
vn 0.4945 -0.7682 -0.4066
vn 0.3200 -0.7645 -0.5597
vn -0.3760 -0.4864 0.7887
vn -0.2113 -0.4599 0.8625
vn -0.8358 -0.0573 0.5460
vn -0.8394 -0.0627 0.5399
vn -0.9402 -0.1062 -0.3237
vn -0.9401 -0.0940 -0.3278
vn -0.3139 -0.0729 -0.9466
vn -0.3145 -0.0579 -0.9475
vn -0.8376 -0.1885 0.5127
vn -0.9052 -0.3213 -0.2783
vn -0.3319 -0.2425 -0.9116
vn -0.7335 -0.3520 0.5814
vn -0.6842 -0.7087 -0.1720
vn -0.1754 -0.5268 -0.8317
vn -0.5745 -0.4576 0.6787
vn -0.3340 -0.9426 0.0041
vn 0.0563 -0.7038 -0.7082
vn -0.1186 0.9663 -0.2285
vn -0.3229 0.7564 0.5689
vn -0.4956 0.7631 0.4148
vn -0.2470 0.9277 -0.2798
vn 0.3799 0.4747 -0.7939
vn 0.2173 0.4492 -0.8666
vn 0.8272 0.0773 -0.5565
vn 0.9363 0.1282 0.3271
vn 0.9382 0.1234 0.3233
vn 0.8297 0.0711 -0.5537
vn 0.3022 0.0767 0.9501
vn 0.2980 0.0822 0.9510
vn 0.9050 0.3220 0.2779
vn 0.8320 0.1850 -0.5230
vn 0.3207 0.2394 0.9164
vn 0.6838 0.7094 0.1710
vn 0.7299 0.3447 -0.5902
vn 0.1673 0.5211 0.8369
vn 0.3323 0.9432 -0.0051
vn 0.5740 0.4472 -0.6860
vn -0.0631 0.6958 0.7154
vn 0.4354 -0.8672 -0.2415
vn 0.2893 -0.9435 -0.1617
vn 0.5498 -0.6653 0.5052
vn 0.6616 -0.6230 0.4173
vn -0.0233 -0.6115 -0.7909
vn -0.1471 -0.6534 -0.7426
vn 0.3725 -0.0735 -0.9251
vn 0.3811 -0.0798 -0.9211
vn 0.8630 -0.1046 -0.4943
vn 0.8658 -0.0940 -0.4915
vn 0.9837 -0.0906 0.1551
vn 0.9851 -0.0741 0.1551
vn 0.4333 -0.2000 -0.8788
vn 0.8474 -0.2111 -0.4872
vn 0.9786 -0.1881 0.0833
vn 0.3380 -0.3627 -0.8684
vn 0.7874 -0.4271 -0.4445
vn 0.9201 -0.3622 0.1492
vn 0.1833 -0.5060 -0.8428
vn 0.6654 -0.6473 -0.3719
vn 0.8203 -0.5083 0.2620
vn -0.1627 -0.9862 0.0290
vn -0.2926 -0.9516 0.0946
vn 0.0024 -0.7376 0.6752
vn 0.1758 -0.7876 0.5906
vn -0.2902 -0.7219 -0.6282
vn -0.4460 -0.6922 -0.5673
vn 0.4177 -0.0001 -0.9086
vn 0.4068 -0.0673 -0.9110
vn 0.9132 -0.1064 -0.3933
vn 0.9213 -0.0096 -0.3888
vn 0.9390 -0.0854 0.3332
vn 0.9416 -0.0140 0.3365
vn 0.3523 -0.2674 -0.8969
vn 0.8360 -0.4040 -0.3713
vn 0.8911 -0.2975 0.3426
vn 0.1901 -0.4978 -0.8462
vn 0.5865 -0.7604 -0.2790
vn 0.7240 -0.5587 0.4045
vn -0.0367 -0.6617 -0.7489
vn 0.2199 -0.9661 -0.1353
vn 0.4660 -0.7383 0.4876
vn 0.1639 0.9860 -0.0297
vn -0.1793 0.7822 -0.5967
vn -0.0065 0.7325 -0.6808
vn 0.2923 0.9516 -0.0947
vn 0.2913 0.7158 0.6346
vn 0.4466 0.6864 0.5739
vn -0.4103 0.0529 0.9104
vn -0.9178 0.0829 0.3884
vn -0.9091 0.1434 0.3912
vn -0.3972 0.0919 0.9131
vn -0.9375 0.0681 -0.3412
vn -0.9335 0.1121 -0.3406
vn -0.8359 0.4043 0.3712
vn -0.3452 0.2650 0.9004
vn -0.8888 0.2953 -0.3504
vn -0.5860 0.7610 0.2785
vn -0.1842 0.4930 0.8503
vn -0.7231 0.5543 -0.4122
vn -0.2188 0.9665 0.1345
vn 0.0402 0.6557 0.7540
vn -0.4673 0.7328 -0.4946
vn 0.0443 -0.9990 0.0043
vn 0.1958 -0.9781 -0.0700
vn -0.1442 -0.7318 -0.6661
vn -0.3208 -0.7343 -0.5982
vn 0.2745 -0.6787 0.6812
vn 0.4353 -0.6789 0.5913
vn -0.3711 -0.0702 0.9259
vn -0.3797 -0.0825 0.9214
vn -0.8864 -0.1126 0.4491
vn -0.8901 -0.0940 0.4460
vn -0.9614 -0.0945 -0.2583
vn -0.9636 -0.0709 -0.2579
vn -0.3929 -0.2769 0.8769
vn -0.8418 -0.3208 0.4342
vn -0.9383 -0.2737 -0.2111
vn -0.2120 -0.5088 0.8344
vn -0.6502 -0.6829 0.3329
vn -0.7821 -0.5393 -0.3122
vn 0.0258 -0.6390 0.7688
vn -0.3509 -0.9173 0.1882
vn -0.5672 -0.6873 -0.4538
vn -0.0457 0.9989 -0.0039
vn 0.3243 0.7269 0.6053
vn 0.1489 0.7252 0.6723
vn -0.1955 0.9782 0.0698
vn -0.2777 0.6704 -0.6881
vn -0.4370 0.6714 -0.5986
vn 0.3601 0.1025 -0.9273
vn 0.8859 0.1373 -0.4431
vn 0.8840 0.1347 -0.4477
vn 0.3642 0.0962 -0.9263
vn 0.9587 0.1014 0.2659
vn 0.9558 0.1096 0.2729
vn 0.8416 0.3209 -0.4343
vn 0.3865 0.2753 -0.8803
vn 0.9371 0.2719 0.2189
vn 0.6496 0.6833 -0.3334
vn 0.2062 0.5050 -0.8381
vn 0.7819 0.5363 0.3179
vn 0.3498 0.9177 -0.1886
vn -0.0314 0.6325 -0.7739
vn 0.5680 0.6823 0.4602
vn -0.2019 -0.9669 0.1560
vn -0.2302 -0.9276 0.2942
vn 0.4895 -0.7682 0.4127
vn 0.6083 -0.7645 0.2133
vn -0.8437 -0.4864 -0.2270
vn -0.8865 -0.4599 -0.0516
vn -0.6883 -0.0573 -0.7232
vn -0.6830 -0.0627 -0.7277
vn 0.1481 -0.1062 -0.9832
vn 0.1521 -0.0941 -0.9839
vn 0.8742 -0.0729 -0.4801
vn 0.8749 -0.0579 -0.4808
vn -0.6559 -0.1884 -0.7309
vn 0.1098 -0.3212 -0.9406
vn 0.8365 -0.2425 -0.4914
vn -0.7046 -0.3520 -0.6161
vn 0.0452 -0.7087 -0.7040
vn 0.7862 -0.5267 -0.3231
vn -0.7714 -0.4577 -0.4421
vn -0.0645 -0.9426 -0.3277
vn 0.7067 -0.7037 -0.0728
vn 0.2032 0.9663 -0.1580
vn -0.6180 0.7563 -0.2146
vn -0.4977 0.7631 -0.4123
vn 0.2305 0.9277 -0.2936
vn 0.8496 0.4746 0.2299
vn 0.8916 0.4493 0.0568
vn 0.6972 0.0773 0.7127
vn -0.1521 0.1282 0.9800
vn -0.1479 0.1234 0.9813
vn 0.6948 0.0711 0.7157
vn -0.8797 0.0767 0.4693
vn -0.8813 0.0822 0.4654
vn -0.1095 0.3220 0.9404
vn 0.6651 0.1850 0.7235
vn -0.8432 0.2394 0.4813
vn -0.0444 0.7094 0.7034
vn 0.7126 0.3447 0.6110
vn -0.7928 0.5211 0.3160
vn 0.0652 0.9432 0.3259
vn 0.7786 0.4472 0.4403
vn -0.7151 0.6958 0.0674
s 1
f 1/1/1 2/2/2 3/3/3
f 3/3/3 4/4/4 1/1/1
f 5/5/5 6/6/6 7/7/7
f 7/7/7 8/8/8 5/5/5
f 6/6/6 9/9/9 10/10/10
f 10/10/10 11/11/11 6/6/6
f 8/8/8 12/12/12 13/13/13
f 13/13/13 5/5/5 8/8/8
f 12/12/12 14/14/14 15/15/15
f 15/15/15 13/13/13 12/12/12
f 9/9/9 16/16/16 17/17/17
f 17/17/17 10/10/10 9/9/9
f 14/14/14 18/18/18 19/19/19
f 19/19/19 15/15/15 14/14/14
f 16/16/16 20/20/20 21/21/21
f 21/21/21 17/17/17 16/16/16
f 18/18/18 3/3/3 2/2/2
f 2/2/2 19/19/19 18/18/18
f 20/20/20 1/1/1 4/4/4
f 4/4/4 21/21/21 20/20/20
f 2/2/2 1/1/1 22/22/22
f 23/23/23 24/24/24 16/16/16
f 16/16/16 9/9/9 23/23/23
f 6/6/6 23/23/23 9/9/9
f 24/24/24 25/25/25 20/20/20
f 20/20/20 16/16/16 24/24/24
f 25/25/25 22/22/22 1/1/1
f 1/1/1 20/20/20 25/25/25
f 5/5/5 23/23/23 6/6/6
f 13/13/13 24/24/24 23/23/23
f 23/23/23 5/5/5 13/13/13
f 15/15/15 25/25/25 24/24/24
f 24/24/24 13/13/13 15/15/15
f 19/19/19 22/22/22 25/25/25
f 25/25/25 15/15/15 19/19/19
f 2/2/2 22/22/22 19/19/19
s 2
f 26/26/26 27/27/27 28/28/28
f 28/28/28 29/29/29 26/26/26
f 30/30/30 31/31/31 27/27/27
f 27/27/27 26/26/26 30/30/30
f 32/32/32 33/33/33 34/34/34
f 34/34/34 35/35/35 32/32/32
f 35/35/35 34/34/34 36/36/36
f 36/36/36 37/37/37 35/35/35
f 33/33/33 38/38/38 39/39/39
f 39/39/39 34/34/34 33/33/33
f 34/34/34 39/39/39 40/40/40
f 40/40/40 36/36/36 34/34/34
f 38/38/38 41/41/41 42/42/42
f 42/42/42 39/39/39 38/38/38
f 39/39/39 42/42/42 43/43/43
f 43/43/43 40/40/40 39/39/39
f 41/41/41 44/44/44 45/45/45
f 45/45/45 42/42/42 41/41/41
f 42/42/42 45/45/45 46/46/46
f 46/46/46 43/43/43 42/42/42
f 44/44/44 30/30/30 26/26/26
f 26/26/26 45/45/45 44/44/44
f 45/45/45 26/26/26 29/29/29
f 29/29/29 46/46/46 45/45/45
s 3
f 47/47/47 48/48/48 49/49/49
f 49/49/49 50/50/50 47/47/47
f 51/51/51 47/47/47 50/50/50
f 50/50/50 52/52/52 51/51/51
f 53/53/53 54/54/54 55/55/55
f 55/55/55 56/56/56 53/53/53
f 54/54/54 57/57/57 58/58/58
f 58/58/58 55/55/55 54/54/54
f 56/56/56 55/55/55 59/59/59
f 59/59/59 60/60/60 56/56/56
f 55/55/55 58/58/58 61/61/61
f 61/61/61 59/59/59 55/55/55
f 60/60/60 59/59/59 62/62/62
f 62/62/62 63/63/63 60/60/60
f 59/59/59 61/61/61 64/64/64
f 64/64/64 62/62/62 59/59/59
f 63/63/63 62/62/62 65/65/65
f 65/65/65 66/66/66 63/63/63
f 62/62/62 64/64/64 67/67/67
f 67/67/67 65/65/65 62/62/62
f 66/66/66 65/65/65 47/47/47
f 47/47/47 51/51/51 66/66/66
f 65/65/65 67/67/67 48/48/48
f 48/48/48 47/47/47 65/65/65
s 4
f 68/68/68 69/69/69 70/70/70
f 70/70/70 71/71/71 68/68/68
f 72/72/72 73/73/73 69/69/69
f 69/69/69 68/68/68 72/72/72
f 74/74/74 75/75/75 76/76/76
f 76/76/76 77/77/77 74/74/74
f 77/77/77 76/76/76 78/78/78
f 78/78/78 79/79/79 77/77/77
f 75/75/75 80/80/80 81/81/81
f 81/81/81 76/76/76 75/75/75
f 76/76/76 81/81/81 82/82/82
f 82/82/82 78/78/78 76/76/76
f 80/80/80 83/83/83 84/84/84
f 84/84/84 81/81/81 80/80/80
f 81/81/81 84/84/84 85/85/85
f 85/85/85 82/82/82 81/81/81
f 83/83/83 86/86/86 87/87/87
f 87/87/87 84/84/84 83/83/83
f 84/84/84 87/87/87 88/88/88
f 88/88/88 85/85/85 84/84/84
f 86/86/86 72/72/72 68/68/68
f 68/68/68 87/87/87 86/86/86
f 87/87/87 68/68/68 71/71/71
f 71/71/71 88/88/88 87/87/87
s 5
f 89/89/89 90/90/90 91/91/91
f 91/91/91 92/92/92 89/89/89
f 93/93/93 89/89/89 92/92/92
f 92/92/92 94/94/94 93/93/93
f 95/95/95 96/96/96 97/97/97
f 97/97/97 98/98/98 95/95/95
f 96/96/96 99/99/99 100/100/100
f 100/100/100 97/97/97 96/96/96
f 98/98/98 97/97/97 101/101/101
f 101/101/101 102/102/102 98/98/98
f 97/97/97 100/100/100 103/103/103
f 103/103/103 101/101/101 97/97/97
f 102/102/102 101/101/101 104/104/104
f 104/104/104 105/105/105 102/102/102
f 101/101/101 103/103/103 106/106/106
f 106/106/106 104/104/104 101/101/101
f 105/105/105 104/104/104 107/107/107
f 107/107/107 108/108/108 105/105/105
f 104/104/104 106/106/106 109/109/109
f 109/109/109 107/107/107 104/104/104
f 108/108/108 107/107/107 89/89/89
f 89/89/89 93/93/93 108/108/108
f 107/107/107 109/109/109 90/90/90
f 90/90/90 89/89/89 107/107/107
s 6
f 110/110/110 111/111/111 112/112/112
f 112/112/112 113/113/113 110/110/110
f 114/114/114 115/115/115 111/111/111
f 111/111/111 110/110/110 114/114/114
f 116/116/116 117/117/117 118/118/118
f 118/118/118 119/119/119 116/116/116
f 119/119/119 118/118/118 120/120/120
f 120/120/120 121/121/121 119/119/119
f 117/117/117 122/122/122 123/123/123
f 123/123/123 118/118/118 117/117/117
f 118/118/118 123/123/123 124/124/124
f 124/124/124 120/120/120 118/118/118
f 122/122/122 125/125/125 126/126/126
f 126/126/126 123/123/123 122/122/122
f 123/123/123 126/126/126 127/127/127
f 127/127/127 124/124/124 123/123/123
f 125/125/125 128/128/128 129/129/129
f 129/129/129 126/126/126 125/125/125
f 126/126/126 129/129/129 130/130/130
f 130/130/130 127/127/127 126/126/126
f 128/128/128 114/114/114 110/110/110
f 110/110/110 129/129/129 128/128/128
f 129/129/129 110/110/110 113/113/113
f 113/113/113 130/130/130 129/129/129
s 7
f 131/131/131 132/132/132 133/133/133
f 133/133/133 134/134/134 131/131/131
f 135/135/135 131/131/131 134/134/134
f 134/134/134 136/136/136 135/135/135
f 137/137/137 138/138/138 139/139/139
f 139/139/139 140/140/140 137/137/137
f 138/138/138 141/141/141 142/142/142
f 142/142/142 139/139/139 138/138/138
f 140/140/140 139/139/139 143/143/143
f 143/143/143 144/144/144 140/140/140
f 139/139/139 142/142/142 145/145/145
f 145/145/145 143/143/143 139/139/139
f 144/144/144 143/143/143 146/146/146
f 146/146/146 147/147/147 144/144/144
f 143/143/143 145/145/145 148/148/148
f 148/148/148 146/146/146 143/143/143
f 147/147/147 146/146/146 149/149/149
f 149/149/149 150/150/150 147/147/147
f 146/146/146 148/148/148 151/151/151
f 151/151/151 149/149/149 146/146/146
f 150/150/150 149/149/149 131/131/131
f 131/131/131 135/135/135 150/150/150
f 149/149/149 151/151/151 132/132/132
f 132/132/132 131/131/131 149/149/149
s 8
f 152/152/152 153/153/153 154/154/154
f 154/154/154 155/155/155 152/152/152
f 156/156/156 157/157/157 153/153/153
f 153/153/153 152/152/152 156/156/156
f 158/158/158 159/159/159 160/160/160
f 160/160/160 161/161/161 158/158/158
f 161/161/161 160/160/160 162/162/162
f 162/162/162 163/163/163 161/161/161
f 159/159/159 164/164/164 165/165/165
f 165/165/165 160/160/160 159/159/159
f 160/160/160 165/165/165 166/166/166
f 166/166/166 162/162/162 160/160/160
f 164/164/164 167/167/167 168/168/168
f 168/168/168 165/165/165 164/164/164
f 165/165/165 168/168/168 169/169/169
f 169/169/169 166/166/166 165/165/165
f 167/167/167 170/170/170 171/171/171
f 171/171/171 168/168/168 167/167/167
f 168/168/168 171/171/171 172/172/172
f 172/172/172 169/169/169 168/168/168
f 170/170/170 156/156/156 152/152/152
f 152/152/152 171/171/171 170/170/170
f 171/171/171 152/152/152 155/155/155
f 155/155/155 172/172/172 171/171/171
s 9
f 173/173/173 174/174/174 175/175/175
f 175/175/175 176/176/176 173/173/173
f 177/177/177 173/173/173 176/176/176
f 176/176/176 178/178/178 177/177/177
f 179/179/179 180/180/180 181/181/181
f 181/181/181 182/182/182 179/179/179
f 180/180/180 183/183/183 184/184/184
f 184/184/184 181/181/181 180/180/180
f 182/182/182 181/181/181 185/185/185
f 185/185/185 186/186/186 182/182/182
f 181/181/181 184/184/184 187/187/187
f 187/187/187 185/185/185 181/181/181
f 186/186/186 185/185/185 188/188/188
f 188/188/188 189/189/189 186/186/186
f 185/185/185 187/187/187 190/190/190
f 190/190/190 188/188/188 185/185/185
f 189/189/189 188/188/188 191/191/191
f 191/191/191 192/192/192 189/189/189
f 188/188/188 190/190/190 193/193/193
f 193/193/193 191/191/191 188/188/188
f 192/192/192 191/191/191 173/173/173
f 173/173/173 177/177/177 192/192/192
f 191/191/191 193/193/193 174/174/174
f 174/174/174 173/173/173 191/191/191
s 10
f 194/194/194 195/195/195 196/196/196
f 196/196/196 197/197/197 194/194/194
f 198/198/198 199/199/199 195/195/195
f 195/195/195 194/194/194 198/198/198
f 200/200/200 201/201/201 202/202/202
f 202/202/202 203/203/203 200/200/200
f 203/203/203 202/202/202 204/204/204
f 204/204/204 205/205/205 203/203/203
f 201/201/201 206/206/206 207/207/207
f 207/207/207 202/202/202 201/201/201
f 202/202/202 207/207/207 208/208/208
f 208/208/208 204/204/204 202/202/202
f 206/206/206 209/209/209 210/210/210
f 210/210/210 207/207/207 206/206/206
f 207/207/207 210/210/210 211/211/211
f 211/211/211 208/208/208 207/207/207
f 209/209/209 212/212/212 213/213/213
f 213/213/213 210/210/210 209/209/209
f 210/210/210 213/213/213 214/214/214
f 214/214/214 211/211/211 210/210/210
f 212/212/212 198/198/198 194/194/194
f 194/194/194 213/213/213 212/212/212
f 213/213/213 194/194/194 197/197/197
f 197/197/197 214/214/214 213/213/213
s 11
f 215/215/215 216/216/216 217/217/217
f 217/217/217 218/218/218 215/215/215
f 219/219/219 215/215/215 218/218/218
f 218/218/218 220/220/220 219/219/219
f 221/221/221 222/222/222 223/223/223
f 223/223/223 224/224/224 221/221/221
f 222/222/222 225/225/225 226/226/226
f 226/226/226 223/223/223 222/222/222
f 224/224/224 223/223/223 227/227/227
f 227/227/227 228/228/228 224/224/224
f 223/223/223 226/226/226 229/229/229
f 229/229/229 227/227/227 223/223/223
f 228/228/228 227/227/227 230/230/230
f 230/230/230 231/231/231 228/228/228
f 227/227/227 229/229/229 232/232/232
f 232/232/232 230/230/230 227/227/227
f 231/231/231 230/230/230 233/233/233
f 233/233/233 234/234/234 231/231/231
f 230/230/230 232/232/232 235/235/235
f 235/235/235 233/233/233 230/230/230
f 234/234/234 233/233/233 215/215/215
f 215/215/215 219/219/219 234/234/234
f 233/233/233 235/235/235 216/216/216
f 216/216/216 215/215/215 233/233/233
s 12
f 236/236/236 237/237/237 238/238/238
f 238/238/238 239/239/239 236/236/236
f 240/240/240 241/241/241 237/237/237
f 237/237/237 236/236/236 240/240/240
f 242/242/242 243/243/243 244/244/244
f 244/244/244 245/245/245 242/242/242
f 245/245/245 244/244/244 246/246/246
f 246/246/246 247/247/247 245/245/245
f 243/243/243 248/248/248 249/249/249
f 249/249/249 244/244/244 243/243/243
f 244/244/244 249/249/249 250/250/250
f 250/250/250 246/246/246 244/244/244
f 248/248/248 251/251/251 252/252/252
f 252/252/252 249/249/249 248/248/248
f 249/249/249 252/252/252 253/253/253
f 253/253/253 250/250/250 249/249/249
f 251/251/251 254/254/254 255/255/255
f 255/255/255 252/252/252 251/251/251
f 252/252/252 255/255/255 256/256/256
f 256/256/256 253/253/253 252/252/252
f 254/254/254 240/240/240 236/236/236
f 236/236/236 255/255/255 254/254/254
f 255/255/255 236/236/236 239/239/239
f 239/239/239 256/256/256 255/255/255
s 13
f 257/257/257 258/258/258 259/259/259
f 259/259/259 260/260/260 257/257/257
f 261/261/261 257/257/257 260/260/260
f 260/260/260 262/262/262 261/261/261
f 263/263/263 264/264/264 265/265/265
f 265/265/265 266/266/266 263/263/263
f 264/264/264 267/267/267 268/268/268
f 268/268/268 265/265/265 264/264/264
f 266/266/266 265/265/265 269/269/269
f 269/269/269 270/270/270 266/266/266
f 265/265/265 268/268/268 271/271/271
f 271/271/271 269/269/269 265/265/265
f 270/270/270 269/269/269 272/272/272
f 272/272/272 273/273/273 270/270/270
f 269/269/269 271/271/271 274/274/274
f 274/274/274 272/272/272 269/269/269
f 273/273/273 272/272/272 275/275/275
f 275/275/275 276/276/276 273/273/273
f 272/272/272 274/274/274 277/277/277
f 277/277/277 275/275/275 272/272/272
f 276/276/276 275/275/275 257/257/257
f 257/257/257 261/261/261 276/276/276
f 275/275/275 277/277/277 258/258/258
f 258/258/258 257/257/257 275/275/275
s 14
f 278/278/278 279/279/279 280/280/280
f 280/280/280 281/281/281 278/278/278
f 282/282/282 278/278/278 281/281/281
f 281/281/281 283/283/283 282/282/282
f 284/284/284 285/285/285 286/286/286
f 286/286/286 287/287/287 284/284/284
f 285/285/285 288/288/288 289/289/289
f 289/289/289 286/286/286 285/285/285
f 287/287/287 286/286/286 290/290/290
f 290/290/290 291/291/291 287/287/287
f 286/286/286 289/289/289 292/292/292
f 292/292/292 290/290/290 286/286/286
f 291/291/291 290/290/290 293/293/293
f 293/293/293 294/294/294 291/291/291
f 290/290/290 292/292/292 295/295/295
f 295/295/295 293/293/293 290/290/290
f 294/294/294 293/293/293 296/296/296
f 296/296/296 297/297/297 294/294/294
f 293/293/293 295/295/295 298/298/298
f 298/298/298 296/296/296 293/293/293
f 297/297/297 296/296/296 278/278/278
f 278/278/278 282/282/282 297/297/297
f 296/296/296 298/298/298 279/279/279
f 279/279/279 278/278/278 296/296/296
s 15
f 299/299/299 300/300/300 301/301/301
f 301/301/301 302/302/302 299/299/299
f 303/303/303 304/304/304 300/300/300
f 300/300/300 299/299/299 303/303/303
f 305/305/305 306/306/306 307/307/307
f 307/307/307 308/308/308 305/305/305
f 308/308/308 307/307/307 309/309/309
f 309/309/309 310/310/310 308/308/308
f 306/306/306 311/311/311 312/312/312
f 312/312/312 307/307/307 306/306/306
f 307/307/307 312/312/312 313/313/313
f 313/313/313 309/309/309 307/307/307
f 311/311/311 314/314/314 315/315/315
f 315/315/315 312/312/312 311/311/311
f 312/312/312 315/315/315 316/316/316
f 316/316/316 313/313/313 312/312/312
f 314/314/314 317/317/317 318/318/318
f 318/318/318 315/315/315 314/314/314
f 315/315/315 318/318/318 319/319/319
f 319/319/319 316/316/316 315/315/315
f 317/317/317 303/303/303 299/299/299
f 299/299/299 318/318/318 317/317/317
f 318/318/318 299/299/299 302/302/302
f 302/302/302 319/319/319 318/318/318
s 16
f 320/320/320 321/321/321 322/322/322
f 322/322/322 323/323/323 320/320/320
f 324/324/324 320/320/320 323/323/323
f 323/323/323 325/325/325 324/324/324
f 326/326/326 327/327/327 328/328/328
f 328/328/328 329/329/329 326/326/326
f 327/327/327 330/330/330 331/331/331
f 331/331/331 328/328/328 327/327/327
f 329/329/329 328/328/328 332/332/332
f 332/332/332 333/333/333 329/329/329
f 328/328/328 331/331/331 334/334/334
f 334/334/334 332/332/332 328/328/328
f 333/333/333 332/332/332 335/335/335
f 335/335/335 336/336/336 333/333/333
f 332/332/332 334/334/334 337/337/337
f 337/337/337 335/335/335 332/332/332
f 336/336/336 335/335/335 338/338/338
f 338/338/338 339/339/339 336/336/336
f 335/335/335 337/337/337 340/340/340
f 340/340/340 338/338/338 335/335/335
f 339/339/339 338/338/338 320/320/320
f 320/320/320 324/324/324 339/339/339
f 338/338/338 340/340/340 321/321/321
f 321/321/321 320/320/320 338/338/338
s 17
f 341/341/341 342/342/342 343/343/343
f 343/343/343 344/344/344 341/341/341
f 342/342/342 345/345/345 346/346/346
f 346/346/346 343/343/343 342/342/342
f 345/345/345 347/347/347 348/348/348
f 348/348/348 346/346/346 345/345/345
f 347/347/347 349/349/349 350/350/350
f 350/350/350 348/348/348 347/347/347
f 349/349/349 341/351/341 344/352/344
f 344/352/344 350/350/350 349/349/349
s 18
f 351/353/351 352/354/352 353/355/353
f 353/355/353 354/356/354 351/353/351
f 352/354/352 355/357/355 356/358/356
f 356/358/356 353/355/353 352/354/352
f 355/357/355 357/359/357 358/360/358
f 358/360/358 356/358/356 355/357/355
f 357/359/357 359/361/359 360/362/360
f 360/362/360 358/360/358 357/359/357
f 359/361/359 351/363/351 354/364/354
f 354/364/354 360/362/360 359/361/359
f 361/365/361 362/366/362 363/367/363
f 363/367/363 364/368/364 361/365/361
f 361/365/361 364/368/364 365/369/365
f 358/360/358 360/362/360 362/370/362
f 362/370/362 361/371/361 358/360/358
f 356/358/356 358/360/358 361/371/361
f 361/371/361 365/372/365 356/358/356
f 353/355/353 356/358/356 365/372/365
f 365/372/365 364/373/364 353/355/353
f 354/356/354 353/355/353 364/373/364
f 364/373/364 363/374/363 354/356/354
f 360/362/360 354/364/354 363/375/363
f 363/375/363 362/370/362 360/362/360
s 19
f 366/376/366 367/377/367 368/378/368
f 368/378/368 369/379/369 366/376/366
f 367/377/367 370/380/370 371/381/371
f 371/381/371 368/378/368 367/377/367
f 370/380/370 372/382/372 373/383/373
f 373/383/373 371/381/371 370/380/370
f 372/382/372 374/384/374 375/385/375
f 375/385/375 373/383/373 372/382/372
f 374/384/374 366/386/366 369/387/369
f 369/387/369 375/385/375 374/384/374
f 376/388/376 377/389/377 378/390/378
f 378/390/378 379/391/379 376/388/376
f 376/388/376 379/391/379 380/392/380
f 373/383/373 375/385/375 377/393/377
f 377/393/377 376/394/376 373/383/373
f 371/381/371 373/383/373 376/394/376
f 376/394/376 380/395/380 371/381/371
f 368/378/368 371/381/371 380/395/380
f 380/395/380 379/396/379 368/378/368
f 369/379/369 368/378/368 379/396/379
f 379/396/379 378/397/378 369/379/369
f 375/385/375 369/387/369 378/398/378
f 378/398/378 377/393/377 375/385/375
s 20
f 381/399/381 382/400/382 383/401/383
f 383/401/383 384/402/384 381/399/381
f 382/400/382 385/403/385 386/404/386
f 386/404/386 383/401/383 382/400/382
f 385/403/385 387/405/387 388/406/388
f 388/406/388 386/404/386 385/403/385
f 387/405/387 389/407/389 390/408/390
f 390/408/390 388/406/388 387/405/387
f 389/407/389 381/409/381 384/410/384
f 384/410/384 390/408/390 389/407/389
f 388/411/388 390/412/390 384/413/384
f 384/413/384 383/414/383 388/411/388
f 388/411/388 383/414/383 386/415/386
s 21
f 391/416/391 392/417/392 393/418/393
f 393/418/393 394/419/394 391/416/391
f 395/420/395 391/416/391 394/419/394
f 394/419/394 396/421/396 395/420/395
f 397/422/397 398/423/398 399/424/399
f 399/424/399 400/425/400 397/422/397
f 398/423/398 401/426/401 402/427/402
f 402/427/402 399/424/399 398/423/398
f 400/425/400 399/424/399 403/428/403
f 403/428/403 404/429/404 400/425/400
f 399/424/399 402/427/402 405/430/405
f 405/430/405 403/428/403 399/424/399
f 404/429/404 403/428/403 406/431/406
f 406/431/406 407/432/407 404/429/404
f 403/428/403 405/430/405 408/433/408
f 408/433/408 406/431/406 403/428/403
f 407/432/407 406/431/406 409/434/409
f 409/434/409 410/435/410 407/432/407
f 406/431/406 408/433/408 411/436/411
f 411/436/411 409/434/409 406/431/406
f 410/435/410 409/434/409 391/416/391
f 391/416/391 395/420/395 410/435/410
f 409/434/409 411/436/411 392/417/392
f 392/417/392 391/416/391 409/434/409
s 22
f 412/437/412 413/438/413 414/439/414
f 414/439/414 415/440/415 412/437/412
f 416/441/416 417/442/417 413/438/413
f 413/438/413 412/437/412 416/441/416
f 418/443/418 419/444/419 420/445/420
f 420/445/420 421/446/421 418/443/418
f 421/446/421 420/445/420 422/447/422
f 422/447/422 423/448/423 421/446/421
f 419/444/419 424/449/424 425/450/425
f 425/450/425 420/445/420 419/444/419
f 420/445/420 425/450/425 426/451/426
f 426/451/426 422/447/422 420/445/420
f 424/449/424 427/452/427 428/453/428
f 428/453/428 425/450/425 424/449/424
f 425/450/425 428/453/428 429/454/429
f 429/454/429 426/451/426 425/450/425
f 427/452/427 430/455/430 431/456/431
f 431/456/431 428/453/428 427/452/427
f 428/453/428 431/456/431 432/457/432
f 432/457/432 429/454/429 428/453/428
f 430/455/430 416/441/416 412/437/412
f 412/437/412 431/456/431 430/455/430
f 431/456/431 412/437/412 415/440/415
f 415/440/415 432/457/432 431/456/431
s 23
f 433/458/433 434/459/434 435/460/435
f 435/460/435 436/461/436 433/458/433
f 437/462/437 438/463/438 439/464/439
f 439/464/439 440/465/440 437/462/437
f 438/463/438 441/466/441 442/467/442
f 442/467/442 443/468/443 438/463/438
f 440/465/440 444/469/444 445/470/445
f 445/470/445 437/462/437 440/465/440
f 444/469/444 446/471/446 447/472/447
f 447/472/447 445/470/445 444/469/444
f 441/466/441 448/473/448 449/474/449
f 449/474/449 442/467/442 441/466/441
f 446/471/446 450/475/450 451/476/451
f 451/476/451 447/472/447 446/471/446
f 448/473/448 452/477/452 453/478/453
f 453/478/453 449/474/449 448/473/448
f 450/475/450 435/460/435 434/459/434
f 434/459/434 451/476/451 450/475/450
f 452/477/452 433/458/433 436/461/436
f 436/461/436 453/478/453 452/477/452
f 434/459/434 433/458/433 454/479/454
f 455/480/455 456/481/456 448/473/448
f 448/473/448 441/466/441 455/480/455
f 438/463/438 455/480/455 441/466/441
f 456/481/456 457/482/457 452/477/452
f 452/477/452 448/473/448 456/481/456
f 457/482/457 454/479/454 433/458/433
f 433/458/433 452/477/452 457/482/457
f 437/462/437 455/480/455 438/463/438
f 445/470/445 456/481/456 455/480/455
f 455/480/455 437/462/437 445/470/445
f 447/472/447 457/482/457 456/481/456
f 456/481/456 445/470/445 447/472/447
f 451/476/451 454/479/454 457/482/457
f 457/482/457 447/472/447 451/476/451
f 434/459/434 454/479/454 451/476/451
s 24
f 458/483/458 459/484/459 460/485/460
f 460/485/460 461/486/461 458/483/458
f 462/487/462 463/488/463 464/489/464
f 464/489/464 465/490/465 462/487/462
f 463/488/463 466/491/466 467/492/467
f 467/492/467 468/493/468 463/488/463
f 465/490/465 469/494/469 470/495/470
f 470/495/470 462/487/462 465/490/465
f 469/494/469 471/496/471 472/497/472
f 472/497/472 470/495/470 469/494/469
f 466/491/466 473/498/473 474/499/474
f 474/499/474 467/492/467 466/491/466
f 471/496/471 475/500/475 476/501/476
f 476/501/476 472/497/472 471/496/471
f 473/498/473 477/502/477 478/503/478
f 478/503/478 474/499/474 473/498/473
f 475/500/475 460/485/460 459/484/459
f 459/484/459 476/501/476 475/500/475
f 477/502/477 458/483/458 461/486/461
f 461/486/461 478/503/478 477/502/477
f 459/484/459 458/483/458 479/504/479
f 480/505/480 481/506/481 473/498/473
f 473/498/473 466/491/466 480/505/480
f 463/488/463 480/505/480 466/491/466
f 481/506/481 482/507/482 477/502/477
f 477/502/477 473/498/473 481/506/481
f 482/507/482 479/504/479 458/483/458
f 458/483/458 477/502/477 482/507/482
f 462/487/462 480/505/480 463/488/463
f 470/495/470 481/506/481 480/505/480
f 480/505/480 462/487/462 470/495/470
f 472/497/472 482/507/482 481/506/481
f 481/506/481 470/495/470 472/497/472
f 476/501/476 479/504/479 482/507/482
f 482/507/482 472/497/472 476/501/476
f 459/484/459 479/504/479 476/501/476
s 25
f 483/508/483 484/509/484 485/510/485
f 485/510/485 486/511/486 483/508/483
f 487/512/487 488/513/488 489/514/489
f 489/514/489 490/515/490 487/512/487
f 488/513/488 491/516/491 492/517/492
f 492/517/492 493/518/493 488/513/488
f 490/515/490 494/519/494 495/520/495
f 495/520/495 487/512/487 490/515/490
f 494/519/494 496/521/496 497/522/497
f 497/522/497 495/520/495 494/519/494
f 491/516/491 498/523/498 499/524/499
f 499/524/499 492/517/492 491/516/491
f 496/521/496 500/525/500 501/526/501
f 501/526/501 497/522/497 496/521/496
f 498/523/498 502/527/502 503/528/503
f 503/528/503 499/524/499 498/523/498
f 500/525/500 485/510/485 484/509/484
f 484/509/484 501/526/501 500/525/500
f 502/527/502 483/508/483 486/511/486
f 486/511/486 503/528/503 502/527/502
f 484/509/484 483/508/483 504/529/504
f 505/530/505 506/531/506 498/523/498
f 498/523/498 491/516/491 505/530/505
f 488/513/488 505/530/505 491/516/491
f 506/531/506 507/532/507 502/527/502
f 502/527/502 498/523/498 506/531/506
f 507/532/507 504/529/504 483/508/483
f 483/508/483 502/527/502 507/532/507
f 487/512/487 505/530/505 488/513/488
f 495/520/495 506/531/506 505/530/505
f 505/530/505 487/512/487 495/520/495
f 497/522/497 507/532/507 506/531/506
f 506/531/506 495/520/495 497/522/497
f 501/526/501 504/529/504 507/532/507
f 507/532/507 497/522/497 501/526/501
f 484/509/484 504/529/504 501/526/501
s 26
f 508/533/508 509/534/509 510/535/510
f 510/535/510 511/536/511 508/533/508
f 509/534/509 512/537/512 513/538/513
f 513/538/513 510/535/510 509/534/509
f 512/537/512 514/539/514 515/540/515
f 515/540/515 513/538/513 512/537/512
f 514/539/514 516/541/516 517/542/517
f 517/542/517 515/540/515 514/539/514
f 516/541/516 508/543/508 511/544/511
f 511/544/511 517/542/517 516/541/516
s 27
f 518/545/518 519/546/519 520/547/520
f 520/547/520 521/548/521 518/545/518
f 519/546/519 522/549/522 523/550/523
f 523/550/523 520/547/520 519/546/519
f 522/549/522 524/551/524 525/552/525
f 525/552/525 523/550/523 522/549/522
f 524/551/524 526/553/526 527/554/527
f 527/554/527 525/552/525 524/551/524
f 526/553/526 518/555/518 521/556/521
f 521/556/521 527/554/527 526/553/526
f 528/557/528 529/558/529 530/559/530
f 530/559/530 531/560/531 528/557/528
f 528/557/528 531/560/531 532/561/532
f 525/552/525 527/554/527 529/562/529
f 529/562/529 528/563/528 525/552/525
f 523/550/523 525/552/525 528/563/528
f 528/563/528 532/564/532 523/550/523
f 520/547/520 523/550/523 532/564/532
f 532/564/532 531/565/531 520/547/520
f 521/548/521 520/547/520 531/565/531
f 531/565/531 530/566/530 521/548/521
f 527/554/527 521/556/521 530/567/530
f 530/567/530 529/562/529 527/554/527
s 28
f 533/568/533 534/569/534 535/570/535
f 535/570/535 536/571/536 533/568/533
f 534/569/534 537/572/537 538/573/538
f 538/573/538 535/570/535 534/569/534
f 537/572/537 539/574/539 540/575/540
f 540/575/540 538/573/538 537/572/537
f 539/574/539 541/576/541 542/577/542
f 542/577/542 540/575/540 539/574/539
f 541/576/541 533/578/533 536/579/536
f 536/579/536 542/577/542 541/576/541
f 543/580/543 544/581/544 545/582/545
f 545/582/545 546/583/546 543/580/543
f 543/580/543 546/583/546 547/584/547
f 540/575/540 542/577/542 544/585/544
f 544/585/544 543/586/543 540/575/540
f 538/573/538 540/575/540 543/586/543
f 543/586/543 547/587/547 538/573/538
f 535/570/535 538/573/538 547/587/547
f 547/587/547 546/588/546 535/570/535
f 536/571/536 535/570/535 546/588/546
f 546/588/546 545/589/545 536/571/536
f 542/577/542 536/579/536 545/590/545
f 545/590/545 544/585/544 542/577/542
s 29
f 548/591/548 549/592/549 550/593/550
f 550/593/550 551/594/551 548/591/548
f 549/592/549 552/595/552 553/596/553
f 553/596/553 550/593/550 549/592/549
f 552/595/552 554/597/554 555/598/555
f 555/598/555 553/596/553 552/595/552
f 554/597/554 556/599/556 557/600/557
f 557/600/557 555/598/555 554/597/554
f 556/599/556 548/601/548 551/602/551
f 551/602/551 557/600/557 556/599/556
f 555/603/555 557/604/557 551/605/551
f 551/605/551 550/606/550 555/603/555
f 555/603/555 550/606/550 553/607/553
s 30
f 558/608/558 559/609/559 560/610/560
f 560/610/560 561/611/561 558/608/558
f 562/612/562 558/608/558 561/611/561
f 561/611/561 563/613/563 562/612/562
f 564/614/564 565/615/565 566/616/566
f 566/616/566 567/617/567 564/614/564
f 565/615/565 568/618/568 569/619/569
f 569/619/569 566/616/566 565/615/565
f 567/617/567 566/616/566 570/620/570
f 570/620/570 571/621/571 567/617/567
f 566/616/566 569/619/569 572/622/572
f 572/622/572 570/620/570 566/616/566
f 571/621/571 570/620/570 573/623/573
f 573/623/573 574/624/574 571/621/571
f 570/620/570 572/622/572 575/625/575
f 575/625/575 573/623/573 570/620/570
f 574/624/574 573/623/573 576/626/576
f 576/626/576 577/627/577 574/624/574
f 573/623/573 575/625/575 578/628/578
f 578/628/578 576/626/576 573/623/573
f 577/627/577 576/626/576 558/608/558
f 558/608/558 562/612/562 577/627/577
f 576/626/576 578/628/578 559/609/559
f 559/609/559 558/608/558 576/626/576
s 31
f 579/629/579 580/630/580 581/631/581
f 581/631/581 582/632/582 579/629/579
f 583/633/583 584/634/584 580/630/580
f 580/630/580 579/629/579 583/633/583
f 585/635/585 586/636/586 587/637/587
f 587/637/587 588/638/588 585/635/585
f 588/638/588 587/637/587 589/639/589
f 589/639/589 590/640/590 588/638/588
f 586/636/586 591/641/591 592/642/592
f 592/642/592 587/637/587 586/636/586
f 587/637/587 592/642/592 593/643/593
f 593/643/593 589/639/589 587/637/587
f 591/641/591 594/644/594 595/645/595
f 595/645/595 592/642/592 591/641/591
f 592/642/592 595/645/595 596/646/596
f 596/646/596 593/643/593 592/642/592
f 594/644/594 597/647/597 598/648/598
f 598/648/598 595/645/595 594/644/594
f 595/645/595 598/648/598 599/649/599
f 599/649/599 596/646/596 595/645/595
f 597/647/597 583/633/583 579/629/579
f 579/629/579 598/648/598 597/647/597
f 598/648/598 579/629/579 582/632/582
f 582/632/582 599/649/599 598/648/598
s 32
f 600/650/600 601/651/601 602/652/602
f 602/652/602 603/653/603 600/650/600
f 604/654/604 605/655/605 606/656/606
f 606/656/606 607/657/607 604/654/604
f 605/655/605 608/658/608 609/659/609
f 609/659/609 610/660/610 605/655/605
f 607/657/607 611/661/611 612/662/612
f 612/662/612 604/654/604 607/657/607
f 611/661/611 613/663/613 614/664/614
f 614/664/614 612/662/612 611/661/611
f 608/658/608 615/665/615 616/666/616
f 616/666/616 609/659/609 608/658/608
f 613/663/613 617/667/617 618/668/618
f 618/668/618 614/664/614 613/663/613
f 615/665/615 619/669/619 620/670/620
f 620/670/620 616/666/616 615/665/615
f 617/667/617 602/652/602 601/651/601
f 601/651/601 618/668/618 617/667/617
f 619/669/619 600/650/600 603/653/603
f 603/653/603 620/670/620 619/669/619
f 601/651/601 600/650/600 621/671/621
f 622/672/622 623/673/623 615/665/615
f 615/665/615 608/658/608 622/672/622
f 605/655/605 622/672/622 608/658/608
f 623/673/623 624/674/624 619/669/619
f 619/669/619 615/665/615 623/673/623
f 624/674/624 621/671/621 600/650/600
f 600/650/600 619/669/619 624/674/624
f 604/654/604 622/672/622 605/655/605
f 612/662/612 623/673/623 622/672/622
f 622/672/622 604/654/604 612/662/612
f 614/664/614 624/674/624 623/673/623
f 623/673/623 612/662/612 614/664/614
f 618/668/618 621/671/621 624/674/624
f 624/674/624 614/664/614 618/668/618
f 601/651/601 621/671/621 618/668/618
s 33
f 625/675/625 626/676/626 627/677/627
f 627/677/627 628/678/628 625/675/625
f 629/679/629 630/680/630 631/681/631
f 631/681/631 632/682/632 629/679/629
f 630/680/630 633/683/633 634/684/634
f 634/684/634 635/685/635 630/680/630
f 632/682/632 636/686/636 637/687/637
f 637/687/637 629/679/629 632/682/632
f 636/686/636 638/688/638 639/689/639
f 639/689/639 637/687/637 636/686/636
f 633/683/633 640/690/640 641/691/641
f 641/691/641 634/684/634 633/683/633
f 638/688/638 642/692/642 643/693/643
f 643/693/643 639/689/639 638/688/638
f 640/690/640 644/694/644 645/695/645
f 645/695/645 641/691/641 640/690/640
f 642/692/642 627/677/627 626/676/626
f 626/676/626 643/693/643 642/692/642
f 644/694/644 625/675/625 628/678/628
f 628/678/628 645/695/645 644/694/644
f 626/676/626 625/675/625 646/696/646
f 647/697/647 648/698/648 640/690/640
f 640/690/640 633/683/633 647/697/647
f 630/680/630 647/697/647 633/683/633
f 648/698/648 649/699/649 644/694/644
f 644/694/644 640/690/640 648/698/648
f 649/699/649 646/696/646 625/675/625
f 625/675/625 644/694/644 649/699/649
f 629/679/629 647/697/647 630/680/630
f 637/687/637 648/698/648 647/697/647
f 647/697/647 629/679/629 637/687/637
f 639/689/639 649/699/649 648/698/648
f 648/698/648 637/687/637 639/689/639
f 643/693/643 646/696/646 649/699/649
f 649/699/649 639/689/639 643/693/643
f 626/676/626 646/696/646 643/693/643
s 34
f 650/700/650 651/701/651 652/702/652
f 652/702/652 653/703/653 650/700/650
f 654/704/654 655/705/655 656/706/656
f 656/706/656 657/707/657 654/704/654
f 655/705/655 658/708/658 659/709/659
f 659/709/659 660/710/660 655/705/655
f 657/707/657 661/711/661 662/712/662
f 662/712/662 654/704/654 657/707/657
f 661/711/661 663/713/663 664/714/664
f 664/714/664 662/712/662 661/711/661
f 658/708/658 665/715/665 666/716/666
f 666/716/666 659/709/659 658/708/658
f 663/713/663 667/717/667 668/718/668
f 668/718/668 664/714/664 663/713/663
f 665/715/665 669/719/669 670/720/670
f 670/720/670 666/716/666 665/715/665
f 667/717/667 652/702/652 651/701/651
f 651/701/651 668/718/668 667/717/667
f 669/719/669 650/700/650 653/703/653
f 653/703/653 670/720/670 669/719/669
f 651/701/651 650/700/650 671/721/671
f 672/722/672 673/723/673 665/715/665
f 665/715/665 658/708/658 672/722/672
f 655/705/655 672/722/672 658/708/658
f 673/723/673 674/724/674 669/719/669
f 669/719/669 665/715/665 673/723/673
f 674/724/674 671/721/671 650/700/650
f 650/700/650 669/719/669 674/724/674
f 654/704/654 672/722/672 655/705/655
f 662/712/662 673/723/673 672/722/672
f 672/722/672 654/704/654 662/712/662
f 664/714/664 674/724/674 673/723/673
f 673/723/673 662/712/662 664/714/664
f 668/718/668 671/721/671 674/724/674
f 674/724/674 664/714/664 668/718/668
f 651/701/651 671/721/671 668/718/668
s 35
f 675/725/675 676/726/676 677/727/677
f 677/727/677 678/728/678 675/725/675
f 679/729/679 680/730/680 681/731/681
f 681/731/681 682/732/682 679/729/679
f 680/730/680 683/733/683 684/734/684
f 684/734/684 685/735/685 680/730/680
f 682/732/682 686/736/686 687/737/687
f 687/737/687 679/729/679 682/732/682
f 686/736/686 688/738/688 689/739/689
f 689/739/689 687/737/687 686/736/686
f 683/733/683 690/740/690 691/741/691
f 691/741/691 684/734/684 683/733/683
f 688/738/688 692/742/692 693/743/693
f 693/743/693 689/739/689 688/738/688
f 690/740/690 694/744/694 695/745/695
f 695/745/695 691/741/691 690/740/690
f 692/742/692 677/727/677 676/726/676
f 676/726/676 693/743/693 692/742/692
f 694/744/694 675/725/675 678/728/678
f 678/728/678 695/745/695 694/744/694
f 676/726/676 675/725/675 696/746/696
f 697/747/697 698/748/698 690/740/690
f 690/740/690 683/733/683 697/747/697
f 680/730/680 697/747/697 683/733/683
f 698/748/698 699/749/699 694/744/694
f 694/744/694 690/740/690 698/748/698
f 699/749/699 696/746/696 675/725/675
f 675/725/675 694/744/694 699/749/699
f 679/729/679 697/747/697 680/730/680
f 687/737/687 698/748/698 697/747/697
f 697/747/697 679/729/679 687/737/687
f 689/739/689 699/749/699 698/748/698
f 698/748/698 687/737/687 689/739/689
f 693/743/693 696/746/696 699/749/699
f 699/749/699 689/739/689 693/743/693
f 676/726/676 696/746/696 693/743/693
s 36
f 700/750/700 701/751/701 702/752/702
f 702/752/702 703/753/703 700/750/700
f 704/754/704 705/755/705 701/751/701
f 701/751/701 700/750/700 704/754/704
f 706/756/706 707/757/707 708/758/708
f 708/758/708 709/759/709 706/756/706
f 709/759/709 708/758/708 710/760/710
f 710/760/710 711/761/711 709/759/709
f 707/757/707 712/762/712 713/763/713
f 713/763/713 708/758/708 707/757/707
f 708/758/708 713/763/713 714/764/714
f 714/764/714 710/760/710 708/758/708
f 712/762/712 715/765/715 716/766/716
f 716/766/716 713/763/713 712/762/712
f 713/763/713 716/766/716 717/767/717
f 717/767/717 714/764/714 713/763/713
f 715/765/715 718/768/718 719/769/719
f 719/769/719 716/766/716 715/765/715
f 716/766/716 719/769/719 720/770/720
f 720/770/720 717/767/717 716/766/716
f 718/768/718 704/754/704 700/750/700
f 700/750/700 719/769/719 718/768/718
f 719/769/719 700/750/700 703/753/703
f 703/753/703 720/770/720 719/769/719
s 37
f 721/771/721 722/772/722 723/773/723
f 723/773/723 724/774/724 721/771/721
f 725/775/725 721/771/721 724/774/724
f 724/774/724 726/776/726 725/775/725
f 727/777/727 728/778/728 729/779/729
f 729/779/729 730/780/730 727/777/727
f 728/778/728 731/781/731 732/782/732
f 732/782/732 729/779/729 728/778/728
f 730/780/730 729/779/729 733/783/733
f 733/783/733 734/784/734 730/780/730
f 729/779/729 732/782/732 735/785/735
f 735/785/735 733/783/733 729/779/729
f 734/784/734 733/783/733 736/786/736
f 736/786/736 737/787/737 734/784/734
f 733/783/733 735/785/735 738/788/738
f 738/788/738 736/786/736 733/783/733
f 737/787/737 736/786/736 739/789/739
f 739/789/739 740/790/740 737/787/737
f 736/786/736 738/788/738 741/791/741
f 741/791/741 739/789/739 736/786/736
f 740/790/740 739/789/739 721/771/721
f 721/771/721 725/775/725 740/790/740
f 739/789/739 741/791/741 722/772/722
f 722/772/722 721/771/721 739/789/739
s 38
f 742/792/742 743/793/743 744/794/744
f 744/794/744 745/795/745 742/792/742
f 746/796/746 747/797/747 743/793/743
f 743/793/743 742/792/742 746/796/746
f 748/798/748 749/799/749 750/800/750
f 750/800/750 751/801/751 748/798/748
f 751/801/751 750/800/750 752/802/752
f 752/802/752 753/803/753 751/801/751
f 749/799/749 754/804/754 755/805/755
f 755/805/755 750/800/750 749/799/749
f 750/800/750 755/805/755 756/806/756
f 756/806/756 752/802/752 750/800/750
f 754/804/754 757/807/757 758/808/758
f 758/808/758 755/805/755 754/804/754
f 755/805/755 758/808/758 759/809/759
f 759/809/759 756/806/756 755/805/755
f 757/807/757 760/810/760 761/811/761
f 761/811/761 758/808/758 757/807/757
f 758/808/758 761/811/761 762/812/762
f 762/812/762 759/809/759 758/808/758
f 760/810/760 746/796/746 742/792/742
f 742/792/742 761/811/761 760/810/760
f 761/811/761 742/792/742 745/795/745
f 745/795/745 762/812/762 761/811/761
s 39
f 763/813/763 764/814/764 765/815/765
f 765/815/765 766/816/766 763/813/763
f 767/817/767 763/813/763 766/816/766
f 766/816/766 768/818/768 767/817/767
f 769/819/769 770/820/770 771/821/771
f 771/821/771 772/822/772 769/819/769
f 770/820/770 773/823/773 774/824/774
f 774/824/774 771/821/771 770/820/770
f 772/822/772 771/821/771 775/825/775
f 775/825/775 776/826/776 772/822/772
f 771/821/771 774/824/774 777/827/777
f 777/827/777 775/825/775 771/821/771
f 776/826/776 775/825/775 778/828/778
f 778/828/778 779/829/779 776/826/776
f 775/825/775 777/827/777 780/830/780
f 780/830/780 778/828/778 775/825/775
f 779/829/779 778/828/778 781/831/781
f 781/831/781 782/832/782 779/829/779
f 778/828/778 780/830/780 783/833/783
f 783/833/783 781/831/781 778/828/778
f 782/832/782 781/831/781 763/813/763
f 763/813/763 767/817/767 782/832/782
f 781/831/781 783/833/783 764/814/764
f 764/814/764 763/813/763 781/831/781
s 40
f 784/834/784 785/835/785 786/836/786
f 786/836/786 787/837/787 784/834/784
f 788/838/788 789/839/789 785/835/785
f 785/835/785 784/834/784 788/838/788
f 790/840/790 791/841/791 792/842/792
f 792/842/792 793/843/793 790/840/790
f 793/843/793 792/842/792 794/844/794
f 794/844/794 795/845/795 793/843/793
f 791/841/791 796/846/796 797/847/797
f 797/847/797 792/842/792 791/841/791
f 792/842/792 797/847/797 798/848/798
f 798/848/798 794/844/794 792/842/792
f 796/846/796 799/849/799 800/850/800
f 800/850/800 797/847/797 796/846/796
f 797/847/797 800/850/800 801/851/801
f 801/851/801 798/848/798 797/847/797
f 799/849/799 802/852/802 803/853/803
f 803/853/803 800/850/800 799/849/799
f 800/850/800 803/853/803 804/854/804
f 804/854/804 801/851/801 800/850/800
f 802/852/802 788/838/788 784/834/784
f 784/834/784 803/853/803 802/852/802
f 803/853/803 784/834/784 787/837/787
f 787/837/787 804/854/804 803/853/803
s 41
f 805/855/805 806/856/806 807/857/807
f 807/857/807 808/858/808 805/855/805
f 809/859/809 805/855/805 808/858/808
f 808/858/808 810/860/810 809/859/809
f 811/861/811 812/862/812 813/863/813
f 813/863/813 814/864/814 811/861/811
f 812/862/812 815/865/815 816/866/816
f 816/866/816 813/863/813 812/862/812
f 814/864/814 813/863/813 817/867/817
f 817/867/817 818/868/818 814/864/814
f 813/863/813 816/866/816 819/869/819
f 819/869/819 817/867/817 813/863/813
f 818/868/818 817/867/817 820/870/820
f 820/870/820 821/871/821 818/868/818
f 817/867/817 819/869/819 822/872/822
f 822/872/822 820/870/820 817/867/817
f 821/871/821 820/870/820 823/873/823
f 823/873/823 824/874/824 821/871/821
f 820/870/820 822/872/822 825/875/825
f 825/875/825 823/873/823 820/870/820
f 824/874/824 823/873/823 805/855/805
f 805/855/805 809/859/809 824/874/824
f 823/873/823 825/875/825 806/856/806
f 806/856/806 805/855/805 823/873/823
s 42
f 826/876/826 827/877/827 828/878/828
f 828/878/828 829/879/829 826/876/826
f 830/880/830 831/881/831 827/877/827
f 827/877/827 826/876/826 830/880/830
f 832/882/832 833/883/833 834/884/834
f 834/884/834 835/885/835 832/882/832
f 835/885/835 834/884/834 836/886/836
f 836/886/836 837/887/837 835/885/835
f 833/883/833 838/888/838 839/889/839
f 839/889/839 834/884/834 833/883/833
f 834/884/834 839/889/839 840/890/840
f 840/890/840 836/886/836 834/884/834
f 838/888/838 841/891/841 842/892/842
f 842/892/842 839/889/839 838/888/838
f 839/889/839 842/892/842 843/893/843
f 843/893/843 840/890/840 839/889/839
f 841/891/841 844/894/844 845/895/845
f 845/895/845 842/892/842 841/891/841
f 842/892/842 845/895/845 846/896/846
f 846/896/846 843/893/843 842/892/842
f 844/894/844 830/880/830 826/876/826
f 826/876/826 845/895/845 844/894/844
f 845/895/845 826/876/826 829/879/829
f 829/879/829 846/896/846 845/895/845
s 43
f 847/897/847 848/898/848 849/899/849
f 849/899/849 850/900/850 847/897/847
f 851/901/851 847/897/847 850/900/850
f 850/900/850 852/902/852 851/901/851
f 853/903/853 854/904/854 855/905/855
f 855/905/855 856/906/856 853/903/853
f 854/904/854 857/907/857 858/908/858
f 858/908/858 855/905/855 854/904/854
f 856/906/856 855/905/855 859/909/859
f 859/909/859 860/910/860 856/906/856
f 855/905/855 858/908/858 861/911/861
f 861/911/861 859/909/859 855/905/855
f 860/910/860 859/909/859 862/912/862
f 862/912/862 863/913/863 860/910/860
f 859/909/859 861/911/861 864/914/864
f 864/914/864 862/912/862 859/909/859
f 863/913/863 862/912/862 865/915/865
f 865/915/865 866/916/866 863/913/863
f 862/912/862 864/914/864 867/917/867
f 867/917/867 865/915/865 862/912/862
f 866/916/866 865/915/865 847/897/847
f 847/897/847 851/901/851 866/916/866
f 865/915/865 867/917/867 848/898/848
f 848/898/848 847/897/847 865/915/865
s 44
f 868/918/868 869/919/869 870/920/870
f 870/920/870 871/921/871 868/918/868
f 872/922/872 873/923/873 869/919/869
f 869/919/869 868/918/868 872/922/872
f 874/924/874 875/925/875 876/926/876
f 876/926/876 877/927/877 874/924/874
f 877/927/877 876/926/876 878/928/878
f 878/928/878 879/929/879 877/927/877
f 875/925/875 880/930/880 881/931/881
f 881/931/881 876/926/876 875/925/875
f 876/926/876 881/931/881 882/932/882
f 882/932/882 878/928/878 876/926/876
f 880/930/880 883/933/883 884/934/884
f 884/934/884 881/931/881 880/930/880
f 881/931/881 884/934/884 885/935/885
f 885/935/885 882/932/882 881/931/881
f 883/933/883 886/936/886 887/937/887
f 887/937/887 884/934/884 883/933/883
f 884/934/884 887/937/887 888/938/888
f 888/938/888 885/935/885 884/934/884
f 886/936/886 872/922/872 868/918/868
f 868/918/868 887/937/887 886/936/886
f 887/937/887 868/918/868 871/921/871
f 871/921/871 888/938/888 887/937/887
s 45
f 889/939/889 890/940/890 891/941/891
f 891/941/891 892/942/892 889/939/889
f 893/943/893 889/939/889 892/942/892
f 892/942/892 894/944/894 893/943/893
f 895/945/895 896/946/896 897/947/897
f 897/947/897 898/948/898 895/945/895
f 896/946/896 899/949/899 900/950/900
f 900/950/900 897/947/897 896/946/896
f 898/948/898 897/947/897 901/951/901
f 901/951/901 902/952/902 898/948/898
f 897/947/897 900/950/900 903/953/903
f 903/953/903 901/951/901 897/947/897
f 902/952/902 901/951/901 904/954/904
f 904/954/904 905/955/905 902/952/902
f 901/951/901 903/953/903 906/956/906
f 906/956/906 904/954/904 901/951/901
f 905/955/905 904/954/904 907/957/907
f 907/957/907 908/958/908 905/955/905
f 904/954/904 906/956/906 909/959/909
f 909/959/909 907/957/907 904/954/904
f 908/958/908 907/957/907 889/939/889
f 889/939/889 893/943/893 908/958/908
f 907/957/907 909/959/909 890/940/890
f 890/940/890 889/939/889 907/957/907
s 46
f 910/960/910 911/961/911 912/962/912
f 912/962/912 913/963/913 910/960/910
f 914/964/914 915/965/915 911/961/911
f 911/961/911 910/960/910 914/964/914
f 916/966/916 917/967/917 918/968/918
f 918/968/918 919/969/919 916/966/916
f 919/969/919 918/968/918 920/970/920
f 920/970/920 921/971/921 919/969/919
f 917/967/917 922/972/922 923/973/923
f 923/973/923 918/968/918 917/967/917
f 918/968/918 923/973/923 924/974/924
f 924/974/924 920/970/920 918/968/918
f 922/972/922 925/975/925 926/976/926
f 926/976/926 923/973/923 922/972/922
f 923/973/923 926/976/926 927/977/927
f 927/977/927 924/974/924 923/973/923
f 925/975/925 928/978/928 929/979/929
f 929/979/929 926/976/926 925/975/925
f 926/976/926 929/979/929 930/980/930
f 930/980/930 927/977/927 926/976/926
f 928/978/928 914/964/914 910/960/910
f 910/960/910 929/979/929 928/978/928
f 929/979/929 910/960/910 913/963/913
f 913/963/913 930/980/930 929/979/929
s 47
f 931/981/931 932/982/932 933/983/933
f 933/983/933 934/984/934 931/981/931
f 935/985/935 931/981/931 934/984/934
f 934/984/934 936/986/936 935/985/935
f 937/987/937 938/988/938 939/989/939
f 939/989/939 940/990/940 937/987/937
f 938/988/938 941/991/941 942/992/942
f 942/992/942 939/989/939 938/988/938
f 940/990/940 939/989/939 943/993/943
f 943/993/943 944/994/944 940/990/940
f 939/989/939 942/992/942 945/995/945
f 945/995/945 943/993/943 939/989/939
f 944/994/944 943/993/943 946/996/946
f 946/996/946 947/997/947 944/994/944
f 943/993/943 945/995/945 948/998/948
f 948/998/948 946/996/946 943/993/943
f 947/997/947 946/996/946 949/999/949
f 949/999/949 950/1000/950 947/997/947
f 946/996/946 948/998/948 951/1001/951
f 951/1001/951 949/999/949 946/996/946
f 950/1000/950 949/999/949 931/981/931
f 931/981/931 935/985/935 950/1000/950
f 949/999/949 951/1001/951 932/982/932
f 932/982/932 931/981/931 949/999/949
s 48
f 952/1002/952 953/1003/953 954/1004/954
f 954/1004/954 955/1005/955 952/1002/952
f 953/1003/953 956/1006/956 957/1007/957
f 957/1007/957 954/1004/954 953/1003/953
f 956/1006/956 958/1008/958 959/1009/959
f 959/1009/959 957/1007/957 956/1006/956
f 958/1008/958 960/1010/960 961/1011/961
f 961/1011/961 959/1009/959 958/1008/958
f 960/1010/960 952/1012/952 955/1013/955
f 955/1013/955 961/1011/961 960/1010/960
s 49
f 962/1014/962 963/1015/963 964/1016/964
f 964/1016/964 965/1017/965 962/1014/962
f 963/1015/963 966/1018/966 967/1019/967
f 967/1019/967 964/1016/964 963/1015/963
f 966/1018/966 968/1020/968 969/1021/969
f 969/1021/969 967/1019/967 966/1018/966
f 968/1020/968 970/1022/970 971/1023/971
f 971/1023/971 969/1021/969 968/1020/968
f 970/1022/970 962/1024/962 965/1025/965
f 965/1025/965 971/1023/971 970/1022/970
f 972/1026/972 973/1027/973 974/1028/974
f 974/1028/974 975/1029/975 972/1026/972
f 972/1026/972 975/1029/975 976/1030/976
f 969/1021/969 971/1023/971 973/1031/973
f 973/1031/973 972/1032/972 969/1021/969
f 967/1019/967 969/1021/969 972/1032/972
f 972/1032/972 976/1033/976 967/1019/967
f 964/1016/964 967/1019/967 976/1033/976
f 976/1033/976 975/1034/975 964/1016/964
f 965/1017/965 964/1016/964 975/1034/975
f 975/1034/975 974/1035/974 965/1017/965
f 971/1023/971 965/1025/965 974/1036/974
f 974/1036/974 973/1031/973 971/1023/971
s 50
f 977/1037/977 978/1038/978 979/1039/979
f 979/1039/979 980/1040/980 977/1037/977
f 978/1038/978 981/1041/981 982/1042/982
f 982/1042/982 979/1039/979 978/1038/978
f 981/1041/981 983/1043/983 984/1044/984
f 984/1044/984 982/1042/982 981/1041/981
f 983/1043/983 985/1045/985 986/1046/986
f 986/1046/986 984/1044/984 983/1043/983
f 985/1045/985 977/1047/977 980/1048/980
f 980/1048/980 986/1046/986 985/1045/985
f 987/1049/987 988/1050/988 989/1051/989
f 989/1051/989 990/1052/990 987/1049/987
f 987/1049/987 990/1052/990 991/1053/991
f 984/1044/984 986/1046/986 988/1054/988
f 988/1054/988 987/1055/987 984/1044/984
f 982/1042/982 984/1044/984 987/1055/987
f 987/1055/987 991/1056/991 982/1042/982
f 979/1039/979 982/1042/982 991/1056/991
f 991/1056/991 990/1057/990 979/1039/979
f 980/1040/980 979/1039/979 990/1057/990
f 990/1057/990 989/1058/989 980/1040/980
f 986/1046/986 980/1048/980 989/1059/989
f 989/1059/989 988/1054/988 986/1046/986
s 51
f 992/1060/992 993/1061/993 994/1062/994
f 994/1062/994 995/1063/995 992/1060/992
f 993/1061/993 996/1064/996 997/1065/997
f 997/1065/997 994/1062/994 993/1061/993
f 996/1064/996 998/1066/998 999/1067/999
f 999/1067/999 997/1065/997 996/1064/996
f 998/1066/998 1000/1068/1000 1001/1069/1001
f 1001/1069/1001 999/1067/999 998/1066/998
f 1000/1068/1000 992/1070/992 995/1071/995
f 995/1071/995 1001/1069/1001 1000/1068/1000
f 999/1072/999 1001/1073/1001 995/1074/995
f 995/1074/995 994/1075/994 999/1072/999
f 999/1072/999 994/1075/994 997/1076/997
s 52
f 1002/1077/1002 1003/1078/1003 1004/1079/1004
f 1004/1079/1004 1005/1080/1005 1002/1077/1002
f 1006/1081/1006 1002/1077/1002 1005/1080/1005
f 1005/1080/1005 1007/1082/1007 1006/1081/1006
f 1008/1083/1008 1009/1084/1009 1010/1085/1010
f 1010/1085/1010 1011/1086/1011 1008/1083/1008
f 1009/1084/1009 1012/1087/1012 1013/1088/1013
f 1013/1088/1013 1010/1085/1010 1009/1084/1009
f 1011/1086/1011 1010/1085/1010 1014/1089/1014
f 1014/1089/1014 1015/1090/1015 1011/1086/1011
f 1010/1085/1010 1013/1088/1013 1016/1091/1016
f 1016/1091/1016 1014/1089/1014 1010/1085/1010
f 1015/1090/1015 1014/1089/1014 1017/1092/1017
f 1017/1092/1017 1018/1093/1018 1015/1090/1015
f 1014/1089/1014 1016/1091/1016 1019/1094/1019
f 1019/1094/1019 1017/1092/1017 1014/1089/1014
f 1018/1093/1018 1017/1092/1017 1020/1095/1020
f 1020/1095/1020 1021/1096/1021 1018/1093/1018
f 1017/1092/1017 1019/1094/1019 1022/1097/1022
f 1022/1097/1022 1020/1095/1020 1017/1092/1017
f 1021/1096/1021 1020/1095/1020 1002/1077/1002
f 1002/1077/1002 1006/1081/1006 1021/1096/1021
f 1020/1095/1020 1022/1097/1022 1003/1078/1003
f 1003/1078/1003 1002/1077/1002 1020/1095/1020
s 53
f 1023/1098/1023 1024/1099/1024 1025/1100/1025
f 1025/1100/1025 1026/1101/1026 1023/1098/1023
f 1027/1102/1027 1028/1103/1028 1024/1099/1024
f 1024/1099/1024 1023/1098/1023 1027/1102/1027
f 1029/1104/1029 1030/1105/1030 1031/1106/1031
f 1031/1106/1031 1032/1107/1032 1029/1104/1029
f 1032/1107/1032 1031/1106/1031 1033/1108/1033
f 1033/1108/1033 1034/1109/1034 1032/1107/1032
f 1030/1105/1030 1035/1110/1035 1036/1111/1036
f 1036/1111/1036 1031/1106/1031 1030/1105/1030
f 1031/1106/1031 1036/1111/1036 1037/1112/1037
f 1037/1112/1037 1033/1108/1033 1031/1106/1031
f 1035/1110/1035 1038/1113/1038 1039/1114/1039
f 1039/1114/1039 1036/1111/1036 1035/1110/1035
f 1036/1111/1036 1039/1114/1039 1040/1115/1040
f 1040/1115/1040 1037/1112/1037 1036/1111/1036
f 1038/1113/1038 1041/1116/1041 1042/1117/1042
f 1042/1117/1042 1039/1114/1039 1038/1113/1038
f 1039/1114/1039 1042/1117/1042 1043/1118/1043
f 1043/1118/1043 1040/1115/1040 1039/1114/1039
f 1041/1116/1041 1027/1102/1027 1023/1098/1023
f 1023/1098/1023 1042/1117/1042 1041/1116/1041
f 1042/1117/1042 1023/1098/1023 1026/1101/1026
f 1026/1101/1026 1043/1118/1043 1042/1117/1042
s 54
f 1044/1119/1044 1045/1120/1045 1046/1121/1046
f 1046/1121/1046 1047/1122/1047 1044/1119/1044
f 1048/1123/1048 1049/1124/1049 1050/1125/1050
f 1050/1125/1050 1051/1126/1051 1048/1123/1048
f 1049/1124/1049 1052/1127/1052 1053/1128/1053
f 1053/1128/1053 1054/1129/1054 1049/1124/1049
f 1051/1126/1051 1055/1130/1055 1056/1131/1056
f 1056/1131/1056 1048/1123/1048 1051/1126/1051
f 1055/1130/1055 1057/1132/1057 1058/1133/1058
f 1058/1133/1058 1056/1131/1056 1055/1130/1055
f 1052/1127/1052 1059/1134/1059 1060/1135/1060
f 1060/1135/1060 1053/1128/1053 1052/1127/1052
f 1057/1132/1057 1061/1136/1061 1062/1137/1062
f 1062/1137/1062 1058/1133/1058 1057/1132/1057
f 1059/1134/1059 1063/1138/1063 1064/1139/1064
f 1064/1139/1064 1060/1135/1060 1059/1134/1059
f 1061/1136/1061 1046/1121/1046 1045/1120/1045
f 1045/1120/1045 1062/1137/1062 1061/1136/1061
f 1063/1138/1063 1044/1119/1044 1047/1122/1047
f 1047/1122/1047 1064/1139/1064 1063/1138/1063
f 1045/1120/1045 1044/1119/1044 1065/1140/1065
f 1066/1141/1066 1067/1142/1067 1059/1134/1059
f 1059/1134/1059 1052/1127/1052 1066/1141/1066
f 1049/1124/1049 1066/1141/1066 1052/1127/1052
f 1067/1142/1067 1068/1143/1068 1063/1138/1063
f 1063/1138/1063 1059/1134/1059 1067/1142/1067
f 1068/1143/1068 1065/1140/1065 1044/1119/1044
f 1044/1119/1044 1063/1138/1063 1068/1143/1068
f 1048/1123/1048 1066/1141/1066 1049/1124/1049
f 1056/1131/1056 1067/1142/1067 1066/1141/1066
f 1066/1141/1066 1048/1123/1048 1056/1131/1056
f 1058/1133/1058 1068/1143/1068 1067/1142/1067
f 1067/1142/1067 1056/1131/1056 1058/1133/1058
f 1062/1137/1062 1065/1140/1065 1068/1143/1068
f 1068/1143/1068 1058/1133/1058 1062/1137/1062
f 1045/1120/1045 1065/1140/1065 1062/1137/1062
s 55
f 1069/1144/1069 1070/1145/1070 1071/1146/1071
f 1071/1146/1071 1072/1147/1072 1069/1144/1069
f 1073/1148/1073 1074/1149/1074 1075/1150/1075
f 1075/1150/1075 1076/1151/1076 1073/1148/1073
f 1074/1149/1074 1077/1152/1077 1078/1153/1078
f 1078/1153/1078 1079/1154/1079 1074/1149/1074
f 1076/1151/1076 1080/1155/1080 1081/1156/1081
f 1081/1156/1081 1073/1148/1073 1076/1151/1076
f 1080/1155/1080 1082/1157/1082 1083/1158/1083
f 1083/1158/1083 1081/1156/1081 1080/1155/1080
f 1077/1152/1077 1084/1159/1084 1085/1160/1085
f 1085/1160/1085 1078/1153/1078 1077/1152/1077
f 1082/1157/1082 1086/1161/1086 1087/1162/1087
f 1087/1162/1087 1083/1158/1083 1082/1157/1082
f 1084/1159/1084 1088/1163/1088 1089/1164/1089
f 1089/1164/1089 1085/1160/1085 1084/1159/1084
f 1086/1161/1086 1071/1146/1071 1070/1145/1070
f 1070/1145/1070 1087/1162/1087 1086/1161/1086
f 1088/1163/1088 1069/1144/1069 1072/1147/1072
f 1072/1147/1072 1089/1164/1089 1088/1163/1088
f 1070/1145/1070 1069/1144/1069 1090/1165/1090
f 1091/1166/1091 1092/1167/1092 1084/1159/1084
f 1084/1159/1084 1077/1152/1077 1091/1166/1091
f 1074/1149/1074 1091/1166/1091 1077/1152/1077
f 1092/1167/1092 1093/1168/1093 1088/1163/1088
f 1088/1163/1088 1084/1159/1084 1092/1167/1092
f 1093/1168/1093 1090/1165/1090 1069/1144/1069
f 1069/1144/1069 1088/1163/1088 1093/1168/1093
f 1073/1148/1073 1091/1166/1091 1074/1149/1074
f 1081/1156/1081 1092/1167/1092 1091/1166/1091
f 1091/1166/1091 1073/1148/1073 1081/1156/1081
f 1083/1158/1083 1093/1168/1093 1092/1167/1092
f 1092/1167/1092 1081/1156/1081 1083/1158/1083
f 1087/1162/1087 1090/1165/1090 1093/1168/1093
f 1093/1168/1093 1083/1158/1083 1087/1162/1087
f 1070/1145/1070 1090/1165/1090 1087/1162/1087
s 56
f 1094/1169/1094 1095/1170/1095 1096/1171/1096
f 1096/1171/1096 1097/1172/1097 1094/1169/1094
f 1098/1173/1098 1099/1174/1099 1100/1175/1100
f 1100/1175/1100 1101/1176/1101 1098/1173/1098
f 1099/1174/1099 1102/1177/1102 1103/1178/1103
f 1103/1178/1103 1104/1179/1104 1099/1174/1099
f 1101/1176/1101 1105/1180/1105 1106/1181/1106
f 1106/1181/1106 1098/1173/1098 1101/1176/1101
f 1105/1180/1105 1107/1182/1107 1108/1183/1108
f 1108/1183/1108 1106/1181/1106 1105/1180/1105
f 1102/1177/1102 1109/1184/1109 1110/1185/1110
f 1110/1185/1110 1103/1178/1103 1102/1177/1102
f 1107/1182/1107 1111/1186/1111 1112/1187/1112
f 1112/1187/1112 1108/1183/1108 1107/1182/1107
f 1109/1184/1109 1113/1188/1113 1114/1189/1114
f 1114/1189/1114 1110/1185/1110 1109/1184/1109
f 1111/1186/1111 1096/1171/1096 1095/1170/1095
f 1095/1170/1095 1112/1187/1112 1111/1186/1111
f 1113/1188/1113 1094/1169/1094 1097/1172/1097
f 1097/1172/1097 1114/1189/1114 1113/1188/1113
f 1095/1170/1095 1094/1169/1094 1115/1190/1115
f 1116/1191/1116 1117/1192/1117 1109/1184/1109
f 1109/1184/1109 1102/1177/1102 1116/1191/1116
f 1099/1174/1099 1116/1191/1116 1102/1177/1102
f 1117/1192/1117 1118/1193/1118 1113/1188/1113
f 1113/1188/1113 1109/1184/1109 1117/1192/1117
f 1118/1193/1118 1115/1190/1115 1094/1169/1094
f 1094/1169/1094 1113/1188/1113 1118/1193/1118
f 1098/1173/1098 1116/1191/1116 1099/1174/1099
f 1106/1181/1106 1117/1192/1117 1116/1191/1116
f 1116/1191/1116 1098/1173/1098 1106/1181/1106
f 1108/1183/1108 1118/1193/1118 1117/1192/1117
f 1117/1192/1117 1106/1181/1106 1108/1183/1108
f 1112/1187/1112 1115/1190/1115 1118/1193/1118
f 1118/1193/1118 1108/1183/1108 1112/1187/1112
f 1095/1170/1095 1115/1190/1115 1112/1187/1112
s 57
f 1119/1194/1119 1120/1195/1120 1121/1196/1121
f 1121/1196/1121 1122/1197/1122 1119/1194/1119
f 1123/1198/1123 1124/1199/1124 1125/1200/1125
f 1125/1200/1125 1126/1201/1126 1123/1198/1123
f 1124/1199/1124 1127/1202/1127 1128/1203/1128
f 1128/1203/1128 1129/1204/1129 1124/1199/1124
f 1126/1201/1126 1130/1205/1130 1131/1206/1131
f 1131/1206/1131 1123/1198/1123 1126/1201/1126
f 1130/1205/1130 1132/1207/1132 1133/1208/1133
f 1133/1208/1133 1131/1206/1131 1130/1205/1130
f 1127/1202/1127 1134/1209/1134 1135/1210/1135
f 1135/1210/1135 1128/1203/1128 1127/1202/1127
f 1132/1207/1132 1136/1211/1136 1137/1212/1137
f 1137/1212/1137 1133/1208/1133 1132/1207/1132
f 1134/1209/1134 1138/1213/1138 1139/1214/1139
f 1139/1214/1139 1135/1210/1135 1134/1209/1134
f 1136/1211/1136 1121/1196/1121 1120/1195/1120
f 1120/1195/1120 1137/1212/1137 1136/1211/1136
f 1138/1213/1138 1119/1194/1119 1122/1197/1122
f 1122/1197/1122 1139/1214/1139 1138/1213/1138
f 1120/1195/1120 1119/1194/1119 1140/1215/1140
f 1141/1216/1141 1142/1217/1142 1134/1209/1134
f 1134/1209/1134 1127/1202/1127 1141/1216/1141
f 1124/1199/1124 1141/1216/1141 1127/1202/1127
f 1142/1217/1142 1143/1218/1143 1138/1213/1138
f 1138/1213/1138 1134/1209/1134 1142/1217/1142
f 1143/1218/1143 1140/1215/1140 1119/1194/1119
f 1119/1194/1119 1138/1213/1138 1143/1218/1143
f 1123/1198/1123 1141/1216/1141 1124/1199/1124
f 1131/1206/1131 1142/1217/1142 1141/1216/1141
f 1141/1216/1141 1123/1198/1123 1131/1206/1131
f 1133/1208/1133 1143/1218/1143 1142/1217/1142
f 1142/1217/1142 1131/1206/1131 1133/1208/1133
f 1137/1212/1137 1140/1215/1140 1143/1218/1143
f 1143/1218/1143 1133/1208/1133 1137/1212/1137
f 1120/1195/1120 1140/1215/1140 1137/1212/1137
s 58
f 1144/1219/1144 1145/1220/1145 1146/1221/1146
f 1146/1221/1146 1147/1222/1147 1144/1219/1144
f 1148/1223/1148 1149/1224/1149 1145/1220/1145
f 1145/1220/1145 1144/1219/1144 1148/1223/1148
f 1150/1225/1150 1151/1226/1151 1152/1227/1152
f 1152/1227/1152 1153/1228/1153 1150/1225/1150
f 1153/1228/1153 1152/1227/1152 1154/1229/1154
f 1154/1229/1154 1155/1230/1155 1153/1228/1153
f 1151/1226/1151 1156/1231/1156 1157/1232/1157
f 1157/1232/1157 1152/1227/1152 1151/1226/1151
f 1152/1227/1152 1157/1232/1157 1158/1233/1158
f 1158/1233/1158 1154/1229/1154 1152/1227/1152
f 1156/1231/1156 1159/1234/1159 1160/1235/1160
f 1160/1235/1160 1157/1232/1157 1156/1231/1156
f 1157/1232/1157 1160/1235/1160 1161/1236/1161
f 1161/1236/1161 1158/1233/1158 1157/1232/1157
f 1159/1234/1159 1162/1237/1162 1163/1238/1163
f 1163/1238/1163 1160/1235/1160 1159/1234/1159
f 1160/1235/1160 1163/1238/1163 1164/1239/1164
f 1164/1239/1164 1161/1236/1161 1160/1235/1160
f 1162/1237/1162 1148/1223/1148 1144/1219/1144
f 1144/1219/1144 1163/1238/1163 1162/1237/1162
f 1163/1238/1163 1144/1219/1144 1147/1222/1147
f 1147/1222/1147 1164/1239/1164 1163/1238/1163
s 59
f 1165/1240/1165 1166/1241/1166 1167/1242/1167
f 1167/1242/1167 1168/1243/1168 1165/1240/1165
f 1169/1244/1169 1165/1240/1165 1168/1243/1168
f 1168/1243/1168 1170/1245/1170 1169/1244/1169
f 1171/1246/1171 1172/1247/1172 1173/1248/1173
f 1173/1248/1173 1174/1249/1174 1171/1246/1171
f 1172/1247/1172 1175/1250/1175 1176/1251/1176
f 1176/1251/1176 1173/1248/1173 1172/1247/1172
f 1174/1249/1174 1173/1248/1173 1177/1252/1177
f 1177/1252/1177 1178/1253/1178 1174/1249/1174
f 1173/1248/1173 1176/1251/1176 1179/1254/1179
f 1179/1254/1179 1177/1252/1177 1173/1248/1173
f 1178/1253/1178 1177/1252/1177 1180/1255/1180
f 1180/1255/1180 1181/1256/1181 1178/1253/1178
f 1177/1252/1177 1179/1254/1179 1182/1257/1182
f 1182/1257/1182 1180/1255/1180 1177/1252/1177
f 1181/1256/1181 1180/1255/1180 1183/1258/1183
f 1183/1258/1183 1184/1259/1184 1181/1256/1181
f 1180/1255/1180 1182/1257/1182 1185/1260/1185
f 1185/1260/1185 1183/1258/1183 1180/1255/1180
f 1184/1259/1184 1183/1258/1183 1165/1240/1165
f 1165/1240/1165 1169/1244/1169 1184/1259/1184
f 1183/1258/1183 1185/1260/1185 1166/1241/1166
f 1166/1241/1166 1165/1240/1165 1183/1258/1183
s 60
f 1186/1261/1186 1187/1262/1187 1188/1263/1188
f 1188/1263/1188 1189/1264/1189 1186/1261/1186
f 1190/1265/1190 1191/1266/1191 1187/1262/1187
f 1187/1262/1187 1186/1261/1186 1190/1265/1190
f 1192/1267/1192 1193/1268/1193 1194/1269/1194
f 1194/1269/1194 1195/1270/1195 1192/1267/1192
f 1195/1270/1195 1194/1269/1194 1196/1271/1196
f 1196/1271/1196 1197/1272/1197 1195/1270/1195
f 1193/1268/1193 1198/1273/1198 1199/1274/1199
f 1199/1274/1199 1194/1269/1194 1193/1268/1193
f 1194/1269/1194 1199/1274/1199 1200/1275/1200
f 1200/1275/1200 1196/1271/1196 1194/1269/1194
f 1198/1273/1198 1201/1276/1201 1202/1277/1202
f 1202/1277/1202 1199/1274/1199 1198/1273/1198
f 1199/1274/1199 1202/1277/1202 1203/1278/1203
f 1203/1278/1203 1200/1275/1200 1199/1274/1199
f 1201/1276/1201 1204/1279/1204 1205/1280/1205
f 1205/1280/1205 1202/1277/1202 1201/1276/1201
f 1202/1277/1202 1205/1280/1205 1206/1281/1206
f 1206/1281/1206 1203/1278/1203 1202/1277/1202
f 1204/1279/1204 1190/1265/1190 1186/1261/1186
f 1186/1261/1186 1205/1280/1205 1204/1279/1204
f 1205/1280/1205 1186/1261/1186 1189/1264/1189
f 1189/1264/1189 1206/1281/1206 1205/1280/1205
s 61
f 1207/1282/1207 1208/1283/1208 1209/1284/1209
f 1209/1284/1209 1210/1285/1210 1207/1282/1207
f 1211/1286/1211 1207/1282/1207 1210/1285/1210
f 1210/1285/1210 1212/1287/1212 1211/1286/1211
f 1213/1288/1213 1214/1289/1214 1215/1290/1215
f 1215/1290/1215 1216/1291/1216 1213/1288/1213
f 1214/1289/1214 1217/1292/1217 1218/1293/1218
f 1218/1293/1218 1215/1290/1215 1214/1289/1214
f 1216/1291/1216 1215/1290/1215 1219/1294/1219
f 1219/1294/1219 1220/1295/1220 1216/1291/1216
f 1215/1290/1215 1218/1293/1218 1221/1296/1221
f 1221/1296/1221 1219/1294/1219 1215/1290/1215
f 1220/1295/1220 1219/1294/1219 1222/1297/1222
f 1222/1297/1222 1223/1298/1223 1220/1295/1220
f 1219/1294/1219 1221/1296/1221 1224/1299/1224
f 1224/1299/1224 1222/1297/1222 1219/1294/1219
f 1223/1298/1223 1222/1297/1222 1225/1300/1225
f 1225/1300/1225 1226/1301/1226 1223/1298/1223
f 1222/1297/1222 1224/1299/1224 1227/1302/1227
f 1227/1302/1227 1225/1300/1225 1222/1297/1222
f 1226/1301/1226 1225/1300/1225 1207/1282/1207
f 1207/1282/1207 1211/1286/1211 1226/1301/1226
f 1225/1300/1225 1227/1302/1227 1208/1283/1208
f 1208/1283/1208 1207/1282/1207 1225/1300/1225
s 62
f 1228/1303/1228 1229/1304/1229 1230/1305/1230
f 1230/1305/1230 1231/1306/1231 1228/1303/1228
f 1232/1307/1232 1233/1308/1233 1229/1304/1229
f 1229/1304/1229 1228/1303/1228 1232/1307/1232
f 1234/1309/1234 1235/1310/1235 1236/1311/1236
f 1236/1311/1236 1237/1312/1237 1234/1309/1234
f 1237/1312/1237 1236/1311/1236 1238/1313/1238
f 1238/1313/1238 1239/1314/1239 1237/1312/1237
f 1235/1310/1235 1240/1315/1240 1241/1316/1241
f 1241/1316/1241 1236/1311/1236 1235/1310/1235
f 1236/1311/1236 1241/1316/1241 1242/1317/1242
f 1242/1317/1242 1238/1313/1238 1236/1311/1236
f 1240/1315/1240 1243/1318/1243 1244/1319/1244
f 1244/1319/1244 1241/1316/1241 1240/1315/1240
f 1241/1316/1241 1244/1319/1244 1245/1320/1245
f 1245/1320/1245 1242/1317/1242 1241/1316/1241
f 1243/1318/1243 1246/1321/1246 1247/1322/1247
f 1247/1322/1247 1244/1319/1244 1243/1318/1243
f 1244/1319/1244 1247/1322/1247 1248/1323/1248
f 1248/1323/1248 1245/1320/1245 1244/1319/1244
f 1246/1321/1246 1232/1307/1232 1228/1303/1228
f 1228/1303/1228 1247/1322/1247 1246/1321/1246
f 1247/1322/1247 1228/1303/1228 1231/1306/1231
f 1231/1306/1231 1248/1323/1248 1247/1322/1247
s 63
f 1249/1324/1249 1250/1325/1250 1251/1326/1251
f 1251/1326/1251 1252/1327/1252 1249/1324/1249
f 1253/1328/1253 1249/1324/1249 1252/1327/1252
f 1252/1327/1252 1254/1329/1254 1253/1328/1253
f 1255/1330/1255 1256/1331/1256 1257/1332/1257
f 1257/1332/1257 1258/1333/1258 1255/1330/1255
f 1256/1331/1256 1259/1334/1259 1260/1335/1260
f 1260/1335/1260 1257/1332/1257 1256/1331/1256
f 1258/1333/1258 1257/1332/1257 1261/1336/1261
f 1261/1336/1261 1262/1337/1262 1258/1333/1258
f 1257/1332/1257 1260/1335/1260 1263/1338/1263
f 1263/1338/1263 1261/1336/1261 1257/1332/1257
f 1262/1337/1262 1261/1336/1261 1264/1339/1264
f 1264/1339/1264 1265/1340/1265 1262/1337/1262
f 1261/1336/1261 1263/1338/1263 1266/1341/1266
f 1266/1341/1266 1264/1339/1264 1261/1336/1261
f 1265/1340/1265 1264/1339/1264 1267/1342/1267
f 1267/1342/1267 1268/1343/1268 1265/1340/1265
f 1264/1339/1264 1266/1341/1266 1269/1344/1269
f 1269/1344/1269 1267/1342/1267 1264/1339/1264
f 1268/1343/1268 1267/1342/1267 1249/1324/1249
f 1249/1324/1249 1253/1328/1253 1268/1343/1268
f 1267/1342/1267 1269/1344/1269 1250/1325/1250
f 1250/1325/1250 1249/1324/1249 1267/1342/1267
s 64
f 1270/1345/1270 1271/1346/1271 1272/1347/1272
f 1272/1347/1272 1273/1348/1273 1270/1345/1270
f 1274/1349/1274 1275/1350/1275 1271/1346/1271
f 1271/1346/1271 1270/1345/1270 1274/1349/1274
f 1276/1351/1276 1277/1352/1277 1278/1353/1278
f 1278/1353/1278 1279/1354/1279 1276/1351/1276
f 1279/1354/1279 1278/1353/1278 1280/1355/1280
f 1280/1355/1280 1281/1356/1281 1279/1354/1279
f 1277/1352/1277 1282/1357/1282 1283/1358/1283
f 1283/1358/1283 1278/1353/1278 1277/1352/1277
f 1278/1353/1278 1283/1358/1283 1284/1359/1284
f 1284/1359/1284 1280/1355/1280 1278/1353/1278
f 1282/1357/1282 1285/1360/1285 1286/1361/1286
f 1286/1361/1286 1283/1358/1283 1282/1357/1282
f 1283/1358/1283 1286/1361/1286 1287/1362/1287
f 1287/1362/1287 1284/1359/1284 1283/1358/1283
f 1285/1360/1285 1288/1363/1288 1289/1364/1289
f 1289/1364/1289 1286/1361/1286 1285/1360/1285
f 1286/1361/1286 1289/1364/1289 1290/1365/1290
f 1290/1365/1290 1287/1362/1287 1286/1361/1286
f 1288/1363/1288 1274/1349/1274 1270/1345/1270
f 1270/1345/1270 1289/1364/1289 1288/1363/1288
f 1289/1364/1289 1270/1345/1270 1273/1348/1273
f 1273/1348/1273 1290/1365/1290 1289/1364/1289
s 65
f 1291/1366/1291 1292/1367/1292 1293/1368/1293
f 1293/1368/1293 1294/1369/1294 1291/1366/1291
f 1295/1370/1295 1291/1366/1291 1294/1369/1294
f 1294/1369/1294 1296/1371/1296 1295/1370/1295
f 1297/1372/1297 1298/1373/1298 1299/1374/1299
f 1299/1374/1299 1300/1375/1300 1297/1372/1297
f 1298/1373/1298 1301/1376/1301 1302/1377/1302
f 1302/1377/1302 1299/1374/1299 1298/1373/1298
f 1300/1375/1300 1299/1374/1299 1303/1378/1303
f 1303/1378/1303 1304/1379/1304 1300/1375/1300
f 1299/1374/1299 1302/1377/1302 1305/1380/1305
f 1305/1380/1305 1303/1378/1303 1299/1374/1299
f 1304/1379/1304 1303/1378/1303 1306/1381/1306
f 1306/1381/1306 1307/1382/1307 1304/1379/1304
f 1303/1378/1303 1305/1380/1305 1308/1383/1308
f 1308/1383/1308 1306/1381/1306 1303/1378/1303
f 1307/1382/1307 1306/1381/1306 1309/1384/1309
f 1309/1384/1309 1310/1385/1310 1307/1382/1307
f 1306/1381/1306 1308/1383/1308 1311/1386/1311
f 1311/1386/1311 1309/1384/1309 1306/1381/1306
f 1310/1385/1310 1309/1384/1309 1291/1366/1291
f 1291/1366/1291 1295/1370/1295 1310/1385/1310
f 1309/1384/1309 1311/1386/1311 1292/1367/1292
f 1292/1367/1292 1291/1366/1291 1309/1384/1309
s 66
f 1312/1387/1312 1313/1388/1313 1314/1389/1314
f 1314/1389/1314 1315/1390/1315 1312/1387/1312
f 1316/1391/1316 1317/1392/1317 1313/1388/1313
f 1313/1388/1313 1312/1387/1312 1316/1391/1316
f 1318/1393/1318 1319/1394/1319 1320/1395/1320
f 1320/1395/1320 1321/1396/1321 1318/1393/1318
f 1321/1396/1321 1320/1395/1320 1322/1397/1322
f 1322/1397/1322 1323/1398/1323 1321/1396/1321
f 1319/1394/1319 1324/1399/1324 1325/1400/1325
f 1325/1400/1325 1320/1395/1320 1319/1394/1319
f 1320/1395/1320 1325/1400/1325 1326/1401/1326
f 1326/1401/1326 1322/1397/1322 1320/1395/1320
f 1324/1399/1324 1327/1402/1327 1328/1403/1328
f 1328/1403/1328 1325/1400/1325 1324/1399/1324
f 1325/1400/1325 1328/1403/1328 1329/1404/1329
f 1329/1404/1329 1326/1401/1326 1325/1400/1325
f 1327/1402/1327 1330/1405/1330 1331/1406/1331
f 1331/1406/1331 1328/1403/1328 1327/1402/1327
f 1328/1403/1328 1331/1406/1331 1332/1407/1332
f 1332/1407/1332 1329/1404/1329 1328/1403/1328
f 1330/1405/1330 1316/1391/1316 1312/1387/1312
f 1312/1387/1312 1331/1406/1331 1330/1405/1330
f 1331/1406/1331 1312/1387/1312 1315/1390/1315
f 1315/1390/1315 1332/1407/1332 1331/1406/1331
s 67
f 1333/1408/1333 1334/1409/1334 1335/1410/1335
f 1335/1410/1335 1336/1411/1336 1333/1408/1333
f 1337/1412/1337 1338/1413/1338 1334/1409/1334
f 1334/1409/1334 1333/1408/1333 1337/1412/1337
f 1339/1414/1339 1340/1415/1340 1341/1416/1341
f 1341/1416/1341 1342/1417/1342 1339/1414/1339
f 1342/1417/1342 1341/1416/1341 1343/1418/1343
f 1343/1418/1343 1344/1419/1344 1342/1417/1342
f 1340/1415/1340 1345/1420/1345 1346/1421/1346
f 1346/1421/1346 1341/1416/1341 1340/1415/1340
f 1341/1416/1341 1346/1421/1346 1347/1422/1347
f 1347/1422/1347 1343/1418/1343 1341/1416/1341
f 1345/1420/1345 1348/1423/1348 1349/1424/1349
f 1349/1424/1349 1346/1421/1346 1345/1420/1345
f 1346/1421/1346 1349/1424/1349 1350/1425/1350
f 1350/1425/1350 1347/1422/1347 1346/1421/1346
f 1348/1423/1348 1351/1426/1351 1352/1427/1352
f 1352/1427/1352 1349/1424/1349 1348/1423/1348
f 1349/1424/1349 1352/1427/1352 1353/1428/1353
f 1353/1428/1353 1350/1425/1350 1349/1424/1349
f 1351/1426/1351 1337/1412/1337 1333/1408/1333
f 1333/1408/1333 1352/1427/1352 1351/1426/1351
f 1352/1427/1352 1333/1408/1333 1336/1411/1336
f 1336/1411/1336 1353/1428/1353 1352/1427/1352
s 68
f 1354/1429/1354 1355/1430/1355 1356/1431/1356
f 1356/1431/1356 1357/1432/1357 1354/1429/1354
f 1358/1433/1358 1354/1429/1354 1357/1432/1357
f 1357/1432/1357 1359/1434/1359 1358/1433/1358
f 1360/1435/1360 1361/1436/1361 1362/1437/1362
f 1362/1437/1362 1363/1438/1363 1360/1435/1360
f 1361/1436/1361 1364/1439/1364 1365/1440/1365
f 1365/1440/1365 1362/1437/1362 1361/1436/1361
f 1363/1438/1363 1362/1437/1362 1366/1441/1366
f 1366/1441/1366 1367/1442/1367 1363/1438/1363
f 1362/1437/1362 1365/1440/1365 1368/1443/1368
f 1368/1443/1368 1366/1441/1366 1362/1437/1362
f 1367/1442/1367 1366/1441/1366 1369/1444/1369
f 1369/1444/1369 1370/1445/1370 1367/1442/1367
f 1366/1441/1366 1368/1443/1368 1371/1446/1371
f 1371/1446/1371 1369/1444/1369 1366/1441/1366
f 1370/1445/1370 1369/1444/1369 1372/1447/1372
f 1372/1447/1372 1373/1448/1373 1370/1445/1370
f 1369/1444/1369 1371/1446/1371 1374/1449/1374
f 1374/1449/1374 1372/1447/1372 1369/1444/1369
f 1373/1448/1373 1372/1447/1372 1354/1429/1354
f 1354/1429/1354 1358/1433/1358 1373/1448/1373
f 1372/1447/1372 1374/1449/1374 1355/1430/1355
f 1355/1430/1355 1354/1429/1354 1372/1447/1372
s 69
f 1375/1450/1375 1376/1451/1376 1377/1452/1377
f 1377/1452/1377 1378/1453/1378 1375/1450/1375
f 1379/1454/1379 1380/1455/1380 1376/1451/1376
f 1376/1451/1376 1375/1450/1375 1379/1454/1379
f 1381/1456/1381 1382/1457/1382 1383/1458/1383
f 1383/1458/1383 1384/1459/1384 1381/1456/1381
f 1384/1459/1384 1383/1458/1383 1385/1460/1385
f 1385/1460/1385 1386/1461/1386 1384/1459/1384
f 1382/1457/1382 1387/1462/1387 1388/1463/1388
f 1388/1463/1388 1383/1458/1383 1382/1457/1382
f 1383/1458/1383 1388/1463/1388 1389/1464/1389
f 1389/1464/1389 1385/1460/1385 1383/1458/1383
f 1387/1462/1387 1390/1465/1390 1391/1466/1391
f 1391/1466/1391 1388/1463/1388 1387/1462/1387
f 1388/1463/1388 1391/1466/1391 1392/1467/1392
f 1392/1467/1392 1389/1464/1389 1388/1463/1388
f 1390/1465/1390 1393/1468/1393 1394/1469/1394
f 1394/1469/1394 1391/1466/1391 1390/1465/1390
f 1391/1466/1391 1394/1469/1394 1395/1470/1395
f 1395/1470/1395 1392/1467/1392 1391/1466/1391
f 1393/1468/1393 1379/1454/1379 1375/1450/1375
f 1375/1450/1375 1394/1469/1394 1393/1468/1393
f 1394/1469/1394 1375/1450/1375 1378/1453/1378
f 1378/1453/1378 1395/1470/1395 1394/1469/1394
s 70
f 1396/1471/1396 1397/1472/1397 1398/1473/1398
f 1398/1473/1398 1399/1474/1399 1396/1471/1396
f 1400/1475/1400 1396/1471/1396 1399/1474/1399
f 1399/1474/1399 1401/1476/1401 1400/1475/1400
f 1402/1477/1402 1403/1478/1403 1404/1479/1404
f 1404/1479/1404 1405/1480/1405 1402/1477/1402
f 1403/1478/1403 1406/1481/1406 1407/1482/1407
f 1407/1482/1407 1404/1479/1404 1403/1478/1403
f 1405/1480/1405 1404/1479/1404 1408/1483/1408
f 1408/1483/1408 1409/1484/1409 1405/1480/1405
f 1404/1479/1404 1407/1482/1407 1410/1485/1410
f 1410/1485/1410 1408/1483/1408 1404/1479/1404
f 1409/1484/1409 1408/1483/1408 1411/1486/1411
f 1411/1486/1411 1412/1487/1412 1409/1484/1409
f 1408/1483/1408 1410/1485/1410 1413/1488/1413
f 1413/1488/1413 1411/1486/1411 1408/1483/1408
f 1412/1487/1412 1411/1486/1411 1414/1489/1414
f 1414/1489/1414 1415/1490/1415 1412/1487/1412
f 1411/1486/1411 1413/1488/1413 1416/1491/1416
f 1416/1491/1416 1414/1489/1414 1411/1486/1411
f 1415/1490/1415 1414/1489/1414 1396/1471/1396
f 1396/1471/1396 1400/1475/1400 1415/1490/1415
f 1414/1489/1414 1416/1491/1416 1397/1472/1397
f 1397/1472/1397 1396/1471/1396 1414/1489/1414
s 71
f 1417/1492/1417 1418/1493/1418 1419/1494/1419
f 1419/1494/1419 1420/1495/1420 1417/1492/1417
f 1421/1496/1421 1422/1497/1422 1418/1493/1418
f 1418/1493/1418 1417/1492/1417 1421/1496/1421
f 1423/1498/1423 1424/1499/1424 1425/1500/1425
f 1425/1500/1425 1426/1501/1426 1423/1498/1423
f 1426/1501/1426 1425/1500/1425 1427/1502/1427
f 1427/1502/1427 1428/1503/1428 1426/1501/1426
f 1424/1499/1424 1429/1504/1429 1430/1505/1430
f 1430/1505/1430 1425/1500/1425 1424/1499/1424
f 1425/1500/1425 1430/1505/1430 1431/1506/1431
f 1431/1506/1431 1427/1502/1427 1425/1500/1425
f 1429/1504/1429 1432/1507/1432 1433/1508/1433
f 1433/1508/1433 1430/1505/1430 1429/1504/1429
f 1430/1505/1430 1433/1508/1433 1434/1509/1434
f 1434/1509/1434 1431/1506/1431 1430/1505/1430
f 1432/1507/1432 1435/1510/1435 1436/1511/1436
f 1436/1511/1436 1433/1508/1433 1432/1507/1432
f 1433/1508/1433 1436/1511/1436 1437/1512/1437
f 1437/1512/1437 1434/1509/1434 1433/1508/1433
f 1435/1510/1435 1421/1496/1421 1417/1492/1417
f 1417/1492/1417 1436/1511/1436 1435/1510/1435
f 1436/1511/1436 1417/1492/1417 1420/1495/1420
f 1420/1495/1420 1437/1512/1437 1436/1511/1436
s 72
f 1438/1513/1438 1439/1514/1439 1440/1515/1440
f 1440/1515/1440 1441/1516/1441 1438/1513/1438
f 1442/1517/1442 1438/1513/1438 1441/1516/1441
f 1441/1516/1441 1443/1518/1443 1442/1517/1442
f 1444/1519/1444 1445/1520/1445 1446/1521/1446
f 1446/1521/1446 1447/1522/1447 1444/1519/1444
f 1445/1520/1445 1448/1523/1448 1449/1524/1449
f 1449/1524/1449 1446/1521/1446 1445/1520/1445
f 1447/1522/1447 1446/1521/1446 1450/1525/1450
f 1450/1525/1450 1451/1526/1451 1447/1522/1447
f 1446/1521/1446 1449/1524/1449 1452/1527/1452
f 1452/1527/1452 1450/1525/1450 1446/1521/1446
f 1451/1526/1451 1450/1525/1450 1453/1528/1453
f 1453/1528/1453 1454/1529/1454 1451/1526/1451
f 1450/1525/1450 1452/1527/1452 1455/1530/1455
f 1455/1530/1455 1453/1528/1453 1450/1525/1450
f 1454/1529/1454 1453/1528/1453 1456/1531/1456
f 1456/1531/1456 1457/1532/1457 1454/1529/1454
f 1453/1528/1453 1455/1530/1455 1458/1533/1458
f 1458/1533/1458 1456/1531/1456 1453/1528/1453
f 1457/1532/1457 1456/1531/1456 1438/1513/1438
f 1438/1513/1438 1442/1517/1442 1457/1532/1457
f 1456/1531/1456 1458/1533/1458 1439/1514/1439
f 1439/1514/1439 1438/1513/1438 1456/1531/1456
