# Blender v3.3.0 OBJ File: ''
# www.blender.org
o WheatStage01.006
v 0.010818 0.191085 0.069312
v 0.028546 0.195597 0.069434
v 0.026568 0.199008 0.074118
v 0.008583 0.193580 0.074007
v 0.008535 0.193723 0.065028
v 0.026648 0.199028 0.065147
v -0.034125 0.124539 0.064267
v -0.034029 0.141013 0.064422
v -0.029883 0.140809 0.068734
v -0.030045 0.124706 0.068584
v -0.033955 0.140991 0.073399
v -0.034170 0.124486 0.073243
v -0.030826 0.157444 0.064581
v -0.026994 0.156645 0.068883
v -0.030658 0.157386 0.073561
v -0.022114 0.172445 0.064741
v -0.018598 0.170902 0.069036
v -0.021889 0.172315 0.073726
v -0.008322 0.184694 0.064893
v -0.005368 0.182557 0.069182
v -0.008110 0.184497 0.073877
v 0.010814 0.191233 0.069321
v 0.008568 0.193688 0.073883
v 0.026580 0.199123 0.073997
v 0.028560 0.195748 0.069440
v 0.008518 0.193823 0.065162
v 0.026657 0.199137 0.065276
v -0.034575 0.124539 0.064395
v -0.030548 0.124707 0.068585
v -0.030069 0.140817 0.068739
v -0.034162 0.141021 0.064553
v -0.034626 0.124488 0.073116
v -0.034094 0.141001 0.073275
v -0.027159 0.156687 0.068891
v -0.030944 0.157471 0.064715
v -0.030782 0.157417 0.073437
v -0.018721 0.170989 0.069047
v -0.022205 0.172498 0.064878
v -0.021984 0.172374 0.073600
v -0.005443 0.182687 0.069193
v -0.008375 0.184770 0.065031
v -0.008166 0.184582 0.073752
v -0.077867 0.254759 0.143185
v -0.094151 0.263599 0.173865
v -0.100493 0.270282 0.166185
v -0.083995 0.259646 0.135046
v -0.068355 0.259926 0.143104
v -0.084984 0.270320 0.174456
v -0.028359 0.124378 0.069699
v -0.028714 0.156654 0.069724
v -0.039964 0.156254 0.073017
v -0.039555 0.124706 0.072872
v -0.044373 0.156611 0.061714
v -0.043907 0.124275 0.061483
v -0.031895 0.188846 0.075144
v -0.042841 0.187283 0.077900
v -0.047645 0.188734 0.067294
v -0.040071 0.218238 0.090129
v -0.050719 0.215214 0.092344
v -0.055880 0.217983 0.082377
v -0.052839 0.242236 0.113948
v -0.062966 0.238050 0.115190
v -0.068635 0.241851 0.106170
v -0.077879 0.255048 0.143169
v -0.083765 0.259858 0.135132
v -0.100294 0.270508 0.166314
v -0.094174 0.263895 0.173883
v -0.068574 0.260123 0.142953
v -0.085216 0.270534 0.174354
v -0.028172 0.124378 0.068801
v -0.039102 0.124708 0.071997
v -0.039804 0.156272 0.072689
v -0.028821 0.156671 0.069375
v -0.043274 0.124278 0.060807
v -0.044032 0.156632 0.061586
v -0.042705 0.187365 0.077605
v -0.032020 0.188900 0.074818
v -0.047316 0.188795 0.067191
v -0.050625 0.215385 0.092119
v -0.040226 0.218341 0.089848
v -0.055575 0.218098 0.082324
v -0.062918 0.238305 0.115050
v -0.053029 0.242386 0.113730
v -0.068367 0.242017 0.106188
v -0.172544 0.092219 0.045832
v -0.225073 0.080638 0.037320
v -0.221357 0.087818 0.025900
v -0.166064 0.098532 0.034849
v -0.169389 0.098962 0.057202
v -0.224993 0.087917 0.048184
v -0.035706 -0.008991 0.080144
v -0.035885 0.021849 0.079722
v -0.044554 0.021332 0.067420
v -0.044218 -0.008678 0.067855
v -0.032659 0.021807 0.057359
v -0.032185 -0.009090 0.057830
v -0.045208 0.052382 0.077863
v -0.053615 0.050410 0.065616
v -0.042248 0.052244 0.055451
v -0.071987 0.078562 0.073256
v -0.079688 0.074646 0.061134
v -0.069203 0.078216 0.050807
v -0.115646 0.095199 0.066004
v -0.121497 0.089610 0.054189
v -0.112801 0.094638 0.043563
v -0.172619 0.092490 0.045795
v -0.166138 0.098738 0.035152
v -0.221522 0.088016 0.026179
v -0.225223 0.080897 0.037279
v -0.169356 0.099152 0.056864
v -0.225051 0.088104 0.047844
v -0.035323 -0.008991 0.079871
v -0.043752 -0.008676 0.067916
v -0.044090 0.021359 0.067478
v -0.035505 0.021865 0.079448
v -0.031886 -0.009086 0.058192
v -0.032361 0.021827 0.057721
v -0.053182 0.050513 0.065663
v -0.044850 0.052443 0.077579
v -0.041971 0.052314 0.055811
v -0.079367 0.074847 0.061156
v -0.071695 0.078684 0.072953
v -0.068997 0.078353 0.051158
v -0.121364 0.089873 0.054179
v -0.115469 0.095369 0.065680
v -0.112722 0.094827 0.043895
v -0.065654 0.198119 -0.004518
v -0.077158 0.189115 -0.033060
v -0.070395 0.194697 -0.034639
v -0.058280 0.203027 -0.004597
v -0.070337 0.203362 0.000445
v -0.082510 0.194775 -0.029770
v -0.041694 0.119432 0.073467
v -0.041539 0.143409 0.073252
v -0.038044 0.143007 0.065281
v -0.038159 0.119676 0.065578
v -0.029506 0.143376 0.068158
v -0.029597 0.119356 0.068534
v -0.043408 0.167147 0.068082
v -0.039862 0.165614 0.060258
v -0.031431 0.167040 0.062842
v -0.049140 0.187501 0.053451
v -0.045445 0.184457 0.046014
v -0.037197 0.187232 0.048112
v -0.058614 0.200436 0.029676
v -0.054517 0.196091 0.023245
v -0.046657 0.200000 0.024369
v -0.065658 0.198329 -0.004566
v -0.058452 0.203187 -0.004543
v -0.070582 0.194852 -0.034637
v -0.077183 0.189317 -0.033147
v -0.070160 0.203509 0.000360
v -0.082360 0.194920 -0.029901
v -0.040694 0.119432 0.075425
v -0.037299 0.119677 0.067677
v -0.037934 0.143029 0.065528
v -0.041289 0.143422 0.073358
v -0.028936 0.119358 0.070640
v -0.029596 0.143392 0.068413
v -0.039756 0.165695 0.060486
v -0.043160 0.167195 0.068174
v -0.031526 0.167094 0.063087
v -0.045360 0.184613 0.046179
v -0.048903 0.187596 0.053505
v -0.037310 0.187338 0.048319
v -0.054473 0.196295 0.023308
v -0.058401 0.200568 0.029666
v -0.046797 0.200147 0.024508
v 0.008362 0.098115 0.031609
v 0.032619 0.107656 0.010876
v 0.034508 0.112719 0.017537
v 0.009791 0.102451 0.038670
v 0.001645 0.102452 0.029140
v 0.026368 0.112720 0.008014
v -0.036686 -0.008635 0.061885
v -0.034490 0.017902 0.060007
v -0.026705 0.017100 0.061582
v -0.028821 -0.008647 0.063391
v -0.026324 0.017902 0.069558
v -0.028521 -0.008635 0.071436
v -0.031428 0.043508 0.057393
v -0.024508 0.041758 0.059704
v -0.023265 0.043507 0.066941
v -0.024495 0.066868 0.051471
v -0.017746 0.064204 0.053924
v -0.016337 0.066868 0.061015
v -0.013307 0.086862 0.041913
v -0.006723 0.083331 0.044502
v -0.005154 0.086861 0.051451
v 0.008268 0.098394 0.031690
v 0.009562 0.102629 0.038546
v 0.034301 0.112912 0.017400
v 0.032542 0.107942 0.010942
v 0.001733 0.102629 0.029386
v 0.026472 0.112912 0.008240
v -0.036665 -0.008616 0.062206
v -0.029065 -0.008616 0.063600
v -0.026898 0.017169 0.061748
v -0.034466 0.017941 0.060327
v -0.028836 -0.008616 0.071366
v -0.026636 0.017941 0.069486
v -0.024709 0.041898 0.059877
v -0.031382 0.043588 0.057691
v -0.023553 0.043588 0.066850
v -0.017929 0.064404 0.054082
v -0.024449 0.066986 0.051765
v -0.016620 0.066986 0.060924
v -0.006864 0.083577 0.044624
v -0.013241 0.087013 0.042185
v -0.005412 0.087013 0.051345
v 0.036235 0.176135 0.186684
v 0.065457 0.159997 0.233462
v 0.054013 0.170001 0.238360
v 0.023247 0.184931 0.189128
v 0.042950 0.185530 0.176462
v 0.073874 0.170140 0.225983
v -0.030418 0.035106 0.056542
v -0.030625 0.078080 0.056969
v -0.034301 0.077360 0.072128
v -0.034191 0.035543 0.071569
v -0.050267 0.078021 0.069719
v -0.050224 0.034969 0.069028
v -0.025710 0.120625 0.065509
v -0.029522 0.117877 0.080426
v -0.045210 0.120433 0.078500
v -0.011022 0.157104 0.089539
v -0.015219 0.151648 0.103820
v -0.030431 0.156622 0.102693
v 0.013126 0.180287 0.128539
v 0.007906 0.172499 0.141168
v -0.006318 0.179505 0.141639
v 0.036258 0.176511 0.186768
v 0.023533 0.185217 0.188978
v 0.054344 0.170278 0.238298
v 0.065527 0.160358 0.233607
v 0.042663 0.185794 0.176667
v 0.073649 0.170400 0.226261
v -0.031330 0.035106 0.055731
v -0.034900 0.035546 0.070466
v -0.034573 0.077397 0.071727
v -0.031098 0.078102 0.056860
v -0.050585 0.034974 0.067849
v -0.050189 0.078049 0.069240
v -0.029782 0.118021 0.080056
v -0.026177 0.120710 0.065424
v -0.045119 0.120530 0.078038
v -0.015421 0.151927 0.103555
v -0.011458 0.157274 0.089518
v -0.030297 0.156812 0.102292
v 0.007808 0.172866 0.141071
v 0.012753 0.180524 0.128622
v -0.006113 0.179769 0.141352
v -0.034956 0.040795 0.070794
v -0.034364 0.040795 0.067848
v -0.034282 0.075678 0.067805
v -0.034894 0.075678 0.070851
v -0.036984 0.040795 0.066375
v -0.036990 0.075678 0.066282
v -0.039194 0.040795 0.068410
v -0.039275 0.075678 0.068387
v -0.037941 0.040795 0.071142
v -0.037979 0.075678 0.071210
v -0.039286 0.124706 0.068381
v -0.037984 0.124706 0.071218
v -0.034883 0.124706 0.070857
v -0.034268 0.124706 0.067796
v -0.036989 0.124706 0.066266
v -0.034293 -0.008616 0.071605
v -0.033464 -0.008616 0.067477
v -0.033918 0.040863 0.067715
v -0.034637 0.040863 0.071295
v -0.037134 -0.008616 0.065413
v -0.037101 0.040863 0.065924
v -0.040231 -0.008616 0.068265
v -0.039787 0.040863 0.068398
v -0.038475 -0.008616 0.072092
v -0.038265 0.040863 0.071717
v 0.018247 0.068617 0.100457
v 0.009986 0.071094 0.104261
v 0.032729 0.079526 0.117109
v 0.040824 0.076405 0.113205
v 0.016619 0.071287 0.091882
v 0.039599 0.079608 0.104862
v -0.036002 -0.008879 0.064210
v -0.032488 -0.008607 0.071286
v -0.031782 0.009359 0.071791
v -0.034965 0.009577 0.063957
v -0.040553 -0.008961 0.072335
v -0.040199 0.009532 0.073686
v -0.026170 0.026881 0.075090
v -0.028889 0.027750 0.066590
v -0.034807 0.027662 0.077893
v -0.015802 0.043141 0.081083
v -0.017996 0.044629 0.072178
v -0.024431 0.044470 0.084669
v -0.000824 0.057302 0.089637
v -0.002776 0.059397 0.080875
v -0.009177 0.059164 0.093383
v 0.018368 0.068405 0.100511
v 0.040924 0.076185 0.113251
v 0.032722 0.079347 0.117305
v 0.010003 0.070927 0.104472
v 0.016812 0.071130 0.091767
v 0.039766 0.079438 0.104738
v -0.035747 -0.008884 0.064194
v -0.034700 0.009553 0.063918
v -0.031520 0.009320 0.071929
v -0.032224 -0.008616 0.071428
v -0.040079 0.009504 0.073930
v -0.040421 -0.008969 0.072560
v -0.028623 0.027686 0.066524
v -0.025925 0.026786 0.075215
v -0.034706 0.027591 0.078149
v -0.017739 0.044529 0.072087
v -0.015588 0.042996 0.081187
v -0.024354 0.044360 0.084923
v -0.002548 0.059265 0.080773
v -0.000652 0.057118 0.089717
v -0.009126 0.059021 0.093616
v -0.078126 0.190873 -0.113532
v -0.095158 0.195385 -0.118453
v -0.091985 0.198796 -0.122426
v -0.074702 0.193367 -0.117446
v -0.077090 0.193510 -0.108789
v -0.094493 0.198815 -0.113812
v -0.036232 0.124326 -0.096497
v -0.036282 0.140800 -0.096672
v -0.039105 0.140596 -0.101947
v -0.038989 0.124494 -0.101758
v -0.033920 0.140778 -0.105333
v -0.033756 0.124274 -0.105125
v -0.039322 0.157231 -0.097694
v -0.041845 0.156433 -0.102873
v -0.037051 0.157174 -0.106383
v -0.047664 0.172232 -0.100208
v -0.049886 0.170689 -0.105295
v -0.045447 0.172102 -0.108918
v -0.060900 0.184481 -0.104092
v -0.062581 0.182345 -0.109020
v -0.058669 0.184284 -0.112797
v -0.007397 0.068495 -0.045571
v -0.016400 0.070972 -0.046866
v -0.004289 0.079404 -0.023722
v 0.004628 0.076283 -0.022600
v -0.004104 0.071165 -0.053653
v 0.008133 0.079486 -0.030270
v -0.033242 -0.009002 -0.105477
v -0.034137 -0.008730 -0.097628
v -0.033818 0.009237 -0.096820
v -0.032233 0.009455 -0.105126
v -0.041477 -0.009083 -0.101130
v -0.041914 0.009410 -0.099803
v -0.030900 0.026759 -0.091001
v -0.028564 0.027627 -0.099615
v -0.039673 0.027539 -0.093342
v -0.025453 0.043018 -0.080336
v -0.022456 0.044507 -0.089004
v -0.034645 0.044348 -0.082015
v -0.017528 0.057179 -0.065016
v -0.014405 0.059275 -0.073433
v -0.026576 0.059042 -0.066411
v -0.007325 0.068283 -0.045459
v 0.004687 0.076063 -0.022507
v -0.004401 0.079225 -0.023561
v -0.016500 0.070804 -0.046680
v -0.003880 0.071007 -0.053645
v 0.008341 0.079315 -0.030283
v -0.033019 -0.009006 -0.105352
v -0.031990 0.009431 -0.105015
v -0.033674 0.009198 -0.096562
v -0.033992 -0.008739 -0.097365
v -0.041945 0.009381 -0.099533
v -0.041489 -0.009091 -0.100869
v -0.028304 0.027564 -0.099525
v -0.030762 0.026663 -0.090764
v -0.039728 0.027468 -0.093072
v -0.022191 0.044407 -0.088941
v -0.025329 0.042874 -0.080133
v -0.034719 0.044238 -0.081760
v -0.014158 0.059143 -0.073394
v -0.017427 0.056996 -0.064856
v -0.026659 0.058899 -0.066187
v -0.078120 0.191021 -0.113540
v -0.074721 0.193476 -0.117322
v -0.092029 0.198911 -0.122313
v -0.095169 0.195536 -0.118463
v -0.077037 0.193611 -0.108914
v -0.094466 0.198925 -0.113939
v -0.035764 0.124326 -0.096498
v -0.038505 0.124495 -0.101623
v -0.038924 0.140605 -0.101901
v -0.036118 0.140808 -0.096762
v -0.033352 0.124275 -0.104880
v -0.033820 0.140788 -0.105176
v -0.041684 0.156475 -0.102836
v -0.039172 0.157258 -0.097790
v -0.036965 0.157204 -0.106230
v -0.049764 0.170776 -0.105272
v -0.047540 0.172285 -0.100315
v -0.045389 0.172161 -0.108771
v -0.062506 0.182475 -0.109011
v -0.060811 0.184558 -0.104210
v -0.058650 0.184369 -0.112661
v 0.006589 0.226997 -0.004818
v 0.023350 0.214876 0.033065
v 0.014321 0.222390 0.035492
v -0.003328 0.233603 -0.004380
v 0.012666 0.234053 -0.011706
v 0.030402 0.222495 0.028397
v -0.029154 0.121075 -0.108658
v -0.029353 0.153351 -0.108363
v -0.033696 0.152810 -0.097482
v -0.033555 0.121403 -0.097886
v -0.045312 0.153307 -0.100968
v -0.045207 0.120972 -0.101477
v -0.026606 0.185305 -0.101491
v -0.031024 0.183242 -0.090805
v -0.042484 0.185161 -0.093902
v -0.018236 0.212703 -0.082065
v -0.022873 0.208606 -0.071893
v -0.034063 0.212342 -0.074345
v -0.004421 0.230115 -0.050504
v -0.009643 0.224266 -0.041668
v -0.020269 0.229528 -0.042827
v 0.006597 0.227280 -0.004753
v -0.003099 0.233818 -0.004461
v 0.014574 0.222598 0.035481
v 0.023387 0.215147 0.033180
v 0.012431 0.234252 -0.011584
v 0.030206 0.222690 0.028580
v -0.029746 0.121075 -0.109358
v -0.033965 0.121405 -0.098781
v -0.033855 0.152838 -0.097809
v -0.029694 0.153368 -0.108494
v -0.045349 0.120975 -0.102392
v -0.045203 0.153328 -0.101316
v -0.031178 0.183349 -0.091107
v -0.026944 0.185369 -0.101604
v -0.042367 0.185234 -0.094236
v -0.022995 0.208815 -0.072111
v -0.018557 0.212831 -0.082127
v -0.033921 0.212485 -0.074629
v -0.009706 0.224542 -0.041751
v -0.004707 0.230293 -0.050482
v -0.020086 0.229726 -0.043020
v -0.137877 0.092097 -0.195102
v -0.177349 0.080515 -0.230792
v -0.168024 0.087695 -0.238360
v -0.126470 0.098410 -0.200801
v -0.141408 0.098840 -0.183843
v -0.183185 0.087795 -0.221629
v -0.041651 -0.009114 -0.091941
v -0.041573 0.021727 -0.092392
v -0.042164 0.021210 -0.107430
v -0.042119 -0.008800 -0.106882
v -0.026712 0.021685 -0.109412
v -0.026570 -0.009212 -0.108759
v -0.048389 0.052260 -0.099019
v -0.048791 0.050288 -0.113868
v -0.033725 0.052122 -0.116225
v -0.068366 0.078439 -0.117438
v -0.068243 0.074524 -0.131799
v -0.053829 0.078094 -0.134771
v -0.101075 0.095077 -0.147250
v -0.099567 0.089487 -0.160348
v -0.086492 0.094516 -0.164543
v -0.137921 0.092367 -0.195175
v -0.126697 0.098615 -0.200586
v -0.168314 0.087894 -0.238216
v -0.177453 0.080774 -0.230909
v -0.141197 0.099029 -0.184109
v -0.183050 0.087982 -0.221946
v -0.041182 -0.009114 -0.091962
v -0.041761 -0.008798 -0.106578
v -0.041807 0.021237 -0.107129
v -0.041104 0.021743 -0.092416
v -0.026516 -0.009209 -0.108293
v -0.026659 0.021705 -0.108947
v -0.048453 0.050391 -0.113594
v -0.047933 0.052321 -0.099063
v -0.033688 0.052191 -0.115772
v -0.067986 0.074724 -0.131606
v -0.067956 0.078561 -0.117533
v -0.053848 0.078230 -0.134364
v -0.099450 0.089751 -0.160284
v -0.100751 0.095247 -0.147426
v -0.086607 0.094705 -0.164221
v -0.027039 0.178847 -0.196223
v -0.022123 0.163163 -0.223753
v -0.015719 0.169324 -0.223104
v -0.020843 0.184719 -0.193857
v -0.033795 0.184133 -0.195538
v -0.028623 0.168448 -0.224900
v -0.042828 0.120216 -0.100512
v -0.043532 0.143496 -0.106216
v -0.036467 0.142185 -0.111143
v -0.035795 0.119553 -0.105501
v -0.030588 0.144361 -0.104662
v -0.029908 0.121078 -0.098781
v -0.043459 0.165334 -0.117022
v -0.036379 0.162959 -0.121537
v -0.030484 0.166093 -0.115601
v -0.041782 0.181579 -0.136884
v -0.034710 0.177829 -0.140647
v -0.028781 0.182157 -0.135525
v -0.038399 0.188385 -0.164535
v -0.031441 0.183614 -0.166952
v -0.025396 0.188809 -0.163102
v -0.027026 0.179041 -0.196315
v -0.021025 0.184858 -0.193932
v -0.015888 0.169446 -0.223230
v -0.022108 0.163339 -0.223886
v -0.033605 0.184287 -0.195557
v -0.028433 0.168588 -0.224971
v -0.042960 0.120723 -0.098377
v -0.036119 0.120067 -0.103316
v -0.036498 0.142267 -0.110886
v -0.043372 0.143565 -0.106009
v -0.030407 0.121564 -0.096686
v -0.030795 0.144409 -0.104494
v -0.036406 0.163095 -0.121311
v -0.043293 0.165435 -0.116835
v -0.030692 0.166176 -0.115453
v -0.034727 0.178023 -0.140503
v -0.041609 0.181717 -0.136746
v -0.028987 0.182281 -0.135430
v -0.031442 0.183831 -0.166925
v -0.038216 0.188544 -0.164471
v -0.025593 0.188955 -0.163088
v 0.021717 0.097993 -0.108738
v 0.053346 0.107533 -0.112961
v 0.051312 0.112597 -0.106343
v 0.019079 0.102328 -0.102034
v 0.017419 0.102329 -0.114460
v 0.049653 0.112598 -0.118761
v -0.032552 -0.008757 -0.107801
v -0.029688 0.017779 -0.108184
v -0.024009 0.016977 -0.102631
v -0.026768 -0.008769 -0.102263
v -0.028024 0.017779 -0.095729
v -0.030888 -0.008757 -0.095346
v -0.025697 0.043385 -0.108715
v -0.021144 0.041636 -0.103014
v -0.024033 0.043385 -0.096264
v -0.016659 0.066746 -0.109919
v -0.012327 0.064082 -0.104192
v -0.014996 0.066745 -0.097474
v -0.002073 0.086739 -0.111862
v 0.002047 0.083208 -0.106111
v -0.000412 0.086738 -0.099426
v 0.021594 0.098272 -0.108721
v 0.018954 0.102507 -0.102262
v 0.051213 0.112790 -0.106570
v 0.053246 0.107820 -0.112947
v 0.017359 0.102507 -0.114206
v 0.049618 0.112790 -0.118514
v -0.032709 -0.008739 -0.107520
v -0.027087 -0.008739 -0.102220
v -0.024261 0.017047 -0.102597
v -0.029841 0.017818 -0.107903
v -0.031114 -0.008739 -0.095576
v -0.028246 0.017818 -0.095959
v -0.021407 0.041775 -0.102978
v -0.025820 0.043465 -0.108440
v -0.024225 0.043465 -0.096496
v -0.012567 0.064281 -0.104159
v -0.016780 0.066864 -0.109647
v -0.015185 0.066864 -0.097703
v 0.001862 0.083455 -0.106086
v -0.002166 0.086890 -0.111598
v -0.000571 0.086890 -0.099655
v -0.048355 0.176012 0.036590
v -0.056862 0.159874 0.091737
v -0.069131 0.169879 0.089631
v -0.059860 0.184809 0.031583
v -0.036364 0.185408 0.031657
v -0.045732 0.170018 0.090034
v -0.024387 0.034984 -0.108880
v -0.024792 0.077958 -0.108634
v -0.036116 0.077237 -0.097906
v -0.035720 0.035421 -0.098316
v -0.048210 0.077899 -0.108605
v -0.047799 0.034847 -0.109162
v -0.025307 0.120502 -0.098794
v -0.036614 0.117755 -0.088344
v -0.048737 0.120310 -0.098485
v -0.026035 0.156981 -0.070640
v -0.037319 0.151526 -0.060933
v -0.049476 0.156500 -0.070145
v -0.027575 0.180164 -0.024779
v -0.039928 0.172376 -0.017013
v -0.051140 0.179383 -0.024347
v -0.048381 0.176389 0.036673
v -0.059525 0.185095 0.031614
v -0.068819 0.170156 0.089759
v -0.056882 0.160235 0.091898
v -0.036716 0.185672 0.031674
v -0.046072 0.170278 0.090145
v -0.024712 0.034983 -0.110057
v -0.035716 0.035424 -0.099627
v -0.036126 0.077275 -0.098391
v -0.025131 0.077980 -0.108983
v -0.047461 0.034851 -0.110347
v -0.047884 0.077927 -0.108964
v -0.036631 0.117899 -0.088795
v -0.025653 0.120588 -0.099119
v -0.048409 0.120407 -0.098823
v -0.037344 0.151805 -0.061265
v -0.026389 0.157151 -0.070895
v -0.049146 0.156690 -0.070408
v -0.039928 0.172743 -0.017149
v -0.027902 0.180401 -0.024912
v -0.050777 0.179646 -0.024478
v -0.035941 0.040673 -0.099382
v -0.033843 0.040673 -0.101534
v -0.033751 0.075556 -0.101525
v -0.035920 0.075556 -0.099300
v -0.035242 0.040673 -0.104194
v -0.035197 0.075556 -0.104275
v -0.038203 0.040673 -0.103686
v -0.038259 0.075556 -0.103750
v -0.038636 0.040673 -0.100712
v -0.038705 0.075556 -0.100675
v -0.038264 0.124584 -0.103761
v -0.038714 0.124584 -0.100671
v -0.035914 0.124584 -0.099289
v -0.033735 0.124584 -0.101525
v -0.035187 0.124584 -0.104288
v -0.035825 -0.008739 -0.098341
v -0.032886 -0.008739 -0.101356
v -0.033397 0.040741 -0.101403
v -0.035946 0.040741 -0.098788
v -0.034845 -0.008739 -0.105083
v -0.035096 0.040741 -0.104636
v -0.038995 -0.008739 -0.104371
v -0.038695 0.040741 -0.104018
v -0.039601 -0.008739 -0.100205
v -0.039220 0.040741 -0.100405
v 0.135052 0.161084 -0.010750
v 0.152763 0.165596 -0.011525
v 0.151025 0.169007 -0.006748
v 0.133057 0.163578 -0.005949
v 0.132555 0.163721 -0.014914
v 0.150650 0.169026 -0.015711
v 0.089911 0.094537 -0.013516
v 0.090014 0.111011 -0.013366
v 0.094373 0.110807 -0.009269
v 0.094204 0.094705 -0.009411
v 0.090542 0.110989 -0.004404
v 0.090320 0.094485 -0.004549
v 0.093222 0.127442 -0.013369
v 0.097266 0.126644 -0.009266
v 0.093843 0.127384 -0.004409
v 0.101930 0.142443 -0.013649
v 0.105659 0.140900 -0.009538
v 0.102610 0.142313 -0.004688
v 0.115713 0.154692 -0.014196
v 0.118879 0.152556 -0.010062
v 0.116378 0.154495 -0.005234
v 0.135048 0.161231 -0.010741
v 0.133035 0.163686 -0.006072
v 0.151030 0.169122 -0.006869
v 0.152777 0.165747 -0.011520
v 0.132545 0.163822 -0.014779
v 0.150666 0.169135 -0.015583
v 0.089468 0.094537 -0.013365
v 0.093702 0.094706 -0.009384
v 0.094188 0.110816 -0.009254
v 0.089888 0.111019 -0.013229
v 0.089858 0.094486 -0.004653
v 0.090397 0.110999 -0.004521
v 0.097101 0.126686 -0.009250
v 0.093111 0.127469 -0.013230
v 0.093713 0.127415 -0.004527
v 0.105536 0.140987 -0.009521
v 0.101846 0.142496 -0.013508
v 0.102508 0.142372 -0.004809
v 0.118806 0.152686 -0.010047
v 0.115666 0.154769 -0.014056
v 0.116316 0.154580 -0.005356
v 0.074007 0.071473 0.098915
v 0.067673 0.062263 0.140753
v 0.058561 0.067973 0.137893
v 0.065221 0.076493 0.093853
v 0.083022 0.076835 0.096313
v 0.076310 0.068052 0.140600
v 0.100159 -0.009009 -0.010175
v 0.099825 0.015516 -0.010029
v 0.090115 0.015104 -0.003034
v 0.090458 -0.008759 -0.003305
v 0.082017 0.015482 -0.012409
v 0.082387 -0.009087 -0.012790
v 0.098424 0.039795 -0.002600
v 0.088755 0.038227 0.004185
v 0.080579 0.039685 -0.004769
v 0.094982 0.060612 0.018731
v 0.085407 0.057499 0.024954
v 0.077108 0.060338 0.016703
v 0.089577 0.073842 0.053506
v 0.080230 0.069398 0.058256
v 0.071709 0.073397 0.051429
v 0.073978 0.071688 0.098975
v 0.065462 0.076656 0.093909
v 0.058785 0.068131 0.138022
v 0.067641 0.062469 0.140873
v 0.082752 0.076985 0.096289
v 0.076041 0.068200 0.140649
v 0.099939 -0.009009 -0.010477
v 0.090503 -0.008758 -0.003676
v 0.090157 0.015126 -0.003403
v 0.099604 0.015528 -0.010329
v 0.082673 -0.009084 -0.013031
v 0.082302 0.015498 -0.012649
v 0.088789 0.038309 0.003841
v 0.098195 0.039844 -0.002883
v 0.080862 0.039741 -0.004992
v 0.085422 0.057658 0.024699
v 0.094739 0.060709 0.018501
v 0.077387 0.060446 0.016536
v 0.080221 0.069607 0.058151
v 0.089318 0.073978 0.053368
v 0.071972 0.073547 0.051364
v 0.023263 0.151415 0.018348
v -0.002679 0.143196 0.029119
v -0.004184 0.148291 0.022961
v 0.023120 0.155895 0.011619
v 0.027837 0.156200 0.022576
v 0.000374 0.148362 0.033973
v 0.094213 0.079592 -0.004261
v 0.094016 0.101478 -0.004400
v 0.086708 0.101111 -0.007514
v 0.086979 0.079815 -0.007412
v 0.089252 0.101448 -0.015334
v 0.089596 0.079522 -0.015254
v 0.089315 0.123145 -0.002645
v 0.082140 0.121746 -0.005807
v 0.084418 0.123047 -0.013527
v 0.076015 0.141723 0.002726
v 0.069192 0.138944 -0.000576
v 0.071029 0.141478 -0.008124
v 0.054405 0.153529 0.011598
v 0.048496 0.149563 0.007920
v 0.049448 0.153131 0.000735
v 0.023218 0.151607 0.018353
v 0.023172 0.156040 0.011775
v -0.004180 0.148432 0.023132
v -0.002758 0.143380 0.029142
v 0.027758 0.156334 0.022415
v 0.000253 0.148494 0.033837
v 0.095991 0.079592 -0.005192
v 0.088887 0.079816 -0.008217
v 0.086932 0.101130 -0.007617
v 0.094110 0.101489 -0.004629
v 0.091512 0.079525 -0.015877
v 0.089486 0.101462 -0.015254
v 0.082347 0.121819 -0.005906
v 0.089397 0.123188 -0.002872
v 0.084642 0.123096 -0.013442
v 0.069342 0.139087 -0.000655
v 0.076062 0.141809 0.002509
v 0.071219 0.141574 -0.008023
v 0.048553 0.149750 0.007879
v 0.054394 0.153650 0.011404
v 0.049576 0.153265 0.000862
v 0.061202 0.076161 -0.044815
v 0.044516 0.083748 -0.063931
v 0.049798 0.087774 -0.065488
v 0.066806 0.079609 -0.046008
v 0.059295 0.079610 -0.039453
v 0.042293 0.087775 -0.058936
v 0.085649 -0.008725 -0.009244
v 0.084138 0.012376 -0.010975
v 0.085326 0.011739 -0.017178
v 0.086781 -0.008735 -0.015511
v 0.091665 0.012376 -0.017547
v 0.093176 -0.008725 -0.015816
v 0.082033 0.032738 -0.013388
v 0.083814 0.031347 -0.018910
v 0.089558 0.032738 -0.019958
v 0.077267 0.051314 -0.018852
v 0.079162 0.049195 -0.024239
v 0.084789 0.051314 -0.025418
v 0.069575 0.067213 -0.027670
v 0.071580 0.064405 -0.032926
v 0.077091 0.067212 -0.034231
v 0.061268 0.076383 -0.044740
v 0.066709 0.079751 -0.045826
v 0.049690 0.087928 -0.065322
v 0.044569 0.083976 -0.063870
v 0.059490 0.079751 -0.039525
v 0.042472 0.087928 -0.059021
v 0.085904 -0.008710 -0.009264
v 0.086950 -0.008710 -0.015319
v 0.085459 0.011794 -0.017027
v 0.084391 0.012407 -0.010997
v 0.093123 -0.008710 -0.015565
v 0.091610 0.012407 -0.017298
v 0.083953 0.031458 -0.018751
v 0.082270 0.032802 -0.013428
v 0.089488 0.032802 -0.019729
v 0.079290 0.049354 -0.024094
v 0.077501 0.051408 -0.018891
v 0.084719 0.051408 -0.025192
v 0.071678 0.064601 -0.032815
v 0.069791 0.067333 -0.027724
v 0.077009 0.067333 -0.034025
v 0.184280 0.138202 -0.068259
v 0.221233 0.125369 -0.091881
v 0.225223 0.133324 -0.082822
v 0.186330 0.145196 -0.057951
v 0.176096 0.145673 -0.073514
v 0.215217 0.133435 -0.098512
v 0.081348 0.026057 -0.014184
v 0.081690 0.060230 -0.014024
v 0.093774 0.059657 -0.011225
v 0.093329 0.026405 -0.011308
v 0.091990 0.060183 0.001490
v 0.091440 0.025948 0.001461
v 0.088440 0.094061 -0.018002
v 0.100332 0.091876 -0.015094
v 0.098931 0.093908 -0.002604
v 0.107426 0.123068 -0.029880
v 0.118816 0.118730 -0.026660
v 0.118045 0.122685 -0.014555
v 0.138237 0.141503 -0.049403
v 0.148322 0.135310 -0.045357
v 0.148814 0.140882 -0.034051
v 0.184347 0.138501 -0.068278
v 0.186209 0.145424 -0.058178
v 0.225171 0.133544 -0.083084
v 0.221349 0.125656 -0.091938
v 0.176262 0.145883 -0.073287
v 0.215440 0.133641 -0.098336
v 0.080711 0.026057 -0.013452
v 0.092457 0.026407 -0.010735
v 0.093457 0.059687 -0.011006
v 0.081607 0.060247 -0.013646
v 0.090506 0.025952 0.001758
v 0.091609 0.060205 0.001431
v 0.100041 0.091990 -0.014885
v 0.088376 0.094129 -0.017630
v 0.098563 0.093985 -0.002673
v 0.118607 0.118952 -0.026498
v 0.107412 0.123203 -0.029533
v 0.117726 0.122837 -0.014659
v 0.148246 0.135602 -0.045278
v 0.138306 0.141692 -0.049107
v 0.148584 0.141091 -0.034211
v 0.092718 0.030581 -0.010694
v 0.090371 0.030581 -0.011140
v 0.090336 0.058320 -0.011205
v 0.092763 0.058320 -0.010744
v 0.089221 0.030581 -0.009045
v 0.089148 0.058320 -0.009039
v 0.090858 0.030581 -0.007304
v 0.090840 0.058320 -0.007240
v 0.093020 0.030581 -0.008323
v 0.093075 0.058320 -0.008293
v 0.090835 0.097306 -0.007231
v 0.093081 0.097306 -0.008290
v 0.092768 0.097306 -0.010752
v 0.090329 0.097306 -0.011216
v 0.089135 0.097306 -0.009040
v 0.093358 -0.008710 -0.011228
v 0.090068 -0.008710 -0.011853
v 0.090261 0.030635 -0.011493
v 0.093114 0.030635 -0.010951
v 0.088457 -0.008710 -0.008918
v 0.088864 0.030635 -0.008948
v 0.090751 -0.008710 -0.006479
v 0.090854 0.030635 -0.006832
v 0.093780 -0.008710 -0.007906
v 0.093480 0.030635 -0.008071
v 0.115865 0.052705 -0.053243
v 0.118958 0.054675 -0.046706
v 0.128986 0.061380 -0.064896
v 0.125815 0.058898 -0.071300
v 0.109061 0.054828 -0.051878
v 0.119191 0.061445 -0.070257
v 0.087492 -0.008919 -0.009808
v 0.093089 -0.008703 -0.012660
v 0.093485 0.005583 -0.013226
v 0.087282 0.005757 -0.010630
v 0.093990 -0.008984 -0.006256
v 0.095061 0.005721 -0.006549
v 0.096062 0.019517 -0.017715
v 0.089326 0.020207 -0.015483
v 0.098362 0.020137 -0.010871
v 0.100741 0.032446 -0.026009
v 0.093679 0.033630 -0.024191
v 0.103664 0.033503 -0.019178
v 0.107420 0.043707 -0.037990
v 0.100468 0.045373 -0.036365
v 0.110467 0.045188 -0.031378
v 0.115907 0.052536 -0.053340
v 0.125851 0.058723 -0.071380
v 0.129142 0.061237 -0.064892
v 0.119126 0.054541 -0.046721
v 0.108968 0.054703 -0.052030
v 0.119091 0.061309 -0.070389
v 0.087477 -0.008923 -0.010010
v 0.087249 0.005738 -0.010841
v 0.093593 0.005552 -0.013435
v 0.093200 -0.008710 -0.012871
v 0.095254 0.005698 -0.006646
v 0.094168 -0.008991 -0.006363
v 0.089271 0.020157 -0.015695
v 0.096159 0.019441 -0.017911
v 0.098565 0.020081 -0.010954
v 0.093604 0.033550 -0.024394
v 0.100822 0.032331 -0.026180
v 0.103866 0.033416 -0.019241
v 0.100386 0.045268 -0.036545
v 0.107482 0.043561 -0.038127
v 0.110652 0.045074 -0.031421
vt 0.637000 0.748600
vt 0.637000 0.892600
vt 0.683200 0.892600
vt 0.683200 0.748600
vt 0.594800 0.748600
vt 0.594800 0.892600
vt 0.594800 0.028600
vt 0.594800 0.172600
vt 0.637000 0.172600
vt 0.637000 0.028600
vt 0.683200 0.172600
vt 0.683200 0.028600
vt 0.594800 0.316600
vt 0.637000 0.316600
vt 0.683200 0.316600
vt 0.594800 0.460600
vt 0.637000 0.460600
vt 0.683200 0.460600
vt 0.594800 0.604600
vt 0.637000 0.604600
vt 0.683200 0.604600
vt 0.637000 0.748600
vt 0.683200 0.748600
vt 0.683200 0.892600
vt 0.637000 0.892600
vt 0.594800 0.748600
vt 0.594800 0.892600
vt 0.594800 0.028600
vt 0.637000 0.028600
vt 0.637000 0.172600
vt 0.594800 0.172600
vt 0.683200 0.028600
vt 0.683200 0.172600
vt 0.637000 0.316600
vt 0.594800 0.316600
vt 0.683200 0.316600
vt 0.637000 0.460600
vt 0.594800 0.460600
vt 0.683200 0.460600
vt 0.637000 0.604600
vt 0.594800 0.604600
vt 0.683200 0.604600
vt 0.637000 0.748600
vt 0.637000 0.892600
vt 0.683200 0.892600
vt 0.683200 0.748600
vt 0.594800 0.748600
vt 0.594800 0.892600
vt 0.594800 0.028600
vt 0.594800 0.172600
vt 0.637000 0.172600
vt 0.637000 0.028600
vt 0.683200 0.172600
vt 0.683200 0.028600
vt 0.594800 0.316600
vt 0.637000 0.316600
vt 0.683200 0.316600
vt 0.594800 0.460600
vt 0.637000 0.460600
vt 0.683200 0.460600
vt 0.594800 0.604600
vt 0.637000 0.604600
vt 0.683200 0.604600
vt 0.637000 0.748600
vt 0.683200 0.748600
vt 0.683200 0.892600
vt 0.637000 0.892600
vt 0.594800 0.748600
vt 0.594800 0.892600
vt 0.594800 0.028600
vt 0.637000 0.028600
vt 0.637000 0.172600
vt 0.594800 0.172600
vt 0.683200 0.028600
vt 0.683200 0.172600
vt 0.637000 0.316600
vt 0.594800 0.316600
vt 0.683200 0.316600
vt 0.637000 0.460600
vt 0.594800 0.460600
vt 0.683200 0.460600
vt 0.637000 0.604600
vt 0.594800 0.604600
vt 0.683200 0.604600
vt 0.637000 0.748600
vt 0.637000 0.892600
vt 0.683200 0.892600
vt 0.683200 0.748600
vt 0.594800 0.748600
vt 0.594800 0.892600
vt 0.594800 0.028600
vt 0.594800 0.172600
vt 0.637000 0.172600
vt 0.637000 0.028600
vt 0.683200 0.172600
vt 0.683200 0.028600
vt 0.594800 0.316600
vt 0.637000 0.316600
vt 0.683200 0.316600
vt 0.594800 0.460600
vt 0.637000 0.460600
vt 0.683200 0.460600
vt 0.594800 0.604600
vt 0.637000 0.604600
vt 0.683200 0.604600
vt 0.637000 0.748600
vt 0.683200 0.748600
vt 0.683200 0.892600
vt 0.637000 0.892600
vt 0.594800 0.748600
vt 0.594800 0.892600
vt 0.594800 0.028600
vt 0.637000 0.028600
vt 0.637000 0.172600
vt 0.594800 0.172600
vt 0.683200 0.028600
vt 0.683200 0.172600
vt 0.637000 0.316600
vt 0.594800 0.316600
vt 0.683200 0.316600
vt 0.637000 0.460600
vt 0.594800 0.460600
vt 0.683200 0.460600
vt 0.637000 0.604600
vt 0.594800 0.604600
vt 0.683200 0.604600
vt 0.637000 0.748600
vt 0.637000 0.892600
vt 0.683200 0.892600
vt 0.683200 0.748600
vt 0.594800 0.748600
vt 0.594800 0.892600
vt 0.594800 0.028600
vt 0.594800 0.172600
vt 0.637000 0.172600
vt 0.637000 0.028600
vt 0.683200 0.172600
vt 0.683200 0.028600
vt 0.594800 0.316600
vt 0.637000 0.316600
vt 0.683200 0.316600
vt 0.594800 0.460600
vt 0.637000 0.460600
vt 0.683200 0.460600
vt 0.594800 0.604600
vt 0.637000 0.604600
vt 0.683200 0.604600
vt 0.637000 0.748600
vt 0.683200 0.748600
vt 0.683200 0.892600
vt 0.637000 0.892600
vt 0.594800 0.748600
vt 0.594800 0.892600
vt 0.594800 0.028600
vt 0.637000 0.028600
vt 0.637000 0.172600
vt 0.594800 0.172600
vt 0.683200 0.028600
vt 0.683200 0.172600
vt 0.637000 0.316600
vt 0.594800 0.316600
vt 0.683200 0.316600
vt 0.637000 0.460600
vt 0.594800 0.460600
vt 0.683200 0.460600
vt 0.637000 0.604600
vt 0.594800 0.604600
vt 0.683200 0.604600
vt 0.760700 0.739400
vt 0.760700 0.881600
vt 0.791700 0.881600
vt 0.791700 0.739400
vt 0.730000 0.739400
vt 0.730000 0.881600
vt 0.730000 0.028600
vt 0.730000 0.170800
vt 0.760700 0.170800
vt 0.760700 0.028600
vt 0.791700 0.170800
vt 0.791700 0.028600
vt 0.730000 0.312900
vt 0.760700 0.312900
vt 0.791700 0.312900
vt 0.730000 0.455100
vt 0.760700 0.455100
vt 0.791700 0.455100
vt 0.730000 0.597200
vt 0.760700 0.597200
vt 0.791700 0.597200
vt 0.760700 0.739400
vt 0.791700 0.739400
vt 0.791700 0.881600
vt 0.760700 0.881600
vt 0.730000 0.739400
vt 0.730000 0.881600
vt 0.730000 0.028600
vt 0.760700 0.028600
vt 0.760700 0.170800
vt 0.730000 0.170800
vt 0.791700 0.028600
vt 0.791700 0.170800
vt 0.760700 0.312900
vt 0.730000 0.312900
vt 0.791700 0.312900
vt 0.760700 0.455100
vt 0.730000 0.455100
vt 0.791700 0.455100
vt 0.760700 0.597200
vt 0.730000 0.597200
vt 0.791700 0.597200
vt 0.637000 0.748600
vt 0.637000 0.892600
vt 0.683200 0.892600
vt 0.683200 0.748600
vt 0.594800 0.748600
vt 0.594800 0.892600
vt 0.594800 0.028600
vt 0.594800 0.172600
vt 0.637000 0.172600
vt 0.637000 0.028600
vt 0.683200 0.172600
vt 0.683200 0.028600
vt 0.594800 0.316600
vt 0.637000 0.316600
vt 0.683200 0.316600
vt 0.594800 0.460600
vt 0.637000 0.460600
vt 0.683200 0.460600
vt 0.594800 0.604600
vt 0.637000 0.604600
vt 0.683200 0.604600
vt 0.637000 0.748600
vt 0.683200 0.748600
vt 0.683200 0.892600
vt 0.637000 0.892600
vt 0.594800 0.748600
vt 0.594800 0.892600
vt 0.594800 0.028600
vt 0.637000 0.028600
vt 0.637000 0.172600
vt 0.594800 0.172600
vt 0.683200 0.028600
vt 0.683200 0.172600
vt 0.637000 0.316600
vt 0.594800 0.316600
vt 0.683200 0.316600
vt 0.637000 0.460600
vt 0.594800 0.460600
vt 0.683200 0.460600
vt 0.637000 0.604600
vt 0.594800 0.604600
vt 0.683200 0.604600
vt 0.031700 0.508000
vt 0.045600 0.508000
vt 0.045600 0.631200
vt 0.031700 0.631200
vt 0.059600 0.508000
vt 0.059600 0.631200
vt 0.073500 0.508000
vt 0.073500 0.631200
vt 0.087500 0.508000
vt 0.087500 0.631200
vt 0.101400 0.508000
vt 0.101400 0.631200
vt 0.059700 0.993500
vt 0.061500 0.991700
vt 0.067400 0.991700
vt 0.069100 0.993500
vt 0.064400 0.994600
vt 0.087500 0.993800
vt 0.073500 0.993800
vt 0.059600 0.993800
vt 0.045600 0.993800
vt 0.031700 0.993800
vt 0.101400 0.993800
vt 0.031700 0.508000
vt 0.045600 0.508000
vt 0.045600 0.993800
vt 0.031700 0.993800
vt 0.059600 0.508000
vt 0.059600 0.993800
vt 0.073500 0.508000
vt 0.073500 0.993800
vt 0.087500 0.508000
vt 0.087500 0.993800
vt 0.101400 0.508000
vt 0.101400 0.993800
vt 0.059700 0.993500
vt 0.061500 0.991700
vt 0.067400 0.991700
vt 0.069100 0.993500
vt 0.064400 0.994600
vt 0.637000 0.748600
vt 0.683200 0.748600
vt 0.683200 0.892600
vt 0.637000 0.892600
vt 0.594800 0.748600
vt 0.594800 0.892600
vt 0.594800 0.028600
vt 0.637000 0.028600
vt 0.637000 0.172600
vt 0.594800 0.172600
vt 0.683200 0.028600
vt 0.683200 0.172600
vt 0.637000 0.316600
vt 0.594800 0.316600
vt 0.683200 0.316600
vt 0.637000 0.460600
vt 0.594800 0.460600
vt 0.683200 0.460600
vt 0.637000 0.604600
vt 0.594800 0.604600
vt 0.683200 0.604600
vt 0.637000 0.748600
vt 0.637000 0.892600
vt 0.683200 0.892600
vt 0.683200 0.748600
vt 0.594800 0.748600
vt 0.594800 0.892600
vt 0.594800 0.028600
vt 0.594800 0.172600
vt 0.637000 0.172600
vt 0.637000 0.028600
vt 0.683200 0.172600
vt 0.683200 0.028600
vt 0.594800 0.316600
vt 0.637000 0.316600
vt 0.683200 0.316600
vt 0.594800 0.460600
vt 0.637000 0.460600
vt 0.683200 0.460600
vt 0.594800 0.604600
vt 0.637000 0.604600
vt 0.683200 0.604600
vt 0.637000 0.748600
vt 0.637000 0.892600
vt 0.683200 0.892600
vt 0.683200 0.748600
vt 0.594800 0.748600
vt 0.594800 0.892600
vt 0.594800 0.028600
vt 0.594800 0.172600
vt 0.637000 0.172600
vt 0.637000 0.028600
vt 0.683200 0.172600
vt 0.683200 0.028600
vt 0.594800 0.316600
vt 0.637000 0.316600
vt 0.683200 0.316600
vt 0.594800 0.460600
vt 0.637000 0.460600
vt 0.683200 0.460600
vt 0.594800 0.604600
vt 0.637000 0.604600
vt 0.683200 0.604600
vt 0.637000 0.748600
vt 0.683200 0.748600
vt 0.683200 0.892600
vt 0.637000 0.892600
vt 0.594800 0.748600
vt 0.594800 0.892600
vt 0.594800 0.028600
vt 0.637000 0.028600
vt 0.637000 0.172600
vt 0.594800 0.172600
vt 0.683200 0.028600
vt 0.683200 0.172600
vt 0.637000 0.316600
vt 0.594800 0.316600
vt 0.683200 0.316600
vt 0.637000 0.460600
vt 0.594800 0.460600
vt 0.683200 0.460600
vt 0.637000 0.604600
vt 0.594800 0.604600
vt 0.683200 0.604600
vt 0.637000 0.748600
vt 0.637000 0.892600
vt 0.683200 0.892600
vt 0.683200 0.748600
vt 0.594800 0.748600
vt 0.594800 0.892600
vt 0.594800 0.028600
vt 0.594800 0.172600
vt 0.637000 0.172600
vt 0.637000 0.028600
vt 0.683200 0.172600
vt 0.683200 0.028600
vt 0.594800 0.316600
vt 0.637000 0.316600
vt 0.683200 0.316600
vt 0.594800 0.460600
vt 0.637000 0.460600
vt 0.683200 0.460600
vt 0.594800 0.604600
vt 0.637000 0.604600
vt 0.683200 0.604600
vt 0.637000 0.748600
vt 0.683200 0.748600
vt 0.683200 0.892600
vt 0.637000 0.892600
vt 0.594800 0.748600
vt 0.594800 0.892600
vt 0.594800 0.028600
vt 0.637000 0.028600
vt 0.637000 0.172600
vt 0.594800 0.172600
vt 0.683200 0.028600
vt 0.683200 0.172600
vt 0.637000 0.316600
vt 0.594800 0.316600
vt 0.683200 0.316600
vt 0.637000 0.460600
vt 0.594800 0.460600
vt 0.683200 0.460600
vt 0.637000 0.604600
vt 0.594800 0.604600
vt 0.683200 0.604600
vt 0.637000 0.748600
vt 0.637000 0.892600
vt 0.683200 0.892600
vt 0.683200 0.748600
vt 0.594800 0.748600
vt 0.594800 0.892600
vt 0.594800 0.028600
vt 0.594800 0.172600
vt 0.637000 0.172600
vt 0.637000 0.028600
vt 0.683200 0.172600
vt 0.683200 0.028600
vt 0.594800 0.316600
vt 0.637000 0.316600
vt 0.683200 0.316600
vt 0.594800 0.460600
vt 0.637000 0.460600
vt 0.683200 0.460600
vt 0.594800 0.604600
vt 0.637000 0.604600
vt 0.683200 0.604600
vt 0.637000 0.748600
vt 0.683200 0.748600
vt 0.683200 0.892600
vt 0.637000 0.892600
vt 0.594800 0.748600
vt 0.594800 0.892600
vt 0.594800 0.028600
vt 0.637000 0.028600
vt 0.637000 0.172600
vt 0.594800 0.172600
vt 0.683200 0.028600
vt 0.683200 0.172600
vt 0.637000 0.316600
vt 0.594800 0.316600
vt 0.683200 0.316600
vt 0.637000 0.460600
vt 0.594800 0.460600
vt 0.683200 0.460600
vt 0.637000 0.604600
vt 0.594800 0.604600
vt 0.683200 0.604600
vt 0.637000 0.748600
vt 0.637000 0.892600
vt 0.683200 0.892600
vt 0.683200 0.748600
vt 0.594800 0.748600
vt 0.594800 0.892600
vt 0.594800 0.028600
vt 0.594800 0.172600
vt 0.637000 0.172600
vt 0.637000 0.028600
vt 0.683200 0.172600
vt 0.683200 0.028600
vt 0.594800 0.316600
vt 0.637000 0.316600
vt 0.683200 0.316600
vt 0.594800 0.460600
vt 0.637000 0.460600
vt 0.683200 0.460600
vt 0.594800 0.604600
vt 0.637000 0.604600
vt 0.683200 0.604600
vt 0.637000 0.748600
vt 0.683200 0.748600
vt 0.683200 0.892600
vt 0.637000 0.892600
vt 0.594800 0.748600
vt 0.594800 0.892600
vt 0.594800 0.028600
vt 0.637000 0.028600
vt 0.637000 0.172600
vt 0.594800 0.172600
vt 0.683200 0.028600
vt 0.683200 0.172600
vt 0.637000 0.316600
vt 0.594800 0.316600
vt 0.683200 0.316600
vt 0.637000 0.460600
vt 0.594800 0.460600
vt 0.683200 0.460600
vt 0.637000 0.604600
vt 0.594800 0.604600
vt 0.683200 0.604600
vt 0.637000 0.748600
vt 0.637000 0.892600
vt 0.683200 0.892600
vt 0.683200 0.748600
vt 0.594800 0.748600
vt 0.594800 0.892600
vt 0.594800 0.028600
vt 0.594800 0.172600
vt 0.637000 0.172600
vt 0.637000 0.028600
vt 0.683200 0.172600
vt 0.683200 0.028600
vt 0.594800 0.316600
vt 0.637000 0.316600
vt 0.683200 0.316600
vt 0.594800 0.460600
vt 0.637000 0.460600
vt 0.683200 0.460600
vt 0.594800 0.604600
vt 0.637000 0.604600
vt 0.683200 0.604600
vt 0.637000 0.748600
vt 0.683200 0.748600
vt 0.683200 0.892600
vt 0.637000 0.892600
vt 0.594800 0.748600
vt 0.594800 0.892600
vt 0.594800 0.028600
vt 0.637000 0.028600
vt 0.637000 0.172600
vt 0.594800 0.172600
vt 0.683200 0.028600
vt 0.683200 0.172600
vt 0.637000 0.316600
vt 0.594800 0.316600
vt 0.683200 0.316600
vt 0.637000 0.460600
vt 0.594800 0.460600
vt 0.683200 0.460600
vt 0.637000 0.604600
vt 0.594800 0.604600
vt 0.683200 0.604600
vt 0.760700 0.739400
vt 0.760700 0.881600
vt 0.791700 0.881600
vt 0.791700 0.739400
vt 0.730000 0.739400
vt 0.730000 0.881600
vt 0.730000 0.028600
vt 0.730000 0.170800
vt 0.760700 0.170800
vt 0.760700 0.028600
vt 0.791700 0.170800
vt 0.791700 0.028600
vt 0.730000 0.312900
vt 0.760700 0.312900
vt 0.791700 0.312900
vt 0.730000 0.455100
vt 0.760700 0.455100
vt 0.791700 0.455100
vt 0.730000 0.597200
vt 0.760700 0.597200
vt 0.791700 0.597200
vt 0.760700 0.739400
vt 0.791700 0.739400
vt 0.791700 0.881600
vt 0.760700 0.881600
vt 0.730000 0.739400
vt 0.730000 0.881600
vt 0.730000 0.028600
vt 0.760700 0.028600
vt 0.760700 0.170800
vt 0.730000 0.170800
vt 0.791700 0.028600
vt 0.791700 0.170800
vt 0.760700 0.312900
vt 0.730000 0.312900
vt 0.791700 0.312900
vt 0.760700 0.455100
vt 0.730000 0.455100
vt 0.791700 0.455100
vt 0.760700 0.597200
vt 0.730000 0.597200
vt 0.791700 0.597200
vt 0.637000 0.748600
vt 0.637000 0.892600
vt 0.683200 0.892600
vt 0.683200 0.748600
vt 0.594800 0.748600
vt 0.594800 0.892600
vt 0.594800 0.028600
vt 0.594800 0.172600
vt 0.637000 0.172600
vt 0.637000 0.028600
vt 0.683200 0.172600
vt 0.683200 0.028600
vt 0.594800 0.316600
vt 0.637000 0.316600
vt 0.683200 0.316600
vt 0.594800 0.460600
vt 0.637000 0.460600
vt 0.683200 0.460600
vt 0.594800 0.604600
vt 0.637000 0.604600
vt 0.683200 0.604600
vt 0.637000 0.748600
vt 0.683200 0.748600
vt 0.683200 0.892600
vt 0.637000 0.892600
vt 0.594800 0.748600
vt 0.594800 0.892600
vt 0.594800 0.028600
vt 0.637000 0.028600
vt 0.637000 0.172600
vt 0.594800 0.172600
vt 0.683200 0.028600
vt 0.683200 0.172600
vt 0.637000 0.316600
vt 0.594800 0.316600
vt 0.683200 0.316600
vt 0.637000 0.460600
vt 0.594800 0.460600
vt 0.683200 0.460600
vt 0.637000 0.604600
vt 0.594800 0.604600
vt 0.683200 0.604600
vt 0.031700 0.508000
vt 0.045600 0.508000
vt 0.045600 0.631200
vt 0.031700 0.631200
vt 0.059600 0.508000
vt 0.059600 0.631200
vt 0.073500 0.508000
vt 0.073500 0.631200
vt 0.087500 0.508000
vt 0.087500 0.631200
vt 0.101400 0.508000
vt 0.101400 0.631200
vt 0.059700 0.993500
vt 0.061500 0.991700
vt 0.067400 0.991700
vt 0.069100 0.993500
vt 0.064400 0.994600
vt 0.087500 0.993800
vt 0.073500 0.993800
vt 0.059600 0.993800
vt 0.045600 0.993800
vt 0.031700 0.993800
vt 0.101400 0.993800
vt 0.031700 0.508000
vt 0.045600 0.508000
vt 0.045600 0.993800
vt 0.031700 0.993800
vt 0.059600 0.508000
vt 0.059600 0.993800
vt 0.073500 0.508000
vt 0.073500 0.993800
vt 0.087500 0.508000
vt 0.087500 0.993800
vt 0.101400 0.508000
vt 0.101400 0.993800
vt 0.059700 0.993500
vt 0.061500 0.991700
vt 0.067400 0.991700
vt 0.069100 0.993500
vt 0.064400 0.994600
vt 0.637000 0.748600
vt 0.637000 0.892600
vt 0.683200 0.892600
vt 0.683200 0.748600
vt 0.594800 0.748600
vt 0.594800 0.892600
vt 0.594800 0.028600
vt 0.594800 0.172600
vt 0.637000 0.172600
vt 0.637000 0.028600
vt 0.683200 0.172600
vt 0.683200 0.028600
vt 0.594800 0.316600
vt 0.637000 0.316600
vt 0.683200 0.316600
vt 0.594800 0.460600
vt 0.637000 0.460600
vt 0.683200 0.460600
vt 0.594800 0.604600
vt 0.637000 0.604600
vt 0.683200 0.604600
vt 0.637000 0.748600
vt 0.683200 0.748600
vt 0.683200 0.892600
vt 0.637000 0.892600
vt 0.594800 0.748600
vt 0.594800 0.892600
vt 0.594800 0.028600
vt 0.637000 0.028600
vt 0.637000 0.172600
vt 0.594800 0.172600
vt 0.683200 0.028600
vt 0.683200 0.172600
vt 0.637000 0.316600
vt 0.594800 0.316600
vt 0.683200 0.316600
vt 0.637000 0.460600
vt 0.594800 0.460600
vt 0.683200 0.460600
vt 0.637000 0.604600
vt 0.594800 0.604600
vt 0.683200 0.604600
vt 0.637000 0.748600
vt 0.637000 0.892600
vt 0.683200 0.892600
vt 0.683200 0.748600
vt 0.594800 0.748600
vt 0.594800 0.892600
vt 0.594800 0.028600
vt 0.594800 0.172600
vt 0.637000 0.172600
vt 0.637000 0.028600
vt 0.683200 0.172600
vt 0.683200 0.028600
vt 0.594800 0.316600
vt 0.637000 0.316600
vt 0.683200 0.316600
vt 0.594800 0.460600
vt 0.637000 0.460600
vt 0.683200 0.460600
vt 0.594800 0.604600
vt 0.637000 0.604600
vt 0.683200 0.604600
vt 0.637000 0.748600
vt 0.683200 0.748600
vt 0.683200 0.892600
vt 0.637000 0.892600
vt 0.594800 0.748600
vt 0.594800 0.892600
vt 0.594800 0.028600
vt 0.637000 0.028600
vt 0.637000 0.172600
vt 0.594800 0.172600
vt 0.683200 0.028600
vt 0.683200 0.172600
vt 0.637000 0.316600
vt 0.594800 0.316600
vt 0.683200 0.316600
vt 0.637000 0.460600
vt 0.594800 0.460600
vt 0.683200 0.460600
vt 0.637000 0.604600
vt 0.594800 0.604600
vt 0.683200 0.604600
vt 0.637000 0.748600
vt 0.637000 0.892600
vt 0.683200 0.892600
vt 0.683200 0.748600
vt 0.594800 0.748600
vt 0.594800 0.892600
vt 0.594800 0.028600
vt 0.594800 0.172600
vt 0.637000 0.172600
vt 0.637000 0.028600
vt 0.683200 0.172600
vt 0.683200 0.028600
vt 0.594800 0.316600
vt 0.637000 0.316600
vt 0.683200 0.316600
vt 0.594800 0.460600
vt 0.637000 0.460600
vt 0.683200 0.460600
vt 0.594800 0.604600
vt 0.637000 0.604600
vt 0.683200 0.604600
vt 0.637000 0.748600
vt 0.683200 0.748600
vt 0.683200 0.892600
vt 0.637000 0.892600
vt 0.594800 0.748600
vt 0.594800 0.892600
vt 0.594800 0.028600
vt 0.637000 0.028600
vt 0.637000 0.172600
vt 0.594800 0.172600
vt 0.683200 0.028600
vt 0.683200 0.172600
vt 0.637000 0.316600
vt 0.594800 0.316600
vt 0.683200 0.316600
vt 0.637000 0.460600
vt 0.594800 0.460600
vt 0.683200 0.460600
vt 0.637000 0.604600
vt 0.594800 0.604600
vt 0.683200 0.604600
vt 0.760700 0.739400
vt 0.760700 0.881600
vt 0.791700 0.881600
vt 0.791700 0.739400
vt 0.730000 0.739400
vt 0.730000 0.881600
vt 0.730000 0.028600
vt 0.730000 0.170800
vt 0.760700 0.170800
vt 0.760700 0.028600
vt 0.791700 0.170800
vt 0.791700 0.028600
vt 0.730000 0.312900
vt 0.760700 0.312900
vt 0.791700 0.312900
vt 0.730000 0.455100
vt 0.760700 0.455100
vt 0.791700 0.455100
vt 0.730000 0.597200
vt 0.760700 0.597200
vt 0.791700 0.597200
vt 0.760700 0.739400
vt 0.791700 0.739400
vt 0.791700 0.881600
vt 0.760700 0.881600
vt 0.730000 0.739400
vt 0.730000 0.881600
vt 0.730000 0.028600
vt 0.760700 0.028600
vt 0.760700 0.170800
vt 0.730000 0.170800
vt 0.791700 0.028600
vt 0.791700 0.170800
vt 0.760700 0.312900
vt 0.730000 0.312900
vt 0.791700 0.312900
vt 0.760700 0.455100
vt 0.730000 0.455100
vt 0.791700 0.455100
vt 0.760700 0.597200
vt 0.730000 0.597200
vt 0.791700 0.597200
vt 0.637000 0.748600
vt 0.637000 0.892600
vt 0.683200 0.892600
vt 0.683200 0.748600
vt 0.594800 0.748600
vt 0.594800 0.892600
vt 0.594800 0.028600
vt 0.594800 0.172600
vt 0.637000 0.172600
vt 0.637000 0.028600
vt 0.683200 0.172600
vt 0.683200 0.028600
vt 0.594800 0.316600
vt 0.637000 0.316600
vt 0.683200 0.316600
vt 0.594800 0.460600
vt 0.637000 0.460600
vt 0.683200 0.460600
vt 0.594800 0.604600
vt 0.637000 0.604600
vt 0.683200 0.604600
vt 0.637000 0.748600
vt 0.683200 0.748600
vt 0.683200 0.892600
vt 0.637000 0.892600
vt 0.594800 0.748600
vt 0.594800 0.892600
vt 0.594800 0.028600
vt 0.637000 0.028600
vt 0.637000 0.172600
vt 0.594800 0.172600
vt 0.683200 0.028600
vt 0.683200 0.172600
vt 0.637000 0.316600
vt 0.594800 0.316600
vt 0.683200 0.316600
vt 0.637000 0.460600
vt 0.594800 0.460600
vt 0.683200 0.460600
vt 0.637000 0.604600
vt 0.594800 0.604600
vt 0.683200 0.604600
vt 0.031700 0.508000
vt 0.045600 0.508000
vt 0.045600 0.631200
vt 0.031700 0.631200
vt 0.059600 0.508000
vt 0.059600 0.631200
vt 0.073500 0.508000
vt 0.073500 0.631200
vt 0.087500 0.508000
vt 0.087500 0.631200
vt 0.101400 0.508000
vt 0.101400 0.631200
vt 0.059700 0.993500
vt 0.061500 0.991700
vt 0.067400 0.991700
vt 0.069100 0.993500
vt 0.064400 0.994600
vt 0.087500 0.993800
vt 0.073500 0.993800
vt 0.059600 0.993800
vt 0.045600 0.993800
vt 0.031700 0.993800
vt 0.101400 0.993800
vt 0.031700 0.508000
vt 0.045600 0.508000
vt 0.045600 0.993800
vt 0.031700 0.993800
vt 0.059600 0.508000
vt 0.059600 0.993800
vt 0.073500 0.508000
vt 0.073500 0.993800
vt 0.087500 0.508000
vt 0.087500 0.993800
vt 0.101400 0.508000
vt 0.101400 0.993800
vt 0.059700 0.993500
vt 0.061500 0.991700
vt 0.067400 0.991700
vt 0.069100 0.993500
vt 0.064400 0.994600
vt 0.637000 0.748600
vt 0.683200 0.748600
vt 0.683200 0.892600
vt 0.637000 0.892600
vt 0.594800 0.748600
vt 0.594800 0.892600
vt 0.594800 0.028600
vt 0.637000 0.028600
vt 0.637000 0.172600
vt 0.594800 0.172600
vt 0.683200 0.028600
vt 0.683200 0.172600
vt 0.637000 0.316600
vt 0.594800 0.316600
vt 0.683200 0.316600
vt 0.637000 0.460600
vt 0.594800 0.460600
vt 0.683200 0.460600
vt 0.637000 0.604600
vt 0.594800 0.604600
vt 0.683200 0.604600
vt 0.637000 0.748600
vt 0.637000 0.892600
vt 0.683200 0.892600
vt 0.683200 0.748600
vt 0.594800 0.748600
vt 0.594800 0.892600
vt 0.594800 0.028600
vt 0.594800 0.172600
vt 0.637000 0.172600
vt 0.637000 0.028600
vt 0.683200 0.172600
vt 0.683200 0.028600
vt 0.594800 0.316600
vt 0.637000 0.316600
vt 0.683200 0.316600
vt 0.594800 0.460600
vt 0.637000 0.460600
vt 0.683200 0.460600
vt 0.594800 0.604600
vt 0.637000 0.604600
vt 0.683200 0.604600
vn 0.3546 -0.9346 -0.0259
vn 0.2602 -0.9654 -0.0139
vn 0.1973 -0.7645 0.6136
vn 0.3215 -0.7666 0.5559
vn 0.3023 -0.7254 -0.6184
vn 0.2136 -0.7144 -0.6663
vn 0.7254 -0.0002 -0.6883
vn 0.7199 -0.0603 -0.6914
vn 0.9946 -0.0997 -0.0272
vn 0.9998 -0.0111 -0.0192
vn 0.7486 -0.0836 0.6577
vn 0.7490 -0.0160 0.6624
vn 0.6988 -0.2489 -0.6706
vn 0.9316 -0.3618 -0.0365
vn 0.7329 -0.2729 0.6232
vn 0.5957 -0.4640 -0.6556
vn 0.7590 -0.6498 -0.0413
vn 0.6262 -0.5074 0.5920
vn 0.4567 -0.6284 -0.6297
vn 0.5568 -0.8296 -0.0416
vn 0.4805 -0.6756 0.5592
vn -0.3537 0.9350 0.0258
vn -0.3196 0.7623 -0.5627
vn -0.1957 0.7590 -0.6209
vn -0.2602 0.9655 0.0139
vn -0.3007 0.7202 0.6252
vn -0.2118 0.7084 0.6733
vn -0.7197 0.0140 0.6941
vn -0.9993 0.0305 0.0196
vn -0.9936 0.1099 0.0272
vn -0.7136 0.0666 0.6974
vn -0.7437 0.0304 -0.6679
vn -0.7427 0.0905 -0.6635
vn -0.9312 0.3627 0.0365
vn -0.6934 0.2472 0.6768
vn -0.7279 0.2716 -0.6296
vn -0.7584 0.6505 0.0413
vn -0.5914 0.4604 0.6620
vn -0.6221 0.5043 -0.5988
vn -0.5560 0.8301 0.0414
vn -0.4542 0.6249 0.6350
vn -0.4785 0.6724 -0.5648
vn -0.1412 -0.9346 0.3263
vn -0.1082 -0.9654 0.2371
vn -0.6353 -0.7645 -0.1090
vn -0.6415 -0.7666 0.0278
vn 0.4082 -0.7255 0.5541
vn 0.4918 -0.7145 0.4977
vn 0.2745 -0.0001 0.9616
vn 0.2799 -0.0603 0.9581
vn -0.4362 -0.0997 0.8943
vn -0.4456 -0.0111 0.8952
vn -0.9295 -0.0836 0.3592
vn -0.9338 -0.0160 0.3574
vn 0.2711 -0.2489 0.9298
vn -0.3987 -0.3618 0.8427
vn -0.8916 -0.2729 0.3613
vn 0.3057 -0.4639 0.8315
vn -0.3146 -0.6498 0.6920
vn -0.8146 -0.5073 0.2812
vn 0.3468 -0.6285 0.6962
vn -0.2208 -0.8296 0.5128
vn -0.7180 -0.6756 0.1672
vn 0.1409 0.9350 -0.3255
vn 0.6468 0.7623 -0.0229
vn 0.6410 0.7590 0.1138
vn 0.1081 0.9655 -0.2371
vn -0.4150 0.7203 -0.5559
vn -0.4988 0.7085 -0.4993
vn -0.2823 0.0140 -0.9592
vn 0.4451 0.0305 -0.8950
vn 0.4357 0.1099 -0.8933
vn -0.2880 0.0666 -0.9553
vn 0.9362 0.0304 -0.3502
vn 0.9319 0.0905 -0.3513
vn 0.3986 0.3627 -0.8424
vn -0.2790 0.2472 -0.9279
vn 0.8950 0.2716 -0.3539
vn 0.3143 0.6505 -0.6914
vn -0.3131 0.4604 -0.8307
vn 0.8187 0.5044 -0.2744
vn 0.2206 0.8301 -0.5121
vn -0.3528 0.6249 -0.6965
vn 0.7221 0.6724 -0.1628
vn 0.1007 -0.9940 0.0438
vn 0.1987 -0.9788 0.0502
vn 0.2577 -0.8596 -0.4413
vn 0.1088 -0.8914 -0.4399
vn -0.0540 -0.8496 0.5246
vn 0.0746 -0.8287 0.5547
vn -0.8207 0.0003 0.5713
vn -0.8108 -0.0983 0.5770
vn -0.9784 -0.1665 -0.1224
vn -0.9915 -0.0145 -0.1296
vn -0.6369 -0.1266 -0.7605
vn -0.6404 -0.0215 -0.7678
vn -0.7374 -0.3610 0.5709
vn -0.8147 -0.5727 -0.0905
vn -0.5722 -0.4034 -0.7140
vn -0.5397 -0.6347 0.5531
vn -0.4723 -0.8807 -0.0351
vn -0.3727 -0.6975 -0.6120
vn -0.2923 -0.7979 0.5271
vn -0.1646 -0.9863 0.0117
vn -0.1284 -0.8547 -0.5029
vn -0.1017 0.9938 -0.0439
vn -0.1090 0.8881 0.4466
vn -0.2580 0.8561 0.4479
vn -0.1986 0.9788 -0.0502
vn 0.0561 0.8454 -0.5312
vn -0.0727 0.8245 -0.5612
vn 0.8159 -0.0004 -0.5781
vn 0.9915 0.0145 0.1294
vn 0.9784 0.1668 0.1223
vn 0.8061 0.0974 -0.5837
vn 0.6341 0.0215 0.7729
vn 0.6307 0.1258 0.7657
vn 0.8143 0.5734 0.0905
vn 0.7337 0.3578 -0.5776
vn 0.5670 0.4007 0.7197
vn 0.4714 0.8812 0.0350
vn 0.5382 0.6297 -0.5601
vn 0.3694 0.6934 0.6186
vn 0.1636 0.9865 -0.0118
vn 0.2930 0.7930 -0.5341
vn 0.1270 0.8508 0.5099
vn 0.0243 -0.9894 0.1432
vn 0.0839 -0.9626 0.2576
vn 0.6237 -0.7816 -0.0094
vn 0.5383 -0.8261 -0.1669
vn -0.5790 -0.7676 0.2748
vn -0.5238 -0.7403 0.4214
vn -0.9133 -0.0000 -0.4073
vn -0.9150 -0.0761 -0.3963
vn -0.4030 -0.1229 -0.9069
vn -0.4000 -0.0109 -0.9164
vn 0.3223 -0.0969 -0.9417
vn 0.3258 -0.0160 -0.9453
vn -0.8926 -0.2952 -0.3407
vn -0.3712 -0.4559 -0.8089
vn 0.3278 -0.3291 -0.8856
vn -0.8219 -0.5402 -0.1809
vn -0.2631 -0.8055 -0.5310
vn 0.3767 -0.6030 -0.7032
vn -0.7051 -0.7081 0.0365
vn -0.1228 -0.9746 -0.1871
vn 0.4445 -0.7796 -0.4412
vn -0.0249 0.9892 -0.1443
vn -0.5445 0.8213 0.1705
vn -0.6294 0.7769 0.0132
vn -0.0839 0.9627 -0.2574
vn 0.5856 0.7621 -0.2762
vn 0.5305 0.7349 -0.4225
vn 0.9147 0.0606 0.3996
vn 0.3992 0.0950 0.9119
vn 0.4003 0.1649 0.9014
vn 0.9164 0.1046 0.3864
vn -0.3303 0.0781 0.9406
vn -0.3294 0.1277 0.9355
vn 0.3711 0.4564 0.8087
vn 0.8961 0.2926 0.3337
vn -0.3354 0.3268 0.8836
vn 0.2626 0.8061 0.5303
vn 0.8262 0.5353 0.1753
vn -0.3843 0.5986 0.7028
vn 0.1222 0.9749 0.1860
vn 0.7109 0.7022 -0.0400
vn -0.4516 0.7745 0.4430
vn 0.3382 -0.8970 -0.2846
vn 0.2232 -0.9562 -0.1893
vn 0.5961 -0.7148 0.3657
vn 0.6941 -0.6705 0.2622
vn -0.1596 -0.6587 -0.7353
vn -0.2693 -0.7039 -0.6573
vn 0.1876 -0.0843 -0.9786
vn 0.1978 -0.0919 -0.9759
vn 0.7502 -0.1199 -0.6503
vn 0.7541 -0.1078 -0.6478
vn 0.9939 -0.1036 -0.0369
vn 0.9957 -0.0851 -0.0370
vn 0.2556 -0.2248 -0.9403
vn 0.7320 -0.2434 -0.6363
vn 0.9718 -0.2112 -0.1053
vn 0.1643 -0.4021 -0.9007
vn 0.6667 -0.4810 -0.5694
vn 0.9150 -0.4021 -0.0322
vn 0.0218 -0.5530 -0.8329
vn 0.5435 -0.7022 -0.4599
vn 0.8259 -0.5562 0.0920
vn -0.3375 0.8974 0.2841
vn -0.6968 0.6645 -0.2699
vn -0.5996 0.7081 -0.3730
vn -0.2232 0.9562 0.1894
vn 0.1668 0.6525 0.7392
vn 0.2760 0.6970 0.6619
vn -0.1790 0.0852 0.9802
vn -0.7544 0.1092 0.6473
vn -0.7501 0.1206 0.6502
vn -0.1847 0.0906 0.9786
vn -0.9960 0.0846 0.0294
vn -0.9943 0.1036 0.0237
vn -0.7319 0.2434 0.6364
vn -0.2501 0.2243 0.9419
vn -0.9727 0.2099 0.0994
vn -0.6666 0.4812 0.5692
vn -0.1579 0.4002 0.9027
vn -0.9160 0.4003 0.0258
vn -0.5432 0.7026 0.4596
vn -0.0144 0.5493 0.8355
vn -0.8274 0.5527 -0.0996
vn -0.0490 -0.9894 -0.1367
vn -0.1275 -0.9626 -0.2390
vn -0.6125 -0.7816 0.1179
vn -0.5009 -0.8261 0.2582
vn 0.5221 -0.7677 -0.3715
vn 0.4423 -0.7403 -0.5063
vn 0.9703 -0.0000 0.2418
vn 0.9701 -0.0761 0.2306
vn 0.5550 -0.1229 0.8227
vn 0.5537 -0.0109 0.8327
vn -0.1532 -0.0969 0.9834
vn -0.1560 -0.0160 0.9876
vn 0.9384 -0.2952 0.1797
vn 0.5066 -0.4559 0.7317
vn -0.1684 -0.3291 0.9292
vn 0.8408 -0.5402 0.0348
vn 0.3516 -0.8055 0.4770
vn -0.2484 -0.6030 0.7581
vn 0.6880 -0.7081 -0.1589
vn 0.1536 -0.9746 0.1628
vn -0.3608 -0.7796 0.5120
vn 0.0497 0.9892 0.1378
vn 0.5064 0.8213 -0.2628
vn 0.6175 0.7769 -0.1228
vn 0.1275 0.9627 0.2388
vn -0.5285 0.7621 0.3741
vn -0.4487 0.7349 0.5085
vn -0.9722 0.0139 -0.2339
vn -0.5538 0.0304 -0.8321
vn -0.5543 0.1328 -0.8217
vn -0.9715 0.0820 -0.2222
vn 0.1634 0.0303 -0.9861
vn 0.1612 0.1035 -0.9815
vn -0.5064 0.4564 -0.7316
vn -0.9406 0.2926 -0.1723
vn 0.1762 0.3268 -0.9285
vn -0.3510 0.8061 -0.4764
vn -0.8442 0.5353 -0.0285
vn 0.2560 0.5986 -0.7591
vn -0.1528 0.9749 -0.1619
vn -0.6930 0.7022 0.1633
vn 0.3674 0.7745 -0.5150
vn 0.6774 -0.0024 0.7356
vn 0.9089 -0.0027 -0.4170
vn 0.9089 -0.0015 -0.4170
vn 0.6774 -0.0013 0.7356
vn -0.1158 -0.0027 -0.9933
vn -0.1158 -0.0015 -0.9933
vn -0.9804 -0.0024 -0.1969
vn -0.9805 -0.0013 -0.1967
vn -0.4902 -0.0022 0.8716
vn -0.4902 -0.0012 0.8716
vn -0.7876 0.5956 -0.1582
vn -0.3938 0.5956 0.7001
vn 0.5441 0.5956 0.5909
vn 0.7301 0.5956 -0.3350
vn -0.0929 0.5956 -0.7979
vn 0.6776 0.0093 0.7353
vn 0.9088 0.0103 -0.4172
vn 0.7275 0.5996 -0.3335
vn 0.5421 0.5992 0.5891
vn -0.1155 0.0103 -0.9933
vn -0.0927 0.5996 -0.7949
vn -0.9803 0.0093 -0.1972
vn -0.7850 0.5992 -0.1574
vn -0.4902 0.0087 0.8716
vn -0.3927 0.5989 0.6979
vn -0.3248 0.9342 -0.1473
vn -0.0538 0.7866 -0.6151
vn 0.0330 0.8226 -0.5676
vn -0.2635 0.9561 -0.1284
vn -0.5759 0.7420 0.3433
vn -0.4951 0.7843 0.3738
vn -0.9045 0.0325 0.4253
vn -0.8861 0.0734 -0.4576
vn -0.8691 0.2337 -0.4360
vn -0.9191 0.1384 0.3689
vn -0.1318 0.0747 -0.9884
vn -0.2015 0.1562 -0.9669
vn -0.7752 0.5062 -0.3779
vn -0.8889 0.3333 0.3143
vn -0.2477 0.3618 -0.8987
vn -0.6369 0.7081 -0.3050
vn -0.8090 0.5126 0.2876
vn -0.2404 0.5506 -0.7994
vn -0.4835 0.8464 -0.2233
vn -0.7020 0.6400 0.3123
vn -0.1633 0.6930 -0.7022
vn 0.3251 -0.9341 0.1477
vn 0.2635 -0.9561 0.1283
vn -0.0294 -0.8258 0.5632
vn 0.0575 -0.7898 0.6106
vn 0.5741 -0.7459 -0.3376
vn 0.4933 -0.7881 -0.3682
vn 0.9079 -0.0332 -0.4179
vn 0.9218 -0.1405 -0.3614
vn 0.8693 -0.2335 0.4357
vn 0.8862 -0.0734 0.4574
vn 0.2090 -0.1580 0.9651
vn 0.1396 -0.0758 0.9873
vn 0.8902 -0.3367 -0.3069
vn 0.7754 -0.5060 0.3779
vn 0.2543 -0.3648 0.8957
vn 0.8089 -0.5165 -0.2809
vn 0.6371 -0.7078 0.3053
vn 0.2458 -0.5536 0.7957
vn 0.7012 -0.6440 -0.3060
vn 0.4838 -0.8461 0.2237
vn 0.1678 -0.6961 0.6981
vn -0.3484 -0.9346 -0.0713
vn -0.2542 -0.9654 -0.0572
vn -0.0237 -0.7645 -0.6441
vn -0.1589 -0.7667 -0.6221
vn -0.4585 -0.7256 0.5131
vn -0.3862 -0.7145 0.5834
vn -0.8848 -0.0002 0.4659
vn -0.8803 -0.0603 0.4705
vn -0.9648 -0.0998 -0.2434
vn -0.9675 -0.0111 -0.2524
vn -0.5422 -0.0836 -0.8361
vn -0.5415 -0.0160 -0.8406
vn -0.8544 -0.2489 0.4562
vn -0.9066 -0.3618 -0.2173
vn -0.5366 -0.2729 -0.7985
vn -0.7510 -0.4639 0.4698
vn -0.7418 -0.6498 -0.1658
vn -0.4424 -0.5074 -0.7395
vn -0.6103 -0.6285 0.4823
vn -0.5473 -0.8296 -0.1108
vn -0.3111 -0.6757 -0.6683
vn -0.1927 0.9342 -0.3002
vn 0.2890 0.7866 -0.5456
vn 0.3362 0.8226 -0.4586
vn -0.1514 0.9561 -0.2510
vn -0.6700 0.7420 -0.0247
vn -0.6188 0.7843 0.0447
vn -0.9904 0.0325 -0.1344
vn -0.4953 0.0734 -0.8656
vn -0.4927 0.2337 -0.8382
vn -0.9720 0.1385 -0.1898
vn 0.4265 0.0748 -0.9014
vn 0.3563 0.1562 -0.9212
vn -0.4454 0.5062 -0.7385
vn -0.9170 0.3333 -0.2192
vn 0.2805 0.3618 -0.8891
vn -0.3689 0.7081 -0.6022
vn -0.8355 0.5126 -0.1981
vn 0.2326 0.5505 -0.8017
vn -0.2845 0.8464 -0.4502
vn -0.7590 0.6400 -0.1193
vn 0.2446 0.6929 -0.6783
vn 0.1927 -0.9341 0.3006
vn 0.1514 -0.9561 0.2509
vn -0.3307 -0.8258 0.4568
vn -0.2835 -0.7898 0.5438
vn 0.6654 -0.7460 0.0286
vn 0.6142 -0.7881 -0.0410
vn 0.9892 -0.0332 0.1425
vn 0.9702 -0.1405 0.1975
vn 0.4929 -0.2335 0.8382
vn 0.4955 -0.0733 0.8655
vn -0.3490 -0.1580 0.9237
vn -0.4193 -0.0758 0.9047
vn 0.9141 -0.3367 0.2261
vn 0.4456 -0.5060 0.7385
vn -0.2732 -0.3648 0.8901
vn 0.8318 -0.5164 0.2037
vn 0.3690 -0.7077 0.6024
vn -0.2260 -0.5537 0.8015
vn 0.7549 -0.6440 0.1241
vn 0.2846 -0.8461 0.4507
vn -0.2385 -0.6961 0.6772
vn 0.3474 0.9350 0.0711
vn 0.1551 0.7623 0.6284
vn 0.0201 0.7590 0.6507
vn 0.2542 0.9655 0.0571
vn 0.4589 0.7203 -0.5202
vn 0.3863 0.7084 -0.5907
vn 0.8809 0.0140 -0.4731
vn 0.9673 0.0305 0.2519
vn 0.9638 0.1099 0.2431
vn 0.8759 0.0666 -0.4780
vn 0.5350 0.0303 0.8443
vn 0.5350 0.0905 0.8400
vn 0.9062 0.3627 0.2172
vn 0.8509 0.2472 -0.4636
vn 0.5301 0.2716 0.8033
vn 0.7412 0.6505 0.1657
vn 0.7487 0.4604 -0.4770
vn 0.4366 0.5044 0.7450
vn 0.5465 0.8301 0.1108
vn 0.6093 0.6248 -0.4882
vn 0.3076 0.6724 0.6733
vn -0.0291 -0.9894 -0.1423
vn -0.0925 -0.9626 -0.2547
vn -0.6230 -0.7816 0.0302
vn -0.5324 -0.8261 0.1848
vn 0.5694 -0.7677 -0.2940
vn 0.5094 -0.7403 -0.4387
vn 0.9264 -0.0000 0.3765
vn 0.9277 -0.0761 0.3655
vn 0.4332 -0.1229 0.8929
vn 0.4304 -0.0109 0.9026
vn -0.2906 -0.0969 0.9519
vn -0.2939 -0.0160 0.9557
vn 0.9035 -0.2952 0.3106
vn 0.3981 -0.4559 0.7960
vn -0.2979 -0.3291 0.8961
vn 0.8274 -0.5403 0.1533
vn 0.2806 -0.8055 0.5219
vn -0.3530 -0.6030 0.7154
vn 0.7036 -0.7081 -0.0600
vn 0.1290 -0.9746 0.1829
vn -0.4295 -0.7796 0.4558
vn 0.0297 0.9892 0.1434
vn 0.5384 0.8213 -0.1886
vn 0.6287 0.7769 -0.0342
vn 0.0925 0.9627 0.2545
vn -0.5760 0.7621 0.2956
vn -0.5161 0.7349 0.4400
vn -0.9294 0.0139 -0.3689
vn -0.4305 0.0304 -0.9021
vn -0.4326 0.1328 -0.8917
vn -0.9304 0.0820 -0.3572
vn 0.3012 0.0303 -0.9531
vn 0.2983 0.1035 -0.9488
vn -0.3979 0.4564 -0.7958
vn -0.9068 0.2926 -0.3035
vn 0.3057 0.3268 -0.8943
vn -0.2801 0.8061 -0.5212
vn -0.8316 0.5354 -0.1476
vn 0.3608 0.5986 -0.7153
vn -0.1283 0.9749 -0.1819
vn -0.7091 0.7023 0.0637
vn 0.4365 0.7745 -0.4579
vn 0.0608 -0.9940 0.0915
vn 0.1396 -0.9788 0.1502
vn 0.4561 -0.8596 -0.2304
vn 0.3304 -0.8914 -0.3102
vn -0.3304 -0.8496 0.4111
vn -0.2388 -0.8287 0.5063
vn -0.9994 0.0003 0.0336
vn -0.9942 -0.0983 0.0437
vn -0.7548 -0.1666 -0.6344
vn -0.7619 -0.0145 -0.6476
vn -0.1214 -0.1266 -0.9845
vn -0.1204 -0.0215 -0.9925
vn -0.9293 -0.3610 0.0785
vn -0.6348 -0.5727 -0.5187
vn -0.0924 -0.4034 -0.9103
vn -0.7536 -0.6347 0.1710
vn -0.3774 -0.8807 -0.2861
vn 0.0197 -0.6975 -0.7163
vn -0.5318 -0.7979 0.2837
vn -0.1446 -0.9863 -0.0796
vn 0.1655 -0.8547 -0.4920
vn -0.0615 0.9938 -0.0921
vn -0.3342 0.8880 0.3157
vn -0.4599 0.8561 0.2358
vn -0.1394 0.9788 -0.1501
vn 0.3357 0.8454 -0.4154
vn 0.2440 0.8244 -0.5106
vn 0.9991 -0.0004 -0.0419
vn 0.7620 0.0146 0.6475
vn 0.7549 0.1668 0.6343
vn 0.9939 0.0974 -0.0520
vn 0.1123 0.0215 0.9934
vn 0.1134 0.1258 0.9856
vn 0.6344 0.5734 0.5184
vn 0.9298 0.3578 -0.0862
vn 0.0849 0.4007 0.9123
vn 0.3767 0.8812 0.2855
vn 0.7562 0.6298 -0.1777
vn -0.0261 0.6934 0.7201
vn 0.1438 0.9865 0.0790
vn 0.5362 0.7930 -0.2892
vn -0.1704 0.8508 0.4970
vn -0.0125 -0.9315 0.3635
vn -0.0203 -0.8756 0.4825
vn 0.5726 -0.6666 0.4773
vn 0.5807 -0.7513 0.3135
vn -0.6075 -0.7837 0.1299
vn -0.6354 -0.7220 0.2738
vn -0.5801 -0.2126 -0.7863
vn -0.5841 -0.2847 -0.7601
vn 0.1174 -0.3455 -0.9311
vn 0.1205 -0.2380 -0.9638
vn 0.7587 -0.2166 -0.6144
vn 0.7603 -0.1381 -0.6347
vn -0.5844 -0.4841 -0.6513
vn 0.1082 -0.6464 -0.7553
vn 0.7441 -0.4312 -0.5103
vn -0.5947 -0.6824 -0.4251
vn 0.0744 -0.9191 -0.3870
vn 0.7046 -0.6567 -0.2689
vn -0.5979 -0.7881 -0.1461
vn 0.0275 -0.9996 0.0103
vn 0.6372 -0.7702 0.0260
vn 0.0126 0.9310 -0.3647
vn -0.5877 0.7464 -0.3123
vn -0.5794 0.6618 -0.4757
vn 0.0202 0.8757 -0.4823
vn 0.6141 0.7790 -0.1265
vn 0.6419 0.7176 -0.2702
vn 0.5827 0.2702 0.7664
vn -0.1222 0.3187 0.9399
vn -0.1187 0.3849 0.9153
vn 0.5891 0.3108 0.7459
vn -0.7643 0.1969 0.6140
vn -0.7629 0.2443 0.5986
vn -0.1083 0.6468 0.7549
vn 0.5910 0.4808 0.6477
vn -0.7496 0.4274 0.5055
vn -0.0745 0.9195 0.3860
vn 0.6015 0.6773 0.4236
vn -0.7108 0.6512 0.2659
vn -0.0275 0.9996 -0.0116
vn 0.6047 0.7827 0.1473
vn -0.6440 0.7646 -0.0267
vn 0.4385 -0.8970 -0.0552
vn 0.2902 -0.9562 -0.0376
vn 0.3017 -0.7148 0.6309
vn 0.4402 -0.6705 0.5972
vn 0.2656 -0.6587 -0.7040
vn 0.1311 -0.7039 -0.6981
vn 0.6893 -0.0843 -0.7195
vn 0.6964 -0.0919 -0.7117
vn 0.9831 -0.1199 -0.1382
vn 0.9851 -0.1078 -0.1341
vn 0.8544 -0.1036 0.5092
vn 0.8560 -0.0850 0.5100
vn 0.7256 -0.2248 -0.6503
vn 0.9603 -0.2434 -0.1363
vn 0.8730 -0.2112 0.4397
vn 0.6274 -0.4022 -0.6668
vn 0.8690 -0.4810 -0.1158
vn 0.7857 -0.4022 0.4700
vn 0.4709 -0.5530 -0.6874
vn 0.7062 -0.7022 -0.0907
vn 0.6433 -0.5562 0.5261
vn -0.4377 0.8974 0.0551
vn -0.4383 0.6645 -0.6052
vn -0.3007 0.7081 -0.6390
vn -0.2903 0.9562 0.0377
vn -0.2616 0.6524 0.7112
vn -0.1279 0.6970 0.7056
vn -0.6829 0.0852 0.7255
vn -0.9850 0.1092 0.1335
vn -0.9830 0.1207 0.1381
vn -0.6869 0.0906 0.7211
vn -0.8521 0.0846 -0.5165
vn -0.8476 0.1036 -0.5204
vn -0.9603 0.2434 0.1365
vn -0.7219 0.2243 0.6547
vn -0.8706 0.2099 -0.4450
vn -0.8690 0.4812 0.1157
vn -0.6231 0.4002 0.6720
vn -0.7830 0.4003 -0.4760
vn -0.7058 0.7026 0.0906
vn -0.4661 0.5493 0.6936
vn -0.6405 0.5528 -0.5332
vn 0.0323 -0.9898 -0.1389
vn -0.0168 -0.9622 -0.2718
vn -0.5582 -0.7705 -0.3077
vn -0.5547 -0.8200 -0.1411
vn 0.6377 -0.7673 0.0683
vn 0.6634 -0.7429 -0.0894
vn 0.6832 -0.0000 0.7302
vn 0.6890 -0.0761 0.7208
vn 0.0188 -0.1229 0.9922
vn 0.0123 -0.0109 0.9999
vn -0.6630 -0.0969 0.7423
vn -0.6676 -0.0160 0.7443
vn 0.6900 -0.2952 0.6609
vn 0.0276 -0.4559 0.8896
vn -0.6462 -0.3291 0.6886
vn 0.6850 -0.5361 0.4933
vn 0.0448 -0.8019 0.5958
vn -0.6196 -0.6063 0.4985
vn 0.6377 -0.7146 0.2877
vn 0.0399 -0.9739 0.2235
vn -0.5956 -0.7820 0.1837
vn -0.0323 0.9896 0.1402
vn 0.5618 0.8152 0.1410
vn 0.5645 0.7661 0.3073
vn 0.0170 0.9623 0.2716
vn -0.6445 0.7614 -0.0704
vn -0.6705 0.7368 0.0867
vn -0.6890 0.0139 -0.7246
vn -0.0127 0.0304 -0.9995
vn -0.0188 0.1328 -0.9910
vn -0.6949 0.0820 -0.7145
vn 0.6730 0.0303 -0.7390
vn 0.6687 0.1035 -0.7363
vn -0.0276 0.4564 -0.8893
vn -0.6959 0.2926 -0.6558
vn 0.6525 0.3268 -0.6837
vn -0.0446 0.8024 -0.5951
vn -0.6913 0.5313 -0.4897
vn 0.6265 0.6018 -0.4953
vn -0.0393 0.9742 -0.2222
vn -0.6435 0.7097 -0.2868
vn 0.6035 0.7762 -0.1824
vn 0.1689 -0.0024 0.9856
vn 0.9896 -0.0027 0.1438
vn 0.9896 -0.0015 0.1438
vn 0.1690 -0.0013 0.9856
vn 0.4424 -0.0027 -0.8968
vn 0.4426 -0.0015 -0.8967
vn -0.7161 -0.0024 -0.6980
vn -0.7161 -0.0013 -0.6980
vn -0.8852 -0.0023 0.4652
vn -0.8851 -0.0012 0.4654
vn -0.5750 0.5956 -0.5609
vn -0.7111 0.5956 0.3737
vn 0.1359 0.5956 0.7917
vn 0.7949 0.5956 0.1155
vn 0.3557 0.5956 -0.7203
vn 0.1693 0.0093 0.9855
vn 0.9896 0.0104 0.1436
vn 0.7920 0.5996 0.1153
vn 0.1350 0.5992 0.7892
vn 0.4427 0.0104 -0.8966
vn 0.3540 0.5995 -0.7178
vn -0.7158 0.0093 -0.6983
vn -0.5735 0.5992 -0.5586
vn -0.8852 0.0087 0.4652
vn -0.7088 0.5990 0.3725
vn 0.3529 -0.9347 -0.0436
vn 0.2592 -0.9654 -0.0269
vn 0.2281 -0.7645 0.6029
vn 0.3492 -0.7666 0.5389
vn 0.2707 -0.7255 -0.6327
vn 0.1797 -0.7145 -0.6762
vn 0.6897 -0.0001 -0.7241
vn 0.6841 -0.0603 -0.7269
vn 0.9920 -0.0997 -0.0775
vn 0.9975 -0.0111 -0.0698
vn 0.7809 -0.0835 0.6190
vn 0.7816 -0.0160 0.6236
vn 0.6641 -0.2490 -0.7050
vn 0.9285 -0.3618 -0.0835
vn 0.7634 -0.2729 0.5854
vn 0.5618 -0.4640 -0.6849
vn 0.7560 -0.6497 -0.0797
vn 0.6554 -0.5074 0.5595
vn 0.4243 -0.6285 -0.6518
vn 0.5540 -0.8296 -0.0697
vn 0.5082 -0.6757 0.5340
vn -0.3520 0.9350 0.0436
vn -0.3477 0.7623 -0.5459
vn -0.2269 0.7590 -0.6103
vn -0.2592 0.9655 0.0270
vn -0.2687 0.7202 0.6396
vn -0.1774 0.7085 0.6830
vn -0.6837 0.0140 0.7296
vn -0.9971 0.0305 0.0701
vn -0.9909 0.1099 0.0773
vn -0.6775 0.0666 0.7325
vn -0.7764 0.0304 -0.6295
vn -0.7752 0.0905 -0.6252
vn -0.9282 0.3627 0.0834
vn -0.6585 0.2472 0.7108
vn -0.7588 0.2716 -0.5920
vn -0.7553 0.6505 0.0796
vn -0.5572 0.4603 0.6911
vn -0.6516 0.5044 -0.5666
vn -0.5532 0.8301 0.0695
vn -0.4215 0.6249 0.6572
vn -0.5064 0.6724 -0.5398
vn 0.0427 -0.9940 -0.1012
vn 0.0482 -0.9788 -0.1993
vn -0.4440 -0.8595 -0.2531
vn -0.4410 -0.8914 -0.1042
vn 0.5252 -0.8496 0.0485
vn 0.5540 -0.8286 -0.0804
vn 0.5799 0.0003 0.8147
vn 0.5854 -0.0983 0.8048
vn -0.1122 -0.1665 0.9796
vn -0.1193 -0.0145 0.9928
vn -0.7539 -0.1266 0.6447
vn -0.7610 -0.0215 0.6483
vn 0.5785 -0.3610 0.7315
vn -0.0821 -0.5727 0.8156
vn -0.7080 -0.4034 0.5796
vn 0.5586 -0.6347 0.5339
vn -0.0302 -0.8807 0.4727
vn -0.6081 -0.6976 0.3790
vn 0.5301 -0.7980 0.2868
vn 0.0134 -0.9863 0.1645
vn -0.5016 -0.8547 0.1336
vn -0.0429 0.9938 0.1022
vn 0.4477 0.8881 0.1043
vn 0.4506 0.8560 0.2533
vn -0.0481 0.9788 0.1991
vn -0.5317 0.8454 -0.0506
vn -0.5604 0.8245 0.0785
vn -0.5866 -0.0004 -0.8099
vn 0.1191 0.0146 -0.9928
vn 0.1121 0.1668 -0.9796
vn -0.5921 0.0974 -0.8000
vn 0.7663 0.0215 -0.6421
vn 0.7592 0.1258 -0.6386
vn 0.0820 0.5734 -0.8152
vn -0.5852 0.3578 -0.7277
vn 0.7137 0.4007 -0.5745
vn 0.0301 0.8812 -0.4717
vn -0.5657 0.6298 -0.5324
vn 0.6148 0.6934 -0.3758
vn -0.0135 0.9865 -0.1635
vn -0.5371 0.7930 -0.2874
vn 0.5085 0.8508 -0.1323
vn 0.1429 -0.9894 -0.0259
vn 0.2567 -0.9626 -0.0866
vn -0.0158 -0.7816 -0.6236
vn -0.1725 -0.8261 -0.5365
vn 0.2808 -0.7677 0.5760
vn 0.4268 -0.7403 0.5194
vn -0.3977 -0.0000 0.9175
vn -0.3867 -0.0761 0.9190
vn -0.9026 -0.1228 0.4125
vn -0.9122 -0.0109 0.4095
vn -0.9450 -0.0969 -0.3124
vn -0.9486 -0.0160 -0.3160
vn -0.3313 -0.2952 0.8961
vn -0.8050 -0.4560 0.3797
vn -0.8890 -0.3291 -0.3185
vn -0.1723 -0.5402 0.8237
vn -0.5282 -0.8055 0.2686
vn -0.7071 -0.6030 -0.3694
vn 0.0438 -0.7081 0.7048
vn -0.1858 -0.9746 0.1248
vn -0.4458 -0.7796 -0.4399
vn -0.1441 0.9892 0.0264
vn 0.1761 0.8214 0.5425
vn 0.0197 0.7769 0.6293
vn -0.2565 0.9627 0.0866
vn -0.2822 0.7622 -0.5826
vn -0.4279 0.7349 -0.5261
vn 0.3901 0.0606 -0.9188
vn 0.9077 0.0950 -0.4087
vn 0.8972 0.1649 -0.4097
vn 0.3769 0.1046 -0.9203
vn 0.9440 0.0781 0.3205
vn 0.9389 0.1278 0.3197
vn 0.8047 0.4564 -0.3796
vn 0.3243 0.2926 -0.8996
vn 0.8870 0.3268 0.3261
vn 0.5275 0.8061 -0.2681
vn 0.1667 0.5354 -0.8280
vn 0.7068 0.5986 0.3770
vn 0.1848 0.9749 -0.1241
vn -0.0473 0.7022 -0.7104
vn 0.4477 0.7745 0.4469
vn -0.2881 -0.8970 -0.3352
vn -0.1916 -0.9562 -0.2212
vn 0.3594 -0.7149 -0.5998
vn 0.2550 -0.6704 -0.6968
vn -0.7336 -0.6586 0.1673
vn -0.6545 -0.7038 0.2762
vn -0.9805 -0.0842 -0.1774
vn -0.9779 -0.0919 -0.1877
vn -0.6581 -0.1199 -0.7433
vn -0.6557 -0.1078 -0.7473
vn -0.0472 -0.1036 -0.9935
vn -0.0473 -0.0850 -0.9953
vn -0.9429 -0.2249 -0.2459
vn -0.6438 -0.2435 -0.7254
vn -0.1154 -0.2112 -0.9706
vn -0.9024 -0.4021 -0.1550
vn -0.5763 -0.4810 -0.6607
vn -0.0417 -0.4021 -0.9146
vn -0.8331 -0.5530 -0.0132
vn -0.4655 -0.7022 -0.5388
vn 0.0834 -0.5562 -0.8268
vn 0.2876 0.8974 0.3345
vn -0.2626 0.6645 0.6996
vn -0.3667 0.7081 0.6035
vn 0.1917 0.9562 0.2212
vn 0.7375 0.6525 -0.1745
vn 0.6590 0.6969 -0.2830
vn 0.9820 0.0852 0.1688
vn 0.6550 0.1092 0.7477
vn 0.6579 0.1207 0.7434
vn 0.9805 0.0906 0.1746
vn 0.0397 0.0846 0.9956
vn 0.0339 0.1036 0.9940
vn 0.6441 0.2434 0.7252
vn 0.9444 0.2243 0.2403
vn 0.1096 0.2099 0.9715
vn 0.5762 0.4812 0.6607
vn 0.9043 0.4002 0.1485
vn 0.0353 0.4003 0.9157
vn 0.4651 0.7026 0.5385
vn 0.8356 0.5493 0.0057
vn -0.0910 0.5527 0.8284
vn -0.1362 -0.9894 0.0504
vn -0.2377 -0.9626 0.1300
vn 0.1243 -0.7816 0.6112
vn 0.2634 -0.8261 0.4982
vn -0.3769 -0.7677 -0.5182
vn -0.5108 -0.7403 -0.4370
vn 0.2317 -0.0000 -0.9728
vn 0.2206 -0.0761 -0.9724
vn 0.8169 -0.1229 -0.5635
vn 0.8269 -0.0109 -0.5623
vn 0.9850 -0.0969 0.1430
vn 0.9892 -0.0160 0.1458
vn 0.1700 -0.2952 -0.9402
vn 0.7264 -0.4559 -0.5142
vn 0.9309 -0.3291 0.1586
vn 0.0261 -0.5403 -0.8411
vn 0.4733 -0.8055 -0.3565
vn 0.7606 -0.6030 0.2405
vn -0.1660 -0.7081 -0.6864
vn 0.1612 -0.9746 -0.1553
vn 0.5157 -0.7795 0.3555
vn 0.1373 0.9892 -0.0511
vn -0.2681 0.8213 -0.5036
vn -0.1291 0.7769 -0.6162
vn 0.2375 0.9627 -0.1300
vn 0.3795 0.7621 0.5246
vn 0.5131 0.7349 0.4434
vn -0.2238 0.0139 0.9745
vn -0.8263 0.0304 0.5624
vn -0.8158 0.1329 0.5628
vn -0.2121 0.0820 0.9738
vn -0.9877 0.0303 -0.1531
vn -0.9831 0.1035 -0.1510
vn -0.7263 0.4564 0.5140
vn -0.1625 0.2926 0.9423
vn -0.9303 0.3268 -0.1666
vn -0.4727 0.8061 0.3559
vn -0.0197 0.5353 0.8444
vn -0.7617 0.5986 -0.2481
vn -0.1603 0.9749 0.1545
vn 0.1705 0.7022 0.6913
vn -0.5188 0.7745 -0.3620
vn 0.7284 -0.0024 -0.6851
vn -0.4263 -0.0026 -0.9046
vn -0.4266 -0.0015 -0.9044
vn 0.7284 -0.0013 -0.6852
vn -0.9920 -0.0026 0.1260
vn -0.9920 -0.0015 0.1262
vn -0.1867 -0.0024 0.9824
vn -0.1868 -0.0013 0.9824
vn 0.8767 -0.0023 0.4810
vn 0.8766 -0.0012 0.4811
vn -0.1501 0.5956 0.7891
vn 0.7042 0.5956 0.3864
vn 0.5852 0.5956 -0.5503
vn -0.3425 0.5956 -0.7266
vn -0.7969 0.5956 0.1011
vn 0.7282 0.0093 -0.6853
vn -0.4266 0.0104 -0.9044
vn -0.3411 0.5996 -0.7240
vn 0.5834 0.5992 -0.5483
vn -0.9920 0.0104 0.1258
vn -0.7939 0.5996 0.1010
vn -0.1871 0.0093 0.9823
vn -0.1491 0.5992 0.7866
vn 0.8765 0.0087 0.4812
vn 0.7021 0.5990 0.3852
vn -0.1440 0.9342 0.3263
vn -0.6145 0.7866 0.0602
vn -0.5680 0.8226 -0.0271
vn -0.1257 0.9561 0.2648
vn 0.3493 0.7420 0.5723
vn 0.3789 0.7843 0.4912
vn 0.4347 0.0325 0.9000
vn -0.4484 0.0734 0.8908
vn -0.4269 0.2336 0.8736
vn 0.3784 0.1384 0.9152
vn -0.9870 0.0747 0.1421
vn -0.9648 0.1562 0.2115
vn -0.3699 0.5063 0.7790
vn 0.3234 0.3333 0.8856
vn -0.8961 0.3618 0.2571
vn -0.2984 0.7081 0.6400
vn 0.2961 0.5126 0.8059
vn -0.7969 0.5506 0.2488
vn -0.2183 0.8464 0.4857
vn 0.3195 0.6400 0.6987
vn -0.7006 0.6929 0.1705
vn 0.1442 -0.9341 -0.3267
vn 0.1256 -0.9561 -0.2648
vn 0.5635 -0.8258 0.0235
vn 0.6100 -0.7899 -0.0639
vn -0.3436 -0.7459 -0.5706
vn -0.3732 -0.7881 -0.4894
vn -0.4273 -0.0332 -0.9035
vn -0.3709 -0.1405 -0.9180
vn 0.4268 -0.2335 -0.8737
vn 0.4482 -0.0734 -0.8909
vn 0.9629 -0.1580 -0.2189
vn 0.9858 -0.0758 -0.1499
vn -0.3161 -0.3368 -0.8870
vn 0.3698 -0.5060 -0.7793
vn 0.8930 -0.3648 -0.2637
vn -0.2893 -0.5164 -0.8060
vn 0.2986 -0.7077 -0.6403
vn 0.7930 -0.5537 -0.2541
vn -0.3133 -0.6439 -0.6980
vn 0.2186 -0.8461 -0.4861
vn 0.6963 -0.6961 -0.1750
s 1
f 1/1/1 2/2/2 3/3/3
f 3/3/3 4/4/4 1/1/1
f 5/5/5 6/6/6 2/2/2
f 2/2/2 1/1/1 5/5/5
f 7/7/7 8/8/8 9/9/9
f 9/9/9 10/10/10 7/7/7
f 10/10/10 9/9/9 11/11/11
f 11/11/11 12/12/12 10/10/10
f 8/8/8 13/13/13 14/14/14
f 14/14/14 9/9/9 8/8/8
f 9/9/9 14/14/14 15/15/15
f 15/15/15 11/11/11 9/9/9
f 13/13/13 16/16/16 17/17/17
f 17/17/17 14/14/14 13/13/13
f 14/14/14 17/17/17 18/18/18
f 18/18/18 15/15/15 14/14/14
f 16/16/16 19/19/19 20/20/20
f 20/20/20 17/17/17 16/16/16
f 17/17/17 20/20/20 21/21/21
f 21/21/21 18/18/18 17/17/17
f 19/19/19 5/5/5 1/1/1
f 1/1/1 20/20/20 19/19/19
f 20/20/20 1/1/1 4/4/4
f 4/4/4 21/21/21 20/20/20
s 2
f 22/22/22 23/23/23 24/24/24
f 24/24/24 25/25/25 22/22/22
f 26/26/26 22/22/22 25/25/25
f 25/25/25 27/27/27 26/26/26
f 28/28/28 29/29/29 30/30/30
f 30/30/30 31/31/31 28/28/28
f 29/29/29 32/32/32 33/33/33
f 33/33/33 30/30/30 29/29/29
f 31/31/31 30/30/30 34/34/34
f 34/34/34 35/35/35 31/31/31
f 30/30/30 33/33/33 36/36/36
f 36/36/36 34/34/34 30/30/30
f 35/35/35 34/34/34 37/37/37
f 37/37/37 38/38/38 35/35/35
f 34/34/34 36/36/36 39/39/39
f 39/39/39 37/37/37 34/34/34
f 38/38/38 37/37/37 40/40/40
f 40/40/40 41/41/41 38/38/38
f 37/37/37 39/39/39 42/42/42
f 42/42/42 40/40/40 37/37/37
f 41/41/41 40/40/40 22/22/22
f 22/22/22 26/26/26 41/41/41
f 40/40/40 42/42/42 23/23/23
f 23/23/23 22/22/22 40/40/40
s 3
f 43/43/43 44/44/44 45/45/45
f 45/45/45 46/46/46 43/43/43
f 47/47/47 48/48/48 44/44/44
f 44/44/44 43/43/43 47/47/47
f 49/49/49 50/50/50 51/51/51
f 51/51/51 52/52/52 49/49/49
f 52/52/52 51/51/51 53/53/53
f 53/53/53 54/54/54 52/52/52
f 50/50/50 55/55/55 56/56/56
f 56/56/56 51/51/51 50/50/50
f 51/51/51 56/56/56 57/57/57
f 57/57/57 53/53/53 51/51/51
f 55/55/55 58/58/58 59/59/59
f 59/59/59 56/56/56 55/55/55
f 56/56/56 59/59/59 60/60/60
f 60/60/60 57/57/57 56/56/56
f 58/58/58 61/61/61 62/62/62
f 62/62/62 59/59/59 58/58/58
f 59/59/59 62/62/62 63/63/63
f 63/63/63 60/60/60 59/59/59
f 61/61/61 47/47/47 43/43/43
f 43/43/43 62/62/62 61/61/61
f 62/62/62 43/43/43 46/46/46
f 46/46/46 63/63/63 62/62/62
s 4
f 64/64/64 65/65/65 66/66/66
f 66/66/66 67/67/67 64/64/64
f 68/68/68 64/64/64 67/67/67
f 67/67/67 69/69/69 68/68/68
f 70/70/70 71/71/71 72/72/72
f 72/72/72 73/73/73 70/70/70
f 71/71/71 74/74/74 75/75/75
f 75/75/75 72/72/72 71/71/71
f 73/73/73 72/72/72 76/76/76
f 76/76/76 77/77/77 73/73/73
f 72/72/72 75/75/75 78/78/78
f 78/78/78 76/76/76 72/72/72
f 77/77/77 76/76/76 79/79/79
f 79/79/79 80/80/80 77/77/77
f 76/76/76 78/78/78 81/81/81
f 81/81/81 79/79/79 76/76/76
f 80/80/80 79/79/79 82/82/82
f 82/82/82 83/83/83 80/80/80
f 79/79/79 81/81/81 84/84/84
f 84/84/84 82/82/82 79/79/79
f 83/83/83 82/82/82 64/64/64
f 64/64/64 68/68/68 83/83/83
f 82/82/82 84/84/84 65/65/65
f 65/65/65 64/64/64 82/82/82
s 5
f 85/85/85 86/86/86 87/87/87
f 87/87/87 88/88/88 85/85/85
f 89/89/89 90/90/90 86/86/86
f 86/86/86 85/85/85 89/89/89
f 91/91/91 92/92/92 93/93/93
f 93/93/93 94/94/94 91/91/91
f 94/94/94 93/93/93 95/95/95
f 95/95/95 96/96/96 94/94/94
f 92/92/92 97/97/97 98/98/98
f 98/98/98 93/93/93 92/92/92
f 93/93/93 98/98/98 99/99/99
f 99/99/99 95/95/95 93/93/93
f 97/97/97 100/100/100 101/101/101
f 101/101/101 98/98/98 97/97/97
f 98/98/98 101/101/101 102/102/102
f 102/102/102 99/99/99 98/98/98
f 100/100/100 103/103/103 104/104/104
f 104/104/104 101/101/101 100/100/100
f 101/101/101 104/104/104 105/105/105
f 105/105/105 102/102/102 101/101/101
f 103/103/103 89/89/89 85/85/85
f 85/85/85 104/104/104 103/103/103
f 104/104/104 85/85/85 88/88/88
f 88/88/88 105/105/105 104/104/104
s 6
f 106/106/106 107/107/107 108/108/108
f 108/108/108 109/109/109 106/106/106
f 110/110/110 106/106/106 109/109/109
f 109/109/109 111/111/111 110/110/110
f 112/112/112 113/113/113 114/114/114
f 114/114/114 115/115/115 112/112/112
f 113/113/113 116/116/116 117/117/117
f 117/117/117 114/114/114 113/113/113
f 115/115/115 114/114/114 118/118/118
f 118/118/118 119/119/119 115/115/115
f 114/114/114 117/117/117 120/120/120
f 120/120/120 118/118/118 114/114/114
f 119/119/119 118/118/118 121/121/121
f 121/121/121 122/122/122 119/119/119
f 118/118/118 120/120/120 123/123/123
f 123/123/123 121/121/121 118/118/118
f 122/122/122 121/121/121 124/124/124
f 124/124/124 125/125/125 122/122/122
f 121/121/121 123/123/123 126/126/126
f 126/126/126 124/124/124 121/121/121
f 125/125/125 124/124/124 106/106/106
f 106/106/106 110/110/110 125/125/125
f 124/124/124 126/126/126 107/107/107
f 107/107/107 106/106/106 124/124/124
s 7
f 127/127/127 128/128/128 129/129/129
f 129/129/129 130/130/130 127/127/127
f 131/131/131 132/132/132 128/128/128
f 128/128/128 127/127/127 131/131/131
f 133/133/133 134/134/134 135/135/135
f 135/135/135 136/136/136 133/133/133
f 136/136/136 135/135/135 137/137/137
f 137/137/137 138/138/138 136/136/136
f 134/134/134 139/139/139 140/140/140
f 140/140/140 135/135/135 134/134/134
f 135/135/135 140/140/140 141/141/141
f 141/141/141 137/137/137 135/135/135
f 139/139/139 142/142/142 143/143/143
f 143/143/143 140/140/140 139/139/139
f 140/140/140 143/143/143 144/144/144
f 144/144/144 141/141/141 140/140/140
f 142/142/142 145/145/145 146/146/146
f 146/146/146 143/143/143 142/142/142
f 143/143/143 146/146/146 147/147/147
f 147/147/147 144/144/144 143/143/143
f 145/145/145 131/131/131 127/127/127
f 127/127/127 146/146/146 145/145/145
f 146/146/146 127/127/127 130/130/130
f 130/130/130 147/147/147 146/146/146
s 8
f 148/148/148 149/149/149 150/150/150
f 150/150/150 151/151/151 148/148/148
f 152/152/152 148/148/148 151/151/151
f 151/151/151 153/153/153 152/152/152
f 154/154/154 155/155/155 156/156/156
f 156/156/156 157/157/157 154/154/154
f 155/155/155 158/158/158 159/159/159
f 159/159/159 156/156/156 155/155/155
f 157/157/157 156/156/156 160/160/160
f 160/160/160 161/161/161 157/157/157
f 156/156/156 159/159/159 162/162/162
f 162/162/162 160/160/160 156/156/156
f 161/161/161 160/160/160 163/163/163
f 163/163/163 164/164/164 161/161/161
f 160/160/160 162/162/162 165/165/165
f 165/165/165 163/163/163 160/160/160
f 164/164/164 163/163/163 166/166/166
f 166/166/166 167/167/167 164/164/164
f 163/163/163 165/165/165 168/168/168
f 168/168/168 166/166/166 163/163/163
f 167/167/167 166/166/166 148/148/148
f 148/148/148 152/152/152 167/167/167
f 166/166/166 168/168/168 149/149/149
f 149/149/149 148/148/148 166/166/166
s 9
f 169/169/169 170/170/170 171/171/171
f 171/171/171 172/172/172 169/169/169
f 173/173/173 174/174/174 170/170/170
f 170/170/170 169/169/169 173/173/173
f 175/175/175 176/176/176 177/177/177
f 177/177/177 178/178/178 175/175/175
f 178/178/178 177/177/177 179/179/179
f 179/179/179 180/180/180 178/178/178
f 176/176/176 181/181/181 182/182/182
f 182/182/182 177/177/177 176/176/176
f 177/177/177 182/182/182 183/183/183
f 183/183/183 179/179/179 177/177/177
f 181/181/181 184/184/184 185/185/185
f 185/185/185 182/182/182 181/181/181
f 182/182/182 185/185/185 186/186/186
f 186/186/186 183/183/183 182/182/182
f 184/184/184 187/187/187 188/188/188
f 188/188/188 185/185/185 184/184/184
f 185/185/185 188/188/188 189/189/189
f 189/189/189 186/186/186 185/185/185
f 187/187/187 173/173/173 169/169/169
f 169/169/169 188/188/188 187/187/187
f 188/188/188 169/169/169 172/172/172
f 172/172/172 189/189/189 188/188/188
s 10
f 190/190/190 191/191/191 192/192/192
f 192/192/192 193/193/193 190/190/190
f 194/194/194 190/190/190 193/193/193
f 193/193/193 195/195/195 194/194/194
f 196/196/196 197/197/197 198/198/198
f 198/198/198 199/199/199 196/196/196
f 197/197/197 200/200/200 201/201/201
f 201/201/201 198/198/198 197/197/197
f 199/199/199 198/198/198 202/202/202
f 202/202/202 203/203/203 199/199/199
f 198/198/198 201/201/201 204/204/204
f 204/204/204 202/202/202 198/198/198
f 203/203/203 202/202/202 205/205/205
f 205/205/205 206/206/206 203/203/203
f 202/202/202 204/204/204 207/207/207
f 207/207/207 205/205/205 202/202/202
f 206/206/206 205/205/205 208/208/208
f 208/208/208 209/209/209 206/206/206
f 205/205/205 207/207/207 210/210/210
f 210/210/210 208/208/208 205/205/205
f 209/209/209 208/208/208 190/190/190
f 190/190/190 194/194/194 209/209/209
f 208/208/208 210/210/210 191/191/191
f 191/191/191 190/190/190 208/208/208
s 11
f 211/211/211 212/212/212 213/213/213
f 213/213/213 214/214/214 211/211/211
f 215/215/215 216/216/216 212/212/212
f 212/212/212 211/211/211 215/215/215
f 217/217/217 218/218/218 219/219/219
f 219/219/219 220/220/220 217/217/217
f 220/220/220 219/219/219 221/221/221
f 221/221/221 222/222/222 220/220/220
f 218/218/218 223/223/223 224/224/224
f 224/224/224 219/219/219 218/218/218
f 219/219/219 224/224/224 225/225/225
f 225/225/225 221/221/221 219/219/219
f 223/223/223 226/226/226 227/227/227
f 227/227/227 224/224/224 223/223/223
f 224/224/224 227/227/227 228/228/228
f 228/228/228 225/225/225 224/224/224
f 226/226/226 229/229/229 230/230/230
f 230/230/230 227/227/227 226/226/226
f 227/227/227 230/230/230 231/231/231
f 231/231/231 228/228/228 227/227/227
f 229/229/229 215/215/215 211/211/211
f 211/211/211 230/230/230 229/229/229
f 230/230/230 211/211/211 214/214/214
f 214/214/214 231/231/231 230/230/230
s 12
f 232/232/232 233/233/233 234/234/234
f 234/234/234 235/235/235 232/232/232
f 236/236/236 232/232/232 235/235/235
f 235/235/235 237/237/237 236/236/236
f 238/238/238 239/239/239 240/240/240
f 240/240/240 241/241/241 238/238/238
f 239/239/239 242/242/242 243/243/243
f 243/243/243 240/240/240 239/239/239
f 241/241/241 240/240/240 244/244/244
f 244/244/244 245/245/245 241/241/241
f 240/240/240 243/243/243 246/246/246
f 246/246/246 244/244/244 240/240/240
f 245/245/245 244/244/244 247/247/247
f 247/247/247 248/248/248 245/245/245
f 244/244/244 246/246/246 249/249/249
f 249/249/249 247/247/247 244/244/244
f 248/248/248 247/247/247 250/250/250
f 250/250/250 251/251/251 248/248/248
f 247/247/247 249/249/249 252/252/252
f 252/252/252 250/250/250 247/247/247
f 251/251/251 250/250/250 232/232/232
f 232/232/232 236/236/236 251/251/251
f 250/250/250 252/252/252 233/233/233
f 233/233/233 232/232/232 250/250/250
s 13
f 253/253/253 254/254/254 255/255/255
f 255/255/255 256/256/256 253/253/253
f 254/254/254 257/257/257 258/258/258
f 258/258/258 255/255/255 254/254/254
f 257/257/257 259/259/259 260/260/260
f 260/260/260 258/258/258 257/257/257
f 259/259/259 261/261/261 262/262/262
f 262/262/262 260/260/260 259/259/259
f 261/261/261 253/263/253 256/264/256
f 256/264/256 262/262/262 261/261/261
f 263/265/263 264/266/264 265/267/265
f 265/267/265 266/268/266 263/265/263
f 263/265/263 266/268/266 267/269/267
f 260/260/260 262/262/262 264/270/264
f 264/270/264 263/271/263 260/260/260
f 258/258/258 260/260/260 263/271/263
f 263/271/263 267/272/267 258/258/258
f 255/255/255 258/258/258 267/272/267
f 267/272/267 266/273/266 255/255/255
f 256/256/256 255/255/255 266/273/266
f 266/273/266 265/274/265 256/256/256
f 262/262/262 256/264/256 265/275/265
f 265/275/265 264/270/264 262/262/262
s 14
f 268/276/268 269/277/269 270/278/270
f 270/278/270 271/279/271 268/276/268
f 269/277/269 272/280/272 273/281/273
f 273/281/273 270/278/270 269/277/269
f 272/280/272 274/282/274 275/283/275
f 275/283/275 273/281/273 272/280/272
f 274/282/274 276/284/276 277/285/277
f 277/285/277 275/283/275 274/282/274
f 276/284/276 268/286/268 271/287/271
f 271/287/271 277/285/277 276/284/276
f 275/288/275 277/289/277 271/290/271
f 271/290/271 270/291/270 275/288/275
f 275/288/275 270/291/270 273/292/273
s 15
f 278/293/278 279/294/279 280/295/280
f 280/295/280 281/296/281 278/293/278
f 282/297/282 278/293/278 281/296/281
f 281/296/281 283/298/283 282/297/282
f 284/299/284 285/300/285 286/301/286
f 286/301/286 287/302/287 284/299/284
f 285/300/285 288/303/288 289/304/289
f 289/304/289 286/301/286 285/300/285
f 287/302/287 286/301/286 290/305/290
f 290/305/290 291/306/291 287/302/287
f 286/301/286 289/304/289 292/307/292
f 292/307/292 290/305/290 286/301/286
f 291/306/291 290/305/290 293/308/293
f 293/308/293 294/309/294 291/306/291
f 290/305/290 292/307/292 295/310/295
f 295/310/295 293/308/293 290/305/290
f 294/309/294 293/308/293 296/311/296
f 296/311/296 297/312/297 294/309/294
f 293/308/293 295/310/295 298/313/298
f 298/313/298 296/311/296 293/308/293
f 297/312/297 296/311/296 278/293/278
f 278/293/278 282/297/282 297/312/297
f 296/311/296 298/313/298 279/294/279
f 279/294/279 278/293/278 296/311/296
s 16
f 299/314/299 300/315/300 301/316/301
f 301/316/301 302/317/302 299/314/299
f 303/318/303 304/319/304 300/315/300
f 300/315/300 299/314/299 303/318/303
f 305/320/305 306/321/306 307/322/307
f 307/322/307 308/323/308 305/320/305
f 308/323/308 307/322/307 309/324/309
f 309/324/309 310/325/310 308/323/308
f 306/321/306 311/326/311 312/327/312
f 312/327/312 307/322/307 306/321/306
f 307/322/307 312/327/312 313/328/313
f 313/328/313 309/324/309 307/322/307
f 311/326/311 314/329/314 315/330/315
f 315/330/315 312/327/312 311/326/311
f 312/327/312 315/330/315 316/331/316
f 316/331/316 313/328/313 312/327/312
f 314/329/314 317/332/317 318/333/318
f 318/333/318 315/330/315 314/329/314
f 315/330/315 318/333/318 319/334/319
f 319/334/319 316/331/316 315/330/315
f 317/332/317 303/318/303 299/314/299
f 299/314/299 318/333/318 317/332/317
f 318/333/318 299/314/299 302/317/302
f 302/317/302 319/334/319 318/333/318
s 17
f 320/335/320 321/336/321 322/337/322
f 322/337/322 323/338/323 320/335/320
f 324/339/324 325/340/325 321/336/321
f 321/336/321 320/335/320 324/339/324
f 326/341/326 327/342/327 328/343/328
f 328/343/328 329/344/329 326/341/326
f 329/344/329 328/343/328 330/345/330
f 330/345/330 331/346/331 329/344/329
f 327/342/327 332/347/332 333/348/333
f 333/348/333 328/343/328 327/342/327
f 328/343/328 333/348/333 334/349/334
f 334/349/334 330/345/330 328/343/328
f 332/347/332 335/350/335 336/351/336
f 336/351/336 333/348/333 332/347/332
f 333/348/333 336/351/336 337/352/337
f 337/352/337 334/349/334 333/348/333
f 335/350/335 338/353/338 339/354/339
f 339/354/339 336/351/336 335/350/335
f 336/351/336 339/354/339 340/355/340
f 340/355/340 337/352/337 336/351/336
f 338/353/338 324/339/324 320/335/320
f 320/335/320 339/354/339 338/353/338
f 339/354/339 320/335/320 323/338/323
f 323/338/323 340/355/340 339/354/339
s 18
f 341/356/341 342/357/342 343/358/343
f 343/358/343 344/359/344 341/356/341
f 345/360/345 341/356/341 344/359/344
f 344/359/344 346/361/346 345/360/345
f 347/362/347 348/363/348 349/364/349
f 349/364/349 350/365/350 347/362/347
f 348/363/348 351/366/351 352/367/352
f 352/367/352 349/364/349 348/363/348
f 350/365/350 349/364/349 353/368/353
f 353/368/353 354/369/354 350/365/350
f 349/364/349 352/367/352 355/370/355
f 355/370/355 353/368/353 349/364/349
f 354/369/354 353/368/353 356/371/356
f 356/371/356 357/372/357 354/369/354
f 353/368/353 355/370/355 358/373/358
f 358/373/358 356/371/356 353/368/353
f 357/372/357 356/371/356 359/374/359
f 359/374/359 360/375/360 357/372/357
f 356/371/356 358/373/358 361/376/361
f 361/376/361 359/374/359 356/371/356
f 360/375/360 359/374/359 341/356/341
f 341/356/341 345/360/345 360/375/360
f 359/374/359 361/376/361 342/357/342
f 342/357/342 341/356/341 359/374/359
s 19
f 362/377/362 363/378/363 364/379/364
f 364/379/364 365/380/365 362/377/362
f 366/381/366 367/382/367 363/378/363
f 363/378/363 362/377/362 366/381/366
f 368/383/368 369/384/369 370/385/370
f 370/385/370 371/386/371 368/383/368
f 371/386/371 370/385/370 372/387/372
f 372/387/372 373/388/373 371/386/371
f 369/384/369 374/389/374 375/390/375
f 375/390/375 370/385/370 369/384/369
f 370/385/370 375/390/375 376/391/376
f 376/391/376 372/387/372 370/385/370
f 374/389/374 377/392/377 378/393/378
f 378/393/378 375/390/375 374/389/374
f 375/390/375 378/393/378 379/394/379
f 379/394/379 376/391/376 375/390/375
f 377/392/377 380/395/380 381/396/381
f 381/396/381 378/393/378 377/392/377
f 378/393/378 381/396/381 382/397/382
f 382/397/382 379/394/379 378/393/378
f 380/395/380 366/381/366 362/377/362
f 362/377/362 381/396/381 380/395/380
f 381/396/381 362/377/362 365/380/365
f 365/380/365 382/397/382 381/396/381
s 20
f 383/398/383 384/399/384 385/400/385
f 385/400/385 386/401/386 383/398/383
f 387/402/387 383/398/383 386/401/386
f 386/401/386 388/403/388 387/402/387
f 389/404/389 390/405/390 391/406/391
f 391/406/391 392/407/392 389/404/389
f 390/405/390 393/408/393 394/409/394
f 394/409/394 391/406/391 390/405/390
f 392/407/392 391/406/391 395/410/395
f 395/410/395 396/411/396 392/407/392
f 391/406/391 394/409/394 397/412/397
f 397/412/397 395/410/395 391/406/391
f 396/411/396 395/410/395 398/413/398
f 398/413/398 399/414/399 396/411/396
f 395/410/395 397/412/397 400/415/400
f 400/415/400 398/413/398 395/410/395
f 399/414/399 398/413/398 401/416/401
f 401/416/401 402/417/402 399/414/399
f 398/413/398 400/415/400 403/418/403
f 403/418/403 401/416/401 398/413/398
f 402/417/402 401/416/401 383/398/383
f 383/398/383 387/402/387 402/417/402
f 401/416/401 403/418/403 384/399/384
f 384/399/384 383/398/383 401/416/401
s 21
f 404/419/404 405/420/405 406/421/406
f 406/421/406 407/422/407 404/419/404
f 408/423/408 409/424/409 405/420/405
f 405/420/405 404/419/404 408/423/408
f 410/425/410 411/426/411 412/427/412
f 412/427/412 413/428/413 410/425/410
f 413/428/413 412/427/412 414/429/414
f 414/429/414 415/430/415 413/428/413
f 411/426/411 416/431/416 417/432/417
f 417/432/417 412/427/412 411/426/411
f 412/427/412 417/432/417 418/433/418
f 418/433/418 414/429/414 412/427/412
f 416/431/416 419/434/419 420/435/420
f 420/435/420 417/432/417 416/431/416
f 417/432/417 420/435/420 421/436/421
f 421/436/421 418/433/418 417/432/417
f 419/434/419 422/437/422 423/438/423
f 423/438/423 420/435/420 419/434/419
f 420/435/420 423/438/423 424/439/424
f 424/439/424 421/436/421 420/435/420
f 422/437/422 408/423/408 404/419/404
f 404/419/404 423/438/423 422/437/422
f 423/438/423 404/419/404 407/422/407
f 407/422/407 424/439/424 423/438/423
s 22
f 425/440/425 426/441/426 427/442/427
f 427/442/427 428/443/428 425/440/425
f 429/444/429 425/440/425 428/443/428
f 428/443/428 430/445/430 429/444/429
f 431/446/431 432/447/432 433/448/433
f 433/448/433 434/449/434 431/446/431
f 432/447/432 435/450/435 436/451/436
f 436/451/436 433/448/433 432/447/432
f 434/449/434 433/448/433 437/452/437
f 437/452/437 438/453/438 434/449/434
f 433/448/433 436/451/436 439/454/439
f 439/454/439 437/452/437 433/448/433
f 438/453/438 437/452/437 440/455/440
f 440/455/440 441/456/441 438/453/438
f 437/452/437 439/454/439 442/457/442
f 442/457/442 440/455/440 437/452/437
f 441/456/441 440/455/440 443/458/443
f 443/458/443 444/459/444 441/456/441
f 440/455/440 442/457/442 445/460/445
f 445/460/445 443/458/443 440/455/440
f 444/459/444 443/458/443 425/440/425
f 425/440/425 429/444/429 444/459/444
f 443/458/443 445/460/445 426/441/426
f 426/441/426 425/440/425 443/458/443
s 23
f 446/461/446 447/462/447 448/463/448
f 448/463/448 449/464/449 446/461/446
f 450/465/450 451/466/451 447/462/447
f 447/462/447 446/461/446 450/465/450
f 452/467/452 453/468/453 454/469/454
f 454/469/454 455/470/455 452/467/452
f 455/470/455 454/469/454 456/471/456
f 456/471/456 457/472/457 455/470/455
f 453/468/453 458/473/458 459/474/459
f 459/474/459 454/469/454 453/468/453
f 454/469/454 459/474/459 460/475/460
f 460/475/460 456/471/456 454/469/454
f 458/473/458 461/476/461 462/477/462
f 462/477/462 459/474/459 458/473/458
f 459/474/459 462/477/462 463/478/463
f 463/478/463 460/475/460 459/474/459
f 461/476/461 464/479/464 465/480/465
f 465/480/465 462/477/462 461/476/461
f 462/477/462 465/480/465 466/481/466
f 466/481/466 463/478/463 462/477/462
f 464/479/464 450/465/450 446/461/446
f 446/461/446 465/480/465 464/479/464
f 465/480/465 446/461/446 449/464/449
f 449/464/449 466/481/466 465/480/465
s 24
f 467/482/467 468/483/468 469/484/469
f 469/484/469 470/485/470 467/482/467
f 471/486/471 467/482/467 470/485/470
f 470/485/470 472/487/472 471/486/471
f 473/488/473 474/489/474 475/490/475
f 475/490/475 476/491/476 473/488/473
f 474/489/474 477/492/477 478/493/478
f 478/493/478 475/490/475 474/489/474
f 476/491/476 475/490/475 479/494/479
f 479/494/479 480/495/480 476/491/476
f 475/490/475 478/493/478 481/496/481
f 481/496/481 479/494/479 475/490/475
f 480/495/480 479/494/479 482/497/482
f 482/497/482 483/498/483 480/495/480
f 479/494/479 481/496/481 484/499/484
f 484/499/484 482/497/482 479/494/479
f 483/498/483 482/497/482 485/500/485
f 485/500/485 486/501/486 483/498/483
f 482/497/482 484/499/484 487/502/487
f 487/502/487 485/500/485 482/497/482
f 486/501/486 485/500/485 467/482/467
f 467/482/467 471/486/471 486/501/486
f 485/500/485 487/502/487 468/483/468
f 468/483/468 467/482/467 485/500/485
s 25
f 488/503/488 489/504/489 490/505/490
f 490/505/490 491/506/491 488/503/488
f 492/507/492 493/508/493 489/504/489
f 489/504/489 488/503/488 492/507/492
f 494/509/494 495/510/495 496/511/496
f 496/511/496 497/512/497 494/509/494
f 497/512/497 496/511/496 498/513/498
f 498/513/498 499/514/499 497/512/497
f 495/510/495 500/515/500 501/516/501
f 501/516/501 496/511/496 495/510/495
f 496/511/496 501/516/501 502/517/502
f 502/517/502 498/513/498 496/511/496
f 500/515/500 503/518/503 504/519/504
f 504/519/504 501/516/501 500/515/500
f 501/516/501 504/519/504 505/520/505
f 505/520/505 502/517/502 501/516/501
f 503/518/503 506/521/506 507/522/507
f 507/522/507 504/519/504 503/518/503
f 504/519/504 507/522/507 508/523/508
f 508/523/508 505/520/505 504/519/504
f 506/521/506 492/507/492 488/503/488
f 488/503/488 507/522/507 506/521/506
f 507/522/507 488/503/488 491/506/491
f 491/506/491 508/523/508 507/522/507
s 26
f 509/524/509 510/525/510 511/526/511
f 511/526/511 512/527/512 509/524/509
f 513/528/513 509/524/509 512/527/512
f 512/527/512 514/529/514 513/528/513
f 515/530/515 516/531/516 517/532/517
f 517/532/517 518/533/518 515/530/515
f 516/531/516 519/534/519 520/535/520
f 520/535/520 517/532/517 516/531/516
f 518/533/518 517/532/517 521/536/521
f 521/536/521 522/537/522 518/533/518
f 517/532/517 520/535/520 523/538/523
f 523/538/523 521/536/521 517/532/517
f 522/537/522 521/536/521 524/539/524
f 524/539/524 525/540/525 522/537/522
f 521/536/521 523/538/523 526/541/526
f 526/541/526 524/539/524 521/536/521
f 525/540/525 524/539/524 527/542/527
f 527/542/527 528/543/528 525/540/525
f 524/539/524 526/541/526 529/544/529
f 529/544/529 527/542/527 524/539/524
f 528/543/528 527/542/527 509/524/509
f 509/524/509 513/528/513 528/543/528
f 527/542/527 529/544/529 510/525/510
f 510/525/510 509/524/509 527/542/527
s 27
f 530/545/530 531/546/531 532/547/532
f 532/547/532 533/548/533 530/545/530
f 534/549/534 535/550/535 531/546/531
f 531/546/531 530/545/530 534/549/534
f 536/551/536 537/552/537 538/553/538
f 538/553/538 539/554/539 536/551/536
f 539/554/539 538/553/538 540/555/540
f 540/555/540 541/556/541 539/554/539
f 537/552/537 542/557/542 543/558/543
f 543/558/543 538/553/538 537/552/537
f 538/553/538 543/558/543 544/559/544
f 544/559/544 540/555/540 538/553/538
f 542/557/542 545/560/545 546/561/546
f 546/561/546 543/558/543 542/557/542
f 543/558/543 546/561/546 547/562/547
f 547/562/547 544/559/544 543/558/543
f 545/560/545 548/563/548 549/564/549
f 549/564/549 546/561/546 545/560/545
f 546/561/546 549/564/549 550/565/550
f 550/565/550 547/562/547 546/561/546
f 548/563/548 534/549/534 530/545/530
f 530/545/530 549/564/549 548/563/548
f 549/564/549 530/545/530 533/548/533
f 533/548/533 550/565/550 549/564/549
s 28
f 551/566/551 552/567/552 553/568/553
f 553/568/553 554/569/554 551/566/551
f 555/570/555 551/566/551 554/569/554
f 554/569/554 556/571/556 555/570/555
f 557/572/557 558/573/558 559/574/559
f 559/574/559 560/575/560 557/572/557
f 558/573/558 561/576/561 562/577/562
f 562/577/562 559/574/559 558/573/558
f 560/575/560 559/574/559 563/578/563
f 563/578/563 564/579/564 560/575/560
f 559/574/559 562/577/562 565/580/565
f 565/580/565 563/578/563 559/574/559
f 564/579/564 563/578/563 566/581/566
f 566/581/566 567/582/567 564/579/564
f 563/578/563 565/580/565 568/583/568
f 568/583/568 566/581/566 563/578/563
f 567/582/567 566/581/566 569/584/569
f 569/584/569 570/585/570 567/582/567
f 566/581/566 568/583/568 571/586/571
f 571/586/571 569/584/569 566/581/566
f 570/585/570 569/584/569 551/566/551
f 551/566/551 555/570/555 570/585/570
f 569/584/569 571/586/571 552/567/552
f 552/567/552 551/566/551 569/584/569
s 29
f 572/587/572 573/588/573 574/589/574
f 574/589/574 575/590/575 572/587/572
f 576/591/576 577/592/577 573/588/573
f 573/588/573 572/587/572 576/591/576
f 578/593/578 579/594/579 580/595/580
f 580/595/580 581/596/581 578/593/578
f 581/596/581 580/595/580 582/597/582
f 582/597/582 583/598/583 581/596/581
f 579/594/579 584/599/584 585/600/585
f 585/600/585 580/595/580 579/594/579
f 580/595/580 585/600/585 586/601/586
f 586/601/586 582/597/582 580/595/580
f 584/599/584 587/602/587 588/603/588
f 588/603/588 585/600/585 584/599/584
f 585/600/585 588/603/588 589/604/589
f 589/604/589 586/601/586 585/600/585
f 587/602/587 590/605/590 591/606/591
f 591/606/591 588/603/588 587/602/587
f 588/603/588 591/606/591 592/607/592
f 592/607/592 589/604/589 588/603/588
f 590/605/590 576/591/576 572/587/572
f 572/587/572 591/606/591 590/605/590
f 591/606/591 572/587/572 575/590/575
f 575/590/575 592/607/592 591/606/591
s 30
f 593/608/593 594/609/594 595/610/595
f 595/610/595 596/611/596 593/608/593
f 597/612/597 593/608/593 596/611/596
f 596/611/596 598/613/598 597/612/597
f 599/614/599 600/615/600 601/616/601
f 601/616/601 602/617/602 599/614/599
f 600/615/600 603/618/603 604/619/604
f 604/619/604 601/616/601 600/615/600
f 602/617/602 601/616/601 605/620/605
f 605/620/605 606/621/606 602/617/602
f 601/616/601 604/619/604 607/622/607
f 607/622/607 605/620/605 601/616/601
f 606/621/606 605/620/605 608/623/608
f 608/623/608 609/624/609 606/621/606
f 605/620/605 607/622/607 610/625/610
f 610/625/610 608/623/608 605/620/605
f 609/624/609 608/623/608 611/626/611
f 611/626/611 612/627/612 609/624/609
f 608/623/608 610/625/610 613/628/613
f 613/628/613 611/626/611 608/623/608
f 612/627/612 611/626/611 593/608/593
f 593/608/593 597/612/597 612/627/612
f 611/626/611 613/628/613 594/609/594
f 594/609/594 593/608/593 611/626/611
s 31
f 614/629/614 615/630/615 616/631/616
f 616/631/616 617/632/617 614/629/614
f 615/630/615 618/633/618 619/634/619
f 619/634/619 616/631/616 615/630/615
f 618/633/618 620/635/620 621/636/621
f 621/636/621 619/634/619 618/633/618
f 620/635/620 622/637/622 623/638/623
f 623/638/623 621/636/621 620/635/620
f 622/637/622 614/639/614 617/640/617
f 617/640/617 623/638/623 622/637/622
f 624/641/624 625/642/625 626/643/626
f 626/643/626 627/644/627 624/641/624
f 624/641/624 627/644/627 628/645/628
f 621/636/621 623/638/623 625/646/625
f 625/646/625 624/647/624 621/636/621
f 619/634/619 621/636/621 624/647/624
f 624/647/624 628/648/628 619/634/619
f 616/631/616 619/634/619 628/648/628
f 628/648/628 627/649/627 616/631/616
f 617/632/617 616/631/616 627/649/627
f 627/649/627 626/650/626 617/632/617
f 623/638/623 617/640/617 626/651/626
f 626/651/626 625/646/625 623/638/623
s 32
f 629/652/629 630/653/630 631/654/631
f 631/654/631 632/655/632 629/652/629
f 630/653/630 633/656/633 634/657/634
f 634/657/634 631/654/631 630/653/630
f 633/656/633 635/658/635 636/659/636
f 636/659/636 634/657/634 633/656/633
f 635/658/635 637/660/637 638/661/638
f 638/661/638 636/659/636 635/658/635
f 637/660/637 629/662/629 632/663/632
f 632/663/632 638/661/638 637/660/637
f 636/664/636 638/665/638 632/666/632
f 632/666/632 631/667/631 636/664/636
f 636/664/636 631/667/631 634/668/634
s 33
f 639/669/639 640/670/640 641/671/641
f 641/671/641 642/672/642 639/669/639
f 643/673/643 644/674/644 640/670/640
f 640/670/640 639/669/639 643/673/643
f 645/675/645 646/676/646 647/677/647
f 647/677/647 648/678/648 645/675/645
f 648/678/648 647/677/647 649/679/649
f 649/679/649 650/680/650 648/678/648
f 646/676/646 651/681/651 652/682/652
f 652/682/652 647/677/647 646/676/646
f 647/677/647 652/682/652 653/683/653
f 653/683/653 649/679/649 647/677/647
f 651/681/651 654/684/654 655/685/655
f 655/685/655 652/682/652 651/681/651
f 652/682/652 655/685/655 656/686/656
f 656/686/656 653/683/653 652/682/652
f 654/684/654 657/687/657 658/688/658
f 658/688/658 655/685/655 654/684/654
f 655/685/655 658/688/658 659/689/659
f 659/689/659 656/686/656 655/685/655
f 657/687/657 643/673/643 639/669/639
f 639/669/639 658/688/658 657/687/657
f 658/688/658 639/669/639 642/672/642
f 642/672/642 659/689/659 658/688/658
s 34
f 660/690/660 661/691/661 662/692/662
f 662/692/662 663/693/663 660/690/660
f 664/694/664 660/690/660 663/693/663
f 663/693/663 665/695/665 664/694/664
f 666/696/666 667/697/667 668/698/668
f 668/698/668 669/699/669 666/696/666
f 667/697/667 670/700/670 671/701/671
f 671/701/671 668/698/668 667/697/667
f 669/699/669 668/698/668 672/702/672
f 672/702/672 673/703/673 669/699/669
f 668/698/668 671/701/671 674/704/674
f 674/704/674 672/702/672 668/698/668
f 673/703/673 672/702/672 675/705/675
f 675/705/675 676/706/676 673/703/673
f 672/702/672 674/704/674 677/707/677
f 677/707/677 675/705/675 672/702/672
f 676/706/676 675/705/675 678/708/678
f 678/708/678 679/709/679 676/706/676
f 675/705/675 677/707/677 680/710/680
f 680/710/680 678/708/678 675/705/675
f 679/709/679 678/708/678 660/690/660
f 660/690/660 664/694/664 679/709/679
f 678/708/678 680/710/680 661/691/661
f 661/691/661 660/690/660 678/708/678
s 35
f 681/711/681 682/712/682 683/713/683
f 683/713/683 684/714/684 681/711/681
f 685/715/685 686/716/686 682/712/682
f 682/712/682 681/711/681 685/715/685
f 687/717/687 688/718/688 689/719/689
f 689/719/689 690/720/690 687/717/687
f 690/720/690 689/719/689 691/721/691
f 691/721/691 692/722/692 690/720/690
f 688/718/688 693/723/693 694/724/694
f 694/724/694 689/719/689 688/718/688
f 689/719/689 694/724/694 695/725/695
f 695/725/695 691/721/691 689/719/689
f 693/723/693 696/726/696 697/727/697
f 697/727/697 694/724/694 693/723/693
f 694/724/694 697/727/697 698/728/698
f 698/728/698 695/725/695 694/724/694
f 696/726/696 699/729/699 700/730/700
f 700/730/700 697/727/697 696/726/696
f 697/727/697 700/730/700 701/731/701
f 701/731/701 698/728/698 697/727/697
f 699/729/699 685/715/685 681/711/681
f 681/711/681 700/730/700 699/729/699
f 700/730/700 681/711/681 684/714/684
f 684/714/684 701/731/701 700/730/700
s 36
f 702/732/702 703/733/703 704/734/704
f 704/734/704 705/735/705 702/732/702
f 706/736/706 702/732/702 705/735/705
f 705/735/705 707/737/707 706/736/706
f 708/738/708 709/739/709 710/740/710
f 710/740/710 711/741/711 708/738/708
f 709/739/709 712/742/712 713/743/713
f 713/743/713 710/740/710 709/739/709
f 711/741/711 710/740/710 714/744/714
f 714/744/714 715/745/715 711/741/711
f 710/740/710 713/743/713 716/746/716
f 716/746/716 714/744/714 710/740/710
f 715/745/715 714/744/714 717/747/717
f 717/747/717 718/748/718 715/745/715
f 714/744/714 716/746/716 719/749/719
f 719/749/719 717/747/717 714/744/714
f 718/748/718 717/747/717 720/750/720
f 720/750/720 721/751/721 718/748/718
f 717/747/717 719/749/719 722/752/722
f 722/752/722 720/750/720 717/747/717
f 721/751/721 720/750/720 702/732/702
f 702/732/702 706/736/706 721/751/721
f 720/750/720 722/752/722 703/733/703
f 703/733/703 702/732/702 720/750/720
s 37
f 723/753/723 724/754/724 725/755/725
f 725/755/725 726/756/726 723/753/723
f 727/757/727 728/758/728 724/754/724
f 724/754/724 723/753/723 727/757/727
f 729/759/729 730/760/730 731/761/731
f 731/761/731 732/762/732 729/759/729
f 732/762/732 731/761/731 733/763/733
f 733/763/733 734/764/734 732/762/732
f 730/760/730 735/765/735 736/766/736
f 736/766/736 731/761/731 730/760/730
f 731/761/731 736/766/736 737/767/737
f 737/767/737 733/763/733 731/761/731
f 735/765/735 738/768/738 739/769/739
f 739/769/739 736/766/736 735/765/735
f 736/766/736 739/769/739 740/770/740
f 740/770/740 737/767/737 736/766/736
f 738/768/738 741/771/741 742/772/742
f 742/772/742 739/769/739 738/768/738
f 739/769/739 742/772/742 743/773/743
f 743/773/743 740/770/740 739/769/739
f 741/771/741 727/757/727 723/753/723
f 723/753/723 742/772/742 741/771/741
f 742/772/742 723/753/723 726/756/726
f 726/756/726 743/773/743 742/772/742
s 38
f 744/774/744 745/775/745 746/776/746
f 746/776/746 747/777/747 744/774/744
f 748/778/748 744/774/744 747/777/747
f 747/777/747 749/779/749 748/778/748
f 750/780/750 751/781/751 752/782/752
f 752/782/752 753/783/753 750/780/750
f 751/781/751 754/784/754 755/785/755
f 755/785/755 752/782/752 751/781/751
f 753/783/753 752/782/752 756/786/756
f 756/786/756 757/787/757 753/783/753
f 752/782/752 755/785/755 758/788/758
f 758/788/758 756/786/756 752/782/752
f 757/787/757 756/786/756 759/789/759
f 759/789/759 760/790/760 757/787/757
f 756/786/756 758/788/758 761/791/761
f 761/791/761 759/789/759 756/786/756
f 760/790/760 759/789/759 762/792/762
f 762/792/762 763/793/763 760/790/760
f 759/789/759 761/791/761 764/794/764
f 764/794/764 762/792/762 759/789/759
f 763/793/763 762/792/762 744/774/744
f 744/774/744 748/778/748 763/793/763
f 762/792/762 764/794/764 745/775/745
f 745/775/745 744/774/744 762/792/762
s 39
f 765/795/765 766/796/766 767/797/767
f 767/797/767 768/798/768 765/795/765
f 769/799/769 770/800/770 766/796/766
f 766/796/766 765/795/765 769/799/769
f 771/801/771 772/802/772 773/803/773
f 773/803/773 774/804/774 771/801/771
f 774/804/774 773/803/773 775/805/775
f 775/805/775 776/806/776 774/804/774
f 772/802/772 777/807/777 778/808/778
f 778/808/778 773/803/773 772/802/772
f 773/803/773 778/808/778 779/809/779
f 779/809/779 775/805/775 773/803/773
f 777/807/777 780/810/780 781/811/781
f 781/811/781 778/808/778 777/807/777
f 778/808/778 781/811/781 782/812/782
f 782/812/782 779/809/779 778/808/778
f 780/810/780 783/813/783 784/814/784
f 784/814/784 781/811/781 780/810/780
f 781/811/781 784/814/784 785/815/785
f 785/815/785 782/812/782 781/811/781
f 783/813/783 769/799/769 765/795/765
f 765/795/765 784/814/784 783/813/783
f 784/814/784 765/795/765 768/798/768
f 768/798/768 785/815/785 784/814/784
s 40
f 786/816/786 787/817/787 788/818/788
f 788/818/788 789/819/789 786/816/786
f 790/820/790 786/816/786 789/819/789
f 789/819/789 791/821/791 790/820/790
f 792/822/792 793/823/793 794/824/794
f 794/824/794 795/825/795 792/822/792
f 793/823/793 796/826/796 797/827/797
f 797/827/797 794/824/794 793/823/793
f 795/825/795 794/824/794 798/828/798
f 798/828/798 799/829/799 795/825/795
f 794/824/794 797/827/797 800/830/800
f 800/830/800 798/828/798 794/824/794
f 799/829/799 798/828/798 801/831/801
f 801/831/801 802/832/802 799/829/799
f 798/828/798 800/830/800 803/833/803
f 803/833/803 801/831/801 798/828/798
f 802/832/802 801/831/801 804/834/804
f 804/834/804 805/835/805 802/832/802
f 801/831/801 803/833/803 806/836/806
f 806/836/806 804/834/804 801/831/801
f 805/835/805 804/834/804 786/816/786
f 786/816/786 790/820/790 805/835/805
f 804/834/804 806/836/806 787/817/787
f 787/817/787 786/816/786 804/834/804
s 41
f 807/837/807 808/838/808 809/839/809
f 809/839/809 810/840/810 807/837/807
f 811/841/811 812/842/812 808/838/808
f 808/838/808 807/837/807 811/841/811
f 813/843/813 814/844/814 815/845/815
f 815/845/815 816/846/816 813/843/813
f 816/846/816 815/845/815 817/847/817
f 817/847/817 818/848/818 816/846/816
f 814/844/814 819/849/819 820/850/820
f 820/850/820 815/845/815 814/844/814
f 815/845/815 820/850/820 821/851/821
f 821/851/821 817/847/817 815/845/815
f 819/849/819 822/852/822 823/853/823
f 823/853/823 820/850/820 819/849/819
f 820/850/820 823/853/823 824/854/824
f 824/854/824 821/851/821 820/850/820
f 822/852/822 825/855/825 826/856/826
f 826/856/826 823/853/823 822/852/822
f 823/853/823 826/856/826 827/857/827
f 827/857/827 824/854/824 823/853/823
f 825/855/825 811/841/811 807/837/807
f 807/837/807 826/856/826 825/855/825
f 826/856/826 807/837/807 810/840/810
f 810/840/810 827/857/827 826/856/826
s 42
f 828/858/828 829/859/829 830/860/830
f 830/860/830 831/861/831 828/858/828
f 832/862/832 828/858/828 831/861/831
f 831/861/831 833/863/833 832/862/832
f 834/864/834 835/865/835 836/866/836
f 836/866/836 837/867/837 834/864/834
f 835/865/835 838/868/838 839/869/839
f 839/869/839 836/866/836 835/865/835
f 837/867/837 836/866/836 840/870/840
f 840/870/840 841/871/841 837/867/837
f 836/866/836 839/869/839 842/872/842
f 842/872/842 840/870/840 836/866/836
f 841/871/841 840/870/840 843/873/843
f 843/873/843 844/874/844 841/871/841
f 840/870/840 842/872/842 845/875/845
f 845/875/845 843/873/843 840/870/840
f 844/874/844 843/873/843 846/876/846
f 846/876/846 847/877/847 844/874/844
f 843/873/843 845/875/845 848/878/848
f 848/878/848 846/876/846 843/873/843
f 847/877/847 846/876/846 828/858/828
f 828/858/828 832/862/832 847/877/847
f 846/876/846 848/878/848 829/859/829
f 829/859/829 828/858/828 846/876/846
s 43
f 849/879/849 850/880/850 851/881/851
f 851/881/851 852/882/852 849/879/849
f 850/880/850 853/883/853 854/884/854
f 854/884/854 851/881/851 850/880/850
f 853/883/853 855/885/855 856/886/856
f 856/886/856 854/884/854 853/883/853
f 855/885/855 857/887/857 858/888/858
f 858/888/858 856/886/856 855/885/855
f 857/887/857 849/889/849 852/890/852
f 852/890/852 858/888/858 857/887/857
f 859/891/859 860/892/860 861/893/861
f 861/893/861 862/894/862 859/891/859
f 859/891/859 862/894/862 863/895/863
f 856/886/856 858/888/858 860/896/860
f 860/896/860 859/897/859 856/886/856
f 854/884/854 856/886/856 859/897/859
f 859/897/859 863/898/863 854/884/854
f 851/881/851 854/884/854 863/898/863
f 863/898/863 862/899/862 851/881/851
f 852/882/852 851/881/851 862/899/862
f 862/899/862 861/900/861 852/882/852
f 858/888/858 852/890/852 861/901/861
f 861/901/861 860/896/860 858/888/858
s 44
f 864/902/864 865/903/865 866/904/866
f 866/904/866 867/905/867 864/902/864
f 865/903/865 868/906/868 869/907/869
f 869/907/869 866/904/866 865/903/865
f 868/906/868 870/908/870 871/909/871
f 871/909/871 869/907/869 868/906/868
f 870/908/870 872/910/872 873/911/873
f 873/911/873 871/909/871 870/908/870
f 872/910/872 864/912/864 867/913/867
f 867/913/867 873/911/873 872/910/872
f 871/914/871 873/915/873 867/916/867
f 867/916/867 866/917/866 871/914/871
f 871/914/871 866/917/866 869/918/869
s 45
f 874/919/874 875/920/875 876/921/876
f 876/921/876 877/922/877 874/919/874
f 878/923/878 874/919/874 877/922/877
f 877/922/877 879/924/879 878/923/878
f 880/925/880 881/926/881 882/927/882
f 882/927/882 883/928/883 880/925/880
f 881/926/881 884/929/884 885/930/885
f 885/930/885 882/927/882 881/926/881
f 883/928/883 882/927/882 886/931/886
f 886/931/886 887/932/887 883/928/883
f 882/927/882 885/930/885 888/933/888
f 888/933/888 886/931/886 882/927/882
f 887/932/887 886/931/886 889/934/889
f 889/934/889 890/935/890 887/932/887
f 886/931/886 888/933/888 891/936/891
f 891/936/891 889/934/889 886/931/886
f 890/935/890 889/934/889 892/937/892
f 892/937/892 893/938/893 890/935/890
f 889/934/889 891/936/891 894/939/894
f 894/939/894 892/937/892 889/934/889
f 893/938/893 892/937/892 874/919/874
f 874/919/874 878/923/878 893/938/893
f 892/937/892 894/939/894 875/920/875
f 875/920/875 874/919/874 892/937/892
s 46
f 895/940/895 896/941/896 897/942/897
f 897/942/897 898/943/898 895/940/895
f 899/944/899 900/945/900 896/941/896
f 896/941/896 895/940/895 899/944/899
f 901/946/901 902/947/902 903/948/903
f 903/948/903 904/949/904 901/946/901
f 904/949/904 903/948/903 905/950/905
f 905/950/905 906/951/906 904/949/904
f 902/947/902 907/952/907 908/953/908
f 908/953/908 903/948/903 902/947/902
f 903/948/903 908/953/908 909/954/909
f 909/954/909 905/950/905 903/948/903
f 907/952/907 910/955/910 911/956/911
f 911/956/911 908/953/908 907/952/907
f 908/953/908 911/956/911 912/957/912
f 912/957/912 909/954/909 908/953/908
f 910/955/910 913/958/913 914/959/914
f 914/959/914 911/956/911 910/955/910
f 911/956/911 914/959/914 915/960/915
f 915/960/915 912/957/912 911/956/911
f 913/958/913 899/944/899 895/940/895
f 895/940/895 914/959/914 913/958/913
f 914/959/914 895/940/895 898/943/898
f 898/943/898 915/960/915 914/959/914
