# Blender v3.3.0 OBJ File: ''
# www.blender.org
o WheatStage02.007
v 0.035819 0.145027 -0.029116
v 0.041809 0.151212 -0.034198
v 0.007448 0.166093 -0.046712
v 0.002096 0.158791 -0.041439
v 0.037155 0.151132 -0.021458
v 0.002791 0.166018 -0.033983
v 0.090541 -0.008157 -0.001820
v 0.087717 -0.008157 -0.010040
v 0.084706 0.028724 -0.011143
v 0.087485 0.029828 -0.002940
v 0.095204 -0.008157 -0.014547
v 0.092148 0.029828 -0.015666
v 0.081666 0.064094 -0.012257
v 0.083201 0.066511 -0.004510
v 0.087864 0.066511 -0.017236
v 0.072246 0.096284 -0.015709
v 0.073568 0.099978 -0.008039
v 0.078231 0.099978 -0.020766
v 0.056871 0.123708 -0.021342
v 0.057997 0.128622 -0.013745
v 0.062660 0.128622 -0.026471
v 0.035688 0.144623 -0.029161
v 0.001989 0.158372 -0.041478
v 0.007469 0.165813 -0.046991
v 0.041805 0.150954 -0.034490
v 0.036964 0.150873 -0.021235
v 0.002627 0.165737 -0.033757
v 0.090238 -0.008183 -0.001622
v 0.087186 0.029772 -0.002740
v 0.084437 0.028625 -0.011241
v 0.087377 -0.008201 -0.010164
v 0.092047 0.029772 -0.016012
v 0.095099 -0.008184 -0.014894
v 0.082934 0.066397 -0.004300
v 0.081385 0.063894 -0.012359
v 0.087794 0.066396 -0.017568
v 0.073306 0.099809 -0.007832
v 0.071989 0.095999 -0.015802
v 0.078164 0.099809 -0.021093
v 0.057766 0.128406 -0.013531
v 0.056674 0.123356 -0.021414
v 0.062621 0.128405 -0.026783
v 0.122703 0.530425 0.068992
v 0.116110 0.535392 0.066139
v 0.126290 0.543576 0.092327
v 0.132676 0.537883 0.094633
v 0.125470 0.535489 0.062470
v 0.135651 0.543672 0.088659
v 0.106036 0.422362 0.009344
v 0.103831 0.421714 0.017442
v 0.106320 0.448466 0.025044
v 0.108575 0.449985 0.017123
v 0.096674 0.422275 0.013008
v 0.099215 0.449888 0.020792
v 0.107904 0.474338 0.029765
v 0.110544 0.476730 0.022847
v 0.101183 0.476634 0.026515
v 0.111260 0.497368 0.038928
v 0.113986 0.500685 0.032256
v 0.104626 0.500589 0.035925
v 0.116232 0.516416 0.052113
v 0.119039 0.520618 0.045671
v 0.109679 0.520522 0.049340
v 0.172809 0.259832 -0.139540
v 0.202181 0.235454 -0.195618
v 0.213391 0.250163 -0.186660
v 0.182571 0.272391 -0.127429
v 0.159275 0.273918 -0.139658
v 0.190291 0.250698 -0.199277
v 0.081543 0.054380 -0.004821
v 0.082076 0.115846 -0.004855
v 0.098965 0.114815 -0.009608
v 0.098356 0.055005 -0.009408
v 0.105407 0.115761 0.007373
v 0.104706 0.054184 0.007712
v 0.087728 0.176973 -0.014356
v 0.104435 0.173031 -0.018915
v 0.111227 0.176423 -0.002430
v 0.103586 0.230162 -0.040353
v 0.119803 0.222252 -0.044488
v 0.127199 0.228894 -0.028662
v 0.128881 0.265165 -0.083772
v 0.143950 0.253664 -0.086382
v 0.152454 0.263294 -0.072079
v 0.172885 0.260387 -0.139582
v 0.182273 0.272822 -0.127603
v 0.213151 0.250589 -0.186932
v 0.202287 0.235986 -0.195756
v 0.159642 0.274309 -0.139460
v 0.190690 0.251077 -0.199199
v 0.081251 0.054379 -0.003480
v 0.097665 0.055009 -0.008105
v 0.098721 0.114869 -0.009121
v 0.082230 0.115877 -0.004330
v 0.103749 0.054190 0.008715
v 0.104894 0.115801 0.007560
v 0.104217 0.173231 -0.018455
v 0.087903 0.177087 -0.013849
v 0.110724 0.176562 -0.002262
v 0.119659 0.222647 -0.044127
v 0.103809 0.230389 -0.039907
v 0.126735 0.229167 -0.028563
v 0.143917 0.254196 -0.086200
v 0.129175 0.265497 -0.083430
v 0.152065 0.263684 -0.072094
v 0.098018 0.062517 -0.008231
v 0.094803 0.062517 -0.007187
v 0.094716 0.112410 -0.007244
v 0.098040 0.112410 -0.008323
v 0.094803 0.062517 -0.003806
v 0.094716 0.112410 -0.003749
v 0.098018 0.062517 -0.002762
v 0.098040 0.112410 -0.002670
v 0.100005 0.062517 -0.005497
v 0.100093 0.112410 -0.005497
v 0.098067 0.182600 -0.002544
v 0.100129 0.182638 -0.005385
v 0.098061 0.182695 -0.008224
v 0.094723 0.182691 -0.007135
v 0.094726 0.182633 -0.003625
v 0.097816 0.182570 -0.007784
v 0.094996 0.182567 -0.006865
v 0.096007 0.269179 -0.003100
v 0.098869 0.269186 -0.004020
v 0.094999 0.182518 -0.003901
v 0.096009 0.269053 -0.000115
v 0.097820 0.182490 -0.002987
v 0.098872 0.268982 0.000811
v 0.099561 0.182522 -0.005387
v 0.100640 0.269063 -0.001603
v 0.101834 0.373894 0.011319
v 0.103564 0.374033 0.008922
v 0.101812 0.374243 0.006531
v 0.099002 0.374233 0.007458
v 0.099017 0.374018 0.010422
v 0.098447 -0.008157 -0.009328
v 0.093943 -0.008157 -0.007864
v 0.094427 0.062614 -0.007550
v 0.098333 0.062614 -0.008820
v 0.093943 -0.008157 -0.003129
v 0.094427 0.062614 -0.003443
v 0.098447 -0.008157 -0.001665
v 0.098333 0.062614 -0.002173
v 0.101231 -0.008157 -0.005497
v 0.100748 0.062614 -0.005497
v 0.101858 0.374064 0.007071
v 0.099695 0.374057 0.007785
v 0.106052 0.530588 0.027786
v 0.107211 0.530593 0.027402
v 0.099704 0.373892 0.010056
v 0.106058 0.530471 0.029001
v 0.101877 0.373796 0.010759
v 0.107221 0.530404 0.029368
v 0.103204 0.373903 0.008901
v 0.107933 0.530479 0.028379
v 0.109055 0.611968 0.033570
v 0.109131 0.614014 0.036465
v 0.110242 0.654866 0.040370
v 0.113602 0.656377 0.023642
v 0.102353 0.541705 0.029578
v 0.106255 0.508249 0.026356
v 0.089531 0.508201 0.031586
v 0.091193 0.569753 0.037469
v 0.107138 0.542031 0.024818
v 0.111370 0.574309 0.015781
v 0.109615 0.509762 0.009599
v 0.092133 0.604578 0.040798
v 0.103184 0.571098 0.032387
v 0.092883 0.632347 0.043452
v 0.105090 0.596268 0.034787
v 0.107936 0.571350 0.027827
v 0.112252 0.606731 0.018887
v 0.093490 0.654819 0.045600
v 0.106336 0.611745 0.036262
v 0.108632 0.596600 0.031364
v 0.113036 0.635551 0.021647
v 0.107118 0.612114 0.033954
v 0.103245 0.541867 0.026507
v 0.103799 0.571130 0.029657
v 0.106243 0.596612 0.032140
v 0.097763 0.102311 -0.076747
v 0.106048 0.105854 -0.070745
v 0.106103 0.117914 -0.100127
v 0.097812 0.113450 -0.105911
v 0.090254 0.106130 -0.070423
v 0.090308 0.118031 -0.100109
v 0.092141 -0.008533 -0.003575
v 0.097140 -0.008145 -0.010922
v 0.097245 0.017553 -0.011893
v 0.091320 0.017865 -0.004452
v 0.102615 -0.008650 -0.003593
v 0.103744 0.017801 -0.004686
v 0.097386 0.042615 -0.019213
v 0.090551 0.043858 -0.011861
v 0.104895 0.043732 -0.012292
v 0.097544 0.065871 -0.032683
v 0.090023 0.068001 -0.025622
v 0.105817 0.067773 -0.026200
v 0.097671 0.086126 -0.052084
v 0.090157 0.089123 -0.045338
v 0.105950 0.088791 -0.045960
v 0.097750 0.102008 -0.076896
v 0.097803 0.113136 -0.106034
v 0.106299 0.117658 -0.100228
v 0.106245 0.105614 -0.070878
v 0.090035 0.105905 -0.070548
v 0.090095 0.117788 -0.100205
v 0.091984 -0.008540 -0.003816
v 0.091136 0.017831 -0.004691
v 0.097237 0.017497 -0.012226
v 0.097133 -0.008157 -0.011259
v 0.103917 0.017760 -0.004938
v 0.102763 -0.008662 -0.003847
v 0.090340 0.043767 -0.012086
v 0.097373 0.042479 -0.019522
v 0.105091 0.043630 -0.012532
v 0.089793 0.067858 -0.025823
v 0.097527 0.065665 -0.032950
v 0.106024 0.067616 -0.026416
v 0.089932 0.088935 -0.045506
v 0.097655 0.085863 -0.052296
v 0.106150 0.088586 -0.046139
v 0.109079 0.611349 0.038960
v 0.109131 0.614014 0.036465
v 0.110229 0.654371 0.040323
v 0.106135 0.652886 0.057057
v 0.111969 0.541451 0.029506
v 0.106245 0.507911 0.026324
v 0.122977 0.507781 0.022891
v 0.124673 0.569671 0.028807
v 0.107185 0.541165 0.034251
v 0.103916 0.571310 0.049276
v 0.102152 0.506423 0.043086
v 0.125627 0.604495 0.032136
v 0.112737 0.570845 0.032315
v 0.126388 0.632264 0.034790
v 0.112202 0.596080 0.034734
v 0.107981 0.570486 0.036865
v 0.104798 0.603733 0.052369
v 0.126990 0.654240 0.036890
v 0.111799 0.611600 0.036221
v 0.108665 0.595933 0.038189
v 0.105582 0.632554 0.055118
v 0.111025 0.611567 0.038562
v 0.111072 0.541076 0.032556
v 0.112111 0.570392 0.035006
v 0.111055 0.595978 0.037404
v 0.106336 0.611745 0.036262
v 0.109131 0.614014 0.036465
v 0.110223 0.654160 0.040303
v 0.093430 0.654992 0.036417
v 0.107183 0.541080 0.034283
v 0.106252 0.508137 0.026345
v 0.109952 0.506481 0.042584
v 0.111629 0.568144 0.048490
v 0.102353 0.541705 0.029578
v 0.091201 0.573628 0.028640
v 0.089430 0.508969 0.022460
v 0.112576 0.602968 0.051825
v 0.107980 0.570426 0.036911
v 0.113332 0.630737 0.054485
v 0.108666 0.595988 0.038138
v 0.103184 0.571098 0.032387
v 0.092089 0.606051 0.031739
v 0.113923 0.652502 0.056570
v 0.109085 0.611585 0.038873
v 0.105090 0.596268 0.034787
v 0.092878 0.634871 0.034494
v 0.106753 0.611722 0.038161
v 0.104111 0.541190 0.033341
v 0.105258 0.570448 0.036375
v 0.105999 0.596143 0.037115
v 0.111799 0.611600 0.036221
v 0.109131 0.614014 0.036465
v 0.110238 0.654715 0.040356
v 0.127029 0.653920 0.043929
v 0.107137 0.542024 0.024813
v 0.106248 0.508012 0.026333
v 0.102856 0.509654 0.010092
v 0.104537 0.571444 0.015986
v 0.111969 0.541451 0.029506
v 0.124817 0.572001 0.036099
v 0.123068 0.507217 0.029907
v 0.105484 0.606269 0.019308
v 0.107935 0.571301 0.027772
v 0.106239 0.634039 0.021957
v 0.108633 0.596621 0.031392
v 0.112737 0.570845 0.032315
v 0.125693 0.604424 0.039198
v 0.106846 0.656359 0.024086
v 0.109056 0.611988 0.033582
v 0.112202 0.596080 0.034734
v 0.126471 0.633244 0.041953
v 0.111391 0.611960 0.034354
v 0.110206 0.541753 0.025722
v 0.110652 0.571074 0.028287
v 0.111299 0.596447 0.032428
v -0.161818 0.117347 -0.125918
v -0.212662 0.103338 -0.138068
v -0.208208 0.112308 -0.148994
v -0.154744 0.125046 -0.136141
v -0.159587 0.125433 -0.114466
v -0.213357 0.112432 -0.127417
v -0.030156 -0.008635 -0.082623
v -0.030302 0.029894 -0.083048
v -0.037920 0.029248 -0.095720
v -0.037622 -0.008243 -0.095270
v -0.025548 0.029841 -0.104731
v -0.025117 -0.008758 -0.104237
v -0.039305 0.068038 -0.085534
v -0.046670 0.065575 -0.098133
v -0.034808 0.067866 -0.107284
v -0.065144 0.100280 -0.091980
v -0.071828 0.095517 -0.104419
v -0.060829 0.099997 -0.113784
v -0.107545 0.120581 -0.102006
v -0.112388 0.113858 -0.114077
v -0.103170 0.120115 -0.123806
v -0.161891 0.117677 -0.125957
v -0.154839 0.125299 -0.135848
v -0.208390 0.112556 -0.148732
v -0.212807 0.103662 -0.138119
v -0.159532 0.125664 -0.114793
v -0.213391 0.112665 -0.127754
v -0.029762 -0.008635 -0.082862
v -0.037170 -0.008240 -0.095177
v -0.037470 0.029282 -0.095631
v -0.029910 0.029914 -0.083290
v -0.024850 -0.008754 -0.103860
v -0.025282 0.029867 -0.104356
v -0.046249 0.065704 -0.098056
v -0.038933 0.068115 -0.085787
v -0.034562 0.067953 -0.106912
v -0.071515 0.095764 -0.104374
v -0.064837 0.100436 -0.092256
v -0.060653 0.100164 -0.113424
v -0.112259 0.114180 -0.114074
v -0.107351 0.120797 -0.102309
v -0.103119 0.120344 -0.123473
v -0.058152 0.250018 -0.162972
v -0.066424 0.239354 -0.192799
v -0.060065 0.246565 -0.193503
v -0.051321 0.256362 -0.162142
v -0.063505 0.256224 -0.157992
v -0.072268 0.246198 -0.189563
v -0.036147 0.150837 -0.088886
v -0.036873 0.180411 -0.088143
v -0.032884 0.180174 -0.095729
v -0.032143 0.151326 -0.096361
v -0.024727 0.180740 -0.092309
v -0.023948 0.151007 -0.092881
v -0.039599 0.209769 -0.092035
v -0.035500 0.208204 -0.099554
v -0.027497 0.210107 -0.096359
v -0.045563 0.235205 -0.105376
v -0.041204 0.231822 -0.112655
v -0.033478 0.235428 -0.109817
v -0.054108 0.251815 -0.128428
v -0.049282 0.246808 -0.134840
v -0.041985 0.251867 -0.132867
v -0.058162 0.250282 -0.163011
v -0.051500 0.256554 -0.162094
v -0.060255 0.246752 -0.193508
v -0.066449 0.239608 -0.192879
v -0.063332 0.256417 -0.158057
v -0.072117 0.246387 -0.189676
v -0.035303 0.150818 -0.086897
v -0.031447 0.151304 -0.094244
v -0.032794 0.180197 -0.095479
v -0.036636 0.180429 -0.088021
v -0.023446 0.150984 -0.090771
v -0.024833 0.180751 -0.092065
v -0.035414 0.208300 -0.099320
v -0.039364 0.209832 -0.091926
v -0.027608 0.210165 -0.096124
v -0.041144 0.232011 -0.112474
v -0.045341 0.235327 -0.105300
v -0.033606 0.235549 -0.109617
v -0.049258 0.247061 -0.134758
v -0.053904 0.251987 -0.128417
v -0.042144 0.252040 -0.132729
v -0.014002 0.405515 -0.022551
v 0.003189 0.421422 0.014827
v -0.006172 0.429626 0.014191
v -0.023686 0.412518 -0.023899
v -0.008999 0.412698 -0.030731
v 0.008505 0.429806 0.007364
v -0.027852 0.232452 -0.096474
v -0.029274 0.275348 -0.090135
v -0.033800 0.273546 -0.080529
v -0.032454 0.231948 -0.086672
v -0.044183 0.274585 -0.083678
v -0.042779 0.231742 -0.090089
v -0.029716 0.316586 -0.083135
v -0.034681 0.313422 -0.074869
v -0.044552 0.316030 -0.076542
v -0.026484 0.354403 -0.071269
v -0.031499 0.349856 -0.063195
v -0.041217 0.354036 -0.064606
v -0.019390 0.386941 -0.053760
v -0.024449 0.381125 -0.045826
v -0.034089 0.386762 -0.046923
v -0.014076 0.405972 -0.022697
v -0.023456 0.412814 -0.024141
v -0.005933 0.429946 0.013981
v 0.003128 0.421892 0.014709
v -0.009339 0.412986 -0.030706
v 0.008183 0.430117 0.007416
v -0.028912 0.232502 -0.098099
v -0.033274 0.232036 -0.088580
v -0.033936 0.273665 -0.080827
v -0.029683 0.275399 -0.090221
v -0.043226 0.231821 -0.091977
v -0.043978 0.274668 -0.084033
v -0.034833 0.313651 -0.075171
v -0.030109 0.316705 -0.083182
v -0.044335 0.316176 -0.076865
v -0.031639 0.350182 -0.063473
v -0.026872 0.354586 -0.071314
v -0.041012 0.354236 -0.064918
v -0.024558 0.381528 -0.046043
v -0.019754 0.387185 -0.053773
v -0.033871 0.387013 -0.047208
v -0.080645 0.462167 -0.089551
v -0.103621 0.470722 -0.093775
v -0.098512 0.475477 -0.097486
v -0.075089 0.466252 -0.093184
v -0.076746 0.466236 -0.084199
v -0.100168 0.475461 -0.088507
v -0.039025 0.364001 -0.077658
v -0.041722 0.388312 -0.077866
v -0.046656 0.387505 -0.083414
v -0.044014 0.363935 -0.083253
v -0.040061 0.388328 -0.086872
v -0.037312 0.364095 -0.086654
v -0.044901 0.412004 -0.078411
v -0.049010 0.410329 -0.083807
v -0.043240 0.412020 -0.087414
v -0.051702 0.433570 -0.079629
v -0.055643 0.431049 -0.084993
v -0.050042 0.433585 -0.088628
v -0.062476 0.451965 -0.081587
v -0.066254 0.448644 -0.086920
v -0.060817 0.451981 -0.090580
v -0.080559 0.462426 -0.089535
v -0.075056 0.466418 -0.092997
v -0.098497 0.475656 -0.097306
v -0.103552 0.470989 -0.093762
v -0.076650 0.466402 -0.084362
v -0.100090 0.475640 -0.088670
v -0.038130 0.364035 -0.077684
v -0.043070 0.363979 -0.083068
v -0.046475 0.387572 -0.083380
v -0.041553 0.388350 -0.078026
v -0.036487 0.364124 -0.086308
v -0.039959 0.388366 -0.086662
v -0.048822 0.410461 -0.083772
v -0.044754 0.412080 -0.078574
v -0.043161 0.412095 -0.087210
v -0.055471 0.431236 -0.084962
v -0.051559 0.433681 -0.079791
v -0.049965 0.433696 -0.088426
v -0.066123 0.448874 -0.086895
v -0.062354 0.452107 -0.081749
v -0.060760 0.452122 -0.090385
v 0.016339 0.125464 -0.126930
v 0.041430 0.137854 -0.145410
v 0.042700 0.144220 -0.138645
v 0.017168 0.130850 -0.119837
v 0.009852 0.130882 -0.129745
v 0.035387 0.144258 -0.148545
v -0.029817 -0.008189 -0.100584
v -0.027531 0.024963 -0.102267
v -0.020015 0.023961 -0.100169
v -0.022217 -0.008205 -0.098548
v -0.020210 0.024962 -0.092327
v -0.022496 -0.008189 -0.090643
v -0.024344 0.056952 -0.104611
v -0.017728 0.054766 -0.101853
v -0.017026 0.056951 -0.094674
v -0.017064 0.086086 -0.109981
v -0.010638 0.082778 -0.107085
v -0.009747 0.086078 -0.100050
v -0.005484 0.111115 -0.118490
v 0.000813 0.106725 -0.115516
v 0.001833 0.111094 -0.108570
v 0.016237 0.125813 -0.126852
v 0.016949 0.131074 -0.119971
v 0.042502 0.144466 -0.138789
v 0.041344 0.138216 -0.145345
v 0.009919 0.131102 -0.129496
v 0.035471 0.144497 -0.148313
v -0.029819 -0.008166 -0.100267
v -0.022471 -0.008166 -0.098360
v -0.020215 0.024047 -0.100021
v -0.027530 0.025011 -0.101952
v -0.022799 -0.008166 -0.090734
v -0.020510 0.025011 -0.092420
v -0.017938 0.054940 -0.101698
v -0.024320 0.057052 -0.104316
v -0.017301 0.057052 -0.094783
v -0.010828 0.083026 -0.106944
v -0.017039 0.086232 -0.109690
v -0.010018 0.086226 -0.100158
v 0.000664 0.107031 -0.115405
v -0.005441 0.111302 -0.118217
v 0.001586 0.111283 -0.108690
v 0.030349 0.219827 0.029615
v 0.056884 0.200261 0.076225
v 0.044916 0.212111 0.080687
v 0.016939 0.230147 0.031667
v 0.037052 0.231732 0.020670
v 0.065239 0.212900 0.069930
v -0.023294 0.046456 -0.105373
v -0.023457 0.099970 -0.105021
v -0.028128 0.098969 -0.090430
v -0.028061 0.047002 -0.090917
v -0.043606 0.099724 -0.093916
v -0.043591 0.046285 -0.094548
v -0.019965 0.152690 -0.095535
v -0.024658 0.148980 -0.081268
v -0.039971 0.151933 -0.084169
v -0.008769 0.197554 -0.069369
v -0.013581 0.190346 -0.055955
v -0.028663 0.196136 -0.057839
v 0.010944 0.225616 -0.028157
v 0.005498 0.215548 -0.016693
v -0.008930 0.223691 -0.016720
v 0.030347 0.220287 0.029719
v 0.017214 0.230508 0.031558
v 0.045233 0.212455 0.080661
v 0.056930 0.200701 0.076386
v 0.036742 0.232042 0.020868
v 0.064988 0.213207 0.070198
v -0.024130 0.046455 -0.106233
v -0.028678 0.047005 -0.092048
v -0.028366 0.099017 -0.090843
v -0.023914 0.099996 -0.105161
v -0.043860 0.046290 -0.095729
v -0.043495 0.099762 -0.094380
v -0.024890 0.149160 -0.081644
v -0.020420 0.152790 -0.095648
v -0.039852 0.152062 -0.084612
v -0.013774 0.190692 -0.056214
v -0.009207 0.197751 -0.069406
v -0.028514 0.196384 -0.058212
v 0.005386 0.215998 -0.016772
v 0.010557 0.225894 -0.028084
v -0.008727 0.224027 -0.016969
v -0.045464 0.530444 -0.080643
v -0.044242 0.532513 -0.082678
v -0.044684 0.568235 -0.082695
v -0.055113 0.568114 -0.071900
v -0.039919 0.468977 -0.080479
v -0.043091 0.439478 -0.082634
v -0.029413 0.439647 -0.077637
v -0.030075 0.493877 -0.077657
v -0.045652 0.468912 -0.079067
v -0.054231 0.496216 -0.071854
v -0.053533 0.439357 -0.071817
v -0.030448 0.524442 -0.077668
v -0.040356 0.494685 -0.080564
v -0.030746 0.548815 -0.077678
v -0.041522 0.516996 -0.081120
v -0.045957 0.494710 -0.079103
v -0.054580 0.524673 -0.071872
v -0.030985 0.568404 -0.077685
v -0.042224 0.530536 -0.081454
v -0.045672 0.516837 -0.080022
v -0.054890 0.549968 -0.071888
v -0.043871 0.530611 -0.080078
v -0.042023 0.468864 -0.078627
v -0.042004 0.494575 -0.078791
v -0.043528 0.516970 -0.079623
v -0.042968 0.530473 -0.084711
v -0.044242 0.532513 -0.082678
v -0.044678 0.567748 -0.082695
v -0.034014 0.567878 -0.093347
v -0.047004 0.468855 -0.084825
v -0.043092 0.439588 -0.082634
v -0.056910 0.439412 -0.087401
v -0.057589 0.493532 -0.087432
v -0.041258 0.468963 -0.086229
v -0.033124 0.496467 -0.093325
v -0.032416 0.439718 -0.093307
v -0.057972 0.524097 -0.087450
v -0.047191 0.494597 -0.084757
v -0.058278 0.548469 -0.087464
v -0.046566 0.516943 -0.084215
v -0.041592 0.494761 -0.086218
v -0.033479 0.524924 -0.093334
v -0.058517 0.567572 -0.087475
v -0.046174 0.530576 -0.083877
v -0.042423 0.516874 -0.085319
v -0.033794 0.550219 -0.093341
v -0.044565 0.530600 -0.085277
v -0.044885 0.468825 -0.086669
v -0.045540 0.494527 -0.086530
v -0.044571 0.516954 -0.085719
v -0.046253 0.530377 -0.083927
v -0.044242 0.532513 -0.082678
v -0.044680 0.567934 -0.082695
v -0.055263 0.567800 -0.093470
v -0.045652 0.468912 -0.079067
v -0.043089 0.439389 -0.082634
v -0.048269 0.439329 -0.068643
v -0.048946 0.493648 -0.068659
v -0.046975 0.468926 -0.084807
v -0.054389 0.496204 -0.093443
v -0.053694 0.439255 -0.093421
v -0.049328 0.524213 -0.068669
v -0.045957 0.494710 -0.079103
v -0.049632 0.548585 -0.068676
v -0.045672 0.516837 -0.080022
v -0.047153 0.494646 -0.084733
v -0.054736 0.524661 -0.093453
v -0.049872 0.567873 -0.068682
v -0.045464 0.530444 -0.080643
v -0.046607 0.516899 -0.084240
v -0.055045 0.549956 -0.093463
v -0.046839 0.530573 -0.082295
v -0.047519 0.468795 -0.081145
v -0.047688 0.494503 -0.080816
v -0.047124 0.516924 -0.082105
v -0.042216 0.530518 -0.081450
v -0.044242 0.532513 -0.082678
v -0.044685 0.568368 -0.082695
v -0.033767 0.568511 -0.072467
v -0.041258 0.468963 -0.086229
v -0.043093 0.439686 -0.082634
v -0.039259 0.439723 -0.097450
v -0.039922 0.493746 -0.097485
v -0.039922 0.468983 -0.080480
v -0.032864 0.496480 -0.072426
v -0.032154 0.439829 -0.072393
v -0.040297 0.524311 -0.097505
v -0.041592 0.494761 -0.086218
v -0.040596 0.548683 -0.097521
v -0.042423 0.516874 -0.085319
v -0.040394 0.494731 -0.080587
v -0.033221 0.524937 -0.072442
v -0.040838 0.568406 -0.097533
v -0.042968 0.530473 -0.084711
v -0.041502 0.516975 -0.081108
v -0.033538 0.550232 -0.072457
v -0.041597 0.530638 -0.083060
v -0.039389 0.468894 -0.084151
v -0.039856 0.494599 -0.084504
v -0.040974 0.517000 -0.083237
v -0.038932 0.322403 -0.082642
v -0.038440 0.322454 -0.084564
v -0.042442 0.459225 -0.082920
v -0.042691 0.459222 -0.081883
v -0.040116 0.322432 -0.085635
v -0.043351 0.459214 -0.083477
v -0.041652 0.322365 -0.084366
v -0.044162 0.459204 -0.082785
v -0.040912 0.322350 -0.082525
v -0.043754 0.459209 -0.081800
v -0.029659 0.157401 -0.091188
v -0.028971 0.157457 -0.093685
v -0.032098 0.232136 -0.090422
v -0.032790 0.232029 -0.087891
v -0.031134 0.157445 -0.095111
v -0.034292 0.232112 -0.091864
v -0.033159 0.157379 -0.093494
v -0.036341 0.231989 -0.090224
v -0.032246 0.157353 -0.091071
v -0.035412 0.231938 -0.087769
v -0.042037 0.322481 -0.084660
v -0.041085 0.322458 -0.082257
v -0.038505 0.322530 -0.082417
v -0.037866 0.322596 -0.084915
v -0.040052 0.322565 -0.086298
v -0.028755 0.053563 -0.091731
v -0.027966 0.053563 -0.094575
v -0.027800 0.096914 -0.094671
v -0.028615 0.096895 -0.091730
v -0.030427 0.053563 -0.096205
v -0.030345 0.096909 -0.096355
v -0.032738 0.053563 -0.094368
v -0.032733 0.096888 -0.094454
v -0.031705 0.053563 -0.091602
v -0.031663 0.096879 -0.091596
v -0.033601 0.157475 -0.093526
v -0.032522 0.157443 -0.090655
v -0.029458 0.157499 -0.090793
v -0.028644 0.157566 -0.093750
v -0.031204 0.157551 -0.095439
v -0.028164 -0.008166 -0.090889
v -0.027057 -0.008166 -0.094875
v -0.027520 0.053648 -0.094674
v -0.028479 0.053648 -0.091217
v -0.030506 -0.008166 -0.097159
v -0.030511 0.053648 -0.096655
v -0.033744 -0.008166 -0.094584
v -0.033319 0.053648 -0.094422
v -0.032296 -0.008166 -0.090709
v -0.032063 0.053648 -0.091061
v 0.021352 0.088221 -0.058955
v 0.012999 0.091246 -0.055821
v 0.034361 0.101749 -0.041601
v 0.042569 0.097937 -0.044857
v 0.020373 0.091561 -0.067479
v 0.041957 0.101954 -0.053115
v -0.029312 -0.008495 -0.098256
v -0.026373 -0.008155 -0.091073
v -0.025716 0.014290 -0.090528
v -0.028277 0.014563 -0.098431
v -0.034350 -0.008597 -0.090619
v -0.034099 0.014507 -0.089270
v -0.020453 0.036180 -0.086895
v -0.022512 0.037265 -0.095418
v -0.029115 0.037155 -0.084764
v -0.010719 0.056493 -0.080285
v -0.012236 0.058353 -0.089167
v -0.019430 0.058154 -0.077386
v 0.003361 0.074172 -0.070848
v 0.002092 0.076775 -0.079592
v -0.005068 0.076467 -0.067792
v 0.021467 0.087958 -0.058892
v 0.042664 0.097665 -0.044804
v 0.034341 0.101526 -0.041410
v 0.013000 0.091038 -0.055613
v 0.020569 0.091367 -0.067577
v 0.042129 0.101745 -0.053224
v -0.029060 -0.008501 -0.098254
v -0.028015 0.014533 -0.098450
v -0.025469 0.014241 -0.090373
v -0.026124 -0.008166 -0.090915
v -0.033998 0.014471 -0.089023
v -0.034236 -0.008607 -0.090389
v -0.022246 0.037186 -0.095463
v -0.020222 0.036061 -0.086756
v -0.029034 0.037067 -0.084506
v -0.011978 0.058228 -0.089237
v -0.010517 0.056313 -0.080168
v -0.019373 0.058017 -0.077131
v 0.002321 0.076612 -0.079673
v 0.003524 0.073943 -0.070758
v -0.005036 0.076289 -0.067559
v 0.149411 0.136069 0.140423
v 0.170031 0.119504 0.196615
v 0.156786 0.129774 0.199270
v 0.135071 0.145099 0.140126
v 0.158820 0.145714 0.131061
v 0.180638 0.129916 0.190546
v 0.107598 -0.008694 -0.012651
v 0.107284 0.035418 -0.012243
v 0.100002 0.034679 0.003039
v 0.100243 -0.008245 0.002470
v 0.083580 0.035358 -0.003075
v 0.083780 -0.008834 -0.003800
v 0.110602 0.079090 -0.002078
v 0.103230 0.076269 0.012917
v 0.086996 0.078892 0.007378
v 0.120851 0.116535 0.026716
v 0.113213 0.110934 0.040950
v 0.097307 0.116040 0.036366
v 0.137815 0.140331 0.073518
v 0.129458 0.132337 0.085769
v 0.114245 0.139529 0.083102
v 0.149417 0.136456 0.140517
v 0.135409 0.145392 0.140031
v 0.157151 0.130058 0.199278
v 0.170074 0.119875 0.196785
v 0.158470 0.145985 0.131215
v 0.180337 0.130183 0.190791
v 0.107120 -0.008694 -0.012876
v 0.100047 -0.008242 0.001980
v 0.099804 0.034718 0.002553
v 0.106805 0.035441 -0.012464
v 0.083970 -0.008830 -0.004292
v 0.083770 0.035387 -0.003566
v 0.103037 0.076417 0.012467
v 0.110125 0.079177 -0.002272
v 0.087196 0.078992 0.006908
v 0.113057 0.111221 0.040624
v 0.120393 0.116709 0.026597
v 0.097538 0.116235 0.035970
v 0.129375 0.132714 0.085644
v 0.137400 0.140575 0.073523
v 0.114527 0.139799 0.082842
v 0.042541 0.285573 0.068025
v 0.020530 0.272480 0.093671
v 0.015391 0.280549 0.088421
v 0.038540 0.292831 0.061402
v 0.050167 0.292773 0.070446
v 0.026864 0.280239 0.097586
v 0.104347 0.175030 -0.003116
v 0.104282 0.209344 -0.002322
v 0.094534 0.208810 -0.001368
v 0.094666 0.175404 -0.002217
v 0.092640 0.209596 -0.011287
v 0.092831 0.175099 -0.012244
v 0.100667 0.243171 0.003835
v 0.091003 0.241044 0.004555
v 0.088906 0.243429 -0.004990
v 0.090020 0.271782 0.019314
v 0.080597 0.267543 0.019488
v 0.078168 0.271907 0.010552
v 0.072341 0.289407 0.042957
v 0.063621 0.283402 0.041978
v 0.060501 0.289348 0.034130
v 0.042499 0.285872 0.068068
v 0.038693 0.293049 0.061557
v 0.015499 0.280762 0.088611
v 0.020463 0.272762 0.093758
v 0.049991 0.292988 0.070335
v 0.026655 0.280448 0.097522
v 0.105713 0.175054 -0.005177
v 0.096248 0.175429 -0.004219
v 0.094715 0.208845 -0.001611
v 0.104248 0.209369 -0.002625
v 0.094531 0.175124 -0.014055
v 0.092940 0.209618 -0.011340
v 0.091169 0.241165 0.004328
v 0.100621 0.243249 0.003544
v 0.089199 0.243506 -0.005030
v 0.080717 0.267770 0.019331
v 0.089943 0.271929 0.019057
v 0.078435 0.272055 0.010554
v 0.063664 0.283695 0.041922
v 0.072216 0.289608 0.042762
v 0.060719 0.289551 0.034209
v 0.146309 0.473873 -0.041362
v 0.172666 0.494791 -0.079021
v 0.177895 0.503242 -0.068781
v 0.151012 0.480902 -0.030496
v 0.135507 0.482289 -0.040577
v 0.162401 0.504628 -0.078855
v 0.087543 0.269250 -0.003375
v 0.091068 0.319349 -0.002758
v 0.103230 0.317744 -0.004481
v 0.099825 0.269163 -0.005103
v 0.106604 0.318529 0.007456
v 0.103064 0.268648 0.006838
v 0.095868 0.367742 -0.002311
v 0.107029 0.364255 -0.002906
v 0.111414 0.366715 0.007910
v 0.104973 0.412319 -0.007533
v 0.115922 0.407068 -0.007964
v 0.120497 0.411114 0.002592
v 0.118764 0.451222 -0.019111
v 0.129467 0.444296 -0.019526
v 0.134282 0.449834 -0.009022
v 0.146223 0.474383 -0.041159
v 0.150644 0.481254 -0.030544
v 0.177554 0.503623 -0.068854
v 0.172600 0.495318 -0.078845
v 0.135742 0.482586 -0.040235
v 0.162652 0.504955 -0.078544
v 0.086655 0.269210 -0.001350
v 0.098516 0.269152 -0.003123
v 0.103026 0.317860 -0.004159
v 0.091235 0.319394 -0.002311
v 0.101541 0.268634 0.008457
v 0.106132 0.318609 0.007486
v 0.106819 0.364499 -0.002560
v 0.096062 0.367861 -0.001886
v 0.110971 0.366876 0.007911
v 0.115743 0.407422 -0.007605
v 0.105165 0.412502 -0.007119
v 0.120067 0.411347 0.002613
v 0.129329 0.444739 -0.019251
v 0.118977 0.451464 -0.018727
v 0.133879 0.450133 -0.009037
v 0.122734 0.530120 0.069060
v 0.132699 0.537572 0.094682
v 0.126120 0.543365 0.092433
v 0.115944 0.535194 0.066267
v 0.125683 0.535295 0.062450
v 0.135852 0.543466 0.088618
v 0.106599 0.422255 0.010189
v 0.108832 0.449930 0.017187
v 0.106396 0.448372 0.025233
v 0.104233 0.421582 0.018464
v 0.099071 0.449829 0.021014
v 0.096836 0.422164 0.014012
v 0.110789 0.476634 0.022883
v 0.107982 0.474169 0.029955
v 0.101031 0.476534 0.026708
v 0.114227 0.500550 0.032288
v 0.111328 0.497137 0.039095
v 0.104474 0.500449 0.036111
v 0.119267 0.520450 0.045678
v 0.116282 0.516140 0.052232
v 0.109520 0.520349 0.049499
v -0.156396 0.118147 0.120463
v -0.205910 0.103354 0.137508
v -0.208070 0.112410 0.125991
v -0.155926 0.126201 0.108100
v -0.148186 0.126531 0.128949
v -0.200655 0.112517 0.146919
v -0.022572 -0.008619 0.084879
v -0.022926 0.029910 0.084600
v -0.036207 0.029264 0.078102
v -0.035712 -0.008227 0.078318
v -0.030718 0.029857 0.063815
v -0.030087 -0.008742 0.063996
v -0.031834 0.068054 0.087406
v -0.044875 0.065666 0.080827
v -0.039891 0.068022 0.066708
v -0.056843 0.100834 0.096483
v -0.069268 0.096075 0.089603
v -0.065090 0.100671 0.075824
v -0.097662 0.121764 0.111237
v -0.108405 0.114900 0.103658
v -0.105867 0.121361 0.090540
v -0.156475 0.118487 0.120473
v -0.155842 0.126458 0.108402
v -0.208079 0.112660 0.126312
v -0.206060 0.103678 0.137544
v -0.148315 0.126772 0.128646
v -0.200867 0.112751 0.146654
v -0.022371 -0.008619 0.084463
v -0.035282 -0.008224 0.078150
v -0.035780 0.029298 0.077933
v -0.022728 0.029930 0.084184
v -0.029658 -0.008738 0.064166
v -0.030291 0.029882 0.063985
v -0.044480 0.065794 0.080663
v -0.031660 0.068133 0.086992
v -0.039482 0.068107 0.066887
v -0.068979 0.096326 0.089475
v -0.056733 0.100990 0.096085
v -0.064745 0.100838 0.076032
v -0.108289 0.115232 0.103595
v -0.097660 0.121982 0.110880
v -0.105637 0.121596 0.090796
v -0.084991 0.253051 0.032148
v -0.109137 0.242294 0.011871
v -0.103846 0.249436 0.007692
v -0.078438 0.259273 0.029005
v -0.086394 0.259522 0.039088
v -0.111952 0.249389 0.017629
v -0.029825 0.151895 0.083676
v -0.029041 0.181853 0.084634
v -0.029844 0.181582 0.076087
v -0.030524 0.152382 0.075220
v -0.021116 0.181945 0.074537
v -0.021762 0.151901 0.073690
v -0.032185 0.211680 0.082574
v -0.032934 0.210033 0.074040
v -0.024384 0.211712 0.072370
v -0.043207 0.237699 0.074147
v -0.043740 0.234163 0.065718
v -0.035494 0.237552 0.063859
v -0.062243 0.254842 0.058920
v -0.062027 0.249606 0.051036
v -0.054520 0.254482 0.048624
v -0.085009 0.253318 0.032123
v -0.078556 0.259471 0.029140
v -0.104003 0.249629 0.007789
v -0.109195 0.242548 0.011815
v -0.086278 0.259709 0.038937
v -0.111882 0.249574 0.017450
v -0.028034 0.151847 0.084889
v -0.028787 0.152333 0.076620
v -0.029631 0.181601 0.076249
v -0.028776 0.181865 0.084607
v -0.020192 0.151853 0.075191
v -0.021071 0.181958 0.074799
v -0.032732 0.210125 0.074188
v -0.031926 0.211736 0.082540
v -0.024347 0.211771 0.072630
v -0.043580 0.234352 0.065833
v -0.042970 0.237816 0.074093
v -0.035486 0.237678 0.064100
v -0.061949 0.249862 0.051086
v -0.062057 0.255009 0.058823
v -0.054562 0.254664 0.048832
v 0.038661 0.404993 0.131373
v 0.073455 0.418143 0.155083
v 0.065508 0.426489 0.159830
v 0.030014 0.412193 0.135620
v 0.039016 0.412644 0.122160
v 0.074504 0.426939 0.146379
v -0.023598 0.234290 0.072135
v -0.018594 0.277739 0.077330
v -0.017250 0.275934 0.087940
v -0.022104 0.233865 0.082899
v -0.027638 0.277404 0.090810
v -0.032653 0.234017 0.085609
v -0.012074 0.319471 0.083827
v -0.012003 0.316107 0.093513
v -0.021104 0.319077 0.097309
v 0.000086 0.356992 0.094253
v -0.000144 0.352079 0.103655
v -0.008929 0.356541 0.107733
v 0.017022 0.388620 0.106641
v 0.016515 0.382304 0.115805
v 0.008013 0.388170 0.120112
v 0.038543 0.405460 0.131311
v 0.030099 0.412502 0.135309
v 0.065618 0.426820 0.159543
v 0.073363 0.418621 0.155038
v 0.038751 0.412933 0.122373
v 0.074270 0.427251 0.146606
v -0.025375 0.234385 0.071338
v -0.023833 0.233993 0.081735
v -0.017520 0.276063 0.087765
v -0.018981 0.277807 0.077475
v -0.034060 0.234124 0.084257
v -0.027655 0.277487 0.090400
v -0.012282 0.316354 0.093335
v -0.012425 0.319605 0.083995
v -0.021088 0.319228 0.096927
v -0.000393 0.352425 0.103501
v -0.000256 0.357188 0.094424
v -0.008909 0.356757 0.107361
v 0.016329 0.382723 0.115695
v 0.016715 0.388869 0.106831
v 0.008062 0.388437 0.119768
v -0.050402 0.466845 0.111832
v -0.071818 0.475955 0.120627
v -0.069164 0.480882 0.115044
v -0.047357 0.471093 0.106050
v -0.044112 0.470497 0.114570
v -0.065920 0.480286 0.123559
v -0.013376 0.367321 0.095650
v -0.014486 0.391885 0.097792
v -0.021613 0.391514 0.095592
v -0.020550 0.367681 0.093519
v -0.017740 0.392483 0.089253
v -0.016630 0.367919 0.087110
v -0.016400 0.415599 0.100181
v -0.022784 0.414341 0.097637
v -0.019653 0.416196 0.091644
v -0.021854 0.437282 0.103773
v -0.028115 0.435177 0.101126
v -0.025104 0.437879 0.095241
v -0.031227 0.455903 0.108644
v -0.037370 0.452994 0.105899
v -0.034475 0.456499 0.100117
v -0.050309 0.467101 0.111814
v -0.047225 0.471245 0.106200
v -0.069049 0.481048 0.115199
v -0.071740 0.476219 0.120616
v -0.044106 0.470672 0.114389
v -0.065930 0.480475 0.123388
v -0.012628 0.367340 0.095164
v -0.019647 0.367698 0.093175
v -0.021438 0.391576 0.095529
v -0.014423 0.391932 0.097570
v -0.015747 0.367913 0.086975
v -0.017542 0.392505 0.089381
v -0.022599 0.414468 0.097575
v -0.016356 0.415684 0.099969
v -0.019475 0.416257 0.091780
v -0.027944 0.435359 0.101073
v -0.021810 0.437402 0.103567
v -0.024929 0.437975 0.095378
v -0.037235 0.453220 0.105863
v -0.031200 0.456053 0.108450
v -0.034319 0.456627 0.100261
v -0.007147 0.125900 0.023033
v 0.004011 0.138150 -0.006123
v 0.008900 0.144445 -0.001101
v -0.002485 0.131244 0.028580
v -0.014016 0.131417 0.024235
v -0.002626 0.144614 -0.005448
v -0.032047 -0.008173 0.069616
v -0.031043 0.024978 0.066961
v -0.023594 0.023976 0.064637
v -0.024561 -0.008189 0.067195
v -0.019496 0.024978 0.071327
v -0.020500 -0.008173 0.073983
v -0.029676 0.057051 0.063220
v -0.022625 0.054846 0.061935
v -0.018133 0.057010 0.067579
v -0.026402 0.086403 0.055037
v -0.019452 0.083032 0.053916
v -0.014859 0.086305 0.059391
v -0.021071 0.111628 0.041900
v -0.014229 0.107145 0.040922
v -0.009532 0.111484 0.046251
v -0.007184 0.126250 0.023156
v -0.002737 0.131471 0.028587
v 0.008661 0.144691 -0.001114
v 0.003982 0.138512 -0.006020
v -0.013822 0.131634 0.024408
v -0.002425 0.144853 -0.005295
v -0.031877 -0.008150 0.069883
v -0.024672 -0.008150 0.067491
v -0.023681 0.024063 0.064871
v -0.030871 0.025027 0.067224
v -0.020804 -0.008150 0.074071
v -0.019799 0.025027 0.071412
v -0.022717 0.055021 0.062179
v -0.029496 0.057149 0.063456
v -0.018423 0.057111 0.067638
v -0.019533 0.083281 0.054142
v -0.026222 0.086548 0.055269
v -0.015145 0.086454 0.059449
v -0.014289 0.107453 0.041100
v -0.020885 0.111812 0.042106
v -0.009803 0.111676 0.046285
v 0.092360 0.219224 0.146210
v 0.138542 0.199397 0.170984
v 0.131312 0.211492 0.181036
v 0.082740 0.229885 0.155057
v 0.093686 0.230992 0.134842
v 0.142529 0.211902 0.160970
v -0.029202 0.046513 0.062013
v -0.028955 0.100416 0.062875
v -0.024943 0.099323 0.077655
v -0.025350 0.047031 0.076733
v -0.039822 0.100191 0.083153
v -0.040356 0.046319 0.082131
v -0.019820 0.153555 0.069298
v -0.016087 0.149773 0.083829
v -0.030433 0.153029 0.089718
v 0.005464 0.198356 0.084974
v 0.008419 0.191120 0.098887
v -0.004993 0.197352 0.105471
v 0.045597 0.225735 0.108314
v 0.046728 0.215721 0.121049
v 0.035075 0.224326 0.128758
v 0.092433 0.219685 0.146291
v 0.082929 0.230237 0.154813
v 0.131571 0.211839 0.180832
v 0.138677 0.199845 0.171083
v 0.093548 0.231310 0.135171
v 0.142472 0.212221 0.161322
v -0.030372 0.046514 0.061746
v -0.026482 0.047037 0.076118
v -0.025367 0.099375 0.077439
v -0.029414 0.100446 0.063006
v -0.041223 0.046327 0.081286
v -0.039981 0.100233 0.082704
v -0.016482 0.149962 0.083640
v -0.020261 0.153665 0.069448
v -0.030571 0.153161 0.089283
v 0.008131 0.191475 0.098773
v 0.005083 0.198570 0.085169
v -0.005060 0.197601 0.105076
v 0.046614 0.216176 0.121038
v 0.045329 0.226025 0.108582
v 0.035128 0.224659 0.128434
v -0.012629 0.533920 0.104559
v -0.012547 0.536105 0.102293
v -0.011302 0.571751 0.104314
v -0.014610 0.571040 0.118939
v -0.010618 0.472514 0.098705
v -0.015791 0.443269 0.097028
v -0.001515 0.442929 0.094174
v 0.000387 0.497043 0.097243
v -0.014782 0.472428 0.102890
v -0.017117 0.499295 0.114884
v -0.019099 0.442557 0.111677
v 0.001458 0.527542 0.098973
v -0.009861 0.498174 0.100160
v 0.002313 0.551863 0.100352
v -0.010126 0.520485 0.101420
v -0.013883 0.498173 0.104322
v -0.016125 0.527691 0.116489
v 0.002999 0.571410 0.101461
v -0.010280 0.534025 0.102185
v -0.013107 0.520305 0.104509
v -0.015243 0.552933 0.117915
v -0.010969 0.534029 0.104220
v -0.011459 0.472305 0.101373
v -0.010353 0.497966 0.102523
v -0.011062 0.520384 0.103739
v -0.012608 0.534189 0.099794
v -0.012547 0.536105 0.102293
v -0.011319 0.571265 0.104287
v -0.007736 0.571972 0.089663
v -0.018926 0.472774 0.098683
v -0.015787 0.443378 0.097034
v -0.030065 0.443697 0.100157
v -0.028188 0.497703 0.103220
v -0.014745 0.472903 0.094500
v -0.010226 0.500715 0.085608
v -0.012204 0.444087 0.082386
v -0.027128 0.528202 0.104949
v -0.017875 0.498454 0.100140
v -0.026283 0.552523 0.106329
v -0.016040 0.520704 0.101406
v -0.013846 0.498644 0.095988
v -0.009234 0.529110 0.087224
v -0.025621 0.571585 0.107410
v -0.014907 0.534277 0.102179
v -0.013079 0.520656 0.098305
v -0.008352 0.554351 0.088660
v -0.014258 0.534375 0.100150
v -0.018075 0.472840 0.096007
v -0.017388 0.498482 0.097766
v -0.015117 0.520790 0.099086
v -0.015010 0.534084 0.102167
v -0.012547 0.536105 0.102293
v -0.011312 0.571450 0.104297
v -0.025943 0.572173 0.100618
v -0.014782 0.472428 0.102890
v -0.015794 0.443180 0.097023
v -0.012959 0.442249 0.111641
v -0.011066 0.496452 0.114725
v -0.018889 0.472843 0.098687
v -0.028453 0.500730 0.096566
v -0.030449 0.443903 0.093343
v -0.010000 0.526951 0.116461
v -0.013883 0.498173 0.104322
v -0.009150 0.551271 0.117845
v -0.013107 0.520305 0.104509
v -0.017828 0.498501 0.100143
v -0.027455 0.529126 0.098177
v -0.008478 0.570518 0.118940
v -0.012629 0.533920 0.104559
v -0.016090 0.520662 0.101404
v -0.026568 0.554366 0.099608
v -0.014654 0.534177 0.103874
v -0.017460 0.472474 0.102084
v -0.016259 0.498103 0.103753
v -0.015423 0.520551 0.103494
v -0.010272 0.534007 0.102184
v -0.012547 0.536105 0.102293
v -0.011297 0.571884 0.104322
v 0.003337 0.571203 0.107362
v -0.014745 0.472903 0.094500
v -0.015784 0.443476 0.097040
v -0.020195 0.444457 0.082418
v -0.018312 0.498365 0.085464
v -0.010621 0.472521 0.098705
v 0.000839 0.499325 0.103285
v -0.001125 0.442794 0.100079
v -0.017246 0.528864 0.087188
v -0.013846 0.498644 0.095988
v -0.016396 0.553185 0.088562
v -0.013079 0.520656 0.098305
v -0.009903 0.498222 0.100162
v 0.001826 0.527722 0.104896
v -0.015709 0.572866 0.089675
v -0.012608 0.534189 0.099794
v -0.010103 0.520464 0.101419
v 0.002703 0.552963 0.106327
v -0.010573 0.534226 0.100496
v -0.012074 0.472671 0.095295
v -0.011482 0.498345 0.096536
v -0.010756 0.520624 0.099331
v -0.019172 0.325603 0.089242
v -0.019795 0.325718 0.087320
v -0.014483 0.462981 0.097445
v -0.014159 0.462912 0.098458
v -0.021812 0.325782 0.087264
v -0.015549 0.463018 0.097442
v -0.022434 0.325706 0.089156
v -0.015883 0.462972 0.098454
v -0.020792 0.325595 0.090395
v -0.015024 0.462907 0.099082
v -0.025442 0.158448 0.078220
v -0.026225 0.158511 0.075745
v -0.023850 0.234070 0.079543
v -0.023052 0.233966 0.082049
v -0.028815 0.158547 0.075725
v -0.026481 0.234128 0.079519
v -0.029636 0.158505 0.078182
v -0.027309 0.234058 0.082010
v -0.027549 0.158443 0.079726
v -0.025187 0.233958 0.083579
v -0.022911 0.325843 0.089120
v -0.020785 0.325699 0.090718
v -0.018670 0.325709 0.089236
v -0.019491 0.325859 0.086720
v -0.022111 0.325941 0.086649
v -0.026378 0.053603 0.076423
v -0.027262 0.053614 0.073607
v -0.026997 0.097274 0.073889
v -0.026080 0.097237 0.076801
v -0.030214 0.053619 0.073578
v -0.030049 0.097295 0.073861
v -0.031155 0.053613 0.076376
v -0.031019 0.097270 0.076755
v -0.028784 0.053602 0.078135
v -0.028565 0.097234 0.078572
v -0.030022 0.158608 0.078396
v -0.027552 0.158536 0.080223
v -0.025055 0.158541 0.078442
v -0.025980 0.158617 0.075516
v -0.029051 0.158658 0.075487
v -0.025392 -0.008150 0.076856
v -0.026629 -0.008150 0.072909
v -0.026941 0.053699 0.073282
v -0.025867 0.053686 0.076704
v -0.030765 -0.008150 0.072866
v -0.030528 0.053706 0.073246
v -0.032084 -0.008150 0.076787
v -0.031671 0.053697 0.076647
v -0.028763 -0.008150 0.079253
v -0.028791 0.053685 0.078784
v 0.033598 0.088069 0.076985
v 0.028316 0.091105 0.084210
v 0.054058 0.101437 0.084620
v 0.059135 0.097621 0.077367
v 0.028164 0.091479 0.070416
v 0.054170 0.101684 0.070825
v -0.030359 -0.008479 0.071296
v -0.023988 -0.008139 0.075729
v -0.023141 0.014306 0.075830
v -0.029585 0.014579 0.070587
v -0.030438 -0.008581 0.080444
v -0.029494 0.014523 0.081440
v -0.016752 0.036196 0.076014
v -0.023114 0.037285 0.069974
v -0.022868 0.037171 0.082504
v -0.005017 0.056488 0.076224
v -0.011117 0.058388 0.069598
v -0.010750 0.058132 0.083396
v 0.011976 0.074088 0.076575
v 0.006160 0.076772 0.069976
v 0.006570 0.076379 0.083772
v 0.033727 0.087806 0.076971
v 0.059241 0.097348 0.077356
v 0.054143 0.101211 0.084789
v 0.028428 0.090895 0.084381
v 0.028274 0.091284 0.070223
v 0.054253 0.101474 0.070636
v -0.030147 -0.008485 0.071161
v -0.029375 0.014549 0.070428
v -0.022850 0.014257 0.075825
v -0.023693 -0.008150 0.075726
v -0.029276 0.014487 0.081594
v -0.030218 -0.008591 0.080576
v -0.022915 0.037205 0.069792
v -0.016482 0.036077 0.076005
v -0.022660 0.037082 0.082677
v -0.010939 0.058264 0.069398
v -0.004784 0.056307 0.076212
v -0.010563 0.057994 0.083578
v 0.006308 0.076609 0.069779
v 0.012161 0.073859 0.076562
v 0.006723 0.076200 0.083947
vt 0.760700 0.739400
vt 0.791700 0.739400
vt 0.791700 0.881600
vt 0.760700 0.881600
vt 0.730000 0.739400
vt 0.730000 0.881600
vt 0.730000 0.028600
vt 0.760700 0.028600
vt 0.760700 0.170800
vt 0.730000 0.170800
vt 0.791700 0.028600
vt 0.791700 0.170800
vt 0.760700 0.312900
vt 0.730000 0.312900
vt 0.791700 0.312900
vt 0.760700 0.455100
vt 0.730000 0.455100
vt 0.791700 0.455100
vt 0.760700 0.597200
vt 0.730000 0.597200
vt 0.791700 0.597200
vt 0.760700 0.739400
vt 0.760700 0.881600
vt 0.791700 0.881600
vt 0.791700 0.739400
vt 0.730000 0.739400
vt 0.730000 0.881600
vt 0.730000 0.028600
vt 0.730000 0.170800
vt 0.760700 0.170800
vt 0.760700 0.028600
vt 0.791700 0.170800
vt 0.791700 0.028600
vt 0.730000 0.312900
vt 0.760700 0.312900
vt 0.791700 0.312900
vt 0.730000 0.455100
vt 0.760700 0.455100
vt 0.791700 0.455100
vt 0.730000 0.597200
vt 0.760700 0.597200
vt 0.791700 0.597200
vt 0.760700 0.739400
vt 0.791700 0.739400
vt 0.791700 0.881600
vt 0.760700 0.881600
vt 0.730000 0.739400
vt 0.730000 0.881600
vt 0.730000 0.028600
vt 0.760700 0.028600
vt 0.760700 0.170800
vt 0.730000 0.170800
vt 0.791700 0.028600
vt 0.791700 0.170800
vt 0.760700 0.312900
vt 0.730000 0.312900
vt 0.791700 0.312900
vt 0.760700 0.455100
vt 0.730000 0.455100
vt 0.791700 0.455100
vt 0.760700 0.597200
vt 0.730000 0.597200
vt 0.791700 0.597200
vt 0.637000 0.748600
vt 0.637000 0.892600
vt 0.683200 0.892600
vt 0.683200 0.748600
vt 0.594800 0.748600
vt 0.594800 0.892600
vt 0.594800 0.028600
vt 0.594800 0.172600
vt 0.637000 0.172600
vt 0.637000 0.028600
vt 0.683200 0.172600
vt 0.683200 0.028600
vt 0.594800 0.316600
vt 0.637000 0.316600
vt 0.683200 0.316600
vt 0.594800 0.460600
vt 0.637000 0.460600
vt 0.683200 0.460600
vt 0.594800 0.604600
vt 0.637000 0.604600
vt 0.683200 0.604600
vt 0.637000 0.748600
vt 0.683200 0.748600
vt 0.683200 0.892600
vt 0.637000 0.892600
vt 0.594800 0.748600
vt 0.594800 0.892600
vt 0.594800 0.028600
vt 0.637000 0.028600
vt 0.637000 0.172600
vt 0.594800 0.172600
vt 0.683200 0.028600
vt 0.683200 0.172600
vt 0.637000 0.316600
vt 0.594800 0.316600
vt 0.683200 0.316600
vt 0.637000 0.460600
vt 0.594800 0.460600
vt 0.683200 0.460600
vt 0.637000 0.604600
vt 0.594800 0.604600
vt 0.683200 0.604600
vt 0.031700 0.508000
vt 0.045600 0.508000
vt 0.045600 0.631200
vt 0.031700 0.631200
vt 0.059600 0.508000
vt 0.059600 0.631200
vt 0.073500 0.508000
vt 0.073500 0.631200
vt 0.087500 0.508000
vt 0.087500 0.631200
vt 0.101400 0.508000
vt 0.101400 0.631200
vt 0.059700 0.993500
vt 0.061500 0.991700
vt 0.067400 0.991700
vt 0.069100 0.993500
vt 0.064400 0.994600
vt 0.087500 0.993800
vt 0.073500 0.993800
vt 0.059600 0.993800
vt 0.045600 0.993800
vt 0.031700 0.993800
vt 0.101400 0.993800
vt 0.031700 0.508000
vt 0.045600 0.508000
vt 0.045600 0.631200
vt 0.031700 0.631200
vt 0.059600 0.508000
vt 0.059600 0.631200
vt 0.073500 0.508000
vt 0.073500 0.631200
vt 0.087500 0.508000
vt 0.087500 0.631200
vt 0.101400 0.508000
vt 0.101400 0.631200
vt 0.059700 0.993500
vt 0.061500 0.991700
vt 0.067400 0.991700
vt 0.069100 0.993500
vt 0.064400 0.994600
vt 0.087500 0.993800
vt 0.073500 0.993800
vt 0.059600 0.993800
vt 0.045600 0.993800
vt 0.031700 0.993800
vt 0.101400 0.993800
vt 0.031700 0.508000
vt 0.045600 0.508000
vt 0.045600 0.993800
vt 0.031700 0.993800
vt 0.059600 0.508000
vt 0.059600 0.993800
vt 0.073500 0.508000
vt 0.073500 0.993800
vt 0.087500 0.508000
vt 0.087500 0.993800
vt 0.101400 0.508000
vt 0.101400 0.993800
vt 0.059700 0.993500
vt 0.061500 0.991700
vt 0.067400 0.991700
vt 0.069100 0.993500
vt 0.064400 0.994600
vt 0.031700 0.508000
vt 0.045600 0.508000
vt 0.045600 0.993800
vt 0.031700 0.993800
vt 0.059600 0.508000
vt 0.059600 0.993800
vt 0.073500 0.508000
vt 0.073500 0.993800
vt 0.087500 0.508000
vt 0.087500 0.993800
vt 0.101400 0.508000
vt 0.101400 0.993800
vt 0.918200 0.479600
vt 0.903900 0.494700
vt 0.903900 0.672600
vt 0.977300 0.672600
vt 0.881800 0.173900
vt 0.904000 0.030400
vt 0.832600 0.030600
vt 0.832600 0.301000
vt 0.921800 0.180200
vt 0.977300 0.314200
vt 0.977300 0.030600
vt 0.832600 0.453700
vt 0.882500 0.300300
vt 0.832600 0.575500
vt 0.890500 0.418200
vt 0.917300 0.310900
vt 0.977300 0.456300
vt 0.832600 0.672600
vt 0.894800 0.489800
vt 0.920300 0.415800
vt 0.977300 0.582700
vt 0.905300 0.485200
vt 0.899500 0.176600
vt 0.896900 0.305000
vt 0.904900 0.417000
vt 0.637000 0.748600
vt 0.683200 0.748600
vt 0.683200 0.892600
vt 0.637000 0.892600
vt 0.594800 0.748600
vt 0.594800 0.892600
vt 0.594800 0.028600
vt 0.637000 0.028600
vt 0.637000 0.172600
vt 0.594800 0.172600
vt 0.683200 0.028600
vt 0.683200 0.172600
vt 0.637000 0.316600
vt 0.594800 0.316600
vt 0.683200 0.316600
vt 0.637000 0.460600
vt 0.594800 0.460600
vt 0.683200 0.460600
vt 0.637000 0.604600
vt 0.594800 0.604600
vt 0.683200 0.604600
vt 0.637000 0.748600
vt 0.637000 0.892600
vt 0.683200 0.892600
vt 0.683200 0.748600
vt 0.594800 0.748600
vt 0.594800 0.892600
vt 0.594800 0.028600
vt 0.594800 0.172600
vt 0.637000 0.172600
vt 0.637000 0.028600
vt 0.683200 0.172600
vt 0.683200 0.028600
vt 0.594800 0.316600
vt 0.637000 0.316600
vt 0.683200 0.316600
vt 0.594800 0.460600
vt 0.637000 0.460600
vt 0.683200 0.460600
vt 0.594800 0.604600
vt 0.637000 0.604600
vt 0.683200 0.604600
vt 0.918200 0.479600
vt 0.903900 0.494700
vt 0.903900 0.672600
vt 0.977300 0.672600
vt 0.881800 0.173900
vt 0.904000 0.030400
vt 0.832600 0.030600
vt 0.832600 0.301000
vt 0.921800 0.180200
vt 0.977300 0.314200
vt 0.977300 0.030600
vt 0.832600 0.453700
vt 0.882500 0.300300
vt 0.832600 0.575500
vt 0.890500 0.418200
vt 0.917300 0.310900
vt 0.977300 0.456300
vt 0.832600 0.672600
vt 0.894800 0.489800
vt 0.920300 0.415800
vt 0.977300 0.582700
vt 0.905300 0.485200
vt 0.899500 0.176600
vt 0.896900 0.305000
vt 0.904900 0.417000
vt 0.918200 0.479600
vt 0.903900 0.494700
vt 0.903900 0.672600
vt 0.977300 0.672600
vt 0.881800 0.173900
vt 0.904000 0.030400
vt 0.832600 0.030600
vt 0.832600 0.301000
vt 0.921800 0.180200
vt 0.977300 0.314200
vt 0.977300 0.030600
vt 0.832600 0.453700
vt 0.882500 0.300300
vt 0.832600 0.575500
vt 0.890500 0.418200
vt 0.917300 0.310900
vt 0.977300 0.456300
vt 0.832600 0.672600
vt 0.894800 0.489800
vt 0.920300 0.415800
vt 0.977300 0.582700
vt 0.905300 0.485200
vt 0.899500 0.176600
vt 0.896900 0.305000
vt 0.904900 0.417000
vt 0.918200 0.479600
vt 0.903900 0.494700
vt 0.903900 0.672600
vt 0.977300 0.672600
vt 0.881800 0.173900
vt 0.904000 0.030400
vt 0.832600 0.030600
vt 0.832600 0.301000
vt 0.921800 0.180200
vt 0.977300 0.314200
vt 0.977300 0.030600
vt 0.832600 0.453700
vt 0.882500 0.300300
vt 0.832600 0.575500
vt 0.890500 0.418200
vt 0.917300 0.310900
vt 0.977300 0.456300
vt 0.832600 0.672600
vt 0.894800 0.489800
vt 0.920300 0.415800
vt 0.977300 0.582700
vt 0.905300 0.485200
vt 0.899500 0.176600
vt 0.896900 0.305000
vt 0.904900 0.417000
vt 0.637000 0.748600
vt 0.637000 0.892600
vt 0.683200 0.892600
vt 0.683200 0.748600
vt 0.594800 0.748600
vt 0.594800 0.892600
vt 0.594800 0.028600
vt 0.594800 0.172600
vt 0.637000 0.172600
vt 0.637000 0.028600
vt 0.683200 0.172600
vt 0.683200 0.028600
vt 0.594800 0.316600
vt 0.637000 0.316600
vt 0.683200 0.316600
vt 0.594800 0.460600
vt 0.637000 0.460600
vt 0.683200 0.460600
vt 0.594800 0.604600
vt 0.637000 0.604600
vt 0.683200 0.604600
vt 0.637000 0.748600
vt 0.683200 0.748600
vt 0.683200 0.892600
vt 0.637000 0.892600
vt 0.594800 0.748600
vt 0.594800 0.892600
vt 0.594800 0.028600
vt 0.637000 0.028600
vt 0.637000 0.172600
vt 0.594800 0.172600
vt 0.683200 0.028600
vt 0.683200 0.172600
vt 0.637000 0.316600
vt 0.594800 0.316600
vt 0.683200 0.316600
vt 0.637000 0.460600
vt 0.594800 0.460600
vt 0.683200 0.460600
vt 0.637000 0.604600
vt 0.594800 0.604600
vt 0.683200 0.604600
vt 0.637000 0.748600
vt 0.637000 0.892600
vt 0.683200 0.892600
vt 0.683200 0.748600
vt 0.594800 0.748600
vt 0.594800 0.892600
vt 0.594800 0.028600
vt 0.594800 0.172600
vt 0.637000 0.172600
vt 0.637000 0.028600
vt 0.683200 0.172600
vt 0.683200 0.028600
vt 0.594800 0.316600
vt 0.637000 0.316600
vt 0.683200 0.316600
vt 0.594800 0.460600
vt 0.637000 0.460600
vt 0.683200 0.460600
vt 0.594800 0.604600
vt 0.637000 0.604600
vt 0.683200 0.604600
vt 0.637000 0.748600
vt 0.683200 0.748600
vt 0.683200 0.892600
vt 0.637000 0.892600
vt 0.594800 0.748600
vt 0.594800 0.892600
vt 0.594800 0.028600
vt 0.637000 0.028600
vt 0.637000 0.172600
vt 0.594800 0.172600
vt 0.683200 0.028600
vt 0.683200 0.172600
vt 0.637000 0.316600
vt 0.594800 0.316600
vt 0.683200 0.316600
vt 0.637000 0.460600
vt 0.594800 0.460600
vt 0.683200 0.460600
vt 0.637000 0.604600
vt 0.594800 0.604600
vt 0.683200 0.604600
vt 0.760700 0.739400
vt 0.760700 0.881600
vt 0.791700 0.881600
vt 0.791700 0.739400
vt 0.730000 0.739400
vt 0.730000 0.881600
vt 0.730000 0.028600
vt 0.730000 0.170800
vt 0.760700 0.170800
vt 0.760700 0.028600
vt 0.791700 0.170800
vt 0.791700 0.028600
vt 0.730000 0.312900
vt 0.760700 0.312900
vt 0.791700 0.312900
vt 0.730000 0.455100
vt 0.760700 0.455100
vt 0.791700 0.455100
vt 0.730000 0.597200
vt 0.760700 0.597200
vt 0.791700 0.597200
vt 0.760700 0.739400
vt 0.791700 0.739400
vt 0.791700 0.881600
vt 0.760700 0.881600
vt 0.730000 0.739400
vt 0.730000 0.881600
vt 0.730000 0.028600
vt 0.760700 0.028600
vt 0.760700 0.170800
vt 0.730000 0.170800
vt 0.791700 0.028600
vt 0.791700 0.170800
vt 0.760700 0.312900
vt 0.730000 0.312900
vt 0.791700 0.312900
vt 0.760700 0.455100
vt 0.730000 0.455100
vt 0.791700 0.455100
vt 0.760700 0.597200
vt 0.730000 0.597200
vt 0.791700 0.597200
vt 0.760700 0.739400
vt 0.760700 0.881600
vt 0.791700 0.881600
vt 0.791700 0.739400
vt 0.730000 0.739400
vt 0.730000 0.881600
vt 0.730000 0.028600
vt 0.730000 0.170800
vt 0.760700 0.170800
vt 0.760700 0.028600
vt 0.791700 0.170800
vt 0.791700 0.028600
vt 0.730000 0.312900
vt 0.760700 0.312900
vt 0.791700 0.312900
vt 0.730000 0.455100
vt 0.760700 0.455100
vt 0.791700 0.455100
vt 0.730000 0.597200
vt 0.760700 0.597200
vt 0.791700 0.597200
vt 0.760700 0.739400
vt 0.791700 0.739400
vt 0.791700 0.881600
vt 0.760700 0.881600
vt 0.730000 0.739400
vt 0.730000 0.881600
vt 0.730000 0.028600
vt 0.760700 0.028600
vt 0.760700 0.170800
vt 0.730000 0.170800
vt 0.791700 0.028600
vt 0.791700 0.170800
vt 0.760700 0.312900
vt 0.730000 0.312900
vt 0.791700 0.312900
vt 0.760700 0.455100
vt 0.730000 0.455100
vt 0.791700 0.455100
vt 0.760700 0.597200
vt 0.730000 0.597200
vt 0.791700 0.597200
vt 0.760700 0.739400
vt 0.760700 0.881600
vt 0.791700 0.881600
vt 0.791700 0.739400
vt 0.730000 0.739400
vt 0.730000 0.881600
vt 0.730000 0.028600
vt 0.730000 0.170800
vt 0.760700 0.170800
vt 0.760700 0.028600
vt 0.791700 0.170800
vt 0.791700 0.028600
vt 0.730000 0.312900
vt 0.760700 0.312900
vt 0.791700 0.312900
vt 0.730000 0.455100
vt 0.760700 0.455100
vt 0.791700 0.455100
vt 0.730000 0.597200
vt 0.760700 0.597200
vt 0.791700 0.597200
vt 0.760700 0.739400
vt 0.791700 0.739400
vt 0.791700 0.881600
vt 0.760700 0.881600
vt 0.730000 0.739400
vt 0.730000 0.881600
vt 0.730000 0.028600
vt 0.760700 0.028600
vt 0.760700 0.170800
vt 0.730000 0.170800
vt 0.791700 0.028600
vt 0.791700 0.170800
vt 0.760700 0.312900
vt 0.730000 0.312900
vt 0.791700 0.312900
vt 0.760700 0.455100
vt 0.730000 0.455100
vt 0.791700 0.455100
vt 0.760700 0.597200
vt 0.730000 0.597200
vt 0.791700 0.597200
vt 0.637000 0.748600
vt 0.637000 0.892600
vt 0.683200 0.892600
vt 0.683200 0.748600
vt 0.594800 0.748600
vt 0.594800 0.892600
vt 0.594800 0.028600
vt 0.594800 0.172600
vt 0.637000 0.172600
vt 0.637000 0.028600
vt 0.683200 0.172600
vt 0.683200 0.028600
vt 0.594800 0.316600
vt 0.637000 0.316600
vt 0.683200 0.316600
vt 0.594800 0.460600
vt 0.637000 0.460600
vt 0.683200 0.460600
vt 0.594800 0.604600
vt 0.637000 0.604600
vt 0.683200 0.604600
vt 0.637000 0.748600
vt 0.683200 0.748600
vt 0.683200 0.892600
vt 0.637000 0.892600
vt 0.594800 0.748600
vt 0.594800 0.892600
vt 0.594800 0.028600
vt 0.637000 0.028600
vt 0.637000 0.172600
vt 0.594800 0.172600
vt 0.683200 0.028600
vt 0.683200 0.172600
vt 0.637000 0.316600
vt 0.594800 0.316600
vt 0.683200 0.316600
vt 0.637000 0.460600
vt 0.594800 0.460600
vt 0.683200 0.460600
vt 0.637000 0.604600
vt 0.594800 0.604600
vt 0.683200 0.604600
vt 0.918200 0.479600
vt 0.903900 0.494700
vt 0.903900 0.672600
vt 0.977300 0.672600
vt 0.881800 0.173900
vt 0.904000 0.030400
vt 0.832600 0.030600
vt 0.832600 0.301000
vt 0.921800 0.180200
vt 0.977300 0.314200
vt 0.977300 0.030600
vt 0.832600 0.453700
vt 0.882500 0.300300
vt 0.832600 0.575500
vt 0.890500 0.418200
vt 0.917300 0.310900
vt 0.977300 0.456300
vt 0.832600 0.672600
vt 0.894800 0.489800
vt 0.920300 0.415800
vt 0.977300 0.582700
vt 0.905300 0.485200
vt 0.899500 0.176600
vt 0.896900 0.305000
vt 0.904900 0.417000
vt 0.918200 0.479600
vt 0.903900 0.494700
vt 0.903900 0.672600
vt 0.977300 0.672600
vt 0.881800 0.173900
vt 0.904000 0.030400
vt 0.832600 0.030600
vt 0.832600 0.301000
vt 0.921800 0.180200
vt 0.977300 0.314200
vt 0.977300 0.030600
vt 0.832600 0.453700
vt 0.882500 0.300300
vt 0.832600 0.575500
vt 0.890500 0.418200
vt 0.917300 0.310900
vt 0.977300 0.456300
vt 0.832600 0.672600
vt 0.894800 0.489800
vt 0.920300 0.415800
vt 0.977300 0.582700
vt 0.905300 0.485200
vt 0.899500 0.176600
vt 0.896900 0.305000
vt 0.904900 0.417000
vt 0.918200 0.479600
vt 0.903900 0.494700
vt 0.903900 0.672600
vt 0.977300 0.672600
vt 0.881800 0.173900
vt 0.904000 0.030400
vt 0.832600 0.030600
vt 0.832600 0.301000
vt 0.921800 0.180200
vt 0.977300 0.314200
vt 0.977300 0.030600
vt 0.832600 0.453700
vt 0.882500 0.300300
vt 0.832600 0.575500
vt 0.890500 0.418200
vt 0.917300 0.310900
vt 0.977300 0.456300
vt 0.832600 0.672600
vt 0.894800 0.489800
vt 0.920300 0.415800
vt 0.977300 0.582700
vt 0.905300 0.485200
vt 0.899500 0.176600
vt 0.896900 0.305000
vt 0.904900 0.417000
vt 0.918200 0.479600
vt 0.903900 0.494700
vt 0.903900 0.672600
vt 0.977300 0.672600
vt 0.881800 0.173900
vt 0.904000 0.030400
vt 0.832600 0.030600
vt 0.832600 0.301000
vt 0.921800 0.180200
vt 0.977300 0.314200
vt 0.977300 0.030600
vt 0.832600 0.453700
vt 0.882500 0.300300
vt 0.832600 0.575500
vt 0.890500 0.418200
vt 0.917300 0.310900
vt 0.977300 0.456300
vt 0.832600 0.672600
vt 0.894800 0.489800
vt 0.920300 0.415800
vt 0.977300 0.582700
vt 0.905300 0.485200
vt 0.899500 0.176600
vt 0.896900 0.305000
vt 0.904900 0.417000
vt 0.031700 0.508000
vt 0.045600 0.508000
vt 0.045600 0.993800
vt 0.031700 0.993800
vt 0.059600 0.508000
vt 0.059600 0.993800
vt 0.073500 0.508000
vt 0.073500 0.993800
vt 0.087500 0.508000
vt 0.087500 0.993800
vt 0.101400 0.508000
vt 0.101400 0.993800
vt 0.031700 0.508000
vt 0.045600 0.508000
vt 0.045600 0.631200
vt 0.031700 0.631200
vt 0.059600 0.508000
vt 0.059600 0.631200
vt 0.073500 0.508000
vt 0.073500 0.631200
vt 0.087500 0.508000
vt 0.087500 0.631200
vt 0.101400 0.508000
vt 0.101400 0.631200
vt 0.059700 0.993500
vt 0.061500 0.991700
vt 0.067400 0.991700
vt 0.069100 0.993500
vt 0.064400 0.994600
vt 0.087500 0.993800
vt 0.073500 0.993800
vt 0.059600 0.993800
vt 0.045600 0.993800
vt 0.031700 0.993800
vt 0.101400 0.993800
vt 0.031700 0.508000
vt 0.045600 0.508000
vt 0.045600 0.631200
vt 0.031700 0.631200
vt 0.059600 0.508000
vt 0.059600 0.631200
vt 0.073500 0.508000
vt 0.073500 0.631200
vt 0.087500 0.508000
vt 0.087500 0.631200
vt 0.101400 0.508000
vt 0.101400 0.631200
vt 0.059700 0.993500
vt 0.061500 0.991700
vt 0.067400 0.991700
vt 0.069100 0.993500
vt 0.064400 0.994600
vt 0.087500 0.993800
vt 0.073500 0.993800
vt 0.059600 0.993800
vt 0.045600 0.993800
vt 0.031700 0.993800
vt 0.101400 0.993800
vt 0.031700 0.508000
vt 0.045600 0.508000
vt 0.045600 0.993800
vt 0.031700 0.993800
vt 0.059600 0.508000
vt 0.059600 0.993800
vt 0.073500 0.508000
vt 0.073500 0.993800
vt 0.087500 0.508000
vt 0.087500 0.993800
vt 0.101400 0.508000
vt 0.101400 0.993800
vt 0.059700 0.993500
vt 0.061500 0.991700
vt 0.067400 0.991700
vt 0.069100 0.993500
vt 0.064400 0.994600
vt 0.637000 0.748600
vt 0.683200 0.748600
vt 0.683200 0.892600
vt 0.637000 0.892600
vt 0.594800 0.748600
vt 0.594800 0.892600
vt 0.594800 0.028600
vt 0.637000 0.028600
vt 0.637000 0.172600
vt 0.594800 0.172600
vt 0.683200 0.028600
vt 0.683200 0.172600
vt 0.637000 0.316600
vt 0.594800 0.316600
vt 0.683200 0.316600
vt 0.637000 0.460600
vt 0.594800 0.460600
vt 0.683200 0.460600
vt 0.637000 0.604600
vt 0.594800 0.604600
vt 0.683200 0.604600
vt 0.637000 0.748600
vt 0.637000 0.892600
vt 0.683200 0.892600
vt 0.683200 0.748600
vt 0.594800 0.748600
vt 0.594800 0.892600
vt 0.594800 0.028600
vt 0.594800 0.172600
vt 0.637000 0.172600
vt 0.637000 0.028600
vt 0.683200 0.172600
vt 0.683200 0.028600
vt 0.594800 0.316600
vt 0.637000 0.316600
vt 0.683200 0.316600
vt 0.594800 0.460600
vt 0.637000 0.460600
vt 0.683200 0.460600
vt 0.594800 0.604600
vt 0.637000 0.604600
vt 0.683200 0.604600
vt 0.637000 0.748600
vt 0.637000 0.892600
vt 0.683200 0.892600
vt 0.683200 0.748600
vt 0.594800 0.748600
vt 0.594800 0.892600
vt 0.594800 0.028600
vt 0.594800 0.172600
vt 0.637000 0.172600
vt 0.637000 0.028600
vt 0.683200 0.172600
vt 0.683200 0.028600
vt 0.594800 0.316600
vt 0.637000 0.316600
vt 0.683200 0.316600
vt 0.594800 0.460600
vt 0.637000 0.460600
vt 0.683200 0.460600
vt 0.594800 0.604600
vt 0.637000 0.604600
vt 0.683200 0.604600
vt 0.637000 0.748600
vt 0.683200 0.748600
vt 0.683200 0.892600
vt 0.637000 0.892600
vt 0.594800 0.748600
vt 0.594800 0.892600
vt 0.594800 0.028600
vt 0.637000 0.028600
vt 0.637000 0.172600
vt 0.594800 0.172600
vt 0.683200 0.028600
vt 0.683200 0.172600
vt 0.637000 0.316600
vt 0.594800 0.316600
vt 0.683200 0.316600
vt 0.637000 0.460600
vt 0.594800 0.460600
vt 0.683200 0.460600
vt 0.637000 0.604600
vt 0.594800 0.604600
vt 0.683200 0.604600
vt 0.637000 0.748600
vt 0.637000 0.892600
vt 0.683200 0.892600
vt 0.683200 0.748600
vt 0.594800 0.748600
vt 0.594800 0.892600
vt 0.594800 0.028600
vt 0.594800 0.172600
vt 0.637000 0.172600
vt 0.637000 0.028600
vt 0.683200 0.172600
vt 0.683200 0.028600
vt 0.594800 0.316600
vt 0.637000 0.316600
vt 0.683200 0.316600
vt 0.594800 0.460600
vt 0.637000 0.460600
vt 0.683200 0.460600
vt 0.594800 0.604600
vt 0.637000 0.604600
vt 0.683200 0.604600
vt 0.637000 0.748600
vt 0.683200 0.748600
vt 0.683200 0.892600
vt 0.637000 0.892600
vt 0.594800 0.748600
vt 0.594800 0.892600
vt 0.594800 0.028600
vt 0.637000 0.028600
vt 0.637000 0.172600
vt 0.594800 0.172600
vt 0.683200 0.028600
vt 0.683200 0.172600
vt 0.637000 0.316600
vt 0.594800 0.316600
vt 0.683200 0.316600
vt 0.637000 0.460600
vt 0.594800 0.460600
vt 0.683200 0.460600
vt 0.637000 0.604600
vt 0.594800 0.604600
vt 0.683200 0.604600
vt 0.760700 0.739400
vt 0.760700 0.881600
vt 0.791700 0.881600
vt 0.791700 0.739400
vt 0.730000 0.739400
vt 0.730000 0.881600
vt 0.730000 0.028600
vt 0.730000 0.170800
vt 0.760700 0.170800
vt 0.760700 0.028600
vt 0.791700 0.170800
vt 0.791700 0.028600
vt 0.730000 0.312900
vt 0.760700 0.312900
vt 0.791700 0.312900
vt 0.730000 0.455100
vt 0.760700 0.455100
vt 0.791700 0.455100
vt 0.730000 0.597200
vt 0.760700 0.597200
vt 0.791700 0.597200
vt 0.760700 0.739400
vt 0.791700 0.739400
vt 0.791700 0.881600
vt 0.760700 0.881600
vt 0.730000 0.739400
vt 0.730000 0.881600
vt 0.730000 0.028600
vt 0.760700 0.028600
vt 0.760700 0.170800
vt 0.730000 0.170800
vt 0.791700 0.028600
vt 0.791700 0.170800
vt 0.760700 0.312900
vt 0.730000 0.312900
vt 0.791700 0.312900
vt 0.760700 0.455100
vt 0.730000 0.455100
vt 0.791700 0.455100
vt 0.760700 0.597200
vt 0.730000 0.597200
vt 0.791700 0.597200
vt 0.760700 0.739400
vt 0.760700 0.881600
vt 0.791700 0.881600
vt 0.791700 0.739400
vt 0.730000 0.739400
vt 0.730000 0.881600
vt 0.730000 0.028600
vt 0.730000 0.170800
vt 0.760700 0.170800
vt 0.760700 0.028600
vt 0.791700 0.170800
vt 0.791700 0.028600
vt 0.730000 0.312900
vt 0.760700 0.312900
vt 0.791700 0.312900
vt 0.730000 0.455100
vt 0.760700 0.455100
vt 0.791700 0.455100
vt 0.730000 0.597200
vt 0.760700 0.597200
vt 0.791700 0.597200
vt 0.637000 0.748600
vt 0.637000 0.892600
vt 0.683200 0.892600
vt 0.683200 0.748600
vt 0.594800 0.748600
vt 0.594800 0.892600
vt 0.594800 0.028600
vt 0.594800 0.172600
vt 0.637000 0.172600
vt 0.637000 0.028600
vt 0.683200 0.172600
vt 0.683200 0.028600
vt 0.594800 0.316600
vt 0.637000 0.316600
vt 0.683200 0.316600
vt 0.594800 0.460600
vt 0.637000 0.460600
vt 0.683200 0.460600
vt 0.594800 0.604600
vt 0.637000 0.604600
vt 0.683200 0.604600
vt 0.637000 0.748600
vt 0.683200 0.748600
vt 0.683200 0.892600
vt 0.637000 0.892600
vt 0.594800 0.748600
vt 0.594800 0.892600
vt 0.594800 0.028600
vt 0.637000 0.028600
vt 0.637000 0.172600
vt 0.594800 0.172600
vt 0.683200 0.028600
vt 0.683200 0.172600
vt 0.637000 0.316600
vt 0.594800 0.316600
vt 0.683200 0.316600
vt 0.637000 0.460600
vt 0.594800 0.460600
vt 0.683200 0.460600
vt 0.637000 0.604600
vt 0.594800 0.604600
vt 0.683200 0.604600
vt 0.637000 0.748600
vt 0.637000 0.892600
vt 0.683200 0.892600
vt 0.683200 0.748600
vt 0.594800 0.748600
vt 0.594800 0.892600
vt 0.594800 0.028600
vt 0.594800 0.172600
vt 0.637000 0.172600
vt 0.637000 0.028600
vt 0.683200 0.172600
vt 0.683200 0.028600
vt 0.594800 0.316600
vt 0.637000 0.316600
vt 0.683200 0.316600
vt 0.594800 0.460600
vt 0.637000 0.460600
vt 0.683200 0.460600
vt 0.594800 0.604600
vt 0.637000 0.604600
vt 0.683200 0.604600
vt 0.637000 0.748600
vt 0.683200 0.748600
vt 0.683200 0.892600
vt 0.637000 0.892600
vt 0.594800 0.748600
vt 0.594800 0.892600
vt 0.594800 0.028600
vt 0.637000 0.028600
vt 0.637000 0.172600
vt 0.594800 0.172600
vt 0.683200 0.028600
vt 0.683200 0.172600
vt 0.637000 0.316600
vt 0.594800 0.316600
vt 0.683200 0.316600
vt 0.637000 0.460600
vt 0.594800 0.460600
vt 0.683200 0.460600
vt 0.637000 0.604600
vt 0.594800 0.604600
vt 0.683200 0.604600
vt 0.760700 0.739400
vt 0.760700 0.881600
vt 0.791700 0.881600
vt 0.791700 0.739400
vt 0.730000 0.739400
vt 0.730000 0.881600
vt 0.730000 0.028600
vt 0.730000 0.170800
vt 0.760700 0.170800
vt 0.760700 0.028600
vt 0.791700 0.170800
vt 0.791700 0.028600
vt 0.730000 0.312900
vt 0.760700 0.312900
vt 0.791700 0.312900
vt 0.730000 0.455100
vt 0.760700 0.455100
vt 0.791700 0.455100
vt 0.730000 0.597200
vt 0.760700 0.597200
vt 0.791700 0.597200
vt 0.760700 0.739400
vt 0.791700 0.739400
vt 0.791700 0.881600
vt 0.760700 0.881600
vt 0.730000 0.739400
vt 0.730000 0.881600
vt 0.730000 0.028600
vt 0.760700 0.028600
vt 0.760700 0.170800
vt 0.730000 0.170800
vt 0.791700 0.028600
vt 0.791700 0.170800
vt 0.760700 0.312900
vt 0.730000 0.312900
vt 0.791700 0.312900
vt 0.760700 0.455100
vt 0.730000 0.455100
vt 0.791700 0.455100
vt 0.760700 0.597200
vt 0.730000 0.597200
vt 0.791700 0.597200
vt 0.760700 0.739400
vt 0.760700 0.881600
vt 0.791700 0.881600
vt 0.791700 0.739400
vt 0.730000 0.739400
vt 0.730000 0.881600
vt 0.730000 0.028600
vt 0.730000 0.170800
vt 0.760700 0.170800
vt 0.760700 0.028600
vt 0.791700 0.170800
vt 0.791700 0.028600
vt 0.730000 0.312900
vt 0.760700 0.312900
vt 0.791700 0.312900
vt 0.730000 0.455100
vt 0.760700 0.455100
vt 0.791700 0.455100
vt 0.730000 0.597200
vt 0.760700 0.597200
vt 0.791700 0.597200
vt 0.760700 0.739400
vt 0.791700 0.739400
vt 0.791700 0.881600
vt 0.760700 0.881600
vt 0.730000 0.739400
vt 0.730000 0.881600
vt 0.730000 0.028600
vt 0.760700 0.028600
vt 0.760700 0.170800
vt 0.730000 0.170800
vt 0.791700 0.028600
vt 0.791700 0.170800
vt 0.760700 0.312900
vt 0.730000 0.312900
vt 0.791700 0.312900
vt 0.760700 0.455100
vt 0.730000 0.455100
vt 0.791700 0.455100
vt 0.760700 0.597200
vt 0.730000 0.597200
vt 0.791700 0.597200
vt 0.760700 0.739400
vt 0.760700 0.881600
vt 0.791700 0.881600
vt 0.791700 0.739400
vt 0.730000 0.739400
vt 0.730000 0.881600
vt 0.730000 0.028600
vt 0.730000 0.170800
vt 0.760700 0.170800
vt 0.760700 0.028600
vt 0.791700 0.170800
vt 0.791700 0.028600
vt 0.730000 0.312900
vt 0.760700 0.312900
vt 0.791700 0.312900
vt 0.730000 0.455100
vt 0.760700 0.455100
vt 0.791700 0.455100
vt 0.730000 0.597200
vt 0.760700 0.597200
vt 0.791700 0.597200
vt 0.760700 0.739400
vt 0.791700 0.739400
vt 0.791700 0.881600
vt 0.760700 0.881600
vt 0.730000 0.739400
vt 0.730000 0.881600
vt 0.730000 0.028600
vt 0.760700 0.028600
vt 0.760700 0.170800
vt 0.730000 0.170800
vt 0.791700 0.028600
vt 0.791700 0.170800
vt 0.760700 0.312900
vt 0.730000 0.312900
vt 0.791700 0.312900
vt 0.760700 0.455100
vt 0.730000 0.455100
vt 0.791700 0.455100
vt 0.760700 0.597200
vt 0.730000 0.597200
vt 0.791700 0.597200
vt 0.637000 0.748600
vt 0.637000 0.892600
vt 0.683200 0.892600
vt 0.683200 0.748600
vt 0.594800 0.748600
vt 0.594800 0.892600
vt 0.594800 0.028600
vt 0.594800 0.172600
vt 0.637000 0.172600
vt 0.637000 0.028600
vt 0.683200 0.172600
vt 0.683200 0.028600
vt 0.594800 0.316600
vt 0.637000 0.316600
vt 0.683200 0.316600
vt 0.594800 0.460600
vt 0.637000 0.460600
vt 0.683200 0.460600
vt 0.594800 0.604600
vt 0.637000 0.604600
vt 0.683200 0.604600
vt 0.637000 0.748600
vt 0.683200 0.748600
vt 0.683200 0.892600
vt 0.637000 0.892600
vt 0.594800 0.748600
vt 0.594800 0.892600
vt 0.594800 0.028600
vt 0.637000 0.028600
vt 0.637000 0.172600
vt 0.594800 0.172600
vt 0.683200 0.028600
vt 0.683200 0.172600
vt 0.637000 0.316600
vt 0.594800 0.316600
vt 0.683200 0.316600
vt 0.637000 0.460600
vt 0.594800 0.460600
vt 0.683200 0.460600
vt 0.637000 0.604600
vt 0.594800 0.604600
vt 0.683200 0.604600
vt 0.918200 0.479600
vt 0.903900 0.494700
vt 0.903900 0.672600
vt 0.977300 0.672600
vt 0.881800 0.173900
vt 0.904000 0.030400
vt 0.832600 0.030600
vt 0.832600 0.301000
vt 0.921800 0.180200
vt 0.977300 0.314200
vt 0.977300 0.030600
vt 0.832600 0.453700
vt 0.882500 0.300300
vt 0.832600 0.575500
vt 0.890500 0.418200
vt 0.917300 0.310900
vt 0.977300 0.456300
vt 0.832600 0.672600
vt 0.894800 0.489800
vt 0.920300 0.415800
vt 0.977300 0.582700
vt 0.905300 0.485200
vt 0.899500 0.176600
vt 0.896900 0.305000
vt 0.904900 0.417000
vt 0.918200 0.479600
vt 0.903900 0.494700
vt 0.903900 0.672600
vt 0.977300 0.672600
vt 0.881800 0.173900
vt 0.904000 0.030400
vt 0.832600 0.030600
vt 0.832600 0.301000
vt 0.921800 0.180200
vt 0.977300 0.314200
vt 0.977300 0.030600
vt 0.832600 0.453700
vt 0.882500 0.300300
vt 0.832600 0.575500
vt 0.890500 0.418200
vt 0.917300 0.310900
vt 0.977300 0.456300
vt 0.832600 0.672600
vt 0.894800 0.489800
vt 0.920300 0.415800
vt 0.977300 0.582700
vt 0.905300 0.485200
vt 0.899500 0.176600
vt 0.896900 0.305000
vt 0.904900 0.417000
vt 0.918200 0.479600
vt 0.903900 0.494700
vt 0.903900 0.672600
vt 0.977300 0.672600
vt 0.881800 0.173900
vt 0.904000 0.030400
vt 0.832600 0.030600
vt 0.832600 0.301000
vt 0.921800 0.180200
vt 0.977300 0.314200
vt 0.977300 0.030600
vt 0.832600 0.453700
vt 0.882500 0.300300
vt 0.832600 0.575500
vt 0.890500 0.418200
vt 0.917300 0.310900
vt 0.977300 0.456300
vt 0.832600 0.672600
vt 0.894800 0.489800
vt 0.920300 0.415800
vt 0.977300 0.582700
vt 0.905300 0.485200
vt 0.899500 0.176600
vt 0.896900 0.305000
vt 0.904900 0.417000
vt 0.918200 0.479600
vt 0.903900 0.494700
vt 0.903900 0.672600
vt 0.977300 0.672600
vt 0.881800 0.173900
vt 0.904000 0.030400
vt 0.832600 0.030600
vt 0.832600 0.301000
vt 0.921800 0.180200
vt 0.977300 0.314200
vt 0.977300 0.030600
vt 0.832600 0.453700
vt 0.882500 0.300300
vt 0.832600 0.575500
vt 0.890500 0.418200
vt 0.917300 0.310900
vt 0.977300 0.456300
vt 0.832600 0.672600
vt 0.894800 0.489800
vt 0.920300 0.415800
vt 0.977300 0.582700
vt 0.905300 0.485200
vt 0.899500 0.176600
vt 0.896900 0.305000
vt 0.904900 0.417000
vt 0.031700 0.508000
vt 0.045600 0.508000
vt 0.045600 0.993800
vt 0.031700 0.993800
vt 0.059600 0.508000
vt 0.059600 0.993800
vt 0.073500 0.508000
vt 0.073500 0.993800
vt 0.087500 0.508000
vt 0.087500 0.993800
vt 0.101400 0.508000
vt 0.101400 0.993800
vt 0.031700 0.508000
vt 0.045600 0.508000
vt 0.045600 0.631200
vt 0.031700 0.631200
vt 0.059600 0.508000
vt 0.059600 0.631200
vt 0.073500 0.508000
vt 0.073500 0.631200
vt 0.087500 0.508000
vt 0.087500 0.631200
vt 0.101400 0.508000
vt 0.101400 0.631200
vt 0.059700 0.993500
vt 0.061500 0.991700
vt 0.067400 0.991700
vt 0.069100 0.993500
vt 0.064400 0.994600
vt 0.087500 0.993800
vt 0.073500 0.993800
vt 0.059600 0.993800
vt 0.045600 0.993800
vt 0.031700 0.993800
vt 0.101400 0.993800
vt 0.031700 0.508000
vt 0.045600 0.508000
vt 0.045600 0.631200
vt 0.031700 0.631200
vt 0.059600 0.508000
vt 0.059600 0.631200
vt 0.073500 0.508000
vt 0.073500 0.631200
vt 0.087500 0.508000
vt 0.087500 0.631200
vt 0.101400 0.508000
vt 0.101400 0.631200
vt 0.059700 0.993500
vt 0.061500 0.991700
vt 0.067400 0.991700
vt 0.069100 0.993500
vt 0.064400 0.994600
vt 0.087500 0.993800
vt 0.073500 0.993800
vt 0.059600 0.993800
vt 0.045600 0.993800
vt 0.031700 0.993800
vt 0.101400 0.993800
vt 0.031700 0.508000
vt 0.045600 0.508000
vt 0.045600 0.993800
vt 0.031700 0.993800
vt 0.059600 0.508000
vt 0.059600 0.993800
vt 0.073500 0.508000
vt 0.073500 0.993800
vt 0.087500 0.508000
vt 0.087500 0.993800
vt 0.101400 0.508000
vt 0.101400 0.993800
vt 0.059700 0.993500
vt 0.061500 0.991700
vt 0.067400 0.991700
vt 0.069100 0.993500
vt 0.064400 0.994600
vt 0.637000 0.748600
vt 0.683200 0.748600
vt 0.683200 0.892600
vt 0.637000 0.892600
vt 0.594800 0.748600
vt 0.594800 0.892600
vt 0.594800 0.028600
vt 0.637000 0.028600
vt 0.637000 0.172600
vt 0.594800 0.172600
vt 0.683200 0.028600
vt 0.683200 0.172600
vt 0.637000 0.316600
vt 0.594800 0.316600
vt 0.683200 0.316600
vt 0.637000 0.460600
vt 0.594800 0.460600
vt 0.683200 0.460600
vt 0.637000 0.604600
vt 0.594800 0.604600
vt 0.683200 0.604600
vt 0.637000 0.748600
vt 0.637000 0.892600
vt 0.683200 0.892600
vt 0.683200 0.748600
vt 0.594800 0.748600
vt 0.594800 0.892600
vt 0.594800 0.028600
vt 0.594800 0.172600
vt 0.637000 0.172600
vt 0.637000 0.028600
vt 0.683200 0.172600
vt 0.683200 0.028600
vt 0.594800 0.316600
vt 0.637000 0.316600
vt 0.683200 0.316600
vt 0.594800 0.460600
vt 0.637000 0.460600
vt 0.683200 0.460600
vt 0.594800 0.604600
vt 0.637000 0.604600
vt 0.683200 0.604600
vn 0.5091 0.8389 0.1925
vn 0.1025 0.5779 0.8097
vn -0.0371 0.6107 0.7910
vn 0.3413 0.9308 0.1312
vn 0.6019 0.5667 -0.5626
vn 0.4905 0.6025 -0.6297
vn 0.9434 0.0672 -0.3248
vn 0.9361 0.0861 0.3409
vn 0.9366 0.0951 0.3372
vn 0.9444 0.0709 -0.3210
vn 0.5146 0.0666 0.8548
vn 0.5090 0.0821 0.8569
vn 0.9246 0.1895 0.3305
vn 0.9516 0.1829 -0.2470
vn 0.5685 0.1715 0.8046
vn 0.8650 0.3892 0.3168
vn 0.8876 0.3336 -0.3177
vn 0.4814 0.3328 0.8109
vn 0.7472 0.6043 0.2767
vn 0.7741 0.4675 -0.4268
vn 0.3309 0.4700 0.8183
vn -0.5096 -0.8385 -0.1927
vn -0.3411 -0.9308 -0.1311
vn 0.0321 -0.6182 -0.7854
vn -0.1085 -0.5841 -0.8044
vn -0.6031 -0.5731 0.5548
vn -0.4909 -0.6098 0.6222
vn -0.9462 -0.0664 0.3167
vn -0.9486 -0.0719 0.3082
vn -0.9367 -0.0945 -0.3371
vn -0.9364 -0.0850 -0.3405
vn -0.5204 -0.0821 -0.8500
vn -0.5211 -0.0670 -0.8509
vn -0.9530 -0.1833 0.2414
vn -0.9245 -0.1895 -0.3307
vn -0.5732 -0.1725 -0.8011
vn -0.8893 -0.3352 0.3111
vn -0.8650 -0.3891 -0.3168
vn -0.4867 -0.3344 -0.8070
vn -0.7763 -0.4710 0.4190
vn -0.7474 -0.6040 -0.2768
vn -0.3375 -0.4734 -0.8137
vn -0.1588 0.9073 -0.3895
vn 0.6350 0.5332 -0.5590
vn 0.6771 0.5917 -0.4376
vn -0.1059 0.9632 -0.2472
vn -0.8625 0.5050 0.0307
vn -0.8142 0.5634 0.1405
vn -0.9561 0.1587 -0.2465
vn -0.3572 0.2851 -0.8895
vn -0.3591 0.2430 -0.9011
vn -0.9581 0.1340 -0.2533
vn 0.5280 0.1851 -0.8288
vn 0.5301 0.1631 -0.8321
vn -0.3571 0.2915 -0.8874
vn -0.9375 0.1921 -0.2902
vn 0.4867 0.1982 -0.8508
vn -0.3229 0.4901 -0.8096
vn -0.9260 0.3036 -0.2242
vn 0.5143 0.3197 -0.7958
vn -0.2657 0.6963 -0.6667
vn -0.9042 0.4104 -0.1187
vn 0.5643 0.4299 -0.7048
vn -0.1401 -0.9814 0.1312
vn -0.1977 -0.9368 0.2887
vn 0.4592 -0.7052 0.5402
vn 0.5417 -0.7680 0.3417
vn -0.6849 -0.6522 -0.3250
vn -0.7616 -0.6302 -0.1508
vn -0.2646 -0.0001 -0.9644
vn -0.2750 -0.0615 -0.9595
vn 0.4469 -0.0957 -0.8894
vn 0.4557 -0.0087 -0.8901
vn 0.9338 -0.0777 -0.3493
vn 0.9373 -0.0126 -0.3483
vn -0.3128 -0.2329 -0.9208
vn 0.4026 -0.3554 -0.8436
vn 0.9081 -0.2736 -0.3170
vn -0.4218 -0.4296 -0.7985
vn 0.2802 -0.6998 -0.6571
vn 0.8328 -0.5260 -0.1725
vn -0.5564 -0.5829 -0.5922
vn 0.0771 -0.9488 -0.3063
vn 0.6992 -0.7127 0.0564
vn 0.1410 0.9811 -0.1324
vn -0.5482 0.7623 -0.3439
vn -0.4663 0.6997 -0.5413
vn 0.1975 0.9369 -0.2886
vn 0.6898 0.6448 0.3292
vn 0.7658 0.6240 0.1554
vn 0.2724 0.0111 0.9621
vn -0.4553 0.0240 0.8900
vn -0.4466 0.1036 0.8887
vn 0.2832 0.0661 0.9568
vn -0.9397 0.0239 0.3411
vn -0.9363 0.0829 0.3413
vn -0.4025 0.3556 0.8435
vn 0.3204 0.2306 0.9188
vn -0.9113 0.2717 0.3095
vn -0.2802 0.7003 0.6565
vn 0.4285 0.4250 0.7974
vn -0.8367 0.5220 0.1658
vn -0.0767 0.9492 0.3052
vn 0.5622 0.5762 0.5932
vn -0.7044 0.7072 -0.0611
vn 0.3091 -0.0019 -0.9510
vn -0.8089 -0.0021 -0.5879
vn -0.8088 -0.0005 -0.5881
vn 0.3090 -0.0003 -0.9511
vn -0.8089 -0.0021 0.5879
vn -0.8091 -0.0015 0.5877
vn 0.3092 -0.0019 0.9510
vn 0.3093 -0.0019 0.9510
vn 1.0000 -0.0018 -0.0001
vn 1.0000 -0.0011 -0.0004
vn 0.2504 0.5876 0.7694
vn 0.8049 0.5934 0.0047
vn 0.2486 0.6024 -0.7585
vn -0.6488 0.6017 -0.4659
vn -0.6481 0.5927 0.4783
vn 0.3028 0.0376 -0.9523
vn -0.8055 0.0351 -0.5916
vn -0.8038 0.0587 -0.5919
vn 0.3036 0.0622 -0.9508
vn -0.8143 -0.0159 0.5803
vn -0.8148 -0.0250 0.5792
vn 0.3099 -0.0456 0.9497
vn 0.3075 -0.0748 0.9486
vn 0.9999 -0.0119 -0.0112
vn 0.9998 -0.0190 -0.0115
vn 0.2651 0.5223 0.8105
vn 0.8172 0.5744 0.0476
vn 0.2605 0.6527 -0.7114
vn -0.6375 0.6489 -0.4153
vn -0.6328 0.5686 0.5256
vn 0.3087 0.0073 -0.9511
vn -0.8091 0.0081 -0.5876
vn -0.6479 0.5988 -0.4708
vn 0.2476 0.5984 -0.7619
vn -0.8091 0.0081 0.5876
vn -0.6479 0.5988 0.4708
vn 0.3087 0.0073 0.9511
vn 0.2477 0.5984 0.7619
vn 1.0000 0.0068 -0.0001
vn 0.8013 0.5982 -0.0001
vn 0.2953 0.1131 -0.9487
vn -0.8022 0.1076 -0.5873
vn -0.8143 0.1060 -0.5706
vn 0.3108 0.1120 -0.9439
vn -0.8191 -0.0360 0.5726
vn -0.7998 -0.0400 0.5989
vn 0.3121 -0.1226 0.9421
vn 0.3127 -0.1226 0.9419
vn 0.9993 -0.0267 -0.0277
vn 0.9995 -0.0304 0.0023
vn -0.7840 0.2819 -0.5530
vn -0.7127 0.3395 -0.6139
vn -0.7451 0.0904 -0.6608
vn -0.9783 0.0562 -0.1994
vn -0.7364 0.0453 -0.6751
vn -0.7347 0.0484 -0.6767
vn -0.3222 0.0667 -0.9443
vn -0.3978 0.0981 -0.9122
vn -0.7186 0.0262 -0.6949
vn -0.9627 0.0493 -0.2659
vn -0.9803 0.0451 -0.1925
vn -0.3678 0.1019 -0.9243
vn -0.7627 0.0956 -0.6397
vn -0.3479 0.0999 -0.9322
vn -0.6919 0.1245 -0.7111
vn -0.7627 0.0965 -0.6396
vn -0.9637 0.0514 -0.2621
vn -0.2978 0.1032 -0.9490
vn -0.5828 0.2914 -0.7585
vn -0.7401 0.1091 -0.6636
vn -0.9692 0.0499 -0.2411
vn -0.5793 0.5123 -0.6340
vn -0.7509 0.0116 -0.6603
vn -0.7732 0.1048 -0.6255
vn -0.6666 0.1366 -0.7328
vn 0.0341 0.8977 0.4394
vn -0.5819 0.7115 0.3940
vn -0.5928 0.7513 0.2899
vn 0.0205 0.9317 0.3626
vn 0.6525 0.6614 0.3698
vn 0.6499 0.7051 0.2838
vn 0.8166 0.0241 0.5767
vn 0.0312 0.0594 0.9977
vn 0.0428 0.1846 0.9819
vn 0.7756 0.1104 0.6215
vn -0.7978 0.0588 0.6000
vn -0.7456 0.1251 0.6545
vn 0.0487 0.4157 0.9082
vn 0.7247 0.2727 0.6328
vn -0.6767 0.2979 0.6733
vn 0.0479 0.6153 0.7868
vn 0.6812 0.4318 0.5912
vn -0.6135 0.4672 0.6367
vn 0.0456 0.7776 0.6271
vn 0.6693 0.5548 0.4942
vn -0.5874 0.6083 0.5337
vn -0.0340 -0.8974 -0.4398
vn -0.0206 -0.9318 -0.3625
vn 0.5871 -0.7552 -0.2915
vn 0.5761 -0.7152 -0.3957
vn -0.6469 -0.6658 -0.3718
vn -0.6442 -0.7095 -0.2856
vn -0.8119 -0.0246 -0.5833
vn -0.7704 -0.1120 -0.6276
vn -0.0430 -0.1846 -0.9819
vn -0.0314 -0.0594 -0.9977
vn 0.7404 -0.1266 -0.6602
vn 0.7929 -0.0597 -0.6064
vn -0.7192 -0.2755 -0.6378
vn -0.0490 -0.4155 -0.9083
vn 0.6708 -0.3004 -0.6781
vn -0.6756 -0.4353 -0.5951
vn -0.0480 -0.6150 -0.7871
vn 0.6075 -0.4701 -0.6403
vn -0.6637 -0.5588 -0.4972
vn -0.0455 -0.7773 -0.6275
vn 0.5816 -0.6117 -0.5363
vn 0.7804 0.1181 0.6140
vn 0.7168 0.1662 0.6771
vn 0.6968 -0.0783 0.7130
vn 0.9692 -0.0367 0.2437
vn 0.6873 -0.1259 0.7153
vn 0.6861 -0.1165 0.7181
vn 0.2151 -0.1201 0.9692
vn 0.2717 -0.0988 0.9573
vn 0.6876 -0.1490 0.7106
vn 0.9464 -0.0588 0.3176
vn 0.9713 -0.0486 0.2329
vn 0.2497 -0.0965 0.9635
vn 0.7186 -0.0719 0.6917
vn 0.2352 -0.0979 0.9670
vn 0.6494 -0.0538 0.7585
vn 0.7455 -0.0692 0.6629
vn 0.9477 -0.0556 0.3141
vn 0.1997 -0.0957 0.9752
vn 0.5480 0.1040 0.8300
vn 0.7272 -0.0595 0.6839
vn 0.9555 -0.0531 0.2902
vn 0.6023 0.3575 0.7138
vn 0.7457 -0.1538 0.6483
vn 0.7745 -0.0574 0.6300
vn 0.6714 -0.0410 0.7399
vn -0.5807 0.1416 0.8017
vn -0.6484 0.2022 0.7339
vn -0.7061 -0.0398 0.7070
vn -0.2373 -0.0735 0.9686
vn -0.7201 -0.0834 0.6889
vn -0.7166 -0.0776 0.6932
vn -0.9709 -0.0205 0.2385
vn -0.9537 -0.0021 0.3007
vn -0.7122 -0.1116 0.6930
vn -0.3133 -0.0846 0.9459
vn -0.2282 -0.0864 0.9698
vn -0.9611 0.0023 0.2763
vn -0.6734 -0.0385 0.7383
vn -0.9652 0.0021 0.2615
vn -0.7388 -0.0089 0.6739
vn -0.6433 -0.0414 0.7645
vn -0.3132 -0.0819 0.9462
vn -0.9747 0.0082 0.2234
vn -0.8059 0.1748 0.5656
vn -0.6620 -0.0254 0.7491
vn -0.2865 -0.0828 0.9545
vn -0.6657 0.3874 0.6378
vn -0.6568 -0.1238 0.7439
vn -0.5975 -0.0359 0.8011
vn -0.7097 0.0013 0.7045
vn 0.5839 0.2603 -0.7690
vn 0.6643 0.2984 -0.6853
vn 0.7069 0.0561 -0.7051
vn 0.2199 0.0984 -0.9705
vn 0.7244 0.0093 -0.6893
vn 0.7145 0.0181 -0.6994
vn 0.9743 -0.0271 -0.2237
vn 0.9607 0.0009 -0.2775
vn 0.6969 -0.0132 -0.7171
vn 0.2906 0.0808 -0.9534
vn 0.2110 0.0874 -0.9736
vn 0.9670 0.0004 -0.2546
vn 0.6828 0.0645 -0.7278
vn 0.9704 -0.0025 -0.2417
vn 0.7491 0.0771 -0.6580
vn 0.6351 0.0704 -0.7692
vn 0.2906 0.0833 -0.9532
vn 0.9787 -0.0042 -0.2052
vn 0.8215 0.2266 -0.5232
vn 0.6561 0.0817 -0.7503
vn 0.2656 0.0852 -0.9603
vn 0.6887 0.4690 -0.5529
vn 0.6509 -0.0159 -0.7590
vn 0.5987 0.0841 -0.7966
vn 0.7141 0.0957 -0.6935
vn 0.1186 -0.9917 0.0501
vn 0.2355 -0.9691 0.0734
vn 0.3351 -0.7992 -0.4991
vn 0.1629 -0.8432 -0.5124
vn -0.1069 -0.7980 0.5932
vn 0.0270 -0.7594 0.6501
vn -0.8602 0.0000 0.5100
vn -0.8520 -0.0799 0.5174
vn -0.9721 -0.1302 -0.1949
vn -0.9791 -0.0115 -0.2029
vn -0.5818 -0.1020 -0.8069
vn -0.5831 -0.0169 -0.8122
vn -0.7910 -0.3080 0.5286
vn -0.8624 -0.4797 -0.1615
vn -0.5304 -0.3440 -0.7748
vn -0.6141 -0.5646 0.5515
vn -0.5555 -0.8265 -0.0914
vn -0.3488 -0.6234 -0.6998
vn -0.3655 -0.7400 0.5646
vn -0.2075 -0.9781 -0.0149
vn -0.0995 -0.7956 -0.5976
vn -0.1198 0.9915 -0.0501
vn -0.1636 0.8386 0.5196
vn -0.3354 0.7946 0.5060
vn -0.2352 0.9692 -0.0733
vn 0.1095 0.7930 -0.5994
vn -0.0241 0.7541 -0.6563
vn 0.8559 -0.0001 -0.5171
vn 0.9792 0.0116 0.2028
vn 0.9721 0.1303 0.1949
vn 0.8477 0.0791 -0.5245
vn 0.5765 0.0169 0.8169
vn 0.5752 0.1014 0.8117
vn 0.8622 0.4802 0.1614
vn 0.7874 0.3052 -0.5355
vn 0.5245 0.3416 0.7799
vn 0.5546 0.8271 0.0913
vn 0.6122 0.5597 -0.5585
vn 0.3443 0.6190 0.7059
vn 0.2063 0.9784 0.0147
vn 0.3662 0.7344 -0.5715
vn 0.0971 0.7907 0.6044
vn 0.0688 -0.9871 0.1443
vn 0.1334 -0.9487 0.2867
vn 0.7410 -0.6709 0.0294
vn 0.6745 -0.7189 -0.1680
vn -0.6472 -0.7282 0.2256
vn -0.6019 -0.6977 0.3886
vn -0.8819 -0.0119 -0.4714
vn -0.8837 -0.0774 -0.4615
vn -0.3338 -0.0729 -0.9398
vn -0.3256 0.0111 -0.9454
vn 0.3889 -0.0294 -0.9208
vn 0.3916 0.0280 -0.9197
vn -0.8695 -0.2726 -0.4118
vn -0.3114 -0.3434 -0.8861
vn 0.4062 -0.2165 -0.8878
vn -0.8272 -0.5004 -0.2557
vn -0.2240 -0.7075 -0.6703
vn 0.4843 -0.4682 -0.7391
vn -0.7459 -0.6653 -0.0321
vn -0.0851 -0.9530 -0.2907
vn 0.5783 -0.6582 -0.4820
vn -0.0698 0.9869 -0.1456
vn -0.6806 0.7124 0.1709
vn -0.7465 0.6649 -0.0257
vn -0.1338 0.9487 -0.2863
vn 0.6533 0.7224 -0.2264
vn 0.6082 0.6921 -0.3886
vn 0.8833 0.0604 0.4650
vn 0.3244 0.0559 0.9443
vn 0.3314 0.1071 0.9374
vn 0.8861 0.0999 0.4526
vn -0.3974 0.0214 0.9174
vn -0.3969 0.0539 0.9163
vn 0.3111 0.3438 0.8860
vn 0.8733 0.2708 0.4050
vn -0.4137 0.2143 0.8848
vn 0.2237 0.7080 0.6699
vn 0.8314 0.4963 0.2499
vn -0.4913 0.4636 0.7373
vn 0.0843 0.9534 0.2897
vn 0.7513 0.6594 0.0285
vn -0.5852 0.6519 0.4823
vn 0.2320 -0.8424 0.4863
vn 0.1631 -0.9299 0.3298
vn -0.5730 -0.6238 0.5315
vn -0.4982 -0.5779 0.6464
vn 0.8353 -0.5494 0.0224
vn 0.7979 -0.5946 -0.0996
vn 0.9055 -0.0330 0.4230
vn 0.9038 -0.0386 0.4262
vn 0.4043 -0.1266 0.9058
vn 0.4151 -0.1208 0.9017
vn -0.3016 -0.1571 0.9404
vn -0.3079 -0.1507 0.9394
vn 0.8726 -0.1515 0.4644
vn 0.4065 -0.2116 0.8888
vn -0.2265 -0.2174 0.9494
vn 0.8782 -0.3016 0.3711
vn 0.3821 -0.4003 0.8329
vn -0.2776 -0.3474 0.8957
vn 0.8703 -0.4390 0.2230
vn 0.3388 -0.6072 0.7187
vn -0.3622 -0.4679 0.8062
vn -0.2318 0.8429 -0.4856
vn 0.5065 0.5713 -0.6458
vn 0.5808 0.6163 -0.5318
vn -0.1632 0.9298 -0.3298
vn -0.8399 0.5425 -0.0157
vn -0.8028 0.5868 0.1053
vn -0.9093 0.0617 -0.4116
vn -0.4144 0.1601 -0.8959
vn -0.4044 0.1467 -0.9027
vn -0.9104 0.0500 -0.4107
vn 0.3144 0.1784 -0.9324
vn 0.3150 0.1711 -0.9335
vn -0.4063 0.2117 -0.8889
vn -0.8763 0.1503 -0.4577
vn 0.2349 0.2164 -0.9476
vn -0.3822 0.4004 -0.8328
vn -0.8822 0.2991 -0.3638
vn 0.2854 0.3453 -0.8940
vn -0.3388 0.6076 -0.7184
vn -0.8744 0.4348 -0.2152
vn 0.3707 0.4641 -0.8045
vn -0.4895 -0.8668 -0.0950
vn -0.3445 -0.9364 -0.0663
vn -0.0664 -0.5752 -0.8153
vn -0.1882 -0.5054 -0.8421
vn -0.4742 -0.4959 0.7275
vn -0.3591 -0.5646 0.7432
vn -0.7428 -0.0783 0.6649
vn -0.7439 -0.0730 0.6643
vn -0.9784 -0.1130 -0.1729
vn -0.9760 -0.1124 -0.1864
vn -0.4557 -0.0696 -0.8874
vn -0.4506 -0.0591 -0.8908
vn -0.7632 -0.1493 0.6287
vn -0.9629 -0.2078 -0.1722
vn -0.4899 -0.1382 -0.8607
vn -0.7099 -0.2682 0.6512
vn -0.8957 -0.4126 -0.1655
vn -0.4379 -0.2661 -0.8587
vn -0.6170 -0.3860 0.6858
vn -0.7622 -0.6310 -0.1445
vn -0.3428 -0.3865 -0.8562
vn 0.4881 0.8676 0.0947
vn 0.1820 0.4972 0.8483
vn 0.0621 0.5667 0.8216
vn 0.3446 0.9364 0.0662
vn 0.4706 0.4877 -0.7353
vn 0.3571 0.5560 -0.7506
vn 0.7316 0.0960 -0.6750
vn 0.9721 0.1433 0.1855
vn 0.9765 0.1288 0.1727
vn 0.7321 0.0803 -0.6765
vn 0.4390 0.0759 0.8953
vn 0.4407 0.0778 0.8943
vn 0.9629 0.2080 0.1720
vn 0.7555 0.1472 -0.6384
vn 0.4795 0.1358 0.8670
vn 0.8955 0.4132 0.1656
vn 0.7029 0.2642 -0.6604
vn 0.4282 0.2621 0.8648
vn 0.7616 0.6318 0.1443
vn 0.6110 0.3799 -0.6945
vn 0.3342 0.3806 0.8623
vn 0.4468 -0.8326 -0.3272
vn 0.3034 -0.9260 -0.2246
vn 0.6417 -0.6200 0.4513
vn 0.7363 -0.5814 0.3461
vn -0.1260 -0.5662 -0.8146
vn -0.2440 -0.6023 -0.7600
vn 0.2584 -0.0663 -0.9638
vn 0.2668 -0.0719 -0.9611
vn 0.7983 -0.0945 -0.5949
vn 0.8009 -0.0850 -0.5927
vn 0.9960 -0.0821 0.0354
vn 0.9971 -0.0670 0.0353
vn 0.3246 -0.1846 -0.9277
vn 0.7860 -0.1908 -0.5881
vn 0.9841 -0.1739 -0.0351
vn 0.2334 -0.3359 -0.9125
vn 0.7413 -0.3899 -0.5464
vn 0.9416 -0.3347 0.0368
vn 0.0804 -0.4659 -0.8812
vn 0.6458 -0.5990 -0.4735
vn 0.8676 -0.4694 0.1640
vn -0.4464 0.8330 0.3267
vn -0.7374 0.5752 -0.3541
vn -0.6436 0.6126 -0.4588
vn -0.3036 0.9259 0.2247
vn 0.1331 0.5600 0.8177
vn 0.2504 0.5950 0.7637
vn -0.2500 0.0672 0.9659
vn -0.8011 0.0861 0.5923
vn -0.7982 0.0951 0.5948
vn -0.2537 0.0709 0.9647
vn -0.9969 0.0666 -0.0429
vn -0.9954 0.0821 -0.0487
vn -0.7858 0.1908 0.5883
vn -0.3192 0.1842 0.9296
vn -0.9845 0.1729 0.0293
vn -0.7413 0.3899 0.5463
vn -0.2269 0.3343 0.9147
vn -0.9419 0.3331 -0.0436
vn -0.6456 0.5993 0.4734
vn -0.0727 0.4623 0.8837
vn -0.8679 0.4660 -0.1720
vn -0.0116 -0.9813 -0.1921
vn -0.1053 -0.9408 -0.3223
vn -0.6730 -0.7352 0.0809
vn -0.5601 -0.7919 0.2432
vn 0.6389 -0.6553 -0.4031
vn 0.5420 -0.6334 -0.5523
vn 0.9502 -0.0012 0.3117
vn 0.9523 -0.0585 0.2996
vn 0.4998 -0.0998 0.8604
vn 0.4899 -0.0087 0.8717
vn -0.2236 -0.0867 0.9708
vn -0.2271 -0.0116 0.9738
vn 0.9415 -0.2342 0.2423
vn 0.4840 -0.3798 0.7884
vn -0.2348 -0.3056 0.9227
vn 0.8942 -0.4412 0.0756
vn 0.3890 -0.7337 0.5571
vn -0.3105 -0.5697 0.7610
vn 0.7899 -0.5935 -0.1544
vn 0.2138 -0.9570 0.1958
vn -0.4176 -0.7476 0.5164
vn 0.0122 0.9810 0.1934
vn 0.5656 0.7867 -0.2474
vn 0.6778 0.7302 -0.0858
vn 0.1052 0.9408 0.3222
vn -0.6448 0.6484 0.4048
vn -0.5483 0.6271 0.5534
vn -0.9526 0.0122 -0.3040
vn -0.4900 0.0241 -0.8714
vn -0.4995 0.1078 -0.8596
vn -0.9546 0.0631 -0.2912
vn 0.2346 0.0229 -0.9718
vn 0.2315 0.0919 -0.9685
vn -0.4840 0.3801 -0.7882
vn -0.9440 0.2317 -0.2348
vn 0.2427 0.3038 -0.9213
vn -0.3886 0.7344 -0.5565
vn -0.8972 0.4361 -0.0693
vn 0.3182 0.5657 -0.7607
vn -0.2132 0.9574 -0.1947
vn -0.7942 0.5866 0.1586
vn 0.4243 0.7425 -0.5184
vn 0.3642 0.2067 0.9081
vn 0.2541 0.2533 0.9334
vn 0.2283 0.0111 0.9735
vn 0.7130 0.0207 0.7009
vn 0.2017 -0.0337 0.9789
vn 0.2163 -0.0260 0.9760
vn -0.3267 -0.0255 0.9448
vn -0.2718 -0.0024 0.9624
vn 0.2379 -0.0591 0.9695
vn 0.6598 0.0061 0.7514
vn 0.7194 0.0093 0.6945
vn -0.2945 -0.0008 0.9556
vn 0.2608 0.0171 0.9652
vn -0.3074 -0.0026 0.9516
vn 0.1678 0.0369 0.9851
vn 0.3216 0.0185 0.9467
vn 0.6598 0.0086 0.7514
vn -0.3428 -0.0010 0.9394
vn 0.0281 0.1988 0.9796
vn 0.2954 0.0318 0.9548
vn 0.6792 0.0094 0.7339
vn 0.1434 0.4349 0.8890
vn 0.2975 -0.0662 0.9524
vn 0.3650 0.0291 0.9306
vn 0.2179 0.0518 0.9746
vn -0.3601 0.1966 -0.9120
vn -0.2618 0.2498 -0.9322
vn -0.2290 0.0052 -0.9734
vn -0.7001 0.0036 -0.7140
vn -0.2099 -0.0400 -0.9769
vn -0.2149 -0.0338 -0.9761
vn 0.3085 -0.0206 -0.9510
vn 0.2483 0.0033 -0.9687
vn -0.2199 -0.0676 -0.9732
vn -0.6418 -0.0110 -0.7668
vn -0.7069 -0.0090 -0.7072
vn 0.2732 0.0055 -0.9619
vn -0.2726 0.0098 -0.9621
vn 0.2880 0.0040 -0.9576
vn -0.1811 0.0326 -0.9829
vn -0.3107 0.0098 -0.9504
vn -0.6419 -0.0082 -0.7667
vn 0.3257 0.0067 -0.9455
vn -0.0391 0.2051 -0.9780
vn -0.2867 0.0241 -0.9577
vn -0.6629 -0.0079 -0.7486
vn -0.1564 0.4257 -0.8912
vn -0.2931 -0.0743 -0.9532
vn -0.3655 0.0194 -0.9306
vn -0.2216 0.0460 -0.9741
vn -0.9210 0.1857 0.3425
vn -0.9368 0.2376 0.2566
vn -0.9768 -0.0032 0.2141
vn -0.7201 0.0043 0.6938
vn -0.9778 -0.0506 0.2036
vn -0.9787 -0.0411 0.2012
vn -0.9429 -0.0333 -0.3313
vn -0.9610 -0.0120 -0.2762
vn -0.9758 -0.0741 0.2057
vn -0.7725 -0.0120 0.6349
vn -0.7130 -0.0084 0.7011
vn -0.9544 -0.0096 -0.2983
vn -0.9698 0.0018 0.2439
vn -0.9499 -0.0110 -0.3124
vn -0.9883 0.0240 0.1504
vn -0.9594 0.0026 0.2822
vn -0.7700 -0.0091 0.6380
vn -0.9379 -0.0089 -0.3468
vn -0.9822 0.1851 0.0310
vn -0.9666 0.0137 0.2558
vn -0.7536 -0.0084 0.6573
vn -0.8916 0.4289 0.1452
vn -0.9541 -0.0828 0.2878
vn -0.9459 0.0122 0.3244
vn -0.9831 0.0357 0.1794
vn 0.9044 0.2178 -0.3670
vn 0.9230 0.2716 -0.2727
vn 0.9591 0.0187 -0.2823
vn 0.6890 0.0187 -0.7245
vn 0.9628 -0.0273 -0.2687
vn 0.9636 -0.0243 -0.2662
vn 0.9740 -0.0200 0.2257
vn 0.9893 0.0124 0.1454
vn 0.9687 -0.0476 -0.2436
vn 0.7366 0.0066 -0.6764
vn 0.6834 0.0081 -0.7300
vn 0.9840 0.0158 0.1773
vn 0.9510 0.0253 -0.3082
vn 0.9801 0.0135 0.1983
vn 0.9765 0.0495 -0.2097
vn 0.9510 0.0261 -0.3082
vn 0.7340 0.0089 -0.6791
vn 0.9681 0.0164 0.2499
vn 0.9729 0.2142 -0.0875
vn 0.9605 0.0371 -0.2759
vn 0.7190 0.0091 -0.6949
vn 0.8840 0.4448 -0.1441
vn 0.9552 -0.0599 -0.2897
vn 0.9453 0.0354 -0.3243
vn 0.9825 0.0603 -0.1764
vn 0.6337 0.0132 0.7735
vn 0.9310 0.0317 -0.3637
vn 0.9241 0.0315 -0.3810
vn 0.6447 0.0133 0.7644
vn -0.0623 0.0143 -0.9980
vn -0.0831 0.0136 -0.9965
vn -0.9699 -0.0149 -0.2431
vn -0.9733 -0.0153 -0.2292
vn -0.5342 -0.0155 0.8452
vn -0.5240 -0.0155 0.8515
vn 0.6342 -0.0075 0.7731
vn 0.9328 0.0547 -0.3562
vn 0.9331 0.0678 -0.3531
vn 0.6292 -0.0073 0.7772
vn -0.0367 0.0419 -0.9984
vn -0.0441 0.0502 -0.9978
vn -0.9604 -0.0288 -0.2770
vn -0.9625 -0.0365 -0.2689
vn -0.5471 -0.0601 0.8349
vn -0.5459 -0.0726 0.8347
vn -0.8036 0.5684 -0.1764
vn -0.4556 0.5496 0.7002
vn 0.4853 0.5926 0.6429
vn 0.7198 0.6387 -0.2720
vn -0.0780 0.6236 -0.7778
vn 0.6218 -0.0020 0.7832
vn 0.9368 -0.0043 -0.3498
vn 0.9359 0.0070 -0.3521
vn 0.6261 -0.0027 0.7797
vn -0.0441 -0.0033 -0.9990
vn -0.0408 0.0056 -0.9992
vn -0.9637 -0.0004 -0.2669
vn -0.9627 -0.0050 -0.2706
vn -0.5523 0.0004 0.8336
vn -0.5509 -0.0102 0.8345
vn -0.7838 0.5867 -0.2037
vn -0.4516 0.5773 0.6803
vn 0.4917 0.5929 0.6377
vn 0.7423 0.6121 -0.2725
vn -0.0458 0.6082 -0.7925
vn 0.6225 0.0073 0.7826
vn 0.9367 0.0082 -0.3501
vn 0.7503 0.5988 -0.2802
vn 0.4985 0.5984 0.6272
vn -0.0433 0.0081 -0.9990
vn -0.0349 0.5987 -0.8002
vn -0.9635 0.0073 -0.2676
vn -0.7721 0.5984 -0.2140
vn -0.5520 0.0068 0.8338
vn -0.4424 0.5982 0.6681
vn -0.3855 0.8984 -0.2106
vn -0.0102 0.7142 -0.6998
vn 0.0813 0.7556 -0.6499
vn -0.3169 0.9316 -0.1778
vn -0.6666 0.6632 0.3402
vn -0.5961 0.7038 0.3865
vn -0.9317 0.0241 0.3624
vn -0.8491 0.0594 -0.5248
vn -0.8423 0.1846 -0.5064
vn -0.9464 0.1104 0.3035
vn -0.0600 0.0588 -0.9965
vn -0.1342 0.1252 -0.9830
vn -0.7841 0.4157 -0.4607
vn -0.9277 0.2726 0.2550
vn -0.1878 0.2979 -0.9359
vn -0.6823 0.6156 -0.3944
vn -0.8688 0.4324 0.2414
vn -0.1922 0.4672 -0.8630
vn -0.5449 0.7797 -0.3086
vn -0.7794 0.5589 0.2831
vn -0.1210 0.6090 -0.7839
vn 0.3858 -0.8981 0.2109
vn 0.3169 -0.9317 0.1777
vn -0.0769 -0.7594 0.6460
vn 0.0147 -0.7179 0.6960
vn 0.6652 -0.6675 -0.3346
vn 0.5945 -0.7082 -0.3809
vn 0.9346 -0.0246 -0.3548
vn 0.9486 -0.1119 -0.2959
vn 0.8424 -0.1846 0.5063
vn 0.8492 -0.0594 0.5247
vn 0.1417 -0.1266 0.9818
vn 0.0678 -0.0596 0.9959
vn 0.9289 -0.2755 -0.2475
vn 0.7844 -0.4155 0.4606
vn 0.1950 -0.3004 0.9337
vn 0.8689 -0.4359 -0.2345
vn 0.6825 -0.6153 0.3945
vn 0.1984 -0.4701 0.8600
vn 0.7789 -0.5626 -0.2771
vn 0.5454 -0.7793 0.3086
vn 0.1265 -0.6124 0.7804
vn -0.0178 -0.9905 -0.1367
vn -0.0711 -0.9663 -0.2472
vn -0.6025 -0.7980 -0.0099
vn -0.5228 -0.8401 0.1443
vn 0.5679 -0.7849 -0.2478
vn 0.5202 -0.7586 -0.3923
vn 0.9001 0.0000 0.4357
vn 0.9018 -0.0799 0.4247
vn 0.3742 -0.1302 0.9182
vn 0.3714 -0.0115 0.9284
vn -0.3515 -0.1020 0.9306
vn -0.3553 -0.0169 0.9346
vn 0.8778 -0.3069 0.3677
vn 0.3416 -0.4776 0.8095
vn -0.3531 -0.3424 0.8707
vn 0.8041 -0.5577 0.2059
vn 0.2377 -0.8219 0.5177
vn -0.3901 -0.6209 0.6799
vn 0.6875 -0.7261 -0.0118
vn 0.1116 -0.9774 0.1794
vn -0.4425 -0.7952 0.4146
vn 0.0183 0.9903 0.1378
vn 0.5290 0.8357 -0.1477
vn 0.6084 0.7936 0.0063
vn 0.0711 0.9664 0.2471
vn -0.5747 0.7795 0.2490
vn -0.5270 0.7534 0.3933
vn -0.9037 -0.0001 -0.4282
vn -0.3716 0.0116 -0.9283
vn -0.3743 0.1303 -0.9181
vn -0.9054 0.0791 -0.4172
vn 0.3629 0.0169 -0.9317
vn 0.3591 0.1014 -0.9278
vn -0.3415 0.4781 -0.8092
vn -0.8816 0.3042 -0.3609
vn 0.3607 0.3400 -0.8685
vn -0.2372 0.8225 -0.5169
vn -0.8088 0.5528 -0.2006
vn 0.3977 0.6166 -0.6795
vn -0.1111 0.9777 -0.1784
vn -0.6934 0.7204 0.0150
vn 0.4495 0.7903 -0.4164
vn 0.1124 -0.9810 -0.1581
vn 0.1970 -0.9364 -0.2903
vn -0.3619 -0.6711 -0.6470
vn -0.4844 -0.7260 -0.4882
vn 0.5696 -0.7239 0.3893
vn 0.6773 -0.6864 0.2646
vn 0.0928 -0.0246 0.9954
vn 0.1026 -0.0953 0.9901
vn -0.5978 -0.1164 0.7931
vn -0.6059 -0.0237 0.7952
vn -0.9807 -0.0740 0.1808
vn -0.9836 -0.0104 0.1803
vn 0.1406 -0.2984 0.9440
vn -0.5535 -0.3960 0.7327
vn -0.9529 -0.2678 0.1420
vn 0.2562 -0.5237 0.8125
vn -0.4054 -0.7457 0.5288
vn -0.8588 -0.5122 -0.0117
vn 0.4052 -0.6773 0.6140
vn -0.1615 -0.9657 0.2032
vn -0.6902 -0.6841 -0.2359
vn -0.1125 0.9807 0.1600
vn 0.4905 0.7195 0.4917
vn 0.3682 0.6654 0.6494
vn -0.1967 0.9365 0.2902
vn -0.5732 0.7187 -0.3936
vn -0.6808 0.6808 -0.2703
vn -0.0997 0.0723 -0.9924
vn 0.6037 0.0897 -0.7921
vn 0.5959 0.1499 -0.7889
vn -0.1118 0.1172 -0.9868
vn 0.9831 0.0590 -0.1734
vn 0.9804 0.0979 -0.1710
vn 0.5537 0.3964 -0.7323
vn -0.1482 0.2964 -0.9435
vn 0.9547 0.2655 -0.1342
vn 0.4051 0.7463 -0.5282
vn -0.2637 0.5189 -0.8131
vn 0.8615 0.5074 0.0187
vn 0.1610 0.9660 -0.2021
vn -0.4111 0.6712 -0.6168
vn 0.6946 0.6778 0.2412
vn 0.2732 -0.8065 -0.5244
vn 0.1746 -0.9040 -0.3902
vn 0.7405 -0.6546 0.1519
vn 0.8003 -0.5987 0.0320
vn -0.4329 -0.4776 -0.7645
vn -0.5177 -0.5289 -0.6724
vn -0.1389 0.0223 -0.9901
vn -0.1292 0.0312 -0.9911
vn 0.5417 -0.0279 -0.8401
vn 0.5370 -0.0274 -0.8431
vn 0.9607 -0.0796 -0.2660
vn 0.9624 -0.0650 -0.2638
vn -0.0685 -0.0484 -0.9965
vn 0.5314 -0.1055 -0.8405
vn 0.9296 -0.1593 -0.3324
vn -0.1268 -0.1766 -0.9761
vn 0.5075 -0.2957 -0.8094
vn 0.9072 -0.3223 -0.2704
vn -0.2627 -0.3380 -0.9037
vn 0.4433 -0.5338 -0.7201
vn 0.8695 -0.4691 -0.1543
vn -0.2727 0.8071 0.5237
vn -0.8043 0.5929 -0.0399
vn -0.7450 0.6478 -0.1589
vn -0.1747 0.9040 0.3903
vn 0.4409 0.4705 0.7644
vn 0.5250 0.5210 0.6730
vn 0.1491 0.0069 0.9888
vn -0.5353 0.0668 0.8420
vn -0.5405 0.0484 0.8399
vn 0.1454 -0.0188 0.9892
vn -0.9623 0.0934 0.2555
vn -0.9633 0.0944 0.2512
vn -0.5307 0.1052 0.8410
vn 0.0771 0.0469 0.9959
vn -0.9323 0.1589 0.3250
vn -0.5085 0.2963 0.8085
vn 0.1330 0.1753 0.9755
vn -0.9099 0.3214 0.2624
vn -0.4431 0.5344 0.7197
vn 0.2715 0.3337 0.9027
vn -0.8726 0.4663 0.1456
vn 0.1593 -0.9066 0.3908
vn 0.1058 -0.9632 0.2472
vn -0.6696 -0.6004 0.4372
vn -0.6267 -0.5416 0.5603
vn 0.8576 -0.5138 -0.0242
vn 0.8088 -0.5722 -0.1356
vn 0.9546 -0.1431 0.2613
vn 0.9542 -0.1285 0.2702
vn 0.3604 -0.2288 0.9043
vn 0.3604 -0.2560 0.8970
vn -0.5162 -0.1564 0.8420
vn -0.5179 -0.1703 0.8383
vn 0.9333 -0.1950 0.3015
vn 0.3571 -0.2913 0.8875
vn -0.4757 -0.2013 0.8563
vn 0.9218 -0.3085 0.2347
vn 0.3229 -0.4897 0.8099
vn -0.5041 -0.3244 0.8004
vn 0.8998 -0.4171 0.1278
vn 0.2660 -0.6955 0.6674
vn -0.5547 -0.4364 0.7085
vn 0.1367 -0.9902 -0.0294
vn 0.2492 -0.9654 -0.0766
vn 0.0227 -0.7921 -0.6100
vn -0.1382 -0.8317 -0.5378
vn 0.2368 -0.7914 0.5636
vn 0.3829 -0.7596 0.5257
vn -0.4450 0.0000 0.8955
vn -0.4341 -0.0798 0.8973
vn -0.9221 -0.1299 0.3646
vn -0.9322 -0.0115 0.3617
vn -0.9269 -0.1018 -0.3612
vn -0.9309 -0.0169 -0.3650
vn -0.3779 -0.3095 0.8726
vn -0.8159 -0.4756 0.3288
vn -0.8682 -0.3378 -0.3634
vn -0.2176 -0.5659 0.7952
vn -0.5268 -0.8205 0.2222
vn -0.6809 -0.6106 -0.4043
vn -0.0006 -0.7355 0.6775
vn -0.1864 -0.9778 0.0955
vn -0.4151 -0.7848 -0.4602
vn -0.1378 0.9900 0.0300
vn 0.1415 0.8269 0.5442
vn -0.0192 0.7874 0.6162
vn -0.2490 0.9655 0.0767
vn -0.2380 0.7861 -0.5704
vn -0.3838 0.7544 -0.5326
vn 0.4376 -0.0001 -0.8992
vn 0.9322 0.0116 -0.3619
vn 0.9220 0.1300 -0.3647
vn 0.4267 0.0790 -0.9010
vn 0.9279 0.0170 0.3725
vn 0.9240 0.1012 0.3687
vn 0.8157 0.4761 -0.3286
vn 0.3710 0.3068 -0.8765
vn 0.8659 0.3354 0.3710
vn 0.5261 0.8210 -0.2217
vn 0.2123 0.5610 -0.8001
vn 0.6804 0.6061 0.4119
vn 0.1855 0.9781 -0.0948
vn -0.0025 0.7300 -0.6834
vn 0.4168 0.7797 0.4673
vn 0.1108 -0.9878 0.1098
vn 0.2413 -0.9507 0.1949
vn 0.6155 -0.6949 -0.3718
vn 0.4501 -0.7412 -0.4980
vn -0.4411 -0.6948 0.5680
vn -0.3032 -0.6701 0.6775
vn -0.9961 0.0212 0.0852
vn -0.9947 -0.0389 0.0956
vn -0.7947 -0.0456 -0.6052
vn -0.7893 0.0356 -0.6129
vn -0.1731 -0.0287 -0.9845
vn -0.1703 0.0314 -0.9849
vn -0.9649 -0.2259 0.1338
vn -0.7583 -0.3150 -0.5707
vn -0.1445 -0.2217 -0.9643
vn -0.8558 -0.4525 0.2509
vn -0.5816 -0.6911 -0.4290
vn -0.0050 -0.4814 -0.8765
vn -0.6704 -0.6229 0.4033
vn -0.2608 -0.9495 -0.1743
vn 0.2045 -0.6770 -0.7070
vn -0.1120 0.9875 -0.1105
vn -0.4536 0.7352 0.5037
vn -0.6182 0.6892 0.3780
vn -0.2413 0.9507 -0.1945
vn 0.4457 0.6885 -0.5720
vn 0.3086 0.6641 -0.6810
vn 0.9954 0.0269 -0.0915
vn 0.7896 0.0308 0.6129
vn 0.7926 0.0797 0.6045
vn 0.9927 0.0612 -0.1044
vn 0.1649 0.0177 0.9861
vn 0.1645 0.0529 0.9850
vn 0.7580 0.3153 0.5709
vn 0.9642 0.2240 -0.1418
vn 0.1361 0.2198 0.9660
vn 0.5810 0.6916 0.4290
vn 0.8559 0.4481 -0.2581
vn -0.0025 0.4768 0.8790
vn 0.2592 0.9500 0.1740
vn 0.6725 0.6168 -0.4090
vn -0.2107 0.6705 0.7114
vn 0.4127 -0.8755 0.2512
vn 0.2679 -0.9518 0.1491
vn -0.2419 -0.6507 0.7198
vn -0.1163 -0.6126 0.7818
vn 0.6996 -0.5602 -0.4436
vn 0.6023 -0.5966 -0.5304
vn 0.9853 -0.0968 -0.1407
vn 0.9851 -0.1056 -0.1356
vn 0.8225 -0.1769 0.5406
vn 0.8257 -0.1601 0.5409
vn 0.2408 -0.1651 0.9564
vn 0.2443 -0.1432 0.9591
vn 0.9718 -0.2201 -0.0851
vn 0.8031 -0.2861 0.5227
vn 0.2889 -0.2652 0.9199
vn 0.9221 -0.3504 -0.1642
vn 0.7381 -0.4690 0.4850
vn 0.2144 -0.3967 0.8926
vn 0.8367 -0.4676 -0.2851
vn 0.6365 -0.6549 0.4073
vn 0.0873 -0.5082 0.8568
vn -0.4120 0.8760 -0.2507
vn 0.1235 0.6059 -0.7859
vn 0.2480 0.6431 -0.7245
vn -0.2680 0.9518 -0.1491
vn -0.7004 0.5529 0.4514
vn -0.6039 0.5886 0.5374
vn -0.9805 0.1250 0.1517
vn -0.8199 0.1988 -0.5369
vn -0.8195 0.1965 -0.5383
vn -0.9815 0.1167 0.1517
vn -0.2339 0.1702 -0.9573
vn -0.2247 0.1780 -0.9580
vn -0.8032 0.2860 -0.5226
vn -0.9714 0.2186 0.0926
vn -0.2817 0.2636 -0.9226
vn -0.7380 0.4692 -0.4850
vn -0.9217 0.3475 0.1723
vn -0.2068 0.3943 -0.8954
vn -0.6362 0.6554 -0.4070
vn -0.8363 0.4629 0.2937
vn -0.0792 0.5041 -0.8600
vn -0.5068 -0.8522 0.1300
vn -0.3712 -0.9255 0.0755
vn -0.5059 -0.5185 -0.6893
vn -0.6206 -0.4454 -0.6453
vn -0.0501 -0.5375 0.8418
vn 0.0532 -0.6085 0.7918
vn -0.2881 -0.0958 0.9528
vn -0.2944 -0.1002 0.9504
vn -0.9314 -0.0823 0.3545
vn -0.9329 -0.0725 0.3528
vn -0.8530 -0.0046 -0.5220
vn -0.8532 0.0070 -0.5216
vn -0.3321 -0.1813 0.9257
vn -0.9208 -0.1836 0.3441
vn -0.8711 -0.0740 -0.4854
vn -0.2805 -0.3022 0.9110
vn -0.8694 -0.3893 0.3044
vn -0.8315 -0.2025 -0.5173
vn -0.1885 -0.4231 0.8863
vn -0.7544 -0.6102 0.2419
vn -0.7545 -0.3239 -0.5708
vn 0.5055 0.8531 -0.1295
vn 0.6182 0.4370 0.6534
vn 0.5051 0.5096 0.6966
vn 0.3713 0.9254 -0.0757
vn 0.0425 0.5298 -0.8471
vn -0.0592 0.6003 -0.7976
vn 0.2755 0.1145 -0.9545
vn 0.9312 0.1034 -0.3494
vn 0.9306 0.0979 -0.3528
vn 0.2784 0.1084 -0.9543
vn 0.8463 0.0097 0.5327
vn 0.8440 0.0124 0.5362
vn 0.9207 0.1837 -0.3442
vn 0.3205 0.1800 -0.9300
vn 0.8653 0.0714 0.4962
vn 0.8692 0.3898 -0.3043
vn 0.2696 0.2989 -0.9154
vn 0.8262 0.1982 0.5273
vn 0.7539 0.6110 -0.2416
vn 0.1787 0.4177 -0.8908
vn 0.7499 0.3177 0.5802
vn 0.1839 -0.8335 -0.5210
vn 0.1159 -0.9277 -0.3550
vn 0.7731 -0.6337 0.0271
vn 0.7980 -0.5923 -0.1113
vn -0.5590 -0.5543 -0.6167
vn -0.6282 -0.5924 -0.5044
vn -0.3069 -0.0664 -0.9494
vn -0.2986 -0.0726 -0.9516
vn 0.3470 -0.0949 -0.9330
vn 0.3503 -0.0850 -0.9328
vn 0.8554 -0.0819 -0.5115
vn 0.8563 -0.0670 -0.5121
vn -0.2322 -0.1800 -0.9559
vn 0.3387 -0.1877 -0.9220
vn 0.8066 -0.1718 -0.5656
vn -0.3055 -0.3225 -0.8959
vn 0.3217 -0.3813 -0.8667
vn 0.8104 -0.3335 -0.4818
vn -0.4192 -0.4525 -0.7871
vn 0.2776 -0.5939 -0.7551
vn 0.8138 -0.4747 -0.3352
vn -0.1838 0.8339 0.5203
vn -0.8032 0.5864 0.1052
vn -0.7786 0.6267 -0.0322
vn -0.1158 0.9276 0.3552
vn 0.5665 0.5480 0.6154
vn 0.6357 0.5846 0.5041
vn 0.3150 0.0672 0.9467
vn -0.3507 0.0861 0.9325
vn -0.3472 0.0956 0.9329
vn 0.3113 0.0717 0.9476
vn -0.8602 0.0666 0.5056
vn -0.8622 0.0819 0.5000
vn -0.3384 0.1876 0.9221
vn 0.2379 0.1794 0.9546
vn -0.8101 0.1707 0.5609
vn -0.3218 0.3813 0.8666
vn 0.3120 0.3209 0.8943
vn -0.8143 0.3319 0.4762
vn -0.2776 0.5943 0.7548
vn 0.4267 0.4490 0.7850
vn -0.8184 0.4715 0.3286
vn -0.1364 -0.9812 -0.1364
vn -0.2832 -0.9384 -0.1980
vn -0.5394 -0.7152 0.4445
vn -0.3609 -0.7731 0.5217
vn 0.3010 -0.6758 -0.6728
vn 0.1477 -0.6465 -0.7485
vn 0.9670 -0.0025 -0.2547
vn 0.9614 -0.0663 -0.2669
vn 0.8853 -0.1124 0.4513
vn 0.8861 -0.0162 0.4632
vn 0.3394 -0.0968 0.9356
vn 0.3393 -0.0212 0.9404
vn 0.9166 -0.2556 -0.3076
vn 0.8245 -0.3981 0.4021
vn 0.2988 -0.3113 0.9021
vn 0.7771 -0.4715 -0.4170
vn 0.6091 -0.7474 0.2654
vn 0.1406 -0.5650 0.8130
vn 0.5589 -0.6232 -0.5471
vn 0.2611 -0.9631 0.0652
vn -0.0906 -0.7345 0.6725
vn 0.1375 0.9810 0.1371
vn 0.3630 0.7677 -0.5281
vn 0.5406 0.7100 -0.4513
vn 0.2830 0.9385 0.1978
vn -0.3051 0.6693 0.6774
vn -0.1525 0.6404 0.7527
vn -0.9648 0.0134 0.2626
vn -0.8860 0.0314 -0.4626
vn -0.8845 0.1203 -0.4508
vn -0.9588 0.0708 0.2751
vn -0.3321 0.0324 -0.9427
vn -0.3314 0.1019 -0.9380
vn -0.8244 0.3985 -0.4019
vn -0.9147 0.2531 0.3152
vn -0.2915 0.3094 -0.9052
vn -0.6084 0.7480 -0.2651
vn -0.7763 0.4665 0.4240
vn -0.1340 0.5608 -0.8170
vn -0.2599 0.9635 -0.0647
vn -0.5603 0.6167 0.5529
vn 0.0951 0.7291 -0.6778
vn 0.7914 0.1408 0.5949
vn 0.7128 0.1870 0.6760
vn 0.7004 -0.0569 0.7115
vn 0.9732 -0.0353 0.2272
vn 0.6784 -0.1018 0.7276
vn 0.6898 -0.0940 0.7179
vn 0.2101 -0.0845 0.9740
vn 0.2672 -0.0633 0.9616
vn 0.7034 -0.1269 0.6994
vn 0.9534 -0.0526 0.2972
vn 0.9749 -0.0464 0.2179
vn 0.2443 -0.0611 0.9678
vn 0.7242 -0.0509 0.6877
vn 0.2311 -0.0624 0.9709
vn 0.6561 -0.0312 0.7540
vn 0.7666 -0.0490 0.6403
vn 0.9535 -0.0501 0.2973
vn 0.1946 -0.0595 0.9791
vn 0.5414 0.1324 0.8303
vn 0.7490 -0.0359 0.6616
vn 0.9609 -0.0484 0.2725
vn 0.6034 0.3726 0.7050
vn 0.7451 -0.1336 0.6535
vn 0.7957 -0.0379 0.6046
vn 0.6942 -0.0164 0.7196
vn -0.7715 0.2617 -0.5799
vn -0.6958 0.3150 -0.6455
vn -0.7002 0.0732 -0.7101
vn -0.9680 0.0603 -0.2438
vn -0.6878 0.0281 -0.7254
vn -0.6914 0.0343 -0.7217
vn -0.2310 0.0392 -0.9722
vn -0.2904 0.0650 -0.9547
vn -0.6957 0.0005 -0.7183
vn -0.9462 0.0485 -0.3199
vn -0.9708 0.0473 -0.2352
vn -0.2655 0.0664 -0.9618
vn -0.7313 0.0777 -0.6776
vn -0.2508 0.0644 -0.9659
vn -0.6631 0.1006 -0.7418
vn -0.7580 0.0773 -0.6477
vn -0.9461 0.0513 -0.3197
vn -0.2122 0.0658 -0.9750
vn -0.5314 0.2705 -0.8028
vn -0.7404 0.0918 -0.6658
vn -0.9547 0.0507 -0.2931
vn -0.5763 0.4865 -0.6566
vn -0.7481 -0.0066 -0.6635
vn -0.7939 0.0862 -0.6019
vn -0.6923 0.1139 -0.7126
vn -0.5997 0.1741 0.7810
vn -0.6559 0.2319 0.7184
vn -0.7230 -0.0051 0.6909
vn -0.2545 -0.0330 0.9665
vn -0.7315 -0.0517 0.6799
vn -0.7330 -0.0420 0.6790
vn -0.9783 0.0009 0.2070
vn -0.9643 0.0188 0.2643
vn -0.7297 -0.0753 0.6796
vn -0.3306 -0.0446 0.9427
vn -0.2454 -0.0463 0.9683
vn -0.9699 0.0225 0.2423
vn -0.7013 -0.0022 0.7129
vn -0.9735 0.0219 0.2278
vn -0.7646 0.0265 0.6440
vn -0.6725 -0.0041 0.7401
vn -0.3266 -0.0420 0.9442
vn -0.9810 0.0263 0.1923
vn -0.8139 0.1951 0.5472
vn -0.6919 0.0088 0.7219
vn -0.3028 -0.0428 0.9521
vn -0.6660 0.4295 0.6098
vn -0.6691 -0.0898 0.7377
vn -0.6386 0.0024 0.7695
vn -0.7446 0.0361 0.6665
vn 0.5916 0.2305 -0.7726
vn 0.6588 0.2774 -0.6993
vn 0.6732 0.0254 -0.7390
vn 0.2132 0.0584 -0.9753
vn 0.6814 -0.0214 -0.7316
vn 0.6834 -0.0187 -0.7298
vn 0.9477 -0.0475 -0.3157
vn 0.9205 -0.0099 -0.3905
vn 0.6985 -0.0435 -0.7143
vn 0.2782 0.0425 -0.9596
vn 0.2049 0.0483 -0.9776
vn 0.9327 -0.0086 -0.3604
vn 0.6530 0.0338 -0.7566
vn 0.9402 -0.0122 -0.3405
vn 0.7270 0.0511 -0.6847
vn 0.6531 0.0346 -0.7565
vn 0.2747 0.0450 -0.9605
vn 0.9569 -0.0126 -0.2902
vn 0.7949 0.2071 -0.5703
vn 0.6784 0.0433 -0.7334
vn 0.2536 0.0465 -0.9662
vn 0.7002 0.4421 -0.5606
vn 0.6625 -0.0525 -0.7472
vn 0.6402 0.0450 -0.7669
vn 0.7498 0.0595 -0.6589
vn 0.9501 -0.0553 0.3069
vn 0.5940 0.0364 -0.8037
vn 0.5957 0.0362 -0.8024
vn 0.9478 -0.0557 0.3141
vn -0.5727 0.0866 -0.8151
vn -0.5831 0.0863 -0.8078
vn -0.9561 0.0259 0.2920
vn -0.9499 0.0242 0.3117
vn -0.0198 -0.0623 0.9979
vn -0.0020 -0.0632 0.9980
vn 0.9504 -0.0456 0.3076
vn 0.5848 0.0223 -0.8109
vn 0.5901 0.0285 -0.8068
vn 0.9492 -0.0576 0.3092
vn -0.5796 0.0587 -0.8128
vn -0.5796 0.0745 -0.8115
vn -0.9570 0.0148 0.2895
vn -0.9547 0.0186 0.2970
vn -0.0156 -0.0504 0.9986
vn -0.0120 -0.0640 0.9979
vn -0.7416 0.6094 0.2804
vn 0.0088 0.5443 0.8388
vn 0.7845 0.5477 0.2908
vn 0.5034 0.6179 -0.6040
vn -0.4408 0.6510 -0.6180
vn 0.9483 -0.0092 0.3171
vn 0.5941 0.0016 -0.8044
vn 0.5921 0.0066 -0.8058
vn 0.9489 -0.0168 0.3150
vn -0.5795 0.0075 -0.8149
vn -0.5800 0.0192 -0.8144
vn -0.9548 0.0004 0.2974
vn -0.9550 0.0040 0.2966
vn -0.0111 -0.0099 0.9999
vn -0.0114 -0.0184 0.9998
vn -0.7571 0.6009 0.2564
vn 0.0018 0.5763 0.8172
vn 0.7706 0.5779 0.2688
vn 0.4867 0.6040 -0.6311
vn -0.4576 0.6178 -0.6395
vn 0.9478 0.0081 0.3188
vn 0.5963 0.0079 -0.8027
vn 0.4778 0.5992 -0.6424
vn 0.7598 0.5975 0.2561
vn -0.5792 0.0072 -0.8151
vn -0.4639 0.6000 -0.6518
vn -0.9542 0.0071 0.2992
vn -0.7639 0.5987 0.2408
vn -0.0101 0.0076 0.9999
vn -0.0076 0.5972 0.8021
vn -0.4333 0.9004 0.0396
vn -0.3841 0.7212 -0.5765
vn -0.2801 0.7621 -0.5837
vn -0.3564 0.9339 0.0279
vn -0.3722 0.6583 0.6543
vn -0.2856 0.7018 0.6526
vn -0.5852 0.0241 0.8105
vn -0.9980 0.0594 0.0208
vn -0.9823 0.1845 0.0324
vn -0.6296 0.1105 0.7690
vn -0.5917 0.0588 -0.8040
vn -0.6468 0.1249 -0.7524
vn -0.9087 0.4157 0.0385
vn -0.6400 0.2731 0.7182
vn -0.6661 0.2971 -0.6841
vn -0.7858 0.6169 0.0433
vn -0.5965 0.4313 0.6769
vn -0.6302 0.4690 -0.6188
vn -0.6229 0.7809 0.0461
vn -0.4979 0.5528 0.6682
vn -0.5251 0.6156 -0.5876
vn 0.4338 -0.9002 -0.0394
vn 0.3563 -0.9340 -0.0280
vn 0.2816 -0.7660 0.5779
vn 0.3858 -0.7249 0.5707
vn 0.3741 -0.6628 -0.6486
vn 0.2873 -0.7063 -0.6470
vn 0.5918 -0.0246 -0.8057
vn 0.6356 -0.1120 -0.7638
vn 0.9823 -0.1844 -0.0327
vn 0.9980 -0.0594 -0.0210
vn 0.6525 -0.1263 0.7472
vn 0.5981 -0.0597 0.7992
vn 0.6450 -0.2759 -0.7127
vn 0.9088 -0.4154 -0.0388
vn 0.6709 -0.2996 0.6783
vn 0.6003 -0.4349 -0.6712
vn 0.7861 -0.6166 -0.0433
vn 0.6338 -0.4719 0.6129
vn 0.5010 -0.5569 -0.6625
vn 0.6233 -0.7806 -0.0458
vn 0.5277 -0.6188 0.5819
s 1
f 1/1/1 2/2/2 3/3/3
f 3/3/3 4/4/4 1/1/1
f 5/5/5 1/1/1 4/4/4
f 4/4/4 6/6/6 5/5/5
f 7/7/7 8/8/8 9/9/9
f 9/9/9 10/10/10 7/7/7
f 8/8/8 11/11/11 12/12/12
f 12/12/12 9/9/9 8/8/8
f 10/10/10 9/9/9 13/13/13
f 13/13/13 14/14/14 10/10/10
f 9/9/9 12/12/12 15/15/15
f 15/15/15 13/13/13 9/9/9
f 14/14/14 13/13/13 16/16/16
f 16/16/16 17/17/17 14/14/14
f 13/13/13 15/15/15 18/18/18
f 18/18/18 16/16/16 13/13/13
f 17/17/17 16/16/16 19/19/19
f 19/19/19 20/20/20 17/17/17
f 16/16/16 18/18/18 21/21/21
f 21/21/21 19/19/19 16/16/16
f 20/20/20 19/19/19 1/1/1
f 1/1/1 5/5/5 20/20/20
f 19/19/19 21/21/21 2/2/2
f 2/2/2 1/1/1 19/19/19
s 2
f 22/22/22 23/23/23 24/24/24
f 24/24/24 25/25/25 22/22/22
f 26/26/26 27/27/27 23/23/23
f 23/23/23 22/22/22 26/26/26
f 28/28/28 29/29/29 30/30/30
f 30/30/30 31/31/31 28/28/28
f 31/31/31 30/30/30 32/32/32
f 32/32/32 33/33/33 31/31/31
f 29/29/29 34/34/34 35/35/35
f 35/35/35 30/30/30 29/29/29
f 30/30/30 35/35/35 36/36/36
f 36/36/36 32/32/32 30/30/30
f 34/34/34 37/37/37 38/38/38
f 38/38/38 35/35/35 34/34/34
f 35/35/35 38/38/38 39/39/39
f 39/39/39 36/36/36 35/35/35
f 37/37/37 40/40/40 41/41/41
f 41/41/41 38/38/38 37/37/37
f 38/38/38 41/41/41 42/42/42
f 42/42/42 39/39/39 38/38/38
f 40/40/40 26/26/26 22/22/22
f 22/22/22 41/41/41 40/40/40
f 41/41/41 22/22/22 25/25/25
f 25/25/25 42/42/42 41/41/41
s 3
f 43/43/43 44/44/44 45/45/45
f 45/45/45 46/46/46 43/43/43
f 47/47/47 43/43/43 46/46/46
f 46/46/46 48/48/48 47/47/47
f 49/49/49 50/50/50 51/51/51
f 51/51/51 52/52/52 49/49/49
f 50/50/50 53/53/53 54/54/54
f 54/54/54 51/51/51 50/50/50
f 52/52/52 51/51/51 55/55/55
f 55/55/55 56/56/56 52/52/52
f 51/51/51 54/54/54 57/57/57
f 57/57/57 55/55/55 51/51/51
f 56/56/56 55/55/55 58/58/58
f 58/58/58 59/59/59 56/56/56
f 55/55/55 57/57/57 60/60/60
f 60/60/60 58/58/58 55/55/55
f 59/59/59 58/58/58 61/61/61
f 61/61/61 62/62/62 59/59/59
f 58/58/58 60/60/60 63/63/63
f 63/63/63 61/61/61 58/58/58
f 62/62/62 61/61/61 43/43/43
f 43/43/43 47/47/47 62/62/62
f 61/61/61 63/63/63 44/44/44
f 44/44/44 43/43/43 61/61/61
s 4
f 64/64/64 65/65/65 66/66/66
f 66/66/66 67/67/67 64/64/64
f 68/68/68 69/69/69 65/65/65
f 65/65/65 64/64/64 68/68/68
f 70/70/70 71/71/71 72/72/72
f 72/72/72 73/73/73 70/70/70
f 73/73/73 72/72/72 74/74/74
f 74/74/74 75/75/75 73/73/73
f 71/71/71 76/76/76 77/77/77
f 77/77/77 72/72/72 71/71/71
f 72/72/72 77/77/77 78/78/78
f 78/78/78 74/74/74 72/72/72
f 76/76/76 79/79/79 80/80/80
f 80/80/80 77/77/77 76/76/76
f 77/77/77 80/80/80 81/81/81
f 81/81/81 78/78/78 77/77/77
f 79/79/79 82/82/82 83/83/83
f 83/83/83 80/80/80 79/79/79
f 80/80/80 83/83/83 84/84/84
f 84/84/84 81/81/81 80/80/80
f 82/82/82 68/68/68 64/64/64
f 64/64/64 83/83/83 82/82/82
f 83/83/83 64/64/64 67/67/67
f 67/67/67 84/84/84 83/83/83
s 5
f 85/85/85 86/86/86 87/87/87
f 87/87/87 88/88/88 85/85/85
f 89/89/89 85/85/85 88/88/88
f 88/88/88 90/90/90 89/89/89
f 91/91/91 92/92/92 93/93/93
f 93/93/93 94/94/94 91/91/91
f 92/92/92 95/95/95 96/96/96
f 96/96/96 93/93/93 92/92/92
f 94/94/94 93/93/93 97/97/97
f 97/97/97 98/98/98 94/94/94
f 93/93/93 96/96/96 99/99/99
f 99/99/99 97/97/97 93/93/93
f 98/98/98 97/97/97 100/100/100
f 100/100/100 101/101/101 98/98/98
f 97/97/97 99/99/99 102/102/102
f 102/102/102 100/100/100 97/97/97
f 101/101/101 100/100/100 103/103/103
f 103/103/103 104/104/104 101/101/101
f 100/100/100 102/102/102 105/105/105
f 105/105/105 103/103/103 100/100/100
f 104/104/104 103/103/103 85/85/85
f 85/85/85 89/89/89 104/104/104
f 103/103/103 105/105/105 86/86/86
f 86/86/86 85/85/85 103/103/103
s 6
f 106/106/106 107/107/107 108/108/108
f 108/108/108 109/109/109 106/106/106
f 107/107/107 110/110/110 111/111/111
f 111/111/111 108/108/108 107/107/107
f 110/110/110 112/112/112 113/113/113
f 113/113/113 111/111/111 110/110/110
f 112/112/112 114/114/114 115/115/115
f 115/115/115 113/113/113 112/112/112
f 114/114/114 106/116/106 109/117/109
f 109/117/109 115/115/115 114/114/114
f 116/118/116 117/119/117 118/120/118
f 118/120/118 119/121/119 116/118/116
f 116/118/116 119/121/119 120/122/120
f 113/113/113 115/115/115 117/123/117
f 117/123/117 116/124/116 113/113/113
f 111/111/111 113/113/113 116/124/116
f 116/124/116 120/125/120 111/111/111
f 108/108/108 111/111/111 120/125/120
f 120/125/120 119/126/119 108/108/108
f 109/109/109 108/108/108 119/126/119
f 119/126/119 118/127/118 109/109/109
f 115/115/115 109/117/109 118/128/118
f 118/128/118 117/123/117 115/115/115
s 7
f 121/129/121 122/130/122 123/131/123
f 123/131/123 124/132/124 121/129/121
f 122/130/122 125/133/125 126/134/126
f 126/134/126 123/131/123 122/130/122
f 125/133/125 127/135/127 128/136/128
f 128/136/128 126/134/126 125/133/125
f 127/135/127 129/137/129 130/138/130
f 130/138/130 128/136/128 127/135/127
f 129/137/129 121/139/121 124/140/124
f 124/140/124 130/138/130 129/137/129
f 131/141/131 132/142/132 133/143/133
f 133/143/133 134/144/134 131/141/131
f 131/141/131 134/144/134 135/145/135
f 128/136/128 130/138/130 132/146/132
f 132/146/132 131/147/131 128/136/128
f 126/134/126 128/136/128 131/147/131
f 131/147/131 135/148/135 126/134/126
f 123/131/123 126/134/126 135/148/135
f 135/148/135 134/149/134 123/131/123
f 124/132/124 123/131/123 134/149/134
f 134/149/134 133/150/133 124/132/124
f 130/138/130 124/140/124 133/151/133
f 133/151/133 132/146/132 130/138/130
s 8
f 136/152/136 137/153/137 138/154/138
f 138/154/138 139/155/139 136/152/136
f 137/153/137 140/156/140 141/157/141
f 141/157/141 138/154/138 137/153/137
f 140/156/140 142/158/142 143/159/143
f 143/159/143 141/157/141 140/156/140
f 142/158/142 144/160/144 145/161/145
f 145/161/145 143/159/143 142/158/142
f 144/160/144 136/162/136 139/163/139
f 139/163/139 145/161/145 144/160/144
f 143/164/143 145/165/145 139/166/139
f 139/166/139 138/167/138 143/164/143
f 143/164/143 138/167/138 141/168/141
s 9
f 146/169/146 147/170/147 148/171/148
f 148/171/148 149/172/149 146/169/146
f 147/170/147 150/173/150 151/174/151
f 151/174/151 148/171/148 147/170/147
f 150/173/150 152/175/152 153/176/153
f 153/176/153 151/174/151 150/173/150
f 152/175/152 154/177/154 155/178/155
f 155/178/155 153/176/153 152/175/152
f 154/177/154 146/179/146 149/180/149
f 149/180/149 155/178/155 154/177/154
s 10
f 156/181/156 157/182/157 158/183/158
f 158/183/158 159/184/159 156/181/156
f 160/185/160 161/186/161 162/187/162
f 162/187/162 163/188/163 160/185/160
f 161/186/161 164/189/164 165/190/165
f 165/190/165 166/191/166 161/186/161
f 163/188/163 167/192/167 168/193/168
f 168/193/168 160/185/160 163/188/163
f 167/192/167 169/194/169 170/195/170
f 170/195/170 168/193/168 167/192/167
f 164/189/164 171/196/171 172/197/172
f 172/197/172 165/190/165 164/189/164
f 169/194/169 173/198/173 174/199/174
f 174/199/174 170/195/170 169/194/169
f 171/196/171 175/200/175 176/201/176
f 176/201/176 172/197/172 171/196/171
f 173/198/173 158/183/158 157/182/157
f 157/182/157 174/199/174 173/198/173
f 175/200/175 156/181/156 159/184/159
f 159/184/159 176/201/176 175/200/175
f 157/182/157 156/181/156 177/202/177
f 178/203/178 179/204/179 171/196/171
f 171/196/171 164/189/164 178/203/178
f 161/186/161 178/203/178 164/189/164
f 179/204/179 180/205/180 175/200/175
f 175/200/175 171/196/171 179/204/179
f 180/205/180 177/202/177 156/181/156
f 156/181/156 175/200/175 180/205/180
f 160/185/160 178/203/178 161/186/161
f 168/193/168 179/204/179 178/203/178
f 178/203/178 160/185/160 168/193/168
f 170/195/170 180/205/180 179/204/179
f 179/204/179 168/193/168 170/195/170
f 174/199/174 177/202/177 180/205/180
f 180/205/180 170/195/170 174/199/174
f 157/182/157 177/202/177 174/199/174
s 11
f 181/206/181 182/207/182 183/208/183
f 183/208/183 184/209/184 181/206/181
f 185/210/185 181/206/181 184/209/184
f 184/209/184 186/211/186 185/210/185
f 187/212/187 188/213/188 189/214/189
f 189/214/189 190/215/190 187/212/187
f 188/213/188 191/216/191 192/217/192
f 192/217/192 189/214/189 188/213/188
f 190/215/190 189/214/189 193/218/193
f 193/218/193 194/219/194 190/215/190
f 189/214/189 192/217/192 195/220/195
f 195/220/195 193/218/193 189/214/189
f 194/219/194 193/218/193 196/221/196
f 196/221/196 197/222/197 194/219/194
f 193/218/193 195/220/195 198/223/198
f 198/223/198 196/221/196 193/218/193
f 197/222/197 196/221/196 199/224/199
f 199/224/199 200/225/200 197/222/197
f 196/221/196 198/223/198 201/226/201
f 201/226/201 199/224/199 196/221/196
f 200/225/200 199/224/199 181/206/181
f 181/206/181 185/210/185 200/225/200
f 199/224/199 201/226/201 182/207/182
f 182/207/182 181/206/181 199/224/199
s 12
f 202/227/202 203/228/203 204/229/204
f 204/229/204 205/230/205 202/227/202
f 206/231/206 207/232/207 203/228/203
f 203/228/203 202/227/202 206/231/206
f 208/233/208 209/234/209 210/235/210
f 210/235/210 211/236/211 208/233/208
f 211/236/211 210/235/210 212/237/212
f 212/237/212 213/238/213 211/236/211
f 209/234/209 214/239/214 215/240/215
f 215/240/215 210/235/210 209/234/209
f 210/235/210 215/240/215 216/241/216
f 216/241/216 212/237/212 210/235/210
f 214/239/214 217/242/217 218/243/218
f 218/243/218 215/240/215 214/239/214
f 215/240/215 218/243/218 219/244/219
f 219/244/219 216/241/216 215/240/215
f 217/242/217 220/245/220 221/246/221
f 221/246/221 218/243/218 217/242/217
f 218/243/218 221/246/221 222/247/222
f 222/247/222 219/244/219 218/243/218
f 220/245/220 206/231/206 202/227/202
f 202/227/202 221/246/221 220/245/220
f 221/246/221 202/227/202 205/230/205
f 205/230/205 222/247/222 221/246/221
s 13
f 223/248/223 224/249/224 225/250/225
f 225/250/225 226/251/226 223/248/223
f 227/252/227 228/253/228 229/254/229
f 229/254/229 230/255/230 227/252/227
f 228/253/228 231/256/231 232/257/232
f 232/257/232 233/258/233 228/253/228
f 230/255/230 234/259/234 235/260/235
f 235/260/235 227/252/227 230/255/230
f 234/259/234 236/261/236 237/262/237
f 237/262/237 235/260/235 234/259/234
f 231/256/231 238/263/238 239/264/239
f 239/264/239 232/257/232 231/256/231
f 236/261/236 240/265/240 241/266/241
f 241/266/241 237/262/237 236/261/236
f 238/263/238 242/267/242 243/268/243
f 243/268/243 239/264/239 238/263/238
f 240/265/240 225/250/225 224/249/224
f 224/249/224 241/266/241 240/265/240
f 242/267/242 223/248/223 226/251/226
f 226/251/226 243/268/243 242/267/242
f 224/249/224 223/248/223 244/269/244
f 245/270/245 246/271/246 238/263/238
f 238/263/238 231/256/231 245/270/245
f 228/253/228 245/270/245 231/256/231
f 246/271/246 247/272/247 242/267/242
f 242/267/242 238/263/238 246/271/246
f 247/272/247 244/269/244 223/248/223
f 223/248/223 242/267/242 247/272/247
f 227/252/227 245/270/245 228/253/228
f 235/260/235 246/271/246 245/270/245
f 245/270/245 227/252/227 235/260/235
f 237/262/237 247/272/247 246/271/246
f 246/271/246 235/260/235 237/262/237
f 241/266/241 244/269/244 247/272/247
f 247/272/247 237/262/237 241/266/241
f 224/249/224 244/269/244 241/266/241
s 14
f 248/273/248 249/274/249 250/275/250
f 250/275/250 251/276/251 248/273/248
f 252/277/252 253/278/253 254/279/254
f 254/279/254 255/280/255 252/277/252
f 253/278/253 256/281/256 257/282/257
f 257/282/257 258/283/258 253/278/253
f 255/280/255 259/284/259 260/285/260
f 260/285/260 252/277/252 255/280/255
f 259/284/259 261/286/261 262/287/262
f 262/287/262 260/285/260 259/284/259
f 256/281/256 263/288/263 264/289/264
f 264/289/264 257/282/257 256/281/256
f 261/286/261 265/290/265 266/291/266
f 266/291/266 262/287/262 261/286/261
f 263/288/263 267/292/267 268/293/268
f 268/293/268 264/289/264 263/288/263
f 265/290/265 250/275/250 249/274/249
f 249/274/249 266/291/266 265/290/265
f 267/292/267 248/273/248 251/276/251
f 251/276/251 268/293/268 267/292/267
f 249/274/249 248/273/248 269/294/269
f 270/295/270 271/296/271 263/288/263
f 263/288/263 256/281/256 270/295/270
f 253/278/253 270/295/270 256/281/256
f 271/296/271 272/297/272 267/292/267
f 267/292/267 263/288/263 271/296/271
f 272/297/272 269/294/269 248/273/248
f 248/273/248 267/292/267 272/297/272
f 252/277/252 270/295/270 253/278/253
f 260/285/260 271/296/271 270/295/270
f 270/295/270 252/277/252 260/285/260
f 262/287/262 272/297/272 271/296/271
f 271/296/271 260/285/260 262/287/262
f 266/291/266 269/294/269 272/297/272
f 272/297/272 262/287/262 266/291/266
f 249/274/249 269/294/269 266/291/266
s 15
f 273/298/273 274/299/274 275/300/275
f 275/300/275 276/301/276 273/298/273
f 277/302/277 278/303/278 279/304/279
f 279/304/279 280/305/280 277/302/277
f 278/303/278 281/306/281 282/307/282
f 282/307/282 283/308/283 278/303/278
f 280/305/280 284/309/284 285/310/285
f 285/310/285 277/302/277 280/305/280
f 284/309/284 286/311/286 287/312/287
f 287/312/287 285/310/285 284/309/284
f 281/306/281 288/313/288 289/314/289
f 289/314/289 282/307/282 281/306/281
f 286/311/286 290/315/290 291/316/291
f 291/316/291 287/312/287 286/311/286
f 288/313/288 292/317/292 293/318/293
f 293/318/293 289/314/289 288/313/288
f 290/315/290 275/300/275 274/299/274
f 274/299/274 291/316/291 290/315/290
f 292/317/292 273/298/273 276/301/276
f 276/301/276 293/318/293 292/317/292
f 274/299/274 273/298/273 294/319/294
f 295/320/295 296/321/296 288/313/288
f 288/313/288 281/306/281 295/320/295
f 278/303/278 295/320/295 281/306/281
f 296/321/296 297/322/297 292/317/292
f 292/317/292 288/313/288 296/321/296
f 297/322/297 294/319/294 273/298/273
f 273/298/273 292/317/292 297/322/297
f 277/302/277 295/320/295 278/303/278
f 285/310/285 296/321/296 295/320/295
f 295/320/295 277/302/277 285/310/285
f 287/312/287 297/322/297 296/321/296
f 296/321/296 285/310/285 287/312/287
f 291/316/291 294/319/294 297/322/297
f 297/322/297 287/312/287 291/316/291
f 274/299/274 294/319/294 291/316/291
s 16
f 298/323/298 299/324/299 300/325/300
f 300/325/300 301/326/301 298/323/298
f 302/327/302 303/328/303 299/324/299
f 299/324/299 298/323/298 302/327/302
f 304/329/304 305/330/305 306/331/306
f 306/331/306 307/332/307 304/329/304
f 307/332/307 306/331/306 308/333/308
f 308/333/308 309/334/309 307/332/307
f 305/330/305 310/335/310 311/336/311
f 311/336/311 306/331/306 305/330/305
f 306/331/306 311/336/311 312/337/312
f 312/337/312 308/333/308 306/331/306
f 310/335/310 313/338/313 314/339/314
f 314/339/314 311/336/311 310/335/310
f 311/336/311 314/339/314 315/340/315
f 315/340/315 312/337/312 311/336/311
f 313/338/313 316/341/316 317/342/317
f 317/342/317 314/339/314 313/338/313
f 314/339/314 317/342/317 318/343/318
f 318/343/318 315/340/315 314/339/314
f 316/341/316 302/327/302 298/323/298
f 298/323/298 317/342/317 316/341/316
f 317/342/317 298/323/298 301/326/301
f 301/326/301 318/343/318 317/342/317
s 17
f 319/344/319 320/345/320 321/346/321
f 321/346/321 322/347/322 319/344/319
f 323/348/323 319/344/319 322/347/322
f 322/347/322 324/349/324 323/348/323
f 325/350/325 326/351/326 327/352/327
f 327/352/327 328/353/328 325/350/325
f 326/351/326 329/354/329 330/355/330
f 330/355/330 327/352/327 326/351/326
f 328/353/328 327/352/327 331/356/331
f 331/356/331 332/357/332 328/353/328
f 327/352/327 330/355/330 333/358/333
f 333/358/333 331/356/331 327/352/327
f 332/357/332 331/356/331 334/359/334
f 334/359/334 335/360/335 332/357/332
f 331/356/331 333/358/333 336/361/336
f 336/361/336 334/359/334 331/356/331
f 335/360/335 334/359/334 337/362/337
f 337/362/337 338/363/338 335/360/335
f 334/359/334 336/361/336 339/364/339
f 339/364/339 337/362/337 334/359/334
f 338/363/338 337/362/337 319/344/319
f 319/344/319 323/348/323 338/363/338
f 337/362/337 339/364/339 320/345/320
f 320/345/320 319/344/319 337/362/337
s 18
f 340/365/340 341/366/341 342/367/342
f 342/367/342 343/368/343 340/365/340
f 344/369/344 345/370/345 341/366/341
f 341/366/341 340/365/340 344/369/344
f 346/371/346 347/372/347 348/373/348
f 348/373/348 349/374/349 346/371/346
f 349/374/349 348/373/348 350/375/350
f 350/375/350 351/376/351 349/374/349
f 347/372/347 352/377/352 353/378/353
f 353/378/353 348/373/348 347/372/347
f 348/373/348 353/378/353 354/379/354
f 354/379/354 350/375/350 348/373/348
f 352/377/352 355/380/355 356/381/356
f 356/381/356 353/378/353 352/377/352
f 353/378/353 356/381/356 357/382/357
f 357/382/357 354/379/354 353/378/353
f 355/380/355 358/383/358 359/384/359
f 359/384/359 356/381/356 355/380/355
f 356/381/356 359/384/359 360/385/360
f 360/385/360 357/382/357 356/381/356
f 358/383/358 344/369/344 340/365/340
f 340/365/340 359/384/359 358/383/358
f 359/384/359 340/365/340 343/368/343
f 343/368/343 360/385/360 359/384/359
s 19
f 361/386/361 362/387/362 363/388/363
f 363/388/363 364/389/364 361/386/361
f 365/390/365 361/386/361 364/389/364
f 364/389/364 366/391/366 365/390/365
f 367/392/367 368/393/368 369/394/369
f 369/394/369 370/395/370 367/392/367
f 368/393/368 371/396/371 372/397/372
f 372/397/372 369/394/369 368/393/368
f 370/395/370 369/394/369 373/398/373
f 373/398/373 374/399/374 370/395/370
f 369/394/369 372/397/372 375/400/375
f 375/400/375 373/398/373 369/394/369
f 374/399/374 373/398/373 376/401/376
f 376/401/376 377/402/377 374/399/374
f 373/398/373 375/400/375 378/403/378
f 378/403/378 376/401/376 373/398/373
f 377/402/377 376/401/376 379/404/379
f 379/404/379 380/405/380 377/402/377
f 376/401/376 378/403/378 381/406/381
f 381/406/381 379/404/379 376/401/376
f 380/405/380 379/404/379 361/386/361
f 361/386/361 365/390/365 380/405/380
f 379/404/379 381/406/381 362/387/362
f 362/387/362 361/386/361 379/404/379
s 20
f 382/407/382 383/408/383 384/409/384
f 384/409/384 385/410/385 382/407/382
f 386/411/386 387/412/387 383/408/383
f 383/408/383 382/407/382 386/411/386
f 388/413/388 389/414/389 390/415/390
f 390/415/390 391/416/391 388/413/388
f 391/416/391 390/415/390 392/417/392
f 392/417/392 393/418/393 391/416/391
f 389/414/389 394/419/394 395/420/395
f 395/420/395 390/415/390 389/414/389
f 390/415/390 395/420/395 396/421/396
f 396/421/396 392/417/392 390/415/390
f 394/419/394 397/422/397 398/423/398
f 398/423/398 395/420/395 394/419/394
f 395/420/395 398/423/398 399/424/399
f 399/424/399 396/421/396 395/420/395
f 397/422/397 400/425/400 401/426/401
f 401/426/401 398/423/398 397/422/397
f 398/423/398 401/426/401 402/427/402
f 402/427/402 399/424/399 398/423/398
f 400/425/400 386/411/386 382/407/382
f 382/407/382 401/426/401 400/425/400
f 401/426/401 382/407/382 385/410/385
f 385/410/385 402/427/402 401/426/401
s 21
f 403/428/403 404/429/404 405/430/405
f 405/430/405 406/431/406 403/428/403
f 407/432/407 403/428/403 406/431/406
f 406/431/406 408/433/408 407/432/407
f 409/434/409 410/435/410 411/436/411
f 411/436/411 412/437/412 409/434/409
f 410/435/410 413/438/413 414/439/414
f 414/439/414 411/436/411 410/435/410
f 412/437/412 411/436/411 415/440/415
f 415/440/415 416/441/416 412/437/412
f 411/436/411 414/439/414 417/442/417
f 417/442/417 415/440/415 411/436/411
f 416/441/416 415/440/415 418/443/418
f 418/443/418 419/444/419 416/441/416
f 415/440/415 417/442/417 420/445/420
f 420/445/420 418/443/418 415/440/415
f 419/444/419 418/443/418 421/446/421
f 421/446/421 422/447/422 419/444/419
f 418/443/418 420/445/420 423/448/423
f 423/448/423 421/446/421 418/443/418
f 422/447/422 421/446/421 403/428/403
f 403/428/403 407/432/407 422/447/422
f 421/446/421 423/448/423 404/429/404
f 404/429/404 403/428/403 421/446/421
s 22
f 424/449/424 425/450/425 426/451/426
f 426/451/426 427/452/427 424/449/424
f 428/453/428 429/454/429 425/450/425
f 425/450/425 424/449/424 428/453/428
f 430/455/430 431/456/431 432/457/432
f 432/457/432 433/458/433 430/455/430
f 433/458/433 432/457/432 434/459/434
f 434/459/434 435/460/435 433/458/433
f 431/456/431 436/461/436 437/462/437
f 437/462/437 432/457/432 431/456/431
f 432/457/432 437/462/437 438/463/438
f 438/463/438 434/459/434 432/457/432
f 436/461/436 439/464/439 440/465/440
f 440/465/440 437/462/437 436/461/436
f 437/462/437 440/465/440 441/466/441
f 441/466/441 438/463/438 437/462/437
f 439/464/439 442/467/442 443/468/443
f 443/468/443 440/465/440 439/464/439
f 440/465/440 443/468/443 444/469/444
f 444/469/444 441/466/441 440/465/440
f 442/467/442 428/453/428 424/449/424
f 424/449/424 443/468/443 442/467/442
f 443/468/443 424/449/424 427/452/427
f 427/452/427 444/469/444 443/468/443
s 23
f 445/470/445 446/471/446 447/472/447
f 447/472/447 448/473/448 445/470/445
f 449/474/449 445/470/445 448/473/448
f 448/473/448 450/475/450 449/474/449
f 451/476/451 452/477/452 453/478/453
f 453/478/453 454/479/454 451/476/451
f 452/477/452 455/480/455 456/481/456
f 456/481/456 453/478/453 452/477/452
f 454/479/454 453/478/453 457/482/457
f 457/482/457 458/483/458 454/479/454
f 453/478/453 456/481/456 459/484/459
f 459/484/459 457/482/457 453/478/453
f 458/483/458 457/482/457 460/485/460
f 460/485/460 461/486/461 458/483/458
f 457/482/457 459/484/459 462/487/462
f 462/487/462 460/485/460 457/482/457
f 461/486/461 460/485/460 463/488/463
f 463/488/463 464/489/464 461/486/461
f 460/485/460 462/487/462 465/490/465
f 465/490/465 463/488/463 460/485/460
f 464/489/464 463/488/463 445/470/445
f 445/470/445 449/474/449 464/489/464
f 463/488/463 465/490/465 446/471/446
f 446/471/446 445/470/445 463/488/463
s 24
f 466/491/466 467/492/467 468/493/468
f 468/493/468 469/494/469 466/491/466
f 470/495/470 471/496/471 467/492/467
f 467/492/467 466/491/466 470/495/470
f 472/497/472 473/498/473 474/499/474
f 474/499/474 475/500/475 472/497/472
f 475/500/475 474/499/474 476/501/476
f 476/501/476 477/502/477 475/500/475
f 473/498/473 478/503/478 479/504/479
f 479/504/479 474/499/474 473/498/473
f 474/499/474 479/504/479 480/505/480
f 480/505/480 476/501/476 474/499/474
f 478/503/478 481/506/481 482/507/482
f 482/507/482 479/504/479 478/503/478
f 479/504/479 482/507/482 483/508/483
f 483/508/483 480/505/480 479/504/479
f 481/506/481 484/509/484 485/510/485
f 485/510/485 482/507/482 481/506/481
f 482/507/482 485/510/485 486/511/486
f 486/511/486 483/508/483 482/507/482
f 484/509/484 470/495/470 466/491/466
f 466/491/466 485/510/485 484/509/484
f 485/510/485 466/491/466 469/494/469
f 469/494/469 486/511/486 485/510/485
s 25
f 487/512/487 488/513/488 489/514/489
f 489/514/489 490/515/490 487/512/487
f 491/516/491 487/512/487 490/515/490
f 490/515/490 492/517/492 491/516/491
f 493/518/493 494/519/494 495/520/495
f 495/520/495 496/521/496 493/518/493
f 494/519/494 497/522/497 498/523/498
f 498/523/498 495/520/495 494/519/494
f 496/521/496 495/520/495 499/524/499
f 499/524/499 500/525/500 496/521/496
f 495/520/495 498/523/498 501/526/501
f 501/526/501 499/524/499 495/520/495
f 500/525/500 499/524/499 502/527/502
f 502/527/502 503/528/503 500/525/500
f 499/524/499 501/526/501 504/529/504
f 504/529/504 502/527/502 499/524/499
f 503/528/503 502/527/502 505/530/505
f 505/530/505 506/531/506 503/528/503
f 502/527/502 504/529/504 507/532/507
f 507/532/507 505/530/505 502/527/502
f 506/531/506 505/530/505 487/512/487
f 487/512/487 491/516/491 506/531/506
f 505/530/505 507/532/507 488/513/488
f 488/513/488 487/512/487 505/530/505
s 26
f 508/533/508 509/534/509 510/535/510
f 510/535/510 511/536/511 508/533/508
f 512/537/512 513/538/513 509/534/509
f 509/534/509 508/533/508 512/537/512
f 514/539/514 515/540/515 516/541/516
f 516/541/516 517/542/517 514/539/514
f 517/542/517 516/541/516 518/543/518
f 518/543/518 519/544/519 517/542/517
f 515/540/515 520/545/520 521/546/521
f 521/546/521 516/541/516 515/540/515
f 516/541/516 521/546/521 522/547/522
f 522/547/522 518/543/518 516/541/516
f 520/545/520 523/548/523 524/549/524
f 524/549/524 521/546/521 520/545/520
f 521/546/521 524/549/524 525/550/525
f 525/550/525 522/547/522 521/546/521
f 523/548/523 526/551/526 527/552/527
f 527/552/527 524/549/524 523/548/523
f 524/549/524 527/552/527 528/553/528
f 528/553/528 525/550/525 524/549/524
f 526/551/526 512/537/512 508/533/508
f 508/533/508 527/552/527 526/551/526
f 527/552/527 508/533/508 511/536/511
f 511/536/511 528/553/528 527/552/527
s 27
f 529/554/529 530/555/530 531/556/531
f 531/556/531 532/557/532 529/554/529
f 533/558/533 529/554/529 532/557/532
f 532/557/532 534/559/534 533/558/533
f 535/560/535 536/561/536 537/562/537
f 537/562/537 538/563/538 535/560/535
f 536/561/536 539/564/539 540/565/540
f 540/565/540 537/562/537 536/561/536
f 538/563/538 537/562/537 541/566/541
f 541/566/541 542/567/542 538/563/538
f 537/562/537 540/565/540 543/568/543
f 543/568/543 541/566/541 537/562/537
f 542/567/542 541/566/541 544/569/544
f 544/569/544 545/570/545 542/567/542
f 541/566/541 543/568/543 546/571/546
f 546/571/546 544/569/544 541/566/541
f 545/570/545 544/569/544 547/572/547
f 547/572/547 548/573/548 545/570/545
f 544/569/544 546/571/546 549/574/549
f 549/574/549 547/572/547 544/569/544
f 548/573/548 547/572/547 529/554/529
f 529/554/529 533/558/533 548/573/548
f 547/572/547 549/574/549 530/555/530
f 530/555/530 529/554/529 547/572/547
s 28
f 550/575/550 551/576/551 552/577/552
f 552/577/552 553/578/553 550/575/550
f 554/579/554 555/580/555 556/581/556
f 556/581/556 557/582/557 554/579/554
f 555/580/555 558/583/558 559/584/559
f 559/584/559 560/585/560 555/580/555
f 557/582/557 561/586/561 562/587/562
f 562/587/562 554/579/554 557/582/557
f 561/586/561 563/588/563 564/589/564
f 564/589/564 562/587/562 561/586/561
f 558/583/558 565/590/565 566/591/566
f 566/591/566 559/584/559 558/583/558
f 563/588/563 567/592/567 568/593/568
f 568/593/568 564/589/564 563/588/563
f 565/590/565 569/594/569 570/595/570
f 570/595/570 566/591/566 565/590/565
f 567/592/567 552/577/552 551/576/551
f 551/576/551 568/593/568 567/592/567
f 569/594/569 550/575/550 553/578/553
f 553/578/553 570/595/570 569/594/569
f 551/576/551 550/575/550 571/596/571
f 572/597/572 573/598/573 565/590/565
f 565/590/565 558/583/558 572/597/572
f 555/580/555 572/597/572 558/583/558
f 573/598/573 574/599/574 569/594/569
f 569/594/569 565/590/565 573/598/573
f 574/599/574 571/596/571 550/575/550
f 550/575/550 569/594/569 574/599/574
f 554/579/554 572/597/572 555/580/555
f 562/587/562 573/598/573 572/597/572
f 572/597/572 554/579/554 562/587/562
f 564/589/564 574/599/574 573/598/573
f 573/598/573 562/587/562 564/589/564
f 568/593/568 571/596/571 574/599/574
f 574/599/574 564/589/564 568/593/568
f 551/576/551 571/596/571 568/593/568
s 29
f 575/600/575 576/601/576 577/602/577
f 577/602/577 578/603/578 575/600/575
f 579/604/579 580/605/580 581/606/581
f 581/606/581 582/607/582 579/604/579
f 580/605/580 583/608/583 584/609/584
f 584/609/584 585/610/585 580/605/580
f 582/607/582 586/611/586 587/612/587
f 587/612/587 579/604/579 582/607/582
f 586/611/586 588/613/588 589/614/589
f 589/614/589 587/612/587 586/611/586
f 583/608/583 590/615/590 591/616/591
f 591/616/591 584/609/584 583/608/583
f 588/613/588 592/617/592 593/618/593
f 593/618/593 589/614/589 588/613/588
f 590/615/590 594/619/594 595/620/595
f 595/620/595 591/616/591 590/615/590
f 592/617/592 577/602/577 576/601/576
f 576/601/576 593/618/593 592/617/592
f 594/619/594 575/600/575 578/603/578
f 578/603/578 595/620/595 594/619/594
f 576/601/576 575/600/575 596/621/596
f 597/622/597 598/623/598 590/615/590
f 590/615/590 583/608/583 597/622/597
f 580/605/580 597/622/597 583/608/583
f 598/623/598 599/624/599 594/619/594
f 594/619/594 590/615/590 598/623/598
f 599/624/599 596/621/596 575/600/575
f 575/600/575 594/619/594 599/624/599
f 579/604/579 597/622/597 580/605/580
f 587/612/587 598/623/598 597/622/597
f 597/622/597 579/604/579 587/612/587
f 589/614/589 599/624/599 598/623/598
f 598/623/598 587/612/587 589/614/589
f 593/618/593 596/621/596 599/624/599
f 599/624/599 589/614/589 593/618/593
f 576/601/576 596/621/596 593/618/593
s 30
f 600/625/600 601/626/601 602/627/602
f 602/627/602 603/628/603 600/625/600
f 604/629/604 605/630/605 606/631/606
f 606/631/606 607/632/607 604/629/604
f 605/630/605 608/633/608 609/634/609
f 609/634/609 610/635/610 605/630/605
f 607/632/607 611/636/611 612/637/612
f 612/637/612 604/629/604 607/632/607
f 611/636/611 613/638/613 614/639/614
f 614/639/614 612/637/612 611/636/611
f 608/633/608 615/640/615 616/641/616
f 616/641/616 609/634/609 608/633/608
f 613/638/613 617/642/617 618/643/618
f 618/643/618 614/639/614 613/638/613
f 615/640/615 619/644/619 620/645/620
f 620/645/620 616/641/616 615/640/615
f 617/642/617 602/627/602 601/626/601
f 601/626/601 618/643/618 617/642/617
f 619/644/619 600/625/600 603/628/603
f 603/628/603 620/645/620 619/644/619
f 601/626/601 600/625/600 621/646/621
f 622/647/622 623/648/623 615/640/615
f 615/640/615 608/633/608 622/647/622
f 605/630/605 622/647/622 608/633/608
f 623/648/623 624/649/624 619/644/619
f 619/644/619 615/640/615 623/648/623
f 624/649/624 621/646/621 600/625/600
f 600/625/600 619/644/619 624/649/624
f 604/629/604 622/647/622 605/630/605
f 612/637/612 623/648/623 622/647/622
f 622/647/622 604/629/604 612/637/612
f 614/639/614 624/649/624 623/648/623
f 623/648/623 612/637/612 614/639/614
f 618/643/618 621/646/621 624/649/624
f 624/649/624 614/639/614 618/643/618
f 601/626/601 621/646/621 618/643/618
s 31
f 625/650/625 626/651/626 627/652/627
f 627/652/627 628/653/628 625/650/625
f 629/654/629 630/655/630 631/656/631
f 631/656/631 632/657/632 629/654/629
f 630/655/630 633/658/633 634/659/634
f 634/659/634 635/660/635 630/655/630
f 632/657/632 636/661/636 637/662/637
f 637/662/637 629/654/629 632/657/632
f 636/661/636 638/663/638 639/664/639
f 639/664/639 637/662/637 636/661/636
f 633/658/633 640/665/640 641/666/641
f 641/666/641 634/659/634 633/658/633
f 638/663/638 642/667/642 643/668/643
f 643/668/643 639/664/639 638/663/638
f 640/665/640 644/669/644 645/670/645
f 645/670/645 641/666/641 640/665/640
f 642/667/642 627/652/627 626/651/626
f 626/651/626 643/668/643 642/667/642
f 644/669/644 625/650/625 628/653/628
f 628/653/628 645/670/645 644/669/644
f 626/651/626 625/650/625 646/671/646
f 647/672/647 648/673/648 640/665/640
f 640/665/640 633/658/633 647/672/647
f 630/655/630 647/672/647 633/658/633
f 648/673/648 649/674/649 644/669/644
f 644/669/644 640/665/640 648/673/648
f 649/674/649 646/671/646 625/650/625
f 625/650/625 644/669/644 649/674/649
f 629/654/629 647/672/647 630/655/630
f 637/662/637 648/673/648 647/672/647
f 647/672/647 629/654/629 637/662/637
f 639/664/639 649/674/649 648/673/648
f 648/673/648 637/662/637 639/664/639
f 643/668/643 646/671/646 649/674/649
f 649/674/649 639/664/639 643/668/643
f 626/651/626 646/671/646 643/668/643
s 32
f 650/675/650 651/676/651 652/677/652
f 652/677/652 653/678/653 650/675/650
f 651/676/651 654/679/654 655/680/655
f 655/680/655 652/677/652 651/676/651
f 654/679/654 656/681/656 657/682/657
f 657/682/657 655/680/655 654/679/654
f 656/681/656 658/683/658 659/684/659
f 659/684/659 657/682/657 656/681/656
f 658/683/658 650/685/650 653/686/653
f 653/686/653 659/684/659 658/683/658
s 33
f 660/687/660 661/688/661 662/689/662
f 662/689/662 663/690/663 660/687/660
f 661/688/661 664/691/664 665/692/665
f 665/692/665 662/689/662 661/688/661
f 664/691/664 666/693/666 667/694/667
f 667/694/667 665/692/665 664/691/664
f 666/693/666 668/695/668 669/696/669
f 669/696/669 667/694/667 666/693/666
f 668/695/668 660/697/660 663/698/663
f 663/698/663 669/696/669 668/695/668
f 670/699/670 671/700/671 672/701/672
f 672/701/672 673/702/673 670/699/670
f 670/699/670 673/702/673 674/703/674
f 667/694/667 669/696/669 671/704/671
f 671/704/671 670/705/670 667/694/667
f 665/692/665 667/694/667 670/705/670
f 670/705/670 674/706/674 665/692/665
f 662/689/662 665/692/665 674/706/674
f 674/706/674 673/707/673 662/689/662
f 663/690/663 662/689/662 673/707/673
f 673/707/673 672/708/672 663/690/663
f 669/696/669 663/698/663 672/709/672
f 672/709/672 671/704/671 669/696/669
s 34
f 675/710/675 676/711/676 677/712/677
f 677/712/677 678/713/678 675/710/675
f 676/711/676 679/714/679 680/715/680
f 680/715/680 677/712/677 676/711/676
f 679/714/679 681/716/681 682/717/682
f 682/717/682 680/715/680 679/714/679
f 681/716/681 683/718/683 684/719/684
f 684/719/684 682/717/682 681/716/681
f 683/718/683 675/720/675 678/721/678
f 678/721/678 684/719/684 683/718/683
f 685/722/685 686/723/686 687/724/687
f 687/724/687 688/725/688 685/722/685
f 685/722/685 688/725/688 689/726/689
f 682/717/682 684/719/684 686/727/686
f 686/727/686 685/728/685 682/717/682
f 680/715/680 682/717/682 685/728/685
f 685/728/685 689/729/689 680/715/680
f 677/712/677 680/715/680 689/729/689
f 689/729/689 688/730/688 677/712/677
f 678/713/678 677/712/677 688/730/688
f 688/730/688 687/731/687 678/713/678
f 684/719/684 678/721/678 687/732/687
f 687/732/687 686/727/686 684/719/684
s 35
f 690/733/690 691/734/691 692/735/692
f 692/735/692 693/736/693 690/733/690
f 691/734/691 694/737/694 695/738/695
f 695/738/695 692/735/692 691/734/691
f 694/737/694 696/739/696 697/740/697
f 697/740/697 695/738/695 694/737/694
f 696/739/696 698/741/698 699/742/699
f 699/742/699 697/740/697 696/739/696
f 698/741/698 690/743/690 693/744/693
f 693/744/693 699/742/699 698/741/698
f 697/745/697 699/746/699 693/747/693
f 693/747/693 692/748/692 697/745/697
f 697/745/697 692/748/692 695/749/695
s 36
f 700/750/700 701/751/701 702/752/702
f 702/752/702 703/753/703 700/750/700
f 704/754/704 700/750/700 703/753/703
f 703/753/703 705/755/705 704/754/704
f 706/756/706 707/757/707 708/758/708
f 708/758/708 709/759/709 706/756/706
f 707/757/707 710/760/710 711/761/711
f 711/761/711 708/758/708 707/757/707
f 709/759/709 708/758/708 712/762/712
f 712/762/712 713/763/713 709/759/709
f 708/758/708 711/761/711 714/764/714
f 714/764/714 712/762/712 708/758/708
f 713/763/713 712/762/712 715/765/715
f 715/765/715 716/766/716 713/763/713
f 712/762/712 714/764/714 717/767/717
f 717/767/717 715/765/715 712/762/712
f 716/766/716 715/765/715 718/768/718
f 718/768/718 719/769/719 716/766/716
f 715/765/715 717/767/717 720/770/720
f 720/770/720 718/768/718 715/765/715
f 719/769/719 718/768/718 700/750/700
f 700/750/700 704/754/704 719/769/719
f 718/768/718 720/770/720 701/751/701
f 701/751/701 700/750/700 718/768/718
s 37
f 721/771/721 722/772/722 723/773/723
f 723/773/723 724/774/724 721/771/721
f 725/775/725 726/776/726 722/772/722
f 722/772/722 721/771/721 725/775/725
f 727/777/727 728/778/728 729/779/729
f 729/779/729 730/780/730 727/777/727
f 730/780/730 729/779/729 731/781/731
f 731/781/731 732/782/732 730/780/730
f 728/778/728 733/783/733 734/784/734
f 734/784/734 729/779/729 728/778/728
f 729/779/729 734/784/734 735/785/735
f 735/785/735 731/781/731 729/779/729
f 733/783/733 736/786/736 737/787/737
f 737/787/737 734/784/734 733/783/733
f 734/784/734 737/787/737 738/788/738
f 738/788/738 735/785/735 734/784/734
f 736/786/736 739/789/739 740/790/740
f 740/790/740 737/787/737 736/786/736
f 737/787/737 740/790/740 741/791/741
f 741/791/741 738/788/738 737/787/737
f 739/789/739 725/775/725 721/771/721
f 721/771/721 740/790/740 739/789/739
f 740/790/740 721/771/721 724/774/724
f 724/774/724 741/791/741 740/790/740
s 38
f 742/792/742 743/793/743 744/794/744
f 744/794/744 745/795/745 742/792/742
f 746/796/746 747/797/747 743/793/743
f 743/793/743 742/792/742 746/796/746
f 748/798/748 749/799/749 750/800/750
f 750/800/750 751/801/751 748/798/748
f 751/801/751 750/800/750 752/802/752
f 752/802/752 753/803/753 751/801/751
f 749/799/749 754/804/754 755/805/755
f 755/805/755 750/800/750 749/799/749
f 750/800/750 755/805/755 756/806/756
f 756/806/756 752/802/752 750/800/750
f 754/804/754 757/807/757 758/808/758
f 758/808/758 755/805/755 754/804/754
f 755/805/755 758/808/758 759/809/759
f 759/809/759 756/806/756 755/805/755
f 757/807/757 760/810/760 761/811/761
f 761/811/761 758/808/758 757/807/757
f 758/808/758 761/811/761 762/812/762
f 762/812/762 759/809/759 758/808/758
f 760/810/760 746/796/746 742/792/742
f 742/792/742 761/811/761 760/810/760
f 761/811/761 742/792/742 745/795/745
f 745/795/745 762/812/762 761/811/761
s 39
f 763/813/763 764/814/764 765/815/765
f 765/815/765 766/816/766 763/813/763
f 767/817/767 763/813/763 766/816/766
f 766/816/766 768/818/768 767/817/767
f 769/819/769 770/820/770 771/821/771
f 771/821/771 772/822/772 769/819/769
f 770/820/770 773/823/773 774/824/774
f 774/824/774 771/821/771 770/820/770
f 772/822/772 771/821/771 775/825/775
f 775/825/775 776/826/776 772/822/772
f 771/821/771 774/824/774 777/827/777
f 777/827/777 775/825/775 771/821/771
f 776/826/776 775/825/775 778/828/778
f 778/828/778 779/829/779 776/826/776
f 775/825/775 777/827/777 780/830/780
f 780/830/780 778/828/778 775/825/775
f 779/829/779 778/828/778 781/831/781
f 781/831/781 782/832/782 779/829/779
f 778/828/778 780/830/780 783/833/783
f 783/833/783 781/831/781 778/828/778
f 782/832/782 781/831/781 763/813/763
f 763/813/763 767/817/767 782/832/782
f 781/831/781 783/833/783 764/814/764
f 764/814/764 763/813/763 781/831/781
s 40
f 784/834/784 785/835/785 786/836/786
f 786/836/786 787/837/787 784/834/784
f 788/838/788 789/839/789 785/835/785
f 785/835/785 784/834/784 788/838/788
f 790/840/790 791/841/791 792/842/792
f 792/842/792 793/843/793 790/840/790
f 793/843/793 792/842/792 794/844/794
f 794/844/794 795/845/795 793/843/793
f 791/841/791 796/846/796 797/847/797
f 797/847/797 792/842/792 791/841/791
f 792/842/792 797/847/797 798/848/798
f 798/848/798 794/844/794 792/842/792
f 796/846/796 799/849/799 800/850/800
f 800/850/800 797/847/797 796/846/796
f 797/847/797 800/850/800 801/851/801
f 801/851/801 798/848/798 797/847/797
f 799/849/799 802/852/802 803/853/803
f 803/853/803 800/850/800 799/849/799
f 800/850/800 803/853/803 804/854/804
f 804/854/804 801/851/801 800/850/800
f 802/852/802 788/838/788 784/834/784
f 784/834/784 803/853/803 802/852/802
f 803/853/803 784/834/784 787/837/787
f 787/837/787 804/854/804 803/853/803
s 41
f 805/855/805 806/856/806 807/857/807
f 807/857/807 808/858/808 805/855/805
f 809/859/809 805/855/805 808/858/808
f 808/858/808 810/860/810 809/859/809
f 811/861/811 812/862/812 813/863/813
f 813/863/813 814/864/814 811/861/811
f 812/862/812 815/865/815 816/866/816
f 816/866/816 813/863/813 812/862/812
f 814/864/814 813/863/813 817/867/817
f 817/867/817 818/868/818 814/864/814
f 813/863/813 816/866/816 819/869/819
f 819/869/819 817/867/817 813/863/813
f 818/868/818 817/867/817 820/870/820
f 820/870/820 821/871/821 818/868/818
f 817/867/817 819/869/819 822/872/822
f 822/872/822 820/870/820 817/867/817
f 821/871/821 820/870/820 823/873/823
f 823/873/823 824/874/824 821/871/821
f 820/870/820 822/872/822 825/875/825
f 825/875/825 823/873/823 820/870/820
f 824/874/824 823/873/823 805/855/805
f 805/855/805 809/859/809 824/874/824
f 823/873/823 825/875/825 806/856/806
f 806/856/806 805/855/805 823/873/823
s 42
f 826/876/826 827/877/827 828/878/828
f 828/878/828 829/879/829 826/876/826
f 830/880/830 831/881/831 827/877/827
f 827/877/827 826/876/826 830/880/830
f 832/882/832 833/883/833 834/884/834
f 834/884/834 835/885/835 832/882/832
f 835/885/835 834/884/834 836/886/836
f 836/886/836 837/887/837 835/885/835
f 833/883/833 838/888/838 839/889/839
f 839/889/839 834/884/834 833/883/833
f 834/884/834 839/889/839 840/890/840
f 840/890/840 836/886/836 834/884/834
f 838/888/838 841/891/841 842/892/842
f 842/892/842 839/889/839 838/888/838
f 839/889/839 842/892/842 843/893/843
f 843/893/843 840/890/840 839/889/839
f 841/891/841 844/894/844 845/895/845
f 845/895/845 842/892/842 841/891/841
f 842/892/842 845/895/845 846/896/846
f 846/896/846 843/893/843 842/892/842
f 844/894/844 830/880/830 826/876/826
f 826/876/826 845/895/845 844/894/844
f 845/895/845 826/876/826 829/879/829
f 829/879/829 846/896/846 845/895/845
s 43
f 847/897/847 848/898/848 849/899/849
f 849/899/849 850/900/850 847/897/847
f 851/901/851 847/897/847 850/900/850
f 850/900/850 852/902/852 851/901/851
f 853/903/853 854/904/854 855/905/855
f 855/905/855 856/906/856 853/903/853
f 854/904/854 857/907/857 858/908/858
f 858/908/858 855/905/855 854/904/854
f 856/906/856 855/905/855 859/909/859
f 859/909/859 860/910/860 856/906/856
f 855/905/855 858/908/858 861/911/861
f 861/911/861 859/909/859 855/905/855
f 860/910/860 859/909/859 862/912/862
f 862/912/862 863/913/863 860/910/860
f 859/909/859 861/911/861 864/914/864
f 864/914/864 862/912/862 859/909/859
f 863/913/863 862/912/862 865/915/865
f 865/915/865 866/916/866 863/913/863
f 862/912/862 864/914/864 867/917/867
f 867/917/867 865/915/865 862/912/862
f 866/916/866 865/915/865 847/897/847
f 847/897/847 851/901/851 866/916/866
f 865/915/865 867/917/867 848/898/848
f 848/898/848 847/897/847 865/915/865
s 44
f 868/918/868 869/919/869 870/920/870
f 870/920/870 871/921/871 868/918/868
f 872/922/872 873/923/873 869/919/869
f 869/919/869 868/918/868 872/922/872
f 874/924/874 875/925/875 876/926/876
f 876/926/876 877/927/877 874/924/874
f 877/927/877 876/926/876 878/928/878
f 878/928/878 879/929/879 877/927/877
f 875/925/875 880/930/880 881/931/881
f 881/931/881 876/926/876 875/925/875
f 876/926/876 881/931/881 882/932/882
f 882/932/882 878/928/878 876/926/876
f 880/930/880 883/933/883 884/934/884
f 884/934/884 881/931/881 880/930/880
f 881/931/881 884/934/884 885/935/885
f 885/935/885 882/932/882 881/931/881
f 883/933/883 886/936/886 887/937/887
f 887/937/887 884/934/884 883/933/883
f 884/934/884 887/937/887 888/938/888
f 888/938/888 885/935/885 884/934/884
f 886/936/886 872/922/872 868/918/868
f 868/918/868 887/937/887 886/936/886
f 887/937/887 868/918/868 871/921/871
f 871/921/871 888/938/888 887/937/887
s 45
f 889/939/889 890/940/890 891/941/891
f 891/941/891 892/942/892 889/939/889
f 893/943/893 894/944/894 890/940/890
f 890/940/890 889/939/889 893/943/893
f 895/945/895 896/946/896 897/947/897
f 897/947/897 898/948/898 895/945/895
f 898/948/898 897/947/897 899/949/899
f 899/949/899 900/950/900 898/948/898
f 896/946/896 901/951/901 902/952/902
f 902/952/902 897/947/897 896/946/896
f 897/947/897 902/952/902 903/953/903
f 903/953/903 899/949/899 897/947/897
f 901/951/901 904/954/904 905/955/905
f 905/955/905 902/952/902 901/951/901
f 902/952/902 905/955/905 906/956/906
f 906/956/906 903/953/903 902/952/902
f 904/954/904 907/957/907 908/958/908
f 908/958/908 905/955/905 904/954/904
f 905/955/905 908/958/908 909/959/909
f 909/959/909 906/956/906 905/955/905
f 907/957/907 893/943/893 889/939/889
f 889/939/889 908/958/908 907/957/907
f 908/958/908 889/939/889 892/942/892
f 892/942/892 909/959/909 908/958/908
s 46
f 910/960/910 911/961/911 912/962/912
f 912/962/912 913/963/913 910/960/910
f 914/964/914 910/960/910 913/963/913
f 913/963/913 915/965/915 914/964/914
f 916/966/916 917/967/917 918/968/918
f 918/968/918 919/969/919 916/966/916
f 917/967/917 920/970/920 921/971/921
f 921/971/921 918/968/918 917/967/917
f 919/969/919 918/968/918 922/972/922
f 922/972/922 923/973/923 919/969/919
f 918/968/918 921/971/921 924/974/924
f 924/974/924 922/972/922 918/968/918
f 923/973/923 922/972/922 925/975/925
f 925/975/925 926/976/926 923/973/923
f 922/972/922 924/974/924 927/977/927
f 927/977/927 925/975/925 922/972/922
f 926/976/926 925/975/925 928/978/928
f 928/978/928 929/979/929 926/976/926
f 925/975/925 927/977/927 930/980/930
f 930/980/930 928/978/928 925/975/925
f 929/979/929 928/978/928 910/960/910
f 910/960/910 914/964/914 929/979/929
f 928/978/928 930/980/930 911/961/911
f 911/961/911 910/960/910 928/978/928
s 47
f 931/981/931 932/982/932 933/983/933
f 933/983/933 934/984/934 931/981/931
f 935/985/935 936/986/936 932/982/932
f 932/982/932 931/981/931 935/985/935
f 937/987/937 938/988/938 939/989/939
f 939/989/939 940/990/940 937/987/937
f 940/990/940 939/989/939 941/991/941
f 941/991/941 942/992/942 940/990/940
f 938/988/938 943/993/943 944/994/944
f 944/994/944 939/989/939 938/988/938
f 939/989/939 944/994/944 945/995/945
f 945/995/945 941/991/941 939/989/939
f 943/993/943 946/996/946 947/997/947
f 947/997/947 944/994/944 943/993/943
f 944/994/944 947/997/947 948/998/948
f 948/998/948 945/995/945 944/994/944
f 946/996/946 949/999/949 950/1000/950
f 950/1000/950 947/997/947 946/996/946
f 947/997/947 950/1000/950 951/1001/951
f 951/1001/951 948/998/948 947/997/947
f 949/999/949 935/985/935 931/981/931
f 931/981/931 950/1000/950 949/999/949
f 950/1000/950 931/981/931 934/984/934
f 934/984/934 951/1001/951 950/1000/950
s 48
f 952/1002/952 953/1003/953 954/1004/954
f 954/1004/954 955/1005/955 952/1002/952
f 956/1006/956 952/1002/952 955/1005/955
f 955/1005/955 957/1007/957 956/1006/956
f 958/1008/958 959/1009/959 960/1010/960
f 960/1010/960 961/1011/961 958/1008/958
f 959/1009/959 962/1012/962 963/1013/963
f 963/1013/963 960/1010/960 959/1009/959
f 961/1011/961 960/1010/960 964/1014/964
f 964/1014/964 965/1015/965 961/1011/961
f 960/1010/960 963/1013/963 966/1016/966
f 966/1016/966 964/1014/964 960/1010/960
f 965/1015/965 964/1014/964 967/1017/967
f 967/1017/967 968/1018/968 965/1015/965
f 964/1014/964 966/1016/966 969/1019/969
f 969/1019/969 967/1017/967 964/1014/964
f 968/1018/968 967/1017/967 970/1020/970
f 970/1020/970 971/1021/971 968/1018/968
f 967/1017/967 969/1019/969 972/1022/972
f 972/1022/972 970/1020/970 967/1017/967
f 971/1021/971 970/1020/970 952/1002/952
f 952/1002/952 956/1006/956 971/1021/971
f 970/1020/970 972/1022/972 953/1003/953
f 953/1003/953 952/1002/952 970/1020/970
s 49
f 973/1023/973 974/1024/974 975/1025/975
f 975/1025/975 976/1026/976 973/1023/973
f 977/1027/977 978/1028/978 974/1024/974
f 974/1024/974 973/1023/973 977/1027/977
f 979/1029/979 980/1030/980 981/1031/981
f 981/1031/981 982/1032/982 979/1029/979
f 982/1032/982 981/1031/981 983/1033/983
f 983/1033/983 984/1034/984 982/1032/982
f 980/1030/980 985/1035/985 986/1036/986
f 986/1036/986 981/1031/981 980/1030/980
f 981/1031/981 986/1036/986 987/1037/987
f 987/1037/987 983/1033/983 981/1031/981
f 985/1035/985 988/1038/988 989/1039/989
f 989/1039/989 986/1036/986 985/1035/985
f 986/1036/986 989/1039/989 990/1040/990
f 990/1040/990 987/1037/987 986/1036/986
f 988/1038/988 991/1041/991 992/1042/992
f 992/1042/992 989/1039/989 988/1038/988
f 989/1039/989 992/1042/992 993/1043/993
f 993/1043/993 990/1040/990 989/1039/989
f 991/1041/991 977/1027/977 973/1023/973
f 973/1023/973 992/1042/992 991/1041/991
f 992/1042/992 973/1023/973 976/1026/976
f 976/1026/976 993/1043/993 992/1042/992
s 50
f 994/1044/994 995/1045/995 996/1046/996
f 996/1046/996 997/1047/997 994/1044/994
f 998/1048/998 994/1044/994 997/1047/997
f 997/1047/997 999/1049/999 998/1048/998
f 1000/1050/1000 1001/1051/1001 1002/1052/1002
f 1002/1052/1002 1003/1053/1003 1000/1050/1000
f 1001/1051/1001 1004/1054/1004 1005/1055/1005
f 1005/1055/1005 1002/1052/1002 1001/1051/1001
f 1003/1053/1003 1002/1052/1002 1006/1056/1006
f 1006/1056/1006 1007/1057/1007 1003/1053/1003
f 1002/1052/1002 1005/1055/1005 1008/1058/1008
f 1008/1058/1008 1006/1056/1006 1002/1052/1002
f 1007/1057/1007 1006/1056/1006 1009/1059/1009
f 1009/1059/1009 1010/1060/1010 1007/1057/1007
f 1006/1056/1006 1008/1058/1008 1011/1061/1011
f 1011/1061/1011 1009/1059/1009 1006/1056/1006
f 1010/1060/1010 1009/1059/1009 1012/1062/1012
f 1012/1062/1012 1013/1063/1013 1010/1060/1010
f 1009/1059/1009 1011/1061/1011 1014/1064/1014
f 1014/1064/1014 1012/1062/1012 1009/1059/1009
f 1013/1063/1013 1012/1062/1012 994/1044/994
f 994/1044/994 998/1048/998 1013/1063/1013
f 1012/1062/1012 1014/1064/1014 995/1045/995
f 995/1045/995 994/1044/994 1012/1062/1012
s 51
f 1015/1065/1015 1016/1066/1016 1017/1067/1017
f 1017/1067/1017 1018/1068/1018 1015/1065/1015
f 1019/1069/1019 1020/1070/1020 1016/1066/1016
f 1016/1066/1016 1015/1065/1015 1019/1069/1019
f 1021/1071/1021 1022/1072/1022 1023/1073/1023
f 1023/1073/1023 1024/1074/1024 1021/1071/1021
f 1024/1074/1024 1023/1073/1023 1025/1075/1025
f 1025/1075/1025 1026/1076/1026 1024/1074/1024
f 1022/1072/1022 1027/1077/1027 1028/1078/1028
f 1028/1078/1028 1023/1073/1023 1022/1072/1022
f 1023/1073/1023 1028/1078/1028 1029/1079/1029
f 1029/1079/1029 1025/1075/1025 1023/1073/1023
f 1027/1077/1027 1030/1080/1030 1031/1081/1031
f 1031/1081/1031 1028/1078/1028 1027/1077/1027
f 1028/1078/1028 1031/1081/1031 1032/1082/1032
f 1032/1082/1032 1029/1079/1029 1028/1078/1028
f 1030/1080/1030 1033/1083/1033 1034/1084/1034
f 1034/1084/1034 1031/1081/1031 1030/1080/1030
f 1031/1081/1031 1034/1084/1034 1035/1085/1035
f 1035/1085/1035 1032/1082/1032 1031/1081/1031
f 1033/1083/1033 1019/1069/1019 1015/1065/1015
f 1015/1065/1015 1034/1084/1034 1033/1083/1033
f 1034/1084/1034 1015/1065/1015 1018/1068/1018
f 1018/1068/1018 1035/1085/1035 1034/1084/1034
s 52
f 1036/1086/1036 1037/1087/1037 1038/1088/1038
f 1038/1088/1038 1039/1089/1039 1036/1086/1036
f 1040/1090/1040 1036/1086/1036 1039/1089/1039
f 1039/1089/1039 1041/1091/1041 1040/1090/1040
f 1042/1092/1042 1043/1093/1043 1044/1094/1044
f 1044/1094/1044 1045/1095/1045 1042/1092/1042
f 1043/1093/1043 1046/1096/1046 1047/1097/1047
f 1047/1097/1047 1044/1094/1044 1043/1093/1043
f 1045/1095/1045 1044/1094/1044 1048/1098/1048
f 1048/1098/1048 1049/1099/1049 1045/1095/1045
f 1044/1094/1044 1047/1097/1047 1050/1100/1050
f 1050/1100/1050 1048/1098/1048 1044/1094/1044
f 1049/1099/1049 1048/1098/1048 1051/1101/1051
f 1051/1101/1051 1052/1102/1052 1049/1099/1049
f 1048/1098/1048 1050/1100/1050 1053/1103/1053
f 1053/1103/1053 1051/1101/1051 1048/1098/1048
f 1052/1102/1052 1051/1101/1051 1054/1104/1054
f 1054/1104/1054 1055/1105/1055 1052/1102/1052
f 1051/1101/1051 1053/1103/1053 1056/1106/1056
f 1056/1106/1056 1054/1104/1054 1051/1101/1051
f 1055/1105/1055 1054/1104/1054 1036/1086/1036
f 1036/1086/1036 1040/1090/1040 1055/1105/1055
f 1054/1104/1054 1056/1106/1056 1037/1087/1037
f 1037/1087/1037 1036/1086/1036 1054/1104/1054
s 53
f 1057/1107/1057 1058/1108/1058 1059/1109/1059
f 1059/1109/1059 1060/1110/1060 1057/1107/1057
f 1061/1111/1061 1062/1112/1062 1058/1108/1058
f 1058/1108/1058 1057/1107/1057 1061/1111/1061
f 1063/1113/1063 1064/1114/1064 1065/1115/1065
f 1065/1115/1065 1066/1116/1066 1063/1113/1063
f 1066/1116/1066 1065/1115/1065 1067/1117/1067
f 1067/1117/1067 1068/1118/1068 1066/1116/1066
f 1064/1114/1064 1069/1119/1069 1070/1120/1070
f 1070/1120/1070 1065/1115/1065 1064/1114/1064
f 1065/1115/1065 1070/1120/1070 1071/1121/1071
f 1071/1121/1071 1067/1117/1067 1065/1115/1065
f 1069/1119/1069 1072/1122/1072 1073/1123/1073
f 1073/1123/1073 1070/1120/1070 1069/1119/1069
f 1070/1120/1070 1073/1123/1073 1074/1124/1074
f 1074/1124/1074 1071/1121/1071 1070/1120/1070
f 1072/1122/1072 1075/1125/1075 1076/1126/1076
f 1076/1126/1076 1073/1123/1073 1072/1122/1072
f 1073/1123/1073 1076/1126/1076 1077/1127/1077
f 1077/1127/1077 1074/1124/1074 1073/1123/1073
f 1075/1125/1075 1061/1111/1061 1057/1107/1057
f 1057/1107/1057 1076/1126/1076 1075/1125/1075
f 1076/1126/1076 1057/1107/1057 1060/1110/1060
f 1060/1110/1060 1077/1127/1077 1076/1126/1076
s 54
f 1078/1128/1078 1079/1129/1079 1080/1130/1080
f 1080/1130/1080 1081/1131/1081 1078/1128/1078
f 1082/1132/1082 1078/1128/1078 1081/1131/1081
f 1081/1131/1081 1083/1133/1083 1082/1132/1082
f 1084/1134/1084 1085/1135/1085 1086/1136/1086
f 1086/1136/1086 1087/1137/1087 1084/1134/1084
f 1085/1135/1085 1088/1138/1088 1089/1139/1089
f 1089/1139/1089 1086/1136/1086 1085/1135/1085
f 1087/1137/1087 1086/1136/1086 1090/1140/1090
f 1090/1140/1090 1091/1141/1091 1087/1137/1087
f 1086/1136/1086 1089/1139/1089 1092/1142/1092
f 1092/1142/1092 1090/1140/1090 1086/1136/1086
f 1091/1141/1091 1090/1140/1090 1093/1143/1093
f 1093/1143/1093 1094/1144/1094 1091/1141/1091
f 1090/1140/1090 1092/1142/1092 1095/1145/1095
f 1095/1145/1095 1093/1143/1093 1090/1140/1090
f 1094/1144/1094 1093/1143/1093 1096/1146/1096
f 1096/1146/1096 1097/1147/1097 1094/1144/1094
f 1093/1143/1093 1095/1145/1095 1098/1148/1098
f 1098/1148/1098 1096/1146/1096 1093/1143/1093
f 1097/1147/1097 1096/1146/1096 1078/1128/1078
f 1078/1128/1078 1082/1132/1082 1097/1147/1097
f 1096/1146/1096 1098/1148/1098 1079/1129/1079
f 1079/1129/1079 1078/1128/1078 1096/1146/1096
s 55
f 1099/1149/1099 1100/1150/1100 1101/1151/1101
f 1101/1151/1101 1102/1152/1102 1099/1149/1099
f 1103/1153/1103 1104/1154/1104 1100/1150/1100
f 1100/1150/1100 1099/1149/1099 1103/1153/1103
f 1105/1155/1105 1106/1156/1106 1107/1157/1107
f 1107/1157/1107 1108/1158/1108 1105/1155/1105
f 1108/1158/1108 1107/1157/1107 1109/1159/1109
f 1109/1159/1109 1110/1160/1110 1108/1158/1108
f 1106/1156/1106 1111/1161/1111 1112/1162/1112
f 1112/1162/1112 1107/1157/1107 1106/1156/1106
f 1107/1157/1107 1112/1162/1112 1113/1163/1113
f 1113/1163/1113 1109/1159/1109 1107/1157/1107
f 1111/1161/1111 1114/1164/1114 1115/1165/1115
f 1115/1165/1115 1112/1162/1112 1111/1161/1111
f 1112/1162/1112 1115/1165/1115 1116/1166/1116
f 1116/1166/1116 1113/1163/1113 1112/1162/1112
f 1114/1164/1114 1117/1167/1117 1118/1168/1118
f 1118/1168/1118 1115/1165/1115 1114/1164/1114
f 1115/1165/1115 1118/1168/1118 1119/1169/1119
f 1119/1169/1119 1116/1166/1116 1115/1165/1115
f 1117/1167/1117 1103/1153/1103 1099/1149/1099
f 1099/1149/1099 1118/1168/1118 1117/1167/1117
f 1118/1168/1118 1099/1149/1099 1102/1152/1102
f 1102/1152/1102 1119/1169/1119 1118/1168/1118
s 56
f 1120/1170/1120 1121/1171/1121 1122/1172/1122
f 1122/1172/1122 1123/1173/1123 1120/1170/1120
f 1124/1174/1124 1120/1170/1120 1123/1173/1123
f 1123/1173/1123 1125/1175/1125 1124/1174/1124
f 1126/1176/1126 1127/1177/1127 1128/1178/1128
f 1128/1178/1128 1129/1179/1129 1126/1176/1126
f 1127/1177/1127 1130/1180/1130 1131/1181/1131
f 1131/1181/1131 1128/1178/1128 1127/1177/1127
f 1129/1179/1129 1128/1178/1128 1132/1182/1132
f 1132/1182/1132 1133/1183/1133 1129/1179/1129
f 1128/1178/1128 1131/1181/1131 1134/1184/1134
f 1134/1184/1134 1132/1182/1132 1128/1178/1128
f 1133/1183/1133 1132/1182/1132 1135/1185/1135
f 1135/1185/1135 1136/1186/1136 1133/1183/1133
f 1132/1182/1132 1134/1184/1134 1137/1187/1137
f 1137/1187/1137 1135/1185/1135 1132/1182/1132
f 1136/1186/1136 1135/1185/1135 1138/1188/1138
f 1138/1188/1138 1139/1189/1139 1136/1186/1136
f 1135/1185/1135 1137/1187/1137 1140/1190/1140
f 1140/1190/1140 1138/1188/1138 1135/1185/1135
f 1139/1189/1139 1138/1188/1138 1120/1170/1120
f 1120/1170/1120 1124/1174/1124 1139/1189/1139
f 1138/1188/1138 1140/1190/1140 1121/1171/1121
f 1121/1171/1121 1120/1170/1120 1138/1188/1138
s 57
f 1141/1191/1141 1142/1192/1142 1143/1193/1143
f 1143/1193/1143 1144/1194/1144 1141/1191/1141
f 1145/1195/1145 1146/1196/1146 1147/1197/1147
f 1147/1197/1147 1148/1198/1148 1145/1195/1145
f 1146/1196/1146 1149/1199/1149 1150/1200/1150
f 1150/1200/1150 1151/1201/1151 1146/1196/1146
f 1148/1198/1148 1152/1202/1152 1153/1203/1153
f 1153/1203/1153 1145/1195/1145 1148/1198/1148
f 1152/1202/1152 1154/1204/1154 1155/1205/1155
f 1155/1205/1155 1153/1203/1153 1152/1202/1152
f 1149/1199/1149 1156/1206/1156 1157/1207/1157
f 1157/1207/1157 1150/1200/1150 1149/1199/1149
f 1154/1204/1154 1158/1208/1158 1159/1209/1159
f 1159/1209/1159 1155/1205/1155 1154/1204/1154
f 1156/1206/1156 1160/1210/1160 1161/1211/1161
f 1161/1211/1161 1157/1207/1157 1156/1206/1156
f 1158/1208/1158 1143/1193/1143 1142/1192/1142
f 1142/1192/1142 1159/1209/1159 1158/1208/1158
f 1160/1210/1160 1141/1191/1141 1144/1194/1144
f 1144/1194/1144 1161/1211/1161 1160/1210/1160
f 1142/1192/1142 1141/1191/1141 1162/1212/1162
f 1163/1213/1163 1164/1214/1164 1156/1206/1156
f 1156/1206/1156 1149/1199/1149 1163/1213/1163
f 1146/1196/1146 1163/1213/1163 1149/1199/1149
f 1164/1214/1164 1165/1215/1165 1160/1210/1160
f 1160/1210/1160 1156/1206/1156 1164/1214/1164
f 1165/1215/1165 1162/1212/1162 1141/1191/1141
f 1141/1191/1141 1160/1210/1160 1165/1215/1165
f 1145/1195/1145 1163/1213/1163 1146/1196/1146
f 1153/1203/1153 1164/1214/1164 1163/1213/1163
f 1163/1213/1163 1145/1195/1145 1153/1203/1153
f 1155/1205/1155 1165/1215/1165 1164/1214/1164
f 1164/1214/1164 1153/1203/1153 1155/1205/1155
f 1159/1209/1159 1162/1212/1162 1165/1215/1165
f 1165/1215/1165 1155/1205/1155 1159/1209/1159
f 1142/1192/1142 1162/1212/1162 1159/1209/1159
s 58
f 1166/1216/1166 1167/1217/1167 1168/1218/1168
f 1168/1218/1168 1169/1219/1169 1166/1216/1166
f 1170/1220/1170 1171/1221/1171 1172/1222/1172
f 1172/1222/1172 1173/1223/1173 1170/1220/1170
f 1171/1221/1171 1174/1224/1174 1175/1225/1175
f 1175/1225/1175 1176/1226/1176 1171/1221/1171
f 1173/1223/1173 1177/1227/1177 1178/1228/1178
f 1178/1228/1178 1170/1220/1170 1173/1223/1173
f 1177/1227/1177 1179/1229/1179 1180/1230/1180
f 1180/1230/1180 1178/1228/1178 1177/1227/1177
f 1174/1224/1174 1181/1231/1181 1182/1232/1182
f 1182/1232/1182 1175/1225/1175 1174/1224/1174
f 1179/1229/1179 1183/1233/1183 1184/1234/1184
f 1184/1234/1184 1180/1230/1180 1179/1229/1179
f 1181/1231/1181 1185/1235/1185 1186/1236/1186
f 1186/1236/1186 1182/1232/1182 1181/1231/1181
f 1183/1233/1183 1168/1218/1168 1167/1217/1167
f 1167/1217/1167 1184/1234/1184 1183/1233/1183
f 1185/1235/1185 1166/1216/1166 1169/1219/1169
f 1169/1219/1169 1186/1236/1186 1185/1235/1185
f 1167/1217/1167 1166/1216/1166 1187/1237/1187
f 1188/1238/1188 1189/1239/1189 1181/1231/1181
f 1181/1231/1181 1174/1224/1174 1188/1238/1188
f 1171/1221/1171 1188/1238/1188 1174/1224/1174
f 1189/1239/1189 1190/1240/1190 1185/1235/1185
f 1185/1235/1185 1181/1231/1181 1189/1239/1189
f 1190/1240/1190 1187/1237/1187 1166/1216/1166
f 1166/1216/1166 1185/1235/1185 1190/1240/1190
f 1170/1220/1170 1188/1238/1188 1171/1221/1171
f 1178/1228/1178 1189/1239/1189 1188/1238/1188
f 1188/1238/1188 1170/1220/1170 1178/1228/1178
f 1180/1230/1180 1190/1240/1190 1189/1239/1189
f 1189/1239/1189 1178/1228/1178 1180/1230/1180
f 1184/1234/1184 1187/1237/1187 1190/1240/1190
f 1190/1240/1190 1180/1230/1180 1184/1234/1184
f 1167/1217/1167 1187/1237/1187 1184/1234/1184
s 59
f 1191/1241/1191 1192/1242/1192 1193/1243/1193
f 1193/1243/1193 1194/1244/1194 1191/1241/1191
f 1195/1245/1195 1196/1246/1196 1197/1247/1197
f 1197/1247/1197 1198/1248/1198 1195/1245/1195
f 1196/1246/1196 1199/1249/1199 1200/1250/1200
f 1200/1250/1200 1201/1251/1201 1196/1246/1196
f 1198/1248/1198 1202/1252/1202 1203/1253/1203
f 1203/1253/1203 1195/1245/1195 1198/1248/1198
f 1202/1252/1202 1204/1254/1204 1205/1255/1205
f 1205/1255/1205 1203/1253/1203 1202/1252/1202
f 1199/1249/1199 1206/1256/1206 1207/1257/1207
f 1207/1257/1207 1200/1250/1200 1199/1249/1199
f 1204/1254/1204 1208/1258/1208 1209/1259/1209
f 1209/1259/1209 1205/1255/1205 1204/1254/1204
f 1206/1256/1206 1210/1260/1210 1211/1261/1211
f 1211/1261/1211 1207/1257/1207 1206/1256/1206
f 1208/1258/1208 1193/1243/1193 1192/1242/1192
f 1192/1242/1192 1209/1259/1209 1208/1258/1208
f 1210/1260/1210 1191/1241/1191 1194/1244/1194
f 1194/1244/1194 1211/1261/1211 1210/1260/1210
f 1192/1242/1192 1191/1241/1191 1212/1262/1212
f 1213/1263/1213 1214/1264/1214 1206/1256/1206
f 1206/1256/1206 1199/1249/1199 1213/1263/1213
f 1196/1246/1196 1213/1263/1213 1199/1249/1199
f 1214/1264/1214 1215/1265/1215 1210/1260/1210
f 1210/1260/1210 1206/1256/1206 1214/1264/1214
f 1215/1265/1215 1212/1262/1212 1191/1241/1191
f 1191/1241/1191 1210/1260/1210 1215/1265/1215
f 1195/1245/1195 1213/1263/1213 1196/1246/1196
f 1203/1253/1203 1214/1264/1214 1213/1263/1213
f 1213/1263/1213 1195/1245/1195 1203/1253/1203
f 1205/1255/1205 1215/1265/1215 1214/1264/1214
f 1214/1264/1214 1203/1253/1203 1205/1255/1205
f 1209/1259/1209 1212/1262/1212 1215/1265/1215
f 1215/1265/1215 1205/1255/1205 1209/1259/1209
f 1192/1242/1192 1212/1262/1212 1209/1259/1209
s 60
f 1216/1266/1216 1217/1267/1217 1218/1268/1218
f 1218/1268/1218 1219/1269/1219 1216/1266/1216
f 1220/1270/1220 1221/1271/1221 1222/1272/1222
f 1222/1272/1222 1223/1273/1223 1220/1270/1220
f 1221/1271/1221 1224/1274/1224 1225/1275/1225
f 1225/1275/1225 1226/1276/1226 1221/1271/1221
f 1223/1273/1223 1227/1277/1227 1228/1278/1228
f 1228/1278/1228 1220/1270/1220 1223/1273/1223
f 1227/1277/1227 1229/1279/1229 1230/1280/1230
f 1230/1280/1230 1228/1278/1228 1227/1277/1227
f 1224/1274/1224 1231/1281/1231 1232/1282/1232
f 1232/1282/1232 1225/1275/1225 1224/1274/1224
f 1229/1279/1229 1233/1283/1233 1234/1284/1234
f 1234/1284/1234 1230/1280/1230 1229/1279/1229
f 1231/1281/1231 1235/1285/1235 1236/1286/1236
f 1236/1286/1236 1232/1282/1232 1231/1281/1231
f 1233/1283/1233 1218/1268/1218 1217/1267/1217
f 1217/1267/1217 1234/1284/1234 1233/1283/1233
f 1235/1285/1235 1216/1266/1216 1219/1269/1219
f 1219/1269/1219 1236/1286/1236 1235/1285/1235
f 1217/1267/1217 1216/1266/1216 1237/1287/1237
f 1238/1288/1238 1239/1289/1239 1231/1281/1231
f 1231/1281/1231 1224/1274/1224 1238/1288/1238
f 1221/1271/1221 1238/1288/1238 1224/1274/1224
f 1239/1289/1239 1240/1290/1240 1235/1285/1235
f 1235/1285/1235 1231/1281/1231 1239/1289/1239
f 1240/1290/1240 1237/1287/1237 1216/1266/1216
f 1216/1266/1216 1235/1285/1235 1240/1290/1240
f 1220/1270/1220 1238/1288/1238 1221/1271/1221
f 1228/1278/1228 1239/1289/1239 1238/1288/1238
f 1238/1288/1238 1220/1270/1220 1228/1278/1228
f 1230/1280/1230 1240/1290/1240 1239/1289/1239
f 1239/1289/1239 1228/1278/1228 1230/1280/1230
f 1234/1284/1234 1237/1287/1237 1240/1290/1240
f 1240/1290/1240 1230/1280/1230 1234/1284/1234
f 1217/1267/1217 1237/1287/1237 1234/1284/1234
s 61
f 1241/1291/1241 1242/1292/1242 1243/1293/1243
f 1243/1293/1243 1244/1294/1244 1241/1291/1241
f 1242/1292/1242 1245/1295/1245 1246/1296/1246
f 1246/1296/1246 1243/1293/1243 1242/1292/1242
f 1245/1295/1245 1247/1297/1247 1248/1298/1248
f 1248/1298/1248 1246/1296/1246 1245/1295/1245
f 1247/1297/1247 1249/1299/1249 1250/1300/1250
f 1250/1300/1250 1248/1298/1248 1247/1297/1247
f 1249/1299/1249 1241/1301/1241 1244/1302/1244
f 1244/1302/1244 1250/1300/1250 1249/1299/1249
s 62
f 1251/1303/1251 1252/1304/1252 1253/1305/1253
f 1253/1305/1253 1254/1306/1254 1251/1303/1251
f 1252/1304/1252 1255/1307/1255 1256/1308/1256
f 1256/1308/1256 1253/1305/1253 1252/1304/1252
f 1255/1307/1255 1257/1309/1257 1258/1310/1258
f 1258/1310/1258 1256/1308/1256 1255/1307/1255
f 1257/1309/1257 1259/1311/1259 1260/1312/1260
f 1260/1312/1260 1258/1310/1258 1257/1309/1257
f 1259/1311/1259 1251/1313/1251 1254/1314/1254
f 1254/1314/1254 1260/1312/1260 1259/1311/1259
f 1261/1315/1261 1262/1316/1262 1263/1317/1263
f 1263/1317/1263 1264/1318/1264 1261/1315/1261
f 1261/1315/1261 1264/1318/1264 1265/1319/1265
f 1258/1310/1258 1260/1312/1260 1262/1320/1262
f 1262/1320/1262 1261/1321/1261 1258/1310/1258
f 1256/1308/1256 1258/1310/1258 1261/1321/1261
f 1261/1321/1261 1265/1322/1265 1256/1308/1256
f 1253/1305/1253 1256/1308/1256 1265/1322/1265
f 1265/1322/1265 1264/1323/1264 1253/1305/1253
f 1254/1306/1254 1253/1305/1253 1264/1323/1264
f 1264/1323/1264 1263/1324/1263 1254/1306/1254
f 1260/1312/1260 1254/1314/1254 1263/1325/1263
f 1263/1325/1263 1262/1320/1262 1260/1312/1260
s 63
f 1266/1326/1266 1267/1327/1267 1268/1328/1268
f 1268/1328/1268 1269/1329/1269 1266/1326/1266
f 1267/1327/1267 1270/1330/1270 1271/1331/1271
f 1271/1331/1271 1268/1328/1268 1267/1327/1267
f 1270/1330/1270 1272/1332/1272 1273/1333/1273
f 1273/1333/1273 1271/1331/1271 1270/1330/1270
f 1272/1332/1272 1274/1334/1274 1275/1335/1275
f 1275/1335/1275 1273/1333/1273 1272/1332/1272
f 1274/1334/1274 1266/1336/1266 1269/1337/1269
f 1269/1337/1269 1275/1335/1275 1274/1334/1274
f 1276/1338/1276 1277/1339/1277 1278/1340/1278
f 1278/1340/1278 1279/1341/1279 1276/1338/1276
f 1276/1338/1276 1279/1341/1279 1280/1342/1280
f 1273/1333/1273 1275/1335/1275 1277/1343/1277
f 1277/1343/1277 1276/1344/1276 1273/1333/1273
f 1271/1331/1271 1273/1333/1273 1276/1344/1276
f 1276/1344/1276 1280/1345/1280 1271/1331/1271
f 1268/1328/1268 1271/1331/1271 1280/1345/1280
f 1280/1345/1280 1279/1346/1279 1268/1328/1268
f 1269/1329/1269 1268/1328/1268 1279/1346/1279
f 1279/1346/1279 1278/1347/1278 1269/1329/1269
f 1275/1335/1275 1269/1337/1269 1278/1348/1278
f 1278/1348/1278 1277/1343/1277 1275/1335/1275
s 64
f 1281/1349/1281 1282/1350/1282 1283/1351/1283
f 1283/1351/1283 1284/1352/1284 1281/1349/1281
f 1282/1350/1282 1285/1353/1285 1286/1354/1286
f 1286/1354/1286 1283/1351/1283 1282/1350/1282
f 1285/1353/1285 1287/1355/1287 1288/1356/1288
f 1288/1356/1288 1286/1354/1286 1285/1353/1285
f 1287/1355/1287 1289/1357/1289 1290/1358/1290
f 1290/1358/1290 1288/1356/1288 1287/1355/1287
f 1289/1357/1289 1281/1359/1281 1284/1360/1284
f 1284/1360/1284 1290/1358/1290 1289/1357/1289
f 1288/1361/1288 1290/1362/1290 1284/1363/1284
f 1284/1363/1284 1283/1364/1283 1288/1361/1288
f 1288/1361/1288 1283/1364/1283 1286/1365/1286
s 65
f 1291/1366/1291 1292/1367/1292 1293/1368/1293
f 1293/1368/1293 1294/1369/1294 1291/1366/1291
f 1295/1370/1295 1291/1366/1291 1294/1369/1294
f 1294/1369/1294 1296/1371/1296 1295/1370/1295
f 1297/1372/1297 1298/1373/1298 1299/1374/1299
f 1299/1374/1299 1300/1375/1300 1297/1372/1297
f 1298/1373/1298 1301/1376/1301 1302/1377/1302
f 1302/1377/1302 1299/1374/1299 1298/1373/1298
f 1300/1375/1300 1299/1374/1299 1303/1378/1303
f 1303/1378/1303 1304/1379/1304 1300/1375/1300
f 1299/1374/1299 1302/1377/1302 1305/1380/1305
f 1305/1380/1305 1303/1378/1303 1299/1374/1299
f 1304/1379/1304 1303/1378/1303 1306/1381/1306
f 1306/1381/1306 1307/1382/1307 1304/1379/1304
f 1303/1378/1303 1305/1380/1305 1308/1383/1308
f 1308/1383/1308 1306/1381/1306 1303/1378/1303
f 1307/1382/1307 1306/1381/1306 1309/1384/1309
f 1309/1384/1309 1310/1385/1310 1307/1382/1307
f 1306/1381/1306 1308/1383/1308 1311/1386/1311
f 1311/1386/1311 1309/1384/1309 1306/1381/1306
f 1310/1385/1310 1309/1384/1309 1291/1366/1291
f 1291/1366/1291 1295/1370/1295 1310/1385/1310
f 1309/1384/1309 1311/1386/1311 1292/1367/1292
f 1292/1367/1292 1291/1366/1291 1309/1384/1309
s 66
f 1312/1387/1312 1313/1388/1313 1314/1389/1314
f 1314/1389/1314 1315/1390/1315 1312/1387/1312
f 1316/1391/1316 1317/1392/1317 1313/1388/1313
f 1313/1388/1313 1312/1387/1312 1316/1391/1316
f 1318/1393/1318 1319/1394/1319 1320/1395/1320
f 1320/1395/1320 1321/1396/1321 1318/1393/1318
f 1321/1396/1321 1320/1395/1320 1322/1397/1322
f 1322/1397/1322 1323/1398/1323 1321/1396/1321
f 1319/1394/1319 1324/1399/1324 1325/1400/1325
f 1325/1400/1325 1320/1395/1320 1319/1394/1319
f 1320/1395/1320 1325/1400/1325 1326/1401/1326
f 1326/1401/1326 1322/1397/1322 1320/1395/1320
f 1324/1399/1324 1327/1402/1327 1328/1403/1328
f 1328/1403/1328 1325/1400/1325 1324/1399/1324
f 1325/1400/1325 1328/1403/1328 1329/1404/1329
f 1329/1404/1329 1326/1401/1326 1325/1400/1325
f 1327/1402/1327 1330/1405/1330 1331/1406/1331
f 1331/1406/1331 1328/1403/1328 1327/1402/1327
f 1328/1403/1328 1331/1406/1331 1332/1407/1332
f 1332/1407/1332 1329/1404/1329 1328/1403/1328
f 1330/1405/1330 1316/1391/1316 1312/1387/1312
f 1312/1387/1312 1331/1406/1331 1330/1405/1330
f 1331/1406/1331 1312/1387/1312 1315/1390/1315
f 1315/1390/1315 1332/1407/1332 1331/1406/1331
