# Blender v3.3.0 OBJ File: ''
# www.blender.org
o WatermelonStage05.005
v 0.100285 0.046614 0.105586
v 0.101871 0.044172 0.104855
v 0.104077 0.045466 0.105999
v 0.102490 0.047906 0.106726
v 0.071717 0.141093 0.055310
v 0.090418 0.099541 0.036653
v 0.089941 0.101161 0.040798
v 0.072495 0.141954 0.059179
v 0.074983 0.143494 0.052996
v 0.093951 0.101091 0.035854
v 0.093474 0.102709 0.040011
v 0.075761 0.144422 0.056889
v 0.107908 0.058079 0.082119
v 0.105914 0.060515 0.083523
v 0.104078 0.075301 0.056047
v 0.106516 0.073566 0.053291
v 0.109150 0.074435 0.055320
v 0.110330 0.059465 0.083535
v 0.106712 0.076165 0.058068
v 0.108336 0.061898 0.084934
v 0.000021 0.166200 0.091624
v 0.041069 0.162059 0.079671
v 0.041924 0.162146 0.083752
v -0.001874 0.167666 0.096145
v 0.000450 0.171927 0.092069
v 0.044498 0.165694 0.077528
v 0.045352 0.165834 0.081628
v -0.000440 0.172630 0.097205
v -0.000899 0.167261 0.092683
v -0.015353 0.157663 0.111310
v -0.017434 0.162381 0.111029
v -0.004468 0.170994 0.094306
v 0.001458 0.168275 0.095239
v -0.011872 0.159353 0.113758
v -0.013952 0.164078 0.113445
v -0.000441 0.172630 0.097205
v -0.024194 0.146331 0.122555
v -0.027690 0.148508 0.123828
v -0.021878 0.146657 0.125289
v -0.025371 0.148818 0.126593
v 0.002151 0.165894 0.093023
v 0.034868 0.175408 0.100165
v 0.033596 0.176031 0.103904
v 0.000090 0.167036 0.096467
v 0.001597 0.172036 0.092598
v 0.036043 0.180325 0.098910
v 0.034771 0.180976 0.102658
v -0.000440 0.172630 0.097205
v -0.044767 0.158680 0.077540
v -0.087512 0.123062 0.066764
v -0.090523 0.124517 0.063923
v -0.047759 0.160923 0.073585
v -0.048336 0.158681 0.079148
v -0.089593 0.123428 0.069365
v -0.092618 0.124866 0.066496
v -0.051350 0.160873 0.075147
v -0.013151 0.176670 0.092588
v -0.009883 0.180666 0.093430
v 0.001268 0.171944 0.092279
v -0.000085 0.166425 0.091574
v -0.000008 0.167081 0.096532
v -0.013142 0.176285 0.097289
v -0.000441 0.172630 0.097205
v -0.010006 0.180162 0.098113
v -0.022361 0.182110 0.087990
v -0.033142 0.176027 0.083110
v -0.033438 0.180425 0.080050
v -0.021230 0.186909 0.087057
v -0.024503 0.182912 0.090914
v -0.036497 0.176985 0.084024
v -0.036793 0.181356 0.080894
v -0.023372 0.187719 0.089955
v -0.107575 0.098200 0.062192
v -0.108520 0.100700 0.059471
v -0.108728 0.100039 0.065011
v -0.109688 0.102513 0.062259
v 0.000000 -0.015962 0.000902
v 0.000000 0.003578 -0.007196
v 0.010912 0.002750 0.004545
v -0.010912 0.002557 0.004490
v 0.000000 0.001631 0.015817
v 0.004828 0.111132 0.069359
v 0.002182 0.148402 0.084689
v 0.006061 0.146718 0.087220
v 0.008968 0.109358 0.071900
v 0.000688 0.109301 0.072293
v -0.001685 0.146773 0.087456
v 0.002194 0.145119 0.090017
v 0.004828 0.107564 0.074866
v 0.000000 0.013229 -0.001319
v 0.007160 0.012721 0.006723
v -0.007160 0.012416 0.006402
v 0.000000 0.011866 0.014183
v -0.000463 0.168801 0.091150
v -0.003109 0.172333 0.084048
v 0.000247 0.175352 0.085435
v 0.003154 0.170593 0.094299
v -0.004058 0.170823 0.094184
v -0.006431 0.176106 0.084327
v -0.003075 0.179207 0.085509
v -0.000441 0.172630 0.097205
v -0.033362 0.121091 0.130624
v -0.036983 0.123220 0.131588
v -0.032036 0.120069 0.133808
v -0.035666 0.122173 0.134795
v -0.033362 0.095702 0.124495
v -0.036983 0.097831 0.125459
v -0.032036 0.094680 0.127679
v -0.035666 0.096783 0.128666
v -0.040969 0.084469 0.125311
v -0.044591 0.086598 0.126276
v -0.039644 0.083448 0.128496
v -0.043274 0.085551 0.129482
v -0.063809 0.074748 0.144654
v -0.065471 0.078559 0.143515
v -0.061611 0.075502 0.147400
v -0.063278 0.079320 0.146295
v -0.075045 0.079060 0.156568
v -0.076525 0.082552 0.154521
v -0.072140 0.080217 0.158348
v -0.073617 0.083727 0.156330
v -0.122280 0.097725 0.062521
v -0.122080 0.100390 0.059799
v -0.122547 0.099879 0.065339
v -0.122372 0.102527 0.062587
v 0.058411 0.168844 0.100803
v 0.060493 0.169318 0.104183
v 0.059375 0.173481 0.098634
v 0.061471 0.173981 0.102017
v 0.071325 0.146511 0.091217
v 0.073859 0.145719 0.094206
v 0.074200 0.150028 0.088667
v 0.076760 0.149251 0.091656
v 0.097480 0.120935 0.073462
v 0.099154 0.120454 0.077061
v 0.100917 0.124289 0.071443
v 0.102616 0.123824 0.075047
v 0.120562 0.113149 0.066979
v 0.121571 0.111646 0.070544
v 0.124371 0.116672 0.066510
v 0.125403 0.115181 0.070087
v -0.004681 0.168083 0.077872
v -0.001325 0.171555 0.074220
v -0.008002 0.172002 0.074639
v -0.004646 0.174174 0.072128
v -0.004681 0.114943 0.061999
v -0.001325 0.117278 0.059637
v -0.008002 0.116495 0.058550
v -0.004646 0.118667 0.056039
v 0.016216 0.073795 0.024654
v 0.019572 0.076130 0.022292
v 0.012895 0.075347 0.021204
v 0.016251 0.077518 0.018694
v 0.045317 0.053900 -0.034948
v 0.046563 0.057987 -0.032938
v 0.041519 0.056318 -0.037199
v 0.042851 0.060466 -0.035383
v 0.094348 0.046806 -0.083669
v 0.095594 0.050892 -0.081659
v 0.090550 0.049224 -0.085921
v 0.091882 0.053372 -0.084104
v -0.032942 0.100581 0.212322
v -0.001190 0.106745 0.199607
v -0.006037 0.095815 0.169777
v -0.043014 0.085985 0.188918
v -0.024405 0.108466 0.224522
v -0.006477 0.111411 0.221480
v -0.014567 0.113436 0.229732
v -0.026172 0.091759 0.145564
v -0.051078 0.085577 0.163459
v -0.049761 0.080740 0.133391
v -0.059816 0.077982 0.143876
v -0.032880 0.100363 0.212370
v -0.042950 0.085761 0.188959
v -0.005967 0.095600 0.169796
v -0.001128 0.106495 0.199654
v -0.024345 0.108244 0.224574
v -0.006417 0.111191 0.221536
v -0.014508 0.113212 0.229788
v -0.051013 0.085365 0.163497
v -0.026107 0.091549 0.145597
v -0.059751 0.077772 0.143910
v -0.049695 0.080531 0.133421
v -0.131319 0.071013 0.105360
v -0.115163 0.076349 0.074177
v -0.085009 0.086764 0.086790
v -0.108065 0.079400 0.121589
v -0.142902 0.067584 0.093720
v -0.137386 0.070191 0.075462
v -0.147062 0.066522 0.082163
v -0.062238 0.081834 0.108922
v -0.083071 0.075003 0.130927
v -0.050493 0.079948 0.134459
v -0.062544 0.077258 0.142927
v -0.131326 0.071237 0.105375
v -0.108072 0.079622 0.121604
v -0.085017 0.086976 0.086808
v -0.115170 0.076570 0.074192
v -0.142909 0.067808 0.093735
v -0.137393 0.070415 0.075478
v -0.147069 0.066745 0.082179
v -0.083079 0.075225 0.130945
v -0.062248 0.082048 0.108948
v -0.062552 0.077479 0.142946
v -0.050502 0.080167 0.134482
v -0.109756 0.115498 0.225744
v -0.075764 0.099464 0.208017
v -0.082712 0.093596 0.189008
v -0.057252 0.081277 0.162552
v -0.093821 0.128190 0.248019
v -0.041724 0.106768 0.234158
v -0.061075 0.108421 0.230120
v -0.035686 0.099724 0.218188
v -0.102369 0.126077 0.242770
v -0.082704 0.121589 0.240240
v -0.065187 0.078547 0.146041
v -0.083238 0.077840 0.139697
v -0.108853 0.089916 0.165920
v -0.145325 0.110491 0.194330
v -0.129199 0.091942 0.160824
v -0.170943 0.117333 0.179905
v -0.159018 0.091874 0.129234
v -0.153882 0.095525 0.148062
v -0.142606 0.086289 0.122024
v -0.164511 0.117329 0.187887
v -0.163512 0.110213 0.168871
v -0.161419 0.126515 0.215697
v -0.131442 0.130735 0.242172
v -0.164091 0.138460 0.233748
v -0.150730 0.140340 0.245549
v -0.161328 0.144153 0.243327
v -0.109852 0.114877 0.225951
v -0.082807 0.092975 0.189215
v -0.075860 0.098843 0.208224
v -0.057343 0.080648 0.162745
v -0.093916 0.127569 0.248227
v -0.041821 0.106132 0.234372
v -0.061171 0.107792 0.230330
v -0.035783 0.099093 0.218400
v -0.102464 0.125456 0.242977
v -0.082800 0.120968 0.240447
v -0.065276 0.077912 0.146223
v -0.083329 0.077208 0.139888
v -0.108949 0.089295 0.166127
v -0.145420 0.109870 0.194538
v -0.129295 0.091321 0.161031
v -0.171039 0.116712 0.180112
v -0.159114 0.091253 0.129441
v -0.153978 0.094904 0.148269
v -0.142702 0.085668 0.122231
v -0.164606 0.116708 0.188094
v -0.163608 0.109592 0.169078
v -0.131538 0.130114 0.242379
v -0.161514 0.125894 0.215904
v -0.150825 0.139719 0.245757
v -0.164187 0.137838 0.233956
v -0.161424 0.143532 0.243534
v -0.018803 0.211905 0.070307
v -0.020191 0.214227 0.069855
v -0.018111 0.215107 0.071751
v -0.016723 0.212778 0.072209
v -0.008657 0.187979 0.093724
v -0.006803 0.189351 0.090735
v -0.001256 0.171215 0.091726
v -0.003454 0.169374 0.094406
v -0.005801 0.189098 0.095946
v -0.000441 0.172630 0.097205
v -0.003980 0.189078 0.093033
v 0.001335 0.169875 0.094397
v -0.012675 0.207425 0.075291
v -0.010705 0.206632 0.072616
v -0.009395 0.199918 0.085325
v -0.011105 0.201852 0.087354
v -0.009932 0.208461 0.077015
v -0.008000 0.203347 0.088008
v -0.006290 0.201405 0.085982
v -0.007963 0.207667 0.074341
v -0.014734 0.225699 0.071450
v -0.012478 0.227623 0.071088
v -0.011492 0.216382 0.067362
v -0.013666 0.216109 0.070015
v -0.011341 0.216483 0.072484
v -0.013229 0.224243 0.074429
v -0.009167 0.216763 0.069829
v -0.010973 0.226169 0.074058
v -0.022291 0.212199 0.078930
v -0.022733 0.214930 0.077130
v -0.019770 0.215510 0.077788
v -0.019328 0.212775 0.079595
v -0.021671 0.226059 0.078560
v -0.023192 0.219558 0.081298
v -0.022606 0.217894 0.084334
v -0.019921 0.227249 0.080438
v -0.019386 0.224265 0.079070
v -0.020238 0.219620 0.081178
v -0.019653 0.217954 0.084215
v -0.017638 0.225442 0.080944
v 0.109711 0.188678 0.101160
v 0.111208 0.191223 0.100741
v 0.110254 0.192429 0.103253
v 0.108765 0.189891 0.103679
v 0.077939 0.174967 0.102491
v 0.080984 0.173985 0.104617
v 0.058411 0.168844 0.100803
v 0.059375 0.173481 0.098634
v 0.076508 0.176480 0.105794
v 0.061471 0.173981 0.102017
v 0.078619 0.174196 0.107286
v 0.060493 0.169318 0.104183
v 0.103625 0.184916 0.105590
v 0.104878 0.182023 0.106845
v 0.091865 0.182063 0.106381
v 0.091564 0.185699 0.105772
v 0.102719 0.186023 0.108757
v 0.091570 0.186573 0.109359
v 0.091863 0.182938 0.109964
v 0.103965 0.183127 0.110007
v 0.114714 0.201750 0.110483
v 0.115491 0.202758 0.113279
v 0.113460 0.189177 0.109582
v 0.111708 0.191028 0.107695
v 0.109985 0.191993 0.110268
v 0.111889 0.201420 0.111617
v 0.111734 0.190138 0.112152
v 0.112665 0.202427 0.114413
v 0.103710 0.194882 0.098723
v 0.106315 0.196749 0.099230
v 0.106111 0.196707 0.102373
v 0.103497 0.194844 0.101865
v 0.109530 0.208214 0.104482
v 0.105038 0.203805 0.100867
v 0.101957 0.203656 0.101016
v 0.108385 0.209841 0.106696
v 0.108562 0.205984 0.106108
v 0.105219 0.202835 0.103753
v 0.102132 0.202689 0.103901
v 0.107415 0.207609 0.108319
v 0.184343 0.070990 0.088033
v 0.191744 0.081359 0.054296
v 0.162530 0.075571 0.041343
v 0.157588 0.059103 0.082238
v 0.199979 0.078148 0.087772
v 0.207265 0.083225 0.070496
v 0.210141 0.083374 0.082307
v 0.130812 0.076581 0.045117
v 0.132022 0.063531 0.075326
v 0.105729 0.066335 0.055323
v 0.109207 0.060358 0.069609
v 0.184371 0.070780 0.087968
v 0.157617 0.058899 0.082160
v 0.162559 0.075365 0.041266
v 0.191772 0.081148 0.054233
v 0.200008 0.077935 0.087713
v 0.207293 0.083012 0.070438
v 0.210170 0.083160 0.082250
v 0.132050 0.063327 0.075238
v 0.130840 0.076378 0.045029
v 0.109235 0.060155 0.069517
v 0.105758 0.066132 0.055231
v 0.037937 0.061848 0.107080
v 0.022443 0.076427 0.077063
v 0.049423 0.081205 0.059950
v 0.065432 0.064548 0.098740
v 0.021398 0.062796 0.109503
v 0.010315 0.070957 0.095375
v 0.009558 0.065650 0.106419
v 0.078231 0.071297 0.051806
v 0.085539 0.058944 0.081556
v 0.106170 0.065298 0.056404
v 0.106836 0.059614 0.071228
v 0.037986 0.062056 0.107134
v 0.065481 0.064757 0.098805
v 0.049473 0.081414 0.060011
v 0.022493 0.076637 0.077109
v 0.021447 0.063005 0.109550
v 0.010365 0.071167 0.095418
v 0.009607 0.065860 0.106462
v 0.085588 0.059149 0.081629
v 0.078280 0.071503 0.051878
v 0.106886 0.059819 0.071304
v 0.106220 0.065504 0.056480
v 0.155102 0.078360 0.160633
v 0.157120 0.064878 0.121571
v 0.136829 0.061536 0.116604
v 0.127115 0.058876 0.078901
v 0.184356 0.089988 0.161271
v 0.198332 0.073059 0.107776
v 0.184828 0.072483 0.122233
v 0.187399 0.068985 0.093234
v 0.174914 0.088321 0.165105
v 0.183173 0.083812 0.147034
v 0.108336 0.059738 0.075635
v 0.093323 0.059162 0.087327
v 0.102808 0.060835 0.125352
v 0.108812 0.078509 0.172132
v 0.087579 0.064130 0.139195
v 0.083986 0.092278 0.185814
v 0.045306 0.075991 0.145444
v 0.064019 0.073497 0.152237
v 0.047761 0.071211 0.127802
v 0.094040 0.089823 0.184927
v 0.078006 0.085348 0.172989
v 0.119837 0.095760 0.198908
v 0.158850 0.094653 0.189445
v 0.135037 0.105547 0.212801
v 0.152426 0.104696 0.208533
v 0.145348 0.109011 0.216474
v 0.155100 0.077679 0.160735
v 0.136828 0.060857 0.116652
v 0.157119 0.064206 0.121645
v 0.127113 0.058215 0.078917
v 0.184354 0.089314 0.161386
v 0.198330 0.072406 0.107887
v 0.184826 0.071817 0.122338
v 0.187398 0.068332 0.093328
v 0.174912 0.087643 0.165219
v 0.183171 0.083137 0.147147
v 0.108334 0.059077 0.075643
v 0.093321 0.058505 0.087354
v 0.102806 0.060151 0.125387
v 0.108810 0.077826 0.172230
v 0.087577 0.063449 0.139251
v 0.083984 0.091591 0.185925
v 0.045304 0.075311 0.145541
v 0.064018 0.072817 0.152325
v 0.047759 0.070533 0.127885
v 0.094038 0.089135 0.185037
v 0.078005 0.084658 0.173095
v 0.158849 0.093979 0.189559
v 0.119836 0.095082 0.199021
v 0.152425 0.104046 0.208656
v 0.135035 0.104897 0.212924
v 0.145346 0.108361 0.216597
v 0.213950 0.132447 0.036678
v 0.173580 0.128852 0.028245
v 0.163922 0.123053 0.048048
v 0.123853 0.119804 0.053445
v 0.220781 0.147136 0.010928
v 0.169356 0.142411 -0.014878
v 0.180943 0.138281 0.000923
v 0.151884 0.139539 -0.006163
v 0.222746 0.143287 0.020224
v 0.206247 0.143967 0.008431
v 0.117394 0.113631 0.071372
v 0.126841 0.107021 0.086417
v 0.166477 0.111861 0.081359
v 0.216440 0.120491 0.083240
v 0.178211 0.107746 0.097572
v 0.226209 0.121399 0.111110
v 0.178471 0.099760 0.138454
v 0.188120 0.104690 0.121953
v 0.160903 0.098108 0.133356
v 0.227106 0.122574 0.101019
v 0.211998 0.116610 0.113790
v 0.245827 0.130733 0.079636
v 0.243726 0.140692 0.040729
v 0.262559 0.140626 0.069744
v 0.261623 0.145065 0.052402
v 0.268367 0.146278 0.061613
v 0.214020 0.131819 0.036518
v 0.163986 0.122456 0.047869
v 0.173644 0.128250 0.028080
v 0.123914 0.119224 0.053252
v 0.220854 0.146500 0.010761
v 0.169423 0.141792 -0.015031
v 0.181009 0.137666 0.000769
v 0.151947 0.138936 -0.006313
v 0.222819 0.142650 0.020057
v 0.206318 0.143335 0.008270
v 0.117458 0.113044 0.071172
v 0.126908 0.106422 0.086210
v 0.166545 0.111250 0.081170
v 0.216510 0.119862 0.083087
v 0.178280 0.107124 0.097409
v 0.226283 0.120759 0.110949
v 0.178551 0.099093 0.138299
v 0.188195 0.104044 0.121791
v 0.160985 0.097438 0.133187
v 0.227179 0.121937 0.100861
v 0.212072 0.115968 0.113634
v 0.243799 0.140056 0.040562
v 0.245900 0.130097 0.079469
v 0.261696 0.144429 0.052235
v 0.262632 0.139990 0.069577
v 0.268440 0.145642 0.061446
v 0.150325 0.145263 -0.005951
v 0.118427 0.160053 -0.013752
v 0.098577 0.149955 0.016635
v 0.138899 0.131199 0.019753
v 0.153678 0.153866 -0.021065
v 0.138153 0.162110 -0.028941
v 0.150546 0.161104 -0.030799
v 0.096570 0.140893 0.052198
v 0.127770 0.128752 0.047410
v 0.104237 0.121551 0.073476
v 0.119297 0.117555 0.068271
v 0.150250 0.145086 -0.006041
v 0.138823 0.131028 0.019655
v 0.098503 0.149776 0.016524
v 0.118354 0.159870 -0.013851
v 0.153605 0.153682 -0.021157
v 0.138081 0.161923 -0.029036
v 0.150474 0.160917 -0.030893
v 0.127694 0.128581 0.047309
v 0.096494 0.140722 0.052084
v 0.119222 0.117382 0.068153
v 0.104162 0.121380 0.073356
v 0.149490 0.087389 0.133579
v 0.117963 0.098353 0.149732
v 0.103566 0.112422 0.127218
v 0.143804 0.102782 0.110155
v 0.150056 0.080463 0.148181
v 0.134861 0.085805 0.158488
v 0.145532 0.078773 0.158724
v 0.097828 0.114172 0.099232
v 0.128779 0.106247 0.090300
v 0.105441 0.120802 0.072686
v 0.120680 0.115950 0.070398
v 0.149553 0.087617 0.133599
v 0.143870 0.103000 0.110173
v 0.103635 0.112621 0.127274
v 0.118033 0.098550 0.149774
v 0.150119 0.080695 0.148204
v 0.134923 0.086038 0.158508
v 0.145594 0.079005 0.158748
v 0.128847 0.106456 0.090332
v 0.097895 0.114380 0.099280
v 0.120750 0.116153 0.070426
v 0.105509 0.121009 0.072735
v 0.070167 0.056524 -0.152169
v 0.034099 0.070866 -0.138725
v 0.033975 0.068643 -0.105496
v 0.077521 0.046943 -0.126944
v 0.062924 0.061597 -0.165670
v 0.043362 0.067347 -0.162619
v 0.053280 0.065767 -0.171729
v 0.051356 0.063976 -0.079458
v 0.081006 0.052811 -0.099003
v 0.073874 0.054173 -0.065070
v 0.086548 0.049304 -0.076721
v 0.151299 0.069213 -0.154433
v 0.114813 0.052969 -0.143189
v 0.117095 0.051552 -0.122155
v 0.084688 0.049594 -0.098153
v 0.140273 0.079111 -0.180733
v 0.086717 0.057519 -0.175951
v 0.105134 0.059074 -0.168715
v 0.076877 0.054263 -0.160060
v 0.147502 0.077939 -0.173559
v 0.127971 0.072494 -0.175027
v 0.088044 0.050863 -0.078875
v 0.104966 0.049309 -0.069914
v 0.137418 0.051786 -0.093551
v 0.179071 0.068868 -0.115632
v 0.156416 0.053108 -0.084800
v 0.200492 0.078363 -0.096599
v 0.178124 0.058703 -0.046730
v 0.177579 0.058395 -0.067282
v 0.160519 0.054055 -0.042449
v 0.196023 0.077337 -0.105768
v 0.191067 0.071711 -0.086873
v 0.198889 0.084077 -0.134293
v 0.175482 0.084368 -0.166995
v 0.205060 0.094686 -0.152322
v 0.194627 0.094815 -0.166899
v 0.204290 0.099422 -0.162752
v 0.157775 0.046494 -0.044348
v 0.132537 0.053471 -0.059549
v 0.108739 0.058745 -0.019566
v 0.140775 0.055078 -0.010486
v 0.169734 0.046883 -0.032626
v 0.163738 0.052567 -0.013378
v 0.173993 0.048490 -0.020843
v 0.107171 0.049930 -0.066005
v 0.085134 0.055313 -0.038483
v 0.085513 0.052075 -0.075987
v 0.072693 0.055199 -0.064657
v 0.070118 0.056322 -0.152200
v 0.077473 0.046739 -0.126981
v 0.033924 0.068451 -0.105544
v 0.034048 0.070675 -0.138761
v 0.062876 0.061393 -0.165698
v 0.043313 0.067148 -0.162648
v 0.053232 0.065563 -0.171756
v 0.080963 0.052578 -0.099052
v 0.051312 0.063743 -0.079517
v 0.086505 0.049069 -0.076775
v 0.073830 0.053937 -0.065130
v 0.151464 0.068584 -0.154557
v 0.117269 0.050869 -0.122305
v 0.114982 0.052322 -0.143319
v 0.084872 0.048850 -0.098359
v 0.140438 0.078482 -0.180857
v 0.086882 0.056888 -0.176077
v 0.105299 0.058445 -0.168839
v 0.077047 0.053606 -0.160205
v 0.147667 0.077311 -0.173683
v 0.128136 0.071865 -0.175151
v 0.088227 0.050117 -0.079095
v 0.105147 0.048579 -0.070124
v 0.137592 0.051105 -0.093704
v 0.179236 0.068239 -0.115755
v 0.156586 0.052452 -0.084936
v 0.200657 0.077734 -0.096723
v 0.178294 0.058047 -0.046873
v 0.177745 0.057757 -0.067411
v 0.160689 0.053393 -0.042600
v 0.196188 0.076708 -0.105892
v 0.191232 0.071082 -0.086996
v 0.175647 0.083739 -0.167119
v 0.199053 0.083449 -0.134417
v 0.194792 0.094186 -0.167022
v 0.205225 0.094057 -0.152446
v 0.204455 0.098793 -0.162876
v 0.157803 0.046271 -0.044327
v 0.140802 0.054855 -0.010478
v 0.108768 0.058513 -0.019567
v 0.132566 0.053239 -0.059538
v 0.169762 0.046658 -0.032608
v 0.163766 0.052341 -0.013369
v 0.174021 0.048263 -0.020829
v 0.085165 0.055068 -0.038495
v 0.107201 0.049689 -0.066004
v 0.072724 0.054952 -0.064667
v 0.085545 0.051830 -0.075990
v -0.008002 0.172002 0.074639
v -0.004646 0.174174 0.072128
v -0.008503 0.172389 0.063813
v -0.010803 0.169026 0.065327
v -0.008472 0.166234 0.063510
v -0.004681 0.168083 0.077872
v -0.006178 0.169590 0.061965
v -0.001325 0.171555 0.074220
v -0.018329 0.176225 0.046958
v -0.025008 0.166934 0.050094
v -0.015285 0.160067 0.050520
v -0.008605 0.169359 0.047384
v -0.166183 0.135826 0.029374
v -0.147196 0.124640 0.047426
v -0.121239 0.163594 0.045757
v -0.148214 0.170332 0.029206
v -0.175579 0.144144 0.018312
v -0.169163 0.163638 0.016707
v -0.178380 0.153934 0.011580
v -0.122380 0.115366 0.052099
v -0.099649 0.141557 0.052511
v -0.104329 0.105693 0.062014
v -0.092277 0.119133 0.065812
v -0.166141 0.135390 0.029067
v -0.148172 0.169896 0.028899
v -0.121197 0.163158 0.045450
v -0.147154 0.124204 0.047119
v -0.175537 0.143709 0.018005
v -0.169121 0.163202 0.016400
v -0.178338 0.153499 0.011272
v -0.099607 0.141122 0.052204
v -0.122338 0.114931 0.051791
v -0.092235 0.118698 0.065505
v -0.104287 0.105257 0.061706
v -0.201583 0.090361 0.099785
v -0.160748 0.083372 0.103012
v -0.153316 0.090345 0.084561
v -0.114348 0.091600 0.078038
v -0.205793 0.087621 0.129551
v -0.151392 0.074353 0.144464
v -0.164739 0.077884 0.130196
v -0.135319 0.076648 0.135033
v -0.208727 0.089433 0.119897
v -0.190911 0.085260 0.128753
v -0.108875 0.100613 0.062036
v -0.118245 0.109290 0.048869
v -0.157253 0.109018 0.055415
v -0.208485 0.109873 0.057206
v -0.169387 0.119926 0.042489
v -0.220944 0.127896 0.036521
v -0.170871 0.150462 0.009715
v -0.180326 0.137799 0.023588
v -0.152205 0.148603 0.013516
v -0.221106 0.121436 0.044669
v -0.205722 0.131497 0.033284
v -0.238558 0.109667 0.065867
v -0.232007 0.096274 0.103207
v -0.254408 0.110208 0.080832
v -0.251483 0.104252 0.097484
v -0.259421 0.109595 0.091142
v -0.201583 0.089844 0.099647
v -0.153316 0.089828 0.084423
v -0.160748 0.082855 0.102874
v -0.114348 0.091083 0.077899
v -0.205793 0.087104 0.129412
v -0.151392 0.073836 0.144325
v -0.164739 0.077367 0.130057
v -0.135319 0.076132 0.134895
v -0.208727 0.088917 0.119759
v -0.190911 0.084744 0.128615
v -0.108875 0.100097 0.061898
v -0.118245 0.108774 0.048731
v -0.157253 0.108502 0.055276
v -0.208485 0.109356 0.057068
v -0.169387 0.119410 0.042350
v -0.220944 0.127380 0.036383
v -0.170871 0.149946 0.009576
v -0.180326 0.137283 0.023450
v -0.152205 0.148087 0.013378
v -0.221106 0.120920 0.044530
v -0.205722 0.130981 0.033146
v -0.232007 0.095757 0.103069
v -0.238558 0.109151 0.065729
v -0.251483 0.103735 0.097346
v -0.254408 0.109692 0.080694
v -0.259421 0.109078 0.091004
v -0.135159 0.103470 0.134198
v -0.112654 0.129891 0.143652
v -0.092372 0.132101 0.118695
v -0.121443 0.097270 0.108978
v -0.140364 0.108833 0.149217
v -0.129435 0.122358 0.157475
v -0.139717 0.115820 0.159354
v -0.090616 0.132608 0.088678
v -0.114160 0.105920 0.084720
v -0.092687 0.120512 0.063737
v -0.104360 0.108016 0.064622
v -0.135159 0.102954 0.134059
v -0.121443 0.096754 0.108840
v -0.092372 0.131584 0.118557
v -0.112654 0.129375 0.143514
v -0.140364 0.108316 0.149078
v -0.129435 0.121842 0.157337
v -0.139717 0.115303 0.159215
v -0.114160 0.105403 0.084582
v -0.090616 0.132092 0.088539
v -0.104360 0.107500 0.064483
v -0.092687 0.119995 0.063598
v -0.090396 0.183582 -0.223347
v -0.151126 0.179758 -0.189666
v -0.142911 0.213687 -0.189096
v -0.119444 0.239190 -0.193328
v -0.087015 0.249434 -0.201227
v -0.054313 0.241675 -0.210678
v -0.030099 0.217990 -0.219148
v -0.020863 0.184727 -0.224367
v -0.162498 0.226757 -0.146420
v -0.174850 0.175745 -0.147277
v -0.127216 0.265102 -0.152782
v -0.078459 0.280504 -0.164659
v -0.029291 0.268837 -0.178868
v 0.007114 0.233227 -0.191602
v 0.021001 0.183216 -0.199449
v -0.161552 0.232367 -0.047176
v -0.167422 0.231284 -0.115552
v -0.181536 0.172995 -0.116532
v -0.177337 0.167177 -0.048271
v -0.116464 0.281369 -0.055306
v -0.127107 0.275098 -0.122822
v -0.054156 0.301052 -0.070484
v -0.071395 0.292698 -0.136393
v 0.008678 0.286142 -0.088642
v -0.015212 0.279366 -0.152629
v 0.055201 0.240635 -0.104916
v 0.026387 0.238677 -0.167180
v 0.072948 0.176724 -0.114944
v 0.042255 0.181531 -0.176146
v -0.132251 0.220567 0.014818
v -0.146361 0.162296 0.013839
v -0.091950 0.264368 0.007550
v -0.036254 0.281962 -0.006017
v 0.019910 0.268635 -0.022248
v 0.061496 0.227958 -0.036794
v 0.077359 0.170830 -0.045757
v -0.075528 0.193169 0.060916
v -0.112693 0.211552 0.037723
v -0.125022 0.160636 0.036867
v -0.083744 0.159240 0.060346
v -0.052062 0.218673 0.056684
v -0.077478 0.249825 0.031373
v -0.019633 0.228917 0.048785
v -0.028813 0.265198 0.019518
v 0.013070 0.221157 0.039334
v 0.020263 0.253553 0.005336
v 0.037284 0.197473 0.030865
v 0.056600 0.218010 -0.007374
v 0.046520 0.164209 0.025645
v 0.070460 0.168093 -0.015207
v -0.014381 0.160437 0.058692
v -0.141890 0.146495 -0.194885
v -0.117676 0.122810 -0.203355
v -0.084974 0.115050 -0.212806
v -0.052544 0.125294 -0.220705
v -0.029078 0.150798 -0.224937
v -0.160963 0.125734 -0.155124
v -0.124558 0.090124 -0.167858
v -0.075389 0.078457 -0.182067
v -0.026632 0.093859 -0.193944
v 0.008649 0.132203 -0.200306
v -0.159590 0.103266 -0.058299
v -0.165668 0.115849 -0.125498
v -0.113067 0.057759 -0.074572
v -0.124070 0.075159 -0.140049
v -0.050233 0.042849 -0.092731
v -0.067887 0.061828 -0.156285
v 0.012075 0.062532 -0.107909
v -0.012174 0.079427 -0.169856
v 0.057163 0.111534 -0.116039
v 0.028140 0.123241 -0.177126
v -0.130498 0.105169 0.004875
v -0.088913 0.064491 -0.009671
v -0.032748 0.051164 -0.025902
v 0.022947 0.068758 -0.039469
v 0.063249 0.112559 -0.046736
v -0.074507 0.125977 0.055127
v -0.111162 0.110719 0.029035
v -0.050294 0.102292 0.046657
v -0.074825 0.075176 0.016325
v -0.017591 0.094533 0.037206
v -0.025749 0.063531 0.002143
v 0.014838 0.104777 0.029307
v 0.022916 0.078904 -0.009712
v 0.038304 0.130280 0.025075
v 0.058132 0.117176 -0.016062
vt 0.949400 0.973700
vt 0.950200 0.977500
vt 0.945500 0.978200
vt 0.944500 0.974400
vt 0.958000 0.937700
vt 0.957100 0.946600
vt 0.950400 0.946500
vt 0.950700 0.937400
vt 0.965400 0.938300
vt 0.963800 0.947300
vt 0.943700 0.947000
vt 0.937000 0.947400
vt 0.936100 0.938300
vt 0.943400 0.937800
vt 0.955300 0.964600
vt 0.949700 0.964600
vt 0.950000 0.955600
vt 0.956200 0.955600
vt 0.962300 0.956300
vt 0.960700 0.965400
vt 0.944000 0.956100
vt 0.944300 0.965300
vt 0.938800 0.965500
vt 0.937900 0.956400
vt 0.959900 0.919700
vt 0.959000 0.928700
vt 0.951000 0.928400
vt 0.951400 0.919300
vt 0.968500 0.920300
vt 0.966900 0.929300
vt 0.943200 0.928700
vt 0.935200 0.929200
vt 0.934400 0.920200
vt 0.942900 0.919500
vt 0.954400 0.973600
vt 0.959200 0.974400
vt 0.939700 0.974500
vt 0.959900 0.919700
vt 0.959000 0.928700
vt 0.951000 0.928400
vt 0.951400 0.919300
vt 0.968500 0.920300
vt 0.966900 0.929300
vt 0.943200 0.928700
vt 0.935200 0.929200
vt 0.934400 0.920200
vt 0.942900 0.919500
vt 0.958000 0.937700
vt 0.950700 0.937400
vt 0.965400 0.938300
vt 0.943400 0.937800
vt 0.936100 0.938300
vt 0.959900 0.919700
vt 0.959000 0.928700
vt 0.951000 0.928400
vt 0.951400 0.919300
vt 0.968500 0.920300
vt 0.966900 0.929300
vt 0.943200 0.928700
vt 0.935200 0.929200
vt 0.934400 0.920200
vt 0.942900 0.919500
vt 0.958000 0.937700
vt 0.957100 0.946600
vt 0.950400 0.946500
vt 0.950700 0.937400
vt 0.965400 0.938300
vt 0.963800 0.947300
vt 0.943700 0.947000
vt 0.937000 0.947400
vt 0.936100 0.938300
vt 0.943400 0.937800
vt 0.959400 0.924200
vt 0.951200 0.923900
vt 0.951400 0.919300
vt 0.959900 0.919700
vt 0.968500 0.920300
vt 0.967700 0.924800
vt 0.942900 0.919500
vt 0.943000 0.924100
vt 0.934800 0.924700
vt 0.934400 0.920200
vt 0.959000 0.928700
vt 0.958500 0.933200
vt 0.950900 0.932900
vt 0.951000 0.928400
vt 0.966900 0.929300
vt 0.966100 0.933800
vt 0.943300 0.933200
vt 0.935700 0.933800
vt 0.935200 0.929200
vt 0.943200 0.928700
vt 0.956200 0.955600
vt 0.950000 0.955600
vt 0.962300 0.956300
vt 0.944000 0.956100
vt 0.937900 0.956400
vt 0.948000 0.731700
vt 0.966900 0.754300
vt 0.948500 0.757500
vt 0.986100 0.746300
vt 0.930100 0.755000
vt 0.910700 0.747100
vt 0.961700 0.901700
vt 0.960800 0.910700
vt 0.951700 0.910300
vt 0.952000 0.901200
vt 0.971600 0.902300
vt 0.970000 0.911300
vt 0.942600 0.910400
vt 0.933500 0.911100
vt 0.932600 0.902100
vt 0.942300 0.901200
vt 0.968200 0.765500
vt 0.948800 0.767500
vt 0.986000 0.764400
vt 0.929100 0.766600
vt 0.911000 0.764800
vt 0.959900 0.919700
vt 0.959000 0.928700
vt 0.951000 0.928400
vt 0.951400 0.919300
vt 0.968500 0.920300
vt 0.966900 0.929300
vt 0.943200 0.928700
vt 0.935200 0.929200
vt 0.934400 0.920200
vt 0.942900 0.919500
vt 0.958000 0.937700
vt 0.950700 0.937400
vt 0.965400 0.938300
vt 0.943400 0.937800
vt 0.936100 0.938300
vt 0.958000 0.937700
vt 0.950700 0.937400
vt 0.965400 0.938300
vt 0.943400 0.937800
vt 0.936100 0.938300
vt 0.958000 0.937700
vt 0.950700 0.937400
vt 0.965400 0.938300
vt 0.943400 0.937800
vt 0.936100 0.938300
vt 0.958000 0.937700
vt 0.950700 0.937400
vt 0.965400 0.938300
vt 0.943400 0.937800
vt 0.936100 0.938300
vt 0.958000 0.937700
vt 0.950700 0.937400
vt 0.965400 0.938300
vt 0.943400 0.937800
vt 0.936100 0.938300
vt 0.956200 0.955600
vt 0.950000 0.955600
vt 0.962300 0.956300
vt 0.944000 0.956100
vt 0.937900 0.956400
vt 0.959000 0.928700
vt 0.951000 0.928400
vt 0.966900 0.929300
vt 0.943200 0.928700
vt 0.935200 0.929200
vt 0.959000 0.928700
vt 0.951000 0.928400
vt 0.966900 0.929300
vt 0.943200 0.928700
vt 0.935200 0.929200
vt 0.959000 0.928700
vt 0.951000 0.928400
vt 0.966900 0.929300
vt 0.943200 0.928700
vt 0.935200 0.929200
vt 0.959000 0.928700
vt 0.951000 0.928400
vt 0.966900 0.929300
vt 0.943200 0.928700
vt 0.935200 0.929200
vt 0.959000 0.928700
vt 0.951000 0.928400
vt 0.966900 0.929300
vt 0.943200 0.928700
vt 0.935200 0.929200
vt 0.959000 0.928700
vt 0.951000 0.928400
vt 0.966900 0.929300
vt 0.943200 0.928700
vt 0.935200 0.929200
vt 0.959000 0.928700
vt 0.951000 0.928400
vt 0.966900 0.929300
vt 0.943200 0.928700
vt 0.935200 0.929200
vt 0.959000 0.928700
vt 0.951000 0.928400
vt 0.966900 0.929300
vt 0.943200 0.928700
vt 0.935200 0.929200
vt 0.959000 0.928700
vt 0.951000 0.928400
vt 0.966900 0.929300
vt 0.943200 0.928700
vt 0.935200 0.929200
vt 0.084300 0.578200
vt 0.082500 0.471500
vt 0.179300 0.452800
vt 0.171300 0.584500
vt 0.036100 0.565400
vt 0.025400 0.509200
vt 0.008200 0.541600
vt 0.271200 0.475800
vt 0.251000 0.571700
vt 0.339600 0.527800
vt 0.321600 0.571300
vt 0.084300 0.578200
vt 0.171300 0.584500
vt 0.179300 0.452800
vt 0.082500 0.471500
vt 0.036100 0.565400
vt 0.025400 0.509200
vt 0.008200 0.541600
vt 0.251000 0.571700
vt 0.271200 0.475800
vt 0.321600 0.571300
vt 0.339600 0.527800
vt 0.084300 0.578200
vt 0.082500 0.471500
vt 0.179300 0.452800
vt 0.171300 0.584500
vt 0.036100 0.565400
vt 0.025400 0.509200
vt 0.008200 0.541600
vt 0.271200 0.475800
vt 0.251000 0.571700
vt 0.339600 0.527800
vt 0.321600 0.571300
vt 0.084300 0.578200
vt 0.171300 0.584500
vt 0.179300 0.452800
vt 0.082500 0.471500
vt 0.036100 0.565400
vt 0.025400 0.509200
vt 0.008200 0.541600
vt 0.251000 0.571700
vt 0.271200 0.475800
vt 0.321600 0.571300
vt 0.339600 0.527800
vt 0.151100 0.843000
vt 0.119400 0.737100
vt 0.168100 0.709500
vt 0.168600 0.604300
vt 0.075300 0.869500
vt 0.004000 0.730800
vt 0.048300 0.759500
vt 0.022500 0.684400
vt 0.102400 0.872300
vt 0.068900 0.829900
vt 0.215000 0.583500
vt 0.261200 0.604500
vt 0.261400 0.709600
vt 0.278000 0.843200
vt 0.310100 0.737400
vt 0.353700 0.869900
vt 0.425500 0.731400
vt 0.381100 0.760000
vt 0.407100 0.685000
vt 0.326600 0.872700
vt 0.360200 0.830300
vt 0.267900 0.925500
vt 0.161000 0.925300
vt 0.238200 0.975300
vt 0.190500 0.975300
vt 0.214300 0.994400
vt 0.151100 0.843000
vt 0.168100 0.709500
vt 0.119400 0.737100
vt 0.168600 0.604300
vt 0.075300 0.869500
vt 0.004000 0.730800
vt 0.048300 0.759500
vt 0.022500 0.684400
vt 0.102400 0.872300
vt 0.068900 0.829900
vt 0.215000 0.583500
vt 0.261200 0.604500
vt 0.261400 0.709600
vt 0.278000 0.843200
vt 0.310100 0.737400
vt 0.353700 0.869900
vt 0.425500 0.731400
vt 0.381100 0.760000
vt 0.407100 0.685000
vt 0.326600 0.872700
vt 0.360200 0.830300
vt 0.161000 0.925300
vt 0.267900 0.925500
vt 0.190500 0.975300
vt 0.238200 0.975300
vt 0.214300 0.994400
vt 0.949400 0.973700
vt 0.950200 0.977500
vt 0.945500 0.978200
vt 0.944500 0.974400
vt 0.957100 0.946600
vt 0.950400 0.946500
vt 0.950700 0.937400
vt 0.958000 0.937700
vt 0.963800 0.947300
vt 0.965400 0.938300
vt 0.943700 0.947000
vt 0.937000 0.947400
vt 0.936100 0.938300
vt 0.943400 0.937800
vt 0.955800 0.960100
vt 0.949900 0.960100
vt 0.950000 0.955600
vt 0.956200 0.955600
vt 0.961500 0.960900
vt 0.962300 0.956300
vt 0.944000 0.956100
vt 0.944100 0.960700
vt 0.938400 0.960900
vt 0.937900 0.956400
vt 0.955200 0.965700
vt 0.949700 0.965800
vt 0.949700 0.964600
vt 0.955300 0.964600
vt 0.960700 0.965400
vt 0.960500 0.966500
vt 0.944300 0.965300
vt 0.944300 0.966400
vt 0.938900 0.966600
vt 0.938800 0.965500
vt 0.954400 0.973600
vt 0.949500 0.969200
vt 0.954800 0.969100
vt 0.960000 0.969900
vt 0.959200 0.974400
vt 0.944400 0.969800
vt 0.939700 0.974500
vt 0.939300 0.970000
vt 0.955100 0.966900
vt 0.955000 0.968000
vt 0.949600 0.968000
vt 0.949600 0.966900
vt 0.960300 0.967600
vt 0.960100 0.968700
vt 0.944400 0.968700
vt 0.939100 0.968900
vt 0.939000 0.967700
vt 0.944300 0.967500
vt 0.949400 0.973700
vt 0.950200 0.977500
vt 0.945500 0.978200
vt 0.944500 0.974400
vt 0.957100 0.946600
vt 0.950400 0.946500
vt 0.950700 0.937400
vt 0.958000 0.937700
vt 0.963800 0.947300
vt 0.965400 0.938300
vt 0.943700 0.947000
vt 0.937000 0.947400
vt 0.936100 0.938300
vt 0.943400 0.937800
vt 0.955800 0.960100
vt 0.949900 0.960100
vt 0.950000 0.955600
vt 0.956200 0.955600
vt 0.961500 0.960900
vt 0.962300 0.956300
vt 0.944000 0.956100
vt 0.944100 0.960700
vt 0.938400 0.960900
vt 0.937900 0.956400
vt 0.955200 0.965700
vt 0.949700 0.965800
vt 0.949700 0.964600
vt 0.955300 0.964600
vt 0.960700 0.965400
vt 0.960500 0.966500
vt 0.944300 0.965300
vt 0.944300 0.966400
vt 0.938900 0.966600
vt 0.938800 0.965500
vt 0.954400 0.973600
vt 0.949500 0.969200
vt 0.954800 0.969100
vt 0.960000 0.969900
vt 0.959200 0.974400
vt 0.944400 0.969800
vt 0.939700 0.974500
vt 0.939300 0.970000
vt 0.955100 0.966900
vt 0.955000 0.968000
vt 0.949600 0.968000
vt 0.949600 0.966900
vt 0.960300 0.967600
vt 0.960100 0.968700
vt 0.944400 0.968700
vt 0.939100 0.968900
vt 0.939000 0.967700
vt 0.944300 0.967500
vt 0.084300 0.578200
vt 0.082500 0.471500
vt 0.179300 0.452800
vt 0.171300 0.584500
vt 0.036100 0.565400
vt 0.025400 0.509200
vt 0.008200 0.541600
vt 0.271200 0.475800
vt 0.251000 0.571700
vt 0.339600 0.527800
vt 0.321600 0.571300
vt 0.084300 0.578200
vt 0.171300 0.584500
vt 0.179300 0.452800
vt 0.082500 0.471500
vt 0.036100 0.565400
vt 0.025400 0.509200
vt 0.008200 0.541600
vt 0.251000 0.571700
vt 0.271200 0.475800
vt 0.321600 0.571300
vt 0.339600 0.527800
vt 0.084300 0.578200
vt 0.082500 0.471500
vt 0.179300 0.452800
vt 0.171300 0.584500
vt 0.036100 0.565400
vt 0.025400 0.509200
vt 0.008200 0.541600
vt 0.271200 0.475800
vt 0.251000 0.571700
vt 0.339600 0.527800
vt 0.321600 0.571300
vt 0.084300 0.578200
vt 0.171300 0.584500
vt 0.179300 0.452800
vt 0.082500 0.471500
vt 0.036100 0.565400
vt 0.025400 0.509200
vt 0.008200 0.541600
vt 0.251000 0.571700
vt 0.271200 0.475800
vt 0.321600 0.571300
vt 0.339600 0.527800
vt 0.151100 0.843000
vt 0.119400 0.737100
vt 0.168100 0.709500
vt 0.168600 0.604300
vt 0.075300 0.869500
vt 0.004000 0.730800
vt 0.048300 0.759500
vt 0.022500 0.684400
vt 0.102400 0.872300
vt 0.068900 0.829900
vt 0.215000 0.583500
vt 0.261200 0.604500
vt 0.261400 0.709600
vt 0.278000 0.843200
vt 0.310100 0.737400
vt 0.353700 0.869900
vt 0.425500 0.731400
vt 0.381100 0.760000
vt 0.407100 0.685000
vt 0.326600 0.872700
vt 0.360200 0.830300
vt 0.267900 0.925500
vt 0.161000 0.925300
vt 0.238200 0.975300
vt 0.190500 0.975300
vt 0.214300 0.994400
vt 0.151100 0.843000
vt 0.168100 0.709500
vt 0.119400 0.737100
vt 0.168600 0.604300
vt 0.075300 0.869500
vt 0.004000 0.730800
vt 0.048300 0.759500
vt 0.022500 0.684400
vt 0.102400 0.872300
vt 0.068900 0.829900
vt 0.215000 0.583500
vt 0.261200 0.604500
vt 0.261400 0.709600
vt 0.278000 0.843200
vt 0.310100 0.737400
vt 0.353700 0.869900
vt 0.425500 0.731400
vt 0.381100 0.760000
vt 0.407100 0.685000
vt 0.326600 0.872700
vt 0.360200 0.830300
vt 0.161000 0.925300
vt 0.267900 0.925500
vt 0.190500 0.975300
vt 0.238200 0.975300
vt 0.214300 0.994400
vt 0.151100 0.843000
vt 0.119400 0.737100
vt 0.168100 0.709500
vt 0.168600 0.604300
vt 0.075300 0.869500
vt 0.004000 0.730800
vt 0.048300 0.759500
vt 0.022500 0.684400
vt 0.102400 0.872300
vt 0.068900 0.829900
vt 0.215000 0.583500
vt 0.261200 0.604500
vt 0.261400 0.709600
vt 0.278000 0.843200
vt 0.310100 0.737400
vt 0.353700 0.869900
vt 0.425500 0.731400
vt 0.381100 0.760000
vt 0.407100 0.685000
vt 0.326600 0.872700
vt 0.360200 0.830300
vt 0.267900 0.925500
vt 0.161000 0.925300
vt 0.238200 0.975300
vt 0.190500 0.975300
vt 0.214300 0.994400
vt 0.151100 0.843000
vt 0.168100 0.709500
vt 0.119400 0.737100
vt 0.168600 0.604300
vt 0.075300 0.869500
vt 0.004000 0.730800
vt 0.048300 0.759500
vt 0.022500 0.684400
vt 0.102400 0.872300
vt 0.068900 0.829900
vt 0.215000 0.583500
vt 0.261200 0.604500
vt 0.261400 0.709600
vt 0.278000 0.843200
vt 0.310100 0.737400
vt 0.353700 0.869900
vt 0.425500 0.731400
vt 0.381100 0.760000
vt 0.407100 0.685000
vt 0.326600 0.872700
vt 0.360200 0.830300
vt 0.161000 0.925300
vt 0.267900 0.925500
vt 0.190500 0.975300
vt 0.238200 0.975300
vt 0.214300 0.994400
vt 0.084300 0.578200
vt 0.082500 0.471500
vt 0.179300 0.452800
vt 0.171300 0.584500
vt 0.036100 0.565400
vt 0.025400 0.509200
vt 0.008200 0.541600
vt 0.271200 0.475800
vt 0.251000 0.571700
vt 0.339600 0.527800
vt 0.321600 0.571300
vt 0.084300 0.578200
vt 0.171300 0.584500
vt 0.179300 0.452800
vt 0.082500 0.471500
vt 0.036100 0.565400
vt 0.025400 0.509200
vt 0.008200 0.541600
vt 0.251000 0.571700
vt 0.271200 0.475800
vt 0.321600 0.571300
vt 0.339600 0.527800
vt 0.084300 0.578200
vt 0.082500 0.471500
vt 0.179300 0.452800
vt 0.171300 0.584500
vt 0.036100 0.565400
vt 0.025400 0.509200
vt 0.008200 0.541600
vt 0.271200 0.475800
vt 0.251000 0.571700
vt 0.339600 0.527800
vt 0.321600 0.571300
vt 0.084300 0.578200
vt 0.171300 0.584500
vt 0.179300 0.452800
vt 0.082500 0.471500
vt 0.036100 0.565400
vt 0.025400 0.509200
vt 0.008200 0.541600
vt 0.251000 0.571700
vt 0.271200 0.475800
vt 0.321600 0.571300
vt 0.339600 0.527800
vt 0.084300 0.578200
vt 0.082500 0.471500
vt 0.179300 0.452800
vt 0.171300 0.584500
vt 0.036100 0.565400
vt 0.025400 0.509200
vt 0.008200 0.541600
vt 0.271200 0.475800
vt 0.251000 0.571700
vt 0.339600 0.527800
vt 0.321600 0.571300
vt 0.151100 0.843000
vt 0.119400 0.737100
vt 0.168100 0.709500
vt 0.168600 0.604300
vt 0.075300 0.869500
vt 0.004000 0.730800
vt 0.048300 0.759500
vt 0.022500 0.684400
vt 0.102400 0.872300
vt 0.068900 0.829900
vt 0.215000 0.583500
vt 0.261200 0.604500
vt 0.261400 0.709600
vt 0.278000 0.843200
vt 0.310100 0.737400
vt 0.353700 0.869900
vt 0.425500 0.731400
vt 0.381100 0.760000
vt 0.407100 0.685000
vt 0.326600 0.872700
vt 0.360200 0.830300
vt 0.267900 0.925500
vt 0.161000 0.925300
vt 0.238200 0.975300
vt 0.190500 0.975300
vt 0.214300 0.994400
vt 0.084300 0.578200
vt 0.171300 0.584500
vt 0.179300 0.452800
vt 0.082500 0.471500
vt 0.036100 0.565400
vt 0.025400 0.509200
vt 0.008200 0.541600
vt 0.251000 0.571700
vt 0.271200 0.475800
vt 0.321600 0.571300
vt 0.339600 0.527800
vt 0.084300 0.578200
vt 0.171300 0.584500
vt 0.179300 0.452800
vt 0.082500 0.471500
vt 0.036100 0.565400
vt 0.025400 0.509200
vt 0.008200 0.541600
vt 0.251000 0.571700
vt 0.271200 0.475800
vt 0.321600 0.571300
vt 0.339600 0.527800
vt 0.151100 0.843000
vt 0.168100 0.709500
vt 0.119400 0.737100
vt 0.168600 0.604300
vt 0.075300 0.869500
vt 0.004000 0.730800
vt 0.048300 0.759500
vt 0.022500 0.684400
vt 0.102400 0.872300
vt 0.068900 0.829900
vt 0.215000 0.583500
vt 0.261200 0.604500
vt 0.261400 0.709600
vt 0.278000 0.843200
vt 0.310100 0.737400
vt 0.353700 0.869900
vt 0.425500 0.731400
vt 0.381100 0.760000
vt 0.407100 0.685000
vt 0.326600 0.872700
vt 0.360200 0.830300
vt 0.161000 0.925300
vt 0.267900 0.925500
vt 0.190500 0.975300
vt 0.238200 0.975300
vt 0.214300 0.994400
vt 0.084300 0.578200
vt 0.082500 0.471500
vt 0.179300 0.452800
vt 0.171300 0.584500
vt 0.036100 0.565400
vt 0.025400 0.509200
vt 0.008200 0.541600
vt 0.271200 0.475800
vt 0.251000 0.571700
vt 0.339600 0.527800
vt 0.321600 0.571300
vt 0.954400 0.973600
vt 0.949400 0.973700
vt 0.950700 0.937400
vt 0.958000 0.937700
vt 0.965400 0.938300
vt 0.959200 0.974400
vt 0.943400 0.937800
vt 0.944500 0.974400
vt 0.939700 0.974500
vt 0.936100 0.938300
vt 0.951400 0.919300
vt 0.959900 0.919700
vt 0.968500 0.920300
vt 0.942900 0.919500
vt 0.934400 0.920200
vt 0.084300 0.578200
vt 0.171300 0.584500
vt 0.179300 0.452800
vt 0.082500 0.471500
vt 0.036100 0.565400
vt 0.025400 0.509200
vt 0.008200 0.541600
vt 0.251000 0.571700
vt 0.271200 0.475800
vt 0.321600 0.571300
vt 0.339600 0.527800
vt 0.084300 0.578200
vt 0.082500 0.471500
vt 0.179300 0.452800
vt 0.171300 0.584500
vt 0.036100 0.565400
vt 0.025400 0.509200
vt 0.008200 0.541600
vt 0.271200 0.475800
vt 0.251000 0.571700
vt 0.339600 0.527800
vt 0.321600 0.571300
vt 0.151100 0.843000
vt 0.119400 0.737100
vt 0.168100 0.709500
vt 0.168600 0.604300
vt 0.075300 0.869500
vt 0.004000 0.730800
vt 0.048300 0.759500
vt 0.022500 0.684400
vt 0.102400 0.872300
vt 0.068900 0.829900
vt 0.215000 0.583500
vt 0.261200 0.604500
vt 0.261400 0.709600
vt 0.278000 0.843200
vt 0.310100 0.737400
vt 0.353700 0.869900
vt 0.425500 0.731400
vt 0.381100 0.760000
vt 0.407100 0.685000
vt 0.326600 0.872700
vt 0.360200 0.830300
vt 0.267900 0.925500
vt 0.161000 0.925300
vt 0.238200 0.975300
vt 0.190500 0.975300
vt 0.214300 0.994400
vt 0.151100 0.843000
vt 0.168100 0.709500
vt 0.119400 0.737100
vt 0.168600 0.604300
vt 0.075300 0.869500
vt 0.004000 0.730800
vt 0.048300 0.759500
vt 0.022500 0.684400
vt 0.102400 0.872300
vt 0.068900 0.829900
vt 0.215000 0.583500
vt 0.261200 0.604500
vt 0.261400 0.709600
vt 0.278000 0.843200
vt 0.310100 0.737400
vt 0.353700 0.869900
vt 0.425500 0.731400
vt 0.381100 0.760000
vt 0.407100 0.685000
vt 0.326600 0.872700
vt 0.360200 0.830300
vt 0.161000 0.925300
vt 0.267900 0.925500
vt 0.190500 0.975300
vt 0.238200 0.975300
vt 0.214300 0.994400
vt 0.084300 0.578200
vt 0.082500 0.471500
vt 0.179300 0.452800
vt 0.171300 0.584500
vt 0.036100 0.565400
vt 0.025400 0.509200
vt 0.008200 0.541600
vt 0.271200 0.475800
vt 0.251000 0.571700
vt 0.339600 0.527800
vt 0.321600 0.571300
vt 0.084300 0.578200
vt 0.171300 0.584500
vt 0.179300 0.452800
vt 0.082500 0.471500
vt 0.036100 0.565400
vt 0.025400 0.509200
vt 0.008200 0.541600
vt 0.251000 0.571700
vt 0.271200 0.475800
vt 0.321600 0.571300
vt 0.339600 0.527800
vt 0.749900 0.463500
vt 0.639300 0.439300
vt 0.665900 0.404400
vt 0.704900 0.384100
vt 0.750100 0.377300
vt 0.795200 0.384400
vt 0.834100 0.405000
vt 0.860400 0.440000
vt 0.623700 0.353300
vt 0.570500 0.393000
vt 0.685000 0.332000
vt 0.750300 0.325500
vt 0.815500 0.332400
vt 0.876600 0.354100
vt 0.929600 0.394300
vt 0.593300 0.234000
vt 0.605500 0.315400
vt 0.533800 0.339900
vt 0.509800 0.233400
vt 0.672500 0.234400
vt 0.677700 0.303300
vt 0.750600 0.234700
vt 0.750400 0.300100
vt 0.828800 0.234900
vt 0.823000 0.303800
vt 0.907900 0.235100
vt 0.895100 0.316400
vt 0.991400 0.235300
vt 0.966600 0.341500
vt 0.606600 0.151700
vt 0.535300 0.126100
vt 0.678400 0.164400
vt 0.750900 0.168300
vt 0.823400 0.164900
vt 0.895400 0.152700
vt 0.966900 0.127800
vt 0.667100 0.064500
vt 0.625200 0.114200
vt 0.572600 0.073800
vt 0.640900 0.029300
vt 0.706000 0.085300
vt 0.686000 0.136000
vt 0.751200 0.092400
vt 0.751000 0.142800
vt 0.796500 0.085600
vt 0.816000 0.136400
vt 0.835500 0.065100
vt 0.877100 0.115000
vt 0.861900 0.030100
vt 0.930000 0.075100
vt 0.751400 0.006300
vt 0.834100 0.405000
vt 0.860400 0.440000
vt 0.795200 0.384400
vt 0.750100 0.377300
vt 0.704900 0.384100
vt 0.665900 0.404400
vt 0.639300 0.439300
vt 0.876600 0.354100
vt 0.929600 0.394300
vt 0.815500 0.332400
vt 0.750300 0.325500
vt 0.685000 0.332000
vt 0.623700 0.353300
vt 0.570500 0.393000
vt 0.907900 0.235100
vt 0.991400 0.235300
vt 0.966600 0.341500
vt 0.895100 0.316400
vt 0.828800 0.234900
vt 0.823000 0.303800
vt 0.750600 0.234700
vt 0.750400 0.300100
vt 0.672500 0.234400
vt 0.677700 0.303300
vt 0.593300 0.234000
vt 0.605500 0.315400
vt 0.509800 0.233400
vt 0.533800 0.339900
vt 0.895400 0.152700
vt 0.966900 0.127800
vt 0.823400 0.164900
vt 0.750900 0.168300
vt 0.678400 0.164400
vt 0.606600 0.151700
vt 0.535300 0.126100
vt 0.835500 0.065100
vt 0.861900 0.030100
vt 0.930000 0.075100
vt 0.877100 0.115000
vt 0.796500 0.085600
vt 0.816000 0.136400
vt 0.751200 0.092400
vt 0.751000 0.142800
vt 0.706000 0.085300
vt 0.686000 0.136000
vt 0.667100 0.064500
vt 0.625200 0.114200
vt 0.640900 0.029300
vt 0.572600 0.073800
vn -0.9114 -0.0728 0.4050
vn -0.2614 -0.9607 0.0935
vn 0.6503 -0.4811 0.5879
vn 0.0102 0.4284 0.9035
vn -0.8531 -0.3302 -0.4040
vn -0.6284 -0.3666 -0.6861
vn -0.6680 -0.2933 0.6839
vn 0.1157 -0.5688 0.8143
vn 0.1528 0.5645 -0.8112
vn 0.5002 0.1568 -0.8516
vn 0.7821 0.4044 0.4742
vn 0.8089 0.5156 0.2825
vn -0.0871 -0.8636 -0.4966
vn -0.9817 0.1893 0.0200
vn -0.9541 -0.2192 0.2039
vn 0.0063 -0.7134 -0.7007
vn 0.9687 -0.0251 -0.2472
vn 0.9881 -0.1529 0.0171
vn 0.1928 0.8065 0.5589
vn 0.2028 0.8362 0.5095
vn -0.2319 -0.8853 -0.4031
vn -0.4901 -0.6895 -0.5333
vn 0.1933 -0.5664 0.8012
vn 0.1478 -0.5972 0.7884
vn -0.0678 0.7906 -0.6086
vn -0.0605 0.7525 -0.6558
vn 0.5419 0.6630 0.5164
vn 0.3080 0.4001 0.8632
vn -0.2614 -0.9607 0.0934
vn -0.9114 -0.0727 0.4050
vn 0.6503 -0.4812 0.5878
vn 0.0103 0.4284 0.9035
vn -0.0428 -0.8743 -0.4835
vn -0.0628 -0.7563 -0.6512
vn -0.8532 0.4108 -0.3215
vn -0.8175 0.3637 -0.4465
vn 0.7645 -0.5581 0.3227
vn 0.8267 -0.3219 0.4615
vn 0.0496 0.7929 0.6073
vn 0.3582 0.6637 0.6567
vn 0.0849 -0.5475 -0.8325
vn -0.9137 0.3407 -0.2216
vn 0.8782 -0.2533 0.4057
vn -0.1368 0.5253 0.8399
vn 0.3140 -0.8828 -0.3492
vn 0.0343 -0.8188 -0.5731
vn -0.0715 -0.4250 0.9023
vn -0.0148 -0.6037 0.7971
vn 0.0171 0.6149 -0.7884
vn 0.0927 0.6382 -0.7643
vn -0.0438 0.8564 0.5144
vn -0.3069 0.5850 0.7507
vn 0.7587 -0.6483 0.0646
vn 0.7197 -0.6739 -0.1670
vn -0.0278 0.2607 -0.9650
vn 0.2223 0.0515 -0.9736
vn -0.1541 -0.1775 0.9720
vn -0.0276 -0.1803 0.9832
vn -0.7508 0.6467 0.1345
vn -0.7084 0.7009 -0.0834
vn -0.2491 -0.6465 -0.7211
vn 0.5265 0.6779 -0.5131
vn 0.3257 0.4990 -0.8030
vn -0.5240 -0.6094 -0.5950
vn -0.5082 -0.7043 0.4957
vn -0.5203 -0.5179 0.6790
vn 0.3829 0.4099 0.8279
vn 0.2113 0.5590 0.8018
vn 0.2987 -0.7769 -0.5543
vn 0.5881 -0.8034 0.0932
vn 0.3468 0.2425 -0.9061
vn 0.4101 0.6342 -0.6554
vn -0.4908 -0.3042 0.8164
vn -0.4344 -0.0066 0.9007
vn -0.5847 0.7840 -0.2084
vn -0.2370 0.8974 0.3721
vn 0.4410 -0.8941 -0.0777
vn 0.1213 -0.0940 -0.9882
vn 0.0580 -0.2710 0.9608
vn -0.4378 0.8988 0.0222
vn 0.0016 -0.9863 -0.1647
vn -0.0001 0.0783 -0.9969
vn 0.9974 -0.0714 -0.0057
vn -0.9974 -0.0717 -0.0040
vn -0.0031 -0.2394 0.9709
vn -0.0049 0.4802 -0.8772
vn -0.0014 0.3332 -0.9429
vn 0.9952 0.0867 0.0453
vn 0.9993 0.0171 0.0346
vn -0.9966 -0.0280 0.0773
vn -0.9973 -0.0709 0.0177
vn 0.0144 -0.3196 0.9474
vn 0.0474 -0.4594 0.8870
vn -0.0057 0.5494 -0.8356
vn 0.9715 0.2355 -0.0269
vn -0.9606 0.2761 -0.0314
vn -0.0231 -0.2263 0.9738
vn 0.0552 -0.2904 -0.9553
vn -0.1372 -0.9822 0.1285
vn 0.9675 0.1931 -0.1632
vn 0.9549 0.2080 0.2117
vn -0.9217 -0.0604 0.3831
vn -0.9667 0.2207 0.1293
vn 0.0169 0.9950 0.0987
vn 0.0361 0.4372 0.8986
vn 0.4048 -0.0842 -0.9105
vn -0.9414 0.1843 -0.2826
vn 0.8057 -0.1548 0.5717
vn -0.4285 0.1009 0.8979
vn 0.4998 -0.0661 -0.8636
vn -0.7650 0.2983 -0.5707
vn 0.8902 -0.3167 0.3277
vn -0.3660 0.0207 0.9304
vn 0.1210 -0.5477 -0.8279
vn -0.7564 0.3211 -0.5698
vn 0.6188 -0.7279 0.2953
vn 0.0288 0.6249 0.7802
vn -0.2554 -0.9165 -0.3080
vn -0.6558 0.3031 -0.6915
vn 0.5627 -0.5432 0.6231
vn 0.3268 0.8910 0.3152
vn -0.6749 -0.6099 0.4154
vn -0.9140 0.3798 -0.1424
vn 0.2287 -0.1108 0.9672
vn -0.0563 0.8965 0.4394
vn -0.5650 -0.8229 -0.0601
vn -0.5351 0.0432 -0.8437
vn -0.5936 -0.0573 0.8027
vn -0.5968 0.8019 0.0292
vn -0.6157 -0.7405 -0.2695
vn 0.1418 -0.2405 0.9602
vn 0.1668 0.4868 -0.8574
vn 0.6018 0.7300 0.3238
vn -0.8332 -0.4958 -0.2449
vn -0.0468 -0.5087 0.8597
vn -0.0277 0.4474 -0.8939
vn 0.8122 0.4883 0.3193
vn -0.6118 -0.6121 -0.5011
vn -0.0733 -0.6954 0.7149
vn 0.0186 0.4874 -0.8730
vn 0.5808 0.6256 0.5208
vn -0.0445 -0.6069 -0.7935
vn 0.2411 -0.8941 0.3774
vn 0.6554 0.3676 -0.6598
vn 0.9342 0.0014 0.3569
vn -0.0730 -0.5705 0.8181
vn 0.9524 0.1310 -0.2753
vn -0.9681 0.2183 -0.1232
vn -0.0156 0.6814 -0.7318
vn -0.1125 -0.5028 0.8571
vn 0.9670 0.0869 0.2394
vn -0.9833 -0.1761 -0.0460
vn -0.0444 0.4708 -0.8811
vn 0.0497 -0.8056 0.5904
vn 0.9340 0.1716 0.3135
vn -0.8862 -0.3937 -0.2442
vn -0.1245 0.8308 -0.5425
vn 0.0510 -0.9607 0.2727
vn 0.8163 0.2533 0.5192
vn -0.8076 -0.3004 -0.5075
vn -0.1990 0.9150 -0.3511
vn 0.5806 -0.7480 -0.3217
vn 0.9678 0.2222 0.1184
vn -0.2182 -0.2374 -0.9466
vn 0.1913 0.8078 -0.5576
vn -0.3400 0.8778 -0.3374
vn -0.2779 0.9152 -0.2919
vn -0.2979 0.9435 -0.1449
vn -0.3266 0.9305 -0.1658
vn -0.2608 0.9011 -0.3465
vn -0.2039 0.9323 -0.2989
vn -0.2167 0.8775 -0.4278
vn -0.2762 0.9603 -0.0390
vn -0.2804 0.9589 -0.0435
vn -0.3755 0.9124 -0.1632
vn -0.4147 0.8954 -0.1622
vn 0.3395 -0.8780 0.3374
vn 0.3268 -0.9305 0.1657
vn 0.2976 -0.9437 0.1445
vn 0.2770 -0.9155 0.2916
vn 0.2604 -0.9011 0.3468
vn 0.2040 -0.9320 0.2997
vn 0.2167 -0.8777 0.4274
vn 0.2803 -0.9589 0.0432
vn 0.2762 -0.9603 0.0388
vn 0.4147 -0.8954 0.1621
vn 0.3755 -0.9124 0.1631
vn 0.3123 -0.9500 0.0022
vn 0.3070 -0.9517 -0.0096
vn 0.1617 -0.9815 -0.1030
vn 0.1698 -0.9783 -0.1185
vn 0.2967 -0.9545 -0.0283
vn 0.2818 -0.9581 -0.0517
vn 0.3339 -0.9420 -0.0336
vn 0.0588 -0.9759 -0.2099
vn 0.0422 -0.9670 -0.2512
vn 0.1620 -0.9791 -0.1230
vn 0.1587 -0.9835 -0.0866
vn -0.3122 0.9500 -0.0022
vn -0.1696 0.9784 0.1183
vn -0.1616 0.9815 0.1028
vn -0.3069 0.9517 0.0097
vn -0.2967 0.9546 0.0282
vn -0.2817 0.9581 0.0517
vn -0.3340 0.9420 0.0336
vn -0.0422 0.9670 0.2511
vn -0.0588 0.9760 0.2097
vn -0.1586 0.9835 0.0866
vn -0.1619 0.9791 0.1228
vn 0.1943 0.8668 -0.4592
vn 0.1401 0.9105 -0.3891
vn 0.1632 0.9251 -0.3428
vn 0.1079 0.9476 -0.3006
vn 0.1172 0.8253 -0.5524
vn 0.1176 0.9148 -0.3863
vn 0.1713 0.8682 -0.4657
vn 0.1322 0.9244 -0.3578
vn 0.1483 0.8099 -0.5676
vn 0.1108 0.8303 -0.5462
vn 0.0224 0.9846 -0.1736
vn 0.1428 0.9545 -0.2617
vn 0.1733 0.9276 -0.3309
vn 0.2934 0.8808 -0.3716
vn 0.2278 0.9286 -0.2929
vn 0.4000 0.8651 -0.3026
vn 0.2245 0.9468 -0.2305
vn 0.2658 0.9303 -0.2529
vn 0.2099 0.9442 -0.2537
vn 0.4138 0.8473 -0.3330
vn 0.3939 0.8701 -0.2962
vn 0.2876 0.8403 -0.4596
vn 0.2876 0.8403 -0.4595
vn 0.3343 0.7955 -0.5053
vn 0.3343 0.7956 -0.5053
vn 0.3824 0.7417 -0.5511
vn -0.1943 -0.8668 0.4592
vn -0.1632 -0.9251 0.3428
vn -0.1403 -0.9105 0.3891
vn -0.1080 -0.9476 0.3007
vn -0.1172 -0.8253 0.5525
vn -0.1178 -0.9149 0.3862
vn -0.1717 -0.8682 0.4656
vn -0.1320 -0.9245 0.3575
vn -0.1484 -0.8098 0.5676
vn -0.1107 -0.8303 0.5462
vn -0.0226 -0.9845 0.1739
vn -0.1428 -0.9545 0.2618
vn -0.1734 -0.9276 0.3309
vn -0.2934 -0.8808 0.3717
vn -0.2278 -0.9286 0.2930
vn -0.4000 -0.8651 0.3026
vn -0.2245 -0.9468 0.2305
vn -0.2658 -0.9303 0.2529
vn -0.2099 -0.9443 0.2535
vn -0.4138 -0.8472 0.3331
vn -0.3939 -0.8701 0.2962
vn -0.2876 -0.8403 0.4595
vn -0.3343 -0.7955 0.5053
vn -0.3824 -0.7416 0.5512
vn 0.0931 -0.6822 -0.7252
vn -0.4076 0.2960 -0.8639
vn 0.4877 0.8129 -0.3183
vn 0.9546 -0.2630 -0.1398
vn -0.9691 -0.1396 0.2036
vn -0.1198 -0.3473 -0.9301
vn 0.1047 -0.0266 -0.9941
vn -0.9637 -0.2662 0.0188
vn 0.0775 0.2989 0.9511
vn 0.3747 0.1529 0.9145
vn 0.9641 0.2445 -0.1037
vn 0.9392 0.2427 -0.2429
vn -0.9853 -0.1443 0.0919
vn -0.0959 -0.6812 -0.7258
vn -0.3384 -0.7047 -0.6236
vn -0.8990 0.1692 0.4040
vn 0.1302 0.7780 0.6147
vn 0.2394 0.7281 0.6423
vn 0.9739 0.0255 -0.2257
vn 0.9661 -0.1236 -0.2266
vn -0.7644 0.0540 -0.6425
vn 0.2350 0.8134 -0.5321
vn 0.0012 -0.1100 -0.9939
vn -0.9851 -0.1379 -0.1025
vn 0.0317 0.2227 0.9744
vn 0.0150 -0.7499 0.6613
vn 0.9796 0.0957 -0.1766
vn 0.8051 0.3817 0.4541
vn 0.0930 -0.6821 -0.7253
vn -0.5726 -0.7834 0.2416
vn -0.8655 0.3234 -0.3825
vn 0.6808 0.6910 -0.2431
vn 0.6608 -0.6017 0.4488
vn 0.9546 -0.2631 -0.1399
vn -0.8771 0.3002 -0.3749
vn -0.9234 0.2316 -0.3061
vn -0.5591 -0.1389 0.8174
vn -0.2119 0.8473 0.4870
vn 0.1619 -0.8063 -0.5689
vn 0.6978 -0.0140 -0.7162
vn 0.6370 -0.1368 0.7586
vn 0.7281 0.0882 0.6798
vn 0.2351 -0.9440 -0.2317
vn 0.9163 -0.0673 -0.3948
vn 0.6618 0.3120 0.6817
vn -0.0585 -0.5970 0.8001
vn 0.1392 0.0960 -0.9856
vn 0.4951 -0.8271 -0.2663
vn 0.2680 -0.7696 -0.5796
vn 0.1731 0.0078 -0.9849
vn -0.3875 0.8427 0.3738
vn -0.2373 0.8860 0.3983
vn -0.0143 -0.5155 0.8568
vn 0.1434 -0.8526 0.5026
vn 0.0202 0.2552 -0.9667
vn 0.3703 -0.8560 -0.3608
vn 0.3217 -0.7390 -0.5919
vn -0.1824 0.6300 -0.7549
vn -0.2956 0.8499 0.4363
vn -0.2505 0.8188 0.5165
vn 0.0490 -0.4190 0.9067
vn 0.0916 -0.5229 0.8475
vn 0.6785 -0.0444 -0.7333
vn 0.8177 0.3450 0.4608
vn 0.8547 -0.5114 -0.0895
vn 0.1630 0.2140 -0.9631
vn -0.8542 0.5017 0.1366
vn -0.9352 -0.2729 -0.2258
vn 0.1220 -0.2830 0.9513
vn -0.3019 0.2294 0.9253
vn 0.2351 -0.9440 -0.2316
vn -0.5735 -0.3003 -0.7621
vn 0.5862 0.3268 -0.7413
vn 0.5576 0.1835 0.8096
vn -0.7626 -0.3967 0.5110
vn 0.5640 0.3898 -0.7280
vn 0.4805 0.3140 -0.8189
vn -0.7545 0.4093 -0.5131
vn -0.0544 0.9937 0.0976
vn 0.1627 -0.9745 -0.1544
vn 0.6390 -0.5173 0.5693
vn -0.7628 -0.0248 0.6462
vn -0.6482 0.1655 0.7432
vn -0.3916 0.8906 0.2314
vn -0.3057 0.9299 0.2048
vn -0.1446 0.9345 0.3254
vn -0.2063 0.9145 0.3479
vn -0.3797 0.9117 0.1568
vn -0.3170 0.9377 0.1419
vn -0.4167 0.9045 0.0901
vn -0.0443 0.9186 0.3926
vn -0.0586 0.9138 0.4020
vn -0.2141 0.8885 0.4060
vn -0.2279 0.8772 0.4225
vn 0.3916 -0.8906 -0.2313
vn 0.2064 -0.9145 -0.3479
vn 0.1446 -0.9345 -0.3253
vn 0.3056 -0.9299 -0.2048
vn 0.3796 -0.9118 -0.1568
vn 0.3170 -0.9378 -0.1419
vn 0.4166 -0.9046 -0.0901
vn 0.0587 -0.9138 -0.4020
vn 0.0444 -0.9186 -0.3926
vn 0.2279 -0.8772 -0.4225
vn 0.2141 -0.8884 -0.4060
vn -0.0757 -0.9180 -0.3894
vn -0.1104 -0.9126 -0.3936
vn -0.2216 -0.9223 -0.3168
vn -0.2139 -0.9219 -0.3230
vn -0.1230 -0.9085 -0.3994
vn -0.1563 -0.9034 -0.3992
vn -0.1018 -0.8939 -0.4365
vn -0.2982 -0.9110 -0.2849
vn -0.3253 -0.8990 -0.2932
vn -0.1408 -0.9263 -0.3495
vn -0.1401 -0.9266 -0.3490
vn 0.0756 0.9180 0.3894
vn 0.2139 0.9219 0.3230
vn 0.2215 0.9223 0.3168
vn 0.1103 0.9126 0.3936
vn 0.1229 0.9085 0.3994
vn 0.1563 0.9034 0.3992
vn 0.1017 0.8939 0.4365
vn 0.3253 0.8990 0.2932
vn 0.2982 0.9110 0.2849
vn 0.1401 0.9266 0.3490
vn 0.1408 0.9263 0.3495
vn -0.1854 0.9055 -0.3817
vn -0.1770 0.9687 -0.1739
vn -0.0960 0.9825 -0.1596
vn -0.0609 0.9975 -0.0358
vn -0.3256 0.8739 -0.3608
vn -0.1911 0.9747 -0.1162
vn -0.2549 0.9460 -0.2004
vn -0.1201 0.9757 -0.1831
vn -0.3246 0.8404 -0.4340
vn -0.2920 0.8860 -0.3601
vn 0.0304 0.9957 0.0881
vn 0.0625 0.9968 -0.0496
vn -0.0015 0.9841 -0.1778
vn 0.0031 0.8929 -0.4502
vn 0.1143 0.9648 -0.2369
vn 0.1602 0.8430 -0.5134
vn 0.1799 0.9662 -0.1844
vn 0.2229 0.9367 -0.2701
vn 0.0262 0.9658 -0.2580
vn 0.1519 0.8209 -0.5505
vn 0.0998 0.8552 -0.5086
vn -0.1052 0.8618 -0.4963
vn -0.0904 0.8694 -0.4858
vn -0.0910 0.8578 -0.5059
vn -0.0798 0.8640 -0.4972
vn -0.0907 0.8389 -0.5367
vn 0.1854 -0.9056 0.3814
vn 0.0961 -0.9826 0.1591
vn 0.1771 -0.9688 0.1735
vn 0.0608 -0.9975 0.0354
vn 0.3255 -0.8741 0.3606
vn 0.1912 -0.9747 0.1157
vn 0.2549 -0.9461 0.1996
vn 0.1200 -0.9758 0.1829
vn 0.3247 -0.8407 0.4334
vn 0.2913 -0.8862 0.3602
vn -0.0304 -0.9957 -0.0876
vn -0.0626 -0.9968 0.0491
vn 0.0012 -0.9842 0.1773
vn -0.0032 -0.8931 0.4499
vn -0.1143 -0.9649 0.2365
vn -0.1600 -0.8434 0.5129
vn -0.1798 -0.9663 0.1841
vn -0.2227 -0.9368 0.2699
vn -0.0256 -0.9659 0.2578
vn -0.1521 -0.8213 0.5498
vn -0.0986 -0.8555 0.5083
vn 0.0905 -0.8692 0.4861
vn 0.1053 -0.8616 0.4965
vn 0.0799 -0.8636 0.4977
vn 0.0911 -0.8575 0.5064
vn 0.0907 -0.8389 0.5367
vn -0.2015 0.9219 0.3310
vn -0.0877 0.9538 0.2875
vn -0.0745 0.9533 0.2925
vn -0.0104 0.9409 0.3384
vn -0.2220 0.8892 0.4001
vn -0.0320 0.9511 0.3072
vn -0.0792 0.9487 0.3061
vn 0.0009 0.9492 0.3147
vn -0.2833 0.8634 0.4174
vn -0.2512 0.9234 0.2902
vn 0.0895 0.9313 0.3530
vn -0.0402 0.9498 0.3102
vn -0.1070 0.9440 0.3122
vn -0.2496 0.9474 0.2002
vn -0.1392 0.9593 0.2457
vn -0.3003 0.9503 0.0819
vn -0.1240 0.9663 0.2255
vn -0.1692 0.9671 0.1900
vn -0.1767 0.9355 0.3059
vn -0.3201 0.9439 0.0815
vn -0.2996 0.9482 0.1059
vn -0.3244 0.9120 0.2512
vn -0.3245 0.9120 0.2510
vn -0.4050 0.8803 0.2472
vn -0.4815 0.8425 0.2416
vn 0.2011 -0.9220 -0.3310
vn 0.0740 -0.9533 -0.2928
vn 0.0874 -0.9538 -0.2874
vn 0.0100 -0.9408 -0.3388
vn 0.2214 -0.8894 -0.4000
vn 0.0316 -0.9511 -0.3071
vn 0.0791 -0.9488 -0.3058
vn -0.0021 -0.9491 -0.3150
vn 0.2823 -0.8637 -0.4174
vn 0.2508 -0.9237 -0.2897
vn -0.0899 -0.9311 -0.3535
vn 0.0400 -0.9496 -0.3109
vn 0.1068 -0.9439 -0.3123
vn 0.2494 -0.9475 -0.2003
vn 0.1391 -0.9592 -0.2461
vn 0.3001 -0.9504 -0.0824
vn 0.1243 -0.9660 -0.2268
vn 0.1694 -0.9669 -0.1910
vn 0.1776 -0.9348 -0.3076
vn 0.3199 -0.9439 -0.0818
vn 0.2994 -0.9481 -0.1069
vn 0.3244 -0.9120 -0.2510
vn 0.3242 -0.9120 -0.2512
vn 0.4050 -0.8803 -0.2472
vn 0.4815 -0.8425 -0.2416
vn 0.2770 0.8088 0.5187
vn 0.2666 0.8433 0.4668
vn 0.3510 0.8590 0.3727
vn 0.3525 0.8343 0.4240
vn 0.2231 0.8316 0.5086
vn 0.2183 0.8570 0.4667
vn 0.1500 0.8159 0.5584
vn 0.3886 0.8377 0.3837
vn 0.3874 0.8481 0.3614
vn 0.3798 0.7448 0.5486
vn 0.3869 0.7378 0.5532
vn -0.2768 -0.8090 -0.5186
vn -0.3523 -0.8344 -0.4239
vn -0.3508 -0.8591 -0.3726
vn -0.2664 -0.8434 -0.4667
vn -0.2230 -0.8318 -0.5083
vn -0.2182 -0.8572 -0.4665
vn -0.1499 -0.8160 -0.5582
vn -0.3873 -0.8481 -0.3615
vn -0.3884 -0.8378 -0.3837
vn -0.3870 -0.7375 -0.5535
vn -0.3797 -0.7447 -0.5489
vn -0.4321 -0.8219 -0.3711
vn -0.4473 -0.8493 -0.2805
vn -0.3298 -0.9276 -0.1757
vn -0.3275 -0.9122 -0.2464
vn -0.4816 -0.8076 -0.3403
vn -0.4863 -0.8244 -0.2896
vn -0.5110 -0.7871 -0.3455
vn -0.2757 -0.9522 -0.1312
vn -0.2808 -0.9521 -0.1209
vn -0.3238 -0.8940 -0.3097
vn -0.3301 -0.8944 -0.3017
vn 0.4318 0.8221 0.3711
vn 0.3273 0.9123 0.2461
vn 0.3296 0.9276 0.1760
vn 0.4469 0.8494 0.2807
vn 0.4813 0.8079 0.3401
vn 0.4859 0.8248 0.2889
vn 0.5110 0.7871 0.3455
vn 0.2808 0.9521 0.1207
vn 0.2756 0.9523 0.1313
vn 0.3306 0.8944 0.3012
vn 0.3241 0.8940 0.3095
vn 0.4403 0.8883 0.1302
vn 0.3737 0.9259 0.0557
vn 0.4209 0.9071 -0.0071
vn 0.4286 0.9031 0.0273
vn 0.3529 0.9303 0.1001
vn 0.2834 0.9589 0.0101
vn 0.3018 0.9388 0.1658
vn 0.3614 0.9300 -0.0674
vn 0.2799 0.9521 -0.1234
vn 0.3827 0.9229 0.0434
vn 0.3949 0.9175 0.0462
vn -0.3164 0.8987 0.3038
vn -0.1639 0.9730 0.1625
vn -0.1523 0.9831 0.1018
vn 0.0006 0.9994 0.0358
vn -0.2701 0.8606 0.4317
vn -0.0917 0.9830 0.1591
vn -0.1959 0.9343 0.2977
vn -0.1704 0.9807 0.0955
vn -0.3048 0.8422 0.4448
vn -0.2716 0.8664 0.4191
vn 0.1377 0.9865 -0.0889
vn -0.0380 0.9993 -0.0013
vn -0.1473 0.9826 0.1129
vn -0.3793 0.9023 0.2049
vn -0.2000 0.9754 0.0924
vn -0.4804 0.8680 0.1260
vn -0.1689 0.9851 0.0321
vn -0.2359 0.9717 -0.0083
vn -0.1955 0.9532 0.2308
vn -0.5123 0.8447 0.1552
vn -0.4604 0.8746 0.1520
vn -0.4175 0.8554 0.3065
vn -0.4715 0.8117 0.3447
vn -0.4715 0.8117 0.3446
vn -0.5264 0.7589 0.3834
vn 0.1844 0.9771 -0.1065
vn 0.1186 0.9898 -0.0784
vn 0.0828 0.9896 -0.1178
vn 0.1393 0.9724 -0.1870
vn 0.1463 0.9680 -0.2041
vn 0.1081 0.9621 -0.2504
vn 0.2247 0.9513 -0.2109
vn 0.0161 0.9828 -0.1838
vn 0.0377 0.9901 -0.1355
vn 0.1462 0.9836 -0.1058
vn 0.1472 0.9854 -0.0860
vn -0.4405 -0.8883 -0.1302
vn -0.4289 -0.9029 -0.0276
vn -0.4213 -0.9069 0.0066
vn -0.3739 -0.9258 -0.0557
vn -0.3530 -0.9303 -0.0999
vn -0.2836 -0.9589 -0.0099
vn -0.3020 -0.9388 -0.1655
vn -0.2803 -0.9520 0.1228
vn -0.3618 -0.9299 0.0669
vn -0.3949 -0.9175 -0.0463
vn -0.3827 -0.9229 -0.0435
vn 0.3168 -0.8984 -0.3041
vn 0.1530 -0.9828 -0.1030
vn 0.1644 -0.9727 -0.1639
vn 0.0006 -0.9993 -0.0367
vn 0.2703 -0.8605 -0.4319
vn 0.0924 -0.9827 -0.1604
vn 0.1963 -0.9340 -0.2986
vn 0.1707 -0.9805 -0.0970
vn 0.3050 -0.8421 -0.4448
vn 0.2712 -0.8662 -0.4197
vn -0.1367 -0.9866 0.0887
vn 0.0392 -0.9992 0.0009
vn 0.1485 -0.9824 -0.1133
vn 0.3798 -0.9020 -0.2052
vn 0.2011 -0.9752 -0.0926
vn 0.4807 -0.8678 -0.1260
vn 0.1701 -0.9849 -0.0323
vn 0.2374 -0.9714 0.0074
vn 0.1963 -0.9533 -0.2294
vn 0.5123 -0.8447 -0.1552
vn 0.4612 -0.8744 -0.1511
vn 0.4175 -0.8554 -0.3064
vn 0.4715 -0.8117 -0.3447
vn 0.5263 -0.7589 -0.3835
vn -0.1843 -0.9771 0.1066
vn -0.1393 -0.9724 0.1871
vn -0.0825 -0.9896 0.1179
vn -0.1183 -0.9899 0.0786
vn -0.1464 -0.9679 0.2041
vn -0.1083 -0.9621 0.2504
vn -0.2249 -0.9513 0.2109
vn -0.0374 -0.9900 0.1357
vn -0.0159 -0.9828 0.1839
vn -0.1471 -0.9854 0.0860
vn -0.1460 -0.9836 0.1058
vn -0.9632 0.0266 0.2675
vn 0.2188 0.9423 -0.2535
vn -0.0361 0.9993 -0.0072
vn -0.8411 -0.1282 0.5254
vn 0.2320 -0.9443 0.2334
vn 0.0031 -0.9964 0.0852
vn 0.9700 0.0235 -0.2418
vn 0.8753 -0.3914 -0.2839
vn -0.1839 0.9313 0.3145
vn -0.7290 0.0613 0.6818
vn 0.0599 -0.9135 0.4023
vn 0.9542 0.2284 -0.1931
vn -0.5421 0.3211 0.7765
vn -0.3571 0.2693 0.8944
vn -0.3231 0.2256 0.9191
vn -0.5009 0.2569 0.8265
vn -0.6088 0.2892 0.7387
vn -0.5828 0.2553 0.7715
vn -0.6737 0.2781 0.6847
vn -0.2655 0.1765 0.9478
vn -0.2667 0.2274 0.9365
vn -0.4243 0.1271 0.8965
vn -0.4269 0.2723 0.8623
vn 0.5421 -0.3211 -0.7765
vn 0.5009 -0.2569 -0.8265
vn 0.3231 -0.2256 -0.9191
vn 0.3571 -0.2693 -0.8944
vn 0.6088 -0.2893 -0.7387
vn 0.5828 -0.2553 -0.7715
vn 0.6737 -0.2781 -0.6847
vn 0.2668 -0.2274 -0.9365
vn 0.2655 -0.1765 -0.9478
vn 0.4269 -0.2723 -0.8623
vn 0.4243 -0.1271 -0.8965
vn 0.1411 0.9435 0.2998
vn 0.0529 0.9578 0.2826
vn 0.0914 0.8879 0.4510
vn 0.0356 0.9003 0.4338
vn 0.1716 0.9784 0.1155
vn -0.0048 0.9736 0.2284
vn 0.0412 0.9782 0.2035
vn 0.0137 0.9659 0.2585
vn 0.2085 0.9708 0.1188
vn 0.1618 0.9798 0.1177
vn 0.0779 0.8570 0.5094
vn 0.0639 0.8152 0.5757
vn 0.0836 0.8316 0.5491
vn 0.0606 0.8582 0.5097
vn 0.0527 0.7583 0.6498
vn 0.0483 0.7397 0.6712
vn -0.0013 0.6968 0.7173
vn 0.0191 0.7319 0.6811
vn -0.0974 0.6177 0.7804
vn 0.0982 0.7789 0.6195
vn 0.0107 0.6430 0.7658
vn 0.2038 0.9213 0.3311
vn 0.2444 0.9256 0.2890
vn 0.3189 0.9087 0.2695
vn 0.3196 0.9086 0.2689
vn 0.3981 0.8837 0.2461
vn -0.1411 -0.9435 -0.2998
vn -0.0914 -0.8879 -0.4510
vn -0.0529 -0.9578 -0.2826
vn -0.0356 -0.9003 -0.4338
vn -0.1716 -0.9784 -0.1155
vn 0.0048 -0.9736 -0.2284
vn -0.0412 -0.9782 -0.2035
vn -0.0136 -0.9659 -0.2584
vn -0.2087 -0.9707 -0.1189
vn -0.1617 -0.9798 -0.1175
vn -0.0778 -0.8570 -0.5094
vn -0.0639 -0.8151 -0.5757
vn -0.0836 -0.8316 -0.5491
vn -0.0606 -0.8582 -0.5097
vn -0.0527 -0.7583 -0.6498
vn -0.0483 -0.7397 -0.6712
vn 0.0013 -0.6968 -0.7173
vn -0.0191 -0.7319 -0.6811
vn 0.0974 -0.6176 -0.7804
vn -0.0982 -0.7788 -0.6195
vn -0.0108 -0.6429 -0.7658
vn -0.2444 -0.9256 -0.2890
vn -0.2038 -0.9213 -0.3311
vn -0.3195 -0.9086 -0.2689
vn -0.3189 -0.9086 -0.2696
vn -0.3981 -0.8837 -0.2462
vn -0.6001 0.6572 -0.4560
vn -0.6045 0.6770 -0.4198
vn -0.7048 0.6673 -0.2407
vn -0.6957 0.6657 -0.2700
vn -0.5854 0.6894 -0.4267
vn -0.5918 0.7106 -0.3806
vn -0.5354 0.7110 -0.4559
vn -0.7427 0.6594 -0.1169
vn -0.7399 0.6645 -0.1046
vn -0.7068 0.6548 -0.2679
vn -0.7114 0.6447 -0.2796
vn 0.6001 -0.6573 0.4560
vn 0.6957 -0.6657 0.2700
vn 0.7048 -0.6674 0.2407
vn 0.6045 -0.6770 0.4198
vn 0.5854 -0.6894 0.4266
vn 0.5918 -0.7106 0.3806
vn 0.5354 -0.7110 0.4559
vn 0.7399 -0.6645 0.1046
vn 0.7427 -0.6594 0.1169
vn 0.7114 -0.6448 0.2796
vn 0.7068 -0.6548 0.2679
vn -0.2594 0.0790 -0.9625
vn -0.7335 0.0473 -0.6780
vn -0.6687 0.3150 -0.6735
vn -0.4836 0.5162 -0.7069
vn -0.2277 0.5971 -0.7692
vn 0.0303 0.5358 -0.8438
vn 0.2214 0.3489 -0.9106
vn 0.2943 0.0865 -0.9518
vn -0.8404 0.4275 -0.3332
vn -0.9403 0.0150 -0.3401
vn -0.5551 0.7375 -0.3846
vn -0.1609 0.8620 -0.4807
vn 0.2366 0.7677 -0.5955
vn 0.5310 0.4798 -0.6985
vn 0.6432 0.0754 -0.7619
vn -0.8441 0.4663 0.2647
vn -0.8823 0.4665 -0.0618
vn -0.9975 -0.0091 -0.0698
vn -0.9659 -0.0368 0.2562
vn -0.4962 0.8444 0.2019
vn -0.5533 0.8241 -0.1211
vn -0.0154 0.9963 0.0848
vn -0.0987 0.9677 -0.2319
vn 0.4694 0.8812 -0.0553
vn 0.3598 0.8589 -0.3644
vn 0.8284 0.5301 -0.1809
vn 0.6993 0.5269 -0.4831
vn 0.9654 0.0369 -0.2583
vn 0.8288 0.0605 -0.5563
vn -0.7123 0.4146 0.5664
vn -0.8274 -0.0607 0.5584
vn -0.3836 0.7718 0.5071
vn 0.0707 0.9153 0.3964
vn 0.5288 0.8066 0.2640
vn 0.8680 0.4749 0.1454
vn 0.9973 0.0089 0.0723
vn -0.2168 0.1747 0.9605
vn -0.5343 0.3327 0.7771
vn -0.6332 -0.0760 0.7702
vn -0.2801 -0.0866 0.9561
vn -0.0360 0.3712 0.9279
vn -0.2516 0.6398 0.7261
vn 0.2138 0.4501 0.8670
vn 0.1390 0.7632 0.6310
vn 0.4657 0.3903 0.7942
vn 0.5329 0.6698 0.5172
vn 0.6522 0.2079 0.7290
vn 0.8245 0.3845 0.4152
vn 0.7234 -0.0484 0.6887
vn 0.9357 -0.0161 0.3523
vn 0.2594 -0.0790 0.9625
vn -0.6607 -0.2152 -0.7192
vn -0.4696 -0.4021 -0.7860
vn -0.2116 -0.4633 -0.8606
vn 0.0443 -0.3825 -0.9229
vn 0.2295 -0.1812 -0.9563
vn -0.8280 -0.3893 -0.4036
vn -0.5336 -0.6772 -0.5065
vn -0.1361 -0.7716 -0.6214
vn 0.2581 -0.6470 -0.7174
vn 0.5434 -0.3370 -0.7689
vn -0.8290 -0.5299 0.1788
vn -0.8680 -0.4755 -0.1429
vn -0.4700 -0.8811 0.0533
vn -0.5286 -0.8076 -0.2617
vn 0.0149 -0.9961 -0.0869
vn -0.0701 -0.9164 -0.3942
vn 0.4956 -0.8442 -0.2040
vn 0.3846 -0.7727 -0.5049
vn 0.8436 -0.4661 -0.2667
vn 0.7136 -0.4152 -0.5643
vn -0.6980 -0.5266 0.4852
vn -0.3588 -0.8584 0.3666
vn 0.0993 -0.9671 0.2342
vn 0.5535 -0.8236 0.1236
vn 0.8823 -0.4663 0.0643
vn -0.2089 -0.3429 0.9159
vn -0.5220 -0.4766 0.7074
vn -0.0224 -0.5253 0.8506
vn -0.2303 -0.7619 0.6054
vn 0.2295 -0.5851 0.7778
vn 0.1636 -0.8554 0.4915
vn 0.4793 -0.5062 0.7170
vn 0.5542 -0.7320 0.3964
vn 0.6601 -0.3097 0.6844
vn 0.8368 -0.4248 0.3454
s 1
f 1/1/1 2/2/2 3/3/3
f 3/3/3 4/4/4 1/1/1
s 2
f 5/5/5 6/6/6 7/7/7
f 7/7/7 8/8/8 5/5/5
f 9/9/9 10/10/10 6/6/6
f 6/6/6 5/5/5 9/9/9
f 11/11/11 10/12/10 9/13/9
f 9/13/9 12/14/12 11/11/11
f 7/7/7 11/11/11 12/14/12
f 12/14/12 8/8/8 7/7/7
f 13/15/13 14/16/14 15/17/15
f 15/17/15 16/18/16 13/15/13
f 17/19/17 18/20/18 13/15/13
f 13/15/13 16/18/16 17/19/17
f 19/21/19 20/22/20 18/23/18
f 18/23/18 17/24/17 19/21/19
f 14/16/14 20/22/20 19/21/19
f 19/21/19 15/17/15 14/16/14
f 21/25/21 22/26/22 23/27/23
f 23/27/23 24/28/24 21/25/21
f 25/29/25 26/30/26 22/26/22
f 22/26/22 21/25/21 25/29/25
f 27/31/27 26/32/26 25/33/25
f 25/33/25 28/34/28 27/31/27
f 23/27/23 27/31/27 28/34/28
f 28/34/28 24/28/24 23/27/23
f 22/26/22 5/5/5 8/8/8
f 8/8/8 23/27/23 22/26/22
f 26/30/26 9/9/9 5/5/5
f 5/5/5 22/26/22 26/30/26
f 12/14/12 9/13/9 26/32/26
f 26/32/26 27/31/27 12/14/12
f 8/8/8 12/14/12 27/31/27
f 27/31/27 23/27/23 8/8/8
f 6/6/6 16/18/16 15/17/15
f 15/17/15 7/7/7 6/6/6
f 10/10/10 17/19/17 16/18/16
f 16/18/16 6/6/6 10/10/10
f 19/21/19 17/24/17 10/12/10
f 10/12/10 11/11/11 19/21/19
f 15/17/15 19/21/19 11/11/11
f 11/11/11 7/7/7 15/17/15
f 13/15/13 2/35/29 1/1/30
f 1/1/30 14/16/14 13/15/13
f 3/36/31 2/35/29 13/15/13
f 13/15/13 18/20/18 3/36/31
f 4/4/32 3/37/31 18/23/18
f 18/23/18 20/22/20 4/4/32
f 1/1/30 4/4/32 20/22/20
f 20/22/20 14/16/14 1/1/30
s 3
f 29/38/33 30/39/34 31/40/35
f 31/40/35 32/41/36 29/38/33
f 33/42/37 34/43/38 30/39/34
f 30/39/34 29/38/33 33/42/37
f 35/44/39 34/45/38 33/46/37
f 33/46/37 36/47/40 35/44/39
f 31/40/35 35/44/39 36/47/40
f 36/47/40 32/41/36 31/40/35
f 30/39/34 37/48/41 38/49/42
f 38/49/42 31/40/35 30/39/34
f 34/43/38 39/50/43 37/48/41
f 37/48/41 30/39/34 34/43/38
f 40/51/44 39/52/43 34/45/38
f 34/45/38 35/44/39 40/51/44
f 38/49/42 40/51/44 35/44/39
f 35/44/39 31/40/35 38/49/42
s 4
f 41/53/45 42/54/46 43/55/47
f 43/55/47 44/56/48 41/53/45
f 45/57/49 46/58/50 42/54/46
f 42/54/46 41/53/45 45/57/49
f 47/59/51 46/60/50 45/61/49
f 45/61/49 48/62/52 47/59/51
f 43/55/47 47/59/51 48/62/52
f 48/62/52 44/56/48 43/55/47
s 5
f 49/63/53 50/64/54 51/65/55
f 51/65/55 52/66/56 49/63/53
f 53/67/57 54/68/58 50/64/54
f 50/64/54 49/63/53 53/67/57
f 55/69/59 54/70/58 53/71/57
f 53/71/57 56/72/60 55/69/59
f 51/65/55 55/69/59 56/72/60
f 56/72/60 52/66/56 51/65/55
f 57/73/61 58/74/62 59/75/63
f 59/75/63 60/76/64 57/73/61
f 61/77/65 62/78/66 57/73/61
f 57/73/61 60/76/64 61/77/65
f 63/79/67 64/80/68 62/81/66
f 62/81/66 61/82/65 63/79/67
f 58/74/62 64/80/68 63/79/67
f 63/79/67 59/75/63 58/74/62
f 65/83/69 66/84/70 67/85/71
f 67/85/71 68/86/72 65/83/69
f 69/87/73 70/88/74 66/84/70
f 66/84/70 65/83/69 69/87/73
f 71/89/75 70/90/74 69/91/73
f 69/91/73 72/92/76 71/89/75
f 67/85/71 71/89/75 72/92/76
f 72/92/76 68/86/72 67/85/71
f 50/64/54 73/93/77 74/94/78
f 74/94/78 51/65/55 50/64/54
f 54/68/58 75/95/79 73/93/77
f 73/93/77 50/64/54 54/68/58
f 76/96/80 75/97/79 54/70/58
f 54/70/58 55/69/59 76/96/80
f 74/94/78 76/96/80 55/69/59
f 55/69/59 51/65/55 74/94/78
f 66/84/70 49/63/53 52/66/56
f 52/66/56 67/85/71 66/84/70
f 70/88/74 53/67/57 49/63/53
f 49/63/53 66/84/70 70/88/74
f 56/72/60 53/71/57 70/90/74
f 70/90/74 71/89/75 56/72/60
f 52/66/56 56/72/60 71/89/75
f 71/89/75 67/85/71 52/66/56
f 65/83/69 68/86/72 58/74/62
f 58/74/62 57/73/61 65/83/69
f 62/78/66 69/87/73 65/83/69
f 65/83/69 57/73/61 62/78/66
f 64/80/68 72/92/76 69/91/73
f 69/91/73 62/81/66 64/80/68
f 68/86/72 72/92/76 64/80/68
f 64/80/68 58/74/62 68/86/72
s 6
f 77/98/81 78/99/82 79/100/83
f 77/98/81 80/101/84 78/99/82
f 77/98/81 81/102/85 80/103/84
f 77/98/81 79/100/83 81/102/85
f 82/104/86 83/105/87 84/106/88
f 84/106/88 85/107/89 82/104/86
f 86/108/90 87/109/91 83/105/87
f 83/105/87 82/104/86 86/108/90
f 88/110/92 87/111/91 86/112/90
f 86/112/90 89/113/93 88/110/92
f 84/106/88 88/110/92 89/113/93
f 89/113/93 85/107/89 84/106/88
f 90/114/94 91/115/95 79/100/83
f 79/100/83 78/99/82 90/114/94
f 92/116/96 90/114/94 78/99/82
f 78/99/82 80/101/84 92/116/96
f 81/102/85 93/117/97 92/118/96
f 92/118/96 80/103/84 81/102/85
f 79/100/83 91/115/95 93/117/97
f 93/117/97 81/102/85 79/100/83
f 82/104/86 85/107/89 91/115/95
f 91/115/95 90/114/94 82/104/86
f 92/116/96 86/108/90 82/104/86
f 82/104/86 90/114/94 92/116/96
f 93/117/97 89/113/93 86/112/90
f 86/112/90 92/118/96 93/117/97
f 91/115/95 85/107/89 89/113/93
f 89/113/93 93/117/97 91/115/95
f 94/119/98 95/120/99 96/121/100
f 96/121/100 97/122/101 94/119/98
f 98/123/102 99/124/103 95/120/99
f 95/120/99 94/119/98 98/123/102
f 100/125/104 99/126/103 98/127/102
f 98/127/102 101/128/105 100/125/104
f 96/121/100 100/125/104 101/128/105
f 101/128/105 97/122/101 96/121/100
f 83/105/87 94/119/98 97/122/101
f 97/122/101 84/106/88 83/105/87
f 87/109/91 98/123/102 94/119/98
f 94/119/98 83/105/87 87/109/91
f 101/128/105 98/127/102 87/111/91
f 87/111/91 88/110/92 101/128/105
f 97/122/101 101/128/105 88/110/92
f 88/110/92 84/106/88 97/122/101
s 3
f 38/49/42 37/48/41 102/129/106
f 102/129/106 103/130/107 38/49/42
f 37/48/41 39/50/43 104/131/108
f 104/131/108 102/129/106 37/48/41
f 39/52/43 40/51/44 105/132/109
f 105/132/109 104/133/108 39/52/43
f 40/51/44 38/49/42 103/130/107
f 103/130/107 105/132/109 40/51/44
f 103/130/107 102/129/106 106/134/110
f 106/134/110 107/135/111 103/130/107
f 102/129/106 104/131/108 108/136/112
f 108/136/112 106/134/110 102/129/106
f 104/133/108 105/132/109 109/137/113
f 109/137/113 108/138/112 104/133/108
f 105/132/109 103/130/107 107/135/111
f 107/135/111 109/137/113 105/132/109
f 107/135/111 106/134/110 110/139/114
f 110/139/114 111/140/115 107/135/111
f 106/134/110 108/136/112 112/141/116
f 112/141/116 110/139/114 106/134/110
f 108/138/112 109/137/113 113/142/117
f 113/142/117 112/143/116 108/138/112
f 109/137/113 107/135/111 111/140/115
f 111/140/115 113/142/117 109/137/113
f 111/140/115 110/139/114 114/144/118
f 114/144/118 115/145/119 111/140/115
f 110/139/114 112/141/116 116/146/120
f 116/146/120 114/144/118 110/139/114
f 112/143/116 113/142/117 117/147/121
f 117/147/121 116/148/120 112/143/116
f 113/142/117 111/140/115 115/145/119
f 115/145/119 117/147/121 113/142/117
f 115/145/119 114/144/118 118/149/122
f 118/149/122 119/150/123 115/145/119
f 114/144/118 116/146/120 120/151/124
f 120/151/124 118/149/122 114/144/118
f 116/148/120 117/147/121 121/152/125
f 121/152/125 120/153/124 116/148/120
f 117/147/121 115/145/119 119/150/123
f 119/150/123 121/152/125 117/147/121
f 121/152/125 119/150/123 118/149/122
f 118/149/122 120/151/124 121/152/125
s 5
f 74/94/78 73/93/77 122/154/126
f 122/154/126 123/155/127 74/94/78
f 73/93/77 75/95/79 124/156/128
f 124/156/128 122/154/126 73/93/77
f 75/97/79 76/96/80 125/157/129
f 125/157/129 124/158/128 75/97/79
f 76/96/80 74/94/78 123/155/127
f 123/155/127 125/157/129 76/96/80
s 4
f 43/55/47 42/54/46 126/159/130
f 126/159/130 127/160/131 43/55/47
f 42/54/46 46/58/50 128/161/132
f 128/161/132 126/159/130 42/54/46
f 46/60/50 47/59/51 129/162/133
f 129/162/133 128/163/132 46/60/50
f 47/59/51 43/55/47 127/160/131
f 127/160/131 129/162/133 47/59/51
f 127/160/131 126/159/130 130/164/134
f 130/164/134 131/165/135 127/160/131
f 126/159/130 128/161/132 132/166/136
f 132/166/136 130/164/134 126/159/130
f 128/163/132 129/162/133 133/167/137
f 133/167/137 132/168/136 128/163/132
f 129/162/133 127/160/131 131/165/135
f 131/165/135 133/167/137 129/162/133
f 131/165/135 130/164/134 134/169/138
f 134/169/138 135/170/139 131/165/135
f 130/164/134 132/166/136 136/171/140
f 136/171/140 134/169/138 130/164/134
f 132/168/136 133/167/137 137/172/141
f 137/172/141 136/173/140 132/168/136
f 133/167/137 131/165/135 135/170/139
f 135/170/139 137/172/141 133/167/137
f 135/170/139 134/169/138 138/174/142
f 138/174/142 139/175/143 135/170/139
f 134/169/138 136/171/140 140/176/144
f 140/176/144 138/174/142 134/169/138
f 136/173/140 137/172/141 141/177/145
f 141/177/145 140/178/144 136/173/140
f 137/172/141 135/170/139 139/175/143
f 139/175/143 141/177/145 137/172/141
f 141/177/145 139/175/143 138/174/142
f 138/174/142 140/176/144 141/177/145
s 6
f 96/121/100 95/120/99 142/179/146
f 142/179/146 143/180/147 96/121/100
f 95/120/99 99/124/103 144/181/148
f 144/181/148 142/179/146 95/120/99
f 99/126/103 100/125/104 145/182/149
f 145/182/149 144/183/148 99/126/103
f 100/125/104 96/121/100 143/180/147
f 143/180/147 145/182/149 100/125/104
f 143/180/147 142/179/146 146/184/150
f 146/184/150 147/185/151 143/180/147
f 142/179/146 144/181/148 148/186/152
f 148/186/152 146/184/150 142/179/146
f 144/183/148 145/182/149 149/187/153
f 149/187/153 148/188/152 144/183/148
f 145/182/149 143/180/147 147/185/151
f 147/185/151 149/187/153 145/182/149
f 147/185/151 146/184/150 150/189/154
f 150/189/154 151/190/155 147/185/151
f 146/184/150 148/186/152 152/191/156
f 152/191/156 150/189/154 146/184/150
f 148/188/152 149/187/153 153/192/157
f 153/192/157 152/193/156 148/188/152
f 149/187/153 147/185/151 151/190/155
f 151/190/155 153/192/157 149/187/153
f 151/190/155 150/189/154 154/194/158
f 154/194/158 155/195/159 151/190/155
f 150/189/154 152/191/156 156/196/160
f 156/196/160 154/194/158 150/189/154
f 152/193/156 153/192/157 157/197/161
f 157/197/161 156/198/160 152/193/156
f 153/192/157 151/190/155 155/195/159
f 155/195/159 157/197/161 153/192/157
f 155/195/159 154/194/158 158/199/162
f 158/199/162 159/200/163 155/195/159
f 154/194/158 156/196/160 160/201/164
f 160/201/164 158/199/162 154/194/158
f 156/198/160 157/197/161 161/202/165
f 161/202/165 160/203/164 156/198/160
f 157/197/161 155/195/159 159/200/163
f 159/200/163 161/202/165 157/197/161
f 161/202/165 159/200/163 158/199/162
f 158/199/162 160/201/164 161/202/165
s 7
f 162/204/166 163/205/167 164/206/168
f 164/206/168 165/207/169 162/204/166
f 166/208/170 167/209/171 163/205/167
f 163/205/167 162/204/166 166/208/170
f 166/208/170 168/210/172 167/209/171
f 165/207/169 164/206/168 169/211/173
f 169/211/173 170/212/174 165/207/169
f 170/212/174 169/211/173 171/213/175
f 171/213/175 172/214/176 170/212/174
s 8
f 173/215/177 174/216/178 175/217/179
f 175/217/179 176/218/180 173/215/177
f 177/219/181 173/215/177 176/218/180
f 176/218/180 178/220/182 177/219/181
f 177/219/181 178/220/182 179/221/183
f 174/216/178 180/222/184 181/223/185
f 181/223/185 175/217/179 174/216/178
f 180/222/184 182/224/186 183/225/187
f 183/225/187 181/223/185 180/222/184
s 9
f 184/226/188 185/227/189 186/228/190
f 186/228/190 187/229/191 184/226/188
f 188/230/192 189/231/193 185/227/189
f 185/227/189 184/226/188 188/230/192
f 188/230/192 190/232/194 189/231/193
f 187/229/191 186/228/190 191/233/195
f 191/233/195 192/234/196 187/229/191
f 192/234/196 191/233/195 193/235/197
f 193/235/197 194/236/198 192/234/196
s 10
f 195/237/199 196/238/200 197/239/201
f 197/239/201 198/240/202 195/237/199
f 199/241/203 195/237/199 198/240/202
f 198/240/202 200/242/204 199/241/203
f 199/241/203 200/242/204 201/243/205
f 196/238/200 202/244/206 203/245/207
f 203/245/207 197/239/201 196/238/200
f 202/244/206 204/246/208 205/247/209
f 205/247/209 203/245/207 202/244/206
s 11
f 206/248/210 207/249/211 208/250/212
f 207/249/211 209/251/213 208/250/212
f 206/248/210 210/252/214 207/249/211
f 207/249/211 211/253/215 209/251/213
f 207/249/211 212/254/216 211/253/215
f 211/253/215 213/255/217 209/251/213
f 206/248/210 214/256/218 210/252/214
f 210/252/214 215/257/219 207/249/211
f 216/258/220 217/259/221 209/251/213
f 208/250/212 209/251/213 217/259/221
f 217/259/221 218/260/222 208/250/212
f 219/261/223 218/260/222 220/262/224
f 220/262/224 218/260/222 217/259/221
f 219/261/223 220/262/224 221/263/225
f 220/262/224 217/259/221 222/264/226
f 220/262/224 222/264/226 223/265/227
f 222/264/226 217/259/221 224/266/228
f 219/261/223 221/263/225 225/267/229
f 221/263/225 220/262/224 226/268/230
f 206/248/210 219/261/223 227/269/231
f 227/269/231 228/270/232 206/248/210
f 228/270/232 227/269/231 229/271/233
f 229/271/233 230/272/234 228/270/232
f 206/248/210 208/250/212 218/260/222
f 218/260/222 219/261/223 206/248/210
f 231/273/235 230/272/234 229/271/233
s 12
f 232/274/236 233/275/237 234/276/238
f 234/276/238 233/275/237 235/277/239
f 232/274/236 234/276/238 236/278/240
f 234/276/238 235/277/239 237/279/241
f 234/276/238 237/279/241 238/280/242
f 237/279/241 235/277/239 239/281/243
f 232/274/236 236/278/240 240/282/244
f 236/278/240 234/276/238 241/283/245
f 242/284/246 235/277/239 243/285/247
f 233/275/237 244/286/248 243/285/247
f 243/285/247 235/277/239 233/275/237
f 245/287/249 246/288/250 244/286/248
f 246/288/250 243/285/247 244/286/248
f 245/287/249 247/289/251 246/288/250
f 246/288/250 248/290/252 243/285/247
f 246/288/250 249/291/253 248/290/252
f 248/290/252 250/292/254 243/285/247
f 245/287/249 251/293/255 247/289/251
f 247/289/251 252/294/256 246/288/250
f 232/274/236 253/295/257 254/296/257
f 254/296/257 245/287/249 232/274/236
f 253/295/257 255/297/258 256/298/258
f 256/298/258 254/296/257 253/295/257
f 232/274/236 245/287/249 244/286/248
f 244/286/248 233/275/237 232/274/236
f 257/299/259 256/298/258 255/297/258
s 13
f 258/300/260 259/301/261 260/302/262
f 260/302/262 261/303/263 258/300/260
s 14
f 262/304/264 263/305/265 264/306/266
f 264/306/266 265/307/267 262/304/264
f 266/308/268 262/304/264 265/307/267
f 265/307/267 267/309/269 266/308/268
f 268/310/270 266/311/268 267/312/269
f 267/312/269 269/313/271 268/310/270
f 264/306/266 263/305/265 268/310/270
f 268/310/270 269/313/271 264/306/266
f 270/314/272 271/315/273 272/316/274
f 272/316/274 273/317/275 270/314/272
f 274/318/276 270/314/272 273/317/275
f 273/317/275 275/319/277 274/318/276
f 276/320/278 277/321/279 274/322/276
f 274/322/276 275/323/277 276/320/278
f 272/316/274 271/315/273 277/321/279
f 277/321/279 276/320/278 272/316/274
f 278/324/280 279/325/281 280/326/282
f 280/326/282 281/327/283 278/324/280
f 282/328/284 283/329/285 278/324/280
f 278/324/280 281/327/283 282/328/284
f 284/330/286 285/331/287 283/332/285
f 283/332/285 282/333/284 284/330/286
f 279/325/281 285/331/287 284/330/286
f 284/330/286 280/326/282 279/325/281
f 259/334/261 258/300/288 286/335/289
f 286/335/289 287/336/290 259/334/261
f 288/337/291 260/338/262 259/334/261
f 259/334/261 287/336/290 288/337/291
f 289/339/292 261/303/293 260/340/262
f 260/340/262 288/341/291 289/339/292
f 258/300/288 261/303/293 289/339/292
f 289/339/292 286/335/289 258/300/288
f 290/342/294 291/343/295 292/344/296
f 292/344/296 293/345/297 290/342/294
f 294/346/298 295/347/299 291/343/295
f 291/343/295 290/342/294 294/346/298
f 296/348/300 295/349/299 294/350/298
f 294/350/298 297/351/301 296/348/300
f 292/344/296 296/348/300 297/351/301
f 297/351/301 293/345/297 292/344/296
f 287/336/290 286/335/289 292/344/296
f 292/344/296 291/343/295 287/336/290
f 295/347/299 288/337/291 287/336/290
f 287/336/290 291/343/295 295/347/299
f 296/348/300 289/339/292 288/341/291
f 288/341/291 295/349/299 296/348/300
f 286/335/289 289/339/292 296/348/300
f 296/348/300 292/344/296 286/335/289
f 290/342/294 293/345/297 279/325/281
f 279/325/281 278/324/280 290/342/294
f 294/346/298 290/342/294 278/324/280
f 278/324/280 283/329/285 294/346/298
f 285/331/287 297/351/301 294/350/298
f 294/350/298 283/332/285 285/331/287
f 279/325/281 293/345/297 297/351/301
f 297/351/301 285/331/287 279/325/281
f 273/317/275 272/316/274 263/305/265
f 263/305/265 262/304/264 273/317/275
f 275/319/277 273/317/275 262/304/264
f 262/304/264 266/308/268 275/319/277
f 268/310/270 276/320/278 275/323/277
f 275/323/277 266/311/268 268/310/270
f 263/305/265 272/316/274 276/320/278
f 276/320/278 268/310/270 263/305/265
f 281/327/283 280/326/282 271/315/273
f 271/315/273 270/314/272 281/327/283
f 282/328/284 281/327/283 270/314/272
f 270/314/272 274/318/276 282/328/284
f 277/321/279 284/330/286 282/333/284
f 282/333/284 274/322/276 277/321/279
f 271/315/273 280/326/282 284/330/286
f 284/330/286 277/321/279 271/315/273
s 15
f 298/352/302 299/353/303 300/354/304
f 300/354/304 301/355/305 298/352/302
s 16
f 302/356/306 303/357/307 304/358/308
f 304/358/308 305/359/309 302/356/306
f 306/360/310 302/356/306 305/359/309
f 305/359/309 307/361/311 306/360/310
f 308/362/312 306/363/310 307/364/311
f 307/364/311 309/365/313 308/362/312
f 304/358/308 303/357/307 308/362/312
f 308/362/312 309/365/313 304/358/308
f 310/366/314 311/367/315 312/368/316
f 312/368/316 313/369/317 310/366/314
f 314/370/318 310/366/314 313/369/317
f 313/369/317 315/371/319 314/370/318
f 316/372/320 317/373/321 314/374/318
f 314/374/318 315/375/319 316/372/320
f 312/368/316 311/367/315 317/373/321
f 317/373/321 316/372/320 312/368/316
f 318/376/322 319/377/323 320/378/324
f 320/378/324 321/379/325 318/376/322
f 322/380/326 323/381/327 318/376/322
f 318/376/322 321/379/325 322/380/326
f 324/382/328 325/383/329 323/384/327
f 323/384/327 322/385/326 324/382/328
f 319/377/323 325/383/329 324/382/328
f 324/382/328 320/378/324 319/377/323
f 299/386/303 298/352/330 326/387/331
f 326/387/331 327/388/332 299/386/303
f 328/389/333 300/390/304 299/386/303
f 299/386/303 327/388/332 328/389/333
f 329/391/334 301/355/305 300/392/304
f 300/392/304 328/393/333 329/391/334
f 298/352/330 301/355/305 329/391/334
f 329/391/334 326/387/331 298/352/330
f 330/394/335 331/395/336 332/396/337
f 332/396/337 333/397/338 330/394/335
f 334/398/339 335/399/340 331/395/336
f 331/395/336 330/394/335 334/398/339
f 336/400/341 335/401/340 334/402/339
f 334/402/339 337/403/342 336/400/341
f 332/396/337 336/400/341 337/403/342
f 337/403/342 333/397/338 332/396/337
f 327/388/332 326/387/331 332/396/337
f 332/396/337 331/395/336 327/388/332
f 335/399/340 328/389/333 327/388/332
f 327/388/332 331/395/336 335/399/340
f 336/400/341 329/391/334 328/393/333
f 328/393/333 335/401/340 336/400/341
f 326/387/331 329/391/334 336/400/341
f 336/400/341 332/396/337 326/387/331
f 330/394/335 333/397/338 319/377/323
f 319/377/323 318/376/322 330/394/335
f 334/398/339 330/394/335 318/376/322
f 318/376/322 323/381/327 334/398/339
f 325/383/329 337/403/342 334/402/339
f 334/402/339 323/384/327 325/383/329
f 319/377/323 333/397/338 337/403/342
f 337/403/342 325/383/329 319/377/323
f 313/369/317 312/368/316 303/357/307
f 303/357/307 302/356/306 313/369/317
f 315/371/319 313/369/317 302/356/306
f 302/356/306 306/360/310 315/371/319
f 308/362/312 316/372/320 315/375/319
f 315/375/319 306/363/310 308/362/312
f 303/357/307 312/368/316 316/372/320
f 316/372/320 308/362/312 303/357/307
f 321/379/325 320/378/324 311/367/315
f 311/367/315 310/366/314 321/379/325
f 322/380/326 321/379/325 310/366/314
f 310/366/314 314/370/318 322/380/326
f 317/373/321 324/382/328 322/385/326
f 322/385/326 314/374/318 317/373/321
f 311/367/315 320/378/324 324/382/328
f 324/382/328 317/373/321 311/367/315
s 17
f 338/404/343 339/405/344 340/406/345
f 340/406/345 341/407/346 338/404/343
f 342/408/347 343/409/348 339/405/344
f 339/405/344 338/404/343 342/408/347
f 342/408/347 344/410/349 343/409/348
f 341/407/346 340/406/345 345/411/350
f 345/411/350 346/412/351 341/407/346
f 346/412/351 345/411/350 347/413/352
f 347/413/352 348/414/353 346/412/351
s 18
f 349/415/354 350/416/355 351/417/356
f 351/417/356 352/418/357 349/415/354
f 353/419/358 349/415/354 352/418/357
f 352/418/357 354/420/359 353/419/358
f 353/419/358 354/420/359 355/421/360
f 350/416/355 356/422/361 357/423/362
f 357/423/362 351/417/356 350/416/355
f 356/422/361 358/424/363 359/425/364
f 359/425/364 357/423/362 356/422/361
s 19
f 360/426/365 361/427/366 362/428/367
f 362/428/367 363/429/368 360/426/365
f 364/430/369 365/431/370 361/427/366
f 361/427/366 360/426/365 364/430/369
f 364/430/369 366/432/371 365/431/370
f 363/429/368 362/428/367 367/433/372
f 367/433/372 368/434/373 363/429/368
f 368/434/373 367/433/372 369/435/374
f 369/435/374 370/436/375 368/434/373
s 20
f 371/437/376 372/438/377 373/439/378
f 373/439/378 374/440/379 371/437/376
f 375/441/380 371/437/376 374/440/379
f 374/440/379 376/442/381 375/441/380
f 375/441/380 376/442/381 377/443/382
f 372/438/377 378/444/383 379/445/384
f 379/445/384 373/439/378 372/438/377
f 378/444/383 380/446/385 381/447/386
f 381/447/386 379/445/384 378/444/383
s 21
f 382/448/387 383/449/388 384/450/389
f 383/449/388 385/451/390 384/450/389
f 382/448/387 386/452/391 383/449/388
f 383/449/388 387/453/392 385/451/390
f 383/449/388 388/454/393 387/453/392
f 387/453/392 389/455/394 385/451/390
f 382/448/387 390/456/395 386/452/391
f 386/452/391 391/457/396 383/449/388
f 392/458/397 393/459/398 385/451/390
f 384/450/389 385/451/390 393/459/398
f 393/459/398 394/460/399 384/450/389
f 395/461/400 394/460/399 396/462/401
f 396/462/401 394/460/399 393/459/398
f 395/461/400 396/462/401 397/463/402
f 396/462/401 393/459/398 398/464/403
f 396/462/401 398/464/403 399/465/404
f 398/464/403 393/459/398 400/466/405
f 395/461/400 397/463/402 401/467/406
f 397/463/402 396/462/401 402/468/407
f 382/448/387 395/461/400 403/469/408
f 403/469/408 404/470/409 382/448/387
f 404/470/409 403/469/408 405/471/410
f 405/471/410 406/472/411 404/470/409
f 382/448/387 384/450/389 394/460/399
f 394/460/399 395/461/400 382/448/387
f 407/473/412 406/472/411 405/471/410
s 22
f 408/474/413 409/475/414 410/476/415
f 410/476/415 409/475/414 411/477/416
f 408/474/413 410/476/415 412/478/417
f 410/476/415 411/477/416 413/479/418
f 410/476/415 413/479/418 414/480/419
f 413/479/418 411/477/416 415/481/420
f 408/474/413 412/478/417 416/482/421
f 412/478/417 410/476/415 417/483/422
f 418/484/423 411/477/416 419/485/424
f 409/475/414 420/486/425 419/485/424
f 419/485/424 411/477/416 409/475/414
f 421/487/426 422/488/427 420/486/425
f 422/488/427 419/485/424 420/486/425
f 421/487/426 423/489/428 422/488/427
f 422/488/427 424/490/429 419/485/424
f 422/488/427 425/491/430 424/490/429
f 424/490/429 426/492/431 419/485/424
f 421/487/426 427/493/432 423/489/428
f 423/489/428 428/494/433 422/488/427
f 408/474/413 429/495/434 430/496/435
f 430/496/435 421/487/426 408/474/413
f 429/495/434 431/497/436 432/498/437
f 432/498/437 430/496/435 429/495/434
f 408/474/413 421/487/426 420/486/425
f 420/486/425 409/475/414 408/474/413
f 433/499/438 432/498/437 431/497/436
s 23
f 434/500/439 435/501/440 436/502/441
f 435/501/440 437/503/442 436/502/441
f 434/500/439 438/504/443 435/501/440
f 435/501/440 439/505/444 437/503/442
f 435/501/440 440/506/445 439/505/444
f 439/505/444 441/507/446 437/503/442
f 434/500/439 442/508/447 438/504/443
f 438/504/443 443/509/448 435/501/440
f 444/510/449 445/511/450 437/503/442
f 436/502/441 437/503/442 445/511/450
f 445/511/450 446/512/451 436/502/441
f 447/513/452 446/512/451 448/514/453
f 448/514/453 446/512/451 445/511/450
f 447/513/452 448/514/453 449/515/454
f 448/514/453 445/511/450 450/516/455
f 448/514/453 450/516/455 451/517/456
f 450/516/455 445/511/450 452/518/457
f 447/513/452 449/515/454 453/519/458
f 449/515/454 448/514/453 454/520/459
f 434/500/439 447/513/452 455/521/460
f 455/521/460 456/522/461 434/500/439
f 456/522/461 455/521/460 457/523/462
f 457/523/462 458/524/462 456/522/461
f 434/500/439 436/502/441 446/512/451
f 446/512/451 447/513/452 434/500/439
f 459/525/463 458/524/462 457/523/462
s 24
f 460/526/464 461/527/465 462/528/466
f 462/528/466 461/527/465 463/529/467
f 460/526/464 462/528/466 464/530/468
f 462/528/466 463/529/467 465/531/469
f 462/528/466 465/531/469 466/532/470
f 465/531/469 463/529/467 467/533/471
f 460/526/464 464/530/468 468/534/472
f 464/530/468 462/528/466 469/535/473
f 470/536/474 463/529/467 471/537/475
f 461/527/465 472/538/476 471/537/475
f 471/537/475 463/529/467 461/527/465
f 473/539/477 474/540/478 472/538/476
f 474/540/478 471/537/475 472/538/476
f 473/539/477 475/541/479 474/540/478
f 474/540/478 476/542/480 471/537/475
f 474/540/478 477/543/481 476/542/480
f 476/542/480 478/544/482 471/537/475
f 473/539/477 479/545/483 475/541/479
f 475/541/479 480/546/484 474/540/478
f 460/526/464 481/547/485 482/548/486
f 482/548/486 473/539/477 460/526/464
f 481/547/485 483/549/487 484/550/487
f 484/550/487 482/548/486 481/547/485
f 460/526/464 473/539/477 472/538/476
f 472/538/476 461/527/465 460/526/464
f 485/551/488 484/550/487 483/549/487
s 25
f 486/552/489 487/553/490 488/554/491
f 488/554/491 489/555/492 486/552/489
f 490/556/493 491/557/494 487/553/490
f 487/553/490 486/552/489 490/556/493
f 490/556/493 492/558/495 491/557/494
f 489/555/492 488/554/491 493/559/496
f 493/559/496 494/560/497 489/555/492
f 494/560/497 493/559/496 495/561/498
f 495/561/498 496/562/499 494/560/497
s 26
f 497/563/500 498/564/501 499/565/502
f 499/565/502 500/566/503 497/563/500
f 501/567/504 497/563/500 500/566/503
f 500/566/503 502/568/505 501/567/504
f 501/567/504 502/568/505 503/569/506
f 498/564/501 504/570/507 505/571/508
f 505/571/508 499/565/502 498/564/501
f 504/570/507 506/572/509 507/573/510
f 507/573/510 505/571/508 504/570/507
s 27
f 508/574/511 509/575/512 510/576/513
f 510/576/513 511/577/514 508/574/511
f 512/578/515 513/579/516 509/575/512
f 509/575/512 508/574/511 512/578/515
f 512/578/515 514/580/517 513/579/516
f 511/577/514 510/576/513 515/581/518
f 515/581/518 516/582/519 511/577/514
f 516/582/519 515/581/518 517/583/520
f 517/583/520 518/584/521 516/582/519
s 28
f 519/585/522 520/586/523 521/587/524
f 521/587/524 522/588/525 519/585/522
f 523/589/526 519/585/522 522/588/525
f 522/588/525 524/590/527 523/589/526
f 523/589/526 524/590/527 525/591/528
f 520/586/523 526/592/529 527/593/530
f 527/593/530 521/587/524 520/586/523
f 526/592/529 528/594/531 529/595/532
f 529/595/532 527/593/530 526/592/529
s 29
f 530/596/533 531/597/534 532/598/535
f 532/598/535 533/599/536 530/596/533
f 534/600/537 535/601/538 531/597/534
f 531/597/534 530/596/533 534/600/537
f 534/600/537 536/602/539 535/601/538
f 533/599/536 532/598/535 537/603/540
f 537/603/540 538/604/541 533/599/536
f 538/604/541 537/603/540 539/605/542
f 539/605/542 540/606/543 538/604/541
s 30
f 541/607/544 542/608/545 543/609/546
f 542/608/545 544/610/547 543/609/546
f 541/607/544 545/611/548 542/608/545
f 542/608/545 546/612/549 544/610/547
f 542/608/545 547/613/550 546/612/549
f 546/612/549 548/614/551 544/610/547
f 541/607/544 549/615/552 545/611/548
f 545/611/548 550/616/553 542/608/545
f 551/617/554 552/618/555 544/610/547
f 543/609/546 544/610/547 552/618/555
f 552/618/555 553/619/556 543/609/546
f 554/620/557 553/619/556 555/621/558
f 555/621/558 553/619/556 552/618/555
f 554/620/557 555/621/558 556/622/559
f 555/621/558 552/618/555 557/623/560
f 555/621/558 557/623/560 558/624/561
f 557/623/560 552/618/555 559/625/562
f 554/620/557 556/622/559 560/626/563
f 556/622/559 555/621/558 561/627/564
f 541/607/544 554/620/557 562/628/565
f 562/628/565 563/629/565 541/607/544
f 563/629/565 562/628/565 564/630/566
f 564/630/566 565/631/567 563/629/565
f 541/607/544 543/609/546 553/619/556
f 553/619/556 554/620/557 541/607/544
f 566/632/568 565/631/567 564/630/566
s 31
f 567/633/569 568/634/570 569/635/571
f 569/635/571 570/636/572 567/633/569
f 571/637/573 567/633/569 570/636/572
f 570/636/572 572/638/574 571/637/573
f 571/637/573 572/638/574 573/639/575
f 568/634/570 574/640/576 575/641/577
f 575/641/577 569/635/571 568/634/570
f 574/640/576 576/642/578 577/643/579
f 577/643/579 575/641/577 574/640/576
s 32
f 578/644/580 579/645/581 580/646/582
f 580/646/582 581/647/583 578/644/580
f 582/648/584 578/644/580 581/647/583
f 581/647/583 583/649/585 582/648/584
f 582/648/584 583/649/585 584/650/586
f 579/645/581 585/651/587 586/652/588
f 586/652/588 580/646/582 579/645/581
f 585/651/587 587/653/589 588/654/590
f 588/654/590 586/652/588 585/651/587
s 33
f 589/655/591 590/656/592 591/657/593
f 591/657/593 590/656/592 592/658/594
f 589/655/591 591/657/593 593/659/595
f 591/657/593 592/658/594 594/660/596
f 591/657/593 594/660/596 595/661/597
f 594/660/596 592/658/594 596/662/598
f 589/655/591 593/659/595 597/663/599
f 593/659/595 591/657/593 598/664/600
f 599/665/601 592/658/594 600/666/602
f 590/656/592 601/667/603 600/666/602
f 600/666/602 592/658/594 590/656/592
f 602/668/604 603/669/605 601/667/603
f 603/669/605 600/666/602 601/667/603
f 602/668/604 604/670/606 603/669/605
f 603/669/605 605/671/607 600/666/602
f 603/669/605 606/672/608 605/671/607
f 605/671/607 607/673/609 600/666/602
f 602/668/604 608/674/610 604/670/606
f 604/670/606 609/675/611 603/669/605
f 589/655/591 610/676/612 611/677/612
f 611/677/612 602/668/604 589/655/591
f 610/676/612 612/678/613 613/679/613
f 613/679/613 611/677/612 610/676/612
f 589/655/591 602/668/604 601/667/603
f 601/667/603 590/656/592 589/655/591
f 614/680/614 613/679/613 612/678/613
s 34
f 615/681/615 616/682/616 617/683/617
f 617/683/617 618/684/618 615/681/615
f 619/685/619 620/686/620 616/682/616
f 616/682/616 615/681/615 619/685/619
f 619/685/619 621/687/621 620/686/620
f 618/684/618 617/683/617 622/688/622
f 622/688/622 623/689/623 618/684/618
f 623/689/623 622/688/622 624/690/624
f 624/690/624 625/691/625 623/689/623
s 35
f 626/692/626 627/693/627 628/694/628
f 628/694/628 629/695/629 626/692/626
f 630/696/630 631/697/631 626/692/626
f 626/692/626 629/695/629 630/696/630
f 632/698/632 633/699/633 631/700/631
f 631/700/631 630/701/630 632/698/632
f 627/693/627 633/699/633 632/698/632
f 632/698/632 628/694/628 627/693/627
f 629/695/629 628/694/628 634/702/634
f 634/702/634 635/703/635 629/695/629
f 630/696/630 629/695/629 635/703/635
f 635/703/635 636/704/636 630/696/630
f 637/705/637 632/698/632 630/701/630
f 630/701/630 636/706/636 637/705/637
f 628/694/628 632/698/632 637/705/637
f 637/705/637 634/702/634 628/694/628
s 5
f 125/157/129 123/155/127 122/154/126
f 122/154/126 124/156/128 125/157/129
s 36
f 638/707/638 639/708/639 640/709/640
f 640/709/640 641/710/641 638/707/638
f 642/711/642 638/707/638 641/710/641
f 641/710/641 643/712/643 642/711/642
f 642/711/642 643/712/643 644/713/644
f 639/708/639 645/714/645 646/715/646
f 646/715/646 640/709/640 639/708/639
f 645/714/645 647/716/647 648/717/648
f 648/717/648 646/715/646 645/714/645
s 37
f 649/718/649 650/719/650 651/720/651
f 651/720/651 652/721/652 649/718/649
f 653/722/653 654/723/654 650/719/650
f 650/719/650 649/718/649 653/722/653
f 653/722/653 655/724/655 654/723/654
f 652/721/652 651/720/651 656/725/656
f 656/725/656 657/726/657 652/721/652
f 657/726/657 656/725/656 658/727/658
f 658/727/658 659/728/659 657/726/657
s 38
f 660/729/660 661/730/661 662/731/662
f 661/730/661 663/732/663 662/731/662
f 660/729/660 664/733/664 661/730/661
f 661/730/661 665/734/665 663/732/663
f 661/730/661 666/735/666 665/734/665
f 665/734/665 667/736/667 663/732/663
f 660/729/660 668/737/668 664/733/664
f 664/733/664 669/738/669 661/730/661
f 670/739/670 671/740/671 663/732/663
f 662/731/662 663/732/663 671/740/671
f 671/740/671 672/741/672 662/731/662
f 673/742/673 672/741/672 674/743/674
f 674/743/674 672/741/672 671/740/671
f 673/742/673 674/743/674 675/744/675
f 674/743/674 671/740/671 676/745/676
f 674/743/674 676/745/676 677/746/677
f 676/745/676 671/740/671 678/747/678
f 673/742/673 675/744/675 679/748/679
f 675/744/675 674/743/674 680/749/680
f 660/729/660 673/742/673 681/750/681
f 681/750/681 682/751/682 660/729/660
f 682/751/682 681/750/681 683/752/683
f 683/752/683 684/753/684 682/751/682
f 660/729/660 662/731/662 672/741/672
f 672/741/672 673/742/673 660/729/660
f 685/754/685 684/753/684 683/752/683
s 39
f 686/755/686 687/756/687 688/757/688
f 688/757/688 687/756/687 689/758/689
f 686/755/686 688/757/688 690/759/690
f 688/757/688 689/758/689 691/760/691
f 688/757/688 691/760/691 692/761/692
f 691/760/691 689/758/689 693/762/693
f 686/755/686 690/759/690 694/763/694
f 690/759/690 688/757/688 695/764/695
f 696/765/696 689/758/689 697/766/697
f 687/756/687 698/767/698 697/766/697
f 697/766/697 689/758/689 687/756/687
f 699/768/699 700/769/700 698/767/698
f 700/769/700 697/766/697 698/767/698
f 699/768/699 701/770/701 700/769/700
f 700/769/700 702/771/702 697/766/697
f 700/769/700 703/772/703 702/771/702
f 702/771/702 704/773/704 697/766/697
f 699/768/699 705/774/705 701/770/701
f 701/770/701 706/775/706 700/769/700
f 686/755/686 707/776/707 708/777/708
f 708/777/708 699/768/699 686/755/686
f 707/776/707 709/778/709 710/779/710
f 710/779/710 708/777/708 707/776/707
f 686/755/686 699/768/699 698/767/698
f 698/767/698 687/756/687 686/755/686
f 711/780/711 710/779/710 709/778/709
s 40
f 712/781/712 713/782/713 714/783/714
f 714/783/714 715/784/715 712/781/712
f 716/785/716 717/786/717 713/782/713
f 713/782/713 712/781/712 716/785/716
f 716/785/716 718/787/718 717/786/717
f 715/784/715 714/783/714 719/788/719
f 719/788/719 720/789/720 715/784/715
f 720/789/720 719/788/719 721/790/721
f 721/790/721 722/791/722 720/789/720
s 41
f 723/792/723 724/793/724 725/794/725
f 725/794/725 726/795/726 723/792/723
f 727/796/727 723/792/723 726/795/726
f 726/795/726 728/797/728 727/796/727
f 727/796/727 728/797/728 729/798/729
f 724/793/724 730/799/730 731/800/731
f 731/800/731 725/794/725 724/793/724
f 730/799/730 732/801/732 733/802/733
f 733/802/733 731/800/731 730/799/730
s 42
f 734/803/734 735/804/735 736/805/736
f 734/803/734 736/805/736 737/806/737
f 734/803/734 737/806/737 738/807/738
f 734/803/734 738/807/738 739/808/739
f 734/803/734 739/808/739 740/809/740
f 734/803/734 740/809/740 741/810/741
f 742/811/742 736/805/736 735/804/735
f 735/804/735 743/812/743 742/811/742
f 744/813/744 737/806/737 736/805/736
f 736/805/736 742/811/742 744/813/744
f 745/814/745 738/807/738 737/806/737
f 737/806/737 744/813/744 745/814/745
f 746/815/746 739/808/739 738/807/738
f 738/807/738 745/814/745 746/815/746
f 747/816/747 740/809/740 739/808/739
f 739/808/739 746/815/746 747/816/747
f 748/817/748 741/810/741 740/809/740
f 740/809/740 747/816/747 748/817/748
f 749/818/749 750/819/750 751/820/751
f 751/820/751 752/821/752 749/818/749
f 753/822/753 754/823/754 750/819/750
f 750/819/750 749/818/749 753/822/753
f 755/824/755 756/825/756 754/823/754
f 754/823/754 753/822/753 755/824/755
f 757/826/757 758/827/758 756/825/756
f 756/825/756 755/824/755 757/826/757
f 759/828/759 760/829/760 758/827/758
f 758/827/758 757/826/757 759/828/759
f 761/830/761 762/831/762 760/829/760
f 760/829/760 759/828/759 761/830/761
f 763/832/763 749/818/749 752/821/752
f 752/821/752 764/833/764 763/832/763
f 765/834/765 753/822/753 749/818/749
f 749/818/749 763/832/763 765/834/765
f 766/835/766 755/824/755 753/822/753
f 753/822/753 765/834/765 766/835/766
f 767/836/767 757/826/757 755/824/755
f 755/824/755 766/835/766 767/836/767
f 768/837/768 759/828/759 757/826/757
f 757/826/757 767/836/767 768/837/768
f 769/838/769 761/830/761 759/828/759
f 759/828/759 768/837/768 769/838/769
f 770/839/770 771/840/771 772/841/772
f 772/841/772 773/842/773 770/839/770
f 774/843/774 775/844/775 771/840/771
f 771/840/771 770/839/770 774/843/774
f 776/845/776 777/846/777 775/844/775
f 775/844/775 774/843/774 776/845/776
f 778/847/778 779/848/779 777/846/777
f 777/846/777 776/845/776 778/847/778
f 780/849/780 781/850/781 779/848/779
f 779/848/779 778/847/778 780/849/780
f 782/851/782 783/852/783 781/850/781
f 781/850/781 780/849/780 782/851/782
f 784/853/784 770/839/770 773/842/773
f 784/853/784 774/843/774 770/839/770
f 784/853/784 776/845/776 774/843/774
f 784/853/784 778/847/778 776/845/776
f 784/853/784 780/849/780 778/847/778
f 784/853/784 782/851/782 780/849/780
f 743/812/743 751/820/751 750/819/750
f 750/819/750 742/811/742 743/812/743
f 742/811/742 750/819/750 754/823/754
f 754/823/754 744/813/744 742/811/742
f 744/813/744 754/823/754 756/825/756
f 756/825/756 745/814/745 744/813/744
f 745/814/745 756/825/756 758/827/758
f 758/827/758 746/815/746 745/814/745
f 746/815/746 758/827/758 760/829/760
f 760/829/760 747/816/747 746/815/746
f 747/816/747 760/829/760 762/831/762
f 762/831/762 748/817/748 747/816/747
f 764/833/764 772/841/772 771/840/771
f 771/840/771 763/832/763 764/833/764
f 763/832/763 771/840/771 775/844/775
f 775/844/775 765/834/765 763/832/763
f 765/834/765 775/844/775 777/846/777
f 777/846/777 766/835/766 765/834/765
f 766/835/766 777/846/777 779/848/779
f 779/848/779 767/836/767 766/835/766
f 767/836/767 779/848/779 781/850/781
f 781/850/781 768/837/768 767/836/767
f 768/837/768 781/850/781 783/852/783
f 783/852/783 769/838/769 768/837/768
f 734/803/734 785/854/785 735/855/735
f 734/803/734 786/856/786 785/854/785
f 734/803/734 787/857/787 786/856/786
f 734/803/734 788/858/788 787/857/787
f 734/803/734 789/859/789 788/858/788
f 734/803/734 741/860/741 789/859/789
f 790/861/790 743/862/743 735/855/735
f 735/855/735 785/854/785 790/861/790
f 791/863/791 790/861/790 785/854/785
f 785/854/785 786/856/786 791/863/791
f 792/864/792 791/863/791 786/856/786
f 786/856/786 787/857/787 792/864/792
f 793/865/793 792/864/792 787/857/787
f 787/857/787 788/858/788 793/865/793
f 794/866/794 793/865/793 788/858/788
f 788/858/788 789/859/789 794/866/794
f 748/867/748 794/866/794 789/859/789
f 789/859/789 741/860/741 748/867/748
f 795/868/795 752/869/752 751/870/751
f 751/870/751 796/871/796 795/868/795
f 797/872/797 795/868/795 796/871/796
f 796/871/796 798/873/798 797/872/797
f 799/874/799 797/872/797 798/873/798
f 798/873/798 800/875/800 799/874/799
f 801/876/801 799/874/799 800/875/800
f 800/875/800 802/877/802 801/876/801
f 803/878/803 801/876/801 802/877/802
f 802/877/802 804/879/804 803/878/803
f 761/880/761 803/878/803 804/879/804
f 804/879/804 762/881/762 761/880/761
f 805/882/805 764/883/764 752/869/752
f 752/869/752 795/868/795 805/882/805
f 806/884/806 805/882/805 795/868/795
f 795/868/795 797/872/797 806/884/806
f 807/885/807 806/884/806 797/872/797
f 797/872/797 799/874/799 807/885/807
f 808/886/808 807/885/807 799/874/799
f 799/874/799 801/876/801 808/886/808
f 809/887/809 808/886/808 801/876/801
f 801/876/801 803/878/803 809/887/809
f 769/888/769 809/887/809 803/878/803
f 803/878/803 761/880/761 769/888/769
f 810/889/810 773/890/773 772/891/772
f 772/891/772 811/892/811 810/889/810
f 812/893/812 810/889/810 811/892/811
f 811/892/811 813/894/813 812/893/812
f 814/895/814 812/893/812 813/894/813
f 813/894/813 815/896/815 814/895/814
f 816/897/816 814/895/814 815/896/815
f 815/896/815 817/898/817 816/897/816
f 818/899/818 816/897/816 817/898/817
f 817/898/817 819/900/819 818/899/818
f 782/901/782 818/899/818 819/900/819
f 819/900/819 783/902/783 782/901/782
f 784/853/784 773/890/773 810/889/810
f 784/853/784 810/889/810 812/893/812
f 784/853/784 812/893/812 814/895/814
f 784/853/784 814/895/814 816/897/816
f 784/853/784 816/897/816 818/899/818
f 784/853/784 818/899/818 782/901/782
f 743/862/743 790/861/790 796/871/796
f 796/871/796 751/870/751 743/862/743
f 790/861/790 791/863/791 798/873/798
f 798/873/798 796/871/796 790/861/790
f 791/863/791 792/864/792 800/875/800
f 800/875/800 798/873/798 791/863/791
f 792/864/792 793/865/793 802/877/802
f 802/877/802 800/875/800 792/864/792
f 793/865/793 794/866/794 804/879/804
f 804/879/804 802/877/802 793/865/793
f 794/866/794 748/867/748 762/881/762
f 762/881/762 804/879/804 794/866/794
f 764/883/764 805/882/805 811/892/811
f 811/892/811 772/891/772 764/883/764
f 805/882/805 806/884/806 813/894/813
f 813/894/813 811/892/811 805/882/805
f 806/884/806 807/885/807 815/896/815
f 815/896/815 813/894/813 806/884/806
f 807/885/807 808/886/808 817/898/817
f 817/898/817 815/896/815 807/885/807
f 808/886/808 809/887/809 819/900/819
f 819/900/819 817/898/817 808/886/808
f 809/887/809 769/888/769 783/902/783
f 783/902/783 819/900/819 809/887/809
