# Blender v3.3.0 OBJ File: ''
# www.blender.org
o WatermelonStage04.005
v 0.100285 0.046614 0.105586
v 0.101871 0.044172 0.104855
v 0.104077 0.045466 0.105999
v 0.102490 0.047906 0.106726
v 0.071717 0.141093 0.055310
v 0.090418 0.099541 0.036653
v 0.089941 0.101161 0.040798
v 0.072495 0.141954 0.059179
v 0.074983 0.143494 0.052996
v 0.093951 0.101091 0.035854
v 0.093474 0.102709 0.040011
v 0.075761 0.144422 0.056889
v 0.107908 0.058079 0.082119
v 0.105914 0.060515 0.083523
v 0.104078 0.075301 0.056047
v 0.106516 0.073566 0.053291
v 0.109150 0.074435 0.055320
v 0.110330 0.059465 0.083535
v 0.106712 0.076165 0.058068
v 0.108336 0.061898 0.084934
v 0.000021 0.166200 0.091624
v 0.041069 0.162059 0.079671
v 0.041924 0.162146 0.083752
v -0.001874 0.167666 0.096145
v 0.000450 0.171927 0.092069
v 0.044498 0.165694 0.077528
v 0.045352 0.165834 0.081628
v -0.000440 0.172630 0.097205
v -0.000899 0.167261 0.092683
v -0.015353 0.157663 0.111310
v -0.017434 0.162381 0.111029
v -0.004468 0.170994 0.094306
v 0.001458 0.168275 0.095239
v -0.011872 0.159353 0.113758
v -0.013952 0.164078 0.113445
v -0.000441 0.172630 0.097205
v -0.024194 0.146331 0.122555
v -0.027690 0.148508 0.123828
v -0.021878 0.146657 0.125289
v -0.025371 0.148818 0.126593
v 0.002151 0.165894 0.093023
v 0.034868 0.175408 0.100165
v 0.033596 0.176031 0.103904
v 0.000090 0.167036 0.096467
v 0.001597 0.172036 0.092598
v 0.036043 0.180325 0.098910
v 0.034771 0.180976 0.102658
v -0.000440 0.172630 0.097205
v -0.042129 0.162516 0.061621
v -0.073215 0.123901 0.048832
v -0.076226 0.125357 0.045992
v -0.045122 0.164759 0.057666
v -0.045698 0.162517 0.063229
v -0.075296 0.124268 0.051434
v -0.078320 0.125706 0.048565
v -0.048713 0.164709 0.059227
v -0.013151 0.176670 0.092588
v -0.009883 0.180666 0.093430
v 0.001268 0.171944 0.092279
v -0.000085 0.166425 0.091574
v -0.000008 0.167081 0.096532
v -0.013142 0.176285 0.097289
v -0.000441 0.172630 0.097205
v -0.010006 0.180162 0.098113
v -0.022361 0.182110 0.087990
v -0.034882 0.180742 0.075397
v -0.035178 0.185141 0.072337
v -0.021230 0.186909 0.087057
v -0.024503 0.182912 0.090914
v -0.038237 0.181700 0.076311
v -0.038533 0.186071 0.073181
v -0.023372 0.187719 0.089955
v -0.086535 0.110325 0.044261
v -0.088743 0.111831 0.041539
v -0.088534 0.111171 0.047080
v -0.090739 0.112647 0.044327
v 0.000000 -0.015962 0.000902
v 0.000000 0.003578 -0.007196
v 0.010912 0.002750 0.004545
v -0.010912 0.002557 0.004490
v 0.000000 0.001631 0.015817
v 0.004828 0.111132 0.069359
v 0.002182 0.148402 0.084689
v 0.006061 0.146718 0.087220
v 0.008968 0.109358 0.071900
v 0.000688 0.109301 0.072293
v -0.001685 0.146773 0.087456
v 0.002194 0.145119 0.090017
v 0.004828 0.107564 0.074866
v 0.000000 0.013229 -0.001319
v 0.007160 0.012721 0.006723
v -0.007160 0.012416 0.006402
v 0.000000 0.011866 0.014183
v -0.000463 0.168801 0.091150
v -0.003109 0.172400 0.080484
v 0.000247 0.175707 0.080175
v 0.003154 0.170593 0.094299
v -0.004058 0.170823 0.094184
v -0.006431 0.175807 0.078839
v -0.003075 0.179084 0.078312
v -0.000441 0.172630 0.097205
v -0.033362 0.121091 0.130624
v -0.036983 0.123220 0.131588
v -0.032036 0.120069 0.133808
v -0.035666 0.122173 0.134795
v -0.033362 0.095702 0.124495
v -0.036983 0.097831 0.125459
v -0.032036 0.094680 0.127679
v -0.035666 0.096783 0.128666
v -0.040969 0.084469 0.125311
v -0.044591 0.086598 0.126276
v -0.039644 0.083448 0.128496
v -0.043274 0.085551 0.129482
v -0.063809 0.074748 0.144654
v -0.065471 0.078559 0.143515
v -0.061611 0.075502 0.147400
v -0.063278 0.079320 0.146295
v -0.075045 0.079060 0.156568
v -0.076525 0.082552 0.154521
v -0.072140 0.080217 0.158348
v -0.073617 0.083727 0.156330
v -0.107572 0.087863 0.046465
v -0.108731 0.090270 0.043744
v -0.108880 0.089594 0.049284
v -0.110052 0.091975 0.046532
v -0.125938 0.086384 0.046465
v -0.125739 0.089049 0.043744
v -0.126206 0.088538 0.049284
v -0.126030 0.091186 0.046532
v 0.058411 0.168844 0.100803
v 0.060493 0.169318 0.104183
v 0.059375 0.173481 0.098634
v 0.061471 0.173981 0.102017
v 0.071325 0.146511 0.091217
v 0.073859 0.145719 0.094206
v 0.074200 0.150028 0.088667
v 0.076760 0.149251 0.091656
v 0.097480 0.120935 0.073462
v 0.099154 0.120454 0.077061
v 0.100917 0.124289 0.071443
v 0.102616 0.123824 0.075047
v 0.120562 0.113149 0.066979
v 0.121571 0.111646 0.070544
v 0.124371 0.116672 0.066510
v 0.125403 0.115181 0.070087
v -0.003109 0.164091 0.069869
v 0.000247 0.166426 0.067507
v -0.006431 0.165643 0.066420
v -0.003075 0.167814 0.063909
v -0.003109 0.111230 0.047644
v 0.000247 0.113565 0.045281
v -0.006431 0.112782 0.044194
v -0.003075 0.114954 0.041684
v 0.017788 0.070082 0.010298
v 0.021144 0.072417 0.007936
v 0.014466 0.071634 0.006849
v 0.017822 0.073805 0.004338
v 0.045317 0.053900 -0.034948
v 0.046563 0.057987 -0.032938
v 0.041519 0.056318 -0.037199
v 0.042851 0.060466 -0.035383
v 0.094348 0.046806 -0.083669
v 0.095594 0.050892 -0.081659
v 0.090550 0.049224 -0.085921
v 0.091882 0.053372 -0.084104
v -0.032942 0.100581 0.212322
v -0.001190 0.106745 0.199607
v -0.006037 0.095815 0.169777
v -0.043014 0.085985 0.188918
v -0.024405 0.108466 0.224522
v -0.006477 0.111411 0.221480
v -0.014567 0.113436 0.229732
v -0.026172 0.091759 0.145564
v -0.051078 0.085577 0.163459
v -0.049761 0.080740 0.133391
v -0.059816 0.077982 0.143876
v -0.032880 0.100363 0.212370
v -0.042950 0.085761 0.188959
v -0.005967 0.095600 0.169796
v -0.001128 0.106495 0.199654
v -0.024345 0.108244 0.224574
v -0.006417 0.111191 0.221536
v -0.014508 0.113212 0.229788
v -0.051013 0.085365 0.163497
v -0.026107 0.091549 0.145597
v -0.059751 0.077772 0.143910
v -0.049695 0.080531 0.133421
v -0.131319 0.071013 0.105360
v -0.115163 0.076349 0.074177
v -0.085009 0.086764 0.086790
v -0.108065 0.079400 0.121589
v -0.142902 0.067584 0.093720
v -0.137386 0.070191 0.075462
v -0.147062 0.066522 0.082163
v -0.062238 0.081834 0.108922
v -0.083071 0.075003 0.130927
v -0.050493 0.079948 0.134459
v -0.062544 0.077258 0.142927
v -0.131326 0.071237 0.105375
v -0.108072 0.079622 0.121604
v -0.085017 0.086976 0.086808
v -0.115170 0.076570 0.074192
v -0.142909 0.067808 0.093735
v -0.137393 0.070415 0.075478
v -0.147069 0.066745 0.082179
v -0.083079 0.075225 0.130945
v -0.062248 0.082048 0.108948
v -0.062552 0.077479 0.142946
v -0.050502 0.080167 0.134482
v -0.109756 0.115498 0.225744
v -0.075764 0.099464 0.208017
v -0.082712 0.093596 0.189008
v -0.057252 0.081277 0.162552
v -0.093821 0.128190 0.248019
v -0.041724 0.106768 0.234158
v -0.061075 0.108421 0.230120
v -0.035686 0.099724 0.218188
v -0.102369 0.126077 0.242770
v -0.082704 0.121589 0.240240
v -0.065187 0.078547 0.146041
v -0.083238 0.077840 0.139697
v -0.108853 0.089916 0.165920
v -0.145325 0.110491 0.194330
v -0.129199 0.091942 0.160824
v -0.170943 0.117333 0.179905
v -0.159018 0.091874 0.129234
v -0.153882 0.095525 0.148062
v -0.142606 0.086289 0.122024
v -0.164511 0.117329 0.187887
v -0.163512 0.110213 0.168871
v -0.161419 0.126515 0.215697
v -0.131442 0.130735 0.242172
v -0.164091 0.138460 0.233748
v -0.150730 0.140340 0.245549
v -0.161328 0.144153 0.243327
v -0.109852 0.114877 0.225951
v -0.082807 0.092975 0.189215
v -0.075860 0.098843 0.208224
v -0.057343 0.080648 0.162745
v -0.093916 0.127569 0.248227
v -0.041821 0.106132 0.234372
v -0.061171 0.107792 0.230330
v -0.035783 0.099093 0.218400
v -0.102464 0.125456 0.242977
v -0.082800 0.120968 0.240447
v -0.065276 0.077912 0.146223
v -0.083329 0.077208 0.139888
v -0.108949 0.089295 0.166127
v -0.145420 0.109870 0.194538
v -0.129295 0.091321 0.161031
v -0.171039 0.116712 0.180112
v -0.159114 0.091253 0.129441
v -0.153978 0.094904 0.148269
v -0.142702 0.085668 0.122231
v -0.164606 0.116708 0.188094
v -0.163608 0.109592 0.169078
v -0.131538 0.130114 0.242379
v -0.161514 0.125894 0.215904
v -0.150825 0.139719 0.245757
v -0.164187 0.137838 0.233956
v -0.161424 0.143532 0.243534
v -0.201583 0.088392 0.086084
v -0.160748 0.082476 0.091010
v -0.153316 0.084436 0.071382
v -0.114348 0.083960 0.064757
v -0.205793 0.093449 0.115544
v -0.151392 0.084492 0.133383
v -0.164739 0.084210 0.118688
v -0.135319 0.084269 0.123680
v -0.208727 0.092701 0.105750
v -0.190911 0.090962 0.115385
v -0.108875 0.088525 0.046968
v -0.118245 0.093498 0.032004
v -0.157253 0.094929 0.038396
v -0.208485 0.096218 0.039906
v -0.169387 0.102120 0.023088
v -0.220944 0.108274 0.015260
v -0.170871 0.123133 -0.016473
v -0.180326 0.114492 0.000205
v -0.152205 0.122321 -0.012320
v -0.221106 0.104143 0.024803
v -0.205722 0.110914 0.011202
v -0.238558 0.098261 0.048324
v -0.232007 0.094988 0.087859
v -0.254408 0.102657 0.062640
v -0.251483 0.101214 0.080266
v -0.259421 0.104733 0.072757
v -0.201583 0.087857 0.086084
v -0.153316 0.083901 0.071382
v -0.160748 0.081941 0.091010
v -0.114348 0.083425 0.064757
v -0.205793 0.092914 0.115544
v -0.151392 0.083958 0.133383
v -0.164739 0.083676 0.118688
v -0.135319 0.083735 0.123680
v -0.208727 0.092166 0.105750
v -0.190911 0.090427 0.115385
v -0.108875 0.087990 0.046968
v -0.118245 0.092963 0.032004
v -0.157253 0.094394 0.038396
v -0.208485 0.095684 0.039906
v -0.169387 0.101586 0.023088
v -0.220944 0.107739 0.015260
v -0.170871 0.122598 -0.016473
v -0.180326 0.113957 0.000205
v -0.152205 0.121787 -0.012320
v -0.221106 0.103608 0.024803
v -0.205722 0.110380 0.011202
v -0.232007 0.094454 0.087859
v -0.238558 0.097727 0.048324
v -0.251483 0.100679 0.080266
v -0.254408 0.102122 0.062640
v -0.259421 0.104198 0.072757
v -0.018426 0.199137 0.056582
v -0.019952 0.201030 0.055313
v -0.018010 0.202686 0.056790
v -0.016484 0.200788 0.058068
v -0.007567 0.185988 0.087126
v -0.005699 0.186344 0.083864
v -0.001256 0.171215 0.091726
v -0.003454 0.169374 0.094406
v -0.004881 0.188043 0.088832
v -0.000441 0.172630 0.097205
v -0.002954 0.187127 0.086139
v 0.001335 0.169875 0.094397
v -0.012200 0.197216 0.062907
v -0.010081 0.195676 0.060716
v -0.008799 0.194055 0.075000
v -0.010714 0.196447 0.076183
v -0.009603 0.199007 0.064176
v -0.007745 0.198312 0.076292
v -0.005831 0.195914 0.075115
v -0.007483 0.197467 0.061986
v -0.015356 0.212703 0.052753
v -0.013225 0.214540 0.051751
v -0.011332 0.202822 0.052310
v -0.013582 0.203345 0.054860
v -0.011383 0.204753 0.057057
v -0.013870 0.212525 0.056072
v -0.009133 0.204235 0.054502
v -0.011739 0.214362 0.055061
v -0.022252 0.202213 0.064488
v -0.022811 0.204080 0.061825
v -0.019921 0.205084 0.062264
v -0.019363 0.203216 0.064935
v -0.022567 0.215034 0.059184
v -0.023744 0.209839 0.064053
v -0.023161 0.209417 0.067489
v -0.020976 0.216947 0.060532
v -0.020186 0.213723 0.060329
v -0.020799 0.210083 0.063951
v -0.020216 0.209659 0.067389
v -0.018595 0.215622 0.061676
v 0.109711 0.188678 0.101160
v 0.111208 0.191223 0.100741
v 0.110254 0.192429 0.103253
v 0.108765 0.189891 0.103679
v 0.077939 0.174967 0.102491
v 0.080984 0.173985 0.104617
v 0.058411 0.168844 0.100803
v 0.059375 0.173481 0.098634
v 0.076508 0.176480 0.105794
v 0.061471 0.173981 0.102017
v 0.078619 0.174196 0.107286
v 0.060493 0.169318 0.104183
v 0.103625 0.184916 0.105590
v 0.104878 0.182023 0.106845
v 0.091865 0.182063 0.106381
v 0.091564 0.185699 0.105772
v 0.102719 0.186023 0.108757
v 0.091570 0.186573 0.109359
v 0.091863 0.182938 0.109964
v 0.103965 0.183127 0.110007
v 0.114714 0.201750 0.110483
v 0.115491 0.202758 0.113279
v 0.113460 0.189177 0.109582
v 0.111708 0.191028 0.107695
v 0.109985 0.191993 0.110268
v 0.111889 0.201420 0.111617
v 0.111734 0.190138 0.112152
v 0.112665 0.202427 0.114413
v 0.103710 0.194882 0.098723
v 0.106315 0.196749 0.099230
v 0.106111 0.196707 0.102373
v 0.103497 0.194844 0.101865
v 0.109530 0.208214 0.104482
v 0.105038 0.203805 0.100867
v 0.101957 0.203656 0.101016
v 0.108385 0.209841 0.106696
v 0.108562 0.205984 0.106108
v 0.105219 0.202835 0.103753
v 0.102132 0.202689 0.103901
v 0.107415 0.207609 0.108319
v 0.184343 0.070990 0.088033
v 0.191744 0.081359 0.054296
v 0.162530 0.075571 0.041343
v 0.157588 0.059103 0.082238
v 0.199979 0.078148 0.087772
v 0.207265 0.083225 0.070496
v 0.210141 0.083374 0.082307
v 0.130812 0.076581 0.045117
v 0.132022 0.063531 0.075326
v 0.105729 0.066335 0.055323
v 0.109207 0.060358 0.069609
v 0.184371 0.070780 0.087968
v 0.157617 0.058899 0.082160
v 0.162559 0.075365 0.041266
v 0.191772 0.081148 0.054233
v 0.200008 0.077935 0.087713
v 0.207293 0.083012 0.070438
v 0.210170 0.083160 0.082250
v 0.132050 0.063327 0.075238
v 0.130840 0.076378 0.045029
v 0.109235 0.060155 0.069517
v 0.105758 0.066132 0.055231
v 0.037937 0.061848 0.107080
v 0.022443 0.076427 0.077063
v 0.049423 0.081205 0.059950
v 0.065432 0.064548 0.098740
v 0.021398 0.062796 0.109503
v 0.010315 0.070957 0.095375
v 0.009558 0.065650 0.106419
v 0.078231 0.071297 0.051806
v 0.085539 0.058944 0.081556
v 0.106170 0.065298 0.056404
v 0.106836 0.059614 0.071228
v 0.037986 0.062056 0.107134
v 0.065481 0.064757 0.098805
v 0.049473 0.081414 0.060011
v 0.022493 0.076637 0.077109
v 0.021447 0.063005 0.109550
v 0.010365 0.071167 0.095418
v 0.009607 0.065860 0.106462
v 0.085588 0.059149 0.081629
v 0.078280 0.071503 0.051878
v 0.106886 0.059819 0.071304
v 0.106220 0.065504 0.056480
v 0.155102 0.078360 0.160633
v 0.157120 0.064878 0.121571
v 0.136829 0.061536 0.116604
v 0.127115 0.058876 0.078901
v 0.184356 0.089988 0.161271
v 0.198332 0.073059 0.107776
v 0.184828 0.072483 0.122233
v 0.187399 0.068985 0.093234
v 0.174914 0.088321 0.165105
v 0.183173 0.083812 0.147034
v 0.108336 0.059738 0.075635
v 0.093323 0.059162 0.087327
v 0.102808 0.060835 0.125352
v 0.108812 0.078509 0.172132
v 0.087579 0.064130 0.139195
v 0.083986 0.092278 0.185814
v 0.045306 0.075991 0.145444
v 0.064019 0.073497 0.152237
v 0.047761 0.071211 0.127802
v 0.094040 0.089823 0.184927
v 0.078006 0.085348 0.172989
v 0.119837 0.095760 0.198908
v 0.158850 0.094653 0.189445
v 0.135037 0.105547 0.212801
v 0.152426 0.104696 0.208533
v 0.145348 0.109011 0.216474
v 0.155100 0.077679 0.160735
v 0.136828 0.060857 0.116652
v 0.157119 0.064206 0.121645
v 0.127113 0.058215 0.078917
v 0.184354 0.089314 0.161386
v 0.198330 0.072406 0.107887
v 0.184826 0.071817 0.122338
v 0.187398 0.068332 0.093328
v 0.174912 0.087643 0.165219
v 0.183171 0.083137 0.147147
v 0.108334 0.059077 0.075643
v 0.093321 0.058505 0.087354
v 0.102806 0.060151 0.125387
v 0.108810 0.077826 0.172230
v 0.087577 0.063449 0.139251
v 0.083984 0.091591 0.185925
v 0.045304 0.075311 0.145541
v 0.064018 0.072817 0.152325
v 0.047759 0.070533 0.127885
v 0.094038 0.089135 0.185037
v 0.078005 0.084658 0.173095
v 0.158849 0.093979 0.189559
v 0.119836 0.095082 0.199021
v 0.152425 0.104046 0.208656
v 0.135035 0.104897 0.212924
v 0.145346 0.108361 0.216597
v 0.213950 0.132447 0.036678
v 0.173580 0.128852 0.028245
v 0.163922 0.123053 0.048048
v 0.123853 0.119804 0.053445
v 0.220781 0.147136 0.010928
v 0.169356 0.142411 -0.014878
v 0.180943 0.138281 0.000923
v 0.151884 0.139539 -0.006163
v 0.222746 0.143287 0.020224
v 0.206247 0.143967 0.008431
v 0.117394 0.113631 0.071372
v 0.126841 0.107021 0.086417
v 0.166477 0.111861 0.081359
v 0.216440 0.120491 0.083240
v 0.178211 0.107746 0.097572
v 0.226209 0.121399 0.111110
v 0.178471 0.099760 0.138454
v 0.188120 0.104690 0.121953
v 0.160903 0.098108 0.133356
v 0.227106 0.122574 0.101019
v 0.211998 0.116610 0.113790
v 0.245827 0.130733 0.079636
v 0.243726 0.140692 0.040729
v 0.262559 0.140626 0.069744
v 0.261623 0.145065 0.052402
v 0.268367 0.146278 0.061613
v 0.214020 0.131819 0.036518
v 0.163986 0.122456 0.047869
v 0.173644 0.128250 0.028080
v 0.123914 0.119224 0.053252
v 0.220854 0.146500 0.010761
v 0.169423 0.141792 -0.015031
v 0.181009 0.137666 0.000769
v 0.151947 0.138936 -0.006313
v 0.222819 0.142650 0.020057
v 0.206318 0.143335 0.008270
v 0.117458 0.113044 0.071172
v 0.126908 0.106422 0.086210
v 0.166545 0.111250 0.081170
v 0.216510 0.119862 0.083087
v 0.178280 0.107124 0.097409
v 0.226283 0.120759 0.110949
v 0.178551 0.099093 0.138299
v 0.188195 0.104044 0.121791
v 0.160985 0.097438 0.133187
v 0.227179 0.121937 0.100861
v 0.212072 0.115968 0.113634
v 0.243799 0.140056 0.040562
v 0.245900 0.130097 0.079469
v 0.261696 0.144429 0.052235
v 0.262632 0.139990 0.069577
v 0.268440 0.145642 0.061446
v 0.150325 0.145263 -0.005951
v 0.118427 0.160053 -0.013752
v 0.098577 0.149955 0.016635
v 0.138899 0.131199 0.019753
v 0.153678 0.153866 -0.021065
v 0.138153 0.162110 -0.028941
v 0.150546 0.161104 -0.030799
v 0.096570 0.140893 0.052198
v 0.127770 0.128752 0.047410
v 0.104237 0.121551 0.073476
v 0.119297 0.117555 0.068271
v 0.150250 0.145086 -0.006041
v 0.138823 0.131028 0.019655
v 0.098503 0.149776 0.016524
v 0.118354 0.159870 -0.013851
v 0.153605 0.153682 -0.021157
v 0.138081 0.161923 -0.029036
v 0.150474 0.160917 -0.030893
v 0.127694 0.128581 0.047309
v 0.096494 0.140722 0.052084
v 0.119222 0.117382 0.068153
v 0.104162 0.121380 0.073356
v 0.149490 0.087389 0.133579
v 0.117963 0.098353 0.149732
v 0.103566 0.112422 0.127218
v 0.143804 0.102782 0.110155
v 0.150056 0.080463 0.148181
v 0.134861 0.085805 0.158488
v 0.145532 0.078773 0.158724
v 0.097828 0.114172 0.099232
v 0.128779 0.106247 0.090300
v 0.105441 0.120802 0.072686
v 0.120680 0.115950 0.070398
v 0.149553 0.087617 0.133599
v 0.143870 0.103000 0.110173
v 0.103635 0.112621 0.127274
v 0.118033 0.098550 0.149774
v 0.150119 0.080695 0.148204
v 0.134923 0.086038 0.158508
v 0.145594 0.079005 0.158748
v 0.128847 0.106456 0.090332
v 0.097895 0.114380 0.099280
v 0.120750 0.116153 0.070426
v 0.105509 0.121009 0.072735
v 0.070167 0.056524 -0.152169
v 0.034099 0.070866 -0.138725
v 0.033975 0.068643 -0.105496
v 0.077521 0.046943 -0.126944
v 0.062924 0.061597 -0.165670
v 0.043362 0.067347 -0.162619
v 0.053280 0.065767 -0.171729
v 0.051356 0.063976 -0.079458
v 0.081006 0.052811 -0.099003
v 0.073874 0.054173 -0.065070
v 0.086548 0.049304 -0.076721
v 0.151299 0.069213 -0.154433
v 0.114813 0.052969 -0.143189
v 0.117095 0.051552 -0.122155
v 0.084688 0.049594 -0.098153
v 0.140273 0.079111 -0.180733
v 0.086717 0.057519 -0.175951
v 0.105134 0.059074 -0.168715
v 0.076877 0.054263 -0.160060
v 0.147502 0.077939 -0.173559
v 0.127971 0.072494 -0.175027
v 0.088044 0.050863 -0.078875
v 0.104966 0.049309 -0.069914
v 0.137418 0.051786 -0.093551
v 0.179071 0.068868 -0.115632
v 0.156416 0.053108 -0.084800
v 0.200492 0.078363 -0.096599
v 0.178124 0.058703 -0.046730
v 0.177579 0.058395 -0.067282
v 0.160519 0.054055 -0.042449
v 0.196023 0.077337 -0.105768
v 0.191067 0.071711 -0.086873
v 0.198889 0.084077 -0.134293
v 0.175482 0.084368 -0.166995
v 0.205060 0.094686 -0.152322
v 0.194627 0.094815 -0.166899
v 0.204290 0.099422 -0.162752
v 0.157775 0.046494 -0.044348
v 0.132537 0.053471 -0.059549
v 0.108739 0.058745 -0.019566
v 0.140775 0.055078 -0.010486
v 0.169734 0.046883 -0.032626
v 0.163738 0.052567 -0.013378
v 0.173993 0.048490 -0.020843
v 0.107171 0.049930 -0.066005
v 0.085134 0.055313 -0.038483
v 0.085513 0.052075 -0.075987
v 0.072693 0.055199 -0.064657
v 0.070118 0.056322 -0.152200
v 0.077473 0.046739 -0.126981
v 0.033924 0.068451 -0.105544
v 0.034048 0.070675 -0.138761
v 0.062876 0.061393 -0.165698
v 0.043313 0.067148 -0.162648
v 0.053232 0.065563 -0.171756
v 0.080963 0.052578 -0.099052
v 0.051312 0.063743 -0.079517
v 0.086505 0.049069 -0.076775
v 0.073830 0.053937 -0.065130
v 0.151464 0.068584 -0.154557
v 0.117269 0.050869 -0.122305
v 0.114982 0.052322 -0.143319
v 0.084872 0.048850 -0.098359
v 0.140438 0.078482 -0.180857
v 0.086882 0.056888 -0.176077
v 0.105299 0.058445 -0.168839
v 0.077047 0.053606 -0.160205
v 0.147667 0.077311 -0.173683
v 0.128136 0.071865 -0.175151
v 0.088227 0.050117 -0.079095
v 0.105147 0.048579 -0.070124
v 0.137592 0.051105 -0.093704
v 0.179236 0.068239 -0.115755
v 0.156586 0.052452 -0.084936
v 0.200657 0.077734 -0.096723
v 0.178294 0.058047 -0.046873
v 0.177745 0.057757 -0.067411
v 0.160689 0.053393 -0.042600
v 0.196188 0.076708 -0.105892
v 0.191232 0.071082 -0.086996
v 0.175647 0.083739 -0.167119
v 0.199053 0.083449 -0.134417
v 0.194792 0.094186 -0.167022
v 0.205225 0.094057 -0.152446
v 0.204455 0.098793 -0.162876
v 0.157803 0.046271 -0.044327
v 0.140802 0.054855 -0.010478
v 0.108768 0.058513 -0.019567
v 0.132566 0.053239 -0.059538
v 0.169762 0.046658 -0.032608
v 0.163766 0.052341 -0.013369
v 0.174021 0.048263 -0.020829
v 0.085165 0.055068 -0.038495
v 0.107201 0.049689 -0.066004
v 0.072724 0.054952 -0.064667
v 0.085545 0.051830 -0.075990
v -0.081892 0.119195 -0.196346
v -0.127531 0.121586 -0.163221
v -0.122520 0.148539 -0.170380
v -0.105257 0.168271 -0.181129
v -0.080370 0.175493 -0.192588
v -0.054526 0.168271 -0.201687
v -0.034650 0.148539 -0.205987
v -0.026068 0.121586 -0.204337
v -0.135045 0.167038 -0.137736
v -0.142580 0.126513 -0.126973
v -0.109091 0.196704 -0.153897
v -0.071672 0.207562 -0.171126
v -0.032816 0.196704 -0.184805
v -0.002933 0.167038 -0.191270
v 0.009970 0.126513 -0.188789
v -0.125537 0.191735 -0.061526
v -0.136424 0.176775 -0.114066
v -0.145034 0.130470 -0.101767
v -0.135167 0.139947 -0.047771
v -0.092369 0.229646 -0.082179
v -0.106767 0.210673 -0.132532
v -0.044551 0.243523 -0.104196
v -0.064011 0.223081 -0.152219
v 0.005105 0.229646 -0.121677
v -0.019611 0.210674 -0.167850
v 0.043294 0.191735 -0.129939
v 0.014535 0.176775 -0.175237
v 0.059782 0.139947 -0.126768
v 0.029278 0.130470 -0.172402
v -0.095741 0.195850 -0.013738
v -0.104349 0.149559 -0.001443
v -0.066094 0.229737 -0.032199
v -0.023351 0.242141 -0.051879
v 0.021034 0.229737 -0.067505
v 0.055170 0.195850 -0.074890
v 0.069908 0.149559 -0.072056
v -0.044556 0.185144 0.022019
v -0.077477 0.193929 0.003974
v -0.084998 0.153481 0.014717
v -0.049567 0.158191 0.029178
v -0.027293 0.204875 0.011270
v -0.051571 0.223540 -0.012157
v -0.002406 0.212098 -0.000189
v -0.014223 0.234378 -0.029353
v 0.023439 0.204875 -0.009288
v 0.024560 0.223540 -0.043007
v 0.043314 0.185144 -0.013588
v 0.054387 0.193930 -0.049460
v 0.051896 0.158191 -0.011937
v 0.067265 0.153481 -0.046983
v 0.006059 0.160489 0.020700
v -0.118950 0.094632 -0.161571
v -0.099074 0.074901 -0.165871
v -0.073230 0.067679 -0.174970
v -0.048342 0.074901 -0.186428
v -0.031080 0.094632 -0.197178
v -0.129678 0.085989 -0.124491
v -0.099795 0.056323 -0.130956
v -0.060938 0.045464 -0.144636
v -0.023520 0.056323 -0.161864
v 0.002434 0.085989 -0.178025
v -0.118678 0.088159 -0.044599
v -0.130291 0.084164 -0.098931
v -0.080489 0.050248 -0.052861
v -0.096145 0.050266 -0.106319
v -0.030833 0.036372 -0.070343
v -0.051745 0.037858 -0.121950
v 0.016985 0.050248 -0.092360
v -0.008989 0.050266 -0.141636
v 0.050153 0.088159 -0.113013
v 0.020668 0.084164 -0.160103
v -0.089611 0.103268 0.001392
v -0.055475 0.069380 -0.005993
v -0.011089 0.056977 -0.021619
v 0.031653 0.069380 -0.041300
v 0.061301 0.103268 -0.059760
v -0.040986 0.131237 0.030828
v -0.072120 0.113033 0.017194
v -0.021110 0.111506 0.026528
v -0.042293 0.083423 0.010741
v 0.004734 0.104284 0.017429
v -0.003509 0.072584 -0.002913
v 0.029622 0.111506 0.005970
v 0.033839 0.083423 -0.020109
v 0.046884 0.131237 -0.004779
v 0.059744 0.113033 -0.036240
v -0.135159 0.109961 0.115931
v -0.112654 0.137928 0.118225
v -0.092372 0.133604 0.093546
v -0.121443 0.097445 0.093175
v -0.140364 0.119028 0.129050
v -0.129435 0.134230 0.133527
v -0.139717 0.128400 0.137033
v -0.090616 0.126325 0.064421
v -0.114160 0.099521 0.067506
v -0.092687 0.108185 0.043460
v -0.104360 0.096344 0.047549
v -0.135159 0.109426 0.115931
v -0.121443 0.096910 0.093175
v -0.092372 0.133069 0.093547
v -0.112654 0.137394 0.118225
v -0.140364 0.118493 0.129050
v -0.129435 0.133695 0.133527
v -0.139717 0.127866 0.137033
v -0.114160 0.098986 0.067506
v -0.090616 0.125790 0.064421
v -0.104360 0.095809 0.047549
v -0.092687 0.107650 0.043460
v -0.147430 0.105851 -0.017615
v -0.137286 0.105623 0.009003
v -0.102317 0.134354 -0.003065
v -0.121458 0.132449 -0.029083
v -0.151173 0.107007 -0.033878
v -0.139597 0.121459 -0.042870
v -0.149475 0.111332 -0.045167
v -0.117846 0.098805 0.026303
v -0.089808 0.118590 0.021274
v -0.106124 0.095206 0.045471
v -0.092277 0.107390 0.045822
v -0.147430 0.105316 -0.017615
v -0.121458 0.131915 -0.029083
v -0.102317 0.133820 -0.003065
v -0.137286 0.105088 0.009003
v -0.151173 0.106472 -0.033878
v -0.139597 0.120924 -0.042870
v -0.149475 0.110797 -0.045167
v -0.089808 0.118056 0.021274
v -0.117846 0.098271 0.026303
v -0.092277 0.106856 0.045822
v -0.106124 0.094671 0.045471
v -0.006431 0.165643 0.066420
v -0.003075 0.167815 0.063910
v 0.006212 0.157336 0.045121
v 0.003868 0.153974 0.043676
v 0.006499 0.151182 0.045021
v -0.003109 0.164091 0.069869
v 0.008869 0.154538 0.046447
v 0.000247 0.166426 0.067507
v 0.004677 0.172512 0.003158
v -0.002676 0.163220 0.002534
v 0.005532 0.156354 0.007764
v 0.012885 0.165645 0.008389
vt 0.949400 0.973700
vt 0.950200 0.977500
vt 0.945500 0.978200
vt 0.944500 0.974400
vt 0.958000 0.937700
vt 0.957100 0.946600
vt 0.950400 0.946500
vt 0.950700 0.937400
vt 0.965400 0.938300
vt 0.963800 0.947300
vt 0.943700 0.947000
vt 0.937000 0.947400
vt 0.936100 0.938300
vt 0.943400 0.937800
vt 0.955300 0.964600
vt 0.949700 0.964600
vt 0.950000 0.955600
vt 0.956200 0.955600
vt 0.962300 0.956300
vt 0.960700 0.965400
vt 0.944000 0.956100
vt 0.944300 0.965300
vt 0.938800 0.965500
vt 0.937900 0.956400
vt 0.959900 0.919700
vt 0.959000 0.928700
vt 0.951000 0.928400
vt 0.951400 0.919300
vt 0.968500 0.920300
vt 0.966900 0.929300
vt 0.943200 0.928700
vt 0.935200 0.929200
vt 0.934400 0.920200
vt 0.942900 0.919500
vt 0.954400 0.973600
vt 0.959200 0.974400
vt 0.939700 0.974500
vt 0.959900 0.919700
vt 0.959000 0.928700
vt 0.951000 0.928400
vt 0.951400 0.919300
vt 0.968500 0.920300
vt 0.966900 0.929300
vt 0.943200 0.928700
vt 0.935200 0.929200
vt 0.934400 0.920200
vt 0.942900 0.919500
vt 0.958000 0.937700
vt 0.950700 0.937400
vt 0.965400 0.938300
vt 0.943400 0.937800
vt 0.936100 0.938300
vt 0.959900 0.919700
vt 0.959000 0.928700
vt 0.951000 0.928400
vt 0.951400 0.919300
vt 0.968500 0.920300
vt 0.966900 0.929300
vt 0.943200 0.928700
vt 0.935200 0.929200
vt 0.934400 0.920200
vt 0.942900 0.919500
vt 0.958000 0.937700
vt 0.957100 0.946600
vt 0.950400 0.946500
vt 0.950700 0.937400
vt 0.965400 0.938300
vt 0.963800 0.947300
vt 0.943700 0.947000
vt 0.937000 0.947400
vt 0.936100 0.938300
vt 0.943400 0.937800
vt 0.959400 0.924200
vt 0.951200 0.923900
vt 0.951400 0.919300
vt 0.959900 0.919700
vt 0.968500 0.920300
vt 0.967700 0.924800
vt 0.942900 0.919500
vt 0.943000 0.924100
vt 0.934800 0.924700
vt 0.934400 0.920200
vt 0.959000 0.928700
vt 0.958500 0.933200
vt 0.950900 0.932900
vt 0.951000 0.928400
vt 0.966900 0.929300
vt 0.966100 0.933800
vt 0.943300 0.933200
vt 0.935700 0.933800
vt 0.935200 0.929200
vt 0.943200 0.928700
vt 0.956200 0.955600
vt 0.950000 0.955600
vt 0.962300 0.956300
vt 0.944000 0.956100
vt 0.937900 0.956400
vt 0.948000 0.731700
vt 0.966900 0.754300
vt 0.948500 0.757500
vt 0.986100 0.746300
vt 0.930100 0.755000
vt 0.910700 0.747100
vt 0.961700 0.901700
vt 0.960800 0.910700
vt 0.951700 0.910300
vt 0.952000 0.901200
vt 0.971600 0.902300
vt 0.970000 0.911300
vt 0.942600 0.910400
vt 0.933500 0.911100
vt 0.932600 0.902100
vt 0.942300 0.901200
vt 0.968200 0.765500
vt 0.948800 0.767500
vt 0.986000 0.764400
vt 0.929100 0.766600
vt 0.911000 0.764800
vt 0.959900 0.919700
vt 0.959000 0.928700
vt 0.951000 0.928400
vt 0.951400 0.919300
vt 0.968500 0.920300
vt 0.966900 0.929300
vt 0.943200 0.928700
vt 0.935200 0.929200
vt 0.934400 0.920200
vt 0.942900 0.919500
vt 0.958000 0.937700
vt 0.950700 0.937400
vt 0.965400 0.938300
vt 0.943400 0.937800
vt 0.936100 0.938300
vt 0.958000 0.937700
vt 0.950700 0.937400
vt 0.965400 0.938300
vt 0.943400 0.937800
vt 0.936100 0.938300
vt 0.958000 0.937700
vt 0.950700 0.937400
vt 0.965400 0.938300
vt 0.943400 0.937800
vt 0.936100 0.938300
vt 0.958000 0.937700
vt 0.950700 0.937400
vt 0.965400 0.938300
vt 0.943400 0.937800
vt 0.936100 0.938300
vt 0.958000 0.937700
vt 0.950700 0.937400
vt 0.965400 0.938300
vt 0.943400 0.937800
vt 0.936100 0.938300
vt 0.956200 0.955600
vt 0.950000 0.955600
vt 0.962300 0.956300
vt 0.944000 0.956100
vt 0.937900 0.956400
vt 0.956200 0.955600
vt 0.950000 0.955600
vt 0.962300 0.956300
vt 0.944000 0.956100
vt 0.937900 0.956400
vt 0.959000 0.928700
vt 0.951000 0.928400
vt 0.966900 0.929300
vt 0.943200 0.928700
vt 0.935200 0.929200
vt 0.959000 0.928700
vt 0.951000 0.928400
vt 0.966900 0.929300
vt 0.943200 0.928700
vt 0.935200 0.929200
vt 0.959000 0.928700
vt 0.951000 0.928400
vt 0.966900 0.929300
vt 0.943200 0.928700
vt 0.935200 0.929200
vt 0.959000 0.928700
vt 0.951000 0.928400
vt 0.966900 0.929300
vt 0.943200 0.928700
vt 0.935200 0.929200
vt 0.959000 0.928700
vt 0.951000 0.928400
vt 0.966900 0.929300
vt 0.943200 0.928700
vt 0.935200 0.929200
vt 0.959000 0.928700
vt 0.951000 0.928400
vt 0.966900 0.929300
vt 0.943200 0.928700
vt 0.935200 0.929200
vt 0.959000 0.928700
vt 0.951000 0.928400
vt 0.966900 0.929300
vt 0.943200 0.928700
vt 0.935200 0.929200
vt 0.959000 0.928700
vt 0.951000 0.928400
vt 0.966900 0.929300
vt 0.943200 0.928700
vt 0.935200 0.929200
vt 0.959000 0.928700
vt 0.951000 0.928400
vt 0.966900 0.929300
vt 0.943200 0.928700
vt 0.935200 0.929200
vt 0.084300 0.578200
vt 0.082500 0.471500
vt 0.179300 0.452800
vt 0.171300 0.584500
vt 0.036100 0.565400
vt 0.025400 0.509200
vt 0.008200 0.541600
vt 0.271200 0.475800
vt 0.251000 0.571700
vt 0.339600 0.527800
vt 0.321600 0.571300
vt 0.084300 0.578200
vt 0.171300 0.584500
vt 0.179300 0.452800
vt 0.082500 0.471500
vt 0.036100 0.565400
vt 0.025400 0.509200
vt 0.008200 0.541600
vt 0.251000 0.571700
vt 0.271200 0.475800
vt 0.321600 0.571300
vt 0.339600 0.527800
vt 0.084300 0.578200
vt 0.082500 0.471500
vt 0.179300 0.452800
vt 0.171300 0.584500
vt 0.036100 0.565400
vt 0.025400 0.509200
vt 0.008200 0.541600
vt 0.271200 0.475800
vt 0.251000 0.571700
vt 0.339600 0.527800
vt 0.321600 0.571300
vt 0.084300 0.578200
vt 0.171300 0.584500
vt 0.179300 0.452800
vt 0.082500 0.471500
vt 0.036100 0.565400
vt 0.025400 0.509200
vt 0.008200 0.541600
vt 0.251000 0.571700
vt 0.271200 0.475800
vt 0.321600 0.571300
vt 0.339600 0.527800
vt 0.151100 0.843000
vt 0.119400 0.737100
vt 0.168100 0.709500
vt 0.168600 0.604300
vt 0.075300 0.869500
vt 0.004000 0.730800
vt 0.048300 0.759500
vt 0.022500 0.684400
vt 0.102400 0.872300
vt 0.068900 0.829900
vt 0.215000 0.583500
vt 0.261200 0.604500
vt 0.261400 0.709600
vt 0.278000 0.843200
vt 0.310100 0.737400
vt 0.353700 0.869900
vt 0.425500 0.731400
vt 0.381100 0.760000
vt 0.407100 0.685000
vt 0.326600 0.872700
vt 0.360200 0.830300
vt 0.267900 0.925500
vt 0.161000 0.925300
vt 0.238200 0.975300
vt 0.190500 0.975300
vt 0.214300 0.994400
vt 0.151100 0.843000
vt 0.168100 0.709500
vt 0.119400 0.737100
vt 0.168600 0.604300
vt 0.075300 0.869500
vt 0.004000 0.730800
vt 0.048300 0.759500
vt 0.022500 0.684400
vt 0.102400 0.872300
vt 0.068900 0.829900
vt 0.215000 0.583500
vt 0.261200 0.604500
vt 0.261400 0.709600
vt 0.278000 0.843200
vt 0.310100 0.737400
vt 0.353700 0.869900
vt 0.425500 0.731400
vt 0.381100 0.760000
vt 0.407100 0.685000
vt 0.326600 0.872700
vt 0.360200 0.830300
vt 0.161000 0.925300
vt 0.267900 0.925500
vt 0.190500 0.975300
vt 0.238200 0.975300
vt 0.214300 0.994400
vt 0.151100 0.843000
vt 0.119400 0.737100
vt 0.168100 0.709500
vt 0.168600 0.604300
vt 0.075300 0.869500
vt 0.004000 0.730800
vt 0.048300 0.759500
vt 0.022500 0.684400
vt 0.102400 0.872300
vt 0.068900 0.829900
vt 0.215000 0.583500
vt 0.261200 0.604500
vt 0.261400 0.709600
vt 0.278000 0.843200
vt 0.310100 0.737400
vt 0.353700 0.869900
vt 0.425500 0.731400
vt 0.381100 0.760000
vt 0.407100 0.685000
vt 0.326600 0.872700
vt 0.360200 0.830300
vt 0.267900 0.925500
vt 0.161000 0.925300
vt 0.238200 0.975300
vt 0.190500 0.975300
vt 0.214300 0.994400
vt 0.151100 0.843000
vt 0.168100 0.709500
vt 0.119400 0.737100
vt 0.168600 0.604300
vt 0.075300 0.869500
vt 0.004000 0.730800
vt 0.048300 0.759500
vt 0.022500 0.684400
vt 0.102400 0.872300
vt 0.068900 0.829900
vt 0.215000 0.583500
vt 0.261200 0.604500
vt 0.261400 0.709600
vt 0.278000 0.843200
vt 0.310100 0.737400
vt 0.353700 0.869900
vt 0.425500 0.731400
vt 0.381100 0.760000
vt 0.407100 0.685000
vt 0.326600 0.872700
vt 0.360200 0.830300
vt 0.161000 0.925300
vt 0.267900 0.925500
vt 0.190500 0.975300
vt 0.238200 0.975300
vt 0.214300 0.994400
vt 0.949400 0.973700
vt 0.950200 0.977500
vt 0.945500 0.978200
vt 0.944500 0.974400
vt 0.957100 0.946600
vt 0.950400 0.946500
vt 0.950700 0.937400
vt 0.958000 0.937700
vt 0.963800 0.947300
vt 0.965400 0.938300
vt 0.943700 0.947000
vt 0.937000 0.947400
vt 0.936100 0.938300
vt 0.943400 0.937800
vt 0.955800 0.960100
vt 0.949900 0.960100
vt 0.950000 0.955600
vt 0.956200 0.955600
vt 0.961500 0.960900
vt 0.962300 0.956300
vt 0.944000 0.956100
vt 0.944100 0.960700
vt 0.938400 0.960900
vt 0.937900 0.956400
vt 0.955200 0.965700
vt 0.949700 0.965800
vt 0.949700 0.964600
vt 0.955300 0.964600
vt 0.960700 0.965400
vt 0.960500 0.966500
vt 0.944300 0.965300
vt 0.944300 0.966400
vt 0.938900 0.966600
vt 0.938800 0.965500
vt 0.954400 0.973600
vt 0.949500 0.969200
vt 0.954800 0.969100
vt 0.960000 0.969900
vt 0.959200 0.974400
vt 0.944400 0.969800
vt 0.939700 0.974500
vt 0.939300 0.970000
vt 0.955100 0.966900
vt 0.955000 0.968000
vt 0.949600 0.968000
vt 0.949600 0.966900
vt 0.960300 0.967600
vt 0.960100 0.968700
vt 0.944400 0.968700
vt 0.939100 0.968900
vt 0.939000 0.967700
vt 0.944300 0.967500
vt 0.949400 0.973700
vt 0.950200 0.977500
vt 0.945500 0.978200
vt 0.944500 0.974400
vt 0.957100 0.946600
vt 0.950400 0.946500
vt 0.950700 0.937400
vt 0.958000 0.937700
vt 0.963800 0.947300
vt 0.965400 0.938300
vt 0.943700 0.947000
vt 0.937000 0.947400
vt 0.936100 0.938300
vt 0.943400 0.937800
vt 0.955800 0.960100
vt 0.949900 0.960100
vt 0.950000 0.955600
vt 0.956200 0.955600
vt 0.961500 0.960900
vt 0.962300 0.956300
vt 0.944000 0.956100
vt 0.944100 0.960700
vt 0.938400 0.960900
vt 0.937900 0.956400
vt 0.955200 0.965700
vt 0.949700 0.965800
vt 0.949700 0.964600
vt 0.955300 0.964600
vt 0.960700 0.965400
vt 0.960500 0.966500
vt 0.944300 0.965300
vt 0.944300 0.966400
vt 0.938900 0.966600
vt 0.938800 0.965500
vt 0.954400 0.973600
vt 0.949500 0.969200
vt 0.954800 0.969100
vt 0.960000 0.969900
vt 0.959200 0.974400
vt 0.944400 0.969800
vt 0.939700 0.974500
vt 0.939300 0.970000
vt 0.955100 0.966900
vt 0.955000 0.968000
vt 0.949600 0.968000
vt 0.949600 0.966900
vt 0.960300 0.967600
vt 0.960100 0.968700
vt 0.944400 0.968700
vt 0.939100 0.968900
vt 0.939000 0.967700
vt 0.944300 0.967500
vt 0.084300 0.578200
vt 0.082500 0.471500
vt 0.179300 0.452800
vt 0.171300 0.584500
vt 0.036100 0.565400
vt 0.025400 0.509200
vt 0.008200 0.541600
vt 0.271200 0.475800
vt 0.251000 0.571700
vt 0.339600 0.527800
vt 0.321600 0.571300
vt 0.084300 0.578200
vt 0.171300 0.584500
vt 0.179300 0.452800
vt 0.082500 0.471500
vt 0.036100 0.565400
vt 0.025400 0.509200
vt 0.008200 0.541600
vt 0.251000 0.571700
vt 0.271200 0.475800
vt 0.321600 0.571300
vt 0.339600 0.527800
vt 0.084300 0.578200
vt 0.082500 0.471500
vt 0.179300 0.452800
vt 0.171300 0.584500
vt 0.036100 0.565400
vt 0.025400 0.509200
vt 0.008200 0.541600
vt 0.271200 0.475800
vt 0.251000 0.571700
vt 0.339600 0.527800
vt 0.321600 0.571300
vt 0.084300 0.578200
vt 0.171300 0.584500
vt 0.179300 0.452800
vt 0.082500 0.471500
vt 0.036100 0.565400
vt 0.025400 0.509200
vt 0.008200 0.541600
vt 0.251000 0.571700
vt 0.271200 0.475800
vt 0.321600 0.571300
vt 0.339600 0.527800
vt 0.151100 0.843000
vt 0.119400 0.737100
vt 0.168100 0.709500
vt 0.168600 0.604300
vt 0.075300 0.869500
vt 0.004000 0.730800
vt 0.048300 0.759500
vt 0.022500 0.684400
vt 0.102400 0.872300
vt 0.068900 0.829900
vt 0.215000 0.583500
vt 0.261200 0.604500
vt 0.261400 0.709600
vt 0.278000 0.843200
vt 0.310100 0.737400
vt 0.353700 0.869900
vt 0.425500 0.731400
vt 0.381100 0.760000
vt 0.407100 0.685000
vt 0.326600 0.872700
vt 0.360200 0.830300
vt 0.267900 0.925500
vt 0.161000 0.925300
vt 0.238200 0.975300
vt 0.190500 0.975300
vt 0.214300 0.994400
vt 0.151100 0.843000
vt 0.168100 0.709500
vt 0.119400 0.737100
vt 0.168600 0.604300
vt 0.075300 0.869500
vt 0.004000 0.730800
vt 0.048300 0.759500
vt 0.022500 0.684400
vt 0.102400 0.872300
vt 0.068900 0.829900
vt 0.215000 0.583500
vt 0.261200 0.604500
vt 0.261400 0.709600
vt 0.278000 0.843200
vt 0.310100 0.737400
vt 0.353700 0.869900
vt 0.425500 0.731400
vt 0.381100 0.760000
vt 0.407100 0.685000
vt 0.326600 0.872700
vt 0.360200 0.830300
vt 0.161000 0.925300
vt 0.267900 0.925500
vt 0.190500 0.975300
vt 0.238200 0.975300
vt 0.214300 0.994400
vt 0.151100 0.843000
vt 0.119400 0.737100
vt 0.168100 0.709500
vt 0.168600 0.604300
vt 0.075300 0.869500
vt 0.004000 0.730800
vt 0.048300 0.759500
vt 0.022500 0.684400
vt 0.102400 0.872300
vt 0.068900 0.829900
vt 0.215000 0.583500
vt 0.261200 0.604500
vt 0.261400 0.709600
vt 0.278000 0.843200
vt 0.310100 0.737400
vt 0.353700 0.869900
vt 0.425500 0.731400
vt 0.381100 0.760000
vt 0.407100 0.685000
vt 0.326600 0.872700
vt 0.360200 0.830300
vt 0.267900 0.925500
vt 0.161000 0.925300
vt 0.238200 0.975300
vt 0.190500 0.975300
vt 0.214300 0.994400
vt 0.151100 0.843000
vt 0.168100 0.709500
vt 0.119400 0.737100
vt 0.168600 0.604300
vt 0.075300 0.869500
vt 0.004000 0.730800
vt 0.048300 0.759500
vt 0.022500 0.684400
vt 0.102400 0.872300
vt 0.068900 0.829900
vt 0.215000 0.583500
vt 0.261200 0.604500
vt 0.261400 0.709600
vt 0.278000 0.843200
vt 0.310100 0.737400
vt 0.353700 0.869900
vt 0.425500 0.731400
vt 0.381100 0.760000
vt 0.407100 0.685000
vt 0.326600 0.872700
vt 0.360200 0.830300
vt 0.161000 0.925300
vt 0.267900 0.925500
vt 0.190500 0.975300
vt 0.238200 0.975300
vt 0.214300 0.994400
vt 0.084300 0.578200
vt 0.082500 0.471500
vt 0.179300 0.452800
vt 0.171300 0.584500
vt 0.036100 0.565400
vt 0.025400 0.509200
vt 0.008200 0.541600
vt 0.271200 0.475800
vt 0.251000 0.571700
vt 0.339600 0.527800
vt 0.321600 0.571300
vt 0.084300 0.578200
vt 0.171300 0.584500
vt 0.179300 0.452800
vt 0.082500 0.471500
vt 0.036100 0.565400
vt 0.025400 0.509200
vt 0.008200 0.541600
vt 0.251000 0.571700
vt 0.271200 0.475800
vt 0.321600 0.571300
vt 0.339600 0.527800
vt 0.084300 0.578200
vt 0.082500 0.471500
vt 0.179300 0.452800
vt 0.171300 0.584500
vt 0.036100 0.565400
vt 0.025400 0.509200
vt 0.008200 0.541600
vt 0.271200 0.475800
vt 0.251000 0.571700
vt 0.339600 0.527800
vt 0.321600 0.571300
vt 0.084300 0.578200
vt 0.171300 0.584500
vt 0.179300 0.452800
vt 0.082500 0.471500
vt 0.036100 0.565400
vt 0.025400 0.509200
vt 0.008200 0.541600
vt 0.251000 0.571700
vt 0.271200 0.475800
vt 0.321600 0.571300
vt 0.339600 0.527800
vt 0.084300 0.578200
vt 0.082500 0.471500
vt 0.179300 0.452800
vt 0.171300 0.584500
vt 0.036100 0.565400
vt 0.025400 0.509200
vt 0.008200 0.541600
vt 0.271200 0.475800
vt 0.251000 0.571700
vt 0.339600 0.527800
vt 0.321600 0.571300
vt 0.151100 0.843000
vt 0.119400 0.737100
vt 0.168100 0.709500
vt 0.168600 0.604300
vt 0.075300 0.869500
vt 0.004000 0.730800
vt 0.048300 0.759500
vt 0.022500 0.684400
vt 0.102400 0.872300
vt 0.068900 0.829900
vt 0.215000 0.583500
vt 0.261200 0.604500
vt 0.261400 0.709600
vt 0.278000 0.843200
vt 0.310100 0.737400
vt 0.353700 0.869900
vt 0.425500 0.731400
vt 0.381100 0.760000
vt 0.407100 0.685000
vt 0.326600 0.872700
vt 0.360200 0.830300
vt 0.267900 0.925500
vt 0.161000 0.925300
vt 0.238200 0.975300
vt 0.190500 0.975300
vt 0.214300 0.994400
vt 0.084300 0.578200
vt 0.171300 0.584500
vt 0.179300 0.452800
vt 0.082500 0.471500
vt 0.036100 0.565400
vt 0.025400 0.509200
vt 0.008200 0.541600
vt 0.251000 0.571700
vt 0.271200 0.475800
vt 0.321600 0.571300
vt 0.339600 0.527800
vt 0.084300 0.578200
vt 0.171300 0.584500
vt 0.179300 0.452800
vt 0.082500 0.471500
vt 0.036100 0.565400
vt 0.025400 0.509200
vt 0.008200 0.541600
vt 0.251000 0.571700
vt 0.271200 0.475800
vt 0.321600 0.571300
vt 0.339600 0.527800
vt 0.151100 0.843000
vt 0.168100 0.709500
vt 0.119400 0.737100
vt 0.168600 0.604300
vt 0.075300 0.869500
vt 0.004000 0.730800
vt 0.048300 0.759500
vt 0.022500 0.684400
vt 0.102400 0.872300
vt 0.068900 0.829900
vt 0.215000 0.583500
vt 0.261200 0.604500
vt 0.261400 0.709600
vt 0.278000 0.843200
vt 0.310100 0.737400
vt 0.353700 0.869900
vt 0.425500 0.731400
vt 0.381100 0.760000
vt 0.407100 0.685000
vt 0.326600 0.872700
vt 0.360200 0.830300
vt 0.161000 0.925300
vt 0.267900 0.925500
vt 0.190500 0.975300
vt 0.238200 0.975300
vt 0.214300 0.994400
vt 0.084300 0.578200
vt 0.082500 0.471500
vt 0.179300 0.452800
vt 0.171300 0.584500
vt 0.036100 0.565400
vt 0.025400 0.509200
vt 0.008200 0.541600
vt 0.271200 0.475800
vt 0.251000 0.571700
vt 0.339600 0.527800
vt 0.321600 0.571300
vt 0.248800 0.461600
vt 0.138300 0.437400
vt 0.164900 0.402500
vt 0.203800 0.382200
vt 0.249000 0.375400
vt 0.294200 0.382400
vt 0.333000 0.403100
vt 0.359400 0.438100
vt 0.122600 0.351300
vt 0.069400 0.391100
vt 0.183900 0.330000
vt 0.249200 0.323600
vt 0.314400 0.330500
vt 0.375500 0.352200
vt 0.428500 0.392300
vt 0.092200 0.232100
vt 0.104400 0.313500
vt 0.032700 0.338000
vt 0.008700 0.231400
vt 0.171400 0.232500
vt 0.176600 0.301400
vt 0.249500 0.232800
vt 0.249300 0.298100
vt 0.327700 0.233000
vt 0.322000 0.301900
vt 0.406800 0.233200
vt 0.394000 0.314500
vt 0.490400 0.233400
vt 0.465600 0.339600
vt 0.105500 0.149800
vt 0.034200 0.124200
vt 0.177400 0.162500
vt 0.249800 0.166300
vt 0.322300 0.163000
vt 0.394300 0.150800
vt 0.465800 0.125900
vt 0.166000 0.062600
vt 0.124100 0.112200
vt 0.071500 0.071900
vt 0.139800 0.027400
vt 0.204900 0.083400
vt 0.185000 0.134100
vt 0.250100 0.090500
vt 0.249900 0.140900
vt 0.295400 0.083600
vt 0.315000 0.134500
vt 0.334400 0.063200
vt 0.376000 0.113100
vt 0.360800 0.028200
vt 0.428900 0.073200
vt 0.250300 0.004400
vt 0.333000 0.403100
vt 0.359400 0.438100
vt 0.294200 0.382400
vt 0.249000 0.375400
vt 0.203800 0.382200
vt 0.164900 0.402500
vt 0.138600 0.437400
vt 0.375500 0.352200
vt 0.428500 0.392300
vt 0.314400 0.330500
vt 0.249200 0.323600
vt 0.183900 0.330000
vt 0.122600 0.351300
vt 0.069400 0.391100
vt 0.406800 0.233200
vt 0.490400 0.233400
vt 0.465600 0.339600
vt 0.394000 0.314500
vt 0.327700 0.233000
vt 0.322000 0.301900
vt 0.249500 0.232800
vt 0.249300 0.298100
vt 0.171400 0.232500
vt 0.176600 0.301400
vt 0.092200 0.232100
vt 0.104400 0.313500
vt 0.008700 0.231400
vt 0.032700 0.338000
vt 0.394300 0.150800
vt 0.465800 0.125900
vt 0.322300 0.163000
vt 0.249800 0.166300
vt 0.177400 0.162500
vt 0.105500 0.149800
vt 0.034200 0.124200
vt 0.334400 0.063200
vt 0.360800 0.028200
vt 0.428900 0.073200
vt 0.376000 0.113100
vt 0.295400 0.083600
vt 0.315000 0.134500
vt 0.250100 0.090500
vt 0.249900 0.140900
vt 0.204900 0.083400
vt 0.185000 0.134100
vt 0.166000 0.062600
vt 0.124100 0.112200
vt 0.139800 0.027400
vt 0.071500 0.071900
vt 0.084300 0.578200
vt 0.082500 0.471500
vt 0.179300 0.452800
vt 0.171300 0.584500
vt 0.036100 0.565400
vt 0.025400 0.509200
vt 0.008200 0.541600
vt 0.271200 0.475800
vt 0.251000 0.571700
vt 0.339600 0.527800
vt 0.321600 0.571300
vt 0.084300 0.578200
vt 0.171300 0.584500
vt 0.179300 0.452800
vt 0.082500 0.471500
vt 0.036100 0.565400
vt 0.025400 0.509200
vt 0.008200 0.541600
vt 0.251000 0.571700
vt 0.271200 0.475800
vt 0.321600 0.571300
vt 0.339600 0.527800
vt 0.084300 0.578200
vt 0.171300 0.584500
vt 0.179300 0.452800
vt 0.082500 0.471500
vt 0.036100 0.565400
vt 0.025400 0.509200
vt 0.008200 0.541600
vt 0.251000 0.571700
vt 0.271200 0.475800
vt 0.321600 0.571300
vt 0.339600 0.527800
vt 0.084300 0.578200
vt 0.082500 0.471500
vt 0.179300 0.452800
vt 0.171300 0.584500
vt 0.036100 0.565400
vt 0.025400 0.509200
vt 0.008200 0.541600
vt 0.271200 0.475800
vt 0.251000 0.571700
vt 0.339600 0.527800
vt 0.321600 0.571300
vt 0.954400 0.973600
vt 0.949400 0.973700
vt 0.950700 0.937400
vt 0.958000 0.937700
vt 0.965400 0.938300
vt 0.959200 0.974400
vt 0.943400 0.937800
vt 0.944500 0.974400
vt 0.939700 0.974500
vt 0.936100 0.938300
vt 0.951400 0.919300
vt 0.959900 0.919700
vt 0.968500 0.920300
vt 0.942900 0.919500
vt 0.934400 0.920200
vn -0.9114 -0.0728 0.4050
vn -0.2614 -0.9607 0.0935
vn 0.6503 -0.4811 0.5879
vn 0.0102 0.4284 0.9035
vn -0.8531 -0.3302 -0.4040
vn -0.6284 -0.3666 -0.6861
vn -0.6680 -0.2933 0.6839
vn 0.1157 -0.5688 0.8143
vn 0.1528 0.5645 -0.8112
vn 0.5002 0.1568 -0.8516
vn 0.7821 0.4044 0.4742
vn 0.8089 0.5156 0.2825
vn -0.0871 -0.8636 -0.4966
vn -0.9817 0.1893 0.0200
vn -0.9541 -0.2192 0.2039
vn 0.0063 -0.7134 -0.7007
vn 0.9687 -0.0251 -0.2472
vn 0.9881 -0.1529 0.0171
vn 0.1928 0.8065 0.5589
vn 0.2028 0.8362 0.5095
vn -0.2319 -0.8853 -0.4031
vn -0.4901 -0.6895 -0.5333
vn 0.1933 -0.5664 0.8012
vn 0.1478 -0.5972 0.7884
vn -0.0678 0.7906 -0.6086
vn -0.0605 0.7525 -0.6558
vn 0.5419 0.6630 0.5164
vn 0.3080 0.4001 0.8632
vn -0.2614 -0.9607 0.0934
vn -0.9114 -0.0727 0.4050
vn 0.6503 -0.4812 0.5878
vn 0.0103 0.4284 0.9035
vn -0.0428 -0.8743 -0.4835
vn -0.0628 -0.7563 -0.6512
vn -0.8532 0.4108 -0.3215
vn -0.8175 0.3637 -0.4465
vn 0.7645 -0.5581 0.3227
vn 0.8267 -0.3219 0.4615
vn 0.0496 0.7929 0.6073
vn 0.3582 0.6637 0.6567
vn 0.0849 -0.5475 -0.8325
vn -0.9137 0.3407 -0.2216
vn 0.8782 -0.2533 0.4057
vn -0.1368 0.5253 0.8399
vn 0.3140 -0.8828 -0.3492
vn 0.0343 -0.8188 -0.5731
vn -0.0715 -0.4250 0.9023
vn -0.0148 -0.6037 0.7971
vn 0.0171 0.6149 -0.7884
vn 0.0927 0.6382 -0.7643
vn -0.0438 0.8564 0.5144
vn -0.3069 0.5850 0.7507
vn 0.8728 -0.4878 0.0124
vn 0.7757 -0.6127 -0.1512
vn 0.0403 0.2527 -0.9667
vn 0.3115 0.2577 -0.9146
vn -0.2333 -0.3403 0.9109
vn -0.0176 -0.3049 0.9522
vn -0.7740 0.6144 0.1532
vn -0.8024 0.5715 -0.1717
vn -0.2491 -0.6465 -0.7211
vn 0.5265 0.6779 -0.5131
vn 0.3257 0.4990 -0.8030
vn -0.5240 -0.6094 -0.5950
vn -0.5082 -0.7043 0.4957
vn -0.5203 -0.5179 0.6790
vn 0.3829 0.4099 0.8279
vn 0.2113 0.5590 0.8018
vn 0.1727 -0.8391 -0.5158
vn 0.5582 -0.8293 -0.0251
vn 0.5283 0.4999 -0.6863
vn 0.5846 0.6068 -0.5385
vn -0.6376 -0.3675 0.6771
vn -0.6692 -0.1853 0.7196
vn -0.5549 0.8223 -0.1263
vn -0.2019 0.8563 0.4753
vn 0.7232 -0.6749 -0.1464
vn -0.0059 0.1078 -0.9942
vn -0.0018 -0.1076 0.9942
vn -0.7265 0.6870 0.0136
vn 0.0016 -0.9863 -0.1647
vn -0.0001 0.0783 -0.9969
vn 0.9974 -0.0714 -0.0057
vn -0.9974 -0.0717 -0.0040
vn -0.0031 -0.2394 0.9709
vn -0.0049 0.4802 -0.8772
vn -0.0014 0.3332 -0.9429
vn 0.9952 0.0867 0.0453
vn 0.9993 0.0171 0.0346
vn -0.9966 -0.0280 0.0773
vn -0.9973 -0.0709 0.0177
vn 0.0144 -0.3196 0.9474
vn 0.0474 -0.4594 0.8870
vn -0.0057 0.5494 -0.8356
vn 0.9715 0.2355 -0.0269
vn -0.9606 0.2761 -0.0314
vn -0.0231 -0.2263 0.9738
vn 0.0308 -0.4016 -0.9153
vn -0.0953 -0.9850 0.1435
vn 0.9767 0.2068 -0.0565
vn 0.9470 0.2201 0.2341
vn -0.9320 0.0367 0.3606
vn -0.9699 0.2405 0.0377
vn 0.0038 0.9833 -0.1821
vn 0.0133 0.4909 0.8711
vn 0.4048 -0.0842 -0.9105
vn -0.9414 0.1843 -0.2826
vn 0.8057 -0.1548 0.5717
vn -0.4285 0.1009 0.8979
vn 0.4998 -0.0661 -0.8636
vn -0.7650 0.2983 -0.5707
vn 0.8902 -0.3167 0.3277
vn -0.3660 0.0207 0.9304
vn 0.1210 -0.5477 -0.8279
vn -0.7564 0.3211 -0.5698
vn 0.6188 -0.7279 0.2953
vn 0.0288 0.6249 0.7802
vn -0.2554 -0.9165 -0.3080
vn -0.6558 0.3031 -0.6915
vn 0.5627 -0.5432 0.6231
vn 0.3268 0.8910 0.3152
vn -0.6749 -0.6099 0.4154
vn -0.9140 0.3798 -0.1424
vn 0.2287 -0.1108 0.9672
vn -0.0563 0.8965 0.4394
vn 0.4425 -0.8958 -0.0407
vn 0.0080 -0.1298 -0.9915
vn 0.1052 -0.2057 0.9729
vn -0.3979 0.9130 0.0895
vn -0.5462 -0.8350 -0.0668
vn -0.5261 0.0231 -0.8501
vn -0.6000 -0.0766 0.7963
vn -0.6154 0.7880 0.0201
vn -0.6157 -0.7405 -0.2695
vn 0.1418 -0.2405 0.9602
vn 0.1668 0.4868 -0.8574
vn 0.6018 0.7300 0.3238
vn -0.8332 -0.4958 -0.2449
vn -0.0468 -0.5087 0.8597
vn -0.0277 0.4474 -0.8939
vn 0.8122 0.4883 0.3193
vn -0.6118 -0.6121 -0.5011
vn -0.0733 -0.6954 0.7149
vn 0.0186 0.4874 -0.8730
vn 0.5808 0.6256 0.5208
vn -0.0445 -0.6069 -0.7935
vn 0.2411 -0.8941 0.3774
vn 0.6554 0.3676 -0.6598
vn 0.9342 0.0014 0.3569
vn -0.0367 -0.6182 0.7851
vn 0.9961 0.0621 -0.0628
vn -0.9904 0.0834 -0.1099
vn 0.0312 0.5947 -0.8033
vn -0.1091 -0.5482 0.8292
vn 0.9761 0.0833 0.2009
vn -0.9833 -0.1688 -0.0684
vn -0.0544 0.5255 -0.8490
vn 0.0385 -0.8049 0.5922
vn 0.9119 0.2183 0.3474
vn -0.8731 -0.4070 -0.2685
vn -0.1489 0.7971 -0.5852
vn 0.0567 -0.9570 0.2844
vn 0.7829 0.2458 0.5715
vn -0.7868 -0.3079 -0.5349
vn -0.1601 0.9212 -0.3548
vn 0.5806 -0.7480 -0.3217
vn 0.9678 0.2222 0.1184
vn -0.2182 -0.2374 -0.9466
vn 0.1913 0.8078 -0.5576
vn -0.3400 0.8778 -0.3374
vn -0.2779 0.9152 -0.2919
vn -0.2979 0.9435 -0.1449
vn -0.3266 0.9305 -0.1658
vn -0.2608 0.9011 -0.3465
vn -0.2039 0.9323 -0.2989
vn -0.2167 0.8775 -0.4278
vn -0.2762 0.9603 -0.0390
vn -0.2804 0.9589 -0.0435
vn -0.3755 0.9124 -0.1632
vn -0.4147 0.8954 -0.1622
vn 0.3395 -0.8780 0.3374
vn 0.3268 -0.9305 0.1657
vn 0.2976 -0.9437 0.1445
vn 0.2770 -0.9155 0.2916
vn 0.2604 -0.9011 0.3468
vn 0.2040 -0.9320 0.2997
vn 0.2167 -0.8777 0.4274
vn 0.2803 -0.9589 0.0432
vn 0.2762 -0.9603 0.0388
vn 0.4147 -0.8954 0.1621
vn 0.3755 -0.9124 0.1631
vn 0.3123 -0.9500 0.0022
vn 0.3070 -0.9517 -0.0096
vn 0.1617 -0.9815 -0.1030
vn 0.1698 -0.9783 -0.1185
vn 0.2967 -0.9545 -0.0283
vn 0.2818 -0.9581 -0.0517
vn 0.3339 -0.9420 -0.0336
vn 0.0588 -0.9759 -0.2099
vn 0.0422 -0.9670 -0.2512
vn 0.1620 -0.9791 -0.1230
vn 0.1587 -0.9835 -0.0866
vn -0.3122 0.9500 -0.0022
vn -0.1696 0.9784 0.1183
vn -0.1616 0.9815 0.1028
vn -0.3069 0.9517 0.0097
vn -0.2967 0.9546 0.0282
vn -0.2817 0.9581 0.0517
vn -0.3340 0.9420 0.0336
vn -0.0422 0.9670 0.2511
vn -0.0588 0.9760 0.2097
vn -0.1586 0.9835 0.0866
vn -0.1619 0.9791 0.1228
vn 0.1943 0.8668 -0.4592
vn 0.1401 0.9105 -0.3891
vn 0.1632 0.9251 -0.3428
vn 0.1079 0.9476 -0.3006
vn 0.1172 0.8253 -0.5524
vn 0.1176 0.9148 -0.3863
vn 0.1713 0.8682 -0.4657
vn 0.1322 0.9244 -0.3578
vn 0.1483 0.8099 -0.5676
vn 0.1108 0.8303 -0.5462
vn 0.0224 0.9846 -0.1736
vn 0.1428 0.9545 -0.2617
vn 0.1733 0.9276 -0.3309
vn 0.2934 0.8808 -0.3716
vn 0.2278 0.9286 -0.2929
vn 0.4000 0.8651 -0.3026
vn 0.2245 0.9468 -0.2305
vn 0.2658 0.9303 -0.2529
vn 0.2099 0.9442 -0.2537
vn 0.4138 0.8473 -0.3330
vn 0.3939 0.8701 -0.2962
vn 0.2876 0.8403 -0.4596
vn 0.2876 0.8403 -0.4595
vn 0.3343 0.7955 -0.5053
vn 0.3343 0.7956 -0.5053
vn 0.3824 0.7417 -0.5511
vn -0.1943 -0.8668 0.4592
vn -0.1632 -0.9251 0.3428
vn -0.1403 -0.9105 0.3891
vn -0.1080 -0.9476 0.3007
vn -0.1172 -0.8253 0.5525
vn -0.1178 -0.9149 0.3862
vn -0.1717 -0.8682 0.4656
vn -0.1320 -0.9245 0.3575
vn -0.1484 -0.8098 0.5676
vn -0.1107 -0.8303 0.5462
vn -0.0226 -0.9845 0.1739
vn -0.1428 -0.9545 0.2618
vn -0.1734 -0.9276 0.3309
vn -0.2934 -0.8808 0.3717
vn -0.2278 -0.9286 0.2930
vn -0.4000 -0.8651 0.3026
vn -0.2245 -0.9468 0.2305
vn -0.2658 -0.9303 0.2529
vn -0.2099 -0.9443 0.2535
vn -0.4138 -0.8472 0.3331
vn -0.3939 -0.8701 0.2962
vn -0.2876 -0.8403 0.4595
vn -0.3343 -0.7955 0.5053
vn -0.3824 -0.7416 0.5512
vn 0.1411 0.9890 0.0454
vn 0.0529 0.9983 0.0251
vn 0.0914 0.9743 0.2058
vn 0.0356 0.9819 0.1860
vn 0.1716 0.9749 -0.1416
vn -0.0048 0.9995 -0.0313
vn 0.0412 0.9975 -0.0566
vn 0.0136 0.9999 -0.0004
vn 0.2085 0.9684 -0.1364
vn 0.1618 0.9769 -0.1399
vn 0.0778 0.9597 0.2702
vn 0.0639 0.9364 0.3451
vn 0.0836 0.9453 0.3152
vn 0.0606 0.9609 0.2702
vn 0.0527 0.9006 0.4314
vn 0.0483 0.8882 0.4569
vn -0.0013 0.8587 0.5125
vn 0.0191 0.8833 0.4684
vn -0.0974 0.7986 0.5939
vn 0.0983 0.9127 0.3967
vn 0.0107 0.8193 0.5733
vn 0.2038 0.9756 0.0813
vn 0.2444 0.9689 0.0396
vn 0.3189 0.9474 0.0252
vn 0.3196 0.9472 0.0245
vn 0.3981 0.9173 0.0090
vn -0.1411 -0.9890 -0.0454
vn -0.0914 -0.9743 -0.2058
vn -0.0529 -0.9983 -0.0251
vn -0.0356 -0.9819 -0.1860
vn -0.1716 -0.9749 0.1416
vn 0.0048 -0.9995 0.0314
vn -0.0412 -0.9975 0.0566
vn -0.0136 -0.9999 0.0004
vn -0.2086 -0.9684 0.1364
vn -0.1618 -0.9769 0.1399
vn -0.0778 -0.9597 -0.2702
vn -0.0639 -0.9364 -0.3451
vn -0.0836 -0.9453 -0.3152
vn -0.0606 -0.9609 -0.2702
vn -0.0527 -0.9006 -0.4314
vn -0.0483 -0.8882 -0.4569
vn 0.0013 -0.8587 -0.5125
vn -0.0190 -0.8833 -0.4684
vn 0.0975 -0.7986 -0.5940
vn -0.0982 -0.9127 -0.3967
vn -0.0107 -0.8192 -0.5734
vn -0.2444 -0.9689 -0.0396
vn -0.2038 -0.9756 -0.0813
vn -0.3195 -0.9473 -0.0245
vn -0.3189 -0.9475 -0.0252
vn -0.3981 -0.9173 -0.0090
vn 0.1670 -0.8864 -0.4317
vn -0.3939 -0.0639 -0.9169
vn 0.4427 0.6812 -0.5830
vn 0.9749 -0.2210 -0.0256
vn -0.9744 -0.0885 0.2068
vn -0.0438 -0.6708 -0.7403
vn 0.1153 -0.3945 -0.9116
vn -0.9794 -0.1596 0.1234
vn 0.0453 0.6286 0.7764
vn 0.2351 0.4798 0.8453
vn 0.9679 0.2003 -0.1516
vn 0.9726 0.1620 -0.1667
vn -0.9759 -0.1778 0.1266
vn -0.0216 -0.9004 -0.4345
vn -0.2654 -0.9046 -0.3336
vn -0.9231 0.2320 0.3067
vn 0.0531 0.9535 0.2966
vn 0.1647 0.9254 0.3414
vn 0.9777 0.0187 -0.2090
vn 0.9802 -0.1211 -0.1565
vn -0.7412 -0.2379 -0.6277
vn 0.1989 0.5860 -0.7855
vn 0.0465 -0.4565 -0.8885
vn -0.9688 -0.2412 -0.0572
vn -0.0206 0.5570 0.8302
vn 0.0409 -0.4615 0.8862
vn 0.9768 0.1020 -0.1884
vn 0.7591 0.5797 0.2961
vn -0.5264 -0.6878 0.4999
vn -0.8704 0.0977 -0.4825
vn 0.6408 0.6094 -0.4669
vn 0.4426 0.6812 -0.5831
vn 0.6828 -0.3492 0.6418
vn -0.8806 0.0778 -0.4674
vn -0.9248 0.0353 -0.3788
vn -0.5789 0.1186 0.8067
vn -0.2879 0.9460 0.1489
vn 0.2383 -0.9409 -0.2405
vn 0.7235 -0.2144 -0.6562
vn 0.6156 0.1922 0.7642
vn 0.6940 0.3808 0.6110
vn 0.2351 -0.9440 -0.2317
vn 0.9163 -0.0673 -0.3948
vn 0.6618 0.3120 0.6817
vn -0.0585 -0.5970 0.8001
vn 0.1392 0.0960 -0.9856
vn 0.4951 -0.8271 -0.2663
vn 0.2680 -0.7696 -0.5796
vn 0.1731 0.0078 -0.9849
vn -0.3875 0.8427 0.3738
vn -0.2373 0.8860 0.3983
vn -0.0143 -0.5155 0.8568
vn 0.1434 -0.8526 0.5026
vn 0.0202 0.2552 -0.9667
vn 0.3703 -0.8560 -0.3608
vn 0.3217 -0.7390 -0.5919
vn -0.1824 0.6300 -0.7549
vn -0.2956 0.8499 0.4363
vn -0.2505 0.8188 0.5165
vn 0.0490 -0.4190 0.9067
vn 0.0916 -0.5229 0.8475
vn 0.6785 -0.0444 -0.7333
vn 0.8177 0.3450 0.4608
vn 0.8547 -0.5114 -0.0895
vn 0.1630 0.2140 -0.9631
vn -0.8542 0.5017 0.1366
vn -0.9352 -0.2729 -0.2258
vn 0.1220 -0.2830 0.9513
vn -0.3019 0.2294 0.9253
vn 0.2351 -0.9440 -0.2316
vn -0.5735 -0.3003 -0.7621
vn 0.5862 0.3268 -0.7413
vn 0.5576 0.1835 0.8096
vn -0.7626 -0.3967 0.5110
vn 0.5640 0.3898 -0.7280
vn 0.4805 0.3140 -0.8189
vn -0.7545 0.4093 -0.5131
vn -0.0544 0.9937 0.0976
vn 0.1627 -0.9745 -0.1544
vn 0.6390 -0.5173 0.5693
vn -0.7628 -0.0248 0.6462
vn -0.6482 0.1655 0.7432
vn -0.3916 0.8906 0.2314
vn -0.3057 0.9299 0.2048
vn -0.1446 0.9345 0.3254
vn -0.2063 0.9145 0.3479
vn -0.3797 0.9117 0.1568
vn -0.3170 0.9377 0.1419
vn -0.4167 0.9045 0.0901
vn -0.0443 0.9186 0.3926
vn -0.0586 0.9138 0.4020
vn -0.2141 0.8885 0.4060
vn -0.2279 0.8772 0.4225
vn 0.3916 -0.8906 -0.2313
vn 0.2064 -0.9145 -0.3479
vn 0.1446 -0.9345 -0.3253
vn 0.3056 -0.9299 -0.2048
vn 0.3796 -0.9118 -0.1568
vn 0.3170 -0.9378 -0.1419
vn 0.4166 -0.9046 -0.0901
vn 0.0587 -0.9138 -0.4020
vn 0.0444 -0.9186 -0.3926
vn 0.2279 -0.8772 -0.4225
vn 0.2141 -0.8884 -0.4060
vn -0.0757 -0.9180 -0.3894
vn -0.1104 -0.9126 -0.3936
vn -0.2216 -0.9223 -0.3168
vn -0.2139 -0.9219 -0.3230
vn -0.1230 -0.9085 -0.3994
vn -0.1563 -0.9034 -0.3992
vn -0.1018 -0.8939 -0.4365
vn -0.2982 -0.9110 -0.2849
vn -0.3253 -0.8990 -0.2932
vn -0.1408 -0.9263 -0.3495
vn -0.1401 -0.9266 -0.3490
vn 0.0756 0.9180 0.3894
vn 0.2139 0.9219 0.3230
vn 0.2215 0.9223 0.3168
vn 0.1103 0.9126 0.3936
vn 0.1229 0.9085 0.3994
vn 0.1563 0.9034 0.3992
vn 0.1017 0.8939 0.4365
vn 0.3253 0.8990 0.2932
vn 0.2982 0.9110 0.2849
vn 0.1401 0.9266 0.3490
vn 0.1408 0.9263 0.3495
vn -0.1854 0.9055 -0.3817
vn -0.1770 0.9687 -0.1739
vn -0.0960 0.9825 -0.1596
vn -0.0609 0.9975 -0.0358
vn -0.3256 0.8739 -0.3608
vn -0.1911 0.9747 -0.1162
vn -0.2549 0.9460 -0.2004
vn -0.1201 0.9757 -0.1831
vn -0.3246 0.8404 -0.4340
vn -0.2920 0.8860 -0.3601
vn 0.0304 0.9957 0.0881
vn 0.0625 0.9968 -0.0496
vn -0.0015 0.9841 -0.1778
vn 0.0031 0.8929 -0.4502
vn 0.1143 0.9648 -0.2369
vn 0.1602 0.8430 -0.5134
vn 0.1799 0.9662 -0.1844
vn 0.2229 0.9367 -0.2701
vn 0.0262 0.9658 -0.2580
vn 0.1519 0.8209 -0.5505
vn 0.0998 0.8552 -0.5086
vn -0.1052 0.8618 -0.4963
vn -0.0904 0.8694 -0.4858
vn -0.0910 0.8578 -0.5059
vn -0.0798 0.8640 -0.4972
vn -0.0907 0.8389 -0.5367
vn 0.1854 -0.9056 0.3814
vn 0.0961 -0.9826 0.1591
vn 0.1771 -0.9688 0.1735
vn 0.0608 -0.9975 0.0354
vn 0.3255 -0.8741 0.3606
vn 0.1912 -0.9747 0.1157
vn 0.2549 -0.9461 0.1996
vn 0.1200 -0.9758 0.1829
vn 0.3247 -0.8407 0.4334
vn 0.2913 -0.8862 0.3602
vn -0.0304 -0.9957 -0.0876
vn -0.0626 -0.9968 0.0491
vn 0.0012 -0.9842 0.1773
vn -0.0032 -0.8931 0.4499
vn -0.1143 -0.9649 0.2365
vn -0.1600 -0.8434 0.5129
vn -0.1798 -0.9663 0.1841
vn -0.2227 -0.9368 0.2699
vn -0.0256 -0.9659 0.2578
vn -0.1521 -0.8213 0.5498
vn -0.0986 -0.8555 0.5083
vn 0.0905 -0.8692 0.4861
vn 0.1053 -0.8616 0.4965
vn 0.0799 -0.8636 0.4977
vn 0.0911 -0.8575 0.5064
vn 0.0907 -0.8389 0.5367
vn -0.2015 0.9219 0.3310
vn -0.0877 0.9538 0.2875
vn -0.0745 0.9533 0.2925
vn -0.0104 0.9409 0.3384
vn -0.2220 0.8892 0.4001
vn -0.0320 0.9511 0.3072
vn -0.0792 0.9487 0.3061
vn 0.0009 0.9492 0.3147
vn -0.2833 0.8634 0.4174
vn -0.2512 0.9234 0.2902
vn 0.0895 0.9313 0.3530
vn -0.0402 0.9498 0.3102
vn -0.1070 0.9440 0.3122
vn -0.2496 0.9474 0.2002
vn -0.1392 0.9593 0.2457
vn -0.3003 0.9503 0.0819
vn -0.1240 0.9663 0.2255
vn -0.1692 0.9671 0.1900
vn -0.1767 0.9355 0.3059
vn -0.3201 0.9439 0.0815
vn -0.2996 0.9482 0.1059
vn -0.3244 0.9120 0.2512
vn -0.3245 0.9120 0.2510
vn -0.4050 0.8803 0.2472
vn -0.4815 0.8425 0.2416
vn 0.2011 -0.9220 -0.3310
vn 0.0740 -0.9533 -0.2928
vn 0.0874 -0.9538 -0.2874
vn 0.0100 -0.9408 -0.3388
vn 0.2214 -0.8894 -0.4000
vn 0.0316 -0.9511 -0.3071
vn 0.0791 -0.9488 -0.3058
vn -0.0021 -0.9491 -0.3150
vn 0.2823 -0.8637 -0.4174
vn 0.2508 -0.9237 -0.2897
vn -0.0899 -0.9311 -0.3535
vn 0.0400 -0.9496 -0.3109
vn 0.1068 -0.9439 -0.3123
vn 0.2494 -0.9475 -0.2003
vn 0.1391 -0.9592 -0.2461
vn 0.3001 -0.9504 -0.0824
vn 0.1243 -0.9660 -0.2268
vn 0.1694 -0.9669 -0.1910
vn 0.1776 -0.9348 -0.3076
vn 0.3199 -0.9439 -0.0818
vn 0.2994 -0.9481 -0.1069
vn 0.3244 -0.9120 -0.2510
vn 0.3242 -0.9120 -0.2512
vn 0.4050 -0.8803 -0.2472
vn 0.4815 -0.8425 -0.2416
vn 0.2770 0.8088 0.5187
vn 0.2666 0.8433 0.4668
vn 0.3510 0.8590 0.3727
vn 0.3525 0.8343 0.4240
vn 0.2231 0.8316 0.5086
vn 0.2183 0.8570 0.4667
vn 0.1500 0.8159 0.5584
vn 0.3886 0.8377 0.3837
vn 0.3874 0.8481 0.3614
vn 0.3798 0.7448 0.5486
vn 0.3869 0.7378 0.5532
vn -0.2768 -0.8090 -0.5186
vn -0.3523 -0.8344 -0.4239
vn -0.3508 -0.8591 -0.3726
vn -0.2664 -0.8434 -0.4667
vn -0.2230 -0.8318 -0.5083
vn -0.2182 -0.8572 -0.4665
vn -0.1499 -0.8160 -0.5582
vn -0.3873 -0.8481 -0.3615
vn -0.3884 -0.8378 -0.3837
vn -0.3870 -0.7375 -0.5535
vn -0.3797 -0.7447 -0.5489
vn -0.4321 -0.8219 -0.3711
vn -0.4473 -0.8493 -0.2805
vn -0.3298 -0.9276 -0.1757
vn -0.3275 -0.9122 -0.2464
vn -0.4816 -0.8076 -0.3403
vn -0.4863 -0.8244 -0.2896
vn -0.5110 -0.7871 -0.3455
vn -0.2757 -0.9522 -0.1312
vn -0.2808 -0.9521 -0.1209
vn -0.3238 -0.8940 -0.3097
vn -0.3301 -0.8944 -0.3017
vn 0.4318 0.8221 0.3711
vn 0.3273 0.9123 0.2461
vn 0.3296 0.9276 0.1760
vn 0.4469 0.8494 0.2807
vn 0.4813 0.8079 0.3401
vn 0.4859 0.8248 0.2889
vn 0.5110 0.7871 0.3455
vn 0.2808 0.9521 0.1207
vn 0.2756 0.9523 0.1313
vn 0.3306 0.8944 0.3012
vn 0.3241 0.8940 0.3095
vn 0.4403 0.8883 0.1302
vn 0.3737 0.9259 0.0557
vn 0.4209 0.9071 -0.0071
vn 0.4286 0.9031 0.0273
vn 0.3529 0.9303 0.1001
vn 0.2834 0.9589 0.0101
vn 0.3018 0.9388 0.1658
vn 0.3614 0.9300 -0.0674
vn 0.2799 0.9521 -0.1234
vn 0.3827 0.9229 0.0434
vn 0.3949 0.9175 0.0462
vn -0.3164 0.8987 0.3038
vn -0.1639 0.9730 0.1625
vn -0.1523 0.9831 0.1018
vn 0.0006 0.9994 0.0358
vn -0.2701 0.8606 0.4317
vn -0.0917 0.9830 0.1591
vn -0.1959 0.9343 0.2977
vn -0.1704 0.9807 0.0955
vn -0.3048 0.8422 0.4448
vn -0.2716 0.8664 0.4191
vn 0.1377 0.9865 -0.0889
vn -0.0380 0.9993 -0.0013
vn -0.1473 0.9826 0.1129
vn -0.3793 0.9023 0.2049
vn -0.2000 0.9754 0.0924
vn -0.4804 0.8680 0.1260
vn -0.1689 0.9851 0.0321
vn -0.2359 0.9717 -0.0083
vn -0.1955 0.9532 0.2308
vn -0.5123 0.8447 0.1552
vn -0.4604 0.8746 0.1520
vn -0.4175 0.8554 0.3065
vn -0.4715 0.8117 0.3447
vn -0.4715 0.8117 0.3446
vn -0.5264 0.7589 0.3834
vn 0.1844 0.9771 -0.1065
vn 0.1186 0.9898 -0.0784
vn 0.0828 0.9896 -0.1178
vn 0.1393 0.9724 -0.1870
vn 0.1463 0.9680 -0.2041
vn 0.1081 0.9621 -0.2504
vn 0.2247 0.9513 -0.2109
vn 0.0161 0.9828 -0.1838
vn 0.0377 0.9901 -0.1355
vn 0.1462 0.9836 -0.1058
vn 0.1472 0.9854 -0.0860
vn -0.4405 -0.8883 -0.1302
vn -0.4289 -0.9029 -0.0276
vn -0.4213 -0.9069 0.0066
vn -0.3739 -0.9258 -0.0557
vn -0.3530 -0.9303 -0.0999
vn -0.2836 -0.9589 -0.0099
vn -0.3020 -0.9388 -0.1655
vn -0.2803 -0.9520 0.1228
vn -0.3618 -0.9299 0.0669
vn -0.3949 -0.9175 -0.0463
vn -0.3827 -0.9229 -0.0435
vn 0.3168 -0.8984 -0.3041
vn 0.1530 -0.9828 -0.1030
vn 0.1644 -0.9727 -0.1639
vn 0.0006 -0.9993 -0.0367
vn 0.2703 -0.8605 -0.4319
vn 0.0924 -0.9827 -0.1604
vn 0.1963 -0.9340 -0.2986
vn 0.1707 -0.9805 -0.0970
vn 0.3050 -0.8421 -0.4448
vn 0.2712 -0.8662 -0.4197
vn -0.1367 -0.9866 0.0887
vn 0.0392 -0.9992 0.0009
vn 0.1485 -0.9824 -0.1133
vn 0.3798 -0.9020 -0.2052
vn 0.2011 -0.9752 -0.0926
vn 0.4807 -0.8678 -0.1260
vn 0.1701 -0.9849 -0.0323
vn 0.2374 -0.9714 0.0074
vn 0.1963 -0.9533 -0.2294
vn 0.5123 -0.8447 -0.1552
vn 0.4612 -0.8744 -0.1511
vn 0.4175 -0.8554 -0.3064
vn 0.4715 -0.8117 -0.3447
vn 0.5263 -0.7589 -0.3835
vn -0.1843 -0.9771 0.1066
vn -0.1393 -0.9724 0.1871
vn -0.0825 -0.9896 0.1179
vn -0.1183 -0.9899 0.0786
vn -0.1464 -0.9679 0.2041
vn -0.1083 -0.9621 0.2504
vn -0.2249 -0.9513 0.2109
vn -0.0374 -0.9900 0.1357
vn -0.0159 -0.9828 0.1839
vn -0.1471 -0.9854 0.0860
vn -0.1460 -0.9836 0.1058
vn -0.3699 -0.1736 -0.9127
vn -0.8064 -0.1470 -0.5728
vn -0.7576 0.1150 -0.6425
vn -0.5898 0.3069 -0.7470
vn -0.3478 0.3771 -0.8584
vn -0.0966 0.3069 -0.9468
vn 0.0967 0.1151 -0.9886
vn 0.1801 -0.1470 -0.9726
vn -0.8966 0.3043 -0.3218
vn -0.9716 -0.0994 -0.2146
vn -0.6380 0.5999 -0.4828
vn -0.2652 0.7080 -0.6545
vn 0.1219 0.5999 -0.7908
vn 0.4196 0.3043 -0.8552
vn 0.5482 -0.0994 -0.8304
vn -0.8356 0.4922 0.2438
vn -0.9101 0.4092 -0.0654
vn -0.9967 -0.0565 0.0583
vn -0.9272 -0.0002 0.3746
vn -0.5203 0.8527 0.0474
vn -0.6119 0.7500 -0.2510
vn -0.0656 0.9846 -0.1619
vn -0.1820 0.8748 -0.4490
vn 0.4065 0.8527 -0.3281
vn 0.2645 0.7500 -0.6062
vn 0.7696 0.4922 -0.4067
vn 0.6079 0.4092 -0.6805
vn 0.9264 -0.0002 -0.3765
vn 0.7561 -0.0565 -0.6520
vn -0.6680 0.5221 0.5303
vn -0.7545 0.0569 0.6538
vn -0.3700 0.8627 0.3447
vn 0.0595 0.9874 0.1469
vn 0.5056 0.8627 -0.0101
vn 0.8487 0.5221 -0.0843
vn 0.9968 0.0569 -0.0558
vn -0.1180 0.4042 0.9070
vn -0.4629 0.5013 0.7311
vn -0.5373 0.1013 0.8373
vn -0.1655 0.1484 0.9750
vn 0.0459 0.5915 0.8050
vn -0.2067 0.7941 0.5715
vn 0.2821 0.6601 0.6962
vn 0.1627 0.9013 0.4015
vn 0.5274 0.5915 0.6099
vn 0.5462 0.7941 0.2664
vn 0.7161 0.4042 0.5690
vn 0.8412 0.5013 0.2026
vn 0.7976 0.1484 0.5847
vn 0.9686 0.1013 0.2271
vn 0.3699 0.1736 0.9127
vn -0.7229 -0.4091 -0.5568
vn -0.5297 -0.6009 -0.5986
vn -0.2784 -0.6711 -0.6871
vn -0.0364 -0.6009 -0.7985
vn 0.1314 -0.4091 -0.9030
vn -0.8431 -0.5031 -0.1899
vn -0.5454 -0.7987 -0.2543
vn -0.1583 -0.9069 -0.3906
vn 0.2145 -0.7987 -0.5622
vn 0.4731 -0.5031 -0.7232
vn -0.7704 -0.4926 0.4047
vn -0.8484 -0.5221 0.0868
vn -0.4073 -0.8531 0.3262
vn -0.5051 -0.8630 0.0125
vn 0.0648 -0.9850 0.1600
vn -0.0586 -0.9877 -0.1446
vn 0.5195 -0.8531 -0.0494
vn 0.3713 -0.8630 -0.3426
vn 0.8348 -0.4926 -0.2458
vn 0.6695 -0.5221 -0.5283
vn -0.6064 -0.4083 0.6823
vn -0.2633 -0.7489 0.6081
vn 0.1828 -0.8736 0.4511
vn 0.6123 -0.7489 0.2533
vn 0.9103 -0.4083 0.0678
vn -0.0841 -0.1075 0.9906
vn -0.4099 -0.2988 0.8618
vn 0.1046 -0.2948 0.9498
vn -0.1149 -0.5916 0.7980
vn 0.3499 -0.3633 0.8635
vn 0.2687 -0.6988 0.6630
vn 0.5861 -0.2948 0.7547
vn 0.6380 -0.5916 0.4929
vn 0.7500 -0.1075 0.6527
vn 0.8942 -0.2988 0.3334
vn -0.6001 0.5168 -0.6106
vn -0.6045 0.5452 -0.5807
vn -0.7048 0.5823 -0.4052
vn -0.6957 0.5731 -0.4330
vn -0.5854 0.5555 -0.5905
vn -0.5918 0.5879 -0.5516
vn -0.5354 0.5688 -0.6244
vn -0.7427 0.6066 -0.2836
vn -0.7399 0.6148 -0.2731
vn -0.7068 0.5631 -0.4282
vn -0.7114 0.5504 -0.4370
vn 0.6001 -0.5168 0.6106
vn 0.6957 -0.5731 0.4330
vn 0.7048 -0.5823 0.4053
vn 0.6045 -0.5452 0.5807
vn 0.5854 -0.5555 0.5905
vn 0.5918 -0.5879 0.5516
vn 0.5354 -0.5688 0.6244
vn 0.7399 -0.6148 0.2731
vn 0.7427 -0.6066 0.2836
vn 0.7114 -0.5504 0.4370
vn 0.7068 -0.5631 0.4282
vn -0.6137 0.7505 0.2453
vn -0.4850 0.7615 0.4300
vn -0.4712 0.7374 0.4840
vn -0.6051 0.7236 0.3320
vn -0.6748 0.7080 0.2084
vn -0.6678 0.6972 0.2607
vn -0.7245 0.6730 0.1488
vn -0.4380 0.7094 0.5522
vn -0.4227 0.7445 0.5168
vn -0.5860 0.6522 0.4808
vn -0.5411 0.7510 0.3785
vn 0.6137 -0.7505 -0.2453
vn 0.6051 -0.7236 -0.3320
vn 0.4712 -0.7374 -0.4840
vn 0.4850 -0.7615 -0.4300
vn 0.6748 -0.7080 -0.2084
vn 0.6678 -0.6972 -0.2607
vn 0.7245 -0.6730 -0.1488
vn 0.4227 -0.7445 -0.5168
vn 0.4380 -0.7094 -0.5522
vn 0.5411 -0.7510 -0.3785
vn 0.5861 -0.6521 -0.4809
vn -0.8733 -0.4658 -0.1426
vn -0.1604 0.8111 -0.5625
vn 0.0688 0.9964 -0.0500
vn -0.9744 -0.2162 -0.0621
vn 0.1085 -0.9854 0.1309
vn 0.0005 -0.8791 0.4766
vn 0.9529 -0.0860 0.2907
vn 0.9355 0.0623 0.3478
vn -0.3506 0.8733 0.3383
vn -0.9719 0.1483 0.1826
vn -0.0086 -0.9905 -0.1373
vn 0.9049 0.3812 0.1891
s 1
f 1/1/1 2/2/2 3/3/3
f 3/3/3 4/4/4 1/1/1
s 2
f 5/5/5 6/6/6 7/7/7
f 7/7/7 8/8/8 5/5/5
f 9/9/9 10/10/10 6/6/6
f 6/6/6 5/5/5 9/9/9
f 11/11/11 10/12/10 9/13/9
f 9/13/9 12/14/12 11/11/11
f 7/7/7 11/11/11 12/14/12
f 12/14/12 8/8/8 7/7/7
f 13/15/13 14/16/14 15/17/15
f 15/17/15 16/18/16 13/15/13
f 17/19/17 18/20/18 13/15/13
f 13/15/13 16/18/16 17/19/17
f 19/21/19 20/22/20 18/23/18
f 18/23/18 17/24/17 19/21/19
f 14/16/14 20/22/20 19/21/19
f 19/21/19 15/17/15 14/16/14
f 21/25/21 22/26/22 23/27/23
f 23/27/23 24/28/24 21/25/21
f 25/29/25 26/30/26 22/26/22
f 22/26/22 21/25/21 25/29/25
f 27/31/27 26/32/26 25/33/25
f 25/33/25 28/34/28 27/31/27
f 23/27/23 27/31/27 28/34/28
f 28/34/28 24/28/24 23/27/23
f 22/26/22 5/5/5 8/8/8
f 8/8/8 23/27/23 22/26/22
f 26/30/26 9/9/9 5/5/5
f 5/5/5 22/26/22 26/30/26
f 12/14/12 9/13/9 26/32/26
f 26/32/26 27/31/27 12/14/12
f 8/8/8 12/14/12 27/31/27
f 27/31/27 23/27/23 8/8/8
f 6/6/6 16/18/16 15/17/15
f 15/17/15 7/7/7 6/6/6
f 10/10/10 17/19/17 16/18/16
f 16/18/16 6/6/6 10/10/10
f 19/21/19 17/24/17 10/12/10
f 10/12/10 11/11/11 19/21/19
f 15/17/15 19/21/19 11/11/11
f 11/11/11 7/7/7 15/17/15
f 13/15/13 2/35/29 1/1/30
f 1/1/30 14/16/14 13/15/13
f 3/36/31 2/35/29 13/15/13
f 13/15/13 18/20/18 3/36/31
f 4/4/32 3/37/31 18/23/18
f 18/23/18 20/22/20 4/4/32
f 1/1/30 4/4/32 20/22/20
f 20/22/20 14/16/14 1/1/30
s 3
f 29/38/33 30/39/34 31/40/35
f 31/40/35 32/41/36 29/38/33
f 33/42/37 34/43/38 30/39/34
f 30/39/34 29/38/33 33/42/37
f 35/44/39 34/45/38 33/46/37
f 33/46/37 36/47/40 35/44/39
f 31/40/35 35/44/39 36/47/40
f 36/47/40 32/41/36 31/40/35
f 30/39/34 37/48/41 38/49/42
f 38/49/42 31/40/35 30/39/34
f 34/43/38 39/50/43 37/48/41
f 37/48/41 30/39/34 34/43/38
f 40/51/44 39/52/43 34/45/38
f 34/45/38 35/44/39 40/51/44
f 38/49/42 40/51/44 35/44/39
f 35/44/39 31/40/35 38/49/42
s 4
f 41/53/45 42/54/46 43/55/47
f 43/55/47 44/56/48 41/53/45
f 45/57/49 46/58/50 42/54/46
f 42/54/46 41/53/45 45/57/49
f 47/59/51 46/60/50 45/61/49
f 45/61/49 48/62/52 47/59/51
f 43/55/47 47/59/51 48/62/52
f 48/62/52 44/56/48 43/55/47
s 5
f 49/63/53 50/64/54 51/65/55
f 51/65/55 52/66/56 49/63/53
f 53/67/57 54/68/58 50/64/54
f 50/64/54 49/63/53 53/67/57
f 55/69/59 54/70/58 53/71/57
f 53/71/57 56/72/60 55/69/59
f 51/65/55 55/69/59 56/72/60
f 56/72/60 52/66/56 51/65/55
f 57/73/61 58/74/62 59/75/63
f 59/75/63 60/76/64 57/73/61
f 61/77/65 62/78/66 57/73/61
f 57/73/61 60/76/64 61/77/65
f 63/79/67 64/80/68 62/81/66
f 62/81/66 61/82/65 63/79/67
f 58/74/62 64/80/68 63/79/67
f 63/79/67 59/75/63 58/74/62
f 65/83/69 66/84/70 67/85/71
f 67/85/71 68/86/72 65/83/69
f 69/87/73 70/88/74 66/84/70
f 66/84/70 65/83/69 69/87/73
f 71/89/75 70/90/74 69/91/73
f 69/91/73 72/92/76 71/89/75
f 67/85/71 71/89/75 72/92/76
f 72/92/76 68/86/72 67/85/71
f 50/64/54 73/93/77 74/94/78
f 74/94/78 51/65/55 50/64/54
f 54/68/58 75/95/79 73/93/77
f 73/93/77 50/64/54 54/68/58
f 76/96/80 75/97/79 54/70/58
f 54/70/58 55/69/59 76/96/80
f 74/94/78 76/96/80 55/69/59
f 55/69/59 51/65/55 74/94/78
f 66/84/70 49/63/53 52/66/56
f 52/66/56 67/85/71 66/84/70
f 70/88/74 53/67/57 49/63/53
f 49/63/53 66/84/70 70/88/74
f 56/72/60 53/71/57 70/90/74
f 70/90/74 71/89/75 56/72/60
f 52/66/56 56/72/60 71/89/75
f 71/89/75 67/85/71 52/66/56
f 65/83/69 68/86/72 58/74/62
f 58/74/62 57/73/61 65/83/69
f 62/78/66 69/87/73 65/83/69
f 65/83/69 57/73/61 62/78/66
f 64/80/68 72/92/76 69/91/73
f 69/91/73 62/81/66 64/80/68
f 68/86/72 72/92/76 64/80/68
f 64/80/68 58/74/62 68/86/72
s 6
f 77/98/81 78/99/82 79/100/83
f 77/98/81 80/101/84 78/99/82
f 77/98/81 81/102/85 80/103/84
f 77/98/81 79/100/83 81/102/85
f 82/104/86 83/105/87 84/106/88
f 84/106/88 85/107/89 82/104/86
f 86/108/90 87/109/91 83/105/87
f 83/105/87 82/104/86 86/108/90
f 88/110/92 87/111/91 86/112/90
f 86/112/90 89/113/93 88/110/92
f 84/106/88 88/110/92 89/113/93
f 89/113/93 85/107/89 84/106/88
f 90/114/94 91/115/95 79/100/83
f 79/100/83 78/99/82 90/114/94
f 92/116/96 90/114/94 78/99/82
f 78/99/82 80/101/84 92/116/96
f 81/102/85 93/117/97 92/118/96
f 92/118/96 80/103/84 81/102/85
f 79/100/83 91/115/95 93/117/97
f 93/117/97 81/102/85 79/100/83
f 82/104/86 85/107/89 91/115/95
f 91/115/95 90/114/94 82/104/86
f 92/116/96 86/108/90 82/104/86
f 82/104/86 90/114/94 92/116/96
f 93/117/97 89/113/93 86/112/90
f 86/112/90 92/118/96 93/117/97
f 91/115/95 85/107/89 89/113/93
f 89/113/93 93/117/97 91/115/95
f 94/119/98 95/120/99 96/121/100
f 96/121/100 97/122/101 94/119/98
f 98/123/102 99/124/103 95/120/99
f 95/120/99 94/119/98 98/123/102
f 100/125/104 99/126/103 98/127/102
f 98/127/102 101/128/105 100/125/104
f 96/121/100 100/125/104 101/128/105
f 101/128/105 97/122/101 96/121/100
f 83/105/87 94/119/98 97/122/101
f 97/122/101 84/106/88 83/105/87
f 87/109/91 98/123/102 94/119/98
f 94/119/98 83/105/87 87/109/91
f 101/128/105 98/127/102 87/111/91
f 87/111/91 88/110/92 101/128/105
f 97/122/101 101/128/105 88/110/92
f 88/110/92 84/106/88 97/122/101
s 3
f 38/49/42 37/48/41 102/129/106
f 102/129/106 103/130/107 38/49/42
f 37/48/41 39/50/43 104/131/108
f 104/131/108 102/129/106 37/48/41
f 39/52/43 40/51/44 105/132/109
f 105/132/109 104/133/108 39/52/43
f 40/51/44 38/49/42 103/130/107
f 103/130/107 105/132/109 40/51/44
f 103/130/107 102/129/106 106/134/110
f 106/134/110 107/135/111 103/130/107
f 102/129/106 104/131/108 108/136/112
f 108/136/112 106/134/110 102/129/106
f 104/133/108 105/132/109 109/137/113
f 109/137/113 108/138/112 104/133/108
f 105/132/109 103/130/107 107/135/111
f 107/135/111 109/137/113 105/132/109
f 107/135/111 106/134/110 110/139/114
f 110/139/114 111/140/115 107/135/111
f 106/134/110 108/136/112 112/141/116
f 112/141/116 110/139/114 106/134/110
f 108/138/112 109/137/113 113/142/117
f 113/142/117 112/143/116 108/138/112
f 109/137/113 107/135/111 111/140/115
f 111/140/115 113/142/117 109/137/113
f 111/140/115 110/139/114 114/144/118
f 114/144/118 115/145/119 111/140/115
f 110/139/114 112/141/116 116/146/120
f 116/146/120 114/144/118 110/139/114
f 112/143/116 113/142/117 117/147/121
f 117/147/121 116/148/120 112/143/116
f 113/142/117 111/140/115 115/145/119
f 115/145/119 117/147/121 113/142/117
f 115/145/119 114/144/118 118/149/122
f 118/149/122 119/150/123 115/145/119
f 114/144/118 116/146/120 120/151/124
f 120/151/124 118/149/122 114/144/118
f 116/148/120 117/147/121 121/152/125
f 121/152/125 120/153/124 116/148/120
f 117/147/121 115/145/119 119/150/123
f 119/150/123 121/152/125 117/147/121
f 121/152/125 119/150/123 118/149/122
f 118/149/122 120/151/124 121/152/125
s 5
f 74/94/78 73/93/77 122/154/126
f 122/154/126 123/155/127 74/94/78
f 73/93/77 75/95/79 124/156/128
f 124/156/128 122/154/126 73/93/77
f 75/97/79 76/96/80 125/157/129
f 125/157/129 124/158/128 75/97/79
f 76/96/80 74/94/78 123/155/127
f 123/155/127 125/157/129 76/96/80
f 123/155/127 122/154/126 126/159/130
f 126/159/130 127/160/131 123/155/127
f 122/154/126 124/156/128 128/161/132
f 128/161/132 126/159/130 122/154/126
f 124/158/128 125/157/129 129/162/133
f 129/162/133 128/163/132 124/158/128
f 125/157/129 123/155/127 127/160/131
f 127/160/131 129/162/133 125/157/129
f 129/162/133 127/160/131 126/159/130
f 126/159/130 128/161/132 129/162/133
s 4
f 43/55/47 42/54/46 130/164/134
f 130/164/134 131/165/135 43/55/47
f 42/54/46 46/58/50 132/166/136
f 132/166/136 130/164/134 42/54/46
f 46/60/50 47/59/51 133/167/137
f 133/167/137 132/168/136 46/60/50
f 47/59/51 43/55/47 131/165/135
f 131/165/135 133/167/137 47/59/51
f 131/165/135 130/164/134 134/169/138
f 134/169/138 135/170/139 131/165/135
f 130/164/134 132/166/136 136/171/140
f 136/171/140 134/169/138 130/164/134
f 132/168/136 133/167/137 137/172/141
f 137/172/141 136/173/140 132/168/136
f 133/167/137 131/165/135 135/170/139
f 135/170/139 137/172/141 133/167/137
f 135/170/139 134/169/138 138/174/142
f 138/174/142 139/175/143 135/170/139
f 134/169/138 136/171/140 140/176/144
f 140/176/144 138/174/142 134/169/138
f 136/173/140 137/172/141 141/177/145
f 141/177/145 140/178/144 136/173/140
f 137/172/141 135/170/139 139/175/143
f 139/175/143 141/177/145 137/172/141
f 139/175/143 138/174/142 142/179/146
f 142/179/146 143/180/147 139/175/143
f 138/174/142 140/176/144 144/181/148
f 144/181/148 142/179/146 138/174/142
f 140/178/144 141/177/145 145/182/149
f 145/182/149 144/183/148 140/178/144
f 141/177/145 139/175/143 143/180/147
f 143/180/147 145/182/149 141/177/145
f 145/182/149 143/180/147 142/179/146
f 142/179/146 144/181/148 145/182/149
s 6
f 96/121/100 95/120/99 146/184/150
f 146/184/150 147/185/151 96/121/100
f 95/120/99 99/124/103 148/186/152
f 148/186/152 146/184/150 95/120/99
f 99/126/103 100/125/104 149/187/153
f 149/187/153 148/188/152 99/126/103
f 100/125/104 96/121/100 147/185/151
f 147/185/151 149/187/153 100/125/104
f 147/185/151 146/184/150 150/189/154
f 150/189/154 151/190/155 147/185/151
f 146/184/150 148/186/152 152/191/156
f 152/191/156 150/189/154 146/184/150
f 148/188/152 149/187/153 153/192/157
f 153/192/157 152/193/156 148/188/152
f 149/187/153 147/185/151 151/190/155
f 151/190/155 153/192/157 149/187/153
f 151/190/155 150/189/154 154/194/158
f 154/194/158 155/195/159 151/190/155
f 150/189/154 152/191/156 156/196/160
f 156/196/160 154/194/158 150/189/154
f 152/193/156 153/192/157 157/197/161
f 157/197/161 156/198/160 152/193/156
f 153/192/157 151/190/155 155/195/159
f 155/195/159 157/197/161 153/192/157
f 155/195/159 154/194/158 158/199/162
f 158/199/162 159/200/163 155/195/159
f 154/194/158 156/196/160 160/201/164
f 160/201/164 158/199/162 154/194/158
f 156/198/160 157/197/161 161/202/165
f 161/202/165 160/203/164 156/198/160
f 157/197/161 155/195/159 159/200/163
f 159/200/163 161/202/165 157/197/161
f 159/200/163 158/199/162 162/204/166
f 162/204/166 163/205/167 159/200/163
f 158/199/162 160/201/164 164/206/168
f 164/206/168 162/204/166 158/199/162
f 160/203/164 161/202/165 165/207/169
f 165/207/169 164/208/168 160/203/164
f 161/202/165 159/200/163 163/205/167
f 163/205/167 165/207/169 161/202/165
f 165/207/169 163/205/167 162/204/166
f 162/204/166 164/206/168 165/207/169
s 7
f 166/209/170 167/210/171 168/211/172
f 168/211/172 169/212/173 166/209/170
f 170/213/174 171/214/175 167/210/171
f 167/210/171 166/209/170 170/213/174
f 170/213/174 172/215/176 171/214/175
f 169/212/173 168/211/172 173/216/177
f 173/216/177 174/217/178 169/212/173
f 174/217/178 173/216/177 175/218/179
f 175/218/179 176/219/180 174/217/178
s 8
f 177/220/181 178/221/182 179/222/183
f 179/222/183 180/223/184 177/220/181
f 181/224/185 177/220/181 180/223/184
f 180/223/184 182/225/186 181/224/185
f 181/224/185 182/225/186 183/226/187
f 178/221/182 184/227/188 185/228/189
f 185/228/189 179/222/183 178/221/182
f 184/227/188 186/229/190 187/230/191
f 187/230/191 185/228/189 184/227/188
s 9
f 188/231/192 189/232/193 190/233/194
f 190/233/194 191/234/195 188/231/192
f 192/235/196 193/236/197 189/232/193
f 189/232/193 188/231/192 192/235/196
f 192/235/196 194/237/198 193/236/197
f 191/234/195 190/233/194 195/238/199
f 195/238/199 196/239/200 191/234/195
f 196/239/200 195/238/199 197/240/201
f 197/240/201 198/241/202 196/239/200
s 10
f 199/242/203 200/243/204 201/244/205
f 201/244/205 202/245/206 199/242/203
f 203/246/207 199/242/203 202/245/206
f 202/245/206 204/247/208 203/246/207
f 203/246/207 204/247/208 205/248/209
f 200/243/204 206/249/210 207/250/211
f 207/250/211 201/244/205 200/243/204
f 206/249/210 208/251/212 209/252/213
f 209/252/213 207/250/211 206/249/210
s 11
f 210/253/214 211/254/215 212/255/216
f 211/254/215 213/256/217 212/255/216
f 210/253/214 214/257/218 211/254/215
f 211/254/215 215/258/219 213/256/217
f 211/254/215 216/259/220 215/258/219
f 215/258/219 217/260/221 213/256/217
f 210/253/214 218/261/222 214/257/218
f 214/257/218 219/262/223 211/254/215
f 220/263/224 221/264/225 213/256/217
f 212/255/216 213/256/217 221/264/225
f 221/264/225 222/265/226 212/255/216
f 223/266/227 222/265/226 224/267/228
f 224/267/228 222/265/226 221/264/225
f 223/266/227 224/267/228 225/268/229
f 224/267/228 221/264/225 226/269/230
f 224/267/228 226/269/230 227/270/231
f 226/269/230 221/264/225 228/271/232
f 223/266/227 225/268/229 229/272/233
f 225/268/229 224/267/228 230/273/234
f 210/253/214 223/266/227 231/274/235
f 231/274/235 232/275/236 210/253/214
f 232/275/236 231/274/235 233/276/237
f 233/276/237 234/277/238 232/275/236
f 210/253/214 212/255/216 222/265/226
f 222/265/226 223/266/227 210/253/214
f 235/278/239 234/277/238 233/276/237
s 12
f 236/279/240 237/280/241 238/281/242
f 238/281/242 237/280/241 239/282/243
f 236/279/240 238/281/242 240/283/244
f 238/281/242 239/282/243 241/284/245
f 238/281/242 241/284/245 242/285/246
f 241/284/245 239/282/243 243/286/247
f 236/279/240 240/283/244 244/287/248
f 240/283/244 238/281/242 245/288/249
f 246/289/250 239/282/243 247/290/251
f 237/280/241 248/291/252 247/290/251
f 247/290/251 239/282/243 237/280/241
f 249/292/253 250/293/254 248/291/252
f 250/293/254 247/290/251 248/291/252
f 249/292/253 251/294/255 250/293/254
f 250/293/254 252/295/256 247/290/251
f 250/293/254 253/296/257 252/295/256
f 252/295/256 254/297/258 247/290/251
f 249/292/253 255/298/259 251/294/255
f 251/294/255 256/299/260 250/293/254
f 236/279/240 257/300/261 258/301/261
f 258/301/261 249/292/253 236/279/240
f 257/300/261 259/302/262 260/303/262
f 260/303/262 258/301/261 257/300/261
f 236/279/240 249/292/253 248/291/252
f 248/291/252 237/280/241 236/279/240
f 261/304/263 260/303/262 259/302/262
s 13
f 262/305/264 263/306/265 264/307/266
f 263/306/265 265/308/267 264/307/266
f 262/305/264 266/309/268 263/306/265
f 263/306/265 267/310/269 265/308/267
f 263/306/265 268/311/270 267/310/269
f 267/310/269 269/312/271 265/308/267
f 262/305/264 270/313/272 266/309/268
f 266/309/268 271/314/273 263/306/265
f 272/315/274 273/316/275 265/308/267
f 264/307/266 265/308/267 273/316/275
f 273/316/275 274/317/276 264/307/266
f 275/318/277 274/317/276 276/319/278
f 276/319/278 274/317/276 273/316/275
f 275/318/277 276/319/278 277/320/279
f 276/319/278 273/316/275 278/321/280
f 276/319/278 278/321/280 279/322/281
f 278/321/280 273/316/275 280/323/282
f 275/318/277 277/320/279 281/324/283
f 277/320/279 276/319/278 282/325/284
f 262/305/264 275/318/277 283/326/285
f 283/326/285 284/327/286 262/305/264
f 284/327/286 283/326/285 285/328/287
f 285/328/287 286/329/288 284/327/286
f 262/305/264 264/307/266 274/317/276
f 274/317/276 275/318/277 262/305/264
f 287/330/289 286/329/288 285/328/287
s 14
f 288/331/290 289/332/291 290/333/292
f 290/333/292 289/332/291 291/334/293
f 288/331/290 290/333/292 292/335/294
f 290/333/292 291/334/293 293/336/295
f 290/333/292 293/336/295 294/337/296
f 293/336/295 291/334/293 295/338/297
f 288/331/290 292/335/294 296/339/298
f 292/335/294 290/333/292 297/340/299
f 298/341/300 291/334/293 299/342/301
f 289/332/291 300/343/302 299/342/301
f 299/342/301 291/334/293 289/332/291
f 301/344/303 302/345/304 300/343/302
f 302/345/304 299/342/301 300/343/302
f 301/344/303 303/346/305 302/345/304
f 302/345/304 304/347/306 299/342/301
f 302/345/304 305/348/307 304/347/306
f 304/347/306 306/349/308 299/342/301
f 301/344/303 307/350/309 303/346/305
f 303/346/305 308/351/310 302/345/304
f 288/331/290 309/352/311 310/353/312
f 310/353/312 301/344/303 288/331/290
f 309/352/311 311/354/313 312/355/314
f 312/355/314 310/353/312 309/352/311
f 288/331/290 301/344/303 300/343/302
f 300/343/302 289/332/291 288/331/290
f 313/356/315 312/355/314 311/354/313
s 15
f 314/357/316 315/358/317 316/359/318
f 316/359/318 317/360/319 314/357/316
s 16
f 318/361/320 319/362/321 320/363/322
f 320/363/322 321/364/323 318/361/320
f 322/365/324 318/361/320 321/364/323
f 321/364/323 323/366/325 322/365/324
f 324/367/326 322/368/324 323/369/325
f 323/369/325 325/370/327 324/367/326
f 320/363/322 319/362/321 324/367/326
f 324/367/326 325/370/327 320/363/322
f 326/371/328 327/372/329 328/373/330
f 328/373/330 329/374/331 326/371/328
f 330/375/332 326/371/328 329/374/331
f 329/374/331 331/376/333 330/375/332
f 332/377/334 333/378/335 330/379/332
f 330/379/332 331/380/333 332/377/334
f 328/373/330 327/372/329 333/378/335
f 333/378/335 332/377/334 328/373/330
f 334/381/336 335/382/337 336/383/338
f 336/383/338 337/384/339 334/381/336
f 338/385/340 339/386/341 334/381/336
f 334/381/336 337/384/339 338/385/340
f 340/387/342 341/388/343 339/389/341
f 339/389/341 338/390/340 340/387/342
f 335/382/337 341/388/343 340/387/342
f 340/387/342 336/383/338 335/382/337
f 315/391/317 314/357/316 342/392/344
f 342/392/344 343/393/345 315/391/317
f 344/394/346 316/395/347 315/391/317
f 315/391/317 343/393/345 344/394/346
f 345/396/348 317/360/319 316/397/347
f 316/397/347 344/398/346 345/396/348
f 314/357/316 317/360/319 345/396/348
f 345/396/348 342/392/344 314/357/316
f 346/399/349 347/400/350 348/401/351
f 348/401/351 349/402/352 346/399/349
f 350/403/353 351/404/354 347/400/350
f 347/400/350 346/399/349 350/403/353
f 352/405/355 351/406/354 350/407/353
f 350/407/353 353/408/356 352/405/355
f 348/401/351 352/405/355 353/408/356
f 353/408/356 349/402/352 348/401/351
f 343/393/345 342/392/344 348/401/351
f 348/401/351 347/400/350 343/393/345
f 351/404/354 344/394/346 343/393/345
f 343/393/345 347/400/350 351/404/354
f 352/405/355 345/396/348 344/398/346
f 344/398/346 351/406/354 352/405/355
f 342/392/344 345/396/348 352/405/355
f 352/405/355 348/401/351 342/392/344
f 346/399/349 349/402/352 335/382/337
f 335/382/337 334/381/336 346/399/349
f 350/403/353 346/399/349 334/381/336
f 334/381/336 339/386/341 350/403/353
f 341/388/343 353/408/356 350/407/353
f 350/407/353 339/389/341 341/388/343
f 335/382/337 349/402/352 353/408/356
f 353/408/356 341/388/343 335/382/337
f 329/374/331 328/373/330 319/362/321
f 319/362/321 318/361/320 329/374/331
f 331/376/333 329/374/331 318/361/320
f 318/361/320 322/365/324 331/376/333
f 324/367/326 332/377/334 331/380/333
f 331/380/333 322/368/324 324/367/326
f 319/362/321 328/373/330 332/377/334
f 332/377/334 324/367/326 319/362/321
f 337/384/339 336/383/338 327/372/329
f 327/372/329 326/371/328 337/384/339
f 338/385/340 337/384/339 326/371/328
f 326/371/328 330/375/332 338/385/340
f 333/378/335 340/387/342 338/390/340
f 338/390/340 330/379/332 333/378/335
f 327/372/329 336/383/338 340/387/342
f 340/387/342 333/378/335 327/372/329
s 17
f 354/409/357 355/410/358 356/411/359
f 356/411/359 357/412/360 354/409/357
s 18
f 358/413/361 359/414/362 360/415/363
f 360/415/363 361/416/364 358/413/361
f 362/417/365 358/413/361 361/416/364
f 361/416/364 363/418/366 362/417/365
f 364/419/367 362/420/365 363/421/366
f 363/421/366 365/422/368 364/419/367
f 360/415/363 359/414/362 364/419/367
f 364/419/367 365/422/368 360/415/363
f 366/423/369 367/424/370 368/425/371
f 368/425/371 369/426/372 366/423/369
f 370/427/373 366/423/369 369/426/372
f 369/426/372 371/428/374 370/427/373
f 372/429/375 373/430/376 370/431/373
f 370/431/373 371/432/374 372/429/375
f 368/425/371 367/424/370 373/430/376
f 373/430/376 372/429/375 368/425/371
f 374/433/377 375/434/378 376/435/379
f 376/435/379 377/436/380 374/433/377
f 378/437/381 379/438/382 374/433/377
f 374/433/377 377/436/380 378/437/381
f 380/439/383 381/440/384 379/441/382
f 379/441/382 378/442/381 380/439/383
f 375/434/378 381/440/384 380/439/383
f 380/439/383 376/435/379 375/434/378
f 355/443/358 354/409/385 382/444/386
f 382/444/386 383/445/387 355/443/358
f 384/446/388 356/447/359 355/443/358
f 355/443/358 383/445/387 384/446/388
f 385/448/389 357/412/360 356/449/359
f 356/449/359 384/450/388 385/448/389
f 354/409/385 357/412/360 385/448/389
f 385/448/389 382/444/386 354/409/385
f 386/451/390 387/452/391 388/453/392
f 388/453/392 389/454/393 386/451/390
f 390/455/394 391/456/395 387/452/391
f 387/452/391 386/451/390 390/455/394
f 392/457/396 391/458/395 390/459/394
f 390/459/394 393/460/397 392/457/396
f 388/453/392 392/457/396 393/460/397
f 393/460/397 389/454/393 388/453/392
f 383/445/387 382/444/386 388/453/392
f 388/453/392 387/452/391 383/445/387
f 391/456/395 384/446/388 383/445/387
f 383/445/387 387/452/391 391/456/395
f 392/457/396 385/448/389 384/450/388
f 384/450/388 391/458/395 392/457/396
f 382/444/386 385/448/389 392/457/396
f 392/457/396 388/453/392 382/444/386
f 386/451/390 389/454/393 375/434/378
f 375/434/378 374/433/377 386/451/390
f 390/455/394 386/451/390 374/433/377
f 374/433/377 379/438/382 390/455/394
f 381/440/384 393/460/397 390/459/394
f 390/459/394 379/441/382 381/440/384
f 375/434/378 389/454/393 393/460/397
f 393/460/397 381/440/384 375/434/378
f 369/426/372 368/425/371 359/414/362
f 359/414/362 358/413/361 369/426/372
f 371/428/374 369/426/372 358/413/361
f 358/413/361 362/417/365 371/428/374
f 364/419/367 372/429/375 371/432/374
f 371/432/374 362/420/365 364/419/367
f 359/414/362 368/425/371 372/429/375
f 372/429/375 364/419/367 359/414/362
f 377/436/380 376/435/379 367/424/370
f 367/424/370 366/423/369 377/436/380
f 378/437/381 377/436/380 366/423/369
f 366/423/369 370/427/373 378/437/381
f 373/430/376 380/439/383 378/442/381
f 378/442/381 370/431/373 373/430/376
f 367/424/370 376/435/379 380/439/383
f 380/439/383 373/430/376 367/424/370
s 19
f 394/461/398 395/462/399 396/463/400
f 396/463/400 397/464/401 394/461/398
f 398/465/402 399/466/403 395/462/399
f 395/462/399 394/461/398 398/465/402
f 398/465/402 400/467/404 399/466/403
f 397/464/401 396/463/400 401/468/405
f 401/468/405 402/469/406 397/464/401
f 402/469/406 401/468/405 403/470/407
f 403/470/407 404/471/408 402/469/406
s 20
f 405/472/409 406/473/410 407/474/411
f 407/474/411 408/475/412 405/472/409
f 409/476/413 405/472/409 408/475/412
f 408/475/412 410/477/414 409/476/413
f 409/476/413 410/477/414 411/478/415
f 406/473/410 412/479/416 413/480/417
f 413/480/417 407/474/411 406/473/410
f 412/479/416 414/481/418 415/482/419
f 415/482/419 413/480/417 412/479/416
s 21
f 416/483/420 417/484/421 418/485/422
f 418/485/422 419/486/423 416/483/420
f 420/487/424 421/488/425 417/484/421
f 417/484/421 416/483/420 420/487/424
f 420/487/424 422/489/426 421/488/425
f 419/486/423 418/485/422 423/490/427
f 423/490/427 424/491/428 419/486/423
f 424/491/428 423/490/427 425/492/429
f 425/492/429 426/493/430 424/491/428
s 22
f 427/494/431 428/495/432 429/496/433
f 429/496/433 430/497/434 427/494/431
f 431/498/435 427/494/431 430/497/434
f 430/497/434 432/499/436 431/498/435
f 431/498/435 432/499/436 433/500/437
f 428/495/432 434/501/438 435/502/439
f 435/502/439 429/496/433 428/495/432
f 434/501/438 436/503/440 437/504/441
f 437/504/441 435/502/439 434/501/438
s 23
f 438/505/442 439/506/443 440/507/444
f 439/506/443 441/508/445 440/507/444
f 438/505/442 442/509/446 439/506/443
f 439/506/443 443/510/447 441/508/445
f 439/506/443 444/511/448 443/510/447
f 443/510/447 445/512/449 441/508/445
f 438/505/442 446/513/450 442/509/446
f 442/509/446 447/514/451 439/506/443
f 448/515/452 449/516/453 441/508/445
f 440/507/444 441/508/445 449/516/453
f 449/516/453 450/517/454 440/507/444
f 451/518/455 450/517/454 452/519/456
f 452/519/456 450/517/454 449/516/453
f 451/518/455 452/519/456 453/520/457
f 452/519/456 449/516/453 454/521/458
f 452/519/456 454/521/458 455/522/459
f 454/521/458 449/516/453 456/523/460
f 451/518/455 453/520/457 457/524/461
f 453/520/457 452/519/456 458/525/462
f 438/505/442 451/518/455 459/526/463
f 459/526/463 460/527/464 438/505/442
f 460/527/464 459/526/463 461/528/465
f 461/528/465 462/529/466 460/527/464
f 438/505/442 440/507/444 450/517/454
f 450/517/454 451/518/455 438/505/442
f 463/530/467 462/529/466 461/528/465
s 24
f 464/531/468 465/532/469 466/533/470
f 466/533/470 465/532/469 467/534/471
f 464/531/468 466/533/470 468/535/472
f 466/533/470 467/534/471 469/536/473
f 466/533/470 469/536/473 470/537/474
f 469/536/473 467/534/471 471/538/475
f 464/531/468 468/535/472 472/539/476
f 468/535/472 466/533/470 473/540/477
f 474/541/478 467/534/471 475/542/479
f 465/532/469 476/543/480 475/542/479
f 475/542/479 467/534/471 465/532/469
f 477/544/481 478/545/482 476/543/480
f 478/545/482 475/542/479 476/543/480
f 477/544/481 479/546/483 478/545/482
f 478/545/482 480/547/484 475/542/479
f 478/545/482 481/548/485 480/547/484
f 480/547/484 482/549/486 475/542/479
f 477/544/481 483/550/487 479/546/483
f 479/546/483 484/551/488 478/545/482
f 464/531/468 485/552/489 486/553/490
f 486/553/490 477/544/481 464/531/468
f 485/552/489 487/554/491 488/555/492
f 488/555/492 486/553/490 485/552/489
f 464/531/468 477/544/481 476/543/480
f 476/543/480 465/532/469 464/531/468
f 489/556/493 488/555/492 487/554/491
s 25
f 490/557/494 491/558/495 492/559/496
f 491/558/495 493/560/497 492/559/496
f 490/557/494 494/561/498 491/558/495
f 491/558/495 495/562/499 493/560/497
f 491/558/495 496/563/500 495/562/499
f 495/562/499 497/564/501 493/560/497
f 490/557/494 498/565/502 494/561/498
f 494/561/498 499/566/503 491/558/495
f 500/567/504 501/568/505 493/560/497
f 492/559/496 493/560/497 501/568/505
f 501/568/505 502/569/506 492/559/496
f 503/570/507 502/569/506 504/571/508
f 504/571/508 502/569/506 501/568/505
f 503/570/507 504/571/508 505/572/509
f 504/571/508 501/568/505 506/573/510
f 504/571/508 506/573/510 507/574/511
f 506/573/510 501/568/505 508/575/512
f 503/570/507 505/572/509 509/576/513
f 505/572/509 504/571/508 510/577/514
f 490/557/494 503/570/507 511/578/515
f 511/578/515 512/579/516 490/557/494
f 512/579/516 511/578/515 513/580/517
f 513/580/517 514/581/517 512/579/516
f 490/557/494 492/559/496 502/569/506
f 502/569/506 503/570/507 490/557/494
f 515/582/518 514/581/517 513/580/517
s 26
f 516/583/519 517/584/520 518/585/521
f 518/585/521 517/584/520 519/586/522
f 516/583/519 518/585/521 520/587/523
f 518/585/521 519/586/522 521/588/524
f 518/585/521 521/588/524 522/589/525
f 521/588/524 519/586/522 523/590/526
f 516/583/519 520/587/523 524/591/527
f 520/587/523 518/585/521 525/592/528
f 526/593/529 519/586/522 527/594/530
f 517/584/520 528/595/531 527/594/530
f 527/594/530 519/586/522 517/584/520
f 529/596/532 530/597/533 528/595/531
f 530/597/533 527/594/530 528/595/531
f 529/596/532 531/598/534 530/597/533
f 530/597/533 532/599/535 527/594/530
f 530/597/533 533/600/536 532/599/535
f 532/599/535 534/601/537 527/594/530
f 529/596/532 535/602/538 531/598/534
f 531/598/534 536/603/539 530/597/533
f 516/583/519 537/604/540 538/605/541
f 538/605/541 529/596/532 516/583/519
f 537/604/540 539/606/542 540/607/542
f 540/607/542 538/605/541 537/604/540
f 516/583/519 529/596/532 528/595/531
f 528/595/531 517/584/520 516/583/519
f 541/608/543 540/607/542 539/606/542
s 27
f 542/609/544 543/610/545 544/611/546
f 544/611/546 545/612/547 542/609/544
f 546/613/548 547/614/549 543/610/545
f 543/610/545 542/609/544 546/613/548
f 546/613/548 548/615/550 547/614/549
f 545/612/547 544/611/546 549/616/551
f 549/616/551 550/617/552 545/612/547
f 550/617/552 549/616/551 551/618/553
f 551/618/553 552/619/554 550/617/552
s 28
f 553/620/555 554/621/556 555/622/557
f 555/622/557 556/623/558 553/620/555
f 557/624/559 553/620/555 556/623/558
f 556/623/558 558/625/560 557/624/559
f 557/624/559 558/625/560 559/626/561
f 554/621/556 560/627/562 561/628/563
f 561/628/563 555/622/557 554/621/556
f 560/627/562 562/629/564 563/630/565
f 563/630/565 561/628/563 560/627/562
s 29
f 564/631/566 565/632/567 566/633/568
f 566/633/568 567/634/569 564/631/566
f 568/635/570 569/636/571 565/632/567
f 565/632/567 564/631/566 568/635/570
f 568/635/570 570/637/572 569/636/571
f 567/634/569 566/633/568 571/638/573
f 571/638/573 572/639/574 567/634/569
f 572/639/574 571/638/573 573/640/575
f 573/640/575 574/641/576 572/639/574
s 30
f 575/642/577 576/643/578 577/644/579
f 577/644/579 578/645/580 575/642/577
f 579/646/581 575/642/577 578/645/580
f 578/645/580 580/647/582 579/646/581
f 579/646/581 580/647/582 581/648/583
f 576/643/578 582/649/584 583/650/585
f 583/650/585 577/644/579 576/643/578
f 582/649/584 584/651/586 585/652/587
f 585/652/587 583/650/585 582/649/584
s 31
f 586/653/588 587/654/589 588/655/590
f 588/655/590 589/656/591 586/653/588
f 590/657/592 591/658/593 587/654/589
f 587/654/589 586/653/588 590/657/592
f 590/657/592 592/659/594 591/658/593
f 589/656/591 588/655/590 593/660/595
f 593/660/595 594/661/596 589/656/591
f 594/661/596 593/660/595 595/662/597
f 595/662/597 596/663/598 594/661/596
s 32
f 597/664/599 598/665/600 599/666/601
f 598/665/600 600/667/602 599/666/601
f 597/664/599 601/668/603 598/665/600
f 598/665/600 602/669/604 600/667/602
f 598/665/600 603/670/605 602/669/604
f 602/669/604 604/671/606 600/667/602
f 597/664/599 605/672/607 601/668/603
f 601/668/603 606/673/608 598/665/600
f 607/674/609 608/675/610 600/667/602
f 599/666/601 600/667/602 608/675/610
f 608/675/610 609/676/611 599/666/601
f 610/677/612 609/676/611 611/678/613
f 611/678/613 609/676/611 608/675/610
f 610/677/612 611/678/613 612/679/614
f 611/678/613 608/675/610 613/680/615
f 611/678/613 613/680/615 614/681/616
f 613/680/615 608/675/610 615/682/617
f 610/677/612 612/679/614 616/683/618
f 612/679/614 611/678/613 617/684/619
f 597/664/599 610/677/612 618/685/620
f 618/685/620 619/686/620 597/664/599
f 619/686/620 618/685/620 620/687/621
f 620/687/621 621/688/622 619/686/620
f 597/664/599 599/666/601 609/676/611
f 609/676/611 610/677/612 597/664/599
f 622/689/623 621/688/622 620/687/621
s 33
f 623/690/624 624/691/625 625/692/626
f 625/692/626 626/693/627 623/690/624
f 627/694/628 623/690/624 626/693/627
f 626/693/627 628/695/629 627/694/628
f 627/694/628 628/695/629 629/696/630
f 624/691/625 630/697/631 631/698/632
f 631/698/632 625/692/626 624/691/625
f 630/697/631 632/699/633 633/700/634
f 633/700/634 631/698/632 630/697/631
s 34
f 634/701/635 635/702/636 636/703/637
f 636/703/637 637/704/638 634/701/635
f 638/705/639 634/701/635 637/704/638
f 637/704/638 639/706/640 638/705/639
f 638/705/639 639/706/640 640/707/641
f 635/702/636 641/708/642 642/709/643
f 642/709/643 636/703/637 635/702/636
f 641/708/642 643/710/644 644/711/645
f 644/711/645 642/709/643 641/708/642
s 35
f 645/712/646 646/713/647 647/714/648
f 647/714/648 646/713/647 648/715/649
f 645/712/646 647/714/648 649/716/650
f 647/714/648 648/715/649 650/717/651
f 647/714/648 650/717/651 651/718/652
f 650/717/651 648/715/649 652/719/653
f 645/712/646 649/716/650 653/720/654
f 649/716/650 647/714/648 654/721/655
f 655/722/656 648/715/649 656/723/657
f 646/713/647 657/724/658 656/723/657
f 656/723/657 648/715/649 646/713/647
f 658/725/659 659/726/660 657/724/658
f 659/726/660 656/723/657 657/724/658
f 658/725/659 660/727/661 659/726/660
f 659/726/660 661/728/662 656/723/657
f 659/726/660 662/729/663 661/728/662
f 661/728/662 663/730/664 656/723/657
f 658/725/659 664/731/665 660/727/661
f 660/727/661 665/732/666 659/726/660
f 645/712/646 666/733/667 667/734/667
f 667/734/667 658/725/659 645/712/646
f 666/733/667 668/735/668 669/736/668
f 669/736/668 667/734/667 666/733/667
f 645/712/646 658/725/659 657/724/658
f 657/724/658 646/713/647 645/712/646
f 670/737/669 669/736/668 668/735/668
s 36
f 671/738/670 672/739/671 673/740/672
f 673/740/672 674/741/673 671/738/670
f 675/742/674 676/743/675 672/739/671
f 672/739/671 671/738/670 675/742/674
f 675/742/674 677/744/676 676/743/675
f 674/741/673 673/740/672 678/745/677
f 678/745/677 679/746/678 674/741/673
f 679/746/678 678/745/677 680/747/679
f 680/747/679 681/748/680 679/746/678
s 37
f 682/749/681 683/750/682 684/751/683
f 682/749/681 684/751/683 685/752/684
f 682/749/681 685/752/684 686/753/685
f 682/749/681 686/753/685 687/754/686
f 682/749/681 687/754/686 688/755/687
f 682/749/681 688/755/687 689/756/688
f 690/757/689 684/751/683 683/750/682
f 683/750/682 691/758/690 690/757/689
f 692/759/691 685/752/684 684/751/683
f 684/751/683 690/757/689 692/759/691
f 693/760/692 686/753/685 685/752/684
f 685/752/684 692/759/691 693/760/692
f 694/761/693 687/754/686 686/753/685
f 686/753/685 693/760/692 694/761/693
f 695/762/694 688/755/687 687/754/686
f 687/754/686 694/761/693 695/762/694
f 696/763/695 689/756/688 688/755/687
f 688/755/687 695/762/694 696/763/695
f 697/764/696 698/765/697 699/766/698
f 699/766/698 700/767/699 697/764/696
f 701/768/700 702/769/701 698/765/697
f 698/765/697 697/764/696 701/768/700
f 703/770/702 704/771/703 702/769/701
f 702/769/701 701/768/700 703/770/702
f 705/772/704 706/773/705 704/771/703
f 704/771/703 703/770/702 705/772/704
f 707/774/706 708/775/707 706/773/705
f 706/773/705 705/772/704 707/774/706
f 709/776/708 710/777/709 708/775/707
f 708/775/707 707/774/706 709/776/708
f 711/778/710 697/764/696 700/767/699
f 700/767/699 712/779/711 711/778/710
f 713/780/712 701/768/700 697/764/696
f 697/764/696 711/778/710 713/780/712
f 714/781/713 703/770/702 701/768/700
f 701/768/700 713/780/712 714/781/713
f 715/782/714 705/772/704 703/770/702
f 703/770/702 714/781/713 715/782/714
f 716/783/715 707/774/706 705/772/704
f 705/772/704 715/782/714 716/783/715
f 717/784/716 709/776/708 707/774/706
f 707/774/706 716/783/715 717/784/716
f 718/785/717 719/786/718 720/787/719
f 720/787/719 721/788/720 718/785/717
f 722/789/721 723/790/722 719/786/718
f 719/786/718 718/785/717 722/789/721
f 724/791/723 725/792/724 723/790/722
f 723/790/722 722/789/721 724/791/723
f 726/793/725 727/794/726 725/792/724
f 725/792/724 724/791/723 726/793/725
f 728/795/727 729/796/728 727/794/726
f 727/794/726 726/793/725 728/795/727
f 730/797/729 731/798/730 729/796/728
f 729/796/728 728/795/727 730/797/729
f 732/799/731 718/785/717 721/788/720
f 732/799/731 722/789/721 718/785/717
f 732/799/731 724/791/723 722/789/721
f 732/799/731 726/793/725 724/791/723
f 732/799/731 728/795/727 726/793/725
f 732/799/731 730/797/729 728/795/727
f 691/758/690 699/766/698 698/765/697
f 698/765/697 690/757/689 691/758/690
f 690/757/689 698/765/697 702/769/701
f 702/769/701 692/759/691 690/757/689
f 692/759/691 702/769/701 704/771/703
f 704/771/703 693/760/692 692/759/691
f 693/760/692 704/771/703 706/773/705
f 706/773/705 694/761/693 693/760/692
f 694/761/693 706/773/705 708/775/707
f 708/775/707 695/762/694 694/761/693
f 695/762/694 708/775/707 710/777/709
f 710/777/709 696/763/695 695/762/694
f 712/779/711 720/787/719 719/786/718
f 719/786/718 711/778/710 712/779/711
f 711/778/710 719/786/718 723/790/722
f 723/790/722 713/780/712 711/778/710
f 713/780/712 723/790/722 725/792/724
f 725/792/724 714/781/713 713/780/712
f 714/781/713 725/792/724 727/794/726
f 727/794/726 715/782/714 714/781/713
f 715/782/714 727/794/726 729/796/728
f 729/796/728 716/783/715 715/782/714
f 716/783/715 729/796/728 731/798/730
f 731/798/730 717/784/716 716/783/715
f 682/749/681 733/800/732 683/801/682
f 682/749/681 734/802/733 733/800/732
f 682/749/681 735/803/734 734/802/733
f 682/749/681 736/804/735 735/803/734
f 682/749/681 737/805/736 736/804/735
f 682/749/681 689/806/688 737/805/736
f 738/807/737 691/808/690 683/801/682
f 683/801/682 733/800/732 738/807/737
f 739/809/738 738/807/737 733/800/732
f 733/800/732 734/802/733 739/809/738
f 740/810/739 739/809/738 734/802/733
f 734/802/733 735/803/734 740/810/739
f 741/811/740 740/810/739 735/803/734
f 735/803/734 736/804/735 741/811/740
f 742/812/741 741/811/740 736/804/735
f 736/804/735 737/805/736 742/812/741
f 696/813/695 742/812/741 737/805/736
f 737/805/736 689/806/688 696/813/695
f 743/814/742 700/815/699 699/816/698
f 699/816/698 744/817/743 743/814/742
f 745/818/744 743/814/742 744/817/743
f 744/817/743 746/819/745 745/818/744
f 747/820/746 745/818/744 746/819/745
f 746/819/745 748/821/747 747/820/746
f 749/822/748 747/820/746 748/821/747
f 748/821/747 750/823/749 749/822/748
f 751/824/750 749/822/748 750/823/749
f 750/823/749 752/825/751 751/824/750
f 709/826/708 751/824/750 752/825/751
f 752/825/751 710/827/709 709/826/708
f 753/828/752 712/829/711 700/815/699
f 700/815/699 743/814/742 753/828/752
f 754/830/753 753/828/752 743/814/742
f 743/814/742 745/818/744 754/830/753
f 755/831/754 754/830/753 745/818/744
f 745/818/744 747/820/746 755/831/754
f 756/832/755 755/831/754 747/820/746
f 747/820/746 749/822/748 756/832/755
f 757/833/756 756/832/755 749/822/748
f 749/822/748 751/824/750 757/833/756
f 717/834/716 757/833/756 751/824/750
f 751/824/750 709/826/708 717/834/716
f 758/835/757 721/836/720 720/837/719
f 720/837/719 759/838/758 758/835/757
f 760/839/759 758/835/757 759/838/758
f 759/838/758 761/840/760 760/839/759
f 762/841/761 760/839/759 761/840/760
f 761/840/760 763/842/762 762/841/761
f 764/843/763 762/841/761 763/842/762
f 763/842/762 765/844/764 764/843/763
f 766/845/765 764/843/763 765/844/764
f 765/844/764 767/846/766 766/845/765
f 730/847/729 766/845/765 767/846/766
f 767/846/766 731/848/730 730/847/729
f 732/799/731 721/836/720 758/835/757
f 732/799/731 758/835/757 760/839/759
f 732/799/731 760/839/759 762/841/761
f 732/799/731 762/841/761 764/843/763
f 732/799/731 764/843/763 766/845/765
f 732/799/731 766/845/765 730/847/729
f 691/808/690 738/807/737 744/817/743
f 744/817/743 699/816/698 691/808/690
f 738/807/737 739/809/738 746/819/745
f 746/819/745 744/817/743 738/807/737
f 739/809/738 740/810/739 748/821/747
f 748/821/747 746/819/745 739/809/738
f 740/810/739 741/811/740 750/823/749
f 750/823/749 748/821/747 740/810/739
f 741/811/740 742/812/741 752/825/751
f 752/825/751 750/823/749 741/811/740
f 742/812/741 696/813/695 710/827/709
f 710/827/709 752/825/751 742/812/741
f 712/829/711 753/828/752 759/838/758
f 759/838/758 720/837/719 712/829/711
f 753/828/752 754/830/753 761/840/760
f 761/840/760 759/838/758 753/828/752
f 754/830/753 755/831/754 763/842/762
f 763/842/762 761/840/760 754/830/753
f 755/831/754 756/832/755 765/844/764
f 765/844/764 763/842/762 755/831/754
f 756/832/755 757/833/756 767/846/766
f 767/846/766 765/844/764 756/832/755
f 757/833/756 717/834/716 731/848/730
f 731/848/730 767/846/766 757/833/756
s 38
f 768/849/767 769/850/768 770/851/769
f 770/851/769 771/852/770 768/849/767
f 772/853/771 773/854/772 769/850/768
f 769/850/768 768/849/767 772/853/771
f 772/853/771 774/855/773 773/854/772
f 771/852/770 770/851/769 775/856/774
f 775/856/774 776/857/775 771/852/770
f 776/857/775 775/856/774 777/858/776
f 777/858/776 778/859/777 776/857/775
s 39
f 779/860/778 780/861/779 781/862/780
f 781/862/780 782/863/781 779/860/778
f 783/864/782 779/860/778 782/863/781
f 782/863/781 784/865/783 783/864/782
f 783/864/782 784/865/783 785/866/784
f 780/861/779 786/867/785 787/868/786
f 787/868/786 781/862/780 780/861/779
f 786/867/785 788/869/787 789/870/788
f 789/870/788 787/868/786 786/867/785
s 40
f 790/871/789 791/872/790 792/873/791
f 792/873/791 793/874/792 790/871/789
f 794/875/793 790/871/789 793/874/792
f 793/874/792 795/876/794 794/875/793
f 794/875/793 795/876/794 796/877/795
f 791/872/790 797/878/796 798/879/797
f 798/879/797 792/873/791 791/872/790
f 797/878/796 799/880/798 800/881/799
f 800/881/799 798/879/797 797/878/796
s 41
f 801/882/800 802/883/801 803/884/802
f 803/884/802 804/885/803 801/882/800
f 805/886/804 806/887/805 802/883/801
f 802/883/801 801/882/800 805/886/804
f 805/886/804 807/888/806 806/887/805
f 804/885/803 803/884/802 808/889/807
f 808/889/807 809/890/808 804/885/803
f 809/890/808 808/889/807 810/891/809
f 810/891/809 811/892/810 809/890/808
s 42
f 812/893/811 813/894/812 814/895/813
f 814/895/813 815/896/814 812/893/811
f 816/897/815 817/898/816 812/893/811
f 812/893/811 815/896/814 816/897/815
f 818/899/817 819/900/818 817/901/816
f 817/901/816 816/902/815 818/899/817
f 813/894/812 819/900/818 818/899/817
f 818/899/817 814/895/813 813/894/812
f 815/896/814 814/895/813 820/903/819
f 820/903/819 821/904/820 815/896/814
f 816/897/815 815/896/814 821/904/820
f 821/904/820 822/905/821 816/897/815
f 823/906/822 818/899/817 816/902/815
f 816/902/815 822/907/821 823/906/822
f 814/895/813 818/899/817 823/906/822
f 823/906/822 820/903/819 814/895/813
