# Blender v3.3.0 OBJ File: ''
# www.blender.org
o WatermelonStage03.005
v 0.100285 0.053602 0.099430
v 0.101871 0.051221 0.099594
v 0.104077 0.052758 0.100588
v 0.102490 0.055140 0.100424
v 0.071717 0.124656 0.004157
v 0.090418 0.087302 0.013306
v 0.089941 0.089449 0.016612
v 0.072495 0.126997 0.007734
v 0.074983 0.126651 0.002102
v 0.093951 0.088991 0.012683
v 0.093474 0.091138 0.015989
v 0.075761 0.128992 0.005678
v 0.107908 0.059772 0.073017
v 0.105914 0.062213 0.073417
v 0.104078 0.070185 0.041615
v 0.106516 0.068232 0.039829
v 0.109150 0.069615 0.041853
v 0.110330 0.061486 0.074291
v 0.106712 0.071569 0.043639
v 0.108336 0.063927 0.074691
v 0.000021 0.155122 -0.015286
v 0.041069 0.150650 -0.004134
v 0.041924 0.153198 -0.000252
v -0.001874 0.159308 -0.013184
v 0.000450 0.159434 -0.019086
v 0.044498 0.152939 -0.006421
v 0.045352 0.155487 -0.002539
v -0.000441 0.163622 -0.015874
v 0.184343 0.073607 0.087529
v 0.191744 0.081721 0.053340
v 0.162530 0.074489 0.039327
v 0.157588 0.062883 0.081891
v 0.199979 0.079683 0.087512
v 0.207265 0.083875 0.070194
v 0.210141 0.084185 0.082178
v 0.130812 0.075382 0.041981
v 0.132022 0.067320 0.073932
v 0.105729 0.066893 0.053583
v 0.109207 0.063473 0.068659
v 0.184371 0.073392 0.087474
v 0.157617 0.062668 0.081835
v 0.162559 0.074273 0.039272
v 0.191772 0.081505 0.053285
v 0.200008 0.079467 0.087457
v 0.207293 0.083660 0.070139
v 0.210170 0.083970 0.082123
v 0.132050 0.067104 0.073876
v 0.130840 0.075166 0.041926
v 0.109235 0.063258 0.068603
v 0.105758 0.066677 0.053528
v 0.037937 0.067032 0.106996
v 0.022443 0.077886 0.076473
v 0.049423 0.082157 0.057607
v 0.065432 0.071118 0.097514
v 0.021398 0.066319 0.109712
v 0.010315 0.072743 0.095342
v 0.009558 0.067818 0.106619
v 0.078231 0.071256 0.049534
v 0.085539 0.063806 0.080814
v 0.106170 0.066053 0.054836
v 0.106836 0.063033 0.070376
v 0.037986 0.067247 0.107036
v 0.065481 0.071334 0.097554
v 0.049473 0.082373 0.057647
v 0.022493 0.078101 0.076513
v 0.021447 0.066534 0.109751
v 0.010365 0.072958 0.095382
v 0.009607 0.068034 0.106659
v 0.085588 0.064022 0.080853
v 0.078280 0.071471 0.049574
v 0.106886 0.063248 0.070416
v 0.106220 0.066268 0.054876
v 0.155102 0.084272 0.160952
v 0.157120 0.072075 0.121279
v 0.136829 0.070520 0.115812
v 0.127115 0.063425 0.078149
v 0.184356 0.091689 0.161589
v 0.198332 0.075051 0.107870
v 0.184828 0.076079 0.122387
v 0.187399 0.071632 0.092993
v 0.174914 0.090850 0.165491
v 0.183173 0.086802 0.147363
v 0.108336 0.063927 0.074691
v 0.093323 0.065081 0.086444
v 0.102808 0.072187 0.124163
v 0.108812 0.086540 0.172315
v 0.087579 0.075482 0.138349
v 0.083986 0.096607 0.186226
v 0.045306 0.082549 0.145432
v 0.064019 0.081998 0.152042
v 0.047761 0.078474 0.127269
v 0.094040 0.094812 0.185343
v 0.078006 0.091955 0.173177
v 0.119837 0.097750 0.199242
v 0.158850 0.095839 0.189666
v 0.135037 0.105548 0.212801
v 0.152426 0.104696 0.208533
v 0.145348 0.109011 0.216474
v 0.155100 0.083622 0.161075
v 0.136828 0.069869 0.115935
v 0.157119 0.071425 0.121402
v 0.127113 0.062775 0.078273
v 0.184354 0.091039 0.161712
v 0.198330 0.074401 0.107993
v 0.184826 0.075428 0.122511
v 0.187398 0.070982 0.093116
v 0.174912 0.090199 0.165615
v 0.183171 0.086152 0.147486
v 0.108334 0.063277 0.074815
v 0.093321 0.064431 0.086567
v 0.102806 0.071536 0.124287
v 0.108810 0.085890 0.172438
v 0.087577 0.074832 0.138472
v 0.083984 0.095957 0.186350
v 0.045304 0.081899 0.145555
v 0.064018 0.081348 0.152165
v 0.047759 0.077824 0.127392
v 0.094038 0.094162 0.185466
v 0.078005 0.091305 0.173300
v 0.158849 0.095188 0.189789
v 0.119836 0.097100 0.199365
v 0.152425 0.104046 0.208656
v 0.135035 0.104898 0.212924
v 0.145346 0.108361 0.216597
v -0.059283 0.092646 0.065276
v -0.058036 0.090081 0.064991
v -0.057124 0.090223 0.067705
v -0.058371 0.092788 0.067990
v -0.013713 0.168567 0.017568
v -0.016793 0.149947 0.030161
v -0.020339 0.150817 0.031723
v -0.017703 0.170114 0.018313
v -0.011985 0.171832 0.019855
v -0.015092 0.150356 0.033720
v -0.018638 0.151226 0.035281
v -0.015975 0.173379 0.020599
v -0.036687 0.107261 0.056929
v -0.038614 0.109751 0.057356
v -0.019753 0.131280 0.041261
v -0.016618 0.129680 0.040512
v -0.016045 0.129095 0.044016
v -0.035807 0.107356 0.060034
v -0.019179 0.130696 0.044765
v -0.037733 0.109847 0.060461
v -0.000899 0.156602 -0.015313
v -0.011470 0.174091 0.000711
v -0.015288 0.176164 -0.001139
v -0.004468 0.160360 -0.016840
v 0.001458 0.159102 -0.014252
v -0.009158 0.178198 0.000604
v -0.012976 0.180271 -0.001246
v -0.000441 0.163622 -0.015874
v 0.010568 0.088172 0.117319
v 0.037947 0.107975 0.105164
v 0.025545 0.117450 0.075863
v -0.005218 0.090190 0.092634
v 0.021971 0.088321 0.129621
v 0.038501 0.097305 0.125546
v 0.032822 0.091272 0.134675
v -0.000171 0.127018 0.059708
v -0.019597 0.105545 0.075484
v -0.026107 0.122630 0.047712
v -0.033106 0.111902 0.057038
v 0.010640 0.088008 0.117184
v -0.005146 0.090026 0.092499
v 0.025617 0.117286 0.075729
v 0.038019 0.107811 0.105029
v 0.022043 0.088157 0.129486
v 0.038573 0.097140 0.125411
v 0.032894 0.091108 0.134540
v -0.019525 0.105381 0.075349
v -0.000099 0.126854 0.059573
v -0.033034 0.111738 0.056904
v -0.026035 0.122466 0.047577
v -0.112141 0.120156 0.041315
v -0.104606 0.147831 0.019708
v -0.072215 0.151358 0.026070
v -0.085479 0.119150 0.053592
v -0.126342 0.123562 0.033060
v -0.125740 0.138885 0.021423
v -0.133351 0.129942 0.025177
v -0.044492 0.136778 0.031792
v -0.058920 0.114193 0.051003
v -0.026537 0.121227 0.048272
v -0.035986 0.111511 0.056480
v -0.112143 0.120303 0.041485
v -0.085482 0.119296 0.053762
v -0.072218 0.151504 0.026240
v -0.104609 0.147977 0.019878
v -0.126345 0.123708 0.033230
v -0.125743 0.139031 0.021594
v -0.133354 0.130089 0.025347
v -0.058923 0.114340 0.051173
v -0.044495 0.136924 0.031962
v -0.035989 0.111658 0.056650
v -0.026540 0.121373 0.048442
v -0.060155 0.073334 0.151048
v -0.031910 0.080325 0.121381
v -0.043540 0.087888 0.105521
v -0.025795 0.101945 0.073106
v -0.038997 0.070011 0.172321
v 0.007737 0.075825 0.138556
v -0.012000 0.074426 0.140190
v 0.009436 0.083103 0.121332
v -0.048613 0.070537 0.168805
v -0.030273 0.072691 0.160305
v -0.037733 0.109847 0.060461
v -0.056811 0.110271 0.059610
v -0.074767 0.096271 0.091933
v -0.102642 0.084740 0.132561
v -0.095738 0.097461 0.093608
v -0.131122 0.094742 0.132235
v -0.132717 0.113531 0.077442
v -0.122883 0.104193 0.091943
v -0.118731 0.117510 0.065564
v -0.122842 0.090465 0.136507
v -0.126799 0.098605 0.118304
v -0.112658 0.078532 0.161431
v -0.076850 0.068919 0.177011
v -0.110567 0.074159 0.182695
v -0.094607 0.069874 0.189640
v -0.105419 0.072148 0.192758
v -0.060194 0.072736 0.150768
v -0.043579 0.087289 0.105240
v -0.031948 0.079727 0.121101
v -0.025834 0.101346 0.072826
v -0.039036 0.069412 0.172040
v 0.007698 0.075227 0.138276
v -0.012039 0.073827 0.139910
v 0.009397 0.082505 0.121051
v -0.048651 0.069939 0.168525
v -0.030312 0.072093 0.160024
v -0.037772 0.109248 0.060181
v -0.056849 0.109673 0.059330
v -0.074805 0.095672 0.091653
v -0.102681 0.084142 0.132281
v -0.095777 0.096863 0.093328
v -0.131160 0.094144 0.131955
v -0.132756 0.112933 0.077162
v -0.122922 0.103595 0.091662
v -0.118769 0.116912 0.065283
v -0.122881 0.089867 0.136226
v -0.126838 0.098006 0.118024
v -0.076889 0.068321 0.176731
v -0.112697 0.077934 0.161150
v -0.094645 0.069276 0.189360
v -0.110606 0.073561 0.182415
v -0.105458 0.071550 0.192477
v 0.124969 0.096573 0.015313
v 0.124567 0.094107 0.013907
v 0.126367 0.094984 0.011855
v 0.126769 0.097450 0.013261
v 0.046032 0.167182 0.007078
v 0.063380 0.145988 0.006008
v 0.066332 0.146982 0.008471
v 0.047225 0.169510 0.010546
v 0.049297 0.168883 0.004772
v 0.065442 0.147387 0.002923
v 0.068395 0.148380 0.005387
v 0.050490 0.171211 0.008240
v 0.103822 0.110117 0.002539
v 0.104701 0.112500 0.004448
v 0.077648 0.130535 -0.000156
v 0.075723 0.129011 -0.002786
v 0.078493 0.129361 -0.005057
v 0.105975 0.111044 0.000319
v 0.080418 0.130885 -0.002426
v 0.106855 0.113427 0.002228
v 0.002151 0.155880 -0.014098
v 0.034868 0.173102 0.001180
v 0.033596 0.176090 0.004608
v 0.000090 0.159082 -0.012523
v 0.001597 0.159882 -0.018794
v 0.036043 0.176735 -0.001585
v 0.034771 0.179723 0.001843
v -0.000441 0.163622 -0.015874
v 0.134286 0.109941 -0.070373
v 0.106558 0.127865 -0.084495
v 0.086410 0.128861 -0.058129
v 0.121106 0.104662 -0.044663
v 0.138854 0.113924 -0.086015
v 0.125407 0.122690 -0.096641
v 0.137080 0.118765 -0.097214
v 0.084062 0.132341 -0.026565
v 0.111120 0.114243 -0.021314
v 0.087885 0.123367 0.000649
v 0.101251 0.114867 0.000258
v 0.134166 0.109754 -0.070401
v 0.120985 0.104474 -0.044691
v 0.086290 0.128673 -0.058157
v 0.106438 0.127677 -0.084522
v 0.138734 0.113737 -0.086043
v 0.125287 0.122503 -0.096668
v 0.136960 0.118577 -0.097242
v 0.111000 0.114055 -0.021342
v 0.083942 0.132154 -0.026593
v 0.101131 0.114680 0.000230
v 0.087765 0.123179 0.000622
v 0.126500 0.113614 0.077217
v 0.099412 0.135449 0.086104
v 0.087730 0.142616 0.055867
v 0.123533 0.117498 0.048256
v 0.126109 0.113889 0.093986
v 0.113193 0.125821 0.101820
v 0.121846 0.117612 0.104938
v 0.081186 0.131821 0.026635
v 0.108813 0.113842 0.025748
v 0.088832 0.122122 0.000496
v 0.102311 0.114157 0.002928
v 0.126618 0.113798 0.077165
v 0.123651 0.117682 0.048205
v 0.087848 0.142800 0.055816
v 0.099530 0.135633 0.086053
v 0.126227 0.114073 0.093934
v 0.113311 0.126005 0.101768
v 0.121964 0.117796 0.104887
v 0.108931 0.114025 0.025697
v 0.081304 0.132004 0.026583
v 0.102429 0.114341 0.002877
v 0.088950 0.122306 0.000444
v 0.201230 0.099304 -0.028361
v 0.160650 0.100532 -0.037224
v 0.151787 0.103092 -0.018279
v 0.112914 0.109755 -0.015510
v 0.209055 0.102829 -0.057302
v 0.155877 0.103135 -0.080323
v 0.167502 0.100869 -0.064388
v 0.139169 0.105972 -0.072240
v 0.210864 0.101815 -0.047263
v 0.194021 0.102998 -0.058584
v 0.106855 0.113427 0.002228
v 0.115718 0.112346 0.019114
v 0.154610 0.105701 0.016581
v 0.205071 0.102853 0.019069
v 0.166420 0.105865 0.034031
v 0.217383 0.110525 0.045542
v 0.168575 0.114869 0.076473
v 0.177526 0.110133 0.059397
v 0.150756 0.116679 0.070839
v 0.217574 0.108016 0.035604
v 0.202747 0.111063 0.049173
v 0.235607 0.103403 0.012782
v 0.232370 0.100411 -0.027192
v 0.253270 0.104635 0.000046
v 0.251827 0.103302 -0.017771
v 0.259512 0.105553 -0.009545
v 0.201123 0.098653 -0.028304
v 0.151680 0.102442 -0.018222
v 0.160543 0.099882 -0.037167
v 0.112806 0.109105 -0.015453
v 0.208947 0.102178 -0.057245
v 0.155770 0.102484 -0.080266
v 0.167395 0.100219 -0.064331
v 0.139062 0.105321 -0.072183
v 0.210757 0.101164 -0.047205
v 0.193914 0.102348 -0.058527
v 0.106748 0.112777 0.002286
v 0.115610 0.111696 0.019171
v 0.154503 0.105051 0.016638
v 0.204964 0.102203 0.019127
v 0.166313 0.105214 0.034088
v 0.217276 0.109875 0.045599
v 0.168468 0.114218 0.076531
v 0.177419 0.109482 0.059454
v 0.150649 0.116029 0.070896
v 0.217467 0.107366 0.035661
v 0.202640 0.110412 0.049231
v 0.232263 0.099761 -0.027135
v 0.235500 0.102752 0.012839
v 0.251720 0.102651 -0.017714
v 0.253163 0.103985 0.000104
v 0.259405 0.104903 -0.009488
v -0.018426 0.189235 -0.053543
v -0.019952 0.191511 -0.054384
v -0.018010 0.193252 -0.053195
v -0.016484 0.190976 -0.052353
v -0.007567 0.175866 -0.027058
v -0.005699 0.175816 -0.030173
v -0.001256 0.161253 -0.021060
v -0.003454 0.159866 -0.018149
v -0.004881 0.178273 -0.025577
v -0.000441 0.163622 -0.015874
v -0.002954 0.176921 -0.028101
v 0.001335 0.160359 -0.018242
v -0.012200 0.186712 -0.048669
v -0.010081 0.184900 -0.050640
v -0.008800 0.183505 -0.038351
v -0.010714 0.186320 -0.037183
v -0.009603 0.188668 -0.047629
v -0.007745 0.188352 -0.037123
v -0.005831 0.185538 -0.038291
v -0.007483 0.186856 -0.049600
v -0.015356 0.204840 -0.055658
v -0.013225 0.206948 -0.056330
v -0.011332 0.193225 -0.057263
v -0.013582 0.193828 -0.055025
v -0.011383 0.195323 -0.053190
v -0.013870 0.204489 -0.053004
v -0.009133 0.194720 -0.055428
v -0.011739 0.206597 -0.053676
v -0.022252 0.192996 -0.046333
v -0.022811 0.195149 -0.048417
v -0.019921 0.196100 -0.048226
v -0.019363 0.193947 -0.046142
v -0.022567 0.207862 -0.049326
v -0.023744 0.201899 -0.045781
v -0.023161 0.201441 -0.042897
v -0.020976 0.210008 -0.047992
v -0.020186 0.206169 -0.048779
v -0.020799 0.201974 -0.046135
v -0.020216 0.201515 -0.043252
v -0.018595 0.208315 -0.047446
v -0.173034 0.088392 -0.085884
v -0.150559 0.082475 -0.051435
v -0.130747 0.083293 -0.058563
v -0.100623 0.082947 -0.032958
v -0.198308 0.093449 -0.070171
v -0.177005 0.084492 -0.017031
v -0.174327 0.084210 -0.036702
v -0.159241 0.084269 -0.010956
v -0.192691 0.092701 -0.078714
v -0.188620 0.090962 -0.058874
v -0.083478 0.085363 -0.041024
v -0.078038 0.085752 -0.059330
v -0.108008 0.086117 -0.085114
v -0.142096 0.092234 -0.122009
v -0.104081 0.088248 -0.105707
v -0.131225 0.101780 -0.148503
v -0.074729 0.097195 -0.136456
v -0.093583 0.094239 -0.130983
v -0.065912 0.095860 -0.119933
v -0.138639 0.099414 -0.141830
v -0.118331 0.099692 -0.140948
v -0.167876 0.098227 -0.138495
v -0.193950 0.094989 -0.108049
v -0.189030 0.102657 -0.141419
v -0.200652 0.101214 -0.127848
v -0.200003 0.104733 -0.138756
v -0.099437 0.093895 -0.114136
v -0.094069 0.098390 -0.085613
v -0.057536 0.121069 -0.096647
v -0.071868 0.113791 -0.125694
v -0.100299 0.093682 -0.130888
v -0.087337 0.104587 -0.140032
v -0.096666 0.096835 -0.142239
v -0.077929 0.094471 -0.064146
v -0.049444 0.110708 -0.067646
v -0.069713 0.095021 -0.041890
v -0.056138 0.105438 -0.041000
v -0.138136 0.109961 -0.003228
v -0.121016 0.137890 0.011482
v -0.090247 0.132176 0.000404
v -0.113848 0.097445 -0.014001
v -0.149924 0.119028 0.004534
v -0.143539 0.134230 0.014469
v -0.153972 0.128400 0.011444
v -0.072102 0.122454 -0.023889
v -0.093158 0.098262 -0.031549
v -0.061776 0.102238 -0.041791
v -0.073684 0.091933 -0.043542
v -0.040980 0.134721 -0.032167
v -0.054323 0.105153 -0.040773
v -0.055851 0.106812 -0.044042
v -0.042021 0.136162 -0.036131
v -0.044895 0.135880 -0.030682
v -0.057309 0.106604 -0.038604
v -0.058837 0.108262 -0.041873
v -0.045935 0.137321 -0.034646
v -0.013151 0.163834 -0.020578
v -0.009883 0.167346 -0.022641
v 0.001268 0.159591 -0.018955
v -0.000085 0.155247 -0.015481
v -0.000008 0.159159 -0.012509
v -0.013142 0.166933 -0.016735
v -0.000441 0.163622 -0.015874
v -0.010006 0.170376 -0.018646
v -0.022361 0.166643 -0.023449
v -0.032953 0.159686 -0.026909
v -0.033249 0.162323 -0.030584
v -0.021230 0.170116 -0.026442
v -0.024503 0.169746 -0.020619
v -0.036308 0.162004 -0.024940
v -0.036604 0.164641 -0.028615
v -0.023372 0.173219 -0.023612
v -0.083271 0.081263 -0.041969
v -0.085708 0.082677 -0.044208
v -0.085017 0.082650 -0.039144
v -0.087454 0.084065 -0.041383
v 0.063873 0.175131 0.040963
v 0.065893 0.176334 0.042604
v 0.064071 0.178432 0.043308
v 0.062052 0.177229 0.041667
v 0.045910 0.181914 0.015876
v 0.044714 0.179873 0.018634
v 0.036341 0.175254 0.004548
v 0.037820 0.176819 0.001577
v 0.043422 0.184710 0.016969
v 0.034771 0.179723 0.001843
v 0.041835 0.182052 0.018497
v 0.033130 0.176381 0.002579
v 0.056474 0.176331 0.037402
v 0.054516 0.173676 0.038284
v 0.050610 0.180507 0.028656
v 0.052695 0.183414 0.029044
v 0.054084 0.178498 0.038519
v 0.050154 0.185010 0.031030
v 0.048068 0.182103 0.030643
v 0.052126 0.175843 0.039401
v 0.063924 0.185726 0.053012
v 0.062349 0.186908 0.055370
v 0.058422 0.175796 0.048029
v 0.060252 0.177697 0.046165
v 0.058014 0.180021 0.046305
v 0.061904 0.187163 0.051215
v 0.056184 0.178121 0.048169
v 0.060329 0.188346 0.053573
v 0.066765 0.182647 0.036974
v 0.068076 0.182956 0.039708
v 0.065406 0.183807 0.040904
v 0.064095 0.183498 0.038170
v 0.070136 0.192111 0.048336
v 0.069578 0.189822 0.041707
v 0.068367 0.191324 0.039439
v 0.068692 0.194612 0.049094
v 0.067446 0.191165 0.047497
v 0.066816 0.189651 0.042778
v 0.065605 0.191153 0.040510
v 0.066002 0.193667 0.048255
v 0.000000 -0.017442 -0.001713
v 0.000000 0.000959 -0.011057
v 0.010912 0.000008 -0.000187
v -0.010912 0.000008 -0.000187
v 0.000000 -0.000943 0.010684
v 0.050363 0.072330 -0.125294
v 0.049256 0.070189 -0.126846
v 0.048803 0.072000 -0.129021
v 0.049910 0.074141 -0.127470
v 0.004828 0.110280 0.003017
v 0.002182 0.139082 -0.003197
v 0.006061 0.139752 0.000612
v 0.008968 0.110280 0.007157
v 0.000688 0.110280 0.007157
v -0.001685 0.139884 0.000589
v 0.002194 0.140554 0.004398
v 0.004828 0.110280 0.011297
v 0.000000 0.009794 -0.006518
v 0.007160 0.009169 0.000615
v -0.007160 0.009169 0.000615
v 0.000000 0.008545 0.007747
v -0.005755 0.124656 -0.058396
v 0.000899 0.093265 -0.079315
v 0.004075 0.095611 -0.079730
v -0.002660 0.126997 -0.060350
v -0.008803 0.126651 -0.060761
v -0.000951 0.095201 -0.082239
v 0.002225 0.097548 -0.082654
v -0.005709 0.128992 -0.062715
v 0.037566 0.070298 -0.120894
v 0.039371 0.072431 -0.119381
v 0.016931 0.078832 -0.097256
v 0.014226 0.076836 -0.098539
v 0.013470 0.079373 -0.100976
v 0.037212 0.072309 -0.123395
v 0.016176 0.081369 -0.099693
v 0.039017 0.074442 -0.121883
v -0.000463 0.156610 -0.017482
v -0.003109 0.150650 -0.035862
v 0.000247 0.153198 -0.037992
v 0.003154 0.160081 -0.016548
v -0.004058 0.160151 -0.016808
v -0.006431 0.152939 -0.038301
v -0.003075 0.155487 -0.040432
v -0.000441 0.163622 -0.015874
v 0.025235 0.089873 -0.194789
v -0.008012 0.100689 -0.186595
v -0.009696 0.090490 -0.155047
v 0.029817 0.076089 -0.169263
v 0.019526 0.097916 -0.208359
v 0.001266 0.103934 -0.207403
v 0.011032 0.103975 -0.214927
v 0.005612 0.087123 -0.127331
v 0.033353 0.077594 -0.142395
v 0.025422 0.074850 -0.110222
v 0.037377 0.071111 -0.119924
v 0.107345 0.093145 -0.192712
v 0.068121 0.083875 -0.182593
v 0.069371 0.080162 -0.161889
v 0.036347 0.074355 -0.140939
v 0.099253 0.104088 -0.219656
v 0.042500 0.092813 -0.216515
v 0.060625 0.091215 -0.208572
v 0.031683 0.089026 -0.201643
v 0.105888 0.101830 -0.212175
v 0.085751 0.100018 -0.214288
v 0.039208 0.072738 -0.122123
v 0.055232 0.071256 -0.111832
v 0.088384 0.077042 -0.132584
v 0.133214 0.088899 -0.152840
v 0.106985 0.077496 -0.122693
v 0.155345 0.094881 -0.133202
v 0.128019 0.078777 -0.084707
v 0.128139 0.080134 -0.104514
v 0.109721 0.076218 -0.081365
v 0.151085 0.094412 -0.142514
v 0.144524 0.090372 -0.123703
v 0.156132 0.099636 -0.171055
v 0.134330 0.103214 -0.204659
v 0.164776 0.108375 -0.189071
v 0.155058 0.109970 -0.204050
v 0.165256 0.112850 -0.199632
v 0.105696 0.069585 -0.082944
v 0.082721 0.076999 -0.099671
v 0.058933 0.084077 -0.062864
v 0.089408 0.076940 -0.051798
v 0.117108 0.066728 -0.070984
v 0.111599 0.070973 -0.053034
v 0.121178 0.066464 -0.059351
v 0.057377 0.071820 -0.107886
v 0.035770 0.076894 -0.083499
v 0.036846 0.073536 -0.119663
v 0.024437 0.075789 -0.110072
v 0.025151 0.089666 -0.194813
v 0.029733 0.075882 -0.169286
v -0.009780 0.090284 -0.155071
v -0.008096 0.100482 -0.186619
v 0.019442 0.097709 -0.208383
v 0.001182 0.103728 -0.207427
v 0.010948 0.103768 -0.214951
v 0.033269 0.077387 -0.142418
v 0.005528 0.086916 -0.127354
v 0.037293 0.070904 -0.119948
v 0.025338 0.074643 -0.110245
v 0.107395 0.092493 -0.192814
v 0.069421 0.079511 -0.161991
v 0.068172 0.083223 -0.182695
v 0.036397 0.073703 -0.141041
v 0.099303 0.103436 -0.219758
v 0.042550 0.092161 -0.216617
v 0.060675 0.090563 -0.208674
v 0.031733 0.088374 -0.201745
v 0.105939 0.101179 -0.212277
v 0.085802 0.099366 -0.214390
v 0.039258 0.072087 -0.122225
v 0.055282 0.070604 -0.111934
v 0.088434 0.076390 -0.132686
v 0.133264 0.088247 -0.152942
v 0.107035 0.076845 -0.122796
v 0.155396 0.094230 -0.133304
v 0.128069 0.078126 -0.084809
v 0.128189 0.079483 -0.104616
v 0.109771 0.075566 -0.081467
v 0.151135 0.093761 -0.142616
v 0.144574 0.089720 -0.123805
v 0.134380 0.102563 -0.204761
v 0.156182 0.098984 -0.171157
v 0.155109 0.109318 -0.204152
v 0.164827 0.107723 -0.189173
v 0.165306 0.112199 -0.199735
v 0.105681 0.069364 -0.082911
v 0.089393 0.076718 -0.051765
v 0.058918 0.083855 -0.062831
v 0.082707 0.076777 -0.099638
v 0.117093 0.066507 -0.070951
v 0.111585 0.070752 -0.053001
v 0.121164 0.066243 -0.059317
v 0.035756 0.076673 -0.083466
v 0.057362 0.071599 -0.107853
v 0.024423 0.075567 -0.110039
v 0.036832 0.073315 -0.119630
v -0.044211 0.085711 -0.121497
v -0.041689 0.085813 -0.122818
v -0.044343 0.082673 -0.129447
v -0.047200 0.082544 -0.128113
v -0.047974 0.080118 -0.129990
v -0.043386 0.083359 -0.120093
v -0.045117 0.080247 -0.131325
v -0.040863 0.083461 -0.121414
v -0.008803 0.126651 -0.060761
v -0.005709 0.128992 -0.062715
v -0.012075 0.117123 -0.077375
v -0.014358 0.116992 -0.076254
v -0.013667 0.114820 -0.075084
v -0.005755 0.124656 -0.058396
v -0.011385 0.114951 -0.076205
v -0.002660 0.126997 -0.060350
v -0.040473 0.081372 -0.116057
v -0.049644 0.083259 -0.106344
v -0.050360 0.088618 -0.110423
v -0.048013 0.092541 -0.115420
v -0.043231 0.093977 -0.119996
v -0.037296 0.092541 -0.122924
v -0.031798 0.088618 -0.123421
v -0.028210 0.083260 -0.121353
v -0.052931 0.095206 -0.104148
v -0.051854 0.087149 -0.098015
v -0.049401 0.101104 -0.111660
v -0.042212 0.103263 -0.118540
v -0.033288 0.101104 -0.122943
v -0.025022 0.095206 -0.123690
v -0.019627 0.087149 -0.120580
v -0.049020 0.108051 -0.090309
v -0.052824 0.099479 -0.099759
v -0.051594 0.090273 -0.092751
v -0.047644 0.097756 -0.082472
v -0.044510 0.115589 -0.099909
v -0.048792 0.106218 -0.108343
v -0.035323 0.118347 -0.108701
v -0.040576 0.108685 -0.116204
v -0.023919 0.115589 -0.114328
v -0.030380 0.106219 -0.121235
v -0.013354 0.108051 -0.115282
v -0.020934 0.099479 -0.122089
v -0.006461 0.097756 -0.111309
v -0.014770 0.090273 -0.118536
v -0.040473 0.114547 -0.082130
v -0.039243 0.105344 -0.075125
v -0.036441 0.121284 -0.090712
v -0.028229 0.123750 -0.098570
v -0.018035 0.121284 -0.103600
v -0.008592 0.114547 -0.104453
v -0.002430 0.105344 -0.100901
v -0.026688 0.117517 -0.076615
v -0.035458 0.116482 -0.079250
v -0.034383 0.108440 -0.073129
v -0.025971 0.112158 -0.072536
v -0.024340 0.121440 -0.081612
v -0.031935 0.122369 -0.086748
v -0.019559 0.122876 -0.086188
v -0.024759 0.124523 -0.093615
v -0.013623 0.121440 -0.089116
v -0.015852 0.122369 -0.098010
v -0.008125 0.117517 -0.089613
v -0.007601 0.116482 -0.098755
v -0.004537 0.112158 -0.087545
v -0.002217 0.108440 -0.095652
v -0.013768 0.113973 -0.077918
v -0.046056 0.077901 -0.104276
v -0.040558 0.073978 -0.104773
v -0.034623 0.072542 -0.107701
v -0.029841 0.073978 -0.112277
v -0.027493 0.077901 -0.117274
v -0.046459 0.079093 -0.094906
v -0.038193 0.073195 -0.095652
v -0.029269 0.071036 -0.100056
v -0.022079 0.073195 -0.106935
v -0.018550 0.079093 -0.114448
v -0.040750 0.087460 -0.078498
v -0.045429 0.081067 -0.089198
v -0.030186 0.079922 -0.079452
v -0.035984 0.074328 -0.090052
v -0.018782 0.077164 -0.085079
v -0.025787 0.071861 -0.095083
v -0.009594 0.079922 -0.093871
v -0.017572 0.074328 -0.102944
v -0.005084 0.087460 -0.103471
v -0.013539 0.081067 -0.111528
v -0.033080 0.096141 -0.071573
v -0.023638 0.089404 -0.072426
v -0.013444 0.086938 -0.077455
v -0.005231 0.089404 -0.085314
v -0.001200 0.096141 -0.093896
v -0.022383 0.106800 -0.070468
v -0.028998 0.100399 -0.070025
v -0.016885 0.102877 -0.070965
v -0.020747 0.094512 -0.070770
v -0.010950 0.101441 -0.073893
v -0.011840 0.092357 -0.075165
v -0.006168 0.102877 -0.078469
v -0.004664 0.094512 -0.082032
v -0.003821 0.106800 -0.083466
v -0.001142 0.100399 -0.089530
v -0.050639 0.084752 -0.127192
v -0.051997 0.081049 -0.129851
v -0.051077 0.079062 -0.127857
v -0.049622 0.083029 -0.125009
v -0.050109 0.078662 -0.133505
v -0.049055 0.076505 -0.131772
v -0.046082 0.078987 -0.136015
v -0.044741 0.076854 -0.134461
v -0.042275 0.081836 -0.135909
v -0.040662 0.079905 -0.134347
v -0.047913 0.085316 -0.133624
v -0.051148 0.083316 -0.131966
v -0.050261 0.085735 -0.130229
v -0.049915 0.081756 -0.134354
v -0.047284 0.081969 -0.135994
v -0.044796 0.083830 -0.135925
v -0.045544 0.086080 -0.124895
v -0.046832 0.087600 -0.127086
v -0.041230 0.086429 -0.127584
v -0.042805 0.087926 -0.129596
v -0.039208 0.083871 -0.131499
v -0.040917 0.085538 -0.133251
v -0.047774 0.087596 -0.130160
v -0.045142 0.087809 -0.131800
v -0.043909 0.086249 -0.134188
v -0.043886 0.079721 -0.127889
v -0.048531 0.083923 -0.123554
v -0.046173 0.091543 -0.120243
v -0.039294 0.089507 -0.126778
v -0.042752 0.082389 -0.128291
v -0.036716 0.100764 -0.126345
v -0.033871 0.101207 -0.132822
v -0.035617 0.090020 -0.136551
v -0.033806 0.106672 -0.123895
v -0.039938 0.082254 -0.135690
v -0.042145 0.101043 -0.121795
v -0.043935 0.079836 -0.128241
v -0.051212 0.077149 -0.128280
v -0.057459 0.080398 -0.123192
v -0.049978 0.086527 -0.122185
v -0.045359 0.081891 -0.126947
v -0.057729 0.094591 -0.117692
v -0.053603 0.100265 -0.118710
v -0.044835 0.095022 -0.125197
v -0.061287 0.098042 -0.113592
v -0.041013 0.088034 -0.129298
v -0.062849 0.090076 -0.119602
v -0.043935 0.079836 -0.128241
v -0.045287 0.075216 -0.134328
v -0.052834 0.070976 -0.135442
v -0.054534 0.077148 -0.128135
v -0.046739 0.079586 -0.128226
v -0.065561 0.073239 -0.128149
v -0.066764 0.079240 -0.124573
v -0.057652 0.086402 -0.124608
v -0.071096 0.072097 -0.127673
v -0.048601 0.086667 -0.125303
v -0.064319 0.069556 -0.134078
v -0.043935 0.079836 -0.128241
v -0.038325 0.081183 -0.133394
v -0.037536 0.076553 -0.140742
v -0.046158 0.073910 -0.137175
v -0.044880 0.078538 -0.130554
v -0.048968 0.067686 -0.146046
v -0.055865 0.068068 -0.144453
v -0.056453 0.074986 -0.136321
v -0.049838 0.063485 -0.150601
v -0.052683 0.079528 -0.129470
v -0.043055 0.070079 -0.149137
v -0.043935 0.079836 -0.128241
v -0.040772 0.086623 -0.126368
v -0.033885 0.089817 -0.130555
v -0.036542 0.082167 -0.135871
v -0.042349 0.080426 -0.130490
v -0.029946 0.086014 -0.143964
v -0.032592 0.081694 -0.148922
v -0.042047 0.077877 -0.143616
v -0.024779 0.086993 -0.147290
v -0.046813 0.076960 -0.136097
v -0.029401 0.092267 -0.140669
v -0.043935 0.079836 -0.128241
v -0.048481 0.083855 -0.123484
v -0.042708 0.082329 -0.128230
v -0.039240 0.089433 -0.126701
v -0.046111 0.091461 -0.120157
v -0.035566 0.089950 -0.136479
v -0.033854 0.101117 -0.132790
v -0.036700 0.100674 -0.126313
v -0.033790 0.106582 -0.123863
v -0.039891 0.082188 -0.135622
v -0.042129 0.100954 -0.121763
v -0.043892 0.079775 -0.128179
v -0.051162 0.077081 -0.128210
v -0.045316 0.081831 -0.126885
v -0.049924 0.086453 -0.122108
v -0.057397 0.080315 -0.123106
v -0.044785 0.094953 -0.125125
v -0.053545 0.100188 -0.118703
v -0.057671 0.094515 -0.117684
v -0.061228 0.097966 -0.113585
v -0.040965 0.087968 -0.129230
v -0.062791 0.090000 -0.119595
v -0.043892 0.079775 -0.128179
v -0.045237 0.075148 -0.134257
v -0.046696 0.079526 -0.128164
v -0.054480 0.077074 -0.128058
v -0.052779 0.070900 -0.135363
v -0.057601 0.086333 -0.124536
v -0.066683 0.079202 -0.124538
v -0.065479 0.073201 -0.128114
v -0.071014 0.072059 -0.127637
v -0.048553 0.086602 -0.125235
v -0.064237 0.069518 -0.134043
v -0.043892 0.079775 -0.128179
v -0.038275 0.081115 -0.133324
v -0.044837 0.078478 -0.130492
v -0.046104 0.073836 -0.137098
v -0.037481 0.076477 -0.140663
v -0.056403 0.074916 -0.136249
v -0.055817 0.068069 -0.144370
v -0.048920 0.067688 -0.145962
v -0.049789 0.063487 -0.150518
v -0.052635 0.079462 -0.129402
v -0.043006 0.070080 -0.149053
v -0.043892 0.079775 -0.128179
v -0.040722 0.086555 -0.126298
v -0.042305 0.080365 -0.130428
v -0.036488 0.082093 -0.135794
v -0.033824 0.089734 -0.130468
v -0.041996 0.077808 -0.143544
v -0.032615 0.081656 -0.148837
v -0.029969 0.085976 -0.143879
v -0.024802 0.086955 -0.147204
v -0.046765 0.076894 -0.136028
v -0.029424 0.092229 -0.140583
v -0.043892 0.079775 -0.128179
v -0.173034 0.087174 -0.085884
v -0.130747 0.082076 -0.058563
v -0.150559 0.081258 -0.051435
v -0.100623 0.081729 -0.032958
v -0.198308 0.092231 -0.070171
v -0.177005 0.083275 -0.017031
v -0.174327 0.082993 -0.036702
v -0.159241 0.083052 -0.010956
v -0.192691 0.091483 -0.078714
v -0.188620 0.089744 -0.058874
v -0.083478 0.084146 -0.041024
v -0.078038 0.084534 -0.059330
v -0.108008 0.084900 -0.085114
v -0.142096 0.091016 -0.122009
v -0.104081 0.087030 -0.105707
v -0.131225 0.100563 -0.148503
v -0.074729 0.095977 -0.136456
v -0.093583 0.093021 -0.130983
v -0.065912 0.094643 -0.119933
v -0.138639 0.098196 -0.141830
v -0.118331 0.098474 -0.140948
v -0.193950 0.093771 -0.108049
v -0.167876 0.097009 -0.138495
v -0.200652 0.099996 -0.127848
v -0.189030 0.101439 -0.141419
v -0.200003 0.103515 -0.138756
v -0.099437 0.092677 -0.114136
v -0.071868 0.112574 -0.125694
v -0.057536 0.119852 -0.096647
v -0.094069 0.097173 -0.085613
v -0.100299 0.092464 -0.130888
v -0.087337 0.103370 -0.140032
v -0.096666 0.095617 -0.142239
v -0.049444 0.109491 -0.067646
v -0.077929 0.093253 -0.064146
v -0.056138 0.104221 -0.041000
v -0.069713 0.093804 -0.041890
v -0.138136 0.108743 -0.003228
v -0.113848 0.096227 -0.014001
v -0.090247 0.130958 0.000404
v -0.121016 0.136672 0.011482
v -0.149924 0.117810 0.004534
v -0.143539 0.133012 0.014469
v -0.153972 0.127183 0.011444
v -0.093158 0.097044 -0.031549
v -0.072102 0.121237 -0.023889
v -0.073684 0.090716 -0.043542
v -0.061776 0.101021 -0.041791
vt 0.949400 0.973700
vt 0.950200 0.977500
vt 0.945500 0.978200
vt 0.944500 0.974400
vt 0.958000 0.937700
vt 0.957100 0.946600
vt 0.950400 0.946500
vt 0.950700 0.937400
vt 0.965400 0.938300
vt 0.963800 0.947300
vt 0.943700 0.947000
vt 0.937000 0.947400
vt 0.936100 0.938300
vt 0.943400 0.937800
vt 0.955300 0.964600
vt 0.949700 0.964600
vt 0.950000 0.955600
vt 0.956200 0.955600
vt 0.962300 0.956300
vt 0.960700 0.965400
vt 0.944000 0.956100
vt 0.944300 0.965300
vt 0.938800 0.965500
vt 0.937900 0.956400
vt 0.959900 0.919700
vt 0.959000 0.928700
vt 0.951000 0.928400
vt 0.951400 0.919300
vt 0.968500 0.920300
vt 0.966900 0.929300
vt 0.943200 0.928700
vt 0.935200 0.929200
vt 0.934400 0.920200
vt 0.942900 0.919500
vt 0.954400 0.973600
vt 0.959200 0.974400
vt 0.939700 0.974500
vt 0.084300 0.578200
vt 0.082500 0.471500
vt 0.179300 0.452800
vt 0.171300 0.584500
vt 0.036100 0.565400
vt 0.025400 0.509200
vt 0.008200 0.541600
vt 0.271200 0.475800
vt 0.251000 0.571700
vt 0.339600 0.527800
vt 0.321600 0.571300
vt 0.084300 0.578200
vt 0.171300 0.584500
vt 0.179300 0.452800
vt 0.082500 0.471500
vt 0.036100 0.565400
vt 0.025400 0.509200
vt 0.008200 0.541600
vt 0.251000 0.571700
vt 0.271200 0.475800
vt 0.321600 0.571300
vt 0.339600 0.527800
vt 0.084300 0.578200
vt 0.082500 0.471500
vt 0.179300 0.452800
vt 0.171300 0.584500
vt 0.036100 0.565400
vt 0.025400 0.509200
vt 0.008200 0.541600
vt 0.271200 0.475800
vt 0.251000 0.571700
vt 0.339600 0.527800
vt 0.321600 0.571300
vt 0.084300 0.578200
vt 0.171300 0.584500
vt 0.179300 0.452800
vt 0.082500 0.471500
vt 0.036100 0.565400
vt 0.025400 0.509200
vt 0.008200 0.541600
vt 0.251000 0.571700
vt 0.271200 0.475800
vt 0.321600 0.571300
vt 0.339600 0.527800
vt 0.151100 0.843000
vt 0.119400 0.737100
vt 0.168100 0.709500
vt 0.168600 0.604300
vt 0.075300 0.869500
vt 0.004000 0.730800
vt 0.048300 0.759500
vt 0.022500 0.684400
vt 0.102400 0.872300
vt 0.068900 0.829900
vt 0.215000 0.583500
vt 0.261200 0.604500
vt 0.261400 0.709600
vt 0.278000 0.843200
vt 0.310100 0.737400
vt 0.353700 0.869900
vt 0.425500 0.731400
vt 0.381100 0.760000
vt 0.407100 0.685000
vt 0.326600 0.872700
vt 0.360200 0.830300
vt 0.267900 0.925500
vt 0.161000 0.925300
vt 0.238200 0.975300
vt 0.190500 0.975300
vt 0.214300 0.994400
vt 0.151100 0.843000
vt 0.168100 0.709500
vt 0.119400 0.737100
vt 0.168600 0.604300
vt 0.075300 0.869500
vt 0.004000 0.730800
vt 0.048300 0.759500
vt 0.022500 0.684400
vt 0.102400 0.872300
vt 0.068900 0.829900
vt 0.215000 0.583500
vt 0.261200 0.604500
vt 0.261400 0.709600
vt 0.278000 0.843200
vt 0.310100 0.737400
vt 0.353700 0.869900
vt 0.425500 0.731400
vt 0.381100 0.760000
vt 0.407100 0.685000
vt 0.326600 0.872700
vt 0.360200 0.830300
vt 0.161000 0.925300
vt 0.267900 0.925500
vt 0.190500 0.975300
vt 0.238200 0.975300
vt 0.214300 0.994400
vt 0.949400 0.973700
vt 0.950200 0.977500
vt 0.945500 0.978200
vt 0.944500 0.974400
vt 0.958000 0.937700
vt 0.957100 0.946600
vt 0.950400 0.946500
vt 0.950700 0.937400
vt 0.965400 0.938300
vt 0.963800 0.947300
vt 0.943700 0.947000
vt 0.937000 0.947400
vt 0.936100 0.938300
vt 0.943400 0.937800
vt 0.955300 0.964600
vt 0.949700 0.964600
vt 0.950000 0.955600
vt 0.956200 0.955600
vt 0.962300 0.956300
vt 0.960700 0.965400
vt 0.944000 0.956100
vt 0.944300 0.965300
vt 0.938800 0.965500
vt 0.937900 0.956400
vt 0.959900 0.919700
vt 0.959000 0.928700
vt 0.951000 0.928400
vt 0.951400 0.919300
vt 0.968500 0.920300
vt 0.966900 0.929300
vt 0.943200 0.928700
vt 0.935200 0.929200
vt 0.934400 0.920200
vt 0.942900 0.919500
vt 0.954400 0.973600
vt 0.959200 0.974400
vt 0.939700 0.974500
vt 0.084300 0.578200
vt 0.082500 0.471500
vt 0.179300 0.452800
vt 0.171300 0.584500
vt 0.036100 0.565400
vt 0.025400 0.509200
vt 0.008200 0.541600
vt 0.271200 0.475800
vt 0.251000 0.571700
vt 0.339600 0.527800
vt 0.321600 0.571300
vt 0.084300 0.578200
vt 0.171300 0.584500
vt 0.179300 0.452800
vt 0.082500 0.471500
vt 0.036100 0.565400
vt 0.025400 0.509200
vt 0.008200 0.541600
vt 0.251000 0.571700
vt 0.271200 0.475800
vt 0.321600 0.571300
vt 0.339600 0.527800
vt 0.084300 0.578200
vt 0.082500 0.471500
vt 0.179300 0.452800
vt 0.171300 0.584500
vt 0.036100 0.565400
vt 0.025400 0.509200
vt 0.008200 0.541600
vt 0.271200 0.475800
vt 0.251000 0.571700
vt 0.339600 0.527800
vt 0.321600 0.571300
vt 0.084300 0.578200
vt 0.171300 0.584500
vt 0.179300 0.452800
vt 0.082500 0.471500
vt 0.036100 0.565400
vt 0.025400 0.509200
vt 0.008200 0.541600
vt 0.251000 0.571700
vt 0.271200 0.475800
vt 0.321600 0.571300
vt 0.339600 0.527800
vt 0.151100 0.843000
vt 0.119400 0.737100
vt 0.168100 0.709500
vt 0.168600 0.604300
vt 0.075300 0.869500
vt 0.004000 0.730800
vt 0.048300 0.759500
vt 0.022500 0.684400
vt 0.102400 0.872300
vt 0.068900 0.829900
vt 0.215000 0.583500
vt 0.261200 0.604500
vt 0.261400 0.709600
vt 0.278000 0.843200
vt 0.310100 0.737400
vt 0.353700 0.869900
vt 0.425500 0.731400
vt 0.381100 0.760000
vt 0.407100 0.685000
vt 0.326600 0.872700
vt 0.360200 0.830300
vt 0.267900 0.925500
vt 0.161000 0.925300
vt 0.238200 0.975300
vt 0.190500 0.975300
vt 0.214300 0.994400
vt 0.151100 0.843000
vt 0.168100 0.709500
vt 0.119400 0.737100
vt 0.168600 0.604300
vt 0.075300 0.869500
vt 0.004000 0.730800
vt 0.048300 0.759500
vt 0.022500 0.684400
vt 0.102400 0.872300
vt 0.068900 0.829900
vt 0.215000 0.583500
vt 0.261200 0.604500
vt 0.261400 0.709600
vt 0.278000 0.843200
vt 0.310100 0.737400
vt 0.353700 0.869900
vt 0.425500 0.731400
vt 0.381100 0.760000
vt 0.407100 0.685000
vt 0.326600 0.872700
vt 0.360200 0.830300
vt 0.161000 0.925300
vt 0.267900 0.925500
vt 0.190500 0.975300
vt 0.238200 0.975300
vt 0.214300 0.994400
vt 0.949400 0.973700
vt 0.950200 0.977500
vt 0.945500 0.978200
vt 0.944500 0.974400
vt 0.958000 0.937700
vt 0.957100 0.946600
vt 0.950400 0.946500
vt 0.950700 0.937400
vt 0.965400 0.938300
vt 0.963800 0.947300
vt 0.943700 0.947000
vt 0.937000 0.947400
vt 0.936100 0.938300
vt 0.943400 0.937800
vt 0.955300 0.964600
vt 0.949700 0.964600
vt 0.950000 0.955600
vt 0.956200 0.955600
vt 0.962300 0.956300
vt 0.960700 0.965400
vt 0.944000 0.956100
vt 0.944300 0.965300
vt 0.938800 0.965500
vt 0.937900 0.956400
vt 0.959900 0.919700
vt 0.959000 0.928700
vt 0.951000 0.928400
vt 0.951400 0.919300
vt 0.968500 0.920300
vt 0.966900 0.929300
vt 0.943200 0.928700
vt 0.935200 0.929200
vt 0.934400 0.920200
vt 0.942900 0.919500
vt 0.954400 0.973600
vt 0.959200 0.974400
vt 0.939700 0.974500
vt 0.084300 0.578200
vt 0.082500 0.471500
vt 0.179300 0.452800
vt 0.171300 0.584500
vt 0.036100 0.565400
vt 0.025400 0.509200
vt 0.008200 0.541600
vt 0.271200 0.475800
vt 0.251000 0.571700
vt 0.339600 0.527800
vt 0.321600 0.571300
vt 0.084300 0.578200
vt 0.171300 0.584500
vt 0.179300 0.452800
vt 0.082500 0.471500
vt 0.036100 0.565400
vt 0.025400 0.509200
vt 0.008200 0.541600
vt 0.251000 0.571700
vt 0.271200 0.475800
vt 0.321600 0.571300
vt 0.339600 0.527800
vt 0.084300 0.578200
vt 0.082500 0.471500
vt 0.179300 0.452800
vt 0.171300 0.584500
vt 0.036100 0.565400
vt 0.025400 0.509200
vt 0.008200 0.541600
vt 0.271200 0.475800
vt 0.251000 0.571700
vt 0.339600 0.527800
vt 0.321600 0.571300
vt 0.084300 0.578200
vt 0.171300 0.584500
vt 0.179300 0.452800
vt 0.082500 0.471500
vt 0.036100 0.565400
vt 0.025400 0.509200
vt 0.008200 0.541600
vt 0.251000 0.571700
vt 0.271200 0.475800
vt 0.321600 0.571300
vt 0.339600 0.527800
vt 0.151100 0.843000
vt 0.119400 0.737100
vt 0.168100 0.709500
vt 0.168600 0.604300
vt 0.075300 0.869500
vt 0.004000 0.730800
vt 0.048300 0.759500
vt 0.022500 0.684400
vt 0.102400 0.872300
vt 0.068900 0.829900
vt 0.215000 0.583500
vt 0.261200 0.604500
vt 0.261400 0.709600
vt 0.278000 0.843200
vt 0.310100 0.737400
vt 0.353700 0.869900
vt 0.425500 0.731400
vt 0.381100 0.760000
vt 0.407100 0.685000
vt 0.326600 0.872700
vt 0.360200 0.830300
vt 0.267900 0.925500
vt 0.161000 0.925300
vt 0.238200 0.975300
vt 0.190500 0.975300
vt 0.214300 0.994400
vt 0.151100 0.843000
vt 0.168100 0.709500
vt 0.119400 0.737100
vt 0.168600 0.604300
vt 0.075300 0.869500
vt 0.004000 0.730800
vt 0.048300 0.759500
vt 0.022500 0.684400
vt 0.102400 0.872300
vt 0.068900 0.829900
vt 0.215000 0.583500
vt 0.261200 0.604500
vt 0.261400 0.709600
vt 0.278000 0.843200
vt 0.310100 0.737400
vt 0.353700 0.869900
vt 0.425500 0.731400
vt 0.381100 0.760000
vt 0.407100 0.685000
vt 0.326600 0.872700
vt 0.360200 0.830300
vt 0.161000 0.925300
vt 0.267900 0.925500
vt 0.190500 0.975300
vt 0.238200 0.975300
vt 0.214300 0.994400
vt 0.949400 0.973700
vt 0.950200 0.977500
vt 0.945500 0.978200
vt 0.944500 0.974400
vt 0.957100 0.946600
vt 0.950400 0.946500
vt 0.950700 0.937400
vt 0.958000 0.937700
vt 0.963800 0.947300
vt 0.965400 0.938300
vt 0.943700 0.947000
vt 0.937000 0.947400
vt 0.936100 0.938300
vt 0.943400 0.937800
vt 0.955800 0.960100
vt 0.949900 0.960100
vt 0.950000 0.955600
vt 0.956200 0.955600
vt 0.961500 0.960900
vt 0.962300 0.956300
vt 0.944000 0.956100
vt 0.944100 0.960700
vt 0.938400 0.960900
vt 0.937900 0.956400
vt 0.955200 0.965700
vt 0.949700 0.965800
vt 0.949700 0.964600
vt 0.955300 0.964600
vt 0.960700 0.965400
vt 0.960500 0.966500
vt 0.944300 0.965300
vt 0.944300 0.966400
vt 0.938900 0.966600
vt 0.938800 0.965500
vt 0.954400 0.973600
vt 0.949500 0.969200
vt 0.954800 0.969100
vt 0.960000 0.969900
vt 0.959200 0.974400
vt 0.944400 0.969800
vt 0.939700 0.974500
vt 0.939300 0.970000
vt 0.955100 0.966900
vt 0.955000 0.968000
vt 0.949600 0.968000
vt 0.949600 0.966900
vt 0.960300 0.967600
vt 0.960100 0.968700
vt 0.944400 0.968700
vt 0.939100 0.968900
vt 0.939000 0.967700
vt 0.944300 0.967500
vt 0.151100 0.843000
vt 0.119400 0.737100
vt 0.168100 0.709500
vt 0.168600 0.604300
vt 0.075300 0.869500
vt 0.004000 0.730800
vt 0.048300 0.759500
vt 0.022500 0.684400
vt 0.102400 0.872300
vt 0.068900 0.829900
vt 0.215000 0.583500
vt 0.261200 0.604500
vt 0.261400 0.709600
vt 0.278000 0.843200
vt 0.310100 0.737400
vt 0.353700 0.869900
vt 0.425500 0.731400
vt 0.381100 0.760000
vt 0.407100 0.685000
vt 0.326600 0.872700
vt 0.360200 0.830300
vt 0.267900 0.925500
vt 0.161000 0.925300
vt 0.238200 0.975300
vt 0.190500 0.975300
vt 0.214300 0.994400
vt 0.084300 0.578200
vt 0.171300 0.584500
vt 0.179300 0.452800
vt 0.082500 0.471500
vt 0.036100 0.565400
vt 0.025400 0.509200
vt 0.008200 0.541600
vt 0.251000 0.571700
vt 0.271200 0.475800
vt 0.321600 0.571300
vt 0.339600 0.527800
vt 0.084300 0.578200
vt 0.082500 0.471500
vt 0.179300 0.452800
vt 0.171300 0.584500
vt 0.036100 0.565400
vt 0.025400 0.509200
vt 0.008200 0.541600
vt 0.271200 0.475800
vt 0.251000 0.571700
vt 0.339600 0.527800
vt 0.321600 0.571300
vt 0.958000 0.937700
vt 0.957100 0.946600
vt 0.950400 0.946500
vt 0.950700 0.937400
vt 0.965400 0.938300
vt 0.963800 0.947300
vt 0.943700 0.947000
vt 0.937000 0.947400
vt 0.936100 0.938300
vt 0.943400 0.937800
vt 0.959400 0.924200
vt 0.951200 0.923900
vt 0.951400 0.919300
vt 0.959900 0.919700
vt 0.968500 0.920300
vt 0.967700 0.924800
vt 0.942900 0.919500
vt 0.943000 0.924100
vt 0.934800 0.924700
vt 0.934400 0.920200
vt 0.959000 0.928700
vt 0.958500 0.933200
vt 0.950900 0.932900
vt 0.951000 0.928400
vt 0.966900 0.929300
vt 0.966100 0.933800
vt 0.943300 0.933200
vt 0.935700 0.933800
vt 0.935200 0.929200
vt 0.943200 0.928700
vt 0.956200 0.955600
vt 0.950000 0.955600
vt 0.962300 0.956300
vt 0.944000 0.956100
vt 0.937900 0.956400
vt 0.949400 0.973700
vt 0.950200 0.977500
vt 0.945500 0.978200
vt 0.944500 0.974400
vt 0.957100 0.946600
vt 0.950400 0.946500
vt 0.950700 0.937400
vt 0.958000 0.937700
vt 0.963800 0.947300
vt 0.965400 0.938300
vt 0.943700 0.947000
vt 0.937000 0.947400
vt 0.936100 0.938300
vt 0.943400 0.937800
vt 0.955800 0.960100
vt 0.949900 0.960100
vt 0.950000 0.955600
vt 0.956200 0.955600
vt 0.961500 0.960900
vt 0.962300 0.956300
vt 0.944000 0.956100
vt 0.944100 0.960700
vt 0.938400 0.960900
vt 0.937900 0.956400
vt 0.955200 0.965700
vt 0.949700 0.965800
vt 0.949700 0.964600
vt 0.955300 0.964600
vt 0.960700 0.965400
vt 0.960500 0.966500
vt 0.944300 0.965300
vt 0.944300 0.966400
vt 0.938900 0.966600
vt 0.938800 0.965500
vt 0.954400 0.973600
vt 0.949500 0.969200
vt 0.954800 0.969100
vt 0.960000 0.969900
vt 0.959200 0.974400
vt 0.944400 0.969800
vt 0.939700 0.974500
vt 0.939300 0.970000
vt 0.955100 0.966900
vt 0.955000 0.968000
vt 0.949600 0.968000
vt 0.949600 0.966900
vt 0.960300 0.967600
vt 0.960100 0.968700
vt 0.944400 0.968700
vt 0.939100 0.968900
vt 0.939000 0.967700
vt 0.944300 0.967500
vt 0.948000 0.731700
vt 0.966900 0.754300
vt 0.948500 0.757500
vt 0.986100 0.746300
vt 0.930100 0.755000
vt 0.910700 0.747100
vt 0.949400 0.973700
vt 0.950200 0.977500
vt 0.945500 0.978200
vt 0.944500 0.974400
vt 0.961700 0.901700
vt 0.960800 0.910700
vt 0.951700 0.910300
vt 0.952000 0.901200
vt 0.971600 0.902300
vt 0.970000 0.911300
vt 0.942600 0.910400
vt 0.933500 0.911100
vt 0.932600 0.902100
vt 0.942300 0.901200
vt 0.968200 0.765500
vt 0.948800 0.767500
vt 0.986000 0.764400
vt 0.929100 0.766600
vt 0.911000 0.764800
vt 0.958000 0.937700
vt 0.957100 0.946600
vt 0.950400 0.946500
vt 0.950700 0.937400
vt 0.965400 0.938300
vt 0.963800 0.947300
vt 0.943700 0.947000
vt 0.937000 0.947400
vt 0.936100 0.938300
vt 0.943400 0.937800
vt 0.955300 0.964600
vt 0.949700 0.964600
vt 0.950000 0.955600
vt 0.956200 0.955600
vt 0.962300 0.956300
vt 0.960700 0.965400
vt 0.944000 0.956100
vt 0.944300 0.965300
vt 0.938800 0.965500
vt 0.937900 0.956400
vt 0.959900 0.919700
vt 0.959000 0.928700
vt 0.951000 0.928400
vt 0.951400 0.919300
vt 0.968500 0.920300
vt 0.966900 0.929300
vt 0.943200 0.928700
vt 0.935200 0.929200
vt 0.934400 0.920200
vt 0.942900 0.919500
vt 0.954400 0.973600
vt 0.959200 0.974400
vt 0.939700 0.974500
vt 0.084300 0.578200
vt 0.082500 0.471500
vt 0.179300 0.452800
vt 0.171300 0.584500
vt 0.036100 0.565400
vt 0.025400 0.509200
vt 0.008200 0.541600
vt 0.271200 0.475800
vt 0.251000 0.571700
vt 0.339600 0.527800
vt 0.321600 0.571300
vt 0.151100 0.843000
vt 0.119400 0.737100
vt 0.168100 0.709500
vt 0.168600 0.604300
vt 0.075300 0.869500
vt 0.004000 0.730800
vt 0.048300 0.759500
vt 0.022500 0.684400
vt 0.102400 0.872300
vt 0.068900 0.829900
vt 0.215000 0.583500
vt 0.261200 0.604500
vt 0.261400 0.709600
vt 0.278000 0.843200
vt 0.310100 0.737400
vt 0.353700 0.869900
vt 0.425500 0.731400
vt 0.381100 0.760000
vt 0.407100 0.685000
vt 0.326600 0.872700
vt 0.360200 0.830300
vt 0.267900 0.925500
vt 0.161000 0.925300
vt 0.238200 0.975300
vt 0.190500 0.975300
vt 0.214300 0.994400
vt 0.084300 0.578200
vt 0.171300 0.584500
vt 0.179300 0.452800
vt 0.082500 0.471500
vt 0.036100 0.565400
vt 0.025400 0.509200
vt 0.008200 0.541600
vt 0.251000 0.571700
vt 0.271200 0.475800
vt 0.321600 0.571300
vt 0.339600 0.527800
vt 0.084300 0.578200
vt 0.171300 0.584500
vt 0.179300 0.452800
vt 0.082500 0.471500
vt 0.036100 0.565400
vt 0.025400 0.509200
vt 0.008200 0.541600
vt 0.251000 0.571700
vt 0.271200 0.475800
vt 0.321600 0.571300
vt 0.339600 0.527800
vt 0.151100 0.843000
vt 0.168100 0.709500
vt 0.119400 0.737100
vt 0.168600 0.604300
vt 0.075300 0.869500
vt 0.004000 0.730800
vt 0.048300 0.759500
vt 0.022500 0.684400
vt 0.102400 0.872300
vt 0.068900 0.829900
vt 0.215000 0.583500
vt 0.261200 0.604500
vt 0.261400 0.709600
vt 0.278000 0.843200
vt 0.310100 0.737400
vt 0.353700 0.869900
vt 0.425500 0.731400
vt 0.381100 0.760000
vt 0.407100 0.685000
vt 0.326600 0.872700
vt 0.360200 0.830300
vt 0.161000 0.925300
vt 0.267900 0.925500
vt 0.190500 0.975300
vt 0.238200 0.975300
vt 0.214300 0.994400
vt 0.084300 0.578200
vt 0.082500 0.471500
vt 0.179300 0.452800
vt 0.171300 0.584500
vt 0.036100 0.565400
vt 0.025400 0.509200
vt 0.008200 0.541600
vt 0.271200 0.475800
vt 0.251000 0.571700
vt 0.339600 0.527800
vt 0.321600 0.571300
vt 0.959900 0.919700
vt 0.951400 0.919300
vt 0.952000 0.901200
vt 0.961700 0.901700
vt 0.971600 0.902300
vt 0.968500 0.920300
vt 0.942300 0.901200
vt 0.942900 0.919500
vt 0.934400 0.920200
vt 0.932600 0.902100
vt 0.954400 0.973600
vt 0.949400 0.973700
vt 0.950700 0.937400
vt 0.958000 0.937700
vt 0.965400 0.938300
vt 0.959200 0.974400
vt 0.943400 0.937800
vt 0.944500 0.974400
vt 0.939700 0.974500
vt 0.936100 0.938300
vt 0.248800 0.461600
vt 0.138300 0.437400
vt 0.164900 0.402500
vt 0.203800 0.382200
vt 0.249000 0.375400
vt 0.294200 0.382400
vt 0.333000 0.403100
vt 0.359400 0.438100
vt 0.122600 0.351300
vt 0.069400 0.391100
vt 0.183900 0.330000
vt 0.249200 0.323600
vt 0.314400 0.330500
vt 0.375500 0.352200
vt 0.428500 0.392300
vt 0.092200 0.232100
vt 0.104400 0.313500
vt 0.032700 0.338000
vt 0.008700 0.231400
vt 0.171400 0.232500
vt 0.176600 0.301400
vt 0.249500 0.232800
vt 0.249300 0.298100
vt 0.327700 0.233000
vt 0.322000 0.301900
vt 0.406800 0.233200
vt 0.394000 0.314500
vt 0.490400 0.233400
vt 0.465600 0.339600
vt 0.105500 0.149800
vt 0.034200 0.124200
vt 0.177400 0.162500
vt 0.249800 0.166300
vt 0.322300 0.163000
vt 0.394300 0.150800
vt 0.465800 0.125900
vt 0.166000 0.062600
vt 0.124100 0.112200
vt 0.071500 0.071900
vt 0.139800 0.027400
vt 0.204900 0.083400
vt 0.185000 0.134100
vt 0.250100 0.090500
vt 0.249900 0.140900
vt 0.295400 0.083600
vt 0.315000 0.134500
vt 0.334400 0.063200
vt 0.376000 0.113100
vt 0.360800 0.028200
vt 0.428900 0.073200
vt 0.250300 0.004400
vt 0.333000 0.403100
vt 0.359400 0.438100
vt 0.294200 0.382400
vt 0.249000 0.375400
vt 0.203800 0.382200
vt 0.164900 0.402500
vt 0.138600 0.437400
vt 0.375500 0.352200
vt 0.428500 0.392300
vt 0.314400 0.330500
vt 0.249200 0.323600
vt 0.183900 0.330000
vt 0.122600 0.351300
vt 0.069400 0.391100
vt 0.406800 0.233200
vt 0.490400 0.233400
vt 0.465600 0.339600
vt 0.394000 0.314500
vt 0.327700 0.233000
vt 0.322000 0.301900
vt 0.249500 0.232800
vt 0.249300 0.298100
vt 0.171400 0.232500
vt 0.176600 0.301400
vt 0.092200 0.232100
vt 0.104400 0.313500
vt 0.008700 0.231400
vt 0.032700 0.338000
vt 0.394300 0.150800
vt 0.465800 0.125900
vt 0.322300 0.163000
vt 0.249800 0.166300
vt 0.177400 0.162500
vt 0.105500 0.149800
vt 0.034200 0.124200
vt 0.334400 0.063200
vt 0.360800 0.028200
vt 0.428900 0.073200
vt 0.376000 0.113100
vt 0.295400 0.083600
vt 0.315000 0.134500
vt 0.250100 0.090500
vt 0.249900 0.140900
vt 0.204900 0.083400
vt 0.185000 0.134100
vt 0.166000 0.062600
vt 0.124100 0.112200
vt 0.139800 0.027400
vt 0.071500 0.071900
vt 0.756900 0.650500
vt 0.782400 0.606500
vt 0.808800 0.610000
vt 0.773100 0.671700
vt 0.769300 0.557300
vt 0.790500 0.541100
vt 0.725300 0.531800
vt 0.728800 0.505400
vt 0.676100 0.544900
vt 0.659900 0.523700
vt 0.716500 0.597700
vt 0.754400 0.602800
vt 0.739700 0.628100
vt 0.746900 0.574500
vt 0.721500 0.559800
vt 0.693200 0.567300
vt 0.704200 0.690000
vt 0.707700 0.663600
vt 0.642500 0.654300
vt 0.663600 0.638100
vt 0.624100 0.585400
vt 0.650500 0.588900
vt 0.711400 0.635600
vt 0.686100 0.620900
vt 0.678600 0.592600
vt 0.466300 0.669000
vt 0.500300 0.635000
vt 0.442200 0.610900
vt 0.500300 0.586900
vt 0.466300 0.552800
vt 0.418200 0.552800
vt 0.418200 0.669000
vt 0.384100 0.634900
vt 0.384200 0.586800
vt 0.974100 0.456000
vt 0.993700 0.540000
vt 0.897900 0.541500
vt 0.897900 0.464800
vt 0.902500 0.648000
vt 0.830100 0.646700
vt 0.803200 0.548300
vt 0.902100 0.696600
vt 0.820400 0.463100
vt 0.970700 0.639700
vt 0.901500 0.435400
vt 0.974100 0.456000
vt 0.993700 0.540000
vt 0.897900 0.541500
vt 0.897900 0.464800
vt 0.902500 0.648000
vt 0.830100 0.646700
vt 0.803200 0.548300
vt 0.902100 0.696600
vt 0.820400 0.463100
vt 0.970700 0.639700
vt 0.901500 0.435400
vt 0.974100 0.456000
vt 0.993700 0.540000
vt 0.897900 0.541500
vt 0.897900 0.464800
vt 0.902500 0.648000
vt 0.830100 0.646700
vt 0.803200 0.548300
vt 0.902100 0.696600
vt 0.820400 0.463100
vt 0.970700 0.639700
vt 0.901500 0.435400
vt 0.974100 0.456000
vt 0.993700 0.540000
vt 0.897900 0.541500
vt 0.897900 0.464800
vt 0.902500 0.648000
vt 0.830100 0.646700
vt 0.803200 0.548300
vt 0.902100 0.696600
vt 0.820400 0.463100
vt 0.970700 0.639700
vt 0.901500 0.435400
vt 0.974100 0.456000
vt 0.993700 0.540000
vt 0.897900 0.541500
vt 0.897900 0.464800
vt 0.902500 0.648000
vt 0.830100 0.646700
vt 0.803200 0.548300
vt 0.902100 0.696600
vt 0.820400 0.463100
vt 0.970700 0.639700
vt 0.901500 0.435400
vt 0.974100 0.456000
vt 0.897900 0.464800
vt 0.897900 0.541500
vt 0.993700 0.540000
vt 0.803200 0.548300
vt 0.830100 0.646700
vt 0.902500 0.648000
vt 0.902100 0.696600
vt 0.820400 0.463100
vt 0.970700 0.639700
vt 0.901500 0.435400
vt 0.974100 0.456000
vt 0.897900 0.464800
vt 0.897900 0.541500
vt 0.993700 0.540000
vt 0.803200 0.548300
vt 0.830100 0.646700
vt 0.902500 0.648000
vt 0.902100 0.696600
vt 0.820400 0.463100
vt 0.970700 0.639700
vt 0.901500 0.435400
vt 0.974100 0.456000
vt 0.897900 0.464800
vt 0.897900 0.541500
vt 0.993700 0.540000
vt 0.803200 0.548300
vt 0.830100 0.646700
vt 0.902500 0.648000
vt 0.902100 0.696600
vt 0.820400 0.463100
vt 0.970700 0.639700
vt 0.901500 0.435400
vt 0.974100 0.456000
vt 0.897900 0.464800
vt 0.897900 0.541500
vt 0.993700 0.540000
vt 0.803200 0.548300
vt 0.830100 0.646700
vt 0.902500 0.648000
vt 0.902100 0.696600
vt 0.820400 0.463100
vt 0.970700 0.639700
vt 0.901500 0.435400
vt 0.974100 0.456000
vt 0.897900 0.464800
vt 0.897900 0.541500
vt 0.993700 0.540000
vt 0.803200 0.548300
vt 0.830100 0.646700
vt 0.902500 0.648000
vt 0.902100 0.696600
vt 0.820400 0.463100
vt 0.970700 0.639700
vt 0.901500 0.435400
vt 0.151100 0.843000
vt 0.168100 0.709500
vt 0.119400 0.737100
vt 0.168600 0.604300
vt 0.075300 0.869500
vt 0.004000 0.730800
vt 0.048300 0.759500
vt 0.022500 0.684400
vt 0.102400 0.872300
vt 0.068900 0.829900
vt 0.215000 0.583500
vt 0.261200 0.604500
vt 0.261400 0.709600
vt 0.278000 0.843200
vt 0.310100 0.737400
vt 0.353700 0.869900
vt 0.425500 0.731400
vt 0.381100 0.760000
vt 0.407100 0.685000
vt 0.326600 0.872700
vt 0.360200 0.830300
vt 0.161000 0.925300
vt 0.267900 0.925500
vt 0.190500 0.975300
vt 0.238200 0.975300
vt 0.214300 0.994400
vt 0.084300 0.578200
vt 0.082500 0.471500
vt 0.179300 0.452800
vt 0.171300 0.584500
vt 0.036100 0.565400
vt 0.025400 0.509200
vt 0.008200 0.541600
vt 0.271200 0.475800
vt 0.251000 0.571700
vt 0.339600 0.527800
vt 0.321600 0.571300
vt 0.084300 0.578200
vt 0.171300 0.584500
vt 0.179300 0.452800
vt 0.082500 0.471500
vt 0.036100 0.565400
vt 0.025400 0.509200
vt 0.008200 0.541600
vt 0.251000 0.571700
vt 0.271200 0.475800
vt 0.321600 0.571300
vt 0.339600 0.527800
vn -0.9357 0.0165 0.3524
vn -0.2543 -0.9088 0.3308
vn 0.6169 -0.3027 0.7265
vn -0.0348 0.6456 0.7629
vn -0.7164 -0.6236 -0.3128
vn -0.4993 -0.6762 -0.5418
vn -0.7591 -0.0130 0.6509
vn -0.2693 0.0370 0.9623
vn 0.4249 0.0443 -0.9041
vn 0.6611 -0.1309 -0.7388
vn 0.6391 0.6409 0.4251
vn 0.7340 0.6310 0.2512
vn -0.0450 -0.9591 -0.2793
vn -0.9896 0.1409 -0.0299
vn -0.9549 -0.1942 0.2246
vn 0.0689 -0.8800 -0.4700
vn 0.9813 -0.0299 -0.1900
vn 0.9924 -0.1031 0.0665
vn 0.1136 0.9382 0.3270
vn 0.1564 0.9462 0.2834
vn -0.1595 -0.9832 0.0889
vn -0.3180 -0.9393 -0.1290
vn -0.2547 0.1036 0.9615
vn -0.2692 0.0980 0.9581
vn 0.3048 0.0630 -0.9503
vn 0.2988 0.1676 -0.9395
vn 0.4172 0.8953 0.1560
vn 0.1215 0.9858 0.1157
vn -0.9357 0.0166 0.3524
vn -0.3614 0.9179 0.1638
vn -0.3080 0.9400 0.1469
vn -0.1481 0.9624 0.2275
vn -0.1869 0.9549 0.2306
vn -0.3403 0.9329 0.1177
vn -0.2927 0.9502 0.1069
vn -0.3750 0.9247 0.0661
vn -0.0479 0.9654 0.2562
vn -0.0326 0.9682 0.2481
vn -0.2114 0.9440 0.2534
vn -0.2193 0.9393 0.2637
vn 0.3614 -0.9179 -0.1638
vn 0.1869 -0.9549 -0.2306
vn 0.1481 -0.9625 -0.2275
vn 0.3080 -0.9400 -0.1469
vn 0.3403 -0.9329 -0.1178
vn 0.2928 -0.9502 -0.1069
vn 0.3750 -0.9247 -0.0661
vn 0.0326 -0.9682 -0.2481
vn 0.0479 -0.9654 -0.2562
vn 0.2193 -0.9394 -0.2636
vn 0.2114 -0.9440 -0.2534
vn -0.0050 -0.9512 -0.3086
vn -0.0648 -0.9470 -0.3145
vn -0.2051 -0.9578 -0.2015
vn -0.1665 -0.9638 -0.2084
vn -0.0375 -0.9369 -0.3477
vn -0.0891 -0.9331 -0.3484
vn -0.0113 -0.9161 -0.4008
vn -0.2923 -0.9451 -0.1458
vn -0.3085 -0.9395 -0.1490
vn -0.1362 -0.9718 -0.1923
vn -0.1256 -0.9749 -0.1841
vn 0.0050 0.9512 0.3086
vn 0.1665 0.9638 0.2084
vn 0.2051 0.9578 0.2015
vn 0.0648 0.9470 0.3145
vn 0.0375 0.9369 0.3477
vn 0.0891 0.9331 0.3484
vn 0.0114 0.9161 0.4008
vn 0.3085 0.9395 0.1490
vn 0.2923 0.9451 0.1458
vn 0.1256 0.9749 0.1841
vn 0.1363 0.9718 0.1922
vn -0.1000 0.9433 -0.3164
vn -0.0808 0.9731 -0.2157
vn -0.0137 0.9741 -0.2258
vn -0.0219 0.9879 -0.1534
vn -0.2262 0.9237 -0.3092
vn -0.1126 0.9818 -0.1526
vn -0.1328 0.9723 -0.1924
vn -0.0955 0.9832 -0.1558
vn -0.2236 0.9116 -0.3451
vn -0.2239 0.9273 -0.2999
vn 0.0362 0.9980 -0.0517
vn 0.0396 0.9849 -0.1685
vn -0.0024 0.9735 -0.2286
vn 0.0290 0.9370 -0.3481
vn 0.0614 0.9661 -0.2506
vn 0.1419 0.9057 -0.3995
vn 0.1194 0.9705 -0.2096
vn 0.1180 0.9600 -0.2539
vn 0.1029 0.9734 -0.2045
vn 0.1220 0.8947 -0.4297
vn 0.1445 0.9093 -0.3904
vn -0.0524 0.9165 -0.3966
vn -0.0710 0.8822 -0.4655
vn -0.0906 0.8389 -0.5366
vn 0.1000 -0.9433 0.3164
vn 0.0137 -0.9741 0.2258
vn 0.0809 -0.9731 0.2157
vn 0.0219 -0.9879 0.1534
vn 0.2262 -0.9237 0.3092
vn 0.1126 -0.9818 0.1526
vn 0.1328 -0.9723 0.1923
vn 0.0955 -0.9832 0.1558
vn 0.2236 -0.9117 0.3448
vn 0.2239 -0.9273 0.2999
vn -0.0362 -0.9980 0.0517
vn -0.0396 -0.9849 0.1684
vn 0.0024 -0.9735 0.2286
vn -0.0290 -0.9370 0.3481
vn -0.0614 -0.9661 0.2506
vn -0.1419 -0.9057 0.3996
vn -0.1194 -0.9705 0.2096
vn -0.1179 -0.9600 0.2539
vn -0.1029 -0.9734 0.2045
vn -0.1219 -0.8947 0.4298
vn -0.1445 -0.9093 0.3903
vn 0.0524 -0.9165 0.3966
vn 0.0710 -0.8822 0.4655
vn 0.0906 -0.8389 0.5366
vn -0.9370 0.1510 -0.3149
vn -0.3476 -0.8279 -0.4401
vn 0.0106 -0.7740 0.6330
vn -0.5673 0.2078 0.7969
vn 0.4291 -0.7612 -0.4863
vn 0.2770 -0.5064 -0.8166
vn -0.9627 -0.0862 -0.2565
vn -0.9641 -0.1170 -0.2382
vn 0.8646 0.3177 0.3892
vn 0.9391 0.1168 0.3230
vn -0.3191 0.4524 0.8327
vn -0.3342 0.7762 0.5346
vn 0.2120 -0.6619 -0.7189
vn -0.7362 0.4436 -0.5111
vn -0.8600 -0.0706 -0.5054
vn 0.4731 -0.5136 -0.7158
vn 0.8847 -0.2096 0.4163
vn 0.7119 -0.4295 0.5556
vn -0.1722 0.5959 0.7844
vn -0.1297 0.6140 0.7785
vn -0.2329 -0.7457 0.6242
vn 0.1834 -0.9321 0.3125
vn -0.9365 -0.0774 -0.3419
vn -0.8983 -0.2722 -0.3450
vn 0.5971 -0.2786 0.7522
vn 0.8411 0.5231 0.1379
vn -0.2237 0.9179 -0.3278
vn 0.5467 0.7691 -0.3311
vn -0.3477 -0.8279 -0.4401
vn 0.0106 -0.7741 0.6330
vn -0.5673 0.2077 0.7969
vn -0.4403 0.8077 0.3922
vn -0.3905 0.8169 0.4246
vn -0.3240 0.7489 0.5780
vn -0.3548 0.7535 0.5535
vn -0.3954 0.8342 0.3843
vn -0.3536 0.8386 0.4145
vn -0.3873 0.8615 0.3284
vn -0.2673 0.7069 0.6548
vn -0.2507 0.7080 0.6602
vn -0.3875 0.7419 0.5472
vn -0.3998 0.7359 0.5464
vn 0.4403 -0.8077 -0.3922
vn 0.3549 -0.7535 -0.5535
vn 0.3240 -0.7489 -0.5780
vn 0.3904 -0.8169 -0.4246
vn 0.3954 -0.8343 -0.3843
vn 0.3535 -0.8386 -0.4145
vn 0.3872 -0.8615 -0.3284
vn 0.2507 -0.7080 -0.6602
vn 0.2674 -0.7069 -0.6548
vn 0.3998 -0.7359 -0.5464
vn 0.3875 -0.7419 -0.5472
vn 0.2607 -0.6548 -0.7094
vn 0.2193 -0.6298 -0.7452
vn 0.0403 -0.6452 -0.7630
vn 0.0744 -0.6593 -0.7482
vn 0.2609 -0.6150 -0.7441
vn 0.2222 -0.5952 -0.7722
vn 0.3139 -0.5820 -0.7501
vn -0.0627 -0.6321 -0.7723
vn -0.0732 -0.6208 -0.7805
vn 0.0871 -0.6828 -0.7254
vn 0.0900 -0.6923 -0.7159
vn -0.2607 0.6548 0.7094
vn -0.0744 0.6593 0.7482
vn -0.0403 0.6452 0.7630
vn -0.2193 0.6298 0.7452
vn -0.2609 0.6150 0.7441
vn -0.2221 0.5952 0.7723
vn -0.3139 0.5820 0.7502
vn 0.0732 0.6208 0.7805
vn 0.0627 0.6321 0.7723
vn -0.0900 0.6924 0.7159
vn -0.0871 0.6829 0.7253
vn 0.0689 0.9621 0.2638
vn 0.0155 0.9357 0.3524
vn 0.0727 0.9199 0.3855
vn 0.0183 0.9015 0.4324
vn -0.0298 0.9823 0.1848
vn -0.0503 0.9247 0.3773
vn -0.0389 0.9410 0.3362
vn -0.0354 0.9218 0.3860
vn -0.0037 0.9874 0.1580
vn -0.0344 0.9805 0.1937
vn -0.0050 0.8459 0.5333
vn 0.0747 0.8863 0.4570
vn 0.0831 0.9171 0.3900
vn 0.1872 0.9304 0.3153
vn 0.1461 0.9007 0.4092
vn 0.3081 0.8916 0.3318
vn 0.1627 0.8675 0.4700
vn 0.1913 0.8792 0.4364
vn 0.1468 0.8729 0.4653
vn 0.3135 0.9024 0.2958
vn 0.3039 0.8896 0.3410
vn 0.1588 0.9607 0.2277
vn 0.1921 0.9689 0.1562
vn 0.2267 0.9708 0.0780
vn -0.0689 -0.9621 -0.2638
vn -0.0727 -0.9199 -0.3854
vn -0.0155 -0.9357 -0.3524
vn -0.0183 -0.9015 -0.4324
vn 0.0298 -0.9823 -0.1848
vn 0.0503 -0.9247 -0.3773
vn 0.0389 -0.9409 -0.3363
vn 0.0354 -0.9218 -0.3860
vn 0.0036 -0.9875 -0.1579
vn 0.0345 -0.9804 -0.1937
vn 0.0049 -0.8459 -0.5333
vn -0.0747 -0.8863 -0.4570
vn -0.0831 -0.9171 -0.3900
vn -0.1872 -0.9303 -0.3153
vn -0.1461 -0.9007 -0.4092
vn -0.3081 -0.8916 -0.3318
vn -0.1627 -0.8676 -0.4700
vn -0.1912 -0.8792 -0.4365
vn -0.1468 -0.8729 -0.4652
vn -0.3135 -0.9023 -0.2959
vn -0.3038 -0.8897 -0.3409
vn -0.1588 -0.9607 -0.2277
vn -0.1921 -0.9689 -0.1562
vn -0.2267 -0.9708 -0.0781
vn 0.1813 0.0043 0.9834
vn -0.0435 -0.9330 0.3572
vn 0.6698 -0.5887 -0.4525
vn 0.9207 0.3619 0.1460
vn -0.6166 -0.7860 -0.0440
vn -0.7728 -0.6184 0.1429
vn 0.2013 -0.1403 0.9694
vn -0.1880 0.0617 0.9802
vn 0.2756 0.1024 -0.9558
vn -0.1853 0.1343 -0.9735
vn 0.8225 0.5686 -0.0130
vn 0.6299 0.7394 0.2376
vn -0.5921 -0.8049 0.0394
vn -0.1393 0.2514 0.9578
vn 0.0224 -0.2522 0.9674
vn -0.7488 -0.6434 -0.1593
vn -0.0587 -0.0391 -0.9975
vn 0.1864 -0.2283 -0.9556
vn 0.6392 0.7602 -0.1167
vn 0.6094 0.7790 -0.1473
vn 0.3745 -0.9140 0.1561
vn 0.0847 -0.9915 -0.0986
vn -0.4087 0.0928 0.9079
vn -0.4300 -0.0603 0.9008
vn 0.4522 0.0196 -0.8917
vn 0.4141 0.2713 -0.8689
vn -0.0167 0.9961 0.0868
vn -0.3694 0.9186 -0.1406
vn -0.0434 -0.9330 0.3572
vn 0.1813 0.0044 0.9834
vn 0.6698 -0.5887 -0.4526
vn 0.4056 0.8487 0.3394
vn 0.4060 0.8690 0.2828
vn 0.5141 0.8462 0.1401
vn 0.5082 0.8424 0.1791
vn 0.3714 0.8754 0.3094
vn 0.3748 0.8899 0.2598
vn 0.3151 0.8883 0.3341
vn 0.5578 0.8286 0.0471
vn 0.5537 0.8322 0.0304
vn 0.5216 0.8274 0.2080
vn 0.5283 0.8206 0.2179
vn -0.4056 -0.8487 -0.3395
vn -0.5082 -0.8424 -0.1792
vn -0.5141 -0.8462 -0.1401
vn -0.4060 -0.8690 -0.2828
vn -0.3714 -0.8754 -0.3094
vn -0.3749 -0.8899 -0.2598
vn -0.3152 -0.8883 -0.3340
vn -0.5537 -0.8321 -0.0304
vn -0.5578 -0.8286 -0.0471
vn -0.5282 -0.8207 -0.2179
vn -0.5216 -0.8275 -0.2080
vn -0.6100 -0.7924 -0.0058
vn -0.6238 -0.7799 0.0515
vn -0.5453 -0.8112 0.2110
vn -0.5475 -0.8189 0.1721
vn -0.6466 -0.7626 0.0179
vn -0.6544 -0.7531 0.0682
vn -0.6846 -0.7287 -0.0187
vn -0.5035 -0.8079 0.3064
vn -0.5071 -0.7997 0.3214
vn -0.5304 -0.8351 0.1459
vn -0.5222 -0.8418 0.1372
vn 0.6100 0.7924 0.0058
vn 0.5475 0.8189 -0.1721
vn 0.5453 0.8112 -0.2110
vn 0.6238 0.7799 -0.0515
vn 0.6466 0.7626 -0.0179
vn 0.6544 0.7531 -0.0682
vn 0.6846 0.7287 0.0187
vn 0.5071 0.7997 -0.3214
vn 0.5035 0.8079 -0.3064
vn 0.5222 0.8418 -0.1371
vn 0.5304 0.8351 -0.1459
vn 0.0113 0.9999 -0.0089
vn 0.1179 0.9930 -0.0101
vn 0.1197 0.9898 -0.0779
vn 0.1902 0.9801 -0.0569
vn -0.0090 0.9931 0.1173
vn 0.1742 0.9842 0.0326
vn 0.1309 0.9904 0.0453
vn 0.1745 0.9845 0.0151
vn -0.0458 0.9930 0.1086
vn 0.0012 0.9932 0.1166
vn 0.2972 0.9501 -0.0952
vn 0.1851 0.9754 -0.1199
vn 0.1188 0.9889 -0.0895
vn 0.0006 0.9900 -0.1410
vn 0.1061 0.9821 -0.1559
vn -0.0395 0.9648 -0.2599
vn 0.1549 0.9664 -0.2052
vn 0.1101 0.9711 -0.2116
vn 0.1580 0.9693 -0.1882
vn -0.0745 0.9665 -0.2455
vn -0.0293 0.9649 -0.2610
vn -0.0643 0.9955 -0.0693
vn -0.1429 0.9878 -0.0623
vn -0.2266 0.9725 -0.0544
vn -0.0114 -0.9999 0.0089
vn -0.1197 -0.9898 0.0779
vn -0.1179 -0.9930 0.0101
vn -0.1902 -0.9801 0.0569
vn 0.0089 -0.9931 -0.1173
vn -0.1742 -0.9842 -0.0325
vn -0.1309 -0.9904 -0.0453
vn -0.1745 -0.9845 -0.0151
vn 0.0458 -0.9930 -0.1086
vn -0.0013 -0.9932 -0.1167
vn -0.2972 -0.9501 0.0952
vn -0.1851 -0.9754 0.1199
vn -0.1188 -0.9889 0.0895
vn -0.0006 -0.9900 0.1410
vn -0.1061 -0.9821 0.1558
vn 0.0395 -0.9648 0.2599
vn -0.1550 -0.9664 0.2052
vn -0.1101 -0.9711 0.2116
vn -0.1581 -0.9693 0.1883
vn 0.0745 -0.9665 0.2455
vn 0.0293 -0.9649 0.2609
vn 0.0644 -0.9955 0.0693
vn 0.1429 -0.9878 0.0624
vn 0.2267 -0.9724 0.0544
vn 0.1135 -0.8917 -0.4381
vn -0.4472 -0.0443 -0.8933
vn 0.4467 0.6680 -0.5951
vn 0.9629 -0.2574 -0.0805
vn -0.9731 -0.1003 0.2072
vn -0.0677 -0.6709 -0.7385
vn 0.1076 -0.4785 -0.8715
vn -0.9796 -0.1592 0.1223
vn 0.0651 0.6614 0.7472
vn 0.2510 0.5531 0.7944
vn 0.9699 0.1513 -0.1906
vn 0.9692 0.1247 -0.2122
vn -0.9775 -0.1849 0.1012
vn -0.0475 -0.8649 -0.4997
vn -0.2966 -0.8919 -0.3412
vn -0.9096 0.2462 0.3347
vn 0.1008 0.9177 0.3842
vn 0.1807 0.9254 0.3331
vn 0.9736 0.0087 -0.2283
vn 0.9626 -0.1394 -0.2323
vn -0.7436 -0.2131 -0.6337
vn 0.2096 0.6279 -0.7496
vn 0.0072 -0.3414 -0.9399
vn -0.9828 -0.1679 -0.0769
vn 0.0311 0.3591 0.9328
vn -0.0085 -0.4956 0.8685
vn 0.9650 0.1421 -0.2204
vn 0.8058 0.5031 0.3125
vn -0.5413 -0.6579 0.5237
vn -0.8656 0.1228 -0.4854
vn 0.6266 0.5747 -0.5265
vn 0.6929 -0.3110 0.6506
vn -0.8779 0.1797 -0.4438
vn -0.9248 0.0414 -0.3781
vn -0.5449 0.0563 0.8366
vn -0.2551 0.9389 0.2312
vn 0.1867 -0.9164 -0.3541
vn 0.6512 -0.1187 -0.7495
vn 0.6856 0.0739 0.7242
vn 0.6922 0.3198 0.6470
vn 0.1172 0.9861 0.1175
vn 0.0406 0.9982 0.0441
vn -0.0085 0.9958 0.0909
vn -0.0446 0.9987 0.0262
vn 0.2188 0.9749 0.0405
vn 0.0297 0.9992 -0.0262
vn 0.0698 0.9975 -0.0048
vn 0.0173 0.9998 -0.0139
vn 0.2386 0.9684 0.0721
vn 0.2112 0.9769 0.0339
vn -0.1504 0.9883 -0.0237
vn -0.0857 0.9936 0.0741
vn -0.0161 0.9949 0.0997
vn 0.0310 0.9754 0.2181
vn -0.0545 0.9864 0.1551
vn -0.0272 0.9444 0.3278
vn -0.1253 0.9800 0.1548
vn -0.0977 0.9767 0.1909
vn -0.1152 0.9833 0.1409
vn 0.0077 0.9398 0.3418
vn -0.0351 0.9463 0.3215
vn 0.1276 0.9688 0.2123
vn 0.1866 0.9473 0.2605
vn 0.2490 0.9173 0.3107
vn -0.5614 0.8275 0.0138
vn -0.4841 0.8551 0.1856
vn -0.4795 0.8484 0.2245
vn -0.5714 0.8175 0.0723
vn -0.5977 0.8006 0.0411
vn -0.6022 0.7930 0.0921
vn -0.6403 0.7681 0.0084
vn -0.4638 0.8293 0.3119
vn -0.4426 0.8555 0.2689
vn -0.6044 0.7701 0.2041
vn -0.5382 0.8355 0.1108
vn -0.1565 0.5114 -0.8450
vn -0.1852 0.5530 -0.8123
vn -0.3513 0.5689 -0.7436
vn -0.3264 0.5504 -0.7684
vn -0.1417 0.5552 -0.8196
vn -0.1696 0.5881 -0.7908
vn -0.0805 0.5688 -0.8186
vn -0.4366 0.5828 -0.6853
vn -0.4415 0.5938 -0.6726
vn -0.3237 0.5220 -0.7891
vn -0.3246 0.5104 -0.7964
vn 0.8112 -0.4238 0.4028
vn 0.7759 -0.6182 0.1253
vn 0.2852 -0.0736 -0.9556
vn 0.4837 0.0233 -0.8749
vn -0.4421 -0.0531 0.8954
vn -0.1476 -0.0640 0.9870
vn -0.7490 0.6076 -0.2644
vn -0.8111 0.4179 -0.4093
vn -0.3398 -0.9122 -0.2288
vn 0.3683 0.1831 -0.9115
vn 0.2077 -0.2279 -0.9513
vn -0.5437 -0.8390 -0.0198
vn -0.4421 -0.1778 0.8791
vn -0.3283 -0.0477 0.9434
vn 0.4744 0.8439 0.2506
vn 0.3370 0.9069 0.2529
vn 0.1616 -0.9867 0.0201
vn 0.6955 -0.6128 0.3752
vn 0.2892 0.0657 -0.9550
vn 0.2965 0.1956 -0.9348
vn -0.3760 0.1407 0.9159
vn -0.5332 0.0784 0.8424
vn -0.6846 0.6639 -0.3011
vn -0.1731 0.9841 -0.0395
vn 0.2330 -0.9690 -0.0825
vn -0.4783 -0.3818 -0.7908
vn -0.3092 -0.4531 0.8361
vn -0.9913 0.0863 0.0993
vn -0.4784 -0.3818 -0.7908
vn 0.2330 -0.9690 -0.0826
vn -0.1711 -0.9647 -0.2002
vn 0.6018 -0.6081 0.5177
vn -0.2024 0.1292 0.9707
vn -0.9569 -0.2491 0.1492
vn 0.8838 0.0441 -0.4658
vn 0.0955 -0.9901 0.1024
vn -0.0222 -0.9410 0.3378
vn 0.8618 0.0698 -0.5025
vn -0.1002 0.9881 -0.1171
vn -0.3610 0.9240 -0.1263
vn -0.8754 -0.0104 0.4833
vn -0.8843 0.0559 0.4636
vn 0.8934 -0.0766 -0.4427
vn 0.0010 -0.9838 -0.1795
vn 0.2059 -0.9026 -0.3781
vn 0.8532 0.4037 -0.3303
vn -0.0209 0.9499 0.3117
vn -0.0865 0.9230 0.3749
vn -0.8937 -0.1400 0.4263
vn -0.9069 -0.2561 0.3345
vn 0.8085 -0.5706 0.1441
vn 0.0506 -0.0010 0.9987
vn 0.1225 -0.8657 0.4854
vn 0.9366 -0.1780 -0.3018
vn -0.1552 0.8747 -0.4592
vn -0.2465 0.1786 -0.9525
vn -0.8648 -0.0327 0.5010
vn -0.7565 0.5863 0.2898
vn 0.6017 -0.6082 0.5177
vn -0.1712 -0.9647 -0.2002
vn 0.3097 -0.1673 -0.9360
vn 0.9528 -0.2179 0.2115
vn -0.4052 0.1018 0.9085
vn -0.8499 0.1800 -0.4952
vn 0.9659 -0.1475 0.2127
vn 0.9752 -0.2113 0.0661
vn 0.3699 0.5808 -0.7252
vn 0.3569 0.8677 0.3459
vn -0.2625 -0.9296 -0.2587
vn -0.5001 -0.5727 0.6495
vn -0.7935 0.5221 -0.3126
vn -0.7436 0.6610 -0.1010
vn -0.0000 -0.9962 -0.0871
vn -0.0000 0.0158 -0.9999
vn 0.9974 -0.0711 -0.0062
vn -0.9974 -0.0711 -0.0063
vn 0.0000 -0.1581 0.9874
vn 0.8654 0.0125 0.5009
vn 0.4597 -0.8758 -0.1471
vn 0.1896 -0.1152 -0.9751
vn 0.5921 0.7314 -0.3383
vn 0.0350 -0.0617 -0.9975
vn 0.0134 -0.4647 -0.8854
vn 0.9841 0.1699 0.0527
vn 0.9971 0.0477 0.0592
vn -0.9977 0.0082 0.0671
vn -0.9929 0.0091 0.1190
vn -0.0079 0.4309 0.9024
vn 0.0271 0.0912 0.9955
vn -0.0098 0.2995 -0.9540
vn 0.9792 0.2015 0.0225
vn -0.9688 0.2465 0.0259
vn -0.0093 0.1510 0.9885
vn -0.0827 -0.5965 0.7983
vn -0.3139 -0.7042 0.6368
vn 0.8778 0.0145 0.4788
vn 0.9990 0.0449 0.0086
vn -0.9961 -0.0295 -0.0828
vn -0.9100 -0.1046 -0.4011
vn 0.2302 0.6738 -0.7021
vn -0.0390 0.5884 -0.8076
vn -0.1360 -0.9905 0.0207
vn 0.6053 -0.0584 0.7938
vn 0.6716 -0.2097 0.7106
vn -0.3689 -0.9107 0.1860
vn -0.7212 0.0374 -0.6917
vn -0.5595 -0.0507 -0.8272
vn 0.3425 0.9142 -0.2165
vn 0.0404 0.9919 -0.1207
vn 0.0011 -0.9521 -0.3059
vn -0.0202 -0.8475 0.5304
vn 0.9893 0.0591 -0.1332
vn 0.9640 0.2651 -0.0197
vn -0.9609 0.2216 0.1660
vn -0.9866 0.1627 0.0138
vn 0.0022 0.8183 -0.5748
vn 0.0057 0.9671 0.2544
vn 0.3883 0.8533 0.3480
vn 0.3536 0.8830 0.3088
vn 0.3646 0.9216 0.1328
vn 0.3824 0.9090 0.1660
vn 0.3394 0.8733 0.3494
vn 0.3121 0.8972 0.3125
vn 0.3056 0.8634 0.4013
vn 0.3505 0.9361 0.0305
vn 0.3373 0.9412 0.0203
vn 0.4118 0.8938 0.1777
vn 0.4238 0.8876 0.1802
vn -0.1694 0.9420 0.2898
vn -0.0778 0.9673 0.2413
vn -0.1089 0.9773 0.1817
vn -0.0367 0.9853 0.1666
vn -0.1238 0.9064 0.4040
vn -0.0073 0.9680 0.2509
vn -0.0391 0.9586 0.2821
vn -0.0157 0.9716 0.2360
vn -0.1595 0.8970 0.4122
vn -0.1156 0.9096 0.3990
vn 0.0412 0.9960 0.0793
vn -0.0710 0.9910 0.1137
vn -0.1152 0.9783 0.1719
vn -0.2415 0.9538 0.1787
vn -0.1573 0.9804 0.1187
vn -0.3296 0.9401 0.0869
vn -0.1370 0.9893 0.0511
vn -0.1793 0.9816 0.0662
vn -0.1265 0.9898 0.0651
vn -0.3527 0.9287 0.1146
vn -0.3214 0.9434 0.0817
vn -0.2629 0.9265 0.2692
vn -0.3253 0.8946 0.3063
vn -0.3903 0.8540 0.3441
vn 0.2934 0.9549 -0.0455
vn 0.1211 0.9853 -0.1205
vn 0.0936 0.9844 -0.1493
vn 0.2650 0.9592 -0.0984
vn 0.3073 0.9468 -0.0958
vn 0.2791 0.9502 -0.1391
vn 0.3650 0.9249 -0.1067
vn -0.0082 0.9782 -0.2074
vn -0.0016 0.9815 -0.1915
vn 0.1240 0.9897 -0.0720
vn 0.1248 0.9885 -0.0857
vn -0.3883 -0.8533 -0.3480
vn -0.3824 -0.9090 -0.1660
vn -0.3646 -0.9216 -0.1328
vn -0.3536 -0.8830 -0.3088
vn -0.3394 -0.8733 -0.3494
vn -0.3121 -0.8972 -0.3125
vn -0.3056 -0.8635 -0.4013
vn -0.3373 -0.9412 -0.0203
vn -0.3505 -0.9361 -0.0305
vn -0.4239 -0.8876 -0.1802
vn -0.4118 -0.8938 -0.1777
vn 0.1694 -0.9420 -0.2898
vn 0.1089 -0.9773 -0.1817
vn 0.0778 -0.9673 -0.2412
vn 0.0367 -0.9853 -0.1666
vn 0.1239 -0.9063 -0.4040
vn 0.0073 -0.9680 -0.2509
vn 0.0391 -0.9586 -0.2821
vn 0.0157 -0.9716 -0.2360
vn 0.1597 -0.8970 -0.4123
vn 0.1156 -0.9096 -0.3990
vn -0.0413 -0.9960 -0.0793
vn 0.0710 -0.9910 -0.1137
vn 0.1152 -0.9784 -0.1719
vn 0.2415 -0.9538 -0.1787
vn 0.1573 -0.9804 -0.1187
vn 0.3296 -0.9401 -0.0869
vn 0.1370 -0.9893 -0.0511
vn 0.1793 -0.9816 -0.0662
vn 0.1266 -0.9898 -0.0652
vn 0.3528 -0.9287 -0.1146
vn 0.3214 -0.9434 -0.0818
vn 0.2629 -0.9265 -0.2693
vn 0.3253 -0.8946 -0.3063
vn 0.3903 -0.8539 -0.3442
vn -0.2934 -0.9549 0.0455
vn -0.2650 -0.9592 0.0984
vn -0.0936 -0.9844 0.1492
vn -0.1211 -0.9853 0.1205
vn -0.3072 -0.9468 0.0958
vn -0.2790 -0.9502 0.1391
vn -0.3650 -0.9249 0.1067
vn 0.0016 -0.9815 0.1915
vn 0.0082 -0.9782 0.2074
vn -0.1248 -0.9885 0.0857
vn -0.1240 -0.9897 0.0719
vn -0.8019 0.5902 0.0929
vn 0.4468 0.6612 -0.6026
vn 0.7016 0.4815 -0.5253
vn -0.8836 0.4254 0.1955
vn -0.1699 -0.9108 0.3762
vn -0.4559 -0.6677 0.5885
vn 0.4653 -0.8812 0.0843
vn 0.7378 -0.6721 -0.0625
vn -0.9559 0.1559 0.2490
vn 0.2106 0.6839 -0.6985
vn 0.4505 0.6048 -0.6567
vn -0.7950 0.6066 0.0021
vn -0.4234 -0.6569 0.6239
vn 0.1772 -0.8585 0.4812
vn 0.8065 -0.5874 -0.0670
vn 0.9116 -0.3186 -0.2596
vn -0.4698 -0.5736 -0.6710
vn -0.8337 -0.4856 -0.2628
vn -0.8629 -0.2676 -0.4288
vn -0.7674 -0.1080 -0.6320
vn -0.5729 -0.0496 -0.8181
vn -0.3314 -0.1080 -0.9373
vn -0.1078 -0.2676 -0.9575
vn 0.0382 -0.4856 -0.8734
vn -0.9855 0.0075 -0.1695
vn -0.9406 -0.3284 0.0861
vn -0.8384 0.2533 -0.4827
vn -0.5387 0.3433 -0.7693
vn -0.1667 0.2533 -0.9529
vn 0.1778 0.0074 -0.9840
vn 0.4026 -0.3284 -0.8544
vn -0.8744 0.4090 0.2611
vn -0.9792 0.2008 0.0294
vn -0.9274 -0.1865 0.3242
vn -0.8197 -0.0006 0.5729
vn -0.6950 0.7088 -0.1208
vn -0.8095 0.4843 -0.3318
vn -0.3295 0.8185 -0.4706
vn -0.4639 0.5881 -0.6625
vn 0.1241 0.7088 -0.6944
vn -0.0349 0.4843 -0.8742
vn 0.5444 0.4089 -0.7324
vn 0.3625 0.2008 -0.9101
vn 0.8186 -0.0006 -0.5743
vn 0.6218 -0.1865 -0.7606
vn -0.6718 0.5749 0.4672
vn -0.6200 0.1879 0.7617
vn -0.5022 0.8582 0.1063
vn -0.1569 0.9619 -0.2241
vn 0.2717 0.8582 -0.4356
vn 0.6688 0.5749 -0.4714
vn 0.9279 0.1879 -0.3221
vn -0.0526 0.7029 0.7094
vn -0.4360 0.6672 0.6040
vn -0.3915 0.3344 0.8573
vn -0.0242 0.4901 0.8714
vn 0.0406 0.8587 0.5109
vn -0.2902 0.9108 0.2937
vn 0.2305 0.9157 0.3292
vn 0.0067 0.9999 0.0096
vn 0.4662 0.8587 0.2129
vn 0.3752 0.9108 -0.1723
vn 0.6846 0.7029 0.1932
vn 0.7167 0.6672 -0.2031
vn 0.8271 0.4901 0.2753
vn 0.9394 0.3345 -0.0747
vn 0.4699 0.5736 0.6710
vn -0.6878 -0.7036 -0.1787
vn -0.4642 -0.8631 -0.1989
vn -0.2227 -0.9216 -0.3180
vn -0.0282 -0.8631 -0.5042
vn 0.0673 -0.7036 -0.7074
vn -0.7158 -0.6642 0.2158
vn -0.3712 -0.9100 0.1847
vn 0.0008 -1.0000 0.0011
vn 0.3005 -0.9100 -0.2857
vn 0.4475 -0.6642 -0.5988
vn -0.5454 -0.4102 0.7310
vn -0.6681 -0.5739 0.4737
vn -0.1252 -0.7100 0.6930
vn -0.2707 -0.8574 0.4378
vn 0.3285 -0.8198 0.4691
vn 0.1583 -0.9612 0.2261
vn 0.6940 -0.7100 0.1194
vn 0.5039 -0.8574 -0.1047
vn 0.8734 -0.4102 -0.2625
vn 0.6736 -0.5739 -0.4658
vn -0.3609 -0.1991 0.9111
vn 0.0361 -0.4824 0.8752
vn 0.4647 -0.5861 0.6637
vn 0.8101 -0.4823 0.3333
vn 0.9796 -0.1990 -0.0275
vn 0.1183 0.2773 0.9535
vn -0.1687 0.0017 0.9857
vn 0.3367 0.1215 0.9338
vn 0.1727 -0.2419 0.9548
vn 0.5724 0.0645 0.8175
vn 0.5412 -0.3310 0.7730
vn 0.7623 0.1215 0.6357
vn 0.8382 -0.2418 0.4888
vn 0.8555 0.2773 0.4373
vn 0.9839 0.0017 0.1786
vn -0.7969 0.4661 0.3843
vn -0.9968 -0.0792 -0.0074
vn -0.6075 -0.5965 0.5244
vn -0.4108 -0.0600 0.9097
vn -0.7188 -0.4309 -0.5456
vn -0.3340 -0.9425 -0.0053
vn -0.1257 -0.3830 -0.9152
vn 0.2495 -0.8953 -0.3690
vn 0.4351 0.0366 -0.8996
vn 0.8013 -0.4826 -0.3535
vn -0.4491 0.6239 -0.6395
vn -0.8666 0.3209 -0.3822
vn -0.7460 0.6497 -0.1461
vn -0.6990 0.1086 -0.7069
vn -0.3411 0.1376 -0.9299
vn -0.0028 0.3906 -0.9205
vn 0.1409 0.3527 0.9251
vn -0.2361 0.8856 0.3999
vn 0.7245 0.4000 0.5613
vn 0.3570 0.9336 0.0303
vn 0.9980 0.0539 0.0318
vn 0.6351 0.5819 -0.5080
vn -0.4078 0.9028 -0.1367
vn -0.0500 0.9318 -0.3596
vn 0.1177 0.7196 -0.6843
vn 0.4490 -0.6240 0.6395
vn -0.5326 0.4116 -0.7395
vn -0.6032 0.3144 -0.7330
vn -0.7573 0.3428 -0.5559
vn -0.7266 0.3993 -0.5591
vn -0.7476 0.3829 -0.5426
vn -0.8805 0.3229 -0.3471
vn -0.8849 0.3432 -0.3149
vn -0.6752 0.5407 -0.5019
vn -0.8410 0.4426 -0.3111
vn -0.6178 0.2733 -0.7373
vn -0.7284 0.3257 -0.6027
vn -0.2833 0.5309 -0.7987
vn -0.2280 0.4224 -0.8772
vn -0.4016 0.2918 -0.8681
vn -0.4375 0.3173 -0.8414
vn -0.3413 0.3829 -0.8584
vn -0.5142 0.1552 -0.8435
vn -0.5996 0.0807 -0.7962
vn -0.4441 0.4575 -0.7704
vn -0.6226 0.1242 -0.7726
vn -0.1307 0.4491 -0.8839
vn -0.3627 0.3035 -0.8811
vn -0.2392 0.7409 -0.6276
vn -0.2302 0.7164 -0.6587
vn -0.2027 0.5600 -0.8033
vn -0.1238 0.5836 -0.8025
vn -0.2155 0.6644 -0.7156
vn -0.1887 0.4167 -0.8893
vn -0.1529 0.3066 -0.9395
vn -0.1973 0.6509 -0.7331
vn -0.0896 0.3449 -0.9344
vn -0.2277 0.7784 -0.5850
vn -0.0606 0.6338 -0.7711
vn -0.4645 0.7655 -0.4452
vn -0.4258 0.7874 -0.4458
vn -0.2371 0.8192 -0.5222
vn -0.2194 0.8535 -0.4726
vn -0.3164 0.7753 -0.5466
vn -0.0538 0.7847 -0.6176
vn 0.0323 0.7922 -0.6094
vn -0.3371 0.7233 -0.6027
vn 0.0335 0.8274 -0.5607
vn -0.4895 0.7658 -0.4170
vn -0.2465 0.8847 -0.3957
vn -0.6543 0.5469 -0.5223
vn -0.7377 0.5389 -0.4068
vn -0.6355 0.6979 -0.3302
vn -0.6107 0.7213 -0.3268
vn -0.6448 0.5830 -0.4942
vn -0.5450 0.7916 -0.2764
vn -0.4455 0.8790 -0.1702
vn -0.5039 0.6216 -0.5998
vn -0.4507 0.8757 -0.1733
vn -0.7626 0.4143 -0.4967
vn -0.6769 0.6716 -0.3012
vn 0.5329 -0.4139 0.7381
vn 0.7263 -0.4007 0.5585
vn 0.7579 -0.3417 0.5558
vn 0.6050 -0.3129 0.7322
vn 0.8855 -0.3418 0.3147
vn 0.8813 -0.3204 0.3475
vn 0.7484 -0.3808 0.5431
vn 0.6751 -0.5407 0.5019
vn 0.8404 -0.4438 0.3110
vn 0.6192 -0.2695 0.7375
vn 0.7287 -0.3258 0.6024
vn 0.2858 -0.5312 0.7976
vn 0.4385 -0.3179 0.8406
vn 0.4010 -0.2905 0.8688
vn 0.2279 -0.4202 0.8783
vn 0.5988 -0.0791 0.7970
vn 0.5123 -0.1530 0.8451
vn 0.3395 -0.3814 0.8598
vn 0.4440 -0.4575 0.7704
vn 0.6232 -0.1251 0.7720
vn 0.1283 -0.4462 0.8857
vn 0.3629 -0.3032 0.8811
vn 0.2405 -0.7397 0.6285
vn 0.1250 -0.5830 0.8028
vn 0.2015 -0.5601 0.8035
vn 0.2286 -0.7167 0.6589
vn 0.1514 -0.3064 0.9398
vn 0.1859 -0.4171 0.8896
vn 0.2137 -0.6650 0.7156
vn 0.1975 -0.6508 0.7331
vn 0.0908 -0.3447 0.9343
vn 0.2247 -0.7792 0.5851
vn 0.0604 -0.6336 0.7713
vn 0.4638 -0.7649 0.4470
vn 0.2194 -0.8529 0.4737
vn 0.2366 -0.8202 0.5209
vn 0.4252 -0.7886 0.4442
vn -0.0331 -0.7934 0.6078
vn 0.0529 -0.7868 0.6149
vn 0.3158 -0.7770 0.5445
vn 0.3370 -0.7233 0.6027
vn -0.0331 -0.8267 0.5616
vn 0.4885 -0.7681 0.4139
vn 0.2461 -0.8848 0.3956
vn 0.6523 -0.5487 0.5229
vn 0.6096 -0.7219 0.3276
vn 0.6369 -0.6976 0.3283
vn 0.7390 -0.5392 0.4039
vn 0.4469 -0.8786 0.1682
vn 0.5478 -0.7907 0.2733
vn 0.6473 -0.5821 0.4921
vn 0.5038 -0.6217 0.5998
vn 0.4500 -0.8759 0.1743
vn 0.7658 -0.4133 0.4927
vn 0.6766 -0.6720 0.3011
vn -0.1172 -0.9861 -0.1175
vn 0.0085 -0.9958 -0.0909
vn -0.0406 -0.9982 -0.0441
vn 0.0446 -0.9987 -0.0262
vn -0.2188 -0.9749 -0.0405
vn -0.0297 -0.9992 0.0262
vn -0.0698 -0.9975 0.0048
vn -0.0173 -0.9998 0.0140
vn -0.2386 -0.9684 -0.0721
vn -0.2112 -0.9769 -0.0340
vn 0.1505 -0.9883 0.0238
vn 0.0857 -0.9936 -0.0741
vn 0.0161 -0.9949 -0.0997
vn -0.0310 -0.9754 -0.2181
vn 0.0545 -0.9864 -0.1551
vn 0.0273 -0.9444 -0.3278
vn 0.1254 -0.9800 -0.1548
vn 0.0977 -0.9767 -0.1909
vn 0.1153 -0.9833 -0.1409
vn -0.0076 -0.9398 -0.3417
vn 0.0350 -0.9463 -0.3215
vn -0.1276 -0.9688 -0.2123
vn -0.1866 -0.9473 -0.2605
vn -0.2490 -0.9173 -0.3107
vn 0.5614 -0.8275 -0.0138
vn 0.5714 -0.8175 -0.0723
vn 0.4795 -0.8484 -0.2245
vn 0.4841 -0.8551 -0.1856
vn 0.5978 -0.8006 -0.0411
vn 0.6022 -0.7930 -0.0922
vn 0.6403 -0.7681 -0.0084
vn 0.4426 -0.8555 -0.2689
vn 0.4638 -0.8292 -0.3119
vn 0.5382 -0.8355 -0.1108
vn 0.6044 -0.7701 -0.2040
vn 0.1565 -0.5114 0.8450
vn 0.3265 -0.5504 0.7684
vn 0.3513 -0.5689 0.7436
vn 0.1852 -0.5530 0.8123
vn 0.1417 -0.5552 0.8196
vn 0.1696 -0.5881 0.7908
vn 0.0804 -0.5687 0.8186
vn 0.4415 -0.5938 0.6726
vn 0.4367 -0.5828 0.6853
vn 0.3246 -0.5104 0.7963
vn 0.3237 -0.5220 0.7891
s 1
f 1/1/1 2/2/2 3/3/3
f 3/3/3 4/4/4 1/1/1
s 2
f 5/5/5 6/6/6 7/7/7
f 7/7/7 8/8/8 5/5/5
f 9/9/9 10/10/10 6/6/6
f 6/6/6 5/5/5 9/9/9
f 11/11/11 10/12/10 9/13/9
f 9/13/9 12/14/12 11/11/11
f 7/7/7 11/11/11 12/14/12
f 12/14/12 8/8/8 7/7/7
f 13/15/13 14/16/14 15/17/15
f 15/17/15 16/18/16 13/15/13
f 17/19/17 18/20/18 13/15/13
f 13/15/13 16/18/16 17/19/17
f 19/21/19 20/22/20 18/23/18
f 18/23/18 17/24/17 19/21/19
f 14/16/14 20/22/20 19/21/19
f 19/21/19 15/17/15 14/16/14
f 21/25/21 22/26/22 23/27/23
f 23/27/23 24/28/24 21/25/21
f 25/29/25 26/30/26 22/26/22
f 22/26/22 21/25/21 25/29/25
f 27/31/27 26/32/26 25/33/25
f 25/33/25 28/34/28 27/31/27
f 23/27/23 27/31/27 28/34/28
f 28/34/28 24/28/24 23/27/23
f 22/26/22 5/5/5 8/8/8
f 8/8/8 23/27/23 22/26/22
f 26/30/26 9/9/9 5/5/5
f 5/5/5 22/26/22 26/30/26
f 12/14/12 9/13/9 26/32/26
f 26/32/26 27/31/27 12/14/12
f 8/8/8 12/14/12 27/31/27
f 27/31/27 23/27/23 8/8/8
f 6/6/6 16/18/16 15/17/15
f 15/17/15 7/7/7 6/6/6
f 10/10/10 17/19/17 16/18/16
f 16/18/16 6/6/6 10/10/10
f 19/21/19 17/24/17 10/12/10
f 10/12/10 11/11/11 19/21/19
f 15/17/15 19/21/19 11/11/11
f 11/11/11 7/7/7 15/17/15
f 13/15/13 2/35/2 1/1/29
f 1/1/29 14/16/14 13/15/13
f 3/36/3 2/35/2 13/15/13
f 13/15/13 18/20/18 3/36/3
f 4/4/4 3/37/3 18/23/18
f 18/23/18 20/22/20 4/4/4
f 1/1/29 4/4/4 20/22/20
f 20/22/20 14/16/14 1/1/29
s 3
f 29/38/30 30/39/31 31/40/32
f 31/40/32 32/41/33 29/38/30
f 33/42/34 34/43/35 30/39/31
f 30/39/31 29/38/30 33/42/34
f 33/42/34 35/44/36 34/43/35
f 32/41/33 31/40/32 36/45/37
f 36/45/37 37/46/38 32/41/33
f 37/46/38 36/45/37 38/47/39
f 38/47/39 39/48/40 37/46/38
s 4
f 40/49/41 41/50/42 42/51/43
f 42/51/43 43/52/44 40/49/41
f 44/53/45 40/49/41 43/52/44
f 43/52/44 45/54/46 44/53/45
f 44/53/45 45/54/46 46/55/47
f 41/50/42 47/56/48 48/57/49
f 48/57/49 42/51/43 41/50/42
f 47/56/48 49/58/50 50/59/51
f 50/59/51 48/57/49 47/56/48
s 5
f 51/60/52 52/61/53 53/62/54
f 53/62/54 54/63/55 51/60/52
f 55/64/56 56/65/57 52/61/53
f 52/61/53 51/60/52 55/64/56
f 55/64/56 57/66/58 56/65/57
f 54/63/55 53/62/54 58/67/59
f 58/67/59 59/68/60 54/63/55
f 59/68/60 58/67/59 60/69/61
f 60/69/61 61/70/62 59/68/60
s 6
f 62/71/63 63/72/64 64/73/65
f 64/73/65 65/74/66 62/71/63
f 66/75/67 62/71/63 65/74/66
f 65/74/66 67/76/68 66/75/67
f 66/75/67 67/76/68 68/77/69
f 63/72/64 69/78/70 70/79/71
f 70/79/71 64/73/65 63/72/64
f 69/78/70 71/80/72 72/81/73
f 72/81/73 70/79/71 69/78/70
s 7
f 73/82/74 74/83/75 75/84/76
f 74/83/75 76/85/77 75/84/76
f 73/82/74 77/86/78 74/83/75
f 74/83/75 78/87/79 76/85/77
f 74/83/75 79/88/80 78/87/79
f 78/87/79 80/89/81 76/85/77
f 73/82/74 81/90/82 77/86/78
f 77/86/78 82/91/83 74/83/75
f 83/92/84 84/93/85 76/85/77
f 75/84/76 76/85/77 84/93/85
f 84/93/85 85/94/86 75/84/76
f 86/95/87 85/94/86 87/96/88
f 87/96/88 85/94/86 84/93/85
f 86/95/87 87/96/88 88/97/89
f 87/96/88 84/93/85 89/98/90
f 87/96/88 89/98/90 90/99/91
f 89/98/90 84/93/85 91/100/92
f 86/95/87 88/97/89 92/101/93
f 88/97/89 87/96/88 93/102/94
f 73/82/74 86/95/87 94/103/95
f 94/103/95 95/104/95 73/82/74
f 95/104/95 94/103/95 96/105/96
f 96/105/96 97/106/96 95/104/95
f 73/82/74 75/84/76 85/94/86
f 85/94/86 86/95/87 73/82/74
f 98/107/97 97/106/96 96/105/96
s 8
f 99/108/98 100/109/99 101/110/100
f 101/110/100 100/109/99 102/111/101
f 99/108/98 101/110/100 103/112/102
f 101/110/100 102/111/101 104/113/103
f 101/110/100 104/113/103 105/114/104
f 104/113/103 102/111/101 106/115/105
f 99/108/98 103/112/102 107/116/106
f 103/112/102 101/110/100 108/117/107
f 109/118/108 102/111/101 110/119/109
f 100/109/99 111/120/110 110/119/109
f 110/119/109 102/111/101 100/109/99
f 112/121/111 113/122/112 111/120/110
f 113/122/112 110/119/109 111/120/110
f 112/121/111 114/123/113 113/122/112
f 113/122/112 115/124/114 110/119/109
f 113/122/112 116/125/115 115/124/114
f 115/124/114 117/126/116 110/119/109
f 112/121/111 118/127/117 114/123/113
f 114/123/113 119/128/118 113/122/112
f 99/108/98 120/129/119 121/130/119
f 121/130/119 112/121/111 99/108/98
f 120/129/119 122/131/120 123/132/120
f 123/132/120 121/130/119 120/129/119
f 99/108/98 112/121/111 111/120/110
f 111/120/110 100/109/99 99/108/98
f 124/133/121 123/132/120 122/131/120
s 9
f 125/134/122 126/135/123 127/136/124
f 127/136/124 128/137/125 125/134/122
s 10
f 129/138/126 130/139/127 131/140/128
f 131/140/128 132/141/129 129/138/126
f 133/142/130 134/143/131 130/139/127
f 130/139/127 129/138/126 133/142/130
f 135/144/132 134/145/131 133/146/130
f 133/146/130 136/147/133 135/144/132
f 131/140/128 135/144/132 136/147/133
f 136/147/133 132/141/129 131/140/128
f 137/148/134 138/149/135 139/150/136
f 139/150/136 140/151/137 137/148/134
f 141/152/138 142/153/139 137/148/134
f 137/148/134 140/151/137 141/152/138
f 143/154/140 144/155/141 142/156/139
f 142/156/139 141/157/138 143/154/140
f 138/149/135 144/155/141 143/154/140
f 143/154/140 139/150/136 138/149/135
f 145/158/142 146/159/143 147/160/144
f 147/160/144 148/161/145 145/158/142
f 149/162/146 150/163/147 146/159/143
f 146/159/143 145/158/142 149/162/146
f 151/164/148 150/165/147 149/166/146
f 149/166/146 152/167/149 151/164/148
f 147/160/144 151/164/148 152/167/149
f 152/167/149 148/161/145 147/160/144
f 146/159/143 129/138/126 132/141/129
f 132/141/129 147/160/144 146/159/143
f 150/163/147 133/142/130 129/138/126
f 129/138/126 146/159/143 150/163/147
f 136/147/133 133/146/130 150/165/147
f 150/165/147 151/164/148 136/147/133
f 132/141/129 136/147/133 151/164/148
f 151/164/148 147/160/144 132/141/129
f 130/139/127 140/151/137 139/150/136
f 139/150/136 131/140/128 130/139/127
f 134/143/131 141/152/138 140/151/137
f 140/151/137 130/139/127 134/143/131
f 143/154/140 141/157/138 134/145/131
f 134/145/131 135/144/132 143/154/140
f 139/150/136 143/154/140 135/144/132
f 135/144/132 131/140/128 139/150/136
f 137/148/134 126/168/150 125/134/122
f 125/134/122 138/149/135 137/148/134
f 127/169/151 126/168/150 137/148/134
f 137/148/134 142/153/139 127/169/151
f 128/137/152 127/170/151 142/156/139
f 142/156/139 144/155/141 128/137/152
f 125/134/122 128/137/152 144/155/141
f 144/155/141 138/149/135 125/134/122
s 11
f 153/171/153 154/172/154 155/173/155
f 155/173/155 156/174/156 153/171/153
f 157/175/157 158/176/158 154/172/154
f 154/172/154 153/171/153 157/175/157
f 157/175/157 159/177/159 158/176/158
f 156/174/156 155/173/155 160/178/160
f 160/178/160 161/179/161 156/174/156
f 161/179/161 160/178/160 162/180/162
f 162/180/162 163/181/163 161/179/161
s 12
f 164/182/164 165/183/165 166/184/166
f 166/184/166 167/185/167 164/182/164
f 168/186/168 164/182/164 167/185/167
f 167/185/167 169/187/169 168/186/168
f 168/186/168 169/187/169 170/188/170
f 165/183/165 171/189/171 172/190/172
f 172/190/172 166/184/166 165/183/165
f 171/189/171 173/191/173 174/192/174
f 174/192/174 172/190/172 171/189/171
s 13
f 175/193/175 176/194/176 177/195/177
f 177/195/177 178/196/178 175/193/175
f 179/197/179 180/198/180 176/194/176
f 176/194/176 175/193/175 179/197/179
f 179/197/179 181/199/181 180/198/180
f 178/196/178 177/195/177 182/200/182
f 182/200/182 183/201/183 178/196/178
f 183/201/183 182/200/182 184/202/184
f 184/202/184 185/203/185 183/201/183
s 14
f 186/204/186 187/205/187 188/206/188
f 188/206/188 189/207/189 186/204/186
f 190/208/190 186/204/186 189/207/189
f 189/207/189 191/209/191 190/208/190
f 190/208/190 191/209/191 192/210/192
f 187/205/187 193/211/193 194/212/194
f 194/212/194 188/206/188 187/205/187
f 193/211/193 195/213/195 196/214/196
f 196/214/196 194/212/194 193/211/193
s 15
f 197/215/197 198/216/198 199/217/199
f 198/216/198 200/218/200 199/217/199
f 197/215/197 201/219/201 198/216/198
f 198/216/198 202/220/202 200/218/200
f 198/216/198 203/221/203 202/220/202
f 202/220/202 204/222/204 200/218/200
f 197/215/197 205/223/205 201/219/201
f 201/219/201 206/224/206 198/216/198
f 207/225/207 208/226/208 200/218/200
f 199/217/199 200/218/200 208/226/208
f 208/226/208 209/227/209 199/217/199
f 210/228/210 209/227/209 211/229/211
f 211/229/211 209/227/209 208/226/208
f 210/228/210 211/229/211 212/230/212
f 211/229/211 208/226/208 213/231/213
f 211/229/211 213/231/213 214/232/214
f 213/231/213 208/226/208 215/233/215
f 210/228/210 212/230/212 216/234/216
f 212/230/212 211/229/211 217/235/217
f 197/215/197 210/228/210 218/236/218
f 218/236/218 219/237/218 197/215/197
f 219/237/218 218/236/218 220/238/219
f 220/238/219 221/239/219 219/237/218
f 197/215/197 199/217/199 209/227/209
f 209/227/209 210/228/210 197/215/197
f 222/240/220 221/239/219 220/238/219
s 16
f 223/241/221 224/242/222 225/243/223
f 225/243/223 224/242/222 226/244/224
f 223/241/221 225/243/223 227/245/225
f 225/243/223 226/244/224 228/246/226
f 225/243/223 228/246/226 229/247/227
f 228/246/226 226/244/224 230/248/228
f 223/241/221 227/245/225 231/249/229
f 227/245/225 225/243/223 232/250/230
f 233/251/231 226/244/224 234/252/232
f 224/242/222 235/253/233 234/252/232
f 234/252/232 226/244/224 224/242/222
f 236/254/234 237/255/235 235/253/233
f 237/255/235 234/252/232 235/253/233
f 236/254/234 238/256/236 237/255/235
f 237/255/235 239/257/237 234/252/232
f 237/255/235 240/258/238 239/257/237
f 239/257/237 241/259/239 234/252/232
f 236/254/234 242/260/240 238/256/236
f 238/256/236 243/261/241 237/255/235
f 223/241/221 244/262/242 245/263/242
f 245/263/242 236/254/234 223/241/221
f 244/262/242 246/264/243 247/265/243
f 247/265/243 245/263/242 244/262/242
f 223/241/221 236/254/234 235/253/233
f 235/253/233 224/242/222 223/241/221
f 248/266/244 247/265/243 246/264/243
s 17
f 249/267/245 250/268/246 251/269/247
f 251/269/247 252/270/248 249/267/245
s 18
f 253/271/249 254/272/250 255/273/251
f 255/273/251 256/274/252 253/271/249
f 257/275/253 258/276/254 254/272/250
f 254/272/250 253/271/249 257/275/253
f 259/277/255 258/278/254 257/279/253
f 257/279/253 260/280/256 259/277/255
f 255/273/251 259/277/255 260/280/256
f 260/280/256 256/274/252 255/273/251
f 261/281/257 262/282/258 263/283/259
f 263/283/259 264/284/260 261/281/257
f 265/285/261 266/286/262 261/281/257
f 261/281/257 264/284/260 265/285/261
f 267/287/263 268/288/264 266/289/262
f 266/289/262 265/290/261 267/287/263
f 262/282/258 268/288/264 267/287/263
f 267/287/263 263/283/259 262/282/258
f 269/291/265 270/292/266 271/293/267
f 271/293/267 272/294/268 269/291/265
f 273/295/269 274/296/270 270/292/266
f 270/292/266 269/291/265 273/295/269
f 275/297/271 274/298/270 273/299/269
f 273/299/269 276/300/272 275/297/271
f 271/293/267 275/297/271 276/300/272
f 276/300/272 272/294/268 271/293/267
f 270/292/266 253/271/249 256/274/252
f 256/274/252 271/293/267 270/292/266
f 274/296/270 257/275/253 253/271/249
f 253/271/249 270/292/266 274/296/270
f 260/280/256 257/279/253 274/298/270
f 274/298/270 275/297/271 260/280/256
f 256/274/252 260/280/256 275/297/271
f 275/297/271 271/293/267 256/274/252
f 254/272/250 264/284/260 263/283/259
f 263/283/259 255/273/251 254/272/250
f 258/276/254 265/285/261 264/284/260
f 264/284/260 254/272/250 258/276/254
f 267/287/263 265/290/261 258/278/254
f 258/278/254 259/277/255 267/287/263
f 263/283/259 267/287/263 259/277/255
f 259/277/255 255/273/251 263/283/259
f 261/281/257 250/301/273 249/267/274
f 249/267/274 262/282/258 261/281/257
f 251/302/275 250/301/273 261/281/257
f 261/281/257 266/286/262 251/302/275
f 252/270/248 251/303/275 266/289/262
f 266/289/262 268/288/264 252/270/248
f 249/267/274 252/270/248 268/288/264
f 268/288/264 262/282/258 249/267/274
s 19
f 277/304/276 278/305/277 279/306/278
f 279/306/278 280/307/279 277/304/276
f 281/308/280 282/309/281 278/305/277
f 278/305/277 277/304/276 281/308/280
f 281/308/280 283/310/282 282/309/281
f 280/307/279 279/306/278 284/311/283
f 284/311/283 285/312/284 280/307/279
f 285/312/284 284/311/283 286/313/285
f 286/313/285 287/314/286 285/312/284
s 20
f 288/315/287 289/316/288 290/317/289
f 290/317/289 291/318/290 288/315/287
f 292/319/291 288/315/287 291/318/290
f 291/318/290 293/320/292 292/319/291
f 292/319/291 293/320/292 294/321/293
f 289/316/288 295/322/294 296/323/295
f 296/323/295 290/317/289 289/316/288
f 295/322/294 297/324/296 298/325/297
f 298/325/297 296/323/295 295/322/294
s 21
f 299/326/298 300/327/299 301/328/300
f 301/328/300 302/329/301 299/326/298
f 303/330/302 304/331/303 300/327/299
f 300/327/299 299/326/298 303/330/302
f 303/330/302 305/332/304 304/331/303
f 302/329/301 301/328/300 306/333/305
f 306/333/305 307/334/306 302/329/301
f 307/334/306 306/333/305 308/335/307
f 308/335/307 309/336/308 307/334/306
s 22
f 310/337/309 311/338/310 312/339/311
f 312/339/311 313/340/312 310/337/309
f 314/341/313 310/337/309 313/340/312
f 313/340/312 315/342/314 314/341/313
f 314/341/313 315/342/314 316/343/315
f 311/338/310 317/344/316 318/345/317
f 318/345/317 312/339/311 311/338/310
f 317/344/316 319/346/318 320/347/319
f 320/347/319 318/345/317 317/344/316
s 23
f 321/348/320 322/349/321 323/350/322
f 322/349/321 324/351/323 323/350/322
f 321/348/320 325/352/324 322/349/321
f 322/349/321 326/353/325 324/351/323
f 322/349/321 327/354/326 326/353/325
f 326/353/325 328/355/327 324/351/323
f 321/348/320 329/356/328 325/352/324
f 325/352/324 330/357/329 322/349/321
f 331/358/330 332/359/331 324/351/323
f 323/350/322 324/351/323 332/359/331
f 332/359/331 333/360/332 323/350/322
f 334/361/333 333/360/332 335/362/334
f 335/362/334 333/360/332 332/359/331
f 334/361/333 335/362/334 336/363/335
f 335/362/334 332/359/331 337/364/336
f 335/362/334 337/364/336 338/365/337
f 337/364/336 332/359/331 339/366/338
f 334/361/333 336/363/335 340/367/339
f 336/363/335 335/362/334 341/368/340
f 321/348/320 334/361/333 342/369/341
f 342/369/341 343/370/341 321/348/320
f 343/370/341 342/369/341 344/371/342
f 344/371/342 345/372/342 343/370/341
f 321/348/320 323/350/322 333/360/332
f 333/360/332 334/361/333 321/348/320
f 346/373/343 345/372/342 344/371/342
s 24
f 347/374/344 348/375/345 349/376/346
f 349/376/346 348/375/345 350/377/347
f 347/374/344 349/376/346 351/378/348
f 349/376/346 350/377/347 352/379/349
f 349/376/346 352/379/349 353/380/350
f 352/379/349 350/377/347 354/381/351
f 347/374/344 351/378/348 355/382/352
f 351/378/348 349/376/346 356/383/353
f 357/384/354 350/377/347 358/385/355
f 348/375/345 359/386/356 358/385/355
f 358/385/355 350/377/347 348/375/345
f 360/387/357 361/388/358 359/386/356
f 361/388/358 358/385/355 359/386/356
f 360/387/357 362/389/359 361/388/358
f 361/388/358 363/390/360 358/385/355
f 361/388/358 364/391/361 363/390/360
f 363/390/360 365/392/362 358/385/355
f 360/387/357 366/393/363 362/389/359
f 362/389/359 367/394/364 361/388/358
f 347/374/344 368/395/365 369/396/365
f 369/396/365 360/387/357 347/374/344
f 368/395/365 370/397/366 371/398/366
f 371/398/366 369/396/365 368/395/365
f 347/374/344 360/387/357 359/386/356
f 359/386/356 348/375/345 347/374/344
f 372/399/367 371/398/366 370/397/366
s 25
f 373/400/368 374/401/369 375/402/370
f 375/402/370 376/403/371 373/400/368
s 26
f 377/404/372 378/405/373 379/406/374
f 379/406/374 380/407/375 377/404/372
f 381/408/376 377/404/372 380/407/375
f 380/407/375 382/409/377 381/408/376
f 383/410/378 381/411/376 382/412/377
f 382/412/377 384/413/379 383/410/378
f 379/406/374 378/405/373 383/410/378
f 383/410/378 384/413/379 379/406/374
f 385/414/380 386/415/381 387/416/382
f 387/416/382 388/417/383 385/414/380
f 389/418/384 385/414/380 388/417/383
f 388/417/383 390/419/385 389/418/384
f 391/420/386 392/421/387 389/422/384
f 389/422/384 390/423/385 391/420/386
f 387/416/382 386/415/381 392/421/387
f 392/421/387 391/420/386 387/416/382
f 393/424/388 394/425/389 395/426/390
f 395/426/390 396/427/391 393/424/388
f 397/428/392 398/429/393 393/424/388
f 393/424/388 396/427/391 397/428/392
f 399/430/394 400/431/395 398/432/393
f 398/432/393 397/433/392 399/430/394
f 394/425/389 400/431/395 399/430/394
f 399/430/394 395/426/390 394/425/389
f 374/434/369 373/400/368 401/435/396
f 401/435/396 402/436/397 374/434/369
f 403/437/398 375/438/370 374/434/369
f 374/434/369 402/436/397 403/437/398
f 404/439/399 376/403/371 375/440/370
f 375/440/370 403/441/398 404/439/399
f 373/400/368 376/403/371 404/439/399
f 404/439/399 401/435/396 373/400/368
f 405/442/400 406/443/401 407/444/402
f 407/444/402 408/445/403 405/442/400
f 409/446/404 410/447/405 406/443/401
f 406/443/401 405/442/400 409/446/404
f 411/448/406 410/449/405 409/450/404
f 409/450/404 412/451/407 411/448/406
f 407/444/402 411/448/406 412/451/407
f 412/451/407 408/445/403 407/444/402
f 402/436/397 401/435/396 407/444/402
f 407/444/402 406/443/401 402/436/397
f 410/447/405 403/437/398 402/436/397
f 402/436/397 406/443/401 410/447/405
f 411/448/406 404/439/399 403/441/398
f 403/441/398 410/449/405 411/448/406
f 401/435/396 404/439/399 411/448/406
f 411/448/406 407/444/402 401/435/396
f 405/442/400 408/445/403 394/425/389
f 394/425/389 393/424/388 405/442/400
f 409/446/404 405/442/400 393/424/388
f 393/424/388 398/429/393 409/446/404
f 400/431/395 412/451/407 409/450/404
f 409/450/404 398/432/393 400/431/395
f 394/425/389 408/445/403 412/451/407
f 412/451/407 400/431/395 394/425/389
f 388/417/383 387/416/382 378/405/373
f 378/405/373 377/404/372 388/417/383
f 390/419/385 388/417/383 377/404/372
f 377/404/372 381/408/376 390/419/385
f 383/410/378 391/420/386 390/423/385
f 390/423/385 381/411/376 383/410/378
f 378/405/373 387/416/382 391/420/386
f 391/420/386 383/410/378 378/405/373
f 396/427/391 395/426/390 386/415/381
f 386/415/381 385/414/380 396/427/391
f 397/428/392 396/427/391 385/414/380
f 385/414/380 389/418/384 397/428/392
f 392/421/387 399/430/394 397/433/392
f 397/433/392 389/422/384 392/421/387
f 386/415/381 395/426/390 399/430/394
f 399/430/394 392/421/387 386/415/381
s 27
f 413/452/408 414/453/409 415/454/410
f 414/453/409 416/455/411 415/454/410
f 413/452/408 417/456/412 414/453/409
f 414/453/409 418/457/413 416/455/411
f 414/453/409 419/458/414 418/457/413
f 418/457/413 420/459/415 416/455/411
f 413/452/408 421/460/416 417/456/412
f 417/456/412 422/461/417 414/453/409
f 423/462/418 424/463/419 416/455/411
f 415/454/410 416/455/411 424/463/419
f 424/463/419 425/464/420 415/454/410
f 426/465/421 425/464/420 427/466/422
f 427/466/422 425/464/420 424/463/419
f 426/465/421 427/466/422 428/467/423
f 427/466/422 424/463/419 429/468/424
f 427/466/422 429/468/424 430/469/425
f 429/468/424 424/463/419 431/470/426
f 426/465/421 428/467/423 432/471/427
f 428/467/423 427/466/422 433/472/428
f 413/452/408 426/465/421 434/473/429
f 434/473/429 435/474/429 413/452/408
f 435/474/429 434/473/429 436/475/430
f 436/475/430 437/476/430 435/474/429
f 413/452/408 415/454/410 425/464/420
f 425/464/420 426/465/421 413/452/408
f 438/477/431 437/476/430 436/475/430
s 28
f 439/478/432 440/479/433 441/480/434
f 441/480/434 442/481/435 439/478/432
f 443/482/436 439/478/432 442/481/435
f 442/481/435 444/483/437 443/482/436
f 443/482/436 444/483/437 445/484/438
f 440/479/433 446/485/439 447/486/440
f 447/486/440 441/480/434 440/479/433
f 446/485/439 448/487/441 449/488/442
f 449/488/442 447/486/440 446/485/439
s 29
f 450/489/443 451/490/444 452/491/445
f 452/491/445 453/492/446 450/489/443
f 454/493/447 455/494/448 451/490/444
f 451/490/444 450/489/443 454/493/447
f 454/493/447 456/495/449 455/494/448
f 453/492/446 452/491/445 457/496/450
f 457/496/450 458/497/451 453/492/446
f 458/497/451 457/496/450 459/498/452
f 459/498/452 460/499/453 458/497/451
s 30
f 461/500/454 462/501/455 463/502/456
f 463/502/456 464/503/457 461/500/454
f 465/504/458 466/505/459 462/501/455
f 462/501/455 461/500/454 465/504/458
f 467/506/460 466/507/459 465/508/458
f 465/508/458 468/509/461 467/506/460
f 463/502/456 467/506/460 468/509/461
f 468/509/461 464/503/457 463/502/456
f 469/510/462 470/511/463 471/512/464
f 471/512/464 472/513/465 469/510/462
f 473/514/466 474/515/467 469/510/462
f 469/510/462 472/513/465 473/514/466
f 475/516/468 476/517/469 474/518/467
f 474/518/467 473/519/466 475/516/468
f 470/511/463 476/517/469 475/516/468
f 475/516/468 471/512/464 470/511/463
f 477/520/470 478/521/471 479/522/472
f 479/522/472 480/523/473 477/520/470
f 481/524/474 482/525/475 478/521/471
f 478/521/471 477/520/470 481/524/474
f 483/526/476 482/527/475 481/528/474
f 481/528/474 484/529/477 483/526/476
f 479/522/472 483/526/476 484/529/477
f 484/529/477 480/523/473 479/522/472
f 462/501/455 485/530/478 486/531/479
f 486/531/479 463/502/456 462/501/455
f 466/505/459 487/532/480 485/530/478
f 485/530/478 462/501/455 466/505/459
f 488/533/481 487/534/480 466/507/459
f 466/507/459 467/506/460 488/533/481
f 486/531/479 488/533/481 467/506/460
f 467/506/460 463/502/456 486/531/479
s off
f 488/533/481 486/531/482 485/530/483
f 485/530/478 487/532/480 488/533/481
s 30
f 478/521/471 461/500/454 464/503/457
f 464/503/457 479/522/472 478/521/471
f 482/525/475 465/504/458 461/500/454
f 461/500/454 478/521/471 482/525/475
f 468/509/461 465/508/458 482/527/475
f 482/527/475 483/526/476 468/509/461
f 464/503/457 468/509/461 483/526/476
f 483/526/476 479/522/472 464/503/457
f 477/520/470 480/523/473 470/511/463
f 470/511/463 469/510/462 477/520/470
f 474/515/467 481/524/474 477/520/470
f 477/520/470 469/510/462 474/515/467
f 476/517/469 484/529/477 481/528/474
f 481/528/474 474/518/467 476/517/469
f 480/523/473 484/529/477 476/517/469
f 476/517/469 470/511/463 480/523/473
s 33
f 489/535/484 490/536/485 491/537/486
f 491/537/486 492/538/487 489/535/484
s 34
f 493/539/488 494/540/489 495/541/490
f 495/541/490 496/542/491 493/539/488
f 497/543/492 493/539/488 496/542/491
f 496/542/491 498/544/493 497/543/492
f 499/545/494 497/546/492 498/547/493
f 498/547/493 500/548/495 499/545/494
f 495/541/490 494/540/489 499/545/494
f 499/545/494 500/548/495 495/541/490
f 501/549/496 502/550/497 503/551/498
f 503/551/498 504/552/499 501/549/496
f 505/553/500 501/549/496 504/552/499
f 504/552/499 506/554/501 505/553/500
f 507/555/502 508/556/503 505/557/500
f 505/557/500 506/558/501 507/555/502
f 503/551/498 502/550/497 508/556/503
f 508/556/503 507/555/502 503/551/498
f 509/559/504 510/560/505 511/561/506
f 511/561/506 512/562/507 509/559/504
f 513/563/508 514/564/509 509/559/504
f 509/559/504 512/562/507 513/563/508
f 515/565/510 516/566/511 514/567/509
f 514/567/509 513/568/508 515/565/510
f 510/560/505 516/566/511 515/565/510
f 515/565/510 511/561/506 510/560/505
f 490/569/512 489/535/513 517/570/514
f 517/570/514 518/571/515 490/569/512
f 519/572/516 491/573/486 490/569/512
f 490/569/512 518/571/515 519/572/516
f 520/574/517 492/538/487 491/575/486
f 491/575/486 519/576/516 520/574/517
f 489/535/513 492/538/487 520/574/517
f 520/574/517 517/570/514 489/535/513
f 521/577/518 522/578/519 523/579/520
f 523/579/520 524/580/521 521/577/518
f 525/581/522 526/582/523 522/578/519
f 522/578/519 521/577/518 525/581/522
f 527/583/524 526/584/523 525/585/522
f 525/585/522 528/586/525 527/583/524
f 523/579/520 527/583/524 528/586/525
f 528/586/525 524/580/521 523/579/520
f 518/571/515 517/570/514 523/579/520
f 523/579/520 522/578/519 518/571/515
f 526/582/523 519/572/516 518/571/515
f 518/571/515 522/578/519 526/582/523
f 527/583/524 520/574/517 519/576/516
f 519/576/516 526/584/523 527/583/524
f 517/570/514 520/574/517 527/583/524
f 527/583/524 523/579/520 517/570/514
f 521/577/518 524/580/521 510/560/505
f 510/560/505 509/559/504 521/577/518
f 525/581/522 521/577/518 509/559/504
f 509/559/504 514/564/509 525/581/522
f 516/566/511 528/586/525 525/585/522
f 525/585/522 514/567/509 516/566/511
f 510/560/505 524/580/521 528/586/525
f 528/586/525 516/566/511 510/560/505
f 504/552/499 503/551/498 494/540/489
f 494/540/489 493/539/488 504/552/499
f 506/554/501 504/552/499 493/539/488
f 493/539/488 497/543/492 506/554/501
f 499/545/494 507/555/502 506/558/501
f 506/558/501 497/546/492 499/545/494
f 494/540/489 503/551/498 507/555/502
f 507/555/502 499/545/494 494/540/489
f 512/562/507 511/561/506 502/550/497
f 502/550/497 501/549/496 512/562/507
f 513/563/508 512/562/507 501/549/496
f 501/549/496 505/553/500 513/563/508
f 508/556/503 515/565/510 513/568/508
f 513/568/508 505/557/500 508/556/503
f 502/550/497 511/561/506 515/565/510
f 515/565/510 508/556/503 502/550/497
s 35
f 529/587/526 530/588/527 531/589/528
f 529/587/526 532/590/529 530/588/527
f 529/587/526 533/591/530 532/592/529
f 529/587/526 531/589/528 533/591/530
s 36
f 534/593/531 535/594/532 536/595/533
f 536/595/533 537/596/534 534/593/531
s 35
f 538/597/535 539/598/536 540/599/537
f 540/599/537 541/600/538 538/597/535
f 542/601/539 543/602/540 539/598/536
f 539/598/536 538/597/535 542/601/539
f 544/603/541 543/604/540 542/605/539
f 542/605/539 545/606/542 544/603/541
f 540/599/537 544/603/541 545/606/542
f 545/606/542 541/600/538 540/599/537
f 546/607/543 547/608/544 531/589/528
f 531/589/528 530/588/527 546/607/543
f 548/609/545 546/607/543 530/588/527
f 530/588/527 532/590/529 548/609/545
f 533/591/530 549/610/546 548/611/545
f 548/611/545 532/592/529 533/591/530
f 531/589/528 547/608/544 549/610/546
f 549/610/546 533/591/530 531/589/528
f 538/597/535 541/600/538 547/608/544
f 547/608/544 546/607/543 538/597/535
f 548/609/545 542/601/539 538/597/535
f 538/597/535 546/607/543 548/609/545
f 549/610/546 545/606/542 542/605/539
f 542/605/539 548/611/545 549/610/546
f 547/608/544 541/600/538 545/606/542
f 545/606/542 549/610/546 547/608/544
f 550/612/547 551/613/548 552/614/549
f 552/614/549 553/615/550 550/612/547
f 554/616/551 555/617/552 551/613/548
f 551/613/548 550/612/547 554/616/551
f 556/618/553 555/619/552 554/620/551
f 554/620/551 557/621/554 556/618/553
f 552/614/549 556/618/553 557/621/554
f 557/621/554 553/615/550 552/614/549
f 558/622/555 559/623/556 560/624/557
f 560/624/557 561/625/558 558/622/555
f 562/626/559 563/627/560 558/622/555
f 558/622/555 561/625/558 562/626/559
f 564/628/561 565/629/562 563/630/560
f 563/630/560 562/631/559 564/628/561
f 559/623/556 565/629/562 564/628/561
f 564/628/561 560/624/557 559/623/556
f 566/632/563 567/633/564 568/634/565
f 568/634/565 569/635/566 566/632/563
f 570/636/567 571/637/568 567/633/564
f 567/633/564 566/632/563 570/636/567
f 572/638/569 571/639/568 570/640/567
f 570/640/567 573/641/570 572/638/569
f 568/634/565 572/638/569 573/641/570
f 573/641/570 569/635/566 568/634/565
f 539/598/536 566/632/563 569/635/566
f 569/635/566 540/599/537 539/598/536
f 543/602/540 570/636/567 566/632/563
f 566/632/563 539/598/536 543/602/540
f 573/641/570 570/640/567 543/604/540
f 543/604/540 544/603/541 573/641/570
f 569/635/566 573/641/570 544/603/541
f 544/603/541 540/599/537 569/635/566
f 567/633/564 550/612/547 553/615/550
f 553/615/550 568/634/565 567/633/564
f 571/637/568 554/616/551 550/612/547
f 550/612/547 567/633/564 571/637/568
f 557/621/554 554/620/551 571/639/568
f 571/639/568 572/638/569 557/621/554
f 553/615/550 557/621/554 572/638/569
f 572/638/569 568/634/565 553/615/550
f 551/613/548 561/625/558 560/624/557
f 560/624/557 552/614/549 551/613/548
f 555/617/552 562/626/559 561/625/558
f 561/625/558 551/613/548 555/617/552
f 564/628/561 562/631/559 555/619/552
f 555/619/552 556/618/553 564/628/561
f 560/624/557 564/628/561 556/618/553
f 556/618/553 552/614/549 560/624/557
f 558/622/555 535/642/532 534/593/531
f 534/593/531 559/623/556 558/622/555
f 536/643/533 535/642/532 558/622/555
f 558/622/555 563/627/560 536/643/533
f 537/596/534 536/644/533 563/630/560
f 563/630/560 565/629/562 537/596/534
f 534/593/531 537/596/534 565/629/562
f 565/629/562 559/623/556 534/593/531
s 37
f 574/645/571 575/646/572 576/647/573
f 576/647/573 577/648/574 574/645/571
f 578/649/575 579/650/576 575/646/572
f 575/646/572 574/645/571 578/649/575
f 578/649/575 580/651/577 579/650/576
f 577/648/574 576/647/573 581/652/578
f 581/652/578 582/653/579 577/648/574
f 582/653/579 581/652/578 583/654/580
f 583/654/580 584/655/581 582/653/579
s 38
f 585/656/582 586/657/583 587/658/584
f 586/657/583 588/659/585 587/658/584
f 585/656/582 589/660/586 586/657/583
f 586/657/583 590/661/587 588/659/585
f 586/657/583 591/662/588 590/661/587
f 590/661/587 592/663/589 588/659/585
f 585/656/582 593/664/590 589/660/586
f 589/660/586 594/665/591 586/657/583
f 595/666/592 596/667/593 588/659/585
f 587/658/584 588/659/585 596/667/593
f 596/667/593 597/668/594 587/658/584
f 598/669/595 597/668/594 599/670/596
f 599/670/596 597/668/594 596/667/593
f 598/669/595 599/670/596 600/671/597
f 599/670/596 596/667/593 601/672/598
f 599/670/596 601/672/598 602/673/599
f 601/672/598 596/667/593 603/674/600
f 598/669/595 600/671/597 604/675/601
f 600/671/597 599/670/596 605/676/602
f 585/656/582 598/669/595 606/677/603
f 606/677/603 607/678/603 585/656/582
f 607/678/603 606/677/603 608/679/604
f 608/679/604 609/680/604 607/678/603
f 585/656/582 587/658/584 597/668/594
f 597/668/594 598/669/595 585/656/582
f 610/681/605 609/680/604 608/679/604
s 39
f 611/682/606 612/683/607 613/684/608
f 613/684/608 614/685/609 611/682/606
f 615/686/610 611/682/606 614/685/609
f 614/685/609 616/687/611 615/686/610
f 615/686/610 616/687/611 617/688/612
f 612/683/607 618/689/613 619/690/614
f 619/690/614 613/684/608 612/683/607
f 618/689/613 620/691/615 621/692/616
f 621/692/616 619/690/614 618/689/613
s 40
f 622/693/617 623/694/618 624/695/619
f 624/695/619 625/696/620 622/693/617
f 626/697/621 622/693/617 625/696/620
f 625/696/620 627/698/622 626/697/621
f 626/697/621 627/698/622 628/699/623
f 623/694/618 629/700/624 630/701/625
f 630/701/625 624/695/619 623/694/618
f 629/700/624 631/702/626 632/703/627
f 632/703/627 630/701/625 629/700/624
s 41
f 633/704/628 634/705/629 635/706/630
f 635/706/630 634/705/629 636/707/631
f 633/704/628 635/706/630 637/708/632
f 635/706/630 636/707/631 638/709/633
f 635/706/630 638/709/633 639/710/634
f 638/709/633 636/707/631 640/711/635
f 633/704/628 637/708/632 641/712/636
f 637/708/632 635/706/630 642/713/637
f 643/714/638 636/707/631 644/715/639
f 634/705/629 645/716/640 644/715/639
f 644/715/639 636/707/631 634/705/629
f 646/717/641 647/718/642 645/716/640
f 647/718/642 644/715/639 645/716/640
f 646/717/641 648/719/643 647/718/642
f 647/718/642 649/720/644 644/715/639
f 647/718/642 650/721/645 649/720/644
f 649/720/644 651/722/646 644/715/639
f 646/717/641 652/723/647 648/719/643
f 648/719/643 653/724/648 647/718/642
f 633/704/628 654/725/649 655/726/649
f 655/726/649 646/717/641 633/704/628
f 654/725/649 656/727/650 657/728/650
f 657/728/650 655/726/649 654/725/649
f 633/704/628 646/717/641 645/716/640
f 645/716/640 634/705/629 633/704/628
f 658/729/651 657/728/650 656/727/650
s 42
f 659/730/652 660/731/653 661/732/654
f 661/732/654 662/733/655 659/730/652
f 663/734/656 664/735/657 660/731/653
f 660/731/653 659/730/652 663/734/656
f 663/734/656 665/736/658 664/735/657
f 662/733/655 661/732/654 666/737/659
f 666/737/659 667/738/660 662/733/655
f 667/738/660 666/737/659 668/739/661
f 668/739/661 669/740/662 667/738/660
s 43
f 670/741/663 671/742/664 672/743/665
f 672/743/665 673/744/666 670/741/663
f 674/745/667 675/746/668 670/741/663
f 670/741/663 673/744/666 674/745/667
f 676/747/669 677/748/670 675/749/668
f 675/749/668 674/750/667 676/747/669
f 672/743/665 671/742/664 677/748/670
f 677/748/670 676/747/669 672/743/665
f 678/751/671 679/752/672 680/753/673
f 680/753/673 681/754/674 678/751/671
f 682/755/675 683/756/676 678/751/671
f 678/751/671 681/754/674 682/755/675
f 684/757/677 685/758/678 683/759/676
f 683/759/676 682/760/675 684/757/677
f 679/752/672 685/758/678 684/757/677
f 684/757/677 680/753/673 679/752/672
s 44
f 686/761/679 687/762/680 688/763/681
f 686/761/679 688/763/681 689/764/682
f 686/761/679 689/764/682 690/765/683
f 686/761/679 690/765/683 691/766/684
f 686/761/679 691/766/684 692/767/685
f 686/761/679 692/767/685 693/768/686
f 694/769/687 688/763/681 687/762/680
f 687/762/680 695/770/688 694/769/687
f 696/771/689 689/764/682 688/763/681
f 688/763/681 694/769/687 696/771/689
f 697/772/690 690/765/683 689/764/682
f 689/764/682 696/771/689 697/772/690
f 698/773/691 691/766/684 690/765/683
f 690/765/683 697/772/690 698/773/691
f 699/774/692 692/767/685 691/766/684
f 691/766/684 698/773/691 699/774/692
f 700/775/693 693/768/686 692/767/685
f 692/767/685 699/774/692 700/775/693
f 701/776/694 702/777/695 703/778/696
f 703/778/696 704/779/697 701/776/694
f 705/780/698 706/781/699 702/777/695
f 702/777/695 701/776/694 705/780/698
f 707/782/700 708/783/701 706/781/699
f 706/781/699 705/780/698 707/782/700
f 709/784/702 710/785/703 708/783/701
f 708/783/701 707/782/700 709/784/702
f 711/786/704 712/787/705 710/785/703
f 710/785/703 709/784/702 711/786/704
f 713/788/706 714/789/707 712/787/705
f 712/787/705 711/786/704 713/788/706
f 715/790/708 701/776/694 704/779/697
f 704/779/697 716/791/709 715/790/708
f 717/792/710 705/780/698 701/776/694
f 701/776/694 715/790/708 717/792/710
f 718/793/711 707/782/700 705/780/698
f 705/780/698 717/792/710 718/793/711
f 719/794/712 709/784/702 707/782/700
f 707/782/700 718/793/711 719/794/712
f 720/795/713 711/786/704 709/784/702
f 709/784/702 719/794/712 720/795/713
f 721/796/714 713/788/706 711/786/704
f 711/786/704 720/795/713 721/796/714
f 722/797/715 723/798/716 724/799/717
f 724/799/717 725/800/718 722/797/715
f 726/801/719 727/802/720 723/798/716
f 723/798/716 722/797/715 726/801/719
f 728/803/721 729/804/722 727/802/720
f 727/802/720 726/801/719 728/803/721
f 730/805/723 731/806/724 729/804/722
f 729/804/722 728/803/721 730/805/723
f 732/807/725 733/808/726 731/806/724
f 731/806/724 730/805/723 732/807/725
f 734/809/727 735/810/728 733/808/726
f 733/808/726 732/807/725 734/809/727
f 736/811/729 722/797/715 725/800/718
f 736/811/729 726/801/719 722/797/715
f 736/811/729 728/803/721 726/801/719
f 736/811/729 730/805/723 728/803/721
f 736/811/729 732/807/725 730/805/723
f 736/811/729 734/809/727 732/807/725
f 695/770/688 703/778/696 702/777/695
f 702/777/695 694/769/687 695/770/688
f 694/769/687 702/777/695 706/781/699
f 706/781/699 696/771/689 694/769/687
f 696/771/689 706/781/699 708/783/701
f 708/783/701 697/772/690 696/771/689
f 697/772/690 708/783/701 710/785/703
f 710/785/703 698/773/691 697/772/690
f 698/773/691 710/785/703 712/787/705
f 712/787/705 699/774/692 698/773/691
f 699/774/692 712/787/705 714/789/707
f 714/789/707 700/775/693 699/774/692
f 716/791/709 724/799/717 723/798/716
f 723/798/716 715/790/708 716/791/709
f 715/790/708 723/798/716 727/802/720
f 727/802/720 717/792/710 715/790/708
f 717/792/710 727/802/720 729/804/722
f 729/804/722 718/793/711 717/792/710
f 718/793/711 729/804/722 731/806/724
f 731/806/724 719/794/712 718/793/711
f 719/794/712 731/806/724 733/808/726
f 733/808/726 720/795/713 719/794/712
f 720/795/713 733/808/726 735/810/728
f 735/810/728 721/796/714 720/795/713
f 686/761/679 737/812/730 687/813/680
f 686/761/679 738/814/731 737/812/730
f 686/761/679 739/815/732 738/814/731
f 686/761/679 740/816/733 739/815/732
f 686/761/679 741/817/734 740/816/733
f 686/761/679 693/818/686 741/817/734
f 742/819/735 695/820/688 687/813/680
f 687/813/680 737/812/730 742/819/735
f 743/821/736 742/819/735 737/812/730
f 737/812/730 738/814/731 743/821/736
f 744/822/737 743/821/736 738/814/731
f 738/814/731 739/815/732 744/822/737
f 745/823/738 744/822/737 739/815/732
f 739/815/732 740/816/733 745/823/738
f 746/824/739 745/823/738 740/816/733
f 740/816/733 741/817/734 746/824/739
f 700/825/693 746/824/739 741/817/734
f 741/817/734 693/818/686 700/825/693
f 747/826/740 704/827/697 703/828/696
f 703/828/696 748/829/741 747/826/740
f 749/830/742 747/826/740 748/829/741
f 748/829/741 750/831/743 749/830/742
f 751/832/744 749/830/742 750/831/743
f 750/831/743 752/833/745 751/832/744
f 753/834/746 751/832/744 752/833/745
f 752/833/745 754/835/747 753/834/746
f 755/836/748 753/834/746 754/835/747
f 754/835/747 756/837/749 755/836/748
f 713/838/706 755/836/748 756/837/749
f 756/837/749 714/839/707 713/838/706
f 757/840/750 716/841/709 704/827/697
f 704/827/697 747/826/740 757/840/750
f 758/842/751 757/840/750 747/826/740
f 747/826/740 749/830/742 758/842/751
f 759/843/752 758/842/751 749/830/742
f 749/830/742 751/832/744 759/843/752
f 760/844/753 759/843/752 751/832/744
f 751/832/744 753/834/746 760/844/753
f 761/845/754 760/844/753 753/834/746
f 753/834/746 755/836/748 761/845/754
f 721/846/714 761/845/754 755/836/748
f 755/836/748 713/838/706 721/846/714
f 762/847/755 725/848/718 724/849/717
f 724/849/717 763/850/756 762/847/755
f 764/851/757 762/847/755 763/850/756
f 763/850/756 765/852/758 764/851/757
f 766/853/759 764/851/757 765/852/758
f 765/852/758 767/854/760 766/853/759
f 768/855/761 766/853/759 767/854/760
f 767/854/760 769/856/762 768/855/761
f 770/857/763 768/855/761 769/856/762
f 769/856/762 771/858/764 770/857/763
f 734/859/727 770/857/763 771/858/764
f 771/858/764 735/860/728 734/859/727
f 736/811/729 725/848/718 762/847/755
f 736/811/729 762/847/755 764/851/757
f 736/811/729 764/851/757 766/853/759
f 736/811/729 766/853/759 768/855/761
f 736/811/729 768/855/761 770/857/763
f 736/811/729 770/857/763 734/859/727
f 695/820/688 742/819/735 748/829/741
f 748/829/741 703/828/696 695/820/688
f 742/819/735 743/821/736 750/831/743
f 750/831/743 748/829/741 742/819/735
f 743/821/736 744/822/737 752/833/745
f 752/833/745 750/831/743 743/821/736
f 744/822/737 745/823/738 754/835/747
f 754/835/747 752/833/745 744/822/737
f 745/823/738 746/824/739 756/837/749
f 756/837/749 754/835/747 745/823/738
f 746/824/739 700/825/693 714/839/707
f 714/839/707 756/837/749 746/824/739
f 716/841/709 757/840/750 763/850/756
f 763/850/756 724/849/717 716/841/709
f 757/840/750 758/842/751 765/852/758
f 765/852/758 763/850/756 757/840/750
f 758/842/751 759/843/752 767/854/760
f 767/854/760 765/852/758 758/842/751
f 759/843/752 760/844/753 769/856/762
f 769/856/762 767/854/760 759/843/752
f 760/844/753 761/845/754 771/858/764
f 771/858/764 769/856/762 760/844/753
f 761/845/754 721/846/714 735/860/728
f 735/860/728 771/858/764 761/845/754
s 43
f 681/754/674 680/753/673 671/742/664
f 671/742/664 670/741/663 681/754/674
f 682/755/675 681/754/674 670/741/663
f 670/741/663 675/746/668 682/755/675
f 677/748/670 684/757/677 682/760/675
f 682/760/675 675/749/668 677/748/670
f 680/753/673 684/757/677 677/748/670
f 677/748/670 671/742/664 680/753/673
s 45
f 772/861/765 773/862/766 774/863/767
f 774/863/767 775/864/768 772/861/765
f 773/862/766 776/865/769 777/866/770
f 777/866/770 774/863/767 773/862/766
f 776/865/769 778/867/771 779/868/772
f 779/868/772 777/866/770 776/865/769
f 778/867/771 780/869/773 781/870/774
f 781/870/774 779/868/772 778/867/771
f 782/871/775 783/872/776 784/873/777
f 782/871/775 785/874/778 783/872/776
f 782/871/775 786/875/779 785/874/778
f 782/871/775 787/876/780 786/875/779
f 784/873/777 783/872/776 773/862/766
f 773/862/766 772/861/765 784/873/777
f 783/872/776 785/874/778 776/865/769
f 776/865/769 773/862/766 783/872/776
f 785/874/778 786/875/779 778/867/771
f 778/867/771 776/865/769 785/874/778
f 786/875/779 787/876/780 780/869/773
f 780/869/773 778/867/771 786/875/779
f 772/861/765 775/864/768 788/877/781
f 788/877/781 789/878/782 772/861/765
f 789/878/782 788/877/781 790/879/783
f 790/879/783 791/880/784 789/878/782
f 791/880/784 790/879/783 792/881/785
f 792/881/785 793/882/786 791/880/784
f 793/882/786 792/881/785 781/870/774
f 781/870/774 780/869/773 793/882/786
f 782/871/775 784/873/777 794/883/787
f 782/871/775 794/883/787 795/884/788
f 782/871/775 795/884/788 796/885/789
f 782/871/775 796/885/789 787/876/780
f 784/873/777 772/861/765 789/878/782
f 789/878/782 794/883/787 784/873/777
f 794/883/787 789/878/782 791/880/784
f 791/880/784 795/884/788 794/883/787
f 795/884/788 791/880/784 793/882/786
f 793/882/786 796/885/789 795/884/788
f 796/885/789 793/882/786 780/869/773
f 780/869/773 787/876/780 796/885/789
f 775/886/768 774/887/767 797/888/790
f 774/887/767 777/889/770 797/888/790
f 777/889/770 779/890/772 797/888/790
f 779/890/772 781/891/774 797/888/790
f 788/892/781 775/886/768 797/888/790
f 790/893/783 788/892/781 797/888/790
f 792/894/785 790/893/783 797/888/790
f 781/891/774 792/894/785 797/888/790
s 46
f 798/895/791 799/896/792 800/897/793
f 800/897/793 801/898/794 798/895/791
f 800/897/793 802/899/795 803/900/796
f 803/900/796 804/901/797 800/897/793
f 803/900/796 802/899/795 805/902/798
f 800/897/793 804/901/797 806/903/799
f 806/903/799 801/898/794 800/897/793
f 800/897/793 799/896/792 807/904/800
f 807/904/800 802/899/795 800/897/793
f 801/898/794 806/903/799 808/905/801
f 808/905/801 798/895/791 801/898/794
f 802/899/795 807/904/800 805/902/798
s 47
f 809/906/802 810/907/803 811/908/804
f 811/908/804 812/909/805 809/906/802
f 811/908/804 813/910/806 814/911/807
f 814/911/807 815/912/808 811/908/804
f 814/911/807 813/910/806 816/913/809
f 811/908/804 815/912/808 817/914/810
f 817/914/810 812/909/805 811/908/804
f 811/908/804 810/907/803 818/915/811
f 818/915/811 813/910/806 811/908/804
f 812/909/805 817/914/810 819/916/812
f 819/916/812 809/906/802 812/909/805
f 813/910/806 818/915/811 816/913/809
s 48
f 820/917/813 821/918/814 822/919/815
f 822/919/815 823/920/816 820/917/813
f 822/919/815 824/921/817 825/922/818
f 825/922/818 826/923/819 822/919/815
f 825/922/818 824/921/817 827/924/820
f 822/919/815 826/923/819 828/925/821
f 828/925/821 823/920/816 822/919/815
f 822/919/815 821/918/814 829/926/822
f 829/926/822 824/921/817 822/919/815
f 823/920/816 828/925/821 830/927/823
f 830/927/823 820/917/813 823/920/816
f 824/921/817 829/926/822 827/924/820
s 49
f 831/928/824 832/929/825 833/930/826
f 833/930/826 834/931/827 831/928/824
f 833/930/826 835/932/828 836/933/829
f 836/933/829 837/934/830 833/930/826
f 836/933/829 835/932/828 838/935/831
f 833/930/826 837/934/830 839/936/832
f 839/936/832 834/931/827 833/930/826
f 833/930/826 832/929/825 840/937/833
f 840/937/833 835/932/828 833/930/826
f 834/931/827 839/936/832 841/938/834
f 841/938/834 831/928/824 834/931/827
f 835/932/828 840/937/833 838/935/831
s 50
f 842/939/835 843/940/836 844/941/837
f 844/941/837 845/942/838 842/939/835
f 844/941/837 846/943/839 847/944/840
f 847/944/840 848/945/841 844/941/837
f 847/944/840 846/943/839 849/946/842
f 844/941/837 848/945/841 850/947/843
f 850/947/843 845/942/838 844/941/837
f 844/941/837 843/940/836 851/948/844
f 851/948/844 846/943/839 844/941/837
f 845/942/838 850/947/843 852/949/845
f 852/949/845 842/939/835 845/942/838
f 846/943/839 851/948/844 849/946/842
s 51
f 853/950/846 854/951/847 855/952/848
f 855/952/848 856/953/849 853/950/846
f 855/952/848 857/954/850 858/955/851
f 858/955/851 859/956/852 855/952/848
f 858/955/851 860/957/853 859/956/852
f 855/952/848 854/951/847 861/958/854
f 861/958/854 857/954/850 855/952/848
f 855/952/848 859/956/852 862/959/855
f 862/959/855 856/953/849 855/952/848
f 854/951/847 863/960/856 861/958/854
f 863/960/856 854/951/847 853/950/846
f 859/956/852 860/957/853 862/959/855
s 52
f 864/961/857 865/962/858 866/963/859
f 866/963/859 867/964/860 864/961/857
f 866/963/859 868/965/861 869/966/862
f 869/966/862 870/967/863 866/963/859
f 869/966/862 871/968/864 870/967/863
f 866/963/859 865/962/858 872/969/865
f 872/969/865 868/965/861 866/963/859
f 866/963/859 870/967/863 873/970/866
f 873/970/866 867/964/860 866/963/859
f 865/962/858 874/971/867 872/969/865
f 874/971/867 865/962/858 864/961/857
f 870/967/863 871/968/864 873/970/866
s 53
f 875/972/868 876/973/869 877/974/870
f 877/974/870 878/975/871 875/972/868
f 877/974/870 879/976/872 880/977/873
f 880/977/873 881/978/874 877/974/870
f 880/977/873 882/979/875 881/978/874
f 877/974/870 876/973/869 883/980/876
f 883/980/876 879/976/872 877/974/870
f 877/974/870 881/978/874 884/981/877
f 884/981/877 878/975/871 877/974/870
f 876/973/869 885/982/878 883/980/876
f 885/982/878 876/973/869 875/972/868
f 881/978/874 882/979/875 884/981/877
s 54
f 886/983/879 887/984/880 888/985/881
f 888/985/881 889/986/882 886/983/879
f 888/985/881 890/987/883 891/988/884
f 891/988/884 892/989/885 888/985/881
f 891/988/884 893/990/886 892/989/885
f 888/985/881 887/984/880 894/991/887
f 894/991/887 890/987/883 888/985/881
f 888/985/881 892/989/885 895/992/888
f 895/992/888 889/986/882 888/985/881
f 887/984/880 896/993/889 894/991/887
f 896/993/889 887/984/880 886/983/879
f 892/989/885 893/990/886 895/992/888
s 55
f 897/994/890 898/995/891 899/996/892
f 899/996/892 900/997/893 897/994/890
f 899/996/892 901/998/894 902/999/895
f 902/999/895 903/1000/896 899/996/892
f 902/999/895 904/1001/897 903/1000/896
f 899/996/892 898/995/891 905/1002/898
f 905/1002/898 901/998/894 899/996/892
f 899/996/892 903/1000/896 906/1003/899
f 906/1003/899 900/997/893 899/996/892
f 898/995/891 907/1004/900 905/1002/898
f 907/1004/900 898/995/891 897/994/890
f 903/1000/896 904/1001/897 906/1003/899
s 56
f 908/1005/901 909/1006/902 910/1007/903
f 910/1007/903 909/1006/902 911/1008/904
f 908/1005/901 910/1007/903 912/1009/905
f 910/1007/903 911/1008/904 913/1010/906
f 910/1007/903 913/1010/906 914/1011/907
f 913/1010/906 911/1008/904 915/1012/908
f 908/1005/901 912/1009/905 916/1013/909
f 912/1009/905 910/1007/903 917/1014/910
f 918/1015/911 911/1008/904 919/1016/912
f 909/1006/902 920/1017/913 919/1016/912
f 919/1016/912 911/1008/904 909/1006/902
f 921/1018/914 922/1019/915 920/1017/913
f 922/1019/915 919/1016/912 920/1017/913
f 921/1018/914 923/1020/916 922/1019/915
f 922/1019/915 924/1021/917 919/1016/912
f 922/1019/915 925/1022/918 924/1021/917
f 924/1021/917 926/1023/919 919/1016/912
f 921/1018/914 927/1024/920 923/1020/916
f 923/1020/916 928/1025/921 922/1019/915
f 908/1005/901 929/1026/922 930/1027/922
f 930/1027/922 921/1018/914 908/1005/901
f 929/1026/922 931/1028/923 932/1029/923
f 932/1029/923 930/1027/922 929/1026/922
f 908/1005/901 921/1018/914 920/1017/913
f 920/1017/913 909/1006/902 908/1005/901
f 933/1030/924 932/1029/923 931/1028/923
s 57
f 934/1031/925 935/1032/926 936/1033/927
f 936/1033/927 937/1034/928 934/1031/925
f 938/1035/929 939/1036/930 935/1032/926
f 935/1032/926 934/1031/925 938/1035/929
f 938/1035/929 940/1037/931 939/1036/930
f 937/1034/928 936/1033/927 941/1038/932
f 941/1038/932 942/1039/933 937/1034/928
f 942/1039/933 941/1038/932 943/1040/934
f 943/1040/934 944/1041/935 942/1039/933
s 58
f 945/1042/936 946/1043/937 947/1044/938
f 947/1044/938 948/1045/939 945/1042/936
f 949/1046/940 945/1042/936 948/1045/939
f 948/1045/939 950/1047/941 949/1046/940
f 949/1046/940 950/1047/941 951/1048/942
f 946/1043/937 952/1049/943 953/1050/944
f 953/1050/944 947/1044/938 946/1043/937
f 952/1049/943 954/1051/945 955/1052/946
f 955/1052/946 953/1050/944 952/1049/943
