# Blender v3.3.0 OBJ File: ''
# www.blender.org
o PumpkinStageDead.005
v 0.017326 0.110010 -0.141962
v 0.023081 0.128325 -0.105319
v 0.039932 0.126362 -0.103037
v 0.045934 0.106671 -0.138090
v -0.040137 0.115126 -0.114316
v -0.010013 0.131266 -0.089255
v 0.003823 0.130222 -0.100017
v -0.016670 0.113349 -0.132572
v -0.063026 0.114920 -0.053324
v -0.023093 0.131133 -0.054025
v -0.020392 0.131621 -0.071531
v -0.058447 0.115746 -0.083015
v -0.037934 0.109514 0.005284
v -0.008486 0.128003 -0.020275
v -0.018506 0.129739 -0.034271
v -0.054924 0.112459 -0.018449
v 0.020396 0.102067 0.027299
v 0.025175 0.123708 -0.007675
v 0.008332 0.125676 -0.009955
v -0.008211 0.105406 0.023427
v 0.077861 0.093388 0.000091
v 0.058272 0.120042 -0.023666
v 0.044434 0.121823 -0.012991
v 0.054394 0.098560 0.017930
v 0.100794 0.090275 -0.060614
v 0.071376 0.118278 -0.058768
v 0.068676 0.118185 -0.041313
v 0.096214 0.090112 -0.031005
v 0.075701 0.099313 -0.119669
v 0.056785 0.123517 -0.092757
v 0.066791 0.120336 -0.078602
v 0.092692 0.093909 -0.095634
v 0.044538 0.071418 -0.161852
v 0.007160 0.075780 -0.166911
v -0.035475 0.079968 -0.155135
v -0.066137 0.082289 -0.131282
v -0.089100 0.083067 -0.092026
v -0.095083 0.081988 -0.053234
v -0.084922 0.078901 -0.009494
v -0.062723 0.075054 0.021514
v -0.025436 0.069903 0.044236
v 0.012400 0.066517 0.053062
v 0.058781 0.063387 0.044909
v 0.096578 0.058560 0.024029
v 0.125854 0.055626 -0.018972
v 0.132629 0.055778 -0.063866
v 0.117332 0.059034 -0.113214
v 0.087398 0.064076 -0.143926
v 0.046217 0.040938 -0.200429
v -0.004788 0.044310 -0.205452
v -0.060740 0.047515 -0.187740
v -0.100421 0.049309 -0.155109
v -0.129811 0.049905 -0.103912
v -0.138334 0.049070 -0.053091
v -0.126726 0.046708 0.004705
v -0.098469 0.043734 0.047523
v -0.049207 0.039794 0.079715
v 0.002056 0.036422 0.087886
v 0.060623 0.033221 0.072579
v 0.103402 0.028643 0.040247
v 0.134776 0.025501 -0.013508
v 0.143111 0.025666 -0.067222
v 0.129425 0.029153 -0.127721
v 0.098166 0.034611 -0.171015
v 0.027928 0.011099 -0.188711
v -0.018052 0.014214 -0.197022
v -0.071881 0.017206 -0.183880
v -0.111054 0.018864 -0.154398
v -0.140330 0.019420 -0.104823
v -0.147567 0.018649 -0.055688
v -0.133699 0.016444 -0.000869
v -0.104639 0.013696 0.036872
v -0.057265 0.010017 0.062467
v -0.011619 0.006902 0.066051
v 0.038231 0.003914 0.049656
v 0.072219 0.001214 0.020174
v 0.095588 -0.001720 -0.025210
v 0.102371 -0.001567 -0.068012
v 0.094060 0.001688 -0.118454
v 0.071563 0.006730 -0.158202
v 0.008644 -0.006534 -0.147955
v -0.021876 -0.004149 -0.154679
v -0.060003 -0.001764 -0.146786
v -0.087042 -0.000495 -0.127456
v -0.108008 -0.000052 -0.092540
v -0.112515 -0.000642 -0.059154
v -0.101623 -0.002400 -0.020879
v -0.081069 -0.004503 0.003655
v -0.047435 -0.007435 0.020003
v -0.017311 -0.009820 0.021271
v 0.016657 -0.013130 0.011926
v 0.040124 -0.014907 -0.006331
v 0.058477 -0.016292 -0.037659
v 0.063057 -0.016129 -0.067269
v 0.054955 -0.012495 -0.102288
v 0.038204 -0.009464 -0.126450
v -0.006686 -0.016928 -0.111202
v -0.022169 -0.015121 -0.113297
v -0.043234 -0.013052 -0.107479
v -0.055934 -0.012090 -0.097599
v -0.067280 -0.011706 -0.078203
v -0.069758 -0.012153 -0.062135
v -0.064738 -0.013678 -0.040524
v -0.055543 -0.015271 -0.027680
v -0.037098 -0.017816 -0.016514
v -0.021616 -0.019623 -0.014418
v -0.000593 -0.021690 -0.020115
v 0.012107 -0.022651 -0.029995
v 0.023496 -0.023035 -0.049512
v 0.025975 -0.022588 -0.065580
v 0.020954 -0.021063 -0.087191
v 0.011759 -0.019469 -0.100035
v 0.054683 0.093624 -0.123919
v 0.060336 0.064421 -0.147386
v 0.064875 0.039103 -0.173922
v 0.047258 0.013591 -0.165633
v 0.022965 -0.004119 -0.134571
v 0.003570 -0.011220 -0.103968
v -0.031298 -0.007997 -0.109864
v -0.038906 0.000530 -0.146786
v -0.040665 0.019448 -0.180059
v -0.030059 0.045384 -0.183944
v -0.013531 0.071318 -0.151896
v -0.001092 0.100349 -0.131496
v -0.061176 -0.006485 -0.088064
v -0.092647 0.003004 -0.107555
v -0.114560 0.022565 -0.123731
v -0.104849 0.048727 -0.123232
v -0.071169 0.075682 -0.107057
v -0.046844 0.103812 -0.095903
v -0.066303 -0.007188 -0.051102
v -0.101964 0.001853 -0.040821
v -0.128512 0.021116 -0.030720
v -0.120562 0.047173 -0.027698
v -0.082418 0.073653 -0.034133
v -0.055773 0.102202 -0.038017
v -0.043813 -0.009694 -0.023061
v -0.061591 -0.002247 0.009304
v -0.074189 0.015950 0.041760
v -0.067167 0.041633 0.051807
v -0.041716 0.067145 0.026389
v -0.022668 0.096461 0.008308
v -0.009628 -0.013596 -0.018489
v -0.000323 -0.006896 0.013526
v 0.013309 0.010093 0.050493
v 0.028138 0.035352 0.066783
v 0.032640 0.061288 0.043256
v 0.033085 0.089952 0.015919
v 0.018337 -0.015713 -0.040247
v 0.045734 -0.009370 -0.024773
v 0.080795 0.005411 -0.005473
v 0.107749 0.028877 0.006261
v 0.102227 0.054657 -0.002005
v 0.078858 0.082775 -0.019274
v 0.023816 -0.014729 -0.075687
v 0.055563 -0.008338 -0.083454
v 0.094283 0.005695 -0.091330
v 0.123291 0.029182 -0.094085
v 0.115146 0.054941 -0.087080
v 0.087808 0.083090 -0.077061
v 0.031982 0.127363 -0.069163
v 0.021262 0.128613 -0.070614
v 0.018801 0.168861 -0.060629
v 0.022904 0.170613 -0.058146
v 0.012467 0.129276 -0.063774
v 0.010750 0.128965 -0.052642
v 0.016277 0.168044 -0.056313
v 0.017118 0.127859 -0.043720
v 0.027819 0.126608 -0.042252
v 0.020376 0.169795 -0.053818
v 0.036622 0.125946 -0.049112
v 0.038347 0.126258 -0.060272
v -0.028968 -0.020390 -0.089095
v -0.010007 -0.022603 -0.086528
v -0.044522 -0.019213 -0.076995
v -0.047558 -0.019760 -0.057316
v -0.036295 -0.021710 -0.041589
v -0.017345 -0.023914 -0.038971
v -0.001798 -0.025121 -0.051051
v 0.001254 -0.024555 -0.070799
v -0.002318 0.114897 -0.017144
v 0.013175 0.123615 -0.039047
v -0.022277 0.118359 -0.045103
v 0.004355 0.125140 -0.051425
v -0.016884 0.119329 -0.080015
v 0.006785 0.125564 -0.066862
v 0.010718 0.117239 -0.101466
v 0.019030 0.124631 -0.076266
v 0.044334 0.113316 -0.096897
v 0.033779 0.122906 -0.074172
v 0.064291 0.108251 -0.068808
v 0.042501 0.121390 -0.061909
v 0.058886 0.108065 -0.033949
v 0.040110 0.120982 -0.046494
v 0.031275 0.110973 -0.012535
v 0.027887 0.121891 -0.037006
v 0.018037 0.170440 -0.062806
v 0.015433 0.169570 -0.056885
v 0.007161 0.169632 -0.057658
v 0.007974 0.171850 -0.062862
v 0.018855 0.173639 -0.054499
v 0.007409 0.175483 -0.055396
v 0.021463 0.174510 -0.060430
v 0.008223 0.177705 -0.060609
v -0.009782 0.170873 -0.065049
v -0.009441 0.169305 -0.059303
v -0.027302 0.153917 -0.057194
v -0.028001 0.155129 -0.062239
v -0.010667 0.175073 -0.057529
v -0.028836 0.159171 -0.055484
v -0.011034 0.176587 -0.063273
v -0.029537 0.160385 -0.060535
v -0.034458 0.142422 -0.057295
v -0.034984 0.143939 -0.062272
v -0.041107 0.143087 -0.056474
v -0.041637 0.144608 -0.061453
v -0.036594 0.134510 -0.072039
v -0.035375 0.128357 -0.071131
v -0.017850 0.127021 -0.100094
v -0.019198 0.136438 -0.100767
v -0.042030 0.124553 -0.072754
v -0.024189 0.125525 -0.102282
v -0.043266 0.130968 -0.073535
v -0.025538 0.131982 -0.102956
v 0.004941 0.126965 -0.123953
v 0.000546 0.135301 -0.128073
v -0.000878 0.125451 -0.126639
v -0.001786 0.129252 -0.127845
v 0.020304 0.132989 -0.127529
v 0.020700 0.135215 -0.129169
v 0.020526 0.122591 -0.129748
v 0.020923 0.124824 -0.131390
v 0.062478 0.123642 -0.099115
v 0.070086 0.125647 -0.099116
v 0.063627 0.113067 -0.100854
v 0.071237 0.115078 -0.100857
v 0.084652 0.102263 -0.010998
v 0.092790 0.104002 -0.010255
v 0.086119 0.091499 -0.012205
v 0.094260 0.093243 -0.011462
v 0.079299 0.090779 0.019744
v 0.087319 0.091850 0.022368
v 0.080558 0.079571 0.019794
v 0.088582 0.080646 0.022422
v 0.040676 0.077818 0.055400
v 0.039181 0.078474 0.065485
v 0.040583 0.069419 0.056723
v 0.039085 0.070078 0.066831
v -0.011445 0.065391 0.082487
v -0.012076 0.065932 0.088923
v -0.011245 0.057008 0.083272
v -0.011878 0.057551 0.089723
v -0.049603 0.050810 0.075033
v -0.051102 0.050873 0.082553
v -0.049370 0.043506 0.075808
v -0.050872 0.043569 0.083345
v -0.086117 0.048020 0.061409
v -0.087775 0.047786 0.067780
v -0.085888 0.039857 0.062167
v -0.087550 0.039623 0.068552
v -0.121948 0.040468 0.022576
v -0.129178 0.039857 0.021822
v -0.118669 0.030065 0.023085
v -0.118386 0.028577 0.023280
v -0.125635 0.027966 0.022524
v -0.146526 0.027595 -0.066896
v -0.154866 0.026788 -0.067245
v -0.143235 0.017733 -0.066479
v -0.143402 0.016254 -0.066207
v -0.151763 0.015445 -0.066558
v -0.135002 0.005129 -0.120153
v -0.144859 0.004212 -0.121531
v -0.131454 -0.006194 -0.119240
v -0.141336 -0.007112 -0.120622
v -0.116587 0.014943 -0.158152
v -0.125496 0.013797 -0.161090
v -0.113984 0.003736 -0.156600
v -0.122915 0.002589 -0.159546
v -0.070501 0.019661 -0.185983
v -0.070098 0.018331 -0.193785
v -0.071101 0.008511 -0.181379
v -0.070697 0.007179 -0.189202
v -0.003155 0.050350 -0.203086
v -0.000811 0.049876 -0.205141
v -0.003439 0.046481 -0.201692
v -0.001094 0.046007 -0.203753
v -0.044610 0.136432 -0.066474
v -0.037783 0.135893 -0.067333
v -0.037264 0.134363 -0.062458
v -0.044040 0.134924 -0.061604
v 0.117593 0.097058 -0.013236
v 0.118454 0.095070 -0.012965
v 0.130719 0.100707 -0.007475
v 0.129858 0.102696 -0.007746
v 0.120628 0.095541 -0.016163
v 0.132894 0.101178 -0.010673
v 0.119768 0.097529 -0.016434
v 0.132033 0.103166 -0.010944
v 0.147907 0.108607 0.000219
v 0.147046 0.110595 -0.000052
v 0.150082 0.109077 -0.002979
v 0.149221 0.111066 -0.003250
v 0.160278 0.115635 0.016342
v 0.159417 0.117623 0.016071
v 0.163570 0.116739 0.014595
v 0.162709 0.118728 0.014324
v 0.160531 0.116879 0.025353
v 0.159670 0.118867 0.025082
v 0.163510 0.118334 0.027363
v 0.162649 0.120322 0.027092
v 0.153331 0.117488 0.055552
v 0.152920 0.118438 0.055423
v 0.154755 0.118183 0.056513
v 0.154343 0.119133 0.056383
v 0.109510 0.093295 -0.017236
v 0.107374 0.092865 -0.013844
v 0.108235 0.090876 -0.013573
v 0.110371 0.091307 -0.016966
v -0.028647 0.162216 -0.041715
v -0.024206 0.164208 -0.051240
v -0.043042 0.164208 -0.060024
v -0.058137 0.155560 -0.027652
v -0.019764 0.162216 -0.060765
v -0.027947 0.155560 -0.092395
v -0.080714 0.157592 -0.077590
v -0.095810 0.148943 -0.045219
v -0.065619 0.148943 -0.109962
v -0.106199 0.139890 -0.072117
v -0.099551 0.141882 -0.086374
v -0.092903 0.139890 -0.100631
v -0.023320 -0.022845 -0.064071
v -0.005522 0.131999 -0.127358
v -0.002323 0.135153 -0.120505
v 0.010795 0.139194 -0.128627
v 0.000429 0.127115 -0.151828
v 0.001946 0.135428 -0.113463
v 0.025808 0.138769 -0.104607
v 0.037033 0.142647 -0.144872
v 0.026667 0.130569 -0.168073
v 0.052046 0.142222 -0.120852
v 0.045098 0.129736 -0.163299
v 0.050152 0.133742 -0.152994
v 0.056276 0.134868 -0.142501
v -0.043042 0.163378 -0.060024
v -0.024206 0.163378 -0.051240
v -0.028647 0.161386 -0.041715
v -0.058137 0.154729 -0.027652
v -0.027947 0.154729 -0.092395
v -0.019764 0.161386 -0.060765
v -0.095810 0.148113 -0.045219
v -0.080714 0.156761 -0.077590
v -0.065619 0.148113 -0.109962
v -0.106199 0.139059 -0.072117
v -0.099551 0.141051 -0.086374
v -0.092903 0.139059 -0.100631
v 0.010795 0.138363 -0.128627
v -0.002323 0.134323 -0.120505
v -0.005522 0.131168 -0.127358
v 0.000429 0.126285 -0.151828
v 0.025808 0.137938 -0.104607
v 0.001946 0.134597 -0.113463
v 0.026667 0.129738 -0.168073
v 0.037033 0.141817 -0.144872
v 0.052046 0.141391 -0.120852
v 0.045098 0.128905 -0.163299
v 0.050152 0.132911 -0.152994
v 0.056276 0.134038 -0.142501
v 0.116561 0.096579 -0.017379
v 0.125236 0.100585 -0.012569
v 0.135156 0.101025 -0.030827
v 0.106018 0.085567 -0.047032
v 0.134633 0.100686 -0.007460
v 0.167436 0.099524 -0.013323
v 0.156199 0.095417 -0.066845
v 0.127061 0.079959 -0.083050
v 0.188478 0.093916 -0.049342
v 0.155810 0.075426 -0.091197
v 0.168973 0.080453 -0.083923
v 0.182859 0.081573 -0.076351
v 0.135156 0.100195 -0.030827
v 0.125236 0.099755 -0.012569
v 0.116561 0.095748 -0.017379
v 0.106018 0.084736 -0.047031
v 0.167436 0.098693 -0.013323
v 0.134633 0.099855 -0.007460
v 0.127061 0.079128 -0.083050
v 0.156199 0.094587 -0.066845
v 0.188479 0.093085 -0.049342
v 0.155810 0.074596 -0.091197
v 0.168973 0.079623 -0.083923
v 0.182859 0.080743 -0.076351
v -0.133294 0.026174 -0.048779
v -0.139322 0.028166 -0.057388
v -0.156347 0.028166 -0.045467
v -0.135860 0.019517 -0.016209
v -0.145350 0.026174 -0.065998
v -0.176834 0.019517 -0.074726
v -0.190397 0.021549 -0.021626
v -0.169910 0.012901 0.007633
v -0.210884 0.012901 -0.050884
v -0.198399 0.003847 0.003181
v -0.207421 0.005839 -0.009705
v -0.216444 0.003847 -0.022591
v -0.156347 0.027335 -0.045467
v -0.139322 0.027335 -0.057388
v -0.133294 0.025343 -0.048779
v -0.135860 0.018687 -0.016209
v -0.176834 0.018687 -0.074726
v -0.145350 0.025343 -0.065998
v -0.169909 0.012070 0.007633
v -0.190397 0.020719 -0.021626
v -0.210884 0.012070 -0.050884
v -0.198399 0.003017 0.003181
v -0.207421 0.005009 -0.009705
v -0.216444 0.003017 -0.022591
v 0.084618 0.010472 0.061351
v 0.082695 0.010328 0.061795
v 0.084939 0.019405 0.074444
v 0.086862 0.019548 0.074000
v 0.083426 0.008016 0.064218
v 0.085670 0.017093 0.076867
v 0.085350 0.008159 0.063774
v 0.087593 0.017236 0.076422
v 0.085340 0.027530 0.078802
v 0.087263 0.027673 0.078358
v 0.086146 0.026723 0.082035
v 0.088069 0.026866 0.081591
v 0.076112 0.051750 0.073595
v 0.076597 0.051786 0.073483
v 0.076208 0.052354 0.074205
v 0.076693 0.052390 0.074094
v 0.083728 0.007208 0.058612
v 0.083351 0.008473 0.057385
v 0.082373 0.008400 0.057611
v 0.082751 0.007135 0.058838
v 0.072769 0.000687 0.095406
v 0.073996 0.000258 0.089632
v 0.036879 0.027403 0.079727
v 0.035651 0.027830 0.085501
v 0.066505 -0.006657 0.088552
v 0.029388 0.020488 0.078647
v 0.065278 -0.006229 0.094326
v 0.028161 0.020915 0.084421
v 0.024559 0.051701 0.075306
v 0.023331 0.052130 0.081080
v 0.014778 0.049289 0.073405
v 0.013550 0.049716 0.079179
v 0.050336 0.124133 0.056876
v 0.050027 0.124241 0.058332
v 0.048560 0.125939 0.056364
v 0.048250 0.126047 0.057820
v 0.081317 -0.009074 0.096456
v 0.085120 -0.005289 0.096984
v 0.085744 -0.005507 0.094049
v 0.081941 -0.009292 0.093521
v 0.063957 0.010472 -0.040089
v 0.064728 0.010328 -0.038272
v 0.076795 0.019405 -0.042678
v 0.076024 0.019548 -0.044495
v 0.066987 0.008016 -0.039413
v 0.079054 0.017093 -0.043819
v 0.066216 0.008159 -0.041230
v 0.078282 0.017236 -0.045636
v 0.081017 0.027530 -0.043830
v 0.080246 0.027673 -0.045647
v 0.084061 0.026723 -0.045185
v 0.083290 0.026866 -0.047002
v 0.077491 0.051750 -0.033838
v 0.077297 0.051787 -0.034296
v 0.078076 0.052354 -0.034038
v 0.077882 0.052390 -0.034496
v 0.061414 0.007207 -0.038737
v 0.060271 0.008473 -0.038152
v 0.060663 0.008400 -0.037229
v 0.061806 0.007135 -0.037814
v 0.115701 0.003139 0.024951
v 0.116319 0.002923 0.022046
v 0.097642 0.016582 0.017061
v 0.097024 0.016797 0.019967
v 0.112550 -0.000556 0.021502
v 0.093873 0.013103 0.016518
v 0.111932 -0.000341 0.024407
v 0.093255 0.013318 0.019424
v 0.091443 0.028809 0.014837
v 0.090825 0.029025 0.017742
v 0.086521 0.027595 0.013880
v 0.085903 0.027810 0.016786
v 0.104414 0.065256 0.005563
v 0.104258 0.065310 0.006296
v 0.103520 0.066165 0.005306
v 0.103364 0.066219 0.006038
v 0.120003 -0.001773 0.025479
v 0.121917 0.000132 0.025745
v 0.122231 0.000022 0.024268
v 0.120317 -0.001882 0.024002
v 0.101206 0.040195 0.013601
v 0.102111 0.038111 0.013720
v 0.115285 0.044019 0.017032
v 0.114380 0.046103 0.016913
v 0.103714 0.038604 0.010154
v 0.116888 0.044512 0.013467
v 0.102810 0.040688 0.010036
v 0.115984 0.046596 0.013348
v 0.133747 0.052298 0.021674
v 0.132842 0.054382 0.021556
v 0.135351 0.052791 0.018109
v 0.134446 0.054875 0.017990
v 0.148893 0.059664 0.035553
v 0.147988 0.061747 0.035435
v 0.151863 0.060821 0.033237
v 0.150958 0.062905 0.033118
v 0.150726 0.060967 0.044480
v 0.149821 0.063051 0.044361
v 0.154045 0.062492 0.045958
v 0.153140 0.064576 0.045839
v 0.148860 0.061606 0.075808
v 0.148428 0.062601 0.075752
v 0.150446 0.062334 0.076515
v 0.150013 0.063330 0.076458
v 0.092457 0.036251 0.011037
v 0.090926 0.035800 0.014789
v 0.091831 0.033716 0.014908
v 0.093361 0.034167 0.011155
v 0.072460 0.045581 0.063211
v 0.071850 0.044824 0.062500
v 0.072401 0.044399 0.062481
v 0.073011 0.045157 0.063191
v 0.002809 -0.005206 0.047721
v 0.005942 -0.007622 0.047608
v 0.042103 0.012072 0.034614
v 0.039382 0.014169 0.034712
v 0.004821 -0.008765 0.040942
v 0.041129 0.011080 0.028825
v 0.001687 -0.006348 0.041055
v 0.038409 0.013178 0.028924
v 0.057512 0.038102 0.025737
v 0.060232 0.036004 0.025639
v 0.076269 0.056426 0.033674
v 0.073548 0.058524 0.033772
v 0.061894 0.038402 0.020450
v 0.077930 0.058823 0.028485
v 0.059174 0.040500 0.020548
v 0.075209 0.060921 0.028583
v 0.083541 0.065341 0.044707
v 0.080821 0.067439 0.044805
v 0.086560 0.069402 0.041572
v 0.083839 0.071500 0.041670
v 0.082974 0.063865 0.060522
v 0.080254 0.065963 0.060620
v 0.086292 0.068044 0.063161
v 0.083571 0.070142 0.063259
v 0.078783 0.063740 0.067375
v 0.081504 0.061642 0.067277
v 0.073527 0.050901 0.075745
v 0.070806 0.052998 0.075843
v 0.082856 0.063121 0.073142
v 0.074646 0.052083 0.081470
v 0.080135 0.065218 0.073240
v 0.071925 0.054181 0.081569
v 0.065493 0.040696 0.071162
v 0.062773 0.042794 0.071260
v 0.063575 0.037977 0.076098
v 0.060855 0.040075 0.076196
v 0.062270 0.036954 0.061801
v 0.059549 0.039051 0.061900
v 0.058621 0.032449 0.056911
v 0.055900 0.034547 0.057009
v 0.064475 0.040304 0.051331
v 0.061755 0.042401 0.051429
v 0.062965 0.038603 0.045830
v 0.060244 0.040701 0.045928
v 0.068309 0.045483 0.046905
v 0.065588 0.047581 0.047003
v 0.066799 0.043782 0.041404
v 0.064078 0.045880 0.041502
v 0.073280 0.051733 0.051106
v 0.070558 0.053830 0.051204
v 0.075740 0.055122 0.046876
v 0.073020 0.057219 0.046974
v 0.073509 0.051795 0.056143
v 0.070789 0.053893 0.056241
v 0.076523 0.055539 0.059653
v 0.073803 0.057638 0.059751
v 0.136385 0.054112 0.017243
v 0.136104 0.055104 0.018196
v 0.154148 0.066060 0.012112
v 0.154429 0.065067 0.011158
v 0.137794 0.054165 0.019674
v 0.155838 0.065120 0.013589
v 0.138075 0.053171 0.018721
v 0.156119 0.064127 0.012636
v 0.160820 0.075100 0.004666
v 0.161101 0.074107 0.003713
v 0.163112 0.074974 0.005474
v 0.163393 0.073981 0.004520
v 0.156555 0.083567 -0.005981
v 0.156681 0.083121 -0.006409
v 0.157348 0.084191 -0.006398
v 0.157474 0.083746 -0.006825
v 0.131466 0.050944 0.019089
v 0.129785 0.051973 0.017522
v 0.129504 0.052966 0.018475
v 0.131185 0.051937 0.020043
v -0.009154 0.091128 0.087204
v -0.011251 0.098170 0.084709
v -0.015859 0.095897 0.099125
v -0.012161 0.089392 0.095532
v -0.017145 0.095231 0.088080
v -0.020143 0.093461 0.094601
v -0.013704 0.089754 0.089384
v -0.015674 0.088338 0.092631
v -0.019841 0.081407 0.110122
v -0.023517 0.087891 0.113696
v -0.030827 0.076255 0.127137
v -0.026353 0.070864 0.122790
v -0.028349 0.085193 0.108984
v -0.035312 0.073809 0.121994
v -0.023769 0.080153 0.107079
v -0.030118 0.069674 0.119517
v -0.038145 0.061648 0.133150
v -0.032520 0.058700 0.127845
v -0.042129 0.059260 0.127628
v -0.036046 0.057283 0.124401
v -0.038089 0.049008 0.133917
v -0.032519 0.052407 0.128243
v -0.041072 0.047152 0.127700
v -0.035308 0.050679 0.124332
v -0.031163 0.039037 0.133083
v -0.027302 0.045385 0.128412
v -0.033952 0.038011 0.126630
v -0.029763 0.043938 0.124218
v -0.013582 0.025040 0.118750
v -0.011284 0.032734 0.115246
v -0.016081 0.023664 0.116035
v -0.014915 0.027779 0.114058
v -0.016560 0.028538 0.110719
v -0.014260 0.031937 0.111227
v -0.007393 0.020075 0.107197
v -0.005293 0.027890 0.103857
v -0.010517 0.019075 0.104990
v -0.009478 0.023268 0.103117
v -0.011734 0.024395 0.100275
v -0.009115 0.027602 0.100525
v 0.000695 0.012746 0.085585
v 0.002014 0.021284 0.084326
v -0.005427 0.014733 0.082553
v -0.002597 0.021793 0.082253
v 0.005430 0.014742 0.060153
v 0.006607 0.023350 0.059434
v -0.001289 0.017024 0.059409
v 0.001576 0.024067 0.058970
v 0.000366 0.019802 0.038010
v 0.001072 0.027706 0.036863
v -0.005095 0.022064 0.040889
v -0.002989 0.028485 0.039090
v -0.008819 0.023724 0.028183
v -0.008136 0.031632 0.027070
v -0.013656 0.026072 0.031940
v -0.011739 0.032474 0.029933
v -0.022482 0.023107 0.019316
v -0.021819 0.031019 0.018224
v -0.026765 0.025505 0.023647
v -0.025017 0.031897 0.021504
v -0.037192 0.022704 0.012114
v -0.036558 0.030618 0.011042
v -0.040834 0.025141 0.016963
v -0.039285 0.031525 0.014698
v -0.064701 0.022649 0.004702
v -0.064663 0.030551 0.003711
v -0.065470 0.025104 0.010703
v -0.065229 0.031472 0.008198
v -0.089689 0.008632 0.008181
v -0.090077 0.016508 0.007348
v -0.088978 0.011112 0.014207
v -0.089516 0.017450 0.011836
v -0.114942 0.008270 0.022491
v -0.114596 0.016162 0.021297
v -0.112258 0.010976 0.027925
v -0.112676 0.017267 0.025393
v -0.135571 0.027041 0.047485
v -0.131401 0.031462 0.042248
v -0.129621 0.028699 0.050279
v -0.127520 0.032184 0.044862
v -0.131271 0.062869 0.067463
v -0.127690 0.066010 0.063197
v -0.126253 0.061535 0.068397
v -0.124424 0.064691 0.064348
v -0.125507 0.069726 0.076074
v -0.121907 0.072860 0.072623
v -0.121553 0.067085 0.075696
v -0.119419 0.070589 0.072726
v -0.102600 0.078524 0.098154
v -0.098971 0.081554 0.094749
v -0.099752 0.075206 0.096382
v -0.097293 0.078800 0.093831
v -0.078656 0.079565 0.120097
v -0.075251 0.081977 0.117880
v -0.076195 0.076855 0.119074
v -0.073831 0.079735 0.117378
v -0.070877 0.077186 0.138122
v -0.068380 0.078774 0.137969
v -0.069200 0.075656 0.138607
v -0.067432 0.077483 0.138339
v -0.074983 0.073936 0.155470
v -0.073301 0.075111 0.156581
v -0.074222 0.072905 0.156599
v -0.073143 0.074307 0.157052
v -0.081040 0.075918 0.161977
v -0.080758 0.076302 0.162549
v -0.080957 0.075567 0.162414
v -0.080758 0.076032 0.162707
v -0.009278 0.088996 0.079005
v -0.011614 0.095685 0.076130
v -0.016890 0.093385 0.079707
v -0.013347 0.087868 0.081439
v -0.010679 0.065732 0.036666
v -0.012834 0.071529 0.033910
v -0.017457 0.069653 0.037114
v -0.015172 0.065501 0.038856
v 0.054738 0.059814 0.043476
v 0.055201 0.060015 0.043316
v 0.055350 0.059810 0.043488
v 0.054886 0.059609 0.043648
v 0.027869 0.070947 0.070335
v 0.026593 0.072706 0.068860
v 0.028997 0.067164 0.061730
v 0.030399 0.065232 0.063350
v 0.029583 0.075907 0.070089
v 0.033232 0.069754 0.061153
v 0.030860 0.074148 0.071564
v 0.034634 0.067822 0.062773
v 0.033495 0.058879 0.046954
v 0.034897 0.056947 0.048575
v 0.037376 0.062006 0.047324
v 0.038779 0.060073 0.048944
v 0.041886 0.050972 0.032376
v 0.043288 0.049040 0.033997
v 0.045359 0.054399 0.033456
v 0.046762 0.052467 0.035077
v 0.055503 0.051096 0.018358
v 0.056906 0.049163 0.019978
v 0.055878 0.054455 0.022039
v 0.057281 0.052522 0.023660
v 0.068115 0.059414 0.015741
v 0.069518 0.057482 0.017361
v 0.065767 0.061121 0.019809
v 0.067169 0.059189 0.021429
v 0.078897 0.068061 0.025371
v 0.080299 0.066128 0.026991
v 0.074596 0.066785 0.027572
v 0.075998 0.064852 0.029192
v 0.075899 0.076295 0.037786
v 0.077301 0.074363 0.039406
v 0.072723 0.072737 0.036291
v 0.074126 0.070805 0.037911
v 0.064839 0.075624 0.051394
v 0.066242 0.073692 0.053014
v 0.063321 0.071966 0.048346
v 0.064723 0.070034 0.049966
v 0.054698 0.069840 0.053170
v 0.056100 0.067907 0.054791
v 0.058245 0.069477 0.049668
v 0.059647 0.067544 0.051289
v -0.011286 0.051271 0.018340
v -0.012676 0.005002 -0.023666
v -0.014568 0.009605 -0.026118
v -0.013358 0.056800 0.015780
v -0.018262 0.008356 -0.023400
v -0.017700 0.055107 0.018837
v -0.017775 0.006005 -0.021906
v -0.015966 0.051341 0.020318
v 0.084507 0.023976 0.077136
v 0.086476 0.023582 0.076801
v 0.085962 0.024283 0.072946
v 0.079120 0.025287 0.074042
v 0.088132 0.022473 0.076379
v 0.091439 0.020178 0.071469
v 0.084933 0.025684 0.065237
v 0.078090 0.026688 0.066333
v 0.090409 0.021580 0.063759
v 0.081548 0.027153 0.061905
v 0.084418 0.026385 0.061382
v 0.086974 0.024903 0.060771
v 0.080509 0.045951 0.077216
v 0.078803 0.046504 0.074736
v 0.074891 0.049462 0.078087
v 0.080473 0.047098 0.086690
v 0.076638 0.046034 0.072623
v 0.067317 0.047381 0.071081
v 0.066911 0.050327 0.086160
v 0.072493 0.047964 0.094763
v 0.059337 0.048247 0.079154
v 0.065529 0.048249 0.094344
v 0.062861 0.048824 0.090723
v 0.059735 0.048374 0.087470
v 0.085598 0.023875 0.073095
v 0.086112 0.023174 0.076950
v 0.084143 0.023568 0.077284
v 0.078755 0.024879 0.074191
v 0.091075 0.019770 0.071617
v 0.087767 0.022065 0.076527
v 0.077726 0.026280 0.066481
v 0.084568 0.025276 0.065385
v 0.090045 0.021172 0.063908
v 0.081184 0.026745 0.062053
v 0.084054 0.025977 0.061530
v 0.086609 0.024495 0.060920
v 0.074526 0.049054 0.078235
v 0.078439 0.046096 0.074884
v 0.080145 0.045543 0.077364
v 0.080109 0.046690 0.086838
v 0.066953 0.046973 0.071229
v 0.076274 0.045626 0.072772
v 0.072129 0.047556 0.094912
v 0.066547 0.049920 0.086308
v 0.058973 0.047839 0.079303
v 0.065165 0.047842 0.094492
v 0.062497 0.048416 0.090871
v 0.059371 0.047966 0.087618
v 0.062429 0.046488 -0.076835
v 0.064339 0.047938 -0.083963
v 0.050244 0.047938 -0.087739
v 0.043753 0.041643 -0.063516
v 0.066249 0.046488 -0.091090
v 0.056734 0.041643 -0.111963
v 0.022054 0.043122 -0.095293
v 0.015563 0.036827 -0.071069
v 0.028544 0.036827 -0.119517
v 0.005100 0.030237 -0.088401
v 0.007959 0.031687 -0.099070
v 0.010817 0.030237 -0.109738
v 0.050244 0.046844 -0.087739
v 0.064339 0.046844 -0.083963
v 0.062429 0.045394 -0.076835
v 0.043753 0.040549 -0.063516
v 0.056734 0.040549 -0.111963
v 0.066249 0.045394 -0.091090
v 0.015563 0.035733 -0.071069
v 0.022054 0.042028 -0.095293
v 0.028544 0.035733 -0.119517
v 0.005100 0.029143 -0.088401
v 0.007958 0.030593 -0.099070
v 0.010817 0.029143 -0.109738
v -0.114913 0.017484 0.020837
v -0.114416 0.016899 0.023760
v -0.108696 0.017939 0.022996
v -0.110323 0.019428 0.012844
v -0.113789 0.015254 0.026216
v -0.106504 0.011849 0.031122
v -0.097257 0.020019 0.021469
v -0.098884 0.021508 0.011317
v -0.095065 0.013928 0.029595
v -0.092314 0.022198 0.016447
v -0.091538 0.021058 0.020705
v -0.090632 0.018859 0.024497
v -0.126301 0.033959 0.013951
v -0.126653 0.034780 0.009498
v -0.134166 0.039168 0.010901
v -0.133376 0.035661 0.026098
v -0.127868 0.034082 0.005177
v -0.138701 0.036081 -0.003719
v -0.150410 0.040453 0.015355
v -0.149619 0.036946 0.030552
v -0.154944 0.037366 0.000735
v -0.158256 0.037369 0.024846
v -0.158998 0.038221 0.018214
v -0.160602 0.037554 0.011714
v 0.046942 0.114277 0.022440
v 0.036004 0.116297 0.021391
v 0.036195 0.127090 0.040190
v 0.073344 0.118464 0.044765
v 0.025020 0.114581 0.022488
v -0.001158 0.119496 0.044929
v 0.040046 0.130250 0.081439
v 0.077195 0.121625 0.086013
v 0.002693 0.122657 0.086177
v 0.059685 0.122666 0.104500
v 0.043302 0.124761 0.103464
v 0.026873 0.123121 0.104572
v 0.036230 0.126358 0.039486
v 0.036039 0.115565 0.020687
v 0.046976 0.113546 0.021736
v 0.073379 0.117733 0.044060
v -0.001123 0.118765 0.044225
v 0.025054 0.113849 0.021784
v 0.077230 0.120893 0.085309
v 0.040081 0.129519 0.080734
v 0.002728 0.121925 0.085473
v 0.059720 0.121935 0.103796
v 0.043337 0.124030 0.102759
v 0.026908 0.122389 0.103868
v 0.079521 0.023976 -0.042720
v 0.078849 0.023582 -0.044602
v 0.075142 0.024283 -0.043426
v 0.077410 0.025287 -0.036877
v 0.078146 0.022473 -0.046158
v 0.072736 0.020178 -0.048563
v 0.067729 0.025684 -0.041073
v 0.069996 0.026688 -0.034525
v 0.065323 0.021580 -0.046210
v 0.065035 0.027153 -0.037161
v 0.064022 0.026385 -0.039897
v 0.062977 0.024903 -0.042308
v 0.075352 0.023875 -0.043093
v 0.079059 0.023174 -0.044269
v 0.079730 0.023568 -0.042387
v 0.077619 0.024879 -0.036545
v 0.072946 0.019770 -0.048230
v 0.078355 0.022065 -0.045826
v 0.070205 0.026280 -0.034192
v 0.067938 0.025276 -0.040740
v 0.065532 0.021172 -0.045877
v 0.065244 0.026745 -0.036828
v 0.064231 0.025977 -0.039564
v 0.063186 0.024495 -0.041975
v 0.033109 0.088908 0.071681
v 0.035101 0.089956 0.066344
v 0.025662 0.095551 0.063918
v 0.018386 0.091079 0.081908
v 0.036026 0.089066 0.060696
v 0.028301 0.091614 0.044576
v 0.004488 0.097190 0.060311
v -0.002788 0.092718 0.078301
v 0.007127 0.093253 0.040969
v -0.009696 0.093258 0.067052
v -0.006979 0.094344 0.058986
v -0.005330 0.093494 0.050610
v 0.025696 0.094820 0.063213
v 0.035136 0.089224 0.065640
v 0.033144 0.088177 0.070977
v 0.018421 0.090348 0.081203
v 0.028335 0.090883 0.043872
v 0.036061 0.088334 0.059992
v -0.002753 0.091987 0.077597
v 0.004523 0.096458 0.059607
v 0.007162 0.092522 0.040265
v -0.009661 0.092526 0.066347
v -0.006944 0.093613 0.058282
v -0.005295 0.092762 0.049906
v 0.094274 0.022960 0.010041
v 0.092861 0.021906 0.015184
v 0.102768 0.023777 0.018288
v 0.107836 0.026457 0.000497
v 0.092016 0.018947 0.019665
v 0.100164 0.012820 0.033206
v 0.122582 0.027519 0.024496
v 0.127650 0.030199 0.006705
v 0.119978 0.016561 0.039413
v 0.134462 0.031439 0.020066
v 0.132489 0.029390 0.027600
v 0.131083 0.025433 0.034471
v 0.102797 0.023163 0.017697
v 0.092890 0.021293 0.014593
v 0.094303 0.022346 0.009450
v 0.107865 0.025843 -0.000094
v 0.100193 0.012206 0.032615
v 0.092045 0.018333 0.019074
v 0.127679 0.029585 0.006114
v 0.122611 0.026905 0.023905
v 0.120007 0.015948 0.038822
v 0.134491 0.030826 0.019475
v 0.132518 0.028776 0.027009
v 0.131112 0.024820 0.033880
v -0.020095 0.082313 0.102748
v -0.027113 0.083879 0.107577
v -0.017631 0.092247 0.118647
v 0.006713 0.085559 0.102850
v -0.033091 0.082548 0.113702
v -0.037455 0.086360 0.140077
v 0.005214 0.094697 0.141227
v 0.029558 0.088010 0.125430
v -0.014610 0.088810 0.162658
v 0.028372 0.088817 0.145137
v 0.018125 0.090442 0.152686
v 0.008919 0.089170 0.161532
v -0.017602 0.091633 0.118056
v -0.027084 0.083265 0.106986
v -0.020065 0.081699 0.102157
v 0.006742 0.084946 0.102259
v -0.037426 0.085746 0.139486
v -0.033062 0.081934 0.113112
v 0.029587 0.087396 0.124839
v 0.005243 0.094084 0.140636
v -0.014581 0.088196 0.162067
v 0.028401 0.088203 0.144546
v 0.018154 0.089828 0.152095
v 0.008948 0.088556 0.160941
v 0.075385 0.073703 0.056975
v 0.074350 0.074751 0.062576
v 0.084067 0.080346 0.063327
v 0.088109 0.075874 0.044347
v 0.074420 0.073861 0.068299
v 0.084827 0.076409 0.082833
v 0.105546 0.081985 0.063202
v 0.109587 0.077513 0.044222
v 0.106305 0.078048 0.082708
v 0.118344 0.078053 0.054101
v 0.117068 0.079139 0.062515
v 0.116899 0.078288 0.071051
v 0.084102 0.079615 0.062623
v 0.074384 0.074019 0.061872
v 0.075420 0.072972 0.056270
v 0.088144 0.075143 0.043643
v 0.084862 0.075678 0.082129
v 0.074454 0.073129 0.067595
v 0.109622 0.076781 0.043518
v 0.105580 0.081253 0.062498
v 0.106340 0.077316 0.082004
v 0.118379 0.077321 0.053397
v 0.117103 0.078408 0.061811
v 0.116933 0.077557 0.070347
v 0.149094 0.066827 0.009135
v 0.157366 0.069315 0.009787
v 0.158276 0.070677 -0.006940
v 0.130327 0.060661 -0.009277
v 0.165979 0.068489 0.010189
v 0.187709 0.066310 -0.005694
v 0.158392 0.059089 -0.036997
v 0.130443 0.049072 -0.039334
v 0.187825 0.054721 -0.035752
v 0.145332 0.044902 -0.051637
v 0.157797 0.047803 -0.050723
v 0.170604 0.047390 -0.050059
v 0.158305 0.070064 -0.007531
v 0.157395 0.068701 0.009196
v 0.149124 0.066213 0.008544
v 0.130356 0.060047 -0.009868
v 0.187738 0.065696 -0.006285
v 0.166008 0.067875 0.009598
v 0.130473 0.048458 -0.039925
v 0.158421 0.058475 -0.037588
v 0.187854 0.054107 -0.036343
v 0.145361 0.044288 -0.052228
v 0.157826 0.047189 -0.051314
v 0.170633 0.046776 -0.050650
v 0.024800 0.032486 0.069785
v 0.023255 0.034437 0.078082
v 0.035205 0.046243 0.077530
v 0.041561 0.038500 0.049484
v 0.024054 0.034030 0.086697
v 0.039027 0.043749 0.106960
v 0.065599 0.056619 0.075027
v 0.071955 0.048876 0.046981
v 0.069421 0.054125 0.104456
v 0.085018 0.054394 0.060740
v 0.083288 0.056729 0.073238
v 0.083902 0.056706 0.086053
v 0.035234 0.045629 0.076939
v 0.023284 0.033823 0.077491
v 0.024829 0.031872 0.069194
v 0.041590 0.037887 0.048893
v 0.039056 0.043135 0.106369
v 0.024083 0.033416 0.086106
v 0.071984 0.048263 0.046390
v 0.065629 0.056005 0.074436
v 0.069451 0.053511 0.103865
v 0.085048 0.053780 0.060149
v 0.083318 0.056115 0.072647
v 0.083932 0.056092 0.085462
v -0.119179 0.065079 0.082264
v -0.120527 0.066576 0.074236
v -0.133943 0.074572 0.077978
v -0.130093 0.068182 0.105440
v -0.123418 0.065304 0.066585
v -0.144497 0.068946 0.052155
v -0.162724 0.076913 0.088643
v -0.158874 0.070523 0.116106
v -0.173278 0.071288 0.062820
v -0.175462 0.071294 0.107120
v -0.177862 0.072847 0.095197
v -0.181806 0.071631 0.083652
v -0.134163 0.073967 0.077437
v -0.120747 0.065970 0.073696
v -0.119400 0.064474 0.081724
v -0.130314 0.067576 0.104900
v -0.144717 0.068341 0.051615
v -0.123638 0.064699 0.066045
v -0.159094 0.069918 0.115565
v -0.162944 0.076308 0.088103
v -0.173498 0.070682 0.062280
v -0.175682 0.070689 0.106580
v -0.178082 0.072242 0.094657
v -0.182026 0.071026 0.083112
v -0.017454 0.084896 0.078753
v -0.016558 0.085439 0.074334
v -0.024024 0.090024 0.073383
v -0.027499 0.087477 0.088393
v -0.016577 0.084487 0.069893
v -0.024519 0.086087 0.058280
v -0.040816 0.091844 0.073157
v -0.044291 0.089296 0.088167
v -0.041311 0.087907 0.058054
v -0.051039 0.089492 0.080307
v -0.049925 0.089933 0.073687
v -0.049726 0.088880 0.067045
v -0.024244 0.089419 0.072843
v -0.016778 0.084833 0.073794
v -0.017674 0.084291 0.078213
v -0.027719 0.086871 0.087853
v -0.024739 0.085482 0.057740
v -0.016797 0.083882 0.069352
v -0.044511 0.088691 0.087626
v -0.041036 0.091239 0.072617
v -0.041531 0.087302 0.057514
v -0.051259 0.088887 0.079767
v -0.050145 0.089328 0.073146
v -0.049946 0.088275 0.066505
v -0.108696 0.017409 0.022996
v -0.114416 0.016369 0.023760
v -0.114913 0.016955 0.020837
v -0.110323 0.018899 0.012844
v -0.106504 0.011319 0.031122
v -0.113789 0.014724 0.026216
v -0.098884 0.020978 0.011317
v -0.097257 0.019489 0.021469
v -0.095065 0.013399 0.029595
v -0.092314 0.021668 0.016447
v -0.091538 0.020529 0.020705
v -0.090632 0.018330 0.024497
v -0.134166 0.038638 0.010901
v -0.126653 0.034250 0.009498
v -0.126301 0.033429 0.013951
v -0.133376 0.035131 0.026098
v -0.138701 0.035551 -0.003719
v -0.127868 0.033552 0.005177
v -0.149619 0.036416 0.030552
v -0.150410 0.039923 0.015355
v -0.154944 0.036836 0.000735
v -0.158256 0.036840 0.024846
v -0.158998 0.037691 0.018214
v -0.160602 0.037024 0.011714
vt 0.746500 0.335300
vt 0.746700 0.378000
vt 0.724700 0.378000
vt 0.724900 0.335300
vt 0.412900 0.335300
vt 0.413100 0.378000
vt 0.391100 0.378000
vt 0.391400 0.335300
vt 0.460600 0.335300
vt 0.460800 0.378000
vt 0.438700 0.378000
vt 0.439000 0.335300
vt 0.508200 0.335300
vt 0.508500 0.378000
vt 0.486400 0.378000
vt 0.486700 0.335300
vt 0.555800 0.335300
vt 0.556100 0.377900
vt 0.534100 0.377900
vt 0.534300 0.335200
vt 0.603400 0.335300
vt 0.603600 0.378000
vt 0.581600 0.377900
vt 0.581900 0.335300
vt 0.651200 0.335300
vt 0.651400 0.378000
vt 0.629400 0.378000
vt 0.629600 0.335300
vt 0.698800 0.335300
vt 0.699100 0.378000
vt 0.677000 0.378000
vt 0.677300 0.335300
vt 0.724700 0.288800
vt 0.746700 0.288800
vt 0.391100 0.288800
vt 0.413200 0.288800
vt 0.438800 0.288800
vt 0.460800 0.288800
vt 0.486400 0.288800
vt 0.508500 0.288800
vt 0.534100 0.288700
vt 0.556100 0.288700
vt 0.581700 0.288700
vt 0.603700 0.288700
vt 0.629400 0.288800
vt 0.651400 0.288800
vt 0.677000 0.288800
vt 0.699100 0.288800
vt 0.724600 0.239300
vt 0.746800 0.239300
vt 0.391000 0.239300
vt 0.413200 0.239300
vt 0.438700 0.239300
vt 0.460900 0.239300
vt 0.486300 0.239300
vt 0.508500 0.239300
vt 0.534000 0.239300
vt 0.556200 0.239300
vt 0.581600 0.239300
vt 0.603800 0.239300
vt 0.629300 0.239300
vt 0.651500 0.239300
vt 0.677000 0.239300
vt 0.699100 0.239300
vt 0.725100 0.188600
vt 0.747000 0.188600
vt 0.391100 0.188600
vt 0.413200 0.188600
vt 0.438800 0.188600
vt 0.460800 0.188600
vt 0.486400 0.188600
vt 0.508500 0.188600
vt 0.534100 0.188600
vt 0.556100 0.188600
vt 0.581700 0.188700
vt 0.603700 0.188700
vt 0.629400 0.188600
vt 0.651400 0.188600
vt 0.677000 0.188600
vt 0.699100 0.188600
vt 0.724900 0.138900
vt 0.746500 0.138900
vt 0.391400 0.138900
vt 0.412900 0.138900
vt 0.439000 0.138900
vt 0.460600 0.138900
vt 0.486700 0.138900
vt 0.508200 0.138900
vt 0.534300 0.138900
vt 0.555900 0.138900
vt 0.581900 0.139000
vt 0.603400 0.138900
vt 0.629600 0.138900
vt 0.651200 0.138900
vt 0.677300 0.138900
vt 0.698800 0.138900
vt 0.725700 0.091100
vt 0.745700 0.091100
vt 0.392200 0.091100
vt 0.412100 0.091100
vt 0.439800 0.091100
vt 0.459800 0.091100
vt 0.487500 0.091100
vt 0.507400 0.091100
vt 0.535100 0.091100
vt 0.555100 0.091100
vt 0.582700 0.091200
vt 0.602600 0.091100
vt 0.630400 0.091100
vt 0.650400 0.091100
vt 0.678100 0.091100
vt 0.698000 0.091100
vt 0.711900 0.333100
vt 0.711900 0.288100
vt 0.711900 0.240200
vt 0.711900 0.191000
vt 0.711900 0.142700
vt 0.711900 0.096200
vt 0.378300 0.096200
vt 0.378300 0.142700
vt 0.365300 0.138900
vt 0.364500 0.091100
vt 0.378300 0.191000
vt 0.365500 0.188600
vt 0.378300 0.240200
vt 0.365600 0.239300
vt 0.378300 0.288100
vt 0.365500 0.288800
vt 0.378300 0.333100
vt 0.365300 0.335300
vt 0.426000 0.096200
vt 0.426000 0.142700
vt 0.426000 0.191000
vt 0.426000 0.240200
vt 0.426000 0.288100
vt 0.426000 0.333100
vt 0.473600 0.096200
vt 0.473600 0.142700
vt 0.473600 0.191000
vt 0.473600 0.240200
vt 0.473600 0.288100
vt 0.473600 0.333100
vt 0.521300 0.096300
vt 0.521300 0.142700
vt 0.521300 0.191100
vt 0.521300 0.240200
vt 0.521300 0.288100
vt 0.521300 0.333000
vt 0.568900 0.096300
vt 0.568900 0.142800
vt 0.568900 0.191100
vt 0.568900 0.240200
vt 0.568900 0.288100
vt 0.568900 0.333000
vt 0.616500 0.096300
vt 0.616500 0.142800
vt 0.616500 0.191100
vt 0.616500 0.240200
vt 0.616500 0.288100
vt 0.616500 0.333100
vt 0.664200 0.096200
vt 0.664200 0.142700
vt 0.664200 0.191000
vt 0.664200 0.240200
vt 0.664200 0.288100
vt 0.664200 0.333100
vt 0.266800 0.385400
vt 0.211600 0.385400
vt 0.174100 0.237100
vt 0.200800 0.237100
vt 0.163900 0.385400
vt 0.107400 0.385400
vt 0.149200 0.237100
vt 0.065800 0.385400
vt 0.017000 0.385400
vt 0.127600 0.237100
vt 0.358200 0.386700
vt 0.335400 0.386700
vt 0.205800 0.238300
vt 0.315100 0.385400
vt 0.381600 0.064000
vt 0.706500 0.063500
vt 0.746500 0.063500
vt 0.423600 0.064000
vt 0.465300 0.064000
vt 0.521000 0.064000
vt 0.568600 0.064000
vt 0.616700 0.064000
vt 0.665100 0.064000
vt 0.521300 0.375000
vt 0.521400 0.406200
vt 0.473600 0.375100
vt 0.473600 0.406300
vt 0.425900 0.375100
vt 0.425700 0.406300
vt 0.365500 0.378000
vt 0.378300 0.375100
vt 0.377800 0.406300
vt 0.711900 0.375100
vt 0.711500 0.406300
vt 0.664200 0.375100
vt 0.664100 0.406300
vt 0.616500 0.375100
vt 0.616400 0.406200
vt 0.568800 0.375000
vt 0.568600 0.406200
vt 0.568700 0.413100
vt 0.521400 0.413100
vt 0.473800 0.413100
vt 0.426100 0.413200
vt 0.378400 0.413200
vt 0.759600 0.413200
vt 0.711800 0.413200
vt 0.759000 0.406300
vt 0.664100 0.413200
vt 0.616300 0.413100
vt 0.329500 0.102200
vt 0.328800 0.102400
vt 0.345600 0.090800
vt 0.346200 0.090500
vt 0.328500 0.102900
vt 0.345100 0.091200
vt 0.330500 0.101500
vt 0.330000 0.102000
vt 0.346600 0.090000
vt 0.347100 0.089600
vt 0.344900 0.088400
vt 0.344300 0.088700
vt 0.343600 0.085700
vt 0.344200 0.085600
vt 0.343700 0.089100
vt 0.343200 0.086100
vt 0.346100 0.087900
vt 0.345400 0.088200
vt 0.344700 0.085800
vt 0.345400 0.085700
vt 0.343600 0.084600
vt 0.344100 0.084400
vt 0.343000 0.084700
vt 0.344600 0.083900
vt 0.345200 0.083700
vt 0.342500 0.082800
vt 0.342300 0.083600
vt 0.339200 0.081000
vt 0.340100 0.080300
vt 0.342000 0.084400
vt 0.338800 0.081600
vt 0.343900 0.082200
vt 0.343300 0.082600
vt 0.340900 0.080200
vt 0.341500 0.079700
vt 0.337300 0.077200
vt 0.338500 0.076800
vt 0.336800 0.077600
vt 0.339200 0.076600
vt 0.339600 0.076500
vt 0.336800 0.074800
vt 0.337200 0.074700
vt 0.335500 0.074900
vt 0.339500 0.076200
vt 0.338300 0.074000
vt 0.338600 0.074000
vt 0.334300 0.070500
vt 0.334600 0.070000
vt 0.333200 0.070600
vt 0.338400 0.073800
vt 0.335500 0.069400
vt 0.336200 0.069600
vt 0.332000 0.063900
vt 0.332400 0.063700
vt 0.330900 0.064000
vt 0.333200 0.063300
vt 0.333900 0.063200
vt 0.330800 0.060700
vt 0.331300 0.060800
vt 0.329600 0.060800
vt 0.331900 0.060400
vt 0.332700 0.060100
vt 0.329900 0.056100
vt 0.330500 0.055200
vt 0.329000 0.055900
vt 0.331300 0.054800
vt 0.332100 0.055400
vt 0.329500 0.050100
vt 0.330200 0.049800
vt 0.328500 0.050000
vt 0.331000 0.049500
vt 0.331700 0.049600
vt 0.328700 0.045800
vt 0.329500 0.045800
vt 0.327900 0.045700
vt 0.330100 0.045700
vt 0.330900 0.045600
vt 0.329300 0.045900
vt 0.329100 0.041900
vt 0.329700 0.042100
vt 0.328200 0.041700
vt 0.330600 0.042000
vt 0.331200 0.041900
vt 0.329300 0.037400
vt 0.329500 0.037100
vt 0.328200 0.037300
vt 0.328000 0.037200
vt 0.330500 0.036900
vt 0.331100 0.037400
vt 0.328400 0.032300
vt 0.328900 0.032600
vt 0.327300 0.032300
vt 0.327200 0.032300
vt 0.329600 0.032500
vt 0.330300 0.032400
vt 0.326200 0.026600
vt 0.326800 0.026900
vt 0.325000 0.026600
vt 0.327400 0.026900
vt 0.328300 0.026600
vt 0.327500 0.022700
vt 0.328100 0.022900
vt 0.326300 0.022800
vt 0.328900 0.023000
vt 0.329700 0.022800
vt 0.326400 0.017700
vt 0.327100 0.017300
vt 0.325300 0.018100
vt 0.328100 0.017700
vt 0.328800 0.018100
vt 0.327100 0.010100
vt 0.328600 0.009700
vt 0.326700 0.010300
vt 0.330300 0.009900
vt 0.330400 0.010200
vt 0.344000 0.082900
vt 0.343400 0.083600
vt 0.343100 0.084300
vt 0.342600 0.084900
vt 0.344600 0.082600
vt 0.347900 0.085500
vt 0.347700 0.085400
vt 0.348200 0.084100
vt 0.348400 0.084200
vt 0.348800 0.086000
vt 0.348500 0.085700
vt 0.349000 0.084300
vt 0.349400 0.084500
vt 0.348300 0.085600
vt 0.348800 0.084200
vt 0.348900 0.082300
vt 0.349100 0.082300
vt 0.349700 0.082400
vt 0.350000 0.082400
vt 0.349500 0.082400
vt 0.348600 0.080300
vt 0.348800 0.080200
vt 0.349300 0.080000
vt 0.349600 0.079800
vt 0.349100 0.080100
vt 0.347900 0.079700
vt 0.348100 0.079500
vt 0.348200 0.078900
vt 0.348600 0.078800
vt 0.348100 0.079100
vt 0.345200 0.077900
vt 0.345300 0.077800
vt 0.345400 0.077500
vt 0.345500 0.077400
vt 0.345300 0.077600
vt 0.347600 0.086400
vt 0.347200 0.086300
vt 0.347000 0.086200
vt 0.348000 0.086900
vt 0.347800 0.086600
vt 0.786600 0.115000
vt 0.786600 0.091200
vt 0.833600 0.091200
vt 0.833600 0.171900
vt 0.786600 0.067500
vt 0.833600 0.010500
vt 0.927500 0.091200
vt 0.927500 0.171900
vt 0.927500 0.010500
vt 0.974500 0.126800
vt 0.974500 0.091200
vt 0.975100 0.056700
vt 0.730600 0.016800
vt 0.688000 0.018200
vt 0.641700 0.010400
vt 0.593600 0.009900
vt 0.545700 0.011400
vt 0.493700 0.000500
vt 0.446100 0.018300
vt 0.402600 0.019700
vt 0.786800 0.115000
vt 0.786800 0.091300
vt 0.833800 0.091300
vt 0.833800 0.172000
vt 0.786800 0.067500
vt 0.833800 0.010600
vt 0.927700 0.091300
vt 0.927700 0.172000
vt 0.927700 0.010600
vt 0.974700 0.126800
vt 0.974700 0.091300
vt 0.975300 0.056800
vt 0.349800 0.064600
vt 0.349800 0.064100
vt 0.349800 0.064000
vt 0.349900 0.064500
vt 0.833600 0.091200
vt 0.786600 0.091200
vt 0.786600 0.115000
vt 0.833600 0.171900
vt 0.833600 0.010500
vt 0.786600 0.067500
vt 0.927500 0.171900
vt 0.927500 0.091200
vt 0.927500 0.010500
vt 0.974500 0.126800
vt 0.974500 0.091200
vt 0.975100 0.056700
vt 0.833800 0.091300
vt 0.786800 0.091300
vt 0.786800 0.115000
vt 0.833800 0.172000
vt 0.833800 0.010600
vt 0.786800 0.067500
vt 0.927700 0.172000
vt 0.927700 0.091300
vt 0.927700 0.010600
vt 0.974700 0.126800
vt 0.974700 0.091300
vt 0.975300 0.056800
vt 0.341900 0.061000
vt 0.341500 0.061100
vt 0.341500 0.060800
vt 0.341900 0.060800
vt 0.786600 0.115000
vt 0.786600 0.091200
vt 0.833600 0.091200
vt 0.833600 0.171900
vt 0.786600 0.067500
vt 0.833600 0.010500
vt 0.927500 0.091200
vt 0.927500 0.171900
vt 0.927500 0.010500
vt 0.974500 0.126800
vt 0.974500 0.091200
vt 0.975100 0.056700
vt 0.833600 0.091200
vt 0.786600 0.091200
vt 0.786600 0.115000
vt 0.833600 0.171900
vt 0.833600 0.010500
vt 0.786600 0.067500
vt 0.927500 0.171900
vt 0.927500 0.091200
vt 0.927500 0.010500
vt 0.974500 0.126800
vt 0.974500 0.091200
vt 0.975100 0.056700
vt 0.786600 0.115000
vt 0.786600 0.091200
vt 0.833600 0.091200
vt 0.833600 0.171900
vt 0.786600 0.067500
vt 0.833600 0.010500
vt 0.927500 0.091200
vt 0.927500 0.171900
vt 0.927500 0.010500
vt 0.974500 0.126800
vt 0.974500 0.091200
vt 0.975100 0.056700
vt 0.833600 0.091200
vt 0.786600 0.091200
vt 0.786600 0.115000
vt 0.833600 0.171900
vt 0.833600 0.010500
vt 0.786600 0.067500
vt 0.927500 0.171900
vt 0.927500 0.091200
vt 0.927500 0.010500
vt 0.974500 0.126800
vt 0.974500 0.091200
vt 0.975100 0.056700
vt 0.355900 0.064500
vt 0.355500 0.064800
vt 0.353600 0.062200
vt 0.354000 0.062100
vt 0.354800 0.065000
vt 0.353000 0.062300
vt 0.354400 0.065300
vt 0.352600 0.062500
vt 0.353900 0.065700
vt 0.352000 0.062700
vt 0.353400 0.059900
vt 0.353800 0.060000
vt 0.352700 0.060000
vt 0.352200 0.060000
vt 0.351700 0.059800
vt 0.354400 0.054200
vt 0.354500 0.054200
vt 0.354300 0.054100
vt 0.354100 0.054100
vt 0.353900 0.054300
vt 0.354900 0.066200
vt 0.354300 0.066600
vt 0.356300 0.065300
vt 0.356200 0.065400
vt 0.355600 0.065800
vt 0.353900 0.054100
vt 0.354000 0.054000
vt 0.330200 0.025100
vt 0.331500 0.024500
vt 0.336700 0.031700
vt 0.335800 0.032700
vt 0.333300 0.023600
vt 0.337800 0.030100
vt 0.327800 0.027700
vt 0.328800 0.026700
vt 0.334400 0.034300
vt 0.333600 0.035300
vt 0.341300 0.034100
vt 0.341000 0.035300
vt 0.341200 0.032600
vt 0.340600 0.037400
vt 0.340800 0.038600
vt 0.356300 0.029400
vt 0.356400 0.029700
vt 0.356500 0.028800
vt 0.356700 0.030200
vt 0.356700 0.030500
vt 0.327200 0.023600
vt 0.328900 0.022500
vt 0.329600 0.022500
vt 0.330500 0.022100
vt 0.325700 0.024500
vt 0.356700 0.029500
vt 0.356900 0.030000
vt 0.335200 0.052200
vt 0.335500 0.051800
vt 0.338000 0.053400
vt 0.337800 0.053800
vt 0.335900 0.051300
vt 0.338500 0.052900
vt 0.336100 0.050900
vt 0.338800 0.052700
vt 0.336400 0.050300
vt 0.339200 0.052300
vt 0.339100 0.055000
vt 0.338700 0.055100
vt 0.339700 0.054800
vt 0.340000 0.054700
vt 0.340600 0.054600
vt 0.339700 0.060500
vt 0.339600 0.060500
vt 0.339800 0.060600
vt 0.339900 0.060500
vt 0.340000 0.060300
vt 0.335300 0.050300
vt 0.335700 0.049800
vt 0.334500 0.051600
vt 0.334600 0.051500
vt 0.334800 0.050900
vt 0.339700 0.060700
vt 0.339600 0.060600
vt 0.349700 0.009700
vt 0.350000 0.010300
vt 0.346400 0.013000
vt 0.345900 0.012600
vt 0.350500 0.011300
vt 0.347100 0.013600
vt 0.348400 0.008500
vt 0.348900 0.009000
vt 0.345100 0.011800
vt 0.344500 0.011400
vt 0.345100 0.015200
vt 0.344500 0.015100
vt 0.345800 0.015200
vt 0.343500 0.014900
vt 0.342900 0.014900
vt 0.347500 0.022900
vt 0.347400 0.022900
vt 0.347800 0.023000
vt 0.347200 0.023100
vt 0.347000 0.023200
vt 0.350400 0.008200
vt 0.351000 0.009100
vt 0.351100 0.009400
vt 0.351300 0.009800
vt 0.350000 0.007500
vt 0.347500 0.023100
vt 0.347200 0.023200
vt 0.327800 0.021300
vt 0.327600 0.020900
vt 0.330100 0.019300
vt 0.330300 0.019800
vt 0.327200 0.020200
vt 0.329800 0.018600
vt 0.326900 0.019800
vt 0.329500 0.018200
vt 0.326300 0.019300
vt 0.329000 0.017500
vt 0.333600 0.017200
vt 0.333900 0.017600
vt 0.333300 0.016400
vt 0.333300 0.015900
vt 0.333000 0.015200
vt 0.337900 0.016900
vt 0.337700 0.017400
vt 0.338000 0.016100
vt 0.338100 0.015700
vt 0.338300 0.015200
vt 0.339600 0.018000
vt 0.339300 0.018300
vt 0.340300 0.017700
vt 0.340600 0.017400
vt 0.340800 0.016700
vt 0.344100 0.022900
vt 0.343900 0.023000
vt 0.344400 0.022700
vt 0.344600 0.022600
vt 0.344700 0.022200
vt 0.325600 0.021600
vt 0.324700 0.021400
vt 0.325900 0.022600
vt 0.326000 0.022400
vt 0.326000 0.021800
vt 0.337600 0.067100
vt 0.337500 0.067500
vt 0.337300 0.067500
vt 0.337300 0.067200
vt 0.348300 0.078000
vt 0.347800 0.078600
vt 0.339900 0.076100
vt 0.340300 0.075600
vt 0.347100 0.079900
vt 0.339400 0.077300
vt 0.347200 0.080600
vt 0.339400 0.077900
vt 0.347000 0.082100
vt 0.339200 0.079200
vt 0.334600 0.074500
vt 0.334400 0.075100
vt 0.331600 0.071100
vt 0.332200 0.070800
vt 0.333300 0.075700
vt 0.330600 0.071700
vt 0.332900 0.076100
vt 0.329900 0.071900
vt 0.332700 0.077100
vt 0.328900 0.072200
vt 0.331300 0.068300
vt 0.331900 0.068500
vt 0.330200 0.068500
vt 0.329600 0.068300
vt 0.329100 0.067800
vt 0.333300 0.065600
vt 0.333800 0.065900
vt 0.332900 0.064600
vt 0.332400 0.064200
vt 0.331600 0.063700
vt 0.334700 0.065100
vt 0.334500 0.064600
vt 0.337400 0.064300
vt 0.337100 0.064800
vt 0.334900 0.063400
vt 0.337800 0.063100
vt 0.334700 0.062700
vt 0.338000 0.062500
vt 0.333800 0.062100
vt 0.338400 0.062000
vt 0.338800 0.066300
vt 0.338200 0.066600
vt 0.339800 0.065700
vt 0.340300 0.065700
vt 0.341000 0.065800
vt 0.338400 0.068400
vt 0.337900 0.068100
vt 0.338600 0.069800
vt 0.339000 0.070200
vt 0.340000 0.070200
vt 0.336600 0.069900
vt 0.336400 0.069300
vt 0.336200 0.071100
vt 0.336400 0.071800
vt 0.337300 0.072400
vt 0.335100 0.070100
vt 0.335400 0.069600
vt 0.334800 0.071300
vt 0.334600 0.071900
vt 0.334300 0.072200
vt 0.334500 0.068600
vt 0.335000 0.068600
vt 0.333400 0.069000
vt 0.332800 0.069000
vt 0.332300 0.068900
vt 0.335100 0.067700
vt 0.335200 0.068300
vt 0.334800 0.066700
vt 0.334500 0.066200
vt 0.334400 0.066000
vt 0.336900 0.067600
vt 0.337000 0.067000
vt 0.337100 0.066900
vt 0.345600 0.091700
vt 0.345500 0.091500
vt 0.349400 0.088300
vt 0.349500 0.088600
vt 0.346300 0.092700
vt 0.346200 0.092200
vt 0.350000 0.089300
vt 0.350200 0.089700
vt 0.346000 0.092000
vt 0.349800 0.089000
vt 0.352100 0.086900
vt 0.352300 0.087200
vt 0.352600 0.087900
vt 0.352900 0.088200
vt 0.352500 0.087600
vt 0.354500 0.085000
vt 0.354700 0.085200
vt 0.355400 0.085800
vt 0.355500 0.086300
vt 0.355200 0.085500
vt 0.344600 0.092500
vt 0.344200 0.092200
vt 0.344200 0.092000
vt 0.344600 0.093300
vt 0.344700 0.092700
vt 0.344500 0.022900
vt 0.344200 0.023100
vt 0.355000 0.069100
vt 0.354500 0.069600
vt 0.353600 0.068300
vt 0.354300 0.068000
vt 0.353800 0.069500
vt 0.353300 0.068900
vt 0.355900 0.068600
vt 0.355300 0.068700
vt 0.354700 0.067800
vt 0.355200 0.067400
vt 0.352900 0.066500
vt 0.352500 0.067100
vt 0.351100 0.066100
vt 0.351300 0.065500
vt 0.352100 0.067600
vt 0.350700 0.066700
vt 0.353700 0.065600
vt 0.353300 0.066200
vt 0.351500 0.065100
vt 0.351900 0.064500
vt 0.349600 0.065300
vt 0.349600 0.064700
vt 0.349300 0.065900
vt 0.349700 0.064300
vt 0.350000 0.063700
vt 0.348300 0.065100
vt 0.348600 0.064500
vt 0.348000 0.065700
vt 0.348700 0.064000
vt 0.348800 0.063400
vt 0.347100 0.064600
vt 0.347500 0.063900
vt 0.346900 0.065300
vt 0.347500 0.063500
vt 0.347600 0.062700
vt 0.344700 0.064500
vt 0.345100 0.063700
vt 0.344600 0.064800
vt 0.344500 0.064900
vt 0.345200 0.062800
vt 0.345300 0.062700
vt 0.345100 0.063200
vt 0.343500 0.063900
vt 0.343900 0.063100
vt 0.343400 0.064200
vt 0.343800 0.064500
vt 0.344200 0.062200
vt 0.344500 0.062100
vt 0.344100 0.062600
vt 0.341600 0.062600
vt 0.342200 0.061900
vt 0.343000 0.064000
vt 0.341100 0.063000
vt 0.342400 0.061400
vt 0.342800 0.060900
vt 0.339700 0.060700
vt 0.340300 0.060100
vt 0.339100 0.061000
vt 0.340700 0.059700
vt 0.341300 0.059300
vt 0.338600 0.058200
vt 0.339400 0.057800
vt 0.338100 0.058200
vt 0.341400 0.059600
vt 0.339900 0.057800
vt 0.340600 0.057900
vt 0.338700 0.056300
vt 0.339600 0.056500
vt 0.338200 0.056100
vt 0.340100 0.056500
vt 0.340800 0.056600
vt 0.339600 0.056400
vt 0.339400 0.054500
vt 0.340200 0.054900
vt 0.338900 0.054200
vt 0.340600 0.055000
vt 0.341400 0.055100
vt 0.340200 0.055000
vt 0.340100 0.053100
vt 0.340900 0.053500
vt 0.339000 0.054100
vt 0.339700 0.052700
vt 0.341300 0.053600
vt 0.342000 0.053700
vt 0.341700 0.050200
vt 0.342200 0.050800
vt 0.341200 0.049800
vt 0.342600 0.051100
vt 0.343200 0.051300
vt 0.342100 0.050800
vt 0.344000 0.048200
vt 0.344200 0.049000
vt 0.343700 0.047600
vt 0.343100 0.051300
vt 0.342500 0.051100
vt 0.344500 0.049300
vt 0.345000 0.049800
vt 0.346600 0.047200
vt 0.346900 0.048000
vt 0.346700 0.046600
vt 0.347100 0.048400
vt 0.347100 0.049100
vt 0.346900 0.047900
vt 0.350200 0.047300
vt 0.350400 0.047900
vt 0.350000 0.046600
vt 0.350500 0.048300
vt 0.350800 0.048900
vt 0.353400 0.044800
vt 0.354000 0.045200
vt 0.353000 0.044400
vt 0.354300 0.045300
vt 0.354700 0.045500
vt 0.353800 0.043500
vt 0.354500 0.043700
vt 0.353400 0.043400
vt 0.354800 0.043800
vt 0.355300 0.043900
vt 0.354400 0.043500
vt 0.353800 0.040100
vt 0.354300 0.040100
vt 0.353300 0.040100
vt 0.355200 0.043400
vt 0.354700 0.043400
vt 0.354600 0.040100
vt 0.355200 0.040100
vt 0.354300 0.039900
vt 0.353000 0.036800
vt 0.353400 0.036600
vt 0.352600 0.036800
vt 0.355100 0.039700
vt 0.354600 0.039800
vt 0.353700 0.036500
vt 0.354100 0.036400
vt 0.353400 0.036900
vt 0.353000 0.035000
vt 0.353200 0.034900
vt 0.352800 0.035000
vt 0.354000 0.036800
vt 0.353700 0.037000
vt 0.353300 0.034800
vt 0.353600 0.034700
vt 0.353200 0.035200
vt 0.353800 0.033200
vt 0.354000 0.033200
vt 0.353800 0.033000
vt 0.353600 0.035100
vt 0.353400 0.035100
vt 0.354100 0.033200
vt 0.354200 0.033300
vt 0.353900 0.033400
vt 0.354600 0.032600
vt 0.354700 0.032600
vt 0.354600 0.032500
vt 0.354200 0.033400
vt 0.354000 0.033400
vt 0.354700 0.032600
vt 0.354700 0.032700
vt 0.355400 0.070300
vt 0.354700 0.070500
vt 0.354000 0.070300
vt 0.356300 0.069800
vt 0.355800 0.070000
vt 0.356200 0.075400
vt 0.355600 0.075100
vt 0.355100 0.074900
vt 0.357200 0.075300
vt 0.356700 0.075300
vt 0.354700 0.032500
vt 0.354700 0.032500
vt 0.334500 0.054200
vt 0.334400 0.054300
vt 0.334300 0.054200
vt 0.334500 0.054200
vt 0.356900 0.026200
vt 0.356300 0.026600
vt 0.355100 0.025100
vt 0.355600 0.024800
vt 0.356100 0.027500
vt 0.354300 0.025800
vt 0.358200 0.025300
vt 0.357900 0.025700
vt 0.356000 0.024200
vt 0.356200 0.024000
vt 0.352500 0.022500
vt 0.353000 0.022200
vt 0.351900 0.023300
vt 0.353800 0.021500
vt 0.354200 0.021100
vt 0.350000 0.019600
vt 0.350600 0.019300
vt 0.349000 0.019800
vt 0.351800 0.018500
vt 0.352200 0.018100
vt 0.349700 0.014900
vt 0.350100 0.015000
vt 0.349100 0.014600
vt 0.352200 0.018400
vt 0.351400 0.015300
vt 0.351800 0.015400
vt 0.351700 0.012600
vt 0.352300 0.012700
vt 0.351000 0.012000
vt 0.353000 0.013300
vt 0.353400 0.013700
vt 0.353600 0.010300
vt 0.354000 0.010700
vt 0.352700 0.010000
vt 0.354400 0.011500
vt 0.354800 0.011900
vt 0.327800 0.056000
vt 0.328200 0.055600
vt 0.330200 0.058100
vt 0.330000 0.058500
vt 0.329200 0.055300
vt 0.330600 0.057100
vt 0.327000 0.057500
vt 0.327400 0.057000
vt 0.329500 0.059000
vt 0.329500 0.059700
vt 0.333800 0.058600
vt 0.334000 0.059000
vt 0.333700 0.057500
vt 0.334300 0.059700
vt 0.334400 0.060100
vt 0.335800 0.057000
vt 0.336100 0.057100
vt 0.334800 0.056900
vt 0.336300 0.057000
vt 0.336700 0.057000
vt 0.334700 0.054400
vt 0.334800 0.054300
vt 0.334800 0.054300
vt 0.354800 0.077600
vt 0.352100 0.083300
vt 0.351600 0.083000
vt 0.354400 0.077000
vt 0.351200 0.082800
vt 0.353900 0.076700
vt 0.352900 0.083900
vt 0.352700 0.083600
vt 0.355400 0.077700
vt 0.355900 0.077700
vt 0.786800 0.115000
vt 0.786800 0.091300
vt 0.833800 0.091300
vt 0.833800 0.172000
vt 0.786800 0.067500
vt 0.833800 0.010600
vt 0.927700 0.091300
vt 0.927700 0.172000
vt 0.927700 0.010600
vt 0.974700 0.126800
vt 0.974700 0.091300
vt 0.975300 0.056800
vt 0.786800 0.115000
vt 0.786800 0.091300
vt 0.833800 0.091300
vt 0.833800 0.172000
vt 0.786800 0.067500
vt 0.833800 0.010600
vt 0.927700 0.091300
vt 0.927700 0.172000
vt 0.927700 0.010600
vt 0.974700 0.126800
vt 0.974700 0.091300
vt 0.975300 0.056800
vt 0.833800 0.091300
vt 0.786800 0.091300
vt 0.786800 0.115000
vt 0.833800 0.172000
vt 0.833800 0.010600
vt 0.786800 0.067500
vt 0.927700 0.172000
vt 0.927700 0.091300
vt 0.927700 0.010600
vt 0.974700 0.126800
vt 0.974700 0.091300
vt 0.975300 0.056800
vt 0.833800 0.091300
vt 0.786800 0.091300
vt 0.786800 0.115000
vt 0.833800 0.172000
vt 0.833800 0.010600
vt 0.786800 0.067500
vt 0.927700 0.172000
vt 0.927700 0.091300
vt 0.927700 0.010600
vt 0.974700 0.126800
vt 0.974700 0.091300
vt 0.975300 0.056800
vt 0.786600 0.115000
vt 0.786600 0.091200
vt 0.833600 0.091200
vt 0.833600 0.171900
vt 0.786600 0.067500
vt 0.833600 0.010500
vt 0.927500 0.091200
vt 0.927500 0.171900
vt 0.927500 0.010500
vt 0.974500 0.126800
vt 0.974500 0.091200
vt 0.975100 0.056700
vt 0.833600 0.091200
vt 0.786600 0.091200
vt 0.786600 0.115000
vt 0.833600 0.171900
vt 0.833600 0.010500
vt 0.786600 0.067500
vt 0.927500 0.171900
vt 0.927500 0.091200
vt 0.927500 0.010500
vt 0.974500 0.126800
vt 0.974500 0.091200
vt 0.975100 0.056700
vt 0.786800 0.115000
vt 0.786800 0.091300
vt 0.833800 0.091300
vt 0.833800 0.172000
vt 0.786800 0.067500
vt 0.833800 0.010600
vt 0.927700 0.091300
vt 0.927700 0.172000
vt 0.927700 0.010600
vt 0.974700 0.126800
vt 0.974700 0.091300
vt 0.975300 0.056800
vt 0.786800 0.115000
vt 0.786800 0.091300
vt 0.833800 0.091300
vt 0.833800 0.172000
vt 0.786800 0.067500
vt 0.833800 0.010600
vt 0.927700 0.091300
vt 0.927700 0.172000
vt 0.927700 0.010600
vt 0.974700 0.126800
vt 0.974700 0.091300
vt 0.975300 0.056800
vt 0.786800 0.115000
vt 0.786800 0.091300
vt 0.833800 0.091300
vt 0.833800 0.172000
vt 0.786800 0.067500
vt 0.833800 0.010600
vt 0.927700 0.091300
vt 0.927700 0.172000
vt 0.927700 0.010600
vt 0.974700 0.126800
vt 0.974700 0.091300
vt 0.975300 0.056800
vt 0.833800 0.091300
vt 0.786800 0.091300
vt 0.786800 0.115000
vt 0.833800 0.172000
vt 0.833800 0.010600
vt 0.786800 0.067500
vt 0.927700 0.172000
vt 0.927700 0.091300
vt 0.927700 0.010600
vt 0.974700 0.126800
vt 0.974700 0.091300
vt 0.975300 0.056800
vt 0.786800 0.115000
vt 0.786800 0.091300
vt 0.833800 0.091300
vt 0.833800 0.172000
vt 0.786800 0.067500
vt 0.833800 0.010600
vt 0.927700 0.091300
vt 0.927700 0.172000
vt 0.927700 0.010600
vt 0.974700 0.126800
vt 0.974700 0.091300
vt 0.975300 0.056800
vt 0.833800 0.091300
vt 0.786800 0.091300
vt 0.786800 0.115000
vt 0.833800 0.172000
vt 0.833800 0.010600
vt 0.786800 0.067500
vt 0.927700 0.172000
vt 0.927700 0.091300
vt 0.927700 0.010600
vt 0.974700 0.126800
vt 0.974700 0.091300
vt 0.975300 0.056800
vt 0.786800 0.115000
vt 0.786800 0.091300
vt 0.833800 0.091300
vt 0.833800 0.172000
vt 0.786800 0.067500
vt 0.833800 0.010600
vt 0.927700 0.091300
vt 0.927700 0.172000
vt 0.927700 0.010600
vt 0.974700 0.126800
vt 0.974700 0.091300
vt 0.975300 0.056800
vt 0.833800 0.091300
vt 0.786800 0.091300
vt 0.786800 0.115000
vt 0.833800 0.172000
vt 0.833800 0.010600
vt 0.786800 0.067500
vt 0.927700 0.172000
vt 0.927700 0.091300
vt 0.927700 0.010600
vt 0.974700 0.126800
vt 0.974700 0.091300
vt 0.975300 0.056800
vt 0.786800 0.115000
vt 0.786800 0.091300
vt 0.833800 0.091300
vt 0.833800 0.172000
vt 0.786800 0.067500
vt 0.833800 0.010600
vt 0.927700 0.091300
vt 0.927700 0.172000
vt 0.927700 0.010600
vt 0.974700 0.126800
vt 0.974700 0.091300
vt 0.975300 0.056800
vt 0.833800 0.091300
vt 0.786800 0.091300
vt 0.786800 0.115000
vt 0.833800 0.172000
vt 0.833800 0.010600
vt 0.786800 0.067500
vt 0.927700 0.172000
vt 0.927700 0.091300
vt 0.927700 0.010600
vt 0.974700 0.126800
vt 0.974700 0.091300
vt 0.975300 0.056800
vt 0.786800 0.115000
vt 0.786800 0.091300
vt 0.833800 0.091300
vt 0.833800 0.172000
vt 0.786800 0.067500
vt 0.833800 0.010600
vt 0.927700 0.091300
vt 0.927700 0.172000
vt 0.927700 0.010600
vt 0.974700 0.126800
vt 0.974700 0.091300
vt 0.975300 0.056800
vt 0.833800 0.091300
vt 0.786800 0.091300
vt 0.786800 0.115000
vt 0.833800 0.172000
vt 0.833800 0.010600
vt 0.786800 0.067500
vt 0.927700 0.172000
vt 0.927700 0.091300
vt 0.927700 0.010600
vt 0.974700 0.126800
vt 0.974700 0.091300
vt 0.975300 0.056800
vt 0.786800 0.115000
vt 0.786800 0.091300
vt 0.833800 0.091300
vt 0.833800 0.172000
vt 0.786800 0.067500
vt 0.833800 0.010600
vt 0.927700 0.091300
vt 0.927700 0.172000
vt 0.927700 0.010600
vt 0.974700 0.126800
vt 0.974700 0.091300
vt 0.975300 0.056800
vt 0.833800 0.091300
vt 0.786800 0.091300
vt 0.786800 0.115000
vt 0.833800 0.172000
vt 0.833800 0.010600
vt 0.786800 0.067500
vt 0.927700 0.172000
vt 0.927700 0.091300
vt 0.927700 0.010600
vt 0.974700 0.126800
vt 0.974700 0.091300
vt 0.975300 0.056800
vt 0.786800 0.115000
vt 0.786800 0.091300
vt 0.833800 0.091300
vt 0.833800 0.172000
vt 0.786800 0.067500
vt 0.833800 0.010600
vt 0.927700 0.091300
vt 0.927700 0.172000
vt 0.927700 0.010600
vt 0.974700 0.126800
vt 0.974700 0.091300
vt 0.975300 0.056800
vt 0.833800 0.091300
vt 0.786800 0.091300
vt 0.786800 0.115000
vt 0.833800 0.172000
vt 0.833800 0.010600
vt 0.786800 0.067500
vt 0.927700 0.172000
vt 0.927700 0.091300
vt 0.927700 0.010600
vt 0.974700 0.126800
vt 0.974700 0.091300
vt 0.975300 0.056800
vt 0.786800 0.115000
vt 0.786800 0.091300
vt 0.833800 0.091300
vt 0.833800 0.172000
vt 0.786800 0.067500
vt 0.833800 0.010600
vt 0.927700 0.091300
vt 0.927700 0.172000
vt 0.927700 0.010600
vt 0.974700 0.126800
vt 0.974700 0.091300
vt 0.975300 0.056800
vt 0.833800 0.091300
vt 0.786800 0.091300
vt 0.786800 0.115000
vt 0.833800 0.172000
vt 0.833800 0.010600
vt 0.786800 0.067500
vt 0.927700 0.172000
vt 0.927700 0.091300
vt 0.927700 0.010600
vt 0.974700 0.126800
vt 0.974700 0.091300
vt 0.975300 0.056800
vt 0.786800 0.115000
vt 0.786800 0.091300
vt 0.833800 0.091300
vt 0.833800 0.172000
vt 0.786800 0.067500
vt 0.833800 0.010600
vt 0.927700 0.091300
vt 0.927700 0.172000
vt 0.927700 0.010600
vt 0.974700 0.126800
vt 0.974700 0.091300
vt 0.975300 0.056800
vt 0.833800 0.091300
vt 0.786800 0.091300
vt 0.786800 0.115000
vt 0.833800 0.172000
vt 0.833800 0.010600
vt 0.786800 0.067500
vt 0.927700 0.172000
vt 0.927700 0.091300
vt 0.927700 0.010600
vt 0.974700 0.126800
vt 0.974700 0.091300
vt 0.975300 0.056800
vt 0.786800 0.115000
vt 0.786800 0.091300
vt 0.833800 0.091300
vt 0.833800 0.172000
vt 0.786800 0.067500
vt 0.833800 0.010600
vt 0.927700 0.091300
vt 0.927700 0.172000
vt 0.927700 0.010600
vt 0.974700 0.126800
vt 0.974700 0.091300
vt 0.975300 0.056800
vt 0.833800 0.091300
vt 0.786800 0.091300
vt 0.786800 0.115000
vt 0.833800 0.172000
vt 0.833800 0.010600
vt 0.786800 0.067500
vt 0.927700 0.172000
vt 0.927700 0.091300
vt 0.927700 0.010600
vt 0.974700 0.126800
vt 0.974700 0.091300
vt 0.975300 0.056800
vt 0.833800 0.091300
vt 0.786800 0.091300
vt 0.786800 0.115000
vt 0.833800 0.172000
vt 0.833800 0.010600
vt 0.786800 0.067500
vt 0.927700 0.172000
vt 0.927700 0.091300
vt 0.927700 0.010600
vt 0.974700 0.126800
vt 0.974700 0.091300
vt 0.975300 0.056800
vt 0.833800 0.091300
vt 0.786800 0.091300
vt 0.786800 0.115000
vt 0.833800 0.172000
vt 0.833800 0.010600
vt 0.786800 0.067500
vt 0.927700 0.172000
vt 0.927700 0.091300
vt 0.927700 0.010600
vt 0.974700 0.126800
vt 0.974700 0.091300
vt 0.975300 0.056800
vn -0.2011 0.7682 -0.6079
vn -0.2349 0.9574 -0.1682
vn 0.5856 0.8080 -0.0651
vn 0.6034 0.6144 -0.5084
vn -0.5495 0.8098 -0.2055
vn -0.2826 0.9488 0.1412
vn 0.3678 0.8566 -0.3620
vn 0.0723 0.7223 -0.6878
vn -0.5270 0.7868 0.3212
vn -0.0950 0.9067 0.4110
vn 0.0063 0.9159 -0.4013
vn -0.4129 0.7959 -0.4428
vn -0.1398 0.7118 0.6883
vn 0.2449 0.8483 0.4696
vn -0.2592 0.9485 -0.1819
vn -0.5873 0.8076 0.0542
vn 0.3986 0.6525 0.6445
vn 0.5230 0.8128 0.2566
vn -0.2956 0.9440 0.1464
vn -0.3804 0.7629 0.5228
vn 0.7366 0.6519 0.1801
vn 0.5880 0.8057 -0.0714
vn -0.0716 0.9084 0.4120
vn 0.0997 0.7387 0.6667
vn 0.6612 0.7025 -0.2634
vn 0.4119 0.8496 -0.3295
vn 0.2989 0.8334 0.4649
vn 0.5399 0.6854 0.4886
vn 0.3833 0.7127 -0.5875
vn 0.0743 0.9347 -0.3477
vn 0.5651 0.7750 0.2830
vn 0.7936 0.6059 0.0560
vn 0.4718 0.6245 -0.6224
vn -0.1765 0.7263 -0.6643
vn -0.0330 0.6575 -0.7528
vn -0.5911 0.7507 -0.2949
vn -0.5307 0.7279 -0.4341
vn -0.6157 0.7420 0.2651
vn -0.6392 0.7615 0.1073
vn -0.2575 0.6949 0.6714
vn -0.3578 0.7370 0.5734
vn 0.2195 0.6166 0.7561
vn 0.1895 0.6454 0.7400
vn 0.7526 0.4981 0.4307
vn 0.7300 0.5051 0.4604
vn 0.8387 0.5074 -0.1979
vn 0.8194 0.5542 -0.1467
vn 0.3905 0.6760 -0.6249
vn 0.5138 0.1172 -0.8499
vn -0.1941 0.3324 -0.9229
vn -0.1939 0.3770 -0.9057
vn -0.7179 0.5332 -0.4476
vn -0.7128 0.5402 -0.4474
vn -0.8260 0.5193 0.2191
vn -0.8402 0.4900 0.2322
vn -0.4650 0.2969 0.8340
vn -0.4539 0.2444 0.8569
vn 0.2416 0.0471 0.9692
vn 0.2649 -0.0155 0.9642
vn 0.8127 -0.2057 0.5452
vn 0.8191 -0.2837 0.4986
vn 0.9345 -0.2780 -0.2224
vn 0.9434 -0.2077 -0.2585
vn 0.5254 0.0153 -0.8507
vn 0.3033 -0.7429 -0.5968
vn -0.3060 -0.5374 -0.7858
vn -0.2741 -0.4894 -0.8278
vn -0.8298 -0.3395 -0.4429
vn -0.8170 -0.3289 -0.4737
vn -0.9145 -0.3477 0.2071
vn -0.9065 -0.3860 0.1709
vn -0.4817 -0.5598 0.6742
vn -0.4934 -0.6068 0.6232
vn 0.1162 -0.7846 0.6090
vn 0.0732 -0.7819 0.6191
vn 0.4296 -0.8667 0.2535
vn 0.3883 -0.8696 0.3048
vn 0.4465 -0.8770 -0.1776
vn 0.4647 -0.8778 -0.1159
vn 0.2241 -0.7821 -0.5814
vn 0.1665 -0.9485 -0.2696
vn -0.2118 -0.9210 -0.3270
vn -0.0805 -0.9301 -0.3584
vn -0.3967 -0.9081 -0.1339
vn -0.3310 -0.9063 -0.2628
vn -0.3715 -0.9193 0.1300
vn -0.4350 -0.9004 -0.0019
vn -0.1604 -0.9413 0.2971
vn -0.2953 -0.9178 0.2652
vn 0.1052 -0.9529 0.2845
vn -0.0612 -0.9280 0.3674
vn 0.3087 -0.9488 0.0676
vn 0.1779 -0.9460 0.2711
vn 0.2468 -0.9369 -0.2476
vn 0.2776 -0.9599 -0.0386
vn 0.0367 -0.9351 -0.3525
vn 0.1822 -0.9679 -0.1730
vn -0.3544 -0.8950 -0.2709
vn -0.0005 -0.9555 -0.2949
vn -0.3914 -0.9196 -0.0324
vn -0.2124 -0.9391 -0.2701
vn -0.2910 -0.9386 0.1854
vn -0.3653 -0.9206 -0.1381
vn -0.0544 -0.9526 0.2993
vn -0.4177 -0.9042 0.0886
vn 0.1635 -0.9636 0.2115
vn -0.2210 -0.9271 0.3027
vn 0.2639 -0.9640 -0.0337
vn 0.0602 -0.9591 0.2767
vn 0.1478 -0.9404 -0.3064
vn 0.2254 -0.9726 0.0577
vn -0.1201 -0.8932 -0.4334
vn 0.4781 0.6544 -0.5859
vn 0.3997 0.6501 -0.6463
vn 0.4888 0.1585 -0.8579
vn 0.2927 -0.7762 -0.5584
vn 0.1293 -0.9471 -0.2939
vn 0.0896 -0.9232 -0.3736
vn -0.1876 -0.9130 -0.3622
vn -0.1243 -0.9300 -0.3458
vn -0.2301 -0.5586 -0.7969
vn -0.2630 0.4939 -0.8288
vn -0.1308 0.6856 -0.7162
vn -0.1043 0.7243 -0.6815
vn -0.3525 -0.9141 -0.2005
vn -0.3557 -0.9106 -0.2104
vn -0.8186 -0.3281 -0.4715
vn -0.6928 0.6132 -0.3795
vn -0.5852 0.7330 -0.3466
vn -0.5336 0.7816 -0.3230
vn -0.4139 -0.9102 0.0132
vn -0.4043 -0.9129 0.0564
vn -0.9019 -0.3689 0.2246
vn -0.7770 0.5934 0.2100
vn -0.6370 0.7371 0.2254
vn -0.5942 0.7723 0.2246
vn -0.3480 -0.9038 0.2492
vn -0.2443 -0.9310 0.2712
vn -0.3989 -0.6304 0.6659
vn -0.4666 0.3968 0.7905
vn -0.2748 0.6979 0.6614
vn -0.2361 0.7096 0.6639
vn -0.0663 -0.9281 0.3665
vn -0.0215 -0.9410 0.3377
vn 0.1373 -0.7965 0.5888
vn 0.2496 0.0309 0.9679
vn 0.2205 0.6220 0.7513
vn 0.3193 0.6753 0.6649
vn 0.2322 -0.9515 0.2019
vn 0.2209 -0.9536 0.2047
vn 0.4141 -0.8651 0.2829
vn 0.8179 -0.3030 0.4891
vn 0.7484 0.5132 0.4202
vn 0.6850 0.6657 0.2960
vn 0.2817 -0.9509 -0.1279
vn 0.2706 -0.9540 -0.1287
vn 0.4670 -0.8734 -0.1382
vn 0.9262 -0.2978 -0.2314
vn 0.8059 0.5484 -0.2228
vn 0.7331 0.6646 -0.1446
vn 0.5018 0.5766 -0.6448
vn -0.1223 0.6070 -0.7853
vn -0.1485 -0.3594 -0.9213
vn 0.9237 0.3713 -0.0950
vn -0.6722 0.6100 -0.4195
vn -0.7575 0.6082 0.2372
vn -0.9525 -0.0094 0.3043
vn -0.3273 0.5944 0.7346
vn 0.2974 0.5559 0.7763
vn 0.2186 0.3430 0.9135
vn 0.7430 0.5264 0.4134
vn 0.8326 0.5344 -0.1454
vn -0.1504 -0.9673 -0.2042
vn -0.0225 -0.9823 -0.1860
vn -0.2516 -0.9593 -0.1285
vn -0.2729 -0.9620 -0.0038
vn -0.1971 -0.9746 0.1059
vn -0.0647 -0.9906 0.1206
vn 0.0372 -0.9984 0.0418
vn 0.0531 -0.9951 -0.0836
vn -0.0760 0.8670 0.4925
vn -0.0145 0.9705 0.2407
vn -0.3491 0.9159 0.1981
vn -0.1175 0.9881 0.0996
vn -0.3126 0.9260 -0.2118
vn -0.0973 0.9923 -0.0772
vn 0.0144 0.8939 -0.4480
vn 0.0454 0.9807 -0.1901
vn 0.3958 0.8387 -0.3741
vn 0.2511 0.9514 -0.1783
vn 0.6516 0.7528 -0.0938
vn 0.4119 0.9106 -0.0332
vn 0.6139 0.7487 0.2502
vn 0.3713 0.9103 0.1830
vn 0.3082 0.8079 0.5023
vn 0.1619 0.9436 0.2889
vn 0.1606 -0.3637 -0.9176
vn -0.4706 -0.7503 0.4643
vn -0.0737 -0.9076 0.4134
vn 0.0438 -0.3617 -0.9313
vn 0.2551 0.5051 0.8245
vn -0.0651 0.4217 0.9044
vn 0.6855 0.6206 -0.3808
vn 0.0852 0.9308 -0.3556
vn 0.1066 -0.3135 -0.9436
vn 0.3371 -0.7889 0.5138
vn 0.6477 -0.5580 0.5187
vn 0.2586 -0.3039 -0.9169
vn -0.2406 0.5601 0.7927
vn -0.3376 0.3401 0.8777
vn -0.3070 0.8299 -0.4658
vn -0.6820 0.6023 -0.4148
vn 0.6301 -0.4606 0.6251
vn 0.5895 -0.0510 -0.8062
vn -0.5706 0.0184 0.8210
vn -0.7366 0.5572 -0.3833
vn 0.4638 0.8858 -0.0178
vn 0.7366 -0.4739 0.4826
vn 0.6337 -0.5812 0.5105
vn 0.2654 0.9366 0.2290
vn -0.4801 -0.8721 0.0940
vn -0.4456 -0.8332 -0.3273
vn -0.8857 0.2606 -0.3843
vn -0.7609 0.3514 -0.5455
vn 0.3060 -0.3499 0.8854
vn -0.0475 0.8778 -0.4767
vn -0.2701 -0.8388 -0.4727
vn -0.5022 -0.0931 -0.8597
vn -0.1809 0.3050 0.9350
vn 0.1504 0.9321 -0.3295
vn -0.1032 -0.9930 -0.0578
vn 0.1812 -0.2033 -0.9622
vn -0.5982 0.4792 0.6423
vn 0.5351 0.8067 -0.2509
vn -0.3901 -0.9172 -0.0804
vn 0.7097 -0.3968 -0.5821
vn -0.7736 0.5908 0.2292
vn 0.6154 0.7657 0.1869
vn -0.5097 -0.8231 -0.2505
vn 0.8571 -0.4863 -0.1701
vn -0.7313 0.6704 -0.1259
vn 0.5547 0.6602 0.5064
vn -0.3415 -0.8234 -0.4531
vn 0.7647 -0.5853 0.2696
vn -0.5860 0.5587 -0.5869
vn 0.2176 0.7852 0.5798
vn -0.1235 -0.8414 -0.5261
vn 0.5362 -0.5168 0.6674
vn -0.3408 0.6722 -0.6573
vn -0.0918 0.7184 0.6895
vn 0.2006 -0.8144 -0.5446
vn 0.2303 -0.5251 0.8193
vn 0.0708 0.6404 -0.7648
vn -0.3377 0.6665 0.6646
vn 0.3336 -0.7562 -0.5630
vn -0.0595 -0.6642 0.7452
vn 0.2698 0.7807 -0.5637
vn -0.4812 0.6620 0.5747
vn 0.4952 -0.7273 -0.4752
vn -0.3688 -0.6480 0.6664
vn 0.4250 0.8310 -0.3590
vn -0.7604 0.5693 0.3126
vn 0.8566 0.1651 -0.4889
vn 0.6601 -0.7303 -0.1761
vn -0.5270 -0.7395 0.4188
vn 0.4537 0.8530 -0.2580
vn -0.8285 0.5512 -0.0992
vn 0.9905 0.1239 -0.0597
vn 0.6696 -0.7213 0.1774
vn -0.6496 -0.7264 0.2246
vn 0.5616 0.8160 0.1367
vn -0.8593 0.3943 -0.3259
vn 0.6987 -0.6620 0.2712
vn -0.5244 -0.8471 -0.0867
vn 0.2647 0.8694 0.4172
vn -0.6744 0.5414 -0.5020
vn 0.6246 -0.6251 0.4680
vn -0.4183 -0.7298 -0.5408
vn -0.0537 0.8814 0.4693
vn -0.3688 0.3242 -0.8712
vn 0.4798 -0.5161 0.7095
vn 0.0634 -0.8585 -0.5090
vn 0.0957 0.9510 0.2941
vn 0.7001 0.5167 -0.4929
vn 0.4433 -0.0391 0.8955
vn 0.8624 -0.4757 -0.1731
vn -0.8534 0.3733 -0.3638
vn 0.6850 0.6137 -0.3927
vn 0.6537 -0.5470 0.5230
vn -0.6852 -0.3912 0.6144
vn -0.4397 0.7044 0.5572
vn 0.1107 -0.6724 0.7318
vn -0.0142 -0.6816 0.7315
vn -0.5398 0.6212 0.5681
vn 0.4400 -0.6347 -0.6353
vn 0.5398 -0.6211 -0.5683
vn -0.0629 0.6042 -0.7943
vn 0.0142 0.6816 -0.7316
vn -0.0881 -0.7898 0.6070
vn -0.6547 0.6169 0.4369
vn 0.6804 -0.5047 -0.5314
vn 0.1843 0.7060 -0.6838
vn -0.2409 -0.9146 0.3249
vn -0.8357 0.5279 0.1513
vn 0.9158 -0.3435 -0.2083
vn 0.4279 0.8300 -0.3578
vn -0.3331 -0.9420 0.0409
vn -0.9005 0.4188 -0.1170
vn 0.9331 -0.3222 0.1595
vn 0.4011 0.9159 0.0186
vn -0.4633 -0.7981 0.3852
vn -0.9241 0.2817 0.2583
vn 0.4643 -0.3168 0.8271
vn 0.0291 0.7058 0.7079
vn -0.2296 0.6870 -0.6894
vn -0.2899 0.5981 0.7472
vn 0.1257 -0.4355 0.8914
vn 0.3615 -0.7783 -0.5134
vn -0.1033 0.9768 0.1875
vn -0.0063 0.9997 -0.0216
vn -0.0732 0.9966 -0.0384
vn -0.2035 0.9654 0.1630
vn -0.0018 0.9787 -0.2055
vn -0.0061 0.9664 -0.2570
vn -0.3338 0.9284 -0.1632
vn -0.3759 0.9239 0.0715
vn -0.1979 0.9246 -0.3256
vn -0.5820 0.8071 -0.0995
vn -0.5148 0.8124 -0.2738
vn -0.3921 0.8682 -0.3041
vn -0.1101 -0.9929 -0.0445
vn -0.4069 0.8791 -0.2483
vn -0.3060 0.9507 -0.0506
vn -0.2615 0.9610 -0.0904
vn -0.3432 0.8871 -0.3085
vn -0.1596 0.9855 0.0583
vn -0.1194 0.9889 0.0880
vn 0.0508 0.9658 -0.2544
vn -0.1265 0.9019 -0.4130
vn 0.0772 0.9961 -0.0420
vn 0.2118 0.8415 -0.4969
vn 0.3294 0.8673 -0.3731
vn 0.2760 0.9252 -0.2604
vn 0.0732 -0.9966 0.0384
vn 0.0063 -0.9997 0.0216
vn 0.1033 -0.9768 -0.1875
vn 0.2035 -0.9654 -0.1630
vn 0.0061 -0.9664 0.2571
vn 0.0018 -0.9787 0.2055
vn 0.3759 -0.9239 -0.0715
vn 0.3338 -0.9284 0.1632
vn 0.1979 -0.9246 0.3256
vn 0.5820 -0.8071 0.0995
vn 0.5148 -0.8124 0.2738
vn 0.3921 -0.8682 0.3041
vn 0.2615 -0.9610 0.0904
vn 0.3060 -0.9507 0.0506
vn 0.4069 -0.8791 0.2483
vn 0.3432 -0.8871 0.3085
vn 0.1194 -0.9889 -0.0880
vn 0.1597 -0.9854 -0.0585
vn 0.1265 -0.9019 0.4130
vn -0.0508 -0.9658 0.2543
vn -0.0772 -0.9961 0.0420
vn -0.2119 -0.8415 0.4969
vn -0.3294 -0.8673 0.3731
vn -0.2758 -0.9253 0.2604
vn -0.3541 0.9164 -0.1867
vn -0.1599 0.9839 -0.0801
vn -0.1383 0.9796 -0.1455
vn -0.3211 0.9034 -0.2843
vn 0.0239 0.9977 -0.0638
vn 0.0770 0.9950 -0.0641
vn 0.0146 0.9195 -0.3929
vn -0.2119 0.8687 -0.4476
vn 0.1652 0.9546 -0.2481
vn -0.0086 0.7730 -0.6344
vn 0.1567 0.8149 -0.5581
vn 0.1679 0.8830 -0.4384
vn 0.1383 -0.9796 0.1455
vn 0.1600 -0.9839 0.0801
vn 0.3542 -0.9163 0.1867
vn 0.3211 -0.9033 0.2843
vn -0.0771 -0.9950 0.0641
vn -0.0240 -0.9977 0.0636
vn 0.2119 -0.8687 0.4476
vn -0.0146 -0.9195 0.3928
vn -0.1652 -0.9546 0.2481
vn 0.0086 -0.7730 0.6344
vn -0.1567 -0.8149 0.5581
vn -0.1678 -0.8830 0.4384
vn 0.1107 0.9768 0.1832
vn -0.0219 0.9997 -0.0053
vn -0.0698 0.9966 0.0442
vn 0.0394 0.9654 0.2578
vn -0.1789 0.9787 -0.1012
vn -0.2256 0.9664 -0.1233
vn -0.3083 0.9284 0.2075
vn -0.1260 0.9239 0.3613
vn -0.3809 0.9246 0.0086
vn -0.3772 0.8071 0.4542
vn -0.4946 0.8124 0.3089
vn -0.4595 0.8682 0.1875
vn 0.0698 -0.9966 -0.0442
vn 0.0218 -0.9997 0.0053
vn -0.1107 -0.9768 -0.1832
vn -0.0394 -0.9654 -0.2578
vn 0.2256 -0.9664 0.1232
vn 0.1788 -0.9787 0.1012
vn 0.1260 -0.9239 -0.3613
vn 0.3083 -0.9284 -0.2075
vn 0.3809 -0.9246 -0.0086
vn 0.3772 -0.8071 -0.4543
vn 0.4946 -0.8124 -0.3089
vn 0.4595 -0.8682 -0.1875
vn 0.5982 0.6026 -0.5282
vn -0.8467 0.4953 -0.1941
vn -0.8806 0.3709 -0.2951
vn 0.6020 0.4812 -0.6372
vn -0.5369 -0.7428 0.4000
vn -0.4781 -0.5434 0.6901
vn 0.7560 -0.6466 0.1014
vn 0.8024 -0.4480 0.3943
vn -0.8824 -0.1093 -0.4575
vn 0.6585 0.2794 -0.6988
vn -0.4001 -0.1364 0.9063
vn 0.7986 0.0550 0.5993
vn -0.8437 0.0795 -0.5310
vn 0.2798 0.2966 -0.9131
vn -0.6137 0.7120 0.3412
vn 0.4448 0.8931 0.0671
vn 0.8012 -0.5806 -0.1447
vn 0.4423 0.7367 -0.5115
vn -0.7197 0.6499 -0.2441
vn -0.6923 -0.6936 0.1991
vn 0.2258 0.6025 0.7655
vn 0.5338 0.4954 -0.6853
vn 0.6396 0.3709 -0.6733
vn 0.3230 0.4812 0.8149
vn -0.1357 -0.7428 -0.6556
vn -0.4233 -0.5433 -0.7250
vn -0.4114 -0.6466 0.6423
vn -0.6966 -0.4481 0.5604
vn 0.7876 -0.1092 -0.6064
vn 0.3550 0.2794 0.8921
vn -0.6522 -0.1364 -0.7456
vn -0.8807 0.0550 0.4705
vn 0.8378 0.0794 -0.5401
vn 0.7094 0.2966 0.6394
vn -0.0507 0.7117 -0.7006
vn -0.2483 0.8932 0.3750
vn -0.2076 -0.5806 0.7873
vn 0.2765 0.7368 0.6170
vn 0.5254 0.6500 -0.5490
vn 0.1123 -0.6934 -0.7117
vn -0.6241 0.6025 -0.4975
vn -0.0442 0.4953 0.8676
vn -0.1377 0.3708 0.9184
vn -0.7321 0.4812 -0.4822
vn 0.4872 -0.7428 0.4592
vn 0.7626 -0.5434 0.3510
vn -0.0313 -0.6466 -0.7622
vn 0.2490 -0.4480 -0.8587
vn -0.2975 -0.1092 0.9485
vn -0.8025 0.2794 -0.5272
vn 0.9620 -0.1364 0.2367
vn 0.4516 0.0550 -0.8905
vn -0.3771 0.0792 0.9228
vn -0.9475 0.2975 -0.1175
vn 0.4432 0.7117 0.5451
vn -0.0113 0.8932 -0.4495
vn -0.2816 -0.5807 -0.7639
vn -0.5804 0.7368 -0.3467
vn -0.1155 0.6500 0.7511
vn 0.3163 -0.6933 0.6475
vn 0.2257 0.6024 0.7656
vn 0.5338 0.4955 -0.6853
vn 0.6396 0.3708 -0.6734
vn 0.3231 0.4812 0.8149
vn -0.1357 -0.7427 -0.6557
vn -0.4232 -0.5433 -0.7250
vn -0.4115 -0.6467 0.6422
vn 0.7877 -0.1092 -0.6063
vn 0.3551 0.2794 0.8921
vn -0.6522 -0.1364 -0.7457
vn 0.8378 0.0796 -0.5401
vn 0.7091 0.2965 0.6397
vn -0.0507 0.7120 -0.7004
vn -0.2484 0.8931 0.3751
vn -0.2076 -0.5807 0.7872
vn 0.2765 0.7369 0.6169
vn 0.5253 0.6501 -0.5490
vn 0.1123 -0.6932 -0.7119
vn -0.3471 0.6996 0.6246
vn 0.2464 -0.6676 0.7025
vn 0.1216 -0.6778 0.7251
vn -0.4408 0.6177 0.6513
vn 0.3295 -0.6320 -0.7014
vn 0.4408 -0.6177 -0.6513
vn -0.2061 0.6019 -0.7715
vn -0.1216 0.6777 -0.7252
vn 0.0290 -0.7849 0.6189
vn -0.5777 0.6125 0.5395
vn 0.5812 -0.5033 -0.6394
vn 0.0572 0.7036 -0.7083
vn -0.1756 -0.9123 0.3699
vn -0.8003 0.5259 0.2882
vn 0.8661 -0.3430 -0.3635
vn 0.3573 0.8290 -0.4303
vn -0.3206 -0.9418 0.1011
vn -0.9070 0.4192 0.0397
vn 0.9467 -0.3219 -0.0046
vn 0.3981 0.9158 -0.0524
vn -0.3884 -0.7984 0.4601
vn -0.8650 0.2805 0.4161
vn 0.5989 -0.3171 0.7353
vn 0.1540 0.7070 0.6903
vn -0.3529 0.6780 -0.6448
vn -0.1601 0.5887 0.7924
vn 0.2865 -0.4401 0.8510
vn 0.2793 -0.7785 -0.5621
vn -0.3976 0.0517 0.9161
vn -0.8545 -0.5029 0.1298
vn 0.0742 -0.9970 -0.0202
vn 0.5846 -0.4766 0.6566
vn -0.2487 0.8179 0.5189
vn 0.4771 -0.3416 0.8098
vn 0.6271 -0.4267 0.6517
vn -0.2665 0.6640 0.6986
vn 0.1583 -0.7091 -0.6871
vn 0.3666 -0.6825 -0.6323
vn -0.5188 0.5934 -0.6153
vn -0.5687 0.3406 -0.7487
vn -0.6042 0.4621 0.6491
vn 0.6289 -0.4887 0.6047
vn 0.4159 -0.7353 0.5351
vn -0.7917 0.1959 0.5787
vn 0.5128 -0.3664 -0.7764
vn 0.7400 -0.0884 -0.6667
vn -0.5190 0.4293 -0.7392
vn -0.3030 0.7159 -0.6291
vn 0.3249 -0.9292 0.1759
vn -0.9723 0.0712 0.2227
vn 0.9316 0.2001 -0.3035
vn -0.0563 0.9618 -0.2679
vn 0.1825 -0.9670 -0.1778
vn -0.9887 -0.0638 -0.1356
vn 0.9650 0.1656 0.2033
vn -0.0752 0.9677 0.2408
vn -0.9218 0.1066 -0.3727
vn 0.3197 -0.8506 -0.4175
vn 0.5967 -0.5414 -0.5923
vn -0.7011 0.4594 -0.5454
vn 0.8582 0.0130 0.5132
vn 0.5734 -0.3177 0.7552
vn -0.1818 0.8147 0.5507
vn -0.4179 0.4467 0.7911
vn 0.8624 -0.1685 -0.4774
vn -0.4028 0.8070 -0.4319
vn 0.1784 -0.8106 0.5577
vn -0.8034 -0.0535 0.5931
vn 0.9977 -0.0344 -0.0582
vn -0.2890 0.9573 -0.0117
vn 0.0079 -0.9942 -0.1073
vn -0.9676 -0.2421 -0.0721
vn 0.9266 -0.0941 0.3641
vn -0.3090 0.8587 0.4087
vn 0.1944 -0.8164 -0.5437
vn -0.8628 -0.0013 -0.5055
vn 0.6993 -0.4994 0.5114
vn -0.6366 0.5307 0.5596
vn 0.4125 -0.4370 -0.7993
vn -0.5629 0.3151 -0.7641
vn 0.3894 -0.8819 0.2658
vn -0.9387 0.1422 0.3140
vn 0.8586 0.1484 -0.4907
vn -0.0962 0.8846 -0.4563
vn 0.2899 -0.8754 -0.3868
vn -0.9986 -0.0027 0.0532
vn 0.8855 0.2327 0.4021
vn -0.1451 0.8387 0.5249
vn -0.1110 -0.1428 -0.9835
vn -0.4098 0.9117 0.0292
vn -0.6110 0.7807 0.1310
vn -0.3057 -0.2973 -0.9045
vn 0.1598 0.0522 0.9858
vn 0.4014 0.1844 0.8971
vn 0.4297 -0.9001 0.0720
vn 0.6652 -0.7467 0.0031
vn -0.7256 0.5466 0.4181
vn -0.3987 -0.6050 -0.6892
vn 0.6404 0.5151 0.5697
vn 0.8894 -0.3646 -0.2756
vn -0.8801 0.4532 0.1415
vn -0.6421 -0.3856 -0.6625
vn 0.0709 0.9801 -0.1852
vn 0.2926 0.1973 -0.9357
vn 0.3132 -0.9449 -0.0954
vn -0.0839 0.1301 -0.9879
vn -0.3089 0.9239 -0.2260
vn -0.0052 0.1785 0.9839
vn 0.9288 -0.3109 0.2017
vn 0.3888 0.9201 -0.0471
vn 0.2520 0.8639 0.4360
vn 0.8938 -0.3997 0.2033
vn -0.9042 0.3973 -0.1569
vn -0.8748 0.3541 -0.3307
vn -0.2244 -0.9579 -0.1792
vn -0.1831 -0.8507 -0.4927
vn 0.8918 -0.4109 0.1893
vn 0.1472 0.7703 0.6205
vn 0.0312 0.5775 0.8158
vn 0.9130 -0.3410 0.2237
vn -0.9112 0.2994 -0.2830
vn -0.9196 0.3157 -0.2337
vn -0.1412 -0.7770 -0.6135
vn 0.0335 -0.5943 -0.8035
vn -0.2085 0.2718 0.9395
vn 0.9648 -0.2087 0.1601
vn -0.9816 0.0993 -0.1631
vn 0.0714 -0.1773 -0.9816
vn -0.2915 -0.0800 0.9532
vn 0.9518 0.2925 0.0919
vn -0.9032 -0.3548 -0.2415
vn 0.0831 0.0556 -0.9950
vn -0.0295 -0.3867 0.9217
vn 0.7413 0.5968 0.3071
vn -0.7761 -0.5802 -0.2468
vn -0.0131 0.4441 -0.8959
vn 0.4585 -0.5168 0.7230
vn 0.7686 0.6006 0.2203
vn -0.5791 -0.8149 -0.0236
vn -0.7692 -0.5188 -0.3729
vn -0.8205 -0.3445 -0.4561
vn -0.1364 0.7973 -0.5880
vn 0.5956 -0.6188 0.5122
vn 0.7830 0.6117 0.1131
vn -0.6810 -0.7321 0.0182
vn -0.8947 -0.4252 -0.1368
vn -0.9533 -0.1590 -0.2569
vn -0.2696 0.8650 -0.4232
vn 0.5027 -0.8357 0.2210
vn 0.8255 0.5431 0.1535
vn -0.8233 -0.5272 -0.2103
vn -0.4814 0.8478 -0.2227
vn 0.5762 -0.8085 -0.1196
vn 0.8355 0.5484 0.0354
vn -0.8686 -0.4860 -0.0967
vn -0.4398 0.8843 0.1564
vn 0.4402 -0.7894 -0.4278
vn 0.7951 0.5140 -0.3218
vn -0.8547 -0.4469 0.2641
vn -0.2133 0.8850 0.4138
vn 0.2908 -0.8009 -0.5234
vn 0.5785 0.6019 -0.5505
vn -0.6090 -0.3403 0.7164
vn -0.1838 0.9025 0.3894
vn 0.2714 -0.8611 -0.4299
vn 0.3957 0.5535 -0.7328
vn -0.4317 -0.3879 0.8144
vn -0.2410 0.8951 0.3751
vn 0.1893 -0.8540 -0.4846
vn 0.2882 0.5465 -0.7863
vn -0.2985 -0.3980 0.8675
vn -0.1619 0.9009 0.4028
vn 0.2263 -0.7461 -0.6262
vn -0.0848 0.5883 -0.8042
vn 0.0263 -0.2873 0.9575
vn -0.2660 0.8960 0.3555
vn 0.0299 -0.8398 -0.5421
vn -0.3920 0.4356 -0.8103
vn 0.4291 -0.4770 0.7670
vn -0.1014 0.8699 0.4827
vn -0.4805 -0.8293 -0.2853
vn -0.4832 0.4815 -0.7312
vn 0.3764 -0.5294 0.7603
vn 0.5355 0.8181 0.2096
vn -0.8703 -0.4556 0.1870
vn -0.4719 0.4833 -0.7373
vn 0.3690 -0.5058 0.7797
vn 0.8704 0.4452 -0.2102
vn -0.9340 0.0715 0.3500
vn -0.2715 0.7018 -0.6586
vn 0.3880 -0.6822 0.6198
vn 0.8584 0.1291 -0.4964
vn -0.8065 0.1733 0.5653
vn -0.1243 0.9118 -0.3913
vn 0.2265 -0.9070 0.3552
vn 0.7787 -0.0326 -0.6266
vn -0.6972 0.1906 0.6910
vn 0.0544 0.9674 -0.2473
vn 0.1061 -0.9875 0.1167
vn 0.7025 -0.0556 -0.7095
vn -0.7818 0.1926 0.5930
vn 0.2840 0.9512 -0.1204
vn 0.0786 -0.9951 -0.0601
vn 0.8591 -0.0702 -0.5069
vn -0.9811 0.1230 0.1491
vn 0.3038 0.9463 0.1103
vn 0.1731 -0.9785 -0.1119
vn 0.9989 -0.0456 0.0060
vn -0.8883 -0.0169 -0.4589
vn 0.3825 0.8929 0.2376
vn 0.1183 -0.9787 0.1675
vn 0.8094 -0.1503 0.5676
vn -0.8889 0.2201 -0.4017
vn -0.2548 0.8594 0.4433
vn -0.5875 -0.6533 0.4776
vn -0.1790 0.0463 0.9828
vn 0.9357 -0.3322 0.1190
vn 0.3128 0.8661 -0.3900
vn -0.9589 0.2673 -0.0951
vn -0.2928 -0.9019 0.3175
vn 0.9075 -0.3588 0.2183
vn 0.2901 0.7820 -0.5516
vn -0.9643 0.2316 -0.1284
vn -0.4003 -0.7629 0.5076
vn -0.7843 -0.2352 -0.5741
vn 0.1248 0.1078 -0.9863
vn 0.6716 -0.6477 -0.3599
vn -0.2614 -0.9647 0.0330
vn -0.2062 -0.8016 0.5612
vn -0.8678 0.2187 -0.4461
vn -0.9398 0.0555 -0.3373
vn -0.2458 -0.8367 0.4894
vn 0.3722 0.8285 -0.4185
vn 0.2679 0.8566 -0.4410
vn 0.9368 0.0888 0.3383
vn 0.9174 -0.0833 0.3892
vn -0.9087 0.0343 -0.4161
vn -0.2675 -0.8881 0.3738
vn 0.1861 0.8913 -0.4134
vn 0.9042 -0.0613 0.4227
vn -0.8050 -0.1184 -0.5813
vn -0.1489 -0.9754 0.1626
vn 0.0595 0.9735 -0.2209
vn 0.7885 -0.0758 0.6103
vn -0.4536 -0.1340 -0.8811
vn 0.2120 -0.9553 -0.2059
vn -0.3590 0.9332 -0.0131
vn 0.5541 -0.0967 0.8268
vn 0.0752 0.2604 -0.9626
vn 0.6322 -0.6985 -0.3353
vn -0.5383 0.8423 0.0268
vn -0.0239 -0.3413 0.9397
vn 0.4204 0.6228 -0.6598
vn 0.9450 -0.3252 -0.0361
vn -0.8720 0.4889 -0.0257
vn -0.0985 -0.8160 0.5696
vn 0.2011 0.9581 -0.2041
vn 0.8901 0.1074 0.4430
vn -0.8595 0.1769 -0.4796
vn -0.0345 -0.9563 0.2905
vn -0.1808 0.9572 0.2259
vn 0.4909 0.1083 0.8645
vn -0.5743 0.0622 -0.8163
vn 0.3271 -0.9447 0.0227
vn -0.8317 0.5007 0.2399
vn -0.2467 -0.3090 0.9185
vn -0.1644 0.3854 -0.9080
vn 0.6530 -0.7564 0.0379
vn 0.9046 -0.3291 0.2709
vn 0.8647 -0.3517 0.3587
vn 0.4502 0.5871 -0.6727
vn 0.2687 0.6912 -0.6708
vn -0.9410 0.2399 -0.2387
vn -0.9625 0.2045 -0.1781
vn -0.4444 -0.5933 0.6712
vn -0.4374 -0.6651 0.6053
vn 0.1881 0.9726 0.1366
vn 0.4141 0.9054 0.0936
vn 0.4035 0.9088 0.1065
vn 0.1666 0.9750 0.1468
vn 0.5535 0.8327 -0.0165
vn 0.6056 0.7938 0.0568
vn 0.4131 0.9024 0.1225
vn 0.1713 0.9681 0.1829
vn 0.6019 0.7938 0.0877
vn 0.2182 0.9553 0.1995
vn 0.4395 0.8876 0.1375
vn 0.5307 0.8001 0.2796
vn 0.5115 0.8499 -0.1266
vn 0.3670 0.8748 -0.3164
vn 0.2292 0.9549 -0.1887
vn 0.3103 0.9488 0.0594
vn 0.1955 0.8956 -0.3996
vn 0.0008 0.9599 -0.2804
vn -0.0418 0.9980 0.0464
vn 0.1449 0.9741 0.1735
vn -0.1452 0.9822 -0.1195
vn -0.0197 0.9698 0.2429
vn -0.1715 0.9755 0.1382
vn -0.1336 0.9910 -0.0087
vn -0.4034 -0.9088 -0.1065
vn -0.4142 -0.9054 -0.0937
vn -0.1881 -0.9726 -0.1366
vn -0.1666 -0.9750 -0.1468
vn -0.6056 -0.7937 -0.0569
vn -0.5538 -0.8325 0.0160
vn -0.1714 -0.9681 -0.1829
vn -0.4130 -0.9024 -0.1225
vn -0.6018 -0.7938 -0.0876
vn -0.2182 -0.9553 -0.1995
vn -0.4395 -0.8876 -0.1375
vn -0.5308 -0.8001 -0.2794
vn -0.2292 -0.9549 0.1887
vn -0.3670 -0.8748 0.3163
vn -0.5115 -0.8499 0.1266
vn -0.3103 -0.9488 -0.0593
vn -0.0008 -0.9599 0.2804
vn -0.1956 -0.8955 0.3998
vn -0.1450 -0.9741 -0.1736
vn 0.0419 -0.9980 -0.0464
vn 0.1452 -0.9821 0.1196
vn 0.0197 -0.9698 -0.2429
vn 0.1717 -0.9754 -0.1381
vn 0.1336 -0.9910 0.0087
vn -0.0716 0.9752 0.2097
vn -0.0103 0.9997 -0.0208
vn -0.0815 0.9963 -0.0260
vn -0.1781 0.9629 0.2025
vn -0.0387 0.9771 -0.2092
vn -0.0524 0.9640 -0.2607
vn -0.3663 0.9245 -0.1052
vn -0.3691 0.9188 0.1399
vn -0.2596 0.9195 -0.2952
vn -0.6043 0.7967 0.0029
vn -0.5675 0.8024 -0.1845
vn -0.4510 0.8603 -0.2377
vn 0.0815 -0.9963 0.0260
vn 0.0103 -0.9997 0.0208
vn 0.0716 -0.9752 -0.2097
vn 0.1781 -0.9629 -0.2025
vn 0.0524 -0.9640 0.2607
vn 0.0387 -0.9771 0.2092
vn 0.3691 -0.9188 -0.1399
vn 0.3663 -0.9245 0.1052
vn 0.2596 -0.9195 0.2952
vn 0.6043 -0.7967 -0.0029
vn 0.5675 -0.8024 0.1845
vn 0.4510 -0.8603 0.2378
vn -0.1365 0.9726 0.1881
vn -0.0935 0.9054 0.4141
vn -0.1065 0.9088 0.4034
vn -0.1469 0.9750 0.1665
vn 0.0164 0.8327 0.5535
vn -0.0568 0.7938 0.6055
vn -0.1224 0.9024 0.4131
vn -0.1830 0.9681 0.1713
vn -0.0876 0.7938 0.6019
vn -0.1994 0.9553 0.2182
vn -0.1373 0.8876 0.4396
vn -0.2796 0.8001 0.5308
vn 0.5062 0.8499 0.1462
vn 0.4760 0.8748 -0.0904
vn 0.2928 0.9549 -0.0488
vn 0.2391 0.9488 0.2065
vn 0.3693 0.8955 -0.2485
vn 0.1409 0.9599 -0.2424
vn -0.0595 0.9980 0.0193
vn 0.0387 0.9741 0.2228
vn -0.0660 0.9822 -0.1761
vn -0.1386 0.9698 0.2005
vn -0.2178 0.9754 0.0339
vn -0.1112 0.9910 -0.0743
vn 0.2318 0.8499 -0.4732
vn -0.0064 0.8748 -0.4844
vn 0.0028 0.9549 -0.2968
vn 0.2449 0.9488 -0.1996
vn -0.1805 0.8955 -0.4067
vn -0.2143 0.9599 -0.1809
vn 0.0086 0.9980 0.0619
vn 0.2261 0.9741 0.0005
vn -0.1849 0.9822 0.0344
vn 0.1734 0.9698 0.1713
vn -0.0045 0.9754 0.2203
vn -0.0924 0.9910 0.0965
vn -0.0027 -0.9549 0.2968
vn 0.0064 -0.8748 0.4844
vn -0.2318 -0.8499 0.4732
vn -0.2449 -0.9488 0.1996
vn 0.2143 -0.9599 0.1809
vn 0.1805 -0.8955 0.4067
vn -0.2261 -0.9741 -0.0005
vn -0.0086 -0.9980 -0.0619
vn 0.1849 -0.9822 -0.0344
vn -0.1734 -0.9698 -0.1713
vn 0.0045 -0.9754 -0.2203
vn 0.0925 -0.9910 -0.0966
vn 0.1019 0.9726 -0.2089
vn 0.0203 0.9054 -0.4241
vn 0.0348 0.9088 -0.4158
vn 0.1157 0.9750 -0.1895
vn -0.1118 0.8324 -0.5427
vn -0.0492 0.7937 -0.6063
vn 0.0489 0.9024 -0.4280
vn 0.1504 0.9681 -0.2005
vn -0.0182 0.7938 -0.6079
vn 0.1586 0.9553 -0.2495
vn 0.0591 0.8877 -0.4567
vn 0.1832 0.8001 -0.5712
vn -0.0348 -0.9088 0.4158
vn -0.0203 -0.9054 0.4241
vn -0.1019 -0.9726 0.2089
vn -0.1157 -0.9750 0.1895
vn 0.0492 -0.7938 0.6062
vn 0.1123 -0.8327 0.5423
vn -0.1504 -0.9681 0.2005
vn -0.0489 -0.9024 0.4280
vn 0.0182 -0.7938 0.6079
vn -0.1586 -0.9553 0.2495
vn -0.0591 -0.8877 0.4567
vn -0.1832 -0.8001 0.5712
vn 0.3971 0.8499 0.3464
vn 0.4696 0.8748 0.1192
vn 0.2860 0.9549 0.0795
vn 0.1294 0.9488 0.2882
vn 0.4396 0.8955 -0.0691
vn 0.2302 0.9599 -0.1602
vn -0.0620 0.9980 -0.0077
vn -0.0590 0.9741 0.2183
vn 0.0147 0.9822 -0.1875
vn -0.2103 0.9698 0.1231
vn -0.2116 0.9754 -0.0614
vn -0.0692 0.9910 -0.1142
vn -0.2860 -0.9549 -0.0795
vn -0.4696 -0.8748 -0.1192
vn -0.3971 -0.8499 -0.3463
vn -0.1294 -0.9488 -0.2882
vn -0.2302 -0.9599 0.1602
vn -0.4397 -0.8955 0.0691
vn 0.0590 -0.9741 -0.2182
vn 0.0620 -0.9980 0.0077
vn -0.0146 -0.9822 0.1875
vn 0.2103 -0.9698 -0.1232
vn 0.2116 -0.9754 0.0613
vn 0.0694 -0.9910 0.1144
vn -0.2032 0.9726 0.1129
vn -0.2598 0.9053 0.3359
vn -0.2670 0.9088 0.3207
vn -0.2034 0.9750 0.0889
vn -0.2190 0.8327 0.5086
vn -0.3074 0.7938 0.5248
vn -0.2856 0.9024 0.3226
vn -0.2382 0.9681 0.0780
vn -0.3338 0.7938 0.5085
vn -0.2729 0.9553 0.1134
vn -0.3103 0.8877 0.3402
vn -0.4776 0.8001 0.3630
vn 0.2669 -0.9088 -0.3207
vn 0.2598 -0.9054 -0.3359
vn 0.2031 -0.9726 -0.1128
vn 0.2034 -0.9750 -0.0889
vn 0.3074 -0.7938 -0.5248
vn 0.2192 -0.8326 -0.5086
vn 0.2382 -0.9681 -0.0780
vn 0.2856 -0.9024 -0.3226
vn 0.3338 -0.7938 -0.5084
vn 0.2730 -0.9553 -0.1134
vn 0.3104 -0.8877 -0.3402
vn 0.4777 -0.8001 -0.3629
vn -0.1266 0.8499 -0.5114
vn -0.3163 0.8748 -0.3670
vn -0.1887 0.9549 -0.2292
vn 0.0593 0.9488 -0.3103
vn -0.3998 0.8955 -0.1956
vn -0.2804 0.9599 -0.0008
vn 0.0464 0.9980 0.0419
vn 0.1735 0.9741 -0.1450
vn -0.1195 0.9822 0.1452
vn 0.2429 0.9698 0.0197
vn 0.1382 0.9754 0.1716
vn -0.0088 0.9910 0.1334
vn 0.1887 -0.9549 0.2292
vn 0.3163 -0.8748 0.3670
vn 0.1266 -0.8499 0.5114
vn -0.0593 -0.9488 0.3103
vn 0.2804 -0.9599 0.0008
vn 0.3998 -0.8955 0.1956
vn -0.1736 -0.9741 0.1449
vn -0.0464 -0.9980 -0.0419
vn 0.1195 -0.9822 -0.1452
vn -0.2430 -0.9698 -0.0198
vn -0.1382 -0.9754 -0.1716
vn 0.0088 -0.9910 -0.1334
vn -0.4512 0.8499 -0.2722
vn -0.4831 0.8748 -0.0359
vn -0.2955 0.9549 -0.0286
vn -0.1775 0.9488 -0.2613
vn -0.4209 0.8955 0.1444
vn -0.1989 0.9599 0.1977
vn 0.0624 0.9980 -0.0032
vn 0.0202 0.9741 -0.2252
vn 0.0181 0.9822 0.1872
vn 0.1858 0.9698 -0.1578
vn 0.2191 0.9754 0.0237
vn 0.0882 0.9910 0.1005
vn 0.2955 -0.9549 0.0286
vn 0.4832 -0.8748 0.0358
vn 0.4512 -0.8499 0.2722
vn 0.1774 -0.9488 0.2613
vn 0.1988 -0.9599 -0.1977
vn 0.4210 -0.8955 -0.1444
vn -0.0202 -0.9741 0.2252
vn -0.0624 -0.9980 0.0032
vn -0.0181 -0.9822 -0.1872
vn -0.1857 -0.9698 0.1578
vn -0.2190 -0.9754 -0.0236
vn -0.0881 -0.9910 -0.1006
vn -0.3185 0.9468 0.0448
vn -0.0842 0.9946 0.0610
vn -0.0783 0.9866 -0.1430
vn -0.3089 0.9190 -0.2449
vn 0.0957 0.9954 -0.0056
vn 0.1487 0.9607 -0.2344
vn -0.0503 0.8731 -0.4849
vn -0.2714 0.8588 -0.4346
vn 0.1400 0.8871 -0.4398
vn -0.2018 0.7872 -0.5828
vn -0.0203 0.7868 -0.6169
vn 0.0540 0.8608 -0.5061
vn 0.0783 -0.9866 0.1430
vn 0.0842 -0.9946 -0.0610
vn 0.3186 -0.9468 -0.0449
vn 0.3089 -0.9190 0.2449
vn -0.1487 -0.9607 0.2343
vn -0.0957 -0.9954 0.0056
vn 0.2715 -0.8588 0.4346
vn 0.0503 -0.8731 0.4849
vn -0.1400 -0.8871 0.4398
vn 0.2018 -0.7872 0.5828
vn 0.0203 -0.7868 0.6169
vn -0.0540 -0.8608 0.5061
vn -0.6641 0.6788 -0.3134
vn -0.6915 0.7181 -0.0785
vn -0.5303 0.8430 -0.0905
vn -0.4245 0.8435 -0.3291
vn -0.6291 0.7715 0.0948
vn -0.4288 0.8943 0.1277
vn -0.1945 0.9765 -0.0924
vn -0.2385 0.9209 -0.3083
vn -0.2253 0.9690 0.1011
vn -0.0747 0.9649 -0.2518
vn -0.0363 0.9966 -0.0740
vn -0.1636 0.9865 0.0096
vn 0.5303 -0.8430 0.0905
vn 0.6915 -0.7181 0.0785
vn 0.6641 -0.6788 0.3134
vn 0.4245 -0.8435 0.3290
vn 0.4288 -0.8943 -0.1277
vn 0.6291 -0.7715 -0.0948
vn 0.2385 -0.9209 0.3083
vn 0.1945 -0.9765 0.0924
vn 0.2253 -0.9690 -0.1011
vn 0.0747 -0.9649 0.2518
vn 0.0363 -0.9966 0.0740
vn 0.1636 -0.9865 -0.0096
vn 0.5170 0.8499 0.1014
vn 0.4663 0.8748 -0.1316
vn 0.2874 0.9549 -0.0742
vn 0.2561 0.9488 0.1849
vn 0.3462 0.8955 -0.2797
vn 0.1193 0.9599 -0.2538
vn -0.0576 0.9980 0.0244
vn 0.0580 0.9741 0.2185
vn -0.0811 0.9822 -0.1697
vn -0.1206 0.9698 0.2118
vn -0.2139 0.9754 0.0527
vn -0.1173 0.9910 -0.0643
vn -0.2874 -0.9549 0.0742
vn -0.4663 -0.8748 0.1316
vn -0.5171 -0.8499 -0.1014
vn -0.2561 -0.9488 -0.1849
vn -0.1192 -0.9599 0.2538
vn -0.3461 -0.8956 0.2796
vn -0.0580 -0.9741 -0.2185
vn 0.0576 -0.9980 -0.0244
vn 0.0811 -0.9822 0.1697
vn 0.1206 -0.9698 -0.2118
vn 0.2139 -0.9754 -0.0527
vn 0.1172 -0.9910 0.0643
vn 0.4748 0.8494 0.2302
vn 0.5107 0.8597 -0.0066
vn 0.3258 0.9452 -0.0213
vn 0.2047 0.9561 0.2096
vn 0.4518 0.8719 -0.1888
vn 0.2324 0.9402 -0.2489
vn -0.0302 0.9981 -0.0544
vn 0.0084 0.9855 0.1692
vn 0.0161 0.9699 -0.2429
vn -0.1563 0.9827 0.0997
vn -0.1871 0.9789 -0.0823
vn -0.0548 0.9859 -0.1579
vn -0.3259 -0.9452 0.0212
vn -0.5107 -0.8597 0.0067
vn -0.4749 -0.8494 -0.2302
vn -0.2047 -0.9561 -0.2097
vn -0.2324 -0.9402 0.2489
vn -0.4515 -0.8721 0.1886
vn -0.0084 -0.9855 -0.1693
vn 0.0301 -0.9981 0.0544
vn -0.0161 -0.9699 0.2429
vn 0.1563 -0.9827 -0.0997
vn 0.1871 -0.9789 0.0823
vn 0.0548 -0.9859 0.1580
vn 0.1064 -0.9088 -0.4035
vn 0.0935 -0.9053 -0.4143
vn 0.1364 -0.9726 -0.1882
vn 0.1468 -0.9750 -0.1666
vn 0.0568 -0.7938 -0.6055
vn -0.0164 -0.8327 -0.5535
vn 0.1829 -0.9681 -0.1713
vn 0.1225 -0.9024 -0.4131
vn 0.0877 -0.7938 -0.6019
vn 0.1995 -0.9553 -0.2182
vn 0.1375 -0.8877 -0.4395
vn 0.2796 -0.8001 -0.5308
vn -0.2928 -0.9549 0.0488
vn -0.4760 -0.8748 0.0904
vn -0.5062 -0.8499 -0.1462
vn -0.2391 -0.9488 -0.2065
vn -0.1409 -0.9599 0.2424
vn -0.3693 -0.8955 0.2485
vn -0.0388 -0.9741 -0.2228
vn 0.0595 -0.9980 -0.0192
vn 0.0660 -0.9822 0.1761
vn 0.1386 -0.9698 -0.2005
vn 0.2178 -0.9754 -0.0338
vn 0.1112 -0.9910 0.0743
s 1
f 1/1/1 2/2/2 3/3/3
f 3/3/3 4/4/4 1/1/1
f 5/5/5 6/6/6 7/7/7
f 7/7/7 8/8/8 5/5/5
f 9/9/9 10/10/10 11/11/11
f 11/11/11 12/12/12 9/9/9
f 13/13/13 14/14/14 15/15/15
f 15/15/15 16/16/16 13/13/13
f 17/17/17 18/18/18 19/19/19
f 19/19/19 20/20/20 17/17/17
f 21/21/21 22/22/22 23/23/23
f 23/23/23 24/24/24 21/21/21
f 25/25/25 26/26/26 27/27/27
f 27/27/27 28/28/28 25/25/25
f 29/29/29 30/30/30 31/31/31
f 31/31/31 32/32/32 29/29/29
f 4/4/4 33/33/33 34/34/34
f 34/34/34 1/1/1 4/4/4
f 8/8/8 35/35/35 36/36/36
f 36/36/36 5/5/5 8/8/8
f 12/12/12 37/37/37 38/38/38
f 38/38/38 9/9/9 12/12/12
f 16/16/16 39/39/39 40/40/40
f 40/40/40 13/13/13 16/16/16
f 20/20/20 41/41/41 42/42/42
f 42/42/42 17/17/17 20/20/20
f 24/24/24 43/43/43 44/44/44
f 44/44/44 21/21/21 24/24/24
f 28/28/28 45/45/45 46/46/46
f 46/46/46 25/25/25 28/28/28
f 32/32/32 47/47/47 48/48/48
f 48/48/48 29/29/29 32/32/32
f 33/33/33 49/49/49 50/50/50
f 50/50/50 34/34/34 33/33/33
f 35/35/35 51/51/51 52/52/52
f 52/52/52 36/36/36 35/35/35
f 37/37/37 53/53/53 54/54/54
f 54/54/54 38/38/38 37/37/37
f 39/39/39 55/55/55 56/56/56
f 56/56/56 40/40/40 39/39/39
f 41/41/41 57/57/57 58/58/58
f 58/58/58 42/42/42 41/41/41
f 43/43/43 59/59/59 60/60/60
f 60/60/60 44/44/44 43/43/43
f 45/45/45 61/61/61 62/62/62
f 62/62/62 46/46/46 45/45/45
f 47/47/47 63/63/63 64/64/64
f 64/64/64 48/48/48 47/47/47
f 49/49/49 65/65/65 66/66/66
f 66/66/66 50/50/50 49/49/49
f 51/51/51 67/67/67 68/68/68
f 68/68/68 52/52/52 51/51/51
f 53/53/53 69/69/69 70/70/70
f 70/70/70 54/54/54 53/53/53
f 55/55/55 71/71/71 72/72/72
f 72/72/72 56/56/56 55/55/55
f 57/57/57 73/73/73 74/74/74
f 74/74/74 58/58/58 57/57/57
f 59/59/59 75/75/75 76/76/76
f 76/76/76 60/60/60 59/59/59
f 61/61/61 77/77/77 78/78/78
f 78/78/78 62/62/62 61/61/61
f 63/63/63 79/79/79 80/80/80
f 80/80/80 64/64/64 63/63/63
f 65/65/65 81/81/81 82/82/82
f 82/82/82 66/66/66 65/65/65
f 67/67/67 83/83/83 84/84/84
f 84/84/84 68/68/68 67/67/67
f 69/69/69 85/85/85 86/86/86
f 86/86/86 70/70/70 69/69/69
f 71/71/71 87/87/87 88/88/88
f 88/88/88 72/72/72 71/71/71
f 73/73/73 89/89/89 90/90/90
f 90/90/90 74/74/74 73/73/73
f 75/75/75 91/91/91 92/92/92
f 92/92/92 76/76/76 75/75/75
f 77/77/77 93/93/93 94/94/94
f 94/94/94 78/78/78 77/77/77
f 79/79/79 95/95/95 96/96/96
f 96/96/96 80/80/80 79/79/79
f 81/81/81 97/97/97 98/98/98
f 98/98/98 82/82/82 81/81/81
f 83/83/83 99/99/99 100/100/100
f 100/100/100 84/84/84 83/83/83
f 85/85/85 101/101/101 102/102/102
f 102/102/102 86/86/86 85/85/85
f 87/87/87 103/103/103 104/104/104
f 104/104/104 88/88/88 87/87/87
f 89/89/89 105/105/105 106/106/106
f 106/106/106 90/90/90 89/89/89
f 91/91/91 107/107/107 108/108/108
f 108/108/108 92/92/92 91/91/91
f 93/93/93 109/109/109 110/110/110
f 110/110/110 94/94/94 93/93/93
f 95/95/95 111/111/111 112/112/112
f 112/112/112 96/96/96 95/95/95
f 113/113/113 114/114/114 33/33/33
f 33/33/33 4/4/4 113/113/113
f 114/114/114 115/115/115 49/49/49
f 49/49/49 33/33/33 114/114/114
f 115/115/115 116/116/116 65/65/65
f 65/65/65 49/49/49 115/115/115
f 116/116/116 117/117/117 81/81/81
f 81/81/81 65/65/65 116/116/116
f 117/117/117 118/118/118 97/97/97
f 97/97/97 81/81/81 117/117/117
f 119/119/119 120/120/120 82/121/82
f 82/121/82 98/122/98 119/119/119
f 120/120/120 121/123/121 66/124/66
f 66/124/66 82/121/82 120/120/120
f 121/123/121 122/125/122 50/126/50
f 50/126/50 66/124/66 121/123/121
f 122/125/122 123/127/123 34/128/34
f 34/128/34 50/126/50 122/125/122
f 123/127/123 124/129/124 1/130/1
f 1/130/1 34/128/34 123/127/123
f 124/129/124 123/127/123 35/35/35
f 35/35/35 8/8/8 124/129/124
f 123/127/123 122/125/122 51/51/51
f 51/51/51 35/35/35 123/127/123
f 122/125/122 121/123/121 67/67/67
f 67/67/67 51/51/51 122/125/122
f 121/123/121 120/120/120 83/83/83
f 83/83/83 67/67/67 121/123/121
f 120/120/120 119/119/119 99/99/99
f 99/99/99 83/83/83 120/120/120
f 125/131/125 126/132/126 84/84/84
f 84/84/84 100/100/100 125/131/125
f 126/132/126 127/133/127 68/68/68
f 68/68/68 84/84/84 126/132/126
f 127/133/127 128/134/128 52/52/52
f 52/52/52 68/68/68 127/133/127
f 128/134/128 129/135/129 36/36/36
f 36/36/36 52/52/52 128/134/128
f 129/135/129 130/136/130 5/5/5
f 5/5/5 36/36/36 129/135/129
f 130/136/130 129/135/129 37/37/37
f 37/37/37 12/12/12 130/136/130
f 129/135/129 128/134/128 53/53/53
f 53/53/53 37/37/37 129/135/129
f 128/134/128 127/133/127 69/69/69
f 69/69/69 53/53/53 128/134/128
f 127/133/127 126/132/126 85/85/85
f 85/85/85 69/69/69 127/133/127
f 126/132/126 125/131/125 101/101/101
f 101/101/101 85/85/85 126/132/126
f 131/137/131 132/138/132 86/86/86
f 86/86/86 102/102/102 131/137/131
f 132/138/132 133/139/133 70/70/70
f 70/70/70 86/86/86 132/138/132
f 133/139/133 134/140/134 54/54/54
f 54/54/54 70/70/70 133/139/133
f 134/140/134 135/141/135 38/38/38
f 38/38/38 54/54/54 134/140/134
f 135/141/135 136/142/136 9/9/9
f 9/9/9 38/38/38 135/141/135
f 136/142/136 135/141/135 39/39/39
f 39/39/39 16/16/16 136/142/136
f 135/141/135 134/140/134 55/55/55
f 55/55/55 39/39/39 135/141/135
f 134/140/134 133/139/133 71/71/71
f 71/71/71 55/55/55 134/140/134
f 133/139/133 132/138/132 87/87/87
f 87/87/87 71/71/71 133/139/133
f 132/138/132 131/137/131 103/103/103
f 103/103/103 87/87/87 132/138/132
f 137/143/137 138/144/138 88/88/88
f 88/88/88 104/104/104 137/143/137
f 138/144/138 139/145/139 72/72/72
f 72/72/72 88/88/88 138/144/138
f 139/145/139 140/146/140 56/56/56
f 56/56/56 72/72/72 139/145/139
f 140/146/140 141/147/141 40/40/40
f 40/40/40 56/56/56 140/146/140
f 141/147/141 142/148/142 13/13/13
f 13/13/13 40/40/40 141/147/141
f 142/148/142 141/147/141 41/41/41
f 41/41/41 20/20/20 142/148/142
f 141/147/141 140/146/140 57/57/57
f 57/57/57 41/41/41 141/147/141
f 140/146/140 139/145/139 73/73/73
f 73/73/73 57/57/57 140/146/140
f 139/145/139 138/144/138 89/89/89
f 89/89/89 73/73/73 139/145/139
f 138/144/138 137/143/137 105/105/105
f 105/105/105 89/89/89 138/144/138
f 143/149/143 144/150/144 90/90/90
f 90/90/90 106/106/106 143/149/143
f 144/150/144 145/151/145 74/74/74
f 74/74/74 90/90/90 144/150/144
f 145/151/145 146/152/146 58/58/58
f 58/58/58 74/74/74 145/151/145
f 146/152/146 147/153/147 42/42/42
f 42/42/42 58/58/58 146/152/146
f 147/153/147 148/154/148 17/17/17
f 17/17/17 42/42/42 147/153/147
f 148/154/148 147/153/147 43/43/43
f 43/43/43 24/24/24 148/154/148
f 147/153/147 146/152/146 59/59/59
f 59/59/59 43/43/43 147/153/147
f 146/152/146 145/151/145 75/75/75
f 75/75/75 59/59/59 146/152/146
f 145/151/145 144/150/144 91/91/91
f 91/91/91 75/75/75 145/151/145
f 144/150/144 143/149/143 107/107/107
f 107/107/107 91/91/91 144/150/144
f 149/155/149 150/156/150 92/92/92
f 92/92/92 108/108/108 149/155/149
f 150/156/150 151/157/151 76/76/76
f 76/76/76 92/92/92 150/156/150
f 151/157/151 152/158/152 60/60/60
f 60/60/60 76/76/76 151/157/151
f 152/158/152 153/159/153 44/44/44
f 44/44/44 60/60/60 152/158/152
f 153/159/153 154/160/154 21/21/21
f 21/21/21 44/44/44 153/159/153
f 154/160/154 153/159/153 45/45/45
f 45/45/45 28/28/28 154/160/154
f 153/159/153 152/158/152 61/61/61
f 61/61/61 45/45/45 153/159/153
f 152/158/152 151/157/151 77/77/77
f 77/77/77 61/61/61 152/158/152
f 151/157/151 150/156/150 93/93/93
f 93/93/93 77/77/77 151/157/151
f 150/156/150 149/155/149 109/109/109
f 109/109/109 93/93/93 150/156/150
f 155/161/155 156/162/156 94/94/94
f 94/94/94 110/110/110 155/161/155
f 156/162/156 157/163/157 78/78/78
f 78/78/78 94/94/94 156/162/156
f 157/163/157 158/164/158 62/62/62
f 62/62/62 78/78/78 157/163/157
f 158/164/158 159/165/159 46/46/46
f 46/46/46 62/62/62 158/164/158
f 159/165/159 160/166/160 25/25/25
f 25/25/25 46/46/46 159/165/159
f 160/166/160 159/165/159 47/47/47
f 47/47/47 32/32/32 160/166/160
f 159/165/159 158/164/158 63/63/63
f 63/63/63 47/47/47 159/165/159
f 158/164/158 157/163/157 79/79/79
f 79/79/79 63/63/63 158/164/158
f 157/163/157 156/162/156 95/95/95
f 95/95/95 79/79/79 157/163/157
f 156/162/156 155/161/155 111/111/111
f 111/111/111 95/95/95 156/162/156
f 118/118/118 117/117/117 96/96/96
f 96/96/96 112/112/112 118/118/118
f 117/117/117 116/116/116 80/80/80
f 80/80/80 96/96/96 117/117/117
f 116/116/116 115/115/115 64/64/64
f 64/64/64 80/80/80 116/116/116
f 115/115/115 114/114/114 48/48/48
f 48/48/48 64/64/64 115/115/115
f 114/114/114 113/113/113 29/29/29
f 29/29/29 48/48/48 114/114/114
f 161/167/161 162/168/162 163/169/163
f 163/169/163 164/170/164 161/167/161
f 162/168/162 165/171/165 163/169/163
f 165/171/165 166/172/166 167/173/167
f 167/173/167 163/169/163 165/171/165
f 166/172/166 168/174/168 167/173/167
f 168/174/168 169/175/169 170/176/170
f 170/176/170 167/173/167 168/174/168
f 169/177/169 171/178/171 170/179/170
f 171/178/171 172/180/172 164/170/164
f 164/170/164 170/179/170 171/178/171
f 172/180/172 161/167/161 164/170/164
f 119/119/119 98/122/98 173/181/173
f 98/98/98 97/97/97 174/182/174
f 174/182/174 173/183/173 98/98/98
f 97/97/97 118/118/118 174/182/174
f 125/131/125 100/100/100 175/184/175
f 100/100/100 99/99/99 173/181/173
f 173/181/173 175/184/175 100/100/100
f 99/99/99 119/119/119 173/181/173
f 131/137/131 102/102/102 176/185/176
f 102/102/102 101/101/101 175/184/175
f 175/184/175 176/185/176 102/102/102
f 101/101/101 125/131/125 175/184/175
f 137/143/137 104/104/104 177/186/177
f 104/104/104 103/103/103 176/185/176
f 176/185/176 177/186/177 104/104/104
f 103/103/103 131/137/131 176/185/176
f 143/149/143 106/106/106 178/187/178
f 106/106/106 105/105/105 177/186/177
f 177/186/177 178/187/178 106/106/106
f 105/105/105 137/143/137 177/186/177
f 149/155/149 108/108/108 179/188/179
f 108/108/108 107/107/107 178/187/178
f 178/187/178 179/188/179 108/108/108
f 107/107/107 143/149/143 178/187/178
f 155/161/155 110/110/110 180/189/180
f 110/110/110 109/109/109 179/188/179
f 179/188/179 180/189/180 110/110/110
f 109/109/109 149/155/149 179/188/179
f 118/118/118 112/112/112 174/182/174
f 112/112/112 111/111/111 180/189/180
f 180/189/180 174/182/174 112/112/112
f 111/111/111 155/161/155 180/189/180
f 14/14/14 181/190/181 182/191/182
f 10/10/10 183/192/183 184/193/184
f 6/6/6 185/194/185 186/195/186
f 2/196/2 187/197/187 188/198/188
f 30/30/30 189/199/189 190/200/190
f 26/26/26 191/201/191 192/202/192
f 22/22/22 193/203/193 194/204/194
f 18/18/18 195/205/195 196/206/196
f 181/190/181 19/19/19 182/191/182
f 195/205/195 23/23/23 196/206/196
f 193/203/193 27/27/27 194/204/194
f 191/201/191 31/31/31 192/202/192
f 189/199/189 3/3/3 190/200/190
f 187/197/187 7/7/7 188/198/188
f 185/194/185 11/11/11 186/195/186
f 183/192/183 15/15/15 184/193/184
f 169/207/169 168/208/168 182/191/182
f 182/191/182 196/206/196 169/207/169
f 168/208/168 166/209/166 184/193/184
f 184/193/184 182/191/182 168/208/168
f 166/209/166 165/210/165 186/195/186
f 186/195/186 184/193/184 166/209/166
f 165/210/165 162/211/162 188/198/188
f 188/198/188 186/195/186 165/210/165
f 162/212/162 161/213/161 190/200/190
f 190/200/190 188/214/188 162/212/162
f 161/213/161 172/215/172 192/202/192
f 192/202/192 190/200/190 161/213/161
f 172/215/172 171/216/171 194/204/194
f 194/204/194 192/202/192 172/215/172
f 171/216/171 169/207/169 196/206/196
f 196/206/196 194/204/194 171/216/171
f 188/214/188 190/200/190 3/3/3
f 3/3/3 2/2/2 188/214/188
f 186/195/186 188/198/188 7/7/7
f 7/7/7 6/6/6 186/195/186
f 184/193/184 186/195/186 11/11/11
f 11/11/11 10/10/10 184/193/184
f 182/191/182 184/193/184 15/15/15
f 15/15/15 14/14/14 182/191/182
f 196/206/196 182/191/182 19/19/19
f 19/19/19 18/18/18 196/206/196
f 194/204/194 196/206/196 23/23/23
f 23/23/23 22/22/22 194/204/194
f 192/202/192 194/204/194 27/27/27
f 27/27/27 26/26/26 192/202/192
f 190/200/190 192/202/192 31/31/31
f 31/31/31 30/30/30 190/200/190
f 14/14/14 13/13/13 142/148/142
f 142/148/142 181/190/181 14/14/14
f 10/10/10 9/9/9 136/142/136
f 136/142/136 183/192/183 10/10/10
f 6/6/6 5/5/5 130/136/130
f 130/136/130 185/194/185 6/6/6
f 2/196/2 1/130/1 124/129/124
f 124/129/124 187/197/187 2/196/2
f 30/30/30 29/29/29 113/113/113
f 113/113/113 189/199/189 30/30/30
f 26/26/26 25/25/25 160/166/160
f 160/166/160 191/201/191 26/26/26
f 22/22/22 21/21/21 154/160/154
f 154/160/154 193/203/193 22/22/22
f 18/18/18 17/17/17 148/154/148
f 148/154/148 195/205/195 18/18/18
f 181/190/181 142/148/142 20/20/20
f 20/20/20 19/19/19 181/190/181
f 195/205/195 148/154/148 24/24/24
f 24/24/24 23/23/23 195/205/195
f 193/203/193 154/160/154 28/28/28
f 28/28/28 27/27/27 193/203/193
f 191/201/191 160/166/160 32/32/32
f 32/32/32 31/31/31 191/201/191
f 189/199/189 113/113/113 4/4/4
f 4/4/4 3/3/3 189/199/189
f 187/197/187 124/129/124 8/8/8
f 8/8/8 7/7/7 187/197/187
f 185/194/185 130/136/130 12/12/12
f 12/12/12 11/11/11 185/194/185
f 183/192/183 136/142/136 16/16/16
f 16/16/16 15/15/15 183/192/183
f 197/217/197 198/218/198 199/219/199
f 199/219/199 200/220/200 197/217/197
f 198/218/198 201/221/201 202/222/202
f 202/222/202 199/219/199 198/218/198
f 201/223/201 203/224/203 204/225/204
f 204/225/204 202/226/202 201/223/201
f 203/224/203 197/217/197 200/220/200
f 200/220/200 204/225/204 203/224/203
f 205/227/205 206/228/206 207/229/207
f 207/229/207 208/230/208 205/227/205
f 206/228/206 209/231/209 210/232/210
f 210/232/210 207/229/207 206/228/206
f 209/233/209 211/234/211 212/235/212
f 212/235/212 210/236/210 209/233/209
f 211/234/211 205/227/205 208/230/208
f 208/230/208 212/235/212 211/234/211
f 208/230/208 207/229/207 213/237/213
f 213/237/213 214/238/214 208/230/208
f 207/229/207 210/232/210 215/239/215
f 215/239/215 213/237/213 207/229/207
f 210/236/210 212/235/212 216/240/216
f 216/240/216 215/241/215 210/236/210
f 212/235/212 208/230/208 214/238/214
f 214/238/214 216/240/216 212/235/212
f 217/242/217 218/243/218 219/244/219
f 219/244/219 220/245/220 217/242/217
f 218/243/218 221/246/221 222/247/222
f 222/247/222 219/244/219 218/243/218
f 221/248/221 223/249/223 224/250/224
f 224/250/224 222/251/222 221/248/221
f 223/249/223 217/242/217 220/245/220
f 220/245/220 224/250/224 223/249/223
f 220/245/220 219/244/219 225/252/225
f 225/252/225 226/253/226 220/245/220
f 219/244/219 222/247/222 227/254/227
f 227/254/227 225/252/225 219/244/219
f 222/251/222 224/250/224 228/255/228
f 228/255/228 227/256/227 222/251/222
f 224/250/224 220/245/220 226/253/226
f 226/253/226 228/255/228 224/250/224
f 226/253/226 225/252/225 229/257/229
f 229/257/229 230/258/230 226/253/226
f 225/252/225 227/254/227 231/259/231
f 231/259/231 229/257/229 225/252/225
f 227/260/227 228/255/228 232/261/232
f 232/261/232 231/262/231 227/260/227
f 226/253/226 230/258/230 232/261/232
f 232/261/232 228/255/228 226/253/226
f 230/258/230 229/257/229 233/263/233
f 233/263/233 234/264/234 230/258/230
f 229/257/229 231/259/231 235/265/235
f 235/265/235 233/263/233 229/257/229
f 231/266/231 232/261/232 236/267/236
f 236/267/236 235/268/235 231/266/231
f 232/261/232 230/258/230 234/264/234
f 234/264/234 236/267/236 232/261/232
f 234/264/234 233/263/233 237/269/237
f 237/269/237 238/270/238 234/264/234
f 233/263/233 235/265/235 239/271/239
f 239/271/239 237/269/237 233/263/233
f 235/268/235 236/267/236 240/272/240
f 240/272/240 239/273/239 235/268/235
f 236/267/236 234/264/234 238/270/238
f 238/270/238 240/272/240 236/267/236
f 238/270/238 237/269/237 241/274/241
f 241/274/241 242/275/242 238/270/238
f 237/269/237 239/271/239 243/276/243
f 243/276/243 241/274/241 237/269/237
f 239/273/239 240/272/240 244/277/244
f 244/277/244 243/278/243 239/273/239
f 240/272/240 238/270/238 242/275/242
f 242/275/242 244/277/244 240/272/240
f 242/275/242 241/274/241 245/279/245
f 245/279/245 246/280/246 242/275/242
f 241/274/241 243/276/243 247/281/247
f 247/281/247 245/279/245 241/274/241
f 243/278/243 244/277/244 248/282/248
f 248/282/248 247/283/247 243/278/243
f 244/277/244 242/275/242 246/280/246
f 246/280/246 248/282/248 244/277/244
f 246/280/246 245/279/245 249/284/249
f 249/284/249 250/285/250 246/280/246
f 245/279/245 247/281/247 251/286/251
f 251/286/251 249/284/249 245/279/245
f 247/283/247 248/282/248 252/287/252
f 252/287/252 251/288/251 247/283/247
f 248/282/248 246/280/246 250/285/250
f 250/285/250 252/287/252 248/282/248
f 250/285/250 249/284/249 253/289/253
f 253/289/253 254/290/254 250/285/250
f 249/284/249 251/286/251 255/291/255
f 255/291/255 253/289/253 249/284/249
f 251/288/251 252/287/252 256/292/256
f 256/292/256 255/293/255 251/288/251
f 252/287/252 250/285/250 254/290/254
f 254/290/254 256/292/256 252/287/252
f 254/294/254 253/289/253 257/295/257
f 257/295/257 258/296/258 254/294/254
f 253/289/253 255/291/255 259/297/259
f 259/297/259 257/295/257 253/289/253
f 255/293/255 256/292/256 260/298/260
f 260/298/260 259/299/259 255/293/255
f 256/292/256 254/294/254 258/296/258
f 258/296/258 260/298/260 256/292/256
f 258/296/258 257/295/257 261/300/261
f 261/300/261 262/301/262 258/296/258
f 263/302/263 261/300/261 257/295/257
f 263/302/263 257/295/257 259/297/259
f 263/302/263 259/297/259 264/303/264
f 259/299/259 260/298/260 265/304/265
f 265/304/265 264/305/264 259/299/259
f 260/298/260 258/296/258 262/301/262
f 262/301/262 265/304/265 260/298/260
f 262/301/262 261/300/261 266/306/266
f 266/306/266 267/307/267 262/301/262
f 261/300/261 263/302/263 268/308/268
f 268/308/268 266/306/266 261/300/261
f 263/302/263 264/303/264 269/309/269
f 269/309/269 268/308/268 263/302/263
f 264/305/264 265/304/265 270/310/270
f 270/310/270 269/311/269 264/305/264
f 265/304/265 262/301/262 267/307/267
f 267/307/267 270/310/270 265/304/265
f 267/307/267 266/306/266 271/312/271
f 271/312/271 272/313/272 267/307/267
f 273/314/273 271/312/271 266/306/266
f 273/314/273 266/306/266 268/308/268
f 273/314/273 268/308/268 269/309/269
f 269/311/269 270/310/270 274/315/274
f 274/315/274 273/316/273 269/311/269
f 270/310/270 267/307/267 272/313/272
f 272/313/272 274/315/274 270/310/270
f 272/313/272 271/312/271 275/317/275
f 275/317/275 276/318/276 272/313/272
f 271/312/271 273/314/273 277/319/277
f 277/319/277 275/317/275 271/312/271
f 273/316/273 274/315/274 278/320/278
f 278/320/278 277/321/277 273/316/273
f 274/315/274 272/313/272 276/318/276
f 276/318/276 278/320/278 274/315/274
f 276/318/276 275/317/275 279/322/279
f 279/322/279 280/323/280 276/318/276
f 275/317/275 277/319/277 281/324/281
f 281/324/281 279/322/279 275/317/275
f 277/321/277 278/320/278 282/325/282
f 282/325/282 281/326/281 277/321/277
f 278/320/278 276/318/276 280/323/280
f 280/323/280 282/325/282 278/320/278
f 280/323/280 279/322/279 283/327/283
f 283/327/283 284/328/284 280/323/280
f 279/322/279 281/324/281 285/329/285
f 285/329/285 283/327/283 279/322/279
f 281/326/281 282/325/282 286/330/286
f 286/330/286 285/331/285 281/326/281
f 282/325/282 280/323/280 284/328/284
f 284/328/284 286/330/286 282/325/282
f 287/332/287 216/240/216 214/238/214
f 214/238/214 288/333/288 287/332/287
f 288/333/288 214/238/214 213/237/213
f 213/237/213 289/334/289 288/333/288
f 289/334/289 213/237/213 215/239/215
f 215/239/215 290/335/290 289/334/289
f 290/336/290 215/241/215 216/240/216
f 216/240/216 287/332/287 290/336/290
f 288/333/288 289/334/289 218/243/218
f 218/243/218 217/242/217 288/333/288
f 289/334/289 290/335/290 221/246/221
f 221/246/221 218/243/218 289/334/289
f 290/336/290 287/332/287 223/249/223
f 223/249/223 221/248/221 290/336/290
f 287/332/287 288/333/288 217/242/217
f 217/242/217 223/249/223 287/332/287
f 204/225/204 200/220/200 205/227/205
f 205/227/205 211/234/211 204/225/204
f 200/220/200 199/219/199 206/228/206
f 206/228/206 205/227/205 200/220/200
f 199/219/199 202/222/202 209/231/209
f 209/231/209 206/228/206 199/219/199
f 202/226/202 204/225/204 211/234/211
f 211/234/211 209/233/209 202/226/202
s 2
f 291/337/291 292/338/292 293/339/293
f 293/339/293 294/340/294 291/337/291
f 292/341/292 295/342/295 296/343/296
f 296/343/296 293/344/293 292/341/292
f 295/342/295 297/345/297 298/346/298
f 298/346/298 296/343/296 295/342/295
f 297/345/297 291/337/291 294/340/294
f 294/340/294 298/346/298 297/345/297
f 294/340/294 293/339/293 299/347/299
f 299/347/299 300/348/300 294/340/294
f 293/344/293 296/343/296 301/349/301
f 301/349/301 299/350/299 293/344/293
f 296/343/296 298/346/298 302/351/302
f 302/351/302 301/349/301 296/343/296
f 298/346/298 294/340/294 300/348/300
f 300/348/300 302/351/302 298/346/298
f 300/348/300 299/347/299 303/352/303
f 303/352/303 304/353/304 300/348/300
f 299/350/299 301/349/301 305/354/305
f 305/354/305 303/355/303 299/350/299
f 301/349/301 302/351/302 306/356/306
f 306/356/306 305/354/305 301/349/301
f 302/351/302 300/348/300 304/353/304
f 304/353/304 306/356/306 302/351/302
f 304/353/304 303/352/303 307/357/307
f 307/357/307 308/358/308 304/353/304
f 303/355/303 305/354/305 309/359/309
f 309/359/309 307/360/307 303/355/303
f 305/354/305 306/356/306 310/361/310
f 310/361/310 309/359/309 305/354/305
f 306/356/306 304/353/304 308/358/308
f 308/358/308 310/361/310 306/356/306
f 308/358/308 307/357/307 311/362/311
f 311/362/311 312/363/312 308/358/308
f 309/359/309 313/364/313 311/365/311
f 311/365/311 307/360/307 309/359/309
f 309/359/309 310/361/310 314/366/314
f 314/366/314 313/364/313 309/359/309
f 310/361/310 308/358/308 312/363/312
f 312/363/312 314/366/314 310/361/310
f 297/345/297 315/367/315 316/368/316
f 316/368/316 291/337/291 297/345/297
f 291/337/291 316/368/316 317/369/317
f 317/369/317 292/338/292 291/337/291
f 292/341/292 317/370/317 318/371/318
f 318/371/318 295/342/295 292/341/292
f 295/342/295 318/371/318 315/367/315
f 315/367/315 297/345/297 295/342/295
s 3
f 319/372/319 320/373/320 321/374/321
f 321/374/321 322/375/322 319/372/319
f 320/373/320 323/376/323 324/377/324
f 324/377/324 321/374/321 320/373/320
f 322/375/322 321/374/321 325/378/325
f 325/378/325 326/379/326 322/375/322
f 321/374/321 324/377/324 327/380/327
f 327/380/327 325/378/325 321/374/321
f 328/381/328 326/379/326 325/378/325
f 325/378/325 329/382/329 328/381/328
f 329/382/329 325/378/325 327/380/327
f 327/380/327 330/383/330 329/382/329
s 1
f 173/183/173 174/182/174 331/384/331
f 174/182/174 180/189/180 331/385/331
f 180/189/180 179/188/179 331/386/331
f 179/188/179 178/187/178 331/387/331
f 178/187/178 177/186/177 331/388/331
f 177/186/177 176/185/176 331/389/331
f 176/185/176 175/184/175 331/390/331
f 175/184/175 173/181/173 331/391/331
s 4
f 332/392/332 333/393/333 334/394/334
f 334/394/334 335/395/335 332/392/332
f 333/393/333 336/396/336 337/397/337
f 337/397/337 334/394/334 333/393/333
f 335/395/335 334/394/334 338/398/338
f 338/398/338 339/399/339 335/395/335
f 334/394/334 337/397/337 340/400/340
f 340/400/340 338/398/338 334/394/334
f 341/401/341 339/399/339 338/398/338
f 338/398/338 342/402/342 341/401/341
f 342/402/342 338/398/338 340/400/340
f 340/400/340 343/403/343 342/402/342
s 2
f 311/404/311 313/405/313 314/406/314
f 314/406/314 312/407/312 311/404/311
s 5
f 344/408/344 345/409/345 346/410/346
f 346/410/346 347/411/347 344/408/344
f 348/412/348 349/413/349 345/409/345
f 345/409/345 344/408/344 348/412/348
f 347/411/347 350/414/350 351/415/351
f 351/415/351 344/408/344 347/411/347
f 344/408/344 351/415/351 352/416/352
f 352/416/352 348/412/348 344/408/344
f 353/417/353 354/418/354 351/415/351
f 351/415/351 350/414/350 353/417/353
f 354/418/354 355/419/355 352/416/352
f 352/416/352 351/415/351 354/418/354
s 6
f 356/420/356 357/421/357 358/422/358
f 358/422/358 359/423/359 356/420/356
f 360/424/360 361/425/361 357/421/357
f 357/421/357 356/420/356 360/424/360
f 359/423/359 362/426/362 363/427/363
f 363/427/363 356/420/356 359/423/359
f 356/420/356 363/427/363 364/428/364
f 364/428/364 360/424/360 356/420/356
f 365/429/365 366/430/366 363/427/363
f 363/427/363 362/426/362 365/429/365
f 366/430/366 367/431/367 364/428/364
f 364/428/364 363/427/363 366/430/366
s 1
f 283/432/283 285/433/285 286/434/286
f 286/434/286 284/435/284 283/432/283
s 7
f 368/436/368 369/437/369 370/438/370
f 370/438/370 371/439/371 368/436/368
f 369/437/369 372/440/372 373/441/373
f 373/441/373 370/438/370 369/437/369
f 371/439/371 370/438/370 374/442/374
f 374/442/374 375/443/375 371/439/371
f 370/438/370 373/441/373 376/444/376
f 376/444/376 374/442/374 370/438/370
f 377/445/377 375/443/375 374/442/374
f 374/442/374 378/446/378 377/445/377
f 378/446/378 374/442/374 376/444/376
f 376/444/376 379/447/379 378/446/378
s 8
f 380/448/380 381/449/381 382/450/382
f 382/450/382 383/451/383 380/448/380
f 384/452/384 385/453/385 381/449/381
f 381/449/381 380/448/380 384/452/384
f 383/451/383 386/454/386 387/455/387
f 387/455/387 380/448/380 383/451/383
f 380/448/380 387/455/387 388/456/388
f 388/456/388 384/452/384 380/448/380
f 389/457/389 390/458/390 387/455/387
f 387/455/387 386/454/386 389/457/389
f 390/458/390 391/459/391 388/456/388
f 388/456/388 387/455/387 390/458/390
s 9
f 392/460/392 393/461/393 394/462/394
f 394/462/394 395/463/395 392/460/392
f 393/461/393 396/464/396 397/465/397
f 397/465/397 394/462/394 393/461/393
f 395/463/395 394/462/394 398/466/398
f 398/466/398 399/467/399 395/463/395
f 394/462/394 397/465/397 400/468/400
f 400/468/400 398/466/398 394/462/394
f 401/469/401 399/467/399 398/466/398
f 398/466/398 402/470/402 401/469/401
f 402/470/402 398/466/398 400/468/400
f 400/468/400 403/471/403 402/470/402
s 10
f 404/472/404 405/473/405 406/474/406
f 406/474/406 407/475/407 404/472/404
f 408/476/408 409/477/409 405/473/405
f 405/473/405 404/472/404 408/476/408
f 407/475/407 410/478/410 411/479/411
f 411/479/411 404/472/404 407/475/407
f 404/472/404 411/479/411 412/480/412
f 412/480/412 408/476/408 404/472/404
f 413/481/413 414/482/414 411/479/411
f 411/479/411 410/478/410 413/481/413
f 414/482/414 415/483/415 412/480/412
f 412/480/412 411/479/411 414/482/414
s 11
f 416/484/416 417/485/417 418/486/418
f 418/486/418 419/487/419 416/484/416
f 417/485/417 420/488/420 421/489/421
f 421/489/421 418/486/418 417/485/417
f 420/488/420 422/490/422 423/491/423
f 423/491/423 421/489/421 420/488/420
f 422/490/422 416/492/416 419/493/419
f 419/493/419 423/491/423 422/490/422
f 419/487/419 418/486/418 424/494/424
f 424/494/424 425/495/425 419/487/419
f 418/486/418 421/489/421 426/496/426
f 426/496/426 424/494/424 418/486/418
f 421/489/421 423/491/423 427/497/427
f 427/497/427 426/496/426 421/489/421
f 423/491/423 419/493/419 425/498/425
f 425/498/425 427/497/427 423/491/423
f 425/495/425 424/494/424 428/499/428
f 428/499/428 429/500/429 425/495/425
f 424/494/424 426/496/426 430/501/430
f 430/501/430 428/499/428 424/494/424
f 426/496/426 427/497/427 431/502/431
f 431/502/431 430/501/430 426/496/426
f 427/497/427 425/498/425 429/503/429
f 429/503/429 431/502/431 427/497/427
f 422/490/422 432/504/432 433/505/433
f 433/505/433 416/492/416 422/490/422
f 416/484/416 433/506/433 434/507/434
f 434/507/434 417/485/417 416/484/416
f 417/485/417 434/507/434 435/508/435
f 435/508/435 420/488/420 417/485/417
f 420/488/420 435/508/435 432/504/432
f 432/504/432 422/490/422 420/488/420
f 428/509/428 430/510/430 431/502/431
f 431/502/431 429/503/429 428/509/428
s 12
f 436/511/436 437/512/437 438/513/438
f 438/513/438 439/514/439 436/511/436
f 437/512/437 440/515/440 441/516/441
f 441/516/441 438/513/438 437/512/437
f 440/517/440 442/518/442 443/519/443
f 443/519/443 441/520/441 440/517/440
f 442/518/442 436/511/436 439/514/439
f 439/514/439 443/519/443 442/518/442
f 439/514/439 438/513/438 444/521/444
f 444/521/444 445/522/445 439/514/439
f 438/513/438 441/516/441 446/523/446
f 446/523/446 444/521/444 438/513/438
f 441/520/441 443/519/443 447/524/447
f 447/524/447 446/525/446 441/520/441
f 443/519/443 439/514/439 445/522/445
f 445/522/445 447/524/447 443/519/443
f 445/522/445 444/521/444 448/526/448
f 448/526/448 449/527/449 445/522/445
f 444/521/444 446/523/446 450/528/450
f 450/528/450 448/526/448 444/521/444
f 446/525/446 447/524/447 451/529/451
f 451/529/451 450/530/450 446/525/446
f 447/524/447 445/522/445 449/527/449
f 449/527/449 451/529/451 447/524/447
f 442/518/442 452/531/452 453/532/453
f 453/532/453 436/511/436 442/518/442
f 436/511/436 453/532/453 454/533/454
f 454/533/454 437/512/437 436/511/436
f 437/512/437 454/533/454 455/534/455
f 455/534/455 440/515/440 437/512/437
f 440/517/440 455/535/455 452/531/452
f 452/531/452 442/518/442 440/517/440
f 448/536/448 450/537/450 451/529/451
f 451/529/451 449/527/449 448/536/448
s 13
f 456/538/456 457/539/457 458/540/458
f 458/540/458 459/541/459 456/538/456
f 457/539/457 460/542/460 461/543/461
f 461/543/461 458/540/458 457/539/457
f 460/542/460 462/544/462 463/545/463
f 463/545/463 461/543/461 460/542/460
f 462/544/462 456/546/456 459/547/459
f 459/547/459 463/545/463 462/544/462
f 459/541/459 458/540/458 464/548/464
f 464/548/464 465/549/465 459/541/459
f 458/540/458 461/543/461 466/550/466
f 466/550/466 464/548/464 458/540/458
f 461/543/461 463/545/463 467/551/467
f 467/551/467 466/550/466 461/543/461
f 463/545/463 459/547/459 465/552/465
f 465/552/465 467/551/467 463/545/463
f 465/549/465 464/548/464 468/553/468
f 468/553/468 469/554/469 465/549/465
f 464/548/464 466/550/466 470/555/470
f 470/555/470 468/553/468 464/548/464
f 466/550/466 467/551/467 471/556/471
f 471/556/471 470/555/470 466/550/466
f 467/551/467 465/552/465 469/557/469
f 469/557/469 471/556/471 467/551/467
f 462/544/462 472/558/472 473/559/473
f 473/559/473 456/546/456 462/544/462
f 456/538/456 473/560/473 474/561/474
f 474/561/474 457/539/457 456/538/456
f 457/539/457 474/561/474 475/562/475
f 475/562/475 460/542/460 457/539/457
f 460/542/460 475/562/475 472/558/472
f 472/558/472 462/544/462 460/542/460
f 468/553/468 470/555/470 471/563/471
f 471/563/471 469/564/469 468/553/468
s 14
f 476/565/476 477/566/477 478/567/478
f 478/567/478 479/568/479 476/565/476
f 477/566/477 480/569/480 481/570/481
f 481/570/481 478/567/478 477/566/477
f 480/571/480 482/572/482 483/573/443
f 483/573/443 481/574/481 480/571/480
f 482/572/482 476/565/476 479/568/479
f 479/568/479 483/573/443 482/572/482
f 479/568/479 478/567/478 484/575/483
f 484/575/483 485/576/484 479/568/479
f 478/567/478 481/570/481 486/577/485
f 486/577/485 484/575/483 478/567/478
f 481/574/481 483/573/443 487/578/447
f 487/578/447 486/579/485 481/574/481
f 483/573/443 479/568/479 485/576/484
f 485/576/484 487/578/447 483/573/443
f 485/576/484 484/575/483 488/580/486
f 488/580/486 489/581/487 485/576/484
f 484/575/483 486/577/485 490/582/488
f 490/582/488 488/580/486 484/575/483
f 486/579/485 487/578/447 491/583/489
f 491/583/489 490/584/488 486/579/485
f 487/578/447 485/576/484 489/581/487
f 489/581/487 491/583/489 487/578/447
f 482/572/482 492/585/490 493/586/491
f 493/586/491 476/565/476 482/572/482
f 476/565/476 493/586/491 494/587/492
f 494/587/492 477/566/477 476/565/476
f 477/566/477 494/587/492 495/588/493
f 495/588/493 480/569/480 477/566/477
f 480/571/480 495/589/493 492/585/490
f 492/585/490 482/572/482 480/571/480
f 488/590/486 490/591/488 491/583/489
f 491/583/489 489/581/487 488/590/486
s 15
f 496/592/494 497/593/495 498/594/496
f 498/594/496 499/595/497 496/592/494
f 497/593/495 500/596/498 501/597/499
f 501/597/499 498/594/496 497/593/495
f 500/596/498 502/598/500 503/599/501
f 503/599/501 501/597/499 500/596/498
f 502/598/500 496/600/494 499/601/497
f 499/601/497 503/599/501 502/598/500
f 499/595/497 498/594/496 504/602/502
f 504/602/502 505/603/503 499/595/497
f 498/594/496 501/597/499 506/604/504
f 506/604/504 504/602/502 498/594/496
f 501/597/499 503/599/501 507/605/505
f 507/605/505 506/604/504 501/597/499
f 503/599/501 499/601/497 505/606/503
f 505/606/503 507/605/505 503/599/501
f 505/603/503 504/602/502 508/607/506
f 508/607/506 509/608/507 505/603/503
f 504/602/502 506/604/504 510/609/508
f 510/609/508 508/607/506 504/602/502
f 506/604/504 507/605/505 511/610/509
f 511/610/509 510/609/508 506/604/504
f 507/605/505 505/606/503 509/611/507
f 509/611/507 511/610/509 507/605/505
f 509/608/507 508/607/506 512/612/510
f 512/612/510 513/613/511 509/608/507
f 508/607/506 510/609/508 514/614/512
f 514/614/512 512/612/510 508/607/506
f 510/609/508 511/610/509 515/615/513
f 515/615/513 514/614/512 510/609/508
f 511/610/509 509/611/507 513/616/511
f 513/616/511 515/615/513 511/610/509
f 513/613/511 512/612/510 516/617/514
f 516/617/514 517/618/515 513/613/511
f 514/614/512 518/619/516 516/617/514
f 516/617/514 512/612/510 514/614/512
f 514/614/512 515/615/513 519/620/517
f 519/620/517 518/619/516 514/614/512
f 515/615/513 513/616/511 517/621/515
f 517/621/515 519/620/517 515/615/513
f 502/598/500 520/622/518 521/623/519
f 521/623/519 496/600/494 502/598/500
f 496/592/494 521/624/519 522/625/520
f 522/625/520 497/593/495 496/592/494
f 497/593/495 522/625/520 523/626/521
f 523/626/521 500/596/498 497/593/495
f 500/596/498 523/626/521 520/622/518
f 520/622/518 502/598/500 500/596/498
s 16
f 524/627/522 525/628/523 526/629/524
f 526/629/524 527/630/525 524/627/522
f 528/631/526 529/632/527 530/633/528
f 530/633/528 531/634/529 528/631/526
f 529/632/527 532/635/530 533/636/531
f 533/636/531 530/633/528 529/632/527
f 532/635/530 534/637/532 535/638/533
f 535/638/533 533/636/531 532/635/530
f 528/639/526 531/640/529 535/638/533
f 535/638/533 534/637/532 528/639/526
f 536/641/534 537/642/535 538/643/536
f 538/643/536 539/644/537 536/641/534
f 537/642/535 540/645/538 541/646/539
f 541/646/539 538/643/536 537/642/535
f 540/645/538 542/647/540 543/648/541
f 543/648/541 541/646/539 540/645/538
f 542/647/540 536/649/534 539/650/537
f 539/650/537 543/648/541 542/647/540
f 539/644/537 538/643/536 544/651/542
f 544/651/542 545/652/543 539/644/537
f 538/643/536 541/646/539 546/653/544
f 546/653/544 544/651/542 538/643/536
f 541/646/539 543/648/541 547/654/545
f 547/654/545 546/653/544 541/646/539
f 543/648/541 539/650/537 545/655/543
f 545/655/543 547/654/545 543/648/541
f 545/652/543 544/651/542 548/656/546
f 548/656/546 549/657/547 545/652/543
f 544/651/542 546/653/544 550/658/548
f 550/658/548 548/656/546 544/651/542
f 546/653/544 547/654/545 551/659/549
f 551/659/549 550/658/548 546/653/544
f 547/654/545 545/655/543 549/660/547
f 549/660/547 551/659/549 547/654/545
f 552/661/550 553/662/551 554/663/552
f 554/663/552 555/664/553 552/661/550
f 553/662/551 556/665/554 557/666/555
f 557/666/555 554/663/552 553/662/551
f 556/665/554 558/667/556 559/668/557
f 559/668/557 557/666/555 556/665/554
f 558/667/556 552/669/550 555/670/553
f 555/670/553 559/668/557 558/667/556
f 555/664/553 554/663/552 560/671/558
f 560/671/558 561/672/559 555/664/553
f 554/663/552 557/666/555 562/673/560
f 562/673/560 560/671/558 554/663/552
f 557/666/555 559/668/557 563/674/561
f 563/674/561 562/673/560 557/666/555
f 559/668/557 555/670/553 561/675/559
f 561/675/559 563/674/561 559/668/557
f 561/672/559 560/671/558 564/676/562
f 564/676/562 565/677/563 561/672/559
f 560/671/558 562/673/560 566/678/564
f 566/678/564 564/676/562 560/671/558
f 562/673/560 563/674/561 567/679/565
f 567/679/565 566/678/564 562/673/560
f 563/674/561 561/675/559 565/680/563
f 565/680/563 567/679/565 563/674/561
f 564/676/562 568/681/566 569/682/567
f 569/682/567 565/677/563 564/676/562
f 566/678/564 570/683/568 568/681/566
f 568/681/566 564/676/562 566/678/564
f 567/679/565 571/684/569 570/683/568
f 570/683/568 566/678/564 567/679/565
f 565/680/563 569/685/567 571/684/569
f 571/684/569 567/679/565 565/680/563
f 569/682/567 568/681/566 572/686/570
f 572/686/570 573/687/571 569/682/567
f 568/681/566 570/683/568 574/688/572
f 574/688/572 572/686/570 568/681/566
f 570/683/568 571/684/569 575/689/573
f 575/689/573 574/688/572 570/683/568
f 571/684/569 569/685/567 573/690/571
f 573/690/571 575/689/573 571/684/569
f 573/687/571 572/686/570 576/691/574
f 576/691/574 577/692/575 573/687/571
f 572/686/570 574/688/572 578/693/576
f 578/693/576 576/691/574 572/686/570
f 574/688/572 575/689/573 579/694/577
f 579/694/577 578/693/576 574/688/572
f 575/689/573 573/690/571 577/695/575
f 577/695/575 579/694/577 575/689/573
f 577/692/575 576/691/574 580/696/578
f 580/696/578 581/697/579 577/692/575
f 576/691/574 578/693/576 582/698/580
f 582/698/580 580/696/578 576/691/574
f 578/693/576 579/694/577 583/699/581
f 583/699/581 582/698/580 578/693/576
f 579/694/577 577/695/575 581/700/579
f 581/700/579 583/699/581 579/694/577
f 581/697/579 580/696/578 526/629/524
f 526/629/524 525/701/523 581/697/579
f 580/696/578 582/698/580 527/630/525
f 527/630/525 526/629/524 580/696/578
f 582/698/580 583/699/581 524/702/522
f 524/702/522 527/630/525 582/698/580
f 583/699/581 581/700/579 525/703/523
f 525/703/523 524/702/522 583/699/581
f 535/638/533 531/640/529 536/649/534
f 536/649/534 542/647/540 535/638/533
f 531/634/529 530/633/528 537/642/535
f 537/642/535 536/641/534 531/634/529
f 530/633/528 533/636/531 540/645/538
f 540/645/538 537/642/535 530/633/528
f 533/636/531 535/638/533 542/647/540
f 542/647/540 540/645/538 533/636/531
f 551/659/549 549/660/547 552/669/550
f 552/669/550 558/667/556 551/659/549
f 549/657/547 548/656/546 553/662/551
f 553/662/551 552/661/550 549/657/547
f 548/656/546 550/658/548 556/665/554
f 556/665/554 553/662/551 548/656/546
f 550/658/548 551/659/549 558/667/556
f 558/667/556 556/665/554 550/658/548
s 17
f 584/704/582 585/705/583 586/706/584
f 586/706/584 587/707/585 584/704/582
f 585/708/583 588/709/586 589/710/587
f 589/710/587 586/711/584 585/708/583
f 588/709/586 590/712/588 591/713/589
f 591/713/589 589/710/587 588/709/586
f 590/712/588 584/704/582 587/707/585
f 587/707/585 591/713/589 590/712/588
f 587/707/585 586/706/584 592/714/590
f 592/714/590 593/715/591 587/707/585
f 586/711/584 589/710/587 594/716/592
f 594/716/592 592/717/590 586/711/584
f 589/710/587 591/713/589 595/718/593
f 595/718/593 594/716/592 589/710/587
f 591/713/589 587/707/585 593/715/591
f 593/715/591 595/718/593 591/713/589
f 593/715/591 592/714/590 596/719/594
f 596/719/594 597/720/595 593/715/591
f 592/717/590 594/716/592 598/721/596
f 598/721/596 596/722/594 592/717/590
f 594/716/592 595/718/593 599/723/597
f 599/723/597 598/721/596 594/716/592
f 595/718/593 593/715/591 597/720/595
f 597/720/595 599/723/597 595/718/593
f 590/712/588 600/724/598 601/725/599
f 601/725/599 584/704/582 590/712/588
f 584/704/582 601/725/599 602/726/600
f 602/726/600 585/705/583 584/704/582
f 585/708/583 602/727/600 603/728/601
f 603/728/601 588/709/586 585/708/583
f 588/709/586 603/728/601 600/724/598
f 600/724/598 590/712/588 588/709/586
s 15
f 516/617/514 518/619/516 519/729/517
f 519/729/517 517/730/515 516/617/514
s 18
f 604/731/602 605/732/603 606/733/604
f 606/733/604 607/734/605 604/731/602
f 605/732/603 608/735/606 609/736/607
f 609/736/607 606/733/604 605/732/603
f 608/737/606 610/738/608 611/739/609
f 611/739/609 609/740/607 608/737/606
f 610/738/608 604/731/602 607/734/605
f 607/734/605 611/739/609 610/738/608
f 612/741/610 613/742/611 614/743/612
f 614/743/612 615/744/613 612/741/610
f 613/742/611 616/745/614 617/746/615
f 617/746/615 614/743/612 613/742/611
f 616/747/614 618/748/616 619/749/617
f 619/749/617 617/750/615 616/747/614
f 618/748/616 612/741/610 615/744/613
f 615/744/613 619/749/617 618/748/616
f 615/744/613 614/743/612 620/751/618
f 620/751/618 621/752/619 615/744/613
f 614/743/612 617/746/615 622/753/620
f 622/753/620 620/751/618 614/743/612
f 617/750/615 619/749/617 623/754/621
f 623/754/621 622/755/620 617/750/615
f 619/749/617 615/744/613 621/752/619
f 621/752/619 623/754/621 619/749/617
f 621/752/619 620/751/618 624/756/622
f 624/756/622 625/757/623 621/752/619
f 620/751/618 622/753/620 626/758/624
f 626/758/624 624/756/622 620/751/618
f 622/755/620 623/754/621 627/759/625
f 627/759/625 626/760/624 622/755/620
f 623/754/621 621/752/619 625/757/623
f 625/757/623 627/759/625 623/754/621
f 625/757/623 624/756/622 628/761/626
f 628/761/626 629/762/627 625/757/623
f 624/756/622 626/758/624 630/763/628
f 630/763/628 628/761/626 624/756/622
f 626/760/624 627/759/625 631/764/629
f 631/764/629 630/765/628 626/760/624
f 627/759/625 625/757/623 629/762/627
f 629/762/627 631/764/629 627/759/625
f 629/762/627 628/761/626 632/766/630
f 632/766/630 633/767/631 629/762/627
f 634/768/632 632/766/630 628/761/626
f 634/768/632 628/761/626 630/763/628
f 634/768/632 630/763/628 635/769/633
f 636/770/634 635/771/633 630/765/628
f 636/770/634 630/765/628 631/764/629
f 636/770/634 631/764/629 637/772/635
f 631/764/629 629/762/627 633/767/631
f 633/767/631 637/772/635 631/764/629
f 633/767/631 632/766/630 638/773/636
f 638/773/636 639/774/637 633/767/631
f 632/766/630 634/768/632 640/775/638
f 640/775/638 638/773/636 632/766/630
f 634/768/632 635/769/633 641/776/639
f 641/776/639 640/775/638 634/768/632
f 635/771/633 636/770/634 642/777/640
f 642/777/640 641/778/639 635/771/633
f 636/770/634 637/772/635 643/779/641
f 643/779/641 642/777/640 636/770/634
f 637/772/635 633/767/631 639/774/637
f 639/774/637 643/779/641 637/772/635
f 639/774/637 638/773/636 644/780/642
f 644/780/642 645/781/643 639/774/637
f 640/775/638 641/782/639 646/783/644
f 640/775/638 646/783/644 644/780/642
f 640/775/638 644/780/642 638/773/636
f 642/777/640 643/779/641 647/784/645
f 642/777/640 647/784/645 646/785/644
f 642/777/640 646/785/644 641/778/639
f 643/779/641 639/774/637 645/781/643
f 645/781/643 647/784/645 643/779/641
f 645/781/643 644/780/642 648/786/646
f 648/786/646 649/787/647 645/781/643
f 644/780/642 646/783/644 650/788/648
f 650/788/648 648/786/646 644/780/642
f 646/785/644 647/784/645 651/789/649
f 651/789/649 650/790/648 646/785/644
f 647/784/645 645/781/643 649/787/647
f 649/787/647 651/789/649 647/784/645
f 649/787/647 648/786/646 652/791/650
f 652/791/650 653/792/651 649/787/647
f 648/786/646 650/788/648 654/793/652
f 654/793/652 652/791/650 648/786/646
f 650/794/648 651/789/649 655/795/653
f 655/795/653 654/796/652 650/794/648
f 651/789/649 649/787/647 653/792/651
f 653/792/651 655/795/653 651/789/649
f 653/792/651 652/791/650 656/797/654
f 656/797/654 657/798/655 653/792/651
f 652/791/650 654/793/652 658/799/656
f 658/799/656 656/797/654 652/791/650
f 654/796/652 655/795/653 659/800/657
f 659/800/657 658/801/656 654/796/652
f 655/795/653 653/792/651 657/798/655
f 657/798/655 659/800/657 655/795/653
f 657/802/655 656/797/654 660/803/658
f 660/803/658 661/804/659 657/802/655
f 656/797/654 658/799/656 662/805/660
f 662/805/660 660/803/658 656/797/654
f 658/801/656 659/800/657 663/806/661
f 663/806/661 662/807/660 658/801/656
f 659/800/657 657/802/655 661/804/659
f 661/804/659 663/806/661 659/800/657
f 661/808/659 660/803/658 664/809/662
f 664/809/662 665/810/663 661/808/659
f 660/803/658 662/811/660 666/812/664
f 666/812/664 664/809/662 660/803/658
f 662/807/660 663/806/661 667/813/665
f 667/813/665 666/814/664 662/807/660
f 663/806/661 661/808/659 665/810/663
f 665/810/663 667/813/665 663/806/661
f 665/810/663 664/809/662 668/815/666
f 668/815/666 669/816/667 665/810/663
f 664/809/662 666/812/664 670/817/668
f 670/817/668 668/815/666 664/809/662
f 666/814/664 667/813/665 671/818/669
f 671/818/669 670/819/668 666/814/664
f 667/813/665 665/810/663 669/816/667
f 669/816/667 671/818/669 667/813/665
f 669/820/667 668/815/666 672/821/670
f 672/821/670 673/822/671 669/820/667
f 668/815/666 670/817/668 674/823/672
f 674/823/672 672/821/670 668/815/666
f 670/824/668 671/825/669 675/826/673
f 675/826/673 674/827/672 670/824/668
f 671/825/669 669/820/667 673/822/671
f 673/822/671 675/826/673 671/825/669
f 673/822/671 672/821/670 676/828/674
f 676/828/674 677/829/675 673/822/671
f 672/821/670 674/823/672 678/830/676
f 678/830/676 676/828/674 672/821/670
f 674/827/672 675/826/673 679/831/677
f 679/831/677 678/832/676 674/827/672
f 675/826/673 673/822/671 677/829/675
f 677/829/675 679/831/677 675/826/673
f 677/833/675 676/828/674 680/834/678
f 680/834/678 681/835/679 677/833/675
f 676/828/674 678/830/676 682/836/680
f 682/836/680 680/834/678 676/828/674
f 678/832/676 679/831/677 683/837/681
f 683/837/681 682/838/680 678/832/676
f 679/831/677 677/833/675 681/835/679
f 681/835/679 683/837/681 679/831/677
f 681/835/679 680/834/678 684/839/682
f 684/839/682 685/840/683 681/835/679
f 680/834/678 682/836/680 686/841/684
f 686/841/684 684/839/682 680/834/678
f 682/838/680 683/837/681 687/842/685
f 687/842/685 686/843/684 682/838/680
f 683/837/681 681/835/679 685/840/683
f 685/840/683 687/842/685 683/837/681
f 685/840/683 684/839/682 688/844/686
f 688/844/686 689/845/687 685/840/683
f 684/839/682 686/841/684 690/846/688
f 690/846/688 688/844/686 684/839/682
f 686/843/684 687/842/685 691/847/689
f 691/847/689 690/848/688 686/843/684
f 687/842/685 685/840/683 689/845/687
f 689/845/687 691/847/689 687/842/685
f 689/849/687 688/844/686 692/850/690
f 692/850/690 693/851/691 689/849/687
f 688/844/686 690/846/688 694/852/692
f 694/852/692 692/850/690 688/844/686
f 690/853/688 691/854/689 695/855/693
f 695/855/693 694/856/692 690/853/688
f 691/854/689 689/849/687 693/851/691
f 693/851/691 695/855/693 691/854/689
f 693/857/691 692/850/690 696/858/694
f 696/858/694 697/859/695 693/857/691
f 692/850/690 694/852/692 698/860/696
f 698/860/696 696/858/694 692/850/690
f 694/861/692 695/862/693 699/863/697
f 699/863/697 698/864/696 694/861/692
f 695/862/693 693/857/691 697/859/695
f 697/859/695 699/863/697 695/862/693
f 697/865/695 696/858/694 700/866/698
f 700/866/698 701/867/699 697/865/695
f 696/858/694 698/860/696 702/868/700
f 702/868/700 700/866/698 696/858/694
f 698/869/696 699/870/697 703/871/701
f 703/871/701 702/872/700 698/869/696
f 699/870/697 697/865/695 701/867/699
f 701/867/699 703/871/701 699/870/697
f 701/873/699 700/866/698 704/874/702
f 704/874/702 705/875/703 701/873/699
f 700/866/698 702/868/700 706/876/704
f 706/876/704 704/874/702 700/866/698
f 702/877/700 703/878/701 707/879/705
f 707/879/705 706/880/704 702/877/700
f 703/878/701 701/873/699 705/875/703
f 705/875/703 707/879/705 703/878/701
f 705/881/703 704/874/702 708/882/706
f 708/882/706 709/883/707 705/881/703
f 704/874/702 706/876/704 710/884/708
f 710/884/708 708/882/706 704/874/702
f 706/885/704 707/886/705 711/887/709
f 711/887/709 710/888/708 706/885/704
f 707/886/705 705/881/703 709/883/707
f 709/883/707 711/887/709 707/886/705
f 604/731/602 712/889/710 713/890/711
f 713/890/711 605/732/603 604/731/602
f 605/732/603 713/890/711 714/891/712
f 714/891/712 608/735/606 605/732/603
f 608/737/606 714/892/712 715/893/713
f 715/893/713 610/738/608 608/737/606
f 712/889/710 604/731/602 610/738/608
f 610/738/608 715/893/713 712/889/710
f 712/889/710 716/894/714 717/895/715
f 717/895/715 713/890/711 712/889/710
f 713/890/711 717/895/715 718/896/716
f 718/896/716 714/891/712 713/890/711
f 718/897/716 719/898/717 715/893/713
f 715/893/713 714/892/712 718/897/716
f 719/898/717 716/894/714 712/889/710
f 712/889/710 715/893/713 719/898/717
f 607/734/605 606/733/604 613/742/611
f 613/742/611 612/741/610 607/734/605
f 613/742/611 606/733/604 609/736/607
f 609/736/607 616/745/614 613/742/611
f 616/747/614 609/740/607 611/739/609
f 611/739/609 618/748/616 616/747/614
f 618/748/616 611/739/609 607/734/605
f 607/734/605 612/741/610 618/748/616
f 710/884/708 711/899/709 709/900/707
f 709/900/707 708/882/706 710/884/708
s 19
f 720/901/718 721/902/719 722/903/720
f 722/903/720 723/904/721 720/901/718
f 724/905/722 725/906/723 726/907/724
f 726/907/724 727/908/725 724/905/722
f 725/906/723 728/909/726 729/910/727
f 729/910/727 726/907/724 725/906/723
f 728/911/726 730/912/728 731/913/729
f 731/913/729 729/914/727 728/911/726
f 724/905/722 727/908/725 731/913/729
f 731/913/729 730/912/728 724/905/722
f 727/908/725 726/907/724 732/915/730
f 732/915/730 733/916/731 727/908/725
f 726/907/724 729/910/727 734/917/732
f 734/917/732 732/915/730 726/907/724
f 729/914/727 731/913/729 735/918/733
f 735/918/733 734/919/732 729/914/727
f 731/913/729 727/908/725 733/916/731
f 733/916/731 735/918/733 731/913/729
f 733/916/731 732/915/730 736/920/734
f 736/920/734 737/921/735 733/916/731
f 732/915/730 734/917/732 738/922/736
f 738/922/736 736/920/734 732/915/730
f 734/919/732 735/918/733 739/923/737
f 739/923/737 738/924/736 734/919/732
f 735/918/733 733/916/731 737/921/735
f 737/921/735 739/923/737 735/918/733
f 737/921/735 736/920/734 740/925/738
f 740/925/738 741/926/739 737/921/735
f 736/920/734 738/922/736 742/927/740
f 742/927/740 740/925/738 736/920/734
f 738/928/736 739/923/737 743/929/741
f 743/929/741 742/930/740 738/928/736
f 739/923/737 737/921/735 741/926/739
f 741/926/739 743/929/741 739/923/737
f 741/926/739 740/925/738 744/931/742
f 744/931/742 745/932/743 741/926/739
f 740/925/738 742/927/740 746/933/744
f 746/933/744 744/931/742 740/925/738
f 742/930/740 743/929/741 747/934/745
f 747/934/745 746/935/744 742/930/740
f 743/929/741 741/926/739 745/932/743
f 745/932/743 747/934/745 743/929/741
f 745/932/743 744/931/742 748/936/746
f 748/936/746 749/937/747 745/932/743
f 744/931/742 746/933/744 750/938/748
f 750/938/748 748/936/746 744/931/742
f 746/935/744 747/934/745 751/939/749
f 751/939/749 750/940/748 746/935/744
f 747/934/745 745/932/743 749/937/747
f 749/937/747 751/939/749 747/934/745
f 749/941/747 748/942/746 752/943/750
f 752/943/750 753/944/751 749/941/747
f 748/942/746 750/945/748 754/946/752
f 754/946/752 752/943/750 748/942/746
f 750/947/748 751/948/749 755/949/753
f 755/949/753 754/950/752 750/947/748
f 751/948/749 749/941/747 753/944/751
f 753/944/751 755/949/753 751/948/749
f 753/944/751 752/943/750 756/951/754
f 756/951/754 757/952/755 753/944/751
f 752/943/750 754/946/752 758/953/756
f 758/953/756 756/951/754 752/943/750
f 754/950/752 755/949/753 759/954/757
f 759/954/757 758/955/756 754/950/752
f 755/949/753 753/944/751 757/952/755
f 757/952/755 759/954/757 755/949/753
f 757/952/755 756/951/754 760/956/758
f 760/956/758 761/957/759 757/952/755
f 756/951/754 758/953/756 762/958/760
f 762/958/760 760/956/758 756/951/754
f 758/955/756 759/954/757 763/959/761
f 763/959/761 762/960/760 758/955/756
f 759/954/757 757/952/755 761/957/759
f 761/957/759 763/959/761 759/954/757
f 761/957/759 760/956/758 720/901/718
f 720/901/718 723/961/721 761/957/759
f 760/956/758 762/958/760 721/902/719
f 721/902/719 720/901/718 760/956/758
f 762/960/760 763/959/761 722/962/720
f 722/962/720 721/963/719 762/960/760
f 763/959/761 761/957/759 723/961/721
f 723/961/721 722/962/720 763/959/761
s 18
f 764/964/762 765/965/763 766/966/764
f 766/966/764 767/967/765 764/964/762
f 767/967/765 766/966/764 768/968/766
f 768/968/766 769/969/767 767/967/765
f 768/970/766 770/971/768 771/972/769
f 771/972/769 769/973/767 768/970/766
f 770/971/768 765/965/763 764/964/762
f 764/964/762 771/972/769 770/971/768
f 716/894/714 764/964/762 767/967/765
f 767/967/765 717/895/715 716/894/714
f 717/895/715 767/967/765 769/969/767
f 769/969/767 718/896/716 717/895/715
f 718/897/716 769/973/767 771/972/769
f 771/972/769 719/898/717 718/897/716
f 719/898/717 771/972/769 764/964/762
f 764/964/762 716/894/714 719/898/717
s 20
f 772/974/770 773/975/771 774/976/772
f 774/976/772 775/977/773 772/974/770
f 773/975/771 776/978/774 777/979/775
f 777/979/775 774/976/772 773/975/771
f 775/977/773 774/976/772 778/980/776
f 778/980/776 779/981/777 775/977/773
f 774/976/772 777/979/775 780/982/778
f 780/982/778 778/980/776 774/976/772
f 781/983/779 779/981/777 778/980/776
f 778/980/776 782/984/780 781/983/779
f 782/984/780 778/980/776 780/982/778
f 780/982/778 783/985/781 782/984/780
s 21
f 784/986/782 785/987/783 786/988/784
f 786/988/784 787/989/785 784/986/782
f 785/987/783 788/990/786 789/991/787
f 789/991/787 786/988/784 785/987/783
f 787/989/785 786/988/784 790/992/788
f 790/992/788 791/993/789 787/989/785
f 786/988/784 789/991/787 792/994/790
f 792/994/790 790/992/788 786/988/784
f 793/995/791 791/993/789 790/992/788
f 790/992/788 794/996/792 793/995/791
f 794/996/792 790/992/788 792/994/790
f 792/994/790 795/997/793 794/996/792
s 22
f 796/998/794 797/999/795 798/1000/796
f 798/1000/796 799/1001/797 796/998/794
f 800/1002/798 801/1003/799 797/999/795
f 797/999/795 796/998/794 800/1002/798
f 799/1001/797 802/1004/800 803/1005/801
f 803/1005/801 796/998/794 799/1001/797
f 796/998/794 803/1005/801 804/1006/802
f 804/1006/802 800/1002/798 796/998/794
f 805/1007/803 806/1008/804 803/1005/801
f 803/1005/801 802/1004/800 805/1007/803
f 806/1008/804 807/1009/805 804/1006/802
f 804/1006/802 803/1005/801 806/1008/804
s 23
f 808/1010/806 809/1011/807 810/1012/808
f 810/1012/808 811/1013/809 808/1010/806
f 812/1014/810 813/1015/811 809/1011/807
f 809/1011/807 808/1010/806 812/1014/810
f 811/1013/809 814/1016/812 815/1017/813
f 815/1017/813 808/1010/806 811/1013/809
f 808/1010/806 815/1017/813 816/1018/814
f 816/1018/814 812/1014/810 808/1010/806
f 817/1019/815 818/1020/816 815/1017/813
f 815/1017/813 814/1016/812 817/1019/815
f 818/1020/816 819/1021/817 816/1018/814
f 816/1018/814 815/1017/813 818/1020/816
s 24
f 820/1022/818 821/1023/819 822/1024/820
f 822/1024/820 823/1025/821 820/1022/818
f 821/1023/819 824/1026/822 825/1027/823
f 825/1027/823 822/1024/820 821/1023/819
f 823/1025/821 822/1024/820 826/1028/824
f 826/1028/824 827/1029/825 823/1025/821
f 822/1024/820 825/1027/823 828/1030/826
f 828/1030/826 826/1028/824 822/1024/820
f 829/1031/827 827/1029/825 826/1028/824
f 826/1028/824 830/1032/828 829/1031/827
f 830/1032/828 826/1028/824 828/1030/826
f 828/1030/826 831/1033/829 830/1032/828
s 25
f 832/1034/830 833/1035/831 834/1036/832
f 834/1036/832 835/1037/833 832/1034/830
f 836/1038/834 837/1039/835 833/1035/831
f 833/1035/831 832/1034/830 836/1038/834
f 835/1037/833 838/1040/836 839/1041/837
f 839/1041/837 832/1034/830 835/1037/833
f 832/1034/830 839/1041/837 840/1042/838
f 840/1042/838 836/1038/834 832/1034/830
f 841/1043/839 842/1044/840 839/1041/837
f 839/1041/837 838/1040/836 841/1043/839
f 842/1044/840 843/1045/841 840/1042/838
f 840/1042/838 839/1041/837 842/1044/840
s 26
f 844/1046/842 845/1047/843 846/1048/844
f 846/1048/844 847/1049/845 844/1046/842
f 845/1047/843 848/1050/846 849/1051/847
f 849/1051/847 846/1048/844 845/1047/843
f 847/1049/845 846/1048/844 850/1052/848
f 850/1052/848 851/1053/849 847/1049/845
f 846/1048/844 849/1051/847 852/1054/850
f 852/1054/850 850/1052/848 846/1048/844
f 853/1055/851 851/1053/849 850/1052/848
f 850/1052/848 854/1056/852 853/1055/851
f 854/1056/852 850/1052/848 852/1054/850
f 852/1054/850 855/1057/853 854/1056/852
s 27
f 856/1058/854 857/1059/855 858/1060/856
f 858/1060/856 859/1061/857 856/1058/854
f 857/1059/855 860/1062/858 861/1063/859
f 861/1063/859 858/1060/856 857/1059/855
f 859/1061/857 858/1060/856 862/1064/860
f 862/1064/860 863/1065/861 859/1061/857
f 858/1060/856 861/1063/859 864/1066/862
f 864/1066/862 862/1064/860 858/1060/856
f 865/1067/863 863/1065/861 862/1064/860
f 862/1064/860 866/1068/864 865/1067/863
f 866/1068/864 862/1064/860 864/1066/862
f 864/1066/862 867/1069/865 866/1068/864
s 28
f 868/1070/866 869/1071/867 870/1072/868
f 870/1072/868 871/1073/869 868/1070/866
f 869/1071/867 872/1074/870 873/1075/871
f 873/1075/871 870/1072/868 869/1071/867
f 871/1073/869 870/1072/868 874/1076/872
f 874/1076/872 875/1077/873 871/1073/869
f 870/1072/868 873/1075/871 876/1078/874
f 876/1078/874 874/1076/872 870/1072/868
f 877/1079/875 875/1077/873 874/1076/872
f 874/1076/872 878/1080/876 877/1079/875
f 878/1080/876 874/1076/872 876/1078/874
f 876/1078/874 879/1081/877 878/1080/876
s 29
f 880/1082/878 881/1083/879 882/1084/880
f 882/1084/880 883/1085/881 880/1082/878
f 884/1086/882 885/1087/883 881/1083/879
f 881/1083/879 880/1082/878 884/1086/882
f 883/1085/881 886/1088/884 887/1089/885
f 887/1089/885 880/1082/878 883/1085/881
f 880/1082/878 887/1089/885 888/1090/886
f 888/1090/886 884/1086/882 880/1082/878
f 889/1091/887 890/1092/888 887/1089/885
f 887/1089/885 886/1088/884 889/1091/887
f 890/1092/888 891/1093/889 888/1090/886
f 888/1090/886 887/1089/885 890/1092/888
s 30
f 892/1094/890 893/1095/891 894/1096/892
f 894/1096/892 895/1097/893 892/1094/890
f 893/1095/891 896/1098/894 897/1099/895
f 897/1099/895 894/1096/892 893/1095/891
f 895/1097/893 894/1096/892 898/1100/896
f 898/1100/896 899/1101/897 895/1097/893
f 894/1096/892 897/1099/895 900/1102/898
f 900/1102/898 898/1100/896 894/1096/892
f 901/1103/899 899/1101/897 898/1100/896
f 898/1100/896 902/1104/900 901/1103/899
f 902/1104/900 898/1100/896 900/1102/898
f 900/1102/898 903/1105/901 902/1104/900
s 31
f 904/1106/902 905/1107/903 906/1108/904
f 906/1108/904 907/1109/905 904/1106/902
f 908/1110/906 909/1111/907 905/1107/903
f 905/1107/903 904/1106/902 908/1110/906
f 907/1109/905 910/1112/908 911/1113/909
f 911/1113/909 904/1106/902 907/1109/905
f 904/1106/902 911/1113/909 912/1114/910
f 912/1114/910 908/1110/906 904/1106/902
f 913/1115/911 914/1116/912 911/1113/909
f 911/1113/909 910/1112/908 913/1115/911
f 914/1116/912 915/1117/913 912/1114/910
f 912/1114/910 911/1113/909 914/1116/912
s 32
f 916/1118/914 917/1119/915 918/1120/916
f 918/1120/916 919/1121/917 916/1118/914
f 917/1119/915 920/1122/918 921/1123/919
f 921/1123/919 918/1120/916 917/1119/915
f 919/1121/917 918/1120/916 922/1124/920
f 922/1124/920 923/1125/921 919/1121/917
f 918/1120/916 921/1123/919 924/1126/922
f 924/1126/922 922/1124/920 918/1120/916
f 925/1127/923 923/1125/921 922/1124/920
f 922/1124/920 926/1128/924 925/1127/923
f 926/1128/924 922/1124/920 924/1126/922
f 924/1126/922 927/1129/925 926/1128/924
s 33
f 928/1130/926 929/1131/927 930/1132/928
f 930/1132/928 931/1133/929 928/1130/926
f 932/1134/930 933/1135/931 929/1131/927
f 929/1131/927 928/1130/926 932/1134/930
f 931/1133/929 934/1136/932 935/1137/933
f 935/1137/933 928/1130/926 931/1133/929
f 928/1130/926 935/1137/933 936/1138/934
f 936/1138/934 932/1134/930 928/1130/926
f 937/1139/935 938/1140/936 935/1137/933
f 935/1137/933 934/1136/932 937/1139/935
f 938/1140/936 939/1141/937 936/1138/934
f 936/1138/934 935/1137/933 938/1140/936
s 34
f 940/1142/938 941/1143/939 942/1144/940
f 942/1144/940 943/1145/941 940/1142/938
f 941/1143/939 944/1146/942 945/1147/943
f 945/1147/943 942/1144/940 941/1143/939
f 943/1145/941 942/1144/940 946/1148/944
f 946/1148/944 947/1149/945 943/1145/941
f 942/1144/940 945/1147/943 948/1150/946
f 948/1150/946 946/1148/944 942/1144/940
f 949/1151/947 947/1149/945 946/1148/944
f 946/1148/944 950/1152/948 949/1151/947
f 950/1152/948 946/1148/944 948/1150/946
f 948/1150/946 951/1153/949 950/1152/948
s 35
f 952/1154/950 953/1155/951 954/1156/952
f 954/1156/952 955/1157/953 952/1154/950
f 956/1158/954 957/1159/955 953/1155/951
f 953/1155/951 952/1154/950 956/1158/954
f 955/1157/953 958/1160/956 959/1161/957
f 959/1161/957 952/1154/950 955/1157/953
f 952/1154/950 959/1161/957 960/1162/958
f 960/1162/958 956/1158/954 952/1154/950
f 961/1163/959 962/1164/960 959/1161/957
f 959/1161/957 958/1160/956 961/1163/959
f 962/1164/960 963/1165/961 960/1162/958
f 960/1162/958 959/1161/957 962/1164/960
s 36
f 964/1166/962 965/1167/963 966/1168/964
f 966/1168/964 967/1169/965 964/1166/962
f 965/1167/963 968/1170/966 969/1171/967
f 969/1171/967 966/1168/964 965/1167/963
f 967/1169/965 966/1168/964 970/1172/968
f 970/1172/968 971/1173/969 967/1169/965
f 966/1168/964 969/1171/967 972/1174/970
f 972/1174/970 970/1172/968 966/1168/964
f 973/1175/971 971/1173/969 970/1172/968
f 970/1172/968 974/1176/972 973/1175/971
f 974/1176/972 970/1172/968 972/1174/970
f 972/1174/970 975/1177/973 974/1176/972
s 37
f 976/1178/974 977/1179/975 978/1180/976
f 978/1180/976 979/1181/977 976/1178/974
f 980/1182/978 981/1183/979 977/1179/975
f 977/1179/975 976/1178/974 980/1182/978
f 979/1181/977 982/1184/980 983/1185/981
f 983/1185/981 976/1178/974 979/1181/977
f 976/1178/974 983/1185/981 984/1186/982
f 984/1186/982 980/1182/978 976/1178/974
f 985/1187/983 986/1188/984 983/1185/981
f 983/1185/981 982/1184/980 985/1187/983
f 986/1188/984 987/1189/985 984/1186/982
f 984/1186/982 983/1185/981 986/1188/984
s 38
f 988/1190/986 989/1191/987 990/1192/988
f 990/1192/988 991/1193/989 988/1190/986
f 989/1191/987 992/1194/990 993/1195/991
f 993/1195/991 990/1192/988 989/1191/987
f 991/1193/989 990/1192/988 994/1196/992
f 994/1196/992 995/1197/993 991/1193/989
f 990/1192/988 993/1195/991 996/1198/994
f 996/1198/994 994/1196/992 990/1192/988
f 997/1199/995 995/1197/993 994/1196/992
f 994/1196/992 998/1200/996 997/1199/995
f 998/1200/996 994/1196/992 996/1198/994
f 996/1198/994 999/1201/997 998/1200/996
s 39
f 1000/1202/998 1001/1203/999 1002/1204/1000
f 1002/1204/1000 1003/1205/1001 1000/1202/998
f 1004/1206/1002 1005/1207/1003 1001/1203/999
f 1001/1203/999 1000/1202/998 1004/1206/1002
f 1003/1205/1001 1006/1208/1004 1007/1209/1005
f 1007/1209/1005 1000/1202/998 1003/1205/1001
f 1000/1202/998 1007/1209/1005 1008/1210/1006
f 1008/1210/1006 1004/1206/1002 1000/1202/998
f 1009/1211/1007 1010/1212/1008 1007/1209/1005
f 1007/1209/1005 1006/1208/1004 1009/1211/1007
f 1010/1212/1008 1011/1213/1009 1008/1210/1006
f 1008/1210/1006 1007/1209/1005 1010/1212/1008
s 40
f 1012/1214/1010 1013/1215/1011 1014/1216/1012
f 1014/1216/1012 1015/1217/1013 1012/1214/1010
f 1013/1215/1011 1016/1218/1014 1017/1219/1015
f 1017/1219/1015 1014/1216/1012 1013/1215/1011
f 1015/1217/1013 1014/1216/1012 1018/1220/1016
f 1018/1220/1016 1019/1221/1017 1015/1217/1013
f 1014/1216/1012 1017/1219/1015 1020/1222/1018
f 1020/1222/1018 1018/1220/1016 1014/1216/1012
f 1021/1223/1019 1019/1221/1017 1018/1220/1016
f 1018/1220/1016 1022/1224/1020 1021/1223/1019
f 1022/1224/1020 1018/1220/1016 1020/1222/1018
f 1020/1222/1018 1023/1225/1021 1022/1224/1020
s 41
f 1024/1226/1022 1025/1227/1023 1026/1228/1024
f 1026/1228/1024 1027/1229/1025 1024/1226/1022
f 1028/1230/1026 1029/1231/1027 1025/1227/1023
f 1025/1227/1023 1024/1226/1022 1028/1230/1026
f 1027/1229/1025 1030/1232/1028 1031/1233/1029
f 1031/1233/1029 1024/1226/1022 1027/1229/1025
f 1024/1226/1022 1031/1233/1029 1032/1234/1030
f 1032/1234/1030 1028/1230/1026 1024/1226/1022
f 1033/1235/1031 1034/1236/1032 1031/1233/1029
f 1031/1233/1029 1030/1232/1028 1033/1235/1031
f 1034/1236/1032 1035/1237/1033 1032/1234/1030
f 1032/1234/1030 1031/1233/1029 1034/1236/1032
s 42
f 1036/1238/1034 1037/1239/1035 1038/1240/1036
f 1038/1240/1036 1039/1241/1037 1036/1238/1034
f 1037/1239/1035 1040/1242/1038 1041/1243/1039
f 1041/1243/1039 1038/1240/1036 1037/1239/1035
f 1039/1241/1037 1038/1240/1036 1042/1244/1040
f 1042/1244/1040 1043/1245/1041 1039/1241/1037
f 1038/1240/1036 1041/1243/1039 1044/1246/1042
f 1044/1246/1042 1042/1244/1040 1038/1240/1036
f 1045/1247/1043 1043/1245/1041 1042/1244/1040
f 1042/1244/1040 1046/1248/1044 1045/1247/1043
f 1046/1248/1044 1042/1244/1040 1044/1246/1042
f 1044/1246/1042 1047/1249/1045 1046/1248/1044
s 43
f 1048/1250/1046 1049/1251/1047 1050/1252/1048
f 1050/1252/1048 1051/1253/1049 1048/1250/1046
f 1052/1254/1050 1053/1255/1051 1049/1251/1047
f 1049/1251/1047 1048/1250/1046 1052/1254/1050
f 1051/1253/1049 1054/1256/1052 1055/1257/1053
f 1055/1257/1053 1048/1250/1046 1051/1253/1049
f 1048/1250/1046 1055/1257/1053 1056/1258/1054
f 1056/1258/1054 1052/1254/1050 1048/1250/1046
f 1057/1259/1055 1058/1260/1056 1055/1257/1053
f 1055/1257/1053 1054/1256/1052 1057/1259/1055
f 1058/1260/1056 1059/1261/1057 1056/1258/1054
f 1056/1258/1054 1055/1257/1053 1058/1260/1056
s 44
f 1060/1262/1058 1061/1263/1059 1062/1264/1060
f 1062/1264/1060 1063/1265/1061 1060/1262/1058
f 1061/1263/1059 1064/1266/1062 1065/1267/1063
f 1065/1267/1063 1062/1264/1060 1061/1263/1059
f 1063/1265/1061 1062/1264/1060 1066/1268/1064
f 1066/1268/1064 1067/1269/1065 1063/1265/1061
f 1062/1264/1060 1065/1267/1063 1068/1270/1066
f 1068/1270/1066 1066/1268/1064 1062/1264/1060
f 1069/1271/1067 1067/1269/1065 1066/1268/1064
f 1066/1268/1064 1070/1272/1068 1069/1271/1067
f 1070/1272/1068 1066/1268/1064 1068/1270/1066
f 1068/1270/1066 1071/1273/1069 1070/1272/1068
s 45
f 1072/1274/1070 1073/1275/1071 1074/1276/1072
f 1074/1276/1072 1075/1277/1073 1072/1274/1070
f 1076/1278/1074 1077/1279/1075 1073/1275/1071
f 1073/1275/1071 1072/1274/1070 1076/1278/1074
f 1075/1277/1073 1078/1280/1076 1079/1281/1077
f 1079/1281/1077 1072/1274/1070 1075/1277/1073
f 1072/1274/1070 1079/1281/1077 1080/1282/1078
f 1080/1282/1078 1076/1278/1074 1072/1274/1070
f 1081/1283/1079 1082/1284/1080 1079/1281/1077
f 1079/1281/1077 1078/1280/1076 1081/1283/1079
f 1082/1284/1080 1083/1285/1081 1080/1282/1078
f 1080/1282/1078 1079/1281/1077 1082/1284/1080
s 46
f 1084/1286/1082 1085/1287/1083 1086/1288/1084
f 1086/1288/1084 1087/1289/1085 1084/1286/1082
f 1085/1287/1083 1088/1290/1086 1089/1291/1087
f 1089/1291/1087 1086/1288/1084 1085/1287/1083
f 1087/1289/1085 1086/1288/1084 1090/1292/1088
f 1090/1292/1088 1091/1293/1089 1087/1289/1085
f 1086/1288/1084 1089/1291/1087 1092/1294/1090
f 1092/1294/1090 1090/1292/1088 1086/1288/1084
f 1093/1295/1091 1091/1293/1089 1090/1292/1088
f 1090/1292/1088 1094/1296/1092 1093/1295/1091
f 1094/1296/1092 1090/1292/1088 1092/1294/1090
f 1092/1294/1090 1095/1297/1093 1094/1296/1092
s 47
f 1096/1298/1094 1097/1299/1095 1098/1300/1096
f 1098/1300/1096 1099/1301/1097 1096/1298/1094
f 1100/1302/1098 1101/1303/1099 1097/1299/1095
f 1097/1299/1095 1096/1298/1094 1100/1302/1098
f 1099/1301/1097 1102/1304/1100 1103/1305/1101
f 1103/1305/1101 1096/1298/1094 1099/1301/1097
f 1096/1298/1094 1103/1305/1101 1104/1306/1102
f 1104/1306/1102 1100/1302/1098 1096/1298/1094
f 1105/1307/1103 1106/1308/1104 1103/1305/1101
f 1103/1305/1101 1102/1304/1100 1105/1307/1103
f 1106/1308/1104 1107/1309/1105 1104/1306/1102
f 1104/1306/1102 1103/1305/1101 1106/1308/1104
s 17
f 598/721/596 599/723/597 597/720/595
f 597/720/595 596/719/594 598/721/596
s 48
f 1108/1310/1106 1109/1311/1107 1110/1312/1108
f 1110/1312/1108 1111/1313/1109 1108/1310/1106
f 1112/1314/1110 1113/1315/1111 1109/1311/1107
f 1109/1311/1107 1108/1310/1106 1112/1314/1110
f 1111/1313/1109 1114/1316/1112 1115/1317/1113
f 1115/1317/1113 1108/1310/1106 1111/1313/1109
f 1108/1310/1106 1115/1317/1113 1116/1318/1114
f 1116/1318/1114 1112/1314/1110 1108/1310/1106
f 1117/1319/1115 1118/1320/1116 1115/1317/1113
f 1115/1317/1113 1114/1316/1112 1117/1319/1115
f 1118/1320/1116 1119/1321/1117 1116/1318/1114
f 1116/1318/1114 1115/1317/1113 1118/1320/1116
s 49
f 1120/1322/1118 1121/1323/1119 1122/1324/1120
f 1122/1324/1120 1123/1325/1121 1120/1322/1118
f 1124/1326/1122 1125/1327/1123 1121/1323/1119
f 1121/1323/1119 1120/1322/1118 1124/1326/1122
f 1123/1325/1121 1126/1328/1124 1127/1329/1125
f 1127/1329/1125 1120/1322/1118 1123/1325/1121
f 1120/1322/1118 1127/1329/1125 1128/1330/1126
f 1128/1330/1126 1124/1326/1122 1120/1322/1118
f 1129/1331/1127 1130/1332/1128 1127/1329/1125
f 1127/1329/1125 1126/1328/1124 1129/1331/1127
f 1130/1332/1128 1131/1333/1129 1128/1330/1126
f 1128/1330/1126 1127/1329/1125 1130/1332/1128
s 1
f 163/169/163 167/173/167 198/218/198
f 198/218/198 197/217/197 163/169/163
f 167/173/167 170/176/170 201/221/201
f 201/221/201 198/218/198 167/173/167
f 170/179/170 164/170/164 203/224/203
f 203/224/203 201/223/201 170/179/170
f 164/170/164 163/169/163 197/217/197
f 197/217/197 203/224/203 164/170/164
