# Blender v3.3.0 OBJ File: ''
# www.blender.org
o PumpkinStage02.005
v 0.084618 0.001988 0.061351
v 0.082695 0.001845 0.061795
v 0.084939 0.010922 0.074444
v 0.086862 0.011065 0.074000
v 0.083426 -0.000467 0.064218
v 0.085670 0.008609 0.076867
v 0.085350 -0.000324 0.063774
v 0.087593 0.008752 0.076422
v 0.085340 0.019047 0.078802
v 0.087263 0.019190 0.078358
v 0.086146 0.018240 0.082035
v 0.088069 0.018383 0.081591
v 0.076112 0.043267 0.073595
v 0.076597 0.043303 0.073483
v 0.076208 0.043871 0.074205
v 0.076693 0.043907 0.074094
v 0.083728 -0.001276 0.058612
v 0.083351 -0.000010 0.057385
v 0.082373 -0.000083 0.057611
v 0.082751 -0.001349 0.058838
v -0.091492 -0.011037 0.005994
v -0.092151 -0.011249 0.003140
v -0.110918 0.002218 0.006469
v -0.110260 0.002431 0.009323
v -0.095746 -0.014680 0.004225
v -0.114513 -0.001212 0.007554
v -0.095087 -0.014468 0.007079
v -0.113854 -0.001000 0.010408
v -0.117385 0.014274 0.007065
v -0.116726 0.014486 0.009918
v -0.122182 0.013077 0.008261
v -0.121523 0.013289 0.011115
v -0.109658 0.050211 -0.006628
v -0.109492 0.050264 -0.005908
v -0.110565 0.051107 -0.006485
v -0.110399 0.051160 -0.005766
v -0.087428 -0.015880 0.004674
v -0.085608 -0.014002 0.004114
v -0.085942 -0.014110 0.002663
v -0.087763 -0.015988 0.003223
v -0.043110 -0.007797 -0.015474
v -0.041882 -0.008225 -0.021248
v -0.079000 0.018919 -0.031153
v -0.080228 0.019347 -0.025379
v -0.049373 -0.015140 -0.022328
v -0.086490 0.012005 -0.032233
v -0.050601 -0.014712 -0.016555
v -0.087718 0.012432 -0.026459
v -0.091320 0.043218 -0.035574
v -0.092547 0.043646 -0.029800
v -0.101100 0.040805 -0.037475
v -0.102328 0.041233 -0.031701
v -0.065542 0.115650 -0.054004
v -0.065852 0.115758 -0.052549
v -0.067319 0.117456 -0.054516
v -0.067629 0.117564 -0.053060
v -0.034561 -0.017558 -0.014425
v -0.030758 -0.013773 -0.013897
v -0.030134 -0.013991 -0.016831
v -0.033938 -0.017776 -0.017359
v 0.133261 0.005987 -0.036303
v 0.130223 0.005756 -0.037232
v 0.123171 0.020366 -0.017796
v 0.126210 0.020596 -0.016866
v 0.129293 0.002035 -0.033266
v 0.122241 0.016644 -0.013830
v 0.132331 0.002265 -0.032337
v 0.125279 0.016874 -0.012901
v 0.120223 0.033443 -0.011398
v 0.123261 0.033674 -0.010469
v 0.118745 0.032145 -0.006243
v 0.121783 0.032375 -0.005314
v 0.116085 0.052047 -0.005722
v 0.118038 0.052195 -0.005125
v 0.115141 0.051832 -0.002584
v 0.117095 0.051980 -0.001987
v 0.134225 0.000734 -0.040837
v 0.134686 0.002771 -0.042851
v 0.133142 0.002653 -0.043324
v 0.132681 0.000616 -0.041309
v 0.111551 0.072427 -0.003890
v 0.111193 0.073399 -0.002962
v 0.111959 0.073457 -0.002727
v 0.112317 0.072485 -0.003656
v 0.008395 -0.005344 0.024951
v 0.009013 -0.005560 0.022046
v -0.009664 0.008099 0.017062
v -0.010282 0.008314 0.019967
v 0.005244 -0.009039 0.021502
v -0.013433 0.004619 0.016518
v 0.004626 -0.008824 0.024407
v -0.014051 0.004834 0.019424
v -0.015863 0.020326 0.014837
v -0.016481 0.020541 0.017742
v -0.020785 0.019112 0.013880
v -0.021403 0.019327 0.016786
v -0.002892 0.056773 0.005563
v -0.003048 0.056827 0.006296
v -0.003786 0.057682 0.005306
v -0.003942 0.057736 0.006038
v 0.012697 -0.010256 0.025479
v 0.014611 -0.008351 0.025745
v 0.014925 -0.008461 0.024268
v 0.013011 -0.010366 0.024002
v -0.006100 0.031712 0.013601
v -0.005195 0.029628 0.013720
v 0.007979 0.035536 0.017032
v 0.007074 0.037620 0.016913
v -0.003592 0.030121 0.010154
v 0.009582 0.036029 0.013467
v -0.004496 0.032205 0.010036
v 0.008678 0.038113 0.013348
v 0.026441 0.043815 0.021674
v 0.025536 0.045899 0.021556
v 0.028045 0.044308 0.018109
v 0.027140 0.046392 0.017990
v 0.041587 0.051180 0.035553
v 0.040682 0.053264 0.035435
v 0.044557 0.052338 0.033237
v 0.043652 0.054422 0.033118
v 0.043420 0.052484 0.044480
v 0.042515 0.054568 0.044361
v 0.046739 0.054009 0.045958
v 0.045834 0.056093 0.045839
v 0.041554 0.053122 0.075808
v 0.041122 0.054118 0.075752
v 0.043140 0.053851 0.076515
v 0.042707 0.054846 0.076458
v -0.014849 0.027767 0.011037
v -0.016380 0.027316 0.014789
v -0.015475 0.025233 0.014908
v -0.013945 0.025683 0.011155
v 0.072460 0.037098 0.040459
v 0.071850 0.036340 0.039748
v 0.072401 0.035916 0.039729
v 0.073011 0.036674 0.040439
v 0.002809 -0.013690 0.024969
v 0.005942 -0.016106 0.024856
v 0.042103 0.003588 0.011862
v 0.039382 0.005686 0.011960
v 0.004821 -0.017248 0.018190
v 0.041129 0.002597 0.006073
v 0.001687 -0.014832 0.018303
v 0.038409 0.004695 0.006172
v 0.057512 0.029619 0.002985
v 0.060232 0.027521 0.002887
v 0.076269 0.047942 0.010922
v 0.073548 0.050040 0.011020
v 0.061894 0.029919 -0.002302
v 0.077930 0.050340 0.005733
v 0.059174 0.032016 -0.002204
v 0.075209 0.052437 0.005831
v 0.083541 0.056858 0.021955
v 0.080821 0.058956 0.022053
v 0.086560 0.060919 0.018820
v 0.083839 0.063017 0.018918
v 0.082974 0.055382 0.037770
v 0.080254 0.057480 0.037868
v 0.086292 0.059561 0.040409
v 0.083571 0.061659 0.040507
v 0.078783 0.055257 0.044622
v 0.081504 0.053159 0.044525
v 0.073527 0.042417 0.052993
v 0.070806 0.044515 0.053091
v 0.082856 0.054637 0.050390
v 0.074646 0.043600 0.058718
v 0.080135 0.056735 0.050487
v 0.071925 0.045697 0.058817
v 0.065493 0.032213 0.048410
v 0.062773 0.034311 0.048508
v 0.063575 0.029494 0.053346
v 0.060855 0.031592 0.053444
v 0.062270 0.028471 0.039049
v 0.059549 0.030568 0.039148
v 0.058621 0.023966 0.034159
v 0.055900 0.026064 0.034257
v 0.064475 0.031821 0.028579
v 0.061755 0.033918 0.028676
v 0.062965 0.030120 0.023078
v 0.060244 0.032217 0.023176
v 0.068309 0.037000 0.024153
v 0.065588 0.039097 0.024251
v 0.066799 0.035299 0.018652
v 0.064078 0.037397 0.018750
v 0.073280 0.043249 0.028354
v 0.070558 0.045347 0.028452
v 0.075740 0.046639 0.024124
v 0.073020 0.048736 0.024222
v 0.073509 0.043312 0.033391
v 0.070789 0.045409 0.033489
v 0.076523 0.047056 0.036901
v 0.073803 0.049154 0.036999
v 0.029079 0.045628 0.017243
v 0.028798 0.046621 0.018196
v 0.046842 0.057577 0.012112
v 0.047123 0.056584 0.011158
v 0.030488 0.045681 0.019674
v 0.048532 0.056637 0.013589
v 0.030769 0.044688 0.018721
v 0.048813 0.055644 0.012636
v 0.053514 0.066617 0.004666
v 0.053795 0.065624 0.003713
v 0.055806 0.066491 0.005474
v 0.056087 0.065498 0.004520
v 0.049249 0.075083 -0.005981
v 0.049375 0.074638 -0.006409
v 0.050042 0.075708 -0.006398
v 0.050168 0.075262 -0.006825
v 0.024160 0.042461 0.019089
v 0.022479 0.043490 0.017522
v 0.022198 0.044483 0.018475
v 0.023879 0.043454 0.020043
v -0.014822 0.058429 0.085705
v -0.016593 0.064377 0.083597
v -0.020486 0.062457 0.095775
v -0.017362 0.056962 0.092739
v -0.021572 0.061895 0.086444
v -0.024104 0.060399 0.091953
v -0.018665 0.057268 0.087546
v -0.020330 0.056071 0.090289
v -0.023849 0.050217 0.105064
v -0.026954 0.055694 0.108083
v -0.033129 0.045865 0.119437
v -0.029350 0.041311 0.115765
v -0.031036 0.053415 0.104103
v -0.036918 0.043799 0.115092
v -0.027168 0.049157 0.102494
v -0.032530 0.040305 0.113000
v -0.039311 0.033526 0.124516
v -0.034559 0.031036 0.120035
v -0.042677 0.031509 0.119851
v -0.037538 0.029839 0.117126
v -0.039264 0.022849 0.125164
v -0.034558 0.025720 0.120371
v -0.041784 0.021281 0.119913
v -0.036915 0.024260 0.117067
v -0.033413 0.014426 0.124460
v -0.030152 0.019788 0.120514
v -0.035769 0.013560 0.119009
v -0.032230 0.018566 0.116971
v -0.018562 0.002603 0.112352
v -0.016621 0.009102 0.109392
v -0.020673 0.001440 0.110059
v -0.019689 0.004916 0.108389
v -0.021077 0.005557 0.105568
v -0.019135 0.008428 0.105998
v -0.013334 -0.001592 0.102593
v -0.011560 0.005010 0.099772
v -0.015973 -0.002436 0.100729
v -0.015095 0.001105 0.099147
v -0.017001 0.002058 0.096746
v -0.014789 0.004767 0.096957
v -0.006502 -0.007782 0.084337
v -0.005388 -0.000570 0.083274
v -0.011674 -0.006104 0.081776
v -0.009283 -0.000140 0.081523
v -0.002503 -0.006096 0.062854
v -0.001508 0.001175 0.062247
v -0.008178 -0.004168 0.062226
v -0.005758 0.001781 0.061855
v -0.006780 -0.001822 0.044150
v -0.006183 0.004854 0.043181
v -0.011393 0.000088 0.046582
v -0.009614 0.005513 0.045061
v -0.014539 0.001491 0.035849
v -0.013962 0.008171 0.034908
v -0.018624 0.003474 0.039022
v -0.017005 0.008883 0.037327
v -0.026080 0.000970 0.028358
v -0.025520 0.007653 0.027436
v -0.029698 0.002996 0.032017
v -0.028221 0.008395 0.030206
v -0.038506 0.000629 0.022275
v -0.037971 0.007315 0.021369
v -0.041582 0.002688 0.026371
v -0.040274 0.008080 0.024457
v -0.061743 0.000583 0.016014
v -0.061712 0.007258 0.015177
v -0.062393 0.002657 0.021082
v -0.062189 0.008036 0.018966
v -0.082851 -0.011258 0.018952
v -0.083179 -0.004605 0.018249
v -0.082251 -0.009163 0.024042
v -0.082705 -0.003809 0.022040
v -0.104183 -0.011563 0.031040
v -0.103891 -0.004897 0.030032
v -0.101916 -0.009278 0.035630
v -0.102269 -0.003963 0.033491
v -0.121609 0.004293 0.052154
v -0.118086 0.008027 0.047729
v -0.116583 0.005693 0.054513
v -0.114808 0.008637 0.049938
v -0.117976 0.034558 0.069029
v -0.114951 0.037211 0.065425
v -0.113738 0.033431 0.069818
v -0.112192 0.036097 0.066398
v -0.113107 0.040350 0.076303
v -0.110067 0.042997 0.073387
v -0.109767 0.038119 0.075983
v -0.107965 0.041078 0.073475
v -0.093757 0.047782 0.094955
v -0.090692 0.050341 0.092078
v -0.091352 0.044979 0.093458
v -0.089274 0.048015 0.091303
v -0.073531 0.048661 0.113490
v -0.070656 0.050699 0.111617
v -0.071452 0.046372 0.112626
v -0.069455 0.048804 0.111193
v -0.066960 0.046651 0.128716
v -0.064851 0.047993 0.128587
v -0.065544 0.045359 0.129125
v -0.064050 0.046902 0.128900
v -0.070428 0.043906 0.143370
v -0.069008 0.044899 0.144309
v -0.069786 0.043035 0.144324
v -0.068875 0.044220 0.144706
v -0.075545 0.045580 0.148867
v -0.075307 0.045905 0.149350
v -0.075475 0.045284 0.149236
v -0.075307 0.045676 0.149483
v -0.014927 0.056627 0.078779
v -0.016900 0.062277 0.076350
v -0.021356 0.060335 0.079372
v -0.018364 0.055675 0.080835
v -0.016110 0.036976 0.043014
v -0.017930 0.041872 0.040686
v -0.021835 0.040288 0.043393
v -0.019905 0.036781 0.044864
v -0.016623 0.024760 0.027534
v -0.017797 -0.014324 -0.007950
v -0.019395 -0.010436 -0.010020
v -0.018373 0.029431 0.025371
v -0.022515 -0.011491 -0.007725
v -0.022041 0.028001 0.027954
v -0.022104 -0.013477 -0.006463
v -0.020576 0.024819 0.029205
v 0.084507 0.015493 0.077136
v 0.086476 0.015099 0.076801
v 0.085962 0.015799 0.072946
v 0.079120 0.016803 0.074042
v 0.088132 0.013990 0.076379
v 0.091439 0.011695 0.071469
v 0.084933 0.017201 0.065237
v 0.078090 0.018205 0.066333
v 0.090409 0.013096 0.063759
v 0.081548 0.018669 0.061905
v 0.084418 0.017902 0.061382
v 0.086974 0.016420 0.060771
v 0.080509 0.037468 0.077216
v 0.078803 0.038021 0.074736
v 0.074891 0.040978 0.078087
v 0.080473 0.038615 0.086690
v 0.076638 0.037551 0.072623
v 0.067317 0.038898 0.071081
v 0.066911 0.041844 0.086160
v 0.072493 0.039481 0.094763
v 0.059337 0.039764 0.079154
v 0.065529 0.039766 0.094344
v 0.062861 0.040340 0.090723
v 0.059735 0.039891 0.087470
v 0.085598 0.015391 0.073095
v 0.086112 0.014691 0.076950
v 0.084143 0.015085 0.077284
v 0.078755 0.016395 0.074191
v 0.091075 0.011287 0.071617
v 0.087767 0.013582 0.076527
v 0.077726 0.017797 0.066481
v 0.084568 0.016793 0.065385
v 0.090045 0.012688 0.063908
v 0.081184 0.018262 0.062053
v 0.084054 0.017494 0.061530
v 0.086609 0.016012 0.060920
v 0.074526 0.040570 0.078235
v 0.078439 0.037613 0.074884
v 0.080145 0.037060 0.077364
v 0.080109 0.038207 0.086838
v 0.066953 0.038490 0.071229
v 0.076274 0.037143 0.072772
v 0.072129 0.039073 0.094912
v 0.066547 0.041436 0.086308
v 0.058973 0.039356 0.079303
v 0.065165 0.039358 0.094492
v 0.062497 0.039932 0.090871
v 0.059371 0.039483 0.087618
v -0.114913 0.009001 0.005828
v -0.114416 0.008416 0.008751
v -0.108696 0.009456 0.007987
v -0.110323 0.010945 -0.002165
v -0.113789 0.006771 0.011207
v -0.106504 0.003365 0.016114
v -0.097257 0.011535 0.006460
v -0.098884 0.013025 -0.003692
v -0.095065 0.005445 0.014586
v -0.092313 0.013714 0.001438
v -0.091538 0.012575 0.005697
v -0.090632 0.010376 0.009488
v -0.115032 0.041606 -0.000103
v -0.111352 0.042427 -0.002635
v -0.116324 0.046815 -0.008440
v -0.129089 0.043308 -0.000157
v -0.108217 0.041729 -0.005847
v -0.105929 0.043728 -0.019677
v -0.128302 0.048100 -0.020280
v -0.141067 0.044593 -0.011996
v -0.117908 0.045013 -0.031517
v -0.140445 0.045016 -0.022330
v -0.135072 0.045868 -0.026288
v -0.130245 0.045201 -0.030927
v -0.108917 0.008850 0.007447
v -0.114636 0.007811 0.008211
v -0.115133 0.008396 0.005288
v -0.110543 0.010340 -0.002705
v -0.106725 0.002760 0.015573
v -0.114009 0.006166 0.010666
v -0.099104 0.012420 -0.004232
v -0.097478 0.010930 0.005920
v -0.095285 0.004840 0.014046
v -0.092534 0.013109 0.000898
v -0.091758 0.011970 0.005156
v -0.090852 0.009771 0.008948
v -0.116544 0.046210 -0.008980
v -0.111572 0.041822 -0.003175
v -0.115252 0.041001 -0.000644
v -0.129309 0.042703 -0.000697
v -0.106149 0.043123 -0.020217
v -0.108437 0.041124 -0.006387
v -0.141287 0.043988 -0.012537
v -0.128522 0.047495 -0.020820
v -0.118128 0.044407 -0.032057
v -0.140665 0.044411 -0.022870
v -0.135292 0.045263 -0.026829
v -0.130465 0.044596 -0.031467
v -0.085286 0.031287 -0.029868
v -0.089430 0.030465 -0.030257
v -0.090473 0.031925 -0.022221
v -0.076113 0.034017 -0.020737
v -0.092989 0.028155 -0.030299
v -0.102292 0.023373 -0.022202
v -0.092559 0.034846 -0.006151
v -0.078198 0.036937 -0.004667
v -0.104378 0.026294 -0.006131
v -0.087545 0.037905 0.002380
v -0.093602 0.036306 0.001884
v -0.099075 0.033218 0.001735
v -0.090439 0.031194 -0.022926
v -0.089396 0.029734 -0.030961
v -0.085251 0.030556 -0.030572
v -0.076078 0.033286 -0.021442
v -0.102257 0.022642 -0.022906
v -0.092954 0.027424 -0.031003
v -0.078164 0.036206 -0.005371
v -0.092525 0.034114 -0.006856
v -0.104343 0.025562 -0.006836
v -0.087510 0.037174 0.001675
v -0.093568 0.035574 0.001180
v -0.099040 0.032487 0.001030
v 0.120403 0.027724 -0.014391
v 0.123418 0.027089 -0.013272
v 0.125803 0.028217 -0.019060
v 0.115383 0.029832 -0.023039
v 0.126065 0.025304 -0.012529
v 0.134626 0.021610 -0.016711
v 0.130572 0.030472 -0.030634
v 0.120153 0.032088 -0.034613
v 0.139395 0.023866 -0.028286
v 0.128536 0.032836 -0.038003
v 0.132957 0.031600 -0.036422
v 0.137011 0.029215 -0.035216
v 0.125176 0.027560 -0.019146
v 0.122791 0.026432 -0.013359
v 0.119776 0.027067 -0.014477
v 0.114756 0.029176 -0.023125
v 0.133999 0.020954 -0.016798
v 0.125438 0.024648 -0.012616
v 0.119526 0.031432 -0.034699
v 0.129945 0.029816 -0.030721
v 0.138768 0.023209 -0.028372
v 0.127909 0.032180 -0.038089
v 0.132330 0.030944 -0.036508
v 0.136384 0.028559 -0.035302
v -0.082770 0.080425 -0.039199
v -0.080777 0.081472 -0.044536
v -0.090217 0.087068 -0.046963
v -0.097493 0.082596 -0.028973
v -0.079853 0.080583 -0.050184
v -0.087578 0.083131 -0.066305
v -0.111391 0.088706 -0.050569
v -0.118667 0.084235 -0.032579
v -0.108752 0.084770 -0.069911
v -0.125575 0.084774 -0.043829
v -0.122858 0.085861 -0.051894
v -0.121208 0.085010 -0.060270
v -0.090182 0.086336 -0.047667
v -0.080742 0.080741 -0.045240
v -0.082735 0.079694 -0.039903
v -0.097458 0.081865 -0.029677
v -0.087543 0.082400 -0.067009
v -0.079818 0.079851 -0.050888
v -0.118632 0.083503 -0.033283
v -0.111356 0.087975 -0.051273
v -0.108717 0.084038 -0.070615
v -0.125540 0.084043 -0.044533
v -0.122823 0.085129 -0.052598
v -0.121173 0.084279 -0.060974
v -0.013032 0.014476 0.010041
v -0.014445 0.013423 0.015184
v -0.004538 0.015294 0.018288
v 0.000530 0.017974 0.000497
v -0.015290 0.010463 0.019665
v -0.007142 0.004336 0.033206
v 0.015276 0.019035 0.024496
v 0.020344 0.021715 0.006705
v 0.012672 0.008078 0.039413
v 0.027156 0.022956 0.020066
v 0.025183 0.020906 0.027600
v 0.023777 0.016950 0.034471
v -0.004509 0.014680 0.017697
v -0.014416 0.012809 0.014593
v -0.013003 0.013862 0.009450
v 0.000559 0.017360 -0.000094
v -0.007113 0.003723 0.032615
v -0.015261 0.009850 0.019074
v 0.020373 0.021102 0.006114
v 0.015305 0.018422 0.023905
v 0.012701 0.007464 0.038822
v 0.027185 0.022342 0.019475
v 0.025212 0.020293 0.027009
v 0.023806 0.016336 0.033880
v -0.026407 0.040278 0.054577
v -0.020877 0.041844 0.048096
v -0.032901 0.050212 0.039858
v -0.052327 0.043525 0.061417
v -0.016688 0.040514 0.040632
v -0.019299 0.044325 0.014026
v -0.060812 0.052663 0.023960
v -0.080238 0.045975 0.045519
v -0.047210 0.046776 -0.001872
v -0.084192 0.046783 0.026177
v -0.076248 0.048407 0.016233
v -0.069646 0.047135 0.005305
v -0.032872 0.049599 0.039267
v -0.020847 0.041230 0.047505
v -0.026377 0.039665 0.053986
v -0.052298 0.042911 0.060826
v -0.019270 0.043711 0.013436
v -0.016659 0.039900 0.040041
v -0.080209 0.045362 0.044928
v -0.060782 0.052049 0.023369
v -0.047181 0.046162 -0.002463
v -0.084163 0.046169 0.025586
v -0.076219 0.047793 0.015642
v -0.069617 0.046521 0.004714
v -0.018734 0.055942 0.062704
v -0.018804 0.057508 0.071223
v -0.004297 0.065877 0.069805
v -0.003274 0.059189 0.040802
v -0.017215 0.056178 0.079633
v 0.001887 0.059989 0.098336
v 0.027303 0.068327 0.064043
v 0.028326 0.061639 0.035040
v 0.033487 0.062440 0.092574
v 0.043788 0.062447 0.047316
v 0.044094 0.064071 0.060039
v 0.046061 0.062799 0.072654
v -0.004268 0.065263 0.069214
v -0.018775 0.056895 0.070632
v -0.018704 0.055329 0.062113
v -0.003245 0.058575 0.040211
v 0.001916 0.059375 0.097745
v -0.017186 0.055564 0.079042
v 0.028355 0.061026 0.034449
v 0.027332 0.067713 0.063452
v 0.033516 0.061826 0.091983
v 0.043817 0.061833 0.046725
v 0.044124 0.063457 0.059448
v 0.046090 0.062186 0.072063
v -0.019888 0.054512 0.106110
v -0.026464 0.056412 0.098140
v -0.038837 0.066561 0.110767
v -0.017177 0.058450 0.138511
v -0.034497 0.054798 0.091565
v -0.066826 0.059421 0.089080
v -0.063704 0.069533 0.140756
v -0.042044 0.061422 0.168500
v -0.091693 0.062393 0.119069
v -0.065980 0.062401 0.169149
v -0.076185 0.064371 0.157566
v -0.087846 0.062829 0.147379
v -0.038808 0.065947 0.110176
v -0.026435 0.055798 0.097549
v -0.019859 0.053899 0.105519
v -0.017148 0.057836 0.137920
v -0.066796 0.058807 0.088489
v -0.034468 0.054184 0.090974
v -0.042015 0.060808 0.167908
v -0.063675 0.068919 0.140165
v -0.091664 0.061779 0.118478
v -0.065951 0.061788 0.168558
v -0.076155 0.063758 0.156976
v -0.087817 0.062215 0.146788
v -0.040493 0.065220 -0.076658
v -0.041529 0.066267 -0.071056
v -0.031811 0.071863 -0.070305
v -0.027770 0.067391 -0.089285
v -0.041459 0.065377 -0.065333
v -0.031052 0.067926 -0.050799
v -0.010333 0.073501 -0.070431
v -0.006292 0.069030 -0.089411
v -0.009573 0.069565 -0.050924
v 0.002465 0.069569 -0.079532
v 0.001190 0.070656 -0.071117
v 0.001020 0.069805 -0.062582
v -0.031776 0.071131 -0.071010
v -0.041494 0.065536 -0.071760
v -0.040458 0.064489 -0.077362
v -0.027735 0.066660 -0.089990
v -0.031017 0.067195 -0.051503
v -0.041424 0.064646 -0.066038
v -0.006257 0.068298 -0.090115
v -0.010298 0.072770 -0.071135
v -0.009538 0.068833 -0.051629
v 0.002500 0.068838 -0.080236
v 0.001225 0.069924 -0.071821
v 0.001055 0.069074 -0.063286
v 0.041788 0.058344 0.009135
v 0.050060 0.060831 0.009787
v 0.050970 0.062194 -0.006940
v 0.023021 0.052177 -0.009277
v 0.058673 0.060006 0.010189
v 0.080403 0.057827 -0.005694
v 0.051086 0.050605 -0.036997
v 0.023138 0.040589 -0.039334
v 0.080519 0.046238 -0.035752
v 0.038026 0.036419 -0.051637
v 0.050491 0.039319 -0.050723
v 0.063298 0.038907 -0.050059
v 0.050999 0.061580 -0.007531
v 0.050089 0.060217 0.009196
v 0.041818 0.057730 0.008544
v 0.023050 0.051564 -0.009868
v 0.080432 0.057213 -0.006285
v 0.058702 0.059392 0.009598
v 0.023167 0.039975 -0.039925
v 0.051116 0.049992 -0.037588
v 0.080548 0.045624 -0.036343
v 0.038055 0.035805 -0.052228
v 0.050520 0.038705 -0.051314
v 0.063327 0.038293 -0.050650
v 0.044789 0.050586 0.031017
v 0.043244 0.052537 0.039314
v 0.055194 0.064343 0.038763
v 0.061550 0.056601 0.010717
v 0.044043 0.052130 0.047929
v 0.059016 0.061849 0.068192
v 0.085588 0.074720 0.036259
v 0.091944 0.066977 0.008213
v 0.089410 0.072225 0.065689
v 0.105007 0.072495 0.021973
v 0.103277 0.074829 0.034470
v 0.103891 0.074806 0.047286
v 0.055223 0.063730 0.038172
v 0.043273 0.051924 0.038723
v 0.044818 0.049972 0.030426
v 0.061579 0.055987 0.010126
v 0.059045 0.061235 0.067601
v 0.044073 0.051517 0.047338
v 0.091973 0.066363 0.007622
v 0.085618 0.074106 0.035668
v 0.089440 0.071611 0.065097
v 0.105037 0.071881 0.021382
v 0.103307 0.074216 0.033879
v 0.103921 0.074192 0.046695
v -0.106214 0.041606 0.083085
v -0.106953 0.042427 0.078680
v -0.114315 0.046815 0.080733
v -0.112203 0.043308 0.095803
v -0.108540 0.041729 0.074482
v -0.120107 0.043728 0.066563
v -0.130108 0.048100 0.086586
v -0.127996 0.044593 0.101656
v -0.135900 0.045013 0.072416
v -0.137098 0.045016 0.096725
v -0.138415 0.045868 0.090182
v -0.140579 0.045201 0.083847
v -0.114535 0.046210 0.080193
v -0.107173 0.041822 0.078140
v -0.106434 0.041001 0.082545
v -0.112423 0.042703 0.095262
v -0.120327 0.043123 0.066023
v -0.108760 0.041124 0.073942
v -0.128216 0.043988 0.101115
v -0.130329 0.047495 0.086045
v -0.136120 0.044407 0.071876
v -0.137318 0.044411 0.096184
v -0.138635 0.045263 0.089642
v -0.140799 0.044596 0.083307
v -0.090048 0.048852 0.091667
v -0.087556 0.049394 0.095425
v -0.081605 0.053980 0.090818
v -0.089761 0.051432 0.077748
v -0.084403 0.048443 0.098552
v -0.070575 0.050043 0.101148
v -0.069572 0.055799 0.079105
v -0.077728 0.053252 0.066034
v -0.058542 0.051862 0.089434
v -0.067399 0.053448 0.066820
v -0.063505 0.053889 0.072289
v -0.058949 0.052836 0.077126
v -0.081825 0.053374 0.090278
v -0.087776 0.048789 0.094885
v -0.090268 0.048247 0.091127
v -0.089981 0.050827 0.077207
v -0.070795 0.049438 0.100608
v -0.084623 0.047838 0.098012
v -0.077948 0.052647 0.065494
v -0.069792 0.055194 0.078564
v -0.058762 0.051257 0.088894
v -0.067619 0.052843 0.066280
v -0.063725 0.053284 0.071749
v -0.059169 0.052231 0.076586
v -0.017454 0.058526 0.078753
v -0.016558 0.059068 0.074334
v -0.024024 0.063654 0.073383
v -0.027499 0.061106 0.088393
v -0.016577 0.058117 0.069893
v -0.024519 0.059717 0.058280
v -0.040816 0.065473 0.073157
v -0.044291 0.062926 0.088167
v -0.041311 0.061536 0.058054
v -0.051039 0.063122 0.080307
v -0.049925 0.063563 0.073687
v -0.049726 0.062510 0.067045
v -0.024244 0.063049 0.072843
v -0.016778 0.058463 0.073794
v -0.017674 0.057921 0.078213
v -0.027719 0.060501 0.087853
v -0.024739 0.059112 0.057740
v -0.016797 0.057512 0.069352
v -0.044511 0.062321 0.087626
v -0.041036 0.064868 0.072617
v -0.041531 0.060931 0.057514
v -0.051259 0.062517 0.079767
v -0.050145 0.062958 0.073146
v -0.049946 0.061905 0.066505
v -0.101740 0.031343 -0.003869
v -0.102785 0.020653 -0.002553
v -0.097238 0.024306 -0.012969
v -0.102603 0.036010 0.005857
v -0.097019 0.042717 -0.002886
v -0.104182 0.028203 0.013184
v -0.099946 0.038952 0.017558
v -0.104294 0.018712 0.007986
v -0.101973 0.018214 0.020110
v -0.100299 0.009162 0.001243
v -0.115256 0.027979 0.002567
v 0.046843 0.068516 -0.015639
v 0.056565 0.073270 -0.015650
v 0.055024 0.064086 -0.023769
v 0.039801 0.075315 -0.011025
v 0.034926 0.066538 -0.018223
v 0.045171 0.084271 -0.008183
v 0.032920 0.085426 -0.009284
v 0.055532 0.083007 -0.011042
v 0.051779 0.094648 -0.009305
v 0.065440 0.081459 -0.018257
v 0.051208 0.071939 -0.001334
v 0.110038 0.075066 0.001698
v 0.119760 0.072348 0.005598
v 0.118218 0.084266 0.002732
v 0.102996 0.067386 0.004620
v 0.098120 0.078317 0.001560
v 0.108366 0.059922 0.010326
v 0.096115 0.060161 0.011905
v 0.118726 0.062988 0.010931
v 0.114974 0.054888 0.019471
v 0.128635 0.069786 0.013802
v 0.114403 0.061384 -0.003703
v -0.129720 0.032563 0.056455
v -0.121947 0.035078 0.049357
v -0.131939 0.029508 0.044692
v -0.128347 0.038729 0.065242
v -0.139612 0.033886 0.063736
v -0.119726 0.045055 0.063574
v -0.127631 0.048863 0.072271
v -0.115771 0.042798 0.053757
v -0.112554 0.053742 0.058502
v -0.115217 0.041780 0.041458
v -0.115843 0.030245 0.062578
v -0.091996 0.089469 -0.047292
v -0.088550 0.093159 -0.056864
v -0.098445 0.085768 -0.057157
v -0.088104 0.096002 -0.039592
v -0.097911 0.089178 -0.036450
v -0.082254 0.103730 -0.044405
v -0.086232 0.106275 -0.032989
v -0.082529 0.101973 -0.055080
v -0.079548 0.113433 -0.051558
v -0.087096 0.100759 -0.066494
v -0.076663 0.089838 -0.047748
v -0.091632 0.089201 -0.047292
v -0.098081 0.085501 -0.057157
v -0.088186 0.092891 -0.056864
v -0.087740 0.095734 -0.039592
v -0.097547 0.088910 -0.036450
v -0.081890 0.103462 -0.044405
v -0.085868 0.106007 -0.032989
v -0.082165 0.101705 -0.055080
v -0.079184 0.113165 -0.051558
v -0.086732 0.100491 -0.066494
v -0.076299 0.089570 -0.047748
v -0.102124 0.031322 -0.004139
v -0.097621 0.024284 -0.013240
v -0.103169 0.020631 -0.002824
v -0.102986 0.035988 0.005587
v -0.097402 0.042696 -0.003157
v -0.104565 0.028181 0.012913
v -0.100329 0.038931 0.017287
v -0.104677 0.018690 0.007715
v -0.102356 0.018192 0.019839
v -0.100682 0.009141 0.000972
v -0.115640 0.027957 0.002296
v 0.046858 0.068297 -0.015201
v 0.055038 0.063867 -0.023331
v 0.056580 0.073051 -0.015212
v 0.039816 0.075096 -0.010587
v 0.034940 0.066319 -0.017785
v 0.045185 0.084052 -0.007745
v 0.032935 0.085207 -0.008846
v 0.055546 0.082788 -0.010604
v 0.051794 0.094429 -0.008867
v 0.065454 0.081240 -0.017819
v 0.051223 0.071720 -0.000896
v 0.110015 0.074661 0.001427
v 0.118196 0.083861 0.002462
v 0.119737 0.071943 0.005327
v 0.102973 0.066981 0.004349
v 0.098098 0.077912 0.001289
v 0.108343 0.059517 0.010056
v 0.096092 0.059756 0.011634
v 0.118704 0.062584 0.010660
v 0.114951 0.054483 0.019200
v 0.128612 0.069381 0.013531
v 0.114380 0.060979 -0.003974
v -0.129296 0.032166 0.056483
v -0.131516 0.029112 0.044720
v -0.121524 0.034681 0.049386
v -0.127924 0.038333 0.065270
v -0.139189 0.033490 0.063764
v -0.119303 0.044659 0.063603
v -0.127208 0.048467 0.072299
v -0.115348 0.042402 0.053786
v -0.112131 0.053345 0.058531
v -0.114794 0.041384 0.041486
v -0.115420 0.029848 0.062607
v 0.006248 0.083701 -0.119255
v 0.009246 0.092811 -0.100108
v 0.018027 0.090517 -0.098763
v 0.021154 0.079805 -0.116972
v -0.023695 0.090700 -0.105381
v -0.007998 0.096839 -0.092044
v -0.000788 0.095251 -0.097524
v -0.011467 0.088004 -0.114677
v -0.035622 0.092319 -0.073812
v -0.014814 0.097755 -0.073808
v -0.013406 0.097806 -0.082905
v -0.033235 0.092404 -0.089241
v -0.022547 0.087610 -0.043041
v -0.007202 0.095023 -0.056086
v -0.012423 0.096683 -0.063472
v -0.031400 0.090425 -0.055565
v 0.007847 0.079331 -0.031030
v 0.010338 0.090247 -0.049209
v 0.001561 0.092543 -0.050553
v -0.007059 0.083228 -0.033312
v 0.037791 0.072336 -0.044903
v 0.027583 0.086224 -0.057282
v 0.020373 0.087813 -0.051801
v 0.025562 0.075031 -0.035608
v 0.049740 0.070714 -0.076535
v 0.034411 0.085305 -0.075573
v 0.033004 0.085257 -0.066478
v 0.047354 0.070629 -0.061107
v 0.036665 0.075423 -0.107306
v 0.026808 0.088035 -0.093283
v 0.032022 0.086378 -0.085908
v 0.045518 0.072607 -0.094783
v 0.020427 0.061540 -0.129367
v 0.000950 0.066632 -0.132349
v -0.021266 0.072028 -0.126608
v -0.037242 0.075550 -0.114462
v -0.049208 0.077687 -0.094220
v -0.052326 0.077576 -0.074062
v -0.047031 0.075201 -0.051177
v -0.035464 0.071523 -0.034814
v -0.016034 0.066027 -0.022628
v 0.003442 0.060936 -0.019646
v 0.025659 0.055542 -0.025387
v 0.041636 0.052021 -0.037533
v 0.053624 0.049881 -0.057838
v 0.056742 0.049992 -0.077996
v 0.051447 0.052366 -0.100882
v 0.039880 0.056045 -0.117245
v 0.016153 0.040437 -0.134428
v -0.004928 0.045947 -0.137656
v -0.028725 0.051728 -0.131506
v -0.046019 0.055540 -0.118360
v -0.058835 0.057829 -0.096677
v -0.062210 0.057709 -0.074858
v -0.056539 0.055165 -0.050344
v -0.044019 0.051184 -0.032633
v -0.023182 0.045294 -0.019648
v -0.002101 0.039783 -0.016420
v 0.021674 0.034008 -0.022507
v 0.038968 0.030197 -0.035653
v 0.051807 0.027905 -0.057399
v 0.055182 0.028025 -0.079218
v 0.049510 0.030569 -0.103732
v 0.036990 0.034550 -0.121443
v 0.008983 0.019707 -0.131385
v -0.010494 0.024798 -0.134367
v -0.032710 0.030195 -0.128626
v -0.048687 0.033716 -0.116480
v -0.060652 0.035853 -0.096238
v -0.063770 0.035742 -0.076080
v -0.058476 0.033367 -0.053195
v -0.046909 0.029689 -0.036832
v -0.027456 0.024190 -0.024709
v -0.007980 0.019099 -0.021727
v 0.014215 0.013708 -0.027405
v 0.030191 0.010187 -0.039551
v 0.042179 0.008047 -0.059856
v 0.045297 0.008158 -0.080014
v 0.040003 0.010533 -0.102900
v 0.028435 0.014211 -0.119263
v 0.001491 0.007928 -0.120439
v -0.013416 0.011824 -0.122722
v -0.031130 0.016128 -0.118144
v -0.043358 0.018823 -0.108848
v -0.052899 0.020527 -0.092708
v -0.055285 0.020442 -0.077280
v -0.051064 0.018548 -0.059032
v -0.042210 0.015733 -0.046508
v -0.026700 0.011350 -0.036842
v -0.011793 0.007453 -0.034560
v 0.005899 0.003154 -0.039075
v 0.018127 0.000459 -0.048370
v 0.027690 -0.001248 -0.064574
v 0.030077 -0.001163 -0.080002
v 0.025855 0.000730 -0.098250
v 0.017002 0.003546 -0.110774
v -0.006265 0.002936 -0.103449
v -0.014332 0.005044 -0.104684
v -0.025309 0.007711 -0.101847
v -0.031926 0.009170 -0.096817
v -0.037838 0.010225 -0.086815
v -0.039130 0.010179 -0.078466
v -0.036514 0.009006 -0.067158
v -0.031722 0.007482 -0.060381
v -0.022111 0.004766 -0.054391
v -0.014044 0.002657 -0.053156
v -0.003090 -0.000005 -0.055930
v 0.003528 -0.001464 -0.060960
v 0.009463 -0.002523 -0.071025
v 0.010754 -0.002477 -0.079375
v 0.008138 -0.001303 -0.090682
v 0.003347 0.000220 -0.097460
v 0.025713 0.072459 -0.109521
v 0.026781 0.056296 -0.119111
v 0.023705 0.038005 -0.123086
v 0.016953 0.020371 -0.120844
v 0.008273 0.008708 -0.112597
v -0.000920 0.005136 -0.099585
v -0.018684 0.009780 -0.102305
v -0.020790 0.016305 -0.117047
v -0.019659 0.029942 -0.126450
v -0.015559 0.048269 -0.129099
v -0.009831 0.065867 -0.124717
v -0.003349 0.080056 -0.113972
v -0.033255 0.012991 -0.091228
v -0.044630 0.021559 -0.098924
v -0.049693 0.036562 -0.103619
v -0.047767 0.055368 -0.104615
v -0.039865 0.072487 -0.101886
v -0.027190 0.085311 -0.095849
v -0.036098 0.012890 -0.072843
v -0.049283 0.021393 -0.068844
v -0.055554 0.036353 -0.065725
v -0.054053 0.055144 -0.063977
v -0.045726 0.072278 -0.063992
v -0.031842 0.085145 -0.065769
v -0.025549 0.009535 -0.057918
v -0.032023 0.015905 -0.044426
v -0.033810 0.029438 -0.034964
v -0.030734 0.047728 -0.030988
v -0.023992 0.065364 -0.033204
v -0.014592 0.079657 -0.041324
v -0.007798 0.004893 -0.055166
v -0.002972 0.008309 -0.039944
v 0.002791 0.019869 -0.029326
v 0.008518 0.037466 -0.024944
v 0.012609 0.055795 -0.027566
v 0.014459 0.072061 -0.036842
v 0.006774 0.001681 -0.066245
v 0.020869 0.003054 -0.058069
v 0.032825 0.013249 -0.052158
v 0.040727 0.030367 -0.049430
v 0.042653 0.049174 -0.050426
v 0.038310 0.066806 -0.054994
v 0.009629 0.001781 -0.084661
v 0.025533 0.003219 -0.088180
v 0.038698 0.013456 -0.090084
v 0.047024 0.030590 -0.090100
v 0.048526 0.049381 -0.088351
v 0.042974 0.066970 -0.085105
v 0.013884 0.091638 -0.081186
v 0.008298 0.093098 -0.082041
v 0.007016 0.114256 -0.076861
v 0.009154 0.114859 -0.075529
v 0.003716 0.094107 -0.078558
v 0.002821 0.094074 -0.072774
v 0.005701 0.114020 -0.074636
v 0.006139 0.093018 -0.068066
v 0.011715 0.091559 -0.067202
v 0.007837 0.114624 -0.073298
v 0.016302 0.090550 -0.070695
v 0.017201 0.090582 -0.076494
v -0.017875 0.002811 -0.092136
v -0.007995 0.000229 -0.090623
v -0.025980 0.004598 -0.085975
v -0.027561 0.004541 -0.075749
v -0.021693 0.002676 -0.067450
v -0.011819 0.000099 -0.065910
v -0.003717 -0.001703 -0.072061
v -0.002127 -0.001637 -0.082323
v -0.003988 0.087729 -0.054398
v 0.004084 0.091104 -0.065667
v -0.014388 0.091038 -0.069151
v -0.000512 0.092563 -0.072199
v -0.011578 0.091137 -0.087293
v 0.000755 0.092601 -0.080220
v 0.002804 0.087966 -0.098215
v 0.007135 0.091191 -0.085007
v 0.020321 0.083387 -0.095523
v 0.014821 0.089180 -0.083779
v 0.030719 0.080080 -0.080804
v 0.019365 0.087733 -0.077309
v 0.027903 0.079984 -0.062640
v 0.018119 0.087701 -0.069298
v 0.013516 0.083152 -0.051685
v 0.011751 0.089096 -0.064467
v 0.003337 0.116813 -0.077835
v 0.001980 0.116359 -0.074751
v -0.002331 0.117798 -0.075153
v -0.001907 0.118954 -0.077865
v 0.003763 0.118479 -0.073507
v -0.002202 0.120847 -0.073975
v 0.005122 0.118933 -0.076597
v -0.001777 0.122005 -0.076691
v -0.011159 0.118445 -0.079005
v -0.010981 0.117628 -0.076010
v -0.020288 0.109610 -0.074912
v -0.020652 0.110241 -0.077540
v -0.011620 0.120634 -0.075086
v -0.021088 0.112348 -0.074021
v -0.011811 0.121422 -0.078079
v -0.021453 0.112980 -0.076652
v -0.024017 0.103620 -0.074964
v -0.024291 0.104411 -0.077557
v -0.027482 0.103966 -0.074536
v -0.027758 0.104759 -0.077131
v -0.025130 0.099498 -0.082647
v -0.024495 0.096291 -0.082174
v -0.015363 0.095595 -0.097265
v -0.016065 0.100502 -0.097616
v -0.027963 0.094309 -0.083019
v -0.018666 0.094816 -0.098405
v -0.028607 0.097652 -0.083426
v -0.019369 0.098180 -0.098757
v -0.003487 0.095566 -0.109698
v -0.005777 0.099910 -0.111845
v -0.006519 0.094777 -0.111097
v -0.006993 0.096758 -0.111726
v 0.004518 0.098705 -0.111561
v 0.004724 0.099865 -0.112415
v 0.004633 0.093287 -0.112717
v 0.004840 0.094450 -0.113573
v 0.026494 0.093834 -0.096755
v 0.030457 0.094879 -0.096756
v 0.027092 0.088324 -0.097662
v 0.031058 0.089372 -0.097663
v 0.048767 0.082694 -0.065157
v 0.053008 0.083601 -0.064769
v 0.049531 0.077085 -0.065785
v 0.053774 0.077994 -0.065398
v 0.045978 0.076710 -0.049138
v 0.050157 0.077269 -0.047770
v 0.046634 0.070870 -0.049112
v 0.050815 0.071430 -0.047742
v 0.025852 0.069957 -0.030559
v 0.025073 0.070299 -0.025303
v 0.025804 0.065581 -0.029869
v 0.025023 0.065924 -0.024602
v -0.001306 0.063482 -0.016444
v -0.001635 0.063763 -0.013091
v -0.001202 0.059114 -0.016035
v -0.001532 0.059396 -0.012674
v -0.021189 0.055884 -0.020328
v -0.021970 0.055916 -0.016410
v -0.021068 0.052078 -0.019924
v -0.021851 0.052111 -0.015997
v -0.040216 0.054430 -0.027427
v -0.041079 0.054308 -0.024108
v -0.040096 0.050176 -0.027033
v -0.040962 0.050055 -0.023705
v -0.058886 0.050495 -0.047662
v -0.062654 0.050176 -0.048055
v -0.057177 0.045074 -0.047397
v -0.057030 0.044299 -0.047295
v -0.060807 0.043980 -0.047689
v -0.070938 0.043787 -0.071699
v -0.075283 0.043366 -0.071881
v -0.069223 0.038648 -0.071482
v -0.069310 0.037877 -0.071340
v -0.073667 0.037456 -0.071523
v -0.056469 0.032081 -0.099450
v -0.061605 0.031603 -0.100168
v -0.054620 0.026180 -0.098974
v -0.059769 0.025702 -0.099694
v -0.046873 0.037195 -0.119250
v -0.051515 0.036597 -0.120781
v -0.045517 0.031355 -0.118441
v -0.050170 0.030757 -0.119977
v -0.022859 0.039653 -0.133752
v -0.022649 0.038960 -0.137817
v -0.023172 0.033843 -0.131353
v -0.022961 0.033149 -0.135429
v 0.012233 0.055644 -0.142664
v 0.013454 0.055397 -0.143734
v 0.012085 0.053628 -0.141938
v 0.013307 0.053381 -0.143011
v -0.029307 0.100499 -0.079747
v -0.025749 0.100218 -0.080194
v -0.025480 0.099421 -0.077655
v -0.029010 0.099713 -0.077209
v -0.014932 0.001106 -0.079044
v 0.033522 0.081499 -0.088803
v 0.038392 0.086302 -0.078369
v 0.058364 0.092453 -0.090735
v 0.042582 0.074064 -0.126058
v 0.044891 0.086720 -0.067649
v 0.081221 0.091806 -0.054165
v 0.098310 0.097711 -0.115467
v 0.082528 0.079322 -0.150790
v 0.121166 0.097064 -0.078897
v 0.110589 0.078054 -0.143521
v 0.118283 0.084153 -0.127833
v 0.127606 0.085868 -0.111858
v 0.058364 0.091623 -0.090735
v 0.038392 0.085471 -0.078369
v 0.033522 0.080669 -0.088803
v 0.042582 0.073234 -0.126058
v 0.081221 0.090976 -0.054165
v 0.044891 0.085889 -0.067649
v 0.082528 0.078491 -0.150790
v 0.098310 0.096880 -0.115467
v 0.121166 0.096233 -0.078897
v 0.110589 0.077223 -0.143521
v 0.118283 0.083323 -0.127833
v 0.127606 0.085037 -0.111858
v -0.100956 0.079618 -0.008895
v -0.106984 0.081610 -0.017504
v -0.124009 0.081610 -0.005583
v -0.103522 0.072962 0.023676
v -0.113013 0.079618 -0.026113
v -0.144496 0.072962 -0.034842
v -0.158059 0.074994 0.018259
v -0.137572 0.066345 0.047517
v -0.178546 0.066345 -0.011000
v -0.166061 0.057292 0.043066
v -0.175084 0.059284 0.030180
v -0.184107 0.057292 0.017294
v -0.124009 0.080780 -0.005583
v -0.106984 0.080780 -0.017504
v -0.100956 0.078788 -0.008895
v -0.103522 0.072131 0.023676
v -0.144496 0.072131 -0.034842
v -0.113013 0.078788 -0.026113
v -0.137572 0.065515 0.047517
v -0.158059 0.074163 0.018259
v -0.178546 0.065515 -0.011000
v -0.166061 0.056461 0.043066
v -0.175084 0.058453 0.030180
v -0.184107 0.056461 0.017294
v -0.013341 0.115515 -0.066733
v -0.006740 0.120318 -0.076167
v -0.027436 0.126469 -0.087281
v -0.050135 0.108080 -0.055951
v -0.000705 0.120736 -0.087156
v -0.007193 0.125822 -0.125360
v -0.068827 0.131727 -0.109509
v -0.091526 0.113338 -0.078179
v -0.048584 0.131080 -0.147588
v -0.099261 0.112070 -0.106115
v -0.089522 0.118169 -0.120622
v -0.080349 0.119884 -0.136684
v -0.027436 0.125639 -0.087281
v -0.006740 0.119487 -0.076167
v -0.013341 0.114685 -0.066733
v -0.050135 0.107250 -0.055951
v -0.007193 0.124992 -0.125360
v -0.000705 0.119905 -0.087156
v -0.091526 0.112508 -0.078179
v -0.068827 0.130896 -0.109509
v -0.048584 0.130249 -0.147588
v -0.099261 0.111240 -0.106115
v -0.089522 0.117339 -0.120622
v -0.080349 0.119053 -0.136684
vt 0.993000 0.899400
vt 0.991800 0.900300
vt 0.985500 0.891500
vt 0.986800 0.891200
vt 0.989400 0.901000
vt 0.983400 0.892100
vt 0.988100 0.901900
vt 0.982000 0.892600
vt 0.986500 0.903600
vt 0.980000 0.893200
vt 0.984600 0.884000
vt 0.985900 0.884200
vt 0.982200 0.884100
vt 0.980800 0.884100
vt 0.978900 0.883600
vt 0.988100 0.864700
vt 0.988400 0.864700
vt 0.987600 0.864100
vt 0.987100 0.864400
vt 0.986400 0.864800
vt 0.989800 0.905300
vt 0.987800 0.906300
vt 0.994600 0.902100
vt 0.994100 0.902600
vt 0.992200 0.903800
vt 0.986200 0.864500
vt 0.986900 0.864000
vt 0.917500 0.809700
vt 0.918500 0.811900
vt 0.906300 0.820400
vt 0.904500 0.819100
vt 0.912000 0.802400
vt 0.913300 0.805600
vt 0.900400 0.815100
vt 0.898000 0.813300
vt 0.914900 0.807300
vt 0.901900 0.816700
vt 0.901800 0.827600
vt 0.899700 0.827200
vt 0.894500 0.826300
vt 0.892200 0.826700
vt 0.896200 0.826400
vt 0.905600 0.854600
vt 0.905000 0.854000
vt 0.903900 0.855000
vt 0.902900 0.854500
vt 0.904400 0.854600
vt 0.920000 0.804600
vt 0.921800 0.807500
vt 0.922200 0.808600
vt 0.915300 0.799000
vt 0.917300 0.801400
vt 0.905300 0.854500
vt 0.904800 0.855000
vt 0.906500 0.766400
vt 0.910800 0.764300
vt 0.928300 0.788600
vt 0.925500 0.792100
vt 0.916900 0.761300
vt 0.932000 0.783400
vt 0.898400 0.775300
vt 0.901600 0.771800
vt 0.920600 0.797500
vt 0.917800 0.800800
vt 0.944000 0.796900
vt 0.942900 0.800900
vt 0.943500 0.791900
vt 0.941400 0.808000
vt 0.942200 0.811900
vt 0.994600 0.780900
vt 0.994700 0.781900
vt 0.995000 0.779000
vt 0.995700 0.783600
vt 0.996000 0.784700
vt 0.896200 0.761400
vt 0.902100 0.757700
vt 0.904300 0.757600
vt 0.907600 0.756500
vt 0.891400 0.764600
vt 0.995700 0.781400
vt 0.996700 0.783000
vt 0.932000 0.982000
vt 0.931400 0.984500
vt 0.915200 0.982300
vt 0.915300 0.980000
vt 0.930500 0.988100
vt 0.915800 0.985600
vt 0.931700 0.975600
vt 0.931800 0.978100
vt 0.915000 0.976100
vt 0.914700 0.973900
vt 0.905800 0.985700
vt 0.905300 0.983500
vt 0.906600 0.989400
vt 0.903500 0.980100
vt 0.902400 0.978100
vt 0.892400 0.990500
vt 0.892100 0.989100
vt 0.892900 0.992700
vt 0.890500 0.986500
vt 0.888300 0.983700
vt 0.937800 0.979800
vt 0.937100 0.983500
vt 0.936400 0.984400
vt 0.935800 0.986100
vt 0.938400 0.976800
vt 0.875900 0.995800
vt 0.874300 0.994300
vt 0.875300 0.992800
vt 0.877500 0.994900
vt 0.877900 0.995700
vt 0.877500 0.996500
vt 0.872900 0.989800
vt 0.972200 0.714700
vt 0.973400 0.716700
vt 0.961000 0.725700
vt 0.959300 0.724200
vt 0.975000 0.719800
vt 0.963500 0.727700
vt 0.967700 0.710600
vt 0.969500 0.712200
vt 0.956600 0.721700
vt 0.954800 0.720400
vt 0.956700 0.733200
vt 0.954700 0.732800
vt 0.959200 0.733000
vt 0.951200 0.732100
vt 0.949300 0.732200
vt 0.964900 0.759200
vt 0.964300 0.759200
vt 0.965800 0.759300
vt 0.963600 0.759700
vt 0.963200 0.760000
vt 0.974700 0.709400
vt 0.976600 0.712400
vt 0.976800 0.713400
vt 0.977400 0.715000
vt 0.973100 0.707000
vt 0.964600 0.759600
vt 0.963900 0.760100
vt 0.898300 0.753800
vt 0.897700 0.752300
vt 0.906100 0.747100
vt 0.906900 0.748500
vt 0.896200 0.750000
vt 0.905000 0.744500
vt 0.895200 0.748600
vt 0.904000 0.743100
vt 0.893300 0.747100
vt 0.902300 0.740900
vt 0.918000 0.739800
vt 0.918800 0.741300
vt 0.917000 0.737100
vt 0.916800 0.735400
vt 0.916000 0.733200
vt 0.932300 0.738900
vt 0.931900 0.740500
vt 0.932600 0.736200
vt 0.932900 0.734800
vt 0.933900 0.733000
vt 0.938000 0.742400
vt 0.937100 0.743600
vt 0.940400 0.741400
vt 0.941500 0.740400
vt 0.942200 0.738100
vt 0.953300 0.759000
vt 0.952700 0.759500
vt 0.954400 0.758500
vt 0.954900 0.757900
vt 0.955500 0.756900
vt 0.890900 0.754600
vt 0.887900 0.754000
vt 0.891800 0.758000
vt 0.892200 0.757400
vt 0.892200 0.755500
vt 0.931200 0.908300
vt 0.931200 0.909600
vt 0.930300 0.909300
vt 0.930300 0.908500
vt 0.967400 0.944800
vt 0.965700 0.946900
vt 0.939100 0.938600
vt 0.940400 0.936700
vt 0.963500 0.951200
vt 0.937600 0.942500
vt 0.963800 0.953800
vt 0.937600 0.944700
vt 0.962900 0.958600
vt 0.936800 0.948900
vt 0.921300 0.933000
vt 0.920500 0.935000
vt 0.911200 0.921600
vt 0.913200 0.920700
vt 0.917000 0.937200
vt 0.907600 0.923800
vt 0.915500 0.938600
vt 0.905500 0.924500
vt 0.915000 0.941900
vt 0.902100 0.925300
vt 0.910200 0.912400
vt 0.912300 0.912900
vt 0.906500 0.912800
vt 0.904600 0.912400
vt 0.902600 0.910600
vt 0.917000 0.903000
vt 0.918700 0.904100
vt 0.915400 0.899900
vt 0.914000 0.898300
vt 0.911300 0.896800
vt 0.921800 0.901400
vt 0.920800 0.899700
vt 0.930600 0.898500
vt 0.929700 0.900400
vt 0.922300 0.895600
vt 0.932000 0.894500
vt 0.921600 0.893400
vt 0.932800 0.892700
vt 0.918500 0.891200
vt 0.933900 0.890900
vt 0.935300 0.905500
vt 0.933400 0.906300
vt 0.938900 0.903600
vt 0.940600 0.903400
vt 0.942900 0.903700
vt 0.933900 0.912500
vt 0.932500 0.911700
vt 0.934800 0.917100
vt 0.936200 0.918600
vt 0.939500 0.918500
vt 0.927900 0.917500
vt 0.927200 0.915400
vt 0.926700 0.921600
vt 0.927500 0.923900
vt 0.930500 0.926100
vt 0.923100 0.918300
vt 0.924000 0.916600
vt 0.922100 0.922400
vt 0.921300 0.924200
vt 0.920200 0.925400
vt 0.920800 0.913300
vt 0.922700 0.913300
vt 0.917100 0.914500
vt 0.915300 0.914600
vt 0.913700 0.914200
vt 0.922900 0.910200
vt 0.923300 0.912100
vt 0.921800 0.906700
vt 0.920800 0.905000
vt 0.920600 0.904500
vt 0.929000 0.909800
vt 0.929300 0.908000
vt 0.929900 0.907600
vt 0.958500 0.991100
vt 0.958100 0.990300
vt 0.971100 0.979800
vt 0.971500 0.980700
vt 0.960600 0.994600
vt 0.960300 0.993000
vt 0.973100 0.983000
vt 0.973900 0.984400
vt 0.959800 0.992200
vt 0.972500 0.982100
vt 0.980200 0.975100
vt 0.980900 0.975800
vt 0.982100 0.978300
vt 0.983100 0.979300
vt 0.981500 0.977400
vt 0.988500 0.968500
vt 0.989200 0.969300
vt 0.991300 0.971100
vt 0.991700 0.972800
vt 0.990800 0.970100
vt 0.955100 0.994000
vt 0.953700 0.992800
vt 0.953500 0.992000
vt 0.955200 0.996400
vt 0.955400 0.994600
vt 0.954700 0.759200
vt 0.953600 0.759700
vt 0.966100 0.830200
vt 0.970900 0.829700
vt 0.970400 0.837900
vt 0.965400 0.835000
vt 0.956200 0.827800
vt 0.958400 0.830600
vt 0.957700 0.832900
vt 0.955200 0.834200
vt 0.962300 0.831500
vt 0.961500 0.833200
vt 0.962000 0.843400
vt 0.965600 0.845600
vt 0.961000 0.852700
vt 0.959500 0.851900
vt 0.951100 0.842600
vt 0.955600 0.841900
vt 0.955100 0.852500
vt 0.951900 0.853200
vt 0.959400 0.842400
vt 0.958500 0.852200
vt 0.961800 0.857900
vt 0.959900 0.858800
vt 0.955400 0.860100
vt 0.952700 0.860400
vt 0.958300 0.859900
vt 0.962600 0.859600
vt 0.961000 0.860800
vt 0.958000 0.865100
vt 0.955700 0.866700
vt 0.959800 0.862500
vt 0.965900 0.859900
vt 0.964000 0.862300
vt 0.962600 0.867700
vt 0.961200 0.870500
vt 0.963300 0.864400
vt 0.973500 0.863600
vt 0.971800 0.865900
vt 0.970500 0.869300
vt 0.970500 0.870300
vt 0.971000 0.868600
vt 0.971500 0.868400
vt 0.972100 0.866700
vt 0.977700 0.866300
vt 0.976600 0.868900
vt 0.973900 0.871900
vt 0.972700 0.872100
vt 0.974600 0.871500
vt 0.975800 0.871600
vt 0.976400 0.870200
vt 0.986700 0.871700
vt 0.984000 0.874700
vt 0.980200 0.878500
vt 0.977300 0.879700
vt 0.982500 0.876400
vt 0.993900 0.881800
vt 0.990700 0.884100
vt 0.985600 0.885900
vt 0.983000 0.886800
vt 0.988700 0.885300
vt 0.996400 0.893700
vt 0.992700 0.894500
vt 0.987100 0.894000
vt 0.984800 0.893700
vt 0.990200 0.894900
vt 0.994500 0.901400
vt 0.990800 0.900200
vt 0.985600 0.898800
vt 0.983900 0.897400
vt 0.988600 0.899900
vt 0.989800 0.909100
vt 0.986900 0.906400
vt 0.981800 0.903400
vt 0.980700 0.901100
vt 0.984500 0.905100
vt 0.984600 0.915100
vt 0.982200 0.912200
vt 0.976700 0.908000
vt 0.975600 0.905500
vt 0.979900 0.910300
vt 0.973100 0.923600
vt 0.972300 0.920500
vt 0.969000 0.916600
vt 0.967900 0.914400
vt 0.971100 0.918700
vt 0.960200 0.927700
vt 0.960700 0.924000
vt 0.958700 0.919600
vt 0.959000 0.917200
vt 0.959900 0.922200
vt 0.948100 0.926700
vt 0.948200 0.923000
vt 0.949200 0.918300
vt 0.950300 0.916300
vt 0.948200 0.920900
vt 0.937000 0.920300
vt 0.937800 0.917600
vt 0.938400 0.912800
vt 0.939300 0.910000
vt 0.938000 0.915700
vt 0.920700 0.918000
vt 0.921000 0.915500
vt 0.921200 0.911900
vt 0.921600 0.909600
vt 0.921000 0.914000
vt 0.916300 0.916900
vt 0.916200 0.914800
vt 0.916100 0.911800
vt 0.916600 0.910000
vt 0.916100 0.913700
vt 0.903600 0.917100
vt 0.903500 0.915100
vt 0.903300 0.911900
vt 0.903400 0.910000
vt 0.903300 0.913800
vt 0.890700 0.917100
vt 0.890400 0.915500
vt 0.889500 0.913300
vt 0.889000 0.911700
vt 0.890100 0.914500
vt 0.883900 0.920100
vt 0.883000 0.919400
vt 0.882100 0.918600
vt 0.881800 0.917800
vt 0.882600 0.919200
vt 0.880200 0.926300
vt 0.879400 0.926200
vt 0.878500 0.926300
vt 0.878000 0.926000
vt 0.879000 0.926300
vt 0.880200 0.929800
vt 0.879900 0.929900
vt 0.879600 0.929900
vt 0.879400 0.929900
vt 0.879800 0.929900
vt 0.965000 0.825700
vt 0.970700 0.824600
vt 0.956500 0.823800
vt 0.958100 0.827300
vt 0.960600 0.827500
vt 0.955300 0.802100
vt 0.958800 0.801000
vt 0.948700 0.804300
vt 0.951000 0.804400
vt 0.953300 0.804100
vt 0.879900 0.930000
vt 0.879600 0.930100
vt 0.947400 0.791100
vt 0.924400 0.767800
vt 0.926200 0.765800
vt 0.951400 0.790800
vt 0.943600 0.795600
vt 0.918000 0.772600
vt 0.920400 0.771300
vt 0.945400 0.793900
vt 0.922400 0.770600
vt 0.946100 0.793100
vt 0.904900 0.430000
vt 0.873000 0.430000
vt 0.873000 0.367000
vt 0.981400 0.367000
vt 0.841200 0.430000
vt 0.764700 0.367000
vt 0.873000 0.240900
vt 0.981400 0.240900
vt 0.764700 0.240900
vt 0.920800 0.177900
vt 0.873000 0.177900
vt 0.826800 0.177100
vt 0.904900 0.430000
vt 0.873000 0.430000
vt 0.873000 0.367000
vt 0.981400 0.367000
vt 0.841200 0.430000
vt 0.764700 0.367000
vt 0.873000 0.240900
vt 0.981400 0.240900
vt 0.764700 0.240900
vt 0.920800 0.177900
vt 0.873000 0.177900
vt 0.826800 0.177100
vt 0.873000 0.367000
vt 0.873000 0.430000
vt 0.904900 0.430000
vt 0.981400 0.367000
vt 0.764700 0.367000
vt 0.841200 0.430000
vt 0.981400 0.240900
vt 0.873000 0.240900
vt 0.764700 0.240900
vt 0.920800 0.177900
vt 0.873000 0.177900
vt 0.826800 0.177100
vt 0.873000 0.367000
vt 0.873000 0.430000
vt 0.904900 0.430000
vt 0.981400 0.367000
vt 0.764700 0.367000
vt 0.841200 0.430000
vt 0.981400 0.240900
vt 0.873000 0.240900
vt 0.764700 0.240900
vt 0.920800 0.177900
vt 0.873000 0.177900
vt 0.826800 0.177100
vt 0.904900 0.430000
vt 0.873000 0.430000
vt 0.873000 0.367000
vt 0.981400 0.367000
vt 0.841200 0.430000
vt 0.764700 0.367000
vt 0.873000 0.240900
vt 0.981400 0.240900
vt 0.764700 0.240900
vt 0.920800 0.177900
vt 0.873000 0.177900
vt 0.826800 0.177100
vt 0.904900 0.430000
vt 0.873000 0.430000
vt 0.873000 0.367000
vt 0.981400 0.367000
vt 0.841200 0.430000
vt 0.764700 0.367000
vt 0.873000 0.240900
vt 0.981400 0.240900
vt 0.764700 0.240900
vt 0.920800 0.177900
vt 0.873000 0.177900
vt 0.826800 0.177100
vt 0.873000 0.367000
vt 0.873000 0.430000
vt 0.904900 0.430000
vt 0.981400 0.367000
vt 0.764700 0.367000
vt 0.841200 0.430000
vt 0.981400 0.240900
vt 0.873000 0.240900
vt 0.764700 0.240900
vt 0.920800 0.177900
vt 0.873000 0.177900
vt 0.826800 0.177100
vt 0.873000 0.367000
vt 0.873000 0.430000
vt 0.904900 0.430000
vt 0.981400 0.367000
vt 0.764700 0.367000
vt 0.841200 0.430000
vt 0.981400 0.240900
vt 0.873000 0.240900
vt 0.764700 0.240900
vt 0.920800 0.177900
vt 0.873000 0.177900
vt 0.826800 0.177100
vt 0.904900 0.430000
vt 0.873000 0.430000
vt 0.873000 0.367000
vt 0.981400 0.367000
vt 0.841200 0.430000
vt 0.764700 0.367000
vt 0.873000 0.240900
vt 0.981400 0.240900
vt 0.764700 0.240900
vt 0.920800 0.177900
vt 0.873000 0.177900
vt 0.826800 0.177100
vt 0.873000 0.367000
vt 0.873000 0.430000
vt 0.904900 0.430000
vt 0.981400 0.367000
vt 0.764700 0.367000
vt 0.841200 0.430000
vt 0.981400 0.240900
vt 0.873000 0.240900
vt 0.764700 0.240900
vt 0.920800 0.177900
vt 0.873000 0.177900
vt 0.826800 0.177100
vt 0.904900 0.430000
vt 0.873000 0.430000
vt 0.873000 0.367000
vt 0.981400 0.367000
vt 0.841200 0.430000
vt 0.764700 0.367000
vt 0.873000 0.240900
vt 0.981400 0.240900
vt 0.764700 0.240900
vt 0.920800 0.177900
vt 0.873000 0.177900
vt 0.826800 0.177100
vt 0.873000 0.367000
vt 0.873000 0.430000
vt 0.904900 0.430000
vt 0.981400 0.367000
vt 0.764700 0.367000
vt 0.841200 0.430000
vt 0.981400 0.240900
vt 0.873000 0.240900
vt 0.764700 0.240900
vt 0.920800 0.177900
vt 0.873000 0.177900
vt 0.826800 0.177100
vt 0.904900 0.430000
vt 0.873000 0.430000
vt 0.873000 0.367000
vt 0.981400 0.367000
vt 0.841200 0.430000
vt 0.764700 0.367000
vt 0.873000 0.240900
vt 0.981400 0.240900
vt 0.764700 0.240900
vt 0.920800 0.177900
vt 0.873000 0.177900
vt 0.826800 0.177100
vt 0.873000 0.367000
vt 0.873000 0.430000
vt 0.904900 0.430000
vt 0.981400 0.367000
vt 0.764700 0.367000
vt 0.841200 0.430000
vt 0.981400 0.240900
vt 0.873000 0.240900
vt 0.764700 0.240900
vt 0.920800 0.177900
vt 0.873000 0.177900
vt 0.826800 0.177100
vt 0.904900 0.430000
vt 0.873000 0.430000
vt 0.873000 0.367000
vt 0.981400 0.367000
vt 0.841200 0.430000
vt 0.764700 0.367000
vt 0.873000 0.240900
vt 0.981400 0.240900
vt 0.764700 0.240900
vt 0.920800 0.177900
vt 0.873000 0.177900
vt 0.826800 0.177100
vt 0.873000 0.367000
vt 0.873000 0.430000
vt 0.904900 0.430000
vt 0.981400 0.367000
vt 0.764700 0.367000
vt 0.841200 0.430000
vt 0.981400 0.240900
vt 0.873000 0.240900
vt 0.764700 0.240900
vt 0.920800 0.177900
vt 0.873000 0.177900
vt 0.826800 0.177100
vt 0.904900 0.430000
vt 0.873000 0.430000
vt 0.873000 0.367000
vt 0.981400 0.367000
vt 0.841200 0.430000
vt 0.764700 0.367000
vt 0.873000 0.240900
vt 0.981400 0.240900
vt 0.764700 0.240900
vt 0.920800 0.177900
vt 0.873000 0.177900
vt 0.826800 0.177100
vt 0.873000 0.367000
vt 0.873000 0.430000
vt 0.904900 0.430000
vt 0.981400 0.367000
vt 0.764700 0.367000
vt 0.841200 0.430000
vt 0.981400 0.240900
vt 0.873000 0.240900
vt 0.764700 0.240900
vt 0.920800 0.177900
vt 0.873000 0.177900
vt 0.826800 0.177100
vt 0.904900 0.430000
vt 0.873000 0.430000
vt 0.873000 0.367000
vt 0.981400 0.367000
vt 0.841200 0.430000
vt 0.764700 0.367000
vt 0.873000 0.240900
vt 0.981400 0.240900
vt 0.764700 0.240900
vt 0.920800 0.177900
vt 0.873000 0.177900
vt 0.826800 0.177100
vt 0.873000 0.367000
vt 0.873000 0.430000
vt 0.904900 0.430000
vt 0.981400 0.367000
vt 0.764700 0.367000
vt 0.841200 0.430000
vt 0.981400 0.240900
vt 0.873000 0.240900
vt 0.764700 0.240900
vt 0.920800 0.177900
vt 0.873000 0.177900
vt 0.826800 0.177100
vt 0.904900 0.430000
vt 0.873000 0.430000
vt 0.873000 0.367000
vt 0.981400 0.367000
vt 0.841200 0.430000
vt 0.764700 0.367000
vt 0.873000 0.240900
vt 0.981400 0.240900
vt 0.764700 0.240900
vt 0.920800 0.177900
vt 0.873000 0.177900
vt 0.826800 0.177100
vt 0.873000 0.367000
vt 0.873000 0.430000
vt 0.904900 0.430000
vt 0.981400 0.367000
vt 0.764700 0.367000
vt 0.841200 0.430000
vt 0.981400 0.240900
vt 0.873000 0.240900
vt 0.764700 0.240900
vt 0.920800 0.177900
vt 0.873000 0.177900
vt 0.826800 0.177100
vt 0.904900 0.430000
vt 0.873000 0.430000
vt 0.873000 0.367000
vt 0.981400 0.367000
vt 0.841200 0.430000
vt 0.764700 0.367000
vt 0.873000 0.240900
vt 0.981400 0.240900
vt 0.764700 0.240900
vt 0.920800 0.177900
vt 0.873000 0.177900
vt 0.826800 0.177100
vt 0.873000 0.367000
vt 0.873000 0.430000
vt 0.904900 0.430000
vt 0.981400 0.367000
vt 0.764700 0.367000
vt 0.841200 0.430000
vt 0.981400 0.240900
vt 0.873000 0.240900
vt 0.764700 0.240900
vt 0.920800 0.177900
vt 0.873000 0.177900
vt 0.826800 0.177100
vt 0.904900 0.430000
vt 0.873000 0.430000
vt 0.873000 0.367000
vt 0.981400 0.367000
vt 0.841200 0.430000
vt 0.764700 0.367000
vt 0.873000 0.240900
vt 0.981400 0.240900
vt 0.764700 0.240900
vt 0.920800 0.177900
vt 0.873000 0.177900
vt 0.826800 0.177100
vt 0.873000 0.367000
vt 0.873000 0.430000
vt 0.904900 0.430000
vt 0.981400 0.367000
vt 0.764700 0.367000
vt 0.841200 0.430000
vt 0.981400 0.240900
vt 0.873000 0.240900
vt 0.764700 0.240900
vt 0.920800 0.177900
vt 0.873000 0.177900
vt 0.826800 0.177100
vt 0.904900 0.430000
vt 0.873000 0.430000
vt 0.873000 0.367000
vt 0.981400 0.367000
vt 0.841200 0.430000
vt 0.764700 0.367000
vt 0.873000 0.240900
vt 0.981400 0.240900
vt 0.764700 0.240900
vt 0.920800 0.177900
vt 0.873000 0.177900
vt 0.826800 0.177100
vt 0.873000 0.367000
vt 0.873000 0.430000
vt 0.904900 0.430000
vt 0.981400 0.367000
vt 0.764700 0.367000
vt 0.841200 0.430000
vt 0.981400 0.240900
vt 0.873000 0.240900
vt 0.764700 0.240900
vt 0.920800 0.177900
vt 0.873000 0.177900
vt 0.826800 0.177100
vt 0.904900 0.430000
vt 0.873000 0.430000
vt 0.873000 0.367000
vt 0.981400 0.367000
vt 0.841200 0.430000
vt 0.764700 0.367000
vt 0.873000 0.240900
vt 0.981400 0.240900
vt 0.764700 0.240900
vt 0.920800 0.177900
vt 0.873000 0.177900
vt 0.826800 0.177100
vt 0.873000 0.367000
vt 0.873000 0.430000
vt 0.904900 0.430000
vt 0.981400 0.367000
vt 0.764700 0.367000
vt 0.841200 0.430000
vt 0.981400 0.240900
vt 0.873000 0.240900
vt 0.764700 0.240900
vt 0.920800 0.177900
vt 0.873000 0.177900
vt 0.826800 0.177100
vt 0.904900 0.430000
vt 0.873000 0.430000
vt 0.873000 0.367000
vt 0.981400 0.367000
vt 0.841200 0.430000
vt 0.764700 0.367000
vt 0.873000 0.240900
vt 0.981400 0.240900
vt 0.764700 0.240900
vt 0.920800 0.177900
vt 0.873000 0.177900
vt 0.826800 0.177100
vt 0.873000 0.367000
vt 0.873000 0.430000
vt 0.904900 0.430000
vt 0.981400 0.367000
vt 0.764700 0.367000
vt 0.841200 0.430000
vt 0.981400 0.240900
vt 0.873000 0.240900
vt 0.764700 0.240900
vt 0.920800 0.177900
vt 0.873000 0.177900
vt 0.826800 0.177100
vt 0.904900 0.430000
vt 0.873000 0.430000
vt 0.873000 0.367000
vt 0.981400 0.367000
vt 0.841200 0.430000
vt 0.764700 0.367000
vt 0.873000 0.240900
vt 0.981400 0.240900
vt 0.764700 0.240900
vt 0.920800 0.177900
vt 0.873000 0.177900
vt 0.826800 0.177100
vt 0.873000 0.367000
vt 0.873000 0.430000
vt 0.904900 0.430000
vt 0.981400 0.367000
vt 0.764700 0.367000
vt 0.841200 0.430000
vt 0.981400 0.240900
vt 0.873000 0.240900
vt 0.764700 0.240900
vt 0.920800 0.177900
vt 0.873000 0.177900
vt 0.826800 0.177100
vt 0.882400 0.511700
vt 0.919000 0.538500
vt 0.876100 0.558800
vt 0.896300 0.469300
vt 0.851600 0.478100
vt 0.941200 0.469000
vt 0.921400 0.428400
vt 0.955300 0.511700
vt 0.988100 0.481600
vt 0.957600 0.557500
vt 0.918800 0.500000
vt 0.882400 0.511700
vt 0.919000 0.538500
vt 0.876100 0.558800
vt 0.896300 0.469300
vt 0.851600 0.478100
vt 0.941200 0.469000
vt 0.921400 0.428400
vt 0.955300 0.511700
vt 0.988100 0.481600
vt 0.957600 0.557500
vt 0.918800 0.500000
vt 0.882400 0.511700
vt 0.919000 0.538500
vt 0.876100 0.558800
vt 0.896300 0.469300
vt 0.851600 0.478100
vt 0.941200 0.469000
vt 0.921400 0.428400
vt 0.955300 0.511700
vt 0.988100 0.481600
vt 0.957600 0.557500
vt 0.918800 0.500000
vt 0.882400 0.511700
vt 0.919000 0.538500
vt 0.876100 0.558800
vt 0.896300 0.469300
vt 0.851600 0.478100
vt 0.941200 0.469000
vt 0.921400 0.428400
vt 0.955300 0.511700
vt 0.988100 0.481600
vt 0.957600 0.557500
vt 0.918800 0.500000
vt 0.882400 0.511700
vt 0.919000 0.538500
vt 0.876100 0.558800
vt 0.896300 0.469300
vt 0.851600 0.478100
vt 0.941200 0.469000
vt 0.921400 0.428400
vt 0.955300 0.511700
vt 0.988100 0.481600
vt 0.957600 0.557500
vt 0.918800 0.500000
vt 0.882400 0.511700
vt 0.876100 0.558800
vt 0.919000 0.538500
vt 0.896300 0.469300
vt 0.851600 0.478100
vt 0.941200 0.469000
vt 0.921400 0.428400
vt 0.955300 0.511700
vt 0.988100 0.481600
vt 0.957600 0.557500
vt 0.918800 0.500000
vt 0.882400 0.511700
vt 0.876100 0.558800
vt 0.919000 0.538500
vt 0.896300 0.469300
vt 0.851600 0.478100
vt 0.941200 0.469000
vt 0.921400 0.428400
vt 0.955300 0.511700
vt 0.988100 0.481600
vt 0.957600 0.557500
vt 0.918800 0.500000
vt 0.882400 0.511700
vt 0.876100 0.558800
vt 0.919000 0.538500
vt 0.896300 0.469300
vt 0.851600 0.478100
vt 0.941200 0.469000
vt 0.921400 0.428400
vt 0.955300 0.511700
vt 0.988100 0.481600
vt 0.957600 0.557500
vt 0.918800 0.500000
vt 0.882400 0.511700
vt 0.876100 0.558800
vt 0.919000 0.538500
vt 0.896300 0.469300
vt 0.851600 0.478100
vt 0.941200 0.469000
vt 0.921400 0.428400
vt 0.955300 0.511700
vt 0.988100 0.481600
vt 0.957600 0.557500
vt 0.918800 0.500000
vt 0.882400 0.511700
vt 0.876100 0.558800
vt 0.919000 0.538500
vt 0.896300 0.469300
vt 0.851600 0.478100
vt 0.941200 0.469000
vt 0.921400 0.428400
vt 0.955300 0.511700
vt 0.988100 0.481600
vt 0.957600 0.557500
vt 0.918800 0.500000
vt 0.873200 0.767100
vt 0.873300 0.793400
vt 0.855100 0.793400
vt 0.855300 0.767100
vt 0.597500 0.767100
vt 0.597700 0.793400
vt 0.579400 0.793400
vt 0.579700 0.767100
vt 0.636900 0.767100
vt 0.637100 0.793400
vt 0.618800 0.793400
vt 0.619000 0.767100
vt 0.676200 0.767100
vt 0.676500 0.793400
vt 0.658200 0.793400
vt 0.658400 0.767100
vt 0.715600 0.767100
vt 0.715800 0.793300
vt 0.697600 0.793300
vt 0.697800 0.767100
vt 0.754900 0.767100
vt 0.755100 0.793300
vt 0.736900 0.793300
vt 0.737100 0.767100
vt 0.794400 0.767100
vt 0.794600 0.793400
vt 0.776400 0.793400
vt 0.776600 0.767100
vt 0.833800 0.767100
vt 0.834000 0.793400
vt 0.815700 0.793400
vt 0.815900 0.767100
vt 0.855100 0.738500
vt 0.873400 0.738500
vt 0.579500 0.738500
vt 0.597700 0.738500
vt 0.618800 0.738500
vt 0.637100 0.738500
vt 0.658200 0.738500
vt 0.676400 0.738500
vt 0.697600 0.738500
vt 0.715800 0.738500
vt 0.736900 0.738500
vt 0.755200 0.738500
vt 0.776400 0.738500
vt 0.794600 0.738500
vt 0.815700 0.738500
vt 0.834000 0.738500
vt 0.855100 0.708200
vt 0.873400 0.708200
vt 0.579400 0.708200
vt 0.597700 0.708200
vt 0.618800 0.708200
vt 0.637100 0.708200
vt 0.658200 0.708200
vt 0.676500 0.708200
vt 0.697500 0.708200
vt 0.715900 0.708200
vt 0.736900 0.708200
vt 0.755200 0.708200
vt 0.776300 0.708200
vt 0.794600 0.708200
vt 0.815700 0.708200
vt 0.834000 0.708200
vt 0.855500 0.677000
vt 0.873600 0.677000
vt 0.579500 0.677000
vt 0.597700 0.677000
vt 0.618800 0.677000
vt 0.637100 0.677000
vt 0.658200 0.677000
vt 0.676400 0.677000
vt 0.697600 0.677000
vt 0.715800 0.677000
vt 0.736900 0.677100
vt 0.755200 0.677000
vt 0.776400 0.677000
vt 0.794600 0.677000
vt 0.815700 0.677000
vt 0.834000 0.677000
vt 0.855300 0.646500
vt 0.873200 0.646500
vt 0.579700 0.646500
vt 0.597500 0.646500
vt 0.619000 0.646500
vt 0.636900 0.646500
vt 0.658400 0.646500
vt 0.676200 0.646500
vt 0.697800 0.646500
vt 0.715600 0.646500
vt 0.737100 0.646500
vt 0.754900 0.646500
vt 0.776600 0.646500
vt 0.794400 0.646500
vt 0.815900 0.646500
vt 0.833800 0.646500
vt 0.856000 0.617100
vt 0.872500 0.617100
vt 0.580300 0.617100
vt 0.596800 0.617100
vt 0.619700 0.617100
vt 0.636200 0.617100
vt 0.659100 0.617100
vt 0.675600 0.617100
vt 0.698500 0.617100
vt 0.715000 0.617100
vt 0.737800 0.617200
vt 0.754200 0.617100
vt 0.777200 0.617100
vt 0.793700 0.617100
vt 0.816600 0.617100
vt 0.833100 0.617100
vt 0.844600 0.765800
vt 0.844600 0.738100
vt 0.844600 0.708700
vt 0.844600 0.678500
vt 0.844600 0.648800
vt 0.844600 0.620300
vt 0.568900 0.620300
vt 0.568900 0.648800
vt 0.558100 0.646500
vt 0.557400 0.617100
vt 0.568900 0.678500
vt 0.558300 0.677000
vt 0.568900 0.708700
vt 0.558400 0.708200
vt 0.568900 0.738100
vt 0.558300 0.738500
vt 0.568900 0.765800
vt 0.558100 0.767100
vt 0.608300 0.620300
vt 0.608300 0.648800
vt 0.608300 0.678500
vt 0.608300 0.708700
vt 0.608300 0.738100
vt 0.608300 0.765800
vt 0.647600 0.620300
vt 0.647600 0.648800
vt 0.647600 0.678500
vt 0.647600 0.708700
vt 0.647600 0.738100
vt 0.647600 0.765800
vt 0.687000 0.620300
vt 0.687000 0.648800
vt 0.687000 0.678500
vt 0.687000 0.708700
vt 0.687000 0.738100
vt 0.687000 0.765700
vt 0.726400 0.620300
vt 0.726400 0.648900
vt 0.726400 0.678500
vt 0.726400 0.708700
vt 0.726400 0.738100
vt 0.726400 0.765700
vt 0.765700 0.620300
vt 0.765700 0.648800
vt 0.765800 0.678500
vt 0.765800 0.708700
vt 0.765800 0.738100
vt 0.765700 0.765700
vt 0.805200 0.620300
vt 0.805200 0.648800
vt 0.805200 0.678500
vt 0.805200 0.708700
vt 0.805200 0.738100
vt 0.805200 0.765800
vt 0.266800 0.385400
vt 0.211600 0.385400
vt 0.191600 0.226200
vt 0.218300 0.226200
vt 0.163900 0.385400
vt 0.107400 0.385400
vt 0.166600 0.226200
vt 0.065800 0.385400
vt 0.017000 0.385400
vt 0.145100 0.226200
vt 0.358200 0.386700
vt 0.335400 0.386700
vt 0.223200 0.227500
vt 0.315100 0.385400
vt 0.571600 0.600500
vt 0.840100 0.600200
vt 0.873100 0.600200
vt 0.606300 0.600500
vt 0.640800 0.600500
vt 0.686800 0.600500
vt 0.726200 0.600500
vt 0.765900 0.600500
vt 0.805900 0.600500
vt 0.687000 0.791500
vt 0.687200 0.810700
vt 0.647600 0.791600
vt 0.647600 0.810700
vt 0.608200 0.791600
vt 0.608000 0.810700
vt 0.558300 0.793400
vt 0.568800 0.791600
vt 0.568500 0.810700
vt 0.844500 0.791600
vt 0.844300 0.810700
vt 0.805200 0.791600
vt 0.805100 0.810700
vt 0.765700 0.791600
vt 0.765600 0.810700
vt 0.726300 0.791500
vt 0.726200 0.810600
vt 0.726200 0.814900
vt 0.687100 0.814900
vt 0.647800 0.814900
vt 0.608400 0.814900
vt 0.568900 0.815000
vt 0.884000 0.815000
vt 0.844500 0.815000
vt 0.883500 0.810700
vt 0.805100 0.814900
vt 0.765600 0.814900
vt 0.944500 0.616600
vt 0.944000 0.618900
vt 0.940400 0.619400
vt 0.940200 0.617600
vt 0.942400 0.611600
vt 0.943100 0.613200
vt 0.939100 0.614000
vt 0.938900 0.612100
vt 0.944200 0.615100
vt 0.939600 0.615800
vt 0.933300 0.619200
vt 0.933800 0.621200
vt 0.926500 0.621300
vt 0.926000 0.619000
vt 0.932600 0.613700
vt 0.933000 0.615500
vt 0.926100 0.615300
vt 0.925700 0.613800
vt 0.933200 0.617500
vt 0.925900 0.617000
vt 0.922100 0.619300
vt 0.922000 0.617700
vt 0.920700 0.613600
vt 0.921500 0.611800
vt 0.920600 0.615300
vt 0.917400 0.619700
vt 0.919300 0.621000
vt 0.915600 0.631700
vt 0.912300 0.630300
vt 0.911700 0.615800
vt 0.913600 0.617100
vt 0.908100 0.628400
vt 0.905900 0.628700
vt 0.915600 0.618000
vt 0.910400 0.628600
vt 0.910800 0.641600
vt 0.907900 0.640600
vt 0.904600 0.639400
vt 0.902900 0.639200
vt 0.906100 0.639600
vt 0.906800 0.647600
vt 0.906200 0.647500
vt 0.902100 0.646500
vt 0.899100 0.644600
vt 0.902700 0.646700
vt 0.901400 0.662900
vt 0.899400 0.664200
vt 0.894500 0.661900
vt 0.891400 0.660000
vt 0.895600 0.664000
vt 0.897800 0.686800
vt 0.895300 0.687000
vt 0.889300 0.686300
vt 0.885800 0.684600
vt 0.891600 0.687400
vt 0.896200 0.699100
vt 0.893600 0.698800
vt 0.887300 0.700000
vt 0.883600 0.699500
vt 0.889700 0.699600
vt 0.897900 0.714700
vt 0.896000 0.717200
vt 0.890300 0.717800
vt 0.887400 0.718200
vt 0.893400 0.718700
vt 0.903200 0.733900
vt 0.901300 0.734600
vt 0.896600 0.736100
vt 0.893700 0.735900
vt 0.898800 0.736100
vt 0.905700 0.748200
vt 0.903100 0.748900
vt 0.898400 0.751100
vt 0.896000 0.751500
vt 0.900900 0.750100
vt 0.911300 0.760200
vt 0.909300 0.760700
vt 0.905300 0.763800
vt 0.902500 0.764900
vt 0.906800 0.762200
vt 0.919500 0.774600
vt 0.918500 0.776500
vt 0.911900 0.778300
vt 0.908200 0.779000
vt 0.912500 0.778200
vt 0.914800 0.779000
vt 0.926000 0.792400
vt 0.923900 0.792800
vt 0.917100 0.794300
vt 0.913900 0.793600
vt 0.917600 0.794400
vt 0.920300 0.794300
vt 0.924900 0.813100
vt 0.921800 0.812400
vt 0.914900 0.813900
vt 0.911600 0.814100
vt 0.917900 0.812600
vt 0.927800 0.827200
vt 0.925400 0.826300
vt 0.918600 0.827200
vt 0.915200 0.827900
vt 0.921400 0.825900
vt 0.923800 0.845000
vt 0.921400 0.845400
vt 0.916000 0.842500
vt 0.912600 0.843100
vt 0.918100 0.843800
vt 0.917500 0.868000
vt 0.916800 0.868800
vt 0.915500 0.866800
vt 0.914400 0.867700
vt 0.915900 0.867800
vt 0.917600 0.615900
vt 0.918300 0.618600
vt 0.918600 0.619600
vt 0.916500 0.612500
vt 0.917500 0.614300
vt 0.860000 0.571500
vt 0.824800 0.572300
vt 0.786600 0.567600
vt 0.746800 0.567200
vt 0.707200 0.568200
vt 0.664200 0.561500
vt 0.624900 0.572400
vt 0.588900 0.573300
vt 0.947400 0.613200
vt 0.947500 0.615500
vt 0.946900 0.618200
vt 0.945200 0.611000
vt 0.946400 0.611900
vt 0.904900 0.430000
vt 0.873000 0.430000
vt 0.873000 0.367000
vt 0.981400 0.367000
vt 0.841200 0.430000
vt 0.764700 0.367000
vt 0.873000 0.240900
vt 0.981400 0.240900
vt 0.764700 0.240900
vt 0.920800 0.177900
vt 0.873000 0.177900
vt 0.826800 0.177100
vt 0.873000 0.367000
vt 0.873000 0.430000
vt 0.904900 0.430000
vt 0.981400 0.367000
vt 0.764700 0.367000
vt 0.841200 0.430000
vt 0.981400 0.240900
vt 0.873000 0.240900
vt 0.764700 0.240900
vt 0.920800 0.177900
vt 0.873000 0.177900
vt 0.826800 0.177100
vt 0.916200 0.869500
vt 0.915300 0.868400
vt 0.904900 0.430300
vt 0.873000 0.430300
vt 0.873000 0.367200
vt 0.981300 0.367200
vt 0.841100 0.430300
vt 0.764700 0.367200
vt 0.873000 0.241200
vt 0.981300 0.241200
vt 0.764700 0.241200
vt 0.920700 0.178100
vt 0.873000 0.178100
vt 0.826700 0.177300
vt 0.873000 0.367200
vt 0.873000 0.430300
vt 0.904900 0.430300
vt 0.981300 0.367200
vt 0.764700 0.367200
vt 0.841100 0.430300
vt 0.981300 0.241200
vt 0.873000 0.241200
vt 0.764700 0.241200
vt 0.920700 0.178100
vt 0.873000 0.178100
vt 0.826700 0.177300
vt 0.904900 0.430000
vt 0.873000 0.430000
vt 0.873000 0.367000
vt 0.981400 0.367000
vt 0.841200 0.430000
vt 0.764700 0.367000
vt 0.873000 0.240900
vt 0.981400 0.240900
vt 0.764700 0.240900
vt 0.920800 0.177900
vt 0.873000 0.177900
vt 0.826800 0.177100
vt 0.873000 0.367000
vt 0.873000 0.430000
vt 0.904900 0.430000
vt 0.981400 0.367000
vt 0.764700 0.367000
vt 0.841200 0.430000
vt 0.981400 0.240900
vt 0.873000 0.240900
vt 0.764700 0.240900
vt 0.920800 0.177900
vt 0.873000 0.177900
vt 0.826800 0.177100
vn 0.5984 0.6025 -0.5282
vn -0.8466 0.4955 -0.1942
vn -0.8806 0.3709 -0.2951
vn 0.6020 0.4812 -0.6372
vn -0.5369 -0.7428 0.4001
vn -0.4781 -0.5434 0.6901
vn 0.7561 -0.6466 0.1014
vn 0.8024 -0.4480 0.3943
vn -0.8824 -0.1093 -0.4575
vn 0.6585 0.2794 -0.6988
vn -0.4001 -0.1364 0.9063
vn 0.7986 0.0551 0.5993
vn -0.8437 0.0795 -0.5310
vn 0.2798 0.2966 -0.9131
vn -0.6137 0.7120 0.3412
vn 0.4448 0.8931 0.0672
vn 0.8012 -0.5807 -0.1446
vn 0.4424 0.7368 -0.5113
vn -0.7197 0.6499 -0.2440
vn -0.6922 -0.6937 0.1992
vn 0.5281 0.6024 0.5985
vn 0.1942 0.4955 -0.8466
vn 0.2950 0.3709 -0.8806
vn 0.6372 0.4812 0.6020
vn -0.4001 -0.7428 -0.5369
vn -0.6900 -0.5433 -0.4782
vn -0.1015 -0.6466 0.7560
vn -0.3945 -0.4480 0.8023
vn 0.4575 -0.1093 -0.8825
vn 0.6989 0.2794 0.6584
vn -0.9063 -0.1364 -0.4001
vn -0.5992 0.0550 0.7987
vn 0.5311 0.0799 -0.8435
vn 0.9130 0.2966 0.2802
vn -0.3424 0.7119 -0.6131
vn -0.0666 0.8930 0.4451
vn 0.1446 -0.5805 0.8013
vn 0.5113 0.7367 0.4425
vn 0.2443 0.6500 -0.7196
vn -0.1991 -0.6934 -0.6925
vn 0.2257 0.6024 0.7656
vn 0.5338 0.4955 -0.6852
vn 0.6396 0.3709 -0.6734
vn 0.3231 0.4812 0.8149
vn -0.1357 -0.7428 -0.6556
vn -0.4232 -0.5433 -0.7251
vn -0.4115 -0.6466 0.6423
vn -0.6966 -0.4481 0.5603
vn 0.7876 -0.1093 -0.6064
vn 0.3551 0.2794 0.8921
vn -0.6522 -0.1364 -0.7456
vn -0.8807 0.0551 0.4705
vn 0.8380 0.0795 -0.5399
vn 0.7092 0.2966 0.6395
vn -0.0508 0.7117 -0.7006
vn -0.2483 0.8931 0.3752
vn -0.2076 -0.5805 0.7874
vn 0.2765 0.7368 0.6169
vn 0.5254 0.6501 -0.5490
vn 0.1122 -0.6935 -0.7117
vn 0.7823 0.6025 -0.1583
vn -0.6362 0.4953 -0.5915
vn -0.6150 0.3709 -0.6958
vn 0.8401 0.4811 -0.2507
vn -0.6649 -0.7428 0.0781
vn -0.7591 -0.5433 0.3585
vn 0.6040 -0.6467 0.4658
vn 0.4975 -0.4481 0.7428
vn -0.5179 0.2126 -0.8286
vn 0.8545 0.3584 -0.3760
vn -0.8233 -0.3215 0.4678
vn 0.4736 -0.1694 0.8643
vn -0.5012 0.0583 -0.8634
vn 0.8564 0.3147 -0.4094
vn -0.8459 -0.1941 0.4967
vn 0.4469 0.0434 0.8935
vn 0.7663 -0.5804 0.2754
vn 0.6385 0.7370 -0.2218
vn -0.5014 0.6499 -0.5712
vn -0.6991 -0.6936 -0.1737
vn -0.5060 0.2413 -0.8281
vn -0.7005 0.7002 0.1380
vn 0.3187 0.8323 0.4536
vn 0.6949 0.4536 -0.5580
vn 0.5338 0.4955 -0.6853
vn 0.6396 0.3709 -0.6733
vn -0.1357 -0.7427 -0.6557
vn -0.4115 -0.6467 0.6422
vn -0.6966 -0.4481 0.5604
vn 0.7877 -0.1093 -0.6063
vn -0.6522 -0.1364 -0.7457
vn -0.8807 0.0550 0.4705
vn 0.8378 0.0796 -0.5401
vn 0.7091 0.2965 0.6397
vn -0.0507 0.7120 -0.7004
vn -0.2484 0.8931 0.3751
vn -0.2077 -0.5806 0.7873
vn 0.2765 0.7369 0.6169
vn 0.5253 0.6501 -0.5491
vn 0.1122 -0.6934 -0.7118
vn -0.3472 0.6996 0.6246
vn 0.2464 -0.6676 0.7025
vn 0.1216 -0.6778 0.7251
vn -0.4408 0.6177 0.6513
vn 0.3295 -0.6320 -0.7014
vn 0.4408 -0.6177 -0.6513
vn -0.2061 0.6019 -0.7715
vn -0.1216 0.6777 -0.7252
vn 0.0290 -0.7849 0.6189
vn -0.5777 0.6125 0.5395
vn 0.5812 -0.5033 -0.6394
vn 0.0572 0.7036 -0.7083
vn -0.1756 -0.9123 0.3699
vn -0.8002 0.5259 0.2881
vn 0.8661 -0.3430 -0.3636
vn 0.3573 0.8290 -0.4303
vn -0.3206 -0.9418 0.1012
vn -0.9070 0.4192 0.0397
vn 0.9468 -0.3219 -0.0045
vn 0.3981 0.9158 -0.0523
vn -0.3884 -0.7984 0.4601
vn -0.8649 0.2808 0.4161
vn 0.5991 -0.3168 0.7354
vn 0.1539 0.7069 0.6903
vn -0.3529 0.6779 -0.6449
vn -0.1602 0.5887 0.7923
vn 0.2865 -0.4400 0.8511
vn 0.2794 -0.7785 -0.5620
vn -0.3977 0.0518 0.9161
vn -0.8542 -0.5035 0.1297
vn 0.0746 -0.9970 -0.0202
vn 0.5846 -0.4766 0.6566
vn -0.2487 0.8178 0.5189
vn 0.4771 -0.3417 0.8097
vn 0.6271 -0.4268 0.6516
vn -0.2665 0.6640 0.6986
vn 0.1582 -0.7091 -0.6872
vn 0.3666 -0.6825 -0.6323
vn -0.5188 0.5935 -0.6153
vn -0.5688 0.3406 -0.7487
vn -0.6043 0.4621 0.6491
vn 0.6289 -0.4887 0.6047
vn 0.4160 -0.7353 0.5351
vn -0.7917 0.1959 0.5787
vn 0.5129 -0.3663 -0.7764
vn 0.7400 -0.0883 -0.6668
vn -0.5189 0.4292 -0.7392
vn -0.3030 0.7158 -0.6291
vn 0.3249 -0.9292 0.1759
vn -0.9723 0.0712 0.2227
vn 0.9316 0.2001 -0.3035
vn -0.0563 0.9618 -0.2679
vn 0.1825 -0.9670 -0.1778
vn -0.9887 -0.0638 -0.1356
vn 0.9650 0.1657 0.2033
vn -0.0751 0.9677 0.2408
vn -0.9218 0.1065 -0.3728
vn 0.3197 -0.8506 -0.4176
vn 0.5968 -0.5414 -0.5922
vn -0.7011 0.4593 -0.5453
vn 0.8581 0.0129 0.5132
vn 0.5734 -0.3177 0.7552
vn -0.1818 0.8147 0.5507
vn -0.4179 0.4466 0.7911
vn 0.8624 -0.1685 -0.4774
vn -0.4028 0.8070 -0.4318
vn 0.1784 -0.8106 0.5577
vn -0.8033 -0.0535 0.5931
vn 0.9977 -0.0344 -0.0582
vn -0.2890 0.9573 -0.0118
vn 0.0079 -0.9942 -0.1073
vn -0.9676 -0.2421 -0.0721
vn 0.9266 -0.0940 0.3641
vn -0.3092 0.8587 0.4087
vn 0.1944 -0.8164 -0.5437
vn -0.8628 -0.0014 -0.5056
vn 0.6993 -0.4994 0.5114
vn -0.6366 0.5306 0.5597
vn 0.4125 -0.4370 -0.7993
vn -0.5629 0.3151 -0.7641
vn 0.3894 -0.8819 0.2659
vn -0.9387 0.1423 0.3141
vn 0.8586 0.1485 -0.4907
vn -0.0962 0.8846 -0.4563
vn 0.2900 -0.8754 -0.3868
vn -0.9986 -0.0028 0.0531
vn 0.8855 0.2328 0.4021
vn -0.1452 0.8387 0.5249
vn -0.1108 -0.1431 -0.9835
vn -0.4098 0.9117 0.0292
vn -0.6110 0.7807 0.1310
vn -0.3057 -0.2973 -0.9045
vn 0.1599 0.0519 0.9858
vn 0.4014 0.1844 0.8971
vn 0.4297 -0.9001 0.0719
vn 0.6652 -0.7467 0.0031
vn -0.7256 0.5466 0.4181
vn -0.3987 -0.6050 -0.6892
vn 0.6404 0.5151 0.5697
vn 0.8894 -0.3646 -0.2756
vn -0.8804 0.4526 0.1417
vn -0.6423 -0.3854 -0.6625
vn 0.0709 0.9801 -0.1854
vn 0.2927 0.1966 -0.9358
vn 0.3131 -0.9449 -0.0954
vn -0.0839 0.1302 -0.9879
vn -0.3088 0.9239 -0.2260
vn -0.0052 0.1785 0.9839
vn 0.9288 -0.3108 0.2017
vn 0.3888 0.9201 -0.0472
vn 0.2519 0.8640 0.4360
vn 0.8938 -0.3997 0.2033
vn -0.9041 0.3975 -0.1568
vn -0.8748 0.3541 -0.3307
vn -0.2243 -0.9579 -0.1792
vn -0.1831 -0.8507 -0.4927
vn 0.8918 -0.4109 0.1893
vn 0.1472 0.7703 0.6205
vn 0.0313 0.5775 0.8158
vn 0.9131 -0.3410 0.2237
vn -0.9112 0.2994 -0.2830
vn -0.9196 0.3157 -0.2338
vn -0.1413 -0.7770 -0.6135
vn 0.0336 -0.5944 -0.8035
vn -0.2084 0.2718 0.9395
vn 0.9648 -0.2087 0.1602
vn -0.9816 0.0993 -0.1631
vn 0.0714 -0.1772 -0.9816
vn -0.2915 -0.0800 0.9532
vn 0.9518 0.2925 0.0918
vn -0.9032 -0.3548 -0.2414
vn 0.0830 0.0555 -0.9950
vn -0.0295 -0.3867 0.9217
vn 0.7413 0.5967 0.3071
vn -0.7761 -0.5802 -0.2468
vn -0.0131 0.4441 -0.8959
vn 0.4586 -0.5167 0.7230
vn 0.7686 0.6007 0.2202
vn -0.5790 -0.8150 -0.0235
vn -0.7692 -0.5189 -0.3730
vn -0.8206 -0.3444 -0.4561
vn -0.1364 0.7972 -0.5880
vn 0.5955 -0.6189 0.5122
vn 0.7830 0.6116 0.1131
vn -0.6811 -0.7320 0.0181
vn -0.8948 -0.4251 -0.1369
vn -0.9533 -0.1589 -0.2569
vn -0.2697 0.8650 -0.4232
vn 0.5027 -0.8357 0.2210
vn 0.8255 0.5431 0.1535
vn -0.8233 -0.5272 -0.2103
vn -0.4813 0.8478 -0.2227
vn 0.5761 -0.8086 -0.1195
vn 0.8355 0.5483 0.0354
vn -0.8686 -0.4860 -0.0967
vn -0.4398 0.8844 0.1564
vn 0.4402 -0.7894 -0.4279
vn 0.7952 0.5139 -0.3219
vn -0.8547 -0.4470 0.2640
vn -0.2132 0.8851 0.4138
vn 0.2908 -0.8010 -0.5234
vn 0.5785 0.6018 -0.5506
vn -0.6091 -0.3404 0.7164
vn -0.1838 0.9026 0.3894
vn 0.2714 -0.8611 -0.4299
vn 0.3957 0.5535 -0.7329
vn -0.4317 -0.3878 0.8144
vn -0.2409 0.8951 0.3750
vn 0.1893 -0.8540 -0.4845
vn 0.2881 0.5466 -0.7862
vn -0.2985 -0.3980 0.8675
vn -0.1619 0.9008 0.4029
vn 0.2264 -0.7461 -0.6262
vn -0.0848 0.5883 -0.8042
vn 0.0263 -0.2872 0.9575
vn -0.2660 0.8961 0.3554
vn 0.0299 -0.8398 -0.5421
vn -0.3920 0.4356 -0.8103
vn 0.4290 -0.4771 0.7670
vn -0.1014 0.8698 0.4828
vn -0.4805 -0.8293 -0.2853
vn -0.4832 0.4815 -0.7312
vn 0.3763 -0.5295 0.7603
vn 0.5355 0.8182 0.2095
vn -0.8703 -0.4556 0.1871
vn -0.4719 0.4833 -0.7374
vn 0.3690 -0.5059 0.7797
vn 0.8705 0.4451 -0.2101
vn -0.9340 0.0715 0.3500
vn -0.2715 0.7018 -0.6587
vn 0.3879 -0.6821 0.6199
vn 0.8585 0.1290 -0.4963
vn -0.8064 0.1733 0.5654
vn -0.1242 0.9118 -0.3914
vn 0.2266 -0.9070 0.3551
vn 0.7787 -0.0328 -0.6265
vn -0.6972 0.1907 0.6910
vn 0.0544 0.9674 -0.2474
vn 0.1060 -0.9875 0.1168
vn 0.7025 -0.0556 -0.7095
vn -0.7819 0.1924 0.5930
vn 0.2839 0.9513 -0.1203
vn 0.0785 -0.9951 -0.0601
vn 0.8591 -0.0702 -0.5069
vn -0.9812 0.1228 0.1490
vn 0.3038 0.9463 0.1103
vn 0.1729 -0.9786 -0.1119
vn 0.9989 -0.0457 0.0061
vn -0.8884 -0.0169 -0.4588
vn 0.3828 0.8927 0.2377
vn 0.1185 -0.9787 0.1676
vn 0.8095 -0.1504 0.5676
vn -0.8890 0.2194 -0.4020
vn -0.2545 0.8590 0.4442
vn -0.5875 -0.6533 0.4776
vn -0.1786 0.0448 0.9829
vn 0.9356 -0.3323 0.1190
vn 0.3128 0.8660 -0.3901
vn -0.9589 0.2674 -0.0952
vn -0.2929 -0.9019 0.3175
vn 0.9075 -0.3588 0.2183
vn 0.2901 0.7820 -0.5516
vn -0.9643 0.2317 -0.1284
vn -0.4003 -0.7629 0.5076
vn 0.9046 -0.3291 0.2709
vn 0.8647 -0.3517 0.3587
vn 0.4502 0.5871 -0.6727
vn 0.2687 0.6912 -0.6708
vn -0.9410 0.2400 -0.2388
vn -0.9625 0.2045 -0.1781
vn -0.4443 -0.5933 0.6712
vn -0.4374 -0.6651 0.6053
vn 0.1881 0.9726 0.1363
vn 0.4141 0.9054 0.0934
vn 0.4034 0.9088 0.1064
vn 0.1666 0.9750 0.1468
vn 0.5535 0.8327 -0.0165
vn 0.6055 0.7939 0.0567
vn 0.4131 0.9024 0.1225
vn 0.1713 0.9681 0.1829
vn 0.6019 0.7938 0.0877
vn 0.2181 0.9554 0.1994
vn 0.4394 0.8877 0.1375
vn 0.5307 0.8000 0.2798
vn 0.5114 0.8500 -0.1266
vn 0.3669 0.8748 -0.3163
vn 0.2292 0.9549 -0.1887
vn 0.3102 0.9488 0.0593
vn 0.1955 0.8956 -0.3996
vn 0.0009 0.9599 -0.2803
vn -0.0419 0.9980 0.0464
vn 0.1449 0.9741 0.1735
vn -0.1451 0.9822 -0.1195
vn -0.0198 0.9698 0.2429
vn -0.1716 0.9754 0.1382
vn -0.1332 0.9910 -0.0088
vn -0.4034 -0.9088 -0.1064
vn -0.4141 -0.9054 -0.0935
vn -0.1880 -0.9727 -0.1364
vn -0.1666 -0.9750 -0.1468
vn -0.6055 -0.7938 -0.0568
vn -0.5538 -0.8325 0.0160
vn -0.1714 -0.9681 -0.1830
vn -0.4131 -0.9024 -0.1225
vn -0.6019 -0.7938 -0.0876
vn -0.2182 -0.9553 -0.1995
vn -0.4396 -0.8876 -0.1376
vn -0.5308 -0.8000 -0.2796
vn -0.2291 -0.9549 0.1887
vn -0.3669 -0.8748 0.3163
vn -0.5113 -0.8500 0.1266
vn -0.3102 -0.9488 -0.0593
vn -0.0008 -0.9599 0.2803
vn -0.1956 -0.8955 0.3998
vn -0.1449 -0.9741 -0.1735
vn 0.0419 -0.9980 -0.0464
vn 0.1451 -0.9822 0.1195
vn 0.0198 -0.9698 -0.2429
vn 0.1716 -0.9754 -0.1382
vn 0.1332 -0.9910 0.0088
vn -0.1365 0.9726 0.1881
vn -0.0935 0.9054 0.4142
vn -0.1064 0.9088 0.4034
vn -0.1468 0.9750 0.1666
vn 0.0165 0.8327 0.5535
vn -0.0568 0.7938 0.6055
vn -0.1225 0.9024 0.4131
vn -0.1829 0.9681 0.1714
vn -0.0876 0.7938 0.6019
vn -0.1994 0.9553 0.2182
vn -0.1375 0.8877 0.4395
vn -0.2794 0.8001 0.5309
vn 0.1266 0.8499 0.5114
vn 0.3163 0.8748 0.3670
vn 0.1887 0.9549 0.2292
vn -0.0593 0.9488 0.3103
vn 0.3998 0.8955 0.1956
vn 0.2804 0.9599 0.0008
vn -0.0464 0.9980 -0.0419
vn -0.1735 0.9741 0.1450
vn 0.1195 0.9822 -0.1452
vn -0.2430 0.9698 -0.0198
vn -0.1382 0.9754 -0.1717
vn 0.0087 0.9910 -0.1334
vn 0.1064 -0.9088 -0.4034
vn 0.0934 -0.9054 -0.4142
vn 0.1364 -0.9726 -0.1881
vn 0.1468 -0.9750 -0.1666
vn 0.0568 -0.7938 -0.6056
vn -0.0163 -0.8326 -0.5537
vn 0.1829 -0.9681 -0.1714
vn 0.1225 -0.9024 -0.4131
vn 0.0877 -0.7938 -0.6019
vn 0.1994 -0.9553 -0.2182
vn 0.1375 -0.8877 -0.4395
vn 0.2796 -0.8001 -0.5308
vn -0.1887 -0.9549 -0.2292
vn -0.3163 -0.8748 -0.3670
vn -0.1265 -0.8499 -0.5115
vn 0.0593 -0.9488 -0.3103
vn -0.2804 -0.9599 -0.0008
vn -0.3998 -0.8955 -0.1956
vn 0.1736 -0.9741 -0.1450
vn 0.0464 -0.9980 0.0419
vn -0.1195 -0.9821 0.1452
vn 0.2430 -0.9698 0.0198
vn 0.1382 -0.9754 0.1717
vn -0.0088 -0.9910 0.1334
vn -0.1464 0.9726 -0.1805
vn -0.3759 0.9054 -0.1975
vn -0.3622 0.9088 -0.2072
vn -0.1229 0.9750 -0.1849
vn -0.5389 0.8326 -0.1275
vn -0.5702 0.7938 -0.2116
vn -0.3673 0.9024 -0.2252
vn -0.1181 0.9681 -0.2210
vn -0.5587 0.7938 -0.2405
vn -0.1591 0.9553 -0.2491
vn -0.3889 0.8877 -0.2465
vn -0.4403 0.8001 -0.4074
vn 0.3622 -0.9088 0.2072
vn 0.3759 -0.9054 0.1976
vn 0.1464 -0.9726 0.1805
vn 0.1229 -0.9750 0.1849
vn 0.5702 -0.7938 0.2116
vn 0.5390 -0.8326 0.1276
vn 0.1182 -0.9681 0.2210
vn 0.3673 -0.9024 0.2252
vn 0.5587 -0.7938 0.2405
vn 0.1591 -0.9553 0.2491
vn 0.3889 -0.8877 0.2466
vn 0.4402 -0.8001 0.4076
vn 0.0947 0.9726 0.2122
vn 0.3120 0.9053 0.2881
vn 0.2962 0.9088 0.2938
vn 0.0708 0.9751 0.2104
vn 0.4876 0.8325 0.2629
vn 0.4960 0.7938 0.3520
vn 0.2965 0.9024 0.3126
vn 0.0569 0.9681 0.2441
vn 0.4774 0.7938 0.3768
vn 0.0893 0.9553 0.2818
vn 0.3119 0.8877 0.3388
vn 0.3197 0.8001 0.5076
vn -0.2962 -0.9088 -0.2939
vn -0.3119 -0.9054 -0.2881
vn -0.0947 -0.9726 -0.2122
vn -0.0709 -0.9750 -0.2104
vn -0.4960 -0.7938 -0.3519
vn -0.4875 -0.8327 -0.2625
vn -0.0569 -0.9681 -0.2441
vn -0.2965 -0.9024 -0.3126
vn -0.4774 -0.7938 -0.3769
vn -0.0893 -0.9553 -0.2818
vn -0.3119 -0.8876 -0.3389
vn -0.3197 -0.8000 -0.5077
vn 0.3971 0.8499 0.3464
vn 0.4696 0.8748 0.1192
vn 0.2860 0.9549 0.0795
vn 0.1294 0.9488 0.2882
vn 0.4395 0.8956 -0.0691
vn 0.2302 0.9599 -0.1602
vn -0.0620 0.9980 -0.0077
vn -0.0590 0.9741 0.2182
vn 0.0146 0.9822 -0.1875
vn -0.2103 0.9698 0.1231
vn -0.2116 0.9754 -0.0613
vn -0.0694 0.9910 -0.1144
vn -0.2860 -0.9549 -0.0795
vn -0.4696 -0.8748 -0.1192
vn -0.3970 -0.8500 -0.3463
vn -0.1294 -0.9488 -0.2882
vn -0.2301 -0.9599 0.1601
vn -0.4398 -0.8954 0.0692
vn 0.0590 -0.9741 -0.2183
vn 0.0620 -0.9980 0.0077
vn -0.0146 -0.9822 0.1875
vn 0.2103 -0.9698 -0.1231
vn 0.2116 -0.9754 0.0614
vn 0.0692 -0.9910 0.1142
vn -0.2032 0.9726 0.1128
vn -0.2598 0.9054 0.3359
vn -0.2670 0.9088 0.3207
vn -0.2034 0.9750 0.0889
vn -0.2192 0.8326 0.5086
vn -0.3074 0.7938 0.5248
vn -0.2856 0.9024 0.3226
vn -0.2382 0.9681 0.0780
vn -0.3338 0.7938 0.5084
vn -0.2730 0.9553 0.1134
vn -0.3104 0.8877 0.3402
vn -0.4777 0.8001 0.3629
vn 0.2670 -0.9088 -0.3206
vn 0.2598 -0.9054 -0.3358
vn 0.2032 -0.9726 -0.1128
vn 0.2035 -0.9750 -0.0889
vn 0.3074 -0.7938 -0.5248
vn 0.2190 -0.8327 -0.5086
vn 0.2382 -0.9681 -0.0780
vn 0.2856 -0.9024 -0.3226
vn 0.3338 -0.7938 -0.5085
vn 0.2729 -0.9553 -0.1134
vn 0.3103 -0.8877 -0.3402
vn 0.4776 -0.8001 -0.3630
vn 0.2547 0.8499 0.4613
vn 0.4005 0.8748 0.2726
vn 0.2416 0.9549 0.1725
vn 0.0230 0.9488 0.3151
vn 0.4366 0.8956 0.0854
vn 0.2710 0.9599 -0.0718
vn -0.0557 0.9980 -0.0284
vn -0.1301 0.9741 0.1849
vn 0.0779 0.9822 -0.1712
vn -0.2398 0.9698 0.0438
vn -0.1779 0.9754 -0.1301
vn -0.0261 0.9910 -0.1311
vn -0.2416 -0.9549 -0.1725
vn -0.4006 -0.8748 -0.2726
vn -0.2547 -0.8499 -0.4612
vn -0.0230 -0.9488 -0.3151
vn -0.2711 -0.9599 0.0718
vn -0.4367 -0.8956 -0.0854
vn 0.1301 -0.9741 -0.1849
vn 0.0557 -0.9980 0.0285
vn -0.0779 -0.9822 0.1712
vn 0.2398 -0.9698 -0.0438
vn 0.1779 -0.9754 0.1301
vn 0.0261 -0.9910 0.1311
vn -0.4916 0.8499 -0.1897
vn -0.4821 0.8748 0.0486
vn -0.2960 0.9549 0.0231
vn -0.2201 0.9488 -0.2266
vn -0.3894 0.8956 0.2152
vn -0.1615 0.9599 0.2292
vn 0.0610 0.9980 -0.0140
vn -0.0192 0.9741 -0.2253
vn 0.0504 0.9822 0.1812
vn 0.1555 0.9698 -0.1877
vn 0.2199 0.9754 -0.0147
vn 0.1043 0.9910 0.0837
vn 0.2959 -0.9549 -0.0231
vn 0.4820 -0.8748 -0.0486
vn 0.4916 -0.8499 0.1897
vn 0.2201 -0.9488 0.2265
vn 0.1615 -0.9599 -0.2292
vn 0.3895 -0.8955 -0.2153
vn 0.0192 -0.9741 0.2253
vn -0.0609 -0.9980 0.0140
vn -0.0504 -0.9822 -0.1812
vn -0.1555 -0.9698 0.1876
vn -0.2198 -0.9754 0.0147
vn -0.1041 -0.9910 -0.0836
vn 0.4985 0.8499 -0.1707
vn 0.3380 0.8748 -0.3471
vn 0.2118 0.9549 -0.2079
vn 0.3143 0.9488 0.0320
vn 0.1600 0.8955 -0.4153
vn -0.0236 0.9599 -0.2794
vn -0.0377 0.9980 0.0499
vn 0.1595 0.9741 0.1602
vn -0.1550 0.9822 -0.1064
vn 0.0015 0.9698 0.2437
vn -0.1590 0.9754 0.1526
vn -0.1336 0.9910 0.0029
vn -0.2118 -0.9549 0.2079
vn -0.3380 -0.8748 0.3471
vn -0.4985 -0.8499 0.1707
vn -0.3143 -0.9488 -0.0320
vn 0.0236 -0.9599 0.2794
vn -0.1600 -0.8955 0.4153
vn -0.1595 -0.9741 -0.1602
vn 0.0377 -0.9980 -0.0499
vn 0.1550 -0.9822 0.1064
vn -0.0015 -0.9698 -0.2437
vn 0.1589 -0.9754 -0.1526
vn 0.1337 -0.9910 -0.0029
vn -0.4512 0.8499 -0.2722
vn -0.4832 0.8748 -0.0358
vn -0.2955 0.9549 -0.0286
vn -0.1775 0.9488 -0.2613
vn -0.4210 0.8955 0.1444
vn -0.1989 0.9599 0.1977
vn 0.0624 0.9980 -0.0032
vn 0.0202 0.9741 -0.2252
vn 0.0181 0.9822 0.1872
vn 0.1857 0.9698 -0.1578
vn 0.2190 0.9754 0.0236
vn 0.0882 0.9910 0.1006
vn 0.2954 -0.9549 0.0286
vn 0.4831 -0.8748 0.0358
vn 0.4511 -0.8500 0.2721
vn 0.1775 -0.9488 0.2613
vn 0.1988 -0.9599 -0.1976
vn 0.4211 -0.8955 -0.1444
vn -0.0202 -0.9741 0.2252
vn -0.0624 -0.9980 0.0032
vn -0.0181 -0.9822 -0.1872
vn -0.1858 -0.9698 0.1578
vn -0.2191 -0.9754 -0.0237
vn -0.0880 -0.9910 -0.1005
vn -0.3185 0.9469 0.0448
vn -0.0841 0.9946 0.0610
vn -0.0783 0.9866 -0.1430
vn -0.3089 0.9190 -0.2449
vn 0.0956 0.9954 -0.0057
vn 0.1487 0.9607 -0.2344
vn -0.0503 0.8731 -0.4849
vn -0.2714 0.8588 -0.4345
vn 0.1400 0.8871 -0.4398
vn -0.2017 0.7872 -0.5828
vn -0.0203 0.7868 -0.6169
vn 0.0539 0.8608 -0.5060
vn 0.0783 -0.9866 0.1430
vn 0.0841 -0.9946 -0.0610
vn 0.3185 -0.9469 -0.0449
vn 0.3089 -0.9190 0.2449
vn -0.1487 -0.9607 0.2344
vn -0.0956 -0.9954 0.0057
vn 0.2714 -0.8588 0.4346
vn 0.0503 -0.8731 0.4849
vn -0.1400 -0.8871 0.4398
vn 0.2017 -0.7872 0.5828
vn 0.0203 -0.7868 0.6169
vn -0.0539 -0.8608 0.5060
vn -0.6641 0.6788 -0.3134
vn -0.6915 0.7181 -0.0785
vn -0.5303 0.8430 -0.0905
vn -0.4245 0.8435 -0.3291
vn -0.6291 0.7715 0.0948
vn -0.4288 0.8943 0.1277
vn -0.1945 0.9765 -0.0924
vn -0.2385 0.9209 -0.3083
vn -0.2253 0.9690 0.1012
vn -0.0747 0.9649 -0.2518
vn -0.0363 0.9966 -0.0740
vn -0.1636 0.9865 0.0096
vn 0.5303 -0.8430 0.0905
vn 0.6915 -0.7181 0.0785
vn 0.6641 -0.6787 0.3135
vn 0.4245 -0.8435 0.3291
vn 0.4288 -0.8943 -0.1278
vn 0.6291 -0.7715 -0.0949
vn 0.2385 -0.9209 0.3083
vn 0.1945 -0.9765 0.0924
vn 0.2253 -0.9690 -0.1012
vn 0.0747 -0.9649 0.2518
vn 0.0363 -0.9966 0.0740
vn 0.1635 -0.9865 -0.0097
vn 0.5170 0.8499 0.1015
vn 0.4663 0.8748 -0.1316
vn 0.2875 0.9549 -0.0742
vn 0.2562 0.9488 0.1849
vn 0.3463 0.8954 -0.2798
vn 0.1193 0.9599 -0.2538
vn -0.0576 0.9980 0.0244
vn 0.0580 0.9741 0.2186
vn -0.0811 0.9822 -0.1697
vn -0.1206 0.9698 0.2118
vn -0.2140 0.9754 0.0527
vn -0.1172 0.9910 -0.0643
vn -0.2874 -0.9549 0.0742
vn -0.4663 -0.8748 0.1316
vn -0.5170 -0.8499 -0.1015
vn -0.2561 -0.9488 -0.1849
vn -0.1192 -0.9599 0.2538
vn -0.3463 -0.8954 0.2798
vn -0.0580 -0.9741 -0.2185
vn 0.0576 -0.9980 -0.0243
vn 0.0811 -0.9821 0.1697
vn 0.1206 -0.9698 -0.2119
vn 0.2140 -0.9754 -0.0527
vn 0.1171 -0.9910 0.0643
vn -0.4985 0.8494 0.1731
vn -0.3564 0.8597 0.3659
vn -0.2154 0.9452 0.2454
vn -0.2930 0.9561 -0.0035
vn -0.1859 0.8721 0.4527
vn 0.0117 0.9402 0.3403
vn 0.0598 0.9981 0.0172
vn -0.1256 0.9855 -0.1137
vn 0.1604 0.9699 0.1832
vn 0.0400 0.9827 -0.1810
vn 0.1904 0.9789 -0.0740
vn 0.1503 0.9859 0.0731
vn 0.2154 -0.9452 -0.2454
vn 0.3564 -0.8597 -0.3659
vn 0.4984 -0.8495 -0.1730
vn 0.2929 -0.9561 0.0035
vn -0.0116 -0.9403 -0.3402
vn 0.1859 -0.8721 -0.4527
vn 0.1256 -0.9855 0.1137
vn -0.0598 -0.9981 -0.0172
vn -0.1603 -0.9699 -0.1832
vn -0.0400 -0.9827 0.1810
vn -0.1904 -0.9789 0.0740
vn -0.1503 -0.9859 -0.0731
vn 0.4749 0.8494 0.2302
vn 0.5108 0.8597 -0.0067
vn 0.3258 0.9452 -0.0212
vn 0.2047 0.9561 0.2097
vn 0.4516 0.8721 -0.1887
vn 0.2324 0.9402 -0.2489
vn -0.0301 0.9981 -0.0544
vn 0.0084 0.9855 0.1692
vn 0.0161 0.9699 -0.2429
vn -0.1563 0.9827 0.0997
vn -0.1870 0.9789 -0.0823
vn -0.0546 0.9859 -0.1579
vn -0.3258 -0.9452 0.0212
vn -0.5107 -0.8597 0.0067
vn -0.4749 -0.8494 -0.2302
vn -0.2047 -0.9561 -0.2097
vn -0.2324 -0.9402 0.2489
vn -0.4515 -0.8721 0.1886
vn -0.0084 -0.9855 -0.1692
vn 0.0301 -0.9981 0.0544
vn -0.0161 -0.9699 0.2429
vn 0.1563 -0.9827 -0.0997
vn 0.1870 -0.9789 0.0823
vn 0.0547 -0.9859 0.1580
vn 0.7296 -0.3351 0.5962
vn 0.7939 0.3230 0.5152
vn 0.8866 -0.0298 0.4617
vn 0.7827 -0.6224 -0.0025
vn 0.8823 -0.3891 0.2650
vn 0.8799 -0.1418 -0.4535
vn 0.9394 -0.3157 -0.1339
vn 0.8868 0.4425 -0.1336
vn 0.9789 0.0891 -0.1837
vn 0.9463 0.2656 0.1844
vn 0.9886 -0.0810 0.1266
vn -0.0434 0.8459 -0.5315
vn -0.6419 0.5533 -0.5309
vn -0.3220 0.6568 -0.6819
vn 0.3900 0.4274 -0.8156
vn 0.0702 0.6089 -0.7901
vn 0.0595 -0.1239 -0.9905
vn 0.1094 0.2405 -0.9645
vn -0.5783 -0.0461 -0.8145
vn -0.2586 0.0605 -0.9641
vn -0.5252 0.3179 -0.7894
vn -0.1976 0.4022 -0.8940
vn -0.0435 -0.0498 0.9978
vn -0.6419 0.1175 0.7577
vn -0.3219 0.1818 0.9292
vn 0.3900 0.4229 0.8179
vn 0.0702 0.2978 0.9520
vn 0.0595 0.8825 0.4666
vn 0.1094 0.6522 0.7501
vn -0.5783 0.6937 0.4294
vn -0.2586 0.7550 0.6025
vn -0.5252 0.4643 0.7131
vn -0.1976 0.5017 0.8422
vn -0.0799 0.9640 -0.2538
vn -0.5583 0.8091 0.1831
vn -0.4265 0.8918 -0.1511
vn -0.1644 0.5844 -0.7946
vn -0.2768 0.8064 -0.5226
vn -0.6951 0.1949 -0.6920
vn -0.5106 0.5141 -0.6892
vn -0.9385 0.3339 -0.0877
vn -0.8048 0.4189 -0.4205
vn -0.7528 0.6523 -0.0879
vn -0.5914 0.7006 -0.3993
vn -0.3460 0.9272 -0.1437
vn -0.5581 0.7000 0.4455
vn -0.5976 0.7965 0.0919
vn -0.5855 0.5250 -0.6177
vn -0.6080 0.7300 -0.3121
vn -0.9457 0.0493 -0.3214
vn -0.8359 0.3963 -0.3796
vn -0.9287 0.1575 0.3357
vn -0.9663 0.2567 -0.0174
vn -0.8190 0.5040 0.2741
vn -0.8166 0.5726 -0.0732
vn 0.3460 -0.9272 0.1437
vn 0.5976 -0.7965 -0.0919
vn 0.5581 -0.7000 -0.4455
vn 0.5855 -0.5250 0.6177
vn 0.6080 -0.7300 0.3121
vn 0.9457 -0.0493 0.3214
vn 0.8359 -0.3963 0.3796
vn 0.9287 -0.1575 -0.3357
vn 0.9663 -0.2567 0.0174
vn 0.8190 -0.5040 -0.2741
vn 0.8166 -0.5726 0.0732
vn -0.7296 0.3352 -0.5961
vn -0.8865 0.0299 -0.4617
vn -0.7939 -0.3230 -0.5152
vn -0.7827 0.6224 0.0026
vn -0.8823 0.3892 -0.2649
vn -0.8799 0.1418 0.4536
vn -0.9394 0.3157 0.1339
vn -0.8868 -0.4425 0.1336
vn -0.9789 -0.0891 0.1837
vn -0.9463 -0.2657 -0.1843
vn -0.9886 0.0810 -0.1266
vn 0.0434 -0.8459 0.5315
vn 0.3220 -0.6568 0.6818
vn 0.6419 -0.5533 0.5309
vn -0.3901 -0.4274 0.8156
vn -0.0702 -0.6089 0.7901
vn -0.0595 0.1239 0.9905
vn -0.1094 -0.2405 0.9645
vn 0.5783 0.0461 0.8145
vn 0.2586 -0.0605 0.9641
vn 0.5252 -0.3178 0.7894
vn 0.1976 -0.4022 0.8940
vn 0.0435 0.0498 -0.9978
vn 0.3219 -0.1817 -0.9292
vn 0.6419 -0.1175 -0.7577
vn -0.3900 -0.4230 -0.8179
vn -0.0702 -0.2978 -0.9520
vn -0.0595 -0.8825 -0.4666
vn -0.1093 -0.6522 -0.7501
vn 0.5783 -0.6936 -0.4295
vn 0.2586 -0.7550 -0.6026
vn 0.5252 -0.4643 -0.7131
vn 0.1976 -0.5017 -0.8422
vn 0.0799 -0.9640 0.2538
vn 0.4265 -0.8918 0.1510
vn 0.5584 -0.8091 -0.1832
vn 0.1644 -0.5844 0.7947
vn 0.2768 -0.8063 0.5227
vn 0.6950 -0.1950 0.6920
vn 0.5105 -0.5141 0.6892
vn 0.9385 -0.3338 0.0877
vn 0.8048 -0.4189 0.4205
vn 0.7529 -0.6523 0.0879
vn 0.5914 -0.7006 0.3993
vn -0.1043 0.7849 -0.6108
vn -0.1290 0.9773 -0.1682
vn 0.6472 0.7597 -0.0632
vn 0.6535 0.5786 -0.4880
vn -0.4631 0.8605 -0.2124
vn -0.1717 0.9732 0.1528
vn 0.4549 0.8225 -0.3415
vn 0.1619 0.7173 -0.6777
vn -0.4485 0.8316 0.3276
vn 0.0180 0.9119 0.4101
vn 0.1277 0.9103 -0.3938
vn -0.3182 0.8332 -0.4523
vn -0.0687 0.7148 0.6959
vn 0.3316 0.8285 0.4512
vn -0.1404 0.9711 -0.1930
vn -0.5080 0.8597 0.0538
vn 0.4583 0.5763 0.6766
vn 0.5850 0.7717 0.2494
vn -0.1956 0.9704 0.1414
vn -0.2990 0.7819 0.5470
vn 0.8211 0.4988 0.2776
vn 0.6252 0.7769 -0.0741
vn -0.0067 0.9091 0.4166
vn 0.1906 0.6440 0.7409
vn 0.8058 0.5283 -0.2675
vn 0.4321 0.8392 -0.3303
vn 0.3182 0.8224 0.4716
vn 0.6749 0.5262 0.5174
vn 0.4211 0.6475 -0.6352
vn 0.1201 0.9221 -0.3678
vn 0.5891 0.7598 0.2753
vn 0.8666 0.4989 0.0080
vn 0.5990 0.2631 -0.7562
vn -0.1471 0.4654 -0.8728
vn -0.0731 0.4508 -0.8896
vn -0.6852 0.5891 -0.4284
vn -0.6436 0.5853 -0.4931
vn -0.7685 0.5783 0.2739
vn -0.7826 0.5898 0.1990
vn -0.3493 0.4393 0.8277
vn -0.4111 0.4606 0.7867
vn 0.3327 0.2504 0.9092
vn 0.2610 0.2742 0.9256
vn 0.8763 0.1253 0.4651
vn 0.8371 0.1372 0.5296
vn 0.9604 0.1363 -0.2430
vn 0.9769 0.1327 -0.1676
vn 0.5353 0.2778 -0.7977
vn 0.5121 -0.0959 -0.8535
vn -0.2304 0.1066 -0.9672
vn -0.2173 0.1081 -0.9701
vn -0.8258 0.2466 -0.5071
vn -0.8182 0.2498 -0.5178
vn -0.9381 0.2410 0.2490
vn -0.9397 0.2465 0.2369
vn -0.5016 0.0930 0.8601
vn -0.5115 0.0991 0.8536
vn 0.2286 -0.1120 0.9670
vn 0.2175 -0.1037 0.9705
vn 0.8245 -0.2509 0.5072
vn 0.8197 -0.2455 0.5175
vn 0.9369 -0.2453 -0.2491
vn 0.9409 -0.2422 -0.2366
vn 0.5005 -0.0973 -0.8603
vn 0.3740 -0.5231 -0.7658
vn -0.3480 -0.3200 -0.8812
vn -0.2755 -0.3427 -0.8981
vn -0.8712 -0.1997 -0.4485
vn -0.8313 -0.2114 -0.5140
vn -0.9483 -0.2113 0.2368
vn -0.9648 -0.2077 0.1611
vn -0.5336 -0.3482 0.7707
vn -0.5975 -0.3336 0.7292
vn 0.1268 -0.5287 0.8393
vn 0.0521 -0.5136 0.8564
vn 0.6454 -0.6468 0.4064
vn 0.6042 -0.6431 0.4705
vn 0.7221 -0.6353 -0.2738
vn 0.7364 -0.6468 -0.1987
vn 0.3124 -0.5007 -0.8073
vn 0.1720 -0.8604 -0.4796
vn -0.4287 -0.7060 -0.5638
vn -0.2393 -0.7466 -0.6208
vn -0.7274 -0.6426 -0.2408
vn -0.6311 -0.6530 -0.4187
vn -0.7182 -0.6658 0.2025
vn -0.7720 -0.6356 0.0096
vn -0.4074 -0.7613 0.5044
vn -0.5778 -0.7050 0.4112
vn 0.0201 -0.8723 0.4886
vn -0.1648 -0.8192 0.5493
vn 0.3152 -0.9341 0.1679
vn 0.2250 -0.9118 0.3435
vn 0.3077 -0.9118 -0.2720
vn 0.3630 -0.9283 -0.0806
vn 0.0007 -0.8177 -0.5756
vn 0.0741 -0.9758 -0.2058
vn -0.4908 -0.8155 -0.3066
vn -0.1259 -0.9167 -0.3792
vn -0.5985 -0.8003 -0.0359
vn -0.3884 -0.8501 -0.3557
vn -0.4895 -0.8410 0.2306
vn -0.5607 -0.8148 -0.1475
vn -0.2297 -0.9130 0.3371
vn -0.5404 -0.8322 0.1245
vn 0.0289 -0.9742 0.2237
vn -0.3394 -0.8917 0.2995
vn 0.1363 -0.9898 -0.0421
vn -0.0727 -0.9594 0.2724
vn 0.0318 -0.9501 -0.3103
vn 0.0961 -0.9933 0.0637
vn -0.2287 -0.8780 -0.4206
vn 0.5251 0.5898 -0.6135
vn 0.5547 0.2557 -0.7918
vn 0.5063 -0.0973 -0.8569
vn 0.3594 -0.4837 -0.7980
vn 0.0931 -0.8522 -0.5148
vn -0.0010 -0.9200 -0.3919
vn -0.3068 -0.8384 -0.4505
vn -0.3207 -0.7408 -0.5902
vn -0.3067 -0.2985 -0.9038
vn -0.2238 0.1081 -0.9686
vn -0.1296 0.4458 -0.8857
vn -0.0162 0.7359 -0.6769
vn -0.5652 -0.7797 -0.2696
vn -0.6691 -0.6609 -0.3398
vn -0.8561 -0.1691 -0.4883
vn -0.8217 0.2498 -0.5123
vn -0.6818 0.5743 -0.4531
vn -0.4465 0.8326 -0.3278
vn -0.6265 -0.7781 0.0450
vn -0.7451 -0.6608 0.0905
vn -0.9635 -0.1731 0.2043
vn -0.9385 0.2453 0.2429
vn -0.7837 0.5682 0.2511
vn -0.5164 0.8250 0.2296
vn -0.4548 -0.8348 0.3102
vn -0.5031 -0.7407 0.4453
vn -0.5653 -0.3082 0.7651
vn -0.5065 0.0969 0.8568
vn -0.3781 0.4304 0.8196
vn -0.1864 0.7177 0.6710
vn -0.1506 -0.9162 0.3713
vn -0.0893 -0.8518 0.5161
vn 0.1001 -0.4928 0.8644
vn 0.2218 -0.1083 0.9690
vn 0.3074 0.2401 0.9208
vn 0.3566 0.5706 0.7397
vn 0.1118 -0.9753 0.1905
vn 0.2561 -0.9300 0.2637
vn 0.6450 -0.6198 0.4471
vn 0.8219 -0.2498 0.5119
vn 0.8660 0.1092 0.4881
vn 0.7910 0.4716 0.3897
vn 0.1730 -0.9768 -0.1263
vn 0.3306 -0.9299 -0.1612
vn 0.7511 -0.6158 -0.2381
vn 0.9386 -0.2453 -0.2428
vn 0.9682 0.1156 -0.2220
vn 0.8605 0.4796 -0.1717
vn 0.5679 0.5504 -0.6120
vn -0.0177 0.6118 -0.7908
vn -0.0627 0.0879 -0.9942
vn 0.8190 0.5403 -0.1934
vn -0.6121 0.6504 -0.4498
vn -0.7173 0.6488 0.2539
vn -0.8785 -0.3172 0.3572
vn -0.2557 0.6072 0.7523
vn 0.3580 0.5464 0.7571
vn 0.2747 0.4039 0.8726
vn 0.7702 0.5023 0.3930
vn 0.8541 0.5023 -0.1352
vn -0.2808 -0.9373 -0.2062
vn -0.1576 -0.9697 -0.1865
vn -0.3828 -0.9146 -0.1298
vn -0.4026 -0.9154 -0.0017
vn -0.3283 -0.9391 0.1015
vn -0.2056 -0.9713 0.1198
vn -0.1047 -0.9936 0.0434
vn -0.0850 -0.9929 -0.0838
vn 0.0001 0.8849 0.4657
vn 0.1151 0.9613 0.2502
vn -0.2279 0.9564 0.1829
vn 0.0098 0.9949 0.1001
vn -0.1904 0.9636 -0.1877
vn 0.0400 0.9957 -0.0830
vn 0.0911 0.9020 -0.4221
vn 0.1856 0.9636 -0.1926
vn 0.4453 0.8089 -0.3840
vn 0.3630 0.9167 -0.1667
vn 0.6665 0.7386 -0.1016
vn 0.4712 0.8819 -0.0182
vn 0.6301 0.7313 0.2613
vn 0.4423 0.8808 0.1690
vn 0.3558 0.7917 0.4966
vn 0.2926 0.9146 0.2792
vn -0.0651 -0.3469 -0.9356
vn -0.3917 -0.8065 0.4428
vn -0.2063 -0.8827 0.4223
vn 0.0089 -0.3052 -0.9522
vn 0.2081 0.3889 0.8975
vn -0.0143 0.4557 0.8900
vn 0.5691 0.7235 -0.3908
vn 0.1758 0.9270 -0.3312
vn 0.1065 -0.3134 -0.9436
vn 0.3370 -0.7889 0.5139
vn 0.6477 -0.5580 0.5188
vn 0.2587 -0.3039 -0.9169
vn -0.2407 0.5603 0.7925
vn -0.3377 0.3402 0.8776
vn -0.3070 0.8299 -0.4658
vn -0.6820 0.6023 -0.4149
vn 0.6301 -0.4606 0.6251
vn 0.5895 -0.0511 -0.8062
vn -0.5706 0.0183 0.8210
vn -0.7366 0.5572 -0.3833
vn 0.4637 0.8858 -0.0179
vn 0.7365 -0.4739 0.4826
vn 0.6337 -0.5813 0.5105
vn 0.2654 0.9365 0.2290
vn -0.4801 -0.8721 0.0940
vn -0.4456 -0.8333 -0.3273
vn -0.8857 0.2606 -0.3843
vn -0.7609 0.3513 -0.5455
vn 0.3060 -0.3498 0.8854
vn -0.0474 0.8778 -0.4767
vn -0.2700 -0.8389 -0.4725
vn -0.5023 -0.0932 -0.8597
vn -0.1810 0.3048 0.9351
vn 0.1504 0.9322 -0.3293
vn -0.1033 -0.9930 -0.0575
vn 0.1812 -0.2035 -0.9622
vn -0.5325 0.4100 0.7405
vn 0.4403 0.8656 -0.2386
vn -0.4085 -0.9118 0.0410
vn 0.5957 -0.3582 -0.7189
vn -0.7086 0.5670 0.4200
vn 0.6562 0.7523 0.0587
vn -0.4350 -0.8594 -0.2688
vn 0.8459 -0.4378 -0.3046
vn -0.7313 0.6703 -0.1259
vn 0.5547 0.6602 0.5064
vn -0.3415 -0.8234 -0.4531
vn 0.7647 -0.5853 0.2696
vn -0.5860 0.5586 -0.5869
vn 0.2176 0.7852 0.5798
vn -0.1234 -0.8414 -0.5261
vn 0.5362 -0.5168 0.6673
vn -0.3408 0.6723 -0.6572
vn -0.0918 0.7184 0.6896
vn 0.2006 -0.8143 -0.5447
vn 0.2303 -0.5251 0.8193
vn 0.0708 0.6404 -0.7647
vn -0.3377 0.6665 0.6646
vn 0.3336 -0.7562 -0.5629
vn -0.0595 -0.6641 0.7452
vn 0.2697 0.7808 -0.5636
vn -0.4811 0.6620 0.5747
vn 0.4952 -0.7273 -0.4752
vn -0.3688 -0.6479 0.6665
vn 0.4089 0.7979 -0.4430
vn -0.7075 0.6324 0.3155
vn 0.8031 0.1442 -0.5782
vn 0.6610 -0.7121 -0.2366
vn -0.4761 -0.7119 0.5163
vn 0.3878 0.8619 -0.3267
vn -0.8650 0.4916 -0.1007
vn 0.9926 0.1209 -0.0139
vn 0.5847 -0.7623 0.2775
vn -0.6866 -0.6984 0.2021
vn 0.5600 0.7887 0.2538
vn -0.7911 0.4151 -0.4493
vn 0.6965 -0.6308 0.3420
vn -0.4788 -0.8686 -0.1274
vn 0.2647 0.8695 0.4171
vn -0.6744 0.5413 -0.5021
vn 0.6246 -0.6251 0.4681
vn -0.4183 -0.7298 -0.5408
vn -0.0537 0.8814 0.4693
vn -0.3688 0.3242 -0.8712
vn 0.4798 -0.5161 0.7095
vn 0.0635 -0.8585 -0.5089
vn 0.0956 0.9510 0.2940
vn 0.7001 0.5167 -0.4928
vn 0.4431 -0.0390 0.8956
vn 0.8625 -0.4756 -0.1730
vn -0.8534 0.3734 -0.3638
vn 0.6853 0.6134 -0.3924
vn 0.6536 -0.5471 0.5230
vn -0.6851 -0.3913 0.6144
vn -0.2466 -0.9682 -0.0434
vn -0.4069 0.8791 -0.2483
vn -0.3060 0.9507 -0.0506
vn -0.2615 0.9610 -0.0904
vn -0.3432 0.8871 -0.3085
vn -0.1596 0.9855 0.0583
vn -0.1194 0.9889 0.0880
vn 0.0508 0.9658 -0.2544
vn -0.1265 0.9019 -0.4130
vn 0.0771 0.9961 -0.0420
vn 0.2118 0.8415 -0.4969
vn 0.3294 0.8673 -0.3731
vn 0.2759 0.9252 -0.2604
vn 0.2615 -0.9610 0.0904
vn 0.3060 -0.9507 0.0506
vn 0.4069 -0.8791 0.2483
vn 0.3432 -0.8871 0.3085
vn 0.1194 -0.9889 -0.0880
vn 0.1596 -0.9854 -0.0584
vn 0.1265 -0.9019 0.4130
vn -0.0508 -0.9658 0.2544
vn -0.0772 -0.9961 0.0420
vn -0.2118 -0.8415 0.4969
vn -0.3293 -0.8673 0.3732
vn -0.2760 -0.9252 0.2603
vn 0.1107 0.9768 0.1832
vn -0.0218 0.9997 -0.0053
vn -0.0698 0.9966 0.0442
vn 0.0394 0.9654 0.2578
vn -0.1788 0.9787 -0.1012
vn -0.2256 0.9664 -0.1232
vn -0.3082 0.9284 0.2075
vn -0.1260 0.9239 0.3613
vn -0.3809 0.9246 0.0086
vn -0.3772 0.8071 0.4543
vn -0.4945 0.8124 0.3089
vn -0.4594 0.8682 0.1875
vn 0.0698 -0.9966 -0.0442
vn 0.0219 -0.9997 0.0053
vn -0.1107 -0.9768 -0.1832
vn -0.0394 -0.9654 -0.2578
vn 0.2257 -0.9664 0.1233
vn 0.1789 -0.9787 0.1012
vn 0.1260 -0.9239 -0.3613
vn 0.3082 -0.9284 -0.2075
vn 0.3809 -0.9246 -0.0086
vn 0.3772 -0.8071 -0.4543
vn 0.4945 -0.8124 -0.3089
vn 0.4595 -0.8682 -0.1875
vn -0.0116 0.8791 0.4766
vn 0.1092 0.9507 0.2903
vn 0.0525 0.9610 0.2717
vn -0.0955 0.8871 0.4515
vn 0.1303 0.9855 0.1091
vn 0.1359 0.9889 0.0594
vn -0.2457 0.9658 0.0832
vn -0.2944 0.9019 0.3161
vn -0.0749 0.9961 -0.0458
vn -0.5363 0.8415 0.0650
vn -0.4879 0.8673 -0.0987
vn -0.3635 0.9252 -0.1088
vn -0.0525 -0.9610 -0.2717
vn -0.1092 -0.9507 -0.2903
vn 0.0116 -0.8791 -0.4766
vn 0.0955 -0.8871 -0.4515
vn -0.1359 -0.9889 -0.0594
vn -0.1304 -0.9854 -0.1091
vn 0.2944 -0.9019 -0.3161
vn 0.2457 -0.9658 -0.0832
vn 0.0749 -0.9961 0.0458
vn 0.5363 -0.8415 -0.0650
vn 0.4878 -0.8673 0.0987
vn 0.3635 -0.9252 0.1088
s 1
f 1/1/1 2/2/2 3/3/3
f 3/3/3 4/4/4 1/1/1
f 2/2/2 5/5/5 6/6/6
f 6/6/6 3/3/3 2/2/2
f 5/5/5 7/7/7 8/8/8
f 8/8/8 6/6/6 5/5/5
f 7/7/7 1/9/1 4/10/4
f 4/10/4 8/8/8 7/7/7
f 4/4/4 3/3/3 9/11/9
f 9/11/9 10/12/10 4/4/4
f 3/3/3 6/6/6 11/13/11
f 11/13/11 9/11/9 3/3/3
f 6/6/6 8/8/8 12/14/12
f 12/14/12 11/13/11 6/6/6
f 8/8/8 4/10/4 10/15/10
f 10/15/10 12/14/12 8/8/8
f 10/12/10 9/11/9 13/16/13
f 13/16/13 14/17/14 10/12/10
f 9/11/9 11/13/11 15/18/15
f 15/18/15 13/16/13 9/11/9
f 11/13/11 12/14/12 16/19/16
f 16/19/16 15/18/15 11/13/11
f 12/14/12 10/15/10 14/20/14
f 14/20/14 16/19/16 12/14/12
f 7/7/7 17/21/17 18/22/18
f 18/22/18 1/9/1 7/7/7
f 1/1/1 18/23/18 19/24/19
f 19/24/19 2/2/2 1/1/1
f 2/2/2 19/24/19 20/25/20
f 20/25/20 5/5/5 2/2/2
f 5/5/5 20/25/20 17/21/17
f 17/21/17 7/7/7 5/5/5
f 13/26/13 15/27/15 16/19/16
f 16/19/16 14/20/14 13/26/13
s 2
f 21/28/21 22/29/22 23/30/23
f 23/30/23 24/31/24 21/28/21
f 22/32/22 25/33/25 26/34/26
f 26/34/26 23/35/23 22/32/22
f 25/33/25 27/36/27 28/37/28
f 28/37/28 26/34/26 25/33/25
f 27/36/27 21/28/21 24/31/24
f 24/31/24 28/37/28 27/36/27
f 24/31/24 23/30/23 29/38/29
f 29/38/29 30/39/30 24/31/24
f 23/35/23 26/34/26 31/40/31
f 31/40/31 29/41/29 23/35/23
f 26/34/26 28/37/28 32/42/32
f 32/42/32 31/40/31 26/34/26
f 28/37/28 24/31/24 30/39/30
f 30/39/30 32/42/32 28/37/28
f 30/39/30 29/38/29 33/43/33
f 33/43/33 34/44/34 30/39/30
f 29/41/29 31/40/31 35/45/35
f 35/45/35 33/46/33 29/41/29
f 31/40/31 32/42/32 36/47/36
f 36/47/36 35/45/35 31/40/31
f 32/42/32 30/39/30 34/44/34
f 34/44/34 36/47/36 32/42/32
f 27/36/27 37/48/37 38/49/38
f 38/49/38 21/28/21 27/36/27
f 21/28/21 38/49/38 39/50/39
f 39/50/39 22/29/22 21/28/21
f 22/32/22 39/51/39 40/52/40
f 40/52/40 25/33/25 22/32/22
f 25/33/25 40/52/40 37/48/37
f 37/48/37 27/36/27 25/33/25
f 33/53/33 35/54/35 36/47/36
f 36/47/36 34/44/34 33/53/33
s 3
f 41/55/41 42/56/42 43/57/43
f 43/57/43 44/58/44 41/55/41
f 42/56/42 45/59/45 46/60/46
f 46/60/46 43/57/43 42/56/42
f 45/61/45 47/62/47 48/63/48
f 48/63/48 46/64/46 45/61/45
f 47/62/47 41/55/41 44/58/44
f 44/58/44 48/63/48 47/62/47
f 44/58/44 43/57/43 49/65/49
f 49/65/49 50/66/50 44/58/44
f 43/57/43 46/60/46 51/67/51
f 51/67/51 49/65/49 43/57/43
f 46/64/46 48/63/48 52/68/52
f 52/68/52 51/69/51 46/64/46
f 48/63/48 44/58/44 50/66/50
f 50/66/50 52/68/52 48/63/48
f 50/66/50 49/65/49 53/70/53
f 53/70/53 54/71/54 50/66/50
f 49/65/49 51/67/51 55/72/55
f 55/72/55 53/70/53 49/65/49
f 51/69/51 52/68/52 56/73/56
f 56/73/56 55/74/55 51/69/51
f 52/68/52 50/66/50 54/71/54
f 54/71/54 56/73/56 52/68/52
f 47/62/47 57/75/57 58/76/58
f 58/76/58 41/55/41 47/62/47
f 41/55/41 58/76/58 59/77/59
f 59/77/59 42/56/42 41/55/41
f 42/56/42 59/77/59 60/78/60
f 60/78/60 45/59/45 42/56/42
f 45/61/45 60/79/60 57/75/57
f 57/75/57 47/62/47 45/61/45
f 53/80/53 55/81/55 56/73/56
f 56/73/56 54/71/54 53/80/53
s 4
f 61/82/61 62/83/62 63/84/63
f 63/84/63 64/85/64 61/82/61
f 62/83/62 65/86/65 66/87/66
f 66/87/66 63/84/63 62/83/62
f 65/88/65 67/89/67 68/90/68
f 68/90/68 66/91/66 65/88/65
f 67/89/67 61/82/61 64/85/64
f 64/85/64 68/90/68 67/89/67
f 64/85/64 63/84/63 69/92/69
f 69/92/69 70/93/70 64/85/64
f 63/84/63 66/87/66 71/94/71
f 71/94/71 69/92/69 63/84/63
f 66/91/66 68/90/68 72/95/72
f 72/95/72 71/96/71 66/91/66
f 68/90/68 64/85/64 70/93/70
f 70/93/70 72/95/72 68/90/68
f 69/92/69 73/97/73 74/98/74
f 74/98/74 70/93/70 69/92/69
f 69/92/69 71/94/71 75/99/75
f 75/99/75 73/97/73 69/92/69
f 71/96/71 72/95/72 76/100/76
f 76/100/76 75/101/75 71/96/71
f 70/93/70 74/98/74 76/100/76
f 76/100/76 72/95/72 70/93/70
f 67/89/67 77/102/77 78/103/78
f 78/103/78 61/82/61 67/89/67
f 61/82/61 78/103/78 79/104/79
f 79/104/79 62/83/62 61/82/61
f 62/83/62 79/104/79 80/105/80
f 80/105/80 65/86/65 62/83/62
f 65/88/65 80/106/80 77/102/77
f 77/102/77 67/89/67 65/88/65
f 81/107/81 82/108/82 83/109/83
f 83/109/83 84/110/84 81/107/81
f 73/97/73 81/111/81 84/110/84
f 84/110/84 74/98/74 73/97/73
f 82/112/82 81/111/81 73/97/73
f 73/97/73 75/99/75 82/112/82
f 83/109/83 82/113/82 75/101/75
f 75/101/75 76/100/76 83/109/83
f 74/98/74 84/110/84 83/109/83
f 83/109/83 76/100/76 74/98/74
s 5
f 85/114/41 86/115/85 87/116/86
f 87/116/86 88/117/44 85/114/41
f 86/115/85 89/118/87 90/119/46
f 90/119/46 87/116/86 86/115/85
f 89/120/87 91/121/88 92/122/89
f 92/122/89 90/123/46 89/120/87
f 91/121/88 85/114/41 88/117/44
f 88/117/44 92/122/89 91/121/88
f 88/117/44 87/116/86 93/124/90
f 93/124/90 94/125/50 88/117/44
f 87/116/86 90/119/46 95/126/91
f 95/126/91 93/124/90 87/116/86
f 90/123/46 92/122/89 96/127/92
f 96/127/92 95/128/91 90/123/46
f 92/122/89 88/117/44 94/125/50
f 94/125/50 96/127/92 92/122/89
f 94/125/50 93/124/90 97/129/93
f 97/129/93 98/130/94 94/125/50
f 93/124/90 95/126/91 99/131/95
f 99/131/95 97/129/93 93/124/90
f 95/128/91 96/127/92 100/132/96
f 100/132/96 99/133/95 95/128/91
f 96/127/92 94/125/50 98/130/94
f 98/130/94 100/132/96 96/127/92
f 91/121/88 101/134/97 102/135/98
f 102/135/98 85/114/41 91/121/88
f 85/114/41 102/135/98 103/136/99
f 103/136/99 86/115/85 85/114/41
f 86/115/85 103/136/99 104/137/100
f 104/137/100 89/118/87 86/115/85
f 89/120/87 104/138/100 101/134/97
f 101/134/97 91/121/88 89/120/87
f 97/139/93 99/140/95 100/132/96
f 100/132/96 98/130/94 97/139/93
s 6
f 105/141/101 106/142/102 107/143/103
f 107/143/103 108/144/104 105/141/101
f 106/142/102 109/145/105 110/146/106
f 110/146/106 107/143/103 106/142/102
f 109/145/105 111/147/107 112/148/108
f 112/148/108 110/146/106 109/145/105
f 111/147/107 105/149/101 108/150/104
f 108/150/104 112/148/108 111/147/107
f 108/144/104 107/143/103 113/151/109
f 113/151/109 114/152/110 108/144/104
f 107/143/103 110/146/106 115/153/111
f 115/153/111 113/151/109 107/143/103
f 110/146/106 112/148/108 116/154/112
f 116/154/112 115/153/111 110/146/106
f 112/148/108 108/150/104 114/155/110
f 114/155/110 116/154/112 112/148/108
f 114/152/110 113/151/109 117/156/113
f 117/156/113 118/157/114 114/152/110
f 113/151/109 115/153/111 119/158/115
f 119/158/115 117/156/113 113/151/109
f 115/153/111 116/154/112 120/159/116
f 120/159/116 119/158/115 115/153/111
f 116/154/112 114/155/110 118/160/114
f 118/160/114 120/159/116 116/154/112
f 118/157/114 117/156/113 121/161/117
f 121/161/117 122/162/118 118/157/114
f 117/156/113 119/158/115 123/163/119
f 123/163/119 121/161/117 117/156/113
f 119/158/115 120/159/116 124/164/120
f 124/164/120 123/163/119 119/158/115
f 120/159/116 118/160/114 122/165/118
f 122/165/118 124/164/120 120/159/116
f 122/162/118 121/161/117 125/166/121
f 125/166/121 126/167/122 122/162/118
f 123/163/119 127/168/123 125/166/121
f 125/166/121 121/161/117 123/163/119
f 123/163/119 124/164/120 128/169/124
f 128/169/124 127/168/123 123/163/119
f 124/164/120 122/165/118 126/170/122
f 126/170/122 128/169/124 124/164/120
f 111/147/107 129/171/125 130/172/126
f 130/172/126 105/149/101 111/147/107
f 105/141/101 130/173/126 131/174/127
f 131/174/127 106/142/102 105/141/101
f 106/142/102 131/174/127 132/175/128
f 132/175/128 109/145/105 106/142/102
f 109/145/105 132/175/128 129/171/125
f 129/171/125 111/147/107 109/145/105
s 7
f 133/176/129 134/177/130 135/178/131
f 135/178/131 136/179/132 133/176/129
f 137/180/133 138/181/134 139/182/135
f 139/182/135 140/183/136 137/180/133
f 138/181/134 141/184/137 142/185/138
f 142/185/138 139/182/135 138/181/134
f 141/184/137 143/186/139 144/187/140
f 144/187/140 142/185/138 141/184/137
f 137/188/133 140/189/136 144/187/140
f 144/187/140 143/186/139 137/188/133
f 145/190/141 146/191/142 147/192/143
f 147/192/143 148/193/144 145/190/141
f 146/191/142 149/194/145 150/195/146
f 150/195/146 147/192/143 146/191/142
f 149/194/145 151/196/147 152/197/148
f 152/197/148 150/195/146 149/194/145
f 151/196/147 145/198/141 148/199/144
f 148/199/144 152/197/148 151/196/147
f 148/193/144 147/192/143 153/200/149
f 153/200/149 154/201/150 148/193/144
f 147/192/143 150/195/146 155/202/151
f 155/202/151 153/200/149 147/192/143
f 150/195/146 152/197/148 156/203/152
f 156/203/152 155/202/151 150/195/146
f 152/197/148 148/199/144 154/204/150
f 154/204/150 156/203/152 152/197/148
f 154/201/150 153/200/149 157/205/153
f 157/205/153 158/206/154 154/201/150
f 153/200/149 155/202/151 159/207/155
f 159/207/155 157/205/153 153/200/149
f 155/202/151 156/203/152 160/208/156
f 160/208/156 159/207/155 155/202/151
f 156/203/152 154/204/150 158/209/154
f 158/209/154 160/208/156 156/203/152
f 161/210/157 162/211/158 163/212/159
f 163/212/159 164/213/160 161/210/157
f 162/211/158 165/214/161 166/215/162
f 166/215/162 163/212/159 162/211/158
f 165/214/161 167/216/163 168/217/164
f 168/217/164 166/215/162 165/214/161
f 167/216/163 161/218/157 164/219/160
f 164/219/160 168/217/164 167/216/163
f 164/213/160 163/212/159 169/220/165
f 169/220/165 170/221/166 164/213/160
f 163/212/159 166/215/162 171/222/167
f 171/222/167 169/220/165 163/212/159
f 166/215/162 168/217/164 172/223/168
f 172/223/168 171/222/167 166/215/162
f 168/217/164 164/219/160 170/224/166
f 170/224/166 172/223/168 168/217/164
f 170/221/166 169/220/165 173/225/169
f 173/225/169 174/226/170 170/221/166
f 169/220/165 171/222/167 175/227/171
f 175/227/171 173/225/169 169/220/165
f 171/222/167 172/223/168 176/228/172
f 176/228/172 175/227/171 171/222/167
f 172/223/168 170/224/166 174/229/170
f 174/229/170 176/228/172 172/223/168
f 173/225/169 177/230/173 178/231/174
f 178/231/174 174/226/170 173/225/169
f 175/227/171 179/232/175 177/230/173
f 177/230/173 173/225/169 175/227/171
f 176/228/172 180/233/176 179/232/175
f 179/232/175 175/227/171 176/228/172
f 174/229/170 178/234/174 180/233/176
f 180/233/176 176/228/172 174/229/170
f 178/231/174 177/230/173 181/235/177
f 181/235/177 182/236/178 178/231/174
f 177/230/173 179/232/175 183/237/179
f 183/237/179 181/235/177 177/230/173
f 179/232/175 180/233/176 184/238/180
f 184/238/180 183/237/179 179/232/175
f 180/233/176 178/234/174 182/239/178
f 182/239/178 184/238/180 180/233/176
f 182/236/178 181/235/177 185/240/181
f 185/240/181 186/241/182 182/236/178
f 181/235/177 183/237/179 187/242/183
f 187/242/183 185/240/181 181/235/177
f 183/237/179 184/238/180 188/243/184
f 188/243/184 187/242/183 183/237/179
f 184/238/180 182/239/178 186/244/182
f 186/244/182 188/243/184 184/238/180
f 186/241/182 185/240/181 189/245/185
f 189/245/185 190/246/186 186/241/182
f 185/240/181 187/242/183 191/247/187
f 191/247/187 189/245/185 185/240/181
f 187/242/183 188/243/184 192/248/188
f 192/248/188 191/247/187 187/242/183
f 188/243/184 186/244/182 190/249/186
f 190/249/186 192/248/188 188/243/184
f 190/246/186 189/245/185 135/178/131
f 135/178/131 134/250/130 190/246/186
f 189/245/185 191/247/187 136/179/132
f 136/179/132 135/178/131 189/245/185
f 191/247/187 192/248/188 133/251/129
f 133/251/129 136/179/132 191/247/187
f 192/248/188 190/249/186 134/252/130
f 134/252/130 133/251/129 192/248/188
f 144/187/140 140/189/136 145/198/141
f 145/198/141 151/196/147 144/187/140
f 140/183/136 139/182/135 146/191/142
f 146/191/142 145/190/141 140/183/136
f 139/182/135 142/185/138 149/194/145
f 149/194/145 146/191/142 139/182/135
f 142/185/138 144/187/140 151/196/147
f 151/196/147 149/194/145 142/185/138
f 160/208/156 158/209/154 161/218/157
f 161/218/157 167/216/163 160/208/156
f 158/206/154 157/205/153 162/211/158
f 162/211/158 161/210/157 158/206/154
f 157/205/153 159/207/155 165/214/161
f 165/214/161 162/211/158 157/205/153
f 159/207/155 160/208/156 167/216/163
f 167/216/163 165/214/161 159/207/155
s 8
f 193/253/189 194/254/190 195/255/191
f 195/255/191 196/256/192 193/253/189
f 194/257/190 197/258/193 198/259/194
f 198/259/194 195/260/191 194/257/190
f 197/258/193 199/261/195 200/262/196
f 200/262/196 198/259/194 197/258/193
f 199/261/195 193/253/189 196/256/192
f 196/256/192 200/262/196 199/261/195
f 196/256/192 195/255/191 201/263/197
f 201/263/197 202/264/198 196/256/192
f 195/260/191 198/259/194 203/265/199
f 203/265/199 201/266/197 195/260/191
f 198/259/194 200/262/196 204/267/200
f 204/267/200 203/265/199 198/259/194
f 200/262/196 196/256/192 202/264/198
f 202/264/198 204/267/200 200/262/196
f 202/264/198 201/263/197 205/268/201
f 205/268/201 206/269/202 202/264/198
f 201/266/197 203/265/199 207/270/203
f 207/270/203 205/271/201 201/266/197
f 203/265/199 204/267/200 208/272/204
f 208/272/204 207/270/203 203/265/199
f 204/267/200 202/264/198 206/269/202
f 206/269/202 208/272/204 204/267/200
f 199/261/195 209/273/205 210/274/206
f 210/274/206 193/253/189 199/261/195
f 193/253/189 210/274/206 211/275/207
f 211/275/207 194/254/190 193/253/189
f 194/257/190 211/276/207 212/277/208
f 212/277/208 197/258/193 194/257/190
f 197/258/193 212/277/208 209/273/205
f 209/273/205 199/261/195 197/258/193
s 6
f 125/166/121 127/168/123 128/278/124
f 128/278/124 126/279/122 125/166/121
s 9
f 213/280/209 214/281/210 215/282/211
f 215/282/211 216/283/212 213/280/209
f 214/284/210 217/285/213 218/286/214
f 218/286/214 215/287/211 214/284/210
f 217/285/213 219/288/215 220/289/216
f 220/289/216 218/286/214 217/285/213
f 219/288/215 213/280/209 216/283/212
f 216/283/212 220/289/216 219/288/215
f 221/290/217 222/291/218 223/292/219
f 223/292/219 224/293/220 221/290/217
f 222/294/218 225/295/221 226/296/222
f 226/296/222 223/297/219 222/294/218
f 225/295/221 227/298/223 228/299/224
f 228/299/224 226/296/222 225/295/221
f 227/298/223 221/290/217 224/293/220
f 224/293/220 228/299/224 227/298/223
f 224/293/220 223/292/219 229/300/225
f 229/300/225 230/301/226 224/293/220
f 223/297/219 226/296/222 231/302/227
f 231/302/227 229/303/225 223/297/219
f 226/296/222 228/299/224 232/304/228
f 232/304/228 231/302/227 226/296/222
f 228/299/224 224/293/220 230/301/226
f 230/301/226 232/304/228 228/299/224
f 230/301/226 229/300/225 233/305/229
f 233/305/229 234/306/230 230/301/226
f 229/303/225 231/302/227 235/307/231
f 235/307/231 233/308/229 229/303/225
f 231/302/227 232/304/228 236/309/232
f 236/309/232 235/307/231 231/302/227
f 232/304/228 230/301/226 234/306/230
f 234/306/230 236/309/232 232/304/228
f 234/306/230 233/305/229 237/310/233
f 237/310/233 238/311/234 234/306/230
f 233/308/229 235/307/231 239/312/235
f 239/312/235 237/313/233 233/308/229
f 235/307/231 236/309/232 240/314/236
f 240/314/236 239/312/235 235/307/231
f 236/309/232 234/306/230 238/311/234
f 238/311/234 240/314/236 236/309/232
f 238/311/234 237/310/233 241/315/237
f 241/315/237 242/316/238 238/311/234
f 243/317/239 241/318/237 237/313/233
f 243/317/239 237/313/233 239/312/235
f 243/317/239 239/312/235 244/319/240
f 245/320/241 244/319/240 239/312/235
f 245/320/241 239/312/235 240/314/236
f 245/320/241 240/314/236 246/321/242
f 240/314/236 238/311/234 242/316/238
f 242/316/238 246/321/242 240/314/236
f 242/316/238 241/315/237 247/322/243
f 247/322/243 248/323/244 242/316/238
f 241/318/237 243/317/239 249/324/245
f 249/324/245 247/325/243 241/318/237
f 243/317/239 244/319/240 250/326/246
f 250/326/246 249/324/245 243/317/239
f 244/319/240 245/320/241 251/327/247
f 251/327/247 250/326/246 244/319/240
f 245/320/241 246/321/242 252/328/248
f 252/328/248 251/327/247 245/320/241
f 246/321/242 242/316/238 248/323/244
f 248/323/244 252/328/248 246/321/242
f 248/323/244 247/322/243 253/329/249
f 253/329/249 254/330/250 248/323/244
f 249/324/245 250/326/246 255/331/251
f 249/324/245 255/331/251 253/332/249
f 249/324/245 253/332/249 247/325/243
f 251/327/247 252/328/248 256/333/252
f 251/327/247 256/333/252 255/331/251
f 251/327/247 255/331/251 250/326/246
f 252/328/248 248/323/244 254/330/250
f 254/330/250 256/333/252 252/328/248
f 254/330/250 253/329/249 257/334/253
f 257/334/253 258/335/254 254/330/250
f 253/332/249 255/331/251 259/336/255
f 259/336/255 257/337/253 253/332/249
f 255/331/251 256/333/252 260/338/256
f 260/338/256 259/336/255 255/331/251
f 256/333/252 254/330/250 258/335/254
f 258/335/254 260/338/256 256/333/252
f 258/335/254 257/334/253 261/339/257
f 261/339/257 262/340/258 258/335/254
f 257/337/253 259/336/255 263/341/259
f 263/341/259 261/342/257 257/337/253
f 259/336/255 260/338/256 264/343/260
f 264/343/260 263/341/259 259/336/255
f 260/338/256 258/335/254 262/340/258
f 262/340/258 264/343/260 260/338/256
f 262/340/258 261/339/257 265/344/261
f 265/344/261 266/345/262 262/340/258
f 261/342/257 263/341/259 267/346/263
f 267/346/263 265/347/261 261/342/257
f 263/341/259 264/343/260 268/348/264
f 268/348/264 267/346/263 263/341/259
f 264/343/260 262/340/258 266/345/262
f 266/345/262 268/348/264 264/343/260
f 266/345/262 265/344/261 269/349/265
f 269/349/265 270/350/266 266/345/262
f 265/347/261 267/346/263 271/351/267
f 271/351/267 269/352/265 265/347/261
f 267/346/263 268/348/264 272/353/268
f 272/353/268 271/351/267 267/346/263
f 268/348/264 266/345/262 270/350/266
f 270/350/266 272/353/268 268/348/264
f 270/350/266 269/349/265 273/354/269
f 273/354/269 274/355/270 270/350/266
f 269/352/265 271/351/267 275/356/271
f 275/356/271 273/357/269 269/352/265
f 271/351/267 272/353/268 276/358/272
f 276/358/272 275/356/271 271/351/267
f 272/353/268 270/350/266 274/355/270
f 274/355/270 276/358/272 272/353/268
f 274/355/270 273/354/269 277/359/273
f 277/359/273 278/360/274 274/355/270
f 273/357/269 275/356/271 279/361/275
f 279/361/275 277/362/273 273/357/269
f 275/356/271 276/358/272 280/363/276
f 280/363/276 279/361/275 275/356/271
f 276/358/272 274/355/270 278/360/274
f 278/360/274 280/363/276 276/358/272
f 278/360/274 277/359/273 281/364/277
f 281/364/277 282/365/278 278/360/274
f 277/362/273 279/361/275 283/366/279
f 283/366/279 281/367/277 277/362/273
f 279/361/275 280/363/276 284/368/280
f 284/368/280 283/366/279 279/361/275
f 280/363/276 278/360/274 282/365/278
f 282/365/278 284/368/280 280/363/276
f 282/365/278 281/364/277 285/369/281
f 285/369/281 286/370/282 282/365/278
f 281/367/277 283/366/279 287/371/283
f 287/371/283 285/372/281 281/367/277
f 283/366/279 284/368/280 288/373/284
f 288/373/284 287/371/283 283/366/279
f 284/368/280 282/365/278 286/370/282
f 286/370/282 288/373/284 284/368/280
f 286/370/282 285/369/281 289/374/285
f 289/374/285 290/375/286 286/370/282
f 285/372/281 287/371/283 291/376/287
f 291/376/287 289/377/285 285/372/281
f 287/371/283 288/373/284 292/378/288
f 292/378/288 291/376/287 287/371/283
f 288/373/284 286/370/282 290/375/286
f 290/375/286 292/378/288 288/373/284
f 290/375/286 289/374/285 293/379/289
f 293/379/289 294/380/290 290/375/286
f 289/377/285 291/376/287 295/381/291
f 295/381/291 293/382/289 289/377/285
f 291/376/287 292/378/288 296/383/292
f 296/383/292 295/381/291 291/376/287
f 292/378/288 290/375/286 294/380/290
f 294/380/290 296/383/292 292/378/288
f 294/380/290 293/379/289 297/384/293
f 297/384/293 298/385/294 294/380/290
f 293/382/289 295/381/291 299/386/295
f 299/386/295 297/387/293 293/382/289
f 295/381/291 296/383/292 300/388/296
f 300/388/296 299/386/295 295/381/291
f 296/383/292 294/380/290 298/385/294
f 298/385/294 300/388/296 296/383/292
f 298/385/294 297/384/293 301/389/297
f 301/389/297 302/390/298 298/385/294
f 297/387/293 299/386/295 303/391/299
f 303/391/299 301/392/297 297/387/293
f 299/386/295 300/388/296 304/393/300
f 304/393/300 303/391/299 299/386/295
f 300/388/296 298/385/294 302/390/298
f 302/390/298 304/393/300 300/388/296
f 302/390/298 301/389/297 305/394/301
f 305/394/301 306/395/302 302/390/298
f 301/392/297 303/391/299 307/396/303
f 307/396/303 305/397/301 301/392/297
f 303/391/299 304/393/300 308/398/304
f 308/398/304 307/396/303 303/391/299
f 304/393/300 302/390/298 306/395/302
f 306/395/302 308/398/304 304/393/300
f 306/395/302 305/394/301 309/399/305
f 309/399/305 310/400/306 306/395/302
f 305/397/301 307/396/303 311/401/307
f 311/401/307 309/402/305 305/397/301
f 307/396/303 308/398/304 312/403/308
f 312/403/308 311/401/307 307/396/303
f 308/398/304 306/395/302 310/400/306
f 310/400/306 312/403/308 308/398/304
f 310/400/306 309/399/305 313/404/309
f 313/404/309 314/405/310 310/400/306
f 309/402/305 311/401/307 315/406/311
f 315/406/311 313/407/309 309/402/305
f 311/401/307 312/403/308 316/408/312
f 316/408/312 315/406/311 311/401/307
f 312/403/308 310/400/306 314/405/310
f 314/405/310 316/408/312 312/403/308
f 314/405/310 313/404/309 317/409/313
f 317/409/313 318/410/314 314/405/310
f 313/407/309 315/406/311 319/411/315
f 319/411/315 317/412/313 313/407/309
f 315/406/311 316/408/312 320/413/316
f 320/413/316 319/411/315 315/406/311
f 316/408/312 314/405/310 318/410/314
f 318/410/314 320/413/316 316/408/312
f 213/280/209 321/414/317 322/415/318
f 322/415/318 214/281/210 213/280/209
f 214/284/210 322/416/318 323/417/319
f 323/417/319 217/285/213 214/284/210
f 217/285/213 323/417/319 324/418/320
f 324/418/320 219/288/215 217/285/213
f 321/414/317 213/280/209 219/288/215
f 219/288/215 324/418/320 321/414/317
f 321/414/317 325/419/321 326/420/322
f 326/420/322 322/415/318 321/414/317
f 322/416/318 326/421/322 327/422/323
f 327/422/323 323/417/319 322/416/318
f 327/422/323 328/423/324 324/418/320
f 324/418/320 323/417/319 327/422/323
f 328/423/324 325/419/321 321/414/317
f 321/414/317 324/418/320 328/423/324
f 216/283/212 215/282/211 222/291/218
f 222/291/218 221/290/217 216/283/212
f 222/294/218 215/287/211 218/286/214
f 218/286/214 225/295/221 222/294/218
f 225/295/221 218/286/214 220/289/216
f 220/289/216 227/298/223 225/295/221
f 227/298/223 220/289/216 216/283/212
f 216/283/212 221/290/217 227/298/223
f 319/411/315 320/413/316 318/424/314
f 318/424/314 317/425/313 319/411/315
f 329/426/325 330/427/326 331/428/327
f 331/428/327 332/429/328 329/426/325
f 332/430/328 331/431/327 333/432/329
f 333/432/329 334/433/330 332/430/328
f 333/432/329 335/434/331 336/435/332
f 336/435/332 334/433/330 333/432/329
f 335/434/331 330/427/326 329/426/325
f 329/426/325 336/435/332 335/434/331
f 325/419/321 329/426/325 332/429/328
f 332/429/328 326/420/322 325/419/321
f 326/421/322 332/430/328 334/433/330
f 334/433/330 327/422/323 326/421/322
f 327/422/323 334/433/330 336/435/332
f 336/435/332 328/423/324 327/422/323
f 328/423/324 336/435/332 329/426/325
f 329/426/325 325/419/321 328/423/324
s 10
f 337/436/333 338/437/334 339/438/335
f 339/438/335 340/439/336 337/436/333
f 338/437/334 341/440/337 342/441/338
f 342/441/338 339/438/335 338/437/334
f 340/439/336 339/438/335 343/442/339
f 343/442/339 344/443/340 340/439/336
f 339/438/335 342/441/338 345/444/341
f 345/444/341 343/442/339 339/438/335
f 346/445/342 344/443/340 343/442/339
f 343/442/339 347/446/343 346/445/342
f 347/446/343 343/442/339 345/444/341
f 345/444/341 348/447/344 347/446/343
s 11
f 349/448/345 350/449/346 351/450/347
f 351/450/347 352/451/348 349/448/345
f 350/449/346 353/452/349 354/453/350
f 354/453/350 351/450/347 350/449/346
f 352/451/348 351/450/347 355/454/351
f 355/454/351 356/455/352 352/451/348
f 351/450/347 354/453/350 357/456/353
f 357/456/353 355/454/351 351/450/347
f 358/457/354 356/455/352 355/454/351
f 355/454/351 359/458/355 358/457/354
f 359/458/355 355/454/351 357/456/353
f 357/456/353 360/459/356 359/458/355
s 12
f 361/460/357 362/461/358 363/462/359
f 363/462/359 364/463/360 361/460/357
f 365/464/361 366/465/362 362/461/358
f 362/461/358 361/460/357 365/464/361
f 364/463/360 367/466/363 368/467/364
f 368/467/364 361/460/357 364/463/360
f 361/460/357 368/467/364 369/468/365
f 369/468/365 365/464/361 361/460/357
f 370/469/366 371/470/367 368/467/364
f 368/467/364 367/466/363 370/469/366
f 371/470/367 372/471/368 369/468/365
f 369/468/365 368/467/364 371/470/367
s 13
f 373/472/369 374/473/370 375/474/371
f 375/474/371 376/475/372 373/472/369
f 377/476/373 378/477/374 374/473/370
f 374/473/370 373/472/369 377/476/373
f 376/475/372 379/478/375 380/479/376
f 380/479/376 373/472/369 376/475/372
f 373/472/369 380/479/376 381/480/377
f 381/480/377 377/476/373 373/472/369
f 382/481/378 383/482/379 380/479/376
f 380/479/376 379/478/375 382/481/378
f 383/482/379 384/483/380 381/480/377
f 381/480/377 380/479/376 383/482/379
s 14
f 385/484/381 386/485/382 387/486/383
f 387/486/383 388/487/384 385/484/381
f 386/485/382 389/488/385 390/489/386
f 390/489/386 387/486/383 386/485/382
f 388/487/384 387/486/383 391/490/387
f 391/490/387 392/491/388 388/487/384
f 387/486/383 390/489/386 393/492/389
f 393/492/389 391/490/387 387/486/383
f 394/493/390 392/491/388 391/490/387
f 391/490/387 395/494/391 394/493/390
f 395/494/391 391/490/387 393/492/389
f 393/492/389 396/495/392 395/494/391
s 15
f 397/496/393 398/497/394 399/498/395
f 399/498/395 400/499/396 397/496/393
f 398/497/394 401/500/397 402/501/398
f 402/501/398 399/498/395 398/497/394
f 400/499/396 399/498/395 403/502/399
f 403/502/399 404/503/400 400/499/396
f 399/498/395 402/501/398 405/504/401
f 405/504/401 403/502/399 399/498/395
f 406/505/402 404/503/400 403/502/399
f 403/502/399 407/506/403 406/505/402
f 407/506/403 403/502/399 405/504/401
f 405/504/401 408/507/404 407/506/403
s 16
f 409/508/405 410/509/406 411/510/407
f 411/510/407 412/511/408 409/508/405
f 413/512/409 414/513/410 410/509/406
f 410/509/406 409/508/405 413/512/409
f 412/511/408 415/514/411 416/515/412
f 416/515/412 409/508/405 412/511/408
f 409/508/405 416/515/412 417/516/413
f 417/516/413 413/512/409 409/508/405
f 418/517/414 419/518/415 416/515/412
f 416/515/412 415/514/411 418/517/414
f 419/518/415 420/519/416 417/516/413
f 417/516/413 416/515/412 419/518/415
s 17
f 421/520/417 422/521/418 423/522/419
f 423/522/419 424/523/420 421/520/417
f 425/524/421 426/525/422 422/521/418
f 422/521/418 421/520/417 425/524/421
f 424/523/420 427/526/423 428/527/424
f 428/527/424 421/520/417 424/523/420
f 421/520/417 428/527/424 429/528/425
f 429/528/425 425/524/421 421/520/417
f 430/529/426 431/530/427 428/527/424
f 428/527/424 427/526/423 430/529/426
f 431/530/427 432/531/428 429/528/425
f 429/528/425 428/527/424 431/530/427
s 18
f 433/532/429 434/533/430 435/534/431
f 435/534/431 436/535/432 433/532/429
f 434/533/430 437/536/433 438/537/434
f 438/537/434 435/534/431 434/533/430
f 436/535/432 435/534/431 439/538/435
f 439/538/435 440/539/436 436/535/432
f 435/534/431 438/537/434 441/540/437
f 441/540/437 439/538/435 435/534/431
f 442/541/438 440/539/436 439/538/435
f 439/538/435 443/542/439 442/541/438
f 443/542/439 439/538/435 441/540/437
f 441/540/437 444/543/440 443/542/439
s 19
f 445/544/441 446/545/442 447/546/443
f 447/546/443 448/547/444 445/544/441
f 449/548/445 450/549/446 446/545/442
f 446/545/442 445/544/441 449/548/445
f 448/547/444 451/550/447 452/551/448
f 452/551/448 445/544/441 448/547/444
f 445/544/441 452/551/448 453/552/449
f 453/552/449 449/548/445 445/544/441
f 454/553/450 455/554/451 452/551/448
f 452/551/448 451/550/447 454/553/450
f 455/554/451 456/555/452 453/552/449
f 453/552/449 452/551/448 455/554/451
s 20
f 457/556/453 458/557/454 459/558/455
f 459/558/455 460/559/456 457/556/453
f 458/557/454 461/560/457 462/561/458
f 462/561/458 459/558/455 458/557/454
f 460/559/456 459/558/455 463/562/459
f 463/562/459 464/563/460 460/559/456
f 459/558/455 462/561/458 465/564/461
f 465/564/461 463/562/459 459/558/455
f 466/565/462 464/563/460 463/562/459
f 463/562/459 467/566/463 466/565/462
f 467/566/463 463/562/459 465/564/461
f 465/564/461 468/567/464 467/566/463
s 21
f 469/568/465 470/569/466 471/570/467
f 471/570/467 472/571/468 469/568/465
f 473/572/469 474/573/470 470/569/466
f 470/569/466 469/568/465 473/572/469
f 472/571/468 475/574/471 476/575/472
f 476/575/472 469/568/465 472/571/468
f 469/568/465 476/575/472 477/576/473
f 477/576/473 473/572/469 469/568/465
f 478/577/474 479/578/475 476/575/472
f 476/575/472 475/574/471 478/577/474
f 479/578/475 480/579/476 477/576/473
f 477/576/473 476/575/472 479/578/475
s 22
f 481/580/477 482/581/478 483/582/479
f 483/582/479 484/583/480 481/580/477
f 482/581/478 485/584/481 486/585/482
f 486/585/482 483/582/479 482/581/478
f 484/583/480 483/582/479 487/586/483
f 487/586/483 488/587/484 484/583/480
f 483/582/479 486/585/482 489/588/485
f 489/588/485 487/586/483 483/582/479
f 490/589/486 488/587/484 487/586/483
f 487/586/483 491/590/487 490/589/486
f 491/590/487 487/586/483 489/588/485
f 489/588/485 492/591/488 491/590/487
s 23
f 493/592/489 494/593/490 495/594/491
f 495/594/491 496/595/492 493/592/489
f 497/596/493 498/597/494 494/593/490
f 494/593/490 493/592/489 497/596/493
f 496/595/492 499/598/495 500/599/496
f 500/599/496 493/592/489 496/595/492
f 493/592/489 500/599/496 501/600/497
f 501/600/497 497/596/493 493/592/489
f 502/601/498 503/602/499 500/599/496
f 500/599/496 499/598/495 502/601/498
f 503/602/499 504/603/500 501/600/497
f 501/600/497 500/599/496 503/602/499
s 24
f 505/604/501 506/605/502 507/606/503
f 507/606/503 508/607/504 505/604/501
f 506/605/502 509/608/505 510/609/506
f 510/609/506 507/606/503 506/605/502
f 508/607/504 507/606/503 511/610/507
f 511/610/507 512/611/508 508/607/504
f 507/606/503 510/609/506 513/612/509
f 513/612/509 511/610/507 507/606/503
f 514/613/510 512/611/508 511/610/507
f 511/610/507 515/614/511 514/613/510
f 515/614/511 511/610/507 513/612/509
f 513/612/509 516/615/512 515/614/511
s 25
f 517/616/513 518/617/514 519/618/515
f 519/618/515 520/619/516 517/616/513
f 521/620/517 522/621/518 518/617/514
f 518/617/514 517/616/513 521/620/517
f 520/619/516 523/622/519 524/623/520
f 524/623/520 517/616/513 520/619/516
f 517/616/513 524/623/520 525/624/521
f 525/624/521 521/620/517 517/616/513
f 526/625/522 527/626/523 524/623/520
f 524/623/520 523/622/519 526/625/522
f 527/626/523 528/627/524 525/624/521
f 525/624/521 524/623/520 527/626/523
s 26
f 529/628/525 530/629/526 531/630/527
f 531/630/527 532/631/528 529/628/525
f 530/629/526 533/632/529 534/633/530
f 534/633/530 531/630/527 530/629/526
f 532/631/528 531/630/527 535/634/531
f 535/634/531 536/635/532 532/631/528
f 531/630/527 534/633/530 537/636/533
f 537/636/533 535/634/531 531/630/527
f 538/637/534 536/635/532 535/634/531
f 535/634/531 539/638/535 538/637/534
f 539/638/535 535/634/531 537/636/533
f 537/636/533 540/639/536 539/638/535
s 27
f 541/640/537 542/641/538 543/642/539
f 543/642/539 544/643/540 541/640/537
f 545/644/541 546/645/542 542/641/538
f 542/641/538 541/640/537 545/644/541
f 544/643/540 547/646/543 548/647/544
f 548/647/544 541/640/537 544/643/540
f 541/640/537 548/647/544 549/648/545
f 549/648/545 545/644/541 541/640/537
f 550/649/546 551/650/547 548/647/544
f 548/647/544 547/646/543 550/649/546
f 551/650/547 552/651/548 549/648/545
f 549/648/545 548/647/544 551/650/547
s 28
f 553/652/549 554/653/550 555/654/551
f 555/654/551 556/655/552 553/652/549
f 554/653/550 557/656/553 558/657/554
f 558/657/554 555/654/551 554/653/550
f 556/655/552 555/654/551 559/658/555
f 559/658/555 560/659/556 556/655/552
f 555/654/551 558/657/554 561/660/557
f 561/660/557 559/658/555 555/654/551
f 562/661/558 560/659/556 559/658/555
f 559/658/555 563/662/559 562/661/558
f 563/662/559 559/658/555 561/660/557
f 561/660/557 564/663/560 563/662/559
s 29
f 565/664/561 566/665/562 567/666/563
f 567/666/563 568/667/564 565/664/561
f 569/668/565 570/669/566 566/665/562
f 566/665/562 565/664/561 569/668/565
f 568/667/564 571/670/567 572/671/568
f 572/671/568 565/664/561 568/667/564
f 565/664/561 572/671/568 573/672/569
f 573/672/569 569/668/565 565/664/561
f 574/673/570 575/674/571 572/671/568
f 572/671/568 571/670/567 574/673/570
f 575/674/571 576/675/572 573/672/569
f 573/672/569 572/671/568 575/674/571
s 30
f 577/676/573 578/677/574 579/678/575
f 579/678/575 580/679/576 577/676/573
f 578/677/574 581/680/577 582/681/578
f 582/681/578 579/678/575 578/677/574
f 580/679/576 579/678/575 583/682/579
f 583/682/579 584/683/580 580/679/576
f 579/678/575 582/681/578 585/684/581
f 585/684/581 583/682/579 579/678/575
f 586/685/582 584/683/580 583/682/579
f 583/682/579 587/686/583 586/685/582
f 587/686/583 583/682/579 585/684/581
f 585/684/581 588/687/584 587/686/583
s 31
f 589/688/585 590/689/586 591/690/587
f 591/690/587 592/691/588 589/688/585
f 593/692/589 594/693/590 590/689/586
f 590/689/586 589/688/585 593/692/589
f 592/691/588 595/694/591 596/695/592
f 596/695/592 589/688/585 592/691/588
f 589/688/585 596/695/592 597/696/593
f 597/696/593 593/692/589 589/688/585
f 598/697/594 599/698/595 596/695/592
f 596/695/592 595/694/591 598/697/594
f 599/698/595 600/699/596 597/696/593
f 597/696/593 596/695/592 599/698/595
s 32
f 601/700/597 602/701/598 603/702/599
f 603/702/599 604/703/600 601/700/597
f 602/701/598 605/704/601 606/705/602
f 606/705/602 603/702/599 602/701/598
f 604/703/600 603/702/599 607/706/603
f 607/706/603 608/707/604 604/703/600
f 603/702/599 606/705/602 609/708/605
f 609/708/605 607/706/603 603/702/599
f 610/709/606 608/707/604 607/706/603
f 607/706/603 611/710/607 610/709/606
f 611/710/607 607/706/603 609/708/605
f 609/708/605 612/711/608 611/710/607
s 33
f 613/712/609 614/713/610 615/714/611
f 615/714/611 616/715/612 613/712/609
f 617/716/613 618/717/614 614/713/610
f 614/713/610 613/712/609 617/716/613
f 616/715/612 619/718/615 620/719/616
f 620/719/616 613/712/609 616/715/612
f 613/712/609 620/719/616 621/720/617
f 621/720/617 617/716/613 613/712/609
f 622/721/618 623/722/619 620/719/616
f 620/719/616 619/718/615 622/721/618
f 623/722/619 624/723/620 621/720/617
f 621/720/617 620/719/616 623/722/619
s 34
f 625/724/621 626/725/622 627/726/623
f 627/726/623 628/727/624 625/724/621
f 626/725/622 629/728/625 630/729/626
f 630/729/626 627/726/623 626/725/622
f 628/727/624 627/726/623 631/730/627
f 631/730/627 632/731/628 628/727/624
f 627/726/623 630/729/626 633/732/629
f 633/732/629 631/730/627 627/726/623
f 634/733/630 632/731/628 631/730/627
f 631/730/627 635/734/631 634/733/630
f 635/734/631 631/730/627 633/732/629
f 633/732/629 636/735/632 635/734/631
s 35
f 637/736/633 638/737/634 639/738/635
f 639/738/635 640/739/636 637/736/633
f 641/740/637 642/741/638 638/737/634
f 638/737/634 637/736/633 641/740/637
f 640/739/636 643/742/639 644/743/640
f 644/743/640 637/736/633 640/739/636
f 637/736/633 644/743/640 645/744/641
f 645/744/641 641/740/637 637/736/633
f 646/745/642 647/746/643 644/743/640
f 644/743/640 643/742/639 646/745/642
f 647/746/643 648/747/644 645/744/641
f 645/744/641 644/743/640 647/746/643
s 36
f 649/748/645 650/749/646 651/750/647
f 651/750/647 652/751/648 649/748/645
f 650/749/646 653/752/649 654/753/650
f 654/753/650 651/750/647 650/749/646
f 652/751/648 651/750/647 655/754/651
f 655/754/651 656/755/652 652/751/648
f 651/750/647 654/753/650 657/756/653
f 657/756/653 655/754/651 651/750/647
f 658/757/654 656/755/652 655/754/651
f 655/754/651 659/758/655 658/757/654
f 659/758/655 655/754/651 657/756/653
f 657/756/653 660/759/656 659/758/655
s 37
f 661/760/657 662/761/658 663/762/659
f 663/762/659 664/763/660 661/760/657
f 665/764/661 666/765/662 662/761/658
f 662/761/658 661/760/657 665/764/661
f 664/763/660 667/766/663 668/767/664
f 668/767/664 661/760/657 664/763/660
f 661/760/657 668/767/664 669/768/665
f 669/768/665 665/764/661 661/760/657
f 670/769/666 671/770/667 668/767/664
f 668/767/664 667/766/663 670/769/666
f 671/770/667 672/771/668 669/768/665
f 669/768/665 668/767/664 671/770/667
s 38
f 673/772/669 674/773/670 675/774/671
f 675/774/671 676/775/672 673/772/669
f 674/773/670 677/776/673 678/777/674
f 678/777/674 675/774/671 674/773/670
f 676/775/672 675/774/671 679/778/675
f 679/778/675 680/779/676 676/775/672
f 675/774/671 678/777/674 681/780/677
f 681/780/677 679/778/675 675/774/671
f 682/781/678 680/779/676 679/778/675
f 679/778/675 683/782/679 682/781/678
f 683/782/679 679/778/675 681/780/677
f 681/780/677 684/783/680 683/782/679
s 39
f 685/784/681 686/785/682 687/786/683
f 687/786/683 688/787/684 685/784/681
f 689/788/685 690/789/686 686/785/682
f 686/785/682 685/784/681 689/788/685
f 688/787/684 691/790/687 692/791/688
f 692/791/688 685/784/681 688/787/684
f 685/784/681 692/791/688 693/792/689
f 693/792/689 689/788/685 685/784/681
f 694/793/690 695/794/691 692/791/688
f 692/791/688 691/790/687 694/793/690
f 695/794/691 696/795/692 693/792/689
f 693/792/689 692/791/688 695/794/691
s 40
f 697/796/693 698/797/694 699/798/695
f 699/798/695 700/799/696 697/796/693
f 698/797/694 701/800/697 702/801/698
f 702/801/698 699/798/695 698/797/694
f 700/799/696 699/798/695 703/802/699
f 703/802/699 704/803/700 700/799/696
f 699/798/695 702/801/698 705/804/701
f 705/804/701 703/802/699 699/798/695
f 706/805/702 704/803/700 703/802/699
f 703/802/699 707/806/703 706/805/702
f 707/806/703 703/802/699 705/804/701
f 705/804/701 708/807/704 707/806/703
s 41
f 709/808/705 710/809/706 711/810/707
f 711/810/707 712/811/708 709/808/705
f 713/812/709 714/813/710 710/809/706
f 710/809/706 709/808/705 713/812/709
f 712/811/708 715/814/711 716/815/712
f 716/815/712 709/808/705 712/811/708
f 709/808/705 716/815/712 717/816/713
f 717/816/713 713/812/709 709/808/705
f 718/817/714 719/818/715 716/815/712
f 716/815/712 715/814/711 718/817/714
f 719/818/715 720/819/716 717/816/713
f 717/816/713 716/815/712 719/818/715
s 42
f 721/820/717 722/821/718 723/822/719
f 723/822/719 724/823/720 721/820/717
f 722/821/718 725/824/721 726/825/722
f 726/825/722 723/822/719 722/821/718
f 724/823/720 723/822/719 727/826/723
f 727/826/723 728/827/724 724/823/720
f 723/822/719 726/825/722 729/828/725
f 729/828/725 727/826/723 723/822/719
f 730/829/726 728/827/724 727/826/723
f 727/826/723 731/830/727 730/829/726
f 731/830/727 727/826/723 729/828/725
f 729/828/725 732/831/728 731/830/727
s 43
f 733/832/729 734/833/730 735/834/731
f 735/834/731 736/835/732 733/832/729
f 737/836/733 738/837/734 734/833/730
f 734/833/730 733/832/729 737/836/733
f 736/835/732 739/838/735 740/839/736
f 740/839/736 733/832/729 736/835/732
f 733/832/729 740/839/736 741/840/737
f 741/840/737 737/836/733 733/832/729
f 742/841/738 743/842/739 740/839/736
f 740/839/736 739/838/735 742/841/738
f 743/842/739 744/843/740 741/840/737
f 741/840/737 740/839/736 743/842/739
s 8
f 207/270/203 208/272/204 206/269/202
f 206/269/202 205/268/201 207/270/203
s 44
f 745/844/741 746/845/742 747/846/743
f 748/847/744 745/844/741 749/848/745
f 750/849/746 748/847/744 751/850/747
f 752/851/748 750/849/746 753/852/749
f 746/845/742 752/851/748 754/853/750
f 746/845/742 745/844/741 755/854/751
f 745/844/741 748/847/744 755/854/751
f 748/847/744 750/849/746 755/854/751
f 750/849/746 752/851/748 755/854/751
f 752/851/748 746/845/742 755/854/751
s 45
f 756/855/752 757/856/753 758/857/754
f 759/858/755 756/855/752 760/859/756
f 761/860/757 759/858/755 762/861/758
f 763/862/759 761/860/757 764/863/760
f 757/856/753 763/862/759 765/864/761
f 757/856/753 756/855/752 766/865/762
f 756/855/752 759/858/755 766/865/762
f 759/858/755 761/860/757 766/865/762
f 761/860/757 763/862/759 766/865/762
f 763/862/759 757/856/753 766/865/762
s 46
f 767/866/763 768/867/764 769/868/765
f 770/869/766 767/866/763 771/870/767
f 772/871/768 770/869/766 773/872/769
f 774/873/770 772/871/768 775/874/771
f 768/867/764 774/873/770 776/875/772
f 768/867/764 767/866/763 777/876/773
f 767/866/763 770/869/766 777/876/773
f 770/869/766 772/871/768 777/876/773
f 772/871/768 774/873/770 777/876/773
f 774/873/770 768/867/764 777/876/773
s 47
f 778/877/774 779/878/775 780/879/776
f 781/880/777 778/877/774 782/881/778
f 783/882/779 781/880/777 784/883/780
f 785/884/781 783/882/779 786/885/782
f 779/878/775 785/884/781 787/886/783
f 779/878/775 778/877/774 788/887/784
f 778/877/774 781/880/777 788/887/784
f 781/880/777 783/882/779 788/887/784
f 783/882/779 785/884/781 788/887/784
f 785/884/781 779/878/775 788/887/784
s 48
f 789/888/785 790/889/786 791/890/787
f 792/891/788 789/888/785 793/892/789
f 794/893/790 792/891/788 795/894/791
f 796/895/792 794/893/790 797/896/793
f 790/889/786 796/895/792 798/897/794
f 790/889/786 789/888/785 799/898/795
f 789/888/785 792/891/788 799/898/795
f 792/891/788 794/893/790 799/898/795
f 794/893/790 796/895/792 799/898/795
f 796/895/792 790/889/786 799/898/795
s 49
f 800/899/796 801/900/797 802/901/798
f 803/902/799 804/903/800 800/899/796
f 805/904/801 806/905/802 803/902/799
f 807/906/803 808/907/804 805/904/801
f 802/901/798 809/908/805 807/906/803
f 802/901/798 810/909/806 800/899/796
f 800/899/796 810/909/806 803/902/799
f 803/902/799 810/909/806 805/904/801
f 805/904/801 810/909/806 807/906/803
f 807/906/803 810/909/806 802/901/798
s 50
f 811/910/807 812/911/808 813/912/809
f 814/913/810 815/914/811 811/910/807
f 816/915/812 817/916/813 814/913/810
f 818/917/814 819/918/815 816/915/812
f 813/912/809 820/919/816 818/917/814
f 813/912/809 821/920/817 811/910/807
f 811/910/807 821/920/817 814/913/810
f 814/913/810 821/920/817 816/915/812
f 816/915/812 821/920/817 818/917/814
f 818/917/814 821/920/817 813/912/809
s 51
f 822/921/818 823/922/819 824/923/820
f 825/924/821 826/925/822 822/921/818
f 827/926/823 828/927/824 825/924/821
f 829/928/825 830/929/826 827/926/823
f 824/923/820 831/930/827 829/928/825
f 824/923/820 832/931/828 822/921/818
f 822/921/818 832/931/828 825/924/821
f 825/924/821 832/931/828 827/926/823
f 827/926/823 832/931/828 829/928/825
f 829/928/825 832/931/828 824/923/820
s 52
f 833/932/829 834/933/830 835/934/831
f 836/935/832 837/936/833 833/932/829
f 838/937/834 839/938/835 836/935/832
f 840/939/836 841/940/837 838/937/834
f 835/934/831 842/941/838 840/939/836
f 835/934/831 843/942/839 833/932/829
f 833/932/829 843/942/839 836/935/832
f 836/935/832 843/942/839 838/937/834
f 838/937/834 843/942/839 840/939/836
f 840/939/836 843/942/839 835/934/831
s 53
f 844/943/840 845/944/841 846/945/842
f 847/946/843 848/947/844 844/943/840
f 849/948/845 850/949/846 847/946/843
f 851/950/847 852/951/848 849/948/845
f 846/945/842 853/952/849 851/950/847
f 846/945/842 854/953/850 844/943/840
f 844/943/840 854/953/850 847/946/843
f 847/946/843 854/953/850 849/948/845
f 849/948/845 854/953/850 851/950/847
f 851/950/847 854/953/850 846/945/842
s 54
f 855/954/851 856/955/852 857/956/853
f 857/956/853 858/957/854 855/954/851
f 859/958/855 860/959/856 861/960/857
f 861/960/857 862/961/858 859/958/855
f 863/962/859 864/963/860 865/964/861
f 865/964/861 866/965/862 863/962/859
f 867/966/863 868/967/864 869/968/865
f 869/968/865 870/969/866 867/966/863
f 871/970/867 872/971/868 873/972/869
f 873/972/869 874/973/870 871/970/867
f 875/974/871 876/975/872 877/976/873
f 877/976/873 878/977/874 875/974/871
f 879/978/875 880/979/876 881/980/877
f 881/980/877 882/981/878 879/978/875
f 883/982/879 884/983/880 885/984/881
f 885/984/881 886/985/882 883/982/879
f 858/957/854 887/986/883 888/987/884
f 888/987/884 855/954/851 858/957/854
f 862/961/858 889/988/885 890/989/886
f 890/989/886 859/958/855 862/961/858
f 866/965/862 891/990/887 892/991/888
f 892/991/888 863/962/859 866/965/862
f 870/969/866 893/992/889 894/993/890
f 894/993/890 867/966/863 870/969/866
f 874/973/870 895/994/891 896/995/892
f 896/995/892 871/970/867 874/973/870
f 878/977/874 897/996/893 898/997/894
f 898/997/894 875/974/871 878/977/874
f 882/981/878 899/998/895 900/999/896
f 900/999/896 879/978/875 882/981/878
f 886/985/882 901/1000/897 902/1001/898
f 902/1001/898 883/982/879 886/985/882
f 887/986/883 903/1002/899 904/1003/900
f 904/1003/900 888/987/884 887/986/883
f 889/988/885 905/1004/901 906/1005/902
f 906/1005/902 890/989/886 889/988/885
f 891/990/887 907/1006/903 908/1007/904
f 908/1007/904 892/991/888 891/990/887
f 893/992/889 909/1008/905 910/1009/906
f 910/1009/906 894/993/890 893/992/889
f 895/994/891 911/1010/907 912/1011/908
f 912/1011/908 896/995/892 895/994/891
f 897/996/893 913/1012/909 914/1013/910
f 914/1013/910 898/997/894 897/996/893
f 899/998/895 915/1014/911 916/1015/912
f 916/1015/912 900/999/896 899/998/895
f 901/1000/897 917/1016/913 918/1017/914
f 918/1017/914 902/1001/898 901/1000/897
f 903/1002/899 919/1018/915 920/1019/916
f 920/1019/916 904/1003/900 903/1002/899
f 905/1004/901 921/1020/917 922/1021/918
f 922/1021/918 906/1005/902 905/1004/901
f 907/1006/903 923/1022/919 924/1023/920
f 924/1023/920 908/1007/904 907/1006/903
f 909/1008/905 925/1024/921 926/1025/922
f 926/1025/922 910/1009/906 909/1008/905
f 911/1010/907 927/1026/923 928/1027/924
f 928/1027/924 912/1011/908 911/1010/907
f 913/1012/909 929/1028/925 930/1029/926
f 930/1029/926 914/1013/910 913/1012/909
f 915/1014/911 931/1030/927 932/1031/928
f 932/1031/928 916/1015/912 915/1014/911
f 917/1016/913 933/1032/929 934/1033/930
f 934/1033/930 918/1017/914 917/1016/913
f 919/1018/915 935/1034/931 936/1035/932
f 936/1035/932 920/1019/916 919/1018/915
f 921/1020/917 937/1036/933 938/1037/934
f 938/1037/934 922/1021/918 921/1020/917
f 923/1022/919 939/1038/935 940/1039/936
f 940/1039/936 924/1023/920 923/1022/919
f 925/1024/921 941/1040/937 942/1041/938
f 942/1041/938 926/1025/922 925/1024/921
f 927/1026/923 943/1042/939 944/1043/940
f 944/1043/940 928/1027/924 927/1026/923
f 929/1028/925 945/1044/941 946/1045/942
f 946/1045/942 930/1029/926 929/1028/925
f 931/1030/927 947/1046/943 948/1047/944
f 948/1047/944 932/1031/928 931/1030/927
f 933/1032/929 949/1048/945 950/1049/946
f 950/1049/946 934/1033/930 933/1032/929
f 935/1034/931 951/1050/947 952/1051/948
f 952/1051/948 936/1035/932 935/1034/931
f 937/1036/933 953/1052/949 954/1053/950
f 954/1053/950 938/1037/934 937/1036/933
f 939/1038/935 955/1054/951 956/1055/952
f 956/1055/952 940/1039/936 939/1038/935
f 941/1040/937 957/1056/953 958/1057/954
f 958/1057/954 942/1041/938 941/1040/937
f 943/1042/939 959/1058/955 960/1059/956
f 960/1059/956 944/1043/940 943/1042/939
f 945/1044/941 961/1060/957 962/1061/958
f 962/1061/958 946/1045/942 945/1044/941
f 947/1046/943 963/1062/959 964/1063/960
f 964/1063/960 948/1047/944 947/1046/943
f 949/1048/945 965/1064/961 966/1065/962
f 966/1065/962 950/1049/946 949/1048/945
f 967/1066/963 968/1067/964 887/986/883
f 887/986/883 858/957/854 967/1066/963
f 968/1067/964 969/1068/965 903/1002/899
f 903/1002/899 887/986/883 968/1067/964
f 969/1068/965 970/1069/966 919/1018/915
f 919/1018/915 903/1002/899 969/1068/965
f 970/1069/966 971/1070/967 935/1034/931
f 935/1034/931 919/1018/915 970/1069/966
f 971/1070/967 972/1071/968 951/1050/947
f 951/1050/947 935/1034/931 971/1070/967
f 973/1072/969 974/1073/970 936/1074/932
f 936/1074/932 952/1075/948 973/1072/969
f 974/1073/970 975/1076/971 920/1077/916
f 920/1077/916 936/1074/932 974/1073/970
f 975/1076/971 976/1078/972 904/1079/900
f 904/1079/900 920/1077/916 975/1076/971
f 976/1078/972 977/1080/973 888/1081/884
f 888/1081/884 904/1079/900 976/1078/972
f 977/1080/973 978/1082/974 855/1083/851
f 855/1083/851 888/1081/884 977/1080/973
f 978/1082/974 977/1080/973 889/988/885
f 889/988/885 862/961/858 978/1082/974
f 977/1080/973 976/1078/972 905/1004/901
f 905/1004/901 889/988/885 977/1080/973
f 976/1078/972 975/1076/971 921/1020/917
f 921/1020/917 905/1004/901 976/1078/972
f 975/1076/971 974/1073/970 937/1036/933
f 937/1036/933 921/1020/917 975/1076/971
f 974/1073/970 973/1072/969 953/1052/949
f 953/1052/949 937/1036/933 974/1073/970
f 979/1084/975 980/1085/976 938/1037/934
f 938/1037/934 954/1053/950 979/1084/975
f 980/1085/976 981/1086/977 922/1021/918
f 922/1021/918 938/1037/934 980/1085/976
f 981/1086/977 982/1087/978 906/1005/902
f 906/1005/902 922/1021/918 981/1086/977
f 982/1087/978 983/1088/979 890/989/886
f 890/989/886 906/1005/902 982/1087/978
f 983/1088/979 984/1089/980 859/958/855
f 859/958/855 890/989/886 983/1088/979
f 984/1089/980 983/1088/979 891/990/887
f 891/990/887 866/965/862 984/1089/980
f 983/1088/979 982/1087/978 907/1006/903
f 907/1006/903 891/990/887 983/1088/979
f 982/1087/978 981/1086/977 923/1022/919
f 923/1022/919 907/1006/903 982/1087/978
f 981/1086/977 980/1085/976 939/1038/935
f 939/1038/935 923/1022/919 981/1086/977
f 980/1085/976 979/1084/975 955/1054/951
f 955/1054/951 939/1038/935 980/1085/976
f 985/1090/981 986/1091/982 940/1039/936
f 940/1039/936 956/1055/952 985/1090/981
f 986/1091/982 987/1092/983 924/1023/920
f 924/1023/920 940/1039/936 986/1091/982
f 987/1092/983 988/1093/984 908/1007/904
f 908/1007/904 924/1023/920 987/1092/983
f 988/1093/984 989/1094/985 892/991/888
f 892/991/888 908/1007/904 988/1093/984
f 989/1094/985 990/1095/986 863/962/859
f 863/962/859 892/991/888 989/1094/985
f 990/1095/986 989/1094/985 893/992/889
f 893/992/889 870/969/866 990/1095/986
f 989/1094/985 988/1093/984 909/1008/905
f 909/1008/905 893/992/889 989/1094/985
f 988/1093/984 987/1092/983 925/1024/921
f 925/1024/921 909/1008/905 988/1093/984
f 987/1092/983 986/1091/982 941/1040/937
f 941/1040/937 925/1024/921 987/1092/983
f 986/1091/982 985/1090/981 957/1056/953
f 957/1056/953 941/1040/937 986/1091/982
f 991/1096/987 992/1097/988 942/1041/938
f 942/1041/938 958/1057/954 991/1096/987
f 992/1097/988 993/1098/989 926/1025/922
f 926/1025/922 942/1041/938 992/1097/988
f 993/1098/989 994/1099/990 910/1009/906
f 910/1009/906 926/1025/922 993/1098/989
f 994/1099/990 995/1100/991 894/993/890
f 894/993/890 910/1009/906 994/1099/990
f 995/1100/991 996/1101/992 867/966/863
f 867/966/863 894/993/890 995/1100/991
f 996/1101/992 995/1100/991 895/994/891
f 895/994/891 874/973/870 996/1101/992
f 995/1100/991 994/1099/990 911/1010/907
f 911/1010/907 895/994/891 995/1100/991
f 994/1099/990 993/1098/989 927/1026/923
f 927/1026/923 911/1010/907 994/1099/990
f 993/1098/989 992/1097/988 943/1042/939
f 943/1042/939 927/1026/923 993/1098/989
f 992/1097/988 991/1096/987 959/1058/955
f 959/1058/955 943/1042/939 992/1097/988
f 997/1102/993 998/1103/994 944/1043/940
f 944/1043/940 960/1059/956 997/1102/993
f 998/1103/994 999/1104/995 928/1027/924
f 928/1027/924 944/1043/940 998/1103/994
f 999/1104/995 1000/1105/996 912/1011/908
f 912/1011/908 928/1027/924 999/1104/995
f 1000/1105/996 1001/1106/997 896/995/892
f 896/995/892 912/1011/908 1000/1105/996
f 1001/1106/997 1002/1107/998 871/970/867
f 871/970/867 896/995/892 1001/1106/997
f 1002/1107/998 1001/1106/997 897/996/893
f 897/996/893 878/977/874 1002/1107/998
f 1001/1106/997 1000/1105/996 913/1012/909
f 913/1012/909 897/996/893 1001/1106/997
f 1000/1105/996 999/1104/995 929/1028/925
f 929/1028/925 913/1012/909 1000/1105/996
f 999/1104/995 998/1103/994 945/1044/941
f 945/1044/941 929/1028/925 999/1104/995
f 998/1103/994 997/1102/993 961/1060/957
f 961/1060/957 945/1044/941 998/1103/994
f 1003/1108/999 1004/1109/1000 946/1045/942
f 946/1045/942 962/1061/958 1003/1108/999
f 1004/1109/1000 1005/1110/1001 930/1029/926
f 930/1029/926 946/1045/942 1004/1109/1000
f 1005/1110/1001 1006/1111/1002 914/1013/910
f 914/1013/910 930/1029/926 1005/1110/1001
f 1006/1111/1002 1007/1112/1003 898/997/894
f 898/997/894 914/1013/910 1006/1111/1002
f 1007/1112/1003 1008/1113/1004 875/974/871
f 875/974/871 898/997/894 1007/1112/1003
f 1008/1113/1004 1007/1112/1003 899/998/895
f 899/998/895 882/981/878 1008/1113/1004
f 1007/1112/1003 1006/1111/1002 915/1014/911
f 915/1014/911 899/998/895 1007/1112/1003
f 1006/1111/1002 1005/1110/1001 931/1030/927
f 931/1030/927 915/1014/911 1006/1111/1002
f 1005/1110/1001 1004/1109/1000 947/1046/943
f 947/1046/943 931/1030/927 1005/1110/1001
f 1004/1109/1000 1003/1108/999 963/1062/959
f 963/1062/959 947/1046/943 1004/1109/1000
f 1009/1114/1005 1010/1115/1006 948/1047/944
f 948/1047/944 964/1063/960 1009/1114/1005
f 1010/1115/1006 1011/1116/1007 932/1031/928
f 932/1031/928 948/1047/944 1010/1115/1006
f 1011/1116/1007 1012/1117/1008 916/1015/912
f 916/1015/912 932/1031/928 1011/1116/1007
f 1012/1117/1008 1013/1118/1009 900/999/896
f 900/999/896 916/1015/912 1012/1117/1008
f 1013/1118/1009 1014/1119/1010 879/978/875
f 879/978/875 900/999/896 1013/1118/1009
f 1014/1119/1010 1013/1118/1009 901/1000/897
f 901/1000/897 886/985/882 1014/1119/1010
f 1013/1118/1009 1012/1117/1008 917/1016/913
f 917/1016/913 901/1000/897 1013/1118/1009
f 1012/1117/1008 1011/1116/1007 933/1032/929
f 933/1032/929 917/1016/913 1012/1117/1008
f 1011/1116/1007 1010/1115/1006 949/1048/945
f 949/1048/945 933/1032/929 1011/1116/1007
f 1010/1115/1006 1009/1114/1005 965/1064/961
f 965/1064/961 949/1048/945 1010/1115/1006
f 972/1071/968 971/1070/967 950/1049/946
f 950/1049/946 966/1065/962 972/1071/968
f 971/1070/967 970/1069/966 934/1033/930
f 934/1033/930 950/1049/946 971/1070/967
f 970/1069/966 969/1068/965 918/1017/914
f 918/1017/914 934/1033/930 970/1069/966
f 969/1068/965 968/1067/964 902/1001/898
f 902/1001/898 918/1017/914 969/1068/965
f 968/1067/964 967/1066/963 883/982/879
f 883/982/879 902/1001/898 968/1067/964
f 1015/1120/1011 1016/1121/1012 1017/1122/1013
f 1017/1122/1013 1018/1123/1014 1015/1120/1011
f 1016/1121/1012 1019/1124/1015 1017/1122/1013
f 1019/1124/1015 1020/1125/1016 1021/1126/1017
f 1021/1126/1017 1017/1122/1013 1019/1124/1015
f 1020/1125/1016 1022/1127/1018 1021/1126/1017
f 1022/1127/1018 1023/1128/1019 1024/1129/1020
f 1024/1129/1020 1021/1126/1017 1022/1127/1018
f 1023/1130/1019 1025/1131/1021 1024/1132/1020
f 1025/1131/1021 1026/1133/1022 1018/1123/1014
f 1018/1123/1014 1024/1132/1020 1025/1131/1021
f 1026/1133/1022 1015/1120/1011 1018/1123/1014
f 973/1072/969 952/1075/948 1027/1134/1023
f 952/1051/948 951/1050/947 1028/1135/1024
f 1028/1135/1024 1027/1136/1023 952/1051/948
f 951/1050/947 972/1071/968 1028/1135/1024
f 979/1084/975 954/1053/950 1029/1137/1025
f 954/1053/950 953/1052/949 1027/1134/1023
f 1027/1134/1023 1029/1137/1025 954/1053/950
f 953/1052/949 973/1072/969 1027/1134/1023
f 985/1090/981 956/1055/952 1030/1138/1026
f 956/1055/952 955/1054/951 1029/1137/1025
f 1029/1137/1025 1030/1138/1026 956/1055/952
f 955/1054/951 979/1084/975 1029/1137/1025
f 991/1096/987 958/1057/954 1031/1139/1027
f 958/1057/954 957/1056/953 1030/1138/1026
f 1030/1138/1026 1031/1139/1027 958/1057/954
f 957/1056/953 985/1090/981 1030/1138/1026
f 997/1102/993 960/1059/956 1032/1140/1028
f 960/1059/956 959/1058/955 1031/1139/1027
f 1031/1139/1027 1032/1140/1028 960/1059/956
f 959/1058/955 991/1096/987 1031/1139/1027
f 1003/1108/999 962/1061/958 1033/1141/1029
f 962/1061/958 961/1060/957 1032/1140/1028
f 1032/1140/1028 1033/1141/1029 962/1061/958
f 961/1060/957 997/1102/993 1032/1140/1028
f 1009/1114/1005 964/1063/960 1034/1142/1030
f 964/1063/960 963/1062/959 1033/1141/1029
f 1033/1141/1029 1034/1142/1030 964/1063/960
f 963/1062/959 1003/1108/999 1033/1141/1029
f 972/1071/968 966/1065/962 1028/1135/1024
f 966/1065/962 965/1064/961 1034/1142/1030
f 1034/1142/1030 1028/1135/1024 966/1065/962
f 965/1064/961 1009/1114/1005 1034/1142/1030
f 868/967/864 1035/1143/1031 1036/1144/1032
f 864/963/860 1037/1145/1033 1038/1146/1034
f 860/959/856 1039/1147/1035 1040/1148/1036
f 856/1149/852 1041/1150/1037 1042/1151/1038
f 884/983/880 1043/1152/1039 1044/1153/1040
f 880/979/876 1045/1154/1041 1046/1155/1042
f 876/975/872 1047/1156/1043 1048/1157/1044
f 872/971/868 1049/1158/1045 1050/1159/1046
f 1035/1143/1031 873/972/869 1036/1144/1032
f 1049/1158/1045 877/976/873 1050/1159/1046
f 1047/1156/1043 881/980/877 1048/1157/1044
f 1045/1154/1041 885/984/881 1046/1155/1042
f 1043/1152/1039 857/956/853 1044/1153/1040
f 1041/1150/1037 861/960/857 1042/1151/1038
f 1039/1147/1035 865/964/861 1040/1148/1036
f 1037/1145/1033 869/968/865 1038/1146/1034
f 1023/1160/1019 1022/1161/1018 1036/1144/1032
f 1036/1144/1032 1050/1159/1046 1023/1160/1019
f 1022/1161/1018 1020/1162/1016 1038/1146/1034
f 1038/1146/1034 1036/1144/1032 1022/1161/1018
f 1020/1162/1016 1019/1163/1015 1040/1148/1036
f 1040/1148/1036 1038/1146/1034 1020/1162/1016
f 1019/1163/1015 1016/1164/1012 1042/1151/1038
f 1042/1151/1038 1040/1148/1036 1019/1163/1015
f 1016/1165/1012 1015/1166/1011 1044/1153/1040
f 1044/1153/1040 1042/1167/1038 1016/1165/1012
f 1015/1166/1011 1026/1168/1022 1046/1155/1042
f 1046/1155/1042 1044/1153/1040 1015/1166/1011
f 1026/1168/1022 1025/1169/1021 1048/1157/1044
f 1048/1157/1044 1046/1155/1042 1026/1168/1022
f 1025/1169/1021 1023/1160/1019 1050/1159/1046
f 1050/1159/1046 1048/1157/1044 1025/1169/1021
f 1042/1167/1038 1044/1153/1040 857/956/853
f 857/956/853 856/955/852 1042/1167/1038
f 1040/1148/1036 1042/1151/1038 861/960/857
f 861/960/857 860/959/856 1040/1148/1036
f 1038/1146/1034 1040/1148/1036 865/964/861
f 865/964/861 864/963/860 1038/1146/1034
f 1036/1144/1032 1038/1146/1034 869/968/865
f 869/968/865 868/967/864 1036/1144/1032
f 1050/1159/1046 1036/1144/1032 873/972/869
f 873/972/869 872/971/868 1050/1159/1046
f 1048/1157/1044 1050/1159/1046 877/976/873
f 877/976/873 876/975/872 1048/1157/1044
f 1046/1155/1042 1048/1157/1044 881/980/877
f 881/980/877 880/979/876 1046/1155/1042
f 1044/1153/1040 1046/1155/1042 885/984/881
f 885/984/881 884/983/880 1044/1153/1040
f 868/967/864 867/966/863 996/1101/992
f 996/1101/992 1035/1143/1031 868/967/864
f 864/963/860 863/962/859 990/1095/986
f 990/1095/986 1037/1145/1033 864/963/860
f 860/959/856 859/958/855 984/1089/980
f 984/1089/980 1039/1147/1035 860/959/856
f 856/1149/852 855/1083/851 978/1082/974
f 978/1082/974 1041/1150/1037 856/1149/852
f 884/983/880 883/982/879 967/1066/963
f 967/1066/963 1043/1152/1039 884/983/880
f 880/979/876 879/978/875 1014/1119/1010
f 1014/1119/1010 1045/1154/1041 880/979/876
f 876/975/872 875/974/871 1008/1113/1004
f 1008/1113/1004 1047/1156/1043 876/975/872
f 872/971/868 871/970/867 1002/1107/998
f 1002/1107/998 1049/1158/1045 872/971/868
f 1035/1143/1031 996/1101/992 874/973/870
f 874/973/870 873/972/869 1035/1143/1031
f 1049/1158/1045 1002/1107/998 878/977/874
f 878/977/874 877/976/873 1049/1158/1045
f 1047/1156/1043 1008/1113/1004 882/981/878
f 882/981/878 881/980/877 1047/1156/1043
f 1045/1154/1041 1014/1119/1010 886/985/882
f 886/985/882 885/984/881 1045/1154/1041
f 1043/1152/1039 967/1066/963 858/957/854
f 858/957/854 857/956/853 1043/1152/1039
f 1041/1150/1037 978/1082/974 862/961/858
f 862/961/858 861/960/857 1041/1150/1037
f 1039/1147/1035 984/1089/980 866/965/862
f 866/965/862 865/964/861 1039/1147/1035
f 1037/1145/1033 990/1095/986 870/969/866
f 870/969/866 869/968/865 1037/1145/1033
f 1051/1170/1047 1052/1171/1048 1053/1172/1049
f 1053/1172/1049 1054/1173/1050 1051/1170/1047
f 1052/1174/1048 1055/1175/1051 1056/1176/1052
f 1056/1176/1052 1053/1177/1049 1052/1174/1048
f 1055/1175/1051 1057/1178/1053 1058/1179/1054
f 1058/1179/1054 1056/1176/1052 1055/1175/1051
f 1057/1178/1053 1051/1170/1047 1054/1173/1050
f 1054/1173/1050 1058/1179/1054 1057/1178/1053
f 1059/1180/1055 1060/1181/1056 1061/1182/1057
f 1061/1182/1057 1062/1183/1058 1059/1180/1055
f 1060/1184/1056 1063/1185/1059 1064/1186/1060
f 1064/1186/1060 1061/1187/1057 1060/1184/1056
f 1063/1185/1059 1065/1188/1061 1066/1189/1062
f 1066/1189/1062 1064/1186/1060 1063/1185/1059
f 1065/1188/1061 1059/1180/1055 1062/1183/1058
f 1062/1183/1058 1066/1189/1062 1065/1188/1061
f 1062/1183/1058 1061/1182/1057 1067/1190/1063
f 1067/1190/1063 1068/1191/1064 1062/1183/1058
f 1061/1187/1057 1064/1186/1060 1069/1192/1065
f 1069/1192/1065 1067/1193/1063 1061/1187/1057
f 1064/1186/1060 1066/1189/1062 1070/1194/1066
f 1070/1194/1066 1069/1192/1065 1064/1186/1060
f 1066/1189/1062 1062/1183/1058 1068/1191/1064
f 1068/1191/1064 1070/1194/1066 1066/1189/1062
f 1071/1195/1067 1072/1196/1068 1073/1197/1069
f 1073/1197/1069 1074/1198/1070 1071/1195/1067
f 1072/1199/1068 1075/1200/1071 1076/1201/1072
f 1076/1201/1072 1073/1202/1069 1072/1199/1068
f 1075/1200/1071 1077/1203/1073 1078/1204/1074
f 1078/1204/1074 1076/1201/1072 1075/1200/1071
f 1077/1203/1073 1071/1195/1067 1074/1198/1070
f 1074/1198/1070 1078/1204/1074 1077/1203/1073
f 1074/1198/1070 1073/1197/1069 1079/1205/1075
f 1079/1205/1075 1080/1206/1076 1074/1198/1070
f 1073/1202/1069 1076/1201/1072 1081/1207/1077
f 1081/1207/1077 1079/1208/1075 1073/1202/1069
f 1076/1201/1072 1078/1204/1074 1082/1209/1078
f 1082/1209/1078 1081/1207/1077 1076/1201/1072
f 1078/1204/1074 1074/1198/1070 1080/1206/1076
f 1080/1206/1076 1082/1209/1078 1078/1204/1074
f 1080/1206/1076 1079/1205/1075 1083/1210/1079
f 1083/1210/1079 1084/1211/1080 1080/1206/1076
f 1079/1208/1075 1081/1207/1077 1085/1212/1081
f 1085/1212/1081 1083/1213/1079 1079/1208/1075
f 1081/1207/1077 1082/1209/1078 1086/1214/1082
f 1086/1214/1082 1085/1212/1081 1081/1207/1077
f 1080/1206/1076 1084/1211/1080 1086/1214/1082
f 1086/1214/1082 1082/1209/1078 1080/1206/1076
f 1084/1211/1080 1083/1210/1079 1087/1215/1083
f 1087/1215/1083 1088/1216/1084 1084/1211/1080
f 1083/1213/1079 1085/1212/1081 1089/1217/1085
f 1089/1217/1085 1087/1218/1083 1083/1213/1079
f 1085/1212/1081 1086/1214/1082 1090/1219/1086
f 1090/1219/1086 1089/1217/1085 1085/1212/1081
f 1086/1214/1082 1084/1211/1080 1088/1216/1084
f 1088/1216/1084 1090/1219/1086 1086/1214/1082
f 1088/1216/1084 1087/1215/1083 1091/1220/1087
f 1091/1220/1087 1092/1221/1088 1088/1216/1084
f 1087/1218/1083 1089/1217/1085 1093/1222/1089
f 1093/1222/1089 1091/1223/1087 1087/1218/1083
f 1089/1217/1085 1090/1219/1086 1094/1224/1090
f 1094/1224/1090 1093/1222/1089 1089/1217/1085
f 1090/1219/1086 1088/1216/1084 1092/1221/1088
f 1092/1221/1088 1094/1224/1090 1090/1219/1086
f 1092/1221/1088 1091/1220/1087 1095/1225/1091
f 1095/1225/1091 1096/1226/1092 1092/1221/1088
f 1091/1223/1087 1093/1222/1089 1097/1227/1093
f 1097/1227/1093 1095/1228/1091 1091/1223/1087
f 1093/1222/1089 1094/1224/1090 1098/1229/1094
f 1098/1229/1094 1097/1227/1093 1093/1222/1089
f 1094/1224/1090 1092/1221/1088 1096/1226/1092
f 1096/1226/1092 1098/1229/1094 1094/1224/1090
f 1096/1226/1092 1095/1225/1091 1099/1230/1095
f 1099/1230/1095 1100/1231/1096 1096/1226/1092
f 1095/1228/1091 1097/1227/1093 1101/1232/1097
f 1101/1232/1097 1099/1233/1095 1095/1228/1091
f 1097/1227/1093 1098/1229/1094 1102/1234/1098
f 1102/1234/1098 1101/1232/1097 1097/1227/1093
f 1098/1229/1094 1096/1226/1092 1100/1231/1096
f 1100/1231/1096 1102/1234/1098 1098/1229/1094
f 1100/1231/1096 1099/1230/1095 1103/1235/1099
f 1103/1235/1099 1104/1236/1100 1100/1231/1096
f 1099/1233/1095 1101/1232/1097 1105/1237/1101
f 1105/1237/1101 1103/1238/1099 1099/1233/1095
f 1101/1232/1097 1102/1234/1098 1106/1239/1102
f 1106/1239/1102 1105/1237/1101 1101/1232/1097
f 1102/1234/1098 1100/1231/1096 1104/1236/1100
f 1104/1236/1100 1106/1239/1102 1102/1234/1098
f 1104/1236/1100 1103/1235/1099 1107/1240/1103
f 1107/1240/1103 1108/1241/1104 1104/1236/1100
f 1103/1238/1099 1105/1237/1101 1109/1242/1105
f 1109/1242/1105 1107/1243/1103 1103/1238/1099
f 1105/1237/1101 1106/1239/1102 1110/1244/1106
f 1110/1244/1106 1109/1242/1105 1105/1237/1101
f 1106/1239/1102 1104/1236/1100 1108/1241/1104
f 1108/1241/1104 1110/1244/1106 1106/1239/1102
f 1108/1241/1104 1107/1240/1103 1111/1245/1107
f 1111/1245/1107 1112/1246/1108 1108/1241/1104
f 1107/1243/1103 1109/1242/1105 1113/1247/1109
f 1113/1247/1109 1111/1248/1107 1107/1243/1103
f 1109/1242/1105 1110/1244/1106 1114/1249/1110
f 1114/1249/1110 1113/1247/1109 1109/1242/1105
f 1110/1244/1106 1108/1241/1104 1112/1246/1108
f 1112/1246/1108 1114/1249/1110 1110/1244/1106
f 1112/1246/1108 1111/1245/1107 1115/1250/1111
f 1115/1250/1111 1116/1251/1112 1112/1246/1108
f 1117/1252/1113 1115/1253/1111 1111/1248/1107
f 1117/1252/1113 1111/1248/1107 1113/1247/1109
f 1117/1252/1113 1113/1247/1109 1118/1254/1114
f 1113/1247/1109 1114/1249/1110 1119/1255/1115
f 1119/1255/1115 1118/1254/1114 1113/1247/1109
f 1114/1249/1110 1112/1246/1108 1116/1251/1112
f 1116/1251/1112 1119/1255/1115 1114/1249/1110
f 1116/1251/1112 1115/1250/1111 1120/1256/1116
f 1120/1256/1116 1121/1257/1117 1116/1251/1112
f 1115/1253/1111 1117/1252/1113 1122/1258/1118
f 1122/1258/1118 1120/1259/1116 1115/1253/1111
f 1117/1252/1113 1118/1254/1114 1123/1260/1119
f 1123/1260/1119 1122/1258/1118 1117/1252/1113
f 1118/1254/1114 1119/1255/1115 1124/1261/1120
f 1124/1261/1120 1123/1260/1119 1118/1254/1114
f 1119/1255/1115 1116/1251/1112 1121/1257/1117
f 1121/1257/1117 1124/1261/1120 1119/1255/1115
f 1121/1257/1117 1120/1256/1116 1125/1262/1121
f 1125/1262/1121 1126/1263/1122 1121/1257/1117
f 1127/1264/1123 1125/1265/1121 1120/1259/1116
f 1127/1264/1123 1120/1259/1116 1122/1258/1118
f 1127/1264/1123 1122/1258/1118 1123/1260/1119
f 1123/1260/1119 1124/1261/1120 1128/1266/1124
f 1128/1266/1124 1127/1264/1123 1123/1260/1119
f 1124/1261/1120 1121/1257/1117 1126/1263/1122
f 1126/1263/1122 1128/1266/1124 1124/1261/1120
f 1126/1263/1122 1125/1262/1121 1129/1267/1125
f 1129/1267/1125 1130/1268/1126 1126/1263/1122
f 1125/1265/1121 1127/1264/1123 1131/1269/1127
f 1131/1269/1127 1129/1270/1125 1125/1265/1121
f 1127/1264/1123 1128/1266/1124 1132/1271/1128
f 1132/1271/1128 1131/1269/1127 1127/1264/1123
f 1128/1266/1124 1126/1263/1122 1130/1268/1126
f 1130/1268/1126 1132/1271/1128 1128/1266/1124
f 1130/1268/1126 1129/1267/1125 1133/1272/1129
f 1133/1272/1129 1134/1273/1130 1130/1268/1126
f 1129/1270/1125 1131/1269/1127 1135/1274/1131
f 1135/1274/1131 1133/1275/1129 1129/1270/1125
f 1131/1269/1127 1132/1271/1128 1136/1276/1132
f 1136/1276/1132 1135/1274/1131 1131/1269/1127
f 1132/1271/1128 1130/1268/1126 1134/1273/1130
f 1134/1273/1130 1136/1276/1132 1132/1271/1128
f 1134/1273/1130 1133/1272/1129 1137/1277/1133
f 1137/1277/1133 1138/1278/1134 1134/1273/1130
f 1133/1275/1129 1135/1274/1131 1139/1279/1135
f 1139/1279/1135 1137/1280/1133 1133/1275/1129
f 1135/1274/1131 1136/1276/1132 1140/1281/1136
f 1140/1281/1136 1139/1279/1135 1135/1274/1131
f 1136/1276/1132 1134/1273/1130 1138/1278/1134
f 1138/1278/1134 1140/1281/1136 1136/1276/1132
f 1141/1282/1137 1070/1194/1066 1068/1191/1064
f 1068/1191/1064 1142/1283/1138 1141/1282/1137
f 1142/1283/1138 1068/1191/1064 1067/1190/1063
f 1067/1190/1063 1143/1284/1139 1142/1283/1138
f 1143/1285/1139 1067/1193/1063 1069/1192/1065
f 1069/1192/1065 1144/1286/1140 1143/1285/1139
f 1144/1286/1140 1069/1192/1065 1070/1194/1066
f 1070/1194/1066 1141/1282/1137 1144/1286/1140
f 1142/1283/1138 1143/1284/1139 1072/1196/1068
f 1072/1196/1068 1071/1195/1067 1142/1283/1138
f 1143/1285/1139 1144/1286/1140 1075/1200/1071
f 1075/1200/1071 1072/1199/1068 1143/1285/1139
f 1144/1286/1140 1141/1282/1137 1077/1203/1073
f 1077/1203/1073 1075/1200/1071 1144/1286/1140
f 1141/1282/1137 1142/1283/1138 1071/1195/1067
f 1071/1195/1067 1077/1203/1073 1141/1282/1137
f 1058/1179/1054 1054/1173/1050 1059/1180/1055
f 1059/1180/1055 1065/1188/1061 1058/1179/1054
f 1054/1173/1050 1053/1172/1049 1060/1181/1056
f 1060/1181/1056 1059/1180/1055 1054/1173/1050
f 1053/1177/1049 1056/1176/1052 1063/1185/1059
f 1063/1185/1059 1060/1184/1056 1053/1177/1049
f 1056/1176/1052 1058/1179/1054 1065/1188/1061
f 1065/1188/1061 1063/1185/1059 1056/1176/1052
f 1027/1136/1023 1028/1135/1024 1145/1287/1141
f 1028/1135/1024 1034/1142/1030 1145/1288/1141
f 1034/1142/1030 1033/1141/1029 1145/1289/1141
f 1033/1141/1029 1032/1140/1028 1145/1290/1141
f 1032/1140/1028 1031/1139/1027 1145/1291/1141
f 1031/1139/1027 1030/1138/1026 1145/1292/1141
f 1030/1138/1026 1029/1137/1025 1145/1293/1141
f 1029/1137/1025 1027/1134/1023 1145/1294/1141
f 1018/1295/1014 1017/1296/1013 1051/1170/1047
f 1051/1170/1047 1057/1178/1053 1018/1295/1014
f 1017/1296/1013 1021/1297/1017 1052/1171/1048
f 1052/1171/1048 1051/1170/1047 1017/1296/1013
f 1021/1298/1017 1024/1299/1020 1055/1175/1051
f 1055/1175/1051 1052/1174/1048 1021/1298/1017
f 1024/1299/1020 1018/1295/1014 1057/1178/1053
f 1057/1178/1053 1055/1175/1051 1024/1299/1020
s 55
f 1146/1300/1142 1147/1301/1143 1148/1302/1144
f 1148/1302/1144 1149/1303/1145 1146/1300/1142
f 1147/1301/1143 1150/1304/1146 1151/1305/1147
f 1151/1305/1147 1148/1302/1144 1147/1301/1143
f 1149/1303/1145 1148/1302/1144 1152/1306/1148
f 1152/1306/1148 1153/1307/1149 1149/1303/1145
f 1148/1302/1144 1151/1305/1147 1154/1308/1150
f 1154/1308/1150 1152/1306/1148 1148/1302/1144
f 1155/1309/1151 1153/1307/1149 1152/1306/1148
f 1152/1306/1148 1156/1310/1152 1155/1309/1151
f 1156/1310/1152 1152/1306/1148 1154/1308/1150
f 1154/1308/1150 1157/1311/1153 1156/1310/1152
s 56
f 1158/1312/1154 1159/1313/1155 1160/1314/1156
f 1160/1314/1156 1161/1315/1157 1158/1312/1154
f 1162/1316/1158 1163/1317/1159 1159/1313/1155
f 1159/1313/1155 1158/1312/1154 1162/1316/1158
f 1161/1315/1157 1164/1318/1160 1165/1319/1161
f 1165/1319/1161 1158/1312/1154 1161/1315/1157
f 1158/1312/1154 1165/1319/1161 1166/1320/1162
f 1166/1320/1162 1162/1316/1158 1158/1312/1154
f 1167/1321/1163 1168/1322/1164 1165/1319/1161
f 1165/1319/1161 1164/1318/1160 1167/1321/1163
f 1168/1322/1164 1169/1323/1165 1166/1320/1162
f 1166/1320/1162 1165/1319/1161 1168/1322/1164
s 54
f 1137/1324/1133 1139/1325/1135 1140/1281/1136
f 1140/1281/1136 1138/1278/1134 1137/1324/1133
s 57
f 1170/1326/1166 1171/1327/1167 1172/1328/1168
f 1172/1328/1168 1173/1329/1169 1170/1326/1166
f 1171/1327/1167 1174/1330/1170 1175/1331/1171
f 1175/1331/1171 1172/1328/1168 1171/1327/1167
f 1173/1329/1169 1172/1328/1168 1176/1332/1172
f 1176/1332/1172 1177/1333/1173 1173/1329/1169
f 1172/1328/1168 1175/1331/1171 1178/1334/1174
f 1178/1334/1174 1176/1332/1172 1172/1328/1168
f 1179/1335/1175 1177/1333/1173 1176/1332/1172
f 1176/1332/1172 1180/1336/1176 1179/1335/1175
f 1180/1336/1176 1176/1332/1172 1178/1334/1174
f 1178/1334/1174 1181/1337/1177 1180/1336/1176
s 58
f 1182/1338/1178 1183/1339/1179 1184/1340/1180
f 1184/1340/1180 1185/1341/1181 1182/1338/1178
f 1186/1342/1182 1187/1343/1183 1183/1339/1179
f 1183/1339/1179 1182/1338/1178 1186/1342/1182
f 1185/1341/1181 1188/1344/1184 1189/1345/1185
f 1189/1345/1185 1182/1338/1178 1185/1341/1181
f 1182/1338/1178 1189/1345/1185 1190/1346/1186
f 1190/1346/1186 1186/1342/1182 1182/1338/1178
f 1191/1347/1187 1192/1348/1188 1189/1345/1185
f 1189/1345/1185 1188/1344/1184 1191/1347/1187
f 1192/1348/1188 1193/1349/1189 1190/1346/1186
f 1190/1346/1186 1189/1345/1185 1192/1348/1188
s 59
f 1194/1350/1190 1195/1351/1191 1196/1352/1192
f 1196/1352/1192 1197/1353/1193 1194/1350/1190
f 1195/1351/1191 1198/1354/1194 1199/1355/1195
f 1199/1355/1195 1196/1352/1192 1195/1351/1191
f 1197/1353/1193 1196/1352/1192 1200/1356/1196
f 1200/1356/1196 1201/1357/1197 1197/1353/1193
f 1196/1352/1192 1199/1355/1195 1202/1358/1198
f 1202/1358/1198 1200/1356/1196 1196/1352/1192
f 1203/1359/1199 1201/1357/1197 1200/1356/1196
f 1200/1356/1196 1204/1360/1200 1203/1359/1199
f 1204/1360/1200 1200/1356/1196 1202/1358/1198
f 1202/1358/1198 1205/1361/1201 1204/1360/1200
s 60
f 1206/1362/1202 1207/1363/1203 1208/1364/1204
f 1208/1364/1204 1209/1365/1205 1206/1362/1202
f 1210/1366/1206 1211/1367/1207 1207/1363/1203
f 1207/1363/1203 1206/1362/1202 1210/1366/1206
f 1209/1365/1205 1212/1368/1208 1213/1369/1209
f 1213/1369/1209 1206/1362/1202 1209/1365/1205
f 1206/1362/1202 1213/1369/1209 1214/1370/1210
f 1214/1370/1210 1210/1366/1206 1206/1362/1202
f 1215/1371/1211 1216/1372/1212 1213/1369/1209
f 1213/1369/1209 1212/1368/1208 1215/1371/1211
f 1216/1372/1212 1217/1373/1213 1214/1370/1210
f 1214/1370/1210 1213/1369/1209 1216/1372/1212
