# Blender v3.3.0 OBJ File: ''
# www.blender.org
o PumpkinStage04.005
v 0.013138 0.279765 -0.147878
v 0.012870 0.243508 -0.208192
v -0.036348 0.256696 -0.207080
v -0.015853 0.287528 -0.147225
v -0.046649 0.295786 -0.133227
v -0.090703 0.271260 -0.182320
v -0.124746 0.280382 -0.145504
v -0.066721 0.301159 -0.111524
v -0.078927 0.304434 -0.079075
v -0.146269 0.286149 -0.088205
v -0.145195 0.285861 -0.037250
v -0.078295 0.304262 -0.049031
v -0.064751 0.300634 -0.017157
v -0.121278 0.279453 0.019022
v -0.085716 0.269924 0.054266
v -0.043780 0.295014 0.003627
v -0.012469 0.286620 0.016448
v -0.030410 0.255094 0.076764
v 0.018809 0.241906 0.075652
v 0.016509 0.278851 0.015794
v 0.047301 0.270611 0.001774
v 0.073166 0.227351 0.050892
v 0.107210 0.218230 0.014075
v 0.067376 0.265235 -0.019936
v 0.079592 0.261961 -0.052573
v 0.128769 0.212453 -0.043439
v 0.127695 0.212740 -0.094394
v 0.078959 0.262124 -0.082611
v 0.065420 0.265754 -0.114483
v 0.103779 0.219149 -0.150666
v 0.068217 0.228678 -0.185910
v 0.044477 0.271363 -0.135239
v 0.003506 0.181693 -0.247628
v -0.060801 0.198924 -0.246175
v -0.128969 0.217190 -0.215122
v -0.173449 0.229108 -0.167019
v -0.200442 0.236341 -0.095159
v -0.199039 0.235965 -0.028583
v -0.169044 0.227928 0.041990
v -0.122580 0.215478 0.088039
v -0.053207 0.196878 0.116200
v 0.011100 0.179647 0.114747
v 0.079271 0.161392 0.083694
v 0.123751 0.149474 0.035591
v 0.150780 0.142231 -0.036486
v 0.149377 0.142607 -0.103061
v 0.119382 0.150644 -0.173634
v 0.072918 0.163094 -0.219683
v -0.013104 0.110269 -0.261476
v -0.082709 0.128919 -0.259904
v -0.155729 0.148485 -0.226641
v -0.203873 0.161385 -0.174575
v -0.232787 0.169132 -0.097600
v -0.231268 0.168725 -0.025540
v -0.199139 0.160116 0.050056
v -0.148847 0.146641 0.099898
v -0.074498 0.126708 0.129832
v -0.004893 0.108057 0.128260
v 0.068093 0.088512 0.095213
v 0.116237 0.075612 0.043146
v 0.145188 0.067854 -0.034044
v 0.143669 0.068261 -0.106104
v 0.111539 0.076870 -0.181700
v 0.061247 0.090346 -0.231543
v -0.034432 0.040108 -0.247628
v -0.098738 0.057339 -0.246175
v -0.166907 0.075605 -0.215122
v -0.211387 0.087523 -0.167019
v -0.238380 0.094756 -0.095159
v -0.236976 0.094380 -0.028583
v -0.206982 0.086343 0.041990
v -0.160518 0.073893 0.088039
v -0.091108 0.055283 0.115984
v -0.026801 0.038052 0.114531
v 0.041334 0.019807 0.083694
v 0.085813 0.007888 0.035591
v 0.112843 0.000646 -0.036486
v 0.111440 0.001022 -0.103061
v 0.081445 0.009059 -0.173634
v 0.034981 0.021509 -0.219683
v -0.052312 0.000242 -0.208192
v -0.101531 0.013430 -0.207080
v -0.155886 0.027995 -0.182320
v -0.189929 0.037116 -0.145504
v -0.211452 0.042884 -0.088205
v -0.210378 0.042596 -0.037250
v -0.186461 0.036187 0.019022
v -0.150899 0.026659 0.054266
v -0.095554 0.011824 0.076548
v -0.046336 -0.001364 0.075436
v 0.007984 -0.015914 0.050892
v 0.042027 -0.025036 0.014075
v 0.063586 -0.030813 -0.043439
v 0.062512 -0.030525 -0.094394
v 0.038596 -0.024116 -0.150666
v 0.003034 -0.014588 -0.185910
v -0.067614 -0.016653 -0.149172
v -0.094250 -0.009516 -0.148571
v -0.127931 -0.000491 -0.133228
v -0.146355 0.004445 -0.113303
v -0.159692 0.008019 -0.077798
v -0.159111 0.007863 -0.050222
v -0.144291 0.003892 -0.015353
v -0.125045 -0.001265 0.003721
v -0.090751 -0.010459 0.017528
v -0.064114 -0.017596 0.016927
v -0.030469 -0.026606 0.001800
v -0.012045 -0.031543 -0.018125
v 0.001329 -0.035126 -0.053846
v 0.000747 -0.034971 -0.081422
v -0.014072 -0.031000 -0.116291
v -0.033318 -0.025843 -0.135365
v 0.031751 0.218646 -0.186823
v 0.029749 0.163944 -0.218257
v 0.017605 0.102040 -0.229295
v -0.002830 0.042357 -0.218257
v -0.026063 0.002882 -0.186823
v -0.048242 -0.009205 -0.139778
v -0.106891 0.006510 -0.138453
v -0.122020 0.028594 -0.184655
v -0.123716 0.074749 -0.215526
v -0.112034 0.136777 -0.226367
v -0.091137 0.196336 -0.215526
v -0.064207 0.244358 -0.184655
v -0.147458 0.017380 -0.094582
v -0.188392 0.046378 -0.112877
v -0.207330 0.097153 -0.125101
v -0.201703 0.160803 -0.129393
v -0.174751 0.218740 -0.125101
v -0.130578 0.262142 -0.112877
v -0.146178 0.017037 -0.033864
v -0.186298 0.045817 -0.013534
v -0.204692 0.096446 0.000049
v -0.198874 0.160045 0.004819
v -0.172113 0.218033 0.000049
v -0.128484 0.261581 -0.013534
v -0.103803 0.005682 0.008140
v -0.116967 0.027240 0.055185
v -0.117349 0.073043 0.086619
v -0.105206 0.134947 0.097657
v -0.084786 0.194634 0.086712
v -0.059169 0.243008 0.055278
v -0.045172 -0.010028 0.006923
v -0.021028 0.001533 0.053125
v 0.003518 0.040656 0.083996
v 0.024415 0.100215 0.094837
v 0.036082 0.162247 0.084089
v 0.036771 0.217301 0.053218
v -0.004604 -0.020898 -0.036954
v 0.045345 -0.016252 -0.018660
v 0.087133 0.018252 -0.006436
v 0.114085 0.076188 -0.002143
v 0.119712 0.139839 -0.006436
v 0.103159 0.199513 -0.018660
v -0.005866 -0.020560 -0.097781
v 0.043270 -0.015695 -0.118110
v 0.084514 0.018954 -0.131694
v 0.111274 0.076941 -0.136463
v 0.117093 0.140541 -0.131694
v 0.101083 0.200069 -0.118110
v -0.009845 0.360106 -0.071223
v -0.002217 0.362150 -0.068152
v 0.009784 0.283559 -0.089020
v -0.008659 0.288499 -0.088604
v -0.021417 0.291913 -0.074808
v -0.012812 0.359310 -0.063322
v -0.021016 0.291802 -0.055704
v -0.007679 0.288226 -0.042450
v -0.005186 0.361352 -0.060231
v 0.010738 0.283290 -0.042832
v 0.023504 0.279876 -0.056662
v 0.023107 0.279985 -0.075816
v -0.098528 -0.017074 -0.106221
v -0.065906 -0.025815 -0.106957
v -0.121091 -0.011028 -0.081819
v -0.120379 -0.011219 -0.048046
v -0.096807 -0.017532 -0.024691
v -0.064190 -0.026254 -0.025339
v -0.041631 -0.032351 -0.049705
v -0.042336 -0.032131 -0.083598
v -0.032490 0.270328 0.007234
v -0.012925 0.281749 -0.033573
v -0.074289 0.281527 -0.034302
v -0.031403 0.286688 -0.051967
v -0.075539 0.281861 -0.094219
v -0.031879 0.286816 -0.078472
v -0.035491 0.271131 -0.137486
v -0.014079 0.282046 -0.097479
v 0.022349 0.255633 -0.138761
v 0.011325 0.275239 -0.097888
v 0.064124 0.244441 -0.097337
v 0.029604 0.270341 -0.079663
v 0.065367 0.244114 -0.037344
v 0.030139 0.270232 -0.053203
v 0.025323 0.254835 0.006033
v 0.012402 0.274954 -0.034062
v -0.038926 0.372096 -0.060432
v -0.039101 0.376009 -0.069391
v -0.022226 0.368760 -0.072269
v -0.024841 0.367226 -0.061582
v -0.037843 0.382415 -0.056717
v -0.018403 0.374401 -0.058596
v -0.038019 0.386334 -0.065691
v -0.015786 0.375937 -0.069301
v -0.096521 0.344383 -0.049476
v -0.099182 0.346520 -0.057720
v -0.069492 0.374286 -0.067811
v -0.067223 0.371520 -0.058285
v -0.098586 0.353648 -0.046159
v -0.068753 0.381692 -0.054952
v -0.101253 0.355789 -0.054413
v -0.071065 0.384362 -0.064465
v -0.108540 0.324110 -0.047531
v -0.110891 0.326786 -0.055713
v -0.119436 0.325282 -0.044193
v -0.121794 0.327966 -0.052376
v -0.093361 0.296950 -0.124134
v -0.095816 0.313557 -0.124864
v -0.116472 0.310158 -0.071600
v -0.114163 0.299306 -0.070439
v -0.104625 0.294313 -0.125928
v -0.125791 0.292597 -0.071192
v -0.107085 0.305699 -0.126658
v -0.128092 0.303911 -0.072135
v -0.062227 0.296850 -0.170836
v -0.070807 0.311553 -0.176440
v -0.072768 0.294181 -0.173616
v -0.074646 0.300884 -0.175369
v -0.037548 0.307475 -0.181364
v -0.037368 0.311400 -0.184228
v -0.037832 0.289138 -0.185146
v -0.037651 0.293075 -0.188016
v 0.041497 0.290991 -0.146222
v 0.054240 0.294527 -0.148471
v 0.042907 0.272342 -0.149475
v 0.055655 0.275889 -0.151729
v 0.131018 0.253287 -0.057261
v 0.144869 0.256355 -0.058420
v 0.133118 0.234304 -0.059716
v 0.146976 0.237381 -0.060876
v 0.131132 0.233036 -0.004181
v 0.145342 0.234925 -0.002152
v 0.133254 0.213269 -0.004468
v 0.147472 0.215165 -0.002435
v 0.076961 0.210178 0.066960
v 0.077435 0.211335 0.084297
v 0.077197 0.195367 0.069203
v 0.077672 0.196528 0.086580
v -0.002351 0.188263 0.127733
v -0.001507 0.189216 0.138700
v -0.001785 0.173479 0.128988
v -0.000939 0.174436 0.139981
v -0.068475 0.162549 0.126517
v -0.068765 0.162659 0.139557
v -0.067856 0.149667 0.127746
v -0.068147 0.149779 0.140816
v -0.133669 0.157629 0.114480
v -0.134564 0.157216 0.125642
v -0.133062 0.143232 0.115681
v -0.133960 0.142820 0.126868
v -0.205165 0.144309 0.060009
v -0.217499 0.143232 0.060882
v -0.198989 0.123339 0.060138
v -0.199520 0.125963 0.059893
v -0.211356 0.122262 0.061012
v -0.257536 0.121608 -0.010437
v -0.271610 0.120184 -0.008559
v -0.251900 0.104215 -0.010710
v -0.252098 0.101606 -0.010205
v -0.266209 0.100181 -0.008323
v -0.226750 0.081987 -0.107856
v -0.243669 0.080370 -0.107253
v -0.220537 0.062018 -0.107374
v -0.237500 0.060400 -0.106770
v -0.207125 0.099296 -0.176951
v -0.222917 0.097274 -0.179242
v -0.202306 0.079531 -0.175121
v -0.218137 0.077508 -0.177418
v -0.138142 0.107616 -0.237187
v -0.139772 0.105270 -0.250377
v -0.137787 0.087952 -0.229298
v -0.139421 0.085603 -0.242523
v -0.033430 0.101066 -0.267726
v -0.023879 0.098662 -0.279619
v -0.033614 0.081440 -0.260767
v -0.024065 0.079032 -0.272692
v 0.056740 0.087965 -0.243260
v 0.067174 0.085491 -0.252004
v 0.055385 0.068501 -0.238429
v 0.065820 0.066024 -0.247196
v 0.138652 0.063084 -0.189673
v 0.149973 0.060423 -0.193544
v 0.136441 0.043836 -0.187751
v 0.147766 0.041171 -0.191632
v 0.176211 0.058550 -0.159421
v 0.188972 0.055512 -0.162203
v 0.173682 0.039378 -0.157770
v 0.186450 0.036335 -0.160558
v 0.173195 0.125006 -0.012461
v 0.187051 0.123675 -0.009559
v 0.222825 0.067948 -0.083183
v 0.208819 0.070176 -0.084164
v 0.170782 0.105576 -0.011271
v 0.206274 0.050954 -0.082654
v 0.184648 0.104244 -0.008364
v 0.220281 0.048711 -0.081714
v 0.126889 0.127710 0.032818
v 0.141138 0.126241 0.035082
v 0.125281 0.107705 0.032788
v 0.139540 0.106235 0.035057
v 0.110162 0.099400 0.072297
v 0.125202 0.099158 0.072783
v 0.110399 0.081059 0.068514
v 0.125450 0.080818 0.069003
v 0.108272 0.011830 0.092350
v 0.123274 0.012585 0.093163
v 0.108670 0.011339 0.080892
v 0.123683 0.012096 0.081713
v 0.209387 0.052729 -0.139557
v 0.220930 0.057381 -0.111568
v 0.218419 0.038192 -0.109931
v 0.206869 0.033546 -0.137918
v 0.196558 0.055806 -0.136752
v 0.207942 0.060561 -0.108747
v 0.194034 0.036628 -0.135105
v 0.205424 0.041378 -0.107102
v -0.117074 0.312597 -0.063365
v -0.128257 0.313547 -0.059909
v -0.114766 0.309898 -0.055352
v -0.125864 0.310888 -0.051919
v 0.182883 0.250545 -0.012863
v 0.181361 0.254051 -0.013062
v 0.159193 0.244110 -0.018636
v 0.160715 0.240603 -0.018437
v 0.185582 0.251374 -0.018862
v 0.163413 0.241433 -0.024436
v 0.184059 0.254881 -0.019062
v 0.161891 0.244940 -0.024636
v 0.213950 0.264476 -0.005051
v 0.212428 0.267983 -0.005251
v 0.216648 0.265306 -0.011051
v 0.215126 0.268813 -0.011250
v 0.239436 0.276870 0.018303
v 0.237914 0.280377 0.018104
v 0.244434 0.278818 0.014406
v 0.242912 0.282324 0.014206
v 0.242521 0.279064 0.033324
v 0.240999 0.282570 0.033124
v 0.248106 0.281630 0.035811
v 0.246584 0.285137 0.035612
v 0.239381 0.280138 0.086042
v 0.238654 0.281813 0.085946
v 0.242049 0.281364 0.087230
v 0.241322 0.283039 0.087135
v 0.141894 0.236714 -0.016637
v 0.144470 0.237473 -0.022951
v 0.143416 0.233207 -0.016437
v 0.145992 0.233966 -0.022752
v 0.227610 0.136103 -0.086889
v 0.226772 0.136258 -0.086490
v 0.227019 0.136468 -0.086054
v 0.227857 0.136313 -0.086453
v 0.194059 0.118107 -0.042691
v 0.191732 0.116130 -0.046800
v 0.189765 0.102959 -0.036844
v 0.191882 0.104757 -0.033104
v 0.201801 0.114819 -0.045493
v 0.197513 0.098989 -0.033518
v 0.199474 0.112843 -0.049602
v 0.195395 0.097191 -0.037259
v 0.201857 0.143871 -0.058251
v 0.199530 0.141895 -0.062361
v 0.209041 0.138966 -0.059961
v 0.206715 0.136990 -0.064070
v 0.213768 0.166857 -0.078670
v 0.211441 0.164881 -0.082779
v 0.220273 0.160888 -0.079483
v 0.217947 0.158912 -0.083592
v 0.239795 0.180545 -0.097036
v 0.237469 0.178569 -0.101145
v 0.240853 0.172393 -0.093714
v 0.238527 0.170417 -0.097824
v 0.264361 0.171723 -0.104689
v 0.262035 0.169747 -0.108798
v 0.260442 0.165652 -0.099552
v 0.258116 0.163676 -0.103661
v 0.276644 0.144906 -0.109481
v 0.274317 0.142930 -0.113590
v 0.268941 0.144844 -0.105091
v 0.266615 0.142868 -0.109200
v 0.272362 0.121947 -0.096016
v 0.270035 0.119971 -0.100125
v 0.266364 0.128471 -0.095758
v 0.264037 0.126495 -0.099867
v 0.248580 0.107801 -0.081753
v 0.246253 0.105826 -0.085861
v 0.245478 0.115836 -0.083860
v 0.243152 0.113860 -0.087969
v 0.230181 0.114785 -0.074567
v 0.227855 0.112809 -0.078676
v 0.236363 0.118390 -0.079801
v 0.234036 0.116414 -0.083910
v 0.001686 0.223772 -0.018432
v 0.000948 0.224841 -0.017274
v 0.001941 0.225742 -0.016164
v 0.003672 0.225573 -0.016212
v 0.004411 0.224504 -0.017370
v 0.003417 0.223603 -0.018480
v -0.001091 0.190828 -0.065774
v -0.000376 0.189260 -0.066017
v -0.000083 0.201923 -0.099869
v -0.000798 0.203491 -0.099625
v -0.002822 0.190997 -0.065726
v -0.002530 0.203659 -0.099577
v -0.003839 0.189598 -0.065921
v -0.003546 0.202260 -0.099772
v -0.003124 0.188030 -0.066164
v -0.002831 0.200692 -0.100015
v -0.001392 0.187861 -0.066212
v -0.001100 0.200524 -0.100064
v -0.001088 0.184241 -0.042592
v -0.000328 0.182838 -0.041788
v -0.002820 0.184410 -0.042544
v -0.003791 0.183175 -0.041691
v -0.003030 0.181777 -0.040885
v -0.001299 0.181608 -0.040933
v -0.000100 0.188941 -0.023524
v 0.000668 0.187616 -0.022698
v -0.000037 0.183375 -0.033183
v -0.000805 0.184700 -0.034009
v -0.001832 0.189110 -0.023476
v -0.002536 0.184869 -0.033960
v -0.002795 0.187954 -0.022602
v -0.003499 0.183712 -0.033086
v -0.002026 0.186628 -0.021776
v -0.002731 0.182387 -0.032261
v -0.000295 0.186460 -0.021824
v -0.001000 0.182218 -0.032309
v 0.000887 0.194885 -0.008831
v 0.001656 0.193560 -0.008005
v -0.000844 0.195054 -0.008783
v -0.001807 0.193898 -0.007909
v -0.001039 0.192572 -0.007083
v 0.000693 0.192404 -0.007132
v 0.001623 0.200819 -0.003163
v 0.002460 0.200056 -0.001842
v -0.000108 0.200988 -0.003115
v -0.001003 0.200393 -0.001745
v -0.000166 0.199630 -0.000424
v 0.001566 0.199461 -0.000472
v 0.002409 0.207370 0.002148
v 0.003246 0.206606 0.003469
v 0.000678 0.207538 0.002196
v -0.000217 0.206944 0.003565
v 0.000620 0.206181 0.004887
v 0.002352 0.206012 0.004839
v 0.003105 0.214355 0.002704
v 0.004083 0.215048 0.003966
v 0.001374 0.214524 0.002752
v 0.000620 0.215385 0.004062
v 0.001597 0.216079 0.005324
v 0.003328 0.215910 0.005276
v 0.003984 0.224373 -0.000812
v 0.004961 0.225066 0.000450
v 0.002252 0.224541 -0.000764
v 0.001498 0.225403 0.000547
v 0.002475 0.226096 0.001809
v 0.004207 0.225928 0.001761
v 0.004160 0.226421 -0.001633
v 0.005206 0.227990 -0.000964
v 0.002429 0.226590 -0.001585
v 0.001743 0.228327 -0.000868
v 0.002786 0.229880 -0.000289
v 0.004517 0.229712 -0.000337
v 0.004881 0.238811 -0.019120
v 0.005898 0.240200 -0.018864
v 0.005778 0.236375 -0.009800
v 0.004761 0.234986 -0.010057
v 0.003150 0.238980 -0.019072
v 0.003029 0.235154 -0.010009
v 0.002436 0.240537 -0.018767
v 0.002315 0.236712 -0.009704
v 0.003453 0.241926 -0.018511
v 0.003332 0.238100 -0.009447
v 0.005184 0.241757 -0.018559
v 0.005063 0.237932 -0.009495
v 0.004493 0.236618 -0.025383
v 0.005447 0.237702 -0.026355
v 0.002762 0.236787 -0.025335
v 0.001984 0.238039 -0.026259
v 0.002937 0.239124 -0.027231
v 0.004669 0.238955 -0.027279
v 0.003919 0.232859 -0.032865
v 0.004873 0.233943 -0.033837
v 0.002188 0.233027 -0.032817
v 0.001410 0.234280 -0.033741
v 0.002363 0.235365 -0.034713
v 0.004094 0.235196 -0.034761
v 0.003395 0.228576 -0.036698
v 0.004201 0.228303 -0.038216
v 0.001664 0.228745 -0.036649
v 0.000738 0.228640 -0.038120
v 0.001544 0.228368 -0.039638
v 0.003276 0.228199 -0.039686
v 0.002608 0.220679 -0.037353
v 0.003312 0.219364 -0.038868
v 0.000876 0.220847 -0.037305
v -0.000151 0.219702 -0.038772
v 0.000537 0.218142 -0.040010
v 0.002269 0.217973 -0.040058
v 0.001781 0.210542 -0.031562
v 0.002495 0.209028 -0.032036
v 0.002800 0.213697 -0.037435
v 0.002088 0.215162 -0.036701
v 0.000050 0.210711 -0.031514
v 0.000357 0.215331 -0.036653
v -0.000968 0.209365 -0.031940
v -0.000663 0.214035 -0.037338
v -0.000254 0.207850 -0.032413
v 0.000044 0.212509 -0.038003
v 0.001477 0.207682 -0.032462
v 0.001776 0.212340 -0.038051
v 0.001595 0.206693 -0.024750
v 0.002309 0.205178 -0.025224
v -0.000136 0.206862 -0.024702
v -0.001154 0.205516 -0.025128
v -0.000440 0.204001 -0.025601
v 0.001292 0.203832 -0.025649
v 0.001839 0.208051 -0.020747
v 0.002642 0.206994 -0.019621
v 0.000108 0.208220 -0.020698
v -0.000821 0.207332 -0.019525
v -0.000018 0.206275 -0.018399
v 0.001713 0.206106 -0.018447
v 0.002366 0.211991 -0.015597
v 0.003169 0.210935 -0.014472
v 0.000635 0.212160 -0.015549
v -0.000294 0.211272 -0.014375
v 0.000509 0.210215 -0.013250
v 0.002240 0.210046 -0.013298
v 0.002516 0.213180 -0.014361
v 0.003492 0.213802 -0.012887
v 0.000785 0.213348 -0.014313
v 0.000030 0.214139 -0.012790
v 0.001019 0.214946 -0.011477
v 0.002751 0.214778 -0.011525
v 0.003034 0.218923 -0.015867
v 0.004027 0.219824 -0.014758
v 0.003754 0.216485 -0.012894
v 0.002761 0.215585 -0.014003
v 0.001303 0.219092 -0.015819
v 0.001029 0.215754 -0.013955
v 0.000564 0.220161 -0.014661
v 0.000291 0.216823 -0.012798
v 0.001557 0.221062 -0.013552
v 0.001284 0.217724 -0.011688
v 0.003289 0.220893 -0.013600
v 0.003015 0.217555 -0.011736
v 0.005595 0.233011 -0.004589
v 0.004571 0.231578 -0.004949
v 0.002839 0.231746 -0.004901
v 0.002132 0.233348 -0.004493
v 0.003155 0.234778 -0.004155
v 0.004887 0.234610 -0.004203
v 0.151002 0.276591 0.130090
v 0.151966 0.277789 0.131213
v 0.151096 0.278460 0.131244
v 0.150132 0.277262 0.130122
v 0.103116 0.225498 0.086047
v 0.098816 0.228813 0.086202
v 0.041011 0.198190 0.106762
v 0.045963 0.194372 0.106584
v 0.101577 0.223931 0.076898
v 0.044191 0.192566 0.096048
v 0.097278 0.227246 0.077054
v 0.039239 0.196385 0.096227
v 0.157115 0.295599 0.084562
v 0.152815 0.298915 0.084717
v 0.127471 0.266639 0.072018
v 0.131770 0.263324 0.071862
v 0.159741 0.299388 0.076360
v 0.134396 0.267113 0.063661
v 0.155441 0.302704 0.076515
v 0.130096 0.270428 0.063816
v 0.168609 0.309690 0.101999
v 0.164310 0.313006 0.102154
v 0.173380 0.316109 0.097044
v 0.169080 0.319424 0.097199
v 0.167713 0.307358 0.126995
v 0.163413 0.310673 0.127150
v 0.172956 0.313963 0.131166
v 0.168657 0.317278 0.131321
v 0.152782 0.286867 0.151054
v 0.148481 0.290182 0.151210
v 0.161089 0.307160 0.137825
v 0.165389 0.303844 0.137670
v 0.154550 0.288736 0.160104
v 0.167526 0.306181 0.146940
v 0.150250 0.292051 0.160259
v 0.163226 0.309496 0.147095
v 0.140084 0.270739 0.143811
v 0.135785 0.274054 0.143967
v 0.137053 0.266442 0.151613
v 0.132753 0.269757 0.151768
v 0.134990 0.264824 0.129016
v 0.130689 0.268139 0.129172
v 0.129222 0.257705 0.121288
v 0.124922 0.261020 0.121443
v 0.134176 0.273434 0.112622
v 0.138475 0.270119 0.112468
v 0.136089 0.267431 0.103774
v 0.131788 0.270746 0.103929
v 0.144535 0.278305 0.105473
v 0.140234 0.281620 0.105627
v 0.142148 0.275616 0.096778
v 0.137848 0.278932 0.096933
v 0.152391 0.288182 0.112113
v 0.148090 0.291498 0.112267
v 0.156280 0.293539 0.105428
v 0.151980 0.296854 0.105583
v 0.152753 0.288281 0.120073
v 0.148454 0.291596 0.120228
v 0.157518 0.294199 0.125622
v 0.153218 0.297515 0.125776
v 0.226570 0.278674 -0.027216
v 0.227043 0.277003 -0.028820
v 0.196680 0.258568 -0.018581
v 0.196207 0.260238 -0.016977
v 0.229414 0.277092 -0.024729
v 0.199050 0.258657 -0.014490
v 0.229887 0.275421 -0.026333
v 0.199524 0.256986 -0.016094
v 0.237797 0.293885 -0.039744
v 0.238270 0.292214 -0.041348
v 0.241654 0.293674 -0.038386
v 0.242127 0.292003 -0.039990
v 0.229670 0.307947 -0.056788
v 0.230143 0.306277 -0.058392
v 0.232644 0.310290 -0.058350
v 0.233117 0.308619 -0.059954
v 0.185574 0.254969 -0.018111
v 0.188403 0.253238 -0.015474
v 0.185100 0.256640 -0.016507
v 0.187929 0.254909 -0.013869
v 0.149716 0.276549 0.172857
v 0.187016 0.267185 0.172857
v 0.160691 0.281026 0.151152
v 0.149716 0.283183 0.151152
v 0.112415 0.267185 0.172857
v 0.138740 0.281026 0.151152
v 0.149716 0.260247 0.216266
v 0.187017 0.250884 0.216266
v 0.112415 0.250884 0.216266
v 0.149716 0.230943 0.237970
v 0.166144 0.228787 0.237970
v 0.133288 0.228787 0.237970
v -0.119725 0.367679 -0.063864
v -0.140471 0.347557 0.013562
v -0.080777 0.363044 -0.029010
v -0.074673 0.367679 -0.051792
v -0.098979 0.347557 -0.141290
v -0.068568 0.363044 -0.074574
v -0.209829 0.352285 -0.088007
v -0.230576 0.332164 -0.010581
v -0.189083 0.332164 -0.165433
v -0.254882 0.315734 -0.100079
v -0.264019 0.311099 -0.065979
v -0.245745 0.311099 -0.134179
v -0.081644 -0.022844 -0.065799
v 0.239722 0.325291 -0.079757
v 0.193692 0.313558 -0.087873
v 0.221455 0.308762 -0.055361
v 0.234999 0.311465 -0.052973
v 0.285752 0.313558 -0.071640
v 0.248543 0.308762 -0.050585
v 0.249167 0.322507 -0.133324
v 0.203137 0.310774 -0.141440
v 0.295197 0.310774 -0.125208
v 0.253890 0.311465 -0.160108
v 0.233617 0.308762 -0.163682
v 0.274162 0.308762 -0.156533
v -0.053801 0.318417 -0.180395
v -0.078020 0.297116 -0.216200
v -0.080762 0.305728 -0.173449
v -0.073379 0.311292 -0.162914
v -0.021556 0.317668 -0.144590
v -0.064147 0.311776 -0.152378
v -0.014646 0.324507 -0.215359
v -0.038865 0.303206 -0.251164
v 0.017599 0.323758 -0.179554
v 0.004931 0.308803 -0.232841
v -0.006578 0.301738 -0.248610
v 0.018290 0.310789 -0.217072
v 0.126678 0.048996 -0.234710
v 0.100155 0.097148 -0.271822
v 0.113602 0.076440 -0.213248
v 0.128136 0.066739 -0.202742
v 0.185294 0.010598 -0.210559
v 0.138654 0.050973 -0.195221
v 0.148290 0.037843 -0.298647
v 0.121767 0.085995 -0.335759
v 0.206905 -0.000554 -0.274495
v 0.188241 0.036817 -0.360034
v 0.167484 0.052844 -0.375017
v 0.204981 0.014726 -0.348036
v 0.046094 0.107384 0.110450
v 0.044991 0.094992 0.081571
v 0.022036 0.090945 0.088365
v 0.032573 0.104998 0.114451
v 0.019824 0.102752 0.124823
v -0.000457 0.086978 0.106697
v -0.011958 0.084951 0.127983
v 0.013044 0.101555 0.137372
v 0.011256 0.101241 0.153861
v -0.015098 0.084397 0.157096
v -0.008407 0.085577 0.180406
v 0.015201 0.101936 0.167605
v 0.025426 0.103739 0.180542
v 0.009646 0.088760 0.203246
v 0.030609 0.092456 0.214924
v 0.037788 0.105919 0.187429
v 0.054034 0.108782 0.189332
v 0.059289 0.097510 0.218216
v 0.082244 0.101557 0.211422
v 0.067550 0.111164 0.185332
v 0.080292 0.113414 0.174950
v 0.104737 0.105527 0.193091
v 0.116238 0.107555 0.171805
v 0.087073 0.114611 0.162398
v 0.088842 0.114922 0.145821
v 0.119369 0.108107 0.142588
v 0.112678 0.106927 0.119278
v 0.084899 0.114225 0.132080
v 0.074677 0.112423 0.119143
v 0.094625 0.103744 0.096438
v 0.073662 0.100048 0.084760
v 0.062332 0.110245 0.112265
v 0.047047 0.073758 0.062568
v 0.017055 0.068470 0.071445
v -0.011155 0.063496 0.094435
v -0.026182 0.060846 0.122247
v -0.030120 0.060152 0.158759
v -0.021378 0.061693 0.189214
v 0.001263 0.065685 0.217859
v 0.028653 0.070515 0.233117
v 0.064620 0.076853 0.237220
v 0.094612 0.082142 0.228343
v 0.122822 0.087119 0.205353
v 0.137848 0.089769 0.177541
v 0.141777 0.090462 0.140925
v 0.133035 0.088920 0.110470
v 0.110394 0.084928 0.081825
v 0.083004 0.080099 0.066567
v 0.050829 0.048951 0.055895
v 0.018365 0.043226 0.065503
v -0.011852 0.037898 0.090129
v -0.028117 0.035030 0.120233
v -0.032335 0.034286 0.159343
v -0.022873 0.035955 0.192307
v 0.001379 0.040231 0.222991
v 0.031025 0.045459 0.239506
v 0.069542 0.052246 0.243789
v 0.102006 0.057971 0.234181
v 0.132231 0.063304 0.209659
v 0.148496 0.066172 0.179555
v 0.152705 0.066914 0.140341
v 0.143243 0.065246 0.107377
v 0.118991 0.060969 0.076693
v 0.089345 0.055742 0.060178
v 0.055760 0.024345 0.062568
v 0.025768 0.019057 0.071445
v -0.002442 0.014083 0.094435
v -0.017469 0.011433 0.122247
v -0.021407 0.010739 0.158759
v -0.012665 0.012280 0.189214
v 0.009976 0.016272 0.217859
v 0.037366 0.021102 0.233117
v 0.073323 0.027439 0.237116
v 0.103316 0.032727 0.228239
v 0.131534 0.037706 0.205353
v 0.146561 0.040356 0.177541
v 0.150490 0.041049 0.140925
v 0.141748 0.039507 0.110470
v 0.119107 0.035515 0.081825
v 0.091717 0.030686 0.066567
v 0.061091 0.003689 0.081571
v 0.038135 -0.000359 0.088365
v 0.015642 -0.004325 0.106697
v 0.004141 -0.006353 0.127983
v 0.001001 -0.006907 0.157096
v 0.007692 -0.005727 0.180406
v 0.025745 -0.002544 0.203246
v 0.046708 0.001153 0.214924
v 0.075379 0.006205 0.218113
v 0.098335 0.010252 0.211318
v 0.120836 0.014224 0.193091
v 0.132337 0.016252 0.171805
v 0.135468 0.016804 0.142588
v 0.128777 0.015624 0.119278
v 0.110724 0.012441 0.096438
v 0.089761 0.008744 0.084760
v 0.066009 -0.009874 0.110012
v 0.053586 -0.012065 0.113689
v 0.039648 -0.014522 0.125048
v 0.033423 -0.015620 0.136568
v 0.031478 -0.015963 0.154608
v 0.035099 -0.015325 0.167223
v 0.046285 -0.013352 0.181376
v 0.057630 -0.011352 0.187696
v 0.075397 -0.008223 0.189672
v 0.087820 -0.006032 0.185995
v 0.101766 -0.003569 0.174740
v 0.107990 -0.002472 0.163220
v 0.109927 -0.002130 0.145076
v 0.106306 -0.002769 0.132461
v 0.095120 -0.004741 0.118308
v 0.083775 -0.006742 0.111988
v 0.059903 0.090973 0.088363
v 0.064797 0.073290 0.072391
v 0.069143 0.052180 0.066783
v 0.072280 0.030856 0.072391
v 0.073729 0.012566 0.088363
v 0.073270 0.000093 0.112266
v 0.045916 -0.004730 0.120361
v 0.028974 0.004674 0.101608
v 0.015899 0.020915 0.089078
v 0.008680 0.041519 0.084678
v 0.008417 0.063349 0.089078
v 0.015149 0.083082 0.101608
v 0.032211 -0.007147 0.145727
v 0.006552 0.000721 0.143109
v -0.012348 0.015934 0.141360
v -0.021612 0.036177 0.140745
v -0.019830 0.058368 0.141360
v -0.007273 0.079128 0.143109
v 0.040184 -0.005741 0.173502
v 0.019597 0.003021 0.188553
v 0.004085 0.018832 0.198610
v -0.003989 0.039285 0.202142
v -0.003397 0.061266 0.198610
v 0.005772 0.081428 0.188553
v 0.065164 -0.001336 0.187421
v 0.060467 0.010227 0.211324
v 0.055573 0.027910 0.227296
v 0.051227 0.049021 0.232904
v 0.048095 0.070345 0.227340
v 0.046646 0.088636 0.211369
v 0.092523 0.003488 0.179377
v 0.105226 0.018120 0.198131
v 0.111958 0.037853 0.210661
v 0.111695 0.059683 0.215061
v 0.104480 0.080287 0.210705
v 0.091404 0.096528 0.198175
v 0.106227 0.005904 0.154009
v 0.127648 0.022073 0.156627
v 0.140205 0.042833 0.158376
v 0.141987 0.065024 0.158990
v 0.132723 0.085267 0.158376
v 0.113822 0.100481 0.156627
v 0.098250 0.004497 0.126181
v 0.114598 0.019772 0.111130
v 0.123767 0.039935 0.101074
v 0.124359 0.061916 0.097542
v 0.116285 0.082369 0.101074
v 0.100773 0.098180 0.111130
v 0.044014 0.132054 0.147656
v 0.047966 0.132750 0.148095
v 0.051161 0.109250 0.138053
v 0.042560 0.107732 0.140599
v 0.038250 0.106971 0.148575
v 0.043582 0.131977 0.151670
v 0.040759 0.107412 0.157315
v 0.048625 0.108798 0.161711
v 0.047534 0.132673 0.152119
v 0.057219 0.110313 0.159185
v 0.061528 0.111075 0.151191
v 0.059015 0.110633 0.142429
v 0.058765 -0.017134 0.133444
v 0.073980 -0.014451 0.128941
v 0.051142 -0.018478 0.147553
v 0.055577 -0.017696 0.163002
v 0.069471 -0.015244 0.170740
v 0.084690 -0.012548 0.166279
v 0.092327 -0.011238 0.152186
v 0.087874 -0.012001 0.136682
v 0.047306 0.100325 0.186956
v 0.048619 0.106151 0.166214
v 0.022654 0.095977 0.173179
v 0.037719 0.104225 0.160108
v 0.014792 0.094591 0.145768
v 0.034277 0.103618 0.147973
v 0.028327 0.096977 0.120747
v 0.040320 0.104683 0.136955
v 0.055307 0.101735 0.112778
v 0.052189 0.106776 0.133524
v 0.079935 0.106078 0.126506
v 0.062977 0.108678 0.139577
v 0.087801 0.107467 0.153954
v 0.066435 0.109299 0.151685
v 0.074283 0.105081 0.179024
v 0.060443 0.108233 0.162756
v 0.071886 -0.015677 0.149849
v 0.034034 0.131657 0.194391
v 0.006078 0.111900 0.201238
v 0.033991 0.120422 0.213498
v 0.042335 0.125756 0.211257
v 0.065694 0.136408 0.180470
v 0.051533 0.127633 0.207387
v 0.017431 0.143460 0.160660
v -0.010525 0.123703 0.167507
v 0.049091 0.148211 0.146739
v 0.009129 0.149362 0.143795
v -0.003572 0.142237 0.147553
v 0.022684 0.153030 0.138407
v 0.045580 0.118132 0.197236
v 0.048914 0.121895 0.196284
v 0.051454 0.109843 0.157535
v 0.048122 0.106080 0.158487
v 0.052015 0.113403 0.201077
v 0.054557 0.101352 0.162328
v 0.055349 0.117166 0.200124
v 0.057890 0.105114 0.161376
v 0.036166 0.130966 0.215007
v 0.039498 0.134729 0.214055
v 0.040858 0.128614 0.222146
v 0.044192 0.132377 0.221194
v -0.022886 0.164228 0.223771
v -0.022045 0.165177 0.223531
v -0.023291 0.165098 0.225788
v -0.022451 0.166047 0.225548
v 0.049811 0.106705 0.146134
v 0.053232 0.104146 0.147996
v 0.048117 0.104793 0.146617
v 0.051538 0.102233 0.148479
v -0.010853 0.165338 0.236436
v 0.007926 0.154046 0.252561
v 0.002544 0.157605 0.228750
v -0.003124 0.160533 0.224070
v -0.034084 0.164313 0.222313
v -0.009817 0.160626 0.219850
v -0.026313 0.161417 0.261168
v -0.007533 0.150125 0.277293
v -0.049543 0.160392 0.247045
v -0.034042 0.154265 0.273534
v -0.025304 0.150586 0.280425
v -0.043806 0.155108 0.267104
v -0.192040 0.172362 0.247152
v -0.202812 0.145777 0.304427
v -0.160597 0.154154 0.265423
v -0.157725 0.161050 0.248355
v -0.190592 0.169950 0.183158
v -0.157001 0.161267 0.229740
v -0.260670 0.169374 0.244747
v -0.271442 0.142789 0.302021
v -0.259222 0.166962 0.180752
v -0.294985 0.146178 0.243543
v -0.298749 0.137515 0.269474
v -0.293367 0.148161 0.216065
v -0.144749 0.195918 0.217884
v -0.128624 0.184627 0.199104
v -0.152435 0.188185 0.204486
v -0.157115 0.191114 0.210154
v -0.158872 0.194893 0.241114
v -0.161335 0.191206 0.216848
v -0.120017 0.219725 0.233343
v -0.103892 0.208433 0.214564
v -0.134139 0.218700 0.256574
v -0.107651 0.220971 0.241073
v -0.100760 0.217291 0.232334
v -0.114081 0.221813 0.250836
v -0.159503 0.192864 0.194661
v -0.152430 0.188035 0.197090
v -0.139851 0.152244 0.177025
v -0.142326 0.154576 0.167407
v -0.166141 0.153280 0.173230
v -0.162755 0.186348 0.196930
v -0.160912 0.155305 0.164746
v -0.163669 0.150953 0.182822
v -0.159732 0.183285 0.198367
v -0.154935 0.149683 0.187919
v -0.145080 0.150214 0.185527
v -0.167717 0.183042 0.240845
v -0.156461 0.181084 0.233995
v -0.154555 0.190576 0.223228
v -0.164397 0.198047 0.221686
v -0.170470 0.178558 0.231487
v -0.168612 0.187088 0.223454
v -0.159692 0.178052 0.227939
v -0.158731 0.183381 0.224332
v -0.165856 0.130468 0.269547
v -0.154795 0.130963 0.262304
v -0.157665 0.156407 0.249931
v -0.168872 0.158373 0.256749
v -0.168847 0.126118 0.259181
v -0.172030 0.153158 0.246805
v -0.158195 0.127735 0.255539
v -0.161201 0.152821 0.243429
v -0.159784 0.103200 0.269891
v -0.149828 0.108159 0.262637
v -0.162220 0.099611 0.259154
v -0.152701 0.104995 0.255603
v -0.146678 0.088232 0.265754
v -0.143336 0.100672 0.260590
v -0.148431 0.086609 0.254545
v -0.144983 0.098118 0.252982
v -0.127878 0.083885 0.262747
v -0.129680 0.097524 0.259734
v -0.130249 0.083538 0.251600
v -0.131212 0.095769 0.251933
v -0.091827 0.092624 0.241449
v -0.096938 0.105663 0.240211
v -0.096291 0.097071 0.235056
v -0.093478 0.090102 0.235896
v -0.099774 0.104063 0.232766
v -0.099095 0.098186 0.229759
v -0.079096 0.099229 0.224124
v -0.084576 0.112125 0.223114
v -0.081906 0.096257 0.219273
v -0.084953 0.103135 0.218578
v -0.088890 0.103810 0.213970
v -0.088978 0.109917 0.216620
v -0.061594 0.110464 0.191305
v -0.068779 0.122297 0.193462
v -0.071170 0.108489 0.185408
v -0.074973 0.119553 0.188923
v -0.057833 0.131318 0.155464
v -0.065264 0.142798 0.158414
v -0.068446 0.127850 0.152931
v -0.072189 0.139004 0.156241
v -0.069277 0.144409 0.122413
v -0.076562 0.154853 0.124255
v -0.078323 0.140148 0.125779
v -0.082359 0.150595 0.126508
v -0.084614 0.145429 0.106003
v -0.091932 0.155839 0.107890
v -0.092981 0.141392 0.110948
v -0.097230 0.151747 0.111290
v -0.100773 0.136341 0.087551
v -0.108120 0.146722 0.089465
v -0.108513 0.132582 0.093579
v -0.112957 0.142837 0.093651
v -0.118441 0.125568 0.071331
v -0.125826 0.135913 0.073266
v -0.125432 0.122192 0.078383
v -0.130113 0.132311 0.078198
v -0.152202 0.102908 0.050426
v -0.160308 0.112617 0.052267
v -0.155681 0.101706 0.060235
v -0.161953 0.110671 0.059220
v -0.168462 0.060584 0.040962
v -0.177063 0.069764 0.042881
v -0.170146 0.060831 0.051342
v -0.177345 0.068933 0.050242
v -0.199133 0.027835 0.053480
v -0.206849 0.037942 0.055120
v -0.198625 0.030579 0.063759
v -0.205628 0.038831 0.062438
v -0.243856 0.015804 0.091786
v -0.243289 0.027827 0.087217
v -0.238252 0.021953 0.098794
v -0.239263 0.030989 0.092833
v -0.276486 0.048968 0.138667
v -0.275032 0.060784 0.133848
v -0.267043 0.052484 0.141944
v -0.268303 0.062048 0.136769
v -0.279220 0.054663 0.157708
v -0.276878 0.072348 0.152566
v -0.264322 0.056607 0.157145
v -0.266267 0.071820 0.152722
v -0.254753 0.069455 0.201840
v -0.252102 0.087098 0.196718
v -0.241009 0.069257 0.195761
v -0.242367 0.085011 0.192846
v -0.225295 0.078315 0.242265
v -0.221115 0.096308 0.239486
v -0.210953 0.077862 0.237797
v -0.211112 0.093996 0.236533
v -0.216036 0.079078 0.268950
v -0.212106 0.091086 0.272330
v -0.206036 0.077680 0.271575
v -0.205243 0.088745 0.273873
v -0.220505 0.070874 0.294885
v -0.218939 0.075229 0.299946
v -0.216843 0.068906 0.297700
v -0.217063 0.073336 0.300729
v -0.227237 0.062283 0.304228
v -0.227287 0.062687 0.305352
v -0.226772 0.061719 0.304769
v -0.227007 0.062288 0.305477
v -0.162279 0.199532 0.207577
v -0.152508 0.192491 0.209924
v -0.166393 0.189798 0.210142
v -0.156347 0.185909 0.211684
v -0.151047 0.155842 0.162334
v -0.155809 0.161828 0.131827
v -0.158267 0.152899 0.096349
v -0.184593 0.151467 0.102786
v -0.171316 0.160982 0.135617
v -0.186219 0.158463 0.146358
v -0.210889 0.147009 0.121769
v -0.224843 0.141611 0.144412
v -0.194446 0.155279 0.159706
v -0.197177 0.150992 0.177538
v -0.229649 0.134039 0.175897
v -0.223056 0.127837 0.201482
v -0.193291 0.147334 0.192624
v -0.182247 0.143793 0.207092
v -0.203557 0.121586 0.227025
v -0.180280 0.118213 0.240565
v -0.168520 0.141804 0.215077
v -0.150175 0.141059 0.217809
v -0.147892 0.116913 0.245315
v -0.121566 0.118345 0.238879
v -0.134674 0.141900 0.214020
v -0.119778 0.144429 0.203270
v -0.095270 0.122808 0.219897
v -0.081316 0.128206 0.197254
v -0.111550 0.147614 0.189918
v -0.108836 0.151925 0.171990
v -0.076516 0.135806 0.165656
v -0.083108 0.142007 0.140070
v -0.112722 0.155579 0.156906
v -0.123762 0.159120 0.142439
v -0.102608 0.148258 0.114528
v -0.125885 0.151631 0.100987
v -0.137470 0.161105 0.134464
v -0.159446 0.128619 0.068584
v -0.193843 0.126749 0.076994
v -0.226822 0.121158 0.100802
v -0.245054 0.114105 0.130386
v -0.251081 0.104608 0.169872
v -0.242467 0.096505 0.203302
v -0.218012 0.088666 0.235336
v -0.187599 0.084259 0.253027
v -0.146981 0.082637 0.258956
v -0.112585 0.084507 0.250546
v -0.079606 0.090103 0.226740
v -0.061374 0.097156 0.197155
v -0.055353 0.106680 0.157556
v -0.063966 0.114783 0.124126
v -0.088422 0.122623 0.092092
v -0.118835 0.127030 0.074401
v -0.159972 0.095839 0.052984
v -0.197203 0.093814 0.062086
v -0.232528 0.087825 0.087589
v -0.252262 0.080192 0.119610
v -0.258718 0.070019 0.161906
v -0.249395 0.061248 0.198090
v -0.223199 0.052851 0.232403
v -0.190281 0.048081 0.251553
v -0.146779 0.046373 0.257782
v -0.109548 0.048398 0.248680
v -0.074217 0.054365 0.223292
v -0.054483 0.061998 0.191270
v -0.048033 0.072198 0.148861
v -0.057356 0.080969 0.112677
v -0.083551 0.089366 0.078364
v -0.116470 0.094136 0.059214
v -0.159764 0.059548 0.051923
v -0.194161 0.057678 0.060333
v -0.227139 0.052086 0.084141
v -0.245371 0.045034 0.113725
v -0.251398 0.035537 0.153211
v -0.242784 0.027434 0.186641
v -0.218329 0.019594 0.218675
v -0.187916 0.015187 0.236366
v -0.147304 0.013593 0.242182
v -0.112907 0.015463 0.233772
v -0.079923 0.021032 0.210079
v -0.061691 0.028085 0.180494
v -0.055670 0.037609 0.140895
v -0.064284 0.045712 0.107465
v -0.088739 0.053551 0.075432
v -0.119152 0.057959 0.057740
v -0.158853 0.025272 0.065564
v -0.185180 0.023840 0.072000
v -0.211475 0.019382 0.090984
v -0.225429 0.013984 0.113627
v -0.230235 0.006412 0.145111
v -0.223642 0.000210 0.170697
v -0.204143 -0.006041 0.196239
v -0.180866 -0.009414 0.209780
v -0.148484 -0.010687 0.214417
v -0.122157 -0.009255 0.207980
v -0.095856 -0.004819 0.189111
v -0.081902 0.000579 0.166468
v -0.077102 0.008178 0.134870
v -0.083695 0.014380 0.109285
v -0.103194 0.020631 0.083742
v -0.126471 0.024004 0.070202
v -0.157379 -0.001772 0.091829
v -0.171627 -0.002547 0.095312
v -0.187921 -0.005310 0.107075
v -0.195473 -0.008231 0.119330
v -0.198451 -0.012923 0.138839
v -0.194883 -0.016279 0.152686
v -0.182800 -0.020153 0.168513
v -0.170203 -0.021978 0.175841
v -0.150137 -0.022769 0.178714
v -0.135890 -0.021994 0.175231
v -0.119590 -0.019254 0.163582
v -0.112038 -0.016332 0.151328
v -0.109066 -0.011613 0.131705
v -0.112634 -0.008256 0.117858
v -0.124717 -0.004383 0.102031
v -0.137314 -0.002558 0.094703
v -0.142975 0.141900 0.102115
v -0.140454 0.120912 0.078777
v -0.139665 0.092713 0.065558
v -0.140727 0.061596 0.064470
v -0.143479 0.032299 0.075677
v -0.147502 0.009282 0.097475
v -0.178872 0.007576 0.105145
v -0.194805 0.029508 0.088226
v -0.205387 0.058080 0.080278
v -0.209007 0.088942 0.082511
v -0.205115 0.117395 0.094585
v -0.194302 0.139109 0.114663
v -0.195500 0.001144 0.132127
v -0.222010 0.018985 0.132371
v -0.239659 0.044823 0.135891
v -0.245762 0.074725 0.142152
v -0.239387 0.104138 0.150199
v -0.221507 0.128585 0.158808
v -0.187644 -0.006246 0.162615
v -0.209157 0.006893 0.182253
v -0.223468 0.029590 0.198733
v -0.228397 0.058389 0.209544
v -0.223195 0.088906 0.213040
v -0.208654 0.116494 0.208691
v -0.159907 -0.010266 0.178753
v -0.163775 0.000316 0.208656
v -0.166296 0.021305 0.231993
v -0.167086 0.049504 0.245212
v -0.166021 0.080608 0.246350
v -0.163269 0.109905 0.235142
v -0.128533 -0.008574 0.171140
v -0.112446 0.003094 0.196164
v -0.101633 0.024807 0.216242
v -0.097740 0.053261 0.228316
v -0.101358 0.084111 0.230598
v -0.111940 0.112683 0.222650
v -0.111905 -0.002141 0.144155
v -0.085241 0.013618 0.152016
v -0.067361 0.038065 0.160625
v -0.060986 0.067479 0.168672
v -0.067088 0.097381 0.174932
v -0.084738 0.123219 0.178453
v -0.119764 0.005263 0.113610
v -0.098097 0.025723 0.102076
v -0.083556 0.053312 0.097727
v -0.078354 0.083828 0.101223
v -0.083283 0.112627 0.112034
v -0.097594 0.135324 0.128514
v -0.167794 -0.015890 0.114979
v -0.150345 -0.014942 0.110713
v -0.177043 -0.019468 0.129986
v -0.172674 -0.023579 0.146944
v -0.157246 -0.025811 0.155917
v -0.139790 -0.024857 0.151701
v -0.130534 -0.021332 0.136699
v -0.134918 -0.017177 0.119687
v -0.159160 0.131944 0.212525
v -0.155664 0.144923 0.191924
v -0.186532 0.135921 0.196554
v -0.167767 0.146680 0.184845
v -0.194277 0.143214 0.166466
v -0.171152 0.149908 0.171527
v -0.177857 0.149559 0.139851
v -0.163827 0.152701 0.159810
v -0.146915 0.151238 0.132303
v -0.150220 0.153420 0.156571
v -0.119569 0.147273 0.148221
v -0.138242 0.151673 0.163586
v -0.111820 0.139973 0.178349
v -0.134835 0.148466 0.176880
v -0.128224 0.133612 0.205018
v -0.142106 0.145646 0.188653
v -0.153785 -0.021541 0.133044
v 0.149716 0.275084 0.172857
v 0.149716 0.281718 0.151152
v 0.160691 0.279562 0.151152
v 0.187016 0.265721 0.172857
v 0.112415 0.265721 0.172857
v 0.138740 0.279562 0.151152
v 0.149716 0.258783 0.216266
v 0.187017 0.249419 0.216266
v 0.112415 0.249419 0.216266
v 0.166144 0.227322 0.237970
v 0.149716 0.229479 0.237970
v 0.133288 0.227322 0.237970
v -0.119725 0.366214 -0.061875
v -0.074673 0.366214 -0.049804
v -0.080777 0.361580 -0.027021
v -0.140471 0.346093 0.015551
v -0.098979 0.346093 -0.139301
v -0.068568 0.361580 -0.072586
v -0.209829 0.350821 -0.086019
v -0.230576 0.330699 -0.008593
v -0.189083 0.330699 -0.163445
v -0.264019 0.309635 -0.063991
v -0.254882 0.314270 -0.098090
v -0.245745 0.309635 -0.132190
v 0.239722 0.323827 -0.079757
v 0.234999 0.310000 -0.052973
v 0.221455 0.307298 -0.055361
v 0.193692 0.312094 -0.087873
v 0.285752 0.312094 -0.071640
v 0.248543 0.307298 -0.050585
v 0.249167 0.321043 -0.133324
v 0.203137 0.309310 -0.141440
v 0.295197 0.309310 -0.125208
v 0.233617 0.307298 -0.163682
v 0.253890 0.310000 -0.160108
v 0.274162 0.307298 -0.156533
v -0.053801 0.316953 -0.180395
v -0.073379 0.309827 -0.162914
v -0.080762 0.304264 -0.173449
v -0.078020 0.295652 -0.216200
v -0.021556 0.316203 -0.144590
v -0.064147 0.310311 -0.152378
v -0.014646 0.323043 -0.215359
v -0.038865 0.301742 -0.251164
v 0.017599 0.322293 -0.179554
v -0.006578 0.300273 -0.248610
v 0.004931 0.307338 -0.232841
v 0.018290 0.309324 -0.217072
v 0.126678 0.047531 -0.234710
v 0.128136 0.065274 -0.202742
v 0.113602 0.074975 -0.213248
v 0.100155 0.095683 -0.271822
v 0.185294 0.009134 -0.210559
v 0.138654 0.049508 -0.195221
v 0.148290 0.036379 -0.298647
v 0.121767 0.084531 -0.335759
v 0.206905 -0.002019 -0.274495
v 0.167484 0.051380 -0.375017
v 0.188241 0.035353 -0.360034
v 0.204981 0.013262 -0.348036
v 0.034034 0.130193 0.194391
v 0.042335 0.124291 0.211257
v 0.033991 0.118957 0.213498
v 0.006078 0.110435 0.201238
v 0.065694 0.134943 0.180470
v 0.051533 0.126169 0.207387
v 0.017431 0.141996 0.160660
v -0.010525 0.122238 0.167507
v 0.049091 0.146746 0.146739
v -0.003572 0.140772 0.147553
v 0.009129 0.147897 0.143795
v 0.022684 0.151566 0.138407
v -0.010853 0.163873 0.236436
v -0.003124 0.159069 0.224070
v 0.002544 0.156140 0.228750
v 0.007926 0.152582 0.252561
v -0.034084 0.162849 0.222313
v -0.009817 0.159161 0.219850
v -0.026313 0.159952 0.261168
v -0.007533 0.148661 0.277293
v -0.049543 0.158928 0.247045
v -0.025304 0.149122 0.280425
v -0.034042 0.152801 0.273534
v -0.043806 0.153643 0.267104
v -0.192040 0.170897 0.247152
v -0.157725 0.159586 0.248355
v -0.160597 0.152690 0.265423
v -0.202812 0.144312 0.304427
v -0.190592 0.168485 0.183158
v -0.157001 0.159803 0.229740
v -0.260670 0.167910 0.244747
v -0.271442 0.141324 0.302021
v -0.259222 0.165497 0.180752
v -0.298749 0.136051 0.269474
v -0.294985 0.144713 0.243543
v -0.293368 0.146697 0.216065
v -0.144749 0.194453 0.217884
v -0.157115 0.189649 0.210154
v -0.152435 0.186720 0.204486
v -0.128624 0.183162 0.199104
v -0.158872 0.193429 0.241114
v -0.161335 0.189741 0.216848
v -0.120017 0.218260 0.233343
v -0.103892 0.206969 0.214564
v -0.134139 0.217236 0.256574
v -0.100760 0.215827 0.232334
v -0.107651 0.219506 0.241073
v -0.114081 0.220349 0.250836
vt 0.508700 0.922800
vt 0.509000 0.865000
vt 0.539200 0.865000
vt 0.539500 0.922800
vt 0.042600 0.922800
vt 0.043000 0.865000
vt 0.073100 0.865000
vt 0.073400 0.922800
vt 0.109200 0.922800
vt 0.109600 0.865000
vt 0.139700 0.865000
vt 0.140000 0.922800
vt 0.175800 0.922800
vt 0.176100 0.865000
vt 0.206300 0.865000
vt 0.206600 0.922800
vt 0.242400 0.922600
vt 0.242700 0.864900
vt 0.272800 0.864900
vt 0.273100 0.922600
vt 0.308800 0.922600
vt 0.309200 0.864900
vt 0.339300 0.864900
vt 0.339600 0.922700
vt 0.375500 0.922800
vt 0.375900 0.865000
vt 0.406000 0.865000
vt 0.406300 0.922800
vt 0.442100 0.922800
vt 0.442500 0.865000
vt 0.472600 0.865000
vt 0.472900 0.922800
vt 0.508700 0.801900
vt 0.539500 0.801900
vt 0.042600 0.801900
vt 0.073500 0.801900
vt 0.109200 0.801900
vt 0.140000 0.801900
vt 0.175800 0.801900
vt 0.206600 0.801900
vt 0.242400 0.801900
vt 0.273200 0.801900
vt 0.308900 0.801900
vt 0.339700 0.801900
vt 0.375500 0.801900
vt 0.406400 0.801900
vt 0.442100 0.801900
vt 0.472900 0.801900
vt 0.508600 0.735000
vt 0.539600 0.735000
vt 0.042500 0.735000
vt 0.073500 0.735000
vt 0.109100 0.735000
vt 0.140100 0.735000
vt 0.175700 0.735000
vt 0.206700 0.735000
vt 0.242300 0.735000
vt 0.273300 0.735000
vt 0.308800 0.735000
vt 0.339800 0.735000
vt 0.375400 0.735000
vt 0.406400 0.735000
vt 0.442000 0.735000
vt 0.473000 0.735000
vt 0.509300 0.666400
vt 0.539800 0.666400
vt 0.042600 0.666400
vt 0.073500 0.666400
vt 0.109200 0.666400
vt 0.140000 0.666400
vt 0.175800 0.666400
vt 0.206600 0.666400
vt 0.242400 0.666400
vt 0.273200 0.666400
vt 0.308900 0.666500
vt 0.339700 0.666400
vt 0.375500 0.666400
vt 0.406400 0.666400
vt 0.442100 0.666400
vt 0.472900 0.666400
vt 0.509000 0.599100
vt 0.539200 0.599100
vt 0.043000 0.599100
vt 0.073100 0.599100
vt 0.109600 0.599100
vt 0.139700 0.599100
vt 0.176100 0.599100
vt 0.206300 0.599100
vt 0.242700 0.599100
vt 0.272800 0.599100
vt 0.309200 0.599200
vt 0.339300 0.599200
vt 0.375900 0.599100
vt 0.406000 0.599100
vt 0.442500 0.599100
vt 0.472600 0.599100
vt 0.510200 0.534400
vt 0.538000 0.534400
vt 0.044100 0.534400
vt 0.072000 0.534400
vt 0.110700 0.534400
vt 0.138600 0.534400
vt 0.177300 0.534400
vt 0.205100 0.534400
vt 0.243800 0.534400
vt 0.271700 0.534400
vt 0.310300 0.534500
vt 0.338100 0.534400
vt 0.377000 0.534400
vt 0.404900 0.534400
vt 0.443600 0.534400
vt 0.471500 0.534400
vt 0.490800 0.861900
vt 0.490800 0.801100
vt 0.490800 0.736200
vt 0.490800 0.669700
vt 0.490800 0.604300
vt 0.490800 0.541400
vt 0.006500 0.599100
vt 0.005400 0.534400
vt 0.024700 0.541400
vt 0.024700 0.604300
vt 0.006900 0.666400
vt 0.024700 0.669700
vt 0.007000 0.735000
vt 0.024700 0.736200
vt 0.006900 0.801900
vt 0.024700 0.801100
vt 0.006500 0.865000
vt 0.024700 0.861900
vt 0.091300 0.541400
vt 0.091300 0.604300
vt 0.091300 0.669700
vt 0.091300 0.736200
vt 0.091300 0.801100
vt 0.091300 0.861900
vt 0.157900 0.541400
vt 0.157900 0.604300
vt 0.157900 0.669700
vt 0.157900 0.736200
vt 0.157900 0.801100
vt 0.157900 0.861900
vt 0.224500 0.541400
vt 0.224500 0.604300
vt 0.224500 0.669700
vt 0.224500 0.736200
vt 0.224500 0.801000
vt 0.224500 0.861900
vt 0.291000 0.541500
vt 0.291000 0.604400
vt 0.291000 0.669700
vt 0.291000 0.736200
vt 0.291000 0.801000
vt 0.291000 0.861800
vt 0.357500 0.541400
vt 0.357600 0.604300
vt 0.357600 0.669700
vt 0.357600 0.736200
vt 0.357600 0.801100
vt 0.357600 0.861900
vt 0.424200 0.541400
vt 0.424200 0.604300
vt 0.424200 0.669700
vt 0.424200 0.736200
vt 0.424200 0.801100
vt 0.424200 0.861900
vt 0.191600 0.226200
vt 0.218300 0.226200
vt 0.266800 0.385400
vt 0.211600 0.385400
vt 0.163900 0.385400
vt 0.166600 0.226200
vt 0.107400 0.385400
vt 0.065800 0.385400
vt 0.145100 0.226200
vt 0.017000 0.385400
vt 0.358200 0.386700
vt 0.335400 0.386700
vt 0.223200 0.227500
vt 0.315100 0.385400
vt 0.029300 0.497700
vt 0.483200 0.497000
vt 0.539100 0.497000
vt 0.088000 0.497700
vt 0.146300 0.497700
vt 0.224200 0.497700
vt 0.290700 0.497700
vt 0.357900 0.497700
vt 0.425500 0.497700
vt 0.224500 0.918700
vt 0.224700 0.960900
vt 0.157900 0.918800
vt 0.157800 0.961000
vt 0.091300 0.918800
vt 0.090900 0.961000
vt 0.006800 0.922800
vt 0.024700 0.918800
vt 0.024100 0.961000
vt 0.490800 0.918800
vt 0.490300 0.961000
vt 0.424200 0.918800
vt 0.424100 0.961000
vt 0.357500 0.918800
vt 0.357400 0.960900
vt 0.290900 0.918700
vt 0.290700 0.960900
vt 0.290800 0.970200
vt 0.224600 0.970200
vt 0.158100 0.970300
vt 0.091500 0.970300
vt 0.024900 0.970300
vt 0.556700 0.961000
vt 0.557500 0.970300
vt 0.490800 0.970400
vt 0.424100 0.970300
vt 0.357300 0.970300
vt 0.977400 0.625000
vt 0.974500 0.627300
vt 0.969200 0.623800
vt 0.972700 0.621100
vt 0.980900 0.622900
vt 0.974500 0.617800
vt 0.983700 0.621100
vt 0.976300 0.614200
vt 0.986500 0.618600
vt 0.979000 0.611600
vt 0.980200 0.651300
vt 0.977000 0.649900
vt 0.980200 0.635400
vt 0.983400 0.635000
vt 0.984000 0.650100
vt 0.986800 0.633700
vt 0.987400 0.650700
vt 0.989900 0.633000
vt 0.989900 0.653600
vt 0.993000 0.633200
vt 0.976000 0.659400
vt 0.973000 0.657700
vt 0.978700 0.662700
vt 0.981000 0.664400
vt 0.985000 0.665600
vt 0.942600 0.667500
vt 0.943200 0.660800
vt 0.965700 0.663600
vt 0.965700 0.667900
vt 0.944300 0.672100
vt 0.967000 0.672400
vt 0.945300 0.676700
vt 0.969400 0.674500
vt 0.944500 0.681800
vt 0.970900 0.678300
vt 0.920000 0.665800
vt 0.920300 0.658700
vt 0.921400 0.670300
vt 0.921700 0.673400
vt 0.920600 0.677500
vt 0.939800 0.964700
vt 0.940500 0.964200
vt 0.946600 0.970000
vt 0.942300 0.971100
vt 0.936800 0.968100
vt 0.944200 0.972800
vt 0.936700 0.969000
vt 0.944600 0.973900
vt 0.942800 0.976100
vt 0.934900 0.973200
vt 0.922900 0.953600
vt 0.923200 0.951000
vt 0.918700 0.956300
vt 0.915300 0.956100
vt 0.913000 0.960400
vt 0.905700 0.932300
vt 0.907500 0.930800
vt 0.901000 0.932400
vt 0.897700 0.932400
vt 0.893700 0.935600
vt 0.906800 0.921100
vt 0.909100 0.923100
vt 0.903100 0.917800
vt 0.899600 0.916800
vt 0.894900 0.915600
vt 0.920100 0.906700
vt 0.923900 0.907300
vt 0.919100 0.902800
vt 0.919600 0.898600
vt 0.916300 0.896200
vt 0.939400 0.895000
vt 0.940400 0.896800
vt 0.939600 0.891600
vt 0.939800 0.888800
vt 0.937800 0.885500
vt 0.954700 0.896700
vt 0.953500 0.899600
vt 0.956300 0.894200
vt 0.956800 0.891000
vt 0.957200 0.888000
vt 0.969000 0.903600
vt 0.967700 0.905900
vt 0.970900 0.900100
vt 0.972100 0.896900
vt 0.973300 0.893600
vt 0.982300 0.757800
vt 0.980600 0.758600
vt 0.988600 0.746700
vt 0.989100 0.748300
vt 0.990700 0.749800
vt 0.985400 0.759300
vt 0.985000 0.759100
vt 0.986300 0.760500
vt 0.992100 0.749800
vt 0.989300 0.761200
vt 0.994000 0.750800
vt 0.980200 0.769900
vt 0.978400 0.769600
vt 0.982800 0.771500
vt 0.983200 0.771700
vt 0.985000 0.772400
vt 0.988600 0.771400
vt 0.974200 0.788400
vt 0.971800 0.786700
vt 0.983100 0.771900
vt 0.977600 0.789600
vt 0.980700 0.789500
vt 0.983900 0.790400
vt 0.970200 0.802300
vt 0.968000 0.800900
vt 0.973700 0.802800
vt 0.976300 0.802300
vt 0.980000 0.803200
vt 0.970000 0.817400
vt 0.968100 0.818300
vt 0.973800 0.816700
vt 0.975900 0.816600
vt 0.979800 0.815700
vt 0.973700 0.837500
vt 0.972200 0.839800
vt 0.977500 0.837200
vt 0.980100 0.838400
vt 0.984100 0.837200
vt 0.978400 0.855100
vt 0.976800 0.856900
vt 0.983100 0.855200
vt 0.985400 0.855500
vt 0.989000 0.853800
vt 0.985200 0.871000
vt 0.984100 0.872600
vt 0.989100 0.870300
vt 0.991000 0.871000
vt 0.994700 0.869700
vt 0.987200 0.878000
vt 0.985700 0.879200
vt 0.990800 0.877700
vt 0.992800 0.878800
vt 0.996400 0.878000
vt 0.974300 0.893300
vt 0.975000 0.891300
vt 0.983700 0.887700
vt 0.984900 0.889100
vt 0.975500 0.895900
vt 0.987700 0.890200
vt 0.977000 0.897700
vt 0.989500 0.891700
vt 0.976900 0.900800
vt 0.990300 0.894500
vt 0.966500 0.893500
vt 0.966700 0.891500
vt 0.966300 0.896800
vt 0.967600 0.898500
vt 0.969100 0.900600
vt 0.960400 0.897100
vt 0.959300 0.895400
vt 0.960500 0.899900
vt 0.962500 0.901000
vt 0.964500 0.900800
vt 0.955500 0.909400
vt 0.953500 0.908400
vt 0.957100 0.909800
vt 0.959300 0.910300
vt 0.960800 0.911000
vt 0.996400 0.883200
vt 0.994500 0.889700
vt 0.991800 0.887900
vt 0.993000 0.883200
vt 0.987900 0.881900
vt 0.987000 0.886300
vt 0.985100 0.885500
vt 0.986000 0.882400
vt 0.991100 0.882300
vt 0.989900 0.887000
vt 0.977700 0.674000
vt 0.975600 0.670600
vt 0.971900 0.664500
vt 0.968800 0.663100
vt 0.975100 0.667700
vt 0.925600 0.712900
vt 0.926900 0.714600
vt 0.914800 0.722900
vt 0.913400 0.721400
vt 0.930600 0.719200
vt 0.932000 0.722700
vt 0.920900 0.729700
vt 0.919400 0.726100
vt 0.929400 0.717500
vt 0.918000 0.724600
vt 0.945000 0.702000
vt 0.945300 0.704100
vt 0.946800 0.709400
vt 0.947600 0.713000
vt 0.946100 0.707300
vt 0.969200 0.701700
vt 0.969000 0.703700
vt 0.967300 0.708300
vt 0.967400 0.711800
vt 0.967800 0.706300
vt 0.981600 0.709000
vt 0.980300 0.710400
vt 0.980100 0.714000
vt 0.976800 0.714800
vt 0.979300 0.713600
vt 0.999300 0.735600
vt 0.998500 0.736100
vt 0.993100 0.740300
vt 0.994700 0.740000
vt 0.997500 0.737500
vt 0.907500 0.732100
vt 0.911400 0.732900
vt 0.905900 0.730800
vt 0.913100 0.734100
vt 0.914800 0.737600
vt 1.477000 0.779000
vt 1.477100 0.779000
vt 1.477100 0.779000
vt 1.477000 0.779000
vt 0.909800 0.963100
vt 0.909900 0.961500
vt 0.914600 0.963600
vt 0.914400 0.965700
vt 0.908900 0.966300
vt 0.914800 0.968800
vt 0.911200 0.958700
vt 0.912000 0.957400
vt 0.918100 0.959500
vt 0.917000 0.960800
vt 0.900400 0.958900
vt 0.900800 0.957300
vt 0.899400 0.962000
vt 0.902800 0.954900
vt 0.904000 0.953900
vt 0.891800 0.952800
vt 0.892700 0.951600
vt 0.889500 0.954400
vt 0.895200 0.949500
vt 0.896600 0.948900
vt 0.887800 0.941100
vt 0.889200 0.941400
vt 0.885700 0.941000
vt 0.892200 0.941500
vt 0.893900 0.941500
vt 0.892500 0.931700
vt 0.893600 0.933100
vt 0.891500 0.930100
vt 0.895600 0.934800
vt 0.896300 0.935900
vt 0.903700 0.928400
vt 0.903900 0.929900
vt 0.903600 0.926000
vt 0.903600 0.932700
vt 0.903200 0.934400
vt 0.913400 0.931700
vt 0.912300 0.932700
vt 0.914500 0.929700
vt 0.909500 0.934600
vt 0.908500 0.935800
vt 0.917700 0.942100
vt 0.916100 0.942100
vt 0.919600 0.942800
vt 0.912900 0.942700
vt 0.911400 0.942600
vt 0.913300 0.949500
vt 0.912600 0.948400
vt 0.913700 0.950400
vt 0.911500 0.946000
vt 0.910400 0.944800
vt 0.903900 0.947700
vt 0.904000 0.947600
vt 0.904000 0.948100
vt 0.904200 0.947300
vt 0.904100 0.947100
vt 1.477000 0.778900
vt 1.477000 0.778900
vt 1.477000 0.778900
vt 1.477100 0.778900
vt 1.477100 0.778900
vt 1.477000 0.779000
vt 0.969000 0.820000
vt 0.967200 0.820100
vt 0.973100 0.780400
vt 0.974800 0.780300
vt 0.960500 0.819400
vt 0.958400 0.819500
vt 0.958600 0.779800
vt 0.963500 0.779400
vt 0.962000 0.819600
vt 0.967900 0.779600
vt 0.963700 0.819900
vt 0.969500 0.780300
vt 0.965700 0.820100
vt 0.971500 0.780700
vt 0.967500 0.847100
vt 0.966100 0.848100
vt 0.960100 0.847000
vt 0.958100 0.846800
vt 0.961400 0.848100
vt 0.962800 0.849100
vt 0.964800 0.849100
vt 0.968400 0.870100
vt 0.966700 0.870400
vt 0.966200 0.858000
vt 0.967800 0.857400
vt 0.960000 0.870300
vt 0.958000 0.870400
vt 0.957700 0.857600
vt 0.959800 0.857500
vt 0.961600 0.870600
vt 0.961200 0.858200
vt 0.963200 0.870800
vt 0.962800 0.858700
vt 0.965200 0.870800
vt 0.964800 0.858700
vt 0.968700 0.887600
vt 0.967100 0.887600
vt 0.960800 0.887800
vt 0.958700 0.888000
vt 0.962300 0.887700
vt 0.963800 0.887400
vt 0.965800 0.887400
vt 0.968600 0.895700
vt 0.967200 0.896000
vt 0.961100 0.895600
vt 0.958900 0.895600
vt 0.962500 0.896200
vt 0.963900 0.896200
vt 0.965800 0.896200
vt 0.969000 0.904400
vt 0.967600 0.904200
vt 0.960800 0.904300
vt 0.958500 0.904200
vt 0.962200 0.904300
vt 0.963600 0.904000
vt 0.966300 0.904100
vt 0.968700 0.913200
vt 0.967300 0.913700
vt 0.960800 0.913000
vt 0.958700 0.913000
vt 0.962300 0.913700
vt 0.963700 0.914500
vt 0.965700 0.914500
vt 0.968600 0.925600
vt 0.967100 0.925700
vt 0.960300 0.925400
vt 0.958000 0.925500
vt 0.961900 0.925700
vt 0.963500 0.926000
vt 0.965400 0.926000
vt 0.968300 0.928400
vt 0.966800 0.929300
vt 0.960400 0.928200
vt 0.958200 0.928200
vt 0.962000 0.929300
vt 0.963300 0.930300
vt 0.965300 0.930300
vt 0.967500 0.954000
vt 0.966500 0.953500
vt 0.966800 0.941900
vt 0.968100 0.941400
vt 0.960700 0.951700
vt 0.959000 0.951200
vt 0.958500 0.941500
vt 0.960500 0.941400
vt 0.962200 0.952000
vt 0.962000 0.941900
vt 0.963700 0.952400
vt 0.963400 0.942300
vt 0.965400 0.952900
vt 0.965400 0.942300
vt 0.961800 0.962200
vt 0.960500 0.961600
vt 0.956300 0.956900
vt 0.955000 0.955400
vt 0.957100 0.958100
vt 0.957700 0.959500
vt 0.959100 0.960900
vt 0.953500 0.969200
vt 0.952900 0.968000
vt 0.949900 0.962500
vt 0.948900 0.960700
vt 0.950900 0.963800
vt 0.951500 0.965100
vt 0.952400 0.966800
vt 0.944300 0.971500
vt 0.943700 0.970300
vt 0.944900 0.964500
vt 0.944900 0.962500
vt 0.944000 0.965800
vt 0.943400 0.967200
vt 0.943400 0.969100
vt 0.932700 0.969000
vt 0.932600 0.967000
vt 0.936900 0.962200
vt 0.937400 0.960300
vt 0.935400 0.963100
vt 0.933300 0.963700
vt 0.932300 0.965300
vt 0.922100 0.955100
vt 0.923400 0.954300
vt 0.926600 0.961900
vt 0.926000 0.963200
vt 0.929700 0.953300
vt 0.931800 0.952900
vt 0.933400 0.958200
vt 0.931900 0.959300
vt 0.928200 0.952900
vt 0.930600 0.959700
vt 0.926700 0.952900
vt 0.928800 0.959600
vt 0.924700 0.953600
vt 0.927200 0.960700
vt 0.921700 0.943700
vt 0.922700 0.944200
vt 0.928400 0.945200
vt 0.930300 0.945800
vt 0.927100 0.945100
vt 0.925400 0.945100
vt 0.923600 0.944700
vt 0.926500 0.936000
vt 0.927800 0.936800
vt 0.931400 0.941900
vt 0.932800 0.943300
vt 0.930900 0.940500
vt 0.930400 0.938900
vt 0.929200 0.937300
vt 0.934900 0.931200
vt 0.935100 0.932500
vt 0.936800 0.938600
vt 0.938000 0.940400
vt 0.936500 0.937200
vt 0.935900 0.935600
vt 0.935400 0.933800
vt 0.940200 0.931200
vt 0.940600 0.932700
vt 0.938300 0.937900
vt 0.938700 0.939700
vt 0.939700 0.936700
vt 0.941000 0.935800
vt 0.941400 0.934000
vt 0.949300 0.936400
vt 0.948400 0.937500
vt 0.945000 0.934200
vt 0.945400 0.932900
vt 0.943200 0.941400
vt 0.941600 0.942600
vt 0.939800 0.940000
vt 0.940800 0.938400
vt 0.944700 0.940700
vt 0.942200 0.937700
vt 0.945900 0.940000
vt 0.943500 0.937100
vt 0.947400 0.938700
vt 0.944700 0.935600
vt 0.952700 0.940500
vt 0.951800 0.941600
vt 0.946700 0.945600
vt 0.945100 0.946800
vt 0.948100 0.944900
vt 0.949300 0.944100
vt 0.950800 0.942900
vt 0.966400 0.935500
vt 0.967700 0.934800
vt 0.958300 0.935000
vt 0.960500 0.934900
vt 0.961900 0.935600
vt 0.963100 0.936100
vt 0.965100 0.936100
vt 1.477100 0.778900
vt 1.477100 0.778900
vt 1.477100 0.779000
vt 1.477100 0.779000
vt 0.911200 0.755500
vt 0.910800 0.753900
vt 0.932400 0.753000
vt 0.931600 0.754900
vt 0.908500 0.749200
vt 0.907900 0.745900
vt 0.930800 0.743400
vt 0.930500 0.747300
vt 0.909100 0.751000
vt 0.931500 0.749200
vt 0.894400 0.773100
vt 0.892400 0.772600
vt 0.897200 0.760000
vt 0.898700 0.760900
vt 0.887500 0.771400
vt 0.884700 0.771500
vt 0.891500 0.755800
vt 0.892600 0.758300
vt 0.889400 0.771500
vt 0.894000 0.759200
vt 0.895100 0.779200
vt 0.893500 0.780000
vt 0.889000 0.781100
vt 0.887600 0.782900
vt 0.890600 0.780300
vt 0.901400 0.784500
vt 0.900800 0.785900
vt 0.899300 0.790200
vt 0.897400 0.792100
vt 0.900100 0.788700
vt 0.911100 0.785600
vt 0.912200 0.786800
vt 0.904500 0.787700
vt 0.904600 0.785900
vt 0.915200 0.790900
vt 0.916500 0.792300
vt 0.904100 0.795000
vt 0.906200 0.792600
vt 0.914100 0.789600
vt 0.906300 0.790700
vt 0.913000 0.780600
vt 0.914500 0.780400
vt 0.919300 0.781400
vt 0.921200 0.780700
vt 0.917700 0.781200
vt 0.910900 0.776300
vt 0.912100 0.775200
vt 0.912900 0.770200
vt 0.915700 0.769600
vt 0.911900 0.771400
vt 0.906400 0.772400
vt 0.906000 0.774000
vt 0.906800 0.765000
vt 0.904800 0.767500
vt 0.904700 0.769500
vt 0.903600 0.773900
vt 0.902500 0.772700
vt 0.899800 0.768500
vt 0.898700 0.767700
vt 0.900900 0.769700
vt 0.903200 0.776700
vt 0.901700 0.777200
vt 0.897100 0.777200
vt 0.895700 0.778000
vt 0.898500 0.776900
vt 0.905100 0.777600
vt 0.903900 0.779100
vt 0.904100 0.783400
vt 0.904000 0.784000
vt 0.903700 0.782100
vt 0.910000 0.777500
vt 0.909900 0.777900
vt 0.910300 0.778700
vt 0.910900 0.778900
vt 0.910000 0.778500
vt 0.937300 0.796200
vt 0.938600 0.796200
vt 0.946000 0.815600
vt 0.944900 0.816200
vt 0.935000 0.796800
vt 0.942600 0.816500
vt 0.940700 0.795900
vt 0.942000 0.795500
vt 0.948500 0.813200
vt 0.947300 0.813900
vt 0.938500 0.783700
vt 0.939900 0.784000
vt 0.936200 0.783500
vt 0.941700 0.784800
vt 0.943000 0.785200
vt 0.942300 0.770800
vt 0.943700 0.771200
vt 0.940500 0.769300
vt 0.946000 0.771000
vt 0.947300 0.771500
vt 0.950100 0.820700
vt 0.950900 0.818400
vt 0.949300 0.821300
vt 0.946900 0.821800
vt 0.951900 0.817400
vt 0.873000 0.367000
vt 0.981400 0.367000
vt 0.904900 0.430000
vt 0.873000 0.430000
vt 0.764700 0.367000
vt 0.841200 0.430000
vt 0.873000 0.240900
vt 0.981400 0.240900
vt 0.764700 0.240900
vt 0.873000 0.177900
vt 0.920800 0.177900
vt 0.826800 0.177100
vt 0.873000 0.367200
vt 0.981300 0.367200
vt 0.904900 0.430300
vt 0.873000 0.430300
vt 0.764700 0.367200
vt 0.841100 0.430300
vt 0.873000 0.241200
vt 0.981300 0.241200
vt 0.764700 0.241200
vt 0.873000 0.178100
vt 0.920700 0.178100
vt 0.826700 0.177300
vt 0.516900 0.433900
vt 0.457500 0.435700
vt 0.392800 0.425200
vt 0.325600 0.424500
vt 0.258700 0.426600
vt 0.186000 0.411800
vt 0.119500 0.435900
vt 0.058700 0.437800
vt 0.969100 0.611300
vt 0.972200 0.609400
vt 0.965000 0.619800
vt 0.967800 0.617900
vt 0.967800 0.614600
vt 0.873000 0.367000
vt 0.981400 0.367000
vt 0.904900 0.430000
vt 0.873000 0.430000
vt 0.764700 0.367000
vt 0.841200 0.430000
vt 0.873000 0.240900
vt 0.981400 0.240900
vt 0.764700 0.240900
vt 0.873000 0.177900
vt 0.920800 0.177900
vt 0.826800 0.177100
vt 0.873000 0.367000
vt 0.981400 0.367000
vt 0.904900 0.430000
vt 0.873000 0.430000
vt 0.764700 0.367000
vt 0.841200 0.430000
vt 0.873000 0.240900
vt 0.981400 0.240900
vt 0.764700 0.240900
vt 0.873000 0.177900
vt 0.920800 0.177900
vt 0.826800 0.177100
vt 0.873000 0.367000
vt 0.981400 0.367000
vt 0.904900 0.430000
vt 0.873000 0.430000
vt 0.764700 0.367000
vt 0.841200 0.430000
vt 0.873000 0.240900
vt 0.981400 0.240900
vt 0.764700 0.240900
vt 0.873000 0.177900
vt 0.920800 0.177900
vt 0.826800 0.177100
vt 0.903100 0.734900
vt 0.902500 0.733300
vt 0.903400 0.732900
vt 0.904000 0.734500
vt 0.508700 0.922800
vt 0.509000 0.865000
vt 0.539200 0.865000
vt 0.539500 0.922800
vt 0.042600 0.922800
vt 0.043000 0.865000
vt 0.073100 0.865000
vt 0.073400 0.922800
vt 0.109200 0.922800
vt 0.109600 0.865000
vt 0.139700 0.865000
vt 0.140000 0.922800
vt 0.175800 0.922800
vt 0.176100 0.865000
vt 0.206300 0.865000
vt 0.206600 0.922800
vt 0.242400 0.922600
vt 0.242700 0.864900
vt 0.272800 0.864900
vt 0.273100 0.922600
vt 0.308800 0.922600
vt 0.309200 0.864900
vt 0.339300 0.864900
vt 0.339600 0.922700
vt 0.375500 0.922800
vt 0.375900 0.865000
vt 0.406000 0.865000
vt 0.406300 0.922800
vt 0.442100 0.922800
vt 0.442500 0.865000
vt 0.472600 0.865000
vt 0.472900 0.922800
vt 0.508700 0.801900
vt 0.539500 0.801900
vt 0.042600 0.801900
vt 0.073500 0.801900
vt 0.109200 0.801900
vt 0.140000 0.801900
vt 0.175800 0.801900
vt 0.206600 0.801900
vt 0.242400 0.801900
vt 0.273200 0.801900
vt 0.308900 0.801900
vt 0.339700 0.801900
vt 0.375500 0.801900
vt 0.406400 0.801900
vt 0.442100 0.801900
vt 0.472900 0.801900
vt 0.508600 0.735000
vt 0.539600 0.735000
vt 0.042500 0.735000
vt 0.073500 0.735000
vt 0.109100 0.735000
vt 0.140100 0.735000
vt 0.175700 0.735000
vt 0.206700 0.735000
vt 0.242300 0.735000
vt 0.273300 0.735000
vt 0.308800 0.735000
vt 0.339800 0.735000
vt 0.375400 0.735000
vt 0.406400 0.735000
vt 0.442000 0.735000
vt 0.473000 0.735000
vt 0.509300 0.666400
vt 0.539800 0.666400
vt 0.042600 0.666400
vt 0.073500 0.666400
vt 0.109200 0.666400
vt 0.140000 0.666400
vt 0.175800 0.666400
vt 0.206600 0.666400
vt 0.242400 0.666400
vt 0.273200 0.666400
vt 0.308900 0.666500
vt 0.339700 0.666400
vt 0.375500 0.666400
vt 0.406400 0.666400
vt 0.442100 0.666400
vt 0.472900 0.666400
vt 0.509000 0.599100
vt 0.539200 0.599100
vt 0.043000 0.599100
vt 0.073100 0.599100
vt 0.109600 0.599100
vt 0.139700 0.599100
vt 0.176100 0.599100
vt 0.206300 0.599100
vt 0.242700 0.599100
vt 0.272800 0.599100
vt 0.309200 0.599200
vt 0.339300 0.599200
vt 0.375900 0.599100
vt 0.406000 0.599100
vt 0.442500 0.599100
vt 0.472600 0.599100
vt 0.510200 0.534400
vt 0.538000 0.534400
vt 0.044100 0.534400
vt 0.072000 0.534400
vt 0.110700 0.534400
vt 0.138600 0.534400
vt 0.177300 0.534400
vt 0.205100 0.534400
vt 0.243800 0.534400
vt 0.271700 0.534400
vt 0.310300 0.534500
vt 0.338100 0.534400
vt 0.377000 0.534400
vt 0.404900 0.534400
vt 0.443600 0.534400
vt 0.471500 0.534400
vt 0.490800 0.861900
vt 0.490800 0.801100
vt 0.490800 0.736200
vt 0.490800 0.669700
vt 0.490800 0.604300
vt 0.490800 0.541400
vt 0.006500 0.599100
vt 0.005400 0.534400
vt 0.024700 0.541400
vt 0.024700 0.604300
vt 0.006900 0.666400
vt 0.024700 0.669700
vt 0.007000 0.735000
vt 0.024700 0.736200
vt 0.006900 0.801900
vt 0.024700 0.801100
vt 0.006500 0.865000
vt 0.024700 0.861900
vt 0.091300 0.541400
vt 0.091300 0.604300
vt 0.091300 0.669700
vt 0.091300 0.736200
vt 0.091300 0.801100
vt 0.091300 0.861900
vt 0.157900 0.541400
vt 0.157900 0.604300
vt 0.157900 0.669700
vt 0.157900 0.736200
vt 0.157900 0.801100
vt 0.157900 0.861900
vt 0.224500 0.541400
vt 0.224500 0.604300
vt 0.224500 0.669700
vt 0.224500 0.736200
vt 0.224500 0.801000
vt 0.224500 0.861900
vt 0.291000 0.541500
vt 0.291000 0.604400
vt 0.291000 0.669700
vt 0.291000 0.736200
vt 0.291000 0.801000
vt 0.291000 0.861800
vt 0.357500 0.541400
vt 0.357600 0.604300
vt 0.357600 0.669700
vt 0.357600 0.736200
vt 0.357600 0.801100
vt 0.357600 0.861900
vt 0.424200 0.541400
vt 0.424200 0.604300
vt 0.424200 0.669700
vt 0.424200 0.736200
vt 0.424200 0.801100
vt 0.424200 0.861900
vt 0.191600 0.226200
vt 0.218300 0.226200
vt 0.266800 0.385400
vt 0.211600 0.385400
vt 0.163900 0.385400
vt 0.166600 0.226200
vt 0.107400 0.385400
vt 0.065800 0.385400
vt 0.145100 0.226200
vt 0.017000 0.385400
vt 0.358200 0.386700
vt 0.335400 0.386700
vt 0.223200 0.227500
vt 0.315100 0.385400
vt 0.029300 0.497700
vt 0.483200 0.497000
vt 0.539100 0.497000
vt 0.088000 0.497700
vt 0.146300 0.497700
vt 0.224200 0.497700
vt 0.290700 0.497700
vt 0.357900 0.497700
vt 0.425500 0.497700
vt 0.224500 0.918700
vt 0.224700 0.960900
vt 0.157900 0.918800
vt 0.157800 0.961000
vt 0.091300 0.918800
vt 0.090900 0.961000
vt 0.006800 0.922800
vt 0.024700 0.918800
vt 0.024100 0.961000
vt 0.490800 0.918800
vt 0.490300 0.961000
vt 0.424200 0.918800
vt 0.424100 0.961000
vt 0.357500 0.918800
vt 0.357400 0.960900
vt 0.290900 0.918700
vt 0.290700 0.960900
vt 0.290800 0.970200
vt 0.224600 0.970200
vt 0.158100 0.970300
vt 0.091500 0.970300
vt 0.024900 0.970300
vt 0.556700 0.961000
vt 0.557500 0.970300
vt 0.490800 0.970400
vt 0.424100 0.970300
vt 0.357300 0.970300
vt 0.516900 0.433900
vt 0.457500 0.435700
vt 0.392800 0.425200
vt 0.325600 0.424500
vt 0.258700 0.426600
vt 0.186000 0.411800
vt 0.119500 0.435900
vt 0.058700 0.437800
vt 0.873000 0.367000
vt 0.981400 0.367000
vt 0.904900 0.430000
vt 0.873000 0.430000
vt 0.764700 0.367000
vt 0.841200 0.430000
vt 0.873000 0.240900
vt 0.981400 0.240900
vt 0.764700 0.240900
vt 0.873000 0.177900
vt 0.920800 0.177900
vt 0.826800 0.177100
vt 0.894400 0.877500
vt 0.896500 0.876400
vt 0.911100 0.892500
vt 0.909200 0.894000
vt 0.890300 0.878600
vt 0.905100 0.895000
vt 0.888200 0.879800
vt 0.904400 0.896900
vt 0.885200 0.882600
vt 0.904200 0.901300
vt 0.890400 0.866600
vt 0.892600 0.867100
vt 0.885500 0.865700
vt 0.883000 0.865400
vt 0.880500 0.864800
vt 0.911100 0.838000
vt 0.911900 0.838100
vt 0.910600 0.837000
vt 0.910400 0.836200
vt 0.909400 0.835600
vt 0.912500 0.902800
vt 0.912000 0.900300
vt 0.914000 0.898700
vt 0.911200 0.892600
vt 0.915200 0.898000
vt 0.911800 0.899200
vt 0.873000 0.367000
vt 0.981400 0.367000
vt 0.904900 0.430000
vt 0.873000 0.430000
vt 0.764700 0.367000
vt 0.841200 0.430000
vt 0.873000 0.240900
vt 0.981400 0.240900
vt 0.764700 0.240900
vt 0.873000 0.177900
vt 0.920800 0.177900
vt 0.826800 0.177100
vt 0.949000 0.801700
vt 0.948500 0.802900
vt 0.947900 0.802800
vt 0.948400 0.801600
vt 0.873000 0.367000
vt 0.981400 0.367000
vt 0.904900 0.430000
vt 0.873000 0.430000
vt 0.764700 0.367000
vt 0.841200 0.430000
vt 0.873000 0.240900
vt 0.981400 0.240900
vt 0.764700 0.240900
vt 0.873000 0.177900
vt 0.920800 0.177900
vt 0.826800 0.177100
vt 0.873000 0.367000
vt 0.981400 0.367000
vt 0.904900 0.430000
vt 0.873000 0.430000
vt 0.764700 0.367000
vt 0.841200 0.430000
vt 0.873000 0.240900
vt 0.981400 0.240900
vt 0.764700 0.240900
vt 0.873000 0.177900
vt 0.920800 0.177900
vt 0.826800 0.177100
vt 0.147200 0.226200
vt 0.166000 0.226200
vt 0.126800 0.385400
vt 0.092400 0.385400
vt 0.340500 0.386700
vt 0.197600 0.227500
vt 0.218600 0.227500
vt 0.358400 0.386700
vt 0.283700 0.386700
vt 0.191700 0.226200
vt 0.246800 0.385400
vt 0.179500 0.385400
vt 0.951600 0.638200
vt 0.950000 0.639100
vt 0.948700 0.637600
vt 0.949200 0.636100
vt 0.952400 0.637200
vt 0.950400 0.635500
vt 0.953500 0.636100
vt 0.951100 0.634100
vt 0.949100 0.639200
vt 0.948600 0.638600
vt 0.953200 0.645700
vt 0.951600 0.646000
vt 0.951200 0.642400
vt 0.952700 0.641700
vt 0.954600 0.645900
vt 0.954000 0.641500
vt 0.956200 0.645800
vt 0.955600 0.641200
vt 0.950700 0.646400
vt 0.950200 0.642500
vt 0.953200 0.649700
vt 0.951700 0.649300
vt 0.954800 0.650500
vt 0.956100 0.651000
vt 0.950700 0.649400
vt 0.952100 0.652100
vt 0.951100 0.650600
vt 0.953100 0.653400
vt 0.954400 0.654600
vt 0.950400 0.650100
vt 0.949600 0.653500
vt 0.949400 0.651600
vt 0.949900 0.654800
vt 0.949900 0.656600
vt 0.949100 0.650500
vt 0.944100 0.653500
vt 0.944400 0.651600
vt 0.943600 0.654600
vt 0.943600 0.654000
vt 0.942500 0.655100
vt 0.942800 0.654700
vt 0.944100 0.650600
vt 0.941300 0.652200
vt 0.941600 0.650500
vt 0.942000 0.653500
vt 0.941100 0.653700
vt 0.940400 0.653700
vt 0.940000 0.653900
vt 0.941700 0.649500
vt 0.937100 0.649700
vt 0.937800 0.648300
vt 0.935900 0.650500
vt 0.935100 0.651700
vt 0.938100 0.647300
vt 0.933600 0.645200
vt 0.934800 0.644400
vt 0.932300 0.645300
vt 0.930800 0.645700
vt 0.935500 0.643800
vt 0.932200 0.640200
vt 0.933700 0.639800
vt 0.931000 0.639900
vt 0.929700 0.639500
vt 0.934500 0.639600
vt 0.932600 0.636800
vt 0.934300 0.636800
vt 0.931400 0.636200
vt 0.929800 0.635800
vt 0.935200 0.636800
vt 0.933100 0.633100
vt 0.934900 0.633500
vt 0.931900 0.632800
vt 0.930100 0.632700
vt 0.935700 0.633700
vt 0.934000 0.630000
vt 0.935700 0.630500
vt 0.932800 0.629400
vt 0.931200 0.629000
vt 0.936600 0.630700
vt 0.936600 0.624800
vt 0.938200 0.625500
vt 0.935200 0.624400
vt 0.933800 0.623600
vt 0.938900 0.626200
vt 0.963300 0.747700
vt 0.962100 0.741700
vt 0.986900 0.737100
vt 0.985700 0.743400
vt 0.954800 0.734800
vt 0.953100 0.729300
vt 0.977600 0.724600
vt 0.978700 0.730100
vt 0.959200 0.739100
vt 0.983800 0.734000
vt 0.945800 0.756500
vt 0.941300 0.752700
vt 0.934600 0.747800
vt 0.932200 0.742700
vt 0.938300 0.751800
vt 0.929100 0.775600
vt 0.924900 0.772700
vt 0.917100 0.771800
vt 0.912600 0.768400
vt 0.922400 0.772600
vt 0.926600 0.805600
vt 0.919700 0.805900
vt 0.910000 0.805200
vt 0.904800 0.803000
vt 0.916000 0.806000
vt 0.929900 0.812700
vt 0.920400 0.814800
vt 0.907800 0.815900
vt 0.900400 0.813300
vt 0.915700 0.816200
vt 0.932200 0.838600
vt 0.922400 0.840700
vt 0.909400 0.843600
vt 0.901600 0.844300
vt 0.917300 0.842100
vt 0.937700 0.863400
vt 0.928500 0.866600
vt 0.918700 0.872100
vt 0.912900 0.875100
vt 0.925300 0.870400
vt 0.943000 0.876500
vt 0.937500 0.880700
vt 0.932600 0.886200
vt 0.929000 0.889100
vt 0.935700 0.883000
vt 0.923700 0.867000
vt 0.952800 0.887100
vt 0.951200 0.890400
vt 0.948800 0.892800
vt 0.947300 0.894700
vt 0.950500 0.891200
vt 0.959700 0.890100
vt 0.959600 0.890900
vt 0.957100 0.892500
vt 0.956300 0.893000
vt 0.958600 0.891600
vt 0.947300 0.635500
vt 0.946900 0.636800
vt 0.947900 0.634200
vt 0.948100 0.632800
vt 0.947000 0.637800
vt 0.945500 0.634900
vt 0.945100 0.636500
vt 0.945600 0.633900
vt 0.945700 0.633500
vt 0.945000 0.637800
vt 0.960100 0.890200
vt 0.959900 0.890700
vt 0.050900 0.385400
vt 0.017600 0.385400
vt 0.508700 0.922800
vt 0.509000 0.865000
vt 0.539200 0.865000
vt 0.539500 0.922800
vt 0.042600 0.922800
vt 0.043000 0.865000
vt 0.073100 0.865000
vt 0.073400 0.922800
vt 0.109200 0.922800
vt 0.109600 0.865000
vt 0.139700 0.865000
vt 0.140000 0.922800
vt 0.175800 0.922800
vt 0.176100 0.865000
vt 0.206300 0.865000
vt 0.206600 0.922800
vt 0.242400 0.922600
vt 0.242700 0.864900
vt 0.272800 0.864900
vt 0.273100 0.922600
vt 0.308800 0.922600
vt 0.309200 0.864900
vt 0.339300 0.864900
vt 0.339600 0.922700
vt 0.375500 0.922800
vt 0.375900 0.865000
vt 0.406000 0.865000
vt 0.406300 0.922800
vt 0.442100 0.922800
vt 0.442500 0.865000
vt 0.472600 0.865000
vt 0.472900 0.922800
vt 0.508700 0.801900
vt 0.539500 0.801900
vt 0.042600 0.801900
vt 0.073500 0.801900
vt 0.109200 0.801900
vt 0.140000 0.801900
vt 0.175800 0.801900
vt 0.206600 0.801900
vt 0.242400 0.801900
vt 0.273200 0.801900
vt 0.308900 0.801900
vt 0.339700 0.801900
vt 0.375500 0.801900
vt 0.406400 0.801900
vt 0.442100 0.801900
vt 0.472900 0.801900
vt 0.508600 0.735000
vt 0.539600 0.735000
vt 0.042500 0.735000
vt 0.073500 0.735000
vt 0.109100 0.735000
vt 0.140100 0.735000
vt 0.175700 0.735000
vt 0.206700 0.735000
vt 0.242300 0.735000
vt 0.273300 0.735000
vt 0.308800 0.735000
vt 0.339800 0.735000
vt 0.375400 0.735000
vt 0.406400 0.735000
vt 0.442000 0.735000
vt 0.473000 0.735000
vt 0.509300 0.666400
vt 0.539800 0.666400
vt 0.042600 0.666400
vt 0.073500 0.666400
vt 0.109200 0.666400
vt 0.140000 0.666400
vt 0.175800 0.666400
vt 0.206600 0.666400
vt 0.242400 0.666400
vt 0.273200 0.666400
vt 0.308900 0.666500
vt 0.339700 0.666400
vt 0.375500 0.666400
vt 0.406400 0.666400
vt 0.442100 0.666400
vt 0.472900 0.666400
vt 0.509000 0.599100
vt 0.539200 0.599100
vt 0.043000 0.599100
vt 0.073100 0.599100
vt 0.109600 0.599100
vt 0.139700 0.599100
vt 0.176100 0.599100
vt 0.206300 0.599100
vt 0.242700 0.599100
vt 0.272800 0.599100
vt 0.309200 0.599200
vt 0.339300 0.599200
vt 0.375900 0.599100
vt 0.406000 0.599100
vt 0.442500 0.599100
vt 0.472600 0.599100
vt 0.510200 0.534400
vt 0.538000 0.534400
vt 0.044100 0.534400
vt 0.072000 0.534400
vt 0.110700 0.534400
vt 0.138600 0.534400
vt 0.177300 0.534400
vt 0.205100 0.534400
vt 0.243800 0.534400
vt 0.271700 0.534400
vt 0.310300 0.534500
vt 0.338100 0.534400
vt 0.377000 0.534400
vt 0.404900 0.534400
vt 0.443600 0.534400
vt 0.471500 0.534400
vt 0.490800 0.861900
vt 0.490800 0.801100
vt 0.490800 0.736200
vt 0.490800 0.669700
vt 0.490800 0.604300
vt 0.490800 0.541400
vt 0.006500 0.599100
vt 0.005400 0.534400
vt 0.024700 0.541400
vt 0.024700 0.604300
vt 0.006900 0.666400
vt 0.024700 0.669700
vt 0.007000 0.735000
vt 0.024700 0.736200
vt 0.006900 0.801900
vt 0.024700 0.801100
vt 0.006500 0.865000
vt 0.024700 0.861900
vt 0.091300 0.541400
vt 0.091300 0.604300
vt 0.091300 0.669700
vt 0.091300 0.736200
vt 0.091300 0.801100
vt 0.091300 0.861900
vt 0.157900 0.541400
vt 0.157900 0.604300
vt 0.157900 0.669700
vt 0.157900 0.736200
vt 0.157900 0.801100
vt 0.157900 0.861900
vt 0.224500 0.541400
vt 0.224500 0.604300
vt 0.224500 0.669700
vt 0.224500 0.736200
vt 0.224500 0.801000
vt 0.224500 0.861900
vt 0.291000 0.541500
vt 0.291000 0.604400
vt 0.291000 0.669700
vt 0.291000 0.736200
vt 0.291000 0.801000
vt 0.291000 0.861800
vt 0.357500 0.541400
vt 0.357600 0.604300
vt 0.357600 0.669700
vt 0.357600 0.736200
vt 0.357600 0.801100
vt 0.357600 0.861900
vt 0.424200 0.541400
vt 0.424200 0.604300
vt 0.424200 0.669700
vt 0.424200 0.736200
vt 0.424200 0.801100
vt 0.424200 0.861900
vt 0.029300 0.497700
vt 0.483200 0.497000
vt 0.539100 0.497000
vt 0.088000 0.497700
vt 0.146300 0.497700
vt 0.224200 0.497700
vt 0.290700 0.497700
vt 0.357900 0.497700
vt 0.425500 0.497700
vt 0.224500 0.918700
vt 0.224700 0.960900
vt 0.157900 0.918800
vt 0.157800 0.961000
vt 0.091300 0.918800
vt 0.090900 0.961000
vt 0.006800 0.922800
vt 0.024700 0.918800
vt 0.024100 0.961000
vt 0.490800 0.918800
vt 0.490300 0.961000
vt 0.424200 0.918800
vt 0.424100 0.961000
vt 0.357500 0.918800
vt 0.357400 0.960900
vt 0.290900 0.918700
vt 0.290700 0.960900
vt 0.290800 0.970200
vt 0.224600 0.970200
vt 0.158100 0.970300
vt 0.091500 0.970300
vt 0.024900 0.970300
vt 0.556700 0.961000
vt 0.557500 0.970300
vt 0.490800 0.970400
vt 0.424100 0.970300
vt 0.357300 0.970300
vt 0.516900 0.433900
vt 0.457500 0.435700
vt 0.392800 0.425200
vt 0.325600 0.424500
vt 0.258700 0.426600
vt 0.186000 0.411800
vt 0.119500 0.435900
vt 0.058700 0.437800
vt 0.873000 0.367000
vt 0.873000 0.430000
vt 0.904900 0.430000
vt 0.981400 0.367000
vt 0.764700 0.367000
vt 0.841200 0.430000
vt 0.873000 0.240900
vt 0.981400 0.240900
vt 0.764700 0.240900
vt 0.920800 0.177900
vt 0.873000 0.177900
vt 0.826800 0.177100
vt 0.873000 0.367200
vt 0.873000 0.430300
vt 0.904900 0.430300
vt 0.981300 0.367200
vt 0.764700 0.367200
vt 0.841100 0.430300
vt 0.873000 0.241200
vt 0.981300 0.241200
vt 0.764700 0.241200
vt 0.920700 0.178100
vt 0.873000 0.178100
vt 0.826700 0.177300
vt 0.873000 0.367000
vt 0.873000 0.430000
vt 0.904900 0.430000
vt 0.981400 0.367000
vt 0.764700 0.367000
vt 0.841200 0.430000
vt 0.873000 0.240900
vt 0.981400 0.240900
vt 0.764700 0.240900
vt 0.920800 0.177900
vt 0.873000 0.177900
vt 0.826800 0.177100
vt 0.873000 0.367000
vt 0.873000 0.430000
vt 0.904900 0.430000
vt 0.981400 0.367000
vt 0.764700 0.367000
vt 0.841200 0.430000
vt 0.873000 0.240900
vt 0.981400 0.240900
vt 0.764700 0.240900
vt 0.920800 0.177900
vt 0.873000 0.177900
vt 0.826800 0.177100
vt 0.873000 0.367000
vt 0.873000 0.430000
vt 0.904900 0.430000
vt 0.981400 0.367000
vt 0.764700 0.367000
vt 0.841200 0.430000
vt 0.873000 0.240900
vt 0.981400 0.240900
vt 0.764700 0.240900
vt 0.920800 0.177900
vt 0.873000 0.177900
vt 0.826800 0.177100
vt 0.873000 0.367000
vt 0.873000 0.430000
vt 0.904900 0.430000
vt 0.981400 0.367000
vt 0.764700 0.367000
vt 0.841200 0.430000
vt 0.873000 0.240900
vt 0.981400 0.240900
vt 0.764700 0.240900
vt 0.920800 0.177900
vt 0.873000 0.177900
vt 0.826800 0.177100
vt 0.873000 0.367000
vt 0.873000 0.430000
vt 0.904900 0.430000
vt 0.981400 0.367000
vt 0.764700 0.367000
vt 0.841200 0.430000
vt 0.873000 0.240900
vt 0.981400 0.240900
vt 0.764700 0.240900
vt 0.920800 0.177900
vt 0.873000 0.177900
vt 0.826800 0.177100
vt 0.873000 0.367000
vt 0.873000 0.430000
vt 0.904900 0.430000
vt 0.981400 0.367000
vt 0.764700 0.367000
vt 0.841200 0.430000
vt 0.873000 0.240900
vt 0.981400 0.240900
vt 0.764700 0.240900
vt 0.920800 0.177900
vt 0.873000 0.177900
vt 0.826800 0.177100
vt 0.873000 0.367000
vt 0.873000 0.430000
vt 0.904900 0.430000
vt 0.981400 0.367000
vt 0.764700 0.367000
vt 0.841200 0.430000
vt 0.873000 0.240900
vt 0.981400 0.240900
vt 0.764700 0.240900
vt 0.920800 0.177900
vt 0.873000 0.177900
vt 0.826800 0.177100
vn 0.6321 0.7541 -0.1785
vn 0.5627 0.5680 -0.6006
vn -0.2136 0.7761 -0.5933
vn -0.1593 0.9762 -0.1474
vn 0.3924 0.8183 -0.4200
vn 0.0403 0.7080 -0.7051
vn -0.5037 0.8538 -0.1316
vn -0.1452 0.9723 0.1829
vn 0.0585 0.9078 -0.4154
vn -0.4004 0.8261 -0.3965
vn -0.3935 0.8242 0.4072
vn 0.0902 0.9093 0.4063
vn -0.1746 0.9702 -0.1680
vn -0.5013 0.8532 0.1443
vn 0.0518 0.7051 0.7072
vn 0.4088 0.8241 0.3921
vn -0.1710 0.9691 0.1779
vn -0.2040 0.7733 0.6004
vn 0.5730 0.5653 0.5935
vn 0.6258 0.7657 0.1483
vn 0.0685 0.9049 0.4200
vn 0.3190 0.6333 0.7051
vn 0.8630 0.4876 0.1323
vn 0.6122 0.7697 -0.1811
vn 0.4035 0.8158 0.4144
vn 0.7602 0.5153 0.3957
vn 0.7529 0.5171 -0.4072
vn 0.3765 0.8325 -0.4064
vn 0.6363 0.7529 0.1679
vn 0.8607 0.4882 -0.1443
vn 0.3069 0.6366 -0.7075
vn 0.0566 0.9183 -0.3919
vn 0.4591 0.2558 -0.8507
vn -0.2993 0.4546 -0.8389
vn -0.2286 0.4401 -0.8683
vn -0.7572 0.5773 -0.3056
vn -0.7270 0.5737 -0.3773
vn -0.7167 0.5665 0.4068
vn -0.7440 0.5782 0.3348
vn -0.2023 0.4285 0.8806
vn -0.2709 0.4500 0.8510
vn 0.4860 0.2432 0.8394
vn 0.4180 0.2669 0.8684
vn 0.9443 0.1214 0.3059
vn 0.9167 0.1333 0.3766
vn 0.9039 0.1322 -0.4068
vn 0.9335 0.1287 -0.3348
vn 0.3888 0.2702 -0.8808
vn 0.3566 -0.0933 -0.9296
vn -0.3954 0.1037 -0.9126
vn -0.3826 0.1048 -0.9179
vn -0.9031 0.2397 -0.3563
vn -0.8974 0.2427 -0.3686
vn -0.8821 0.2341 0.4088
vn -0.8861 0.2397 0.3967
vn -0.3448 0.0901 0.9344
vn -0.3559 0.0964 0.9295
vn 0.3936 -0.1090 0.9128
vn 0.3829 -0.1005 0.9183
vn 0.9019 -0.2439 0.3565
vn 0.8987 -0.2385 0.3680
vn 0.8810 -0.2383 -0.4088
vn 0.8872 -0.2354 -0.3967
vn 0.3436 -0.0943 -0.9344
vn 0.2381 -0.5132 -0.8246
vn -0.4966 -0.3121 -0.8100
vn -0.4278 -0.3347 -0.8396
vn -0.9369 -0.1941 -0.2907
vn -0.9089 -0.2058 -0.3628
vn -0.8936 -0.2057 0.3989
vn -0.9234 -0.2020 0.3266
vn -0.3921 -0.3401 0.8547
vn -0.4628 -0.3254 0.8246
vn 0.2735 -0.5186 0.8101
vn 0.2023 -0.5034 0.8400
vn 0.7142 -0.6365 0.2910
vn 0.6844 -0.6328 0.3622
vn 0.6711 -0.6250 -0.3989
vn 0.6987 -0.6366 -0.3266
vn 0.1695 -0.4906 -0.8548
vn 0.0882 -0.8538 -0.5131
vn -0.5264 -0.6962 -0.4882
vn -0.3489 -0.7366 -0.5793
vn -0.7669 -0.6317 -0.1131
vn -0.7032 -0.6417 -0.3061
vn -0.6808 -0.6548 0.3282
vn -0.7671 -0.6246 0.1464
vn -0.3186 -0.7519 0.5772
vn -0.5033 -0.6953 0.5131
vn 0.1073 -0.8661 0.4881
vn -0.0669 -0.8120 0.5798
vn 0.3481 -0.9305 0.1135
vn 0.2883 -0.9075 0.3054
vn 0.2622 -0.9075 -0.3282
vn 0.3520 -0.9245 -0.1464
vn -0.1001 -0.8104 -0.5773
vn 0.0385 -0.9741 -0.2230
vn -0.5462 -0.8075 -0.2228
vn -0.1956 -0.9113 -0.3623
vn -0.6083 -0.7908 0.0677
vn -0.4563 -0.8415 -0.2893
vn -0.4537 -0.8322 0.3186
vn -0.5908 -0.8054 -0.0469
vn -0.1731 -0.9075 0.3828
vn -0.5204 -0.8243 0.2229
vn 0.0693 -0.9724 0.2228
vn -0.2877 -0.8865 0.3624
vn 0.1308 -0.9892 -0.0665
vn -0.0247 -0.9573 0.2880
vn -0.0231 -0.9476 -0.3187
vn 0.1090 -0.9929 0.0469
vn -0.3039 -0.8724 -0.3829
vn 0.4135 0.5750 -0.7060
vn 0.4091 0.2465 -0.8786
vn 0.3501 -0.0938 -0.9320
vn 0.2186 -0.4702 -0.8550
vn 0.0034 -0.8439 -0.5364
vn -0.0671 -0.9162 -0.3951
vn -0.3857 -0.8308 -0.4012
vn -0.4257 -0.7289 -0.5361
vn -0.4596 -0.2885 -0.8400
vn -0.3890 0.1042 -0.9153
vn -0.2847 0.4324 -0.8556
vn -0.1396 0.7232 -0.6764
vn -0.6152 -0.7693 -0.1723
vn -0.7289 -0.6477 -0.2217
vn -0.9288 -0.1628 -0.3329
vn -0.9002 0.2412 -0.3624
vn -0.7596 0.5596 -0.3314
vn -0.5105 0.8226 -0.2506
vn -0.6211 -0.7677 0.1575
vn -0.7286 -0.6478 0.2225
vn -0.9143 -0.1667 0.3692
vn -0.8841 0.2369 0.4027
vn -0.7374 0.5537 0.3869
vn -0.4819 0.8149 0.3221
vn -0.4001 -0.8270 0.3950
vn -0.4250 -0.7291 0.5365
vn -0.4245 -0.2979 0.8550
vn -0.3504 0.0934 0.9319
vn -0.2332 0.4177 0.8782
vn -0.0722 0.7052 0.7053
vn -0.0826 -0.9121 0.4015
vn 0.0030 -0.8437 0.5367
vn 0.2522 -0.4791 0.8407
vn 0.3871 -0.1045 0.9161
vn 0.4625 0.2318 0.8558
vn 0.4824 0.5565 0.6765
vn 0.1485 -0.9738 0.1721
vn 0.3075 -0.9254 0.2213
vn 0.7231 -0.6055 0.3324
vn 0.9004 -0.2413 0.3620
vn 0.9378 0.1049 0.3310
vn 0.8535 0.4572 0.2502
vn 0.1540 -0.9754 -0.1575
vn 0.3071 -0.9253 -0.2225
vn 0.7085 -0.6015 -0.3692
vn 0.8841 -0.2369 -0.4028
vn 0.9154 0.1108 -0.3869
vn 0.8248 0.4647 -0.3221
vn -0.2371 0.0784 -0.9683
vn 0.7799 0.5287 -0.3350
vn 0.4571 0.5379 -0.7083
vn -0.1563 0.6007 -0.7840
vn -0.6878 0.6411 -0.3404
vn -0.8071 -0.3103 0.5023
vn -0.6691 0.6394 0.3788
vn -0.1224 0.5960 0.7936
vn 0.4256 0.3904 0.8164
vn 0.4883 0.5339 0.6903
vn 0.8337 0.4894 0.2558
vn 0.8245 0.4895 -0.2840
vn -0.3223 -0.9333 -0.1586
vn -0.1943 -0.9676 -0.1615
vn -0.4109 -0.9095 -0.0628
vn -0.4081 -0.9103 0.0698
vn -0.3155 -0.9351 0.1614
vn -0.1881 -0.9692 0.1588
vn -0.0989 -0.9931 0.0632
vn -0.1018 -0.9923 -0.0702
vn 0.0755 0.8796 0.4697
vn 0.1627 0.9587 0.2334
vn -0.2012 0.9537 0.2236
vn 0.0283 0.9946 0.1003
vn -0.2290 0.9612 -0.1540
vn 0.0261 0.9954 -0.0918
vn 0.0094 0.8973 -0.4413
vn 0.1550 0.9611 -0.2288
vn 0.3738 0.7996 -0.4700
vn 0.3387 0.9119 -0.2320
vn 0.6511 0.7253 -0.2236
vn 0.4711 0.8763 -0.1007
vn 0.6792 0.7177 0.1537
vn 0.4752 0.8752 0.0905
vn 0.4407 0.7817 0.4412
vn 0.3469 0.9096 0.2287
vn -0.1358 -0.8808 0.4536
vn -0.1574 -0.3025 -0.9401
vn -0.2299 -0.3462 -0.9096
vn -0.3192 -0.8005 0.5073
vn 0.1436 0.4562 0.8782
vn 0.3680 0.3858 0.8460
vn 0.1202 0.9270 -0.3553
vn 0.5021 0.7167 -0.4840
vn 0.7374 -0.5464 0.3971
vn 0.1008 -0.2994 -0.9488
vn -0.0589 -0.3112 -0.9485
vn 0.4314 -0.7829 0.4482
vn -0.1863 0.3339 0.9240
vn -0.1075 0.5585 0.8225
vn -0.7535 0.5909 -0.2882
vn -0.3890 0.8283 -0.4033
vn 0.7365 -0.4494 0.5055
vn 0.4406 -0.0491 -0.8964
vn -0.4200 0.0180 0.9073
vn -0.7987 0.5448 -0.2555
vn 0.7133 -0.5800 0.3934
vn 0.2957 0.9386 0.1776
vn 0.4543 0.8845 -0.1060
vn 0.8091 -0.4704 0.3523
vn -0.4957 -0.8333 -0.2445
vn -0.4536 -0.8724 0.1821
vn -0.8455 0.3474 -0.4055
vn -0.9404 0.2558 -0.2242
vn 0.4558 -0.3503 0.8183
vn -0.1261 0.8795 -0.4589
vn -0.3500 -0.8373 -0.4200
vn -0.6431 -0.0906 -0.7604
vn -0.0162 0.2991 0.9541
vn 0.0926 0.9335 -0.3464
vn -0.1160 -0.9922 -0.0454
vn 0.0108 -0.1992 -0.9799
vn -0.3944 0.4048 0.8250
vn 0.3948 0.8665 -0.3054
vn -0.4005 -0.9106 0.1021
vn 0.4616 -0.3539 -0.8135
vn -0.6235 0.5617 0.5438
vn 0.6578 0.7515 -0.0504
vn -0.4768 -0.8555 -0.2019
vn 0.7801 -0.4351 -0.4496
vn -0.7446 0.6674 0.0105
vn 0.6337 0.6575 0.4075
vn -0.4115 -0.8216 -0.3944
vn 0.8006 -0.5853 0.1283
vn -0.6830 0.5553 -0.4746
vn 0.3100 0.7853 0.5359
vn -0.2063 -0.8411 -0.4999
vn 0.6470 -0.5146 0.5627
vn -0.4572 0.6690 -0.5860
vn 0.0234 0.7174 0.6962
vn 0.1124 -0.8116 -0.5732
vn 0.3730 -0.5230 0.7664
vn -0.0679 0.6394 -0.7659
vn -0.2216 0.6629 0.7151
vn 0.2365 -0.7545 -0.6122
vn 0.0761 -0.6652 0.7428
vn 0.1626 0.7820 -0.6017
vn -0.3761 0.6603 0.6500
vn 0.4105 -0.7240 -0.5544
vn -0.2448 -0.6491 0.7203
vn 0.3244 0.7948 -0.5128
vn -0.6429 0.6354 0.4278
vn 0.6132 -0.7125 -0.3412
vn 0.6911 0.1391 -0.7093
vn -0.3788 -0.7073 0.5968
vn 0.3251 0.8569 -0.4000
vn -0.8686 0.4933 0.0468
vn 0.9754 0.1168 -0.1870
vn 0.6288 -0.7563 0.1805
vn -0.6434 -0.6941 0.3231
vn 0.6012 0.7841 0.1542
vn -0.8572 0.4140 -0.3063
vn 0.7418 -0.6353 0.2150
vn -0.4950 -0.8680 -0.0393
vn 0.3319 0.8679 0.3695
vn -0.7512 0.5441 -0.3737
vn 0.6975 -0.6260 0.3487
vn -0.5070 -0.7261 -0.4645
vn 0.1624 0.9130 0.3743
vn -0.3784 0.4759 -0.7939
vn 0.4623 -0.5046 0.7292
vn -0.2714 -0.8184 -0.5065
vn 0.0759 0.9060 0.4164
vn 0.0731 0.4905 -0.8684
vn -0.0123 -0.5595 0.8288
vn -0.0699 -0.7874 -0.6125
vn -0.0556 0.8451 0.5317
vn 0.4537 0.5416 -0.7077
vn -0.4226 -0.5715 0.7034
vn 0.1392 -0.7652 -0.6285
vn -0.2283 0.7798 0.5829
vn 0.5538 0.5512 -0.6241
vn -0.5625 -0.6230 0.5436
vn 0.2519 -0.8032 -0.5399
vn -0.3158 0.8383 0.4444
vn 0.6115 0.5493 -0.5695
vn -0.5962 -0.5795 0.5556
vn 0.3508 -0.8024 -0.4828
vn -0.3533 0.7817 -0.5139
vn 0.7057 0.6828 0.1892
vn 0.8669 0.4961 -0.0493
vn -0.4886 0.6883 -0.5362
vn -0.7050 -0.6253 -0.3347
vn -0.7532 -0.6123 0.2404
vn 0.5210 -0.5586 0.6454
vn 0.5988 -0.6784 0.4257
vn -0.6082 0.7823 -0.1348
vn 0.4815 0.7026 0.5239
vn -0.6709 -0.4259 -0.6071
vn 0.6208 -0.7605 0.1906
vn -0.7305 0.4774 0.4883
vn 0.5071 0.4007 0.7631
vn -0.7599 -0.2462 -0.6016
vn 0.8166 -0.3893 -0.4262
vn -0.7097 0.1756 0.6822
vn 0.6061 0.1664 0.7778
vn -0.7170 -0.1081 -0.6886
vn 0.7530 -0.1341 -0.6442
vn 0.7316 0.4781 -0.4860
vn 0.8181 0.4849 -0.3090
vn 0.6146 -0.7873 0.0496
vn 0.5014 -0.8196 -0.2773
vn -0.4458 0.8564 0.2603
vn -0.5655 0.8148 -0.1276
vn -0.6590 -0.6224 0.4223
vn -0.7202 -0.6045 0.3404
vn 0.6102 0.6039 -0.5128
vn -0.9032 0.3709 -0.2158
vn 0.7398 -0.5331 0.4105
vn -0.5651 -0.3862 0.7291
vn 0.1217 -0.6778 0.7251
vn -0.4407 0.6176 0.6514
vn -0.3471 0.6994 0.6247
vn 0.2465 -0.6677 0.7024
vn 0.4408 -0.6177 -0.6513
vn 0.3296 -0.6321 -0.7013
vn -0.1216 0.6778 -0.7251
vn -0.2061 0.6018 -0.7716
vn 0.0289 -0.7849 0.6190
vn -0.5777 0.6126 0.5394
vn 0.5811 -0.5032 -0.6396
vn 0.0572 0.7037 -0.7082
vn -0.1757 -0.9123 0.3700
vn -0.8001 0.5262 0.2881
vn 0.8661 -0.3430 -0.3635
vn 0.3574 0.8289 -0.4303
vn -0.3207 -0.9418 0.1012
vn -0.9070 0.4192 0.0397
vn 0.9467 -0.3220 -0.0046
vn 0.3982 0.9158 -0.0523
vn -0.3884 -0.7983 0.4604
vn -0.8651 0.2808 0.4157
vn 0.5990 -0.3172 0.7352
vn 0.1543 0.7068 0.6903
vn -0.1601 0.5886 0.7924
vn -0.3529 0.6779 -0.6449
vn 0.2865 -0.4401 0.8510
vn 0.2794 -0.7785 -0.5620
vn 0.1253 0.3440 -0.9306
vn -0.8013 0.4245 -0.4216
vn -0.3069 0.8393 0.4488
vn 0.6342 0.7727 -0.0260
vn -0.3176 0.5729 0.7556
vn -0.9366 -0.0244 -0.3495
vn -0.9272 -0.1127 -0.3573
vn -0.1150 0.5815 0.8054
vn 0.9379 -0.0322 0.3453
vn 0.9660 -0.0745 0.2474
vn 0.2607 -0.6000 -0.7563
vn 0.4111 -0.6281 -0.6606
vn -0.2750 0.6393 0.7181
vn -0.9250 0.1024 -0.3660
vn 0.9016 -0.0433 0.4304
vn 0.2514 -0.6331 -0.7321
vn -0.2359 0.8075 0.5407
vn -0.8113 0.2807 -0.5129
vn 0.7895 -0.2008 0.5800
vn 0.0834 -0.7529 -0.6528
vn 0.0991 0.9602 0.2612
vn -0.4129 0.4759 -0.7765
vn 0.4259 -0.2307 0.8749
vn -0.1691 -0.8571 -0.4866
vn 0.6959 0.7097 0.1097
vn 0.0562 0.3547 -0.9333
vn 0.2457 -0.1729 0.9538
vn -0.7096 -0.6753 -0.2012
vn 0.9771 0.1978 0.0783
vn 0.3284 -0.1480 -0.9329
vn -0.1483 0.1152 0.9822
vn -0.8809 -0.1490 -0.4491
vn 0.8496 -0.2548 0.4618
vn 0.3452 -0.7108 -0.6128
vn -0.1212 0.6238 0.7721
vn -0.7989 0.1259 -0.5882
vn 0.4215 -0.5043 0.7537
vn -0.0873 -0.9479 -0.3064
vn 0.1297 0.8677 0.4800
vn -0.4560 0.2370 -0.8579
vn -0.2510 -0.1322 0.9589
vn -0.8015 -0.5979 -0.0097
vn 0.6182 0.6915 0.3737
vn -0.1572 0.0471 -0.9864
vn -0.4050 0.1380 -0.9038
vn -0.7534 0.5654 -0.3357
vn -0.3041 0.9282 0.2143
vn 0.4887 0.8510 0.1924
vn 0.8287 0.4113 -0.3795
vn 0.3736 0.0620 -0.9255
vn 0.5874 0.7678 0.2559
vn 0.9933 -0.1107 -0.0321
vn 0.9994 -0.0333 -0.0038
vn 0.5515 0.7798 0.2964
vn -0.4119 0.8666 0.2817
vn -0.3738 0.8698 0.3221
vn -0.9965 0.0808 0.0222
vn -0.9857 0.1604 0.0515
vn -0.5756 -0.7812 -0.2418
vn -0.6056 -0.7436 -0.2834
vn 0.3983 -0.8762 -0.2714
vn 0.4344 -0.8449 -0.3123
vn 0.5563 0.8247 0.1015
vn 0.9829 -0.1699 -0.0706
vn -0.3759 0.9170 0.1334
vn -0.9996 0.0205 -0.0189
vn -0.5361 -0.8427 -0.0500
vn 0.3606 -0.9299 -0.0720
vn 0.5623 0.7528 -0.3423
vn 0.9949 -0.0971 -0.0276
vn 0.9866 -0.1597 -0.0336
vn 0.5802 0.7915 -0.1918
vn -0.4242 0.8490 -0.3150
vn -0.4276 0.8887 -0.1655
vn -0.9949 0.0970 0.0276
vn -0.9991 0.0355 0.0221
vn -0.5620 -0.7530 0.3424
vn -0.5442 -0.8088 0.2229
vn 0.4244 -0.8490 0.3149
vn 0.3896 -0.8999 0.1961
vn 0.5832 0.6457 -0.4929
vn 0.9883 -0.1519 0.0110
vn -0.4737 0.7485 -0.4640
vn -0.9969 0.0415 0.0664
vn -0.5268 -0.6780 0.5126
vn 0.4136 -0.7698 0.4862
vn 0.5345 0.5218 -0.6649
vn 0.9940 -0.1073 -0.0199
vn -0.4590 0.6192 -0.6371
vn -0.9957 0.0859 0.0360
vn -0.5243 -0.5228 0.6722
vn 0.4498 -0.6175 0.6453
vn 0.5495 0.2523 -0.7965
vn 0.9905 -0.1201 0.0675
vn -0.5319 0.3547 -0.7690
vn -0.9894 0.0732 0.1256
vn -0.4663 -0.2731 0.8414
vn 0.4494 -0.3639 0.8159
vn 0.4733 -0.1433 -0.8692
vn 0.9926 -0.1117 0.0485
vn -0.5358 -0.0407 -0.8434
vn -0.9910 0.0802 0.1070
vn -0.4245 0.1800 0.8873
vn 0.4987 0.0915 0.8619
vn 0.4454 -0.3479 -0.8250
vn 0.9959 -0.0891 -0.0174
vn -0.5459 -0.2582 -0.7971
vn -0.9930 0.1083 0.0467
vn -0.4284 0.4015 0.8095
vn 0.5372 0.3032 0.7871
vn 0.4382 -0.4432 -0.7821
vn 0.9967 -0.0800 0.0124
vn -0.5445 -0.3366 -0.7682
vn -0.9910 0.1127 0.0723
vn -0.4059 0.5266 0.7469
vn 0.5461 0.4406 0.7125
vn 0.4690 -0.8828 -0.0250
vn 0.9989 0.0218 -0.0418
vn 0.9974 -0.0723 -0.0064
vn 0.4157 -0.8026 -0.4278
vn -0.6329 -0.7742 0.0025
vn -0.5870 -0.7053 -0.3974
vn -0.9771 0.2122 0.0146
vn -0.9917 0.1196 0.0471
vn -0.3661 0.9289 0.0558
vn -0.3930 0.8209 0.4143
vn 0.5417 0.8401 0.0296
vn 0.5663 0.7268 0.3887
vn 0.4284 -0.8441 0.3224
vn 0.9971 -0.0696 -0.0297
vn -0.5665 -0.7452 0.3519
vn -0.9922 0.1221 0.0260
vn -0.4106 0.8518 -0.3254
vn 0.5493 0.7584 -0.3509
vn 0.4737 -0.7227 0.5033
vn 0.9959 -0.0513 -0.0748
vn -0.5701 -0.6169 0.5426
vn -0.9887 0.1478 -0.0264
vn -0.4179 0.7115 -0.5650
vn 0.5130 0.6250 -0.5884
vn 0.4963 -0.4098 0.7654
vn 0.9930 -0.0188 -0.1165
vn -0.5089 -0.3325 0.7941
vn -0.9802 0.1839 -0.0737
vn -0.4477 0.3165 -0.8363
vn 0.4480 0.2307 -0.8638
vn 0.5301 -0.0377 0.8471
vn 0.9872 -0.0815 -0.1372
vn -0.4817 0.0493 0.8750
vn -0.9909 0.1135 -0.0723
vn -0.4974 -0.0903 -0.8628
vn 0.4355 -0.1952 -0.8788
vn 0.5851 0.6447 0.4920
vn 0.9914 -0.1196 -0.0524
vn 0.9758 -0.1194 -0.1833
vn 0.5362 0.2969 0.7901
vn -0.4194 0.7417 0.5234
vn -0.4581 0.4223 0.7822
vn -0.9974 0.0723 -0.0004
vn -0.9932 0.0671 -0.0952
vn -0.5623 -0.6711 -0.4831
vn -0.5236 -0.4754 -0.7070
vn 0.3939 -0.7657 -0.5085
vn 0.3838 -0.5562 -0.7371
vn 0.6365 0.7704 0.0367
vn 0.9719 -0.2353 -0.0098
vn -0.4746 0.8774 0.0708
vn -0.9982 -0.0417 0.0440
vn -0.5360 -0.8396 -0.0875
vn 0.3588 -0.9267 -0.1118
vn 0.5647 0.7162 -0.4101
vn 0.9861 -0.1650 -0.0188
vn -0.4396 0.8119 -0.3841
vn -0.9989 0.0306 0.0359
vn -0.5277 -0.7310 0.4325
vn 0.3998 -0.8217 0.4062
vn 0.5507 0.6030 -0.5772
vn 0.9934 -0.1129 0.0201
vn -0.4396 0.6846 -0.5814
vn -0.9928 0.0650 0.1010
vn -0.4943 -0.4815 0.7237
vn 0.4217 -0.5827 0.6947
vn 0.5108 0.3375 -0.7907
vn 0.9821 -0.1590 0.1009
vn -0.3403 0.5354 -0.7730
vn -0.9834 -0.0113 0.1813
vn -0.4202 -0.0797 0.9039
vn 0.4554 -0.1482 0.8779
vn 0.4314 -0.4665 -0.7722
vn 0.9949 -0.0970 -0.0277
vn 0.9909 -0.1040 0.0859
vn 0.4586 -0.1568 -0.8747
vn -0.5549 -0.3704 -0.7449
vn -0.5608 -0.0864 -0.8234
vn -0.9949 0.0969 0.0275
vn -0.9885 0.0911 0.1206
vn -0.4315 0.4664 0.7722
vn -0.4079 0.3083 0.8594
vn 0.5552 0.3702 0.7448
vn 0.5083 0.2142 0.8341
vn 0.9970 -0.0570 0.0519
vn 0.4177 -0.6356 -0.6493
vn -0.5780 -0.5423 -0.6098
vn -0.9870 0.1315 0.0929
vn -0.3811 0.7059 0.5971
vn 0.5449 0.6135 0.5717
vn 0.0743 -0.9970 -0.0205
vn 0.5841 -0.4768 0.6569
vn -0.3976 0.0521 0.9161
vn -0.8543 -0.5030 0.1311
vn 0.6271 -0.4268 0.6517
vn -0.2665 0.6640 0.6986
vn -0.2487 0.8179 0.5188
vn 0.4770 -0.3416 0.8098
vn 0.3667 -0.6825 -0.6323
vn 0.1582 -0.7090 -0.6872
vn -0.5687 0.3406 -0.7487
vn -0.5188 0.5934 -0.6153
vn 0.4159 -0.7353 0.5351
vn -0.7917 0.1959 0.5786
vn -0.6042 0.4620 0.6493
vn 0.6289 -0.4888 0.6046
vn 0.7401 -0.0884 -0.6667
vn 0.5129 -0.3663 -0.7764
vn -0.3029 0.7159 -0.6291
vn -0.5190 0.4293 -0.7392
vn 0.3250 -0.9292 0.1759
vn -0.9723 0.0712 0.2227
vn 0.9316 0.2002 -0.3035
vn -0.0563 0.9618 -0.2679
vn 0.1826 -0.9670 -0.1778
vn -0.9887 -0.0638 -0.1356
vn 0.9650 0.1657 0.2033
vn -0.0751 0.9677 0.2408
vn 0.5967 -0.5414 -0.5923
vn -0.7012 0.4594 -0.5453
vn -0.9218 0.1067 -0.3727
vn 0.3196 -0.8506 -0.4176
vn 0.5733 -0.3176 0.7553
vn 0.8582 0.0129 0.5132
vn -0.4180 0.4467 0.7910
vn -0.1817 0.8147 0.5507
vn 0.8623 -0.1684 -0.4775
vn -0.4028 0.8070 -0.4318
vn 0.1785 -0.8106 0.5577
vn -0.8033 -0.0536 0.5931
vn 0.9977 -0.0346 -0.0581
vn -0.2890 0.9573 -0.0117
vn 0.0079 -0.9942 -0.1073
vn -0.9675 -0.2422 -0.0721
vn -0.3091 0.8587 0.4087
vn 0.9266 -0.0941 0.3641
vn 0.1944 -0.8165 -0.5437
vn -0.8628 -0.0014 -0.5056
vn 0.6993 -0.4994 0.5115
vn -0.6366 0.5307 0.5595
vn 0.4125 -0.4370 -0.7993
vn -0.5629 0.3151 -0.7641
vn 0.3892 -0.8819 0.2660
vn -0.9387 0.1423 0.3140
vn 0.8586 0.1484 -0.4907
vn -0.0962 0.8846 -0.4563
vn 0.2899 -0.8754 -0.3868
vn -0.9986 -0.0028 0.0531
vn 0.8854 0.2329 0.4022
vn -0.1452 0.8387 0.5249
vn -0.6112 0.7806 0.1307
vn -0.3056 -0.2974 -0.9045
vn -0.1109 -0.1430 -0.9835
vn -0.4098 0.9117 0.0292
vn 0.4014 0.1845 0.8971
vn 0.1598 0.0520 0.9858
vn 0.6652 -0.7467 0.0031
vn 0.4297 -0.9001 0.0719
vn -0.7254 0.5290 0.4404
vn -0.3979 -0.6270 -0.6697
vn 0.6379 0.5020 0.5840
vn 0.8875 -0.3792 -0.2619
vn -0.7317 0.3118 0.6061
vn -0.4200 -0.7881 -0.4500
vn 0.6192 0.7179 0.3181
vn 0.8591 -0.1292 -0.4953
vn -0.0840 0.1302 -0.9879
vn 0.3132 -0.9449 -0.0951
vn -0.3089 0.9239 -0.2259
vn -0.0053 0.1788 0.9839
vn -0.0041 0.9457 0.3250
vn 0.2296 0.9148 0.3323
vn 0.2096 0.9312 0.2981
vn -0.0154 0.9518 0.3062
vn -0.2266 0.9160 0.3310
vn -0.1795 0.9136 0.3648
vn -0.0039 0.8163 0.5777
vn 0.2032 0.8094 0.5510
vn -0.1932 0.8079 0.5567
vn -0.0211 0.6097 0.7924
vn 0.1153 0.6042 0.7885
vn -0.0860 0.6556 0.7502
vn -0.0815 0.9963 -0.0260
vn -0.1781 0.9629 0.2025
vn -0.0716 0.9751 0.2097
vn -0.0103 0.9997 -0.0208
vn -0.0524 0.9640 -0.2607
vn -0.0387 0.9771 -0.2092
vn -0.3663 0.9245 -0.1052
vn -0.3691 0.9188 0.1399
vn -0.2596 0.9195 -0.2953
vn -0.5675 0.8024 -0.1845
vn -0.6043 0.7967 0.0029
vn -0.4510 0.8603 -0.2378
vn -0.2589 -0.9659 0.0001
vn -0.0313 0.9804 0.1943
vn -0.2571 0.9642 0.0643
vn -0.2715 0.8789 0.3922
vn -0.0604 0.8973 0.4373
vn 0.2157 0.9650 0.1494
vn 0.1105 0.9089 0.4022
vn 0.0443 0.9797 -0.1957
vn -0.2138 0.9608 -0.1762
vn 0.2492 0.9631 -0.1013
vn 0.0973 0.9372 -0.3350
vn -0.1295 0.9265 -0.3532
vn 0.1596 0.9725 -0.1696
vn -0.2818 0.9585 -0.0444
vn -0.4028 0.8802 -0.2511
vn -0.4563 0.8716 -0.1789
vn -0.3203 0.9473 0.0034
vn -0.1060 0.9881 0.1112
vn -0.1523 0.9844 0.0882
vn 0.0056 0.9638 -0.2667
vn -0.2021 0.8957 -0.3961
vn 0.0710 0.9959 -0.0565
vn 0.2663 0.8594 -0.4364
vn 0.1253 0.8325 -0.5397
vn 0.2336 0.9203 -0.3138
vn 0.7271 0.6788 -0.1025
vn 0.8272 0.5487 0.1208
vn 0.8096 0.5487 -0.2084
vn 0.6861 0.6760 -0.2688
vn 0.5785 0.8150 -0.0341
vn 0.6733 0.6321 0.3835
vn 0.6333 0.7499 0.1914
vn 0.7618 0.6027 0.2375
vn 0.5365 0.8351 0.1216
vn 0.5274 0.8136 0.2447
vn 0.5772 0.7616 0.2947
vn 0.7615 0.6383 0.1127
vn 0.1464 0.9628 -0.2273
vn 0.0637 0.8056 -0.5890
vn -0.6030 0.6910 -0.3987
vn -0.5186 0.8549 -0.0160
vn -0.1019 0.9190 -0.3810
vn -0.4049 0.7230 -0.5597
vn -0.7440 0.6661 0.0531
vn -0.4254 0.8713 0.2446
vn -0.3840 0.8692 -0.3114
vn -0.7159 0.6682 -0.2026
vn -0.5290 0.7040 0.4739
vn -0.1783 0.9149 0.3623
vn -0.5353 0.8426 -0.0599
vn -0.6871 0.6733 0.2731
vn -0.0849 0.7824 0.6169
vn 0.0779 0.9602 0.2681
vn -0.4675 0.8544 0.2269
vn -0.3361 0.7350 0.5890
vn 0.3303 0.8555 0.3988
vn 0.1949 0.9807 0.0168
vn -0.2192 0.8982 0.3810
vn 0.1331 0.8179 0.5598
vn 0.4713 0.8804 -0.0525
vn 0.1022 0.9646 -0.2431
vn 0.0633 0.9486 0.3102
vn 0.4442 0.8729 0.2018
vn 0.2564 0.8425 -0.4739
vn -0.1454 0.9207 -0.3623
vn 0.2148 0.9748 0.0598
vn 0.4154 0.8677 -0.2732
vn -0.1887 0.7640 -0.6170
vn -0.4027 0.8753 -0.2676
vn 0.0554 0.4760 -0.8777
vn -0.6519 0.3483 -0.6736
vn -0.5954 0.3613 -0.7177
vn -0.9532 0.2951 -0.0651
vn -0.9441 0.2998 -0.1372
vn -0.7426 0.3323 0.5815
vn -0.7865 0.3276 0.5236
vn -0.1440 0.4377 0.8875
vn -0.2153 0.4264 0.8785
vn 0.4937 0.5490 0.6745
vn 0.4358 0.5431 0.7177
vn 0.7948 0.6034 0.0654
vn 0.7847 0.6047 0.1365
vn 0.5842 0.5662 -0.5815
vn 0.6270 0.5768 -0.5236
vn -0.0151 0.4606 -0.8875
vn 0.1106 0.0219 -0.9936
vn -0.6190 -0.1116 -0.7775
vn -0.6138 -0.1058 -0.7823
vn -0.9789 -0.1751 -0.1050
vn -0.9789 -0.1702 -0.1127
vn -0.7652 -0.1374 0.6289
vn -0.7708 -0.1335 0.6229
vn -0.1031 -0.0206 0.9945
vn -0.1114 -0.0188 0.9936
vn 0.6198 0.1053 0.7777
vn 0.6124 0.1102 0.7828
vn 0.9797 0.1703 0.1053
vn 0.9782 0.1749 0.1121
vn 0.7661 0.1326 -0.6289
vn 0.7700 0.1382 -0.6229
vn 0.1038 0.0159 -0.9945
vn 0.2058 -0.4269 -0.8806
vn -0.4987 -0.5542 -0.6665
vn -0.4445 -0.5416 -0.7135
vn -0.7934 -0.6061 -0.0560
vn -0.7880 -0.6021 -0.1285
vn -0.5766 -0.5679 0.5873
vn -0.6235 -0.5732 0.5318
vn 0.0245 -0.4619 0.8866
vn -0.0473 -0.4716 0.8806
vn 0.6577 -0.3504 0.6668
vn 0.6021 -0.3569 0.7142
vn 0.9528 -0.2982 0.0563
vn 0.9465 -0.2964 0.1278
vn 0.7361 -0.3364 -0.5873
vn 0.7819 -0.3254 -0.5318
vn 0.1349 -0.4425 -0.8866
vn 0.3169 -0.7242 -0.6125
vn -0.3593 -0.8420 -0.4024
vn -0.1634 -0.8088 -0.5649
vn -0.4953 -0.8659 0.0690
vn -0.4698 -0.8629 -0.1863
vn -0.2632 -0.8250 0.5001
vn -0.4229 -0.8546 0.3014
vn 0.2011 -0.7432 0.6382
vn -0.0501 -0.7889 0.6125
vn 0.6254 -0.6685 0.4025
vn 0.4294 -0.7041 0.5655
vn 0.7616 -0.6444 -0.0685
vn 0.7367 -0.6503 0.1855
vn 0.5295 -0.6852 -0.5001
vn 0.6897 -0.6584 -0.3014
vn 0.0651 -0.7671 -0.6382
vn 0.4195 -0.8149 -0.3999
vn -0.3069 -0.9307 -0.1988
vn 0.0627 -0.8778 -0.4748
vn -0.3115 -0.9316 0.1874
vn -0.2418 -0.9315 -0.2716
vn -0.0459 -0.8847 0.4639
vn -0.3156 -0.9446 0.0907
vn 0.3345 -0.8177 0.4685
vn -0.1155 -0.9093 0.3998
vn 0.6067 -0.7697 0.1987
vn 0.2396 -0.8466 0.4753
vn 0.6113 -0.7692 -0.1859
vn 0.5466 -0.7927 0.2700
vn 0.3458 -0.8156 -0.4640
vn 0.6196 -0.7796 -0.0907
vn -0.0346 -0.8827 -0.4686
vn -0.0914 0.7797 -0.6194
vn 0.0032 0.4683 -0.8836
vn 0.1072 0.0189 -0.9941
vn 0.1871 -0.4347 -0.8809
vn 0.2261 -0.7417 -0.6314
vn 0.2289 -0.7983 -0.5571
vn -0.1841 -0.8711 -0.4553
vn -0.2406 -0.8240 -0.5129
vn -0.4577 -0.5484 -0.6998
vn -0.6164 -0.1087 -0.7799
vn -0.6365 0.3555 -0.6845
vn -0.5358 0.7014 -0.4701
vn -0.4052 -0.9101 -0.0868
vn -0.4882 -0.8677 -0.0939
vn -0.7876 -0.6066 -0.1088
vn -0.9790 -0.1726 -0.1088
vn -0.9501 0.3001 -0.0845
vn -0.7461 0.6643 -0.0454
vn -0.3049 -0.8924 0.3326
vn -0.3714 -0.8471 0.3801
vn -0.6092 -0.5751 0.5460
vn -0.7680 -0.1354 0.6259
vn -0.7541 0.3347 0.5651
vn -0.5990 0.6902 0.4060
vn 0.0578 -0.8285 0.5570
vn 0.0411 -0.7744 0.6314
vn -0.0272 -0.4725 0.8809
vn -0.1073 -0.0196 0.9940
vn -0.1650 0.4375 0.8839
vn -0.1823 0.7638 0.6192
vn 0.4698 -0.7559 0.4560
vn 0.5069 -0.6921 0.5139
vn 0.6163 -0.3589 0.7010
vn 0.6151 0.1074 0.7811
vn 0.4766 0.5513 0.6848
vn 0.2636 0.8423 0.4701
vn 0.6923 -0.7164 0.0864
vn 0.7554 -0.6485 0.0935
vn 0.9476 -0.3007 0.1083
vn 0.9790 0.1726 0.1084
vn 0.7902 0.6070 0.0841
vn 0.4739 0.8794 0.0450
vn 0.5918 -0.7343 -0.3325
vn 0.6388 -0.6690 -0.3801
vn 0.7692 -0.3321 -0.5460
vn 0.7680 0.1354 -0.6259
vn 0.5941 0.5725 -0.5651
vn 0.3268 0.8534 -0.4060
vn -0.5356 0.6719 -0.5116
vn 0.3730 0.8319 -0.4108
vn -0.0447 0.6970 -0.7156
vn -0.5663 0.6038 -0.5610
vn -0.8265 0.5577 -0.0773
vn -0.6355 0.6540 0.4104
vn -0.6750 0.5832 0.4520
vn -0.1996 0.6687 0.7162
vn 0.2731 0.8142 0.5123
vn 0.3237 0.7615 0.5616
vn 0.5838 0.8081 0.0787
vn 0.4326 0.7809 -0.4507
vn 0.0203 -0.9820 -0.1876
vn 0.1943 -0.9513 -0.2391
vn -0.0669 -0.9974 -0.0262
vn -0.0162 -0.9885 0.1506
vn 0.1429 -0.9605 0.2390
vn 0.3162 -0.9298 0.1882
vn 0.4040 -0.9144 0.0267
vn 0.3531 -0.9233 -0.1511
vn -0.1824 0.9111 0.3697
vn -0.1912 0.9625 0.1924
vn -0.4331 0.8669 0.2469
vn -0.3198 0.9397 0.1209
vn -0.5253 0.8506 -0.0209
vn -0.3593 0.9330 -0.0221
vn -0.4040 0.8720 -0.2763
vn -0.2881 0.9456 -0.1509
vn -0.1406 0.9185 -0.3697
vn -0.1491 0.9702 -0.1913
vn 0.1106 0.9627 -0.2469
vn -0.0225 0.9924 -0.1207
vn 0.2030 0.9790 0.0203
vn 0.0182 0.9996 0.0210
vn 0.0816 0.9576 0.2761
vn -0.0521 0.9872 0.1507
vn 0.1735 -0.9848 0.0001
vn -0.2165 0.8856 0.4108
vn -0.4291 0.7705 0.4714
vn -0.4134 0.7853 0.4608
vn -0.2090 0.8935 0.3975
vn -0.0031 0.9458 0.3249
vn -0.0824 0.9595 0.2694
vn -0.2017 0.8830 0.4238
vn -0.4133 0.7591 0.5030
vn 0.0009 0.9353 0.3539
vn -0.1693 0.8855 0.4328
vn -0.3660 0.7757 0.5142
vn -0.0152 0.8439 0.5363
vn -0.9634 -0.2217 -0.1505
vn 0.0305 0.9003 -0.4342
vn -0.0216 0.9567 -0.2902
vn -0.9905 -0.1368 -0.0130
vn 0.1135 -0.8793 0.4626
vn 0.1254 -0.9846 0.1219
vn 0.9719 0.0898 0.2174
vn 0.9920 -0.0061 -0.1258
vn -0.7106 -0.5260 -0.4673
vn 0.1820 0.8075 -0.5611
vn -0.0250 -0.5928 0.8049
vn 0.7103 0.3959 0.5820
vn -0.8110 -0.3459 -0.4718
vn -0.1654 0.6325 -0.7567
vn -0.8245 0.0283 0.5651
vn -0.1842 0.9115 0.3678
vn -0.2185 0.9487 -0.2285
vn 0.9327 0.1350 -0.3344
vn -0.9976 0.0695 -0.0072
vn -0.0680 -0.9964 -0.0501
vn 0.2103 0.9774 0.0225
vn 0.3438 0.9089 0.2361
vn 0.4961 0.8682 -0.0087
vn 0.3143 0.9376 -0.1487
vn -0.0323 0.9994 -0.0122
vn 0.1294 0.9744 -0.1838
vn -0.0010 0.9493 0.3143
vn 0.2084 0.8985 0.3864
vn -0.1387 0.9744 0.1769
vn -0.1080 0.8996 0.4231
vn 0.0629 0.8713 0.4867
vn -0.1025 0.9543 0.2807
vn 0.1272 0.9720 0.1974
vn 0.0288 0.9046 0.4253
vn 0.2556 0.8682 0.4253
vn 0.2859 0.9376 0.1978
vn 0.0584 0.9978 -0.0326
vn 0.2240 0.9744 0.0201
vn -0.2886 0.9450 0.1540
vn -0.2474 0.8958 0.3693
vn -0.2179 0.9754 -0.0328
vn -0.5441 0.8334 0.0971
vn -0.5199 0.8164 0.2513
vn -0.4518 0.8913 0.0377
vn -0.2913 0.8584 -0.4222
vn -0.1804 0.7668 -0.6160
vn -0.0087 0.8682 -0.4961
vn -0.1487 0.9376 -0.3143
vn -0.4745 0.8423 -0.2557
vn -0.1840 0.9744 -0.1294
vn -0.2226 0.9075 -0.3561
vn -0.1603 0.7791 -0.6061
vn -0.4331 0.8687 -0.2404
vn -0.0104 0.9791 -0.2029
vn 0.0935 0.9084 -0.4074
vn -0.2110 0.9521 -0.2211
vn -0.1593 0.7946 -0.5858
vn 0.9687 0.2339 -0.0833
vn 0.7671 0.6016 0.2227
vn 0.5793 0.7724 -0.2605
vn -0.8048 0.5933 -0.0171
vn -0.9953 -0.0356 -0.0903
vn -0.4352 0.7792 -0.4512
vn -0.7170 0.3425 0.6071
vn -0.2206 -0.6985 0.6808
vn -0.1136 0.2519 0.9611
vn 0.5252 0.3606 0.7708
vn -0.3623 0.6250 0.6915
vn 0.9416 0.1826 0.2828
vn 0.9113 0.2683 0.3123
vn -0.2936 0.9133 0.2822
vn -0.8977 -0.1604 -0.4103
vn -0.9480 -0.2065 -0.2420
vn 0.4066 -0.5545 -0.7261
vn 0.4439 -0.7638 -0.4686
vn -0.3473 0.1556 0.9248
vn 0.9186 0.2295 0.3216
vn 0.9473 0.1782 0.2663
vn -0.3823 0.4312 0.8173
vn -0.9074 -0.2483 -0.3391
vn -0.8905 -0.2381 -0.3878
vn 0.4077 -0.1328 -0.9034
vn 0.3912 -0.4348 -0.8111
vn -0.3344 -0.2516 0.9082
vn 0.8732 0.3778 0.3080
vn -0.8158 -0.4656 -0.3430
vn 0.1687 0.2513 -0.9531
vn -0.1719 -0.5597 0.8107
vn 0.5412 0.7541 0.3721
vn -0.4639 -0.7183 -0.5184
vn 0.0280 0.4304 -0.9022
vn 0.2260 -0.6114 0.7583
vn 0.1843 0.7723 0.6079
vn -0.2216 -0.8021 -0.5546
vn -0.2955 0.6182 -0.7284
vn 0.6834 -0.3423 0.6449
vn 0.2027 0.8212 0.5334
vn -0.2557 -0.7106 -0.6555
vn 0.0804 -0.9284 -0.3629
vn -0.6170 0.6926 -0.3736
vn -0.4071 -0.5877 -0.6992
vn 0.8540 -0.2610 0.4501
vn 0.2067 0.8746 0.4387
vn -0.0512 -0.9445 -0.3244
vn -0.4121 -0.7997 -0.4366
vn -0.6281 -0.6024 -0.4926
vn -0.7625 0.6046 -0.2303
vn 0.9223 -0.3736 0.0992
vn 0.2833 0.8371 0.4681
vn -0.2918 -0.8048 -0.5168
vn -0.9137 0.3957 -0.0930
vn 0.9611 -0.1931 -0.1975
vn 0.2876 0.8873 0.3606
vn -0.3529 -0.8414 -0.4092
vn -0.9054 0.3174 0.2820
vn 0.8446 -0.1560 -0.5121
vn 0.2788 0.9603 0.0070
vn -0.3674 -0.9283 -0.0569
vn -0.7322 0.3668 0.5738
vn 0.7376 -0.2219 -0.6377
vn 0.0562 0.9710 -0.2324
vn -0.2478 -0.8579 0.4501
vn -0.7210 0.4054 0.5620
vn 0.7614 -0.3089 -0.5699
vn -0.0527 0.8881 -0.4566
vn -0.0814 -0.8184 0.5688
vn -0.7600 0.3705 0.5340
vn 0.6940 -0.3347 -0.6375
vn -0.1306 0.8364 -0.5323
vn 0.0272 -0.7635 0.6452
vn -0.7031 0.4129 0.5790
vn 0.6530 -0.1862 -0.7341
vn -0.4431 0.6473 -0.6202
vn 0.2047 -0.5184 0.8303
vn -0.7797 0.3628 0.5103
vn 0.5627 -0.4010 -0.7229
vn -0.5803 0.3539 -0.7335
vn 0.6353 -0.3466 0.6901
vn -0.6368 0.3998 0.6593
vn 0.1650 -0.7896 -0.5910
vn -0.6797 0.3049 -0.6671
vn 0.6286 -0.4138 0.6585
vn -0.1156 0.8407 0.5291
vn -0.3660 -0.9196 -0.1427
vn -0.6664 0.3126 -0.6769
vn 0.6175 -0.4105 0.6710
vn 0.3920 0.9142 0.1030
vn -0.7359 -0.6762 0.0346
vn -0.6335 0.5270 -0.5666
vn 0.7884 -0.5126 0.3401
vn 0.6042 0.7219 -0.3375
vn -0.7510 -0.5788 0.3177
vn -0.6765 0.7165 -0.1703
vn 0.7190 -0.6933 -0.0483
vn 0.5670 0.6514 -0.5042
vn -0.6347 -0.5375 0.5553
vn -0.5370 0.8358 0.1143
vn 0.6575 -0.7129 -0.2437
vn 0.5761 0.6110 -0.5429
vn -0.6867 -0.5889 0.4262
vn -0.3933 0.9040 0.1679
vn 0.7185 -0.6547 -0.2350
vn 0.7298 0.6098 -0.3090
vn -0.8358 -0.5478 0.0382
vn -0.3691 0.8846 0.2851
vn 0.7391 -0.6729 -0.0290
vn 0.8011 0.5333 0.2718
vn -0.8421 -0.3270 -0.4289
vn -0.3537 0.7603 0.5448
vn 0.6528 -0.7560 0.0484
vn 0.6115 0.1834 0.7697
vn -0.8105 -0.3408 -0.4765
vn -0.7868 0.1949 0.5857
vn 0.0019 -0.9894 0.1450
vn -0.1604 -0.4630 0.8717
vn -0.2421 0.9470 -0.2111
vn 0.9512 0.3027 0.0591
vn -0.9393 -0.3039 -0.1593
vn 0.4084 -0.9110 0.0574
vn 0.1162 0.8371 -0.5345
vn 0.3577 0.9332 -0.0334
vn 0.2488 0.8515 -0.4616
vn -0.5062 0.8136 -0.2860
vn -0.4065 0.8978 0.1694
vn 0.0762 0.9758 -0.2048
vn -0.2816 0.8500 -0.4452
vn -0.6885 0.6977 0.1978
vn -0.3189 0.8262 0.4644
vn -0.2473 0.9599 -0.1324
vn -0.6452 0.7609 -0.0691
vn -0.4657 0.5840 0.6649
vn -0.0426 0.7892 0.6127
vn -0.4238 0.8948 0.1408
vn -0.6289 0.6365 0.4465
vn 0.0310 0.5393 0.8416
vn 0.2604 0.8085 0.5278
vn -0.3504 0.8184 0.4555
vn -0.2431 0.5494 0.7994
vn 0.5126 0.5892 0.6246
vn 0.4146 0.8725 0.2586
vn -0.0688 0.7757 0.6274
vn 0.2879 0.5510 0.7832
vn 0.6950 0.7050 0.1412
vn 0.3276 0.9441 -0.0356
vn 0.2552 0.7925 0.5540
vn 0.6517 0.6405 0.4062
vn 0.4721 0.8188 -0.3265
vn 0.0507 0.9813 -0.1857
vn 0.4318 0.8569 0.2816
vn 0.6353 0.7646 -0.1085
vn -0.0255 0.8638 -0.5032
vn -0.2536 0.9621 -0.1001
vn 0.1787 0.5915 -0.7862
vn -0.5740 0.5481 -0.6084
vn -0.5116 0.5619 -0.6500
vn -0.9145 0.4046 -0.0073
vn -0.9012 0.4260 -0.0793
vn -0.7182 0.2449 0.6513
vn -0.7619 0.2635 0.5917
vn -0.1011 0.1623 0.9816
vn -0.1760 0.1680 0.9700
vn 0.5773 0.2042 0.7906
vn 0.5150 0.1992 0.8337
vn 0.9179 0.3488 0.1894
vn 0.9049 0.3354 0.2622
vn 0.7217 0.5086 -0.4695
vn 0.7654 0.4977 -0.4081
vn 0.1037 0.5911 -0.7999
vn 0.1526 0.2333 -0.9604
vn -0.6004 0.1879 -0.7773
vn -0.5909 0.1939 -0.7831
vn -0.9900 0.0351 -0.1366
vn -0.9883 0.0423 -0.1468
vn -0.7997 -0.1395 0.5839
vn -0.8067 -0.1328 0.5758
vn -0.1410 -0.2337 0.9620
vn -0.1528 -0.2301 0.9611
vn 0.6000 -0.1936 0.7762
vn 0.5902 -0.1898 0.7846
vn 0.9900 -0.0396 0.1357
vn 0.9884 -0.0377 0.1472
vn 0.7997 0.1351 -0.5850
vn 0.8068 0.1373 -0.5747
vn 0.1410 0.2293 -0.9631
vn 0.1667 -0.1649 -0.9721
vn -0.5834 -0.2108 -0.7843
vn -0.5235 -0.1963 -0.8291
vn -0.9172 -0.3548 -0.1812
vn -0.9080 -0.3333 -0.2537
vn -0.7148 -0.5139 0.4744
vn -0.7617 -0.4958 0.4171
vn -0.0947 -0.5948 0.7982
vn -0.1702 -0.5885 0.7904
vn 0.5795 -0.5505 0.6010
vn 0.5192 -0.5572 0.6480
vn 0.9137 -0.4064 -0.0021
vn 0.9047 -0.4201 0.0713
vn 0.7113 -0.2473 -0.6580
vn 0.7583 -0.2577 -0.5989
vn 0.0912 -0.1663 -0.9819
vn 0.2266 -0.5220 -0.8223
vn -0.5383 -0.5676 -0.6230
vn -0.3194 -0.5280 -0.7869
vn -0.7157 -0.6880 -0.1204
vn -0.6801 -0.6230 -0.3865
vn -0.4756 -0.8041 0.3566
vn -0.6442 -0.7511 0.1442
vn 0.0411 -0.8480 0.5284
vn -0.2328 -0.8375 0.4944
vn 0.5318 -0.7940 0.2946
vn 0.3124 -0.8314 0.4596
vn 0.7094 -0.6736 -0.2074
vn 0.6740 -0.7365 0.0577
vn 0.4694 -0.5573 -0.6849
vn 0.6380 -0.6084 -0.4721
vn -0.0474 -0.5134 -0.8568
vn 0.3094 -0.6971 -0.6467
vn -0.5153 -0.7272 -0.4535
vn -0.1112 -0.6754 -0.7290
vn -0.5566 -0.8304 -0.0248
vn -0.4689 -0.7294 -0.4980
vn -0.2740 -0.9116 0.3064
vn -0.5540 -0.8277 -0.0890
vn 0.1670 -0.9232 0.3461
vn -0.3169 -0.9126 0.2583
vn 0.5080 -0.8585 0.0709
vn 0.1019 -0.9345 0.3411
vn 0.5492 -0.7559 -0.3563
vn 0.4625 -0.8800 0.1081
vn 0.2668 -0.6738 -0.6891
vn 0.5467 -0.7821 -0.2993
vn -0.1743 -0.6624 -0.7286
vn 0.0857 0.8463 -0.5258
vn 0.1275 0.5798 -0.8047
vn 0.1468 0.2313 -0.9617
vn 0.1446 -0.1510 -0.9779
vn 0.1281 -0.4964 -0.8586
vn 0.1228 -0.5939 -0.7951
vn -0.3623 -0.6144 -0.7009
vn -0.4182 -0.5216 -0.7436
vn -0.5454 -0.1866 -0.8171
vn -0.5957 0.1909 -0.7802
vn -0.5587 0.5405 -0.6291
vn -0.4402 0.8135 -0.3800
vn -0.6371 -0.7096 -0.3009
vn -0.7213 -0.6304 -0.2869
vn -0.9169 -0.3267 -0.2293
vn -0.9892 0.0387 -0.1417
vn -0.9166 0.3985 -0.0333
vn -0.7065 0.7027 0.0846
vn -0.5407 -0.8238 0.1705
vn -0.6036 -0.7590 0.2440
vn -0.7523 -0.4892 0.4413
vn -0.8032 -0.1362 0.5799
vn -0.7366 0.2368 0.6336
vn -0.5570 0.5787 0.5957
vn -0.1297 -0.8900 0.4371
vn -0.1343 -0.8321 0.5381
vn -0.1480 -0.5790 0.8018
vn -0.1470 -0.2318 0.9616
vn -0.1262 0.1493 0.9807
vn -0.0811 0.5144 0.8537
vn 0.3544 -0.8697 0.3435
vn 0.4109 -0.8070 0.4242
vn 0.5406 -0.5435 0.6422
vn 0.5941 -0.1920 0.7812
vn 0.5619 0.1891 0.8053
vn 0.4464 0.5470 0.7082
vn 0.6305 -0.7741 -0.0574
vn 0.7151 -0.6982 -0.0340
vn 0.9136 -0.4032 0.0527
vn 0.9892 -0.0386 0.1412
vn 0.9200 0.3317 0.2090
vn 0.7127 0.6580 0.2432
vn 0.5338 -0.6601 -0.5284
vn 0.5975 -0.5695 -0.5644
vn 0.7489 -0.2408 -0.6174
vn 0.8033 0.1362 -0.5799
vn 0.7399 0.4932 -0.4575
vn 0.5632 0.7818 -0.2676
vn -0.1765 -0.8754 -0.4500
vn 0.0382 -0.8637 -0.5025
vn -0.2903 -0.9194 -0.2655
vn -0.2365 -0.9700 -0.0568
vn -0.0466 -0.9975 0.0534
vn 0.1671 -0.9859 0.0019
vn 0.2815 -0.9420 -0.1829
vn 0.2277 -0.8910 -0.3928
vn -0.0394 0.7581 0.6510
vn -0.0301 0.8912 0.4527
vn -0.3479 0.7977 0.4926
vn -0.1842 0.9134 0.3631
vn -0.4511 0.8766 0.1675
vn -0.2260 0.9546 0.1938
vn -0.2874 0.9485 -0.1334
vn -0.1330 0.9901 0.0458
vn 0.0468 0.9711 -0.2339
vn 0.0392 0.9992 0.0047
vn 0.3560 0.9314 -0.0755
vn 0.1911 0.9772 0.0930
vn 0.4593 0.8526 0.2491
vn 0.2345 0.9364 0.2610
vn 0.2956 0.7808 0.5504
vn 0.1422 0.9009 0.4100
vn -0.0046 -0.9721 -0.2344
vn 0.0041 -0.9457 -0.3250
vn 0.0154 -0.9518 -0.3063
vn -0.2096 -0.9312 -0.2981
vn -0.2296 -0.9148 -0.3323
vn 0.2266 -0.9160 -0.3311
vn 0.1795 -0.9136 -0.3649
vn 0.0039 -0.8163 -0.5777
vn -0.2032 -0.8094 -0.5510
vn 0.1932 -0.8079 -0.5567
vn -0.1153 -0.6042 -0.7885
vn 0.0211 -0.6097 -0.7924
vn 0.0861 -0.6556 -0.7502
vn 0.0815 -0.9963 0.0260
vn 0.0103 -0.9997 0.0208
vn 0.0716 -0.9752 -0.2096
vn 0.1781 -0.9629 -0.2025
vn 0.0524 -0.9640 0.2607
vn 0.0388 -0.9771 0.2091
vn 0.3663 -0.9245 0.1052
vn 0.3691 -0.9188 -0.1399
vn 0.2596 -0.9195 0.2953
vn 0.6043 -0.7967 -0.0029
vn 0.5675 -0.8024 0.1845
vn 0.4510 -0.8603 0.2378
vn 0.0313 -0.9804 -0.1943
vn 0.0604 -0.8973 -0.4373
vn 0.2714 -0.8789 -0.3922
vn 0.2571 -0.9642 -0.0643
vn -0.2157 -0.9650 -0.1494
vn -0.1104 -0.9089 -0.4022
vn -0.0443 -0.9797 0.1957
vn 0.2138 -0.9608 0.1762
vn -0.2492 -0.9631 0.1014
vn 0.1295 -0.9265 0.3532
vn -0.0973 -0.9372 0.3350
vn -0.1595 -0.9725 0.1696
vn 0.2818 -0.9585 0.0444
vn 0.3203 -0.9473 -0.0035
vn 0.4563 -0.8716 0.1789
vn 0.4028 -0.8802 0.2511
vn 0.1060 -0.9881 -0.1112
vn 0.1523 -0.9844 -0.0882
vn -0.0056 -0.9638 0.2667
vn 0.2021 -0.8957 0.3962
vn -0.0710 -0.9959 0.0565
vn -0.1253 -0.8325 0.5397
vn -0.2663 -0.8594 0.4364
vn -0.2336 -0.9203 0.3138
vn -0.7271 -0.6788 0.1025
vn -0.6861 -0.6760 0.2688
vn -0.8096 -0.5487 0.2084
vn -0.8272 -0.5487 -0.1208
vn -0.5785 -0.8150 0.0341
vn -0.6733 -0.6321 -0.3835
vn -0.6333 -0.7499 -0.1914
vn -0.7618 -0.6027 -0.2375
vn -0.5365 -0.8351 -0.1216
vn -0.5772 -0.7616 -0.2947
vn -0.5274 -0.8136 -0.2447
vn -0.7615 -0.6383 -0.1127
vn 0.2165 -0.8856 -0.4108
vn 0.2090 -0.8935 -0.3975
vn 0.4134 -0.7853 -0.4609
vn 0.4291 -0.7705 -0.4714
vn 0.0031 -0.9458 -0.3249
vn 0.0826 -0.9595 -0.2693
vn 0.2017 -0.8830 -0.4237
vn 0.4133 -0.7591 -0.5030
vn -0.0009 -0.9353 -0.3539
vn 0.3661 -0.7757 -0.5142
vn 0.1693 -0.8855 -0.4328
vn 0.0152 -0.8439 -0.5364
vn -0.2103 -0.9774 -0.0225
vn -0.3143 -0.9376 0.1487
vn -0.4961 -0.8682 0.0087
vn -0.3437 -0.9089 -0.2361
vn 0.0323 -0.9994 0.0122
vn -0.1294 -0.9744 0.1840
vn 0.0010 -0.9493 -0.3143
vn -0.2084 -0.8985 -0.3864
vn 0.1387 -0.9744 -0.1769
vn -0.0629 -0.8713 -0.4867
vn 0.1080 -0.8996 -0.4231
vn 0.1026 -0.9543 -0.2808
vn -0.1272 -0.9720 -0.1974
vn -0.2859 -0.9376 -0.1978
vn -0.2556 -0.8682 -0.4253
vn -0.0288 -0.9046 -0.4253
vn -0.0584 -0.9978 0.0326
vn -0.2240 -0.9744 -0.0201
vn 0.2886 -0.9450 -0.1540
vn 0.2473 -0.8958 -0.3693
vn 0.2179 -0.9754 0.0328
vn 0.5199 -0.8164 -0.2513
vn 0.5441 -0.8334 -0.0971
vn 0.4517 -0.8914 -0.0378
vn 0.2912 -0.8584 0.4222
vn 0.1487 -0.9376 0.3143
vn 0.0087 -0.8682 0.4961
vn 0.1804 -0.7668 0.6160
vn 0.4745 -0.8423 0.2557
vn 0.1840 -0.9744 0.1294
vn 0.2226 -0.9075 0.3561
vn 0.1603 -0.7791 0.6061
vn 0.4331 -0.8687 0.2405
vn -0.0934 -0.9085 0.4074
vn 0.0104 -0.9791 0.2029
vn 0.2110 -0.9521 0.2212
s 1
f 1/1/1 2/2/2 3/3/3
f 3/3/3 4/4/4 1/1/1
f 5/5/5 6/6/6 7/7/7
f 7/7/7 8/8/8 5/5/5
f 9/9/9 10/10/10 11/11/11
f 11/11/11 12/12/12 9/9/9
f 13/13/13 14/14/14 15/15/15
f 15/15/15 16/16/16 13/13/13
f 17/17/17 18/18/18 19/19/19
f 19/19/19 20/20/20 17/17/17
f 21/21/21 22/22/22 23/23/23
f 23/23/23 24/24/24 21/21/21
f 25/25/25 26/26/26 27/27/27
f 27/27/27 28/28/28 25/25/25
f 29/29/29 30/30/30 31/31/31
f 31/31/31 32/32/32 29/29/29
f 2/2/2 33/33/33 34/34/34
f 34/34/34 3/3/3 2/2/2
f 6/6/6 35/35/35 36/36/36
f 36/36/36 7/7/7 6/6/6
f 10/10/10 37/37/37 38/38/38
f 38/38/38 11/11/11 10/10/10
f 14/14/14 39/39/39 40/40/40
f 40/40/40 15/15/15 14/14/14
f 18/18/18 41/41/41 42/42/42
f 42/42/42 19/19/19 18/18/18
f 22/22/22 43/43/43 44/44/44
f 44/44/44 23/23/23 22/22/22
f 26/26/26 45/45/45 46/46/46
f 46/46/46 27/27/27 26/26/26
f 30/30/30 47/47/47 48/48/48
f 48/48/48 31/31/31 30/30/30
f 33/33/33 49/49/49 50/50/50
f 50/50/50 34/34/34 33/33/33
f 35/35/35 51/51/51 52/52/52
f 52/52/52 36/36/36 35/35/35
f 37/37/37 53/53/53 54/54/54
f 54/54/54 38/38/38 37/37/37
f 39/39/39 55/55/55 56/56/56
f 56/56/56 40/40/40 39/39/39
f 41/41/41 57/57/57 58/58/58
f 58/58/58 42/42/42 41/41/41
f 43/43/43 59/59/59 60/60/60
f 60/60/60 44/44/44 43/43/43
f 45/45/45 61/61/61 62/62/62
f 62/62/62 46/46/46 45/45/45
f 47/47/47 63/63/63 64/64/64
f 64/64/64 48/48/48 47/47/47
f 49/49/49 65/65/65 66/66/66
f 66/66/66 50/50/50 49/49/49
f 51/51/51 67/67/67 68/68/68
f 68/68/68 52/52/52 51/51/51
f 53/53/53 69/69/69 70/70/70
f 70/70/70 54/54/54 53/53/53
f 55/55/55 71/71/71 72/72/72
f 72/72/72 56/56/56 55/55/55
f 57/57/57 73/73/73 74/74/74
f 74/74/74 58/58/58 57/57/57
f 59/59/59 75/75/75 76/76/76
f 76/76/76 60/60/60 59/59/59
f 61/61/61 77/77/77 78/78/78
f 78/78/78 62/62/62 61/61/61
f 63/63/63 79/79/79 80/80/80
f 80/80/80 64/64/64 63/63/63
f 65/65/65 81/81/81 82/82/82
f 82/82/82 66/66/66 65/65/65
f 67/67/67 83/83/83 84/84/84
f 84/84/84 68/68/68 67/67/67
f 69/69/69 85/85/85 86/86/86
f 86/86/86 70/70/70 69/69/69
f 71/71/71 87/87/87 88/88/88
f 88/88/88 72/72/72 71/71/71
f 73/73/73 89/89/89 90/90/90
f 90/90/90 74/74/74 73/73/73
f 75/75/75 91/91/91 92/92/92
f 92/92/92 76/76/76 75/75/75
f 77/77/77 93/93/93 94/94/94
f 94/94/94 78/78/78 77/77/77
f 79/79/79 95/95/95 96/96/96
f 96/96/96 80/80/80 79/79/79
f 81/81/81 97/97/97 98/98/98
f 98/98/98 82/82/82 81/81/81
f 83/83/83 99/99/99 100/100/100
f 100/100/100 84/84/84 83/83/83
f 85/85/85 101/101/101 102/102/102
f 102/102/102 86/86/86 85/85/85
f 87/87/87 103/103/103 104/104/104
f 104/104/104 88/88/88 87/87/87
f 89/89/89 105/105/105 106/106/106
f 106/106/106 90/90/90 89/89/89
f 91/91/91 107/107/107 108/108/108
f 108/108/108 92/92/92 91/91/91
f 93/93/93 109/109/109 110/110/110
f 110/110/110 94/94/94 93/93/93
f 95/95/95 111/111/111 112/112/112
f 112/112/112 96/96/96 95/95/95
f 33/33/33 2/2/2 113/113/113
f 113/113/113 114/114/114 33/33/33
f 49/49/49 33/33/33 114/114/114
f 114/114/114 115/115/115 49/49/49
f 65/65/65 49/49/49 115/115/115
f 115/115/115 116/116/116 65/65/65
f 81/81/81 65/65/65 116/116/116
f 116/116/116 117/117/117 81/81/81
f 97/97/97 81/81/81 117/117/117
f 117/117/117 118/118/118 97/97/97
f 82/119/82 98/120/98 119/121/119
f 119/121/119 120/122/120 82/119/82
f 66/123/66 82/119/82 120/122/120
f 120/122/120 121/124/121 66/123/66
f 50/125/50 66/123/66 121/124/121
f 121/124/121 122/126/122 50/125/50
f 34/127/34 50/125/50 122/126/122
f 122/126/122 123/128/123 34/127/34
f 3/129/3 34/127/34 123/128/123
f 123/128/123 124/130/124 3/129/3
f 35/35/35 6/6/6 124/130/124
f 124/130/124 123/128/123 35/35/35
f 51/51/51 35/35/35 123/128/123
f 123/128/123 122/126/122 51/51/51
f 67/67/67 51/51/51 122/126/122
f 122/126/122 121/124/121 67/67/67
f 83/83/83 67/67/67 121/124/121
f 121/124/121 120/122/120 83/83/83
f 99/99/99 83/83/83 120/122/120
f 120/122/120 119/121/119 99/99/99
f 84/84/84 100/100/100 125/131/125
f 125/131/125 126/132/126 84/84/84
f 68/68/68 84/84/84 126/132/126
f 126/132/126 127/133/127 68/68/68
f 52/52/52 68/68/68 127/133/127
f 127/133/127 128/134/128 52/52/52
f 36/36/36 52/52/52 128/134/128
f 128/134/128 129/135/129 36/36/36
f 7/7/7 36/36/36 129/135/129
f 129/135/129 130/136/130 7/7/7
f 37/37/37 10/10/10 130/136/130
f 130/136/130 129/135/129 37/37/37
f 53/53/53 37/37/37 129/135/129
f 129/135/129 128/134/128 53/53/53
f 69/69/69 53/53/53 128/134/128
f 128/134/128 127/133/127 69/69/69
f 85/85/85 69/69/69 127/133/127
f 127/133/127 126/132/126 85/85/85
f 101/101/101 85/85/85 126/132/126
f 126/132/126 125/131/125 101/101/101
f 86/86/86 102/102/102 131/137/131
f 131/137/131 132/138/132 86/86/86
f 70/70/70 86/86/86 132/138/132
f 132/138/132 133/139/133 70/70/70
f 54/54/54 70/70/70 133/139/133
f 133/139/133 134/140/134 54/54/54
f 38/38/38 54/54/54 134/140/134
f 134/140/134 135/141/135 38/38/38
f 11/11/11 38/38/38 135/141/135
f 135/141/135 136/142/136 11/11/11
f 39/39/39 14/14/14 136/142/136
f 136/142/136 135/141/135 39/39/39
f 55/55/55 39/39/39 135/141/135
f 135/141/135 134/140/134 55/55/55
f 71/71/71 55/55/55 134/140/134
f 134/140/134 133/139/133 71/71/71
f 87/87/87 71/71/71 133/139/133
f 133/139/133 132/138/132 87/87/87
f 103/103/103 87/87/87 132/138/132
f 132/138/132 131/137/131 103/103/103
f 88/88/88 104/104/104 137/143/137
f 137/143/137 138/144/138 88/88/88
f 72/72/72 88/88/88 138/144/138
f 138/144/138 139/145/139 72/72/72
f 56/56/56 72/72/72 139/145/139
f 139/145/139 140/146/140 56/56/56
f 40/40/40 56/56/56 140/146/140
f 140/146/140 141/147/141 40/40/40
f 15/15/15 40/40/40 141/147/141
f 141/147/141 142/148/142 15/15/15
f 41/41/41 18/18/18 142/148/142
f 142/148/142 141/147/141 41/41/41
f 57/57/57 41/41/41 141/147/141
f 141/147/141 140/146/140 57/57/57
f 73/73/73 57/57/57 140/146/140
f 140/146/140 139/145/139 73/73/73
f 89/89/89 73/73/73 139/145/139
f 139/145/139 138/144/138 89/89/89
f 105/105/105 89/89/89 138/144/138
f 138/144/138 137/143/137 105/105/105
f 90/90/90 106/106/106 143/149/143
f 143/149/143 144/150/144 90/90/90
f 74/74/74 90/90/90 144/150/144
f 144/150/144 145/151/145 74/74/74
f 58/58/58 74/74/74 145/151/145
f 145/151/145 146/152/146 58/58/58
f 42/42/42 58/58/58 146/152/146
f 146/152/146 147/153/147 42/42/42
f 19/19/19 42/42/42 147/153/147
f 147/153/147 148/154/148 19/19/19
f 43/43/43 22/22/22 148/154/148
f 148/154/148 147/153/147 43/43/43
f 59/59/59 43/43/43 147/153/147
f 147/153/147 146/152/146 59/59/59
f 75/75/75 59/59/59 146/152/146
f 146/152/146 145/151/145 75/75/75
f 91/91/91 75/75/75 145/151/145
f 145/151/145 144/150/144 91/91/91
f 107/107/107 91/91/91 144/150/144
f 144/150/144 143/149/143 107/107/107
f 92/92/92 108/108/108 149/155/149
f 149/155/149 150/156/150 92/92/92
f 76/76/76 92/92/92 150/156/150
f 150/156/150 151/157/151 76/76/76
f 60/60/60 76/76/76 151/157/151
f 151/157/151 152/158/152 60/60/60
f 44/44/44 60/60/60 152/158/152
f 152/158/152 153/159/153 44/44/44
f 23/23/23 44/44/44 153/159/153
f 153/159/153 154/160/154 23/23/23
f 45/45/45 26/26/26 154/160/154
f 154/160/154 153/159/153 45/45/45
f 61/61/61 45/45/45 153/159/153
f 153/159/153 152/158/152 61/61/61
f 77/77/77 61/61/61 152/158/152
f 152/158/152 151/157/151 77/77/77
f 93/93/93 77/77/77 151/157/151
f 151/157/151 150/156/150 93/93/93
f 109/109/109 93/93/93 150/156/150
f 150/156/150 149/155/149 109/109/109
f 94/94/94 110/110/110 155/161/155
f 155/161/155 156/162/156 94/94/94
f 78/78/78 94/94/94 156/162/156
f 156/162/156 157/163/157 78/78/78
f 62/62/62 78/78/78 157/163/157
f 157/163/157 158/164/158 62/62/62
f 46/46/46 62/62/62 158/164/158
f 158/164/158 159/165/159 46/46/46
f 27/27/27 46/46/46 159/165/159
f 159/165/159 160/166/160 27/27/27
f 47/47/47 30/30/30 160/166/160
f 160/166/160 159/165/159 47/47/47
f 63/63/63 47/47/47 159/165/159
f 159/165/159 158/164/158 63/63/63
f 79/79/79 63/63/63 158/164/158
f 158/164/158 157/163/157 79/79/79
f 95/95/95 79/79/79 157/163/157
f 157/163/157 156/162/156 95/95/95
f 111/111/111 95/95/95 156/162/156
f 156/162/156 155/161/155 111/111/111
f 96/96/96 112/112/112 118/118/118
f 118/118/118 117/117/117 96/96/96
f 80/80/80 96/96/96 117/117/117
f 117/117/117 116/116/116 80/80/80
f 64/64/64 80/80/80 116/116/116
f 116/116/116 115/115/115 64/64/64
f 48/48/48 64/64/64 115/115/115
f 115/115/115 114/114/114 48/48/48
f 31/31/31 48/48/48 114/114/114
f 114/114/114 113/113/113 31/31/31
f 161/167/161 162/168/162 163/169/163
f 163/169/163 164/170/164 161/167/161
f 164/170/164 165/171/165 161/167/161
f 166/172/166 161/167/161 165/171/165
f 165/171/165 167/173/167 166/172/166
f 167/173/167 168/174/168 166/172/166
f 169/175/169 166/172/166 168/174/168
f 168/174/168 170/176/170 169/175/169
f 170/177/170 171/178/171 169/179/169
f 162/168/162 169/179/169 171/178/171
f 171/178/171 172/180/172 162/168/162
f 172/180/172 163/169/163 162/168/162
f 119/121/119 98/120/98 173/181/173
f 174/182/174 173/183/173 98/98/98
f 98/98/98 97/97/97 174/182/174
f 97/97/97 118/118/118 174/182/174
f 125/131/125 100/100/100 175/184/175
f 173/181/173 175/184/175 100/100/100
f 100/100/100 99/99/99 173/181/173
f 99/99/99 119/121/119 173/181/173
f 131/137/131 102/102/102 176/185/176
f 175/184/175 176/185/176 102/102/102
f 102/102/102 101/101/101 175/184/175
f 101/101/101 125/131/125 175/184/175
f 137/143/137 104/104/104 177/186/177
f 176/185/176 177/186/177 104/104/104
f 104/104/104 103/103/103 176/185/176
f 103/103/103 131/137/131 176/185/176
f 143/149/143 106/106/106 178/187/178
f 177/186/177 178/187/178 106/106/106
f 106/106/106 105/105/105 177/186/177
f 105/105/105 137/143/137 177/186/177
f 149/155/149 108/108/108 179/188/179
f 178/187/178 179/188/179 108/108/108
f 108/108/108 107/107/107 178/187/178
f 107/107/107 143/149/143 178/187/178
f 155/161/155 110/110/110 180/189/180
f 179/188/179 180/189/180 110/110/110
f 110/110/110 109/109/109 179/188/179
f 109/109/109 149/155/149 179/188/179
f 118/118/118 112/112/112 174/182/174
f 180/189/180 174/182/174 112/112/112
f 112/112/112 111/111/111 180/189/180
f 111/111/111 155/161/155 180/189/180
f 16/16/16 181/190/181 182/191/182
f 12/12/12 183/192/183 184/193/184
f 8/8/8 185/194/185 186/195/186
f 4/196/4 187/197/187 188/198/188
f 32/32/32 189/199/189 190/200/190
f 28/28/28 191/201/191 192/202/192
f 24/24/24 193/203/193 194/204/194
f 20/20/20 195/205/195 196/206/196
f 181/190/181 17/17/17 182/191/182
f 195/205/195 21/21/21 196/206/196
f 193/203/193 25/25/25 194/204/194
f 191/201/191 29/29/29 192/202/192
f 189/199/189 1/1/1 190/200/190
f 187/197/187 5/5/5 188/198/188
f 185/194/185 9/9/9 186/195/186
f 183/192/183 13/13/13 184/193/184
f 182/191/182 196/206/196 170/207/170
f 170/207/170 168/208/168 182/191/182
f 184/193/184 182/191/182 168/208/168
f 168/208/168 167/209/167 184/193/184
f 186/195/186 184/193/184 167/209/167
f 167/209/167 165/210/165 186/195/186
f 188/198/188 186/195/186 165/210/165
f 165/210/165 164/211/164 188/198/188
f 190/200/190 188/212/188 164/213/164
f 164/213/164 163/214/163 190/200/190
f 192/202/192 190/200/190 163/214/163
f 163/214/163 172/215/172 192/202/192
f 194/204/194 192/202/192 172/215/172
f 172/215/172 171/216/171 194/204/194
f 196/206/196 194/204/194 171/216/171
f 171/216/171 170/207/170 196/206/196
f 1/1/1 4/4/4 188/212/188
f 188/212/188 190/200/190 1/1/1
f 5/5/5 8/8/8 186/195/186
f 186/195/186 188/198/188 5/5/5
f 9/9/9 12/12/12 184/193/184
f 184/193/184 186/195/186 9/9/9
f 13/13/13 16/16/16 182/191/182
f 182/191/182 184/193/184 13/13/13
f 17/17/17 20/20/20 196/206/196
f 196/206/196 182/191/182 17/17/17
f 21/21/21 24/24/24 194/204/194
f 194/204/194 196/206/196 21/21/21
f 25/25/25 28/28/28 192/202/192
f 192/202/192 194/204/194 25/25/25
f 29/29/29 32/32/32 190/200/190
f 190/200/190 192/202/192 29/29/29
f 142/148/142 181/190/181 16/16/16
f 16/16/16 15/15/15 142/148/142
f 136/142/136 183/192/183 12/12/12
f 12/12/12 11/11/11 136/142/136
f 130/136/130 185/194/185 8/8/8
f 8/8/8 7/7/7 130/136/130
f 124/130/124 187/197/187 4/196/4
f 4/196/4 3/129/3 124/130/124
f 113/113/113 189/199/189 32/32/32
f 32/32/32 31/31/31 113/113/113
f 160/166/160 191/201/191 28/28/28
f 28/28/28 27/27/27 160/166/160
f 154/160/154 193/203/193 24/24/24
f 24/24/24 23/23/23 154/160/154
f 148/154/148 195/205/195 20/20/20
f 20/20/20 19/19/19 148/154/148
f 18/18/18 17/17/17 181/190/181
f 181/190/181 142/148/142 18/18/18
f 22/22/22 21/21/21 195/205/195
f 195/205/195 148/154/148 22/22/22
f 26/26/26 25/25/25 193/203/193
f 193/203/193 154/160/154 26/26/26
f 30/30/30 29/29/29 191/201/191
f 191/201/191 160/166/160 30/30/30
f 2/2/2 1/1/1 189/199/189
f 189/199/189 113/113/113 2/2/2
f 6/6/6 5/5/5 187/197/187
f 187/197/187 124/130/124 6/6/6
f 10/10/10 9/9/9 185/194/185
f 185/194/185 130/136/130 10/10/10
f 14/14/14 13/13/13 183/192/183
f 183/192/183 136/142/136 14/14/14
f 197/217/197 198/218/198 199/219/199
f 199/219/199 200/220/200 197/217/197
f 201/221/201 197/217/197 200/220/200
f 200/220/200 202/222/202 201/221/201
f 203/223/203 201/221/201 202/222/202
f 202/222/202 204/224/204 203/223/203
f 198/225/198 203/223/203 204/224/204
f 204/224/204 199/226/199 198/225/198
f 205/227/205 206/228/206 207/229/207
f 207/229/207 208/230/208 205/227/205
f 209/231/209 205/227/205 208/230/208
f 208/230/208 210/232/210 209/231/209
f 211/233/211 209/231/209 210/232/210
f 210/232/210 212/234/212 211/233/211
f 206/235/206 211/233/211 212/234/212
f 212/234/212 207/236/207 206/235/206
f 213/237/213 214/238/214 206/228/206
f 206/228/206 205/227/205 213/237/213
f 215/239/215 213/237/213 205/227/205
f 205/227/205 209/231/209 215/239/215
f 216/240/216 215/239/215 209/231/209
f 209/231/209 211/233/211 216/240/216
f 214/241/214 216/240/216 211/233/211
f 211/233/211 206/235/206 214/241/214
f 217/242/217 218/243/218 219/244/219
f 219/244/219 220/245/220 217/242/217
f 221/246/221 217/242/217 220/245/220
f 220/245/220 222/247/222 221/246/221
f 223/248/223 221/246/221 222/247/222
f 222/247/222 224/249/224 223/248/223
f 218/250/218 223/248/223 224/249/224
f 224/249/224 219/251/219 218/250/218
f 225/252/225 226/253/226 218/243/218
f 218/243/218 217/242/217 225/252/225
f 227/254/227 225/252/225 217/242/217
f 217/242/217 221/246/221 227/254/227
f 228/255/228 227/254/227 221/246/221
f 221/246/221 223/248/223 228/255/228
f 226/256/226 228/255/228 223/248/223
f 223/248/223 218/250/218 226/256/226
f 229/257/229 230/258/230 226/259/226
f 226/259/226 225/260/225 229/257/229
f 231/261/231 229/257/229 225/260/225
f 225/260/225 227/262/227 231/261/231
f 232/263/232 231/261/231 227/262/227
f 227/262/227 228/264/228 232/263/232
f 226/265/226 230/266/230 232/263/232
f 232/263/232 228/264/228 226/265/226
f 233/267/233 234/268/234 230/258/230
f 230/258/230 229/257/229 233/267/233
f 235/269/235 233/267/233 229/257/229
f 229/257/229 231/261/231 235/269/235
f 236/270/236 235/269/235 231/261/231
f 231/261/231 232/263/232 236/270/236
f 234/271/234 236/270/236 232/263/232
f 232/263/232 230/266/230 234/271/234
f 237/272/237 238/273/238 234/268/234
f 234/268/234 233/267/233 237/272/237
f 239/274/239 237/272/237 233/267/233
f 233/267/233 235/269/235 239/274/239
f 240/275/240 239/274/239 235/269/235
f 235/269/235 236/270/236 240/275/240
f 238/276/238 240/275/240 236/270/236
f 236/270/236 234/271/234 238/276/238
f 241/277/241 242/278/242 238/273/238
f 238/273/238 237/272/237 241/277/241
f 243/279/243 241/277/241 237/272/237
f 237/272/237 239/274/239 243/279/243
f 244/280/244 243/279/243 239/274/239
f 239/274/239 240/275/240 244/280/244
f 242/281/242 244/280/244 240/275/240
f 240/275/240 238/276/238 242/281/242
f 245/282/245 246/283/246 242/278/242
f 242/278/242 241/277/241 245/282/245
f 247/284/247 245/282/245 241/277/241
f 241/277/241 243/279/243 247/284/247
f 248/285/248 247/284/247 243/279/243
f 243/279/243 244/280/244 248/285/248
f 246/286/246 248/285/248 244/280/244
f 244/280/244 242/281/242 246/286/246
f 249/287/249 250/288/250 246/283/246
f 246/283/246 245/282/245 249/287/249
f 251/289/251 249/287/249 245/282/245
f 245/282/245 247/284/247 251/289/251
f 252/290/252 251/289/251 247/284/247
f 247/284/247 248/285/248 252/290/252
f 250/291/250 252/290/252 248/285/248
f 248/285/248 246/286/246 250/291/250
f 253/292/253 254/293/254 250/288/250
f 250/288/250 249/287/249 253/292/253
f 255/294/255 253/292/253 249/287/249
f 249/287/249 251/289/251 255/294/255
f 256/295/256 255/294/255 251/289/251
f 251/289/251 252/290/252 256/295/256
f 254/296/254 256/295/256 252/290/252
f 252/290/252 250/291/250 254/296/254
f 257/297/257 258/298/258 254/293/254
f 254/293/254 253/292/253 257/297/257
f 259/299/259 257/297/257 253/292/253
f 253/292/253 255/294/255 259/299/259
f 260/300/260 259/299/259 255/294/255
f 255/294/255 256/295/256 260/300/260
f 258/301/258 260/300/260 256/295/256
f 256/295/256 254/296/254 258/301/258
f 261/302/261 262/303/262 258/304/258
f 258/304/258 257/305/257 261/302/261
f 259/306/259 263/307/263 264/308/264
f 264/308/264 261/302/261 257/305/257
f 259/306/259 264/308/264 257/305/257
f 265/309/265 263/307/263 259/306/259
f 259/306/259 260/310/260 265/309/265
f 262/311/262 265/309/265 260/310/260
f 260/310/260 258/312/258 262/311/262
f 266/313/266 267/314/267 262/303/262
f 262/303/262 261/302/261 266/313/266
f 268/315/268 266/313/266 261/302/261
f 261/302/261 264/308/264 268/315/268
f 269/316/269 268/315/268 264/308/264
f 264/308/264 263/307/263 269/316/269
f 270/317/270 269/316/269 263/307/263
f 263/307/263 265/309/265 270/317/270
f 267/318/267 270/317/270 265/309/265
f 265/309/265 262/311/262 267/318/267
f 271/319/271 272/320/272 267/314/267
f 267/314/267 266/313/266 271/319/271
f 268/315/268 269/321/269 273/322/273
f 273/322/273 271/319/271 266/313/266
f 268/315/268 273/322/273 266/313/266
f 274/323/274 273/322/273 269/321/269
f 269/321/269 270/317/270 274/323/274
f 272/324/272 274/323/274 270/317/270
f 270/317/270 267/318/267 272/324/272
f 275/325/275 276/326/276 272/320/272
f 272/320/272 271/319/271 275/325/275
f 277/327/277 275/325/275 271/319/271
f 271/319/271 273/322/273 277/327/277
f 278/328/278 277/327/277 273/322/273
f 273/322/273 274/323/274 278/328/278
f 276/329/276 278/328/278 274/323/274
f 274/323/274 272/324/272 276/329/276
f 279/330/279 280/331/280 276/326/276
f 276/326/276 275/325/275 279/330/279
f 281/332/281 279/330/279 275/325/275
f 275/325/275 277/327/277 281/332/281
f 282/333/282 281/332/281 277/327/277
f 277/327/277 278/328/278 282/333/282
f 280/334/280 282/333/282 278/328/278
f 278/328/278 276/329/276 280/334/280
f 283/335/283 284/336/284 280/331/280
f 280/331/280 279/330/279 283/335/283
f 285/337/285 283/335/283 279/330/279
f 279/330/279 281/332/281 285/337/285
f 286/338/286 285/337/285 281/332/281
f 281/332/281 282/333/282 286/338/286
f 284/339/284 286/338/286 282/333/282
f 282/333/282 280/334/280 284/339/284
f 287/340/287 288/341/288 284/336/284
f 284/336/284 283/335/283 287/340/287
f 289/342/289 287/340/287 283/335/283
f 283/335/283 285/337/285 289/342/289
f 290/343/290 289/342/289 285/337/285
f 285/337/285 286/338/286 290/343/290
f 288/344/288 290/343/290 286/338/286
f 286/338/286 284/339/284 288/344/288
f 291/345/291 292/346/292 288/341/288
f 288/341/288 287/340/287 291/345/291
f 293/347/293 291/345/291 287/340/287
f 287/340/287 289/342/289 293/347/293
f 294/348/294 293/347/293 289/342/289
f 289/342/289 290/343/290 294/348/294
f 292/349/292 294/348/294 290/343/290
f 290/343/290 288/344/288 292/349/292
f 295/350/295 296/351/296 292/346/292
f 292/346/292 291/345/291 295/350/295
f 297/352/297 295/350/295 291/345/291
f 291/345/291 293/347/293 297/352/297
f 298/353/298 297/352/297 293/347/293
f 293/347/293 294/348/294 298/353/298
f 296/354/296 298/353/298 294/348/294
f 294/348/294 292/349/292 296/354/296
f 299/355/299 300/356/300 301/357/301
f 301/357/301 302/358/302 299/355/299
f 303/359/303 299/355/299 302/358/302
f 302/358/302 304/360/304 303/359/303
f 305/361/305 303/359/303 304/360/304
f 304/360/304 306/362/306 305/361/305
f 300/363/300 305/361/305 306/362/306
f 306/362/306 301/364/301 300/363/300
f 307/365/307 308/366/308 300/356/300
f 300/356/300 299/355/299 307/365/307
f 309/367/309 307/365/307 299/355/299
f 299/355/299 303/359/303 309/367/309
f 310/368/310 309/367/309 303/359/303
f 303/359/303 305/361/305 310/368/310
f 308/369/308 310/368/310 305/361/305
f 305/361/305 300/363/300 308/369/308
f 311/370/311 312/371/312 308/366/308
f 308/366/308 307/365/307 311/370/311
f 313/372/313 311/370/311 307/365/307
f 307/365/307 309/367/309 313/372/313
f 314/373/314 313/372/313 309/367/309
f 309/367/309 310/368/310 314/373/314
f 312/374/312 314/373/314 310/368/310
f 310/368/310 308/369/308 312/374/312
f 315/375/315 316/376/316 312/371/312
f 312/371/312 311/370/311 315/375/315
f 317/377/317 315/375/315 311/370/311
f 311/370/311 313/372/313 317/377/317
f 318/378/318 317/377/317 313/372/313
f 313/372/313 314/373/314 318/378/318
f 316/379/316 318/378/318 314/373/314
f 314/373/314 312/374/312 316/379/316
f 319/380/319 320/381/320 321/382/321
f 321/382/321 322/383/322 319/380/319
f 323/384/323 324/385/324 320/386/320
f 320/386/320 319/387/319 323/384/323
f 325/388/325 326/389/326 324/385/324
f 324/385/324 323/384/323 325/388/325
f 322/383/322 321/382/321 326/389/326
f 326/389/326 325/388/325 322/383/322
f 296/354/296 319/380/319 322/383/322
f 322/383/322 298/353/298 296/354/296
f 295/350/295 323/384/323 319/387/319
f 319/387/319 296/351/296 295/350/295
f 297/352/297 325/388/325 323/384/323
f 323/384/323 295/350/295 297/352/297
f 298/353/298 322/383/322 325/388/325
f 325/388/325 297/352/297 298/353/298
f 302/358/302 301/357/301 320/386/320
f 320/386/320 324/385/324 302/358/302
f 304/360/304 302/358/302 324/385/324
f 324/385/324 326/389/326 304/360/304
f 306/362/306 304/360/304 326/389/326
f 326/389/326 321/382/321 306/362/306
f 301/364/301 306/362/306 321/382/321
f 321/382/321 320/381/320 301/364/301
f 214/241/214 327/390/327 328/391/328
f 328/391/328 216/240/216 214/241/214
f 213/237/213 329/392/329 327/393/327
f 327/393/327 214/238/214 213/237/213
f 215/239/215 330/394/330 329/392/329
f 329/392/329 213/237/213 215/239/215
f 216/240/216 328/391/328 330/394/330
f 330/394/330 215/239/215 216/240/216
f 220/245/220 219/244/219 327/393/327
f 327/393/327 329/392/329 220/245/220
f 222/247/222 220/245/220 329/392/329
f 329/392/329 330/394/330 222/247/222
f 224/249/224 222/247/222 330/394/330
f 330/394/330 328/391/328 224/249/224
f 219/251/219 224/249/224 328/391/328
f 328/391/328 327/390/327 219/251/219
f 207/236/207 212/234/212 203/223/203
f 203/223/203 198/225/198 207/236/207
f 208/230/208 207/229/207 198/218/198
f 198/218/198 197/217/197 208/230/208
f 210/232/210 208/230/208 197/217/197
f 197/217/197 201/221/201 210/232/210
f 212/234/212 210/232/210 201/221/201
f 201/221/201 203/223/203 212/234/212
s 2
f 331/395/331 332/396/332 333/397/333
f 333/397/333 334/398/334 331/395/331
f 335/399/335 331/400/331 334/401/334
f 334/401/334 336/402/336 335/399/335
f 337/403/337 335/399/335 336/402/336
f 336/402/336 338/404/338 337/403/337
f 332/396/332 337/403/337 338/404/338
f 338/404/338 333/397/333 332/396/332
f 339/405/339 340/406/340 332/396/332
f 332/396/332 331/395/331 339/405/339
f 341/407/341 339/408/339 331/400/331
f 331/400/331 335/399/335 341/407/341
f 342/409/342 341/407/341 335/399/335
f 335/399/335 337/403/337 342/409/342
f 340/406/340 342/409/342 337/403/337
f 337/403/337 332/396/332 340/406/340
f 343/410/343 344/411/344 340/406/340
f 340/406/340 339/405/339 343/410/343
f 345/412/345 343/413/343 339/408/339
f 339/408/339 341/407/341 345/412/345
f 346/414/346 345/412/345 341/407/341
f 341/407/341 342/409/342 346/414/346
f 344/411/344 346/414/346 342/409/342
f 342/409/342 340/406/340 344/411/344
f 347/415/347 348/416/348 344/411/344
f 344/411/344 343/410/343 347/415/347
f 349/417/349 347/418/347 343/413/343
f 343/413/343 345/412/345 349/417/349
f 350/419/350 349/417/349 345/412/345
f 345/412/345 346/414/346 350/419/350
f 348/416/348 350/419/350 346/414/346
f 346/414/346 344/411/344 348/416/348
f 351/420/351 352/421/352 348/416/348
f 348/416/348 347/415/347 351/420/351
f 351/422/351 347/418/347 349/417/349
f 349/417/349 353/423/353 351/422/351
f 354/424/354 353/423/353 349/417/349
f 349/417/349 350/419/350 354/424/354
f 352/421/352 354/424/354 350/419/350
f 350/419/350 348/416/348 352/421/352
f 355/425/355 333/397/333 338/404/338
f 338/404/338 356/426/356 355/425/355
f 357/427/357 334/398/334 333/397/333
f 333/397/333 355/425/355 357/427/357
f 358/428/358 336/402/336 334/401/334
f 334/401/334 357/429/357 358/428/358
f 356/426/356 338/404/338 336/402/336
f 336/402/336 358/428/358 356/426/356
s 3
f 359/430/359 360/431/360 361/432/361
f 361/432/361 362/433/362 359/430/359
f 363/434/363 364/435/364 365/436/365
f 365/436/365 366/437/366 363/434/363
f 367/438/367 363/434/363 366/437/366
f 366/437/366 368/439/368 367/438/367
f 369/440/369 367/441/367 368/442/368
f 368/442/368 370/443/370 369/440/369
f 369/440/369 370/443/370 365/436/365
f 365/436/365 364/435/364 369/440/369
f 371/444/371 372/445/372 364/435/364
f 364/435/364 363/434/363 371/444/371
f 373/446/373 371/444/371 363/434/363
f 363/434/363 367/438/367 373/446/373
f 374/447/374 373/448/373 367/441/367
f 367/441/367 369/440/369 374/447/374
f 372/445/372 374/447/374 369/440/369
f 369/440/369 364/435/364 372/445/372
f 375/449/375 376/450/376 372/445/372
f 372/445/372 371/444/371 375/449/375
f 377/451/377 375/449/375 371/444/371
f 371/444/371 373/446/373 377/451/377
f 378/452/378 377/453/377 373/448/373
f 373/448/373 374/447/374 378/452/378
f 376/450/376 378/452/378 374/447/374
f 374/447/374 372/445/372 376/450/376
f 379/454/379 380/455/380 376/450/376
f 376/450/376 375/449/375 379/454/379
f 381/456/381 379/454/379 375/449/375
f 375/449/375 377/451/377 381/456/381
f 382/457/382 381/458/381 377/453/377
f 377/453/377 378/452/378 382/457/382
f 380/455/380 382/457/382 378/452/378
f 378/452/378 376/450/376 380/455/380
f 383/459/383 384/460/384 380/455/380
f 380/455/380 379/454/379 383/459/383
f 385/461/385 383/459/383 379/454/379
f 379/454/379 381/456/381 385/461/385
f 386/462/386 385/463/385 381/458/381
f 381/458/381 382/457/382 386/462/386
f 384/460/384 386/462/386 382/457/382
f 382/457/382 380/455/380 384/460/384
f 387/464/387 388/465/388 384/460/384
f 384/460/384 383/459/383 387/464/387
f 389/466/389 387/464/387 383/459/383
f 383/459/383 385/461/385 389/466/389
f 390/467/390 389/468/389 385/463/385
f 385/463/385 386/462/386 390/467/390
f 388/465/388 390/467/390 386/462/386
f 386/462/386 384/460/384 388/465/388
f 391/469/391 392/470/392 388/465/388
f 388/465/388 387/464/387 391/469/391
f 393/471/393 391/469/391 387/464/387
f 387/464/387 389/466/389 393/471/393
f 394/472/394 393/473/393 389/468/389
f 389/468/389 390/467/390 394/472/394
f 392/470/392 394/472/394 390/467/390
f 390/467/390 388/465/388 392/470/392
f 395/474/395 396/475/396 392/470/392
f 392/470/392 391/469/391 395/474/395
f 397/476/397 395/474/395 391/469/391
f 391/469/391 393/471/393 397/476/397
f 398/477/398 397/478/397 393/473/393
f 393/473/393 394/472/394 398/477/398
f 396/475/396 398/477/398 394/472/394
f 394/472/394 392/470/392 396/475/396
f 399/479/399 400/480/400 396/475/396
f 396/475/396 395/474/395 399/479/399
f 401/481/401 399/479/399 395/474/395
f 395/474/395 397/476/397 401/481/401
f 402/482/402 401/483/401 397/478/397
f 397/478/397 398/477/398 402/482/402
f 400/480/400 402/482/402 398/477/398
f 398/477/398 396/475/396 400/480/400
f 361/484/361 360/485/360 400/480/400
f 400/480/400 399/479/399 361/484/361
f 362/486/362 361/484/361 399/479/399
f 399/479/399 401/481/401 362/486/362
f 359/487/359 362/488/362 401/483/401
f 401/483/401 402/482/402 359/487/359
f 360/485/360 359/487/359 402/482/402
f 402/482/402 400/480/400 360/485/360
s 4
f 403/489/403 404/490/404 405/491/405
f 405/491/405 406/492/406 407/493/407
f 403/489/403 405/491/405 407/493/407
f 403/489/403 407/493/407 408/494/408
f 409/495/409 410/496/410 411/497/411
f 411/497/411 412/498/412 409/495/409
f 413/499/413 409/500/409 412/501/412
f 412/501/412 414/502/414 413/499/413
f 415/503/415 413/499/413 414/502/414
f 414/502/414 416/504/416 415/503/415
f 417/505/417 415/503/415 416/504/416
f 416/504/416 418/506/418 417/505/417
f 419/507/419 417/505/417 418/506/418
f 418/506/418 420/508/420 419/507/419
f 410/496/410 419/507/419 420/508/420
f 420/508/420 411/497/411 410/496/410
f 421/509/421 422/510/422 410/496/410
f 410/496/410 409/495/409 421/509/421
f 423/511/423 421/512/421 409/500/409
f 409/500/409 413/499/413 423/511/423
f 424/513/424 423/511/423 413/499/413
f 413/499/413 415/503/415 424/513/424
f 425/514/425 424/513/424 415/503/415
f 415/503/415 417/505/417 425/514/425
f 426/515/426 425/514/425 417/505/417
f 417/505/417 419/507/419 426/515/426
f 422/510/422 426/515/426 419/507/419
f 419/507/419 410/496/410 422/510/422
f 427/516/427 428/517/428 429/518/429
f 429/518/429 430/519/430 427/516/427
f 431/520/431 427/521/427 430/522/430
f 430/522/430 432/523/432 431/520/431
f 433/524/433 431/520/431 432/523/432
f 432/523/432 434/525/434 433/524/433
f 435/526/435 433/524/433 434/525/434
f 434/525/434 436/527/436 435/526/435
f 437/528/437 435/526/435 436/527/436
f 436/527/436 438/529/438 437/528/437
f 428/517/428 437/528/437 438/529/438
f 438/529/438 429/518/429 428/517/428
f 439/530/439 440/531/440 428/517/428
f 428/517/428 427/516/427 439/530/439
f 441/532/441 439/533/439 427/521/427
f 427/521/427 431/520/431 441/532/441
f 442/534/442 441/532/441 431/520/431
f 431/520/431 433/524/433 442/534/442
f 443/535/443 442/534/442 433/524/433
f 433/524/433 435/526/435 443/535/443
f 444/536/444 443/535/443 435/526/435
f 435/526/435 437/528/437 444/536/444
f 440/531/440 444/536/444 437/528/437
f 437/528/437 428/517/428 440/531/440
f 445/537/445 446/538/446 440/531/440
f 440/531/440 439/530/439 445/537/445
f 447/539/447 445/540/445 439/533/439
f 439/533/439 441/532/441 447/539/447
f 448/541/448 447/539/447 441/532/441
f 441/532/441 442/534/442 448/541/448
f 449/542/449 448/541/448 442/534/442
f 442/534/442 443/535/443 449/542/449
f 450/543/450 449/542/449 443/535/443
f 443/535/443 444/536/444 450/543/450
f 446/538/446 450/543/450 444/536/444
f 444/536/444 440/531/440 446/538/446
f 451/544/451 452/545/452 446/538/446
f 446/538/446 445/537/445 451/544/451
f 453/546/453 451/547/451 445/540/445
f 445/540/445 447/539/447 453/546/453
f 454/548/454 453/546/453 447/539/447
f 447/539/447 448/541/448 454/548/454
f 455/549/455 454/548/454 448/541/448
f 448/541/448 449/542/449 455/549/455
f 456/550/456 455/549/455 449/542/449
f 449/542/449 450/543/450 456/550/456
f 452/545/452 456/550/456 450/543/450
f 450/543/450 446/538/446 452/545/452
f 457/551/457 458/552/458 452/545/452
f 452/545/452 451/544/451 457/551/457
f 459/553/459 457/554/457 451/547/451
f 451/547/451 453/546/453 459/553/459
f 460/555/460 459/553/459 453/546/453
f 453/546/453 454/548/454 460/555/460
f 461/556/461 460/555/460 454/548/454
f 454/548/454 455/549/455 461/556/461
f 462/557/462 461/556/461 455/549/455
f 455/549/455 456/550/456 462/557/462
f 458/552/458 462/557/462 456/550/456
f 456/550/456 452/545/452 458/552/458
f 463/558/463 464/559/464 458/552/458
f 458/552/458 457/551/457 463/558/463
f 465/560/465 463/561/463 457/554/457
f 457/554/457 459/553/459 465/560/465
f 466/562/466 465/560/465 459/553/459
f 459/553/459 460/555/460 466/562/466
f 467/563/467 466/562/466 460/555/460
f 460/555/460 461/556/461 467/563/467
f 468/564/468 467/563/467 461/556/461
f 461/556/461 462/557/462 468/564/468
f 464/559/464 468/564/468 462/557/462
f 462/557/462 458/552/458 464/559/464
f 469/565/469 470/566/470 464/559/464
f 464/559/464 463/558/463 469/565/469
f 471/567/471 469/568/469 463/561/463
f 463/561/463 465/560/465 471/567/471
f 472/569/472 471/567/471 465/560/465
f 465/560/465 466/562/466 472/569/472
f 473/570/473 472/569/472 466/562/466
f 466/562/466 467/563/467 473/570/473
f 474/571/474 473/570/473 467/563/467
f 467/563/467 468/564/468 474/571/474
f 470/566/470 474/571/474 468/564/468
f 468/564/468 464/559/464 470/566/470
f 475/572/475 476/573/476 477/574/477
f 477/574/477 478/575/478 475/572/475
f 479/576/479 475/577/475 478/578/478
f 478/578/478 480/579/480 479/576/479
f 481/580/481 479/576/479 480/579/480
f 480/579/480 482/581/482 481/580/481
f 483/582/483 481/580/481 482/581/482
f 482/581/482 484/583/484 483/582/483
f 485/584/485 483/582/483 484/583/484
f 484/583/484 486/585/486 485/584/485
f 476/573/476 485/584/485 486/585/486
f 486/585/486 477/574/477 476/573/476
f 487/586/487 488/587/488 476/573/476
f 476/573/476 475/572/475 487/586/487
f 489/588/489 487/589/487 475/577/475
f 475/577/475 479/576/479 489/588/489
f 490/590/490 489/588/489 479/576/479
f 479/576/479 481/580/481 490/590/490
f 491/591/491 490/590/490 481/580/481
f 481/580/481 483/582/483 491/591/491
f 492/592/492 491/591/491 483/582/483
f 483/582/483 485/584/485 492/592/492
f 488/587/488 492/592/492 485/584/485
f 485/584/485 476/573/476 488/587/488
f 493/593/493 494/594/494 488/587/488
f 488/587/488 487/586/487 493/593/493
f 495/595/495 493/596/493 487/589/487
f 487/589/487 489/588/489 495/595/495
f 496/597/496 495/595/495 489/588/489
f 489/588/489 490/590/490 496/597/496
f 497/598/497 496/597/496 490/590/490
f 490/590/490 491/591/491 497/598/497
f 498/599/498 497/598/497 491/591/491
f 491/591/491 492/592/492 498/599/498
f 494/594/494 498/599/498 492/592/492
f 492/592/492 488/587/488 494/594/494
f 499/600/499 500/601/500 494/594/494
f 494/594/494 493/593/493 499/600/499
f 501/602/501 499/603/499 493/596/493
f 493/596/493 495/595/495 501/602/501
f 502/604/502 501/602/501 495/595/495
f 495/595/495 496/597/496 502/604/502
f 503/605/503 502/604/502 496/597/496
f 496/597/496 497/598/497 503/605/503
f 504/606/504 503/605/503 497/598/497
f 497/598/497 498/599/498 504/606/504
f 500/601/500 504/606/504 498/599/498
f 498/599/498 494/594/494 500/601/500
f 505/607/505 506/608/506 500/601/500
f 500/601/500 499/600/499 505/607/505
f 507/609/507 505/610/505 499/603/499
f 499/603/499 501/602/501 507/609/507
f 508/611/508 507/609/507 501/602/501
f 501/602/501 502/604/502 508/611/508
f 509/612/509 508/611/508 502/604/502
f 502/604/502 503/605/503 509/612/509
f 510/613/510 509/612/509 503/605/503
f 503/605/503 504/606/504 510/613/510
f 506/608/506 510/613/510 504/606/504
f 504/606/504 500/601/500 506/608/506
f 511/614/511 512/615/512 513/616/513
f 513/616/513 514/617/514 511/614/511
f 515/618/515 511/619/511 514/620/514
f 514/620/514 516/621/516 515/618/515
f 517/622/517 515/618/515 516/621/516
f 516/621/516 518/623/518 517/622/517
f 519/624/519 517/622/517 518/623/518
f 518/623/518 520/625/520 519/624/519
f 521/626/521 519/624/519 520/625/520
f 520/625/520 522/627/522 521/626/521
f 512/615/512 521/626/521 522/627/522
f 522/627/522 513/616/513 512/615/512
f 523/628/523 524/629/524 512/615/512
f 512/615/512 511/614/511 523/628/523
f 525/630/525 523/631/523 511/619/511
f 511/619/511 515/618/515 525/630/525
f 526/632/526 525/630/525 515/618/515
f 515/618/515 517/622/517 526/632/526
f 527/633/527 526/632/526 517/622/517
f 517/622/517 519/624/519 527/633/527
f 528/634/528 527/633/527 519/624/519
f 519/624/519 521/626/521 528/634/528
f 524/629/524 528/634/528 521/626/521
f 521/626/521 512/615/512 524/629/524
f 529/635/529 530/636/530 524/629/524
f 524/629/524 523/628/523 529/635/529
f 531/637/531 529/638/529 523/631/523
f 523/631/523 525/630/525 531/637/531
f 532/639/532 531/637/531 525/630/525
f 525/630/525 526/632/526 532/639/532
f 533/640/533 532/639/532 526/632/526
f 526/632/526 527/633/527 533/640/533
f 534/641/534 533/640/533 527/633/527
f 527/633/527 528/634/528 534/641/534
f 530/636/530 534/641/534 528/634/528
f 528/634/528 524/629/524 530/636/530
f 535/642/535 536/643/536 530/636/530
f 530/636/530 529/635/529 535/642/535
f 537/644/537 535/645/535 529/638/529
f 529/638/529 531/637/531 537/644/537
f 538/646/538 537/644/537 531/637/531
f 531/637/531 532/639/532 538/646/538
f 539/647/539 538/646/538 532/639/532
f 532/639/532 533/640/533 539/647/539
f 540/648/540 539/647/539 533/640/533
f 533/640/533 534/641/534 540/648/540
f 536/643/536 540/648/540 534/641/534
f 534/641/534 530/636/530 536/643/536
f 541/649/541 542/650/542 536/643/536
f 536/643/536 535/642/535 541/649/541
f 543/651/543 541/652/541 535/645/535
f 535/645/535 537/644/537 543/651/543
f 544/653/544 543/651/543 537/644/537
f 537/644/537 538/646/538 544/653/544
f 545/654/545 544/653/544 538/646/538
f 538/646/538 539/647/539 545/654/545
f 546/655/546 545/654/545 539/647/539
f 539/647/539 540/648/540 546/655/546
f 542/650/542 546/655/546 540/648/540
f 540/648/540 536/643/536 542/650/542
f 547/656/547 548/657/548 549/658/549
f 549/658/549 550/659/550 547/656/547
f 551/660/551 547/661/547 550/662/550
f 550/662/550 552/663/552 551/660/551
f 553/664/553 551/660/551 552/663/552
f 552/663/552 554/665/554 553/664/553
f 555/666/555 553/664/553 554/665/554
f 554/665/554 556/667/556 555/666/555
f 557/668/557 555/666/555 556/667/556
f 556/667/556 558/669/558 557/668/557
f 548/657/548 557/668/557 558/669/558
f 558/669/558 549/658/549 548/657/548
f 408/670/408 407/671/407 548/657/548
f 548/657/548 547/656/547 408/670/408
f 403/672/403 408/673/408 547/661/547
f 547/661/547 551/660/551 403/672/403
f 404/674/404 403/672/403 551/660/551
f 551/660/551 553/664/553 404/674/404
f 405/675/405 404/674/404 553/664/553
f 553/664/553 555/666/555 405/675/405
f 406/676/406 405/675/405 555/666/555
f 555/666/555 557/668/557 406/676/406
f 407/671/407 406/676/406 557/668/557
f 557/668/557 548/657/548 407/671/407
f 421/509/421 430/519/430 429/518/429
f 429/518/429 422/510/422 421/509/421
f 423/511/423 432/523/432 430/522/430
f 430/522/430 421/512/421 423/511/423
f 424/513/424 434/525/434 432/523/432
f 432/523/432 423/511/423 424/513/424
f 425/514/425 436/527/436 434/525/434
f 434/525/434 424/513/424 425/514/425
f 426/515/426 438/529/438 436/527/436
f 436/527/436 425/514/425 426/515/426
f 422/510/422 429/518/429 438/529/438
f 438/529/438 426/515/426 422/510/422
f 541/649/541 550/659/550 549/658/549
f 549/658/549 542/650/542 541/649/541
f 543/651/543 552/663/552 550/662/550
f 550/662/550 541/652/541 543/651/543
f 544/653/544 554/665/554 552/663/552
f 552/663/552 543/651/543 544/653/544
f 545/654/545 556/667/556 554/665/554
f 554/665/554 544/653/544 545/654/545
f 546/655/546 558/669/558 556/667/556
f 556/667/556 545/654/545 546/655/546
f 542/650/542 549/658/549 558/669/558
f 558/669/558 546/655/546 542/650/542
f 513/616/513 506/608/506 505/607/505
f 505/607/505 514/617/514 513/616/513
f 514/620/514 505/610/505 507/609/507
f 507/609/507 516/621/516 514/620/514
f 516/621/516 507/609/507 508/611/508
f 508/611/508 518/623/518 516/621/516
f 518/623/518 508/611/508 509/612/509
f 509/612/509 520/625/520 518/623/518
f 520/625/520 509/612/509 510/613/510
f 510/613/510 522/627/522 520/625/520
f 522/627/522 510/613/510 506/608/506
f 506/608/506 513/616/513 522/627/522
f 477/574/477 559/677/559 560/678/560
f 560/678/560 478/575/478 477/574/477
f 478/578/478 560/679/560 561/680/561
f 561/680/561 480/579/480 478/578/478
f 480/579/480 561/680/561 562/681/562
f 562/681/562 482/581/482 480/579/480
f 482/581/482 562/681/562 563/682/563
f 563/682/563 484/583/484 482/581/482
f 484/583/484 563/682/563 564/683/564
f 564/683/564 486/585/486 484/583/484
f 486/585/486 564/683/564 559/677/559
f 559/677/559 477/574/477 486/585/486
f 559/677/559 470/566/470 469/565/469
f 469/565/469 560/678/560 559/677/559
f 560/679/560 469/568/469 471/567/471
f 471/567/471 561/680/561 560/679/560
f 561/680/561 471/567/471 472/569/472
f 472/569/472 562/681/562 561/680/561
f 562/681/562 472/569/472 473/570/473
f 473/570/473 563/682/563 562/681/562
f 563/682/563 473/570/473 474/571/474
f 474/571/474 564/683/564 563/682/563
f 564/683/564 474/571/474 470/566/470
f 470/566/470 559/677/559 564/683/564
s 5
f 565/684/565 566/685/566 567/686/567
f 567/686/567 568/687/568 565/684/565
f 569/688/569 570/689/570 571/690/571
f 571/690/571 572/691/572 569/688/569
f 573/692/573 569/693/569 572/694/572
f 572/694/572 574/695/574 573/692/573
f 575/696/575 573/692/573 574/695/574
f 574/695/574 576/697/576 575/696/575
f 575/696/575 576/697/576 571/690/571
f 571/690/571 570/689/570 575/696/575
f 577/698/577 578/699/578 579/700/579
f 579/700/579 580/701/580 577/698/577
f 581/702/581 577/703/577 580/704/580
f 580/704/580 582/705/582 581/702/581
f 583/706/583 581/702/581 582/705/582
f 582/705/582 584/707/584 583/706/583
f 578/699/578 583/706/583 584/707/584
f 584/707/584 579/700/579 578/699/578
f 585/708/585 586/709/586 578/699/578
f 578/699/578 577/698/577 585/708/585
f 587/710/587 585/711/585 577/703/577
f 577/703/577 581/702/581 587/710/587
f 588/712/588 587/710/587 581/702/581
f 581/702/581 583/706/583 588/712/588
f 586/709/586 588/712/588 583/706/583
f 583/706/583 578/699/578 586/709/586
f 589/713/589 590/714/590 586/709/586
f 586/709/586 585/708/585 589/713/589
f 591/715/591 589/716/589 585/711/585
f 585/711/585 587/710/587 591/715/591
f 592/717/592 591/715/591 587/710/587
f 587/710/587 588/712/588 592/717/592
f 590/714/590 592/717/592 588/712/588
f 588/712/588 586/709/586 590/714/590
f 593/718/593 594/719/594 595/720/595
f 595/720/595 596/721/596 593/718/593
f 597/722/597 593/723/593 596/724/596
f 596/724/596 598/725/598 597/722/597
f 599/726/599 597/722/597 598/725/598
f 598/725/598 600/727/600 599/726/599
f 594/719/594 599/726/599 600/727/600
f 600/727/600 595/720/595 594/719/594
f 601/728/601 602/729/602 594/719/594
f 594/719/594 593/718/593 601/728/601
f 603/730/603 601/731/601 593/723/593
f 593/723/593 597/722/597 603/730/603
f 604/732/604 603/730/603 597/722/597
f 597/722/597 599/726/599 604/732/604
f 602/729/602 604/732/604 599/726/599
f 599/726/599 594/719/594 602/729/602
f 605/733/605 606/734/606 602/729/602
f 602/729/602 601/728/601 605/733/605
f 607/735/607 605/736/605 601/731/601
f 601/731/601 603/730/603 607/735/607
f 608/737/608 607/735/607 603/730/603
f 603/730/603 604/732/604 608/737/608
f 606/734/606 608/737/608 604/732/604
f 604/732/604 602/729/602 606/734/606
f 609/738/609 606/734/606 605/733/605
f 605/733/605 610/739/610 609/738/609
f 610/740/610 605/736/605 607/735/607
f 607/735/607 611/741/611 610/740/610
f 611/741/611 607/735/607 608/737/608
f 608/737/608 612/742/612 611/741/611
f 612/742/612 608/737/608 606/734/606
f 606/734/606 609/738/609 612/742/612
f 613/743/613 614/744/614 609/738/609
f 609/738/609 610/739/610 613/743/613
f 615/745/615 613/746/613 610/740/610
f 610/740/610 611/741/611 615/745/615
f 616/747/616 615/745/615 611/741/611
f 611/741/611 612/742/612 616/747/616
f 614/744/614 616/747/616 612/742/612
f 612/742/612 609/738/609 614/744/614
f 617/748/617 618/749/618 614/744/614
f 614/744/614 613/743/613 617/748/617
f 619/750/619 617/751/617 613/746/613
f 613/746/613 615/745/615 619/750/619
f 620/752/620 619/750/619 615/745/615
f 615/745/615 616/747/616 620/752/620
f 618/749/618 620/752/620 616/747/616
f 616/747/616 614/744/614 618/749/618
f 621/753/621 622/754/622 618/749/618
f 618/749/618 617/748/617 621/753/621
f 623/755/623 621/756/621 617/751/617
f 617/751/617 619/750/619 623/755/623
f 624/757/624 623/755/623 619/750/619
f 619/750/619 620/752/620 624/757/624
f 622/754/622 624/757/624 620/752/620
f 620/752/620 618/749/618 622/754/622
f 565/758/565 568/759/568 622/754/622
f 622/754/622 621/753/621 565/758/565
f 566/760/566 565/761/565 621/756/621
f 621/756/621 623/755/623 566/760/566
f 567/762/567 566/760/566 623/755/623
f 623/755/623 624/757/624 567/762/567
f 568/759/568 567/762/567 624/757/624
f 624/757/624 622/754/622 568/759/568
f 579/700/579 584/707/584 575/696/575
f 575/696/575 570/689/570 579/700/579
f 580/701/580 579/700/579 570/689/570
f 570/689/570 569/688/569 580/701/580
f 582/705/582 580/704/580 569/693/569
f 569/693/569 573/692/573 582/705/582
f 584/707/584 582/705/582 573/692/573
f 573/692/573 575/696/575 584/707/584
f 595/720/595 600/727/600 592/717/592
f 592/717/592 590/714/590 595/720/595
f 596/721/596 595/720/595 590/714/590
f 590/714/590 589/713/589 596/721/596
f 598/725/598 596/724/596 589/716/589
f 589/716/589 591/715/591 598/725/598
f 600/727/600 598/725/598 591/715/591
f 591/715/591 592/717/592 600/727/600
s 6
f 625/763/625 626/764/626 627/765/627
f 627/765/627 628/766/628 625/763/625
f 629/767/629 625/763/625 628/766/628
f 628/766/628 630/768/630 629/767/629
f 631/769/631 629/770/629 630/771/630
f 630/771/630 632/772/632 631/769/631
f 626/764/626 631/769/631 632/772/632
f 632/772/632 627/765/627 626/764/626
f 633/773/633 634/774/634 626/764/626
f 626/764/626 625/763/625 633/773/633
f 635/775/635 633/773/633 625/763/625
f 625/763/625 629/767/629 635/775/635
f 636/776/636 635/777/635 629/770/629
f 629/770/629 631/769/631 636/776/636
f 634/774/634 636/776/636 631/769/631
f 631/769/631 626/764/626 634/774/634
f 637/778/637 638/779/638 634/774/634
f 634/774/634 633/773/633 637/778/637
f 639/780/639 637/778/637 633/773/633
f 633/773/633 635/775/635 639/780/639
f 640/781/640 639/782/639 635/777/635
f 635/777/635 636/776/636 640/781/640
f 638/779/638 640/781/640 636/776/636
f 636/776/636 634/774/634 638/779/638
f 641/783/641 627/765/627 632/772/632
f 632/772/632 642/784/642 641/783/641
f 643/785/643 628/766/628 627/765/627
f 627/765/627 641/783/641 643/785/643
f 644/786/644 630/768/630 628/766/628
f 628/766/628 643/785/643 644/786/644
f 642/784/642 632/772/632 630/771/630
f 630/771/630 644/787/644 642/784/642
s 7
f 645/788/645 646/789/646 647/790/647
f 647/790/647 648/791/648 645/788/645
f 649/792/649 645/788/645 648/791/648
f 648/791/648 650/793/650 649/792/649
f 651/794/651 652/795/652 646/789/646
f 646/789/646 645/788/645 651/794/651
f 653/796/653 651/794/651 645/788/645
f 645/788/645 649/792/649 653/796/653
f 651/794/651 654/797/654 655/798/655
f 655/798/655 652/795/652 651/794/651
f 653/796/653 656/799/656 654/797/654
f 654/797/654 651/794/651 653/796/653
s 8
f 657/800/657 658/801/658 659/802/659
f 659/802/659 660/803/660 657/800/657
f 661/804/661 657/800/657 660/803/660
f 660/803/660 662/805/662 661/804/661
f 663/806/663 664/807/664 658/801/658
f 658/801/658 657/800/657 663/806/663
f 665/808/665 663/806/663 657/800/657
f 657/800/657 661/804/661 665/808/665
f 663/806/663 666/809/666 667/810/667
f 667/810/667 664/807/664 663/806/663
f 665/808/665 668/811/668 666/809/666
f 666/809/666 663/806/663 665/808/665
s 1
f 173/183/173 174/182/174 669/812/669
f 174/182/174 180/189/180 669/813/669
f 180/189/180 179/188/179 669/814/669
f 179/188/179 178/187/178 669/815/669
f 178/187/178 177/186/177 669/816/669
f 177/186/177 176/185/176 669/817/669
f 176/185/176 175/184/175 669/818/669
f 175/184/175 173/181/173 669/819/669
f 199/226/199 204/224/204 162/820/162
f 162/820/162 161/821/161 199/226/199
f 200/220/200 199/219/199 161/822/161
f 161/822/161 166/823/166 200/220/200
f 202/222/202 200/220/200 166/823/166
f 166/823/166 169/824/169 202/222/202
f 204/224/204 202/222/202 169/824/169
f 169/824/169 162/820/162 204/224/204
s 9
f 670/825/670 671/826/671 672/827/672
f 672/827/672 673/828/673 670/825/670
f 674/829/674 670/825/670 673/828/673
f 673/828/673 675/830/675 674/829/674
f 676/831/676 677/832/677 671/826/671
f 671/826/671 670/825/670 676/831/676
f 678/833/678 676/831/676 670/825/670
f 670/825/670 674/829/674 678/833/678
f 676/831/676 679/834/679 680/835/680
f 680/835/680 677/832/677 676/831/676
f 678/833/678 681/836/681 679/834/679
f 679/834/679 676/831/676 678/833/678
s 10
f 682/837/682 683/838/683 684/839/684
f 684/839/684 685/840/685 682/837/682
f 686/841/686 682/837/682 685/840/685
f 685/840/685 687/842/687 686/841/686
f 688/843/688 689/844/689 683/838/683
f 683/838/683 682/837/682 688/843/688
f 690/845/690 688/843/688 682/837/682
f 682/837/682 686/841/686 690/845/690
f 688/843/688 691/846/691 692/847/692
f 692/847/692 689/844/689 688/843/688
f 690/845/690 693/848/693 691/846/691
f 691/846/691 688/843/688 690/845/690
s 11
f 694/849/694 695/850/695 696/851/696
f 696/851/696 697/852/697 694/849/694
f 698/853/698 694/849/694 697/852/697
f 697/852/697 699/854/699 698/853/698
f 700/855/700 701/856/701 695/850/695
f 695/850/695 694/849/694 700/855/700
f 702/857/702 700/855/700 694/849/694
f 694/849/694 698/853/698 702/857/702
f 700/855/700 703/858/703 704/859/704
f 704/859/704 701/856/701 700/855/700
f 702/857/702 705/860/705 703/858/703
f 703/858/703 700/855/700 702/857/702
s 2
f 354/861/354 352/862/352 351/863/351
f 351/863/351 353/864/353 354/861/354
s 12
f 706/865/706 707/866/707 708/867/708
f 708/867/708 709/868/709 706/865/706
f 710/869/710 711/870/711 712/871/712
f 712/871/712 713/872/713 710/869/710
f 714/873/714 715/874/715 716/875/716
f 716/875/716 717/876/717 714/873/714
f 718/877/718 719/878/719 720/879/720
f 720/879/720 721/880/721 718/877/718
f 722/881/722 723/882/723 724/883/724
f 724/883/724 725/884/725 722/881/722
f 726/885/726 727/886/727 728/887/728
f 728/887/728 729/888/729 726/885/726
f 730/889/730 731/890/731 732/891/732
f 732/891/732 733/892/733 730/889/730
f 734/893/734 735/894/735 736/895/736
f 736/895/736 737/896/737 734/893/734
f 707/866/707 738/897/738 739/898/739
f 739/898/739 708/867/708 707/866/707
f 711/870/711 740/899/740 741/900/741
f 741/900/741 712/871/712 711/870/711
f 715/874/715 742/901/742 743/902/743
f 743/902/743 716/875/716 715/874/715
f 719/878/719 744/903/744 745/904/745
f 745/904/745 720/879/720 719/878/719
f 723/882/723 746/905/746 747/906/747
f 747/906/747 724/883/724 723/882/723
f 727/886/727 748/907/748 749/908/749
f 749/908/749 728/887/728 727/886/727
f 731/890/731 750/909/750 751/910/751
f 751/910/751 732/891/732 731/890/731
f 735/894/735 752/911/752 753/912/753
f 753/912/753 736/895/736 735/894/735
f 738/897/738 754/913/754 755/914/755
f 755/914/755 739/898/739 738/897/738
f 740/899/740 756/915/756 757/916/757
f 757/916/757 741/900/741 740/899/740
f 742/901/742 758/917/758 759/918/759
f 759/918/759 743/902/743 742/901/742
f 744/903/744 760/919/760 761/920/761
f 761/920/761 745/904/745 744/903/744
f 746/905/746 762/921/762 763/922/763
f 763/922/763 747/906/747 746/905/746
f 748/907/748 764/923/764 765/924/765
f 765/924/765 749/908/749 748/907/748
f 750/909/750 766/925/766 767/926/767
f 767/926/767 751/910/751 750/909/750
f 752/911/752 768/927/768 769/928/769
f 769/928/769 753/912/753 752/911/752
f 754/913/754 770/929/770 771/930/771
f 771/930/771 755/914/755 754/913/754
f 756/915/756 772/931/772 773/932/773
f 773/932/773 757/916/757 756/915/756
f 758/917/758 774/933/774 775/934/775
f 775/934/775 759/918/759 758/917/758
f 760/919/760 776/935/776 777/936/777
f 777/936/777 761/920/761 760/919/760
f 762/921/762 778/937/778 779/938/779
f 779/938/779 763/922/763 762/921/762
f 764/923/764 780/939/780 781/940/781
f 781/940/781 765/924/765 764/923/764
f 766/925/766 782/941/782 783/942/783
f 783/942/783 767/926/767 766/925/766
f 768/927/768 784/943/784 785/944/785
f 785/944/785 769/928/769 768/927/768
f 770/929/770 786/945/786 787/946/787
f 787/946/787 771/930/771 770/929/770
f 772/931/772 788/947/788 789/948/789
f 789/948/789 773/932/773 772/931/772
f 774/933/774 790/949/790 791/950/791
f 791/950/791 775/934/775 774/933/774
f 776/935/776 792/951/792 793/952/793
f 793/952/793 777/936/777 776/935/776
f 778/937/778 794/953/794 795/954/795
f 795/954/795 779/938/779 778/937/778
f 780/939/780 796/955/796 797/956/797
f 797/956/797 781/940/781 780/939/780
f 782/941/782 798/957/798 799/958/799
f 799/958/799 783/942/783 782/941/782
f 784/943/784 800/959/800 801/960/801
f 801/960/801 785/944/785 784/943/784
f 786/945/786 802/961/802 803/962/803
f 803/962/803 787/946/787 786/945/786
f 788/947/788 804/963/804 805/964/805
f 805/964/805 789/948/789 788/947/788
f 790/949/790 806/965/806 807/966/807
f 807/966/807 791/950/791 790/949/790
f 792/951/792 808/967/808 809/968/809
f 809/968/809 793/952/793 792/951/792
f 794/953/794 810/969/810 811/970/811
f 811/970/811 795/954/795 794/953/794
f 796/955/796 812/971/812 813/972/813
f 813/972/813 797/956/797 796/955/796
f 798/957/798 814/973/814 815/974/815
f 815/974/815 799/958/799 798/957/798
f 800/959/800 816/975/816 817/976/817
f 817/976/817 801/960/801 800/959/800
f 738/897/738 707/866/707 818/977/818
f 818/977/818 819/978/819 738/897/738
f 754/913/754 738/897/738 819/978/819
f 819/978/819 820/979/820 754/913/754
f 770/929/770 754/913/754 820/979/820
f 820/979/820 821/980/821 770/929/770
f 786/945/786 770/929/770 821/980/821
f 821/980/821 822/981/822 786/945/786
f 802/961/802 786/945/786 822/981/822
f 822/981/822 823/982/823 802/961/802
f 787/983/787 803/984/803 824/985/824
f 824/985/824 825/986/825 787/983/787
f 771/987/771 787/983/787 825/986/825
f 825/986/825 826/988/826 771/987/771
f 755/989/755 771/987/771 826/988/826
f 826/988/826 827/990/827 755/989/755
f 739/991/739 755/989/755 827/990/827
f 827/990/827 828/992/828 739/991/739
f 708/993/708 739/991/739 828/992/828
f 828/992/828 829/994/829 708/993/708
f 740/899/740 711/870/711 829/994/829
f 829/994/829 828/992/828 740/899/740
f 756/915/756 740/899/740 828/992/828
f 828/992/828 827/990/827 756/915/756
f 772/931/772 756/915/756 827/990/827
f 827/990/827 826/988/826 772/931/772
f 788/947/788 772/931/772 826/988/826
f 826/988/826 825/986/825 788/947/788
f 804/963/804 788/947/788 825/986/825
f 825/986/825 824/985/824 804/963/804
f 789/948/789 805/964/805 830/995/830
f 830/995/830 831/996/831 789/948/789
f 773/932/773 789/948/789 831/996/831
f 831/996/831 832/997/832 773/932/773
f 757/916/757 773/932/773 832/997/832
f 832/997/832 833/998/833 757/916/757
f 741/900/741 757/916/757 833/998/833
f 833/998/833 834/999/834 741/900/741
f 712/871/712 741/900/741 834/999/834
f 834/999/834 835/1000/835 712/871/712
f 742/901/742 715/874/715 835/1000/835
f 835/1000/835 834/999/834 742/901/742
f 758/917/758 742/901/742 834/999/834
f 834/999/834 833/998/833 758/917/758
f 774/933/774 758/917/758 833/998/833
f 833/998/833 832/997/832 774/933/774
f 790/949/790 774/933/774 832/997/832
f 832/997/832 831/996/831 790/949/790
f 806/965/806 790/949/790 831/996/831
f 831/996/831 830/995/830 806/965/806
f 791/950/791 807/966/807 836/1001/836
f 836/1001/836 837/1002/837 791/950/791
f 775/934/775 791/950/791 837/1002/837
f 837/1002/837 838/1003/838 775/934/775
f 759/918/759 775/934/775 838/1003/838
f 838/1003/838 839/1004/839 759/918/759
f 743/902/743 759/918/759 839/1004/839
f 839/1004/839 840/1005/840 743/902/743
f 716/875/716 743/902/743 840/1005/840
f 840/1005/840 841/1006/841 716/875/716
f 744/903/744 719/878/719 841/1006/841
f 841/1006/841 840/1005/840 744/903/744
f 760/919/760 744/903/744 840/1005/840
f 840/1005/840 839/1004/839 760/919/760
f 776/935/776 760/919/760 839/1004/839
f 839/1004/839 838/1003/838 776/935/776
f 792/951/792 776/935/776 838/1003/838
f 838/1003/838 837/1002/837 792/951/792
f 808/967/808 792/951/792 837/1002/837
f 837/1002/837 836/1001/836 808/967/808
f 793/952/793 809/968/809 842/1007/842
f 842/1007/842 843/1008/843 793/952/793
f 777/936/777 793/952/793 843/1008/843
f 843/1008/843 844/1009/844 777/936/777
f 761/920/761 777/936/777 844/1009/844
f 844/1009/844 845/1010/845 761/920/761
f 745/904/745 761/920/761 845/1010/845
f 845/1010/845 846/1011/846 745/904/745
f 720/879/720 745/904/745 846/1011/846
f 846/1011/846 847/1012/847 720/879/720
f 746/905/746 723/882/723 847/1012/847
f 847/1012/847 846/1011/846 746/905/746
f 762/921/762 746/905/746 846/1011/846
f 846/1011/846 845/1010/845 762/921/762
f 778/937/778 762/921/762 845/1010/845
f 845/1010/845 844/1009/844 778/937/778
f 794/953/794 778/937/778 844/1009/844
f 844/1009/844 843/1008/843 794/953/794
f 810/969/810 794/953/794 843/1008/843
f 843/1008/843 842/1007/842 810/969/810
f 795/954/795 811/970/811 848/1013/848
f 848/1013/848 849/1014/849 795/954/795
f 779/938/779 795/954/795 849/1014/849
f 849/1014/849 850/1015/850 779/938/779
f 763/922/763 779/938/779 850/1015/850
f 850/1015/850 851/1016/851 763/922/763
f 747/906/747 763/922/763 851/1016/851
f 851/1016/851 852/1017/852 747/906/747
f 724/883/724 747/906/747 852/1017/852
f 852/1017/852 853/1018/853 724/883/724
f 748/907/748 727/886/727 853/1018/853
f 853/1018/853 852/1017/852 748/907/748
f 764/923/764 748/907/748 852/1017/852
f 852/1017/852 851/1016/851 764/923/764
f 780/939/780 764/923/764 851/1016/851
f 851/1016/851 850/1015/850 780/939/780
f 796/955/796 780/939/780 850/1015/850
f 850/1015/850 849/1014/849 796/955/796
f 812/971/812 796/955/796 849/1014/849
f 849/1014/849 848/1013/848 812/971/812
f 797/956/797 813/972/813 854/1019/854
f 854/1019/854 855/1020/855 797/956/797
f 781/940/781 797/956/797 855/1020/855
f 855/1020/855 856/1021/856 781/940/781
f 765/924/765 781/940/781 856/1021/856
f 856/1021/856 857/1022/857 765/924/765
f 749/908/749 765/924/765 857/1022/857
f 857/1022/857 858/1023/858 749/908/749
f 728/887/728 749/908/749 858/1023/858
f 858/1023/858 859/1024/859 728/887/728
f 750/909/750 731/890/731 859/1024/859
f 859/1024/859 858/1023/858 750/909/750
f 766/925/766 750/909/750 858/1023/858
f 858/1023/858 857/1022/857 766/925/766
f 782/941/782 766/925/766 857/1022/857
f 857/1022/857 856/1021/856 782/941/782
f 798/957/798 782/941/782 856/1021/856
f 856/1021/856 855/1020/855 798/957/798
f 814/973/814 798/957/798 855/1020/855
f 855/1020/855 854/1019/854 814/973/814
f 799/958/799 815/974/815 860/1025/860
f 860/1025/860 861/1026/861 799/958/799
f 783/942/783 799/958/799 861/1026/861
f 861/1026/861 862/1027/862 783/942/783
f 767/926/767 783/942/783 862/1027/862
f 862/1027/862 863/1028/863 767/926/767
f 751/910/751 767/926/767 863/1028/863
f 863/1028/863 864/1029/864 751/910/751
f 732/891/732 751/910/751 864/1029/864
f 864/1029/864 865/1030/865 732/891/732
f 752/911/752 735/894/735 865/1030/865
f 865/1030/865 864/1029/864 752/911/752
f 768/927/768 752/911/752 864/1029/864
f 864/1029/864 863/1028/863 768/927/768
f 784/943/784 768/927/768 863/1028/863
f 863/1028/863 862/1027/862 784/943/784
f 800/959/800 784/943/784 862/1027/862
f 862/1027/862 861/1026/861 800/959/800
f 816/975/816 800/959/800 861/1026/861
f 861/1026/861 860/1025/860 816/975/816
f 801/960/801 817/976/817 823/982/823
f 823/982/823 822/981/822 801/960/801
f 785/944/785 801/960/801 822/981/822
f 822/981/822 821/980/821 785/944/785
f 769/928/769 785/944/785 821/980/821
f 821/980/821 820/979/820 769/928/769
f 753/912/753 769/928/769 820/979/820
f 820/979/820 819/978/819 753/912/753
f 736/895/736 753/912/753 819/978/819
f 819/978/819 818/977/818 736/895/736
f 866/1031/866 867/1032/867 868/1033/868
f 868/1033/868 869/1034/869 866/1031/866
f 869/1034/869 870/1035/870 866/1031/866
f 871/1036/871 866/1031/866 870/1035/870
f 870/1035/870 872/1037/872 871/1036/871
f 872/1037/872 873/1038/873 871/1036/871
f 874/1039/874 871/1036/871 873/1038/873
f 873/1038/873 875/1040/875 874/1039/874
f 875/1041/875 876/1042/876 874/1043/874
f 867/1032/867 874/1043/874 876/1042/876
f 876/1042/876 877/1044/877 867/1032/867
f 877/1044/877 868/1033/868 867/1032/867
f 824/985/824 803/984/803 878/1045/878
f 879/1046/879 878/1047/878 803/962/803
f 803/962/803 802/961/802 879/1046/879
f 802/961/802 823/982/823 879/1046/879
f 830/995/830 805/964/805 880/1048/880
f 878/1045/878 880/1048/880 805/964/805
f 805/964/805 804/963/804 878/1045/878
f 804/963/804 824/985/824 878/1045/878
f 836/1001/836 807/966/807 881/1049/881
f 880/1048/880 881/1049/881 807/966/807
f 807/966/807 806/965/806 880/1048/880
f 806/965/806 830/995/830 880/1048/880
f 842/1007/842 809/968/809 882/1050/882
f 881/1049/881 882/1050/882 809/968/809
f 809/968/809 808/967/808 881/1049/881
f 808/967/808 836/1001/836 881/1049/881
f 848/1013/848 811/970/811 883/1051/883
f 882/1050/882 883/1051/883 811/970/811
f 811/970/811 810/969/810 882/1050/882
f 810/969/810 842/1007/842 882/1050/882
f 854/1019/854 813/972/813 884/1052/884
f 883/1051/883 884/1052/884 813/972/813
f 813/972/813 812/971/812 883/1051/883
f 812/971/812 848/1013/848 883/1051/883
f 860/1025/860 815/974/815 885/1053/885
f 884/1052/884 885/1053/885 815/974/815
f 815/974/815 814/973/814 884/1052/884
f 814/973/814 854/1019/854 884/1052/884
f 823/982/823 817/976/817 879/1046/879
f 885/1053/885 879/1046/879 817/976/817
f 817/976/817 816/975/816 885/1053/885
f 816/975/816 860/1025/860 885/1053/885
f 721/880/721 886/1054/886 887/1055/887
f 717/876/717 888/1056/888 889/1057/889
f 713/872/713 890/1058/890 891/1059/891
f 709/1060/709 892/1061/892 893/1062/893
f 737/896/737 894/1063/894 895/1064/895
f 733/892/733 896/1065/896 897/1066/897
f 729/888/729 898/1067/898 899/1068/899
f 725/884/725 900/1069/900 901/1070/901
f 886/1054/886 722/881/722 887/1055/887
f 900/1069/900 726/885/726 901/1070/901
f 898/1067/898 730/889/730 899/1068/899
f 896/1065/896 734/893/734 897/1066/897
f 894/1063/894 706/865/706 895/1064/895
f 892/1061/892 710/869/710 893/1062/893
f 890/1058/890 714/873/714 891/1059/891
f 888/1056/888 718/877/718 889/1057/889
f 887/1055/887 901/1070/901 875/1071/875
f 875/1071/875 873/1072/873 887/1055/887
f 889/1057/889 887/1055/887 873/1072/873
f 873/1072/873 872/1073/872 889/1057/889
f 891/1059/891 889/1057/889 872/1073/872
f 872/1073/872 870/1074/870 891/1059/891
f 893/1062/893 891/1059/891 870/1074/870
f 870/1074/870 869/1075/869 893/1062/893
f 895/1064/895 893/1076/893 869/1077/869
f 869/1077/869 868/1078/868 895/1064/895
f 897/1066/897 895/1064/895 868/1078/868
f 868/1078/868 877/1079/877 897/1066/897
f 899/1068/899 897/1066/897 877/1079/877
f 877/1079/877 876/1080/876 899/1068/899
f 901/1070/901 899/1068/899 876/1080/876
f 876/1080/876 875/1071/875 901/1070/901
f 706/865/706 709/868/709 893/1076/893
f 893/1076/893 895/1064/895 706/865/706
f 710/869/710 713/872/713 891/1059/891
f 891/1059/891 893/1062/893 710/869/710
f 714/873/714 717/876/717 889/1057/889
f 889/1057/889 891/1059/891 714/873/714
f 718/877/718 721/880/721 887/1055/887
f 887/1055/887 889/1057/889 718/877/718
f 722/881/722 725/884/725 901/1070/901
f 901/1070/901 887/1055/887 722/881/722
f 726/885/726 729/888/729 899/1068/899
f 899/1068/899 901/1070/901 726/885/726
f 730/889/730 733/892/733 897/1066/897
f 897/1066/897 899/1068/899 730/889/730
f 734/893/734 737/896/737 895/1064/895
f 895/1064/895 897/1066/897 734/893/734
f 847/1012/847 886/1054/886 721/880/721
f 721/880/721 720/879/720 847/1012/847
f 841/1006/841 888/1056/888 717/876/717
f 717/876/717 716/875/716 841/1006/841
f 835/1000/835 890/1058/890 713/872/713
f 713/872/713 712/871/712 835/1000/835
f 829/994/829 892/1061/892 709/1060/709
f 709/1060/709 708/993/708 829/994/829
f 818/977/818 894/1063/894 737/896/737
f 737/896/737 736/895/736 818/977/818
f 865/1030/865 896/1065/896 733/892/733
f 733/892/733 732/891/732 865/1030/865
f 859/1024/859 898/1067/898 729/888/729
f 729/888/729 728/887/728 859/1024/859
f 853/1018/853 900/1069/900 725/884/725
f 725/884/725 724/883/724 853/1018/853
f 723/882/723 722/881/722 886/1054/886
f 886/1054/886 847/1012/847 723/882/723
f 727/886/727 726/885/726 900/1069/900
f 900/1069/900 853/1018/853 727/886/727
f 731/890/731 730/889/730 898/1067/898
f 898/1067/898 859/1024/859 731/890/731
f 735/894/735 734/893/734 896/1065/896
f 896/1065/896 865/1030/865 735/894/735
f 707/866/707 706/865/706 894/1063/894
f 894/1063/894 818/977/818 707/866/707
f 711/870/711 710/869/710 892/1061/892
f 892/1061/892 829/994/829 711/870/711
f 715/874/715 714/873/714 890/1058/890
f 890/1058/890 835/1000/835 715/874/715
f 719/878/719 718/877/718 888/1056/888
f 888/1056/888 841/1006/841 719/878/719
f 878/1047/878 879/1046/879 902/1081/902
f 879/1046/879 885/1053/885 902/1082/902
f 885/1053/885 884/1052/884 902/1083/902
f 884/1052/884 883/1051/883 902/1084/902
f 883/1051/883 882/1050/882 902/1085/902
f 882/1050/882 881/1049/881 902/1086/902
f 881/1049/881 880/1048/880 902/1087/902
f 880/1048/880 878/1045/878 902/1088/902
f 867/1032/867 866/1031/866 871/1036/871
f 871/1036/871 874/1039/874 867/1032/867
s 13
f 903/1089/903 904/1090/904 905/1091/905
f 905/1091/905 906/1092/906 903/1089/903
f 907/1093/907 903/1089/903 906/1092/906
f 906/1092/906 908/1094/908 907/1093/907
f 909/1095/909 910/1096/910 904/1090/904
f 904/1090/904 903/1089/903 909/1095/909
f 911/1097/911 909/1095/909 903/1089/903
f 903/1089/903 907/1093/907 911/1097/911
f 909/1095/909 912/1098/912 913/1099/913
f 913/1099/913 910/1096/910 909/1095/909
f 911/1097/911 914/1100/914 912/1098/912
f 912/1098/912 909/1095/909 911/1097/911
s 14
f 915/1101/915 916/1102/916 917/1103/917
f 917/1103/917 918/1104/918 915/1101/915
f 919/1105/919 915/1101/915 918/1104/918
f 918/1104/918 920/1106/920 919/1105/919
f 921/1107/921 919/1105/919 920/1106/920
f 920/1106/920 922/1108/922 921/1107/921
f 916/1109/916 921/1107/921 922/1108/922
f 922/1108/922 917/1110/917 916/1109/916
f 923/1111/923 924/1112/924 916/1102/916
f 916/1102/916 915/1101/915 923/1111/923
f 925/1113/925 923/1111/923 915/1101/915
f 915/1101/915 919/1105/919 925/1113/925
f 926/1114/926 925/1113/925 919/1105/919
f 919/1105/919 921/1107/921 926/1114/926
f 924/1115/924 926/1114/926 921/1107/921
f 921/1107/921 916/1109/916 924/1115/924
f 927/1116/927 928/1117/928 924/1112/924
f 924/1112/924 923/1111/923 927/1116/927
f 929/1118/929 927/1116/927 923/1111/923
f 923/1111/923 925/1113/925 929/1118/929
f 930/1119/930 929/1118/929 925/1113/925
f 925/1113/925 926/1114/926 930/1119/930
f 928/1120/928 930/1119/930 926/1114/926
f 926/1114/926 924/1115/924 928/1120/928
f 931/1121/931 917/1110/917 922/1108/922
f 922/1108/922 932/1122/932 931/1121/931
f 933/1123/933 918/1104/918 917/1124/917
f 917/1124/917 931/1125/931 933/1123/933
f 934/1126/934 920/1106/920 918/1104/918
f 918/1104/918 933/1123/933 934/1126/934
f 932/1122/932 922/1108/922 920/1106/920
f 920/1106/920 934/1126/934 932/1122/932
s 15
f 935/1127/935 936/1128/936 937/1129/937
f 937/1129/937 938/1130/938 935/1127/935
f 939/1131/939 935/1127/935 938/1130/938
f 938/1130/938 940/1132/940 939/1131/939
f 941/1133/941 942/1134/942 936/1128/936
f 936/1128/936 935/1127/935 941/1133/941
f 943/1135/943 941/1133/941 935/1127/935
f 935/1127/935 939/1131/939 943/1135/943
f 941/1133/941 944/1136/944 945/1137/945
f 945/1137/945 942/1134/942 941/1133/941
f 943/1135/943 946/1138/946 944/1136/944
f 944/1136/944 941/1133/941 943/1135/943
s 14
f 930/1139/930 928/1140/928 927/1141/927
f 927/1141/927 929/1142/929 930/1139/930
s 16
f 947/1143/947 948/1144/948 949/1145/949
f 949/1145/949 950/1146/950 947/1143/947
f 951/1147/951 947/1143/947 950/1146/950
f 950/1146/950 952/1148/952 951/1147/951
f 953/1149/953 954/1150/954 948/1144/948
f 948/1144/948 947/1143/947 953/1149/953
f 955/1151/955 953/1149/953 947/1143/947
f 947/1143/947 951/1147/951 955/1151/955
f 953/1149/953 956/1152/956 957/1153/957
f 957/1153/957 954/1150/954 953/1149/953
f 955/1151/955 958/1154/958 956/1152/956
f 956/1152/956 953/1149/953 955/1151/955
s 17
f 959/1155/959 960/1156/960 961/1157/961
f 961/1157/961 962/1158/962 959/1155/959
f 963/1159/963 959/1155/959 962/1158/962
f 962/1158/962 964/1160/964 963/1159/963
f 965/1161/965 966/1162/966 960/1156/960
f 960/1156/960 959/1155/959 965/1161/965
f 967/1163/967 965/1161/965 959/1155/959
f 959/1155/959 963/1159/963 967/1163/967
f 965/1161/965 968/1164/968 969/1165/969
f 969/1165/969 966/1162/966 965/1161/965
f 967/1163/967 970/1166/970 968/1164/968
f 968/1164/968 965/1161/965 967/1163/967
s 18
f 971/1167/971 972/1168/972 973/1169/973
f 973/1169/973 974/1170/974 971/1167/971
f 975/1171/975 976/1172/976 971/1173/971
f 971/1173/971 977/1174/977 975/1171/975
f 975/1171/975 978/1175/978 976/1172/976
f 979/1176/979 976/1172/976 978/1175/978
f 978/1175/978 980/1177/980 979/1176/979
f 980/1177/980 981/1178/981 979/1176/979
f 972/1168/972 979/1176/979 981/1178/981
f 981/1178/981 973/1169/973 972/1168/972
f 982/1179/982 983/1180/983 984/1181/984
f 984/1181/984 985/1182/985 982/1179/982
f 986/1183/986 982/1179/982 985/1182/985
f 985/1182/985 987/1184/987 986/1183/986
f 988/1185/988 986/1183/986 987/1184/987
f 987/1184/987 989/1186/989 988/1185/988
f 983/1180/983 988/1187/988 989/1188/989
f 989/1188/989 984/1181/984 983/1180/983
f 990/1189/990 991/1190/991 992/1191/992
f 992/1191/992 993/1192/993 990/1189/990
f 994/1193/994 990/1189/990 993/1192/993
f 993/1192/993 995/1194/995 994/1193/994
f 996/1195/996 994/1193/994 995/1194/995
f 995/1194/995 997/1196/997 996/1195/996
f 991/1190/991 996/1197/996 997/1198/997
f 997/1198/997 992/1191/992 991/1190/991
f 998/1199/998 999/1200/999 991/1190/991
f 991/1190/991 990/1189/990 998/1199/998
f 1000/1201/1000 998/1199/998 990/1189/990
f 990/1189/990 994/1193/994 1000/1201/1000
f 1001/1202/1001 1000/1201/1000 994/1193/994
f 994/1193/994 996/1195/996 1001/1202/1001
f 999/1200/999 1001/1203/1001 996/1197/996
f 996/1197/996 991/1190/991 999/1200/999
f 1002/1204/1002 1003/1205/1003 999/1200/999
f 999/1200/999 998/1199/998 1002/1204/1002
f 1004/1206/1004 1002/1204/1002 998/1199/998
f 998/1199/998 1000/1201/1000 1004/1206/1004
f 1005/1207/1005 1004/1206/1004 1000/1201/1000
f 1000/1201/1000 1001/1202/1001 1005/1207/1005
f 1003/1205/1003 1005/1208/1005 1001/1203/1001
f 1001/1203/1001 999/1200/999 1003/1205/1003
f 1006/1209/1006 1007/1210/1007 1003/1205/1003
f 1003/1205/1003 1002/1204/1002 1006/1209/1006
f 1008/1211/1008 1006/1209/1006 1002/1204/1002
f 1002/1204/1002 1004/1206/1004 1008/1211/1008
f 1009/1212/1009 1008/1211/1008 1004/1206/1004
f 1004/1206/1004 1005/1207/1005 1009/1212/1009
f 1007/1210/1007 1009/1213/1009 1005/1208/1005
f 1005/1208/1005 1003/1205/1003 1007/1210/1007
f 1010/1214/1010 1011/1215/1011 1007/1210/1007
f 1007/1210/1007 1006/1209/1006 1010/1214/1010
f 1008/1211/1008 1012/1216/1012 1013/1217/1013
f 1013/1217/1013 1010/1214/1010 1006/1209/1006
f 1008/1211/1008 1013/1217/1013 1006/1209/1006
f 1009/1212/1009 1014/1218/1014 1015/1219/1015
f 1015/1219/1015 1012/1216/1012 1008/1211/1008
f 1009/1212/1009 1015/1219/1015 1008/1211/1008
f 1011/1215/1011 1014/1220/1014 1009/1213/1009
f 1009/1213/1009 1007/1210/1007 1011/1215/1011
f 1016/1221/1016 1017/1222/1017 1011/1215/1011
f 1011/1215/1011 1010/1214/1010 1016/1221/1016
f 1018/1223/1018 1016/1221/1016 1010/1214/1010
f 1010/1214/1010 1013/1217/1013 1018/1223/1018
f 1019/1224/1019 1018/1223/1018 1013/1217/1013
f 1013/1217/1013 1012/1216/1012 1019/1224/1019
f 1020/1225/1020 1019/1224/1019 1012/1216/1012
f 1012/1216/1012 1015/1219/1015 1020/1225/1020
f 1021/1226/1021 1020/1225/1020 1015/1219/1015
f 1015/1219/1015 1014/1218/1014 1021/1226/1021
f 1017/1222/1017 1021/1227/1021 1014/1220/1014
f 1014/1220/1014 1011/1215/1011 1017/1222/1017
f 1022/1228/1022 1023/1229/1023 1017/1222/1017
f 1017/1222/1017 1016/1221/1016 1022/1228/1022
f 1018/1223/1018 1019/1224/1019 1024/1230/1024
f 1018/1223/1018 1024/1230/1024 1022/1228/1022
f 1018/1223/1018 1022/1228/1022 1016/1221/1016
f 1020/1225/1020 1021/1226/1021 1025/1231/1025
f 1020/1225/1020 1025/1231/1025 1024/1230/1024
f 1020/1225/1020 1024/1230/1024 1019/1224/1019
f 1023/1229/1023 1025/1232/1025 1021/1227/1021
f 1021/1227/1021 1017/1222/1017 1023/1229/1023
f 1026/1233/1026 1027/1234/1027 1023/1229/1023
f 1023/1229/1023 1022/1228/1022 1026/1233/1026
f 1028/1235/1028 1026/1233/1026 1022/1228/1022
f 1022/1228/1022 1024/1230/1024 1028/1235/1028
f 1029/1236/1029 1028/1235/1028 1024/1230/1024
f 1024/1230/1024 1025/1231/1025 1029/1236/1029
f 1027/1234/1027 1029/1237/1029 1025/1232/1025
f 1025/1232/1025 1023/1229/1023 1027/1234/1027
f 1030/1238/1030 1031/1239/1031 1027/1234/1027
f 1027/1234/1027 1026/1233/1026 1030/1238/1030
f 1032/1240/1032 1030/1238/1030 1026/1233/1026
f 1026/1233/1026 1028/1235/1028 1032/1240/1032
f 1033/1241/1033 1032/1240/1032 1028/1235/1028
f 1028/1235/1028 1029/1236/1029 1033/1241/1033
f 1031/1239/1031 1033/1242/1033 1029/1237/1029
f 1029/1237/1029 1027/1234/1027 1031/1239/1031
f 1034/1243/1034 1035/1244/1035 1031/1239/1031
f 1031/1239/1031 1030/1238/1030 1034/1243/1034
f 1036/1245/1036 1034/1243/1034 1030/1238/1030
f 1030/1238/1030 1032/1240/1032 1036/1245/1036
f 1037/1246/1037 1036/1245/1036 1032/1240/1032
f 1032/1240/1032 1033/1241/1033 1037/1246/1037
f 1035/1244/1035 1037/1247/1037 1033/1242/1033
f 1033/1242/1033 1031/1239/1031 1035/1244/1035
f 1038/1248/1038 1039/1249/1039 1035/1244/1035
f 1035/1244/1035 1034/1243/1034 1038/1248/1038
f 1040/1250/1040 1038/1248/1038 1034/1243/1034
f 1034/1243/1034 1036/1245/1036 1040/1250/1040
f 1041/1251/1041 1040/1250/1040 1036/1245/1036
f 1036/1245/1036 1037/1246/1037 1041/1251/1041
f 1039/1249/1039 1041/1252/1041 1037/1247/1037
f 1037/1247/1037 1035/1244/1035 1039/1249/1039
f 1042/1253/1042 1043/1254/1043 1039/1249/1039
f 1039/1249/1039 1038/1248/1038 1042/1253/1042
f 1044/1255/1044 1042/1253/1042 1038/1248/1038
f 1038/1248/1038 1040/1250/1040 1044/1255/1044
f 1045/1256/1045 1044/1255/1044 1040/1250/1040
f 1040/1250/1040 1041/1251/1041 1045/1256/1045
f 1043/1254/1043 1045/1257/1045 1041/1252/1041
f 1041/1252/1041 1039/1249/1039 1043/1254/1043
f 1046/1258/1046 1047/1259/1047 1043/1254/1043
f 1043/1254/1043 1042/1253/1042 1046/1258/1046
f 1048/1260/1048 1046/1258/1046 1042/1253/1042
f 1042/1253/1042 1044/1255/1044 1048/1260/1048
f 1049/1261/1049 1048/1260/1048 1044/1255/1044
f 1044/1255/1044 1045/1256/1045 1049/1261/1049
f 1047/1259/1047 1049/1262/1049 1045/1257/1045
f 1045/1257/1045 1043/1254/1043 1047/1259/1047
f 1050/1263/1050 1051/1264/1051 1047/1265/1047
f 1047/1265/1047 1046/1266/1046 1050/1263/1050
f 1052/1267/1052 1050/1268/1050 1046/1269/1046
f 1046/1269/1046 1048/1270/1048 1052/1267/1052
f 1053/1271/1053 1052/1267/1052 1048/1270/1048
f 1048/1270/1048 1049/1272/1049 1053/1271/1053
f 1051/1264/1051 1053/1271/1053 1049/1272/1049
f 1049/1272/1049 1047/1265/1047 1051/1264/1051
f 1054/1273/1054 1055/1274/1055 1051/1264/1051
f 1051/1264/1051 1050/1263/1050 1054/1273/1054
f 1056/1275/1056 1054/1276/1054 1050/1268/1050
f 1050/1268/1050 1052/1267/1052 1056/1275/1056
f 1057/1277/1057 1056/1275/1056 1052/1267/1052
f 1052/1267/1052 1053/1271/1053 1057/1277/1057
f 1055/1274/1055 1057/1277/1057 1053/1271/1053
f 1053/1271/1053 1051/1264/1051 1055/1274/1055
f 1058/1278/1058 1059/1279/1059 1055/1274/1055
f 1055/1274/1055 1054/1273/1054 1058/1278/1058
f 1060/1280/1060 1058/1281/1058 1054/1276/1054
f 1054/1276/1054 1056/1275/1056 1060/1280/1060
f 1061/1282/1061 1060/1280/1060 1056/1275/1056
f 1056/1275/1056 1057/1277/1057 1061/1282/1061
f 1059/1279/1059 1061/1282/1061 1057/1277/1057
f 1057/1277/1057 1055/1274/1055 1059/1279/1059
f 1062/1283/1062 1063/1284/1063 1059/1279/1059
f 1059/1279/1059 1058/1278/1058 1062/1283/1062
f 1064/1285/1064 1062/1286/1062 1058/1281/1058
f 1058/1281/1058 1060/1280/1060 1064/1285/1064
f 1065/1287/1065 1064/1285/1064 1060/1280/1060
f 1060/1280/1060 1061/1282/1061 1065/1287/1065
f 1063/1284/1063 1065/1287/1065 1061/1282/1061
f 1061/1282/1061 1059/1279/1059 1063/1284/1063
f 1066/1288/1066 1067/1289/1067 1063/1284/1063
f 1063/1284/1063 1062/1283/1062 1066/1288/1066
f 1068/1290/1068 1066/1291/1066 1062/1286/1062
f 1062/1286/1062 1064/1285/1064 1068/1290/1068
f 1069/1292/1069 1068/1290/1068 1064/1285/1064
f 1064/1285/1064 1065/1287/1065 1069/1292/1069
f 1067/1289/1067 1069/1292/1069 1065/1287/1065
f 1065/1287/1065 1063/1284/1063 1067/1289/1067
f 1070/1293/1070 1071/1294/1071 1067/1289/1067
f 1067/1289/1067 1066/1288/1066 1070/1293/1070
f 1072/1295/1072 1070/1296/1070 1066/1291/1066
f 1066/1291/1066 1068/1290/1068 1072/1295/1072
f 1073/1297/1073 1072/1295/1072 1068/1290/1068
f 1068/1290/1068 1069/1292/1069 1073/1297/1073
f 1071/1294/1071 1073/1297/1073 1069/1292/1069
f 1069/1292/1069 1067/1289/1067 1071/1294/1071
f 1074/1298/1074 1075/1299/1075 1071/1294/1071
f 1071/1294/1071 1070/1293/1070 1074/1298/1074
f 1076/1300/1076 1074/1301/1074 1070/1296/1070
f 1070/1296/1070 1072/1295/1072 1076/1300/1076
f 1077/1302/1077 1076/1300/1076 1072/1295/1072
f 1072/1295/1072 1073/1297/1073 1077/1302/1077
f 1075/1299/1075 1077/1302/1077 1073/1297/1073
f 1073/1297/1073 1071/1294/1071 1075/1299/1075
f 1078/1303/1078 1079/1304/1079 1075/1299/1075
f 1075/1299/1075 1074/1298/1074 1078/1303/1078
f 1080/1305/1080 1078/1306/1078 1074/1301/1074
f 1074/1301/1074 1076/1300/1076 1080/1305/1080
f 1081/1307/1081 1080/1305/1080 1076/1300/1076
f 1076/1300/1076 1077/1308/1077 1081/1307/1081
f 1079/1304/1079 1081/1307/1081 1077/1308/1077
f 1077/1308/1077 1075/1299/1075 1079/1304/1079
f 1082/1309/1082 1083/1310/1083 1079/1304/1079
f 1079/1304/1079 1078/1303/1078 1082/1309/1082
f 1084/1311/1084 1082/1312/1082 1078/1306/1078
f 1078/1306/1078 1080/1305/1080 1084/1311/1084
f 1085/1313/1085 1084/1311/1084 1080/1305/1080
f 1080/1305/1080 1081/1307/1081 1085/1313/1085
f 1083/1310/1083 1085/1313/1085 1081/1307/1081
f 1081/1307/1081 1079/1304/1079 1083/1310/1083
f 1086/1314/1086 1087/1315/1087 1083/1310/1083
f 1083/1310/1083 1082/1309/1082 1086/1314/1086
f 1088/1316/1088 1086/1317/1086 1082/1312/1082
f 1082/1312/1082 1084/1311/1084 1088/1316/1088
f 1089/1318/1089 1088/1316/1088 1084/1311/1084
f 1084/1311/1084 1085/1313/1085 1089/1318/1089
f 1087/1315/1087 1089/1318/1089 1085/1313/1085
f 1085/1313/1085 1083/1310/1083 1087/1315/1087
f 1090/1319/1090 985/1182/985 984/1181/984
f 984/1181/984 1091/1320/1091 1090/1319/1090
f 1092/1321/1092 987/1184/987 985/1182/985
f 985/1182/985 1090/1319/1090 1092/1321/1092
f 1093/1322/1093 989/1186/989 987/1184/987
f 987/1184/987 1092/1321/1092 1093/1322/1093
f 989/1188/989 1093/1323/1093 1091/1320/1091
f 1091/1320/1091 984/1181/984 989/1188/989
f 971/1324/971 1090/1319/1090 1091/1320/1091
f 1091/1320/1091 972/1325/972 971/1324/971
f 976/1326/976 1092/1321/1092 1090/1319/1090
f 1090/1319/1090 971/1324/971 976/1326/976
f 1092/1321/1092 976/1326/976 979/1327/979
f 979/1327/979 1093/1322/1093 1092/1321/1092
f 1093/1323/1093 979/1328/979 972/1325/972
f 972/1325/972 1091/1320/1091 1093/1323/1093
f 993/1192/993 992/1191/992 983/1180/983
f 983/1180/983 982/1179/982 993/1192/993
f 986/1183/986 995/1194/995 993/1192/993
f 993/1192/993 982/1179/982 986/1183/986
f 988/1185/988 997/1196/997 995/1194/995
f 995/1194/995 986/1183/986 988/1185/988
f 983/1180/983 992/1191/992 997/1198/997
f 997/1198/997 988/1187/988 983/1180/983
f 1087/1315/1087 1086/1314/1086 1088/1329/1088
f 1088/1329/1088 1089/1330/1089 1087/1315/1087
f 974/1170/974 1094/1331/1094 971/1167/971
f 971/1167/971 1094/1331/1094 977/1332/977
f 1095/1333/1095 1096/1334/1096 1097/1335/1097
f 1097/1335/1097 1098/1336/1098 1095/1333/1095
f 1099/1337/1099 1100/1338/1100 1101/1339/1101
f 1101/1339/1101 1102/1340/1102 1099/1337/1099
f 1103/1341/1103 1104/1342/1104 1105/1343/1105
f 1105/1343/1105 1106/1344/1106 1103/1341/1103
f 1107/1345/1107 1108/1346/1108 1109/1347/1109
f 1109/1347/1109 1110/1348/1110 1107/1345/1107
f 1111/1349/1111 1112/1350/1112 1113/1351/1113
f 1113/1351/1113 1114/1352/1114 1111/1349/1111
f 1115/1353/1115 1116/1354/1116 1117/1355/1117
f 1117/1355/1117 1118/1356/1118 1115/1353/1115
f 1119/1357/1119 1120/1358/1120 1121/1359/1121
f 1121/1359/1121 1122/1360/1122 1119/1357/1119
f 1123/1361/1123 1124/1362/1124 1125/1363/1125
f 1125/1363/1125 1126/1364/1126 1123/1361/1123
f 1096/1334/1096 1127/1365/1127 1128/1366/1128
f 1128/1366/1128 1097/1335/1097 1096/1334/1096
f 1100/1338/1100 1129/1367/1129 1130/1368/1130
f 1130/1368/1130 1101/1339/1101 1100/1338/1100
f 1104/1342/1104 1131/1369/1131 1132/1370/1132
f 1132/1370/1132 1105/1343/1105 1104/1342/1104
f 1108/1346/1108 1133/1371/1133 1134/1372/1134
f 1134/1372/1134 1109/1347/1109 1108/1346/1108
f 1112/1350/1112 1135/1373/1135 1136/1374/1136
f 1136/1374/1136 1113/1351/1113 1112/1350/1112
f 1116/1354/1116 1137/1375/1137 1138/1376/1138
f 1138/1376/1138 1117/1355/1117 1116/1354/1116
f 1120/1358/1120 1139/1377/1139 1140/1378/1140
f 1140/1378/1140 1121/1359/1121 1120/1358/1120
f 1124/1362/1124 1141/1379/1141 1142/1380/1142
f 1142/1380/1142 1125/1363/1125 1124/1362/1124
f 1127/1365/1127 1143/1381/1143 1144/1382/1144
f 1144/1382/1144 1128/1366/1128 1127/1365/1127
f 1129/1367/1129 1145/1383/1145 1146/1384/1146
f 1146/1384/1146 1130/1368/1130 1129/1367/1129
f 1131/1369/1131 1147/1385/1147 1148/1386/1148
f 1148/1386/1148 1132/1370/1132 1131/1369/1131
f 1133/1371/1133 1149/1387/1149 1150/1388/1150
f 1150/1388/1150 1134/1372/1134 1133/1371/1133
f 1135/1373/1135 1151/1389/1151 1152/1390/1152
f 1152/1390/1152 1136/1374/1136 1135/1373/1135
f 1137/1375/1137 1153/1391/1153 1154/1392/1154
f 1154/1392/1154 1138/1376/1138 1137/1375/1137
f 1139/1377/1139 1155/1393/1155 1156/1394/1156
f 1156/1394/1156 1140/1378/1140 1139/1377/1139
f 1141/1379/1141 1157/1395/1157 1158/1396/1158
f 1158/1396/1158 1142/1380/1142 1141/1379/1141
f 1143/1381/1143 1159/1397/1159 1160/1398/1160
f 1160/1398/1160 1144/1382/1144 1143/1381/1143
f 1145/1383/1145 1161/1399/1161 1162/1400/1162
f 1162/1400/1162 1146/1384/1146 1145/1383/1145
f 1147/1385/1147 1163/1401/1163 1164/1402/1164
f 1164/1402/1164 1148/1386/1148 1147/1385/1147
f 1149/1387/1149 1165/1403/1165 1166/1404/1166
f 1166/1404/1166 1150/1388/1150 1149/1387/1149
f 1151/1389/1151 1167/1405/1167 1168/1406/1168
f 1168/1406/1168 1152/1390/1152 1151/1389/1151
f 1153/1391/1153 1169/1407/1169 1170/1408/1170
f 1170/1408/1170 1154/1392/1154 1153/1391/1153
f 1155/1393/1155 1171/1409/1171 1172/1410/1172
f 1172/1410/1172 1156/1394/1156 1155/1393/1155
f 1157/1395/1157 1173/1411/1173 1174/1412/1174
f 1174/1412/1174 1158/1396/1158 1157/1395/1157
f 1159/1397/1159 1175/1413/1175 1176/1414/1176
f 1176/1414/1176 1160/1398/1160 1159/1397/1159
f 1161/1399/1161 1177/1415/1177 1178/1416/1178
f 1178/1416/1178 1162/1400/1162 1161/1399/1161
f 1163/1401/1163 1179/1417/1179 1180/1418/1180
f 1180/1418/1180 1164/1402/1164 1163/1401/1163
f 1165/1403/1165 1181/1419/1181 1182/1420/1182
f 1182/1420/1182 1166/1404/1166 1165/1403/1165
f 1167/1405/1167 1183/1421/1183 1184/1422/1184
f 1184/1422/1184 1168/1406/1168 1167/1405/1167
f 1169/1407/1169 1185/1423/1185 1186/1424/1186
f 1186/1424/1186 1170/1408/1170 1169/1407/1169
f 1171/1409/1171 1187/1425/1187 1188/1426/1188
f 1188/1426/1188 1172/1410/1172 1171/1409/1171
f 1173/1411/1173 1189/1427/1189 1190/1428/1190
f 1190/1428/1190 1174/1412/1174 1173/1411/1173
f 1175/1413/1175 1191/1429/1191 1192/1430/1192
f 1192/1430/1192 1176/1414/1176 1175/1413/1175
f 1177/1415/1177 1193/1431/1193 1194/1432/1194
f 1194/1432/1194 1178/1416/1178 1177/1415/1177
f 1179/1417/1179 1195/1433/1195 1196/1434/1196
f 1196/1434/1196 1180/1418/1180 1179/1417/1179
f 1181/1419/1181 1197/1435/1197 1198/1436/1198
f 1198/1436/1198 1182/1420/1182 1181/1419/1181
f 1183/1421/1183 1199/1437/1199 1200/1438/1200
f 1200/1438/1200 1184/1422/1184 1183/1421/1183
f 1185/1423/1185 1201/1439/1201 1202/1440/1202
f 1202/1440/1202 1186/1424/1186 1185/1423/1185
f 1187/1425/1187 1203/1441/1203 1204/1442/1204
f 1204/1442/1204 1188/1426/1188 1187/1425/1187
f 1189/1427/1189 1205/1443/1205 1206/1444/1206
f 1206/1444/1206 1190/1428/1190 1189/1427/1189
f 1127/1365/1127 1096/1334/1096 1207/1445/1207
f 1207/1445/1207 1208/1446/1208 1127/1365/1127
f 1143/1381/1143 1127/1365/1127 1208/1446/1208
f 1208/1446/1208 1209/1447/1209 1143/1381/1143
f 1159/1397/1159 1143/1381/1143 1209/1447/1209
f 1209/1447/1209 1210/1448/1210 1159/1397/1159
f 1175/1413/1175 1159/1397/1159 1210/1448/1210
f 1210/1448/1210 1211/1449/1211 1175/1413/1175
f 1191/1429/1191 1175/1413/1175 1211/1449/1211
f 1211/1449/1211 1212/1450/1212 1191/1429/1191
f 1176/1451/1176 1192/1452/1192 1213/1453/1213
f 1213/1453/1213 1214/1454/1214 1176/1451/1176
f 1160/1455/1160 1176/1451/1176 1214/1454/1214
f 1214/1454/1214 1215/1456/1215 1160/1455/1160
f 1144/1457/1144 1160/1455/1160 1215/1456/1215
f 1215/1456/1215 1216/1458/1216 1144/1457/1144
f 1128/1459/1128 1144/1457/1144 1216/1458/1216
f 1216/1458/1216 1217/1460/1217 1128/1459/1128
f 1097/1461/1097 1128/1459/1128 1217/1460/1217
f 1217/1460/1217 1218/1462/1218 1097/1461/1097
f 1129/1367/1129 1100/1338/1100 1218/1462/1218
f 1218/1462/1218 1217/1460/1217 1129/1367/1129
f 1145/1383/1145 1129/1367/1129 1217/1460/1217
f 1217/1460/1217 1216/1458/1216 1145/1383/1145
f 1161/1399/1161 1145/1383/1145 1216/1458/1216
f 1216/1458/1216 1215/1456/1215 1161/1399/1161
f 1177/1415/1177 1161/1399/1161 1215/1456/1215
f 1215/1456/1215 1214/1454/1214 1177/1415/1177
f 1193/1431/1193 1177/1415/1177 1214/1454/1214
f 1214/1454/1214 1213/1453/1213 1193/1431/1193
f 1178/1416/1178 1194/1432/1194 1219/1463/1219
f 1219/1463/1219 1220/1464/1220 1178/1416/1178
f 1162/1400/1162 1178/1416/1178 1220/1464/1220
f 1220/1464/1220 1221/1465/1221 1162/1400/1162
f 1146/1384/1146 1162/1400/1162 1221/1465/1221
f 1221/1465/1221 1222/1466/1222 1146/1384/1146
f 1130/1368/1130 1146/1384/1146 1222/1466/1222
f 1222/1466/1222 1223/1467/1223 1130/1368/1130
f 1101/1339/1101 1130/1368/1130 1223/1467/1223
f 1223/1467/1223 1224/1468/1224 1101/1339/1101
f 1131/1369/1131 1104/1342/1104 1224/1468/1224
f 1224/1468/1224 1223/1467/1223 1131/1369/1131
f 1147/1385/1147 1131/1369/1131 1223/1467/1223
f 1223/1467/1223 1222/1466/1222 1147/1385/1147
f 1163/1401/1163 1147/1385/1147 1222/1466/1222
f 1222/1466/1222 1221/1465/1221 1163/1401/1163
f 1179/1417/1179 1163/1401/1163 1221/1465/1221
f 1221/1465/1221 1220/1464/1220 1179/1417/1179
f 1195/1433/1195 1179/1417/1179 1220/1464/1220
f 1220/1464/1220 1219/1463/1219 1195/1433/1195
f 1180/1418/1180 1196/1434/1196 1225/1469/1225
f 1225/1469/1225 1226/1470/1226 1180/1418/1180
f 1164/1402/1164 1180/1418/1180 1226/1470/1226
f 1226/1470/1226 1227/1471/1227 1164/1402/1164
f 1148/1386/1148 1164/1402/1164 1227/1471/1227
f 1227/1471/1227 1228/1472/1228 1148/1386/1148
f 1132/1370/1132 1148/1386/1148 1228/1472/1228
f 1228/1472/1228 1229/1473/1229 1132/1370/1132
f 1105/1343/1105 1132/1370/1132 1229/1473/1229
f 1229/1473/1229 1230/1474/1230 1105/1343/1105
f 1133/1371/1133 1108/1346/1108 1230/1474/1230
f 1230/1474/1230 1229/1473/1229 1133/1371/1133
f 1149/1387/1149 1133/1371/1133 1229/1473/1229
f 1229/1473/1229 1228/1472/1228 1149/1387/1149
f 1165/1403/1165 1149/1387/1149 1228/1472/1228
f 1228/1472/1228 1227/1471/1227 1165/1403/1165
f 1181/1419/1181 1165/1403/1165 1227/1471/1227
f 1227/1471/1227 1226/1470/1226 1181/1419/1181
f 1197/1435/1197 1181/1419/1181 1226/1470/1226
f 1226/1470/1226 1225/1469/1225 1197/1435/1197
f 1182/1420/1182 1198/1436/1198 1231/1475/1231
f 1231/1475/1231 1232/1476/1232 1182/1420/1182
f 1166/1404/1166 1182/1420/1182 1232/1476/1232
f 1232/1476/1232 1233/1477/1233 1166/1404/1166
f 1150/1388/1150 1166/1404/1166 1233/1477/1233
f 1233/1477/1233 1234/1478/1234 1150/1388/1150
f 1134/1372/1134 1150/1388/1150 1234/1478/1234
f 1234/1478/1234 1235/1479/1235 1134/1372/1134
f 1109/1347/1109 1134/1372/1134 1235/1479/1235
f 1235/1479/1235 1236/1480/1236 1109/1347/1109
f 1135/1373/1135 1112/1350/1112 1236/1480/1236
f 1236/1480/1236 1235/1479/1235 1135/1373/1135
f 1151/1389/1151 1135/1373/1135 1235/1479/1235
f 1235/1479/1235 1234/1478/1234 1151/1389/1151
f 1167/1405/1167 1151/1389/1151 1234/1478/1234
f 1234/1478/1234 1233/1477/1233 1167/1405/1167
f 1183/1421/1183 1167/1405/1167 1233/1477/1233
f 1233/1477/1233 1232/1476/1232 1183/1421/1183
f 1199/1437/1199 1183/1421/1183 1232/1476/1232
f 1232/1476/1232 1231/1475/1231 1199/1437/1199
f 1184/1422/1184 1200/1438/1200 1237/1481/1237
f 1237/1481/1237 1238/1482/1238 1184/1422/1184
f 1168/1406/1168 1184/1422/1184 1238/1482/1238
f 1238/1482/1238 1239/1483/1239 1168/1406/1168
f 1152/1390/1152 1168/1406/1168 1239/1483/1239
f 1239/1483/1239 1240/1484/1240 1152/1390/1152
f 1136/1374/1136 1152/1390/1152 1240/1484/1240
f 1240/1484/1240 1241/1485/1241 1136/1374/1136
f 1113/1351/1113 1136/1374/1136 1241/1485/1241
f 1241/1485/1241 1242/1486/1242 1113/1351/1113
f 1137/1375/1137 1116/1354/1116 1242/1486/1242
f 1242/1486/1242 1241/1485/1241 1137/1375/1137
f 1153/1391/1153 1137/1375/1137 1241/1485/1241
f 1241/1485/1241 1240/1484/1240 1153/1391/1153
f 1169/1407/1169 1153/1391/1153 1240/1484/1240
f 1240/1484/1240 1239/1483/1239 1169/1407/1169
f 1185/1423/1185 1169/1407/1169 1239/1483/1239
f 1239/1483/1239 1238/1482/1238 1185/1423/1185
f 1201/1439/1201 1185/1423/1185 1238/1482/1238
f 1238/1482/1238 1237/1481/1237 1201/1439/1201
f 1186/1424/1186 1202/1440/1202 1243/1487/1243
f 1243/1487/1243 1244/1488/1244 1186/1424/1186
f 1170/1408/1170 1186/1424/1186 1244/1488/1244
f 1244/1488/1244 1245/1489/1245 1170/1408/1170
f 1154/1392/1154 1170/1408/1170 1245/1489/1245
f 1245/1489/1245 1246/1490/1246 1154/1392/1154
f 1138/1376/1138 1154/1392/1154 1246/1490/1246
f 1246/1490/1246 1247/1491/1247 1138/1376/1138
f 1117/1355/1117 1138/1376/1138 1247/1491/1247
f 1247/1491/1247 1248/1492/1248 1117/1355/1117
f 1139/1377/1139 1120/1358/1120 1248/1492/1248
f 1248/1492/1248 1247/1491/1247 1139/1377/1139
f 1155/1393/1155 1139/1377/1139 1247/1491/1247
f 1247/1491/1247 1246/1490/1246 1155/1393/1155
f 1171/1409/1171 1155/1393/1155 1246/1490/1246
f 1246/1490/1246 1245/1489/1245 1171/1409/1171
f 1187/1425/1187 1171/1409/1171 1245/1489/1245
f 1245/1489/1245 1244/1488/1244 1187/1425/1187
f 1203/1441/1203 1187/1425/1187 1244/1488/1244
f 1244/1488/1244 1243/1487/1243 1203/1441/1203
f 1188/1426/1188 1204/1442/1204 1249/1493/1249
f 1249/1493/1249 1250/1494/1250 1188/1426/1188
f 1172/1410/1172 1188/1426/1188 1250/1494/1250
f 1250/1494/1250 1251/1495/1251 1172/1410/1172
f 1156/1394/1156 1172/1410/1172 1251/1495/1251
f 1251/1495/1251 1252/1496/1252 1156/1394/1156
f 1140/1378/1140 1156/1394/1156 1252/1496/1252
f 1252/1496/1252 1253/1497/1253 1140/1378/1140
f 1121/1359/1121 1140/1378/1140 1253/1497/1253
f 1253/1497/1253 1254/1498/1254 1121/1359/1121
f 1141/1379/1141 1124/1362/1124 1254/1498/1254
f 1254/1498/1254 1253/1497/1253 1141/1379/1141
f 1157/1395/1157 1141/1379/1141 1253/1497/1253
f 1253/1497/1253 1252/1496/1252 1157/1395/1157
f 1173/1411/1173 1157/1395/1157 1252/1496/1252
f 1252/1496/1252 1251/1495/1251 1173/1411/1173
f 1189/1427/1189 1173/1411/1173 1251/1495/1251
f 1251/1495/1251 1250/1494/1250 1189/1427/1189
f 1205/1443/1205 1189/1427/1189 1250/1494/1250
f 1250/1494/1250 1249/1493/1249 1205/1443/1205
f 1190/1428/1190 1206/1444/1206 1212/1450/1212
f 1212/1450/1212 1211/1449/1211 1190/1428/1190
f 1174/1412/1174 1190/1428/1190 1211/1449/1211
f 1211/1449/1211 1210/1448/1210 1174/1412/1174
f 1158/1396/1158 1174/1412/1174 1210/1448/1210
f 1210/1448/1210 1209/1447/1209 1158/1396/1158
f 1142/1380/1142 1158/1396/1158 1209/1447/1209
f 1209/1447/1209 1208/1446/1208 1142/1380/1142
f 1125/1363/1125 1142/1380/1142 1208/1446/1208
f 1208/1446/1208 1207/1445/1207 1125/1363/1125
f 1213/1453/1213 1192/1452/1192 1255/1499/1255
f 1256/1500/1256 1255/1501/1255 1192/1430/1192
f 1192/1430/1192 1191/1429/1191 1256/1500/1256
f 1191/1429/1191 1212/1450/1212 1256/1500/1256
f 1219/1463/1219 1194/1432/1194 1257/1502/1257
f 1255/1499/1255 1257/1502/1257 1194/1432/1194
f 1194/1432/1194 1193/1431/1193 1255/1499/1255
f 1193/1431/1193 1213/1453/1213 1255/1499/1255
f 1225/1469/1225 1196/1434/1196 1258/1503/1258
f 1257/1502/1257 1258/1503/1258 1196/1434/1196
f 1196/1434/1196 1195/1433/1195 1257/1502/1257
f 1195/1433/1195 1219/1463/1219 1257/1502/1257
f 1231/1475/1231 1198/1436/1198 1259/1504/1259
f 1258/1503/1258 1259/1504/1259 1198/1436/1198
f 1198/1436/1198 1197/1435/1197 1258/1503/1258
f 1197/1435/1197 1225/1469/1225 1258/1503/1258
f 1237/1481/1237 1200/1438/1200 1260/1505/1260
f 1259/1504/1259 1260/1505/1260 1200/1438/1200
f 1200/1438/1200 1199/1437/1199 1259/1504/1259
f 1199/1437/1199 1231/1475/1231 1259/1504/1259
f 1243/1487/1243 1202/1440/1202 1261/1506/1261
f 1260/1505/1260 1261/1506/1261 1202/1440/1202
f 1202/1440/1202 1201/1439/1201 1260/1505/1260
f 1201/1439/1201 1237/1481/1237 1260/1505/1260
f 1249/1493/1249 1204/1442/1204 1262/1507/1262
f 1261/1506/1261 1262/1507/1262 1204/1442/1204
f 1204/1442/1204 1203/1441/1203 1261/1506/1261
f 1203/1441/1203 1243/1487/1243 1261/1506/1261
f 1212/1450/1212 1206/1444/1206 1256/1500/1256
f 1262/1507/1262 1256/1500/1256 1206/1444/1206
f 1206/1444/1206 1205/1443/1205 1262/1507/1262
f 1205/1443/1205 1249/1493/1249 1262/1507/1262
f 1110/1348/1110 1263/1508/1263 1264/1509/1264
f 1106/1344/1106 1265/1510/1265 1266/1511/1266
f 1102/1340/1102 1267/1512/1267 1268/1513/1268
f 1098/1514/1098 1269/1515/1269 1270/1516/1270
f 1126/1364/1126 1271/1517/1271 1272/1518/1272
f 1122/1360/1122 1273/1519/1273 1274/1520/1274
f 1118/1356/1118 1275/1521/1275 1276/1522/1276
f 1114/1352/1114 1277/1523/1277 1278/1524/1278
f 1263/1508/1263 1111/1349/1111 1264/1509/1264
f 1277/1523/1277 1115/1353/1115 1278/1524/1278
f 1275/1521/1275 1119/1357/1119 1276/1522/1276
f 1273/1519/1273 1123/1361/1123 1274/1520/1274
f 1271/1517/1271 1095/1333/1095 1272/1518/1272
f 1269/1515/1269 1099/1337/1099 1270/1516/1270
f 1267/1512/1267 1103/1341/1103 1268/1513/1268
f 1265/1510/1265 1107/1345/1107 1266/1511/1266
f 1264/1509/1264 1278/1524/1278 981/1525/981
f 981/1525/981 980/1526/980 1264/1509/1264
f 1266/1511/1266 1264/1509/1264 980/1526/980
f 980/1526/980 978/1527/978 1266/1511/1266
f 1268/1513/1268 1266/1511/1266 978/1527/978
f 978/1527/978 975/1528/975 1268/1513/1268
f 1270/1516/1270 1268/1513/1268 975/1528/975
f 975/1528/975 977/1529/977 1270/1516/1270
f 1272/1518/1272 1270/1530/1270 977/1531/977
f 977/1531/977 1094/1532/1094 1272/1518/1272
f 1274/1520/1274 1272/1518/1272 1094/1532/1094
f 1094/1532/1094 974/1533/974 1274/1520/1274
f 1276/1522/1276 1274/1520/1274 974/1533/974
f 974/1533/974 973/1534/973 1276/1522/1276
f 1278/1524/1278 1276/1522/1276 973/1534/973
f 973/1534/973 981/1525/981 1278/1524/1278
f 1095/1333/1095 1098/1336/1098 1270/1530/1270
f 1270/1530/1270 1272/1518/1272 1095/1333/1095
f 1099/1337/1099 1102/1340/1102 1268/1513/1268
f 1268/1513/1268 1270/1516/1270 1099/1337/1099
f 1103/1341/1103 1106/1344/1106 1266/1511/1266
f 1266/1511/1266 1268/1513/1268 1103/1341/1103
f 1107/1345/1107 1110/1348/1110 1264/1509/1264
f 1264/1509/1264 1266/1511/1266 1107/1345/1107
f 1111/1349/1111 1114/1352/1114 1278/1524/1278
f 1278/1524/1278 1264/1509/1264 1111/1349/1111
f 1115/1353/1115 1118/1356/1118 1276/1522/1276
f 1276/1522/1276 1278/1524/1278 1115/1353/1115
f 1119/1357/1119 1122/1360/1122 1274/1520/1274
f 1274/1520/1274 1276/1522/1276 1119/1357/1119
f 1123/1361/1123 1126/1364/1126 1272/1518/1272
f 1272/1518/1272 1274/1520/1274 1123/1361/1123
f 1236/1480/1236 1263/1508/1263 1110/1348/1110
f 1110/1348/1110 1109/1347/1109 1236/1480/1236
f 1230/1474/1230 1265/1510/1265 1106/1344/1106
f 1106/1344/1106 1105/1343/1105 1230/1474/1230
f 1224/1468/1224 1267/1512/1267 1102/1340/1102
f 1102/1340/1102 1101/1339/1101 1224/1468/1224
f 1218/1462/1218 1269/1515/1269 1098/1514/1098
f 1098/1514/1098 1097/1461/1097 1218/1462/1218
f 1207/1445/1207 1271/1517/1271 1126/1364/1126
f 1126/1364/1126 1125/1363/1125 1207/1445/1207
f 1254/1498/1254 1273/1519/1273 1122/1360/1122
f 1122/1360/1122 1121/1359/1121 1254/1498/1254
f 1248/1492/1248 1275/1521/1275 1118/1356/1118
f 1118/1356/1118 1117/1355/1117 1248/1492/1248
f 1242/1486/1242 1277/1523/1277 1114/1352/1114
f 1114/1352/1114 1113/1351/1113 1242/1486/1242
f 1112/1350/1112 1111/1349/1111 1263/1508/1263
f 1263/1508/1263 1236/1480/1236 1112/1350/1112
f 1116/1354/1116 1115/1353/1115 1277/1523/1277
f 1277/1523/1277 1242/1486/1242 1116/1354/1116
f 1120/1358/1120 1119/1357/1119 1275/1521/1275
f 1275/1521/1275 1248/1492/1248 1120/1358/1120
f 1124/1362/1124 1123/1361/1123 1273/1519/1273
f 1273/1519/1273 1254/1498/1254 1124/1362/1124
f 1096/1334/1096 1095/1333/1095 1271/1517/1271
f 1271/1517/1271 1207/1445/1207 1096/1334/1096
f 1100/1338/1100 1099/1337/1099 1269/1515/1269
f 1269/1515/1269 1218/1462/1218 1100/1338/1100
f 1104/1342/1104 1103/1341/1103 1267/1512/1267
f 1267/1512/1267 1224/1468/1224 1104/1342/1104
f 1108/1346/1108 1107/1345/1107 1265/1510/1265
f 1265/1510/1265 1230/1474/1230 1108/1346/1108
f 1255/1501/1255 1256/1500/1256 1279/1535/1279
f 1256/1500/1256 1262/1507/1262 1279/1536/1279
f 1262/1507/1262 1261/1506/1261 1279/1537/1279
f 1261/1506/1261 1260/1505/1260 1279/1538/1279
f 1260/1505/1260 1259/1504/1259 1279/1539/1279
f 1259/1504/1259 1258/1503/1258 1279/1540/1279
f 1258/1503/1258 1257/1502/1257 1279/1541/1279
f 1257/1502/1257 1255/1499/1255 1279/1542/1279
s 19
f 1280/1543/1280 1281/1544/1281 1282/1545/1282
f 1282/1545/1282 1283/1546/1283 1280/1543/1280
f 1284/1547/1284 1285/1548/1285 1281/1544/1281
f 1281/1544/1281 1280/1543/1280 1284/1547/1284
f 1286/1549/1286 1280/1543/1280 1283/1546/1283
f 1283/1546/1283 1287/1550/1287 1286/1549/1286
f 1288/1551/1288 1284/1547/1284 1280/1543/1280
f 1280/1543/1280 1286/1549/1286 1288/1551/1288
f 1286/1549/1286 1287/1550/1287 1289/1552/1289
f 1289/1552/1289 1290/1553/1290 1286/1549/1286
f 1288/1551/1288 1286/1549/1286 1290/1553/1290
f 1290/1553/1290 1291/1554/1291 1288/1551/1288
s 20
f 1292/1555/1292 1293/1556/1293 1294/1557/1294
f 1294/1557/1294 1295/1558/1295 1292/1555/1292
f 1296/1559/1296 1297/1560/1297 1293/1556/1293
f 1293/1556/1293 1292/1555/1292 1296/1559/1296
f 1298/1561/1298 1292/1555/1292 1295/1558/1295
f 1295/1558/1295 1299/1562/1299 1298/1561/1298
f 1300/1563/1300 1296/1559/1296 1292/1555/1292
f 1292/1555/1292 1298/1561/1298 1300/1563/1300
f 1298/1561/1298 1299/1562/1299 1301/1564/1301
f 1301/1564/1301 1302/1565/1302 1298/1561/1298
f 1300/1563/1300 1298/1561/1298 1302/1565/1302
f 1302/1565/1302 1303/1566/1303 1300/1563/1300
s 21
f 1304/1567/1304 1305/1568/1305 1306/1569/1306
f 1306/1569/1306 1307/1570/1307 1304/1567/1304
f 1308/1571/1308 1309/1572/1309 1305/1568/1305
f 1305/1568/1305 1304/1567/1304 1308/1571/1308
f 1310/1573/1310 1304/1567/1304 1307/1570/1307
f 1307/1570/1307 1311/1574/1311 1310/1573/1310
f 1312/1575/1312 1308/1571/1308 1304/1567/1304
f 1304/1567/1304 1310/1573/1310 1312/1575/1312
f 1310/1573/1310 1311/1574/1311 1313/1576/1313
f 1313/1576/1313 1314/1577/1314 1310/1573/1310
f 1312/1575/1312 1310/1573/1310 1314/1577/1314
f 1314/1577/1314 1315/1578/1315 1312/1575/1312
s 22
f 1316/1579/1316 1317/1580/1317 1318/1581/1318
f 1318/1581/1318 1319/1582/1319 1316/1579/1316
f 1320/1583/1320 1321/1584/1321 1317/1580/1317
f 1317/1580/1317 1316/1579/1316 1320/1583/1320
f 1322/1585/1322 1316/1579/1316 1319/1582/1319
f 1319/1582/1319 1323/1586/1323 1322/1585/1322
f 1324/1587/1324 1320/1583/1320 1316/1579/1316
f 1316/1579/1316 1322/1585/1322 1324/1587/1324
f 1322/1585/1322 1323/1586/1323 1325/1588/1325
f 1325/1588/1325 1326/1589/1326 1322/1585/1322
f 1324/1587/1324 1322/1585/1322 1326/1589/1326
f 1326/1589/1326 1327/1590/1327 1324/1587/1324
s 23
f 1328/1591/1328 1329/1592/1329 1330/1593/1330
f 1330/1593/1330 1331/1594/1331 1328/1591/1328
f 1332/1595/1332 1333/1596/1333 1329/1592/1329
f 1329/1592/1329 1328/1591/1328 1332/1595/1332
f 1334/1597/1334 1328/1591/1328 1331/1594/1331
f 1331/1594/1331 1335/1598/1335 1334/1597/1334
f 1336/1599/1336 1332/1595/1332 1328/1591/1328
f 1328/1591/1328 1334/1597/1334 1336/1599/1336
f 1334/1597/1334 1335/1598/1335 1337/1600/1337
f 1337/1600/1337 1338/1601/1338 1334/1597/1334
f 1336/1599/1336 1334/1597/1334 1338/1601/1338
f 1338/1601/1338 1339/1602/1339 1336/1599/1336
s 24
f 1340/1603/1340 1341/1604/1341 1342/1605/1342
f 1342/1605/1342 1343/1606/1343 1340/1603/1340
f 1344/1607/1344 1345/1608/1345 1341/1604/1341
f 1341/1604/1341 1340/1603/1340 1344/1607/1344
f 1346/1609/1346 1340/1603/1340 1343/1606/1343
f 1343/1606/1343 1347/1610/1347 1346/1609/1346
f 1348/1611/1348 1344/1607/1344 1340/1603/1340
f 1340/1603/1340 1346/1609/1346 1348/1611/1348
f 1346/1609/1346 1347/1610/1347 1349/1612/1349
f 1349/1612/1349 1350/1613/1350 1346/1609/1346
f 1348/1611/1348 1346/1609/1346 1350/1613/1350
f 1350/1613/1350 1351/1614/1351 1348/1611/1348
s 25
f 1352/1615/1352 1353/1616/1353 1354/1617/1354
f 1354/1617/1354 1355/1618/1355 1352/1615/1352
f 1356/1619/1356 1357/1620/1357 1353/1616/1353
f 1353/1616/1353 1352/1615/1352 1356/1619/1356
f 1358/1621/1358 1352/1615/1352 1355/1618/1355
f 1355/1618/1355 1359/1622/1359 1358/1621/1358
f 1360/1623/1360 1356/1619/1356 1352/1615/1352
f 1352/1615/1352 1358/1621/1358 1360/1623/1360
f 1358/1621/1358 1359/1622/1359 1361/1624/1361
f 1361/1624/1361 1362/1625/1362 1358/1621/1358
f 1360/1623/1360 1358/1621/1358 1362/1625/1362
f 1362/1625/1362 1363/1626/1363 1360/1623/1360
s 26
f 1364/1627/1364 1365/1628/1365 1366/1629/1366
f 1366/1629/1366 1367/1630/1367 1364/1627/1364
f 1368/1631/1368 1369/1632/1369 1365/1628/1365
f 1365/1628/1365 1364/1627/1364 1368/1631/1368
f 1370/1633/1370 1364/1627/1364 1367/1630/1367
f 1367/1630/1367 1371/1634/1371 1370/1633/1370
f 1372/1635/1372 1368/1631/1368 1364/1627/1364
f 1364/1627/1364 1370/1633/1370 1372/1635/1372
f 1370/1633/1370 1371/1634/1371 1373/1636/1373
f 1373/1636/1373 1374/1637/1374 1370/1633/1370
f 1372/1635/1372 1370/1633/1370 1374/1637/1374
f 1374/1637/1374 1375/1638/1375 1372/1635/1372
s 27
f 1376/1639/1376 1377/1640/1377 1378/1641/1378
f 1378/1641/1378 1379/1642/1379 1376/1639/1376
f 1380/1643/1380 1381/1644/1381 1377/1640/1377
f 1377/1640/1377 1376/1639/1376 1380/1643/1380
f 1382/1645/1382 1376/1639/1376 1379/1642/1379
f 1379/1642/1379 1383/1646/1383 1382/1645/1382
f 1384/1647/1384 1380/1643/1380 1376/1639/1376
f 1376/1639/1376 1382/1645/1382 1384/1647/1384
f 1382/1645/1382 1383/1646/1383 1385/1648/1385
f 1385/1648/1385 1386/1649/1386 1382/1645/1382
f 1384/1647/1384 1382/1645/1382 1386/1649/1386
f 1386/1649/1386 1387/1650/1387 1384/1647/1384
