# Blender v3.3.0 OBJ File: ''
# www.blender.org
o HadesStage04.005
v 0.065622 0.034818 0.000000
v 0.046402 0.034818 -0.046402
v 0.043799 0.043432 -0.043799
v 0.061941 0.043432 0.000000
v 0.000000 0.034818 -0.065622
v 0.000000 0.043432 -0.061941
v -0.046402 0.034818 -0.046402
v -0.043799 0.043432 -0.043799
v -0.065622 0.034818 0.000000
v -0.061941 0.043432 0.000000
v -0.046402 0.034818 0.046402
v -0.043799 0.043432 0.043799
v 0.000000 0.034818 0.065622
v 0.000000 0.043432 0.061941
v 0.046402 0.034818 0.046402
v 0.043799 0.043432 0.043799
v 0.000000 0.057506 0.000000
v 0.059112 0.026705 0.000000
v 0.041798 0.025285 -0.041939
v 0.000000 0.021857 -0.059310
v -0.041798 0.018429 -0.041939
v -0.059112 0.017009 0.000000
v -0.041798 0.018429 0.041939
v 0.000000 0.021857 0.059310
v 0.041798 0.025285 0.041939
v 0.064693 0.009550 0.000000
v 0.045745 0.009729 -0.045748
v 0.000000 0.010160 -0.064697
v -0.045745 0.010592 -0.045748
v -0.064693 0.010771 0.000000
v -0.045745 0.010592 0.045748
v 0.000000 0.010160 0.064697
v 0.045745 0.009729 0.045748
v 0.049487 -0.016241 0.000425
v 0.034992 -0.017523 -0.034778
v 0.000000 -0.014963 -0.049609
v -0.034992 -0.010060 -0.035379
v -0.049487 -0.005687 -0.000425
v -0.034992 -0.004405 0.034778
v 0.000000 -0.006965 0.049609
v 0.034992 -0.011868 0.035379
v 0.029502 -0.073761 -0.000000
v 0.020861 -0.073679 -0.020862
v 0.000000 -0.073482 -0.029503
v -0.020861 -0.073285 -0.020862
v -0.029502 -0.073204 -0.000000
v -0.020861 -0.073285 0.020862
v 0.000000 -0.073482 0.029503
v 0.020861 -0.073679 0.020862
v 0.000000 -0.106587 -0.000000
v -0.061552 0.080889 -0.027909
v -0.053514 0.170088 -0.070726
v -0.105469 0.157550 -0.095743
v -0.029421 0.096007 -0.053117
v 0.037395 0.164811 -0.089898
v 0.056931 0.101191 -0.015135
v 0.077026 0.194455 -0.036597
v 0.110483 0.188685 0.009243
v -0.041997 0.278419 -0.126678
v -0.117132 0.258328 -0.162039
v 0.084025 0.295508 -0.062698
v 0.046428 0.245322 -0.131603
v -0.065823 0.343968 -0.204520
v 0.062175 0.338204 -0.184891
v -0.001085 0.361833 -0.186112
v 0.109536 0.381816 -0.136395
v 0.156740 0.361531 -0.106836
v 0.022557 0.402628 -0.238621
v 0.081649 0.412076 -0.267470
v 0.122464 0.412873 -0.251547
v 0.110477 0.417175 -0.278697
v 0.137557 0.406977 -0.195116
v -0.034061 0.041259 -0.022535
v -0.015629 0.025731 -0.029176
v 0.025831 0.086013 -0.053564
v 0.029687 0.025951 -0.015831
v 0.033687 0.053248 0.025511
v 0.042111 0.079643 0.029653
v 0.013091 0.023266 -0.029778
v 0.159730 0.270159 -0.034581
v -0.061552 0.078495 -0.029174
v -0.105469 0.155157 -0.097009
v -0.053514 0.167695 -0.071991
v -0.029421 0.093614 -0.054382
v 0.037395 0.162418 -0.091163
v 0.077026 0.192062 -0.037862
v 0.056931 0.098798 -0.016400
v 0.110483 0.186292 0.007978
v -0.117132 0.255935 -0.163304
v -0.041997 0.276026 -0.127943
v 0.046428 0.242929 -0.132868
v 0.084025 0.293115 -0.063963
v -0.065823 0.341575 -0.205785
v -0.001085 0.359440 -0.187377
v 0.062175 0.335811 -0.186156
v 0.109536 0.379423 -0.137661
v 0.156740 0.359137 -0.108101
v 0.022557 0.400235 -0.239886
v 0.081649 0.409683 -0.268735
v 0.110477 0.414782 -0.279962
v 0.122464 0.410480 -0.252812
v 0.137557 0.404584 -0.196381
v -0.034061 0.038866 -0.023800
v 0.025831 0.083620 -0.054829
v -0.015629 0.023338 -0.030441
v 0.029687 0.023558 -0.017097
v 0.042111 0.077250 0.028388
v 0.033687 0.050855 0.024246
v 0.013091 0.020873 -0.031043
v 0.159730 0.267766 -0.035846
v -0.032325 0.083359 0.042455
v -0.084492 0.195606 0.009467
v -0.068029 0.182325 0.059565
v -0.055708 0.108600 0.008881
v -0.069044 0.185992 -0.071794
v 0.007589 0.111278 -0.060137
v -0.004671 0.218671 -0.088924
v 0.043226 0.210522 -0.097032
v -0.115780 0.326505 0.000355
v -0.122892 0.297509 0.066959
v -0.026199 0.335664 -0.107520
v -0.104237 0.279069 -0.097733
v -0.200071 0.395737 0.003783
v -0.147604 0.386227 -0.134547
v -0.166154 0.415278 -0.066047
v -0.084747 0.434792 -0.160960
v -0.039457 0.409226 -0.192994
v -0.212397 0.462711 -0.119666
v -0.216661 0.471186 -0.185493
v -0.186425 0.470366 -0.217247
v -0.216106 0.475887 -0.216538
v -0.128462 0.462844 -0.209699
v -0.012401 0.042762 0.036433
v -0.024608 0.032456 0.012514
v -0.037121 0.095012 -0.041499
v 0.000306 0.025120 -0.027642
v 0.036396 0.056599 -0.022166
v 0.043421 0.086870 -0.028974
v -0.018904 0.022720 -0.017510
v 0.037831 0.303012 -0.155280
v -0.034828 0.083359 0.040682
v -0.070531 0.182325 0.057792
v -0.086994 0.195606 0.007694
v -0.058211 0.108600 0.007108
v -0.071547 0.185992 -0.073567
v -0.007174 0.218671 -0.090697
v 0.005086 0.111278 -0.061910
v 0.040724 0.210522 -0.098805
v -0.125395 0.297509 0.065186
v -0.118283 0.326505 -0.001418
v -0.106740 0.279069 -0.099506
v -0.028702 0.335664 -0.109293
v -0.202574 0.395737 0.002010
v -0.168656 0.415278 -0.067820
v -0.150107 0.386227 -0.136320
v -0.087249 0.434792 -0.162733
v -0.041960 0.409226 -0.194767
v -0.214899 0.462711 -0.121440
v -0.219163 0.471186 -0.187266
v -0.218609 0.475887 -0.218311
v -0.188927 0.470366 -0.219021
v -0.130965 0.462844 -0.211472
v -0.014904 0.042762 0.034660
v -0.039623 0.095012 -0.043272
v -0.027111 0.032456 0.010741
v -0.002197 0.025120 -0.029416
v 0.040918 0.086870 -0.030747
v 0.033893 0.056599 -0.023940
v -0.021407 0.022720 -0.019283
v 0.035328 0.303012 -0.157053
v -0.061451 0.060599 0.040884
v -0.087393 0.116749 -0.005575
v -0.124305 0.116401 0.046295
v -0.066403 0.071250 -0.006655
v -0.082559 0.105425 -0.075900
v -0.007240 0.078341 -0.064050
v -0.021727 0.132449 -0.095884
v 0.013088 0.067234 -0.071130
v 0.017045 0.131576 -0.119968
v -0.150206 0.203307 -0.044971
v -0.193570 0.186330 0.004224
v -0.074960 0.212238 -0.132748
v -0.126645 0.157526 -0.111365
v -0.229974 0.231149 -0.064636
v -0.175364 0.219267 -0.150886
v -0.201111 0.242781 -0.110243
v -0.135239 0.245692 -0.180276
v -0.097044 0.248668 -0.203759
v -0.239380 0.255453 -0.149048
v -0.243211 0.248152 -0.201073
v -0.219674 0.249024 -0.226613
v -0.243212 0.245752 -0.225817
v -0.174478 0.259071 -0.221783
v -0.040989 0.036261 0.025452
v -0.035318 0.026800 -0.003295
v -0.046254 0.055809 -0.048076
v -0.003067 0.023120 -0.026579
v 0.005116 0.041831 -0.049061
v -0.017931 0.020036 -0.018242
v -0.017198 0.203219 -0.167663
v -0.061675 0.058221 0.038645
v -0.124529 0.114023 0.044056
v -0.087617 0.114371 -0.007814
v -0.066626 0.068872 -0.008894
v -0.082783 0.103046 -0.078139
v -0.021951 0.130071 -0.098122
v -0.007464 0.075962 -0.066289
v 0.016821 0.129198 -0.122207
v 0.012865 0.064855 -0.073369
v -0.193794 0.183951 0.001985
v -0.150430 0.200929 -0.047210
v -0.126868 0.155148 -0.113604
v -0.075184 0.209859 -0.134987
v -0.230198 0.228771 -0.066874
v -0.201335 0.240402 -0.112482
v -0.175588 0.216889 -0.153125
v -0.135463 0.243314 -0.182515
v -0.097267 0.246289 -0.205998
v -0.239603 0.253075 -0.151287
v -0.243435 0.245773 -0.203312
v -0.243435 0.243373 -0.228056
v -0.219898 0.246645 -0.228852
v -0.174702 0.256693 -0.224022
v -0.041213 0.033883 0.023213
v -0.046478 0.053430 -0.050315
v -0.035541 0.024422 -0.005534
v -0.003290 0.020742 -0.028818
v 0.004892 0.039453 -0.051300
v -0.018155 0.017658 -0.020480
v -0.017422 0.200841 -0.169902
v 0.014879 0.071555 -0.089456
v 0.063046 0.164284 -0.071865
v 0.067033 0.151747 -0.144161
v 0.047788 0.096007 -0.047968
v 0.115288 0.156444 0.006221
v 0.022908 0.095652 0.056555
v 0.055119 0.188651 0.061362
v -0.016708 0.079643 0.066017
v 0.043677 0.182882 0.114865
v 0.151237 0.272383 -0.075698
v 0.156013 0.252245 -0.158590
v 0.134653 0.291230 0.064433
v 0.173733 0.230209 0.005873
v 0.239045 0.319522 -0.120836
v 0.257898 0.305545 0.006644
v 0.246149 0.334542 -0.053212
v 0.238796 0.354365 0.067871
v 0.220565 0.336977 0.121524
v 0.311984 0.359044 -0.046454
v 0.358632 0.355273 0.000696
v 0.356447 0.355660 0.044459
v 0.378900 0.354583 0.024609
v 0.307619 0.361842 0.076467
v 0.003939 0.039015 -0.044316
v 0.028646 0.030913 -0.029104
v 0.061412 0.084091 0.005759
v 0.024332 0.025951 0.023236
v -0.013678 0.053248 0.039982
v 0.032380 0.023266 0.003107
v 0.122308 0.266270 0.150602
v 0.017496 0.069769 -0.089456
v 0.069650 0.149961 -0.144161
v 0.065663 0.162498 -0.071865
v 0.050405 0.094221 -0.047968
v 0.117905 0.154658 0.006221
v 0.057736 0.186865 0.061362
v 0.025525 0.093866 0.056555
v 0.046294 0.181095 0.114865
v -0.014091 0.077857 0.066017
v 0.158630 0.250459 -0.158590
v 0.153854 0.270597 -0.075698
v 0.176350 0.228423 0.005873
v 0.137270 0.289444 0.064433
v 0.241662 0.317736 -0.120836
v 0.248766 0.332756 -0.053212
v 0.260515 0.303759 0.006644
v 0.241413 0.352578 0.067871
v 0.223182 0.335191 0.121524
v 0.314601 0.357258 -0.046454
v 0.361249 0.353487 0.000696
v 0.381517 0.352797 0.024609
v 0.359064 0.353873 0.044459
v 0.310236 0.360056 0.076467
v 0.006556 0.037228 -0.044316
v 0.064029 0.082304 0.005759
v 0.031263 0.029126 -0.029104
v 0.026949 0.024164 0.023236
v -0.011061 0.051462 0.039982
v 0.034997 0.021480 0.003107
v 0.124925 0.264483 0.150602
v 0.004262 0.078777 0.056787
v -0.080994 0.164284 0.102161
v -0.045890 0.151747 0.127600
v -0.031702 0.096007 0.071065
v -0.118636 0.156444 0.054489
v -0.064456 0.095652 -0.008357
v -0.101546 0.188651 -0.008943
v -0.044614 0.079643 -0.037469
v -0.115641 0.182882 -0.061808
v -0.126006 0.272383 0.124278
v -0.109982 0.252245 0.187009
v -0.164862 0.291230 0.022238
v -0.157462 0.230209 0.073643
v -0.175482 0.319522 0.202898
v -0.232803 0.305545 0.111167
v -0.195160 0.334542 0.159164
v -0.243581 0.354365 0.047942
v -0.267330 0.336977 0.010374
v -0.256888 0.359044 0.183033
v -0.319857 0.355273 0.162200
v -0.337778 0.355660 0.122216
v -0.348773 0.354583 0.150096
v -0.308805 0.361842 0.071528
v 0.011556 0.039015 0.029143
v -0.013843 0.030913 0.033029
v -0.067373 0.084091 0.028800
v -0.032229 0.025951 -0.009657
v -0.039547 0.033046 -0.020500
v -0.030261 0.023266 0.011932
v -0.192985 0.266270 -0.060143
v 0.001415 0.074954 0.056787
v -0.048737 0.147924 0.127600
v -0.083841 0.160462 0.102161
v -0.034549 0.092184 0.071065
v -0.121483 0.152622 0.054489
v -0.104392 0.184829 -0.008943
v -0.067303 0.091830 -0.008357
v -0.118488 0.179059 -0.061808
v -0.047461 0.075821 -0.037469
v -0.112829 0.248423 0.187009
v -0.128853 0.268561 0.124278
v -0.160309 0.226386 0.073643
v -0.167709 0.287408 0.022238
v -0.178329 0.315699 0.202898
v -0.198007 0.330719 0.159164
v -0.235650 0.301723 0.111167
v -0.246428 0.350542 0.047942
v -0.270177 0.333154 0.010374
v -0.259734 0.355222 0.183033
v -0.322704 0.351451 0.162200
v -0.351620 0.350761 0.150096
v -0.340625 0.351837 0.122216
v -0.311652 0.358020 0.071528
v 0.008709 0.035192 0.029143
v -0.070220 0.080268 0.028800
v -0.016690 0.027090 0.033029
v -0.035076 0.022128 -0.009657
v -0.042394 0.029223 -0.020500
v -0.033108 0.019444 0.011932
v -0.195832 0.262447 -0.060143
v 0.060983 0.087339 0.000599
v 0.058986 0.196053 0.058984
v 0.109219 0.188598 0.017182
v 0.037304 0.108431 0.042656
v -0.022828 0.178128 0.099511
v -0.056244 0.105612 0.038406
v -0.076986 0.209851 0.073283
v -0.122174 0.201139 0.039085
v 0.055935 0.324016 0.108533
v 0.124191 0.301590 0.071354
v -0.084581 0.324461 0.109388
v -0.023504 0.268110 0.159216
v 0.108414 0.392339 0.175523
v -0.030390 0.371050 0.223049
v 0.032072 0.405917 0.195426
v -0.093929 0.417746 0.194948
v -0.145912 0.389914 0.179010
v 0.017873 0.447838 0.268256
v -0.030210 0.450332 0.314137
v -0.073839 0.447003 0.311192
v -0.054578 0.452237 0.333855
v -0.104828 0.440830 0.261445
v 0.034605 0.045811 -0.012487
v 0.022670 0.032700 0.018057
v -0.013952 0.090193 0.059430
v -0.023560 0.022070 0.024129
v -0.042359 0.054880 -0.011541
v -0.053937 0.084494 -0.010579
v -0.003334 0.020375 0.032222
v -0.162708 0.287274 0.102836
v 0.060983 0.084393 0.003990
v 0.109219 0.185651 0.020573
v 0.058986 0.193106 0.062375
v 0.037304 0.105484 0.046047
v -0.022828 0.175181 0.102901
v -0.076986 0.206905 0.076674
v -0.056244 0.102666 0.041797
v -0.122174 0.198193 0.042476
v 0.124191 0.298643 0.074745
v 0.055935 0.321069 0.111924
v -0.023504 0.265163 0.162607
v -0.084581 0.321514 0.112778
v 0.108414 0.389393 0.178914
v 0.032072 0.402970 0.198816
v -0.030390 0.368104 0.226440
v -0.093929 0.414799 0.198339
v -0.145912 0.386967 0.182401
v 0.017873 0.444891 0.271647
v -0.030210 0.447385 0.317527
v -0.054578 0.449290 0.337245
v -0.073839 0.444057 0.314583
v -0.104828 0.437883 0.264835
v 0.034605 0.042865 -0.009096
v -0.013952 0.087247 0.062821
v 0.022670 0.029753 0.021447
v -0.023560 0.019123 0.027520
v -0.053937 0.081548 -0.007188
v -0.042359 0.051933 -0.008150
v -0.003334 0.017428 0.035613
v -0.162708 0.284327 0.106227
v 0.065211 0.060599 -0.034572
v 0.086107 0.116749 0.010634
v 0.128292 0.116401 -0.033708
v 0.065113 0.071250 0.009622
v 0.069988 0.116417 0.077177
v 0.000837 0.078341 0.064453
v 0.012087 0.132449 0.097569
v -0.036406 0.067234 0.073591
v -0.028887 0.131576 0.117679
v 0.144991 0.203307 0.059681
v 0.193031 0.186330 0.015041
v 0.061391 0.212238 0.139542
v 0.107932 0.168518 0.114777
v 0.222409 0.231149 0.087178
v 0.159495 0.219267 0.167573
v 0.189155 0.242781 0.129690
v 0.116647 0.245692 0.192828
v 0.076306 0.248668 0.212397
v 0.223376 0.255453 0.172108
v 0.222017 0.248152 0.224255
v 0.196057 0.249024 0.247329
v 0.219557 0.245752 0.248877
v 0.151565 0.259071 0.238030
v 0.043316 0.036261 -0.021251
v 0.034815 0.026800 0.006790
v 0.035122 0.064957 0.041791
v 0.000409 0.023120 0.026752
v -0.026279 0.041831 0.052424
v 0.016029 0.020036 0.019934
v 0.000445 0.203219 0.168542
v 0.065211 0.058221 -0.032322
v 0.128292 0.114023 -0.031458
v 0.086107 0.114371 0.012884
v 0.065113 0.068872 0.011872
v 0.069988 0.114038 0.079427
v 0.012087 0.130071 0.099819
v 0.000837 0.075962 0.066703
v -0.028887 0.129198 0.119929
v -0.036406 0.064855 0.075841
v 0.193031 0.183951 0.017291
v 0.144991 0.200929 0.061931
v 0.107932 0.166140 0.117027
v 0.061391 0.209859 0.141792
v 0.222409 0.228771 0.089428
v 0.189155 0.240402 0.131940
v 0.159495 0.216889 0.169823
v 0.116647 0.243314 0.195078
v 0.076306 0.246289 0.214647
v 0.223376 0.253075 0.174358
v 0.222017 0.245773 0.226505
v 0.219557 0.243373 0.251127
v 0.196057 0.246645 0.249579
v 0.151565 0.256693 0.240280
v 0.043316 0.033883 -0.019001
v 0.035122 0.062578 0.044041
v 0.034815 0.024422 0.009040
v 0.000409 0.020742 0.029002
v -0.026279 0.039453 0.054674
v 0.016029 0.017658 0.022184
v 0.000445 0.200841 0.170792
v 0.017390 0.037394 -0.005462
v 0.028578 0.141173 -0.003616
v 0.028052 0.141266 -0.009717
v 0.016979 0.037394 -0.010230
v 0.019515 0.037394 -0.004166
v 0.031295 0.140694 -0.001958
v 0.021984 0.037394 -0.004385
v 0.034453 0.140137 -0.002239
v 0.024412 0.037394 -0.008488
v 0.037559 0.139589 -0.007488
v 0.021319 0.037394 -0.012101
v 0.033603 0.140287 -0.012109
v 0.119294 0.400838 -0.012990
v 0.120621 0.401502 -0.018931
v 0.072846 0.274129 -0.020997
v 0.073257 0.273600 -0.014910
v 0.121155 0.399412 -0.010784
v 0.075835 0.272588 -0.013269
v 0.123962 0.397904 -0.010326
v 0.078864 0.271540 -0.013564
v 0.128173 0.396755 -0.014620
v 0.081919 0.270795 -0.018819
v 0.126109 0.398979 -0.019938
v 0.078199 0.272395 -0.023413
v 0.007364 0.037394 -0.008872
v 0.010276 0.204340 -0.010864
v 0.004726 0.204340 -0.008277
v 0.003026 0.037394 -0.006849
v 0.007844 0.037394 -0.011342
v 0.010890 0.204340 -0.014025
v 0.006781 0.037394 -0.013623
v 0.009529 0.204340 -0.016942
v 0.002082 0.037394 -0.014537
v 0.003519 0.204340 -0.018111
v -0.000239 0.037394 -0.010350
v 0.000550 0.204340 -0.012755
v -0.007573 0.497607 -0.083562
v -0.013563 0.498492 -0.082650
v -0.015193 0.360532 -0.030021
v -0.009643 0.360082 -0.032570
v -0.006211 0.496526 -0.086271
v -0.009029 0.359534 -0.035682
v -0.006815 0.495528 -0.089272
v -0.010389 0.359027 -0.038555
v -0.012337 0.495128 -0.091888
v -0.016400 0.358824 -0.039706
v -0.016508 0.496960 -0.087795
v -0.019369 0.359754 -0.034431
v 0.007809 0.590657 -0.140966
v 0.001841 0.591750 -0.140137
v 0.009143 0.589321 -0.143574
v 0.008513 0.588088 -0.146480
v 0.002981 0.587594 -0.149059
v -0.001142 0.589858 -0.145139
v 0.000869 0.037394 -0.015161
v -0.015622 0.166466 -0.029429
v -0.021172 0.166466 -0.026841
v -0.003469 0.037394 -0.013138
v 0.001350 0.037394 -0.017631
v -0.015008 0.166466 -0.032589
v 0.000286 0.037394 -0.019912
v -0.016369 0.166466 -0.035506
v -0.004413 0.037394 -0.020826
v -0.022379 0.166466 -0.036675
v -0.006734 0.037394 -0.016639
v -0.025348 0.166466 -0.031319
v 0.039322 0.358066 -0.085802
v 0.033332 0.358951 -0.084890
v -0.003151 0.279495 -0.048707
v 0.002398 0.278011 -0.050827
v 0.040684 0.356985 -0.088512
v 0.003013 0.276199 -0.053416
v 0.040080 0.355988 -0.091512
v 0.001652 0.274525 -0.055806
v 0.034558 0.355588 -0.094128
v -0.004359 0.273855 -0.056763
v 0.030388 0.357420 -0.090036
v -0.007327 0.276927 -0.052376
v 0.035696 0.362229 -0.091770
v 0.005687 0.037394 0.011034
v 0.022147 0.166466 0.016399
v 0.028247 0.166466 0.015865
v 0.010455 0.037394 0.010617
v 0.004391 0.037394 0.013191
v 0.020489 0.166466 0.019158
v 0.004610 0.037394 0.015698
v 0.020769 0.166466 0.022365
v 0.008713 0.037394 0.018164
v 0.026018 0.166466 0.025519
v 0.012326 0.037394 0.015023
v 0.030639 0.166466 0.021502
v 0.054091 0.331481 0.052137
v 0.059465 0.328799 0.053328
v 0.049743 0.253270 0.036881
v 0.043657 0.252821 0.037378
v 0.051663 0.331861 0.054217
v 0.042015 0.252272 0.040092
v 0.050716 0.331307 0.057243
v 0.042311 0.251765 0.043258
v 0.054004 0.328516 0.061590
v 0.047566 0.251562 0.046395
v 0.059411 0.326966 0.059170
v 0.052159 0.252492 0.042454
v 0.057598 0.334108 0.058984
v -0.004118 0.037394 0.009352
v 0.006388 0.163016 0.022162
v 0.010718 0.163016 0.026492
v -0.000733 0.037394 0.012737
v -0.006603 0.037394 0.009746
v 0.003208 0.163016 0.022665
v -0.008383 0.037394 0.011526
v 0.000932 0.163016 0.024942
v -0.007634 0.037394 0.016254
v 0.001890 0.163016 0.030990
v -0.002906 0.037394 0.017002
v 0.007938 0.163016 0.031948
v -0.052959 0.329889 0.054085
v -0.051301 0.332435 0.059401
v 0.000433 0.249341 0.042933
v -0.003804 0.248519 0.038589
v -0.054571 0.327125 0.053732
v -0.006879 0.247699 0.039077
v -0.055931 0.324681 0.055326
v -0.009061 0.247000 0.041338
v -0.056111 0.324009 0.061410
v -0.008073 0.246883 0.047380
v -0.053249 0.328801 0.063928
v -0.002205 0.248330 0.048365
v -0.091317 0.372677 0.062654
v -0.089421 0.375034 0.067978
v -0.093167 0.370067 0.062291
v -0.094729 0.367741 0.063877
v -0.094941 0.367048 0.069957
v -0.091662 0.371555 0.072492
v -0.015431 0.037394 0.003778
v -0.041618 0.197114 -0.016274
v -0.043712 0.197114 -0.010520
v -0.017068 0.037394 0.008276
v -0.016838 0.037394 0.001691
v -0.043418 0.197114 -0.018943
v -0.019203 0.037394 0.000831
v -0.046443 0.197114 -0.020044
v -0.023171 0.037394 0.003507
v -0.051520 0.197114 -0.016620
v -0.021852 0.037394 0.008109
v -0.049832 0.197114 -0.010734
v -0.086009 0.455288 -0.048146
v -0.089509 0.456903 -0.043388
v -0.048901 0.315430 -0.007877
v -0.046779 0.314981 -0.013603
v -0.087053 0.454047 -0.050928
v -0.048545 0.314432 -0.016238
v -0.089679 0.453130 -0.052548
v -0.051539 0.313925 -0.017308
v -0.095446 0.453413 -0.050510
v -0.056603 0.313722 -0.013871
v -0.095341 0.455744 -0.044849
v -0.054973 0.314652 -0.008042
v -0.092404 0.459864 -0.050209
v 0.006835 0.037394 -0.000492
v 0.003354 0.204340 0.000083
v 0.009478 0.204340 0.000083
v 0.011622 0.037394 -0.000492
v 0.005356 0.037394 0.001544
v 0.001462 0.204340 0.002688
v 0.005356 0.037394 0.004060
v 0.001462 0.204340 0.005907
v 0.009229 0.037394 0.006874
v 0.006416 0.204340 0.009506
v 0.013101 0.037394 0.004060
v 0.011370 0.204340 0.005907
v -0.012771 0.497607 0.030258
v -0.006957 0.498492 0.031962
v 0.005706 0.360532 0.006697
v -0.000401 0.360082 0.006662
v -0.015150 0.496526 0.032138
v -0.002273 0.359534 0.009223
v -0.015871 0.495528 0.035113
v -0.002254 0.359027 0.012402
v -0.011972 0.495129 0.039817
v 0.002707 0.358824 0.015985
v -0.006463 0.496960 0.037870
v 0.007627 0.359754 0.012459
v -0.042725 0.554437 0.064490
v -0.036937 0.556934 0.065729
v -0.043815 0.551810 0.065633
v -0.043959 0.551388 0.068821
v -0.039283 0.551926 0.072738
v -0.034285 0.553408 0.069525
v 0.040605 0.365850 -0.119507
v 0.028787 0.372677 -0.116642
v 0.030210 0.374690 -0.117471
v 0.041366 0.368246 -0.120175
v 0.024890 0.382073 -0.107101
v 0.026532 0.383559 -0.108465
v 0.031198 0.388533 -0.096472
v 0.032487 0.389657 -0.098433
v 0.044016 0.388274 -0.090982
v 0.044585 0.389412 -0.093251
v 0.055835 0.381447 -0.093847
v 0.055740 0.382967 -0.095955
v 0.059731 0.372051 -0.103388
v 0.059418 0.374099 -0.104961
v 0.053423 0.365590 -0.114017
v 0.053464 0.368001 -0.114993
v 0.044061 0.381716 -0.109112
v 0.040148 0.365298 -0.116708
v 0.029355 0.371167 -0.113890
v 0.025565 0.378932 -0.104712
v 0.030999 0.384044 -0.094552
v 0.042472 0.383508 -0.089361
v 0.053265 0.377639 -0.092179
v 0.057055 0.369874 -0.101357
v 0.051622 0.364762 -0.111517
v 0.038679 0.360825 -0.114997
v 0.027041 0.367593 -0.112203
v 0.023233 0.376944 -0.102871
v 0.029485 0.383402 -0.092466
v 0.042136 0.383182 -0.087084
v 0.053774 0.376415 -0.089878
v 0.057582 0.367063 -0.099210
v 0.051330 0.360606 -0.109615
v 0.037197 0.358100 -0.107283
v 0.028129 0.363002 -0.104910
v 0.025299 0.370638 -0.098161
v 0.030364 0.376536 -0.090989
v 0.040358 0.377240 -0.087595
v 0.049425 0.372339 -0.089968
v 0.052255 0.364702 -0.096717
v 0.047190 0.358805 -0.103889
v 0.033164 0.349748 -0.093144
v 0.027857 0.352834 -0.091871
v 0.026120 0.357099 -0.087615
v 0.028971 0.360043 -0.082870
v 0.034740 0.359943 -0.080416
v 0.040048 0.356857 -0.081690
v 0.041784 0.352593 -0.085945
v 0.038933 0.349648 -0.090690
v 0.031397 0.348055 -0.081136
v 0.031967 0.391832 -0.097208
v 0.025699 0.406273 -0.119994
v 0.026005 0.414358 -0.108872
v 0.016899 0.431483 -0.162566
v 0.010822 0.443307 -0.149742
v 0.027443 0.391088 -0.127936
v 0.037435 0.407168 -0.173188
v 0.017681 0.407517 -0.166177
v 0.040780 0.387807 -0.133015
v 0.052645 0.380395 -0.131219
v -0.003315 0.456309 -0.215851
v -0.001635 0.439019 -0.226422
v -0.000239 0.450646 -0.224450
v 0.009561 0.441761 -0.233497
v 0.014545 0.434492 -0.230988
v -0.013798 0.458874 -0.255283
v -0.018091 0.454088 -0.270364
v -0.014191 0.449614 -0.271935
v -0.027000 0.451172 -0.287403
v -0.002922 0.446500 -0.260206
v 0.034038 0.382472 -0.112842
v 0.033709 0.375063 -0.099574
v 0.044351 0.374221 -0.100635
v 0.048080 0.375387 -0.106980
v 0.047486 0.389735 -0.172693
v 0.035018 0.383654 -0.094218
v 0.031251 0.391546 -0.097878
v 0.025289 0.414071 -0.109541
v 0.024983 0.405986 -0.120663
v 0.010105 0.443020 -0.150411
v 0.016183 0.431197 -0.163235
v 0.026727 0.390802 -0.128605
v 0.016965 0.407231 -0.166846
v 0.036719 0.406881 -0.173857
v 0.040064 0.387520 -0.133684
v 0.051929 0.380108 -0.131888
v -0.004031 0.456022 -0.216521
v -0.000955 0.450359 -0.225120
v -0.002351 0.438732 -0.227092
v 0.008845 0.441475 -0.234166
v 0.013829 0.434205 -0.231657
v -0.014515 0.458588 -0.255952
v -0.018808 0.453801 -0.271034
v -0.027717 0.450885 -0.288072
v -0.014908 0.449328 -0.272604
v -0.003639 0.446214 -0.260876
v 0.033322 0.382185 -0.113511
v 0.047364 0.375100 -0.107650
v 0.043635 0.373934 -0.101304
v 0.032993 0.374777 -0.100243
v 0.046769 0.389448 -0.173362
v 0.034301 0.383367 -0.094887
v 0.031675 0.376356 -0.118800
v 0.043885 0.384436 -0.142308
v 0.030353 0.386875 -0.142604
v 0.067863 0.400845 -0.183310
v 0.050365 0.399958 -0.189158
v 0.058284 0.378924 -0.134629
v 0.091009 0.405688 -0.159506
v 0.082611 0.388665 -0.168405
v 0.065718 0.388766 -0.126735
v 0.068998 0.393623 -0.113906
v 0.100120 0.410253 -0.235610
v 0.117812 0.404061 -0.227725
v 0.110656 0.411336 -0.233801
v 0.123856 0.416040 -0.226025
v 0.125705 0.415350 -0.217076
v 0.132070 0.411821 -0.261066
v 0.147033 0.408928 -0.267111
v 0.150970 0.409833 -0.262489
v 0.162302 0.403841 -0.278028
v 0.143475 0.414520 -0.248485
v 0.050002 0.376053 -0.118236
v 0.041982 0.368749 -0.107588
v 0.044458 0.376967 -0.101152
v 0.049821 0.381955 -0.102523
v 0.100043 0.403703 -0.141629
v 0.033333 0.373509 -0.110182
v 0.032786 0.375165 -0.119730
v 0.031464 0.385684 -0.143533
v 0.044996 0.383245 -0.143237
v 0.051476 0.398768 -0.190087
v 0.068975 0.399655 -0.184240
v 0.059396 0.377734 -0.135558
v 0.083723 0.387475 -0.169334
v 0.092121 0.404497 -0.160436
v 0.066830 0.387576 -0.127665
v 0.070109 0.392432 -0.114835
v 0.101231 0.409062 -0.236539
v 0.111768 0.410146 -0.234730
v 0.118923 0.402871 -0.228655
v 0.124967 0.414850 -0.226955
v 0.126816 0.414159 -0.218006
v 0.133182 0.410631 -0.261996
v 0.148144 0.407737 -0.268041
v 0.163413 0.402651 -0.278957
v 0.152082 0.408643 -0.263418
v 0.144587 0.413330 -0.249415
v 0.051114 0.374863 -0.119165
v 0.050932 0.380765 -0.103453
v 0.045569 0.375777 -0.102081
v 0.043094 0.367559 -0.108517
v 0.101154 0.402512 -0.142558
v 0.034444 0.372318 -0.111111
v 0.043318 0.386029 -0.104463
v 0.042824 0.414276 -0.124096
v 0.046926 0.413388 -0.113710
v 0.042986 0.464668 -0.161366
v 0.044807 0.467797 -0.148118
v 0.037641 0.406805 -0.132060
v 0.045407 0.445349 -0.175559
v 0.034427 0.447783 -0.165299
v 0.043919 0.402977 -0.139363
v 0.048430 0.391943 -0.140098
v 0.035283 0.525532 -0.206385
v 0.029065 0.518115 -0.216810
v 0.034292 0.525564 -0.215036
v 0.036083 0.521062 -0.225441
v 0.036624 0.512008 -0.224202
v 0.026500 0.556560 -0.240844
v 0.020877 0.563962 -0.254075
v 0.021429 0.560118 -0.256354
v 0.013020 0.575668 -0.268205
v 0.028027 0.546273 -0.247701
v 0.039764 0.388018 -0.119503
v 0.038053 0.373706 -0.107293
v 0.043971 0.370125 -0.110319
v 0.046047 0.373881 -0.116882
v 0.045087 0.427844 -0.177337
v 0.042424 0.376600 -0.102427
v 0.041954 0.386386 -0.104650
v 0.045563 0.413745 -0.113897
v 0.041460 0.414634 -0.124283
v 0.043443 0.468154 -0.148306
v 0.041622 0.465026 -0.161553
v 0.036278 0.407163 -0.132248
v 0.033063 0.448140 -0.165486
v 0.044044 0.445706 -0.175746
v 0.042555 0.403334 -0.139551
v 0.047066 0.392300 -0.140285
v 0.033919 0.525890 -0.206573
v 0.032928 0.525921 -0.215223
v 0.027702 0.518472 -0.216997
v 0.034719 0.521420 -0.225628
v 0.035260 0.512366 -0.224390
v 0.025136 0.556917 -0.241031
v 0.019514 0.564319 -0.254263
v 0.011657 0.576025 -0.268393
v 0.020066 0.560476 -0.256542
v 0.026664 0.546630 -0.247889
v 0.038400 0.388375 -0.119690
v 0.044683 0.374238 -0.117069
v 0.042607 0.370483 -0.110507
v 0.036689 0.374064 -0.107481
v 0.043724 0.428201 -0.177524
v 0.041060 0.376957 -0.102614
v 0.034293 0.379154 -0.116405
v 0.045627 0.397986 -0.140851
v 0.035019 0.396395 -0.138460
v 0.067383 0.433368 -0.183932
v 0.054348 0.430280 -0.186168
v 0.056357 0.394500 -0.136483
v 0.082974 0.434031 -0.165571
v 0.078002 0.421906 -0.172969
v 0.060983 0.401123 -0.130086
v 0.062133 0.400784 -0.118355
v 0.096932 0.469897 -0.239571
v 0.110235 0.466679 -0.235660
v 0.104917 0.472859 -0.239835
v 0.114262 0.477037 -0.234820
v 0.114900 0.473480 -0.226683
v 0.124090 0.489663 -0.269865
v 0.136420 0.493766 -0.278577
v 0.139016 0.493718 -0.274906
v 0.149535 0.498139 -0.292052
v 0.131680 0.489902 -0.259997
v 0.048515 0.383601 -0.119392
v 0.041602 0.371543 -0.107957
v 0.042574 0.376135 -0.102047
v 0.046659 0.382025 -0.104221
v 0.088429 0.427879 -0.150359
v 0.034906 0.373983 -0.108614
v 0.034860 0.378706 -0.116687
v 0.035586 0.395947 -0.138743
v 0.046194 0.397538 -0.141134
v 0.054915 0.429832 -0.186450
v 0.067950 0.432920 -0.184214
v 0.056925 0.394052 -0.136765
v 0.078569 0.421458 -0.173252
v 0.083541 0.433583 -0.165853
v 0.061550 0.400675 -0.130368
v 0.062701 0.400336 -0.118637
v 0.097500 0.469449 -0.239853
v 0.105484 0.472411 -0.240118
v 0.110803 0.466231 -0.235943
v 0.114829 0.476589 -0.235102
v 0.115467 0.473032 -0.226965
v 0.124658 0.489215 -0.270147
v 0.136987 0.493318 -0.278859
v 0.150103 0.497691 -0.292334
v 0.139583 0.493271 -0.275188
v 0.132248 0.489454 -0.260280
v 0.049082 0.383153 -0.119674
v 0.047226 0.381577 -0.104503
v 0.043142 0.375687 -0.102329
v 0.042169 0.371095 -0.108239
v 0.088996 0.427431 -0.150642
v 0.035473 0.373535 -0.108897
v 0.052761 0.374657 -0.110140
v 0.064526 0.400725 -0.121344
v 0.069924 0.391364 -0.120867
v 0.084305 0.448241 -0.143082
v 0.094442 0.439842 -0.140150
v 0.053657 0.405243 -0.118715
v 0.060759 0.448010 -0.147624
v 0.067884 0.447462 -0.134587
v 0.046795 0.405435 -0.126342
v 0.037702 0.398837 -0.128882
v 0.107724 0.509428 -0.162475
v 0.095445 0.516123 -0.159880
v 0.102798 0.515743 -0.164874
v 0.093369 0.519880 -0.169669
v 0.086762 0.514744 -0.168313
v 0.112865 0.550702 -0.172472
v 0.111047 0.565617 -0.173678
v 0.106675 0.565171 -0.174437
v 0.112078 0.584132 -0.173926
v 0.100737 0.549994 -0.174834
v 0.045656 0.387380 -0.113010
v 0.040858 0.373591 -0.104779
v 0.036595 0.371187 -0.110522
v 0.036050 0.376285 -0.115360
v 0.045544 0.441546 -0.145385
v 0.046216 0.369506 -0.107180
v 0.052643 0.375230 -0.109505
v 0.069805 0.391937 -0.120232
v 0.064407 0.401298 -0.120709
v 0.094324 0.440415 -0.139514
v 0.084187 0.448813 -0.142447
v 0.053539 0.405815 -0.118080
v 0.067766 0.448035 -0.133952
v 0.060641 0.448582 -0.146989
v 0.046676 0.406008 -0.125707
v 0.037584 0.399409 -0.128246
v 0.107606 0.510000 -0.161840
v 0.102679 0.516316 -0.164239
v 0.095327 0.516695 -0.159245
v 0.093251 0.520452 -0.169034
v 0.086644 0.515316 -0.167678
v 0.112746 0.551275 -0.171837
v 0.110929 0.566190 -0.173042
v 0.111960 0.584704 -0.173291
v 0.106557 0.565743 -0.173802
v 0.100619 0.550566 -0.174199
v 0.045537 0.387952 -0.112375
v 0.035932 0.376858 -0.114725
v 0.036476 0.371759 -0.109887
v 0.040740 0.374164 -0.104143
v 0.045425 0.442119 -0.144749
v 0.046098 0.370078 -0.106545
v 0.048934 0.374292 -0.110527
v 0.068551 0.392205 -0.118355
v 0.068311 0.381156 -0.126541
v 0.102001 0.426819 -0.132792
v 0.108139 0.411677 -0.141409
v 0.062715 0.401614 -0.105160
v 0.077471 0.445919 -0.120172
v 0.091364 0.432643 -0.111793
v 0.052026 0.411178 -0.108112
v 0.038268 0.414180 -0.107322
v 0.148219 0.467644 -0.140628
v 0.142342 0.479685 -0.125331
v 0.145979 0.477254 -0.136372
v 0.136898 0.489847 -0.132404
v 0.128576 0.489843 -0.128567
v 0.171367 0.500804 -0.134638
v 0.177750 0.513915 -0.127145
v 0.173008 0.517111 -0.124913
v 0.189440 0.527130 -0.118963
v 0.158374 0.510217 -0.128456
v 0.048172 0.390487 -0.101956
v 0.040462 0.378620 -0.096409
v 0.031749 0.383288 -0.100577
v 0.031409 0.390387 -0.102818
v 0.060941 0.450437 -0.109613
v 0.041599 0.373265 -0.105024
v 0.049845 0.374671 -0.109658
v 0.069221 0.381535 -0.125673
v 0.069462 0.392584 -0.117487
v 0.109049 0.412057 -0.140541
v 0.102911 0.427198 -0.131924
v 0.063625 0.401993 -0.104292
v 0.092274 0.433022 -0.110925
v 0.078382 0.446299 -0.119304
v 0.052936 0.411557 -0.107244
v 0.039178 0.414559 -0.106453
v 0.149129 0.468023 -0.139760
v 0.146889 0.477633 -0.135503
v 0.143252 0.480065 -0.124463
v 0.137809 0.490227 -0.131536
v 0.129486 0.490222 -0.127699
v 0.172278 0.501184 -0.133770
v 0.178661 0.514295 -0.126277
v 0.190350 0.527509 -0.118095
v 0.173918 0.517490 -0.124045
v 0.159284 0.510596 -0.127588
v 0.049083 0.390866 -0.101088
v 0.032320 0.390766 -0.101950
v 0.032660 0.383667 -0.099709
v 0.041373 0.378999 -0.095540
v 0.061851 0.450817 -0.108745
v 0.042510 0.373644 -0.104156
v 0.046286 0.390625 -0.090270
v 0.043880 0.417223 -0.097603
v 0.053933 0.415464 -0.088384
v 0.039917 0.464637 -0.113777
v 0.049347 0.466697 -0.098029
v 0.031330 0.411406 -0.107868
v 0.031400 0.447351 -0.141245
v 0.022309 0.450502 -0.122620
v 0.035214 0.407447 -0.121421
v 0.037938 0.396873 -0.130349
v 0.024677 0.522889 -0.129225
v 0.009621 0.517354 -0.141723
v 0.019327 0.523407 -0.138530
v 0.015645 0.519525 -0.153636
v 0.014559 0.511166 -0.157230
v 0.005098 0.553676 -0.147667
v -0.006585 0.561672 -0.155936
v -0.007932 0.558202 -0.160818
v -0.020512 0.573902 -0.161823
v 0.001205 0.544414 -0.161620
v 0.035071 0.393513 -0.104489
v 0.034752 0.380186 -0.097186
v 0.040227 0.376317 -0.105561
v 0.040892 0.379753 -0.112140
v 0.025539 0.431535 -0.152230
v 0.043574 0.382069 -0.092409
v 0.045674 0.390944 -0.090163
v 0.053322 0.415783 -0.088277
v 0.043268 0.417541 -0.097496
v 0.048736 0.467016 -0.097922
v 0.039306 0.464955 -0.113670
v 0.030719 0.411725 -0.107761
v 0.021697 0.450821 -0.122513
v 0.030788 0.447670 -0.141138
v 0.034603 0.407766 -0.121314
v 0.037326 0.397192 -0.130242
v 0.024066 0.523208 -0.129118
v 0.018715 0.523725 -0.138423
v 0.009010 0.517672 -0.141616
v 0.015034 0.519844 -0.153529
v 0.013947 0.511485 -0.157123
v 0.004486 0.553995 -0.147560
v -0.007196 0.561991 -0.155829
v -0.021123 0.574221 -0.161716
v -0.008543 0.558521 -0.160711
v 0.000594 0.544732 -0.161514
v 0.034459 0.393832 -0.104383
v 0.040281 0.380072 -0.112033
v 0.039616 0.376635 -0.105454
v 0.034141 0.380505 -0.097079
v 0.024928 0.431854 -0.152123
v 0.042963 0.382388 -0.092302
v 0.129101 0.420685 -0.030459
v 0.120448 0.425304 -0.020545
v 0.122533 0.426740 -0.019945
v 0.130700 0.422380 -0.029304
v 0.119857 0.424163 -0.006658
v 0.121975 0.425664 -0.006838
v 0.127674 0.417932 0.003067
v 0.129353 0.419782 0.002342
v 0.139319 0.410260 0.002933
v 0.140345 0.412540 0.002215
v 0.147972 0.405641 -0.006982
v 0.148512 0.408181 -0.007143
v 0.148563 0.406782 -0.020869
v 0.149070 0.409257 -0.020251
v 0.140747 0.413013 -0.030593
v 0.141692 0.415139 -0.029430
v 0.137666 0.420708 -0.013186
v 0.128372 0.418296 -0.029009
v 0.120331 0.422147 -0.020099
v 0.119263 0.420336 -0.007671
v 0.125795 0.413925 0.000995
v 0.136100 0.406667 0.000823
v 0.144141 0.402816 -0.008087
v 0.145208 0.404627 -0.020515
v 0.138677 0.411038 -0.029181
v 0.125325 0.414780 -0.030866
v 0.116821 0.419375 -0.021087
v 0.116304 0.418351 -0.007385
v 0.124076 0.412307 0.002213
v 0.135584 0.404785 0.002085
v 0.144088 0.400190 -0.007694
v 0.144605 0.401214 -0.021396
v 0.136833 0.407257 -0.030994
v 0.122673 0.407564 -0.027699
v 0.115907 0.410779 -0.020232
v 0.115777 0.410555 -0.009658
v 0.122360 0.407022 -0.002171
v 0.131800 0.402251 -0.002157
v 0.138567 0.399036 -0.009624
v 0.138696 0.399260 -0.020198
v 0.132113 0.402793 -0.027684
v 0.115374 0.392759 -0.024031
v 0.111497 0.394855 -0.019572
v 0.111261 0.394388 -0.013323
v 0.114805 0.391632 -0.008946
v 0.120053 0.388201 -0.009005
v 0.123931 0.386106 -0.013464
v 0.124167 0.386573 -0.019712
v 0.120623 0.389329 -0.024089
v 0.112671 0.382840 -0.017360
v 0.124670 0.425979 -0.009882
v 0.123325 0.447861 -0.023140
v 0.120000 0.451000 -0.011212
v 0.123742 0.487133 -0.048070
v 0.113563 0.493023 -0.034524
v 0.128414 0.437026 -0.035006
v 0.148232 0.469022 -0.062133
v 0.127580 0.466620 -0.060196
v 0.142721 0.435998 -0.037784
v 0.154212 0.428567 -0.037100
v 0.116114 0.530120 -0.083637
v 0.122014 0.518366 -0.098397
v 0.121784 0.528238 -0.092011
v 0.134260 0.523599 -0.100756
v 0.139006 0.516011 -0.100738
v 0.116150 0.547502 -0.115358
v 0.116413 0.548880 -0.129819
v 0.120935 0.545402 -0.132084
v 0.112623 0.552705 -0.145928
v 0.128892 0.538102 -0.122060
v 0.131544 0.423404 -0.025394
v 0.128451 0.411567 -0.018019
v 0.138930 0.411227 -0.017200
v 0.144022 0.414723 -0.021001
v 0.159236 0.452929 -0.066754
v 0.127532 0.417372 -0.010206
v 0.124464 0.425668 -0.009916
v 0.119794 0.450688 -0.011246
v 0.123120 0.447549 -0.023174
v 0.113358 0.492711 -0.034559
v 0.123536 0.486822 -0.048104
v 0.128209 0.436715 -0.035040
v 0.127375 0.466308 -0.060230
v 0.148026 0.468710 -0.062168
v 0.142515 0.435686 -0.037819
v 0.154007 0.428255 -0.037134
v 0.115908 0.529809 -0.083671
v 0.121579 0.527927 -0.092046
v 0.121808 0.518055 -0.098431
v 0.134054 0.523287 -0.100790
v 0.138800 0.515699 -0.100772
v 0.115944 0.547191 -0.115393
v 0.116207 0.548569 -0.129853
v 0.112417 0.552394 -0.145962
v 0.120729 0.545091 -0.132118
v 0.128686 0.537791 -0.122094
v 0.131339 0.423092 -0.025428
v 0.143817 0.414412 -0.021035
v 0.138724 0.410915 -0.017235
v 0.128245 0.411256 -0.018053
v 0.159031 0.452618 -0.066788
v 0.127327 0.417061 -0.010240
v 0.129609 0.420192 0.004845
v 0.129830 0.447824 0.002998
v 0.132622 0.443643 0.015799
v 0.132314 0.497712 -0.002524
v 0.130446 0.495933 0.015766
v 0.126265 0.444961 -0.013609
v 0.143061 0.487017 -0.032456
v 0.124522 0.486702 -0.022675
v 0.137695 0.443711 -0.022677
v 0.146007 0.435100 -0.030140
v 0.124422 0.558639 -0.011999
v 0.120136 0.556651 -0.031777
v 0.125563 0.561373 -0.022328
v 0.131821 0.560931 -0.037074
v 0.133747 0.553575 -0.042190
v 0.117044 0.593605 -0.031856
v 0.111875 0.603767 -0.043638
v 0.113952 0.601468 -0.048938
v 0.103153 0.617687 -0.054046
v 0.122892 0.587678 -0.046901
v 0.128738 0.426581 -0.012323
v 0.125264 0.412062 -0.009467
v 0.134915 0.409734 -0.013532
v 0.139046 0.414425 -0.017588
v 0.146112 0.474179 -0.047655
v 0.129387 0.412429 -0.000136
v 0.128863 0.420733 0.004405
v 0.131875 0.444184 0.015359
v 0.129083 0.448365 0.002558
v 0.129700 0.496474 0.015326
v 0.131568 0.498253 -0.002964
v 0.125519 0.445502 -0.014049
v 0.123776 0.487243 -0.023115
v 0.142315 0.487558 -0.032896
v 0.136949 0.444252 -0.023117
v 0.145261 0.435641 -0.030580
v 0.123676 0.559181 -0.012439
v 0.124817 0.561914 -0.022769
v 0.119389 0.557192 -0.032218
v 0.131075 0.561472 -0.037514
v 0.133000 0.554116 -0.042630
v 0.116298 0.594146 -0.032297
v 0.111129 0.604308 -0.044078
v 0.102407 0.618228 -0.054486
v 0.113206 0.602009 -0.049378
v 0.122146 0.588219 -0.047341
v 0.127992 0.427123 -0.012763
v 0.138300 0.414966 -0.018029
v 0.134169 0.410275 -0.013972
v 0.124518 0.412603 -0.009907
v 0.145366 0.474720 -0.048095
v 0.128641 0.412970 -0.000577
v 0.124548 0.428360 -0.019924
v 0.139716 0.448285 -0.031752
v 0.127999 0.453312 -0.026595
v 0.169506 0.483682 -0.051374
v 0.153098 0.492160 -0.051084
v 0.150857 0.435512 -0.034820
v 0.191938 0.461978 -0.039064
v 0.178296 0.461370 -0.054970
v 0.161045 0.433063 -0.024591
v 0.165379 0.424959 -0.013891
v 0.204899 0.521854 -0.085351
v 0.218856 0.507704 -0.089655
v 0.215041 0.518401 -0.086183
v 0.228750 0.511669 -0.081331
v 0.229892 0.503806 -0.076765
v 0.236181 0.534629 -0.108364
v 0.249302 0.533947 -0.118170
v 0.253126 0.529853 -0.115660
v 0.262097 0.535753 -0.132703
v 0.247316 0.523446 -0.101538
v 0.141495 0.423131 -0.024591
v 0.130989 0.412659 -0.021274
v 0.136025 0.411674 -0.011852
v 0.142874 0.414237 -0.010423
v 0.198975 0.444580 -0.031788
v 0.124745 0.419576 -0.017107
v 0.125188 0.428130 -0.021671
v 0.128639 0.453082 -0.028342
v 0.140356 0.448055 -0.033500
v 0.153738 0.491930 -0.052832
v 0.170146 0.483452 -0.053121
v 0.151497 0.435282 -0.036567
v 0.178936 0.461140 -0.056717
v 0.192578 0.461748 -0.040812
v 0.161686 0.432833 -0.026338
v 0.166019 0.424729 -0.015639
v 0.205539 0.521624 -0.087099
v 0.215681 0.518171 -0.087930
v 0.219496 0.507474 -0.091402
v 0.229391 0.511439 -0.083078
v 0.230532 0.503576 -0.078513
v 0.236821 0.534399 -0.110112
v 0.249942 0.533717 -0.119918
v 0.262737 0.535523 -0.134451
v 0.253766 0.529623 -0.117408
v 0.247956 0.523216 -0.103286
v 0.142135 0.422901 -0.026338
v 0.143515 0.414007 -0.012170
v 0.136665 0.411445 -0.013600
v 0.131630 0.412429 -0.023021
v 0.199615 0.444350 -0.033535
v 0.125385 0.419346 -0.018854
v 0.138358 0.419711 -0.006917
v 0.148828 0.451279 0.001882
v 0.151945 0.441610 0.006604
v 0.168562 0.509091 0.015912
v 0.170897 0.500043 0.025976
v 0.141597 0.454566 -0.007229
v 0.164367 0.508596 -0.007810
v 0.154634 0.504714 0.003234
v 0.146334 0.456523 -0.016235
v 0.146580 0.449683 -0.026023
v 0.185036 0.580908 0.034921
v 0.176950 0.586412 0.024592
v 0.184445 0.587947 0.029829
v 0.184874 0.593079 0.019572
v 0.182062 0.586820 0.013512
v 0.189337 0.627751 0.038732
v 0.187262 0.643736 0.037451
v 0.186473 0.643194 0.033052
v 0.184693 0.663436 0.039376
v 0.187299 0.626880 0.026474
v 0.136323 0.433510 -0.013861
v 0.129107 0.416239 -0.016401
v 0.133441 0.415079 -0.022474
v 0.136975 0.421831 -0.024320
v 0.157813 0.500106 -0.021761
v 0.134044 0.412975 -0.012384
v 0.137224 0.420404 -0.006413
v 0.150810 0.442304 0.007109
v 0.147694 0.451972 0.002386
v 0.169762 0.500736 0.026480
v 0.167427 0.509784 0.016416
v 0.140462 0.455260 -0.006725
v 0.153499 0.505407 0.003738
v 0.163232 0.509289 -0.007306
v 0.145199 0.457217 -0.015731
v 0.145445 0.450376 -0.025519
v 0.183901 0.581602 0.035425
v 0.183310 0.588641 0.030334
v 0.175816 0.587105 0.025096
v 0.183739 0.593773 0.020076
v 0.180928 0.587514 0.014016
v 0.188202 0.628444 0.039236
v 0.186127 0.644429 0.037955
v 0.183558 0.664130 0.039880
v 0.185338 0.643887 0.033556
v 0.186164 0.627573 0.026978
v 0.135188 0.434203 -0.013357
v 0.135840 0.422524 -0.023816
v 0.132306 0.415772 -0.021970
v 0.127972 0.416932 -0.015897
v 0.156678 0.500799 -0.021257
v 0.132909 0.413669 -0.011880
v 0.127909 0.427418 -0.017053
v 0.146178 0.454418 -0.021294
v 0.135631 0.454311 -0.018209
v 0.180827 0.502799 -0.027610
v 0.167649 0.506074 -0.027870
v 0.154756 0.446313 -0.023962
v 0.194912 0.484879 -0.019792
v 0.186175 0.485021 -0.032045
v 0.161220 0.443910 -0.016305
v 0.161734 0.434245 -0.009570
v 0.223617 0.559701 -0.042919
v 0.234705 0.551459 -0.046347
v 0.232136 0.559584 -0.042984
v 0.242167 0.555683 -0.039227
v 0.241174 0.547129 -0.036966
v 0.257185 0.587826 -0.054241
v 0.270478 0.593876 -0.059847
v 0.272743 0.590322 -0.058280
v 0.284778 0.603611 -0.068418
v 0.263977 0.578327 -0.049920
v 0.142878 0.428706 -0.019344
v 0.131657 0.414634 -0.019340
v 0.134003 0.412376 -0.012531
v 0.140017 0.416402 -0.010599
v 0.197209 0.468097 -0.016314
v 0.126324 0.418222 -0.016195
v 0.128286 0.427241 -0.017708
v 0.136008 0.454134 -0.018864
v 0.146556 0.454241 -0.021949
v 0.168027 0.505897 -0.028525
v 0.181204 0.502622 -0.028265
v 0.155133 0.446136 -0.024616
v 0.186552 0.484844 -0.032700
v 0.195289 0.484702 -0.020447
v 0.161598 0.443733 -0.016960
v 0.162111 0.434068 -0.010224
v 0.223995 0.559524 -0.043573
v 0.232513 0.559407 -0.043639
v 0.235083 0.551283 -0.047001
v 0.242544 0.555506 -0.039881
v 0.241552 0.546952 -0.037621
v 0.257562 0.587649 -0.054895
v 0.270856 0.593699 -0.060501
v 0.285156 0.603435 -0.069073
v 0.273121 0.590145 -0.058935
v 0.264354 0.578150 -0.050575
v 0.143255 0.428529 -0.019999
v 0.140394 0.416225 -0.011253
v 0.134380 0.412199 -0.013185
v 0.132035 0.414457 -0.019994
v 0.197586 0.467920 -0.016969
v 0.126701 0.418045 -0.016849
v 0.143261 0.415306 -0.021315
v 0.164053 0.435949 -0.012095
v 0.165685 0.428889 -0.020126
v 0.200450 0.475027 0.004327
v 0.206754 0.465400 -0.002708
v 0.155460 0.439198 -0.004282
v 0.178596 0.484379 0.007493
v 0.184553 0.472068 0.013324
v 0.149419 0.447006 -0.007083
v 0.138657 0.447528 -0.011156
v 0.245088 0.519134 0.031352
v 0.235969 0.524004 0.041122
v 0.242868 0.525846 0.035816
v 0.235755 0.534327 0.038359
v 0.227693 0.532006 0.037136
v 0.265156 0.549154 0.054287
v 0.268894 0.559044 0.065031
v 0.264687 0.560486 0.065373
v 0.276551 0.569516 0.078284
v 0.253688 0.553654 0.055468
v 0.141342 0.426581 -0.011841
v 0.131586 0.413498 -0.015658
v 0.126959 0.417699 -0.019887
v 0.128472 0.424525 -0.018983
v 0.162001 0.482778 0.008090
v 0.135192 0.411705 -0.021569
v 0.143334 0.415164 -0.020466
v 0.165757 0.428748 -0.019278
v 0.164126 0.435807 -0.011247
v 0.206827 0.465258 -0.001859
v 0.200523 0.474885 0.005175
v 0.155533 0.439057 -0.003434
v 0.184626 0.471927 0.014172
v 0.178669 0.484237 0.008342
v 0.149492 0.446865 -0.006235
v 0.138730 0.447386 -0.010308
v 0.245161 0.518992 0.032201
v 0.242941 0.525704 0.036664
v 0.236042 0.523862 0.041970
v 0.235828 0.534186 0.039207
v 0.227766 0.531864 0.037984
v 0.265229 0.549013 0.055135
v 0.268967 0.558902 0.065879
v 0.276624 0.569374 0.079132
v 0.264760 0.560344 0.066221
v 0.253761 0.553512 0.056317
v 0.141415 0.426440 -0.010992
v 0.128545 0.424383 -0.018135
v 0.127031 0.417558 -0.019038
v 0.131659 0.413357 -0.014809
v 0.162074 0.482636 0.008938
v 0.135265 0.411563 -0.020721
v 0.139578 0.416363 -0.020824
v 0.164616 0.427747 -0.017586
v 0.160705 0.427927 -0.030770
v 0.208820 0.450325 -0.009735
v 0.209390 0.446908 -0.027878
v 0.162087 0.424243 -0.000912
v 0.192394 0.457493 0.018631
v 0.200233 0.439881 0.010395
v 0.155690 0.434687 0.007115
v 0.143926 0.439241 0.013423
v 0.266919 0.468058 0.003466
v 0.265224 0.464416 0.023400
v 0.268145 0.470759 0.013794
v 0.264085 0.477106 0.027937
v 0.256187 0.476196 0.032494
v 0.300242 0.476413 0.025627
v 0.310647 0.476402 0.038297
v 0.307299 0.477668 0.043285
v 0.326007 0.474576 0.050083
v 0.291305 0.480202 0.039819
v 0.144399 0.419063 -0.003337
v 0.132723 0.409908 -0.006640
v 0.126445 0.418021 -0.003502
v 0.128775 0.423901 0.000438
v 0.178232 0.455961 0.032852
v 0.132168 0.413318 -0.016245
v 0.140531 0.415670 -0.020242
v 0.161658 0.427234 -0.030189
v 0.165569 0.427054 -0.017005
v 0.210343 0.446215 -0.027297
v 0.209773 0.449632 -0.009153
v 0.163039 0.423550 -0.000331
v 0.201186 0.439188 0.010976
v 0.193347 0.456800 0.019212
v 0.156643 0.433994 0.007696
v 0.144879 0.438548 0.014004
v 0.267872 0.467365 0.004047
v 0.269098 0.470066 0.014375
v 0.266177 0.463723 0.023982
v 0.265038 0.476413 0.028518
v 0.257139 0.475503 0.033076
v 0.301195 0.475720 0.026208
v 0.311600 0.475709 0.038878
v 0.326960 0.473883 0.050664
v 0.308252 0.476975 0.043866
v 0.292258 0.479509 0.040400
v 0.145352 0.418370 -0.002756
v 0.129728 0.423208 0.001020
v 0.127398 0.417328 -0.002920
v 0.133676 0.409215 -0.006059
v 0.179184 0.455268 0.033433
v 0.133121 0.412625 -0.015664
v 0.135602 0.417028 -0.029826
v 0.159180 0.421252 -0.039171
v 0.150445 0.427149 -0.047363
v 0.202869 0.430080 -0.053528
v 0.193348 0.433885 -0.068796
v 0.163690 0.412272 -0.025234
v 0.207894 0.428566 -0.020648
v 0.201841 0.414777 -0.034750
v 0.167543 0.419569 -0.013415
v 0.164376 0.423315 -0.001032
v 0.256481 0.430072 -0.072308
v 0.263021 0.419577 -0.056288
v 0.263290 0.428289 -0.064344
v 0.269822 0.429223 -0.049749
v 0.266135 0.428123 -0.041907
v 0.293234 0.422909 -0.071892
v 0.306254 0.416174 -0.067701
v 0.306825 0.415996 -0.061662
v 0.321477 0.407275 -0.067307
v 0.295342 0.422461 -0.055003
v 0.148204 0.411859 -0.018219
v 0.134716 0.407187 -0.015981
v 0.135371 0.414275 -0.008513
v 0.141337 0.417523 -0.005628
v 0.204139 0.424375 -0.001792
v 0.131339 0.413951 -0.022631
v 0.135177 0.416384 -0.029897
v 0.150020 0.426505 -0.047434
v 0.158755 0.420608 -0.039242
v 0.192923 0.433241 -0.068867
v 0.202444 0.429436 -0.053599
v 0.163265 0.411628 -0.025305
v 0.201416 0.414133 -0.034821
v 0.207469 0.427922 -0.020719
v 0.167118 0.418925 -0.013486
v 0.163951 0.422671 -0.001103
v 0.256056 0.429428 -0.072379
v 0.262865 0.427645 -0.064415
v 0.262596 0.418933 -0.056359
v 0.269397 0.428579 -0.049820
v 0.265710 0.427479 -0.041978
v 0.292809 0.422265 -0.071963
v 0.305829 0.415530 -0.067772
v 0.321052 0.406631 -0.067378
v 0.306400 0.415352 -0.061733
v 0.294917 0.421817 -0.055074
v 0.147779 0.411215 -0.018289
v 0.140912 0.416879 -0.005699
v 0.134946 0.413631 -0.008584
v 0.134291 0.406544 -0.016052
v 0.203714 0.423732 -0.001863
v 0.130914 0.413308 -0.022702
v 0.147508 0.407533 -0.011830
v 0.159738 0.414443 0.006529
v 0.168469 0.410317 -0.002794
v 0.180830 0.429640 0.040154
v 0.193415 0.419685 0.031006
v 0.144357 0.418071 0.013344
v 0.156109 0.449528 0.044500
v 0.157309 0.429494 0.044527
v 0.140569 0.431440 0.013820
v 0.133360 0.439893 0.009677
v 0.200847 0.440147 0.085301
v 0.183214 0.444736 0.094331
v 0.194617 0.446211 0.091545
v 0.185131 0.457858 0.096504
v 0.178219 0.460148 0.093712
v 0.200283 0.450066 0.118644
v 0.194484 0.453016 0.131906
v 0.189966 0.456598 0.132374
v 0.190407 0.453163 0.147833
v 0.187736 0.460321 0.120364
v 0.137140 0.415667 0.000431
v 0.131046 0.408369 -0.009227
v 0.129987 0.417816 -0.011302
v 0.130545 0.424090 -0.007499
v 0.139114 0.456003 0.042620
v 0.139783 0.407860 -0.014391
v 0.147165 0.407147 -0.011952
v 0.168126 0.409930 -0.002916
v 0.159395 0.414057 0.006407
v 0.193071 0.419299 0.030884
v 0.180486 0.429254 0.040032
v 0.144014 0.417685 0.013222
v 0.156966 0.429108 0.044405
v 0.155766 0.449142 0.044378
v 0.140226 0.431054 0.013698
v 0.133017 0.439507 0.009555
v 0.200503 0.439760 0.085179
v 0.194274 0.445825 0.091423
v 0.182871 0.444350 0.094210
v 0.184788 0.457471 0.096382
v 0.177876 0.459762 0.093590
v 0.199940 0.449680 0.118522
v 0.194141 0.452630 0.131784
v 0.190064 0.452777 0.147711
v 0.189623 0.456211 0.132252
v 0.187393 0.459935 0.120242
v 0.136797 0.415280 0.000309
v 0.130202 0.423703 -0.007621
v 0.129644 0.417430 -0.011424
v 0.130703 0.407983 -0.009349
v 0.138771 0.455617 0.042498
v 0.139440 0.407474 -0.014513
v 0.142257 0.410469 0.004518
v 0.149893 0.431952 0.020240
v 0.158283 0.421204 0.022038
v 0.163925 0.472595 0.046254
v 0.172871 0.459066 0.055092
v 0.136480 0.439837 0.012849
v 0.150765 0.486402 0.018650
v 0.142741 0.475905 0.034926
v 0.139172 0.447214 0.000489
v 0.138222 0.447500 -0.013580
v 0.171336 0.521676 0.083675
v 0.155772 0.532099 0.075760
v 0.166883 0.530601 0.079676
v 0.162611 0.541143 0.068389
v 0.158713 0.539473 0.060265
v 0.164896 0.558562 0.100083
v 0.157205 0.572527 0.103908
v 0.154878 0.574712 0.098665
v 0.148864 0.587602 0.112929
v 0.158441 0.565193 0.085591
v 0.133378 0.426067 0.000752
v 0.127997 0.412846 -0.004472
v 0.132011 0.415821 -0.013965
v 0.134116 0.422758 -0.015688
v 0.140000 0.487475 0.001676
v 0.136720 0.407957 -0.002422
v 0.141799 0.410721 0.004980
v 0.157825 0.421455 0.022500
v 0.149435 0.432203 0.020702
v 0.172413 0.459317 0.055554
v 0.163466 0.472846 0.046715
v 0.136022 0.440088 0.013311
v 0.142283 0.476157 0.035387
v 0.150307 0.486654 0.019111
v 0.138713 0.447466 0.000951
v 0.137764 0.447751 -0.013118
v 0.170877 0.521927 0.084136
v 0.166424 0.530852 0.080138
v 0.155313 0.532351 0.076222
v 0.162153 0.541395 0.068850
v 0.158255 0.539724 0.060726
v 0.164438 0.558814 0.100544
v 0.156747 0.572779 0.104370
v 0.148405 0.587853 0.113390
v 0.154420 0.574964 0.099126
v 0.157983 0.565445 0.086052
v 0.132919 0.426319 0.001214
v 0.133658 0.423010 -0.015226
v 0.131553 0.416073 -0.013504
v 0.127539 0.413097 -0.004011
v 0.139542 0.487727 0.002137
v 0.136262 0.408209 -0.001960
v 0.134923 0.417616 -0.001077
v 0.128031 0.439568 0.007686
v 0.138647 0.436753 0.014361
v 0.115442 0.480564 0.020824
v 0.126255 0.476534 0.034839
v 0.116049 0.436754 -0.004079
v 0.105181 0.480817 -0.010999
v 0.100449 0.469289 0.005478
v 0.117356 0.442991 -0.017057
v 0.119391 0.441563 -0.030008
v 0.091879 0.524720 0.040265
v 0.077283 0.522461 0.026801
v 0.085456 0.528400 0.032949
v 0.079948 0.532851 0.018583
v 0.079419 0.528610 0.011047
v 0.067571 0.549706 0.042006
v 0.054924 0.555785 0.039504
v 0.053295 0.555610 0.033632
v 0.040244 0.562694 0.041202
v 0.062795 0.549651 0.025584
v 0.122220 0.423622 -0.011171
v 0.125043 0.410034 -0.012684
v 0.128683 0.413992 -0.021416
v 0.127574 0.420346 -0.024782
v 0.100117 0.473782 -0.028710
v 0.133293 0.411834 -0.007592
v 0.134718 0.417306 -0.001111
v 0.138443 0.436443 0.014327
v 0.127826 0.439259 0.007652
v 0.126051 0.476225 0.034805
v 0.115238 0.480255 0.020790
v 0.115845 0.436445 -0.004113
v 0.100245 0.468980 0.005444
v 0.104977 0.480508 -0.011034
v 0.117152 0.442682 -0.017091
v 0.119186 0.441253 -0.030042
v 0.091675 0.524411 0.040231
v 0.085252 0.528091 0.032915
v 0.077079 0.522151 0.026767
v 0.079744 0.532542 0.018549
v 0.079215 0.528301 0.011013
v 0.067367 0.549396 0.041972
v 0.054720 0.555476 0.039470
v 0.040040 0.562385 0.041167
v 0.053091 0.555301 0.033598
v 0.062590 0.549342 0.025550
v 0.122016 0.423313 -0.011205
v 0.127369 0.420037 -0.024816
v 0.128478 0.413682 -0.021450
v 0.124839 0.409724 -0.012718
v 0.099913 0.473473 -0.028744
v 0.133089 0.411525 -0.007627
v 0.053531 0.355735 0.053179
v 0.041307 0.353393 0.059472
v 0.042247 0.355191 0.061100
v 0.053785 0.357401 0.055161
v 0.037373 0.347573 0.071520
v 0.038534 0.349697 0.072472
v 0.044032 0.341684 0.082265
v 0.044820 0.344138 0.082614
v 0.057385 0.339175 0.085414
v 0.057423 0.341770 0.085586
v 0.069609 0.341517 0.079121
v 0.068961 0.343980 0.079647
v 0.073543 0.347336 0.067073
v 0.072675 0.349474 0.068275
v 0.066883 0.353226 0.056328
v 0.066389 0.355032 0.058132
v 0.055843 0.353067 0.072133
v 0.053584 0.352906 0.053764
v 0.042510 0.350446 0.059259
v 0.038892 0.344356 0.069685
v 0.044849 0.338203 0.078934
v 0.056891 0.335592 0.081588
v 0.067965 0.338051 0.076092
v 0.071583 0.344142 0.065666
v 0.065626 0.350295 0.056418
v 0.053129 0.349367 0.050248
v 0.041080 0.347103 0.056474
v 0.037209 0.341473 0.068405
v 0.043782 0.335774 0.079053
v 0.056949 0.333345 0.082179
v 0.068997 0.335608 0.075953
v 0.072869 0.341239 0.064021
v 0.066296 0.346938 0.053374
v 0.053254 0.341069 0.050744
v 0.043956 0.338986 0.055336
v 0.040940 0.335231 0.064753
v 0.045973 0.332003 0.073478
v 0.056106 0.331193 0.076400
v 0.065404 0.333275 0.071808
v 0.068420 0.337030 0.062391
v 0.063387 0.340258 0.053666
v 0.052747 0.324320 0.048475
v 0.047252 0.323288 0.051314
v 0.045487 0.320720 0.056755
v 0.048484 0.318121 0.061610
v 0.054489 0.317014 0.063036
v 0.059983 0.318046 0.060196
v 0.061749 0.320614 0.054756
v 0.058751 0.323213 0.049900
v 0.053055 0.312479 0.051616
v 0.044138 0.343756 0.085042
v 0.032339 0.368582 0.088426
v 0.032950 0.361672 0.100301
v 0.013422 0.414873 0.093402
v 0.007445 0.406577 0.108785
v 0.035349 0.370329 0.071556
v 0.035861 0.419303 0.068853
v 0.017556 0.409176 0.070196
v 0.048153 0.376320 0.067737
v 0.061199 0.374239 0.062797
v -0.018138 0.468423 0.092664
v -0.015233 0.471731 0.072811
v -0.015473 0.474649 0.084320
v -0.005789 0.481390 0.073476
v 0.000624 0.477351 0.068324
v -0.034554 0.502931 0.078136
v -0.040171 0.513879 0.067302
v -0.035868 0.514372 0.062952
v -0.050883 0.526389 0.056961
v -0.022649 0.504835 0.065877
v 0.045394 0.354730 0.070402
v 0.048220 0.339863 0.068979
v 0.058586 0.342617 0.068756
v 0.061106 0.349533 0.067598
v 0.048577 0.414226 0.054098
v 0.048883 0.338552 0.079081
v 0.043388 0.344109 0.084445
v 0.032199 0.362025 0.099705
v 0.031589 0.368935 0.087829
v 0.006695 0.406930 0.108188
v 0.012672 0.415226 0.092805
v 0.034599 0.370682 0.070960
v 0.016805 0.409529 0.069600
v 0.035111 0.419656 0.068257
v 0.047403 0.376673 0.067141
v 0.060449 0.374592 0.062200
v -0.018888 0.468776 0.092067
v -0.016223 0.475002 0.083723
v -0.015983 0.472084 0.072214
v -0.006539 0.481743 0.072880
v -0.000126 0.477704 0.067728
v -0.035304 0.503284 0.077539
v -0.040921 0.514232 0.066706
v -0.051633 0.526742 0.056364
v -0.036618 0.514725 0.062355
v -0.023399 0.505188 0.065280
v 0.044644 0.355083 0.069805
v 0.060356 0.349886 0.067001
v 0.057835 0.342970 0.068159
v 0.047470 0.340216 0.068383
v 0.047826 0.414579 0.053502
v 0.048133 0.338905 0.078484
v 0.043211 0.357316 0.062214
v 0.050371 0.384050 0.061202
v 0.036727 0.382554 0.062068
v 0.065100 0.432093 0.061791
v 0.047314 0.433558 0.057027
v 0.066442 0.377881 0.060597
v 0.090380 0.417036 0.077915
v 0.083653 0.416931 0.058060
v 0.073250 0.375972 0.073420
v 0.077537 0.366882 0.083316
v 0.087392 0.489324 0.052203
v 0.106816 0.483366 0.051361
v 0.097762 0.490197 0.054881
v 0.111014 0.487587 0.063505
v 0.114240 0.479609 0.066656
v 0.114588 0.519267 0.046278
v 0.128774 0.526602 0.042571
v 0.133145 0.523554 0.045620
v 0.142903 0.537564 0.034930
v 0.127119 0.511197 0.054852
v 0.061226 0.360335 0.063840
v 0.056147 0.346345 0.060753
v 0.058167 0.344149 0.071057
v 0.062388 0.348351 0.075535
v 0.102134 0.401929 0.084144
v 0.046553 0.348778 0.063250
v 0.044353 0.357924 0.060857
v 0.037869 0.383161 0.060711
v 0.051513 0.384657 0.059845
v 0.048456 0.434166 0.055670
v 0.066242 0.432701 0.060434
v 0.067584 0.378489 0.059239
v 0.084795 0.417538 0.056703
v 0.091522 0.417643 0.076558
v 0.074392 0.376580 0.072063
v 0.078679 0.367490 0.081959
v 0.088534 0.489931 0.050845
v 0.098904 0.490804 0.053524
v 0.107958 0.483973 0.050004
v 0.112156 0.488195 0.062148
v 0.115382 0.480217 0.065298
v 0.115730 0.519874 0.044921
v 0.129916 0.527209 0.041214
v 0.144045 0.538172 0.033573
v 0.134287 0.524162 0.044262
v 0.128261 0.511805 0.053495
v 0.062369 0.360943 0.062482
v 0.063530 0.348959 0.074178
v 0.059309 0.344757 0.069700
v 0.057289 0.346953 0.059396
v 0.103276 0.402537 0.082787
v 0.047695 0.349386 0.061893
v 0.055096 0.350359 0.077868
v 0.047147 0.378736 0.095621
v 0.052814 0.369833 0.099376
v 0.033654 0.431595 0.126481
v 0.036861 0.421181 0.134839
v 0.042140 0.382059 0.085133
v 0.037083 0.437549 0.103387
v 0.027474 0.427024 0.108739
v 0.047819 0.388447 0.079274
v 0.053909 0.385812 0.069344
v 0.009650 0.493871 0.163031
v 0.003264 0.499230 0.151505
v 0.007412 0.501500 0.159480
v 0.008369 0.509543 0.151347
v 0.010551 0.505089 0.143653
v -0.009009 0.535048 0.176578
v -0.017636 0.548697 0.177466
v -0.016806 0.549403 0.173098
v -0.029274 0.564348 0.181707
v -0.006849 0.537635 0.164585
v 0.049104 0.363993 0.073287
v 0.051549 0.347183 0.065026
v 0.057464 0.349731 0.061086
v 0.057918 0.357500 0.062047
v 0.039358 0.432435 0.086703
v 0.056056 0.344756 0.070023
v 0.053680 0.350393 0.077993
v 0.051398 0.369867 0.099501
v 0.045731 0.378770 0.095746
v 0.035445 0.421215 0.134964
v 0.032238 0.431629 0.126606
v 0.040723 0.382093 0.085258
v 0.026058 0.427058 0.108864
v 0.035667 0.437583 0.103512
v 0.046403 0.388481 0.079399
v 0.052493 0.385846 0.069469
v 0.008234 0.493906 0.163156
v 0.005996 0.501534 0.159605
v 0.001848 0.499264 0.151630
v 0.006953 0.509577 0.151472
v 0.009135 0.505123 0.143778
v -0.010426 0.535082 0.176703
v -0.019052 0.548731 0.177591
v -0.030690 0.564383 0.181832
v -0.018222 0.549438 0.173223
v -0.008265 0.537669 0.164710
v 0.047688 0.364027 0.073412
v 0.056502 0.357534 0.062172
v 0.056048 0.349765 0.061211
v 0.050133 0.347217 0.065151
v 0.037942 0.432469 0.086828
v 0.054639 0.344791 0.070148
v 0.045661 0.356737 0.065967
v 0.050080 0.388233 0.074285
v 0.040338 0.383359 0.072833
v 0.059250 0.444926 0.091107
v 0.046706 0.443180 0.086204
v 0.061757 0.385096 0.073854
v 0.077042 0.431694 0.100540
v 0.073080 0.432777 0.086063
v 0.066129 0.382755 0.082887
v 0.069023 0.372259 0.087415
v 0.074000 0.514949 0.104618
v 0.088076 0.512838 0.104479
v 0.081270 0.517901 0.107936
v 0.090443 0.516818 0.114616
v 0.092835 0.508243 0.114719
v 0.092852 0.555228 0.112872
v 0.102941 0.567109 0.114219
v 0.106018 0.564291 0.115894
v 0.113055 0.583552 0.113962
v 0.101663 0.547915 0.117763
v 0.058378 0.363954 0.070109
v 0.055267 0.347666 0.063113
v 0.056334 0.344267 0.069767
v 0.059043 0.349283 0.074625
v 0.085591 0.416700 0.101574
v 0.048240 0.347856 0.064457
v 0.046246 0.356934 0.065497
v 0.040923 0.383556 0.072363
v 0.050665 0.388430 0.073815
v 0.047291 0.443377 0.085734
v 0.059835 0.445124 0.090637
v 0.062342 0.385293 0.073384
v 0.073666 0.432974 0.085593
v 0.077627 0.431891 0.100071
v 0.066714 0.382953 0.082417
v 0.069608 0.372457 0.086945
v 0.074585 0.515146 0.104148
v 0.081855 0.518099 0.107466
v 0.088661 0.513035 0.104009
v 0.091028 0.517016 0.114146
v 0.093420 0.508440 0.114249
v 0.093437 0.555425 0.112402
v 0.103526 0.567306 0.113749
v 0.113640 0.583749 0.113492
v 0.106603 0.564489 0.115424
v 0.102248 0.548113 0.117293
v 0.058963 0.364151 0.069639
v 0.059628 0.349480 0.074155
v 0.056919 0.344464 0.069297
v 0.055852 0.347863 0.062643
v 0.086176 0.416897 0.101104
v 0.048825 0.348053 0.063987
v 0.065330 0.353041 0.066086
v 0.070930 0.375413 0.086374
v 0.077790 0.372496 0.078537
v 0.079320 0.417049 0.122672
v 0.091007 0.413222 0.117134
v 0.059974 0.372595 0.090556
v 0.055717 0.416382 0.118480
v 0.064667 0.405815 0.123891
v 0.052131 0.378193 0.087028
v 0.043960 0.376169 0.079166
v 0.089381 0.462490 0.172694
v 0.076690 0.460251 0.178716
v 0.083195 0.466079 0.177027
v 0.072621 0.470108 0.177998
v 0.067208 0.465616 0.173266
v 0.086220 0.488237 0.206709
v 0.081844 0.494637 0.219637
v 0.077539 0.494284 0.218525
v 0.079802 0.502107 0.236488
v 0.074156 0.487690 0.204005
v 0.055907 0.359058 0.075863
v 0.054673 0.345425 0.066192
v 0.050064 0.348851 0.061297
v 0.047995 0.355052 0.063937
v 0.042250 0.408876 0.112109
v 0.060214 0.347107 0.061993
v 0.065215 0.352661 0.066853
v 0.077674 0.372116 0.079303
v 0.070814 0.375033 0.087141
v 0.090891 0.412843 0.117900
v 0.079205 0.416670 0.123438
v 0.059858 0.372215 0.091322
v 0.064551 0.405435 0.124657
v 0.055602 0.416002 0.119246
v 0.052015 0.377813 0.087794
v 0.043844 0.375790 0.079932
v 0.089265 0.462111 0.173461
v 0.083080 0.465699 0.177794
v 0.076575 0.459871 0.179482
v 0.072505 0.469729 0.178765
v 0.067092 0.465237 0.174032
v 0.086104 0.487858 0.207476
v 0.081728 0.494257 0.220403
v 0.079687 0.501727 0.237254
v 0.077424 0.493904 0.219292
v 0.074040 0.487311 0.204771
v 0.055792 0.358679 0.076630
v 0.047880 0.354672 0.064704
v 0.049948 0.348472 0.062063
v 0.054558 0.345046 0.066958
v 0.042134 0.408496 0.112876
v 0.060099 0.346727 0.062759
v 0.061599 0.352490 0.065248
v 0.076681 0.370273 0.080190
v 0.077046 0.373418 0.066806
v 0.101578 0.403127 0.108934
v 0.108769 0.406373 0.092233
v 0.071387 0.360773 0.093547
v 0.076382 0.394114 0.129176
v 0.093323 0.384260 0.121737
v 0.058969 0.364950 0.100087
v 0.045171 0.362642 0.101884
v 0.138888 0.434920 0.147162
v 0.133433 0.424513 0.163759
v 0.135762 0.434284 0.157423
v 0.125434 0.433684 0.169661
v 0.117875 0.428562 0.170445
v 0.156958 0.446722 0.181882
v 0.162150 0.446209 0.197425
v 0.157329 0.444465 0.200802
v 0.172604 0.446168 0.213823
v 0.143653 0.442134 0.191760
v 0.059475 0.350756 0.083381
v 0.054694 0.339699 0.074111
v 0.044823 0.343507 0.075884
v 0.043008 0.348163 0.081412
v 0.061062 0.383008 0.136040
v 0.055414 0.345671 0.065864
v 0.062552 0.352031 0.066027
v 0.077999 0.372959 0.067585
v 0.077635 0.369814 0.080969
v 0.109722 0.405914 0.093011
v 0.102531 0.402668 0.109713
v 0.072340 0.360314 0.094325
v 0.094277 0.383801 0.122515
v 0.077335 0.393655 0.129955
v 0.059923 0.364491 0.100866
v 0.046125 0.362183 0.102662
v 0.139842 0.434461 0.147941
v 0.136716 0.433825 0.158202
v 0.134386 0.424054 0.164538
v 0.126387 0.433225 0.170440
v 0.118829 0.428103 0.171224
v 0.157912 0.446263 0.182661
v 0.163104 0.445750 0.198203
v 0.173557 0.445709 0.214602
v 0.158283 0.444006 0.201581
v 0.144606 0.441675 0.192538
v 0.060429 0.350297 0.084160
v 0.043962 0.347704 0.082190
v 0.045776 0.343048 0.076663
v 0.055648 0.339240 0.074889
v 0.062016 0.382549 0.136819
v 0.056367 0.345211 0.066642
v 0.059322 0.339877 0.088049
v 0.051574 0.356136 0.109087
v 0.063019 0.349140 0.112122
v 0.037628 0.387988 0.145369
v 0.048799 0.376422 0.154459
v 0.038773 0.360701 0.098504
v 0.028110 0.404532 0.117773
v 0.021452 0.387099 0.127326
v 0.041223 0.372210 0.089787
v 0.044295 0.376795 0.076807
v 0.011021 0.421063 0.190782
v -0.004598 0.427253 0.179327
v 0.004355 0.428600 0.187012
v -0.000816 0.440037 0.177048
v -0.001042 0.439888 0.167888
v -0.015790 0.445535 0.209586
v -0.029700 0.453721 0.212464
v -0.031164 0.456543 0.207212
v -0.046140 0.460920 0.219953
v -0.020123 0.453842 0.195169
v 0.045828 0.351589 0.083918
v 0.048754 0.339861 0.074702
v 0.053500 0.347043 0.068300
v 0.052627 0.354424 0.068835
v 0.023357 0.407274 0.098407
v 0.057755 0.338017 0.079148
v 0.058689 0.339780 0.088326
v 0.062387 0.349043 0.112400
v 0.050942 0.356040 0.109365
v 0.048166 0.376325 0.154737
v 0.036996 0.387891 0.145647
v 0.038141 0.360605 0.098782
v 0.020819 0.387002 0.127604
v 0.027477 0.404435 0.118051
v 0.040591 0.372113 0.090065
v 0.043662 0.376698 0.077085
v 0.010389 0.420966 0.191060
v 0.003723 0.428503 0.187289
v -0.005231 0.427156 0.179604
v -0.001449 0.439940 0.177326
v -0.001675 0.439791 0.168166
v -0.016423 0.445438 0.209864
v -0.030333 0.453625 0.212742
v -0.046773 0.460823 0.220230
v -0.031797 0.456446 0.207490
v -0.020756 0.453745 0.195446
v 0.045195 0.351492 0.084196
v 0.051994 0.354327 0.069113
v 0.052867 0.346946 0.068578
v 0.048121 0.339765 0.074979
v 0.022724 0.407177 0.098685
v 0.057122 0.337920 0.079426
v -0.029659 0.584814 0.078194
v -0.035353 0.587770 0.064045
v -0.037013 0.589590 0.065572
v -0.031638 0.586799 0.078927
v -0.048889 0.585153 0.056884
v -0.049789 0.587119 0.058812
v -0.062336 0.578494 0.060905
v -0.062482 0.580834 0.062607
v -0.067819 0.571696 0.073752
v -0.067657 0.574417 0.074734
v -0.062125 0.568739 0.087901
v -0.062283 0.571626 0.088089
v -0.048589 0.571356 0.095062
v -0.049507 0.574097 0.094849
v -0.035141 0.578015 0.091041
v -0.036813 0.580381 0.091054
v -0.051133 0.584453 0.078232
v -0.030696 0.581946 0.077166
v -0.035676 0.584237 0.064239
v -0.047507 0.580948 0.057430
v -0.059259 0.574008 0.060727
v -0.064047 0.567481 0.072200
v -0.059067 0.565191 0.085127
v -0.047236 0.568479 0.091936
v -0.035484 0.575419 0.088638
v -0.027263 0.577818 0.075647
v -0.032896 0.580782 0.061716
v -0.046285 0.578319 0.054698
v -0.059588 0.571873 0.058705
v -0.065012 0.565219 0.071390
v -0.059380 0.562255 0.085321
v -0.045990 0.564717 0.092338
v -0.032687 0.571164 0.088331
v -0.028963 0.569207 0.072688
v -0.033122 0.571109 0.061830
v -0.043600 0.569870 0.056586
v -0.054259 0.566216 0.060029
v -0.058855 0.562287 0.070142
v -0.054696 0.560386 0.081001
v -0.044218 0.561625 0.086244
v -0.033559 0.565279 0.082801
v -0.028706 0.551540 0.066162
v -0.031275 0.552892 0.059809
v -0.037380 0.551769 0.056609
v -0.043447 0.548829 0.058437
v -0.045920 0.545795 0.064221
v -0.043352 0.544443 0.070574
v -0.037246 0.545566 0.073774
v -0.031179 0.548506 0.071947
v -0.033821 0.539623 0.061896
v -0.048095 0.588126 0.062906
v -0.034645 0.613254 0.064388
v -0.044958 0.615144 0.054766
v -0.010776 0.658854 0.070396
v -0.019361 0.662662 0.052759
v -0.025113 0.603131 0.077004
v -0.008519 0.643648 0.104460
v -0.000170 0.637921 0.083519
v -0.029410 0.604265 0.092661
v -0.035638 0.597635 0.104917
v 0.027614 0.708395 0.073023
v 0.039650 0.697640 0.088005
v 0.033195 0.707891 0.083019
v 0.035829 0.705340 0.100376
v 0.033612 0.697650 0.106321
v 0.058887 0.730462 0.085618
v 0.073153 0.733348 0.092695
v 0.073241 0.730362 0.098845
v 0.091021 0.738510 0.096164
v 0.059447 0.722519 0.103038
v -0.035977 0.587685 0.077684
v -0.041562 0.573536 0.073010
v -0.047564 0.574559 0.083018
v -0.046367 0.579475 0.089316
v -0.009040 0.627899 0.120266
v -0.049016 0.579080 0.067326
v -0.047952 0.587757 0.062771
v -0.044815 0.614776 0.054632
v -0.034502 0.612885 0.064253
v -0.019219 0.662293 0.052624
v -0.010634 0.658485 0.070261
v -0.024970 0.602762 0.076870
v -0.000028 0.637552 0.083385
v -0.008377 0.643279 0.104326
v -0.029268 0.603896 0.092526
v -0.035496 0.597266 0.104783
v 0.027757 0.708026 0.072888
v 0.033338 0.707522 0.082885
v 0.039792 0.697271 0.087870
v 0.035971 0.704972 0.100242
v 0.033754 0.697281 0.106187
v 0.059030 0.730093 0.085483
v 0.073295 0.732979 0.092560
v 0.091164 0.738141 0.096029
v 0.073384 0.729993 0.098711
v 0.059589 0.722150 0.102903
v -0.035834 0.587316 0.077550
v -0.046225 0.579107 0.089182
v -0.047422 0.574190 0.082884
v -0.041419 0.573167 0.072876
v -0.008897 0.627531 0.120132
v -0.048874 0.578711 0.067192
v -0.065115 0.581092 0.061572
v -0.063938 0.611721 0.058080
v -0.078006 0.606331 0.055297
v -0.060667 0.667515 0.054902
v -0.077949 0.663609 0.044440
v -0.045550 0.609596 0.063131
v -0.035922 0.660005 0.081888
v -0.036484 0.656151 0.058863
v -0.042144 0.610661 0.079048
v -0.038646 0.603035 0.092331
v -0.048533 0.734371 0.041559
v -0.026640 0.733400 0.047296
v -0.038850 0.738493 0.047263
v -0.027234 0.740244 0.060705
v -0.022937 0.732885 0.066327
v -0.025774 0.773666 0.038116
v -0.011665 0.785215 0.037056
v -0.007361 0.783463 0.042074
v 0.002758 0.800276 0.031191
v -0.013546 0.769347 0.052212
v -0.047688 0.589586 0.068013
v -0.048522 0.572845 0.065612
v -0.049203 0.572013 0.077514
v -0.047299 0.578133 0.082788
v -0.022014 0.647696 0.094450
v -0.059879 0.572970 0.065076
v -0.064317 0.581623 0.060959
v -0.077208 0.606862 0.054684
v -0.063140 0.612253 0.057467
v -0.077151 0.664140 0.043827
v -0.059869 0.668046 0.054289
v -0.044752 0.610127 0.062518
v -0.035686 0.656682 0.058250
v -0.035124 0.660537 0.081275
v -0.041346 0.611193 0.078435
v -0.037848 0.603566 0.091718
v -0.047735 0.734903 0.040946
v -0.038052 0.739025 0.046651
v -0.025842 0.733932 0.046683
v -0.026436 0.740775 0.060092
v -0.022139 0.733417 0.065714
v -0.024976 0.774198 0.037503
v -0.010867 0.785746 0.036444
v 0.003556 0.800808 0.030579
v -0.006563 0.783995 0.041461
v -0.012748 0.769878 0.051599
v -0.046890 0.590117 0.067400
v -0.046501 0.578665 0.082175
v -0.048405 0.572545 0.076901
v -0.047724 0.573377 0.064999
v -0.021216 0.648227 0.093837
v -0.059081 0.573502 0.064463
v -0.038066 0.591655 0.067282
v -0.034185 0.616818 0.084703
v -0.033624 0.620231 0.069778
v -0.030089 0.661792 0.117783
v -0.022418 0.668795 0.100021
v -0.036389 0.604601 0.099333
v -0.053047 0.639911 0.137561
v -0.030409 0.638789 0.131940
v -0.051592 0.602395 0.104820
v -0.064248 0.593094 0.105238
v -0.014507 0.711931 0.162931
v -0.016845 0.698708 0.181174
v -0.018634 0.709631 0.173930
v -0.030131 0.703698 0.186228
v -0.035093 0.694779 0.186443
v -0.007312 0.732515 0.202911
v -0.004019 0.734512 0.220764
v -0.008335 0.730310 0.224000
v 0.004100 0.739638 0.240182
v -0.019413 0.721137 0.212448
v -0.041704 0.588710 0.087167
v -0.039595 0.575395 0.076921
v -0.051468 0.574151 0.077468
v -0.056340 0.577804 0.083109
v -0.063441 0.621072 0.143868
v -0.040796 0.581750 0.067569
v -0.036635 0.591652 0.068804
v -0.032194 0.620229 0.071300
v -0.032755 0.616816 0.086225
v -0.020987 0.668792 0.101544
v -0.028659 0.661790 0.119305
v -0.034959 0.604599 0.100855
v -0.028978 0.638787 0.133462
v -0.051616 0.639909 0.139083
v -0.050161 0.602392 0.106342
v -0.062818 0.593092 0.106760
v -0.013076 0.711928 0.164453
v -0.017203 0.709629 0.175452
v -0.015415 0.698705 0.182696
v -0.028701 0.703696 0.187751
v -0.033662 0.694777 0.187965
v -0.005881 0.732513 0.204433
v -0.002589 0.734510 0.222286
v 0.005530 0.739636 0.241705
v -0.006905 0.730308 0.225523
v -0.017983 0.721135 0.213971
v -0.040273 0.588707 0.088689
v -0.054909 0.577802 0.084631
v -0.050037 0.574149 0.078990
v -0.038165 0.575393 0.078443
v -0.062011 0.621069 0.145390
v -0.039366 0.581748 0.069091
v -0.057709 0.582874 0.076027
v -0.072310 0.618299 0.076813
v -0.078370 0.607655 0.079202
v -0.097247 0.683443 0.079820
v -0.108260 0.672881 0.078732
v -0.059705 0.621741 0.073562
v -0.071498 0.684493 0.087320
v -0.077612 0.677833 0.072973
v -0.053108 0.625392 0.082303
v -0.043330 0.618795 0.088457
v -0.125818 0.763094 0.074846
v -0.111620 0.768969 0.070975
v -0.120589 0.771231 0.075569
v -0.110673 0.777887 0.080135
v -0.103109 0.771158 0.081356
v -0.132695 0.814930 0.069421
v -0.130711 0.832360 0.065329
v -0.125921 0.832057 0.066784
v -0.131755 0.853516 0.058567
v -0.119440 0.814814 0.073528
v -0.050052 0.598423 0.075098
v -0.043594 0.578624 0.072090
v -0.039661 0.578515 0.079524
v -0.039708 0.586617 0.082787
v -0.054163 0.675507 0.089062
v -0.049982 0.575354 0.075553
v -0.057663 0.583432 0.074544
v -0.078324 0.608213 0.077720
v -0.072264 0.618857 0.075331
v -0.108215 0.673439 0.077250
v -0.097202 0.684001 0.078338
v -0.059659 0.622299 0.072079
v -0.077566 0.678391 0.071490
v -0.071452 0.685050 0.085838
v -0.053063 0.625949 0.080821
v -0.043284 0.619352 0.086975
v -0.125772 0.763652 0.073364
v -0.120543 0.771789 0.074087
v -0.111574 0.769527 0.069493
v -0.110628 0.778445 0.078653
v -0.103064 0.771716 0.079874
v -0.132649 0.815488 0.067939
v -0.130665 0.832917 0.063847
v -0.131709 0.854073 0.057085
v -0.125875 0.832615 0.065302
v -0.119395 0.815371 0.072046
v -0.050006 0.598981 0.073616
v -0.039662 0.587175 0.081305
v -0.039616 0.579073 0.078042
v -0.043549 0.579182 0.070608
v -0.054117 0.676065 0.087580
v -0.049937 0.575912 0.074071
v -0.042576 0.590826 0.069360
v -0.047943 0.623517 0.084966
v -0.045791 0.621633 0.073063
v -0.059788 0.682247 0.114194
v -0.053064 0.684024 0.100759
v -0.049369 0.616044 0.096090
v -0.074204 0.663773 0.127286
v -0.057656 0.663830 0.124604
v -0.060161 0.613601 0.099145
v -0.066940 0.602410 0.097982
v -0.066869 0.752332 0.154425
v -0.068779 0.745131 0.168422
v -0.071023 0.753407 0.162890
v -0.079663 0.750175 0.171617
v -0.081254 0.740408 0.170963
v -0.072777 0.789065 0.188405
v -0.073895 0.798112 0.203257
v -0.076508 0.794373 0.205324
v -0.072628 0.811632 0.219934
v -0.080261 0.779162 0.194592
v -0.047734 0.594560 0.085046
v -0.041895 0.577486 0.076309
v -0.049803 0.574702 0.075684
v -0.054792 0.579803 0.080011
v -0.078474 0.645296 0.130659
v -0.042461 0.580398 0.068910
v -0.042106 0.590744 0.070081
v -0.045321 0.621551 0.073784
v -0.047473 0.623435 0.085687
v -0.052595 0.683943 0.101480
v -0.059318 0.682165 0.114916
v -0.048900 0.615962 0.096811
v -0.057187 0.663748 0.125325
v -0.073735 0.663692 0.128007
v -0.059692 0.613520 0.099866
v -0.066470 0.602328 0.098704
v -0.066400 0.752251 0.155146
v -0.070554 0.753325 0.163612
v -0.068309 0.745050 0.169143
v -0.079194 0.750094 0.172338
v -0.080784 0.740326 0.171684
v -0.072308 0.788983 0.189126
v -0.073425 0.798031 0.203979
v -0.072159 0.811551 0.220655
v -0.076039 0.794292 0.206045
v -0.079792 0.779080 0.195314
v -0.047264 0.594478 0.085767
v -0.054322 0.579721 0.080732
v -0.049334 0.574620 0.076405
v -0.041425 0.577404 0.077030
v -0.078004 0.645215 0.131381
v -0.041992 0.580316 0.069631
v -0.045689 0.580038 0.088621
v -0.065604 0.604845 0.101220
v -0.058260 0.598040 0.107922
v -0.100808 0.651482 0.122646
v -0.096721 0.642414 0.133906
v -0.069204 0.606496 0.088382
v -0.093325 0.658417 0.097956
v -0.101845 0.645161 0.103053
v -0.063574 0.614502 0.082478
v -0.054189 0.613939 0.073747
v -0.150773 0.703839 0.146205
v -0.156097 0.707020 0.131625
v -0.154261 0.710507 0.140717
v -0.153443 0.718613 0.131037
v -0.148181 0.715036 0.124058
v -0.184198 0.737607 0.149840
v -0.196967 0.748034 0.146646
v -0.195252 0.748998 0.142084
v -0.214191 0.759421 0.146003
v -0.179785 0.740841 0.137187
v -0.054414 0.591313 0.080226
v -0.045509 0.575886 0.074634
v -0.039082 0.580251 0.071423
v -0.040871 0.587897 0.071339
v -0.085664 0.654266 0.081543
v -0.041364 0.574962 0.081376
v -0.046568 0.579815 0.088303
v -0.059139 0.597816 0.107605
v -0.066483 0.604621 0.100902
v -0.097601 0.642191 0.133588
v -0.101687 0.651258 0.122328
v -0.070084 0.606272 0.088064
v -0.102724 0.644937 0.102735
v -0.094204 0.658193 0.097639
v -0.064454 0.614279 0.082160
v -0.055069 0.613715 0.073429
v -0.151653 0.703615 0.145888
v -0.155140 0.710283 0.140399
v -0.156976 0.706797 0.131307
v -0.154323 0.718389 0.130719
v -0.149061 0.714812 0.123740
v -0.185078 0.737383 0.149522
v -0.197846 0.747810 0.146328
v -0.215070 0.759198 0.145685
v -0.196132 0.748774 0.141766
v -0.180664 0.740617 0.136869
v -0.055294 0.591089 0.079908
v -0.041751 0.587673 0.071021
v -0.039962 0.580027 0.071105
v -0.046389 0.575662 0.074316
v -0.086544 0.654042 0.081225
v -0.042244 0.574738 0.081058
v -0.044374 0.580640 0.084567
v -0.060241 0.596398 0.105820
v -0.045156 0.597260 0.108352
v -0.090432 0.626752 0.141887
v -0.072549 0.624740 0.151862
v -0.075548 0.590648 0.095780
v -0.110730 0.629724 0.110643
v -0.106045 0.612190 0.125338
v -0.080596 0.600511 0.083808
v -0.081149 0.603291 0.068354
v -0.132748 0.653231 0.189880
v -0.151718 0.647148 0.179098
v -0.143711 0.655427 0.185606
v -0.155934 0.660544 0.173645
v -0.156547 0.658011 0.163774
v -0.171533 0.665076 0.210598
v -0.189327 0.665360 0.214702
v -0.192669 0.665824 0.208754
v -0.208658 0.664423 0.224434
v -0.181337 0.666685 0.194223
v -0.064260 0.582681 0.080356
v -0.054995 0.571262 0.071961
v -0.055178 0.579025 0.062877
v -0.060381 0.585464 0.062278
v -0.117866 0.624737 0.089980
v -0.045208 0.575824 0.075525
v -0.045413 0.579957 0.085340
v -0.046194 0.596577 0.109125
v -0.061279 0.595715 0.106593
v -0.073587 0.624057 0.152635
v -0.091471 0.626069 0.142660
v -0.076587 0.589965 0.096554
v -0.107083 0.611507 0.126111
v -0.111768 0.629041 0.111417
v -0.081634 0.599828 0.084582
v -0.082187 0.602608 0.069128
v -0.133786 0.652548 0.190653
v -0.144749 0.654744 0.186379
v -0.152756 0.646465 0.179871
v -0.156972 0.659861 0.174418
v -0.157585 0.657328 0.164548
v -0.172571 0.664393 0.211372
v -0.190365 0.664677 0.215476
v -0.209696 0.663740 0.225208
v -0.193707 0.665141 0.209527
v -0.182375 0.666003 0.194996
v -0.065298 0.581998 0.081129
v -0.061419 0.584782 0.063051
v -0.056216 0.578342 0.063651
v -0.056033 0.570580 0.072735
v -0.118904 0.624054 0.090754
v -0.046246 0.575141 0.076298
v -0.033438 0.581642 0.084916
v -0.035887 0.590469 0.112053
v -0.023506 0.596489 0.106434
v -0.043394 0.607654 0.160729
v -0.023524 0.611912 0.158131
v -0.051842 0.579930 0.111214
v -0.078649 0.603665 0.149921
v -0.061306 0.588929 0.153115
v -0.065688 0.587419 0.108042
v -0.076545 0.589959 0.098255
v -0.051230 0.616912 0.222835
v -0.070237 0.604798 0.223238
v -0.062511 0.615172 0.225976
v -0.080325 0.615775 0.225160
v -0.086298 0.613323 0.217879
v -0.069713 0.614152 0.260127
v -0.080210 0.608180 0.272069
v -0.086513 0.607508 0.269719
v -0.087967 0.600484 0.288397
v -0.087595 0.612400 0.254054
v -0.051157 0.576653 0.092569
v -0.046611 0.569406 0.078936
v -0.054527 0.576616 0.074761
v -0.060426 0.580766 0.078705
v -0.095513 0.596787 0.137722
v -0.038441 0.576992 0.077712
v -0.033144 0.580880 0.084638
v -0.023211 0.595727 0.106156
v -0.035593 0.589706 0.111776
v -0.023229 0.611150 0.157853
v -0.043100 0.606892 0.160451
v -0.051547 0.579168 0.110937
v -0.061012 0.588167 0.152837
v -0.078355 0.602903 0.149643
v -0.065393 0.586657 0.107765
v -0.076251 0.589197 0.097977
v -0.050935 0.616150 0.222557
v -0.062217 0.614410 0.225698
v -0.069943 0.604036 0.222960
v -0.080030 0.615013 0.224882
v -0.086003 0.612561 0.217602
v -0.069418 0.613389 0.259850
v -0.079916 0.607417 0.271791
v -0.087672 0.599722 0.288119
v -0.086218 0.606746 0.269441
v -0.087300 0.611637 0.253777
v -0.050863 0.575891 0.092291
v -0.060132 0.580003 0.078427
v -0.054233 0.575853 0.074483
v -0.046317 0.568644 0.078658
v -0.095218 0.596025 0.137444
v -0.038147 0.576230 0.077435
v -0.057097 0.571203 0.089489
v -0.081609 0.578841 0.091469
v -0.076553 0.576383 0.105325
v -0.125906 0.595445 0.093379
v -0.122817 0.587094 0.111928
v -0.080858 0.580046 0.072352
v -0.118392 0.613470 0.063526
v -0.118610 0.591575 0.068041
v -0.079725 0.594192 0.066147
v -0.072191 0.602869 0.059635
v -0.181070 0.605671 0.089395
v -0.181431 0.607415 0.066813
v -0.184332 0.610899 0.079188
v -0.184813 0.621934 0.065458
v -0.178649 0.623742 0.059610
v -0.214248 0.613445 0.070934
v -0.224662 0.614657 0.058251
v -0.222961 0.617923 0.052963
v -0.238530 0.612779 0.046438
v -0.209952 0.622816 0.055992
v -0.064353 0.577573 0.071916
v -0.051552 0.569570 0.071822
v -0.049149 0.580015 0.070211
v -0.053344 0.586652 0.067863
v -0.108225 0.618385 0.046576
v -0.050722 0.570713 0.083053
v -0.056798 0.570740 0.089274
v -0.076254 0.575921 0.105109
v -0.081310 0.578379 0.091254
v -0.122518 0.586631 0.111713
v -0.125607 0.594983 0.093164
v -0.080558 0.579584 0.072136
v -0.118310 0.591113 0.067826
v -0.118092 0.613007 0.063311
v -0.079426 0.593730 0.065932
v -0.071891 0.602406 0.059420
v -0.180770 0.605209 0.089180
v -0.184032 0.610437 0.078972
v -0.181132 0.606953 0.066598
v -0.184513 0.621471 0.065243
v -0.178349 0.623279 0.059395
v -0.213949 0.612983 0.070719
v -0.224362 0.614195 0.058036
v -0.238231 0.612317 0.046223
v -0.222662 0.617460 0.052748
v -0.209652 0.622353 0.055777
v -0.064053 0.577111 0.071701
v -0.053045 0.586189 0.067648
v -0.048849 0.579552 0.069996
v -0.051253 0.569108 0.071607
v -0.107925 0.617922 0.046361
v -0.050422 0.570251 0.082838
v -0.070861 0.572193 0.075846
v -0.090759 0.595475 0.072142
v -0.096494 0.584653 0.081346
v -0.124478 0.639808 0.066543
v -0.137455 0.625354 0.073329
v -0.076899 0.602953 0.061181
v -0.090702 0.655705 0.064694
v -0.102749 0.641519 0.050588
v -0.066053 0.612593 0.068631
v -0.051555 0.614070 0.074503
v -0.166465 0.691452 0.047437
v -0.151068 0.701471 0.034183
v -0.160450 0.701022 0.043498
v -0.147287 0.713071 0.043021
v -0.137218 0.711431 0.043409
v -0.180383 0.729655 0.026926
v -0.180669 0.743600 0.015136
v -0.174330 0.746162 0.015028
v -0.185836 0.758197 -0.000014
v -0.162863 0.737384 0.026507
v -0.063018 0.588467 0.066309
v -0.054874 0.573633 0.065747
v -0.047455 0.578348 0.073842
v -0.046920 0.586442 0.075602
v -0.068458 0.656936 0.062154
v -0.061144 0.569287 0.074178
v -0.071099 0.572363 0.075126
v -0.096732 0.584824 0.080627
v -0.090998 0.595645 0.071422
v -0.137694 0.625524 0.072609
v -0.124717 0.639978 0.065823
v -0.077137 0.603123 0.060461
v -0.102987 0.641689 0.049869
v -0.090940 0.655875 0.063974
v -0.066292 0.612764 0.067912
v -0.051794 0.614240 0.073783
v -0.166704 0.691622 0.046717
v -0.160689 0.701193 0.042779
v -0.151307 0.701641 0.033463
v -0.147525 0.713241 0.042302
v -0.137457 0.711601 0.042690
v -0.180621 0.729826 0.026206
v -0.180907 0.743770 0.014416
v -0.186075 0.758367 -0.000734
v -0.174568 0.746332 0.014308
v -0.163101 0.737554 0.025787
v -0.063256 0.588638 0.065590
v -0.047158 0.586612 0.074883
v -0.047693 0.578518 0.073122
v -0.055113 0.573803 0.065027
v -0.068697 0.657106 0.061435
v -0.061382 0.569457 0.073459
v -0.061790 0.579547 0.070136
v -0.067557 0.601945 0.055396
v -0.079419 0.599722 0.063098
v -0.075249 0.644110 0.029720
v -0.094505 0.639902 0.034242
v -0.049827 0.598245 0.049765
v -0.038427 0.645877 0.035052
v -0.052285 0.631000 0.024271
v -0.037656 0.606492 0.056340
v -0.025718 0.606397 0.064899
v -0.083852 0.687632 -0.010395
v -0.063145 0.684332 -0.017873
v -0.073447 0.691455 -0.013787
v -0.056478 0.696905 -0.012969
v -0.048613 0.692854 -0.009111
v -0.074047 0.711568 -0.039421
v -0.065406 0.716715 -0.051707
v -0.058739 0.716834 -0.050425
v -0.059964 0.722103 -0.068186
v -0.055299 0.712349 -0.036126
v -0.045547 0.585304 0.061507
v -0.045163 0.570877 0.067301
v -0.038337 0.576552 0.074490
v -0.034558 0.583703 0.073975
v -0.018110 0.639048 0.039855
v -0.054366 0.573551 0.072667
v -0.061648 0.579180 0.070003
v -0.079277 0.599356 0.062965
v -0.067415 0.601578 0.055262
v -0.094364 0.639536 0.034109
v -0.075107 0.643744 0.029587
v -0.049686 0.597879 0.049632
v -0.052144 0.630633 0.024138
v -0.038285 0.645510 0.034919
v -0.037515 0.606126 0.056207
v -0.025576 0.606031 0.064766
v -0.083711 0.687266 -0.010528
v -0.073305 0.691089 -0.013921
v -0.063003 0.683965 -0.018006
v -0.056336 0.696539 -0.013102
v -0.048472 0.692488 -0.009245
v -0.073905 0.711202 -0.039554
v -0.065265 0.716349 -0.051841
v -0.059823 0.721737 -0.068320
v -0.058597 0.716468 -0.050558
v -0.055157 0.711983 -0.036260
v -0.045406 0.584938 0.061373
v -0.034416 0.583337 0.073841
v -0.038195 0.576185 0.074356
v -0.045022 0.570511 0.067167
v -0.017969 0.638682 0.039721
v -0.054225 0.573185 0.072533
v 0.028831 0.618164 -0.167017
v 0.015126 0.615077 -0.178652
v 0.015100 0.618479 -0.178721
v 0.028036 0.621392 -0.167739
v -0.002923 0.617689 -0.178306
v -0.001937 0.620944 -0.178394
v -0.014744 0.624468 -0.166180
v -0.013095 0.627343 -0.166949
v -0.013412 0.631445 -0.149379
v -0.011838 0.633928 -0.151090
v 0.000292 0.634532 -0.137744
v 0.001098 0.636841 -0.140108
v 0.018342 0.631920 -0.138090
v 0.018135 0.634377 -0.140435
v 0.030163 0.625141 -0.150216
v 0.029293 0.627977 -0.151880
v 0.008736 0.632326 -0.161403
v 0.026369 0.616133 -0.164996
v 0.013936 0.612867 -0.175320
v -0.002487 0.614076 -0.174541
v -0.013281 0.619053 -0.163116
v -0.012123 0.624882 -0.147738
v 0.000309 0.628148 -0.137415
v 0.016733 0.626939 -0.138194
v 0.027527 0.621962 -0.149618
v 0.027389 0.609881 -0.163323
v 0.013886 0.606897 -0.174820
v -0.003889 0.609615 -0.174539
v -0.015523 0.616442 -0.162646
v -0.014202 0.623379 -0.146107
v -0.000698 0.626363 -0.134611
v 0.017076 0.623645 -0.134891
v 0.028711 0.616818 -0.146784
v 0.021396 0.602916 -0.157507
v 0.010969 0.600140 -0.166164
v -0.002581 0.602922 -0.166368
v -0.011317 0.609631 -0.157997
v -0.010121 0.616338 -0.145957
v 0.000307 0.619113 -0.137299
v 0.013857 0.616332 -0.137096
v 0.022592 0.609623 -0.145466
v 0.012292 0.585823 -0.146827
v 0.006134 0.584463 -0.152069
v -0.001972 0.585702 -0.151941
v -0.007277 0.588815 -0.146518
v -0.006674 0.591979 -0.138976
v -0.000517 0.593339 -0.133733
v 0.007589 0.592100 -0.133861
v 0.012895 0.588987 -0.139284
v 0.001311 0.577926 -0.138225
v 0.002607 0.623149 -0.176679
v 0.023336 0.633214 -0.201009
v 0.007978 0.635347 -0.207235
v 0.062618 0.653962 -0.242582
v 0.044183 0.651199 -0.256829
v 0.037556 0.627577 -0.185135
v 0.082614 0.663235 -0.204639
v 0.075064 0.640125 -0.217082
v 0.044109 0.641279 -0.173539
v 0.044409 0.648499 -0.157139
v 0.114359 0.665655 -0.293680
v 0.132278 0.659394 -0.276121
v 0.125950 0.667936 -0.287237
v 0.139016 0.675418 -0.272843
v 0.138624 0.675151 -0.261146
v 0.158084 0.668660 -0.311496
v 0.176836 0.665699 -0.312321
v 0.180080 0.667414 -0.305180
v 0.197243 0.659660 -0.318693
v 0.167707 0.673681 -0.291800
v 0.023435 0.624147 -0.168370
v 0.011107 0.614694 -0.157989
v 0.012347 0.625850 -0.150040
v 0.018992 0.632620 -0.150019
v 0.087933 0.662314 -0.178995
v 0.002037 0.620063 -0.165231
v 0.002546 0.622702 -0.176488
v 0.007917 0.634900 -0.207044
v 0.023274 0.632767 -0.200818
v 0.044122 0.650751 -0.256638
v 0.062557 0.653514 -0.242391
v 0.037495 0.627129 -0.184945
v 0.075003 0.639677 -0.216891
v 0.082553 0.662787 -0.204448
v 0.044048 0.640831 -0.173348
v 0.044347 0.648051 -0.156948
v 0.114298 0.665208 -0.293489
v 0.125889 0.667488 -0.287046
v 0.132217 0.658947 -0.275930
v 0.138954 0.674970 -0.272652
v 0.138563 0.674703 -0.260956
v 0.158023 0.668213 -0.311306
v 0.176775 0.665252 -0.312130
v 0.197182 0.659213 -0.318502
v 0.180019 0.666966 -0.304989
v 0.167646 0.673233 -0.291609
v 0.023374 0.623699 -0.168180
v 0.018931 0.632172 -0.149828
v 0.012286 0.625402 -0.149849
v 0.011045 0.614246 -0.157799
v 0.087871 0.661866 -0.178805
v 0.001976 0.619615 -0.165040
v -0.016152 0.628632 -0.167293
v -0.008533 0.647720 -0.197121
v -0.025014 0.651484 -0.190975
v 0.008476 0.683766 -0.249386
v -0.015593 0.685851 -0.249419
v 0.011298 0.637083 -0.196039
v 0.047021 0.678994 -0.228954
v 0.030340 0.661879 -0.242395
v 0.025181 0.645737 -0.186080
v 0.034932 0.646372 -0.170432
v 0.030284 0.715361 -0.321058
v 0.054161 0.703646 -0.321346
v 0.044223 0.715487 -0.322858
v 0.064338 0.717549 -0.317341
v 0.069902 0.712949 -0.307773
v 0.060542 0.726263 -0.363775
v 0.076320 0.724462 -0.378184
v 0.083108 0.723517 -0.374000
v 0.090261 0.721915 -0.399306
v 0.079911 0.723952 -0.352582
v 0.006744 0.627193 -0.174300
v -0.000415 0.614136 -0.161127
v 0.006490 0.621595 -0.151454
v 0.013471 0.628105 -0.153421
v 0.064656 0.668810 -0.212270
v -0.011316 0.621499 -0.158845
v -0.015656 0.628089 -0.168409
v -0.024518 0.650941 -0.192091
v -0.008037 0.647177 -0.198237
v -0.015097 0.685308 -0.250534
v 0.008973 0.683223 -0.250502
v 0.011794 0.636540 -0.197154
v 0.030836 0.661336 -0.243511
v 0.047517 0.678451 -0.230070
v 0.025677 0.645194 -0.187195
v 0.035428 0.645829 -0.171548
v 0.030780 0.714818 -0.322173
v 0.044719 0.714944 -0.323973
v 0.054657 0.703103 -0.322461
v 0.064834 0.717006 -0.318456
v 0.070398 0.712406 -0.308888
v 0.061038 0.725720 -0.364890
v 0.076816 0.723919 -0.379299
v 0.090757 0.721372 -0.400422
v 0.083604 0.722974 -0.375115
v 0.080407 0.723409 -0.353697
v 0.007240 0.626650 -0.175415
v 0.013967 0.627562 -0.154537
v 0.006986 0.621052 -0.152569
v 0.000081 0.613593 -0.162242
v 0.065153 0.668267 -0.213385
v -0.010820 0.620956 -0.159960
v 0.015830 0.621768 -0.179021
v 0.038065 0.648457 -0.189285
v 0.029815 0.641010 -0.203429
v 0.076431 0.699304 -0.205499
v 0.073986 0.687868 -0.226639
v 0.042061 0.650464 -0.167204
v 0.061669 0.711539 -0.166024
v 0.078774 0.691959 -0.174734
v 0.030842 0.662569 -0.157487
v 0.016645 0.664609 -0.145885
v 0.134875 0.753887 -0.220184
v 0.140817 0.757565 -0.194521
v 0.137556 0.762020 -0.209039
v 0.133171 0.773304 -0.191929
v 0.126123 0.770330 -0.182701
v 0.173628 0.789460 -0.210601
v 0.188939 0.800098 -0.200007
v 0.185824 0.802028 -0.192863
v 0.210672 0.810760 -0.192198
v 0.165311 0.795455 -0.190584
v 0.024589 0.634784 -0.160877
v 0.016030 0.617215 -0.157225
v 0.004963 0.624627 -0.152814
v 0.005159 0.634134 -0.150677
v 0.050687 0.708940 -0.142238
v 0.010625 0.616633 -0.169419
v 0.018157 0.621779 -0.178248
v 0.032143 0.641021 -0.202656
v 0.040393 0.648469 -0.188512
v 0.076314 0.687879 -0.225866
v 0.078759 0.699316 -0.204726
v 0.044389 0.650475 -0.166431
v 0.081101 0.691971 -0.173961
v 0.063997 0.711551 -0.165251
v 0.033170 0.662581 -0.156714
v 0.018973 0.664621 -0.145112
v 0.137203 0.753898 -0.219410
v 0.139883 0.762032 -0.208266
v 0.143145 0.757576 -0.193748
v 0.135499 0.773316 -0.191156
v 0.128451 0.770342 -0.181928
v 0.175956 0.789472 -0.209828
v 0.191267 0.800110 -0.199234
v 0.213000 0.810772 -0.191425
v 0.188151 0.802039 -0.192089
v 0.167639 0.795466 -0.189811
v 0.026916 0.634796 -0.160104
v 0.007486 0.634146 -0.149903
v 0.007291 0.624639 -0.152041
v 0.018358 0.617227 -0.156452
v 0.053014 0.708952 -0.141465
v 0.012953 0.616645 -0.168646
v 0.000711 0.634187 -0.160025
v -0.002202 0.670048 -0.187050
v -0.009348 0.667955 -0.174431
v -0.004756 0.735709 -0.236065
v -0.018769 0.734774 -0.224867
v 0.008412 0.662004 -0.195570
v 0.024449 0.723992 -0.237779
v 0.007458 0.714119 -0.240992
v 0.021323 0.665800 -0.193958
v 0.032564 0.658414 -0.186013
v -0.011744 0.809177 -0.302844
v 0.000649 0.801425 -0.314354
v -0.004058 0.812006 -0.310758
v 0.010082 0.813078 -0.315685
v 0.015996 0.803930 -0.310717
v -0.006800 0.847735 -0.350792
v -0.002615 0.856371 -0.369639
v 0.002714 0.853870 -0.369475
v -0.001927 0.868021 -0.392993
v 0.008205 0.841388 -0.350914
v 0.011711 0.639683 -0.176277
v 0.010073 0.619141 -0.162648
v 0.018567 0.621174 -0.158038
v 0.022985 0.629138 -0.162754
v 0.039163 0.706997 -0.232837
v 0.005442 0.623277 -0.155649
v -0.000055 0.633613 -0.161620
v -0.010114 0.667380 -0.176026
v -0.002968 0.669473 -0.188644
v -0.019535 0.734199 -0.226462
v -0.005522 0.735134 -0.237660
v 0.007646 0.661429 -0.197164
v 0.006692 0.713544 -0.242586
v 0.023683 0.723418 -0.239373
v 0.020557 0.665225 -0.195553
v 0.031798 0.657839 -0.187608
v -0.012510 0.808602 -0.304439
v -0.004824 0.811431 -0.312353
v -0.000116 0.800850 -0.315949
v 0.009316 0.812504 -0.317280
v 0.015230 0.803355 -0.312312
v -0.007566 0.847161 -0.352386
v -0.003381 0.855796 -0.371234
v -0.002693 0.867446 -0.394587
v 0.001948 0.853295 -0.371070
v 0.007439 0.840813 -0.352508
v 0.010945 0.639108 -0.177872
v 0.022219 0.628563 -0.164348
v 0.017801 0.620599 -0.159632
v 0.009307 0.618566 -0.164242
v 0.038397 0.706422 -0.234432
v 0.004676 0.622702 -0.157244
v 0.012746 0.625520 -0.175653
v 0.027339 0.662684 -0.191612
v 0.021024 0.652278 -0.199256
v 0.052283 0.731688 -0.218865
v 0.050279 0.719880 -0.231983
v 0.031132 0.665354 -0.176483
v 0.042091 0.736384 -0.189414
v 0.055779 0.723616 -0.195501
v 0.022367 0.672778 -0.169433
v 0.012072 0.668503 -0.158774
v 0.092121 0.812722 -0.249174
v 0.097419 0.817747 -0.232048
v 0.094090 0.821691 -0.242860
v 0.090811 0.830726 -0.231463
v 0.086093 0.824325 -0.222956
v 0.119380 0.864903 -0.255015
v 0.130646 0.881671 -0.251758
v 0.128486 0.882045 -0.246301
v 0.146613 0.901234 -0.251679
v 0.113601 0.866726 -0.239899
v 0.019263 0.641695 -0.166111
v 0.014088 0.619875 -0.158953
v 0.005507 0.622769 -0.155022
v 0.005151 0.632560 -0.155099
v 0.035004 0.728066 -0.169613
v 0.009561 0.617630 -0.166832
v 0.013631 0.625607 -0.175165
v 0.021909 0.652365 -0.198768
v 0.028225 0.662771 -0.191124
v 0.051165 0.719967 -0.231495
v 0.053168 0.731775 -0.218377
v 0.032018 0.665441 -0.175995
v 0.056665 0.723703 -0.195013
v 0.042977 0.736471 -0.188926
v 0.023253 0.672865 -0.168945
v 0.012958 0.668590 -0.158286
v 0.093006 0.812809 -0.248686
v 0.094976 0.821778 -0.242372
v 0.098305 0.817834 -0.231560
v 0.091697 0.830813 -0.230975
v 0.086979 0.824412 -0.222468
v 0.120266 0.864990 -0.254527
v 0.131532 0.881758 -0.251270
v 0.147498 0.901321 -0.251191
v 0.129372 0.882132 -0.245813
v 0.114487 0.866814 -0.239411
v 0.020148 0.641782 -0.165623
v 0.006037 0.632647 -0.154611
v 0.006393 0.622856 -0.154534
v 0.014973 0.619962 -0.158465
v 0.035890 0.728153 -0.169125
v 0.010446 0.617717 -0.166344
v 0.019331 0.632127 -0.151194
v 0.016133 0.671433 -0.158860
v 0.025403 0.665879 -0.149730
v 0.010728 0.742386 -0.175486
v 0.019289 0.740295 -0.160205
v 0.004861 0.666837 -0.168892
v 0.003559 0.726601 -0.201626
v -0.004862 0.726002 -0.184108
v 0.008552 0.665069 -0.181675
v 0.011431 0.652792 -0.189918
v -0.005399 0.828728 -0.191953
v -0.018977 0.825279 -0.204196
v -0.010320 0.832373 -0.201014
v -0.013555 0.831491 -0.215486
v -0.014240 0.820923 -0.218772
v -0.024474 0.877834 -0.210801
v -0.035466 0.891880 -0.219202
v -0.036573 0.888513 -0.223835
v -0.048668 0.911238 -0.225475
v -0.027700 0.869125 -0.224058
v 0.008953 0.640752 -0.165167
v 0.009164 0.620074 -0.157893
v 0.014311 0.616864 -0.165679
v 0.014786 0.623528 -0.172034
v -0.001221 0.707983 -0.211951
v 0.017168 0.620934 -0.153127
v 0.018240 0.632352 -0.151015
v 0.024311 0.666104 -0.149551
v 0.015041 0.671658 -0.158681
v 0.018198 0.740520 -0.160027
v 0.009636 0.742611 -0.175307
v 0.003769 0.667062 -0.168714
v -0.005953 0.726227 -0.183930
v 0.002468 0.726826 -0.201448
v 0.007460 0.665294 -0.181497
v 0.010339 0.653017 -0.189739
v -0.006491 0.828953 -0.191775
v -0.011412 0.832598 -0.200835
v -0.020068 0.825504 -0.204017
v -0.014647 0.831716 -0.215307
v -0.015332 0.821148 -0.218594
v -0.025565 0.878059 -0.210623
v -0.036558 0.892106 -0.219024
v -0.049760 0.911463 -0.225297
v -0.037664 0.888738 -0.223656
v -0.028792 0.869350 -0.223880
v 0.007861 0.640977 -0.164988
v 0.013694 0.623754 -0.171855
v 0.013219 0.617089 -0.165500
v 0.008072 0.620299 -0.157714
v -0.002313 0.708208 -0.211772
v 0.016076 0.621160 -0.152948
v 0.018080 0.629090 -0.155035
v 0.021710 0.664679 -0.149348
v 0.037674 0.656804 -0.151942
v 0.025865 0.729872 -0.142077
v 0.048476 0.722801 -0.137341
v -0.000773 0.664379 -0.147930
v -0.012620 0.725667 -0.162744
v -0.003689 0.719257 -0.137625
v -0.010467 0.667234 -0.164200
v -0.020284 0.659738 -0.177903
v 0.025400 0.808015 -0.119629
v -0.001077 0.809456 -0.117566
v 0.013019 0.814221 -0.122022
v -0.004721 0.818468 -0.132345
v -0.012471 0.810746 -0.137240
v 0.006193 0.855807 -0.105268
v -0.007629 0.870564 -0.098127
v -0.014498 0.869339 -0.102100
v -0.019557 0.889066 -0.085384
v -0.013185 0.853080 -0.116350
v -0.002621 0.641206 -0.155056
v -0.002754 0.621389 -0.153465
v -0.006630 0.621312 -0.166950
v -0.010021 0.629065 -0.171784
v -0.034210 0.713651 -0.171833
v 0.010009 0.620396 -0.157255
v 0.017422 0.629787 -0.153609
v 0.037015 0.657502 -0.150516
v 0.021052 0.665376 -0.147922
v 0.047818 0.723499 -0.135915
v 0.025207 0.730569 -0.140651
v -0.001431 0.665076 -0.146504
v -0.004347 0.719955 -0.136199
v -0.013279 0.726365 -0.161318
v -0.011125 0.667931 -0.162774
v -0.020942 0.660436 -0.176477
v 0.024742 0.808713 -0.118203
v 0.012361 0.814919 -0.120596
v -0.001736 0.810154 -0.116140
v -0.005380 0.819166 -0.130919
v -0.013130 0.811444 -0.135814
v 0.005535 0.856504 -0.103842
v -0.008287 0.871261 -0.096701
v -0.020215 0.889763 -0.083958
v -0.015157 0.870037 -0.100674
v -0.013843 0.853778 -0.114924
v -0.003280 0.641904 -0.153630
v -0.010679 0.629762 -0.170358
v -0.007288 0.622009 -0.165524
v -0.003412 0.622087 -0.152039
v -0.034868 0.714349 -0.170407
v 0.009351 0.621094 -0.155829
v 0.028791 0.622703 -0.158342
v 0.046781 0.648052 -0.145509
v 0.056380 0.640506 -0.157989
v 0.076536 0.696586 -0.122916
v 0.094584 0.684676 -0.133455
v 0.028332 0.650608 -0.132935
v 0.035463 0.710441 -0.118721
v 0.049481 0.690217 -0.107648
v 0.015505 0.663270 -0.138469
v -0.000282 0.666131 -0.145255
v 0.112484 0.748197 -0.083364
v 0.091548 0.752456 -0.067738
v 0.103521 0.756512 -0.076748
v 0.086557 0.768370 -0.073510
v 0.075526 0.765954 -0.075252
v 0.118835 0.782421 -0.048909
v 0.115139 0.792778 -0.032274
v 0.107535 0.795018 -0.031867
v 0.116368 0.802856 -0.011559
v 0.097695 0.789267 -0.047456
v 0.015842 0.635872 -0.143962
v 0.009086 0.618884 -0.148746
v 0.001051 0.626728 -0.156228
v -0.000677 0.636199 -0.155527
v 0.009795 0.708990 -0.117520
v 0.018083 0.618100 -0.158332
v 0.028664 0.621778 -0.157948
v 0.056254 0.639581 -0.157594
v 0.046655 0.647127 -0.145115
v 0.094458 0.683751 -0.133061
v 0.076410 0.695661 -0.122522
v 0.028206 0.649683 -0.132541
v 0.049355 0.689292 -0.107254
v 0.035337 0.709516 -0.118327
v 0.015379 0.662345 -0.138074
v -0.000408 0.665206 -0.144861
v 0.112358 0.747272 -0.082969
v 0.103395 0.755587 -0.076354
v 0.091422 0.751531 -0.067344
v 0.086430 0.767445 -0.073116
v 0.075400 0.765029 -0.074858
v 0.118709 0.781496 -0.048515
v 0.115012 0.791853 -0.031879
v 0.116242 0.801931 -0.011165
v 0.107409 0.794093 -0.031473
v 0.097568 0.788342 -0.047061
v 0.015715 0.634947 -0.143568
v -0.000804 0.635274 -0.155133
v 0.000925 0.625803 -0.155834
v 0.008960 0.617959 -0.148352
v 0.009668 0.708065 -0.117126
v 0.017956 0.617175 -0.157937
v 0.006725 0.633954 -0.139976
v -0.012633 0.657167 -0.139227
v 0.000429 0.660854 -0.128090
v -0.047903 0.700072 -0.141567
v -0.035301 0.703824 -0.121300
v -0.024081 0.645320 -0.154564
v -0.055228 0.688972 -0.181285
v -0.058774 0.676200 -0.158628
v -0.023014 0.650807 -0.171869
v -0.017753 0.647857 -0.186157
v -0.098986 0.741895 -0.139972
v -0.113581 0.728970 -0.158064
v -0.107196 0.741335 -0.151298
v -0.113445 0.740851 -0.171015
v -0.111002 0.734287 -0.178430
v -0.139744 0.757959 -0.152283
v -0.157391 0.757713 -0.160143
v -0.158324 0.755552 -0.167334
v -0.178579 0.758110 -0.163795
v -0.142811 0.752296 -0.172601
v -0.009692 0.632190 -0.156757
v -0.000122 0.617771 -0.152922
v 0.004067 0.622669 -0.163895
v 0.000530 0.628772 -0.170439
v -0.055416 0.674874 -0.200601
v 0.008321 0.625214 -0.145853
v 0.006731 0.633282 -0.139801
v 0.000434 0.660182 -0.127915
v -0.012628 0.656495 -0.139052
v -0.035295 0.703152 -0.121125
v -0.047897 0.699400 -0.141392
v -0.024075 0.644648 -0.154389
v -0.058768 0.675528 -0.158453
v -0.055222 0.688300 -0.181110
v -0.023009 0.650135 -0.171694
v -0.017747 0.647185 -0.185982
v -0.098981 0.741223 -0.139797
v -0.107190 0.740663 -0.151123
v -0.113575 0.728298 -0.157889
v -0.113440 0.740179 -0.170840
v -0.110996 0.733615 -0.178255
v -0.139738 0.757287 -0.152108
v -0.157385 0.757041 -0.159968
v -0.178573 0.757438 -0.163620
v -0.158318 0.754880 -0.167159
v -0.142805 0.751624 -0.172426
v -0.009686 0.631518 -0.156582
v 0.000535 0.628100 -0.170264
v 0.004073 0.621997 -0.163720
v -0.000116 0.617099 -0.152747
v -0.055411 0.674202 -0.200426
v 0.008327 0.624542 -0.145678
v -0.014736 0.635181 -0.147527
v -0.029012 0.662961 -0.165872
v -0.031453 0.664875 -0.148153
v -0.051359 0.713991 -0.200755
v -0.063175 0.716594 -0.179844
v -0.021108 0.652062 -0.183936
v -0.016515 0.701636 -0.224401
v -0.041040 0.690463 -0.219354
v -0.003358 0.656508 -0.189592
v 0.014418 0.651604 -0.190122
v -0.088139 0.767212 -0.250003
v -0.079570 0.755652 -0.272372
v -0.082355 0.767571 -0.262808
v -0.066934 0.767136 -0.276996
v -0.057767 0.759449 -0.277737
v -0.103536 0.791015 -0.295341
v -0.107500 0.793739 -0.316238
v -0.100925 0.791269 -0.320128
v -0.118023 0.798061 -0.338988
v -0.085258 0.784578 -0.306753
v -0.008981 0.635576 -0.170809
v -0.006021 0.619049 -0.160162
v 0.007540 0.622649 -0.160166
v 0.011516 0.629257 -0.166126
v 0.002914 0.685988 -0.232815
v -0.007604 0.625503 -0.148582
v -0.015380 0.635004 -0.148149
v -0.032096 0.664698 -0.148775
v -0.029656 0.662784 -0.166494
v -0.063819 0.716417 -0.180466
v -0.052003 0.713814 -0.201377
v -0.021751 0.651885 -0.184558
v -0.041684 0.690286 -0.219976
v -0.017158 0.701459 -0.225023
v -0.004001 0.656331 -0.190214
v 0.013775 0.651427 -0.190744
v -0.088782 0.767035 -0.250625
v -0.082999 0.767394 -0.263430
v -0.080214 0.755475 -0.272993
v -0.067578 0.766959 -0.277618
v -0.058411 0.759272 -0.278359
v -0.104180 0.790838 -0.295963
v -0.108144 0.793562 -0.316860
v -0.118667 0.797884 -0.339610
v -0.101569 0.791091 -0.320750
v -0.085901 0.784401 -0.307374
v -0.009624 0.635399 -0.171431
v 0.010873 0.629080 -0.166747
v 0.006897 0.622472 -0.160788
v -0.006665 0.618872 -0.160784
v 0.002270 0.685811 -0.233437
v -0.008248 0.625326 -0.149204
v -0.007899 0.630759 -0.160436
v -0.016470 0.641375 -0.189605
v -0.023132 0.652645 -0.179060
v -0.028301 0.660563 -0.243765
v -0.044504 0.673327 -0.232002
v -0.004688 0.623220 -0.194849
v 0.010014 0.640555 -0.250425
v -0.014226 0.632223 -0.241875
v 0.013325 0.625212 -0.200249
v 0.030020 0.622607 -0.196786
v -0.050028 0.672118 -0.309540
v -0.036563 0.651074 -0.317228
v -0.041448 0.665733 -0.317959
v -0.023529 0.658812 -0.326318
v -0.014842 0.653079 -0.321838
v -0.052979 0.664277 -0.354415
v -0.051475 0.654349 -0.370123
v -0.044388 0.650784 -0.370918
v -0.055624 0.644062 -0.388349
v -0.033126 0.654374 -0.357274
v 0.003256 0.618511 -0.175851
v 0.003254 0.611542 -0.158974
v 0.015947 0.615653 -0.160344
v 0.021188 0.617952 -0.167948
v 0.030128 0.625073 -0.245859
v -0.001049 0.623071 -0.155114
v -0.007959 0.630314 -0.160247
v -0.023192 0.652200 -0.178871
v -0.016531 0.640931 -0.189416
v -0.044565 0.672882 -0.231813
v -0.028361 0.660119 -0.243576
v -0.004748 0.622775 -0.194659
v -0.014286 0.631778 -0.241685
v 0.009953 0.640111 -0.250236
v 0.013265 0.624768 -0.200060
v 0.029959 0.622162 -0.196597
v -0.050089 0.671674 -0.309351
v -0.041508 0.665289 -0.317770
v -0.036623 0.650630 -0.317038
v -0.023590 0.658367 -0.326129
v -0.014902 0.652635 -0.321648
v -0.053040 0.663832 -0.354225
v -0.051536 0.653905 -0.369934
v -0.055685 0.643617 -0.388160
v -0.044449 0.650339 -0.370729
v -0.033187 0.653930 -0.357084
v 0.003196 0.618067 -0.175662
v 0.021127 0.617507 -0.167758
v 0.015886 0.615209 -0.160155
v 0.003193 0.611097 -0.158784
v 0.030067 0.624628 -0.245669
v -0.001109 0.622626 -0.154924
v -0.098633 0.484076 -0.073756
v -0.110853 0.483080 -0.067109
v -0.110574 0.485665 -0.067030
v -0.099040 0.486605 -0.073304
v -0.115170 0.485254 -0.054027
v -0.114648 0.487717 -0.054682
v -0.109054 0.489325 -0.042173
v -0.108876 0.491560 -0.043493
v -0.096088 0.492908 -0.038491
v -0.096638 0.494942 -0.040017
v -0.083868 0.493905 -0.045138
v -0.085103 0.495882 -0.046291
v -0.079552 0.491730 -0.058220
v -0.081029 0.493830 -0.058639
v -0.085668 0.487659 -0.070074
v -0.086802 0.489987 -0.069828
v -0.098620 0.494501 -0.057538
v -0.098057 0.482365 -0.071501
v -0.109024 0.481085 -0.065421
v -0.112737 0.482133 -0.053421
v -0.107022 0.484895 -0.042531
v -0.095226 0.487754 -0.039130
v -0.084259 0.489034 -0.045211
v -0.080546 0.487986 -0.057210
v -0.086261 0.485224 -0.068100
v -0.097213 0.477446 -0.071932
v -0.109271 0.476512 -0.065390
v -0.113550 0.478770 -0.052520
v -0.107544 0.482898 -0.040861
v -0.094772 0.486477 -0.037242
v -0.082714 0.487412 -0.043784
v -0.078435 0.485154 -0.056654
v -0.084441 0.481026 -0.068313
v -0.095372 0.471660 -0.066252
v -0.104573 0.470559 -0.061153
v -0.108061 0.472861 -0.051436
v -0.103793 0.477216 -0.042794
v -0.094269 0.481074 -0.040289
v -0.085068 0.482175 -0.045388
v -0.081579 0.479874 -0.055104
v -0.085848 0.475519 -0.063746
v -0.091908 0.457751 -0.057283
v -0.097407 0.457325 -0.054300
v -0.099358 0.458354 -0.048431
v -0.096619 0.460237 -0.043114
v -0.090795 0.461869 -0.041464
v -0.085296 0.462295 -0.044447
v -0.083345 0.461266 -0.050316
v -0.086083 0.459383 -0.055633
v -0.089514 0.451043 -0.047310
v -0.112001 0.489158 -0.057429
v -0.122739 0.498965 -0.078522
v -0.131048 0.501402 -0.069129
v -0.139708 0.518361 -0.117249
v -0.155012 0.517933 -0.107902
v -0.108233 0.492917 -0.084612
v -0.106530 0.521323 -0.121253
v -0.119652 0.505156 -0.119695
v -0.096905 0.502053 -0.085900
v -0.084476 0.505874 -0.081579
v -0.161000 0.531693 -0.167648
v -0.144372 0.524957 -0.175953
v -0.153108 0.532627 -0.174182
v -0.138669 0.536685 -0.179534
v -0.130500 0.535313 -0.176145
v -0.161672 0.535202 -0.203643
v -0.157542 0.532801 -0.217364
v -0.151439 0.533342 -0.217746
v -0.157209 0.528605 -0.233818
v -0.144631 0.536906 -0.205175
v -0.100445 0.488815 -0.070112
v -0.097302 0.480766 -0.058736
v -0.090230 0.488406 -0.057249
v -0.087774 0.493450 -0.061846
v -0.087003 0.517983 -0.118255
v -0.104333 0.485677 -0.054043
v -0.111926 0.488801 -0.057345
v -0.130973 0.501045 -0.069045
v -0.122664 0.498607 -0.078438
v -0.154937 0.517575 -0.107818
v -0.139633 0.518003 -0.117165
v -0.108159 0.492560 -0.084528
v -0.119577 0.504798 -0.119611
v -0.106455 0.520966 -0.121169
v -0.096830 0.501695 -0.085816
v -0.084401 0.505517 -0.081495
v -0.160925 0.531336 -0.167564
v -0.153033 0.532269 -0.174097
v -0.144297 0.524599 -0.175869
v -0.138594 0.536327 -0.179450
v -0.130425 0.534956 -0.176060
v -0.161597 0.534844 -0.203559
v -0.157467 0.532444 -0.217279
v -0.157134 0.528247 -0.233734
v -0.151364 0.532985 -0.217662
v -0.144556 0.536548 -0.205090
v -0.100370 0.488457 -0.070028
v -0.087699 0.493092 -0.061762
v -0.090155 0.488049 -0.057164
v -0.097227 0.480408 -0.058652
v -0.086929 0.517625 -0.118171
v -0.104258 0.485320 -0.053959
v -0.109809 0.492611 -0.041365
v -0.127061 0.509974 -0.054322
v -0.126729 0.512419 -0.040792
v -0.156056 0.542321 -0.079587
v -0.162301 0.544211 -0.062307
v -0.122046 0.501551 -0.068486
v -0.131736 0.536162 -0.101867
v -0.147413 0.524754 -0.093895
v -0.110419 0.506932 -0.075577
v -0.096649 0.505718 -0.078380
v -0.197980 0.573183 -0.113560
v -0.192963 0.564029 -0.131012
v -0.195523 0.573282 -0.124021
v -0.186034 0.574034 -0.136913
v -0.178212 0.569516 -0.138458
v -0.219139 0.585348 -0.146357
v -0.225329 0.585229 -0.161538
v -0.220640 0.584006 -0.165308
v -0.236846 0.585242 -0.177208
v -0.206253 0.582226 -0.157304
v -0.108809 0.491931 -0.059664
v -0.102659 0.480805 -0.051332
v -0.093217 0.485398 -0.053529
v -0.092108 0.490440 -0.058902
v -0.116190 0.526543 -0.110292
v -0.103226 0.486295 -0.042745
v -0.110521 0.492305 -0.042030
v -0.127442 0.512113 -0.041457
v -0.127773 0.509668 -0.054987
v -0.163013 0.543906 -0.062972
v -0.156769 0.542016 -0.080252
v -0.122758 0.501245 -0.069151
v -0.148126 0.524448 -0.094560
v -0.132448 0.535856 -0.102532
v -0.111131 0.506626 -0.076242
v -0.097362 0.505412 -0.079045
v -0.198692 0.572877 -0.114225
v -0.196235 0.572976 -0.124686
v -0.193676 0.563724 -0.131677
v -0.186747 0.573728 -0.137578
v -0.178924 0.569210 -0.139123
v -0.219852 0.585042 -0.147022
v -0.226041 0.584923 -0.162203
v -0.237559 0.584936 -0.177873
v -0.221353 0.583700 -0.165973
v -0.206965 0.581920 -0.157969
v -0.109522 0.491625 -0.060329
v -0.092820 0.490135 -0.059567
v -0.093929 0.485093 -0.054194
v -0.103372 0.480499 -0.051997
v -0.116903 0.526238 -0.110957
v -0.103938 0.485989 -0.043410
v -0.110268 0.488178 -0.067556
v -0.108985 0.509151 -0.085597
v -0.121958 0.505032 -0.083627
v -0.105238 0.548823 -0.116215
v -0.122018 0.542310 -0.120359
v -0.092051 0.508404 -0.082532
v -0.079962 0.554320 -0.094845
v -0.083504 0.540138 -0.109871
v -0.086959 0.516745 -0.071627
v -0.082316 0.517307 -0.058321
v -0.094676 0.590916 -0.160722
v -0.074516 0.591051 -0.158059
v -0.085251 0.595927 -0.159485
v -0.073168 0.602816 -0.151526
v -0.068795 0.599726 -0.144089
v -0.074024 0.616419 -0.185103
v -0.061370 0.623222 -0.193002
v -0.056942 0.624006 -0.188823
v -0.048975 0.630240 -0.206242
v -0.061450 0.619058 -0.173676
v -0.093772 0.496109 -0.068696
v -0.095196 0.482537 -0.062001
v -0.094291 0.487853 -0.052727
v -0.091785 0.494840 -0.052077
v -0.066272 0.550102 -0.080704
v -0.105350 0.483389 -0.061390
v -0.109097 0.488079 -0.069017
v -0.120787 0.504934 -0.085088
v -0.107814 0.509052 -0.087058
v -0.120847 0.542212 -0.121820
v -0.104067 0.548725 -0.117676
v -0.090880 0.508305 -0.083993
v -0.082333 0.540040 -0.111332
v -0.078790 0.554222 -0.096306
v -0.085788 0.516646 -0.073088
v -0.081145 0.517209 -0.059782
v -0.093505 0.590818 -0.162183
v -0.084080 0.595829 -0.160947
v -0.073345 0.590953 -0.159520
v -0.071997 0.602718 -0.152987
v -0.067624 0.599628 -0.145551
v -0.072853 0.616320 -0.186564
v -0.060199 0.623123 -0.194463
v -0.047804 0.630142 -0.207703
v -0.055771 0.623908 -0.190284
v -0.060279 0.618959 -0.175137
v -0.092601 0.496011 -0.070157
v -0.090614 0.494741 -0.053538
v -0.093120 0.487754 -0.054188
v -0.094025 0.482439 -0.063462
v -0.065100 0.550004 -0.082165
v -0.104179 0.483291 -0.062851
v -0.099601 0.495876 -0.051379
v -0.116024 0.525802 -0.055656
v -0.109184 0.523041 -0.047226
v -0.145019 0.580516 -0.065354
v -0.140907 0.578863 -0.052357
v -0.120028 0.520426 -0.065715
v -0.139592 0.571437 -0.087003
v -0.147381 0.564494 -0.075917
v -0.115063 0.522977 -0.074446
v -0.107152 0.516438 -0.080553
v -0.187035 0.642987 -0.076426
v -0.192657 0.638110 -0.088549
v -0.190320 0.645827 -0.083973
v -0.189935 0.646955 -0.095389
v -0.185732 0.639447 -0.098515
v -0.215940 0.676959 -0.091841
v -0.227347 0.685343 -0.099657
v -0.226054 0.683363 -0.103488
v -0.242587 0.696507 -0.106098
v -0.212646 0.671970 -0.102769
v -0.107656 0.501532 -0.063459
v -0.100445 0.484617 -0.059133
v -0.094706 0.485586 -0.063942
v -0.096088 0.492039 -0.068178
v -0.133831 0.557873 -0.096621
v -0.096308 0.487108 -0.053856
v -0.100994 0.495610 -0.051269
v -0.110576 0.522775 -0.047115
v -0.117416 0.525536 -0.055546
v -0.142299 0.578597 -0.052246
v -0.146412 0.580250 -0.065244
v -0.121421 0.520161 -0.065604
v -0.148774 0.564228 -0.075807
v -0.140984 0.571171 -0.086892
v -0.116456 0.522711 -0.074335
v -0.108544 0.516172 -0.080443
v -0.188428 0.642721 -0.076316
v -0.191713 0.645562 -0.083863
v -0.194050 0.637844 -0.088438
v -0.191328 0.646689 -0.095278
v -0.187125 0.639181 -0.098404
v -0.217333 0.676693 -0.091730
v -0.228739 0.685077 -0.099546
v -0.243980 0.696241 -0.105988
v -0.227447 0.683097 -0.103378
v -0.214039 0.671704 -0.102658
v -0.109048 0.501266 -0.063348
v -0.097481 0.491773 -0.068067
v -0.096098 0.485321 -0.063832
v -0.101838 0.484351 -0.059023
v -0.135223 0.557607 -0.096511
v -0.097701 0.486842 -0.053746
v -0.108332 0.490723 -0.064363
v -0.112099 0.520303 -0.078203
v -0.120234 0.513265 -0.075956
v -0.117980 0.575015 -0.101725
v -0.128987 0.567409 -0.104058
v -0.100087 0.520759 -0.076829
v -0.099340 0.575747 -0.086473
v -0.101262 0.566507 -0.098195
v -0.096693 0.525789 -0.068500
v -0.092300 0.521610 -0.058387
v -0.120868 0.638960 -0.136450
v -0.106805 0.640981 -0.135568
v -0.114978 0.645098 -0.135971
v -0.106875 0.650842 -0.130378
v -0.102729 0.645198 -0.124881
v -0.112594 0.678743 -0.156320
v -0.105622 0.690980 -0.163133
v -0.102290 0.690743 -0.160124
v -0.099375 0.705593 -0.174094
v -0.103231 0.678681 -0.148113
v -0.098227 0.501940 -0.066114
v -0.096679 0.484751 -0.061008
v -0.095896 0.486659 -0.053748
v -0.095081 0.494091 -0.053286
v -0.088000 0.567545 -0.076317
v -0.103700 0.483898 -0.059916
v -0.107740 0.490729 -0.064865
v -0.119643 0.513271 -0.076459
v -0.111508 0.520309 -0.078705
v -0.128396 0.567414 -0.104560
v -0.117389 0.575020 -0.102227
v -0.099496 0.520764 -0.077331
v -0.100671 0.566513 -0.098697
v -0.098748 0.575752 -0.086975
v -0.096102 0.525795 -0.069003
v -0.091708 0.521616 -0.058889
v -0.120276 0.638966 -0.136953
v -0.114387 0.645103 -0.136474
v -0.106214 0.640986 -0.136071
v -0.106284 0.650848 -0.130880
v -0.102138 0.645203 -0.125384
v -0.112002 0.678749 -0.156822
v -0.105031 0.690986 -0.163636
v -0.098784 0.705599 -0.174597
v -0.101699 0.690748 -0.160627
v -0.102639 0.678687 -0.148615
v -0.097636 0.501945 -0.066617
v -0.094490 0.494096 -0.053788
v -0.095304 0.486665 -0.054250
v -0.096088 0.484757 -0.061510
v -0.087409 0.567551 -0.076819
v -0.103109 0.483904 -0.060418
v -0.088566 0.493190 -0.062413
v -0.090988 0.523788 -0.061251
v -0.082581 0.518544 -0.065588
v -0.097239 0.579296 -0.060158
v -0.084316 0.576068 -0.062271
v -0.101569 0.521456 -0.055955
v -0.119258 0.570050 -0.062351
v -0.109134 0.567945 -0.051668
v -0.109829 0.521353 -0.062044
v -0.116119 0.512840 -0.066586
v -0.104725 0.646588 -0.050986
v -0.117377 0.645377 -0.044601
v -0.112109 0.650323 -0.049790
v -0.123330 0.651149 -0.051347
v -0.126886 0.643479 -0.051977
v -0.118355 0.685938 -0.041202
v -0.125868 0.697567 -0.035239
v -0.129782 0.695494 -0.035758
v -0.131937 0.713035 -0.027003
v -0.129482 0.680710 -0.042623
v -0.100403 0.501262 -0.058500
v -0.097222 0.484858 -0.057194
v -0.101689 0.483142 -0.063029
v -0.105415 0.488824 -0.064907
v -0.129695 0.557039 -0.062109
v -0.091618 0.484930 -0.061638
v -0.088709 0.493356 -0.061578
v -0.082723 0.518710 -0.064754
v -0.091130 0.523954 -0.060416
v -0.084458 0.576235 -0.061436
v -0.097382 0.579463 -0.059323
v -0.101712 0.521623 -0.055120
v -0.109277 0.568111 -0.050834
v -0.119400 0.570217 -0.061517
v -0.109972 0.521519 -0.061209
v -0.116261 0.513006 -0.065752
v -0.104868 0.646755 -0.050151
v -0.112252 0.650490 -0.048955
v -0.117520 0.645544 -0.043766
v -0.123472 0.651316 -0.050512
v -0.127028 0.643646 -0.051142
v -0.118498 0.686105 -0.040367
v -0.126010 0.697733 -0.034404
v -0.132080 0.713201 -0.026168
v -0.129925 0.695660 -0.034923
v -0.129624 0.680877 -0.041789
v -0.100546 0.501428 -0.057665
v -0.105557 0.488991 -0.064072
v -0.101832 0.483308 -0.062194
v -0.097364 0.485025 -0.056359
v -0.129837 0.557205 -0.061275
v -0.091760 0.485096 -0.060804
v -0.091925 0.491290 -0.062610
v -0.083414 0.517643 -0.062869
v -0.081768 0.511732 -0.075178
v -0.070723 0.566265 -0.062395
v -0.062021 0.560143 -0.077495
v -0.088441 0.517560 -0.046394
v -0.096078 0.565645 -0.040429
v -0.076500 0.558151 -0.040287
v -0.102293 0.521481 -0.043717
v -0.115376 0.517302 -0.040508
v -0.047219 0.623237 -0.054269
v -0.052683 0.624459 -0.034720
v -0.051612 0.628338 -0.045894
v -0.063255 0.632820 -0.035837
v -0.069560 0.627558 -0.031768
v -0.037448 0.658257 -0.035577
v -0.034618 0.668900 -0.023431
v -0.039392 0.668459 -0.019597
v -0.026938 0.681795 -0.011064
v -0.050755 0.657551 -0.024710
v -0.096274 0.500738 -0.047506
v -0.097132 0.485562 -0.047447
v -0.107744 0.486907 -0.048264
v -0.111316 0.493311 -0.046942
v -0.109477 0.557727 -0.027664
v -0.096512 0.485028 -0.057622
v -0.091020 0.491684 -0.061743
v -0.080863 0.512126 -0.074310
v -0.082509 0.518037 -0.062002
v -0.061116 0.560537 -0.076627
v -0.069818 0.566659 -0.061528
v -0.087536 0.517954 -0.045527
v -0.075595 0.558545 -0.039419
v -0.095173 0.566039 -0.039562
v -0.101388 0.521875 -0.042849
v -0.114472 0.517696 -0.039641
v -0.046314 0.623631 -0.053402
v -0.050707 0.628732 -0.045026
v -0.051778 0.624853 -0.033853
v -0.062351 0.633213 -0.034969
v -0.068655 0.627951 -0.030900
v -0.036544 0.658651 -0.034709
v -0.033713 0.669294 -0.022564
v -0.026033 0.682188 -0.010197
v -0.038487 0.668852 -0.018730
v -0.049850 0.657945 -0.023843
v -0.095369 0.501132 -0.046638
v -0.110411 0.493705 -0.046075
v -0.106839 0.487301 -0.047396
v -0.096227 0.485956 -0.046580
v -0.108572 0.558121 -0.026797
v -0.095607 0.485421 -0.056754
v -0.092041 0.486645 -0.071311
v -0.075634 0.504338 -0.080192
v -0.082670 0.499749 -0.090566
v -0.046875 0.538470 -0.094362
v -0.050709 0.530272 -0.110373
v -0.071385 0.505247 -0.063569
v -0.053500 0.549072 -0.063502
v -0.043892 0.532455 -0.071064
v -0.077489 0.515562 -0.055560
v -0.086239 0.518613 -0.045993
v -0.004125 0.573152 -0.108380
v 0.001792 0.575078 -0.089123
v -0.001005 0.578904 -0.100005
v -0.002069 0.587781 -0.086715
v -0.006489 0.586266 -0.079334
v 0.025391 0.595548 -0.102959
v 0.037229 0.601773 -0.095641
v 0.035708 0.603527 -0.090034
v 0.053250 0.607315 -0.090771
v 0.021452 0.600860 -0.087270
v -0.083997 0.495346 -0.057901
v -0.090870 0.483039 -0.054730
v -0.097551 0.489837 -0.050785
v -0.096582 0.496966 -0.049140
v -0.059645 0.548179 -0.044829
v -0.095346 0.483292 -0.063745
v -0.091886 0.485906 -0.071137
v -0.082515 0.499011 -0.090392
v -0.075479 0.503599 -0.080018
v -0.050554 0.529533 -0.110199
v -0.046720 0.537731 -0.094188
v -0.071230 0.504508 -0.063395
v -0.043738 0.531716 -0.070890
v -0.053346 0.548333 -0.063328
v -0.077335 0.514824 -0.055387
v -0.086084 0.517874 -0.045819
v -0.003971 0.572413 -0.108206
v -0.000850 0.578165 -0.099831
v 0.001947 0.574339 -0.088949
v -0.001914 0.587042 -0.086541
v -0.006334 0.585527 -0.079160
v 0.025546 0.594809 -0.102785
v 0.037384 0.601034 -0.095467
v 0.053405 0.606576 -0.090597
v 0.035863 0.602788 -0.089860
v 0.021607 0.600121 -0.087096
v -0.083842 0.494607 -0.057727
v -0.096427 0.496227 -0.048966
v -0.097397 0.489098 -0.050611
v -0.090715 0.482300 -0.054556
v -0.059490 0.547440 -0.044655
v -0.095191 0.482553 -0.063571
v -0.083791 0.493609 -0.050354
v -0.086142 0.511372 -0.035748
v -0.074388 0.512881 -0.042053
v -0.092993 0.544572 -0.010111
v -0.074877 0.545219 -0.013654
v -0.101249 0.504080 -0.031908
v -0.124227 0.540241 -0.015699
v -0.110354 0.528332 -0.007422
v -0.112704 0.509962 -0.037153
v -0.121728 0.509094 -0.044795
v -0.101381 0.576758 0.027877
v -0.119390 0.568966 0.033213
v -0.111665 0.577575 0.030728
v -0.127373 0.579268 0.029943
v -0.132629 0.575007 0.026065
v -0.119417 0.590687 0.054166
v -0.129731 0.591516 0.064708
v -0.135296 0.590612 0.063411
v -0.137941 0.592454 0.078922
v -0.135212 0.588475 0.050821
v -0.100257 0.494167 -0.043104
v -0.096401 0.482732 -0.049272
v -0.102586 0.487492 -0.055081
v -0.107573 0.492820 -0.054148
v -0.139373 0.531499 -0.021035
v -0.088397 0.487555 -0.053265
v -0.083732 0.493082 -0.050327
v -0.074329 0.512354 -0.042026
v -0.086083 0.510845 -0.035721
v -0.074817 0.544692 -0.013627
v -0.092934 0.544045 -0.010084
v -0.101190 0.503553 -0.031881
v -0.110295 0.527805 -0.007395
v -0.124168 0.539715 -0.015672
v -0.112644 0.509435 -0.037126
v -0.121669 0.508568 -0.044768
v -0.101321 0.576231 0.027903
v -0.111606 0.577048 0.030755
v -0.119330 0.568439 0.033240
v -0.127313 0.578741 0.029970
v -0.132569 0.574480 0.026092
v -0.119358 0.590161 0.054193
v -0.129672 0.590989 0.064735
v -0.137881 0.591927 0.078949
v -0.135236 0.590085 0.063438
v -0.135152 0.587948 0.050848
v -0.100197 0.493640 -0.043077
v -0.107514 0.492293 -0.054121
v -0.102527 0.486965 -0.055055
v -0.096341 0.482205 -0.049245
v -0.139314 0.530973 -0.021008
v -0.088337 0.487028 -0.053238
v -0.094759 0.495570 -0.036963
v -0.108853 0.518647 -0.030977
v -0.096742 0.518350 -0.024466
v -0.134546 0.561107 -0.023074
v -0.122605 0.561131 -0.008981
v -0.120634 0.512101 -0.041703
v -0.143239 0.553674 -0.054617
v -0.147306 0.545013 -0.035965
v -0.119470 0.515812 -0.055820
v -0.115583 0.511921 -0.068808
v -0.174070 0.606854 -0.008607
v -0.188794 0.600230 -0.020970
v -0.181577 0.608337 -0.016151
v -0.187571 0.609236 -0.030986
v -0.186406 0.603368 -0.037929
v -0.208009 0.629641 -0.009099
v -0.223628 0.633854 -0.011760
v -0.224876 0.632289 -0.017564
v -0.242156 0.639548 -0.010181
v -0.211860 0.625676 -0.025380
v -0.109705 0.498134 -0.047277
v -0.102988 0.484503 -0.046945
v -0.099015 0.487059 -0.056577
v -0.101531 0.492614 -0.060858
v -0.145563 0.542412 -0.071138
v -0.094557 0.488251 -0.042578
v -0.095390 0.495507 -0.036671
v -0.097373 0.518286 -0.024174
v -0.109483 0.518584 -0.030686
v -0.123236 0.561067 -0.008690
v -0.135176 0.561043 -0.022782
v -0.121264 0.512037 -0.041411
v -0.147937 0.544949 -0.035673
v -0.143869 0.553610 -0.054326
v -0.120101 0.515748 -0.055529
v -0.116214 0.511858 -0.068517
v -0.174701 0.606790 -0.008316
v -0.182208 0.608274 -0.015860
v -0.189425 0.600166 -0.020679
v -0.188201 0.609172 -0.030695
v -0.187037 0.603305 -0.037637
v -0.208639 0.629577 -0.008807
v -0.224258 0.633790 -0.011469
v -0.242786 0.639484 -0.009890
v -0.225507 0.632225 -0.017272
v -0.212491 0.625612 -0.025089
v -0.110336 0.498071 -0.046985
v -0.102162 0.492550 -0.060567
v -0.099646 0.486995 -0.056285
v -0.103618 0.484440 -0.046653
v -0.146194 0.542349 -0.070847
v -0.095188 0.488188 -0.042286
v -0.102530 0.493428 -0.045401
v -0.124471 0.504512 -0.046782
v -0.117657 0.512079 -0.038941
v -0.164173 0.524642 -0.052285
v -0.158895 0.533340 -0.037250
v -0.126835 0.491129 -0.057040
v -0.160640 0.509660 -0.081969
v -0.161865 0.502795 -0.062522
v -0.125661 0.492952 -0.071335
v -0.119003 0.490417 -0.082432
v -0.215511 0.540280 -0.053969
v -0.219444 0.524933 -0.066151
v -0.219823 0.536177 -0.062506
v -0.221652 0.531543 -0.077728
v -0.216718 0.526638 -0.082891
v -0.248915 0.538881 -0.063988
v -0.260638 0.532916 -0.069479
v -0.259662 0.530204 -0.074850
v -0.275693 0.527003 -0.071600
v -0.246618 0.531411 -0.079200
v -0.111697 0.485552 -0.057781
v -0.100407 0.478576 -0.053447
v -0.097586 0.481667 -0.062808
v -0.101355 0.484106 -0.068534
v -0.153554 0.497211 -0.095520
v -0.097681 0.486980 -0.049069
v -0.102455 0.493073 -0.045318
v -0.117582 0.511724 -0.038857
v -0.124397 0.504157 -0.046699
v -0.158821 0.532985 -0.037166
v -0.164099 0.524287 -0.052202
v -0.126760 0.490774 -0.056957
v -0.161791 0.502440 -0.062439
v -0.160565 0.509305 -0.081885
v -0.125587 0.492597 -0.071252
v -0.118928 0.490062 -0.082348
v -0.215436 0.539925 -0.053886
v -0.219749 0.535822 -0.062423
v -0.219369 0.524578 -0.066067
v -0.221578 0.531188 -0.077645
v -0.216644 0.526283 -0.082807
v -0.248840 0.538526 -0.063905
v -0.260564 0.532561 -0.069395
v -0.275618 0.526648 -0.071516
v -0.259587 0.529848 -0.074767
v -0.246544 0.531056 -0.079117
v -0.111622 0.485197 -0.057698
v -0.101281 0.483751 -0.068450
v -0.097512 0.481312 -0.062725
v -0.100333 0.478221 -0.053363
v -0.153479 0.496856 -0.095437
v -0.097607 0.486625 -0.048985
v -0.107435 0.386970 0.055962
v -0.115733 0.377015 0.061114
v -0.116698 0.379045 0.062423
v -0.108866 0.388441 0.057560
v -0.117278 0.370933 0.073568
v -0.118156 0.373304 0.074179
v -0.111166 0.372287 0.086030
v -0.112387 0.374582 0.085942
v -0.100977 0.380284 0.091200
v -0.102769 0.382131 0.090821
v -0.092679 0.390240 0.086048
v -0.094937 0.391528 0.085959
v -0.091134 0.396321 0.073593
v -0.093479 0.397268 0.074203
v -0.097246 0.394967 0.061131
v -0.099248 0.395990 0.062440
v -0.108450 0.387996 0.075188
v -0.105597 0.385076 0.057135
v -0.112834 0.375808 0.061675
v -0.113596 0.369658 0.072651
v -0.107437 0.370229 0.083634
v -0.097965 0.377186 0.088190
v -0.090728 0.386454 0.083650
v -0.089966 0.392604 0.072674
v -0.096125 0.392033 0.061691
v -0.102662 0.382056 0.054422
v -0.110877 0.372276 0.059513
v -0.112481 0.366363 0.071822
v -0.106536 0.367782 0.084138
v -0.096524 0.375701 0.089247
v -0.088310 0.385481 0.084156
v -0.086705 0.391394 0.071847
v -0.092650 0.389975 0.059530
v -0.097005 0.376397 0.056678
v -0.103064 0.368602 0.060472
v -0.104775 0.364444 0.070045
v -0.101136 0.366358 0.079791
v -0.094278 0.373223 0.083998
v -0.088218 0.381019 0.080204
v -0.086507 0.385177 0.070631
v -0.090146 0.383263 0.060886
v -0.085345 0.364220 0.057969
v -0.089091 0.359760 0.060291
v -0.089822 0.357063 0.065904
v -0.087111 0.357710 0.071521
v -0.082545 0.361321 0.073851
v -0.078800 0.365781 0.071529
v -0.078068 0.368478 0.065916
v -0.080779 0.367831 0.060299
v -0.077752 0.356395 0.063565
v -0.113164 0.373987 0.088297
v -0.139106 0.383072 0.084914
v -0.136730 0.379466 0.097972
v -0.185041 0.402127 0.077678
v -0.187079 0.393078 0.093652
v -0.134278 0.385341 0.068536
v -0.166856 0.419649 0.055586
v -0.172852 0.399602 0.056867
v -0.128661 0.398415 0.065079
v -0.117082 0.405965 0.062274
v -0.243330 0.416835 0.061861
v -0.238945 0.419924 0.042246
v -0.243806 0.422533 0.052762
v -0.239209 0.433443 0.041962
v -0.230813 0.434876 0.038582
v -0.274898 0.428200 0.038502
v -0.283738 0.431110 0.025004
v -0.280090 0.434245 0.021190
v -0.297277 0.431498 0.011049
v -0.265124 0.437235 0.027617
v -0.116390 0.381577 0.071917
v -0.103919 0.373146 0.074026
v -0.098607 0.382457 0.074453
v -0.101338 0.389000 0.072162
v -0.151154 0.424237 0.043858
v -0.104929 0.373364 0.084181
v -0.113783 0.373658 0.087554
v -0.137350 0.379137 0.097229
v -0.139726 0.382743 0.084172
v -0.187698 0.392749 0.092909
v -0.185660 0.401798 0.076936
v -0.134897 0.385013 0.067794
v -0.173472 0.399273 0.056125
v -0.167476 0.419320 0.054843
v -0.129280 0.398086 0.064337
v -0.117701 0.405636 0.061532
v -0.243950 0.416506 0.061118
v -0.244425 0.422204 0.052020
v -0.239565 0.419595 0.041503
v -0.239829 0.433114 0.041219
v -0.231432 0.434547 0.037839
v -0.275518 0.427872 0.037760
v -0.284358 0.430781 0.024262
v -0.297896 0.431170 0.010307
v -0.280709 0.433916 0.020448
v -0.265743 0.436906 0.026875
v -0.117010 0.381248 0.071174
v -0.101957 0.388671 0.071419
v -0.099227 0.382128 0.073711
v -0.104539 0.372817 0.073283
v -0.151773 0.423908 0.043115
v -0.105549 0.373035 0.083438
v -0.117751 0.381286 0.063167
v -0.130899 0.404960 0.057363
v -0.139484 0.394225 0.056903
v -0.153806 0.448990 0.049488
v -0.165959 0.436993 0.042448
v -0.115447 0.412105 0.059989
v -0.129831 0.457611 0.071320
v -0.129748 0.451440 0.051286
v -0.112447 0.416473 0.073640
v -0.105579 0.413848 0.085677
v -0.175413 0.504162 0.030689
v -0.157739 0.513835 0.033440
v -0.169488 0.512353 0.034331
v -0.160581 0.520564 0.044822
v -0.153626 0.517516 0.049952
v -0.175794 0.544067 0.021814
v -0.170171 0.559071 0.018344
v -0.165782 0.560269 0.022466
v -0.166153 0.576306 0.010282
v -0.163631 0.547956 0.033328
v -0.107778 0.396367 0.066239
v -0.100970 0.382791 0.065611
v -0.100484 0.383375 0.076311
v -0.101502 0.389609 0.080264
v -0.112831 0.455890 0.081961
v -0.109837 0.377794 0.066379
v -0.117062 0.382437 0.061857
v -0.138795 0.395376 0.055592
v -0.130210 0.406111 0.056053
v -0.165270 0.438144 0.041138
v -0.153117 0.450141 0.048178
v -0.114758 0.413256 0.058679
v -0.129060 0.452591 0.049975
v -0.129142 0.458762 0.070010
v -0.111758 0.417624 0.072330
v -0.104890 0.414999 0.084366
v -0.174724 0.505313 0.029379
v -0.168799 0.513504 0.033021
v -0.157050 0.514986 0.032130
v -0.159892 0.521715 0.043512
v -0.152937 0.518667 0.048642
v -0.175105 0.545218 0.020504
v -0.169482 0.560222 0.017034
v -0.165464 0.577457 0.008971
v -0.165093 0.561420 0.021156
v -0.162942 0.549107 0.032018
v -0.107089 0.397518 0.064929
v -0.100813 0.390760 0.078954
v -0.099796 0.384526 0.075001
v -0.100281 0.383942 0.064300
v -0.112142 0.457041 0.080651
v -0.109148 0.378945 0.065069
v -0.108453 0.385950 0.081237
v -0.137539 0.401193 0.091495
v -0.128409 0.399284 0.097698
v -0.190295 0.430383 0.108617
v -0.182904 0.425963 0.119314
v -0.140813 0.399248 0.080023
v -0.186604 0.435479 0.085358
v -0.187270 0.421629 0.091644
v -0.139903 0.407375 0.073658
v -0.131573 0.409244 0.065306
v -0.258087 0.458993 0.128014
v -0.263464 0.457414 0.114940
v -0.264027 0.462477 0.122686
v -0.266975 0.468235 0.113204
v -0.260616 0.466191 0.106944
v -0.302346 0.475228 0.130208
v -0.317856 0.478630 0.127151
v -0.316745 0.479431 0.122863
v -0.337601 0.481494 0.126565
v -0.299821 0.477793 0.118282
v -0.120856 0.390869 0.073190
v -0.105715 0.380367 0.069033
v -0.102460 0.386112 0.065371
v -0.107696 0.391911 0.064709
v -0.177624 0.432456 0.070529
v -0.102115 0.382222 0.074929
v -0.109482 0.384970 0.081183
v -0.129438 0.398304 0.097644
v -0.138568 0.400213 0.091441
v -0.183933 0.424983 0.119260
v -0.191325 0.429403 0.108563
v -0.141842 0.398268 0.079969
v -0.188299 0.420649 0.091590
v -0.187634 0.434499 0.085305
v -0.140933 0.406395 0.073604
v -0.132602 0.408264 0.065252
v -0.259116 0.458013 0.127960
v -0.265056 0.461497 0.122632
v -0.264493 0.456434 0.114886
v -0.268004 0.467255 0.113151
v -0.261645 0.465211 0.106891
v -0.303375 0.474248 0.130154
v -0.318885 0.477650 0.127097
v -0.338630 0.480514 0.126511
v -0.317774 0.478451 0.122809
v -0.300850 0.476813 0.118228
v -0.121885 0.389889 0.073137
v -0.108725 0.390931 0.064656
v -0.103489 0.385132 0.065317
v -0.106744 0.379387 0.068979
v -0.178654 0.431476 0.070476
v -0.103144 0.381242 0.074875
v -0.116543 0.382877 0.067221
v -0.137030 0.408517 0.069132
v -0.140067 0.398066 0.067602
v -0.173500 0.455657 0.074509
v -0.179805 0.445159 0.068637
v -0.126727 0.414646 0.070763
v -0.154372 0.459764 0.088576
v -0.154456 0.456747 0.073833
v -0.124223 0.416727 0.080540
v -0.116094 0.411777 0.087502
v -0.214482 0.515854 0.074509
v -0.203297 0.524431 0.076492
v -0.212270 0.523321 0.077964
v -0.206766 0.529555 0.085761
v -0.199264 0.525296 0.087963
v -0.231021 0.557920 0.076206
v -0.232523 0.573492 0.076188
v -0.228861 0.573837 0.078775
v -0.236757 0.592156 0.073650
v -0.221079 0.559438 0.083546
v -0.113690 0.397260 0.071215
v -0.103034 0.383235 0.067515
v -0.101527 0.382063 0.074817
v -0.104234 0.387809 0.078787
v -0.138442 0.455494 0.093774
v -0.108324 0.378435 0.067946
v -0.116165 0.383402 0.066793
v -0.139689 0.398591 0.067174
v -0.136651 0.409042 0.068704
v -0.179427 0.445684 0.068209
v -0.173122 0.456182 0.074081
v -0.126349 0.415171 0.070335
v -0.154077 0.457272 0.073405
v -0.153994 0.460289 0.088148
v -0.123845 0.417252 0.080112
v -0.115716 0.412302 0.087074
v -0.214104 0.516378 0.074081
v -0.211892 0.523846 0.077535
v -0.202919 0.524956 0.076063
v -0.206388 0.530080 0.085333
v -0.198886 0.525821 0.087535
v -0.230643 0.558444 0.075778
v -0.232144 0.574017 0.075760
v -0.236379 0.592681 0.073222
v -0.228483 0.574362 0.078347
v -0.220701 0.559963 0.083118
v -0.113312 0.397785 0.070787
v -0.103856 0.388334 0.078359
v -0.101149 0.382588 0.074389
v -0.102656 0.383760 0.067087
v -0.138064 0.456019 0.093345
v -0.107946 0.378960 0.067518
v -0.100475 0.394363 0.070452
v -0.116697 0.415269 0.086050
v -0.108133 0.417628 0.079879
v -0.147946 0.452629 0.113421
v -0.135968 0.457953 0.110246
v -0.123299 0.405750 0.089405
v -0.162782 0.435028 0.106698
v -0.150636 0.434412 0.115250
v -0.131718 0.403816 0.083865
v -0.134124 0.396058 0.075700
v -0.183865 0.494726 0.153497
v -0.192490 0.484490 0.158309
v -0.191604 0.493088 0.156205
v -0.201884 0.488403 0.155039
v -0.201430 0.481099 0.150760
v -0.211655 0.512616 0.180656
v -0.222085 0.514788 0.191319
v -0.224551 0.511395 0.189805
v -0.232558 0.519629 0.205838
v -0.218965 0.503440 0.176718
v -0.113386 0.392459 0.077542
v -0.102629 0.381451 0.070907
v -0.107009 0.380226 0.064885
v -0.113303 0.383239 0.065886
v -0.165433 0.419762 0.100515
v -0.098977 0.386308 0.067134
v -0.100474 0.394066 0.071263
v -0.108132 0.417331 0.080690
v -0.116696 0.414971 0.086860
v -0.135967 0.457656 0.111057
v -0.147945 0.452332 0.114232
v -0.123298 0.405452 0.090215
v -0.150635 0.434115 0.116060
v -0.162782 0.434731 0.107509
v -0.131717 0.403519 0.084676
v -0.134124 0.395760 0.076510
v -0.183864 0.494429 0.154307
v -0.191603 0.492791 0.157016
v -0.192489 0.484193 0.159119
v -0.201883 0.488106 0.155849
v -0.201429 0.480802 0.151570
v -0.211654 0.512319 0.181466
v -0.222084 0.514491 0.192130
v -0.232557 0.519332 0.206649
v -0.224550 0.511097 0.190616
v -0.218964 0.503142 0.177528
v -0.113385 0.392161 0.078353
v -0.113303 0.382942 0.066697
v -0.107008 0.379929 0.065695
v -0.102628 0.381154 0.071717
v -0.165432 0.419465 0.101325
v -0.098976 0.386011 0.067944
v -0.102474 0.391259 0.069314
v -0.107761 0.415395 0.081823
v -0.106531 0.416976 0.068216
v -0.119841 0.457939 0.105687
v -0.113196 0.464252 0.089650
v -0.108028 0.405863 0.096167
v -0.135777 0.434975 0.124248
v -0.115599 0.439731 0.121130
v -0.120985 0.400326 0.100154
v -0.129338 0.388977 0.100750
v -0.124853 0.509231 0.140448
v -0.125369 0.499163 0.158108
v -0.128976 0.507222 0.150166
v -0.138552 0.500220 0.160940
v -0.140437 0.491302 0.161891
v -0.128612 0.532621 0.173766
v -0.128319 0.536984 0.189567
v -0.131239 0.532545 0.192641
v -0.124923 0.545491 0.206721
v -0.136955 0.520561 0.182743
v -0.106996 0.389713 0.087019
v -0.100545 0.377992 0.079806
v -0.110376 0.373707 0.079548
v -0.116112 0.376013 0.083707
v -0.140336 0.416739 0.131446
v -0.102210 0.382130 0.070624
v -0.101685 0.391671 0.070279
v -0.105741 0.417388 0.069182
v -0.106971 0.415807 0.082789
v -0.112406 0.464665 0.090616
v -0.119051 0.458352 0.106653
v -0.107238 0.406275 0.097133
v -0.114809 0.440143 0.122096
v -0.134987 0.435388 0.125213
v -0.120195 0.400738 0.101119
v -0.128548 0.389389 0.101716
v -0.124064 0.509643 0.141413
v -0.128186 0.507634 0.151132
v -0.124579 0.499575 0.159074
v -0.137762 0.500632 0.161905
v -0.139647 0.491715 0.162856
v -0.127822 0.533034 0.174731
v -0.127529 0.537396 0.190532
v -0.124133 0.545903 0.207687
v -0.130449 0.532957 0.193607
v -0.136165 0.520973 0.183709
v -0.106206 0.390125 0.087985
v -0.115323 0.376426 0.084673
v -0.109586 0.374119 0.080513
v -0.099755 0.378404 0.080771
v -0.139546 0.417151 0.132411
v -0.101420 0.382542 0.071590
v -0.100739 0.382328 0.093837
v -0.122151 0.389488 0.109876
v -0.110175 0.392989 0.115662
v -0.162092 0.404073 0.136661
v -0.148591 0.404587 0.149256
v -0.131629 0.382834 0.097125
v -0.173532 0.407002 0.105254
v -0.168412 0.390722 0.117429
v -0.135785 0.392035 0.086518
v -0.133770 0.396579 0.073319
v -0.213740 0.411057 0.170542
v -0.226070 0.403464 0.156265
v -0.222620 0.411299 0.164495
v -0.231691 0.414923 0.151791
v -0.229600 0.414063 0.142910
v -0.253403 0.410172 0.180412
v -0.269279 0.406123 0.179818
v -0.270993 0.406702 0.173952
v -0.287302 0.399879 0.183606
v -0.258708 0.411925 0.164151
v -0.117104 0.380578 0.085745
v -0.104890 0.373899 0.079640
v -0.105041 0.381877 0.072469
v -0.110827 0.386430 0.071320
v -0.174155 0.404257 0.085323
v -0.098461 0.379334 0.085412
v -0.101174 0.381827 0.094051
v -0.110610 0.392487 0.115877
v -0.122586 0.388987 0.110091
v -0.149026 0.404086 0.149471
v -0.162527 0.403571 0.136875
v -0.132063 0.382333 0.097340
v -0.168847 0.390221 0.117644
v -0.173967 0.406501 0.105469
v -0.136220 0.391533 0.086733
v -0.134205 0.396078 0.073534
v -0.214175 0.410555 0.170757
v -0.223055 0.410798 0.164710
v -0.226505 0.402963 0.156480
v -0.232125 0.414422 0.152006
v -0.230035 0.413562 0.143125
v -0.253837 0.409670 0.180627
v -0.269714 0.405622 0.180033
v -0.287737 0.399378 0.183821
v -0.271427 0.406200 0.174166
v -0.259143 0.411423 0.164366
v -0.117538 0.380076 0.085960
v -0.111261 0.385928 0.071534
v -0.105476 0.381375 0.072684
v -0.105325 0.373397 0.079855
v -0.174589 0.403756 0.085538
v -0.098896 0.378833 0.085627
vt 0.552700 0.075400
vt 0.508600 0.053900
vt 0.508600 0.049700
vt 0.551800 0.070000
vt 0.465800 0.027700
vt 0.465800 0.015700
vt 0.423600 0.054900
vt 0.423500 0.050400
vt 0.380100 0.076600
vt 0.380900 0.071200
vt 0.331900 0.076300
vt 0.335300 0.067100
vt 0.283000 0.063000
vt 0.296300 0.040100
vt 0.649600 0.058700
vt 0.601300 0.074600
vt 0.597600 0.065200
vt 0.635700 0.036800
vt 0.557600 0.003200
vt 0.373900 0.004400
vt 0.553900 0.079200
vt 0.509500 0.061700
vt 0.465900 0.046900
vt 0.425100 0.069000
vt 0.381100 0.089700
vt 0.332000 0.094000
vt 0.283300 0.094200
vt 0.650200 0.089800
vt 0.601900 0.085600
vt 0.552000 0.091400
vt 0.508600 0.075900
vt 0.466100 0.064100
vt 0.423700 0.075900
vt 0.380700 0.092000
vt 0.334800 0.103300
vt 0.288400 0.122200
vt 0.645500 0.118400
vt 0.598200 0.102100
vt 0.545600 0.111800
vt 0.505200 0.101000
vt 0.466400 0.096600
vt 0.427700 0.101100
vt 0.387500 0.112400
vt 0.348400 0.128400
vt 0.315400 0.152900
vt 0.619000 0.150300
vt 0.585100 0.127000
vt 0.519400 0.173600
vt 0.494500 0.169600
vt 0.467200 0.172900
vt 0.439900 0.169700
vt 0.414900 0.174100
vt 0.393400 0.184900
vt 0.378400 0.202800
vt 0.556800 0.201300
vt 0.541200 0.183900
vt 0.503800 0.216400
vt 0.431500 0.217100
vt 0.421900 0.236700
vt 0.397700 0.335100
vt 0.337600 0.306500
vt 0.447500 0.287100
vt 0.468000 0.384600
vt 0.554300 0.314200
vt 0.538300 0.406600
vt 0.594300 0.407500
vt 0.353400 0.452200
vt 0.284400 0.417800
vt 0.508100 0.510500
vt 0.436600 0.469200
vt 0.284100 0.521900
vt 0.400200 0.570900
vt 0.339100 0.553700
vt 0.462200 0.599000
vt 0.514400 0.610100
vt 0.323600 0.615300
vt 0.355900 0.665100
vt 0.388300 0.678300
vt 0.367200 0.687000
vt 0.437700 0.661100
vt 0.468800 0.220900
vt 0.490400 0.240400
vt 0.495300 0.305800
vt 0.528700 0.250100
vt 0.569700 0.263200
vt 0.586900 0.290700
vt 0.512800 0.246700
vt 0.587600 0.519800
vt 0.044900 0.057000
vt 0.006800 0.159700
vt 0.073200 0.154300
vt 0.092300 0.087900
vt 0.158800 0.162100
vt 0.230700 0.146000
vt 0.198200 0.057900
vt 0.279600 0.118700
vt 0.016300 0.282600
vt 0.093300 0.277900
vt 0.173900 0.251000
vt 0.256400 0.251100
vt 0.068100 0.372900
vt 0.131700 0.372900
vt 0.193200 0.357300
vt 0.260900 0.350600
vt 0.311700 0.334200
vt 0.149100 0.434000
vt 0.202000 0.461100
vt 0.222600 0.474300
vt 0.236600 0.456300
vt 0.270800 0.416700
vt 0.077600 0.019900
vt 0.143000 0.080100
vt 0.106100 0.026000
vt 0.144000 0.015300
vt 0.214800 0.021300
vt 0.186100 0.006100
vt 0.128600 0.020200
vt 0.329900 0.219300
vt 0.044900 0.057000
vt 0.073200 0.154300
vt 0.006800 0.159700
vt 0.092300 0.087900
vt 0.158800 0.162100
vt 0.198200 0.057900
vt 0.230700 0.146000
vt 0.279600 0.118700
vt 0.093300 0.277900
vt 0.016300 0.282600
vt 0.256400 0.251100
vt 0.173900 0.251000
vt 0.068100 0.372900
vt 0.193200 0.357300
vt 0.131700 0.372900
vt 0.260900 0.350600
vt 0.311700 0.334200
vt 0.149100 0.434000
vt 0.202000 0.461100
vt 0.236600 0.456300
vt 0.222600 0.474300
vt 0.270800 0.416700
vt 0.077600 0.019900
vt 0.106100 0.026000
vt 0.143000 0.080100
vt 0.144000 0.015300
vt 0.186100 0.006100
vt 0.214800 0.021300
vt 0.128600 0.020200
vt 0.329900 0.219300
vt 0.044900 0.057000
vt 0.006800 0.159700
vt 0.073200 0.154300
vt 0.092300 0.087900
vt 0.158800 0.162100
vt 0.230700 0.146000
vt 0.198200 0.057900
vt 0.279600 0.118700
vt 0.016300 0.282600
vt 0.093300 0.277900
vt 0.173900 0.251000
vt 0.256400 0.251100
vt 0.068100 0.372900
vt 0.131700 0.372900
vt 0.193200 0.357300
vt 0.260900 0.350600
vt 0.311700 0.334200
vt 0.149100 0.434000
vt 0.202000 0.461100
vt 0.222600 0.474300
vt 0.236600 0.456300
vt 0.270800 0.416700
vt 0.077600 0.019900
vt 0.143000 0.080100
vt 0.106100 0.026000
vt 0.144000 0.015300
vt 0.214800 0.021300
vt 0.186100 0.006100
vt 0.128600 0.020200
vt 0.329900 0.219300
vt 0.044900 0.057000
vt 0.073200 0.154300
vt 0.006800 0.159700
vt 0.092300 0.087900
vt 0.158800 0.162100
vt 0.198200 0.057900
vt 0.230700 0.146000
vt 0.214800 0.021300
vt 0.279600 0.118700
vt 0.093300 0.277900
vt 0.016300 0.282600
vt 0.256400 0.251100
vt 0.173900 0.251000
vt 0.068100 0.372900
vt 0.193200 0.357300
vt 0.131700 0.372900
vt 0.260900 0.350600
vt 0.311700 0.334200
vt 0.149100 0.434000
vt 0.202000 0.461100
vt 0.236600 0.456300
vt 0.222600 0.474300
vt 0.270800 0.416700
vt 0.077600 0.019900
vt 0.106100 0.026000
vt 0.143000 0.080100
vt 0.144000 0.015300
vt 0.186100 0.006100
vt 0.128600 0.020200
vt 0.329900 0.219300
vt 0.044900 0.057000
vt 0.006800 0.159700
vt 0.073200 0.154300
vt 0.092300 0.087900
vt 0.158800 0.162100
vt 0.230700 0.146000
vt 0.198200 0.057900
vt 0.279600 0.118700
vt 0.214800 0.021300
vt 0.016300 0.282600
vt 0.093300 0.277900
vt 0.173900 0.251000
vt 0.256400 0.251100
vt 0.068100 0.372900
vt 0.131700 0.372900
vt 0.193200 0.357300
vt 0.260900 0.350600
vt 0.311700 0.334200
vt 0.149100 0.434000
vt 0.202000 0.461100
vt 0.222600 0.474300
vt 0.236600 0.456300
vt 0.270800 0.416700
vt 0.077600 0.019900
vt 0.143000 0.080100
vt 0.106100 0.026000
vt 0.144000 0.015300
vt 0.186100 0.006100
vt 0.128600 0.020200
vt 0.329900 0.219300
vt 0.044900 0.057000
vt 0.073200 0.154300
vt 0.006800 0.159700
vt 0.092300 0.087900
vt 0.158800 0.162100
vt 0.198200 0.057900
vt 0.230700 0.146000
vt 0.214800 0.021300
vt 0.279600 0.118700
vt 0.093300 0.277900
vt 0.016300 0.282600
vt 0.256400 0.251100
vt 0.173900 0.251000
vt 0.068100 0.372900
vt 0.193200 0.357300
vt 0.131700 0.372900
vt 0.260900 0.350600
vt 0.311700 0.334200
vt 0.149100 0.434000
vt 0.202000 0.461100
vt 0.236600 0.456300
vt 0.222600 0.474300
vt 0.270800 0.416700
vt 0.077600 0.019900
vt 0.106100 0.026000
vt 0.143000 0.080100
vt 0.144000 0.015300
vt 0.186100 0.006100
vt 0.128600 0.020200
vt 0.329900 0.219300
vt 0.044900 0.057000
vt 0.006800 0.159700
vt 0.073200 0.154300
vt 0.092300 0.087900
vt 0.158800 0.162100
vt 0.230700 0.146000
vt 0.198200 0.057900
vt 0.279600 0.118700
vt 0.214800 0.021300
vt 0.016300 0.282600
vt 0.093300 0.277900
vt 0.173900 0.251000
vt 0.256400 0.251100
vt 0.068100 0.372900
vt 0.131700 0.372900
vt 0.193200 0.357300
vt 0.260900 0.350600
vt 0.311700 0.334200
vt 0.149100 0.434000
vt 0.202000 0.461100
vt 0.222600 0.474300
vt 0.236600 0.456300
vt 0.270800 0.416700
vt 0.077600 0.019900
vt 0.143000 0.080100
vt 0.106100 0.026000
vt 0.144000 0.015300
vt 0.186100 0.006100
vt 0.128600 0.020200
vt 0.329900 0.219300
vt 0.421900 0.236700
vt 0.397700 0.335100
vt 0.337600 0.306500
vt 0.447500 0.287100
vt 0.468000 0.384600
vt 0.554300 0.314200
vt 0.538300 0.406600
vt 0.586900 0.290700
vt 0.594300 0.407500
vt 0.353400 0.452200
vt 0.284400 0.417800
vt 0.508100 0.510500
vt 0.436600 0.469200
vt 0.284100 0.521900
vt 0.400200 0.570900
vt 0.339100 0.553700
vt 0.462200 0.599000
vt 0.514400 0.610100
vt 0.323600 0.615300
vt 0.355900 0.665100
vt 0.388300 0.678300
vt 0.367200 0.687000
vt 0.437700 0.661100
vt 0.468800 0.220900
vt 0.490400 0.240400
vt 0.495300 0.305800
vt 0.528700 0.250100
vt 0.569700 0.263200
vt 0.512800 0.246700
vt 0.587600 0.519800
vt 0.421900 0.236700
vt 0.337600 0.306500
vt 0.397700 0.335100
vt 0.447500 0.287100
vt 0.468000 0.384600
vt 0.538300 0.406600
vt 0.554300 0.314200
vt 0.594300 0.407500
vt 0.586900 0.290700
vt 0.284400 0.417800
vt 0.353400 0.452200
vt 0.436600 0.469200
vt 0.508100 0.510500
vt 0.284100 0.521900
vt 0.339100 0.553700
vt 0.400200 0.570900
vt 0.462200 0.599000
vt 0.514400 0.610100
vt 0.323600 0.615300
vt 0.355900 0.665100
vt 0.367200 0.687000
vt 0.388300 0.678300
vt 0.437700 0.661100
vt 0.468800 0.220900
vt 0.495300 0.305800
vt 0.490400 0.240400
vt 0.528700 0.250100
vt 0.569700 0.263200
vt 0.512800 0.246700
vt 0.587600 0.519800
vt 0.044900 0.057000
vt 0.073200 0.154300
vt 0.006800 0.159700
vt 0.092300 0.087900
vt 0.158800 0.162100
vt 0.198200 0.057900
vt 0.230700 0.146000
vt 0.279600 0.118700
vt 0.093300 0.277900
vt 0.016300 0.282600
vt 0.256400 0.251100
vt 0.173900 0.251000
vt 0.068100 0.372900
vt 0.193200 0.357300
vt 0.131700 0.372900
vt 0.260900 0.350600
vt 0.311700 0.334200
vt 0.149100 0.434000
vt 0.202000 0.461100
vt 0.236600 0.456300
vt 0.222600 0.474300
vt 0.270800 0.416700
vt 0.077600 0.019900
vt 0.106100 0.026000
vt 0.143000 0.080100
vt 0.144000 0.015300
vt 0.186100 0.006100
vt 0.214800 0.021300
vt 0.128600 0.020200
vt 0.329900 0.219300
vt 0.044900 0.057000
vt 0.006800 0.159700
vt 0.073200 0.154300
vt 0.092300 0.087900
vt 0.158800 0.162100
vt 0.230700 0.146000
vt 0.198200 0.057900
vt 0.279600 0.118700
vt 0.016300 0.282600
vt 0.093300 0.277900
vt 0.173900 0.251000
vt 0.256400 0.251100
vt 0.068100 0.372900
vt 0.131700 0.372900
vt 0.193200 0.357300
vt 0.260900 0.350600
vt 0.311700 0.334200
vt 0.149100 0.434000
vt 0.202000 0.461100
vt 0.222600 0.474300
vt 0.236600 0.456300
vt 0.270800 0.416700
vt 0.077600 0.019900
vt 0.143000 0.080100
vt 0.106100 0.026000
vt 0.144000 0.015300
vt 0.214800 0.021300
vt 0.186100 0.006100
vt 0.128600 0.020200
vt 0.329900 0.219300
vt 0.044900 0.057000
vt 0.073200 0.154300
vt 0.006800 0.159700
vt 0.092300 0.087900
vt 0.158800 0.162100
vt 0.198200 0.057900
vt 0.230700 0.146000
vt 0.214800 0.021300
vt 0.279600 0.118700
vt 0.093300 0.277900
vt 0.016300 0.282600
vt 0.256400 0.251100
vt 0.173900 0.251000
vt 0.068100 0.372900
vt 0.193200 0.357300
vt 0.131700 0.372900
vt 0.260900 0.350600
vt 0.311700 0.334200
vt 0.149100 0.434000
vt 0.202000 0.461100
vt 0.236600 0.456300
vt 0.222600 0.474300
vt 0.270800 0.416700
vt 0.077600 0.019900
vt 0.106100 0.026000
vt 0.143000 0.080100
vt 0.144000 0.015300
vt 0.186100 0.006100
vt 0.128600 0.020200
vt 0.329900 0.219300
vt 0.044900 0.057000
vt 0.006800 0.159700
vt 0.073200 0.154300
vt 0.092300 0.087900
vt 0.158800 0.162100
vt 0.230700 0.146000
vt 0.198200 0.057900
vt 0.279600 0.118700
vt 0.214800 0.021300
vt 0.016300 0.282600
vt 0.093300 0.277900
vt 0.173900 0.251000
vt 0.256400 0.251100
vt 0.068100 0.372900
vt 0.131700 0.372900
vt 0.193200 0.357300
vt 0.260900 0.350600
vt 0.311700 0.334200
vt 0.149100 0.434000
vt 0.202000 0.461100
vt 0.222600 0.474300
vt 0.236600 0.456300
vt 0.270800 0.416700
vt 0.077600 0.019900
vt 0.143000 0.080100
vt 0.106100 0.026000
vt 0.144000 0.015300
vt 0.186100 0.006100
vt 0.128600 0.020200
vt 0.329900 0.219300
vt 0.730700 0.327400
vt 0.730700 0.383100
vt 0.708700 0.383100
vt 0.708700 0.327400
vt 0.741700 0.327400
vt 0.741700 0.383100
vt 0.697700 0.327400
vt 0.697700 0.383100
vt 0.687500 0.383100
vt 0.687500 0.327400
vt 0.719700 0.327400
vt 0.719700 0.383100
vt 0.741700 0.327400
vt 0.741700 0.383100
vt 0.687500 0.383100
vt 0.687500 0.327400
vt 0.730700 0.494600
vt 0.708700 0.494600
vt 0.708700 0.438800
vt 0.730700 0.438800
vt 0.741700 0.494600
vt 0.741700 0.438800
vt 0.697700 0.494600
vt 0.687500 0.494600
vt 0.687500 0.438800
vt 0.697700 0.438800
vt 0.719700 0.494600
vt 0.719700 0.438800
vt 0.741700 0.494600
vt 0.741700 0.438800
vt 0.687500 0.494600
vt 0.687500 0.438800
vt 0.730700 0.327400
vt 0.730700 0.383100
vt 0.708700 0.383100
vt 0.708700 0.327400
vt 0.741700 0.327400
vt 0.741700 0.383100
vt 0.697700 0.327400
vt 0.697700 0.383100
vt 0.687500 0.383100
vt 0.687500 0.327400
vt 0.719700 0.327400
vt 0.719700 0.383100
vt 0.741700 0.327400
vt 0.741700 0.383100
vt 0.687500 0.383100
vt 0.687500 0.327400
vt 0.730700 0.494600
vt 0.708700 0.494600
vt 0.708700 0.438800
vt 0.730700 0.438800
vt 0.741700 0.494600
vt 0.741700 0.438800
vt 0.697700 0.494600
vt 0.687500 0.494600
vt 0.687500 0.438800
vt 0.697700 0.438800
vt 0.719700 0.494600
vt 0.719700 0.438800
vt 0.741700 0.494600
vt 0.741700 0.438800
vt 0.687500 0.494600
vt 0.687500 0.438800
vt 0.730700 0.550300
vt 0.708700 0.550300
vt 0.741700 0.550300
vt 0.697700 0.550300
vt 0.687500 0.550300
vt 0.719700 0.550300
vt 0.741700 0.550300
vt 0.687500 0.550300
vt 0.730700 0.327800
vt 0.730700 0.403400
vt 0.708700 0.403400
vt 0.708700 0.327800
vt 0.741700 0.327800
vt 0.741700 0.403400
vt 0.697700 0.327800
vt 0.697700 0.403400
vt 0.687500 0.403400
vt 0.687500 0.327800
vt 0.719700 0.327800
vt 0.719700 0.403400
vt 0.741700 0.327800
vt 0.741700 0.403400
vt 0.687500 0.403400
vt 0.687500 0.327800
vt 0.730700 0.597400
vt 0.708700 0.597400
vt 0.708700 0.479000
vt 0.730700 0.479000
vt 0.741700 0.597400
vt 0.741700 0.479000
vt 0.697700 0.597400
vt 0.687500 0.597400
vt 0.687500 0.479000
vt 0.697700 0.479000
vt 0.719700 0.597400
vt 0.719700 0.479000
vt 0.741700 0.597400
vt 0.741700 0.479000
vt 0.687500 0.597400
vt 0.687500 0.479000
vt 0.714400 0.630200
vt 0.730700 0.327800
vt 0.730700 0.403400
vt 0.708700 0.403400
vt 0.708700 0.327800
vt 0.741700 0.327800
vt 0.741700 0.403400
vt 0.697700 0.327800
vt 0.697700 0.403400
vt 0.687500 0.403400
vt 0.687500 0.327800
vt 0.719700 0.327800
vt 0.719700 0.403400
vt 0.741700 0.327800
vt 0.741700 0.403400
vt 0.687500 0.403400
vt 0.687500 0.327800
vt 0.730700 0.597400
vt 0.708700 0.597400
vt 0.708700 0.479000
vt 0.730700 0.479000
vt 0.741700 0.597400
vt 0.741700 0.479000
vt 0.697700 0.597400
vt 0.687500 0.597400
vt 0.687500 0.479000
vt 0.697700 0.479000
vt 0.719700 0.597400
vt 0.719700 0.479000
vt 0.741700 0.597400
vt 0.741700 0.479000
vt 0.687500 0.597400
vt 0.687500 0.479000
vt 0.714400 0.630200
vt 0.730700 0.327400
vt 0.730700 0.383100
vt 0.708700 0.383100
vt 0.708700 0.327400
vt 0.741700 0.327400
vt 0.741700 0.383100
vt 0.697700 0.327400
vt 0.697700 0.383100
vt 0.687500 0.383100
vt 0.687500 0.327400
vt 0.719700 0.327400
vt 0.719700 0.383100
vt 0.741700 0.327400
vt 0.741700 0.383100
vt 0.687500 0.383100
vt 0.687500 0.327400
vt 0.730700 0.494600
vt 0.708700 0.494600
vt 0.708700 0.438800
vt 0.730700 0.438800
vt 0.741700 0.494600
vt 0.741700 0.438800
vt 0.697700 0.494600
vt 0.687500 0.494600
vt 0.687500 0.438800
vt 0.697700 0.438800
vt 0.719700 0.494600
vt 0.719700 0.438800
vt 0.741700 0.494600
vt 0.741700 0.438800
vt 0.687500 0.494600
vt 0.687500 0.438800
vt 0.730700 0.550300
vt 0.708700 0.550300
vt 0.741700 0.550300
vt 0.697700 0.550300
vt 0.687500 0.550300
vt 0.719700 0.550300
vt 0.741700 0.550300
vt 0.687500 0.550300
vt 0.730700 0.327800
vt 0.730700 0.403400
vt 0.708700 0.403400
vt 0.708700 0.327800
vt 0.741700 0.327800
vt 0.741700 0.403400
vt 0.697700 0.327800
vt 0.697700 0.403400
vt 0.687500 0.403400
vt 0.687500 0.327800
vt 0.719700 0.327800
vt 0.719700 0.403400
vt 0.741700 0.327800
vt 0.741700 0.403400
vt 0.687500 0.403400
vt 0.687500 0.327800
vt 0.730700 0.597400
vt 0.708700 0.597400
vt 0.708700 0.479000
vt 0.730700 0.479000
vt 0.741700 0.597400
vt 0.741700 0.479000
vt 0.697700 0.597400
vt 0.687500 0.597400
vt 0.687500 0.479000
vt 0.697700 0.479000
vt 0.719700 0.597400
vt 0.719700 0.479000
vt 0.741700 0.597400
vt 0.741700 0.479000
vt 0.687500 0.597400
vt 0.687500 0.479000
vt 0.714400 0.630200
vt 0.730700 0.327400
vt 0.730700 0.383100
vt 0.708700 0.383100
vt 0.708700 0.327400
vt 0.741700 0.327400
vt 0.741700 0.383100
vt 0.697700 0.327400
vt 0.697700 0.383100
vt 0.687500 0.383100
vt 0.687500 0.327400
vt 0.719700 0.327400
vt 0.719700 0.383100
vt 0.741700 0.327400
vt 0.741700 0.383100
vt 0.687500 0.383100
vt 0.687500 0.327400
vt 0.730700 0.494600
vt 0.708700 0.494600
vt 0.708700 0.438800
vt 0.730700 0.438800
vt 0.741700 0.494600
vt 0.741700 0.438800
vt 0.697700 0.494600
vt 0.687500 0.494600
vt 0.687500 0.438800
vt 0.697700 0.438800
vt 0.719700 0.494600
vt 0.719700 0.438800
vt 0.741700 0.494600
vt 0.741700 0.438800
vt 0.687500 0.494600
vt 0.687500 0.438800
vt 0.730700 0.550300
vt 0.708700 0.550300
vt 0.741700 0.550300
vt 0.697700 0.550300
vt 0.687500 0.550300
vt 0.719700 0.550300
vt 0.741700 0.550300
vt 0.687500 0.550300
vt 0.729800 0.254900
vt 0.713000 0.234100
vt 0.714000 0.232100
vt 0.730600 0.252000
vt 0.698000 0.211400
vt 0.700700 0.205400
vt 0.670900 0.215100
vt 0.671900 0.212900
vt 0.644400 0.215800
vt 0.646100 0.213300
vt 0.620800 0.204600
vt 0.624500 0.200800
vt 0.599700 0.186700
vt 0.611500 0.178500
vt 0.781400 0.268900
vt 0.754000 0.265700
vt 0.754300 0.260200
vt 0.779600 0.254900
vt 0.748800 0.220400
vt 0.658000 0.178800
vt 0.729600 0.257000
vt 0.711700 0.238200
vt 0.693600 0.220900
vt 0.668400 0.222400
vt 0.642000 0.222500
vt 0.616700 0.213300
vt 0.592700 0.202200
vt 0.774600 0.284400
vt 0.751800 0.271200
vt 0.725800 0.262600
vt 0.708000 0.245000
vt 0.689800 0.229400
vt 0.666100 0.225500
vt 0.641200 0.223500
vt 0.616000 0.218500
vt 0.588800 0.217200
vt 0.765700 0.297400
vt 0.746100 0.278500
vt 0.718000 0.271200
vt 0.700500 0.256600
vt 0.682400 0.245500
vt 0.662300 0.238800
vt 0.639900 0.235100
vt 0.616900 0.234000
vt 0.595000 0.238500
vt 0.745300 0.307000
vt 0.734000 0.287700
vt 0.690900 0.295600
vt 0.679500 0.287900
vt 0.665300 0.283300
vt 0.652500 0.275500
vt 0.639200 0.271900
vt 0.626100 0.272300
vt 0.614600 0.277600
vt 0.702900 0.317900
vt 0.699200 0.305700
vt 0.673300 0.313100
vt 0.637500 0.296900
vt 0.880100 0.974300
vt 0.902700 0.908900
vt 0.927400 0.932700
vt 0.943200 0.788600
vt 0.983800 0.811400
vt 0.860800 0.898100
vt 0.832500 0.777700
vt 0.882800 0.791900
vt 0.824800 0.890500
vt 0.790700 0.901900
vt 0.984600 0.637900
vt 0.930400 0.618700
vt 0.961400 0.621200
vt 0.902400 0.604900
vt 0.880900 0.613900
vt 0.982300 0.531600
vt 0.968300 0.495200
vt 0.940400 0.497800
vt 0.963200 0.451000
vt 0.918000 0.533400
vt 0.844900 0.943200
vt 0.840000 0.982000
vt 0.814500 0.978300
vt 0.806400 0.962800
vt 0.786000 0.793000
vt 0.863300 0.987900
vt 0.880100 0.974300
vt 0.927400 0.932700
vt 0.902700 0.908900
vt 0.983800 0.811400
vt 0.943200 0.788600
vt 0.860800 0.898100
vt 0.882800 0.791900
vt 0.832500 0.777700
vt 0.824800 0.890500
vt 0.790700 0.901900
vt 0.984600 0.637900
vt 0.961400 0.621200
vt 0.930400 0.618700
vt 0.902400 0.604900
vt 0.880900 0.613900
vt 0.982300 0.531600
vt 0.968300 0.495200
vt 0.963200 0.451000
vt 0.940400 0.497800
vt 0.918000 0.533400
vt 0.844900 0.943200
vt 0.806400 0.962800
vt 0.814500 0.978300
vt 0.840000 0.982000
vt 0.786000 0.793000
vt 0.863300 0.987900
vt 0.880100 0.974300
vt 0.902700 0.908900
vt 0.927400 0.932700
vt 0.943200 0.788600
vt 0.983800 0.811400
vt 0.860800 0.898100
vt 0.832500 0.777700
vt 0.882800 0.791900
vt 0.824800 0.890500
vt 0.790700 0.901900
vt 0.984600 0.637900
vt 0.930400 0.618700
vt 0.961400 0.621200
vt 0.902400 0.604900
vt 0.880900 0.613900
vt 0.982300 0.531600
vt 0.968300 0.495200
vt 0.940400 0.497800
vt 0.963200 0.451000
vt 0.918000 0.533400
vt 0.844900 0.943200
vt 0.840000 0.982000
vt 0.814500 0.978300
vt 0.806400 0.962800
vt 0.786000 0.793000
vt 0.863300 0.987900
vt 0.880100 0.974300
vt 0.927400 0.932700
vt 0.902700 0.908900
vt 0.983800 0.811400
vt 0.943200 0.788600
vt 0.860800 0.898100
vt 0.882800 0.791900
vt 0.832500 0.777700
vt 0.824800 0.890500
vt 0.790700 0.901900
vt 0.984600 0.637900
vt 0.961400 0.621200
vt 0.930400 0.618700
vt 0.902400 0.604900
vt 0.880900 0.613900
vt 0.982300 0.531600
vt 0.968300 0.495200
vt 0.963200 0.451000
vt 0.940400 0.497800
vt 0.918000 0.533400
vt 0.844900 0.943200
vt 0.806400 0.962800
vt 0.814500 0.978300
vt 0.840000 0.982000
vt 0.786000 0.793000
vt 0.863300 0.987900
vt 0.880100 0.974300
vt 0.902700 0.908900
vt 0.927400 0.932700
vt 0.943200 0.788600
vt 0.983800 0.811400
vt 0.860800 0.898100
vt 0.832500 0.777700
vt 0.882800 0.791900
vt 0.824800 0.890500
vt 0.790700 0.901900
vt 0.984600 0.637900
vt 0.930400 0.618700
vt 0.961400 0.621200
vt 0.902400 0.604900
vt 0.880900 0.613900
vt 0.982300 0.531600
vt 0.968300 0.495200
vt 0.940400 0.497800
vt 0.963200 0.451000
vt 0.918000 0.533400
vt 0.844900 0.943200
vt 0.840000 0.982000
vt 0.814500 0.978300
vt 0.806400 0.962800
vt 0.786000 0.793000
vt 0.863300 0.987900
vt 0.880100 0.974300
vt 0.927400 0.932700
vt 0.902700 0.908900
vt 0.983800 0.811400
vt 0.943200 0.788600
vt 0.860800 0.898100
vt 0.882800 0.791900
vt 0.832500 0.777700
vt 0.824800 0.890500
vt 0.790700 0.901900
vt 0.984600 0.637900
vt 0.961400 0.621200
vt 0.930400 0.618700
vt 0.902400 0.604900
vt 0.880900 0.613900
vt 0.982300 0.531600
vt 0.968300 0.495200
vt 0.963200 0.451000
vt 0.940400 0.497800
vt 0.918000 0.533400
vt 0.844900 0.943200
vt 0.806400 0.962800
vt 0.814500 0.978300
vt 0.840000 0.982000
vt 0.786000 0.793000
vt 0.863300 0.987900
vt 0.861900 0.254300
vt 0.836500 0.318600
vt 0.811600 0.297000
vt 0.793900 0.440800
vt 0.754300 0.418200
vt 0.879100 0.330000
vt 0.906600 0.453100
vt 0.855500 0.438100
vt 0.915700 0.338200
vt 0.948300 0.328400
vt 0.753200 0.594300
vt 0.805200 0.614200
vt 0.773500 0.611300
vt 0.836600 0.630900
vt 0.855700 0.619400
vt 0.756300 0.697200
vt 0.770500 0.734400
vt 0.794900 0.738100
vt 0.775700 0.779600
vt 0.817100 0.703600
vt 0.895800 0.284200
vt 0.901100 0.247900
vt 0.925100 0.250500
vt 0.933300 0.266400
vt 0.952900 0.437600
vt 0.878100 0.241800
vt 0.861900 0.254300
vt 0.811600 0.297000
vt 0.836500 0.318600
vt 0.754300 0.418200
vt 0.793900 0.440800
vt 0.879100 0.330000
vt 0.855500 0.438100
vt 0.906600 0.453100
vt 0.915700 0.338200
vt 0.948300 0.328400
vt 0.753200 0.594300
vt 0.773500 0.611300
vt 0.805200 0.614200
vt 0.836600 0.630900
vt 0.855700 0.619400
vt 0.756300 0.697200
vt 0.770500 0.734400
vt 0.775700 0.779600
vt 0.794900 0.738100
vt 0.817100 0.703600
vt 0.895800 0.284200
vt 0.933300 0.266400
vt 0.925100 0.250500
vt 0.901100 0.247900
vt 0.952900 0.437600
vt 0.878100 0.241800
vt 0.880100 0.974300
vt 0.902700 0.908900
vt 0.927400 0.932700
vt 0.943200 0.788600
vt 0.983800 0.811400
vt 0.860800 0.898100
vt 0.832500 0.777700
vt 0.882800 0.791900
vt 0.824800 0.890500
vt 0.790700 0.901900
vt 0.984600 0.637900
vt 0.930400 0.618700
vt 0.961400 0.621200
vt 0.902400 0.604900
vt 0.880900 0.613900
vt 0.982300 0.531600
vt 0.968300 0.495200
vt 0.940400 0.497800
vt 0.963200 0.451000
vt 0.918000 0.533400
vt 0.844900 0.943200
vt 0.840000 0.982000
vt 0.814500 0.978300
vt 0.806400 0.962800
vt 0.786000 0.793000
vt 0.863300 0.987900
vt 0.880100 0.974300
vt 0.927400 0.932700
vt 0.902700 0.908900
vt 0.983800 0.811400
vt 0.943200 0.788600
vt 0.860800 0.898100
vt 0.882800 0.791900
vt 0.832500 0.777700
vt 0.824800 0.890500
vt 0.790700 0.901900
vt 0.984600 0.637900
vt 0.961400 0.621200
vt 0.930400 0.618700
vt 0.902400 0.604900
vt 0.880900 0.613900
vt 0.982300 0.531600
vt 0.968300 0.495200
vt 0.963200 0.451000
vt 0.940400 0.497800
vt 0.918000 0.533400
vt 0.844900 0.943200
vt 0.806400 0.962800
vt 0.814500 0.978300
vt 0.840000 0.982000
vt 0.786000 0.793000
vt 0.863300 0.987900
vt 0.880100 0.974300
vt 0.902700 0.908900
vt 0.927400 0.932700
vt 0.943200 0.788600
vt 0.983800 0.811400
vt 0.860800 0.898100
vt 0.832500 0.777700
vt 0.882800 0.791900
vt 0.824800 0.890500
vt 0.790700 0.901900
vt 0.984600 0.637900
vt 0.930400 0.618700
vt 0.961400 0.621200
vt 0.902400 0.604900
vt 0.880900 0.613900
vt 0.982300 0.531600
vt 0.968300 0.495200
vt 0.940400 0.497800
vt 0.963200 0.451000
vt 0.918000 0.533400
vt 0.844900 0.943200
vt 0.840000 0.982000
vt 0.814500 0.978300
vt 0.806400 0.962800
vt 0.786000 0.793000
vt 0.863300 0.987900
vt 0.880100 0.974300
vt 0.927400 0.932700
vt 0.902700 0.908900
vt 0.983800 0.811400
vt 0.943200 0.788600
vt 0.860800 0.898100
vt 0.882800 0.791900
vt 0.832500 0.777700
vt 0.824800 0.890500
vt 0.790700 0.901900
vt 0.984600 0.637900
vt 0.961400 0.621200
vt 0.930400 0.618700
vt 0.902400 0.604900
vt 0.880900 0.613900
vt 0.982300 0.531600
vt 0.968300 0.495200
vt 0.963200 0.451000
vt 0.940400 0.497800
vt 0.918000 0.533400
vt 0.844900 0.943200
vt 0.806400 0.962800
vt 0.814500 0.978300
vt 0.840000 0.982000
vt 0.786000 0.793000
vt 0.863300 0.987900
vt 0.861900 0.254300
vt 0.836500 0.318600
vt 0.811600 0.297000
vt 0.793900 0.440800
vt 0.754300 0.418200
vt 0.879100 0.330000
vt 0.906600 0.453100
vt 0.855500 0.438100
vt 0.915700 0.338200
vt 0.948300 0.328400
vt 0.753200 0.594300
vt 0.805200 0.614200
vt 0.773500 0.611300
vt 0.836600 0.630900
vt 0.855700 0.619400
vt 0.756300 0.697200
vt 0.770500 0.734400
vt 0.794900 0.738100
vt 0.775700 0.779600
vt 0.817100 0.703600
vt 0.895800 0.284200
vt 0.901100 0.247900
vt 0.925100 0.250500
vt 0.933300 0.266400
vt 0.952900 0.437600
vt 0.878100 0.241800
vt 0.861900 0.254300
vt 0.811600 0.297000
vt 0.836500 0.318600
vt 0.754300 0.418200
vt 0.793900 0.440800
vt 0.879100 0.330000
vt 0.855500 0.438100
vt 0.906600 0.453100
vt 0.915700 0.338200
vt 0.948300 0.328400
vt 0.753200 0.594300
vt 0.773500 0.611300
vt 0.805200 0.614200
vt 0.836600 0.630900
vt 0.855700 0.619400
vt 0.756300 0.697200
vt 0.770500 0.734400
vt 0.775700 0.779600
vt 0.794900 0.738100
vt 0.817100 0.703600
vt 0.895800 0.284200
vt 0.933300 0.266400
vt 0.925100 0.250500
vt 0.901100 0.247900
vt 0.952900 0.437600
vt 0.878100 0.241800
vt 0.729800 0.254900
vt 0.713000 0.234100
vt 0.714000 0.232100
vt 0.730600 0.252000
vt 0.698000 0.211400
vt 0.700700 0.205400
vt 0.670900 0.215100
vt 0.671900 0.212900
vt 0.644400 0.215800
vt 0.646100 0.213300
vt 0.620800 0.204600
vt 0.624500 0.200800
vt 0.599700 0.186700
vt 0.611500 0.178500
vt 0.781400 0.268900
vt 0.754000 0.265700
vt 0.754300 0.260200
vt 0.779600 0.254900
vt 0.748800 0.220400
vt 0.658000 0.178800
vt 0.729600 0.257000
vt 0.711700 0.238200
vt 0.693600 0.220900
vt 0.668400 0.222400
vt 0.642000 0.222500
vt 0.616700 0.213300
vt 0.592700 0.202200
vt 0.774600 0.284400
vt 0.751800 0.271200
vt 0.725800 0.262600
vt 0.708000 0.245000
vt 0.689800 0.229400
vt 0.666100 0.225500
vt 0.641200 0.223500
vt 0.616000 0.218500
vt 0.588800 0.217200
vt 0.765700 0.297400
vt 0.746100 0.278500
vt 0.718000 0.271200
vt 0.700500 0.256600
vt 0.682400 0.245500
vt 0.662300 0.238800
vt 0.639900 0.235100
vt 0.616900 0.234000
vt 0.595000 0.238500
vt 0.745300 0.307000
vt 0.734000 0.287700
vt 0.690900 0.295600
vt 0.679500 0.287900
vt 0.665300 0.283300
vt 0.652500 0.275500
vt 0.639200 0.271900
vt 0.626100 0.272300
vt 0.614600 0.277600
vt 0.702900 0.317900
vt 0.699200 0.305700
vt 0.673300 0.313100
vt 0.637500 0.296900
vt 0.861900 0.254300
vt 0.836500 0.318600
vt 0.811600 0.297000
vt 0.793900 0.440800
vt 0.754300 0.418200
vt 0.879100 0.330000
vt 0.906600 0.453100
vt 0.855500 0.438100
vt 0.915700 0.338200
vt 0.948300 0.328400
vt 0.753200 0.594300
vt 0.805200 0.614200
vt 0.773500 0.611300
vt 0.836600 0.630900
vt 0.855700 0.619400
vt 0.756300 0.697200
vt 0.770500 0.734400
vt 0.794900 0.738100
vt 0.775700 0.779600
vt 0.817100 0.703600
vt 0.895800 0.284200
vt 0.901100 0.247900
vt 0.925100 0.250500
vt 0.933300 0.266400
vt 0.952900 0.437600
vt 0.878100 0.241800
vt 0.861900 0.254300
vt 0.811600 0.297000
vt 0.836500 0.318600
vt 0.754300 0.418200
vt 0.793900 0.440800
vt 0.879100 0.330000
vt 0.855500 0.438100
vt 0.906600 0.453100
vt 0.915700 0.338200
vt 0.948300 0.328400
vt 0.753200 0.594300
vt 0.773500 0.611300
vt 0.805200 0.614200
vt 0.836600 0.630900
vt 0.855700 0.619400
vt 0.756300 0.697200
vt 0.770500 0.734400
vt 0.775700 0.779600
vt 0.794900 0.738100
vt 0.817100 0.703600
vt 0.895800 0.284200
vt 0.933300 0.266400
vt 0.925100 0.250500
vt 0.901100 0.247900
vt 0.952900 0.437600
vt 0.878100 0.241800
vt 0.880100 0.974300
vt 0.902700 0.908900
vt 0.927400 0.932700
vt 0.943200 0.788600
vt 0.983800 0.811400
vt 0.860800 0.898100
vt 0.832500 0.777700
vt 0.882800 0.791900
vt 0.824800 0.890500
vt 0.790700 0.901900
vt 0.984600 0.637900
vt 0.930400 0.618700
vt 0.961400 0.621200
vt 0.902400 0.604900
vt 0.880900 0.613900
vt 0.982300 0.531600
vt 0.968300 0.495200
vt 0.940400 0.497800
vt 0.963200 0.451000
vt 0.918000 0.533400
vt 0.844900 0.943200
vt 0.840000 0.982000
vt 0.814500 0.978300
vt 0.806400 0.962800
vt 0.786000 0.793000
vt 0.863300 0.987900
vt 0.880100 0.974300
vt 0.927400 0.932700
vt 0.902700 0.908900
vt 0.983800 0.811400
vt 0.943200 0.788600
vt 0.860800 0.898100
vt 0.882800 0.791900
vt 0.832500 0.777700
vt 0.824800 0.890500
vt 0.790700 0.901900
vt 0.984600 0.637900
vt 0.961400 0.621200
vt 0.930400 0.618700
vt 0.902400 0.604900
vt 0.880900 0.613900
vt 0.982300 0.531600
vt 0.968300 0.495200
vt 0.963200 0.451000
vt 0.940400 0.497800
vt 0.918000 0.533400
vt 0.844900 0.943200
vt 0.806400 0.962800
vt 0.814500 0.978300
vt 0.840000 0.982000
vt 0.786000 0.793000
vt 0.863300 0.987900
vt 0.880100 0.974300
vt 0.902700 0.908900
vt 0.927400 0.932700
vt 0.943200 0.788600
vt 0.983800 0.811400
vt 0.860800 0.898100
vt 0.832500 0.777700
vt 0.882800 0.791900
vt 0.824800 0.890500
vt 0.790700 0.901900
vt 0.984600 0.637900
vt 0.930400 0.618700
vt 0.961400 0.621200
vt 0.902400 0.604900
vt 0.880900 0.613900
vt 0.982300 0.531600
vt 0.968300 0.495200
vt 0.940400 0.497800
vt 0.963200 0.451000
vt 0.918000 0.533400
vt 0.844900 0.943200
vt 0.840000 0.982000
vt 0.814500 0.978300
vt 0.806400 0.962800
vt 0.786000 0.793000
vt 0.863300 0.987900
vt 0.880100 0.974300
vt 0.927400 0.932700
vt 0.902700 0.908900
vt 0.983800 0.811400
vt 0.943200 0.788600
vt 0.860800 0.898100
vt 0.882800 0.791900
vt 0.832500 0.777700
vt 0.824800 0.890500
vt 0.790700 0.901900
vt 0.984600 0.637900
vt 0.961400 0.621200
vt 0.930400 0.618700
vt 0.902400 0.604900
vt 0.880900 0.613900
vt 0.982300 0.531600
vt 0.968300 0.495200
vt 0.963200 0.451000
vt 0.940400 0.497800
vt 0.918000 0.533400
vt 0.844900 0.943200
vt 0.806400 0.962800
vt 0.814500 0.978300
vt 0.840000 0.982000
vt 0.786000 0.793000
vt 0.863300 0.987900
vt 0.880100 0.974300
vt 0.902700 0.908900
vt 0.927400 0.932700
vt 0.943200 0.788600
vt 0.983800 0.811400
vt 0.860800 0.898100
vt 0.832500 0.777700
vt 0.882800 0.791900
vt 0.824800 0.890500
vt 0.790700 0.901900
vt 0.984600 0.637900
vt 0.930400 0.618700
vt 0.961400 0.621200
vt 0.902400 0.604900
vt 0.880900 0.613900
vt 0.982300 0.531600
vt 0.968300 0.495200
vt 0.940400 0.497800
vt 0.963200 0.451000
vt 0.918000 0.533400
vt 0.844900 0.943200
vt 0.840000 0.982000
vt 0.814500 0.978300
vt 0.806400 0.962800
vt 0.786000 0.793000
vt 0.863300 0.987900
vt 0.880100 0.974300
vt 0.927400 0.932700
vt 0.902700 0.908900
vt 0.983800 0.811400
vt 0.943200 0.788600
vt 0.860800 0.898100
vt 0.882800 0.791900
vt 0.832500 0.777700
vt 0.824800 0.890500
vt 0.790700 0.901900
vt 0.984600 0.637900
vt 0.961400 0.621200
vt 0.930400 0.618700
vt 0.902400 0.604900
vt 0.880900 0.613900
vt 0.982300 0.531600
vt 0.968300 0.495200
vt 0.963200 0.451000
vt 0.940400 0.497800
vt 0.918000 0.533400
vt 0.844900 0.943200
vt 0.806400 0.962800
vt 0.814500 0.978300
vt 0.840000 0.982000
vt 0.786000 0.793000
vt 0.863300 0.987900
vt 0.861900 0.254300
vt 0.836500 0.318600
vt 0.811600 0.297000
vt 0.793900 0.440800
vt 0.754300 0.418200
vt 0.879100 0.330000
vt 0.906600 0.453100
vt 0.855500 0.438100
vt 0.915700 0.338200
vt 0.948300 0.328400
vt 0.753200 0.594300
vt 0.805200 0.614200
vt 0.773500 0.611300
vt 0.836600 0.630900
vt 0.855700 0.619400
vt 0.756300 0.697200
vt 0.770500 0.734400
vt 0.794900 0.738100
vt 0.775700 0.779600
vt 0.817100 0.703600
vt 0.895800 0.284200
vt 0.901100 0.247900
vt 0.925100 0.250500
vt 0.933300 0.266400
vt 0.952900 0.437600
vt 0.878100 0.241800
vt 0.861900 0.254300
vt 0.811600 0.297000
vt 0.836500 0.318600
vt 0.754300 0.418200
vt 0.793900 0.440800
vt 0.879100 0.330000
vt 0.855500 0.438100
vt 0.906600 0.453100
vt 0.915700 0.338200
vt 0.948300 0.328400
vt 0.753200 0.594300
vt 0.773500 0.611300
vt 0.805200 0.614200
vt 0.836600 0.630900
vt 0.855700 0.619400
vt 0.756300 0.697200
vt 0.770500 0.734400
vt 0.775700 0.779600
vt 0.794900 0.738100
vt 0.817100 0.703600
vt 0.895800 0.284200
vt 0.933300 0.266400
vt 0.925100 0.250500
vt 0.901100 0.247900
vt 0.952900 0.437600
vt 0.878100 0.241800
vt 0.880100 0.974300
vt 0.902700 0.908900
vt 0.927400 0.932700
vt 0.943200 0.788600
vt 0.983800 0.811400
vt 0.860800 0.898100
vt 0.832500 0.777700
vt 0.882800 0.791900
vt 0.824800 0.890500
vt 0.790700 0.901900
vt 0.984600 0.637900
vt 0.930400 0.618700
vt 0.961400 0.621200
vt 0.902400 0.604900
vt 0.880900 0.613900
vt 0.982300 0.531600
vt 0.968300 0.495200
vt 0.940400 0.497800
vt 0.963200 0.451000
vt 0.918000 0.533400
vt 0.844900 0.943200
vt 0.840000 0.982000
vt 0.814500 0.978300
vt 0.806400 0.962800
vt 0.786000 0.793000
vt 0.863300 0.987900
vt 0.880100 0.974300
vt 0.927400 0.932700
vt 0.902700 0.908900
vt 0.983800 0.811400
vt 0.943200 0.788600
vt 0.860800 0.898100
vt 0.882800 0.791900
vt 0.832500 0.777700
vt 0.824800 0.890500
vt 0.790700 0.901900
vt 0.984600 0.637900
vt 0.961400 0.621200
vt 0.930400 0.618700
vt 0.902400 0.604900
vt 0.880900 0.613900
vt 0.982300 0.531600
vt 0.968300 0.495200
vt 0.963200 0.451000
vt 0.940400 0.497800
vt 0.918000 0.533400
vt 0.844900 0.943200
vt 0.806400 0.962800
vt 0.814500 0.978300
vt 0.840000 0.982000
vt 0.786000 0.793000
vt 0.863300 0.987900
vt 0.880100 0.974300
vt 0.902700 0.908900
vt 0.927400 0.932700
vt 0.943200 0.788600
vt 0.983800 0.811400
vt 0.860800 0.898100
vt 0.832500 0.777700
vt 0.882800 0.791900
vt 0.824800 0.890500
vt 0.790700 0.901900
vt 0.984600 0.637900
vt 0.930400 0.618700
vt 0.961400 0.621200
vt 0.902400 0.604900
vt 0.880900 0.613900
vt 0.982300 0.531600
vt 0.968300 0.495200
vt 0.940400 0.497800
vt 0.963200 0.451000
vt 0.918000 0.533400
vt 0.844900 0.943200
vt 0.840000 0.982000
vt 0.814500 0.978300
vt 0.806400 0.962800
vt 0.786000 0.793000
vt 0.863300 0.987900
vt 0.880100 0.974300
vt 0.927400 0.932700
vt 0.902700 0.908900
vt 0.983800 0.811400
vt 0.943200 0.788600
vt 0.860800 0.898100
vt 0.882800 0.791900
vt 0.832500 0.777700
vt 0.824800 0.890500
vt 0.790700 0.901900
vt 0.984600 0.637900
vt 0.961400 0.621200
vt 0.930400 0.618700
vt 0.902400 0.604900
vt 0.880900 0.613900
vt 0.982300 0.531600
vt 0.968300 0.495200
vt 0.963200 0.451000
vt 0.940400 0.497800
vt 0.918000 0.533400
vt 0.844900 0.943200
vt 0.806400 0.962800
vt 0.814500 0.978300
vt 0.840000 0.982000
vt 0.786000 0.793000
vt 0.863300 0.987900
vt 0.880100 0.974300
vt 0.902700 0.908900
vt 0.927400 0.932700
vt 0.943200 0.788600
vt 0.983800 0.811400
vt 0.860800 0.898100
vt 0.832500 0.777700
vt 0.882800 0.791900
vt 0.824800 0.890500
vt 0.790700 0.901900
vt 0.984600 0.637900
vt 0.930400 0.618700
vt 0.961400 0.621200
vt 0.902400 0.604900
vt 0.880900 0.613900
vt 0.982300 0.531600
vt 0.968300 0.495200
vt 0.940400 0.497800
vt 0.963200 0.451000
vt 0.918000 0.533400
vt 0.844900 0.943200
vt 0.840000 0.982000
vt 0.814500 0.978300
vt 0.806400 0.962800
vt 0.786000 0.793000
vt 0.863300 0.987900
vt 0.880100 0.974300
vt 0.927400 0.932700
vt 0.902700 0.908900
vt 0.983800 0.811400
vt 0.943200 0.788600
vt 0.860800 0.898100
vt 0.882800 0.791900
vt 0.832500 0.777700
vt 0.824800 0.890500
vt 0.790700 0.901900
vt 0.984600 0.637900
vt 0.961400 0.621200
vt 0.930400 0.618700
vt 0.902400 0.604900
vt 0.880900 0.613900
vt 0.982300 0.531600
vt 0.968300 0.495200
vt 0.963200 0.451000
vt 0.940400 0.497800
vt 0.918000 0.533400
vt 0.844900 0.943200
vt 0.806400 0.962800
vt 0.814500 0.978300
vt 0.840000 0.982000
vt 0.786000 0.793000
vt 0.863300 0.987900
vt 0.880100 0.974300
vt 0.902700 0.908900
vt 0.927400 0.932700
vt 0.943200 0.788600
vt 0.983800 0.811400
vt 0.860800 0.898100
vt 0.832500 0.777700
vt 0.882800 0.791900
vt 0.824800 0.890500
vt 0.790700 0.901900
vt 0.984600 0.637900
vt 0.930400 0.618700
vt 0.961400 0.621200
vt 0.902400 0.604900
vt 0.880900 0.613900
vt 0.982300 0.531600
vt 0.968300 0.495200
vt 0.940400 0.497800
vt 0.963200 0.451000
vt 0.918000 0.533400
vt 0.844900 0.943200
vt 0.840000 0.982000
vt 0.814500 0.978300
vt 0.806400 0.962800
vt 0.786000 0.793000
vt 0.863300 0.987900
vt 0.880100 0.974300
vt 0.927400 0.932700
vt 0.902700 0.908900
vt 0.983800 0.811400
vt 0.943200 0.788600
vt 0.860800 0.898100
vt 0.882800 0.791900
vt 0.832500 0.777700
vt 0.824800 0.890500
vt 0.790700 0.901900
vt 0.984600 0.637900
vt 0.961400 0.621200
vt 0.930400 0.618700
vt 0.902400 0.604900
vt 0.880900 0.613900
vt 0.982300 0.531600
vt 0.968300 0.495200
vt 0.963200 0.451000
vt 0.940400 0.497800
vt 0.918000 0.533400
vt 0.844900 0.943200
vt 0.806400 0.962800
vt 0.814500 0.978300
vt 0.840000 0.982000
vt 0.786000 0.793000
vt 0.863300 0.987900
vt 0.861900 0.254300
vt 0.836500 0.318600
vt 0.811600 0.297000
vt 0.793900 0.440800
vt 0.754300 0.418200
vt 0.879100 0.330000
vt 0.906600 0.453100
vt 0.855500 0.438100
vt 0.915700 0.338200
vt 0.948300 0.328400
vt 0.753200 0.594300
vt 0.805200 0.614200
vt 0.773500 0.611300
vt 0.836600 0.630900
vt 0.855700 0.619400
vt 0.756300 0.697200
vt 0.770500 0.734400
vt 0.794900 0.738100
vt 0.775700 0.779600
vt 0.817100 0.703600
vt 0.895800 0.284200
vt 0.901100 0.247900
vt 0.925100 0.250500
vt 0.933300 0.266400
vt 0.952900 0.437600
vt 0.878100 0.241800
vt 0.861900 0.254300
vt 0.811600 0.297000
vt 0.836500 0.318600
vt 0.754300 0.418200
vt 0.793900 0.440800
vt 0.879100 0.330000
vt 0.855500 0.438100
vt 0.906600 0.453100
vt 0.915700 0.338200
vt 0.948300 0.328400
vt 0.753200 0.594300
vt 0.773500 0.611300
vt 0.805200 0.614200
vt 0.836600 0.630900
vt 0.855700 0.619400
vt 0.756300 0.697200
vt 0.770500 0.734400
vt 0.775700 0.779600
vt 0.794900 0.738100
vt 0.817100 0.703600
vt 0.895800 0.284200
vt 0.933300 0.266400
vt 0.925100 0.250500
vt 0.901100 0.247900
vt 0.952900 0.437600
vt 0.878100 0.241800
vt 0.880100 0.974300
vt 0.902700 0.908900
vt 0.927400 0.932700
vt 0.943200 0.788600
vt 0.983800 0.811400
vt 0.860800 0.898100
vt 0.832500 0.777700
vt 0.882800 0.791900
vt 0.824800 0.890500
vt 0.790700 0.901900
vt 0.984600 0.637900
vt 0.930400 0.618700
vt 0.961400 0.621200
vt 0.902400 0.604900
vt 0.880900 0.613900
vt 0.982300 0.531600
vt 0.968300 0.495200
vt 0.940400 0.497800
vt 0.963200 0.451000
vt 0.918000 0.533400
vt 0.844900 0.943200
vt 0.840000 0.982000
vt 0.814500 0.978300
vt 0.806400 0.962800
vt 0.786000 0.793000
vt 0.863300 0.987900
vt 0.880100 0.974300
vt 0.927400 0.932700
vt 0.902700 0.908900
vt 0.983800 0.811400
vt 0.943200 0.788600
vt 0.860800 0.898100
vt 0.882800 0.791900
vt 0.832500 0.777700
vt 0.824800 0.890500
vt 0.790700 0.901900
vt 0.984600 0.637900
vt 0.961400 0.621200
vt 0.930400 0.618700
vt 0.902400 0.604900
vt 0.880900 0.613900
vt 0.982300 0.531600
vt 0.968300 0.495200
vt 0.963200 0.451000
vt 0.940400 0.497800
vt 0.918000 0.533400
vt 0.844900 0.943200
vt 0.806400 0.962800
vt 0.814500 0.978300
vt 0.840000 0.982000
vt 0.786000 0.793000
vt 0.863300 0.987900
vt 0.729800 0.254900
vt 0.713000 0.234100
vt 0.714000 0.232100
vt 0.730600 0.252000
vt 0.698000 0.211400
vt 0.700700 0.205400
vt 0.670900 0.215100
vt 0.671900 0.212900
vt 0.644400 0.215800
vt 0.646100 0.213300
vt 0.620800 0.204600
vt 0.624500 0.200800
vt 0.599700 0.186700
vt 0.611500 0.178500
vt 0.781400 0.268900
vt 0.754000 0.265700
vt 0.754300 0.260200
vt 0.779600 0.254900
vt 0.748800 0.220400
vt 0.658000 0.178800
vt 0.729600 0.257000
vt 0.711700 0.238200
vt 0.693600 0.220900
vt 0.668400 0.222400
vt 0.642000 0.222500
vt 0.616700 0.213300
vt 0.592700 0.202200
vt 0.774600 0.284400
vt 0.751800 0.271200
vt 0.725800 0.262600
vt 0.708000 0.245000
vt 0.689800 0.229400
vt 0.666100 0.225500
vt 0.641200 0.223500
vt 0.616000 0.218500
vt 0.588800 0.217200
vt 0.765700 0.297400
vt 0.746100 0.278500
vt 0.718000 0.271200
vt 0.700500 0.256600
vt 0.682400 0.245500
vt 0.662300 0.238800
vt 0.639900 0.235100
vt 0.616900 0.234000
vt 0.595000 0.238500
vt 0.745300 0.307000
vt 0.734000 0.287700
vt 0.690900 0.295600
vt 0.679500 0.287900
vt 0.665300 0.283300
vt 0.652500 0.275500
vt 0.639200 0.271900
vt 0.626100 0.272300
vt 0.614600 0.277600
vt 0.702900 0.317900
vt 0.699200 0.305700
vt 0.673300 0.313100
vt 0.637500 0.296900
vt 0.880100 0.974300
vt 0.902700 0.908900
vt 0.927400 0.932700
vt 0.943200 0.788600
vt 0.983800 0.811400
vt 0.860800 0.898100
vt 0.832500 0.777700
vt 0.882800 0.791900
vt 0.824800 0.890500
vt 0.790700 0.901900
vt 0.984600 0.637900
vt 0.930400 0.618700
vt 0.961400 0.621200
vt 0.902400 0.604900
vt 0.880900 0.613900
vt 0.982300 0.531600
vt 0.968300 0.495200
vt 0.940400 0.497800
vt 0.963200 0.451000
vt 0.918000 0.533400
vt 0.844900 0.943200
vt 0.840000 0.982000
vt 0.814500 0.978300
vt 0.806400 0.962800
vt 0.786000 0.793000
vt 0.863300 0.987900
vt 0.880100 0.974300
vt 0.927400 0.932700
vt 0.902700 0.908900
vt 0.983800 0.811400
vt 0.943200 0.788600
vt 0.860800 0.898100
vt 0.882800 0.791900
vt 0.832500 0.777700
vt 0.824800 0.890500
vt 0.790700 0.901900
vt 0.984600 0.637900
vt 0.961400 0.621200
vt 0.930400 0.618700
vt 0.902400 0.604900
vt 0.880900 0.613900
vt 0.982300 0.531600
vt 0.968300 0.495200
vt 0.963200 0.451000
vt 0.940400 0.497800
vt 0.918000 0.533400
vt 0.844900 0.943200
vt 0.806400 0.962800
vt 0.814500 0.978300
vt 0.840000 0.982000
vt 0.786000 0.793000
vt 0.863300 0.987900
vt 0.880100 0.974300
vt 0.902700 0.908900
vt 0.927400 0.932700
vt 0.943200 0.788600
vt 0.983800 0.811400
vt 0.860800 0.898100
vt 0.832500 0.777700
vt 0.882800 0.791900
vt 0.824800 0.890500
vt 0.790700 0.901900
vt 0.984600 0.637900
vt 0.930400 0.618700
vt 0.961400 0.621200
vt 0.902400 0.604900
vt 0.880900 0.613900
vt 0.982300 0.531600
vt 0.968300 0.495200
vt 0.940400 0.497800
vt 0.963200 0.451000
vt 0.918000 0.533400
vt 0.844900 0.943200
vt 0.840000 0.982000
vt 0.814500 0.978300
vt 0.806400 0.962800
vt 0.786000 0.793000
vt 0.863300 0.987900
vt 0.880100 0.974300
vt 0.927400 0.932700
vt 0.902700 0.908900
vt 0.983800 0.811400
vt 0.943200 0.788600
vt 0.860800 0.898100
vt 0.882800 0.791900
vt 0.832500 0.777700
vt 0.824800 0.890500
vt 0.790700 0.901900
vt 0.984600 0.637900
vt 0.961400 0.621200
vt 0.930400 0.618700
vt 0.902400 0.604900
vt 0.880900 0.613900
vt 0.982300 0.531600
vt 0.968300 0.495200
vt 0.963200 0.451000
vt 0.940400 0.497800
vt 0.918000 0.533400
vt 0.844900 0.943200
vt 0.806400 0.962800
vt 0.814500 0.978300
vt 0.840000 0.982000
vt 0.786000 0.793000
vt 0.863300 0.987900
vt 0.880100 0.974300
vt 0.902700 0.908900
vt 0.927400 0.932700
vt 0.943200 0.788600
vt 0.983800 0.811400
vt 0.860800 0.898100
vt 0.832500 0.777700
vt 0.882800 0.791900
vt 0.824800 0.890500
vt 0.790700 0.901900
vt 0.984600 0.637900
vt 0.930400 0.618700
vt 0.961400 0.621200
vt 0.902400 0.604900
vt 0.880900 0.613900
vt 0.982300 0.531600
vt 0.968300 0.495200
vt 0.940400 0.497800
vt 0.963200 0.451000
vt 0.918000 0.533400
vt 0.844900 0.943200
vt 0.840000 0.982000
vt 0.814500 0.978300
vt 0.806400 0.962800
vt 0.786000 0.793000
vt 0.863300 0.987900
vt 0.880100 0.974300
vt 0.927400 0.932700
vt 0.902700 0.908900
vt 0.983800 0.811400
vt 0.943200 0.788600
vt 0.860800 0.898100
vt 0.882800 0.791900
vt 0.832500 0.777700
vt 0.824800 0.890500
vt 0.790700 0.901900
vt 0.984600 0.637900
vt 0.961400 0.621200
vt 0.930400 0.618700
vt 0.902400 0.604900
vt 0.880900 0.613900
vt 0.982300 0.531600
vt 0.968300 0.495200
vt 0.963200 0.451000
vt 0.940400 0.497800
vt 0.918000 0.533400
vt 0.844900 0.943200
vt 0.806400 0.962800
vt 0.814500 0.978300
vt 0.840000 0.982000
vt 0.786000 0.793000
vt 0.863300 0.987900
vt 0.861900 0.254300
vt 0.836500 0.318600
vt 0.811600 0.297000
vt 0.793900 0.440800
vt 0.754300 0.418200
vt 0.879100 0.330000
vt 0.906600 0.453100
vt 0.855500 0.438100
vt 0.915700 0.338200
vt 0.948300 0.328400
vt 0.753200 0.594300
vt 0.805200 0.614200
vt 0.773500 0.611300
vt 0.836600 0.630900
vt 0.855700 0.619400
vt 0.756300 0.697200
vt 0.770500 0.734400
vt 0.794900 0.738100
vt 0.775700 0.779600
vt 0.817100 0.703600
vt 0.895800 0.284200
vt 0.901100 0.247900
vt 0.925100 0.250500
vt 0.933300 0.266400
vt 0.952900 0.437600
vt 0.878100 0.241800
vt 0.861900 0.254300
vt 0.811600 0.297000
vt 0.836500 0.318600
vt 0.754300 0.418200
vt 0.793900 0.440800
vt 0.879100 0.330000
vt 0.855500 0.438100
vt 0.906600 0.453100
vt 0.915700 0.338200
vt 0.948300 0.328400
vt 0.753200 0.594300
vt 0.773500 0.611300
vt 0.805200 0.614200
vt 0.836600 0.630900
vt 0.855700 0.619400
vt 0.756300 0.697200
vt 0.770500 0.734400
vt 0.775700 0.779600
vt 0.794900 0.738100
vt 0.817100 0.703600
vt 0.895800 0.284200
vt 0.933300 0.266400
vt 0.925100 0.250500
vt 0.901100 0.247900
vt 0.952900 0.437600
vt 0.878100 0.241800
vt 0.880100 0.974300
vt 0.902700 0.908900
vt 0.927400 0.932700
vt 0.943200 0.788600
vt 0.983800 0.811400
vt 0.860800 0.898100
vt 0.832500 0.777700
vt 0.882800 0.791900
vt 0.824800 0.890500
vt 0.790700 0.901900
vt 0.984600 0.637900
vt 0.930400 0.618700
vt 0.961400 0.621200
vt 0.902400 0.604900
vt 0.880900 0.613900
vt 0.982300 0.531600
vt 0.968300 0.495200
vt 0.940400 0.497800
vt 0.963200 0.451000
vt 0.918000 0.533400
vt 0.844900 0.943200
vt 0.840000 0.982000
vt 0.814500 0.978300
vt 0.806400 0.962800
vt 0.786000 0.793000
vt 0.863300 0.987900
vt 0.880100 0.974300
vt 0.927400 0.932700
vt 0.902700 0.908900
vt 0.983800 0.811400
vt 0.943200 0.788600
vt 0.860800 0.898100
vt 0.882800 0.791900
vt 0.832500 0.777700
vt 0.824800 0.890500
vt 0.790700 0.901900
vt 0.984600 0.637900
vt 0.961400 0.621200
vt 0.930400 0.618700
vt 0.902400 0.604900
vt 0.880900 0.613900
vt 0.982300 0.531600
vt 0.968300 0.495200
vt 0.963200 0.451000
vt 0.940400 0.497800
vt 0.918000 0.533400
vt 0.844900 0.943200
vt 0.806400 0.962800
vt 0.814500 0.978300
vt 0.840000 0.982000
vt 0.786000 0.793000
vt 0.863300 0.987900
vt 0.880100 0.974300
vt 0.902700 0.908900
vt 0.927400 0.932700
vt 0.943200 0.788600
vt 0.983800 0.811400
vt 0.860800 0.898100
vt 0.832500 0.777700
vt 0.882800 0.791900
vt 0.824800 0.890500
vt 0.790700 0.901900
vt 0.984600 0.637900
vt 0.930400 0.618700
vt 0.961400 0.621200
vt 0.902400 0.604900
vt 0.880900 0.613900
vt 0.982300 0.531600
vt 0.968300 0.495200
vt 0.940400 0.497800
vt 0.963200 0.451000
vt 0.918000 0.533400
vt 0.844900 0.943200
vt 0.840000 0.982000
vt 0.814500 0.978300
vt 0.806400 0.962800
vt 0.786000 0.793000
vt 0.863300 0.987900
vt 0.880100 0.974300
vt 0.927400 0.932700
vt 0.902700 0.908900
vt 0.983800 0.811400
vt 0.943200 0.788600
vt 0.860800 0.898100
vt 0.882800 0.791900
vt 0.832500 0.777700
vt 0.824800 0.890500
vt 0.790700 0.901900
vt 0.984600 0.637900
vt 0.961400 0.621200
vt 0.930400 0.618700
vt 0.902400 0.604900
vt 0.880900 0.613900
vt 0.982300 0.531600
vt 0.968300 0.495200
vt 0.963200 0.451000
vt 0.940400 0.497800
vt 0.918000 0.533400
vt 0.844900 0.943200
vt 0.806400 0.962800
vt 0.814500 0.978300
vt 0.840000 0.982000
vt 0.786000 0.793000
vt 0.863300 0.987900
vt 0.861900 0.254300
vt 0.836500 0.318600
vt 0.811600 0.297000
vt 0.793900 0.440800
vt 0.754300 0.418200
vt 0.879100 0.330000
vt 0.906600 0.453100
vt 0.855500 0.438100
vt 0.915700 0.338200
vt 0.948300 0.328400
vt 0.753200 0.594300
vt 0.805200 0.614200
vt 0.773500 0.611300
vt 0.836600 0.630900
vt 0.855700 0.619400
vt 0.756300 0.697200
vt 0.770500 0.734400
vt 0.794900 0.738100
vt 0.775700 0.779600
vt 0.817100 0.703600
vt 0.895800 0.284200
vt 0.901100 0.247900
vt 0.925100 0.250500
vt 0.933300 0.266400
vt 0.952900 0.437600
vt 0.878100 0.241800
vt 0.861900 0.254300
vt 0.811600 0.297000
vt 0.836500 0.318600
vt 0.754300 0.418200
vt 0.793900 0.440800
vt 0.879100 0.330000
vt 0.855500 0.438100
vt 0.906600 0.453100
vt 0.915700 0.338200
vt 0.948300 0.328400
vt 0.753200 0.594300
vt 0.773500 0.611300
vt 0.805200 0.614200
vt 0.836600 0.630900
vt 0.855700 0.619400
vt 0.756300 0.697200
vt 0.770500 0.734400
vt 0.775700 0.779600
vt 0.794900 0.738100
vt 0.817100 0.703600
vt 0.895800 0.284200
vt 0.933300 0.266400
vt 0.925100 0.250500
vt 0.901100 0.247900
vt 0.952900 0.437600
vt 0.878100 0.241800
vt 0.729800 0.254900
vt 0.713000 0.234100
vt 0.714000 0.232100
vt 0.730600 0.252000
vt 0.698000 0.211400
vt 0.700700 0.205400
vt 0.670900 0.215100
vt 0.671900 0.212900
vt 0.644400 0.215800
vt 0.646100 0.213300
vt 0.620800 0.204600
vt 0.624500 0.200800
vt 0.599700 0.186700
vt 0.611500 0.178500
vt 0.781400 0.268900
vt 0.754000 0.265700
vt 0.754300 0.260200
vt 0.779600 0.254900
vt 0.748800 0.220400
vt 0.658000 0.178800
vt 0.729600 0.257000
vt 0.711700 0.238200
vt 0.693600 0.220900
vt 0.668400 0.222400
vt 0.642000 0.222500
vt 0.616700 0.213300
vt 0.592700 0.202200
vt 0.774600 0.284400
vt 0.751800 0.271200
vt 0.725800 0.262600
vt 0.708000 0.245000
vt 0.689800 0.229400
vt 0.666100 0.225500
vt 0.641200 0.223500
vt 0.616000 0.218500
vt 0.588800 0.217200
vt 0.765700 0.297400
vt 0.746100 0.278500
vt 0.718000 0.271200
vt 0.700500 0.256600
vt 0.682400 0.245500
vt 0.662300 0.238800
vt 0.639900 0.235100
vt 0.616900 0.234000
vt 0.595000 0.238500
vt 0.745300 0.307000
vt 0.734000 0.287700
vt 0.690900 0.295600
vt 0.679500 0.287900
vt 0.665300 0.283300
vt 0.652500 0.275500
vt 0.639200 0.271900
vt 0.626100 0.272300
vt 0.614600 0.277600
vt 0.702900 0.317900
vt 0.699200 0.305700
vt 0.673300 0.313100
vt 0.637500 0.296900
vt 0.861900 0.254300
vt 0.836500 0.318600
vt 0.811600 0.297000
vt 0.793900 0.440800
vt 0.754300 0.418200
vt 0.879100 0.330000
vt 0.906600 0.453100
vt 0.855500 0.438100
vt 0.915700 0.338200
vt 0.948300 0.328400
vt 0.753200 0.594300
vt 0.805200 0.614200
vt 0.773500 0.611300
vt 0.836600 0.630900
vt 0.855700 0.619400
vt 0.756300 0.697200
vt 0.770500 0.734400
vt 0.794900 0.738100
vt 0.775700 0.779600
vt 0.817100 0.703600
vt 0.895800 0.284200
vt 0.901100 0.247900
vt 0.925100 0.250500
vt 0.933300 0.266400
vt 0.952900 0.437600
vt 0.878100 0.241800
vt 0.861900 0.254300
vt 0.811600 0.297000
vt 0.836500 0.318600
vt 0.754300 0.418200
vt 0.793900 0.440800
vt 0.879100 0.330000
vt 0.855500 0.438100
vt 0.906600 0.453100
vt 0.915700 0.338200
vt 0.948300 0.328400
vt 0.753200 0.594300
vt 0.773500 0.611300
vt 0.805200 0.614200
vt 0.836600 0.630900
vt 0.855700 0.619400
vt 0.756300 0.697200
vt 0.770500 0.734400
vt 0.775700 0.779600
vt 0.794900 0.738100
vt 0.817100 0.703600
vt 0.895800 0.284200
vt 0.933300 0.266400
vt 0.925100 0.250500
vt 0.901100 0.247900
vt 0.952900 0.437600
vt 0.878100 0.241800
vt 0.880100 0.974300
vt 0.902700 0.908900
vt 0.927400 0.932700
vt 0.943200 0.788600
vt 0.983800 0.811400
vt 0.860800 0.898100
vt 0.832500 0.777700
vt 0.882800 0.791900
vt 0.824800 0.890500
vt 0.790700 0.901900
vt 0.984600 0.637900
vt 0.930400 0.618700
vt 0.961400 0.621200
vt 0.902400 0.604900
vt 0.880900 0.613900
vt 0.982300 0.531600
vt 0.968300 0.495200
vt 0.940400 0.497800
vt 0.963200 0.451000
vt 0.918000 0.533400
vt 0.844900 0.943200
vt 0.840000 0.982000
vt 0.814500 0.978300
vt 0.806400 0.962800
vt 0.786000 0.793000
vt 0.863300 0.987900
vt 0.880100 0.974300
vt 0.927400 0.932700
vt 0.902700 0.908900
vt 0.983800 0.811400
vt 0.943200 0.788600
vt 0.860800 0.898100
vt 0.882800 0.791900
vt 0.832500 0.777700
vt 0.824800 0.890500
vt 0.790700 0.901900
vt 0.984600 0.637900
vt 0.961400 0.621200
vt 0.930400 0.618700
vt 0.902400 0.604900
vt 0.880900 0.613900
vt 0.982300 0.531600
vt 0.968300 0.495200
vt 0.963200 0.451000
vt 0.940400 0.497800
vt 0.918000 0.533400
vt 0.844900 0.943200
vt 0.806400 0.962800
vt 0.814500 0.978300
vt 0.840000 0.982000
vt 0.786000 0.793000
vt 0.863300 0.987900
vt 0.880100 0.974300
vt 0.902700 0.908900
vt 0.927400 0.932700
vt 0.943200 0.788600
vt 0.983800 0.811400
vt 0.860800 0.898100
vt 0.832500 0.777700
vt 0.882800 0.791900
vt 0.824800 0.890500
vt 0.790700 0.901900
vt 0.984600 0.637900
vt 0.930400 0.618700
vt 0.961400 0.621200
vt 0.902400 0.604900
vt 0.880900 0.613900
vt 0.982300 0.531600
vt 0.968300 0.495200
vt 0.940400 0.497800
vt 0.963200 0.451000
vt 0.918000 0.533400
vt 0.844900 0.943200
vt 0.840000 0.982000
vt 0.814500 0.978300
vt 0.806400 0.962800
vt 0.786000 0.793000
vt 0.863300 0.987900
vt 0.880100 0.974300
vt 0.927400 0.932700
vt 0.902700 0.908900
vt 0.983800 0.811400
vt 0.943200 0.788600
vt 0.860800 0.898100
vt 0.882800 0.791900
vt 0.832500 0.777700
vt 0.824800 0.890500
vt 0.790700 0.901900
vt 0.984600 0.637900
vt 0.961400 0.621200
vt 0.930400 0.618700
vt 0.902400 0.604900
vt 0.880900 0.613900
vt 0.982300 0.531600
vt 0.968300 0.495200
vt 0.963200 0.451000
vt 0.940400 0.497800
vt 0.918000 0.533400
vt 0.844900 0.943200
vt 0.806400 0.962800
vt 0.814500 0.978300
vt 0.840000 0.982000
vt 0.786000 0.793000
vt 0.863300 0.987900
vt 0.880100 0.974300
vt 0.902700 0.908900
vt 0.927400 0.932700
vt 0.943200 0.788600
vt 0.983800 0.811400
vt 0.860800 0.898100
vt 0.832500 0.777700
vt 0.882800 0.791900
vt 0.824800 0.890500
vt 0.790700 0.901900
vt 0.984600 0.637900
vt 0.930400 0.618700
vt 0.961400 0.621200
vt 0.902400 0.604900
vt 0.880900 0.613900
vt 0.982300 0.531600
vt 0.968300 0.495200
vt 0.940400 0.497800
vt 0.963200 0.451000
vt 0.918000 0.533400
vt 0.844900 0.943200
vt 0.840000 0.982000
vt 0.814500 0.978300
vt 0.806400 0.962800
vt 0.786000 0.793000
vt 0.863300 0.987900
vt 0.880100 0.974300
vt 0.927400 0.932700
vt 0.902700 0.908900
vt 0.983800 0.811400
vt 0.943200 0.788600
vt 0.860800 0.898100
vt 0.882800 0.791900
vt 0.832500 0.777700
vt 0.824800 0.890500
vt 0.790700 0.901900
vt 0.984600 0.637900
vt 0.961400 0.621200
vt 0.930400 0.618700
vt 0.902400 0.604900
vt 0.880900 0.613900
vt 0.982300 0.531600
vt 0.968300 0.495200
vt 0.963200 0.451000
vt 0.940400 0.497800
vt 0.918000 0.533400
vt 0.844900 0.943200
vt 0.806400 0.962800
vt 0.814500 0.978300
vt 0.840000 0.982000
vt 0.786000 0.793000
vt 0.863300 0.987900
vt 0.861900 0.254300
vt 0.836500 0.318600
vt 0.811600 0.297000
vt 0.793900 0.440800
vt 0.754300 0.418200
vt 0.879100 0.330000
vt 0.906600 0.453100
vt 0.855500 0.438100
vt 0.915700 0.338200
vt 0.948300 0.328400
vt 0.753200 0.594300
vt 0.805200 0.614200
vt 0.773500 0.611300
vt 0.836600 0.630900
vt 0.855700 0.619400
vt 0.756300 0.697200
vt 0.770500 0.734400
vt 0.794900 0.738100
vt 0.775700 0.779600
vt 0.817100 0.703600
vt 0.895800 0.284200
vt 0.901100 0.247900
vt 0.925100 0.250500
vt 0.933300 0.266400
vt 0.952900 0.437600
vt 0.878100 0.241800
vt 0.861900 0.254300
vt 0.811600 0.297000
vt 0.836500 0.318600
vt 0.754300 0.418200
vt 0.793900 0.440800
vt 0.879100 0.330000
vt 0.855500 0.438100
vt 0.906600 0.453100
vt 0.915700 0.338200
vt 0.948300 0.328400
vt 0.753200 0.594300
vt 0.773500 0.611300
vt 0.805200 0.614200
vt 0.836600 0.630900
vt 0.855700 0.619400
vt 0.756300 0.697200
vt 0.770500 0.734400
vt 0.775700 0.779600
vt 0.794900 0.738100
vt 0.817100 0.703600
vt 0.895800 0.284200
vt 0.933300 0.266400
vt 0.925100 0.250500
vt 0.901100 0.247900
vt 0.952900 0.437600
vt 0.878100 0.241800
vt 0.880100 0.974300
vt 0.902700 0.908900
vt 0.927400 0.932700
vt 0.943200 0.788600
vt 0.983800 0.811400
vt 0.860800 0.898100
vt 0.832500 0.777700
vt 0.882800 0.791900
vt 0.824800 0.890500
vt 0.790700 0.901900
vt 0.984600 0.637900
vt 0.930400 0.618700
vt 0.961400 0.621200
vt 0.902400 0.604900
vt 0.880900 0.613900
vt 0.982300 0.531600
vt 0.968300 0.495200
vt 0.940400 0.497800
vt 0.963200 0.451000
vt 0.918000 0.533400
vt 0.844900 0.943200
vt 0.840000 0.982000
vt 0.814500 0.978300
vt 0.806400 0.962800
vt 0.786000 0.793000
vt 0.863300 0.987900
vt 0.880100 0.974300
vt 0.927400 0.932700
vt 0.902700 0.908900
vt 0.983800 0.811400
vt 0.943200 0.788600
vt 0.860800 0.898100
vt 0.882800 0.791900
vt 0.832500 0.777700
vt 0.824800 0.890500
vt 0.790700 0.901900
vt 0.984600 0.637900
vt 0.961400 0.621200
vt 0.930400 0.618700
vt 0.902400 0.604900
vt 0.880900 0.613900
vt 0.982300 0.531600
vt 0.968300 0.495200
vt 0.963200 0.451000
vt 0.940400 0.497800
vt 0.918000 0.533400
vt 0.844900 0.943200
vt 0.806400 0.962800
vt 0.814500 0.978300
vt 0.840000 0.982000
vt 0.786000 0.793000
vt 0.863300 0.987900
vt 0.880100 0.974300
vt 0.902700 0.908900
vt 0.927400 0.932700
vt 0.943200 0.788600
vt 0.983800 0.811400
vt 0.860800 0.898100
vt 0.832500 0.777700
vt 0.882800 0.791900
vt 0.824800 0.890500
vt 0.790700 0.901900
vt 0.984600 0.637900
vt 0.930400 0.618700
vt 0.961400 0.621200
vt 0.902400 0.604900
vt 0.880900 0.613900
vt 0.982300 0.531600
vt 0.968300 0.495200
vt 0.940400 0.497800
vt 0.963200 0.451000
vt 0.918000 0.533400
vt 0.844900 0.943200
vt 0.840000 0.982000
vt 0.814500 0.978300
vt 0.806400 0.962800
vt 0.786000 0.793000
vt 0.863300 0.987900
vt 0.880100 0.974300
vt 0.927400 0.932700
vt 0.902700 0.908900
vt 0.983800 0.811400
vt 0.943200 0.788600
vt 0.860800 0.898100
vt 0.882800 0.791900
vt 0.832500 0.777700
vt 0.824800 0.890500
vt 0.790700 0.901900
vt 0.984600 0.637900
vt 0.961400 0.621200
vt 0.930400 0.618700
vt 0.902400 0.604900
vt 0.880900 0.613900
vt 0.982300 0.531600
vt 0.968300 0.495200
vt 0.963200 0.451000
vt 0.940400 0.497800
vt 0.918000 0.533400
vt 0.844900 0.943200
vt 0.806400 0.962800
vt 0.814500 0.978300
vt 0.840000 0.982000
vt 0.786000 0.793000
vt 0.863300 0.987900
vt 0.880100 0.974300
vt 0.902700 0.908900
vt 0.927400 0.932700
vt 0.943200 0.788600
vt 0.983800 0.811400
vt 0.860800 0.898100
vt 0.832500 0.777700
vt 0.882800 0.791900
vt 0.824800 0.890500
vt 0.790700 0.901900
vt 0.984600 0.637900
vt 0.930400 0.618700
vt 0.961400 0.621200
vt 0.902400 0.604900
vt 0.880900 0.613900
vt 0.982300 0.531600
vt 0.968300 0.495200
vt 0.940400 0.497800
vt 0.963200 0.451000
vt 0.918000 0.533400
vt 0.844900 0.943200
vt 0.840000 0.982000
vt 0.814500 0.978300
vt 0.806400 0.962800
vt 0.786000 0.793000
vt 0.863300 0.987900
vt 0.880100 0.974300
vt 0.927400 0.932700
vt 0.902700 0.908900
vt 0.983800 0.811400
vt 0.943200 0.788600
vt 0.860800 0.898100
vt 0.882800 0.791900
vt 0.832500 0.777700
vt 0.824800 0.890500
vt 0.790700 0.901900
vt 0.984600 0.637900
vt 0.961400 0.621200
vt 0.930400 0.618700
vt 0.902400 0.604900
vt 0.880900 0.613900
vt 0.982300 0.531600
vt 0.968300 0.495200
vt 0.963200 0.451000
vt 0.940400 0.497800
vt 0.918000 0.533400
vt 0.844900 0.943200
vt 0.806400 0.962800
vt 0.814500 0.978300
vt 0.840000 0.982000
vt 0.786000 0.793000
vt 0.863300 0.987900
vt 0.880100 0.974300
vt 0.902700 0.908900
vt 0.927400 0.932700
vt 0.943200 0.788600
vt 0.983800 0.811400
vt 0.860800 0.898100
vt 0.832500 0.777700
vt 0.882800 0.791900
vt 0.824800 0.890500
vt 0.790700 0.901900
vt 0.984600 0.637900
vt 0.930400 0.618700
vt 0.961400 0.621200
vt 0.902400 0.604900
vt 0.880900 0.613900
vt 0.982300 0.531600
vt 0.968300 0.495200
vt 0.940400 0.497800
vt 0.963200 0.451000
vt 0.918000 0.533400
vt 0.844900 0.943200
vt 0.840000 0.982000
vt 0.814500 0.978300
vt 0.806400 0.962800
vt 0.786000 0.793000
vt 0.863300 0.987900
vt 0.880100 0.974300
vt 0.927400 0.932700
vt 0.902700 0.908900
vt 0.983800 0.811400
vt 0.943200 0.788600
vt 0.860800 0.898100
vt 0.882800 0.791900
vt 0.832500 0.777700
vt 0.824800 0.890500
vt 0.790700 0.901900
vt 0.984600 0.637900
vt 0.961400 0.621200
vt 0.930400 0.618700
vt 0.902400 0.604900
vt 0.880900 0.613900
vt 0.982300 0.531600
vt 0.968300 0.495200
vt 0.963200 0.451000
vt 0.940400 0.497800
vt 0.918000 0.533400
vt 0.844900 0.943200
vt 0.806400 0.962800
vt 0.814500 0.978300
vt 0.840000 0.982000
vt 0.786000 0.793000
vt 0.863300 0.987900
vt 0.861900 0.254300
vt 0.836500 0.318600
vt 0.811600 0.297000
vt 0.793900 0.440800
vt 0.754300 0.418200
vt 0.879100 0.330000
vt 0.906600 0.453100
vt 0.855500 0.438100
vt 0.915700 0.338200
vt 0.948300 0.328400
vt 0.753200 0.594300
vt 0.805200 0.614200
vt 0.773500 0.611300
vt 0.836600 0.630900
vt 0.855700 0.619400
vt 0.756300 0.697200
vt 0.770500 0.734400
vt 0.794900 0.738100
vt 0.775700 0.779600
vt 0.817100 0.703600
vt 0.895800 0.284200
vt 0.901100 0.247900
vt 0.925100 0.250500
vt 0.933300 0.266400
vt 0.952900 0.437600
vt 0.878100 0.241800
vt 0.861900 0.254300
vt 0.811600 0.297000
vt 0.836500 0.318600
vt 0.754300 0.418200
vt 0.793900 0.440800
vt 0.879100 0.330000
vt 0.855500 0.438100
vt 0.906600 0.453100
vt 0.915700 0.338200
vt 0.948300 0.328400
vt 0.753200 0.594300
vt 0.773500 0.611300
vt 0.805200 0.614200
vt 0.836600 0.630900
vt 0.855700 0.619400
vt 0.756300 0.697200
vt 0.770500 0.734400
vt 0.775700 0.779600
vt 0.794900 0.738100
vt 0.817100 0.703600
vt 0.895800 0.284200
vt 0.933300 0.266400
vt 0.925100 0.250500
vt 0.901100 0.247900
vt 0.952900 0.437600
vt 0.878100 0.241800
vt 0.880100 0.974300
vt 0.902700 0.908900
vt 0.927400 0.932700
vt 0.943200 0.788600
vt 0.983800 0.811400
vt 0.860800 0.898100
vt 0.832500 0.777700
vt 0.882800 0.791900
vt 0.824800 0.890500
vt 0.790700 0.901900
vt 0.984600 0.637900
vt 0.930400 0.618700
vt 0.961400 0.621200
vt 0.902400 0.604900
vt 0.880900 0.613900
vt 0.982300 0.531600
vt 0.968300 0.495200
vt 0.940400 0.497800
vt 0.963200 0.451000
vt 0.918000 0.533400
vt 0.844900 0.943200
vt 0.840000 0.982000
vt 0.814500 0.978300
vt 0.806400 0.962800
vt 0.786000 0.793000
vt 0.863300 0.987900
vt 0.880100 0.974300
vt 0.927400 0.932700
vt 0.902700 0.908900
vt 0.983800 0.811400
vt 0.943200 0.788600
vt 0.860800 0.898100
vt 0.882800 0.791900
vt 0.832500 0.777700
vt 0.824800 0.890500
vt 0.790700 0.901900
vt 0.984600 0.637900
vt 0.961400 0.621200
vt 0.930400 0.618700
vt 0.902400 0.604900
vt 0.880900 0.613900
vt 0.982300 0.531600
vt 0.968300 0.495200
vt 0.963200 0.451000
vt 0.940400 0.497800
vt 0.918000 0.533400
vt 0.844900 0.943200
vt 0.806400 0.962800
vt 0.814500 0.978300
vt 0.840000 0.982000
vt 0.786000 0.793000
vt 0.863300 0.987900
vt 0.729800 0.254900
vt 0.713000 0.234100
vt 0.714000 0.232100
vt 0.730600 0.252000
vt 0.698000 0.211400
vt 0.700700 0.205400
vt 0.670900 0.215100
vt 0.671900 0.212900
vt 0.644400 0.215800
vt 0.646100 0.213300
vt 0.620800 0.204600
vt 0.624500 0.200800
vt 0.599700 0.186700
vt 0.611500 0.178500
vt 0.781400 0.268900
vt 0.754000 0.265700
vt 0.754300 0.260200
vt 0.779600 0.254900
vt 0.748800 0.220400
vt 0.658000 0.178800
vt 0.729600 0.257000
vt 0.711700 0.238200
vt 0.693600 0.220900
vt 0.668400 0.222400
vt 0.642000 0.222500
vt 0.616700 0.213300
vt 0.592700 0.202200
vt 0.774600 0.284400
vt 0.751800 0.271200
vt 0.725800 0.262600
vt 0.708000 0.245000
vt 0.689800 0.229400
vt 0.666100 0.225500
vt 0.641200 0.223500
vt 0.616000 0.218500
vt 0.588800 0.217200
vt 0.765700 0.297400
vt 0.746100 0.278500
vt 0.718000 0.271200
vt 0.700500 0.256600
vt 0.682400 0.245500
vt 0.662300 0.238800
vt 0.639900 0.235100
vt 0.616900 0.234000
vt 0.595000 0.238500
vt 0.745300 0.307000
vt 0.734000 0.287700
vt 0.690900 0.295600
vt 0.679500 0.287900
vt 0.665300 0.283300
vt 0.652500 0.275500
vt 0.639200 0.271900
vt 0.626100 0.272300
vt 0.614600 0.277600
vt 0.702900 0.317900
vt 0.699200 0.305700
vt 0.673300 0.313100
vt 0.637500 0.296900
vt 0.861900 0.254300
vt 0.836500 0.318600
vt 0.811600 0.297000
vt 0.793900 0.440800
vt 0.754300 0.418200
vt 0.879100 0.330000
vt 0.906600 0.453100
vt 0.855500 0.438100
vt 0.915700 0.338200
vt 0.948300 0.328400
vt 0.753200 0.594300
vt 0.805200 0.614200
vt 0.773500 0.611300
vt 0.836600 0.630900
vt 0.855700 0.619400
vt 0.756300 0.697200
vt 0.770500 0.734400
vt 0.794900 0.738100
vt 0.775700 0.779600
vt 0.817100 0.703600
vt 0.895800 0.284200
vt 0.901100 0.247900
vt 0.925100 0.250500
vt 0.933300 0.266400
vt 0.952900 0.437600
vt 0.878100 0.241800
vt 0.861900 0.254300
vt 0.811600 0.297000
vt 0.836500 0.318600
vt 0.754300 0.418200
vt 0.793900 0.440800
vt 0.879100 0.330000
vt 0.855500 0.438100
vt 0.906600 0.453100
vt 0.915700 0.338200
vt 0.948300 0.328400
vt 0.753200 0.594300
vt 0.773500 0.611300
vt 0.805200 0.614200
vt 0.836600 0.630900
vt 0.855700 0.619400
vt 0.756300 0.697200
vt 0.770500 0.734400
vt 0.775700 0.779600
vt 0.794900 0.738100
vt 0.817100 0.703600
vt 0.895800 0.284200
vt 0.933300 0.266400
vt 0.925100 0.250500
vt 0.901100 0.247900
vt 0.952900 0.437600
vt 0.878100 0.241800
vt 0.880100 0.974300
vt 0.902700 0.908900
vt 0.927400 0.932700
vt 0.943200 0.788600
vt 0.983800 0.811400
vt 0.860800 0.898100
vt 0.832500 0.777700
vt 0.882800 0.791900
vt 0.824800 0.890500
vt 0.790700 0.901900
vt 0.984600 0.637900
vt 0.930400 0.618700
vt 0.961400 0.621200
vt 0.902400 0.604900
vt 0.880900 0.613900
vt 0.982300 0.531600
vt 0.968300 0.495200
vt 0.940400 0.497800
vt 0.963200 0.451000
vt 0.918000 0.533400
vt 0.844900 0.943200
vt 0.840000 0.982000
vt 0.814500 0.978300
vt 0.806400 0.962800
vt 0.786000 0.793000
vt 0.863300 0.987900
vt 0.880100 0.974300
vt 0.927400 0.932700
vt 0.902700 0.908900
vt 0.983800 0.811400
vt 0.943200 0.788600
vt 0.860800 0.898100
vt 0.882800 0.791900
vt 0.832500 0.777700
vt 0.824800 0.890500
vt 0.790700 0.901900
vt 0.984600 0.637900
vt 0.961400 0.621200
vt 0.930400 0.618700
vt 0.902400 0.604900
vt 0.880900 0.613900
vt 0.982300 0.531600
vt 0.968300 0.495200
vt 0.963200 0.451000
vt 0.940400 0.497800
vt 0.918000 0.533400
vt 0.844900 0.943200
vt 0.806400 0.962800
vt 0.814500 0.978300
vt 0.840000 0.982000
vt 0.786000 0.793000
vt 0.863300 0.987900
vt 0.880100 0.974300
vt 0.902700 0.908900
vt 0.927400 0.932700
vt 0.943200 0.788600
vt 0.983800 0.811400
vt 0.860800 0.898100
vt 0.832500 0.777700
vt 0.882800 0.791900
vt 0.824800 0.890500
vt 0.790700 0.901900
vt 0.984600 0.637900
vt 0.930400 0.618700
vt 0.961400 0.621200
vt 0.902400 0.604900
vt 0.880900 0.613900
vt 0.982300 0.531600
vt 0.968300 0.495200
vt 0.940400 0.497800
vt 0.963200 0.451000
vt 0.918000 0.533400
vt 0.844900 0.943200
vt 0.840000 0.982000
vt 0.814500 0.978300
vt 0.806400 0.962800
vt 0.786000 0.793000
vt 0.863300 0.987900
vt 0.880100 0.974300
vt 0.927400 0.932700
vt 0.902700 0.908900
vt 0.983800 0.811400
vt 0.943200 0.788600
vt 0.860800 0.898100
vt 0.882800 0.791900
vt 0.832500 0.777700
vt 0.824800 0.890500
vt 0.790700 0.901900
vt 0.984600 0.637900
vt 0.961400 0.621200
vt 0.930400 0.618700
vt 0.902400 0.604900
vt 0.880900 0.613900
vt 0.982300 0.531600
vt 0.968300 0.495200
vt 0.963200 0.451000
vt 0.940400 0.497800
vt 0.918000 0.533400
vt 0.844900 0.943200
vt 0.806400 0.962800
vt 0.814500 0.978300
vt 0.840000 0.982000
vt 0.786000 0.793000
vt 0.863300 0.987900
vt 0.880100 0.974300
vt 0.902700 0.908900
vt 0.927400 0.932700
vt 0.943200 0.788600
vt 0.983800 0.811400
vt 0.860800 0.898100
vt 0.832500 0.777700
vt 0.882800 0.791900
vt 0.824800 0.890500
vt 0.790700 0.901900
vt 0.984600 0.637900
vt 0.930400 0.618700
vt 0.961400 0.621200
vt 0.902400 0.604900
vt 0.880900 0.613900
vt 0.982300 0.531600
vt 0.968300 0.495200
vt 0.940400 0.497800
vt 0.963200 0.451000
vt 0.918000 0.533400
vt 0.844900 0.943200
vt 0.840000 0.982000
vt 0.814500 0.978300
vt 0.806400 0.962800
vt 0.786000 0.793000
vt 0.863300 0.987900
vt 0.880100 0.974300
vt 0.927400 0.932700
vt 0.902700 0.908900
vt 0.983800 0.811400
vt 0.943200 0.788600
vt 0.860800 0.898100
vt 0.882800 0.791900
vt 0.832500 0.777700
vt 0.824800 0.890500
vt 0.790700 0.901900
vt 0.984600 0.637900
vt 0.961400 0.621200
vt 0.930400 0.618700
vt 0.902400 0.604900
vt 0.880900 0.613900
vt 0.982300 0.531600
vt 0.968300 0.495200
vt 0.963200 0.451000
vt 0.940400 0.497800
vt 0.918000 0.533400
vt 0.844900 0.943200
vt 0.806400 0.962800
vt 0.814500 0.978300
vt 0.840000 0.982000
vt 0.786000 0.793000
vt 0.863300 0.987900
vt 0.861900 0.254300
vt 0.836500 0.318600
vt 0.811600 0.297000
vt 0.793900 0.440800
vt 0.754300 0.418200
vt 0.879100 0.330000
vt 0.906600 0.453100
vt 0.855500 0.438100
vt 0.915700 0.338200
vt 0.948300 0.328400
vt 0.753200 0.594300
vt 0.805200 0.614200
vt 0.773500 0.611300
vt 0.836600 0.630900
vt 0.855700 0.619400
vt 0.756300 0.697200
vt 0.770500 0.734400
vt 0.794900 0.738100
vt 0.775700 0.779600
vt 0.817100 0.703600
vt 0.895800 0.284200
vt 0.901100 0.247900
vt 0.925100 0.250500
vt 0.933300 0.266400
vt 0.952900 0.437600
vt 0.878100 0.241800
vt 0.861900 0.254300
vt 0.811600 0.297000
vt 0.836500 0.318600
vt 0.754300 0.418200
vt 0.793900 0.440800
vt 0.879100 0.330000
vt 0.855500 0.438100
vt 0.906600 0.453100
vt 0.915700 0.338200
vt 0.948300 0.328400
vt 0.753200 0.594300
vt 0.773500 0.611300
vt 0.805200 0.614200
vt 0.836600 0.630900
vt 0.855700 0.619400
vt 0.756300 0.697200
vt 0.770500 0.734400
vt 0.775700 0.779600
vt 0.794900 0.738100
vt 0.817100 0.703600
vt 0.895800 0.284200
vt 0.933300 0.266400
vt 0.925100 0.250500
vt 0.901100 0.247900
vt 0.952900 0.437600
vt 0.878100 0.241800
vt 0.880100 0.974300
vt 0.902700 0.908900
vt 0.927400 0.932700
vt 0.943200 0.788600
vt 0.983800 0.811400
vt 0.860800 0.898100
vt 0.832500 0.777700
vt 0.882800 0.791900
vt 0.824800 0.890500
vt 0.790700 0.901900
vt 0.984600 0.637900
vt 0.930400 0.618700
vt 0.961400 0.621200
vt 0.902400 0.604900
vt 0.880900 0.613900
vt 0.982300 0.531600
vt 0.968300 0.495200
vt 0.940400 0.497800
vt 0.963200 0.451000
vt 0.918000 0.533400
vt 0.844900 0.943200
vt 0.840000 0.982000
vt 0.814500 0.978300
vt 0.806400 0.962800
vt 0.786000 0.793000
vt 0.863300 0.987900
vt 0.880100 0.974300
vt 0.927400 0.932700
vt 0.902700 0.908900
vt 0.983800 0.811400
vt 0.943200 0.788600
vt 0.860800 0.898100
vt 0.882800 0.791900
vt 0.832500 0.777700
vt 0.824800 0.890500
vt 0.790700 0.901900
vt 0.984600 0.637900
vt 0.961400 0.621200
vt 0.930400 0.618700
vt 0.902400 0.604900
vt 0.880900 0.613900
vt 0.982300 0.531600
vt 0.968300 0.495200
vt 0.963200 0.451000
vt 0.940400 0.497800
vt 0.918000 0.533400
vt 0.844900 0.943200
vt 0.806400 0.962800
vt 0.814500 0.978300
vt 0.840000 0.982000
vt 0.786000 0.793000
vt 0.863300 0.987900
vt 0.880100 0.974300
vt 0.902700 0.908900
vt 0.927400 0.932700
vt 0.943200 0.788600
vt 0.983800 0.811400
vt 0.860800 0.898100
vt 0.832500 0.777700
vt 0.882800 0.791900
vt 0.824800 0.890500
vt 0.790700 0.901900
vt 0.984600 0.637900
vt 0.930400 0.618700
vt 0.961400 0.621200
vt 0.902400 0.604900
vt 0.880900 0.613900
vt 0.982300 0.531600
vt 0.968300 0.495200
vt 0.940400 0.497800
vt 0.963200 0.451000
vt 0.918000 0.533400
vt 0.844900 0.943200
vt 0.840000 0.982000
vt 0.814500 0.978300
vt 0.806400 0.962800
vt 0.786000 0.793000
vt 0.863300 0.987900
vt 0.880100 0.974300
vt 0.927400 0.932700
vt 0.902700 0.908900
vt 0.983800 0.811400
vt 0.943200 0.788600
vt 0.860800 0.898100
vt 0.882800 0.791900
vt 0.832500 0.777700
vt 0.824800 0.890500
vt 0.790700 0.901900
vt 0.984600 0.637900
vt 0.961400 0.621200
vt 0.930400 0.618700
vt 0.902400 0.604900
vt 0.880900 0.613900
vt 0.982300 0.531600
vt 0.968300 0.495200
vt 0.963200 0.451000
vt 0.940400 0.497800
vt 0.918000 0.533400
vt 0.844900 0.943200
vt 0.806400 0.962800
vt 0.814500 0.978300
vt 0.840000 0.982000
vt 0.786000 0.793000
vt 0.863300 0.987900
vt 0.880100 0.974300
vt 0.902700 0.908900
vt 0.927400 0.932700
vt 0.943200 0.788600
vt 0.983800 0.811400
vt 0.860800 0.898100
vt 0.832500 0.777700
vt 0.882800 0.791900
vt 0.824800 0.890500
vt 0.790700 0.901900
vt 0.984600 0.637900
vt 0.930400 0.618700
vt 0.961400 0.621200
vt 0.902400 0.604900
vt 0.880900 0.613900
vt 0.982300 0.531600
vt 0.968300 0.495200
vt 0.940400 0.497800
vt 0.963200 0.451000
vt 0.918000 0.533400
vt 0.844900 0.943200
vt 0.840000 0.982000
vt 0.814500 0.978300
vt 0.806400 0.962800
vt 0.786000 0.793000
vt 0.863300 0.987900
vt 0.880100 0.974300
vt 0.927400 0.932700
vt 0.902700 0.908900
vt 0.983800 0.811400
vt 0.943200 0.788600
vt 0.860800 0.898100
vt 0.882800 0.791900
vt 0.832500 0.777700
vt 0.824800 0.890500
vt 0.790700 0.901900
vt 0.984600 0.637900
vt 0.961400 0.621200
vt 0.930400 0.618700
vt 0.902400 0.604900
vt 0.880900 0.613900
vt 0.982300 0.531600
vt 0.968300 0.495200
vt 0.963200 0.451000
vt 0.940400 0.497800
vt 0.918000 0.533400
vt 0.844900 0.943200
vt 0.806400 0.962800
vt 0.814500 0.978300
vt 0.840000 0.982000
vt 0.786000 0.793000
vt 0.863300 0.987900
vt 0.880100 0.974300
vt 0.902700 0.908900
vt 0.927400 0.932700
vt 0.943200 0.788600
vt 0.983800 0.811400
vt 0.860800 0.898100
vt 0.832500 0.777700
vt 0.882800 0.791900
vt 0.824800 0.890500
vt 0.790700 0.901900
vt 0.984600 0.637900
vt 0.930400 0.618700
vt 0.961400 0.621200
vt 0.902400 0.604900
vt 0.880900 0.613900
vt 0.982300 0.531600
vt 0.968300 0.495200
vt 0.940400 0.497800
vt 0.963200 0.451000
vt 0.918000 0.533400
vt 0.844900 0.943200
vt 0.840000 0.982000
vt 0.814500 0.978300
vt 0.806400 0.962800
vt 0.786000 0.793000
vt 0.863300 0.987900
vt 0.880100 0.974300
vt 0.927400 0.932700
vt 0.902700 0.908900
vt 0.983800 0.811400
vt 0.943200 0.788600
vt 0.860800 0.898100
vt 0.882800 0.791900
vt 0.832500 0.777700
vt 0.824800 0.890500
vt 0.790700 0.901900
vt 0.984600 0.637900
vt 0.961400 0.621200
vt 0.930400 0.618700
vt 0.902400 0.604900
vt 0.880900 0.613900
vt 0.982300 0.531600
vt 0.968300 0.495200
vt 0.963200 0.451000
vt 0.940400 0.497800
vt 0.918000 0.533400
vt 0.844900 0.943200
vt 0.806400 0.962800
vt 0.814500 0.978300
vt 0.840000 0.982000
vt 0.786000 0.793000
vt 0.863300 0.987900
vt 0.861900 0.254300
vt 0.836500 0.318600
vt 0.811600 0.297000
vt 0.793900 0.440800
vt 0.754300 0.418200
vt 0.879100 0.330000
vt 0.906600 0.453100
vt 0.855500 0.438100
vt 0.915700 0.338200
vt 0.948300 0.328400
vt 0.753200 0.594300
vt 0.805200 0.614200
vt 0.773500 0.611300
vt 0.836600 0.630900
vt 0.855700 0.619400
vt 0.756300 0.697200
vt 0.770500 0.734400
vt 0.794900 0.738100
vt 0.775700 0.779600
vt 0.817100 0.703600
vt 0.895800 0.284200
vt 0.901100 0.247900
vt 0.925100 0.250500
vt 0.933300 0.266400
vt 0.952900 0.437600
vt 0.878100 0.241800
vt 0.861900 0.254300
vt 0.811600 0.297000
vt 0.836500 0.318600
vt 0.754300 0.418200
vt 0.793900 0.440800
vt 0.879100 0.330000
vt 0.855500 0.438100
vt 0.906600 0.453100
vt 0.915700 0.338200
vt 0.948300 0.328400
vt 0.753200 0.594300
vt 0.773500 0.611300
vt 0.805200 0.614200
vt 0.836600 0.630900
vt 0.855700 0.619400
vt 0.756300 0.697200
vt 0.770500 0.734400
vt 0.775700 0.779600
vt 0.794900 0.738100
vt 0.817100 0.703600
vt 0.895800 0.284200
vt 0.933300 0.266400
vt 0.925100 0.250500
vt 0.901100 0.247900
vt 0.952900 0.437600
vt 0.878100 0.241800
vt 0.880100 0.974300
vt 0.902700 0.908900
vt 0.927400 0.932700
vt 0.943200 0.788600
vt 0.983800 0.811400
vt 0.860800 0.898100
vt 0.832500 0.777700
vt 0.882800 0.791900
vt 0.824800 0.890500
vt 0.790700 0.901900
vt 0.984600 0.637900
vt 0.930400 0.618700
vt 0.961400 0.621200
vt 0.902400 0.604900
vt 0.880900 0.613900
vt 0.982300 0.531600
vt 0.968300 0.495200
vt 0.940400 0.497800
vt 0.963200 0.451000
vt 0.918000 0.533400
vt 0.844900 0.943200
vt 0.840000 0.982000
vt 0.814500 0.978300
vt 0.806400 0.962800
vt 0.786000 0.793000
vt 0.863300 0.987900
vt 0.880100 0.974300
vt 0.927400 0.932700
vt 0.902700 0.908900
vt 0.983800 0.811400
vt 0.943200 0.788600
vt 0.860800 0.898100
vt 0.882800 0.791900
vt 0.832500 0.777700
vt 0.824800 0.890500
vt 0.790700 0.901900
vt 0.984600 0.637900
vt 0.961400 0.621200
vt 0.930400 0.618700
vt 0.902400 0.604900
vt 0.880900 0.613900
vt 0.982300 0.531600
vt 0.968300 0.495200
vt 0.963200 0.451000
vt 0.940400 0.497800
vt 0.918000 0.533400
vt 0.844900 0.943200
vt 0.806400 0.962800
vt 0.814500 0.978300
vt 0.840000 0.982000
vt 0.786000 0.793000
vt 0.863300 0.987900
vt 0.729800 0.254900
vt 0.713000 0.234100
vt 0.714000 0.232100
vt 0.730600 0.252000
vt 0.698000 0.211400
vt 0.700700 0.205400
vt 0.670900 0.215100
vt 0.671900 0.212900
vt 0.644400 0.215800
vt 0.646100 0.213300
vt 0.620800 0.204600
vt 0.624500 0.200800
vt 0.599700 0.186700
vt 0.611500 0.178500
vt 0.781400 0.268900
vt 0.754000 0.265700
vt 0.754300 0.260200
vt 0.779600 0.254900
vt 0.748800 0.220400
vt 0.658000 0.178800
vt 0.729600 0.257000
vt 0.711700 0.238200
vt 0.693600 0.220900
vt 0.668400 0.222400
vt 0.642000 0.222500
vt 0.616700 0.213300
vt 0.592700 0.202200
vt 0.774600 0.284400
vt 0.751800 0.271200
vt 0.725800 0.262600
vt 0.708000 0.245000
vt 0.689800 0.229400
vt 0.666100 0.225500
vt 0.641200 0.223500
vt 0.616000 0.218500
vt 0.588800 0.217200
vt 0.765700 0.297400
vt 0.746100 0.278500
vt 0.718000 0.271200
vt 0.700500 0.256600
vt 0.682400 0.245500
vt 0.662300 0.238800
vt 0.639900 0.235100
vt 0.616900 0.234000
vt 0.595000 0.238500
vt 0.745300 0.307000
vt 0.734000 0.287700
vt 0.690900 0.295600
vt 0.679500 0.287900
vt 0.665300 0.283300
vt 0.652500 0.275500
vt 0.639200 0.271900
vt 0.626100 0.272300
vt 0.614600 0.277600
vt 0.702900 0.317900
vt 0.699200 0.305700
vt 0.673300 0.313100
vt 0.637500 0.296900
vt 0.861900 0.254300
vt 0.836500 0.318600
vt 0.811600 0.297000
vt 0.793900 0.440800
vt 0.754300 0.418200
vt 0.879100 0.330000
vt 0.906600 0.453100
vt 0.855500 0.438100
vt 0.915700 0.338200
vt 0.948300 0.328400
vt 0.753200 0.594300
vt 0.805200 0.614200
vt 0.773500 0.611300
vt 0.836600 0.630900
vt 0.855700 0.619400
vt 0.756300 0.697200
vt 0.770500 0.734400
vt 0.794900 0.738100
vt 0.775700 0.779600
vt 0.817100 0.703600
vt 0.895800 0.284200
vt 0.901100 0.247900
vt 0.925100 0.250500
vt 0.933300 0.266400
vt 0.952900 0.437600
vt 0.878100 0.241800
vt 0.861900 0.254300
vt 0.811600 0.297000
vt 0.836500 0.318600
vt 0.754300 0.418200
vt 0.793900 0.440800
vt 0.879100 0.330000
vt 0.855500 0.438100
vt 0.906600 0.453100
vt 0.915700 0.338200
vt 0.948300 0.328400
vt 0.753200 0.594300
vt 0.773500 0.611300
vt 0.805200 0.614200
vt 0.836600 0.630900
vt 0.855700 0.619400
vt 0.756300 0.697200
vt 0.770500 0.734400
vt 0.775700 0.779600
vt 0.794900 0.738100
vt 0.817100 0.703600
vt 0.895800 0.284200
vt 0.933300 0.266400
vt 0.925100 0.250500
vt 0.901100 0.247900
vt 0.952900 0.437600
vt 0.878100 0.241800
vt 0.880100 0.974300
vt 0.902700 0.908900
vt 0.927400 0.932700
vt 0.943200 0.788600
vt 0.983800 0.811400
vt 0.860800 0.898100
vt 0.832500 0.777700
vt 0.882800 0.791900
vt 0.824800 0.890500
vt 0.790700 0.901900
vt 0.984600 0.637900
vt 0.930400 0.618700
vt 0.961400 0.621200
vt 0.902400 0.604900
vt 0.880900 0.613900
vt 0.982300 0.531600
vt 0.968300 0.495200
vt 0.940400 0.497800
vt 0.963200 0.451000
vt 0.918000 0.533400
vt 0.844900 0.943200
vt 0.840000 0.982000
vt 0.814500 0.978300
vt 0.806400 0.962800
vt 0.786000 0.793000
vt 0.863300 0.987900
vt 0.880100 0.974300
vt 0.927400 0.932700
vt 0.902700 0.908900
vt 0.983800 0.811400
vt 0.943200 0.788600
vt 0.860800 0.898100
vt 0.882800 0.791900
vt 0.832500 0.777700
vt 0.824800 0.890500
vt 0.790700 0.901900
vt 0.984600 0.637900
vt 0.961400 0.621200
vt 0.930400 0.618700
vt 0.902400 0.604900
vt 0.880900 0.613900
vt 0.982300 0.531600
vt 0.968300 0.495200
vt 0.963200 0.451000
vt 0.940400 0.497800
vt 0.918000 0.533400
vt 0.844900 0.943200
vt 0.806400 0.962800
vt 0.814500 0.978300
vt 0.840000 0.982000
vt 0.786000 0.793000
vt 0.863300 0.987900
vt 0.880100 0.974300
vt 0.902700 0.908900
vt 0.927400 0.932700
vt 0.943200 0.788600
vt 0.983800 0.811400
vt 0.860800 0.898100
vt 0.832500 0.777700
vt 0.882800 0.791900
vt 0.824800 0.890500
vt 0.790700 0.901900
vt 0.984600 0.637900
vt 0.930400 0.618700
vt 0.961400 0.621200
vt 0.902400 0.604900
vt 0.880900 0.613900
vt 0.982300 0.531600
vt 0.968300 0.495200
vt 0.940400 0.497800
vt 0.963200 0.451000
vt 0.918000 0.533400
vt 0.844900 0.943200
vt 0.840000 0.982000
vt 0.814500 0.978300
vt 0.806400 0.962800
vt 0.786000 0.793000
vt 0.863300 0.987900
vt 0.880100 0.974300
vt 0.927400 0.932700
vt 0.902700 0.908900
vt 0.983800 0.811400
vt 0.943200 0.788600
vt 0.860800 0.898100
vt 0.882800 0.791900
vt 0.832500 0.777700
vt 0.824800 0.890500
vt 0.790700 0.901900
vt 0.984600 0.637900
vt 0.961400 0.621200
vt 0.930400 0.618700
vt 0.902400 0.604900
vt 0.880900 0.613900
vt 0.982300 0.531600
vt 0.968300 0.495200
vt 0.963200 0.451000
vt 0.940400 0.497800
vt 0.918000 0.533400
vt 0.844900 0.943200
vt 0.806400 0.962800
vt 0.814500 0.978300
vt 0.840000 0.982000
vt 0.786000 0.793000
vt 0.863300 0.987900
vt 0.880100 0.974300
vt 0.902700 0.908900
vt 0.927400 0.932700
vt 0.943200 0.788600
vt 0.983800 0.811400
vt 0.860800 0.898100
vt 0.832500 0.777700
vt 0.882800 0.791900
vt 0.824800 0.890500
vt 0.790700 0.901900
vt 0.984600 0.637900
vt 0.930400 0.618700
vt 0.961400 0.621200
vt 0.902400 0.604900
vt 0.880900 0.613900
vt 0.982300 0.531600
vt 0.968300 0.495200
vt 0.940400 0.497800
vt 0.963200 0.451000
vt 0.918000 0.533400
vt 0.844900 0.943200
vt 0.840000 0.982000
vt 0.814500 0.978300
vt 0.806400 0.962800
vt 0.786000 0.793000
vt 0.863300 0.987900
vt 0.880100 0.974300
vt 0.927400 0.932700
vt 0.902700 0.908900
vt 0.983800 0.811400
vt 0.943200 0.788600
vt 0.860800 0.898100
vt 0.882800 0.791900
vt 0.832500 0.777700
vt 0.824800 0.890500
vt 0.790700 0.901900
vt 0.984600 0.637900
vt 0.961400 0.621200
vt 0.930400 0.618700
vt 0.902400 0.604900
vt 0.880900 0.613900
vt 0.982300 0.531600
vt 0.968300 0.495200
vt 0.963200 0.451000
vt 0.940400 0.497800
vt 0.918000 0.533400
vt 0.844900 0.943200
vt 0.806400 0.962800
vt 0.814500 0.978300
vt 0.840000 0.982000
vt 0.786000 0.793000
vt 0.863300 0.987900
vt 0.861900 0.254300
vt 0.836500 0.318600
vt 0.811600 0.297000
vt 0.793900 0.440800
vt 0.754300 0.418200
vt 0.879100 0.330000
vt 0.906600 0.453100
vt 0.855500 0.438100
vt 0.915700 0.338200
vt 0.948300 0.328400
vt 0.753200 0.594300
vt 0.805200 0.614200
vt 0.773500 0.611300
vt 0.836600 0.630900
vt 0.855700 0.619400
vt 0.756300 0.697200
vt 0.770500 0.734400
vt 0.794900 0.738100
vt 0.775700 0.779600
vt 0.817100 0.703600
vt 0.895800 0.284200
vt 0.901100 0.247900
vt 0.925100 0.250500
vt 0.933300 0.266400
vt 0.952900 0.437600
vt 0.878100 0.241800
vt 0.861900 0.254300
vt 0.811600 0.297000
vt 0.836500 0.318600
vt 0.754300 0.418200
vt 0.793900 0.440800
vt 0.879100 0.330000
vt 0.855500 0.438100
vt 0.906600 0.453100
vt 0.915700 0.338200
vt 0.948300 0.328400
vt 0.753200 0.594300
vt 0.773500 0.611300
vt 0.805200 0.614200
vt 0.836600 0.630900
vt 0.855700 0.619400
vt 0.756300 0.697200
vt 0.770500 0.734400
vt 0.775700 0.779600
vt 0.794900 0.738100
vt 0.817100 0.703600
vt 0.895800 0.284200
vt 0.933300 0.266400
vt 0.925100 0.250500
vt 0.901100 0.247900
vt 0.952900 0.437600
vt 0.878100 0.241800
vt 0.880100 0.974300
vt 0.902700 0.908900
vt 0.927400 0.932700
vt 0.943200 0.788600
vt 0.983800 0.811400
vt 0.860800 0.898100
vt 0.832500 0.777700
vt 0.882800 0.791900
vt 0.824800 0.890500
vt 0.790700 0.901900
vt 0.984600 0.637900
vt 0.930400 0.618700
vt 0.961400 0.621200
vt 0.902400 0.604900
vt 0.880900 0.613900
vt 0.982300 0.531600
vt 0.968300 0.495200
vt 0.940400 0.497800
vt 0.963200 0.451000
vt 0.918000 0.533400
vt 0.844900 0.943200
vt 0.840000 0.982000
vt 0.814500 0.978300
vt 0.806400 0.962800
vt 0.786000 0.793000
vt 0.863300 0.987900
vt 0.880100 0.974300
vt 0.927400 0.932700
vt 0.902700 0.908900
vt 0.983800 0.811400
vt 0.943200 0.788600
vt 0.860800 0.898100
vt 0.882800 0.791900
vt 0.832500 0.777700
vt 0.824800 0.890500
vt 0.790700 0.901900
vt 0.984600 0.637900
vt 0.961400 0.621200
vt 0.930400 0.618700
vt 0.902400 0.604900
vt 0.880900 0.613900
vt 0.982300 0.531600
vt 0.968300 0.495200
vt 0.963200 0.451000
vt 0.940400 0.497800
vt 0.918000 0.533400
vt 0.844900 0.943200
vt 0.806400 0.962800
vt 0.814500 0.978300
vt 0.840000 0.982000
vt 0.786000 0.793000
vt 0.863300 0.987900
vt 0.880100 0.974300
vt 0.902700 0.908900
vt 0.927400 0.932700
vt 0.943200 0.788600
vt 0.983800 0.811400
vt 0.860800 0.898100
vt 0.832500 0.777700
vt 0.882800 0.791900
vt 0.824800 0.890500
vt 0.790700 0.901900
vt 0.984600 0.637900
vt 0.930400 0.618700
vt 0.961400 0.621200
vt 0.902400 0.604900
vt 0.880900 0.613900
vt 0.982300 0.531600
vt 0.968300 0.495200
vt 0.940400 0.497800
vt 0.963200 0.451000
vt 0.918000 0.533400
vt 0.844900 0.943200
vt 0.840000 0.982000
vt 0.814500 0.978300
vt 0.806400 0.962800
vt 0.786000 0.793000
vt 0.863300 0.987900
vt 0.880100 0.974300
vt 0.927400 0.932700
vt 0.902700 0.908900
vt 0.983800 0.811400
vt 0.943200 0.788600
vt 0.860800 0.898100
vt 0.882800 0.791900
vt 0.832500 0.777700
vt 0.824800 0.890500
vt 0.790700 0.901900
vt 0.984600 0.637900
vt 0.961400 0.621200
vt 0.930400 0.618700
vt 0.902400 0.604900
vt 0.880900 0.613900
vt 0.982300 0.531600
vt 0.968300 0.495200
vt 0.963200 0.451000
vt 0.940400 0.497800
vt 0.918000 0.533400
vt 0.844900 0.943200
vt 0.806400 0.962800
vt 0.814500 0.978300
vt 0.840000 0.982000
vt 0.786000 0.793000
vt 0.863300 0.987900
vt 0.880100 0.974300
vt 0.902700 0.908900
vt 0.927400 0.932700
vt 0.943200 0.788600
vt 0.983800 0.811400
vt 0.860800 0.898100
vt 0.832500 0.777700
vt 0.882800 0.791900
vt 0.824800 0.890500
vt 0.790700 0.901900
vt 0.984600 0.637900
vt 0.930400 0.618700
vt 0.961400 0.621200
vt 0.902400 0.604900
vt 0.880900 0.613900
vt 0.982300 0.531600
vt 0.968300 0.495200
vt 0.940400 0.497800
vt 0.963200 0.451000
vt 0.918000 0.533400
vt 0.844900 0.943200
vt 0.840000 0.982000
vt 0.814500 0.978300
vt 0.806400 0.962800
vt 0.786000 0.793000
vt 0.863300 0.987900
vt 0.880100 0.974300
vt 0.927400 0.932700
vt 0.902700 0.908900
vt 0.983800 0.811400
vt 0.943200 0.788600
vt 0.860800 0.898100
vt 0.882800 0.791900
vt 0.832500 0.777700
vt 0.824800 0.890500
vt 0.790700 0.901900
vt 0.984600 0.637900
vt 0.961400 0.621200
vt 0.930400 0.618700
vt 0.902400 0.604900
vt 0.880900 0.613900
vt 0.982300 0.531600
vt 0.968300 0.495200
vt 0.963200 0.451000
vt 0.940400 0.497800
vt 0.918000 0.533400
vt 0.844900 0.943200
vt 0.806400 0.962800
vt 0.814500 0.978300
vt 0.840000 0.982000
vt 0.786000 0.793000
vt 0.863300 0.987900
vt 0.880100 0.974300
vt 0.902700 0.908900
vt 0.927400 0.932700
vt 0.943200 0.788600
vt 0.983800 0.811400
vt 0.860800 0.898100
vt 0.832500 0.777700
vt 0.882800 0.791900
vt 0.824800 0.890500
vt 0.790700 0.901900
vt 0.984600 0.637900
vt 0.930400 0.618700
vt 0.961400 0.621200
vt 0.902400 0.604900
vt 0.880900 0.613900
vt 0.982300 0.531600
vt 0.968300 0.495200
vt 0.940400 0.497800
vt 0.963200 0.451000
vt 0.918000 0.533400
vt 0.844900 0.943200
vt 0.840000 0.982000
vt 0.814500 0.978300
vt 0.806400 0.962800
vt 0.786000 0.793000
vt 0.863300 0.987900
vt 0.880100 0.974300
vt 0.927400 0.932700
vt 0.902700 0.908900
vt 0.983800 0.811400
vt 0.943200 0.788600
vt 0.860800 0.898100
vt 0.882800 0.791900
vt 0.832500 0.777700
vt 0.824800 0.890500
vt 0.790700 0.901900
vt 0.984600 0.637900
vt 0.961400 0.621200
vt 0.930400 0.618700
vt 0.902400 0.604900
vt 0.880900 0.613900
vt 0.982300 0.531600
vt 0.968300 0.495200
vt 0.963200 0.451000
vt 0.940400 0.497800
vt 0.918000 0.533400
vt 0.844900 0.943200
vt 0.806400 0.962800
vt 0.814500 0.978300
vt 0.840000 0.982000
vt 0.786000 0.793000
vt 0.863300 0.987900
vt 0.861900 0.254300
vt 0.836500 0.318600
vt 0.811600 0.297000
vt 0.793900 0.440800
vt 0.754300 0.418200
vt 0.879100 0.330000
vt 0.906600 0.453100
vt 0.855500 0.438100
vt 0.915700 0.338200
vt 0.948300 0.328400
vt 0.753200 0.594300
vt 0.805200 0.614200
vt 0.773500 0.611300
vt 0.836600 0.630900
vt 0.855700 0.619400
vt 0.756300 0.697200
vt 0.770500 0.734400
vt 0.794900 0.738100
vt 0.775700 0.779600
vt 0.817100 0.703600
vt 0.895800 0.284200
vt 0.901100 0.247900
vt 0.925100 0.250500
vt 0.933300 0.266400
vt 0.952900 0.437600
vt 0.878100 0.241800
vt 0.861900 0.254300
vt 0.811600 0.297000
vt 0.836500 0.318600
vt 0.754300 0.418200
vt 0.793900 0.440800
vt 0.879100 0.330000
vt 0.855500 0.438100
vt 0.906600 0.453100
vt 0.915700 0.338200
vt 0.948300 0.328400
vt 0.753200 0.594300
vt 0.773500 0.611300
vt 0.805200 0.614200
vt 0.836600 0.630900
vt 0.855700 0.619400
vt 0.756300 0.697200
vt 0.770500 0.734400
vt 0.775700 0.779600
vt 0.794900 0.738100
vt 0.817100 0.703600
vt 0.895800 0.284200
vt 0.933300 0.266400
vt 0.925100 0.250500
vt 0.901100 0.247900
vt 0.952900 0.437600
vt 0.878100 0.241800
vt 0.880100 0.974300
vt 0.902700 0.908900
vt 0.927400 0.932700
vt 0.943200 0.788600
vt 0.983800 0.811400
vt 0.860800 0.898100
vt 0.832500 0.777700
vt 0.882800 0.791900
vt 0.824800 0.890500
vt 0.790700 0.901900
vt 0.984600 0.637900
vt 0.930400 0.618700
vt 0.961400 0.621200
vt 0.902400 0.604900
vt 0.880900 0.613900
vt 0.982300 0.531600
vt 0.968300 0.495200
vt 0.940400 0.497800
vt 0.963200 0.451000
vt 0.918000 0.533400
vt 0.844900 0.943200
vt 0.840000 0.982000
vt 0.814500 0.978300
vt 0.806400 0.962800
vt 0.786000 0.793000
vt 0.863300 0.987900
vt 0.880100 0.974300
vt 0.927400 0.932700
vt 0.902700 0.908900
vt 0.983800 0.811400
vt 0.943200 0.788600
vt 0.860800 0.898100
vt 0.882800 0.791900
vt 0.832500 0.777700
vt 0.824800 0.890500
vt 0.790700 0.901900
vt 0.984600 0.637900
vt 0.961400 0.621200
vt 0.930400 0.618700
vt 0.902400 0.604900
vt 0.880900 0.613900
vt 0.982300 0.531600
vt 0.968300 0.495200
vt 0.963200 0.451000
vt 0.940400 0.497800
vt 0.918000 0.533400
vt 0.844900 0.943200
vt 0.806400 0.962800
vt 0.814500 0.978300
vt 0.840000 0.982000
vt 0.786000 0.793000
vt 0.863300 0.987900
vt 0.729800 0.254900
vt 0.713000 0.234100
vt 0.714000 0.232100
vt 0.730600 0.252000
vt 0.698000 0.211400
vt 0.700700 0.205400
vt 0.670900 0.215100
vt 0.671900 0.212900
vt 0.644400 0.215800
vt 0.646100 0.213300
vt 0.620800 0.204600
vt 0.624500 0.200800
vt 0.599700 0.186700
vt 0.611500 0.178500
vt 0.781400 0.268900
vt 0.754000 0.265700
vt 0.754300 0.260200
vt 0.779600 0.254900
vt 0.748800 0.220400
vt 0.658000 0.178800
vt 0.729600 0.257000
vt 0.711700 0.238200
vt 0.693600 0.220900
vt 0.668400 0.222400
vt 0.642000 0.222500
vt 0.616700 0.213300
vt 0.592700 0.202200
vt 0.774600 0.284400
vt 0.751800 0.271200
vt 0.725800 0.262600
vt 0.708000 0.245000
vt 0.689800 0.229400
vt 0.666100 0.225500
vt 0.641200 0.223500
vt 0.616000 0.218500
vt 0.588800 0.217200
vt 0.765700 0.297400
vt 0.746100 0.278500
vt 0.718000 0.271200
vt 0.700500 0.256600
vt 0.682400 0.245500
vt 0.662300 0.238800
vt 0.639900 0.235100
vt 0.616900 0.234000
vt 0.595000 0.238500
vt 0.745300 0.307000
vt 0.734000 0.287700
vt 0.690900 0.295600
vt 0.679500 0.287900
vt 0.665300 0.283300
vt 0.652500 0.275500
vt 0.639200 0.271900
vt 0.626100 0.272300
vt 0.614600 0.277600
vt 0.702900 0.317900
vt 0.699200 0.305700
vt 0.673300 0.313100
vt 0.637500 0.296900
vt 0.880100 0.974300
vt 0.902700 0.908900
vt 0.927400 0.932700
vt 0.943200 0.788600
vt 0.983800 0.811400
vt 0.860800 0.898100
vt 0.832500 0.777700
vt 0.882800 0.791900
vt 0.824800 0.890500
vt 0.790700 0.901900
vt 0.984600 0.637900
vt 0.930400 0.618700
vt 0.961400 0.621200
vt 0.902400 0.604900
vt 0.880900 0.613900
vt 0.982300 0.531600
vt 0.968300 0.495200
vt 0.940400 0.497800
vt 0.963200 0.451000
vt 0.918000 0.533400
vt 0.844900 0.943200
vt 0.840000 0.982000
vt 0.814500 0.978300
vt 0.806400 0.962800
vt 0.786000 0.793000
vt 0.863300 0.987900
vt 0.880100 0.974300
vt 0.927400 0.932700
vt 0.902700 0.908900
vt 0.983800 0.811400
vt 0.943200 0.788600
vt 0.860800 0.898100
vt 0.882800 0.791900
vt 0.832500 0.777700
vt 0.824800 0.890500
vt 0.790700 0.901900
vt 0.984600 0.637900
vt 0.961400 0.621200
vt 0.930400 0.618700
vt 0.902400 0.604900
vt 0.880900 0.613900
vt 0.982300 0.531600
vt 0.968300 0.495200
vt 0.963200 0.451000
vt 0.940400 0.497800
vt 0.918000 0.533400
vt 0.844900 0.943200
vt 0.806400 0.962800
vt 0.814500 0.978300
vt 0.840000 0.982000
vt 0.786000 0.793000
vt 0.863300 0.987900
vt 0.880100 0.974300
vt 0.902700 0.908900
vt 0.927400 0.932700
vt 0.943200 0.788600
vt 0.983800 0.811400
vt 0.860800 0.898100
vt 0.832500 0.777700
vt 0.882800 0.791900
vt 0.824800 0.890500
vt 0.790700 0.901900
vt 0.984600 0.637900
vt 0.930400 0.618700
vt 0.961400 0.621200
vt 0.902400 0.604900
vt 0.880900 0.613900
vt 0.982300 0.531600
vt 0.968300 0.495200
vt 0.940400 0.497800
vt 0.963200 0.451000
vt 0.918000 0.533400
vt 0.844900 0.943200
vt 0.840000 0.982000
vt 0.814500 0.978300
vt 0.806400 0.962800
vt 0.786000 0.793000
vt 0.863300 0.987900
vt 0.880100 0.974300
vt 0.927400 0.932700
vt 0.902700 0.908900
vt 0.983800 0.811400
vt 0.943200 0.788600
vt 0.860800 0.898100
vt 0.882800 0.791900
vt 0.832500 0.777700
vt 0.824800 0.890500
vt 0.790700 0.901900
vt 0.984600 0.637900
vt 0.961400 0.621200
vt 0.930400 0.618700
vt 0.902400 0.604900
vt 0.880900 0.613900
vt 0.982300 0.531600
vt 0.968300 0.495200
vt 0.963200 0.451000
vt 0.940400 0.497800
vt 0.918000 0.533400
vt 0.844900 0.943200
vt 0.806400 0.962800
vt 0.814500 0.978300
vt 0.840000 0.982000
vt 0.786000 0.793000
vt 0.863300 0.987900
vt 0.880100 0.974300
vt 0.902700 0.908900
vt 0.927400 0.932700
vt 0.943200 0.788600
vt 0.983800 0.811400
vt 0.860800 0.898100
vt 0.832500 0.777700
vt 0.882800 0.791900
vt 0.824800 0.890500
vt 0.790700 0.901900
vt 0.984600 0.637900
vt 0.930400 0.618700
vt 0.961400 0.621200
vt 0.902400 0.604900
vt 0.880900 0.613900
vt 0.982300 0.531600
vt 0.968300 0.495200
vt 0.940400 0.497800
vt 0.963200 0.451000
vt 0.918000 0.533400
vt 0.844900 0.943200
vt 0.840000 0.982000
vt 0.814500 0.978300
vt 0.806400 0.962800
vt 0.786000 0.793000
vt 0.863300 0.987900
vt 0.880100 0.974300
vt 0.927400 0.932700
vt 0.902700 0.908900
vt 0.983800 0.811400
vt 0.943200 0.788600
vt 0.860800 0.898100
vt 0.882800 0.791900
vt 0.832500 0.777700
vt 0.824800 0.890500
vt 0.790700 0.901900
vt 0.984600 0.637900
vt 0.961400 0.621200
vt 0.930400 0.618700
vt 0.902400 0.604900
vt 0.880900 0.613900
vt 0.982300 0.531600
vt 0.968300 0.495200
vt 0.963200 0.451000
vt 0.940400 0.497800
vt 0.918000 0.533400
vt 0.844900 0.943200
vt 0.806400 0.962800
vt 0.814500 0.978300
vt 0.840000 0.982000
vt 0.786000 0.793000
vt 0.863300 0.987900
vt 0.861900 0.254300
vt 0.836500 0.318600
vt 0.811600 0.297000
vt 0.793900 0.440800
vt 0.754300 0.418200
vt 0.879100 0.330000
vt 0.906600 0.453100
vt 0.855500 0.438100
vt 0.915700 0.338200
vt 0.948300 0.328400
vt 0.753200 0.594300
vt 0.805200 0.614200
vt 0.773500 0.611300
vt 0.836600 0.630900
vt 0.855700 0.619400
vt 0.756300 0.697200
vt 0.770500 0.734400
vt 0.794900 0.738100
vt 0.775700 0.779600
vt 0.817100 0.703600
vt 0.895800 0.284200
vt 0.901100 0.247900
vt 0.925100 0.250500
vt 0.933300 0.266400
vt 0.952900 0.437600
vt 0.878100 0.241800
vt 0.861900 0.254300
vt 0.811600 0.297000
vt 0.836500 0.318600
vt 0.754300 0.418200
vt 0.793900 0.440800
vt 0.879100 0.330000
vt 0.855500 0.438100
vt 0.906600 0.453100
vt 0.915700 0.338200
vt 0.948300 0.328400
vt 0.753200 0.594300
vt 0.773500 0.611300
vt 0.805200 0.614200
vt 0.836600 0.630900
vt 0.855700 0.619400
vt 0.756300 0.697200
vt 0.770500 0.734400
vt 0.775700 0.779600
vt 0.794900 0.738100
vt 0.817100 0.703600
vt 0.895800 0.284200
vt 0.933300 0.266400
vt 0.925100 0.250500
vt 0.901100 0.247900
vt 0.952900 0.437600
vt 0.878100 0.241800
vt 0.880100 0.974300
vt 0.902700 0.908900
vt 0.927400 0.932700
vt 0.943200 0.788600
vt 0.983800 0.811400
vt 0.860800 0.898100
vt 0.832500 0.777700
vt 0.882800 0.791900
vt 0.824800 0.890500
vt 0.790700 0.901900
vt 0.984600 0.637900
vt 0.930400 0.618700
vt 0.961400 0.621200
vt 0.902400 0.604900
vt 0.880900 0.613900
vt 0.982300 0.531600
vt 0.968300 0.495200
vt 0.940400 0.497800
vt 0.963200 0.451000
vt 0.918000 0.533400
vt 0.844900 0.943200
vt 0.840000 0.982000
vt 0.814500 0.978300
vt 0.806400 0.962800
vt 0.786000 0.793000
vt 0.863300 0.987900
vt 0.880100 0.974300
vt 0.927400 0.932700
vt 0.902700 0.908900
vt 0.983800 0.811400
vt 0.943200 0.788600
vt 0.860800 0.898100
vt 0.882800 0.791900
vt 0.832500 0.777700
vt 0.824800 0.890500
vt 0.790700 0.901900
vt 0.984600 0.637900
vt 0.961400 0.621200
vt 0.930400 0.618700
vt 0.902400 0.604900
vt 0.880900 0.613900
vt 0.982300 0.531600
vt 0.968300 0.495200
vt 0.963200 0.451000
vt 0.940400 0.497800
vt 0.918000 0.533400
vt 0.844900 0.943200
vt 0.806400 0.962800
vt 0.814500 0.978300
vt 0.840000 0.982000
vt 0.786000 0.793000
vt 0.863300 0.987900
vt 0.880100 0.974300
vt 0.902700 0.908900
vt 0.927400 0.932700
vt 0.943200 0.788600
vt 0.983800 0.811400
vt 0.860800 0.898100
vt 0.832500 0.777700
vt 0.882800 0.791900
vt 0.824800 0.890500
vt 0.790700 0.901900
vt 0.984600 0.637900
vt 0.930400 0.618700
vt 0.961400 0.621200
vt 0.902400 0.604900
vt 0.880900 0.613900
vt 0.982300 0.531600
vt 0.968300 0.495200
vt 0.940400 0.497800
vt 0.963200 0.451000
vt 0.918000 0.533400
vt 0.844900 0.943200
vt 0.840000 0.982000
vt 0.814500 0.978300
vt 0.806400 0.962800
vt 0.786000 0.793000
vt 0.863300 0.987900
vt 0.880100 0.974300
vt 0.927400 0.932700
vt 0.902700 0.908900
vt 0.983800 0.811400
vt 0.943200 0.788600
vt 0.860800 0.898100
vt 0.882800 0.791900
vt 0.832500 0.777700
vt 0.824800 0.890500
vt 0.790700 0.901900
vt 0.984600 0.637900
vt 0.961400 0.621200
vt 0.930400 0.618700
vt 0.902400 0.604900
vt 0.880900 0.613900
vt 0.982300 0.531600
vt 0.968300 0.495200
vt 0.963200 0.451000
vt 0.940400 0.497800
vt 0.918000 0.533400
vt 0.844900 0.943200
vt 0.806400 0.962800
vt 0.814500 0.978300
vt 0.840000 0.982000
vt 0.786000 0.793000
vt 0.863300 0.987900
vt 0.861900 0.254300
vt 0.836500 0.318600
vt 0.811600 0.297000
vt 0.793900 0.440800
vt 0.754300 0.418200
vt 0.879100 0.330000
vt 0.906600 0.453100
vt 0.855500 0.438100
vt 0.915700 0.338200
vt 0.948300 0.328400
vt 0.753200 0.594300
vt 0.805200 0.614200
vt 0.773500 0.611300
vt 0.836600 0.630900
vt 0.855700 0.619400
vt 0.756300 0.697200
vt 0.770500 0.734400
vt 0.794900 0.738100
vt 0.775700 0.779600
vt 0.817100 0.703600
vt 0.895800 0.284200
vt 0.901100 0.247900
vt 0.925100 0.250500
vt 0.933300 0.266400
vt 0.952900 0.437600
vt 0.878100 0.241800
vt 0.861900 0.254300
vt 0.811600 0.297000
vt 0.836500 0.318600
vt 0.754300 0.418200
vt 0.793900 0.440800
vt 0.879100 0.330000
vt 0.855500 0.438100
vt 0.906600 0.453100
vt 0.915700 0.338200
vt 0.948300 0.328400
vt 0.753200 0.594300
vt 0.773500 0.611300
vt 0.805200 0.614200
vt 0.836600 0.630900
vt 0.855700 0.619400
vt 0.756300 0.697200
vt 0.770500 0.734400
vt 0.775700 0.779600
vt 0.794900 0.738100
vt 0.817100 0.703600
vt 0.895800 0.284200
vt 0.933300 0.266400
vt 0.925100 0.250500
vt 0.901100 0.247900
vt 0.952900 0.437600
vt 0.878100 0.241800
vn 0.9929 -0.1188 -0.0038
vn 0.7075 -0.0871 -0.7013
vn 0.4937 0.7160 -0.4937
vn 0.6981 0.7160 -0.0000
vn 0.0064 -0.0271 -0.9996
vn -0.0000 0.7160 -0.6981
vn -0.7042 0.0107 -0.7099
vn -0.4937 0.7160 -0.4937
vn -0.9997 0.0233 -0.0016
vn -0.6981 0.7160 0.0000
vn -0.7062 0.0156 0.7078
vn -0.4937 0.7160 0.4937
vn 0.0054 -0.0182 0.9998
vn 0.0000 0.7160 0.6981
vn 0.7108 -0.0790 0.6989
vn 0.4937 0.7160 0.4937
vn -0.0000 1.0000 0.0000
vn 0.9777 -0.2097 -0.0083
vn 0.6989 -0.1437 -0.7007
vn 0.0016 -0.0125 -0.9999
vn -0.6977 0.1352 -0.7035
vn -0.9749 0.2224 -0.0099
vn -0.7057 0.1420 0.6941
vn 0.0017 -0.0117 0.9999
vn 0.7061 -0.1486 0.6924
vn 0.9944 -0.1054 0.0041
vn 0.7029 -0.0788 -0.7069
vn -0.0104 -0.0419 -0.9991
vn -0.7179 0.0039 -0.6962
vn -1.0000 -0.0004 0.0078
vn -0.7100 -0.0837 0.6992
vn -0.0142 -0.1384 0.9903
vn 0.6932 -0.1306 0.7088
vn 0.9062 -0.4219 0.0289
vn 0.6429 -0.4214 -0.6396
vn -0.0240 -0.4390 -0.8981
vn -0.6479 -0.4788 -0.5924
vn -0.8480 -0.5291 0.0313
vn -0.5961 -0.5423 0.5921
vn -0.0363 -0.4989 0.8659
vn 0.6007 -0.4463 0.6634
vn 0.8718 -0.4899 0.0005
vn 0.6137 -0.4894 -0.6196
vn -0.0069 -0.4822 -0.8760
vn -0.6281 -0.4711 -0.6193
vn -0.8868 -0.4622 0.0017
vn -0.6302 -0.4622 0.6239
vn -0.0077 -0.4713 0.8819
vn 0.6151 -0.4831 0.6232
vn -0.0039 -1.0000 -0.0000
vn 0.2958 0.4206 0.8577
vn -0.1216 0.4281 0.8955
vn -0.4743 0.4327 0.7666
vn 0.2930 0.3618 0.8850
vn -0.4112 0.4004 0.8189
vn -0.8804 0.3959 0.2610
vn -0.8031 0.2391 0.5458
vn -0.6877 0.3832 0.6166
vn -0.1587 0.5361 0.8291
vn -0.4739 0.5147 0.7145
vn -0.5884 0.4981 0.6369
vn -0.4503 0.4727 0.7574
vn -0.3972 0.6791 0.6173
vn -0.3413 0.7041 0.6227
vn -0.0778 0.7153 0.6945
vn -0.4057 0.8047 0.4334
vn -0.0776 0.7266 0.6826
vn 0.0859 0.7677 0.6351
vn 0.1653 0.7182 0.6759
vn -0.5722 0.7693 0.2843
vn -0.2475 0.8002 0.5463
vn -0.2972 0.9208 0.2527
vn 0.5340 0.3774 0.7566
vn 0.2334 0.3602 0.9032
vn -0.4118 0.3942 0.8216
vn -0.8341 0.3748 0.4048
vn -0.9324 0.3328 -0.1407
vn -0.9138 0.3896 -0.1149
vn -0.2949 0.3905 0.8721
vn -0.1130 0.5673 0.8157
vn -0.2957 -0.4206 -0.8577
vn 0.4744 -0.4327 -0.7666
vn 0.1216 -0.4281 -0.8955
vn -0.2929 -0.3618 -0.8850
vn 0.4112 -0.4004 -0.8189
vn 0.8031 -0.2391 -0.5458
vn 0.8804 -0.3959 -0.2610
vn 0.6877 -0.3832 -0.6166
vn 0.4739 -0.5147 -0.7145
vn 0.1587 -0.5361 -0.8291
vn 0.4503 -0.4727 -0.7574
vn 0.5884 -0.4981 -0.6369
vn 0.3972 -0.6791 -0.6173
vn 0.0778 -0.7153 -0.6945
vn 0.3413 -0.7041 -0.6227
vn 0.4057 -0.8047 -0.4334
vn 0.0776 -0.7266 -0.6826
vn -0.0859 -0.7677 -0.6351
vn -0.1653 -0.7182 -0.6759
vn 0.2475 -0.8002 -0.5463
vn 0.5722 -0.7693 -0.2843
vn 0.2973 -0.9208 -0.2527
vn -0.5340 -0.3774 -0.7566
vn 0.4118 -0.3942 -0.8216
vn -0.2334 -0.3602 -0.9032
vn 0.8341 -0.3748 -0.4048
vn 0.9138 -0.3896 0.1149
vn 0.9324 -0.3328 0.1407
vn 0.2949 -0.3905 -0.8721
vn 0.1130 -0.5673 -0.8157
vn 0.8682 0.4158 -0.2708
vn 0.9603 0.2731 -0.0574
vn 0.9316 0.3303 -0.1521
vn 0.9294 0.3581 -0.0895
vn 0.6490 0.3550 0.6729
vn -0.0829 0.3838 0.9197
vn 0.1739 0.2214 0.9596
vn 0.2418 0.3157 0.9175
vn 0.8347 0.5171 0.1895
vn 0.8026 0.5109 0.3081
vn 0.3470 0.4694 0.8119
vn 0.6246 0.4402 0.6450
vn 0.5358 0.7225 0.4369
vn 0.5132 0.6815 0.5218
vn 0.6639 0.7110 0.2316
vn 0.2851 0.7852 0.5497
vn 0.6317 0.6945 0.3446
vn 0.6416 0.7580 0.1173
vn 0.7413 0.6669 0.0758
vn 0.0642 0.7408 0.6686
vn 0.4661 0.7640 0.4461
vn 0.1500 0.9091 0.3887
vn 0.8169 0.3433 -0.4635
vn 0.9322 0.3253 -0.1588
vn 0.6547 0.4097 0.6352
vn 0.1133 0.3845 0.9162
vn -0.4531 0.3350 0.8261
vn -0.4734 0.3417 0.8119
vn 0.7662 0.3679 0.5268
vn 0.6667 0.5029 0.5500
vn -0.8682 -0.4158 0.2708
vn -0.9316 -0.3303 0.1521
vn -0.9603 -0.2731 0.0574
vn -0.9294 -0.3581 0.0895
vn -0.6490 -0.3550 -0.6729
vn -0.1739 -0.2214 -0.9596
vn 0.0828 -0.3838 -0.9197
vn -0.2418 -0.3157 -0.9175
vn -0.8026 -0.5109 -0.3081
vn -0.8347 -0.5171 -0.1895
vn -0.6246 -0.4402 -0.6450
vn -0.3470 -0.4694 -0.8119
vn -0.5358 -0.7225 -0.4369
vn -0.6639 -0.7110 -0.2316
vn -0.5132 -0.6815 -0.5218
vn -0.2851 -0.7852 -0.5497
vn -0.6317 -0.6945 -0.3446
vn -0.6416 -0.7580 -0.1173
vn -0.7413 -0.6669 -0.0758
vn -0.4661 -0.7640 -0.4461
vn -0.0642 -0.7408 -0.6686
vn -0.1500 -0.9091 -0.3887
vn -0.8169 -0.3433 0.4635
vn -0.6547 -0.4097 -0.6352
vn -0.9322 -0.3253 0.1588
vn -0.1133 -0.3845 -0.9162
vn 0.4734 -0.3417 -0.8119
vn 0.4531 -0.3350 -0.8261
vn -0.7662 -0.3679 -0.5268
vn -0.6667 -0.5029 -0.5500
vn 0.7867 0.5971 0.1570
vn 0.7888 0.5818 0.1982
vn 0.5714 0.6696 0.4745
vn 0.8511 0.5220 0.0562
vn 0.5303 0.6592 0.5331
vn 0.3077 0.5378 0.7849
vn 0.2859 0.5421 0.7901
vn 0.5030 0.4971 0.7070
vn 0.4533 0.5720 0.6836
vn 0.5702 0.7825 0.2500
vn 0.3007 0.7882 0.5370
vn 0.1671 0.7126 0.6814
vn 0.4603 0.7210 0.5180
vn 0.1715 0.9106 0.3761
vn 0.2947 0.9111 0.2881
vn 0.3649 0.9249 0.1069
vn -0.0148 0.8965 0.4427
vn 0.1939 0.9181 0.3456
vn 0.3734 0.9253 -0.0660
vn 0.4542 0.8837 -0.1126
vn -0.1529 0.8843 0.4411
vn 0.1560 0.9672 0.2006
vn -0.1783 0.8748 0.4505
vn 0.8037 0.5949 0.0121
vn 0.7397 0.6512 0.1694
vn 0.4480 0.6762 0.5848
vn 0.2350 0.6448 0.7274
vn 0.6068 0.4689 0.6418
vn 0.3932 0.7522 0.5287
vn 0.4318 0.7336 0.5248
vn -0.7867 -0.5970 -0.1570
vn -0.5714 -0.6696 -0.4745
vn -0.7888 -0.5818 -0.1982
vn -0.8511 -0.5220 -0.0562
vn -0.5303 -0.6592 -0.5331
vn -0.2859 -0.5421 -0.7901
vn -0.3077 -0.5378 -0.7849
vn -0.4533 -0.5720 -0.6836
vn -0.5030 -0.4971 -0.7070
vn -0.3007 -0.7882 -0.5370
vn -0.5702 -0.7825 -0.2500
vn -0.4603 -0.7210 -0.5180
vn -0.1671 -0.7126 -0.6814
vn -0.1715 -0.9106 -0.3761
vn -0.3649 -0.9249 -0.1068
vn -0.2947 -0.9111 -0.2881
vn 0.0148 -0.8965 -0.4427
vn -0.1939 -0.9181 -0.3456
vn -0.3734 -0.9253 0.0660
vn -0.4542 -0.8837 0.1126
vn -0.1560 -0.9672 -0.2006
vn 0.1529 -0.8843 -0.4411
vn 0.1783 -0.8748 -0.4505
vn -0.8037 -0.5949 -0.0121
vn -0.4480 -0.6762 -0.5848
vn -0.7397 -0.6512 -0.1694
vn -0.2350 -0.6448 -0.7274
vn -0.6068 -0.4689 -0.6418
vn -0.3932 -0.7523 -0.5287
vn -0.4318 -0.7336 -0.5248
vn -0.8289 0.5167 0.2144
vn -0.8219 0.5285 0.2123
vn -0.8110 0.5650 -0.1520
vn -0.7966 0.4286 0.4262
vn -0.8065 0.5647 -0.1753
vn -0.4561 0.3226 -0.8294
vn -0.7208 0.4863 -0.4938
vn -0.4818 0.5313 -0.6968
vn -0.8011 0.5944 -0.0702
vn -0.6749 0.7268 0.1275
vn -0.6711 0.7106 -0.2113
vn -0.6142 0.7082 -0.3482
vn -0.7216 0.6663 -0.1881
vn -0.4860 0.8574 -0.1695
vn -0.4743 0.8735 -0.1097
vn -0.4633 0.8714 0.1613
vn -0.3007 0.9261 -0.2280
vn -0.4386 0.8846 0.1585
vn -0.3596 0.8838 0.2994
vn -0.3861 0.8376 0.3865
vn -0.2343 0.8691 -0.4356
vn -0.3696 0.9281 -0.0441
vn -0.0838 0.9798 -0.1814
vn -0.5876 0.4932 0.6415
vn -0.7446 0.4084 0.5281
vn -0.8554 0.4881 -0.1733
vn -0.6376 0.4089 -0.6529
vn -0.2049 0.5046 -0.8387
vn -0.8952 0.4320 -0.1096
vn -0.6686 0.7344 0.1169
vn 0.8289 -0.5167 -0.2144
vn 0.8110 -0.5650 0.1520
vn 0.8219 -0.5285 -0.2123
vn 0.7966 -0.4286 -0.4262
vn 0.8065 -0.5647 0.1753
vn 0.7209 -0.4863 0.4938
vn 0.4561 -0.3226 0.8294
vn 0.8011 -0.5944 0.0702
vn 0.4818 -0.5313 0.6968
vn 0.6711 -0.7106 0.2113
vn 0.6749 -0.7268 -0.1275
vn 0.7216 -0.6663 0.1881
vn 0.6142 -0.7082 0.3482
vn 0.4860 -0.8574 0.1695
vn 0.4633 -0.8714 -0.1613
vn 0.4743 -0.8735 0.1097
vn 0.3007 -0.9261 0.2280
vn 0.4386 -0.8846 -0.1585
vn 0.3596 -0.8838 -0.2994
vn 0.3861 -0.8376 -0.3865
vn 0.3696 -0.9281 0.0441
vn 0.2343 -0.8691 0.4356
vn 0.0838 -0.9798 0.1814
vn 0.5876 -0.4932 -0.6415
vn 0.8554 -0.4881 0.1733
vn 0.7446 -0.4084 -0.5281
vn 0.6376 -0.4089 0.6529
vn 0.2049 -0.5046 0.8387
vn 0.8952 -0.4321 0.1096
vn 0.6686 -0.7344 -0.1169
vn -0.0077 0.5741 -0.8187
vn 0.6042 0.5275 -0.5972
vn 0.6368 0.6454 -0.4218
vn 0.1329 0.4758 -0.8695
vn 0.8354 0.5310 -0.1420
vn 0.8693 0.3813 0.3144
vn 0.8738 0.4812 0.0701
vn 0.8838 0.3255 0.3362
vn 0.7761 0.5517 -0.3055
vn 0.6315 0.6600 -0.4069
vn 0.7833 0.6217 -0.0005
vn 0.7267 0.6870 0.0041
vn 0.7840 0.5875 -0.2005
vn 0.6050 0.7956 0.0324
vn 0.4738 0.8720 -0.1233
vn 0.4030 0.8681 -0.2900
vn 0.3981 0.9158 -0.0532
vn 0.2491 0.8410 -0.4803
vn 0.1886 0.8866 -0.4223
vn 0.1686 0.8375 -0.5197
vn 0.4065 0.8691 0.2818
vn 0.3493 0.9281 -0.1285
vn 0.1478 0.9843 0.0967
vn -0.2176 0.4657 -0.8577
vn 0.2248 0.5360 -0.8138
vn 0.7859 0.5722 -0.2345
vn 0.8797 0.4692 -0.0771
vn 0.9070 0.3912 -0.1562
vn 0.7650 0.5566 -0.3240
vn 0.5692 0.7126 -0.4102
vn 0.0077 -0.5741 0.8187
vn -0.6369 -0.6454 0.4218
vn -0.6042 -0.5275 0.5972
vn -0.1329 -0.4758 0.8695
vn -0.8354 -0.5310 0.1420
vn -0.8738 -0.4812 -0.0701
vn -0.8693 -0.3813 -0.3145
vn -0.7761 -0.5517 0.3055
vn -0.8838 -0.3255 -0.3362
vn -0.7833 -0.6217 0.0005
vn -0.6315 -0.6600 0.4069
vn -0.7839 -0.5875 0.2005
vn -0.7267 -0.6870 -0.0041
vn -0.6050 -0.7956 -0.0324
vn -0.4030 -0.8681 0.2900
vn -0.4738 -0.8720 0.1233
vn -0.3981 -0.9158 0.0532
vn -0.2491 -0.8410 0.4803
vn -0.1886 -0.8866 0.4223
vn -0.1686 -0.8375 0.5197
vn -0.3493 -0.9281 0.1285
vn -0.4065 -0.8691 -0.2817
vn -0.1478 -0.9843 -0.0968
vn 0.2176 -0.4657 0.8577
vn -0.7859 -0.5722 0.2345
vn -0.2248 -0.5360 0.8138
vn -0.8797 -0.4692 0.0771
vn -0.9070 -0.3911 0.1562
vn -0.7650 -0.5566 0.3240
vn -0.5692 -0.7126 0.4102
vn -0.6219 0.4697 -0.6266
vn -0.5460 0.3074 -0.7793
vn -0.5291 0.3652 -0.7659
vn -0.6011 0.3472 -0.7198
vn 0.0695 0.4097 -0.9096
vn 0.7197 0.4544 -0.5249
vn 0.5438 0.3152 -0.7778
vn 0.4500 0.4271 -0.7843
vn -0.3997 0.5456 -0.7365
vn -0.2542 0.5478 -0.7971
vn 0.3203 0.5468 -0.7736
vn 0.0560 0.5416 -0.8388
vn -0.0514 0.7622 -0.6453
vn 0.0272 0.7311 -0.6817
vn -0.2932 0.7362 -0.6099
vn 0.1885 0.8344 -0.5179
vn -0.2106 0.7135 -0.6682
vn -0.3691 0.7726 -0.5166
vn -0.4592 0.6791 -0.5726
vn 0.4240 0.7984 -0.4274
vn -0.0056 0.8061 -0.5918
vn 0.1446 0.9419 -0.3033
vn -0.8444 0.3740 -0.3834
vn -0.7269 0.2891 -0.6229
vn 0.0549 0.3963 -0.9165
vn 0.6302 0.4092 -0.6598
vn 0.9180 0.3758 -0.1265
vn 0.8940 0.4252 -0.1412
vn -0.0976 0.3484 -0.9322
vn -0.1985 0.5588 -0.8052
vn 0.6219 -0.4697 0.6266
vn 0.5291 -0.3652 0.7659
vn 0.5460 -0.3074 0.7793
vn 0.6011 -0.3472 0.7198
vn -0.0695 -0.4097 0.9096
vn -0.5438 -0.3152 0.7778
vn -0.7197 -0.4544 0.5249
vn -0.4500 -0.4271 0.7843
vn 0.2542 -0.5478 0.7971
vn 0.3997 -0.5456 0.7365
vn -0.0560 -0.5416 0.8388
vn -0.3203 -0.5468 0.7736
vn 0.0514 -0.7622 0.6453
vn 0.2932 -0.7362 0.6099
vn -0.0272 -0.7311 0.6817
vn -0.1885 -0.8344 0.5179
vn 0.2106 -0.7135 0.6682
vn 0.3691 -0.7726 0.5166
vn 0.4592 -0.6791 0.5726
vn 0.0055 -0.8061 0.5918
vn -0.4240 -0.7984 0.4274
vn -0.1446 -0.9419 0.3033
vn 0.8445 -0.3740 0.3834
vn -0.0549 -0.3963 0.9165
vn 0.7269 -0.2891 0.6229
vn -0.6302 -0.4092 0.6599
vn -0.8940 -0.4252 0.1412
vn -0.9181 -0.3758 0.1265
vn 0.0976 -0.3484 0.9322
vn 0.1985 -0.5588 0.8052
vn -0.7683 0.5890 -0.2506
vn -0.7323 0.5842 -0.3500
vn -0.5035 0.6683 -0.5476
vn -0.8086 0.5289 -0.2578
vn -0.4932 0.6485 -0.5798
vn -0.2951 0.5569 -0.7764
vn -0.2691 0.5617 -0.7824
vn -0.3533 0.5309 -0.7703
vn -0.3786 0.5845 -0.7177
vn -0.4981 0.7994 -0.3360
vn -0.2458 0.7882 -0.5643
vn -0.1344 0.7415 -0.6574
vn -0.3739 0.7610 -0.5301
vn -0.1332 0.9106 -0.3913
vn -0.2411 0.9261 -0.2904
vn -0.3525 0.9249 -0.1426
vn 0.0588 0.8965 -0.4391
vn -0.1586 0.9181 -0.3631
vn -0.3781 0.9253 0.0286
vn -0.4632 0.8837 0.0669
vn 0.1960 0.8843 -0.4237
vn -0.1353 0.9672 -0.2151
vn 0.2222 0.8748 -0.4305
vn -0.8032 0.5875 -0.0988
vn -0.7240 0.5581 -0.4055
vn -0.4579 0.6102 -0.6465
vn -0.3027 0.5221 -0.7973
vn -0.3603 0.5223 -0.7729
vn -0.4215 0.5353 -0.7319
vn -0.3775 0.7336 -0.5651
vn 0.7683 -0.5890 0.2506
vn 0.5035 -0.6683 0.5476
vn 0.7323 -0.5842 0.3500
vn 0.8086 -0.5289 0.2578
vn 0.4932 -0.6485 0.5798
vn 0.2691 -0.5617 0.7824
vn 0.2951 -0.5569 0.7764
vn 0.3786 -0.5845 0.7177
vn 0.3533 -0.5309 0.7703
vn 0.2458 -0.7882 0.5643
vn 0.4981 -0.7994 0.3360
vn 0.3739 -0.7610 0.5301
vn 0.1344 -0.7415 0.6574
vn 0.1332 -0.9106 0.3913
vn 0.3525 -0.9249 0.1426
vn 0.2411 -0.9261 0.2904
vn -0.0588 -0.8965 0.4390
vn 0.1586 -0.9181 0.3631
vn 0.3781 -0.9253 -0.0286
vn 0.4632 -0.8837 -0.0669
vn 0.1353 -0.9672 0.2151
vn -0.1960 -0.8843 0.4237
vn -0.2222 -0.8748 0.4305
vn 0.8032 -0.5875 0.0988
vn 0.4579 -0.6102 0.6465
vn 0.7240 -0.5581 0.4055
vn 0.3027 -0.5221 0.7973
vn 0.3603 -0.5223 0.7729
vn 0.4215 -0.5353 0.7319
vn 0.3775 -0.7336 0.5652
vn -0.8574 0.0833 0.5078
vn -0.8276 0.1972 0.5255
vn -0.8570 0.1703 -0.4863
vn -0.8633 0.0947 -0.4957
vn -0.2498 0.0077 0.9683
vn -0.2310 0.0818 0.9695
vn 0.5083 -0.0795 0.8575
vn 0.4948 -0.0834 0.8650
vn 0.9876 -0.1258 -0.0940
vn 0.9709 -0.2285 -0.0718
vn 0.1823 -0.0222 -0.9830
vn 0.1779 -0.0814 -0.9807
vn -0.9094 0.3329 0.2494
vn -0.6423 0.2597 -0.7212
vn -0.8098 0.2661 -0.5228
vn -0.7998 0.2954 0.5226
vn -0.4548 0.1489 0.8781
vn -0.2020 0.1016 0.9741
vn 0.2732 -0.1186 0.9546
vn 0.5142 -0.1555 0.8435
vn 0.9345 -0.3399 0.1061
vn 0.9346 -0.3378 -0.1118
vn 0.3747 -0.1100 -0.9206
vn 0.1892 -0.0984 -0.9770
vn 0.7844 -0.0063 0.6202
vn 0.7845 0.0867 0.6140
vn -0.1636 0.0637 0.9845
vn -0.1938 0.0104 0.9810
vn 0.9927 -0.0200 -0.1191
vn 0.9929 0.0465 -0.1091
vn 0.6154 -0.0258 -0.7878
vn 0.6368 -0.0232 -0.7707
vn -0.4283 -0.0157 -0.9035
vn -0.4067 -0.0998 -0.9081
vn -0.9919 0.0065 0.1270
vn -0.9876 -0.0482 0.1497
vn 0.5947 0.3137 0.7402
vn -0.4187 0.4288 0.8005
vn -0.2089 0.2252 0.9516
vn 0.7615 0.1989 0.6169
vn 0.9878 -0.0084 0.1556
vn 0.9937 0.0284 -0.1081
vn 0.7866 -0.3278 -0.5233
vn 0.6189 -0.1652 -0.7679
vn -0.2272 -0.4145 -0.8812
vn -0.4596 -0.2498 -0.8523
vn -0.9932 0.0441 -0.1076
vn -0.9865 -0.0105 0.1632
vn 0.6473 0.3197 0.6920
vn -0.4061 0.5272 0.7464
vn 0.9876 -0.0802 0.1349
vn 0.7493 -0.4335 -0.5006
vn -0.1883 -0.4935 -0.8491
vn -0.9794 0.0393 -0.1983
vn 0.7756 0.1664 0.6089
vn 0.7636 0.0892 0.6395
vn -0.2376 0.1401 0.9612
vn -0.1361 0.0861 0.9869
vn 0.9888 0.1141 -0.0967
vn 0.9924 -0.0367 -0.1177
vn 0.6547 -0.0068 -0.7559
vn 0.5885 -0.1391 -0.7965
vn -0.3896 -0.1655 -0.9060
vn -0.4715 -0.1217 -0.8734
vn -0.9776 -0.1215 0.1717
vn -0.9917 0.0286 0.1257
vn 0.6539 0.4565 0.6033
vn -0.2808 0.7122 0.6434
vn -0.2468 0.3787 0.8920
vn 0.6941 0.0072 0.7198
vn 0.9845 0.1634 0.0642
vn 0.9572 -0.2806 0.0703
vn 0.8118 -0.0756 -0.5790
vn 0.6137 -0.3963 -0.6829
vn -0.0861 -0.0510 -0.9950
vn -0.4266 -0.1387 -0.8937
vn -0.8365 0.4574 -0.3019
vn -0.9623 0.2700 0.0336
vn 0.0335 0.9144 -0.4035
vn -0.5468 0.1043 -0.8307
vn -0.5147 0.2062 -0.8322
vn 0.4876 0.0364 -0.8723
vn 0.4690 -0.0288 -0.8827
vn -0.9653 0.1308 -0.2262
vn -0.9500 0.2089 -0.2322
vn -0.8610 0.0819 0.5020
vn -0.8585 0.0943 0.5041
vn 0.0376 -0.0619 0.9974
vn 0.0585 -0.1612 0.9852
vn 0.9652 -0.1478 0.2158
vn 0.9589 -0.2171 0.1828
vn -0.0680 0.6037 -0.7943
vn 0.8046 0.2899 -0.5182
vn 0.5280 0.0813 -0.8453
vn -0.5210 0.2696 -0.8099
vn -0.6393 0.6587 -0.3967
vn -0.9599 0.2143 -0.1806
vn -0.8205 0.5052 0.2675
vn -0.8319 0.0230 0.5545
vn -0.2287 0.1273 0.9651
vn 0.1135 -0.2448 0.9629
vn 0.8278 -0.0165 0.5607
vn 0.9598 -0.2119 0.1839
vn 0.3857 0.8462 0.3676
vn 0.2786 0.0743 -0.9575
vn 0.3283 0.1391 -0.9343
vn 0.9860 0.0374 -0.1625
vn 0.9770 -0.0669 -0.2025
vn -0.4542 0.1262 -0.8819
vn -0.4327 0.1255 -0.8927
vn -0.9390 0.1046 -0.3277
vn -0.9442 0.0321 -0.3278
vn -0.7423 -0.0223 0.6697
vn -0.6923 -0.1310 0.7096
vn 0.4412 -0.1435 0.8858
vn 0.4889 -0.1228 0.8637
vn 0.3667 0.4264 -0.8269
vn 0.7956 0.6008 0.0779
vn 0.9324 0.3386 -0.1265
vn 0.3044 0.2769 -0.9114
vn -0.2891 -0.0348 -0.9567
vn -0.4352 0.0240 -0.9000
vn -0.7410 -0.4412 -0.5062
vn -0.9076 -0.2554 -0.3332
vn -0.6329 -0.5678 0.5264
vn -0.5863 -0.3558 0.7278
vn 0.3174 0.0466 0.9471
vn 0.5176 0.0315 0.8550
vn 0.3661 0.4868 -0.7931
vn 0.7517 0.6469 0.1283
vn -0.2421 -0.0237 -0.9700
vn -0.6790 -0.5056 -0.5323
vn -0.5544 -0.6126 0.5634
vn 0.3192 0.0961 0.9428
vn 0.9851 0.1512 -0.0824
vn 0.9848 0.0944 -0.1457
vn 0.5511 0.0997 0.8284
vn 0.5686 0.1891 0.8006
vn 0.6473 0.0092 -0.7622
vn 0.6008 0.0186 -0.7992
vn -0.0751 -0.1418 -0.9870
vn -0.1346 -0.0668 -0.9887
vn -0.9276 -0.2041 -0.3129
vn -0.9276 -0.1162 -0.3550
vn -0.5525 0.0016 0.8335
vn -0.6416 -0.0380 0.7661
vn 0.8485 0.5263 -0.0557
vn 0.2443 0.6507 0.7189
vn 0.5531 0.1763 0.8142
vn 0.9854 0.1430 -0.0928
vn 0.6657 0.2863 -0.6891
vn 0.6388 0.0158 -0.7692
vn 0.0799 0.0362 -0.9961
vn -0.0852 -0.1237 -0.9887
vn -0.8338 -0.0236 -0.5515
vn -0.9373 -0.1856 -0.2949
vn -0.7906 0.3576 0.4971
vn -0.5634 0.0028 0.8262
vn -0.1809 0.9032 -0.3892
vn -0.4488 -0.0063 -0.8936
vn -0.4515 0.0103 -0.8922
vn 0.5855 0.0291 -0.8102
vn 0.5903 0.0104 -0.8071
vn -0.9500 -0.0200 -0.3115
vn -0.9499 -0.0147 -0.3121
vn -0.8906 -0.0258 0.4540
vn -0.8923 -0.0331 0.4502
vn 0.0064 -0.0157 0.9999
vn 0.0016 -0.0289 0.9996
vn 0.9526 0.0065 0.3041
vn 0.9529 0.0086 0.3031
vn -0.1961 0.2909 -0.9364
vn 0.7153 0.4038 -0.5704
vn 0.5820 0.1215 -0.8041
vn -0.4395 0.0686 -0.8956
vn -0.8137 -0.0116 -0.5812
vn -0.9454 -0.0238 -0.3251
vn -0.9445 -0.3063 0.1184
vn -0.8938 -0.1030 0.4364
vn -0.1571 -0.3775 0.9126
vn 0.0166 -0.1084 0.9940
vn 0.8706 0.0764 0.4859
vn 0.9584 0.0234 0.2844
vn -0.3671 0.3200 -0.8734
vn 0.4368 0.6074 -0.6635
vn -0.8859 -0.2148 -0.4111
vn -0.7307 -0.5775 0.3640
vn -0.0165 -0.4991 0.8664
vn 0.8812 0.2076 0.4247
vn -0.1296 -0.6976 -0.7047
vn -0.7609 -0.3068 -0.5718
vn -0.3192 0.3610 -0.8763
vn 0.1337 0.0995 -0.9860
vn -0.9638 0.2510 -0.0903
vn -0.4684 0.7209 -0.5107
vn -0.6098 0.6365 0.4722
vn -0.2267 0.9684 -0.1035
vn 0.0985 0.6328 0.7680
vn 0.2644 0.9585 0.1068
vn 0.7472 0.2516 0.6152
vn 0.7170 0.6970 -0.0032
vn 0.9503 -0.2917 0.1088
vn 0.8664 0.3370 -0.3686
vn 0.5797 -0.6879 -0.4368
vn 0.6247 0.0896 -0.7757
vn 0.2779 0.7388 -0.6140
vn -0.1577 -0.7542 -0.6374
vn -0.7752 -0.3434 -0.5302
vn -0.9596 0.2648 -0.0954
vn -0.5696 0.7227 0.3914
vn 0.1436 0.7669 0.6255
vn 0.7691 0.3483 0.5359
vn 0.9525 -0.2847 0.1078
vn 0.5545 -0.7347 -0.3909
vn -0.1185 -0.6908 -0.7132
vn -0.7635 -0.2963 -0.5738
vn -0.9658 0.2502 -0.0680
vn -0.5973 0.6361 0.4885
vn 0.1010 0.6128 0.7837
vn 0.7117 0.1827 0.6783
vn 0.9096 -0.3659 0.1970
vn 0.5764 -0.7180 -0.3902
vn -0.1744 -0.8772 -0.4473
vn -0.7888 -0.5310 -0.3096
vn -0.9784 -0.0626 0.1968
vn -0.6388 0.2079 0.7407
vn -0.0377 0.1223 0.9918
vn 0.4712 -0.1966 0.8599
vn 0.6926 -0.5843 0.4230
vn 0.4539 -0.8817 -0.1285
vn -0.2173 -0.8985 -0.3815
vn -0.7858 -0.5688 -0.2430
vn -0.9709 -0.1111 0.2122
vn -0.6642 0.2088 0.7178
vn -0.0439 0.2037 0.9781
vn 0.5270 -0.1252 0.8406
vn 0.7128 -0.5860 0.3853
vn 0.4039 -0.9067 -0.1213
vn -0.2776 -0.7363 0.6171
vn 0.9516 0.2964 -0.0818
vn 0.9733 0.1850 -0.1362
vn 0.9721 0.1975 -0.1268
vn 0.9441 0.2962 -0.1450
vn 0.8738 0.4852 -0.0332
vn 0.7805 0.6199 0.0809
vn 0.5985 0.7814 0.1766
vn 0.7391 0.6652 0.1063
vn 0.4026 0.8475 0.3458
vn 0.5352 0.8026 0.2636
vn 0.8144 0.5733 -0.0896
vn 0.7596 0.6500 0.0239
vn 0.9208 0.3063 -0.2415
vn 0.4881 0.8703 0.0659
vn 0.8396 0.5285 -0.1256
vn 0.9046 0.2774 -0.3238
vn 0.8949 -0.1832 -0.4070
vn -0.1858 0.9460 0.2657
vn 0.7354 0.6545 -0.1754
vn 0.2256 0.9719 0.0670
vn 0.7100 0.6825 0.1735
vn 0.8110 0.5021 0.3005
vn 0.2211 0.8844 0.4110
vn 0.3378 0.8821 0.3285
vn 0.8663 0.4987 -0.0291
vn 0.9885 0.1385 -0.0608
vn -0.9516 -0.2964 0.0818
vn -0.9721 -0.1975 0.1268
vn -0.9733 -0.1850 0.1362
vn -0.8738 -0.4852 0.0332
vn -0.9440 -0.2963 0.1449
vn -0.7805 -0.6199 -0.0809
vn -0.7391 -0.6652 -0.1063
vn -0.5986 -0.7814 -0.1766
vn -0.4026 -0.8475 -0.3458
vn -0.5352 -0.8026 -0.2636
vn -0.8144 -0.5733 0.0896
vn -0.9208 -0.3063 0.2415
vn -0.7596 -0.6500 -0.0239
vn -0.4881 -0.8703 -0.0659
vn -0.8396 -0.5284 0.1256
vn -0.9045 -0.2774 0.3238
vn -0.8949 0.1832 0.4070
vn -0.7354 -0.6546 0.1754
vn 0.1859 -0.9459 -0.2657
vn -0.2257 -0.9719 -0.0670
vn -0.7100 -0.6825 -0.1735
vn -0.3378 -0.8821 -0.3284
vn -0.2211 -0.8844 -0.4110
vn -0.8110 -0.5021 -0.3004
vn -0.8663 -0.4986 0.0291
vn -0.9885 -0.1384 0.0607
vn 0.0313 0.9426 0.3326
vn 0.1345 0.9084 0.3959
vn 0.1202 0.9125 0.3910
vn 0.0855 0.9501 0.3002
vn -0.1102 0.9772 0.1814
vn -0.2843 0.9549 0.0863
vn -0.4648 0.8810 -0.0879
vn -0.3327 0.9421 0.0425
vn -0.6650 0.7263 -0.1738
vn -0.5576 0.8239 -0.1012
vn -0.1099 0.9920 0.0620
vn -0.2515 0.9674 0.0284
vn 0.1621 0.9580 0.2367
vn -0.4232 0.8672 -0.2624
vn -0.0544 0.9944 0.0910
vn 0.2459 0.9463 0.2099
vn 0.5387 0.6955 0.4755
vn -0.7060 0.3310 -0.6261
vn -0.0827 0.9936 -0.0775
vn -0.5012 0.7158 -0.4863
vn -0.4026 0.9144 0.0434
vn -0.4154 0.8653 0.2807
vn -0.7590 0.5889 -0.2778
vn -0.6734 0.6981 -0.2433
vn -0.1211 0.9780 0.1698
vn 0.0929 0.8780 0.4696
vn -0.0312 -0.9426 -0.3325
vn -0.1202 -0.9125 -0.3910
vn -0.1344 -0.9084 -0.3959
vn 0.1101 -0.9772 -0.1814
vn -0.0855 -0.9501 -0.3002
vn 0.2843 -0.9549 -0.0863
vn 0.3327 -0.9421 -0.0425
vn 0.4648 -0.8810 0.0879
vn 0.6650 -0.7263 0.1738
vn 0.5575 -0.8240 0.1012
vn 0.1099 -0.9920 -0.0620
vn -0.1621 -0.9580 -0.2367
vn 0.2514 -0.9675 -0.0284
vn 0.4232 -0.8672 0.2623
vn 0.0543 -0.9944 -0.0911
vn -0.2459 -0.9463 -0.2100
vn -0.5387 -0.6956 -0.4755
vn 0.0828 -0.9935 0.0776
vn 0.7060 -0.3311 0.6260
vn 0.5012 -0.7158 0.4863
vn 0.4026 -0.9143 -0.0434
vn 0.6735 -0.6980 0.2433
vn 0.7590 -0.5888 0.2779
vn 0.4154 -0.8653 -0.2806
vn 0.1211 -0.9780 -0.1698
vn -0.0928 -0.8780 -0.4696
vn 0.9528 -0.1575 -0.2594
vn 0.8989 -0.2436 -0.3641
vn 0.9015 -0.2416 -0.3592
vn 0.9361 -0.1559 -0.3153
vn 0.9911 -0.0199 -0.1315
vn 0.9942 0.0994 0.0399
vn 0.9355 0.2686 0.2295
vn 0.9880 0.1338 0.0767
vn 0.8235 0.3609 0.4377
vn 0.8892 0.3103 0.3363
vn 0.9911 0.0669 -0.1147
vn 0.9921 0.1213 0.0313
vn 0.9200 -0.1277 -0.3706
vn 0.8982 0.3890 0.2047
vn 0.9874 0.0366 -0.1540
vn 0.8806 -0.1522 -0.4487
vn 0.5945 -0.4375 -0.6747
vn 0.3539 0.6760 0.6463
vn 0.9791 0.1505 -0.1372
vn 0.7130 0.5781 0.3968
vn 0.9783 0.1540 0.1384
vn 0.9905 -0.0010 0.1377
vn 0.6731 0.4568 0.5817
vn 0.7745 0.4201 0.4729
vn 0.9934 -0.0065 -0.1148
vn 0.8706 -0.3355 -0.3599
vn -0.9528 0.1575 0.2594
vn -0.9014 0.2416 0.3593
vn -0.8989 0.2436 0.3641
vn -0.9911 0.0199 0.1316
vn -0.9361 0.1559 0.3153
vn -0.9942 -0.0994 -0.0399
vn -0.9880 -0.1338 -0.0767
vn -0.9355 -0.2686 -0.2295
vn -0.8235 -0.3609 -0.4377
vn -0.8892 -0.3103 -0.3363
vn -0.9911 -0.0669 0.1147
vn -0.9200 0.1277 0.3706
vn -0.9921 -0.1214 -0.0313
vn -0.8982 -0.3890 -0.2047
vn -0.9874 -0.0366 0.1540
vn -0.8807 0.1520 0.4485
vn -0.5945 0.4375 0.6747
vn -0.9791 -0.1505 0.1371
vn -0.3538 -0.6760 -0.6464
vn -0.7131 -0.5781 -0.3966
vn -0.9783 -0.1539 -0.1384
vn -0.7745 -0.4201 -0.4730
vn -0.6731 -0.4568 -0.5817
vn -0.9905 0.0010 -0.1376
vn -0.9934 0.0065 0.1148
vn -0.8706 0.3355 0.3599
vn -0.1217 0.8160 0.5651
vn 0.0092 0.7865 0.6175
vn 0.0030 0.7871 0.6168
vn -0.0658 0.8293 0.5549
vn -0.2786 0.8442 0.4580
vn -0.4576 0.8158 0.3536
vn -0.6366 0.7508 0.1763
vn -0.4959 0.8076 0.3193
vn -0.7971 0.6022 0.0452
vn -0.7213 0.6820 0.1208
vn -0.3095 0.8722 0.3789
vn -0.4532 0.8280 0.3302
vn -0.0144 0.8534 0.5210
vn -0.6225 0.7810 0.0496
vn -0.2659 0.8749 0.4048
vn 0.0750 0.8490 0.5230
vn 0.4472 0.6110 0.6533
vn -0.8541 0.2627 -0.4489
vn -0.2983 0.9068 0.2980
vn -0.7533 0.6262 -0.2011
vn -0.5507 0.7795 0.2985
vn -0.5306 0.7233 0.4419
vn -0.8833 0.4567 -0.1060
vn -0.8196 0.5722 -0.0293
vn -0.2966 0.8436 0.4476
vn 0.0310 0.7260 0.6870
vn 0.1217 -0.8160 -0.5652
vn -0.0030 -0.7871 -0.6168
vn -0.0092 -0.7865 -0.6175
vn 0.2786 -0.8442 -0.4580
vn 0.0658 -0.8293 -0.5549
vn 0.4576 -0.8158 -0.3536
vn 0.4959 -0.8076 -0.3193
vn 0.6366 -0.7508 -0.1763
vn 0.7971 -0.6022 -0.0452
vn 0.7213 -0.6820 -0.1208
vn 0.3094 -0.8722 -0.3789
vn 0.0144 -0.8535 -0.5210
vn 0.4533 -0.8280 -0.3302
vn 0.6225 -0.7810 -0.0496
vn 0.2659 -0.8749 -0.4048
vn -0.0751 -0.8490 -0.5230
vn -0.4471 -0.6110 -0.6533
vn 0.2985 -0.9067 -0.2978
vn 0.8541 -0.2626 0.4489
vn 0.7531 -0.6265 0.2009
vn 0.5507 -0.7795 -0.2985
vn 0.8197 -0.5721 0.0293
vn 0.8833 -0.4567 0.1059
vn 0.5306 -0.7233 -0.4419
vn 0.2966 -0.8436 -0.4476
vn -0.0310 -0.7260 -0.6870
vn -0.1995 -0.3040 -0.9315
vn -0.3284 -0.2501 -0.9108
vn -0.3231 -0.2545 -0.9115
vn -0.2259 -0.2534 -0.9406
vn -0.0102 -0.3405 -0.9402
vn 0.1804 -0.4082 -0.8949
vn 0.4196 -0.4332 -0.7976
vn 0.2309 -0.4147 -0.8802
vn 0.5998 -0.4947 -0.6290
vn 0.5036 -0.4732 -0.7229
vn 0.0728 -0.3022 -0.9505
vn 0.1975 -0.3830 -0.9024
vn -0.2324 -0.1864 -0.9546
vn 0.5067 -0.3308 -0.7961
vn 0.0241 -0.2864 -0.9578
vn -0.2908 -0.1225 -0.9489
vn -0.6776 0.0132 -0.7353
vn 0.9431 -0.2704 -0.1933
vn 0.1317 -0.2313 -0.9639
vn 0.7463 -0.2857 -0.6011
vn 0.2780 -0.4477 -0.8499
vn 0.1478 -0.5443 -0.8257
vn 0.7430 -0.4864 -0.4597
vn 0.6629 -0.4667 -0.5854
vn 0.0091 -0.3463 -0.9381
vn -0.3972 -0.2958 -0.8688
vn 0.1995 0.3040 0.9315
vn 0.3231 0.2545 0.9115
vn 0.3284 0.2501 0.9108
vn 0.0101 0.3405 0.9402
vn 0.2259 0.2534 0.9406
vn -0.1803 0.4082 0.8949
vn -0.2309 0.4147 0.8802
vn -0.4196 0.4332 0.7977
vn -0.5997 0.4947 0.6290
vn -0.5036 0.4731 0.7228
vn -0.0727 0.3022 0.9505
vn 0.2325 0.1863 0.9546
vn -0.1974 0.3830 0.9024
vn -0.5067 0.3308 0.7961
vn -0.0241 0.2863 0.9578
vn 0.2909 0.1224 0.9489
vn 0.6775 -0.0131 0.7354
vn -0.1319 0.2313 0.9639
vn -0.9431 0.2704 0.1933
vn -0.7463 0.2857 0.6011
vn -0.2780 0.4477 0.8499
vn -0.6629 0.4667 0.5854
vn -0.7431 0.4864 0.4597
vn -0.1477 0.5444 0.8257
vn -0.0090 0.3463 0.9381
vn 0.3973 0.2958 0.8687
vn -0.6095 0.3714 -0.7005
vn -0.6609 0.4398 -0.6082
vn -0.6572 0.4294 -0.6194
vn -0.5819 0.4280 -0.6915
vn -0.4741 0.2824 -0.8340
vn -0.3737 0.1318 -0.9181
vn -0.1822 -0.0341 -0.9827
vn -0.3274 0.0898 -0.9406
vn -0.0489 -0.2649 -0.9630
vn -0.1501 -0.1390 -0.9789
vn -0.3652 0.3071 -0.8788
vn -0.3232 0.1753 -0.9299
vn -0.5255 0.5097 -0.6813
vn -0.0128 0.0242 -0.9996
vn -0.3946 0.3535 -0.8482
vn -0.4978 0.5839 -0.6413
vn -0.6774 0.7004 -0.2250
vn 0.5044 -0.3977 -0.7664
vn -0.2335 0.3534 -0.9058
vn 0.2484 -0.0747 -0.9658
vn -0.3183 0.0155 -0.9479
vn -0.5283 -0.0529 -0.8474
vn 0.0943 -0.3906 -0.9157
vn 0.0261 -0.2736 -0.9615
vn -0.4631 0.2748 -0.8426
vn -0.7207 0.3785 -0.5808
vn 0.6094 -0.3714 0.7005
vn 0.6572 -0.4295 0.6194
vn 0.6609 -0.4397 0.6082
vn 0.4741 -0.2824 0.8339
vn 0.5819 -0.4280 0.6915
vn 0.3737 -0.1318 0.9181
vn 0.3274 -0.0898 0.9406
vn 0.1822 0.0341 0.9827
vn 0.0489 0.2648 0.9631
vn 0.1502 0.1389 0.9789
vn 0.3652 -0.3071 0.8788
vn 0.5255 -0.5097 0.6813
vn 0.3232 -0.1753 0.9300
vn 0.0128 -0.0242 0.9996
vn 0.3946 -0.3534 0.8482
vn 0.4978 -0.5839 0.6413
vn 0.6774 -0.7004 0.2250
vn 0.2336 -0.3535 0.9058
vn -0.5044 0.3977 0.7664
vn -0.2484 0.0747 0.9658
vn 0.3183 -0.0155 0.9479
vn -0.0261 0.2736 0.9615
vn -0.0943 0.3906 0.9157
vn 0.5283 0.0529 0.8474
vn 0.4631 -0.2748 0.8426
vn 0.7207 -0.3785 0.5808
vn 0.7537 -0.1040 -0.6490
vn 0.6685 -0.1524 -0.7279
vn 0.6801 -0.1495 -0.7177
vn 0.7250 -0.0610 -0.6860
vn 0.8565 0.0213 -0.5157
vn 0.9372 0.0742 -0.3408
vn 0.9757 0.1900 -0.1096
vn 0.9533 0.1039 -0.2836
vn 0.9671 0.1999 0.1573
vn 0.9850 0.1724 -0.0017
vn 0.8605 0.1388 -0.4901
vn 0.9238 0.1386 -0.3569
vn 0.6812 0.0160 -0.7319
vn 0.9284 0.3618 -0.0845
vn 0.8309 0.1221 -0.5429
vn 0.6198 0.0551 -0.7828
vn 0.2612 -0.1985 -0.9447
vn 0.6477 0.5373 0.5402
vn 0.8365 0.2778 -0.4723
vn 0.8402 0.5276 0.1252
vn 0.9732 0.0837 -0.2140
vn 0.9571 -0.1566 -0.2439
vn 0.9073 0.2510 0.3372
vn 0.9452 0.2585 0.1995
vn 0.8630 0.0305 -0.5044
vn 0.6740 -0.2376 -0.6995
vn -0.7537 0.1040 0.6490
vn -0.6801 0.1496 0.7177
vn -0.6685 0.1525 0.7279
vn -0.8565 -0.0213 0.5157
vn -0.7250 0.0610 0.6861
vn -0.9372 -0.0742 0.3408
vn -0.9533 -0.1039 0.2836
vn -0.9757 -0.1900 0.1096
vn -0.9671 -0.1999 -0.1573
vn -0.9850 -0.1724 0.0017
vn -0.8605 -0.1388 0.4902
vn -0.6812 -0.0160 0.7320
vn -0.9238 -0.1386 0.3569
vn -0.9284 -0.3617 0.0845
vn -0.8308 -0.1221 0.5430
vn -0.6199 -0.0551 0.7828
vn -0.2612 0.1985 0.9447
vn -0.8365 -0.2778 0.4724
vn -0.6477 -0.5373 -0.5402
vn -0.8403 -0.5276 -0.1250
vn -0.9733 -0.0837 0.2140
vn -0.9452 -0.2585 -0.1996
vn -0.9073 -0.2511 -0.3372
vn -0.9571 0.1565 0.2439
vn -0.8630 -0.0305 0.5043
vn -0.6740 0.2376 0.6995
vn -0.3466 0.1871 -0.9192
vn -0.7986 0.4645 -0.3828
vn -0.1343 0.9717 -0.1942
vn 0.1970 0.7947 -0.5742
vn -0.8040 0.4561 0.3815
vn -0.1571 0.9280 0.3378
vn -0.3559 0.1461 0.9231
vn 0.1423 0.6892 0.7104
vn 0.2918 -0.2658 0.9188
vn 0.5885 0.3953 0.7052
vn 0.7641 -0.5267 0.3725
vn 0.9200 0.2184 0.3254
vn 0.7760 -0.4905 -0.3966
vn 0.9427 0.2621 -0.2066
vn 0.3079 -0.1956 -0.9311
vn 0.6432 0.5008 -0.5792
vn 0.5486 0.8311 0.0916
vn -0.3957 0.1094 -0.9118
vn -0.8267 0.4146 -0.3803
vn -0.7949 0.4670 0.3873
vn -0.2843 0.2483 0.9260
vn 0.3877 -0.0893 0.9175
vn 0.8226 -0.4149 0.3889
vn 0.7808 -0.4861 -0.3925
vn 0.2660 -0.2517 -0.9305
vn -0.3334 0.1949 -0.9224
vn -0.7971 0.4727 -0.3757
vn -0.8070 0.4388 0.3952
vn -0.3449 0.1300 0.9296
vn 0.2863 -0.2900 0.9132
vn 0.7039 -0.6061 0.3703
vn 0.7081 -0.5914 -0.3858
vn 0.2922 -0.2483 -0.9235
vn -0.4628 -0.1051 -0.8802
vn -0.9153 0.1388 -0.3782
vn -0.9416 0.0567 0.3319
vn -0.5476 -0.3006 0.7808
vn -0.0278 -0.6972 0.7163
vn 0.3361 -0.9036 0.2656
vn 0.4186 -0.8380 -0.3501
vn 0.1092 -0.5155 -0.8499
vn -0.5128 -0.1581 -0.8439
vn -0.9286 0.0644 -0.3655
vn -0.9526 0.0151 0.3037
vn -0.5701 -0.2758 0.7739
vn -0.0036 -0.6386 0.7695
vn 0.4146 -0.8619 0.2919
vn 0.4383 -0.8146 -0.3800
vn 0.0535 -0.5227 -0.8508
vn -0.5474 -0.8322 -0.0880
vn 0.9071 0.2625 0.3289
vn 0.9526 0.1874 0.2398
vn 0.9471 0.1953 0.2546
vn 0.9193 0.2904 0.2655
vn 0.8053 0.4125 0.4258
vn 0.6860 0.4775 0.5490
vn 0.4784 0.5815 0.6581
vn 0.6358 0.5042 0.5844
vn 0.2484 0.5704 0.7829
vn 0.3992 0.5598 0.7261
vn 0.7579 0.5212 0.3923
vn 0.6826 0.5265 0.5069
vn 0.9226 0.3462 0.1700
vn 0.3907 0.7272 0.5644
vn 0.7962 0.4950 0.3481
vn 0.9278 0.3651 0.0773
vn 0.9802 -0.0091 -0.1978
vn -0.3074 0.7416 0.5963
vn 0.7046 0.6340 0.3188
vn 0.1352 0.8346 0.5341
vn 0.5853 0.4882 0.6474
vn 0.6544 0.2692 0.7066
vn 0.0640 0.5836 0.8095
vn 0.1916 0.6135 0.7661
vn 0.7966 0.4198 0.4349
vn 0.9492 0.1105 0.2946
vn -0.9071 -0.2625 -0.3289
vn -0.9471 -0.1953 -0.2547
vn -0.9525 -0.1875 -0.2398
vn -0.8053 -0.4124 -0.4258
vn -0.9193 -0.2904 -0.2655
vn -0.6860 -0.4775 -0.5490
vn -0.6358 -0.5042 -0.5844
vn -0.4783 -0.5815 -0.6581
vn -0.2484 -0.5704 -0.7829
vn -0.3992 -0.5598 -0.7261
vn -0.7579 -0.5212 -0.3923
vn -0.9226 -0.3462 -0.1700
vn -0.6826 -0.5264 -0.5069
vn -0.3908 -0.7272 -0.5644
vn -0.7961 -0.4950 -0.3481
vn -0.9277 -0.3651 -0.0773
vn -0.9802 0.0091 0.1978
vn -0.7046 -0.6340 -0.3188
vn 0.3074 -0.7416 -0.5963
vn -0.1351 -0.8345 -0.5341
vn -0.5853 -0.4882 -0.6474
vn -0.1915 -0.6135 -0.7661
vn -0.0640 -0.5835 -0.8096
vn -0.6545 -0.2691 -0.7065
vn -0.7966 -0.4199 -0.4349
vn -0.9492 -0.1105 -0.2946
vn 0.9967 -0.0069 -0.0808
vn 0.9787 -0.0331 -0.2025
vn 0.9818 -0.0331 -0.1872
vn 0.9920 0.0444 -0.1182
vn 0.9906 0.0822 0.1092
vn 0.9481 0.0930 0.3039
vn 0.8334 0.1558 0.5303
vn 0.9249 0.1092 0.3641
vn 0.6684 0.1103 0.7356
vn 0.7787 0.1157 0.6166
vn 0.9692 0.1914 0.1549
vn 0.9416 0.1599 0.2963
vn 0.9776 0.1316 -0.1646
vn 0.7666 0.3208 0.5562
vn 0.9778 0.1877 0.0928
vn 0.9550 0.1836 -0.2328
vn 0.7828 -0.0109 -0.6222
vn 0.1586 0.3772 0.9125
vn 0.9281 0.3247 0.1822
vn 0.5589 0.4439 0.7004
vn 0.9016 0.0739 0.4262
vn 0.9258 -0.1536 0.3454
vn 0.5102 0.1260 0.8508
vn 0.6211 0.1599 0.7673
vn 0.9884 0.0884 0.1237
vn 0.9733 -0.1225 -0.1941
vn -0.9967 0.0068 0.0808
vn -0.9818 0.0330 0.1872
vn -0.9787 0.0331 0.2025
vn -0.9906 -0.0821 -0.1092
vn -0.9920 -0.0444 0.1182
vn -0.9481 -0.0930 -0.3040
vn -0.9249 -0.1093 -0.3641
vn -0.8334 -0.1558 -0.5303
vn -0.6684 -0.1103 -0.7356
vn -0.7787 -0.1157 -0.6166
vn -0.9692 -0.1914 -0.1549
vn -0.9775 -0.1315 0.1646
vn -0.9416 -0.1599 -0.2963
vn -0.7666 -0.3208 -0.5562
vn -0.9779 -0.1877 -0.0927
vn -0.9550 -0.1836 0.2328
vn -0.7827 0.0109 0.6222
vn -0.9281 -0.3247 -0.1822
vn -0.1585 -0.3771 -0.9125
vn -0.5589 -0.4439 -0.7004
vn -0.9016 -0.0739 -0.4262
vn -0.6212 -0.1599 -0.7672
vn -0.5102 -0.1260 -0.8508
vn -0.9258 0.1536 -0.3454
vn -0.9884 -0.0884 -0.1237
vn -0.9733 0.1225 0.1941
vn 0.3572 0.2682 0.8947
vn 0.4387 0.1732 0.8818
vn 0.4270 0.1830 0.8855
vn 0.4116 0.2842 0.8659
vn 0.2436 0.4419 0.8634
vn 0.0768 0.5475 0.8333
vn -0.1117 0.6872 0.7178
vn 0.0287 0.5866 0.8094
vn -0.3509 0.7169 0.6025
vn -0.2182 0.6885 0.6916
vn 0.2536 0.5437 0.8001
vn 0.1140 0.5917 0.7981
vn 0.4882 0.3191 0.8123
vn -0.0714 0.8055 0.5883
vn 0.3050 0.5084 0.8053
vn 0.5631 0.3123 0.7651
vn 0.7355 -0.1120 0.6682
vn -0.5151 0.8562 0.0403
vn 0.2846 0.6470 0.7074
vn -0.1905 0.9142 0.3578
vn -0.0465 0.5878 0.8077
vn -0.0850 0.3773 0.9222
vn -0.4842 0.7437 0.4609
vn -0.3664 0.7573 0.5406
vn 0.2341 0.4542 0.8596
vn 0.3862 0.1087 0.9160
vn -0.3572 -0.2683 -0.8947
vn -0.4271 -0.1830 -0.8855
vn -0.4387 -0.1732 -0.8818
vn -0.2435 -0.4419 -0.8634
vn -0.4116 -0.2842 -0.8659
vn -0.0768 -0.5475 -0.8333
vn -0.0287 -0.5866 -0.8094
vn 0.1117 -0.6872 -0.7178
vn 0.3509 -0.7169 -0.6025
vn 0.2182 -0.6885 -0.6916
vn -0.2535 -0.5438 -0.8000
vn -0.4882 -0.3191 -0.8123
vn -0.1140 -0.5917 -0.7981
vn 0.0713 -0.8054 -0.5884
vn -0.3052 -0.5083 -0.8053
vn -0.5631 -0.3124 -0.7651
vn -0.7355 0.1120 -0.6682
vn -0.2846 -0.6470 -0.7074
vn 0.5151 -0.8562 -0.0403
vn 0.1905 -0.9142 -0.3578
vn 0.0465 -0.5878 -0.8077
vn 0.3664 -0.7573 -0.5406
vn 0.4842 -0.7437 -0.4609
vn 0.0850 -0.3774 -0.9222
vn -0.2341 -0.4542 -0.8596
vn -0.3862 -0.1087 -0.9160
vn 0.8406 -0.1264 -0.5267
vn 0.7631 -0.0799 -0.6413
vn 0.7659 -0.0832 -0.6375
vn 0.8276 -0.0776 -0.5559
vn 0.9212 -0.1578 -0.3556
vn 0.9608 -0.2250 -0.1618
vn 0.9602 -0.2623 0.0962
vn 0.9661 -0.2326 -0.1120
vn 0.8814 -0.3446 0.3231
vn 0.9281 -0.3105 0.2056
vn 0.9519 -0.1217 -0.2811
vn 0.9671 -0.2052 -0.1505
vn 0.8248 -0.0142 -0.5652
vn 0.9698 -0.1650 0.1795
vn 0.9389 -0.1072 -0.3270
vn 0.7823 0.0429 -0.6214
vn 0.4209 0.1295 -0.8978
vn 0.5499 -0.2103 0.8083
vn 0.9717 -0.0535 -0.2301
vn 0.8585 -0.1610 0.4869
vn 0.9621 -0.2670 -0.0562
vn 0.9174 -0.3577 -0.1743
vn 0.7705 -0.3648 0.5228
vn 0.8558 -0.3261 0.4015
vn 0.9275 -0.1639 -0.3360
vn 0.7034 -0.1283 -0.6991
vn -0.8405 0.1264 0.5268
vn -0.7660 0.0833 0.6374
vn -0.7632 0.0799 0.6412
vn -0.9212 0.1579 0.3556
vn -0.8276 0.0776 0.5559
vn -0.9608 0.2250 0.1619
vn -0.9661 0.2326 0.1120
vn -0.9602 0.2623 -0.0962
vn -0.8814 0.3446 -0.3231
vn -0.9281 0.3105 -0.2056
vn -0.9519 0.1217 0.2811
vn -0.8249 0.0142 0.5652
vn -0.9671 0.2052 0.1504
vn -0.9698 0.1650 -0.1796
vn -0.9390 0.1073 0.3268
vn -0.7823 -0.0429 0.6215
vn -0.4209 -0.1295 0.8978
vn -0.9717 0.0535 0.2301
vn -0.5499 0.2103 -0.8083
vn -0.8585 0.1610 -0.4869
vn -0.9621 0.2670 0.0563
vn -0.8558 0.3261 -0.4015
vn -0.7705 0.3648 -0.5228
vn -0.9174 0.3577 0.1742
vn -0.9275 0.1639 0.3360
vn -0.7034 0.1284 0.6992
vn 0.1604 0.0526 0.9857
vn 0.2697 -0.0380 0.9622
vn 0.2642 -0.0356 0.9638
vn 0.2176 0.0541 0.9745
vn 0.0284 0.1920 0.9810
vn -0.1449 0.3027 0.9420
vn -0.3286 0.4495 0.8306
vn -0.1822 0.3345 0.9246
vn -0.5269 0.5080 0.6814
vn -0.4302 0.4751 0.7676
vn 0.0126 0.2777 0.9606
vn -0.1356 0.3269 0.9353
vn 0.2754 0.0816 0.9579
vn -0.2999 0.5624 0.7705
vn 0.0531 0.2481 0.9673
vn 0.3571 0.0549 0.9324
vn 0.6131 -0.2762 0.7402
vn -0.6843 0.7159 0.1385
vn 0.0383 0.3581 0.9329
vn -0.4680 0.7034 0.5349
vn -0.2427 0.3486 0.9053
vn -0.2495 0.1992 0.9477
vn -0.6541 0.5652 0.5026
vn -0.5560 0.5549 0.6188
vn 0.0117 0.2045 0.9788
vn 0.2656 -0.1325 0.9549
vn -0.1603 -0.0526 -0.9857
vn -0.2642 0.0356 -0.9638
vn -0.2697 0.0380 -0.9622
vn -0.0284 -0.1920 -0.9810
vn -0.2176 -0.0541 -0.9745
vn 0.1449 -0.3027 -0.9420
vn 0.1822 -0.3345 -0.9246
vn 0.3286 -0.4495 -0.8306
vn 0.5269 -0.5080 -0.6814
vn 0.4303 -0.4752 -0.7675
vn -0.0127 -0.2776 -0.9606
vn -0.2754 -0.0815 -0.9579
vn 0.1356 -0.3269 -0.9353
vn 0.2998 -0.5624 -0.7706
vn -0.0533 -0.2480 -0.9673
vn -0.3571 -0.0549 -0.9324
vn -0.6131 0.2763 -0.7401
vn -0.0384 -0.3580 -0.9329
vn 0.6843 -0.7159 -0.1386
vn 0.4681 -0.7034 -0.5349
vn 0.2427 -0.3486 -0.9053
vn 0.5560 -0.5549 -0.6188
vn 0.6542 -0.5652 -0.5026
vn 0.2495 -0.1993 -0.9476
vn -0.0117 -0.2045 -0.9788
vn -0.2656 0.1324 -0.9550
vn -0.2612 0.6064 -0.7510
vn -0.3625 0.6533 -0.6646
vn -0.3591 0.6500 -0.6697
vn -0.2671 0.6490 -0.7124
vn -0.0976 0.5447 -0.8329
vn 0.0539 0.4227 -0.9046
vn 0.2641 0.2722 -0.9253
vn 0.0981 0.3948 -0.9135
vn 0.4035 0.0598 -0.9130
vn 0.3251 0.1698 -0.9303
vn -0.0062 0.5537 -0.8327
vn 0.0792 0.4387 -0.8951
vn -0.2485 0.6997 -0.6698
vn 0.3822 0.3073 -0.8715
vn -0.0455 0.5808 -0.8128
vn -0.2799 0.7463 -0.6039
vn -0.5993 0.7537 -0.2698
vn 0.7883 -0.2400 -0.5666
vn 0.0751 0.5896 -0.8042
vn 0.6146 0.1199 -0.7797
vn 0.1289 0.3405 -0.9314
vn -0.0282 0.2993 -0.9537
vn 0.5337 -0.1041 -0.8392
vn 0.4708 0.0258 -0.8819
vn -0.0819 0.5350 -0.8409
vn -0.4448 0.6117 -0.6542
vn 0.2611 -0.6064 0.7510
vn 0.3592 -0.6501 0.6696
vn 0.3625 -0.6533 0.6646
vn 0.0975 -0.5447 0.8329
vn 0.2671 -0.6490 0.7124
vn -0.0539 -0.4227 0.9047
vn -0.0981 -0.3948 0.9135
vn -0.2641 -0.2722 0.9253
vn -0.4035 -0.0598 0.9130
vn -0.3251 -0.1698 0.9303
vn 0.0061 -0.5537 0.8327
vn 0.2484 -0.6997 0.6699
vn -0.0792 -0.4387 0.8951
vn -0.3822 -0.3074 0.8715
vn 0.0456 -0.5808 0.8128
vn 0.2801 -0.7463 0.6038
vn 0.5993 -0.7537 0.2698
vn -0.0751 -0.5896 0.8042
vn -0.7883 0.2400 0.5666
vn -0.6145 -0.1202 0.7797
vn -0.1289 -0.3405 0.9314
vn -0.4708 -0.0256 0.8818
vn -0.5337 0.1041 0.8392
vn 0.0283 -0.2993 0.9537
vn 0.0818 -0.5349 0.8409
vn 0.4447 -0.6117 0.6543
vn -0.4078 0.9131 -0.0014
vn -0.4344 0.8927 0.1199
vn -0.4343 0.8947 0.1044
vn -0.3620 0.9314 0.0388
vn -0.3088 0.9329 -0.1854
vn -0.2666 0.8878 -0.3753
vn -0.1456 0.7957 -0.5880
vn -0.2377 0.8698 -0.4324
vn -0.1055 0.6154 -0.7811
vn -0.1537 0.7249 -0.6714
vn -0.1968 0.9546 -0.2235
vn -0.2033 0.9091 -0.3637
vn -0.2803 0.9556 0.0907
vn 0.0339 0.7994 -0.5998
vn -0.2085 0.9644 -0.1627
vn -0.2292 0.9596 0.1632
vn -0.3698 0.7453 0.5548
vn 0.3548 0.2466 -0.9018
vn -0.0564 0.9690 -0.2406
vn 0.2403 0.6509 -0.7201
vn -0.2558 0.8309 -0.4941
vn -0.4799 0.7662 -0.4273
vn -0.0192 0.4707 -0.8821
vn -0.0388 0.5903 -0.8062
vn -0.3010 0.9326 -0.1993
vn -0.5132 0.8515 0.1073
vn 0.4078 -0.9131 0.0014
vn 0.4343 -0.8947 -0.1044
vn 0.4344 -0.8927 -0.1199
vn 0.3088 -0.9329 0.1854
vn 0.3620 -0.9314 -0.0388
vn 0.2666 -0.8878 0.3753
vn 0.2377 -0.8698 0.4324
vn 0.1456 -0.7957 0.5880
vn 0.1055 -0.6154 0.7811
vn 0.1538 -0.7249 0.6714
vn 0.1968 -0.9546 0.2235
vn 0.2803 -0.9556 -0.0907
vn 0.2033 -0.9091 0.3637
vn -0.0339 -0.7994 0.5999
vn 0.2085 -0.9644 0.1627
vn 0.2292 -0.9596 -0.1632
vn 0.3698 -0.7453 -0.5548
vn 0.0564 -0.9690 0.2406
vn -0.3548 -0.2466 0.9018
vn -0.2403 -0.6509 0.7201
vn 0.2559 -0.8309 0.4941
vn 0.0389 -0.5903 0.8062
vn 0.0193 -0.4708 0.8820
vn 0.4799 -0.7662 0.4273
vn 0.3010 -0.9326 0.1993
vn 0.5133 -0.8515 -0.1074
vn 0.0145 0.9038 0.4277
vn 0.0436 0.8475 0.5290
vn 0.0362 0.8560 0.5157
vn 0.0794 0.8974 0.4341
vn 0.0133 0.9721 0.2340
vn -0.0619 0.9964 0.0571
vn -0.1090 0.9744 -0.1964
vn -0.0774 0.9969 -0.0148
vn -0.2398 0.8851 -0.3989
vn -0.1832 0.9481 -0.2600
vn 0.0966 0.9852 0.1418
vn -0.0021 0.9996 0.0284
vn 0.1852 0.8843 0.4287
vn 0.0399 0.9443 -0.3267
vn 0.1244 0.9721 0.1986
vn 0.2670 0.8508 0.4527
vn 0.2628 0.5451 0.7961
vn -0.0593 0.4942 -0.8673
vn 0.2111 0.9770 0.0292
vn 0.0983 0.8148 -0.5714
vn -0.1391 0.9888 -0.0546
vn -0.3061 0.9437 0.1254
vn -0.2789 0.7784 -0.5625
vn -0.2080 0.8596 -0.4668
vn 0.0137 0.9755 0.2196
vn -0.0409 0.8331 0.5515
vn -0.0145 -0.9038 -0.4277
vn -0.0362 -0.8560 -0.5157
vn -0.0436 -0.8475 -0.5290
vn -0.0133 -0.9721 -0.2340
vn -0.0794 -0.8974 -0.4341
vn 0.0619 -0.9964 -0.0571
vn 0.0774 -0.9969 0.0148
vn 0.1090 -0.9744 0.1964
vn 0.2398 -0.8851 0.3990
vn 0.1832 -0.9481 0.2600
vn -0.0966 -0.9852 -0.1418
vn -0.1852 -0.8843 -0.4287
vn 0.0021 -0.9996 -0.0284
vn -0.0399 -0.9443 0.3267
vn -0.1244 -0.9721 -0.1986
vn -0.2670 -0.8508 -0.4527
vn -0.2628 -0.5451 -0.7961
vn -0.2111 -0.9770 -0.0292
vn 0.0593 -0.4942 0.8673
vn -0.0983 -0.8148 0.5714
vn 0.1391 -0.9888 0.0547
vn 0.2080 -0.8595 0.4669
vn 0.2788 -0.7784 0.5625
vn 0.3060 -0.9437 -0.1254
vn -0.0137 -0.9755 -0.2195
vn 0.0409 -0.8332 -0.5515
vn 0.1476 0.8925 -0.4261
vn 0.0468 0.9180 -0.3937
vn 0.0636 0.9131 -0.4028
vn 0.1622 0.9160 -0.3670
vn 0.3466 0.8335 -0.4303
vn 0.5043 0.7142 -0.4853
vn 0.6955 0.5307 -0.4845
vn 0.5754 0.6567 -0.4874
vn 0.7861 0.3047 -0.5378
vn 0.7113 0.4552 -0.5356
vn 0.4529 0.8232 -0.3424
vn 0.5528 0.7136 -0.4303
vn 0.1909 0.9465 -0.2600
vn 0.8287 0.4761 -0.2943
vn 0.4050 0.8608 -0.3082
vn 0.1637 0.9713 -0.1724
vn -0.2816 0.9527 -0.1145
vn 0.9714 -0.2170 -0.0960
vn 0.6212 0.7570 -0.2027
vn 0.9587 0.2527 -0.1307
vn 0.5816 0.6112 -0.5367
vn 0.3359 0.6373 -0.6935
vn 0.8576 0.1007 -0.5044
vn 0.8390 0.2500 -0.4832
vn 0.3632 0.8306 -0.4221
vn 0.0189 0.8860 -0.4633
vn -0.1476 -0.8925 0.4261
vn -0.0637 -0.9131 0.4028
vn -0.0468 -0.9180 0.3937
vn -0.3466 -0.8335 0.4303
vn -0.1622 -0.9160 0.3670
vn -0.5043 -0.7142 0.4854
vn -0.5754 -0.6567 0.4874
vn -0.6955 -0.5307 0.4845
vn -0.7860 -0.3047 0.5378
vn -0.7113 -0.4552 0.5356
vn -0.4530 -0.8231 0.3425
vn -0.1910 -0.9465 0.2600
vn -0.5528 -0.7136 0.4303
vn -0.8287 -0.4761 0.2943
vn -0.4051 -0.8608 0.3082
vn -0.1637 -0.9713 0.1724
vn 0.2816 -0.9527 0.1145
vn -0.6211 -0.7571 0.2027
vn -0.9714 0.2170 0.0960
vn -0.9587 -0.2526 0.1308
vn -0.5816 -0.6113 0.5367
vn -0.8390 -0.2500 0.4832
vn -0.8576 -0.1007 0.5044
vn -0.3359 -0.6373 0.6935
vn -0.3632 -0.8306 0.4221
vn -0.0189 -0.8860 0.4633
vn 0.6888 0.2591 -0.6771
vn 0.5949 0.3147 -0.7397
vn 0.6063 0.3055 -0.7342
vn 0.6789 0.3198 -0.6609
vn 0.8249 0.2001 -0.5287
vn 0.9127 0.0730 -0.4021
vn 0.9818 -0.0517 -0.1830
vn 0.9363 0.0412 -0.3488
vn 0.9675 -0.2529 -0.0076
vn 0.9801 -0.1485 -0.1314
vn 0.8701 0.2460 -0.4270
vn 0.9241 0.1256 -0.3610
vn 0.6677 0.4106 -0.6210
vn 0.9989 0.0382 -0.0281
vn 0.8384 0.2853 -0.4644
vn 0.6266 0.4880 -0.6077
vn 0.2067 0.5608 -0.8018
vn 0.7775 -0.2801 0.5630
vn 0.8972 0.3173 -0.3071
vn 0.9688 -0.0091 0.2476
vn 0.9450 -0.0299 -0.3257
vn 0.8442 -0.1391 -0.5176
vn 0.9236 -0.3495 0.1576
vn 0.9666 -0.2471 0.0676
vn 0.8338 0.1949 -0.5165
vn 0.5681 0.2427 -0.7863
vn -0.6888 -0.2591 0.6771
vn -0.6063 -0.3055 0.7342
vn -0.5949 -0.3147 0.7397
vn -0.8249 -0.2001 0.5287
vn -0.6789 -0.3198 0.6609
vn -0.9127 -0.0730 0.4021
vn -0.9363 -0.0411 0.3488
vn -0.9818 0.0517 0.1830
vn -0.9675 0.2529 0.0076
vn -0.9802 0.1485 0.1313
vn -0.8701 -0.2461 0.4270
vn -0.6676 -0.4106 0.6210
vn -0.9241 -0.1256 0.3610
vn -0.9989 -0.0383 0.0281
vn -0.8384 -0.2853 0.4644
vn -0.6264 -0.4880 0.6078
vn -0.2067 -0.5608 0.8018
vn -0.8973 -0.3173 0.3070
vn -0.7775 0.2802 -0.5631
vn -0.9688 0.0091 -0.2475
vn -0.9450 0.0299 0.3257
vn -0.9666 0.2471 -0.0677
vn -0.9236 0.3495 -0.1576
vn -0.8443 0.1390 0.5175
vn -0.8338 -0.1949 0.5165
vn -0.5682 -0.2427 0.7863
vn 0.6566 0.4537 -0.6025
vn 0.5764 0.4399 -0.6887
vn 0.5908 0.4391 -0.6769
vn 0.6116 0.5062 -0.6080
vn 0.7465 0.5079 -0.4299
vn 0.8367 0.4739 -0.2744
vn 0.8963 0.4426 -0.0284
vn 0.8616 0.4641 -0.2054
vn 0.9360 0.3033 0.1788
vn 0.9280 0.3711 0.0321
vn 0.7262 0.5964 -0.3420
vn 0.8123 0.5274 -0.2490
vn 0.5394 0.5926 -0.5983
vn 0.8133 0.5706 0.1140
vn 0.6894 0.6076 -0.3944
vn 0.4613 0.6458 -0.6084
vn 0.1486 0.4491 -0.8810
vn 0.6111 0.3008 0.7322
vn 0.6728 0.7025 -0.2321
vn 0.7219 0.5792 0.3787
vn 0.8979 0.4081 -0.1652
vn 0.9165 0.2271 -0.3294
vn 0.9061 0.2309 0.3545
vn 0.9125 0.3242 0.2496
vn 0.7524 0.5096 -0.4175
vn 0.6089 0.3569 -0.7084
vn -0.6567 -0.4537 0.6024
vn -0.5908 -0.4391 0.6769
vn -0.5764 -0.4399 0.6887
vn -0.7465 -0.5079 0.4299
vn -0.6116 -0.5062 0.6080
vn -0.8367 -0.4739 0.2744
vn -0.8616 -0.4641 0.2054
vn -0.8962 -0.4426 0.0284
vn -0.9360 -0.3033 -0.1787
vn -0.9280 -0.3711 -0.0320
vn -0.7262 -0.5964 0.3419
vn -0.5394 -0.5926 0.5983
vn -0.8123 -0.5274 0.2490
vn -0.8133 -0.5706 -0.1140
vn -0.6894 -0.6076 0.3944
vn -0.4613 -0.6459 0.6083
vn -0.1486 -0.4492 0.8810
vn -0.6728 -0.7025 0.2321
vn -0.6111 -0.3008 -0.7322
vn -0.7219 -0.5793 -0.3785
vn -0.8979 -0.4081 0.1652
vn -0.9125 -0.3242 -0.2496
vn -0.9061 -0.2309 -0.3545
vn -0.9164 -0.2271 0.3295
vn -0.7524 -0.5095 0.4175
vn -0.6089 -0.3570 0.7083
vn -0.1160 0.3455 -0.9312
vn -0.7763 0.2484 -0.5794
vn -0.4984 0.8652 -0.0541
vn -0.0300 0.9550 -0.2950
vn -0.9944 -0.0147 0.1042
vn -0.6491 0.6423 0.4076
vn -0.6295 -0.3057 0.7143
vn -0.3939 0.4168 0.8192
vn 0.1055 -0.4334 0.8950
vn 0.1176 0.3207 0.9398
vn 0.7782 -0.3115 0.5454
vn 0.5859 0.4103 0.6988
vn 0.9906 -0.0204 -0.1351
vn 0.7367 0.6332 0.2372
vn 0.6136 0.2481 -0.7496
vn 0.4816 0.8588 -0.1745
vn 0.0612 0.8908 0.4503
vn -0.1245 0.2575 -0.9582
vn -0.7781 0.1942 -0.5973
vn -0.9934 -0.0039 0.1149
vn -0.6161 -0.1920 0.7639
vn 0.1069 -0.2448 0.9637
vn 0.7722 -0.1986 0.6035
vn 0.9915 -0.0162 -0.1288
vn 0.6034 0.1840 -0.7759
vn -0.1076 0.3579 -0.9275
vn -0.7807 0.2538 -0.5710
vn -0.9931 -0.0355 0.1122
vn -0.6148 -0.3181 0.7217
vn 0.1135 -0.4547 0.8834
vn 0.7639 -0.4017 0.5050
vn 0.9759 -0.1362 -0.1706
vn 0.6221 0.1941 -0.7585
vn -0.0930 0.0358 -0.9950
vn -0.7286 -0.0791 -0.6803
vn -0.9158 -0.3961 -0.0669
vn -0.5487 -0.7170 0.4298
vn 0.0884 -0.8568 0.5080
vn 0.6175 -0.7578 0.2108
vn 0.8327 -0.4665 -0.2982
vn 0.5675 -0.1289 -0.8132
vn -0.1217 -0.0403 -0.9918
vn -0.7098 -0.1530 -0.6876
vn -0.8982 -0.4270 -0.1041
vn -0.5770 -0.7010 0.4190
vn 0.0672 -0.8147 0.5760
vn 0.6575 -0.7021 0.2732
vn 0.8473 -0.4291 -0.3130
vn 0.5238 -0.1549 -0.8376
vn -0.0608 -0.8926 -0.4468
vn 0.8683 0.3758 0.3237
vn 0.8997 0.3869 0.2023
vn 0.8978 0.3830 0.2173
vn 0.8518 0.4313 0.2974
vn 0.7688 0.3883 0.5081
vn 0.6726 0.3179 0.6682
vn 0.4828 0.2566 0.8373
vn 0.6285 0.3039 0.7160
vn 0.3056 0.0900 0.9479
vn 0.4302 0.1735 0.8859
vn 0.6883 0.4609 0.5603
vn 0.6390 0.3766 0.6707
vn 0.8133 0.5177 0.2655
vn 0.3443 0.3685 0.8635
vn 0.7149 0.4813 0.5071
vn 0.7901 0.5778 0.2045
vn 0.8434 0.4759 -0.2493
vn -0.2964 0.0827 0.9515
vn 0.5854 0.5536 0.5923
vn 0.0718 0.3539 0.9325
vn 0.6071 0.2440 0.7562
vn 0.7536 0.0808 0.6524
vn 0.1320 0.0091 0.9912
vn 0.2342 0.1059 0.9664
vn 0.7599 0.3881 0.5214
vn 0.9331 0.3041 0.1918
vn -0.8683 -0.3758 -0.3237
vn -0.8978 -0.3829 -0.2174
vn -0.8997 -0.3869 -0.2024
vn -0.7688 -0.3883 -0.5081
vn -0.8518 -0.4313 -0.2974
vn -0.6726 -0.3178 -0.6682
vn -0.6285 -0.3039 -0.7160
vn -0.4828 -0.2566 -0.8373
vn -0.3056 -0.0900 -0.9479
vn -0.4302 -0.1735 -0.8859
vn -0.6883 -0.4609 -0.5603
vn -0.8133 -0.5177 -0.2655
vn -0.6390 -0.3766 -0.6708
vn -0.3443 -0.3685 -0.8635
vn -0.7149 -0.4813 -0.5071
vn -0.7901 -0.5778 -0.2045
vn -0.8434 -0.4759 0.2493
vn -0.5854 -0.5536 -0.5923
vn 0.2964 -0.0827 -0.9515
vn -0.0719 -0.3540 -0.9325
vn -0.6071 -0.2440 -0.7562
vn -0.2342 -0.1059 -0.9664
vn -0.1320 -0.0091 -0.9912
vn -0.7536 -0.0809 -0.6523
vn -0.7600 -0.3882 -0.5213
vn -0.9331 -0.3041 -0.1918
vn -0.0742 0.0643 0.9952
vn 0.0414 0.0145 0.9990
vn 0.0261 0.0177 0.9995
vn -0.0272 0.1071 0.9939
vn -0.2399 0.1859 0.9528
vn -0.4201 0.2287 0.8782
vn -0.6097 0.3220 0.7243
vn -0.4716 0.2537 0.8445
vn -0.7925 0.3010 0.5305
vn -0.6929 0.2939 0.6585
vn -0.2595 0.2994 0.9182
vn -0.3986 0.2923 0.8693
vn 0.0370 0.1827 0.9825
vn -0.5924 0.4826 0.6451
vn -0.2015 0.2851 0.9371
vn 0.1167 0.2191 0.9687
vn 0.4821 -0.0579 0.8742
vn -0.8344 0.5510 -0.0156
vn -0.2538 0.4314 0.8657
vn -0.6766 0.6117 0.4099
vn -0.5352 0.2285 0.8132
vn -0.5051 -0.0071 0.8631
vn -0.8771 0.3239 0.3547
vn -0.8063 0.3513 0.4759
vn -0.2524 0.1945 0.9479
vn 0.0165 -0.0718 0.9973
vn 0.0742 -0.0643 -0.9952
vn -0.0261 -0.0177 -0.9995
vn -0.0414 -0.0145 -0.9990
vn 0.2399 -0.1859 -0.9528
vn 0.0272 -0.1071 -0.9939
vn 0.4201 -0.2286 -0.8782
vn 0.4716 -0.2537 -0.8445
vn 0.6097 -0.3220 -0.7243
vn 0.7925 -0.3010 -0.5305
vn 0.6929 -0.2939 -0.6585
vn 0.2596 -0.2994 -0.9181
vn -0.0370 -0.1827 -0.9825
vn 0.3986 -0.2923 -0.8693
vn 0.5924 -0.4826 -0.6451
vn 0.2014 -0.2851 -0.9371
vn -0.1167 -0.2191 -0.9687
vn -0.4821 0.0579 -0.8742
vn 0.2537 -0.4314 -0.8657
vn 0.8344 -0.5510 0.0156
vn 0.6766 -0.6117 -0.4098
vn 0.5352 -0.2285 -0.8132
vn 0.8063 -0.3513 -0.4759
vn 0.8770 -0.3240 -0.3547
vn 0.5050 0.0070 -0.8631
vn 0.2524 -0.1945 -0.9479
vn -0.0165 0.0718 -0.9973
vn 0.9174 0.3639 -0.1610
vn 0.8635 0.4150 -0.2866
vn 0.8663 0.4119 -0.2826
vn 0.8926 0.4117 -0.1837
vn 0.9511 0.3084 0.0193
vn 0.9598 0.1994 0.1973
vn 0.9027 0.0809 0.4225
vn 0.9535 0.1780 0.2430
vn 0.8089 -0.0944 0.5803
vn 0.8663 -0.0091 0.4994
vn 0.9395 0.3261 0.1051
vn 0.9529 0.2151 0.2136
vn 0.8642 0.4691 -0.1818
vn 0.8431 0.1416 0.5187
vn 0.9350 0.3493 0.0614
vn 0.8185 0.5225 -0.2391
vn 0.5524 0.5612 -0.6163
vn 0.3300 -0.2563 0.9085
vn 0.9108 0.3758 0.1709
vn 0.6597 0.0032 0.7515
vn 0.9498 0.1281 0.2853
vn 0.9868 0.0722 0.1451
vn 0.6675 -0.2178 0.7120
vn 0.7566 -0.1134 0.6440
vn 0.9536 0.2988 0.0385
vn 0.8514 0.3707 -0.3711
vn -0.9174 -0.3639 0.1611
vn -0.8663 -0.4118 0.2826
vn -0.8635 -0.4150 0.2866
vn -0.9511 -0.3084 -0.0193
vn -0.8926 -0.4117 0.1837
vn -0.9598 -0.1995 -0.1974
vn -0.9535 -0.1780 -0.2430
vn -0.9027 -0.0809 -0.4225
vn -0.8089 0.0944 -0.5804
vn -0.8663 0.0091 -0.4994
vn -0.9395 -0.3261 -0.1051
vn -0.8642 -0.4691 0.1818
vn -0.9529 -0.2151 -0.2136
vn -0.8431 -0.1416 -0.5187
vn -0.9350 -0.3493 -0.0614
vn -0.8185 -0.5224 0.2389
vn -0.5525 -0.5612 0.6162
vn -0.9108 -0.3758 -0.1710
vn -0.3300 0.2563 -0.9085
vn -0.6597 -0.0032 -0.7515
vn -0.9498 -0.1281 -0.2853
vn -0.7566 0.1134 -0.6440
vn -0.6675 0.2178 -0.7120
vn -0.9868 -0.0722 -0.1452
vn -0.9536 -0.2988 -0.0385
vn -0.8514 -0.3706 0.3711
vn -0.1687 -0.2244 0.9598
vn -0.0286 -0.2568 0.9660
vn -0.0348 -0.2572 0.9657
vn -0.1179 -0.1990 0.9729
vn -0.3421 -0.1481 0.9279
vn -0.5275 -0.1002 0.8436
vn -0.7175 -0.0004 0.6965
vn -0.5685 -0.0799 0.8188
vn -0.8691 0.0297 0.4937
vn -0.7971 0.0068 0.6039
vn -0.3883 -0.0721 0.9187
vn -0.5286 -0.0735 0.8457
vn -0.0766 -0.1489 0.9859
vn -0.7273 0.1285 0.6742
vn -0.3427 -0.0858 0.9355
vn 0.0116 -0.1346 0.9908
vn 0.4326 -0.2688 0.8606
vn -0.9418 0.3355 -0.0199
vn -0.3952 0.0164 0.9184
vn -0.8661 0.2699 0.4206
vn -0.6205 -0.0827 0.7798
vn -0.5707 -0.2296 0.7884
vn -0.9517 0.0937 0.2924
vn -0.8971 0.0811 0.4342
vn -0.3612 -0.1424 0.9215
vn 0.0126 -0.3383 0.9409
vn 0.1687 0.2244 -0.9598
vn 0.0348 0.2572 -0.9657
vn 0.0286 0.2568 -0.9660
vn 0.3421 0.1481 -0.9279
vn 0.1179 0.1990 -0.9729
vn 0.5275 0.1002 -0.8436
vn 0.5685 0.0799 -0.8188
vn 0.7175 0.0004 -0.6965
vn 0.8691 -0.0297 -0.4937
vn 0.7971 -0.0068 -0.6039
vn 0.3883 0.0721 -0.9187
vn 0.0766 0.1489 -0.9859
vn 0.5286 0.0735 -0.8456
vn 0.7273 -0.1285 -0.6742
vn 0.3427 0.0858 -0.9355
vn -0.0116 0.1346 -0.9908
vn -0.4326 0.2688 -0.8606
vn 0.3952 -0.0165 -0.9184
vn 0.9418 -0.3355 0.0200
vn 0.8661 -0.2699 -0.4206
vn 0.6205 0.0827 -0.7798
vn 0.8971 -0.0811 -0.4342
vn 0.9517 -0.0937 -0.2924
vn 0.5707 0.2296 -0.7884
vn 0.3612 0.1424 -0.9216
vn -0.0126 0.3383 -0.9409
vn -0.2816 0.6861 -0.6708
vn -0.4130 0.6623 -0.6251
vn -0.4072 0.6623 -0.6289
vn -0.3168 0.7083 -0.6308
vn -0.0920 0.7177 -0.6902
vn 0.1115 0.6889 -0.7162
vn 0.3632 0.6392 -0.6779
vn 0.1640 0.6832 -0.7116
vn 0.5736 0.4993 -0.6494
vn 0.4625 0.5732 -0.6764
vn -0.0190 0.7580 -0.6519
vn 0.1229 0.7087 -0.6947
vn -0.3362 0.7452 -0.5760
vn 0.4317 0.6941 -0.5761
vn -0.0702 0.7611 -0.6449
vn -0.4027 0.7527 -0.5209
vn -0.7709 0.5345 -0.3465
vn 0.9360 0.2593 -0.2381
vn 0.0252 0.8089 -0.5874
vn 0.6867 0.5828 -0.4345
vn 0.2197 0.6527 -0.7251
vn 0.1119 0.5682 -0.8152
vn 0.7369 0.3779 -0.5604
vn 0.6371 0.4831 -0.6006
vn -0.0721 0.7174 -0.6929
vn -0.4667 0.5932 -0.6560
vn 0.2815 -0.6861 0.6708
vn 0.4073 -0.6623 0.6289
vn 0.4131 -0.6623 0.6251
vn 0.0920 -0.7177 0.6902
vn 0.3168 -0.7083 0.6308
vn -0.1115 -0.6889 0.7162
vn -0.1640 -0.6832 0.7116
vn -0.3632 -0.6391 0.6779
vn -0.5737 -0.4993 0.6493
vn -0.4626 -0.5731 0.6764
vn 0.0191 -0.7580 0.6519
vn 0.3362 -0.7451 0.5760
vn -0.1229 -0.7088 0.6947
vn -0.4317 -0.6941 0.5761
vn 0.0700 -0.7610 0.6449
vn 0.4028 -0.7526 0.5208
vn 0.7710 -0.5344 0.3464
vn -0.0251 -0.8089 0.5874
vn -0.9360 -0.2594 0.2382
vn -0.6868 -0.5827 0.4345
vn -0.2197 -0.6527 0.7251
vn -0.6371 -0.4831 0.6006
vn -0.7369 -0.3780 0.5605
vn -0.1119 -0.5682 0.8152
vn 0.0721 -0.7175 0.6929
vn 0.4666 -0.5932 0.6560
vn -0.7576 0.6527 -0.0001
vn -0.8054 0.5852 0.0947
vn -0.8018 0.5921 0.0812
vn -0.7386 0.6716 0.0576
vn -0.6306 0.7664 -0.1226
vn -0.5204 0.8051 -0.2845
vn -0.3160 0.8384 -0.4441
vn -0.4716 0.8187 -0.3276
vn -0.1456 0.7594 -0.6341
vn -0.2671 0.8015 -0.5351
vn -0.5349 0.8379 -0.1082
vn -0.4800 0.8424 -0.2451
vn -0.6953 0.7047 0.1412
vn -0.1626 0.9095 -0.3825
vn -0.5666 0.8221 -0.0564
vn -0.6746 0.7023 0.2274
vn -0.8078 0.3348 0.4851
vn 0.4447 0.6414 -0.6252
vn -0.4180 0.9061 -0.0649
vn 0.1132 0.8933 -0.4349
vn -0.4518 0.7987 -0.3973
vn -0.6309 0.6402 -0.4383
vn 0.0216 0.6973 -0.7164
vn -0.0708 0.7696 -0.6346
vn -0.6199 0.7735 -0.1320
vn -0.8498 0.5252 0.0445
vn 0.7576 -0.6527 0.0001
vn 0.8018 -0.5921 -0.0812
vn 0.8054 -0.5851 -0.0947
vn 0.6306 -0.7664 0.1225
vn 0.7386 -0.6716 -0.0576
vn 0.5205 -0.8051 0.2845
vn 0.4717 -0.8187 0.3276
vn 0.3160 -0.8384 0.4440
vn 0.1456 -0.7594 0.6341
vn 0.2671 -0.8015 0.5351
vn 0.5349 -0.8379 0.1082
vn 0.6953 -0.7047 -0.1412
vn 0.4799 -0.8424 0.2451
vn 0.1627 -0.9096 0.3824
vn 0.5666 -0.8220 0.0564
vn 0.6746 -0.7023 -0.2274
vn 0.8078 -0.3350 -0.4851
vn 0.4179 -0.9062 0.0650
vn -0.4448 -0.6413 0.6252
vn -0.1133 -0.8933 0.4350
vn 0.4518 -0.7987 0.3973
vn 0.0707 -0.7696 0.6346
vn -0.0216 -0.6973 0.7164
vn 0.6310 -0.6402 0.4382
vn 0.6199 -0.7735 0.1320
vn 0.8498 -0.5252 -0.0446
vn 0.6574 0.6965 -0.2876
vn 0.5706 0.7324 -0.3714
vn 0.5829 0.7267 -0.3636
vn 0.6170 0.7406 -0.2661
vn 0.7568 0.6442 -0.1104
vn 0.8526 0.5224 0.0156
vn 0.9051 0.3652 0.2178
vn 0.8718 0.4853 0.0672
vn 0.9342 0.1262 0.3337
vn 0.9329 0.2629 0.2463
vn 0.7453 0.6666 0.0072
vn 0.8267 0.5588 0.0665
vn 0.5550 0.8027 -0.2185
vn 0.8347 0.3985 0.3800
vn 0.7114 0.7021 -0.0320
vn 0.4813 0.8513 -0.2091
vn 0.1489 0.8297 -0.5379
vn 0.6237 -0.1548 0.7662
vn 0.7019 0.6986 0.1387
vn 0.7523 0.2547 0.6076
vn 0.9047 0.4187 0.0787
vn 0.9236 0.3512 -0.1536
vn 0.8939 -0.0286 0.4474
vn 0.9094 0.1060 0.4021
vn 0.7633 0.6387 -0.0969
vn 0.5939 0.6755 -0.4369
vn -0.6574 -0.6965 0.2877
vn -0.5829 -0.7267 0.3636
vn -0.5706 -0.7324 0.3714
vn -0.7569 -0.6442 0.1104
vn -0.6170 -0.7406 0.2661
vn -0.8526 -0.5224 -0.0156
vn -0.8718 -0.4853 -0.0672
vn -0.9051 -0.3652 -0.2178
vn -0.9342 -0.1262 -0.3337
vn -0.9329 -0.2630 -0.2462
vn -0.7453 -0.6666 -0.0072
vn -0.5550 -0.8027 0.2185
vn -0.8267 -0.5587 -0.0665
vn -0.8347 -0.3985 -0.3800
vn -0.7114 -0.7021 0.0320
vn -0.4813 -0.8512 0.2090
vn -0.1489 -0.8297 0.5379
vn -0.7018 -0.6987 -0.1386
vn -0.6236 0.1548 -0.7662
vn -0.7524 -0.2548 -0.6075
vn -0.9047 -0.4186 -0.0787
vn -0.9094 -0.1060 -0.4021
vn -0.8939 0.0287 -0.4474
vn -0.9237 -0.3511 0.1535
vn -0.7633 -0.6387 0.0969
vn -0.5940 -0.6755 0.4369
vn 0.9738 0.2173 0.0668
vn 0.6896 0.3899 -0.6103
vn 0.2162 0.9596 -0.1798
vn 0.4120 0.8580 0.3068
vn 0.0079 0.3179 -0.9481
vn -0.2493 0.8696 -0.4261
vn -0.6708 0.0232 -0.7412
vn -0.7119 0.6406 -0.2879
vn -0.9477 -0.3018 -0.1034
vn -0.9004 0.4068 0.1540
vn -0.6640 -0.4550 0.5934
vn -0.7046 0.3051 0.6406
vn 0.0187 -0.3542 0.9350
vn -0.2391 0.3950 0.8870
vn 0.7003 -0.0775 0.7096
vn 0.2235 0.6241 0.7487
vn -0.3411 0.8832 0.3218
vn 0.9905 0.1336 0.0318
vn 0.7008 0.3370 -0.6288
vn -0.0016 0.3293 -0.9442
vn -0.7072 0.1330 -0.6944
vn -0.9923 -0.1152 -0.0443
vn -0.7067 -0.3385 0.6213
vn 0.0130 -0.3497 0.9368
vn 0.7195 -0.1383 0.6806
vn 0.9707 0.2269 0.0787
vn 0.6824 0.3978 -0.6132
vn -0.0028 0.2992 -0.9542
vn -0.6812 0.0081 -0.7320
vn -0.9398 -0.3261 -0.1022
vn -0.6337 -0.5410 0.5529
vn 0.0412 -0.4635 0.8852
vn 0.7014 -0.1322 0.7004
vn 0.9959 -0.0896 -0.0095
vn 0.7433 0.0530 -0.6668
vn 0.1206 -0.0903 -0.9886
vn -0.4501 -0.4309 -0.7821
vn -0.6165 -0.7519 -0.2336
vn -0.3710 -0.8728 0.3171
vn 0.1424 -0.7467 0.6498
vn 0.7217 -0.4255 0.5459
vn 0.9866 -0.1512 -0.0619
vn 0.7392 -0.0233 -0.6731
vn 0.1515 -0.1304 -0.9798
vn -0.4344 -0.4086 -0.8027
vn -0.6759 -0.6953 -0.2442
vn -0.4302 -0.8239 0.3690
vn 0.1600 -0.7185 0.6769
vn 0.7476 -0.4397 0.4979
vn 0.3373 -0.8845 -0.3223
vn -0.7028 0.3467 0.6211
vn -0.6419 0.2857 0.7116
vn -0.6529 0.2915 0.6991
vn -0.6520 0.3811 0.6555
vn -0.7470 0.4742 0.4660
vn -0.8054 0.5132 0.2966
vn -0.8126 0.5808 0.0491
vn -0.8152 0.5304 0.2325
vn -0.8218 0.5305 -0.2077
vn -0.8379 0.5438 -0.0476
vn -0.6979 0.5785 0.4223
vn -0.7671 0.5647 0.3046
vn -0.5689 0.4446 0.6919
vn -0.6923 0.7215 -0.0094
vn -0.6748 0.5610 0.4795
vn -0.4886 0.4716 0.7341
vn -0.2588 0.1310 0.9570
vn -0.4106 0.6450 -0.6445
vn -0.6104 0.6893 0.3903
vn -0.5535 0.7979 -0.2387
vn -0.8489 0.5030 0.1626
vn -0.9287 0.2903 0.2308
vn -0.7639 0.5180 -0.3848
vn -0.7823 0.5673 -0.2572
vn -0.7514 0.4797 0.4532
vn -0.6881 0.2046 0.6962
vn 0.7028 -0.3468 -0.6211
vn 0.6529 -0.2915 -0.6991
vn 0.6419 -0.2857 -0.7116
vn 0.7470 -0.4742 -0.4660
vn 0.6520 -0.3812 -0.6555
vn 0.8054 -0.5132 -0.2966
vn 0.8153 -0.5304 -0.2325
vn 0.8126 -0.5808 -0.0491
vn 0.8218 -0.5305 0.2077
vn 0.8379 -0.5438 0.0476
vn 0.6979 -0.5785 -0.4223
vn 0.5689 -0.4446 -0.6919
vn 0.7670 -0.5647 -0.3046
vn 0.6923 -0.7215 0.0093
vn 0.6748 -0.5610 -0.4795
vn 0.4886 -0.4716 -0.7341
vn 0.2587 -0.1310 -0.9570
vn 0.6104 -0.6893 -0.3903
vn 0.4106 -0.6451 0.6444
vn 0.5534 -0.7979 0.2388
vn 0.8489 -0.5030 -0.1626
vn 0.7823 -0.5673 0.2573
vn 0.7639 -0.5180 0.3849
vn 0.9287 -0.2903 -0.2308
vn 0.7514 -0.4796 -0.4532
vn 0.6881 -0.2047 -0.6962
vn -0.3709 0.1257 0.9201
vn -0.2535 0.1075 0.9614
vn -0.2685 0.1067 0.9573
vn -0.3363 0.1788 0.9246
vn -0.5399 0.1972 0.8183
vn -0.6956 0.1864 0.6938
vn -0.8484 0.2153 0.4836
vn -0.7394 0.1946 0.6445
vn -0.9580 0.1325 0.2543
vn -0.9007 0.1616 0.4033
vn -0.5733 0.2987 0.7630
vn -0.6871 0.2524 0.6813
vn -0.2899 0.2670 0.9191
vn -0.8449 0.3680 0.3884
vn -0.5214 0.3013 0.7984
vn -0.2196 0.3212 0.9212
vn 0.2092 0.1394 0.9679
vn -0.8944 0.3174 -0.3150
vn -0.5818 0.4230 0.6946
vn -0.8838 0.4515 0.1226
vn -0.7841 0.1516 0.6019
vn -0.7183 -0.0636 0.6928
vn -0.9911 0.1186 0.0613
vn -0.9662 0.1730 0.1911
vn -0.5520 0.2019 0.8090
vn -0.2570 0.0178 0.9662
vn 0.3709 -0.1257 -0.9201
vn 0.2685 -0.1067 -0.9573
vn 0.2535 -0.1075 -0.9614
vn 0.5399 -0.1972 -0.8183
vn 0.3363 -0.1788 -0.9246
vn 0.6956 -0.1864 -0.6938
vn 0.7395 -0.1946 -0.6445
vn 0.8484 -0.2153 -0.4836
vn 0.9580 -0.1325 -0.2543
vn 0.9007 -0.1617 -0.4034
vn 0.5733 -0.2987 -0.7629
vn 0.2899 -0.2670 -0.9191
vn 0.6871 -0.2524 -0.6813
vn 0.8449 -0.3680 -0.3883
vn 0.5214 -0.3013 -0.7984
vn 0.2197 -0.3213 -0.9212
vn -0.2092 -0.1394 -0.9679
vn 0.5819 -0.4230 -0.6946
vn 0.8944 -0.3174 0.3151
vn 0.8838 -0.4515 -0.1226
vn 0.7841 -0.1516 -0.6019
vn 0.9662 -0.1730 -0.1911
vn 0.9911 -0.1186 -0.0613
vn 0.7183 0.0636 -0.6928
vn 0.5520 -0.2019 -0.8090
vn 0.2570 -0.0178 -0.9662
vn -0.9649 0.2363 -0.1149
vn -0.9879 0.1537 -0.0228
vn -0.9862 0.1616 -0.0362
vn -0.9636 0.2613 -0.0564
vn -0.8894 0.3962 -0.2279
vn -0.7902 0.4820 -0.3785
vn -0.6055 0.6059 -0.5160
vn -0.7481 0.5166 -0.4165
vn -0.3964 0.6146 -0.6821
vn -0.5347 0.5959 -0.5992
vn -0.8390 0.5034 -0.2066
vn -0.7760 0.5333 -0.3366
vn -0.9503 0.3099 0.0298
vn -0.5096 0.7386 -0.4414
vn -0.8660 0.4745 -0.1580
vn -0.9412 0.3166 0.1177
vn -0.9235 -0.0732 0.3766
vn 0.1776 0.7781 -0.6026
vn -0.7718 0.6170 -0.1540
vn -0.2522 0.8501 -0.4623
vn -0.7132 0.5084 -0.4826
vn -0.7948 0.2860 -0.5353
vn -0.2108 0.6359 -0.7424
vn -0.3348 0.6577 -0.6748
vn -0.8821 0.4075 -0.2365
vn -0.9940 0.0804 -0.0746
vn 0.9649 -0.2363 0.1149
vn 0.9862 -0.1616 0.0362
vn 0.9879 -0.1537 0.0228
vn 0.8894 -0.3962 0.2280
vn 0.9636 -0.2613 0.0565
vn 0.7902 -0.4820 0.3785
vn 0.7481 -0.5166 0.4165
vn 0.6055 -0.6059 0.5160
vn 0.3964 -0.6146 0.6821
vn 0.5347 -0.5959 0.5992
vn 0.8390 -0.5034 0.2067
vn 0.9503 -0.3099 -0.0297
vn 0.7760 -0.5333 0.3366
vn 0.5096 -0.7386 0.4413
vn 0.8660 -0.4744 0.1579
vn 0.9412 -0.3166 -0.1177
vn 0.9235 0.0731 -0.3765
vn 0.7718 -0.6170 0.1540
vn -0.1776 -0.7780 0.6026
vn 0.2522 -0.8501 0.4623
vn 0.7132 -0.5084 0.4826
vn 0.3348 -0.6577 0.6748
vn 0.2108 -0.6360 0.7424
vn 0.7948 -0.2861 0.5353
vn 0.8820 -0.4075 0.2365
vn 0.9940 -0.0805 0.0746
vn 0.1000 0.0246 0.9947
vn 0.2361 0.0703 0.9692
vn 0.2315 0.0671 0.9705
vn 0.1310 0.0737 0.9886
vn -0.0884 -0.0104 0.9960
vn -0.2784 -0.0878 0.9564
vn -0.5086 -0.1461 0.8485
vn -0.3253 -0.0988 0.9404
vn -0.6752 -0.2561 0.6918
vn -0.5913 -0.2069 0.7794
vn -0.1696 0.0231 0.9852
vn -0.2918 -0.0684 0.9540
vn 0.1394 0.1368 0.9807
vn -0.5892 -0.0556 0.8061
vn -0.1232 0.0395 0.9916
vn 0.2076 0.1924 0.9591
vn 0.6143 0.2553 0.7466
vn -0.9646 -0.2053 0.1655
vn -0.2252 0.0887 0.9703
vn -0.8150 -0.0911 0.5722
vn -0.3728 -0.1379 0.9176
vn -0.2457 -0.2234 0.9433
vn -0.8043 -0.3066 0.5091
vn -0.7344 -0.2475 0.6320
vn -0.1088 -0.0172 0.9939
vn 0.3154 0.0197 0.9487
vn -0.1000 -0.0246 -0.9947
vn -0.2315 -0.0670 -0.9705
vn -0.2361 -0.0703 -0.9692
vn 0.0884 0.0104 -0.9960
vn -0.1311 -0.0737 -0.9886
vn 0.2784 0.0878 -0.9564
vn 0.3253 0.0988 -0.9404
vn 0.5086 0.1461 -0.8485
vn 0.6752 0.2561 -0.6918
vn 0.5913 0.2069 -0.7795
vn 0.1696 -0.0231 -0.9852
vn -0.1394 -0.1368 -0.9807
vn 0.2918 0.0684 -0.9540
vn 0.5893 0.0556 -0.8060
vn 0.1232 -0.0395 -0.9916
vn -0.2076 -0.1925 -0.9591
vn -0.6143 -0.2553 -0.7466
vn 0.2253 -0.0887 -0.9702
vn 0.9646 0.2053 -0.1655
vn 0.8151 0.0912 -0.5721
vn 0.3728 0.1379 -0.9176
vn 0.7344 0.2475 -0.6320
vn 0.8043 0.3066 -0.5091
vn 0.2456 0.2234 -0.9433
vn 0.1088 0.0172 -0.9939
vn -0.3154 -0.0197 -0.9488
vn -0.9549 -0.0093 -0.2969
vn -0.9809 -0.0831 -0.1761
vn -0.9799 -0.0815 -0.1821
vn -0.9704 0.0004 -0.2415
vn -0.8945 0.1123 -0.4328
vn -0.7846 0.2031 -0.5859
vn -0.6057 0.3343 -0.7221
vn -0.7529 0.2312 -0.6162
vn -0.3849 0.3794 -0.8414
vn -0.5044 0.3520 -0.7885
vn -0.8708 0.1967 -0.4507
vn -0.7831 0.2287 -0.5784
vn -0.9817 0.0362 -0.1871
vn -0.5667 0.4545 -0.6872
vn -0.8943 0.1719 -0.4132
vn -0.9948 0.0223 -0.0996
vn -0.9305 -0.2569 0.2611
vn 0.1674 0.6099 -0.7746
vn -0.8589 0.2816 -0.4277
vn -0.2833 0.5921 -0.7544
vn -0.7090 0.2392 -0.6634
vn -0.7411 0.0872 -0.6657
vn -0.1693 0.4347 -0.8845
vn -0.3168 0.4273 -0.8468
vn -0.8853 0.1227 -0.4485
vn -0.9708 -0.1764 -0.1625
vn 0.9549 0.0092 0.2969
vn 0.9799 0.0815 0.1821
vn 0.9809 0.0831 0.1761
vn 0.8945 -0.1123 0.4327
vn 0.9704 -0.0004 0.2415
vn 0.7845 -0.2031 0.5859
vn 0.7529 -0.2313 0.6162
vn 0.6057 -0.3342 0.7221
vn 0.3850 -0.3794 0.8413
vn 0.5045 -0.3519 0.7884
vn 0.8708 -0.1966 0.4506
vn 0.9817 -0.0362 0.1870
vn 0.7831 -0.2287 0.5783
vn 0.5668 -0.4544 0.6872
vn 0.8944 -0.1718 0.4130
vn 0.9948 -0.0222 0.0994
vn 0.9305 0.2569 -0.2611
vn 0.8588 -0.2817 0.4279
vn -0.1674 -0.6099 0.7746
vn 0.2838 -0.5920 0.7543
vn 0.7090 -0.2392 0.6634
vn 0.3168 -0.4273 0.8468
vn 0.1693 -0.4347 0.8845
vn 0.7412 -0.0872 0.6657
vn 0.8853 -0.1227 0.4485
vn 0.9708 0.1763 0.1624
vn 0.7777 0.6286 0.0062
vn 0.7446 0.6550 -0.1285
vn 0.7477 0.6526 -0.1228
vn 0.7450 0.6667 -0.0223
vn 0.7794 0.5950 0.1963
vn 0.7784 0.4995 0.3802
vn 0.7061 0.3789 0.5982
vn 0.7672 0.4782 0.4275
vn 0.6369 0.1855 0.7483
vn 0.6853 0.2858 0.6699
vn 0.7383 0.6154 0.2759
vn 0.7584 0.5177 0.3961
vn 0.6977 0.7157 -0.0321
vn 0.6047 0.4241 0.6741
vn 0.7375 0.6356 0.2283
vn 0.6518 0.7523 -0.0959
vn 0.4946 0.6917 -0.5263
vn 0.1610 -0.0910 0.9828
vn 0.6760 0.6589 0.3300
vn 0.4226 0.2606 0.8680
vn 0.7705 0.4298 0.4708
vn 0.8611 0.3712 0.3474
vn 0.5159 0.0339 0.8560
vn 0.5797 0.1577 0.7994
vn 0.7797 0.5880 0.2152
vn 0.7726 0.6026 -0.1997
vn -0.7777 -0.6286 -0.0061
vn -0.7477 -0.6526 0.1228
vn -0.7446 -0.6551 0.1285
vn -0.7794 -0.5950 -0.1963
vn -0.7450 -0.6667 0.0223
vn -0.7784 -0.4995 -0.3802
vn -0.7672 -0.4782 -0.4275
vn -0.7061 -0.3789 -0.5982
vn -0.6369 -0.1855 -0.7483
vn -0.6853 -0.2858 -0.6699
vn -0.7383 -0.6154 -0.2759
vn -0.6977 -0.7157 0.0320
vn -0.7584 -0.5177 -0.3961
vn -0.6047 -0.4241 -0.6741
vn -0.7375 -0.6356 -0.2283
vn -0.6518 -0.7523 0.0958
vn -0.4946 -0.6917 0.5262
vn -0.6760 -0.6589 -0.3299
vn -0.1610 0.0910 -0.9828
vn -0.4225 -0.2605 -0.8681
vn -0.7705 -0.4299 -0.4707
vn -0.5797 -0.1577 -0.7994
vn -0.5159 -0.0339 -0.8560
vn -0.8611 -0.3712 -0.3474
vn -0.7797 -0.5880 -0.2151
vn -0.7726 -0.6026 0.1997
vn 0.1661 0.8513 -0.4977
vn 0.0697 0.8178 -0.5713
vn 0.0836 0.8210 -0.5647
vn 0.1094 0.8718 -0.4775
vn 0.2865 0.8986 -0.3324
vn 0.4385 0.8750 -0.2052
vn 0.5769 0.8168 0.0090
vn 0.4772 0.8656 -0.1519
vn 0.7352 0.6596 0.1560
vn 0.6565 0.7527 0.0489
vn 0.2704 0.9373 -0.2196
vn 0.3997 0.9031 -0.1573
vn 0.0262 0.9018 -0.4313
vn 0.5075 0.8441 0.1727
vn 0.2209 0.9405 -0.2582
vn -0.0615 0.9062 -0.4183
vn -0.3457 0.6442 -0.6822
vn 0.6452 0.3631 0.6722
vn 0.2229 0.9707 -0.0899
vn 0.5261 0.7334 0.4306
vn 0.5412 0.8299 -0.1351
vn 0.5822 0.7322 -0.3534
vn 0.7899 0.5359 0.2983
vn 0.7285 0.6453 0.2298
vn 0.2955 0.9004 -0.3194
vn 0.1168 0.7681 -0.6296
vn -0.1661 -0.8513 0.4977
vn -0.0836 -0.8210 0.5647
vn -0.0697 -0.8178 0.5713
vn -0.2865 -0.8986 0.3324
vn -0.1094 -0.8718 0.4775
vn -0.4385 -0.8750 0.2051
vn -0.4772 -0.8656 0.1519
vn -0.5769 -0.8168 -0.0090
vn -0.7352 -0.6596 -0.1560
vn -0.6565 -0.7527 -0.0489
vn -0.2705 -0.9373 0.2196
vn -0.0262 -0.9018 0.4313
vn -0.3997 -0.9031 0.1573
vn -0.5075 -0.8441 -0.1727
vn -0.2209 -0.9405 0.2582
vn 0.0615 -0.9062 0.4183
vn 0.3457 -0.6443 0.6822
vn -0.2229 -0.9707 0.0899
vn -0.6452 -0.3631 -0.6722
vn -0.5262 -0.7333 -0.4307
vn -0.5412 -0.8299 0.1351
vn -0.7285 -0.6453 -0.2299
vn -0.7898 -0.5359 -0.2983
vn -0.5822 -0.7322 0.3534
vn -0.2955 -0.9004 0.3194
vn -0.1168 -0.7681 0.6296
vn -0.4058 0.8599 -0.3096
vn -0.5084 0.7996 -0.3197
vn -0.4934 0.8081 -0.3217
vn -0.4403 0.8612 -0.2539
vn -0.2330 0.9433 -0.2362
vn -0.0416 0.9725 -0.2291
vn 0.2068 0.9658 -0.1567
vn 0.0297 0.9769 -0.2115
vn 0.4479 0.8777 -0.1706
vn 0.2972 0.9356 -0.1907
vn -0.1878 0.9743 -0.1240
vn -0.0426 0.9855 -0.1640
vn -0.4823 0.8621 -0.1558
vn 0.2577 0.9655 0.0368
vn -0.2508 0.9603 -0.1222
vn -0.5395 0.8373 -0.0888
vn -0.8396 0.5062 -0.1969
vn 0.7940 0.5528 0.2529
vn -0.1377 0.9901 0.0281
vn 0.4532 0.8651 0.2151
vn 0.0930 0.9644 -0.2475
vn 0.0068 0.8839 -0.4676
vn 0.6137 0.7807 -0.1178
vn 0.4950 0.8620 -0.1089
vn -0.2203 0.9479 -0.2300
vn -0.4907 0.7729 -0.4024
vn 0.4058 -0.8599 0.3096
vn 0.4934 -0.8081 0.3217
vn 0.5084 -0.7996 0.3197
vn 0.2330 -0.9433 0.2362
vn 0.4403 -0.8612 0.2539
vn 0.0416 -0.9725 0.2291
vn -0.0297 -0.9769 0.2115
vn -0.2068 -0.9658 0.1567
vn -0.4479 -0.8777 0.1706
vn -0.2972 -0.9356 0.1907
vn 0.1878 -0.9744 0.1239
vn 0.4823 -0.8621 0.1558
vn 0.0426 -0.9855 0.1640
vn -0.2577 -0.9655 -0.0368
vn 0.2508 -0.9603 0.1222
vn 0.5394 -0.8374 0.0887
vn 0.8396 -0.5062 0.1969
vn 0.1376 -0.9901 -0.0281
vn -0.7940 -0.5528 -0.2528
vn -0.4530 -0.8652 -0.2151
vn -0.0930 -0.9644 0.2475
vn -0.4950 -0.8620 0.1089
vn -0.6137 -0.7807 0.1178
vn -0.0068 -0.8839 0.4676
vn 0.2203 -0.9479 0.2300
vn 0.4907 -0.7729 0.4024
vn 0.2998 0.9362 0.1836
vn 0.3151 0.9460 0.0763
vn 0.3159 0.9439 0.0959
vn 0.2399 0.9563 0.1671
vn 0.2160 0.9033 0.3707
vn 0.1974 0.8099 0.5524
vn 0.1148 0.6524 0.7491
vn 0.1686 0.7621 0.6251
vn 0.1264 0.4449 0.8866
vn 0.1549 0.5840 0.7968
vn 0.0902 0.8992 0.4282
vn 0.1265 0.8108 0.5715
vn 0.1308 0.9813 0.1413
vn -0.1137 0.5995 0.7922
vn 0.0802 0.9275 0.3651
vn 0.0640 0.9951 0.0751
vn 0.2106 0.9157 -0.3422
vn -0.3422 -0.0840 0.9359
vn -0.1085 0.8435 0.5260
vn -0.3140 0.3815 0.8694
vn 0.2108 0.7220 0.6590
vn 0.4600 0.7298 0.5058
vn 0.0683 0.2494 0.9660
vn 0.0549 0.3929 0.9179
vn 0.2014 0.9018 0.3823
vn 0.3904 0.9166 0.0868
vn -0.2998 -0.9362 -0.1837
vn -0.3159 -0.9439 -0.0959
vn -0.3151 -0.9460 -0.0763
vn -0.2160 -0.9033 -0.3707
vn -0.2399 -0.9563 -0.1672
vn -0.1974 -0.8098 -0.5525
vn -0.1686 -0.7621 -0.6251
vn -0.1148 -0.6524 -0.7491
vn -0.1264 -0.4449 -0.8866
vn -0.1550 -0.5840 -0.7968
vn -0.0903 -0.8992 -0.4282
vn -0.1308 -0.9813 -0.1413
vn -0.1265 -0.8108 -0.5715
vn 0.1137 -0.5996 -0.7922
vn -0.0802 -0.9275 -0.3651
vn -0.0640 -0.9951 -0.0751
vn -0.2106 -0.9157 0.3423
vn 0.1084 -0.8435 -0.5260
vn 0.3422 0.0840 -0.9359
vn 0.3140 -0.3816 -0.8694
vn -0.2108 -0.7220 -0.6590
vn -0.0549 -0.3929 -0.9179
vn -0.0683 -0.2494 -0.9660
vn -0.4600 -0.7298 -0.5058
vn -0.2014 -0.9018 -0.3823
vn -0.3903 -0.9166 -0.0868
vn 0.2952 0.3990 0.8681
vn 0.3920 0.4473 0.8039
vn 0.3822 0.4392 0.8130
vn 0.2840 0.4564 0.8432
vn 0.1028 0.3456 0.9327
vn -0.0473 0.2206 0.9742
vn -0.2720 0.0879 0.9583
vn -0.1050 0.1877 0.9766
vn -0.4190 -0.1273 0.8990
vn -0.3158 -0.0123 0.9487
vn -0.0091 0.3884 0.9215
vn -0.0901 0.2707 0.9584
vn 0.2516 0.5415 0.8022
vn -0.4199 0.1662 0.8922
vn 0.0377 0.4263 0.9038
vn 0.2566 0.6117 0.7483
vn 0.6158 0.6467 0.4501
vn -0.8450 -0.2254 0.4850
vn -0.1299 0.4523 0.8824
vn -0.6525 0.0928 0.7521
vn -0.1282 0.1166 0.9849
vn 0.0903 0.0118 0.9958
vn -0.5457 -0.2420 0.8023
vn -0.4861 -0.1278 0.8645
vn 0.0880 0.3406 0.9361
vn 0.4469 0.3766 0.8114
vn -0.2951 -0.3990 -0.8682
vn -0.3823 -0.4393 -0.8130
vn -0.3920 -0.4473 -0.8039
vn -0.1028 -0.3456 -0.9327
vn -0.2839 -0.4564 -0.8432
vn 0.0473 -0.2206 -0.9742
vn 0.1050 -0.1877 -0.9766
vn 0.2720 -0.0879 -0.9583
vn 0.4190 0.1272 -0.8990
vn 0.3158 0.0123 -0.9488
vn 0.0092 -0.3883 -0.9215
vn -0.2516 -0.5415 -0.8022
vn 0.0901 -0.2707 -0.9584
vn 0.4199 -0.1662 -0.8922
vn -0.0377 -0.4263 -0.9038
vn -0.2566 -0.6117 -0.7483
vn -0.6159 -0.6467 -0.4500
vn 0.1299 -0.4523 -0.8824
vn 0.8450 0.2253 -0.4851
vn 0.6525 -0.0929 -0.7521
vn 0.1282 -0.1166 -0.9849
vn 0.4861 0.1279 -0.8645
vn 0.5456 0.2420 -0.8023
vn -0.0904 -0.0118 -0.9958
vn -0.0880 -0.3406 -0.9361
vn -0.4470 -0.3766 -0.8114
vn 0.2391 0.5812 0.7778
vn 0.3523 0.5645 0.7465
vn 0.3353 0.5646 0.7542
vn 0.2632 0.6278 0.7325
vn 0.0437 0.6318 0.7739
vn -0.1351 0.5967 0.7910
vn -0.3813 0.5530 0.7408
vn -0.2078 0.5845 0.7843
vn -0.5820 0.4031 0.7063
vn -0.4482 0.4813 0.7533
vn -0.0277 0.7095 0.7041
vn -0.1480 0.6445 0.7502
vn 0.2850 0.7033 0.6512
vn -0.4742 0.6573 0.5858
vn 0.0354 0.7203 0.6928
vn 0.3278 0.7470 0.5784
vn 0.7147 0.5356 0.4499
vn -0.9329 0.3139 0.1764
vn -0.1042 0.7985 0.5929
vn -0.6706 0.6324 0.3876
vn -0.2589 0.5304 0.8073
vn -0.1168 0.3674 0.9227
vn -0.7247 0.3133 0.6137
vn -0.6353 0.4150 0.6513
vn 0.0300 0.6332 0.7734
vn 0.3569 0.4884 0.7963
vn -0.2392 -0.5812 -0.7778
vn -0.3354 -0.5646 -0.7541
vn -0.3523 -0.5645 -0.7465
vn -0.0437 -0.6318 -0.7739
vn -0.2632 -0.6278 -0.7325
vn 0.1351 -0.5967 -0.7910
vn 0.2078 -0.5845 -0.7843
vn 0.3812 -0.5530 -0.7408
vn 0.5819 -0.4031 -0.7063
vn 0.4482 -0.4813 -0.7533
vn 0.0276 -0.7095 -0.7041
vn -0.2851 -0.7033 -0.6512
vn 0.1480 -0.6445 -0.7502
vn 0.4742 -0.6573 -0.5858
vn -0.0355 -0.7203 -0.6928
vn -0.3279 -0.7469 -0.5784
vn -0.7147 -0.5356 -0.4499
vn 0.1042 -0.7985 -0.5929
vn 0.9329 -0.3140 -0.1765
vn 0.6706 -0.6325 -0.3877
vn 0.2588 -0.5304 -0.8073
vn 0.6353 -0.4150 -0.6513
vn 0.7247 -0.3133 -0.6137
vn 0.1168 -0.3674 -0.9227
vn -0.0300 -0.6332 -0.7734
vn -0.3569 -0.4883 -0.7963
vn 0.8635 -0.3862 -0.3245
vn 0.3033 -0.4860 -0.8196
vn 0.3065 0.3686 -0.8776
vn 0.7079 0.4590 -0.5368
vn -0.4436 -0.3248 -0.8353
vn -0.2222 0.4452 -0.8674
vn -0.9395 -0.0060 -0.3425
vn -0.5686 0.6437 -0.5122
vn -0.8838 0.2993 0.3595
vn -0.5296 0.8480 -0.0201
vn -0.3082 0.4225 0.8524
vn -0.1280 0.9385 0.3206
vn 0.4486 0.2803 0.8486
vn 0.4006 0.8620 0.3105
vn 0.9320 -0.0614 0.3573
vn 0.7469 0.6634 -0.0446
vn 0.1246 0.9128 -0.3889
vn 0.8367 -0.4663 -0.2872
vn 0.2888 -0.5351 -0.7939
vn -0.4463 -0.3104 -0.8393
vn -0.9154 0.1079 -0.3879
vn -0.8407 0.4718 0.2659
vn -0.2981 0.5335 0.7915
vn 0.4461 0.2873 0.8476
vn 0.9162 -0.1255 0.3807
vn 0.8700 -0.3721 -0.3235
vn 0.2978 -0.4788 -0.8258
vn -0.4601 -0.3337 -0.8228
vn -0.9463 -0.0042 -0.3233
vn -0.8828 0.2806 0.3768
vn -0.3277 0.3302 0.8852
vn 0.4119 0.1732 0.8946
vn 0.9143 -0.1008 0.3923
vn 0.7634 -0.6290 -0.1469
vn 0.2319 -0.7548 -0.6137
vn -0.4766 -0.6622 -0.5782
vn -0.8982 -0.4333 -0.0739
vn -0.8034 -0.2373 0.5460
vn -0.3317 -0.1521 0.9310
vn 0.2919 -0.1868 0.9380
vn 0.7727 -0.3767 0.5110
vn 0.7118 -0.6900 -0.1317
vn 0.2064 -0.8027 -0.5596
vn -0.4570 -0.6998 -0.5490
vn -0.8917 -0.4399 -0.1068
vn -0.8428 -0.1743 0.5093
vn -0.3378 -0.0600 0.9393
vn 0.3278 -0.1648 0.9303
vn 0.7629 -0.4262 0.4860
vn -0.1281 -0.9117 0.3904
vn -0.1273 0.9525 0.2768
vn -0.0435 0.9293 0.3667
vn -0.0578 0.9324 0.3568
vn -0.0594 0.9632 0.2620
vn -0.2176 0.9716 0.0931
vn -0.3487 0.9368 -0.0303
vn -0.4755 0.8478 -0.2348
vn -0.3879 0.9181 -0.0813
vn -0.6382 0.6824 -0.3564
vn -0.5585 0.7869 -0.2624
vn -0.1774 0.9839 -0.0229
vn -0.3011 0.9509 -0.0718
vn 0.0423 0.9746 0.2199
vn -0.3782 0.8338 -0.4022
vn -0.1314 0.9911 0.0215
vn 0.1362 0.9683 0.2093
vn 0.3594 0.7490 0.5566
vn -0.5268 0.2804 -0.8024
vn -0.0986 0.9846 -0.1443
vn -0.3770 0.6766 -0.6326
vn -0.4603 0.8824 -0.0977
vn -0.5377 0.8344 0.1213
vn -0.6939 0.5453 -0.4704
vn -0.6253 0.6555 -0.4234
vn -0.2268 0.9705 0.0819
vn -0.1086 0.8975 0.4273
vn 0.1273 -0.9525 -0.2768
vn 0.0578 -0.9324 -0.3568
vn 0.0435 -0.9293 -0.3667
vn 0.2176 -0.9716 -0.0931
vn 0.0594 -0.9632 -0.2620
vn 0.3486 -0.9368 0.0303
vn 0.3879 -0.9181 0.0813
vn 0.4755 -0.8478 0.2348
vn 0.6382 -0.6824 0.3564
vn 0.5585 -0.7869 0.2625
vn 0.1773 -0.9839 0.0228
vn -0.0423 -0.9746 -0.2199
vn 0.3011 -0.9509 0.0719
vn 0.3782 -0.8338 0.4022
vn 0.1314 -0.9911 -0.0215
vn -0.1362 -0.9683 -0.2094
vn -0.3594 -0.7490 -0.5566
vn 0.0985 -0.9846 0.1442
vn 0.5268 -0.2804 0.8024
vn 0.3770 -0.6766 0.6326
vn 0.4602 -0.8824 0.0976
vn 0.6253 -0.6555 0.4234
vn 0.6938 -0.5453 0.4703
vn 0.5376 -0.8344 -0.1213
vn 0.2268 -0.9705 -0.0819
vn 0.1086 -0.8975 -0.4274
vn 0.2484 0.7897 0.5609
vn 0.3602 0.7339 0.5759
vn 0.3458 0.7398 0.5771
vn 0.2915 0.8050 0.5167
vn 0.0751 0.8748 0.4787
vn -0.1204 0.8893 0.4411
vn -0.3516 0.8799 0.3194
vn -0.1806 0.8926 0.4132
vn -0.5865 0.7669 0.2605
vn -0.4509 0.8332 0.3203
vn 0.0427 0.9261 0.3748
vn -0.1045 0.9182 0.3820
vn 0.3468 0.8297 0.4374
vn -0.3645 0.9199 0.1445
vn 0.1042 0.9173 0.3843
vn 0.4170 0.8241 0.3833
vn 0.7389 0.4929 0.4594
vn -0.8077 0.5344 -0.2489
vn 0.0283 0.9702 0.2405
vn -0.5230 0.8489 -0.0769
vn -0.2503 0.8684 0.4281
vn -0.2001 0.7481 0.6327
vn -0.7236 0.6722 0.1567
vn -0.6183 0.7621 0.1922
vn 0.0615 0.8795 0.4718
vn 0.3382 0.6834 0.6470
vn -0.2484 -0.7897 -0.5609
vn -0.3458 -0.7398 -0.5771
vn -0.3602 -0.7339 -0.5759
vn -0.0751 -0.8748 -0.4787
vn -0.2915 -0.8050 -0.5167
vn 0.1205 -0.8893 -0.4411
vn 0.1806 -0.8926 -0.4132
vn 0.3517 -0.8799 -0.3194
vn 0.5865 -0.7669 -0.2605
vn 0.4509 -0.8332 -0.3203
vn -0.0427 -0.9261 -0.3748
vn -0.3468 -0.8297 -0.4374
vn 0.1045 -0.9182 -0.3820
vn 0.3645 -0.9199 -0.1445
vn -0.1042 -0.9173 -0.3843
vn -0.4170 -0.8241 -0.3833
vn -0.7389 -0.4929 -0.4594
vn -0.0283 -0.9702 -0.2405
vn 0.8077 -0.5344 0.2489
vn 0.5230 -0.8489 0.0769
vn 0.2503 -0.8684 -0.4281
vn 0.6183 -0.7621 -0.1922
vn 0.7236 -0.6722 -0.1567
vn 0.2002 -0.7481 -0.6327
vn -0.0615 -0.8795 -0.4718
vn -0.3382 -0.6835 -0.6470
vn -0.7721 0.6337 -0.0477
vn -0.7593 0.6462 0.0769
vn -0.7635 0.6428 0.0622
vn -0.7324 0.6802 -0.0300
vn -0.7360 0.6274 -0.2543
vn -0.7200 0.5416 -0.4339
vn -0.6196 0.4375 -0.6517
vn -0.6992 0.5182 -0.4925
vn -0.5439 0.2330 -0.8062
vn -0.6121 0.3457 -0.7112
vn -0.6579 0.6761 -0.3318
vn -0.6729 0.5878 -0.4491
vn -0.6620 0.7493 -0.0151
vn -0.4694 0.5049 -0.7244
vn -0.6593 0.7003 -0.2739
vn -0.6042 0.7961 0.0333
vn -0.5414 0.6873 0.4842
vn -0.0040 0.0490 -0.9988
vn -0.5473 0.7361 -0.3981
vn -0.2495 0.4151 -0.8749
vn -0.7103 0.4572 -0.5352
vn -0.8588 0.3385 -0.3845
vn -0.4248 0.1073 -0.8989
vn -0.4804 0.2283 -0.8468
vn -0.7321 0.6255 -0.2697
vn -0.8109 0.5765 0.1005
vn 0.7721 -0.6337 0.0477
vn 0.7635 -0.6428 -0.0622
vn 0.7593 -0.6462 -0.0769
vn 0.7360 -0.6274 0.2543
vn 0.7324 -0.6802 0.0300
vn 0.7200 -0.5416 0.4339
vn 0.6993 -0.5181 0.4925
vn 0.6196 -0.4375 0.6517
vn 0.5439 -0.2330 0.8062
vn 0.6121 -0.3457 0.7112
vn 0.6578 -0.6761 0.3319
vn 0.6620 -0.7493 0.0151
vn 0.6729 -0.5878 0.4491
vn 0.4694 -0.5049 0.7244
vn 0.6593 -0.7003 0.2739
vn 0.6042 -0.7962 -0.0332
vn 0.5414 -0.6873 -0.4842
vn 0.5474 -0.7362 0.3980
vn 0.0040 -0.0491 0.9988
vn 0.2494 -0.4150 0.8750
vn 0.7103 -0.4572 0.5352
vn 0.4804 -0.2283 0.8468
vn 0.4249 -0.1074 0.8989
vn 0.8589 -0.3384 0.3845
vn 0.7321 -0.6255 0.2697
vn 0.8109 -0.5765 -0.1005
vn 0.6391 0.4992 0.5851
vn 0.7442 0.4357 0.5064
vn 0.7404 0.4371 0.5106
vn 0.6724 0.5084 0.5380
vn 0.4816 0.5861 0.6516
vn 0.2898 0.6254 0.7244
vn 0.0328 0.6623 0.7485
vn 0.2410 0.6367 0.7325
vn -0.2137 0.6045 0.7674
vn -0.0863 0.6346 0.7680
vn 0.4194 0.6471 0.6367
vn 0.2827 0.6436 0.7112
vn 0.6901 0.5381 0.4840
vn -0.0327 0.7409 0.6708
vn 0.4638 0.6341 0.6186
vn 0.7457 0.5216 0.4145
vn 0.9658 0.2123 0.1489
vn -0.7239 0.5147 0.4594
vn 0.3830 0.7111 0.5896
vn -0.3510 0.7207 0.5978
vn 0.1811 0.6274 0.7574
vn 0.2754 0.5161 0.8110
vn -0.4301 0.5478 0.7176
vn -0.2918 0.6111 0.7358
vn 0.4626 0.5923 0.6596
vn 0.7833 0.3482 0.5150
vn -0.6391 -0.4992 -0.5851
vn -0.7404 -0.4371 -0.5106
vn -0.7441 -0.4357 -0.5064
vn -0.4816 -0.5861 -0.6516
vn -0.6724 -0.5084 -0.5380
vn -0.2899 -0.6254 -0.7244
vn -0.2410 -0.6367 -0.7325
vn -0.0328 -0.6623 -0.7485
vn 0.2136 -0.6045 -0.7674
vn 0.0862 -0.6346 -0.7680
vn -0.4194 -0.6471 -0.6367
vn -0.6900 -0.5381 -0.4840
vn -0.2826 -0.6437 -0.7112
vn 0.0327 -0.7409 -0.6708
vn -0.4639 -0.6341 -0.6186
vn -0.7458 -0.5216 -0.4144
vn -0.9658 -0.2124 -0.1489
vn -0.3830 -0.7111 -0.5896
vn 0.7239 -0.5147 -0.4594
vn 0.3510 -0.7207 -0.5978
vn -0.1811 -0.6274 -0.7574
vn 0.2918 -0.6111 -0.7358
vn 0.4301 -0.5478 -0.7176
vn -0.2754 -0.5162 -0.8110
vn -0.4627 -0.5923 -0.6596
vn -0.7833 -0.3482 -0.5150
vn -0.9256 0.3781 0.0201
vn -0.8970 0.4132 0.1567
vn -0.8992 0.4104 0.1516
vn -0.9047 0.4230 0.0509
vn -0.9235 0.3444 -0.1689
vn -0.8992 0.2541 -0.3561
vn -0.8009 0.1585 -0.5774
vn -0.8841 0.2368 -0.4029
vn -0.6810 -0.0047 -0.7322
vn -0.7532 0.0755 -0.6535
vn -0.8940 0.3730 -0.2484
vn -0.8876 0.2731 -0.3709
vn -0.8746 0.4811 0.0606
vn -0.7212 0.2291 -0.6538
vn -0.8978 0.3915 -0.2015
vn -0.8397 0.5276 0.1287
vn -0.6562 0.5155 0.5511
vn -0.1490 -0.1421 -0.9786
vn -0.8510 0.4309 -0.3002
vn -0.5000 0.1154 -0.8583
vn -0.8736 0.1909 -0.4477
vn -0.9376 0.1146 -0.3284
vn -0.5203 -0.1174 -0.8459
vn -0.6183 -0.0172 -0.7858
vn -0.9224 0.3369 -0.1886
vn -0.9043 0.3576 0.2331
vn 0.9256 -0.3781 -0.0201
vn 0.8992 -0.4104 -0.1517
vn 0.8970 -0.4132 -0.1567
vn 0.9235 -0.3444 0.1690
vn 0.9047 -0.4230 -0.0509
vn 0.8992 -0.2541 0.3562
vn 0.8841 -0.2368 0.4029
vn 0.8009 -0.1585 0.5774
vn 0.6810 0.0047 0.7322
vn 0.7532 -0.0755 0.6535
vn 0.8940 -0.3730 0.2484
vn 0.8746 -0.4811 -0.0606
vn 0.8876 -0.2731 0.3709
vn 0.7212 -0.2291 0.6538
vn 0.8978 -0.3915 0.2014
vn 0.8397 -0.5276 -0.1287
vn 0.6562 -0.5155 -0.5510
vn 0.8510 -0.4308 0.3003
vn 0.1490 0.1421 0.9786
vn 0.5000 -0.1154 0.8583
vn 0.8736 -0.1909 0.4477
vn 0.6183 0.0172 0.7858
vn 0.5204 0.1174 0.8458
vn 0.9376 -0.1146 0.3284
vn 0.9224 -0.3369 0.1886
vn 0.9043 -0.3576 -0.2331
vn 0.7748 -0.0543 -0.6299
vn 0.6799 -0.0925 -0.7274
vn 0.6850 -0.0926 -0.7227
vn 0.7422 -0.0277 -0.6696
vn 0.8737 0.0276 -0.4857
vn 0.9519 0.0694 -0.2985
vn 0.9863 0.1551 -0.0561
vn 0.9641 0.0884 -0.2505
vn 0.9676 0.1574 0.1975
vn 0.9869 0.1488 0.0630
vn 0.8904 0.1068 -0.4425
vn 0.9493 0.1007 -0.2980
vn 0.7112 0.0241 -0.7026
vn 0.9591 0.2821 -0.0212
vn 0.8681 0.0937 -0.4874
vn 0.6483 0.0381 -0.7605
vn 0.2691 -0.1435 -0.9524
vn 0.6526 0.3868 0.6515
vn 0.8817 0.1986 -0.4281
vn 0.8824 0.3912 0.2613
vn 0.9789 0.0804 -0.1878
vn 0.9679 -0.0746 -0.2402
vn 0.8943 0.1919 0.4042
vn 0.9438 0.2009 0.2624
vn 0.8827 0.0333 -0.4687
vn 0.6498 -0.1794 -0.7387
vn -0.7747 0.0544 0.6299
vn -0.6850 0.0926 0.7227
vn -0.6799 0.0925 0.7274
vn -0.8737 -0.0275 0.4858
vn -0.7422 0.0277 0.6696
vn -0.9519 -0.0694 0.2985
vn -0.9641 -0.0884 0.2505
vn -0.9863 -0.1551 0.0561
vn -0.9676 -0.1574 -0.1975
vn -0.9869 -0.1488 -0.0630
vn -0.8904 -0.1068 0.4425
vn -0.7112 -0.0241 0.7026
vn -0.9492 -0.1007 0.2980
vn -0.9591 -0.2821 0.0212
vn -0.8681 -0.0937 0.4874
vn -0.6482 -0.0380 0.7605
vn -0.2691 0.1435 0.9524
vn -0.8817 -0.1986 0.4281
vn -0.6525 -0.3869 -0.6516
vn -0.8825 -0.3912 -0.2610
vn -0.9789 -0.0804 0.1878
vn -0.9438 -0.2009 -0.2624
vn -0.8943 -0.1919 -0.4042
vn -0.9679 0.0746 0.2401
vn -0.8827 -0.0333 0.4688
vn -0.6497 0.1794 0.7387
vn 0.0632 0.1576 -0.9855
vn -0.0625 0.1520 -0.9864
vn -0.0470 0.1497 -0.9876
vn 0.0345 0.2136 -0.9763
vn 0.2624 0.2079 -0.9423
vn 0.4482 0.1758 -0.8765
vn 0.6629 0.1776 -0.7274
vn 0.5062 0.1770 -0.8441
vn 0.8320 0.0705 -0.5503
vn 0.7326 0.1144 -0.6709
vn 0.3219 0.3023 -0.8972
vn 0.4508 0.2413 -0.8594
vn 0.0015 0.3047 -0.9524
vn 0.7057 0.3231 -0.6306
vn 0.2619 0.3115 -0.9135
vn -0.0598 0.3645 -0.9293
vn -0.4966 0.2222 -0.8391
vn 0.9753 0.2205 0.0149
vn 0.3646 0.4205 -0.8308
vn 0.8369 0.3846 -0.3895
vn 0.5576 0.1276 -0.8202
vn 0.4448 -0.0746 -0.8925
vn 0.9243 0.0407 -0.3796
vn 0.8643 0.1057 -0.4918
vn 0.2772 0.2110 -0.9374
vn -0.0697 0.0629 -0.9956
vn -0.0633 -0.1577 0.9855
vn 0.0470 -0.1497 0.9876
vn 0.0625 -0.1520 0.9864
vn -0.2624 -0.2079 0.9423
vn -0.0345 -0.2136 0.9763
vn -0.4482 -0.1758 0.8765
vn -0.5062 -0.1770 0.8441
vn -0.6629 -0.1776 0.7274
vn -0.8320 -0.0705 0.5503
vn -0.7326 -0.1144 0.6709
vn -0.3219 -0.3023 0.8972
vn -0.0015 -0.3048 0.9524
vn -0.4508 -0.2413 0.8594
vn -0.7057 -0.3231 0.6306
vn -0.2619 -0.3115 0.9135
vn 0.0598 -0.3646 0.9293
vn 0.4965 -0.2222 0.8391
vn -0.3646 -0.4205 0.8308
vn -0.9753 -0.2205 -0.0149
vn -0.8370 -0.3846 0.3893
vn -0.5576 -0.1276 0.8202
vn -0.8643 -0.1057 0.4918
vn -0.9243 -0.0407 0.3796
vn -0.4448 0.0746 0.8925
vn -0.2772 -0.2110 0.9374
vn 0.0697 -0.0629 0.9956
vn -0.2839 0.5919 -0.7544
vn -0.3858 0.6079 -0.6940
vn -0.3729 0.6035 -0.7048
vn -0.2800 0.6427 -0.7131
vn -0.0855 0.5844 -0.8069
vn 0.0775 0.4970 -0.8643
vn 0.3133 0.3904 -0.8657
vn 0.1450 0.4685 -0.8715
vn 0.4754 0.1909 -0.8588
vn 0.3588 0.3017 -0.8833
vn 0.0204 0.6388 -0.7691
vn 0.1162 0.5409 -0.8330
vn -0.2586 0.7205 -0.6434
vn 0.4615 0.4664 -0.7547
vn -0.0321 0.6671 -0.7443
vn -0.2726 0.7745 -0.5708
vn -0.6522 0.6835 -0.3277
vn 0.9064 0.0240 -0.4217
vn 0.1486 0.7026 -0.6959
vn 0.6913 0.3900 -0.6083
vn 0.1721 0.4051 -0.8980
vn -0.0385 0.2850 -0.9577
vn 0.6127 0.0654 -0.7876
vn 0.5434 0.1880 -0.8182
vn -0.0708 0.5834 -0.8091
vn -0.4243 0.5364 -0.7296
vn 0.2839 -0.5919 0.7544
vn 0.3729 -0.6035 0.7048
vn 0.3858 -0.6079 0.6940
vn 0.0855 -0.5844 0.8069
vn 0.2800 -0.6427 0.7131
vn -0.0775 -0.4970 0.8643
vn -0.1450 -0.4685 0.8715
vn -0.3133 -0.3904 0.8657
vn -0.4754 -0.1909 0.8588
vn -0.3589 -0.3016 0.8833
vn -0.0204 -0.6388 0.7691
vn 0.2585 -0.7205 0.6434
vn -0.1162 -0.5409 0.8330
vn -0.4614 -0.4664 0.7547
vn 0.0321 -0.6671 0.7443
vn 0.2726 -0.7745 0.5708
vn 0.6522 -0.6835 0.3277
vn -0.1487 -0.7025 0.6960
vn -0.9064 -0.0240 0.4217
vn -0.6912 -0.3901 0.6083
vn -0.1721 -0.4051 0.8979
vn -0.5434 -0.1880 0.8182
vn -0.6127 -0.0654 0.7876
vn 0.0385 -0.2850 0.9577
vn 0.0708 -0.5834 0.8091
vn 0.4243 -0.5364 0.7296
vn 0.5694 0.5042 -0.6493
vn 0.5242 0.4431 -0.7273
vn 0.5352 0.4521 -0.7136
vn 0.5176 0.5418 -0.6622
vn 0.5990 0.6336 -0.4897
vn 0.6625 0.6857 -0.3016
vn 0.6678 0.7431 -0.0428
vn 0.6684 0.7123 -0.2142
vn 0.7028 0.6837 0.1966
vn 0.7095 0.7041 0.0299
vn 0.5301 0.7341 -0.4243
vn 0.6170 0.7371 -0.2755
vn 0.4227 0.6054 -0.6744
vn 0.4974 0.8645 0.0716
vn 0.4940 0.7230 -0.4830
vn 0.3362 0.6160 -0.7124
vn 0.2008 0.2565 -0.9455
vn 0.2287 0.6530 0.7220
vn 0.4132 0.8667 -0.2795
vn 0.3281 0.8869 0.3253
vn 0.7109 0.6820 -0.1717
vn 0.8254 0.4611 -0.3258
vn 0.6530 0.6399 0.4051
vn 0.6507 0.7096 0.2702
vn 0.5935 0.6474 -0.4783
vn 0.5826 0.3877 -0.7143
vn -0.5694 -0.5042 0.6493
vn -0.5352 -0.4521 0.7136
vn -0.5242 -0.4431 0.7273
vn -0.5990 -0.6336 0.4897
vn -0.5176 -0.5418 0.6622
vn -0.6625 -0.6857 0.3016
vn -0.6684 -0.7123 0.2142
vn -0.6678 -0.7431 0.0429
vn -0.7028 -0.6837 -0.1966
vn -0.7095 -0.7041 -0.0300
vn -0.5301 -0.7342 0.4243
vn -0.4227 -0.6054 0.6744
vn -0.6170 -0.7371 0.2755
vn -0.4974 -0.8645 -0.0716
vn -0.4940 -0.7230 0.4829
vn -0.3362 -0.6160 0.7124
vn -0.2008 -0.2565 0.9455
vn -0.4132 -0.8667 0.2795
vn -0.2287 -0.6530 -0.7220
vn -0.3281 -0.8868 -0.3254
vn -0.7109 -0.6820 0.1717
vn -0.6507 -0.7096 -0.2702
vn -0.6530 -0.6399 -0.4051
vn -0.8254 -0.4611 0.3258
vn -0.5935 -0.6474 0.4783
vn -0.5826 -0.3877 0.7143
vn 0.8153 0.5490 0.1842
vn 0.8682 0.4885 0.0874
vn 0.8635 0.4941 0.1013
vn 0.8065 0.5772 0.1278
vn 0.6854 0.6613 0.3050
vn 0.5588 0.6927 0.4561
vn 0.3390 0.7307 0.5926
vn 0.5062 0.7067 0.4943
vn 0.1366 0.6502 0.7474
vn 0.2744 0.6890 0.6708
vn 0.6007 0.7453 0.2893
vn 0.5282 0.7393 0.4176
vn 0.7788 0.6256 0.0450
vn 0.2040 0.8274 0.5233
vn 0.6374 0.7322 0.2399
vn 0.7700 0.6366 -0.0425
vn 0.8977 0.2907 -0.3311
vn -0.4560 0.6079 0.6500
vn 0.4987 0.8323 0.2420
vn -0.0766 0.8389 0.5389
vn 0.4750 0.6808 0.5576
vn 0.6289 0.4975 0.5975
vn -0.0458 0.5994 0.7991
vn 0.0640 0.6694 0.7402
vn 0.6743 0.6684 0.3139
vn 0.8987 0.4178 0.1336
vn -0.8153 -0.5490 -0.1842
vn -0.8635 -0.4941 -0.1012
vn -0.8682 -0.4885 -0.0874
vn -0.6854 -0.6613 -0.3050
vn -0.8065 -0.5772 -0.1278
vn -0.5587 -0.6927 -0.4561
vn -0.5062 -0.7067 -0.4943
vn -0.3390 -0.7307 -0.5926
vn -0.1366 -0.6502 -0.7474
vn -0.2744 -0.6890 -0.6708
vn -0.6007 -0.7453 -0.2892
vn -0.7788 -0.6256 -0.0450
vn -0.5283 -0.7393 -0.4176
vn -0.2040 -0.8274 -0.5233
vn -0.6374 -0.7322 -0.2399
vn -0.7700 -0.6366 0.0425
vn -0.8977 -0.2907 0.3311
vn -0.4988 -0.8323 -0.2419
vn 0.4559 -0.6079 -0.6500
vn 0.0767 -0.8388 -0.5390
vn -0.4750 -0.6808 -0.5577
vn -0.0640 -0.6694 -0.7402
vn 0.0459 -0.5994 -0.7992
vn -0.6289 -0.4975 -0.5975
vn -0.6743 -0.6684 -0.3139
vn -0.8987 -0.4177 -0.1337
vn 0.7651 0.6439 0.0026
vn 0.8334 0.5519 -0.0282
vn 0.8242 0.5659 -0.0200
vn 0.7704 0.6342 -0.0659
vn 0.6202 0.7845 0.0030
vn 0.4791 0.8743 0.0774
vn 0.2451 0.9607 0.1301
vn 0.4147 0.9047 0.0976
vn 0.0298 0.9644 0.2627
vn 0.1813 0.9617 0.2057
vn 0.5437 0.8350 -0.0842
vn 0.4579 0.8888 0.0187
vn 0.7610 0.6239 -0.1781
vn 0.1105 0.9935 -0.0260
vn 0.5902 0.7994 -0.1125
vn 0.7651 0.5866 -0.2654
vn 0.9489 0.1659 -0.2684
vn -0.5655 0.8217 0.0703
vn 0.4428 0.8729 -0.2047
vn -0.1616 0.9827 -0.0908
vn 0.3737 0.9131 0.1632
vn 0.5108 0.7946 0.3282
vn -0.1570 0.9404 0.3018
vn -0.0402 0.9722 0.2305
vn 0.6093 0.7929 0.0045
vn 0.8461 0.5297 0.0592
vn -0.7651 -0.6439 -0.0026
vn -0.8242 -0.5659 0.0200
vn -0.8334 -0.5519 0.0282
vn -0.6201 -0.7845 -0.0030
vn -0.7704 -0.6342 0.0659
vn -0.4791 -0.8743 -0.0774
vn -0.4147 -0.9047 -0.0976
vn -0.2451 -0.9607 -0.1301
vn -0.0298 -0.9644 -0.2627
vn -0.1813 -0.9617 -0.2057
vn -0.5437 -0.8351 0.0842
vn -0.7610 -0.6239 0.1781
vn -0.4579 -0.8888 -0.0187
vn -0.1105 -0.9935 0.0260
vn -0.5901 -0.7995 0.1125
vn -0.7650 -0.5867 0.2655
vn -0.9489 -0.1659 0.2685
vn -0.4428 -0.8729 0.2048
vn 0.5655 -0.8217 -0.0703
vn 0.1618 -0.9826 0.0907
vn -0.3737 -0.9131 -0.1632
vn 0.0402 -0.9722 -0.2305
vn 0.1570 -0.9404 -0.3018
vn -0.5108 -0.7946 -0.3282
vn -0.6093 -0.7929 -0.0045
vn -0.8462 -0.5296 -0.0592
vn -0.0493 -0.3546 -0.9337
vn -0.7175 -0.3791 -0.5844
vn -0.6600 0.4755 -0.5816
vn -0.1919 0.5136 -0.8363
vn -0.9720 -0.2049 0.1149
vn -0.8253 0.5589 -0.0805
vn -0.6468 0.0548 0.7607
vn -0.5911 0.7148 0.3737
vn 0.0636 0.2642 0.9624
vn -0.0943 0.8520 0.5149
vn 0.7380 0.3119 0.5984
vn 0.3738 0.8903 0.2602
vn 0.9804 0.1589 -0.1162
vn 0.5392 0.8069 -0.2410
vn 0.6492 -0.1234 -0.7506
vn 0.3049 0.6510 -0.6952
vn -0.1998 0.9538 -0.2245
vn -0.0345 -0.4383 -0.8981
vn -0.7049 -0.4308 -0.5634
vn -0.9749 -0.1901 0.1163
vn -0.6658 0.1731 0.7258
vn 0.0141 0.4465 0.8947
vn 0.6993 0.4298 0.5712
vn 0.9795 0.1661 -0.1140
vn 0.6571 -0.1898 -0.7295
vn -0.0444 -0.3408 -0.9391
vn -0.7242 -0.3711 -0.5812
vn -0.9673 -0.2150 0.1344
vn -0.6311 0.0540 0.7739
vn 0.0776 0.2432 0.9669
vn 0.7497 0.2164 0.6254
vn 0.9965 0.0474 -0.0691
vn 0.6704 -0.1667 -0.7231
vn 0.0492 -0.6169 -0.7855
vn -0.5859 -0.6714 -0.4539
vn -0.7884 -0.5725 0.2251
vn -0.4381 -0.4048 0.8026
vn 0.1956 -0.2935 0.9357
vn 0.7287 -0.2675 0.6304
vn 0.9485 -0.3132 0.0475
vn 0.6955 -0.4534 -0.5574
vn 0.0375 -0.6785 -0.7336
vn -0.5506 -0.7256 -0.4127
vn -0.7593 -0.6139 0.2157
vn -0.4672 -0.4071 0.7849
vn 0.1559 -0.2256 0.9617
vn 0.7461 -0.1772 0.6418
vn 0.9567 -0.2909 0.0118
vn 0.6626 -0.4991 -0.5584
vn 0.2001 -0.9528 0.2283
vn 0.3351 0.9099 0.2447
vn 0.4448 0.8737 0.1967
vn 0.4311 0.8783 0.2068
vn 0.3465 0.9214 0.1762
vn 0.1356 0.9544 0.2658
vn -0.0292 0.9383 0.3445
vn -0.2748 0.8791 0.3895
vn -0.0927 0.9272 0.3630
vn -0.4657 0.7339 0.4945
vn -0.3373 0.8237 0.4558
vn 0.0436 0.9812 0.1881
vn -0.0494 0.9570 0.2860
vn 0.3444 0.9365 0.0666
vn -0.3979 0.8856 0.2395
vn 0.1018 0.9817 0.1607
vn 0.3667 0.9300 -0.0253
vn 0.7386 0.6634 -0.1200
vn -0.8926 0.3921 0.2226
vn -0.0414 0.9965 0.0720
vn -0.6316 0.7600 0.1534
vn -0.1377 0.8951 0.4240
vn 0.0324 0.8201 0.5713
vn -0.6086 0.6138 0.5028
vn -0.5269 0.7158 0.4583
vn 0.1218 0.9550 0.2705
vn 0.4743 0.8353 0.2779
vn -0.3352 -0.9099 -0.2446
vn -0.4311 -0.8783 -0.2067
vn -0.4449 -0.8737 -0.1967
vn -0.1356 -0.9544 -0.2658
vn -0.3465 -0.9214 -0.1762
vn 0.0292 -0.9383 -0.3445
vn 0.0927 -0.9272 -0.3630
vn 0.2748 -0.8791 -0.3895
vn 0.4657 -0.7339 -0.4945
vn 0.3373 -0.8237 -0.4558
vn -0.0437 -0.9812 -0.1881
vn -0.3444 -0.9364 -0.0666
vn 0.0494 -0.9570 -0.2860
vn 0.3980 -0.8856 -0.2396
vn -0.1016 -0.9817 -0.1608
vn -0.3666 -0.9300 0.0253
vn -0.7386 -0.6634 0.1200
vn 0.0414 -0.9965 -0.0720
vn 0.8926 -0.3921 -0.2226
vn 0.6315 -0.7600 -0.1534
vn 0.1377 -0.8951 -0.4240
vn 0.5269 -0.7158 -0.4583
vn 0.6086 -0.6139 -0.5028
vn -0.0324 -0.8201 -0.5713
vn -0.1219 -0.9550 -0.2705
vn -0.4744 -0.8353 -0.2778
vn 0.7091 0.7049 -0.0134
vn 0.7549 0.6458 -0.1146
vn 0.7518 0.6517 -0.1005
vn 0.6850 0.7253 -0.0686
vn 0.5832 0.8030 0.1229
vn 0.4820 0.8256 0.2935
vn 0.2870 0.8361 0.4674
vn 0.4354 0.8334 0.3403
vn 0.1358 0.7357 0.6635
vn 0.2471 0.7913 0.5593
vn 0.4821 0.8680 0.1187
vn 0.4364 0.8617 0.2588
vn 0.6340 0.7592 -0.1474
vn 0.1253 0.8990 0.4197
vn 0.5112 0.8570 0.0641
vn 0.6076 0.7596 -0.2321
vn 0.7480 0.4159 -0.5173
vn -0.4442 0.5759 0.6863
vn 0.3581 0.9296 0.0867
vn -0.1446 0.8602 0.4890
vn 0.4218 0.8087 0.4100
vn 0.6137 0.6617 0.4307
vn -0.0207 0.6578 0.7530
vn 0.0606 0.7404 0.6694
vn 0.5727 0.8088 0.1334
vn 0.8066 0.5868 -0.0707
vn -0.7091 -0.7049 0.0134
vn -0.7517 -0.6518 0.1005
vn -0.7549 -0.6458 0.1146
vn -0.5832 -0.8029 -0.1229
vn -0.6851 -0.7252 0.0687
vn -0.4820 -0.8256 -0.2935
vn -0.4354 -0.8334 -0.3403
vn -0.2870 -0.8361 -0.4674
vn -0.1358 -0.7358 -0.6635
vn -0.2471 -0.7913 -0.5593
vn -0.4821 -0.8680 -0.1187
vn -0.6340 -0.7592 0.1474
vn -0.4364 -0.8617 -0.2588
vn -0.1253 -0.8989 -0.4197
vn -0.5112 -0.8571 -0.0641
vn -0.6076 -0.7596 0.2320
vn -0.7480 -0.4158 0.5173
vn -0.3581 -0.9296 -0.0867
vn 0.4442 -0.5759 -0.6863
vn 0.1446 -0.8602 -0.4890
vn -0.4218 -0.8087 -0.4100
vn -0.0606 -0.7404 -0.6694
vn 0.0207 -0.6578 -0.7530
vn -0.6137 -0.6617 -0.4306
vn -0.5727 -0.8088 -0.1334
vn -0.8066 -0.5868 0.0708
vn -0.2322 0.6473 0.7260
vn -0.1106 0.6431 0.7578
vn -0.1261 0.6417 0.7565
vn -0.1960 0.6904 0.6964
vn -0.4122 0.6676 0.6200
vn -0.5844 0.6058 0.5399
vn -0.7649 0.5296 0.3668
vn -0.6346 0.5899 0.4993
vn -0.9081 0.3459 0.2358
vn -0.8293 0.4462 0.3363
vn -0.4507 0.7247 0.5213
vn -0.5761 0.6529 0.4919
vn -0.1487 0.7558 0.6377
vn -0.7712 0.6034 0.2028
vn -0.3943 0.7410 0.5435
vn -0.0776 0.7949 0.6018
vn 0.3489 0.6267 0.6968
vn -0.9221 0.1798 -0.3427
vn -0.4657 0.7911 0.3966
vn -0.8457 0.5304 -0.0585
vn -0.6859 0.5353 0.4930
vn -0.6132 0.4003 0.6810
vn -0.9688 0.2316 0.0882
vn -0.9243 0.3456 0.1621
vn -0.4254 0.6676 0.6110
vn -0.1156 0.5718 0.8122
vn 0.2323 -0.6473 -0.7260
vn 0.1261 -0.6417 -0.7565
vn 0.1106 -0.6431 -0.7578
vn 0.4122 -0.6676 -0.6200
vn 0.1960 -0.6904 -0.6964
vn 0.5844 -0.6058 -0.5399
vn 0.6346 -0.5899 -0.4993
vn 0.7649 -0.5296 -0.3668
vn 0.9081 -0.3459 -0.2358
vn 0.8293 -0.4462 -0.3362
vn 0.4506 -0.7247 -0.5213
vn 0.1487 -0.7558 -0.6377
vn 0.5761 -0.6529 -0.4918
vn 0.7712 -0.6034 -0.2028
vn 0.3942 -0.7411 -0.5435
vn 0.0776 -0.7949 -0.6018
vn -0.3488 -0.6267 -0.6968
vn 0.4658 -0.7911 -0.3965
vn 0.9221 -0.1798 0.3427
vn 0.8457 -0.5305 0.0584
vn 0.6859 -0.5353 -0.4930
vn 0.9243 -0.3456 -0.1621
vn 0.9688 -0.2316 -0.0882
vn 0.6132 -0.4003 -0.6810
vn 0.4254 -0.6676 -0.6110
vn 0.1156 -0.5718 -0.8122
vn 0.8306 0.4073 -0.3798
vn 0.7860 0.3529 -0.5076
vn 0.7888 0.3538 -0.5026
vn 0.7997 0.4220 -0.4271
vn 0.8485 0.4873 -0.2065
vn 0.8542 0.5200 -0.0002
vn 0.7915 0.5576 0.2501
vn 0.8460 0.5309 0.0486
vn 0.7155 0.5020 0.4858
vn 0.7645 0.5296 0.3675
vn 0.8208 0.5508 -0.1516
vn 0.8417 0.5399 0.0025
vn 0.7596 0.4583 -0.4616
vn 0.7067 0.6468 0.2868
vn 0.8179 0.5395 -0.2000
vn 0.7123 0.4501 -0.5386
vn 0.5028 0.1748 -0.8465
vn 0.2399 0.4619 0.8539
vn 0.7726 0.6210 -0.1319
vn 0.5253 0.6417 0.5588
vn 0.8470 0.5194 0.1132
vn 0.9154 0.4005 0.0402
vn 0.5864 0.4559 0.6695
vn 0.6598 0.5139 0.5483
vn 0.8501 0.4928 -0.1857
vn 0.7964 0.2644 -0.5439
vn -0.8306 -0.4073 0.3798
vn -0.7888 -0.3538 0.5026
vn -0.7860 -0.3529 0.5076
vn -0.8485 -0.4873 0.2065
vn -0.7997 -0.4220 0.4271
vn -0.8542 -0.5200 0.0003
vn -0.8460 -0.5309 -0.0487
vn -0.7915 -0.5576 -0.2501
vn -0.7155 -0.5020 -0.4858
vn -0.7645 -0.5296 -0.3676
vn -0.8208 -0.5508 0.1515
vn -0.7596 -0.4583 0.4616
vn -0.8417 -0.5399 -0.0025
vn -0.7067 -0.6468 -0.2868
vn -0.8179 -0.5395 0.2000
vn -0.7123 -0.4502 0.5385
vn -0.5029 -0.1748 0.8465
vn -0.7727 -0.6210 0.1320
vn -0.2399 -0.4619 -0.8539
vn -0.5252 -0.6417 -0.5590
vn -0.8470 -0.5194 -0.1132
vn -0.6598 -0.5139 -0.5482
vn -0.5864 -0.4559 -0.6696
vn -0.9154 -0.4005 -0.0403
vn -0.8501 -0.4928 0.1857
vn -0.7964 -0.2644 0.5439
vn -0.2559 0.3875 0.8856
vn -0.1146 0.4040 0.9076
vn -0.1204 0.4019 0.9077
vn -0.2142 0.4277 0.8782
vn -0.4350 0.3789 0.8168
vn -0.6119 0.3136 0.7261
vn -0.7952 0.2463 0.5541
vn -0.6522 0.3024 0.6951
vn -0.9181 0.1028 0.3829
vn -0.8598 0.1732 0.4803
vn -0.4947 0.4172 0.7624
vn -0.6190 0.3342 0.7107
vn -0.1872 0.4835 0.8551
vn -0.8292 0.3249 0.4549
vn -0.4503 0.4295 0.7828
vn -0.1059 0.5201 0.8475
vn 0.3486 0.4496 0.8224
vn -0.9786 -0.0100 -0.2057
vn -0.5204 0.4807 0.7058
vn -0.9565 0.2353 0.1728
vn -0.6960 0.2626 0.6683
vn -0.6175 0.1724 0.7675
vn -0.9819 0.0034 0.1893
vn -0.9475 0.0965 0.3050
vn -0.4537 0.3742 0.8088
vn -0.0534 0.3389 0.9393
vn 0.2559 -0.3875 -0.8856
vn 0.1205 -0.4019 -0.9077
vn 0.1146 -0.4040 -0.9076
vn 0.4350 -0.3789 -0.8168
vn 0.2143 -0.4277 -0.8782
vn 0.6118 -0.3136 -0.7262
vn 0.6522 -0.3024 -0.6951
vn 0.7952 -0.2463 -0.5541
vn 0.9181 -0.1029 -0.3829
vn 0.8598 -0.1732 -0.4803
vn 0.4947 -0.4172 -0.7624
vn 0.1872 -0.4835 -0.8551
vn 0.6190 -0.3342 -0.7107
vn 0.8291 -0.3250 -0.4550
vn 0.4501 -0.4295 -0.7829
vn 0.1057 -0.5201 -0.8476
vn -0.3487 -0.4496 -0.8224
vn 0.5203 -0.4807 -0.7059
vn 0.9786 0.0099 0.2057
vn 0.9564 -0.2354 -0.1730
vn 0.6960 -0.2626 -0.6683
vn 0.9475 -0.0964 -0.3050
vn 0.9819 -0.0034 -0.1893
vn 0.6174 -0.1724 -0.7675
vn 0.4538 -0.3741 -0.8088
vn 0.0534 -0.3389 -0.9393
vn -0.3211 0.0159 -0.9469
vn -0.4496 -0.0074 -0.8932
vn -0.4434 -0.0083 -0.8963
vn -0.3659 0.0480 -0.9294
vn -0.1422 0.0765 -0.9869
vn 0.0643 0.0921 -0.9937
vn 0.3124 0.1447 -0.9389
vn 0.1155 0.1044 -0.9878
vn 0.5415 0.1140 -0.8330
vn 0.4222 0.1227 -0.8981
vn -0.0859 0.1491 -0.9851
vn 0.0679 0.1231 -0.9901
vn -0.4005 0.1043 -0.9103
vn 0.3516 0.2664 -0.8974
vn -0.1371 0.1424 -0.9803
vn -0.4745 0.1268 -0.8711
vn -0.8085 -0.0217 -0.5881
vn 0.8824 0.2870 -0.3727
vn -0.0639 0.2383 -0.9691
vn 0.6008 0.3387 -0.7241
vn 0.1779 0.0880 -0.9801
vn 0.1055 -0.0586 -0.9927
vn 0.7122 0.1222 -0.6912
vn 0.5990 0.1489 -0.7868
vn -0.1225 0.0798 -0.9893
vn -0.4818 -0.0917 -0.8715
vn 0.3210 -0.0160 0.9469
vn 0.4435 0.0083 0.8963
vn 0.4496 0.0074 0.8932
vn 0.1422 -0.0765 0.9869
vn 0.3659 -0.0481 0.9294
vn -0.0643 -0.0921 0.9937
vn -0.1156 -0.1044 0.9878
vn -0.3124 -0.1447 0.9389
vn -0.5415 -0.1140 0.8329
vn -0.4224 -0.1228 0.8981
vn 0.0859 -0.1491 0.9851
vn 0.4005 -0.1043 0.9103
vn -0.0679 -0.1231 0.9901
vn -0.3517 -0.2664 0.8974
vn 0.1371 -0.1424 0.9803
vn 0.4746 -0.1268 0.8710
vn 0.8084 0.0217 0.5882
vn 0.0639 -0.2383 0.9691
vn -0.8824 -0.2870 0.3727
vn -0.6013 -0.3387 0.7237
vn -0.1780 -0.0880 0.9801
vn -0.5991 -0.1489 0.7867
vn -0.7122 -0.1222 0.6912
vn -0.1054 0.0586 0.9927
vn 0.1225 -0.0798 0.9893
vn 0.4818 0.0917 0.8715
vn -0.8722 0.2846 -0.3977
vn -0.9177 0.2813 -0.2804
vn -0.9138 0.2789 -0.2954
vn -0.8666 0.3394 -0.3659
vn -0.7562 0.3254 -0.5677
vn -0.6343 0.2819 -0.7198
vn -0.4207 0.2605 -0.8690
vn -0.5839 0.2778 -0.7628
vn -0.2111 0.1283 -0.9690
vn -0.3521 0.1893 -0.9166
vn -0.6814 0.4121 -0.6049
vn -0.6091 0.3445 -0.7143
vn -0.8442 0.4271 -0.3239
vn -0.2971 0.3913 -0.8710
vn -0.7162 0.4243 -0.5541
vn -0.8363 0.4844 -0.2566
vn -0.9236 0.3388 0.1796
vn 0.3829 0.2003 -0.9018
vn -0.5896 0.5198 -0.6182
vn -0.0197 0.4185 -0.9080
vn -0.5501 0.2249 -0.8043
vn -0.6827 0.0358 -0.7298
vn -0.0243 0.0748 -0.9969
vn -0.1410 0.1550 -0.9778
vn -0.7460 0.3276 -0.5798
vn -0.9403 0.1943 -0.2796
vn 0.8722 -0.2846 0.3977
vn 0.9138 -0.2789 0.2954
vn 0.9177 -0.2813 0.2804
vn 0.7562 -0.3254 0.5677
vn 0.8666 -0.3394 0.3659
vn 0.6344 -0.2819 0.7198
vn 0.5838 -0.2778 0.7628
vn 0.4207 -0.2605 0.8690
vn 0.2111 -0.1283 0.9690
vn 0.3521 -0.1893 0.9166
vn 0.6814 -0.4121 0.6049
vn 0.8442 -0.4271 0.3239
vn 0.6091 -0.3445 0.7143
vn 0.2972 -0.3913 0.8710
vn 0.7162 -0.4244 0.5540
vn 0.8364 -0.4844 0.2565
vn 0.9236 -0.3387 -0.1797
vn 0.5897 -0.5198 0.6181
vn -0.3829 -0.2003 0.9018
vn 0.0196 -0.4184 0.9081
vn 0.5501 -0.2249 0.8043
vn 0.1410 -0.1549 0.9778
vn 0.0242 -0.0747 0.9969
vn 0.6827 -0.0358 0.7298
vn 0.7460 -0.3276 0.5798
vn 0.9403 -0.1942 0.2795
vn -0.7231 0.6905 0.0212
vn -0.7005 0.7001 0.1382
vn -0.7066 0.6969 0.1222
vn -0.6768 0.7354 0.0334
vn -0.7035 0.6867 -0.1831
vn -0.7111 0.6048 -0.3585
vn -0.6438 0.4954 -0.5832
vn -0.6978 0.5764 -0.4252
vn -0.6064 0.2941 -0.7388
vn -0.6556 0.4090 -0.6347
vn -0.6244 0.7338 -0.2677
vn -0.6629 0.6436 -0.3826
vn -0.5946 0.8030 0.0400
vn -0.4792 0.5537 -0.6810
vn -0.6161 0.7594 -0.2090
vn -0.5252 0.8472 0.0802
vn -0.4439 0.7314 0.5177
vn -0.0718 0.0640 -0.9954
vn -0.5035 0.7853 -0.3604
vn -0.2729 0.4548 -0.8477
vn -0.7211 0.5166 -0.4617
vn -0.8656 0.4090 -0.2889
vn -0.5086 0.1580 -0.8464
vn -0.5454 0.2847 -0.7883
vn -0.7005 0.6857 -0.1977
vn -0.7562 0.6346 0.1596
vn 0.7231 -0.6905 -0.0212
vn 0.7066 -0.6969 -0.1222
vn 0.7005 -0.7001 -0.1382
vn 0.7035 -0.6867 0.1831
vn 0.6768 -0.7354 -0.0334
vn 0.7111 -0.6048 0.3586
vn 0.6978 -0.5764 0.4252
vn 0.6438 -0.4954 0.5832
vn 0.6064 -0.2941 0.7388
vn 0.6557 -0.4090 0.6347
vn 0.6244 -0.7338 0.2676
vn 0.5946 -0.8030 -0.0400
vn 0.6629 -0.6436 0.3826
vn 0.4792 -0.5537 0.6810
vn 0.6161 -0.7594 0.2090
vn 0.5252 -0.8472 -0.0802
vn 0.4439 -0.7314 -0.5177
vn 0.5035 -0.7853 0.3604
vn 0.0718 -0.0640 0.9954
vn 0.2729 -0.4549 0.8477
vn 0.7211 -0.5165 0.4617
vn 0.5454 -0.2847 0.7883
vn 0.5086 -0.1581 0.8464
vn 0.8656 -0.4090 0.2889
vn 0.7005 -0.6857 0.1977
vn 0.7562 -0.6346 -0.1596
vn -0.3388 0.5755 -0.7443
vn -0.4348 0.5259 -0.7310
vn -0.4171 0.5329 -0.7362
vn -0.3641 0.6154 -0.6991
vn -0.1637 0.6823 -0.7125
vn 0.0397 0.7082 -0.7049
vn 0.2892 0.7310 -0.6181
vn 0.1264 0.7230 -0.6792
vn 0.5160 0.6402 -0.5692
vn 0.3663 0.6821 -0.6329
vn -0.1141 0.7746 -0.6221
vn 0.0548 0.7566 -0.6516
vn -0.4003 0.6816 -0.6125
vn 0.3516 0.8392 -0.4148
vn -0.1825 0.7718 -0.6091
vn -0.4644 0.6986 -0.5444
vn -0.7743 0.3750 -0.5097
vn 0.8341 0.5487 0.0571
vn -0.0035 0.8889 -0.4582
vn 0.5308 0.8309 -0.1671
vn 0.1768 0.6867 -0.7051
vn 0.0453 0.4860 -0.8728
vn 0.6865 0.5701 -0.4513
vn 0.5695 0.6570 -0.4940
vn -0.1532 0.6946 -0.7029
vn -0.4096 0.4684 -0.7829
vn 0.3388 -0.5755 0.7443
vn 0.4171 -0.5329 0.7362
vn 0.4348 -0.5259 0.7310
vn 0.1637 -0.6823 0.7125
vn 0.3641 -0.6154 0.6991
vn -0.0398 -0.7082 0.7049
vn -0.1264 -0.7230 0.6791
vn -0.2892 -0.7310 0.6180
vn -0.5160 -0.6402 0.5692
vn -0.3663 -0.6821 0.6329
vn 0.1141 -0.7745 0.6221
vn 0.4003 -0.6816 0.6125
vn -0.0547 -0.7565 0.6517
vn -0.3516 -0.8392 0.4148
vn 0.1825 -0.7718 0.6091
vn 0.4645 -0.6985 0.5444
vn 0.7744 -0.3749 0.5097
vn 0.0035 -0.8889 0.4582
vn -0.8341 -0.5487 -0.0570
vn -0.5308 -0.8309 0.1671
vn -0.1768 -0.6867 0.7051
vn -0.5694 -0.6570 0.4940
vn -0.6865 -0.5702 0.4513
vn -0.0453 -0.4860 0.8728
vn 0.1532 -0.6946 0.7029
vn 0.4096 -0.4683 0.7829
vn 0.5264 0.5064 -0.6830
vn 0.4472 0.4582 -0.7681
vn 0.4592 0.4620 -0.7588
vn 0.4747 0.5419 -0.6936
vn 0.6076 0.6040 -0.5158
vn 0.7077 0.6174 -0.3436
vn 0.7625 0.6408 -0.0890
vn 0.7266 0.6271 -0.2806
vn 0.8252 0.5440 0.1520
vn 0.8072 0.5902 -0.0026
vn 0.5742 0.6907 -0.4395
vn 0.6673 0.6692 -0.3270
vn 0.3944 0.6012 -0.6950
vn 0.6635 0.7480 0.0163
vn 0.5397 0.6837 -0.4913
vn 0.3114 0.6237 -0.7170
vn 0.0437 0.3167 -0.9475
vn 0.5224 0.5248 0.6721
vn 0.5060 0.7849 -0.3576
vn 0.5815 0.7619 0.2851
vn 0.7712 0.5936 -0.2301
vn 0.8382 0.4042 -0.3661
vn 0.8029 0.4899 0.3395
vn 0.7956 0.5652 0.2182
vn 0.6130 0.6100 -0.5021
vn 0.4917 0.3815 -0.7827
vn -0.5264 -0.5064 0.6830
vn -0.4592 -0.4620 0.7587
vn -0.4472 -0.4583 0.7681
vn -0.6076 -0.6040 0.5158
vn -0.4747 -0.5419 0.6936
vn -0.7077 -0.6174 0.3436
vn -0.7266 -0.6271 0.2806
vn -0.7625 -0.6408 0.0890
vn -0.8252 -0.5440 -0.1520
vn -0.8072 -0.5902 0.0025
vn -0.5743 -0.6907 0.4394
vn -0.3944 -0.6012 0.6950
vn -0.6673 -0.6691 0.3270
vn -0.6635 -0.7480 -0.0163
vn -0.5396 -0.6837 0.4913
vn -0.3114 -0.6238 0.7169
vn -0.0437 -0.3167 0.9475
vn -0.5060 -0.7849 0.3577
vn -0.5224 -0.5248 -0.6721
vn -0.5815 -0.7620 -0.2850
vn -0.7712 -0.5936 0.2301
vn -0.7956 -0.5652 -0.2182
vn -0.8029 -0.4899 -0.3394
vn -0.8382 -0.4042 0.3661
vn -0.6130 -0.6101 0.5021
vn -0.4917 -0.3815 0.7827
vn 0.3526 0.6251 -0.6964
vn 0.3359 0.5369 -0.7739
vn 0.3422 0.5498 -0.7620
vn 0.2896 0.6244 -0.7254
vn 0.3204 0.7668 -0.5561
vn 0.3518 0.8485 -0.3954
vn 0.3301 0.9311 -0.1551
vn 0.3520 0.8770 -0.3271
vn 0.3785 0.9209 0.0929
vn 0.3781 0.9232 -0.0690
vn 0.2194 0.8297 -0.5133
vn 0.2918 0.8709 -0.3955
vn 0.1809 0.6291 -0.7560
vn 0.1425 0.9864 -0.0824
vn 0.2047 0.7973 -0.5678
vn 0.0964 0.6036 -0.7914
vn 0.1036 0.1839 -0.9775
vn -0.0264 0.8147 0.5793
vn 0.0771 0.8848 -0.4595
vn -0.0141 0.9886 0.1497
vn 0.3996 0.8774 -0.2655
vn 0.5853 0.7360 -0.3401
vn 0.3465 0.8951 0.2808
vn 0.3252 0.9341 0.1475
vn 0.3192 0.7752 -0.5452
vn 0.4187 0.5031 -0.7560
vn -0.3526 -0.6251 0.6964
vn -0.3422 -0.5498 0.7620
vn -0.3359 -0.5369 0.7739
vn -0.3204 -0.7669 0.5561
vn -0.2896 -0.6244 0.7254
vn -0.3518 -0.8485 0.3954
vn -0.3520 -0.8770 0.3270
vn -0.3301 -0.9311 0.1551
vn -0.3785 -0.9209 -0.0929
vn -0.3781 -0.9232 0.0690
vn -0.2194 -0.8297 0.5134
vn -0.1808 -0.6291 0.7560
vn -0.2917 -0.8709 0.3955
vn -0.1425 -0.9864 0.0824
vn -0.2047 -0.7973 0.5678
vn -0.0964 -0.6035 0.7915
vn -0.1036 -0.1839 0.9775
vn -0.0771 -0.8847 0.4596
vn 0.0264 -0.8148 -0.5792
vn 0.0141 -0.9886 -0.1499
vn -0.3996 -0.8774 0.2655
vn -0.3252 -0.9341 -0.1475
vn -0.3465 -0.8951 -0.2808
vn -0.5854 -0.7360 0.3401
vn -0.3192 -0.7752 0.5452
vn -0.4187 -0.5031 0.7560
vn -0.0987 0.0971 -0.9904
vn -0.5698 -0.4192 -0.7068
vn -0.9240 0.2432 -0.2951
vn -0.6061 0.6246 -0.4925
vn -0.7000 -0.7140 -0.0138
vn -0.9832 0.0102 0.1822
vn -0.3917 -0.6164 0.6831
vn -0.7490 0.0621 0.6596
vn 0.1602 -0.1684 0.9726
vn -0.3587 0.3686 0.8576
vn 0.6225 0.3744 0.6873
vn -0.0407 0.7499 0.6603
vn 0.7286 0.6849 -0.0092
vn 0.0185 0.9829 0.1831
vn 0.4286 0.5625 -0.7070
vn -0.2157 0.9310 -0.2943
vn -0.6737 0.6935 0.2551
vn -0.0379 0.0281 -0.9989
vn -0.5298 -0.4595 -0.7129
vn -0.7092 -0.7050 -0.0054
vn -0.4721 -0.5242 0.7087
vn 0.0158 -0.0314 0.9994
vn 0.5272 0.4527 0.7191
vn 0.7249 0.6889 -0.0039
vn 0.4717 0.5088 -0.7201
vn -0.1022 0.1121 -0.9884
vn -0.5786 -0.4181 -0.7003
vn -0.6867 -0.7270 -0.0013
vn -0.3749 -0.6139 0.6947
vn 0.1830 -0.1782 0.9668
vn 0.6838 0.2988 0.6657
vn 0.8062 0.5913 -0.0208
vn 0.4736 0.5303 -0.7032
vn 0.1443 -0.1063 -0.9838
vn -0.2889 -0.6199 -0.7295
vn -0.3443 -0.9346 -0.0894
vn 0.0124 -0.8636 0.5040
vn 0.5292 -0.5007 0.6850
vn 0.8958 -0.0729 0.4385
vn 0.9638 0.2505 -0.0915
vn 0.6701 0.2628 -0.6942
vn 0.1759 -0.1795 -0.9679
vn -0.2236 -0.6584 -0.7186
vn -0.3024 -0.9460 -0.1170
vn -0.0156 -0.8734 0.4868
vn 0.4698 -0.4821 0.7395
vn 0.8706 -0.0015 0.4919
vn 0.9516 0.2861 -0.1121
vn 0.6635 0.2119 -0.7175
vn 0.6744 -0.6943 -0.2513
vn 0.2654 0.9032 0.3373
vn 0.3078 0.9255 0.2209
vn 0.3057 0.9224 0.2361
vn 0.2221 0.9284 0.2980
vn 0.1451 0.8528 0.5016
vn 0.0895 0.7455 0.6605
vn -0.0390 0.5782 0.8150
vn 0.0575 0.7073 0.7046
vn -0.0729 0.3427 0.9366
vn -0.0297 0.4859 0.8735
vn 0.0276 0.8493 0.5272
vn 0.0254 0.7625 0.6465
vn 0.1438 0.9590 0.2442
vn -0.2173 0.5588 0.8003
vn 0.0443 0.8791 0.4746
vn 0.1009 0.9803 0.1695
vn 0.3138 0.9179 -0.2429
vn -0.4839 -0.0922 0.8703
vn -0.1144 0.8424 0.5265
vn -0.4113 0.3587 0.8379
vn 0.0744 0.6529 0.7537
vn 0.3116 0.6372 0.7049
vn -0.1472 0.1651 0.9752
vn -0.1374 0.3039 0.9427
vn 0.1359 0.8473 0.5135
vn 0.3901 0.8910 0.2321
vn -0.2654 -0.9032 -0.3372
vn -0.3057 -0.9224 -0.2361
vn -0.3078 -0.9254 -0.2209
vn -0.1451 -0.8528 -0.5016
vn -0.2221 -0.9284 -0.2980
vn -0.0895 -0.7455 -0.6605
vn -0.0575 -0.7073 -0.7045
vn 0.0390 -0.5782 -0.8150
vn 0.0729 -0.3427 -0.9366
vn 0.0297 -0.4859 -0.8735
vn -0.0275 -0.8492 -0.5273
vn -0.1438 -0.9590 -0.2442
vn -0.0254 -0.7625 -0.6465
vn 0.2173 -0.5588 -0.8003
vn -0.0443 -0.8791 -0.4746
vn -0.1010 -0.9804 -0.1694
vn -0.3138 -0.9179 0.2428
vn 0.1144 -0.8424 -0.5265
vn 0.4839 0.0923 -0.8703
vn 0.4113 -0.3587 -0.8379
vn -0.0744 -0.6529 -0.7537
vn 0.1374 -0.3040 -0.9427
vn 0.1473 -0.1651 -0.9752
vn -0.3115 -0.6372 -0.7050
vn -0.1359 -0.8473 -0.5135
vn -0.3901 -0.8910 -0.2321
vn -0.3282 0.0565 0.9429
vn -0.2154 0.1047 0.9709
vn -0.2282 0.0960 0.9689
vn -0.3249 0.1198 0.9381
vn -0.5159 0.0201 0.8564
vn -0.6520 -0.0837 0.7536
vn -0.8107 -0.1643 0.5620
vn -0.6968 -0.1053 0.7095
vn -0.8769 -0.3220 0.3567
vn -0.8334 -0.2475 0.4942
vn -0.5991 0.0828 0.7963
vn -0.6787 -0.0246 0.7340
vn -0.3298 0.2176 0.9186
vn -0.8903 -0.0451 0.4532
vn -0.5536 0.1157 0.8247
vn -0.2965 0.2990 0.9070
vn 0.1673 0.3610 0.9174
vn -0.9493 -0.2133 -0.2309
vn -0.6733 0.1755 0.7182
vn -0.9818 -0.0307 0.1875
vn -0.7161 -0.1703 0.6769
vn -0.5455 -0.3096 0.7788
vn -0.9098 -0.3779 0.1714
vn -0.9082 -0.3004 0.2915
vn -0.5293 0.0168 0.8483
vn -0.1729 0.0266 0.9846
vn 0.3282 -0.0565 -0.9429
vn 0.2283 -0.0959 -0.9689
vn 0.2154 -0.1047 -0.9709
vn 0.5159 -0.0200 -0.8564
vn 0.3249 -0.1198 -0.9381
vn 0.6520 0.0837 -0.7536
vn 0.6968 0.1053 -0.7095
vn 0.8107 0.1642 -0.5620
vn 0.8769 0.3220 -0.3567
vn 0.8334 0.2475 -0.4942
vn 0.5991 -0.0828 -0.7963
vn 0.3298 -0.2176 -0.9186
vn 0.6787 0.0246 -0.7340
vn 0.8903 0.0451 -0.4532
vn 0.5536 -0.1157 -0.8247
vn 0.2965 -0.2990 -0.9070
vn -0.1674 -0.3610 -0.9174
vn 0.6733 -0.1756 -0.7182
vn 0.9493 0.2133 0.2309
vn 0.9818 0.0307 -0.1875
vn 0.7161 0.1703 -0.6769
vn 0.9082 0.3004 -0.2915
vn 0.9099 0.3779 -0.1714
vn 0.5455 0.3096 -0.7788
vn 0.5293 -0.0168 -0.8483
vn 0.1729 -0.0266 -0.9846
vn 0.4209 0.8985 -0.1247
vn 0.3781 0.8874 -0.2637
vn 0.3813 0.8875 -0.2588
vn 0.3764 0.9126 -0.1597
vn 0.4400 0.8956 0.0661
vn 0.4789 0.8376 0.2629
vn 0.4681 0.7288 0.4997
vn 0.4786 0.8211 0.3110
vn 0.4866 0.5499 0.6788
vn 0.4866 0.6452 0.5890
vn 0.3997 0.9052 0.1441
vn 0.4596 0.8446 0.2746
vn 0.3170 0.9324 -0.1734
vn 0.3629 0.7348 0.5731
vn 0.3909 0.9154 0.0963
vn 0.2623 0.9332 -0.2458
vn 0.1406 0.7456 -0.6514
vn 0.1904 0.1162 0.9748
vn 0.3304 0.9237 0.1941
vn 0.2767 0.5225 0.8065
vn 0.5004 0.7864 0.3622
vn 0.5970 0.7648 0.2424
vn 0.4429 0.3715 0.8160
vn 0.4486 0.5035 0.7384
vn 0.4438 0.8919 0.0869
vn 0.4200 0.8423 -0.3377
vn -0.4209 -0.8985 0.1247
vn -0.3813 -0.8875 0.2588
vn -0.3781 -0.8874 0.2637
vn -0.4400 -0.8956 -0.0660
vn -0.3764 -0.9126 0.1597
vn -0.4789 -0.8376 -0.2629
vn -0.4786 -0.8211 -0.3110
vn -0.4681 -0.7288 -0.4997
vn -0.4866 -0.5499 -0.6788
vn -0.4866 -0.6452 -0.5890
vn -0.3997 -0.9052 -0.1441
vn -0.3170 -0.9324 0.1734
vn -0.4596 -0.8446 -0.2746
vn -0.3628 -0.7348 -0.5731
vn -0.3909 -0.9154 -0.0963
vn -0.2623 -0.9332 0.2457
vn -0.1406 -0.7456 0.6514
vn -0.3304 -0.9237 -0.1941
vn -0.1904 -0.1162 -0.9748
vn -0.2767 -0.5226 -0.8064
vn -0.5004 -0.7864 -0.3621
vn -0.4487 -0.5034 -0.7384
vn -0.4429 -0.3714 -0.8160
vn -0.5970 -0.7647 -0.2424
vn -0.4438 -0.8919 -0.0869
vn -0.4200 -0.8423 0.3378
vn -0.1873 -0.2145 0.9586
vn -0.0699 -0.1365 0.9882
vn -0.0739 -0.1413 0.9872
vn -0.1727 -0.1596 0.9720
vn -0.3516 -0.2872 0.8910
vn -0.4926 -0.3918 0.7771
vn -0.6576 -0.4676 0.5906
vn -0.5290 -0.4086 0.7438
vn -0.7353 -0.5681 0.3696
vn -0.6957 -0.5255 0.4898
vn -0.4336 -0.2680 0.8604
vn -0.5121 -0.3739 0.7732
vn -0.1817 -0.0944 0.9788
vn -0.7474 -0.3863 0.5406
vn -0.3965 -0.2437 0.8851
vn -0.1318 -0.0211 0.9911
vn 0.2809 0.1777 0.9431
vn -0.8747 -0.4405 -0.2021
vn -0.4987 -0.2111 0.8407
vn -0.8808 -0.4035 0.2477
vn -0.5538 -0.4502 0.7005
vn -0.4207 -0.5164 0.7458
vn -0.7889 -0.5956 0.1510
vn -0.7759 -0.5563 0.2977
vn -0.3673 -0.2974 0.8813
vn 0.0203 -0.1654 0.9860
vn 0.1873 0.2145 -0.9586
vn 0.0739 0.1413 -0.9872
vn 0.0699 0.1365 -0.9882
vn 0.3516 0.2872 -0.8910
vn 0.1727 0.1596 -0.9720
vn 0.4926 0.3918 -0.7771
vn 0.5290 0.4086 -0.7438
vn 0.6576 0.4676 -0.5907
vn 0.7353 0.5681 -0.3696
vn 0.6957 0.5255 -0.4898
vn 0.4334 0.2679 -0.8604
vn 0.1816 0.0944 -0.9788
vn 0.5121 0.3739 -0.7732
vn 0.7474 0.3863 -0.5406
vn 0.3965 0.2437 -0.8851
vn 0.1317 0.0210 -0.9911
vn -0.2810 -0.1777 -0.9431
vn 0.4988 0.2112 -0.8406
vn 0.8747 0.4405 0.2021
vn 0.8808 0.4035 -0.2477
vn 0.5538 0.4502 -0.7005
vn 0.7759 0.5563 -0.2977
vn 0.7889 0.5956 -0.1510
vn 0.4207 0.5164 -0.7458
vn 0.3672 0.2974 -0.8813
vn -0.0203 0.1654 -0.9860
vn -0.5073 0.2332 -0.8296
vn -0.5924 0.1256 -0.7958
vn -0.5875 0.1295 -0.7988
vn -0.5563 0.2261 -0.7997
vn -0.3938 0.3893 -0.8327
vn -0.2276 0.5130 -0.8277
vn -0.0289 0.6607 -0.7501
vn -0.1885 0.5469 -0.8157
vn 0.2054 0.7154 -0.6678
vn 0.0846 0.6858 -0.7229
vn -0.3799 0.4721 -0.7954
vn -0.2384 0.5363 -0.8096
vn -0.6077 0.2414 -0.7566
vn -0.0431 0.7545 -0.6549
vn -0.4189 0.4381 -0.7953
vn -0.6716 0.2028 -0.7127
vn -0.8167 -0.2010 -0.5409
vn 0.5235 0.8339 -0.1750
vn -0.3994 0.5434 -0.7384
vn 0.1760 0.8684 -0.4637
vn -0.1261 0.5645 -0.8157
vn -0.1213 0.4228 -0.8981
vn 0.3803 0.7533 -0.5365
vn 0.2488 0.7527 -0.6096
vn -0.3792 0.4032 -0.8328
vn -0.5747 0.0372 -0.8175
vn 0.5073 -0.2332 0.8296
vn 0.5875 -0.1295 0.7988
vn 0.5924 -0.1256 0.7958
vn 0.3938 -0.3893 0.8327
vn 0.5562 -0.2261 0.7997
vn 0.2276 -0.5130 0.8277
vn 0.1886 -0.5468 0.8157
vn 0.0289 -0.6607 0.7501
vn -0.2054 -0.7154 0.6678
vn -0.0846 -0.6858 0.7229
vn 0.3800 -0.4720 0.7955
vn 0.6077 -0.2414 0.7566
vn 0.2383 -0.5364 0.8096
vn 0.0431 -0.7545 0.6549
vn 0.4189 -0.4381 0.7953
vn 0.6716 -0.2026 0.7126
vn 0.8167 0.2010 0.5409
vn 0.3995 -0.5433 0.7384
vn -0.5234 -0.8339 0.1751
vn -0.1760 -0.8684 0.4636
vn 0.1260 -0.5645 0.8157
vn -0.2488 -0.7527 0.6096
vn -0.3803 -0.7534 0.5365
vn 0.1214 -0.4228 0.8981
vn 0.3792 -0.4032 0.8328
vn 0.5747 -0.0372 0.8175
vn -0.9697 -0.0865 -0.2284
vn -0.9785 -0.1616 -0.1277
vn -0.9776 -0.1551 -0.1419
vn -0.9831 -0.0561 -0.1742
vn -0.9314 0.0754 -0.3562
vn -0.8440 0.1705 -0.5085
vn -0.6885 0.3294 -0.6461
vn -0.8096 0.2120 -0.5473
vn -0.4724 0.3838 -0.7934
vn -0.6082 0.3327 -0.7207
vn -0.9178 0.1946 -0.3462
vn -0.8509 0.2280 -0.4733
vn -0.9955 0.0033 -0.0949
vn -0.6460 0.4925 -0.5832
vn -0.9409 0.1642 -0.2962
vn -0.9997 0.0220 -0.0083
vn -0.9001 -0.3123 0.3038
vn 0.0135 0.7239 -0.6898
vn -0.8940 0.3285 -0.3048
vn -0.4323 0.6749 -0.5980
vn -0.7659 0.2078 -0.6084
vn -0.7712 -0.0332 -0.6357
vn -0.2953 0.4546 -0.8403
vn -0.4277 0.4443 -0.7872
vn -0.9267 0.0874 -0.3656
vn -0.9564 -0.2383 -0.1690
vn 0.9697 0.0866 0.2283
vn 0.9777 0.1551 0.1419
vn 0.9786 0.1616 0.1277
vn 0.9314 -0.0754 0.3562
vn 0.9831 0.0561 0.1742
vn 0.8440 -0.1705 0.5085
vn 0.8096 -0.2120 0.5473
vn 0.6885 -0.3294 0.6461
vn 0.4724 -0.3838 0.7934
vn 0.6082 -0.3327 0.7207
vn 0.9178 -0.1945 0.3461
vn 0.9955 -0.0033 0.0949
vn 0.8509 -0.2280 0.4733
vn 0.6460 -0.4925 0.5832
vn 0.9409 -0.1642 0.2962
vn 0.9997 -0.0220 0.0083
vn 0.9001 0.3123 -0.3037
vn 0.8940 -0.3285 0.3048
vn -0.0135 -0.7239 0.6898
vn 0.4324 -0.6749 0.5980
vn 0.7659 -0.2078 0.6084
vn 0.4276 -0.4443 0.7872
vn 0.2953 -0.4546 0.8403
vn 0.7712 0.0332 0.6357
vn 0.9267 -0.0873 0.3656
vn 0.9564 0.2384 0.1689
vn 0.0433 0.9362 -0.3488
vn -0.0215 0.8938 -0.4480
vn -0.0109 0.8990 -0.4378
vn -0.0198 0.9395 -0.3421
vn 0.1063 0.9823 -0.1540
vn 0.2262 0.9741 0.0054
vn 0.3228 0.9152 0.2411
vn 0.2528 0.9653 0.0656
vn 0.4795 0.7771 0.4077
vn 0.4054 0.8657 0.2937
vn 0.0553 0.9974 -0.0461
vn 0.1715 0.9842 0.0440
vn -0.1163 0.9414 -0.3165
vn 0.2135 0.8987 0.3831
vn 0.0169 0.9953 -0.0955
vn -0.2026 0.9233 -0.3264
vn -0.3400 0.6494 -0.6802
vn 0.3567 0.3875 0.8500
vn -0.0273 0.9972 0.0697
vn 0.2019 0.7545 0.6244
vn 0.3185 0.9432 0.0948
vn 0.4322 0.8945 -0.1140
vn 0.5312 0.6477 0.5461
vn 0.4603 0.7497 0.4754
vn 0.1113 0.9840 -0.1390
vn 0.0490 0.8665 -0.4967
vn -0.0433 -0.9362 0.3489
vn 0.0109 -0.8990 0.4377
vn 0.0215 -0.8938 0.4480
vn -0.1063 -0.9823 0.1541
vn 0.0199 -0.9395 0.3421
vn -0.2262 -0.9741 -0.0053
vn -0.2528 -0.9653 -0.0656
vn -0.3228 -0.9152 -0.2411
vn -0.4795 -0.7771 -0.4077
vn -0.4054 -0.8657 -0.2937
vn -0.0554 -0.9974 0.0460
vn 0.1163 -0.9415 0.3164
vn -0.1715 -0.9842 -0.0440
vn -0.2135 -0.8987 -0.3831
vn -0.0169 -0.9953 0.0955
vn 0.2025 -0.9233 0.3263
vn 0.3400 -0.6494 0.6802
vn 0.0274 -0.9972 -0.0695
vn -0.3567 -0.3876 -0.8500
vn -0.2019 -0.7545 -0.6244
vn -0.3185 -0.9432 -0.0948
vn -0.4603 -0.7497 -0.4754
vn -0.5313 -0.6477 -0.5461
vn -0.4322 -0.8945 0.1140
vn -0.1113 -0.9840 0.1390
vn -0.0489 -0.8665 0.4967
s 1
f 1/1/1 2/2/2 3/3/3
f 3/3/3 4/4/4 1/1/1
f 2/2/2 5/5/5 6/6/6
f 6/6/6 3/3/3 2/2/2
f 5/5/5 7/7/7 8/8/8
f 8/8/8 6/6/6 5/5/5
f 7/7/7 9/9/9 10/10/10
f 10/10/10 8/8/8 7/7/7
f 9/9/9 11/11/11 12/12/12
f 12/12/12 10/10/10 9/9/9
f 11/11/11 13/13/13 14/14/14
f 14/14/14 12/12/12 11/11/11
f 13/15/13 15/16/15 16/17/16
f 16/17/16 14/18/14 13/15/13
f 15/16/15 1/1/1 4/4/4
f 4/4/4 16/17/16 15/16/15
f 4/4/4 3/3/3 17/19/17
f 3/3/3 6/6/6 17/19/17
f 6/6/6 8/8/8 17/20/17
f 8/8/8 10/10/10 17/20/17
f 10/10/10 12/12/12 17/20/17
f 12/12/12 14/14/14 17/20/17
f 14/18/14 16/17/16 17/19/17
f 16/17/16 4/4/4 17/19/17
f 2/2/2 1/1/1 18/21/18
f 18/21/18 19/22/19 2/2/2
f 5/5/5 2/2/2 19/22/19
f 19/22/19 20/23/20 5/5/5
f 7/7/7 5/5/5 20/23/20
f 20/23/20 21/24/21 7/7/7
f 9/9/9 7/7/7 21/24/21
f 21/24/21 22/25/22 9/9/9
f 11/11/11 9/9/9 22/25/22
f 22/25/22 23/26/23 11/11/11
f 13/13/13 11/11/11 23/26/23
f 23/26/23 24/27/24 13/13/13
f 15/16/15 13/15/13 24/28/24
f 24/28/24 25/29/25 15/16/15
f 1/1/1 15/16/15 25/29/25
f 25/29/25 18/21/18 1/1/1
f 19/22/19 18/21/18 26/30/26
f 26/30/26 27/31/27 19/22/19
f 20/23/20 19/22/19 27/31/27
f 27/31/27 28/32/28 20/23/20
f 21/24/21 20/23/20 28/32/28
f 28/32/28 29/33/29 21/24/21
f 22/25/22 21/24/21 29/33/29
f 29/33/29 30/34/30 22/25/22
f 23/26/23 22/25/22 30/34/30
f 30/34/30 31/35/31 23/26/23
f 24/27/24 23/26/23 31/35/31
f 31/35/31 32/36/32 24/27/24
f 25/29/25 24/28/24 32/37/32
f 32/37/32 33/38/33 25/29/25
f 18/21/18 25/29/25 33/38/33
f 33/38/33 26/30/26 18/21/18
f 27/31/27 26/30/26 34/39/34
f 34/39/34 35/40/35 27/31/27
f 28/32/28 27/31/27 35/40/35
f 35/40/35 36/41/36 28/32/28
f 29/33/29 28/32/28 36/41/36
f 36/41/36 37/42/37 29/33/29
f 30/34/30 29/33/29 37/42/37
f 37/42/37 38/43/38 30/34/30
f 31/35/31 30/34/30 38/43/38
f 38/43/38 39/44/39 31/35/31
f 32/36/32 31/35/31 39/44/39
f 39/44/39 40/45/40 32/36/32
f 33/38/33 32/37/32 40/46/40
f 40/46/40 41/47/41 33/38/33
f 26/30/26 33/38/33 41/47/41
f 41/47/41 34/39/34 26/30/26
f 35/40/35 34/39/34 42/48/42
f 42/48/42 43/49/43 35/40/35
f 36/41/36 35/40/35 43/49/43
f 43/49/43 44/50/44 36/41/36
f 37/42/37 36/41/36 44/50/44
f 44/50/44 45/51/45 37/42/37
f 38/43/38 37/42/37 45/51/45
f 45/51/45 46/52/46 38/43/38
f 39/44/39 38/43/38 46/52/46
f 46/52/46 47/53/47 39/44/39
f 40/45/40 39/44/39 47/53/47
f 47/53/47 48/54/48 40/45/40
f 41/47/41 40/46/40 48/55/48
f 48/55/48 49/56/49 41/47/41
f 34/39/34 41/47/41 49/56/49
f 49/56/49 42/48/42 34/39/34
f 43/49/43 42/48/42 50/57/50
f 44/50/44 43/49/43 50/57/50
f 45/51/45 44/50/44 50/58/50
f 46/52/46 45/51/45 50/58/50
f 47/53/47 46/52/46 50/58/50
f 48/54/48 47/53/47 50/58/50
f 49/56/49 48/55/48 50/57/50
f 42/48/42 49/56/49 50/57/50
s 2
f 51/59/51 52/60/52 53/61/53
f 54/62/54 55/63/55 52/60/52
f 55/63/55 56/64/56 57/65/57
f 57/65/57 56/64/56 58/66/58
f 53/61/53 59/67/59 60/68/60
f 52/60/52 55/63/55 59/67/59
f 55/63/55 61/69/61 62/70/62
f 57/65/57 58/66/58 61/69/61
f 60/68/60 59/67/59 63/71/63
f 59/67/59 64/72/64 65/73/65
f 62/70/62 61/69/61 64/72/64
f 66/74/66 61/69/61 67/75/67
f 68/76/68 65/73/65 69/77/69
f 65/73/65 64/72/64 69/77/69
f 64/72/64 70/78/70 71/79/71
f 70/78/70 66/74/66 72/80/72
f 51/59/51 73/81/73 54/62/54
f 54/62/54 74/82/74 75/83/75
f 75/83/75 76/84/76 56/64/56
f 56/64/56 77/85/77 78/86/78
f 66/74/66 67/75/67 72/80/72
f 68/76/68 63/71/63 65/73/65
f 56/64/56 76/84/76 77/85/77
f 73/81/73 74/82/74 54/62/54
f 74/82/74 79/87/79 75/83/75
f 75/83/75 79/87/79 76/84/76
f 61/69/61 80/88/80 67/75/67
f 51/59/51 54/62/54 52/60/52
f 54/62/54 75/83/75 55/63/55
f 55/63/55 75/83/75 56/64/56
f 59/67/59 62/70/62 64/72/64
f 61/69/61 66/74/66 64/72/64
f 64/72/64 71/79/71 69/77/69
f 64/72/64 66/74/66 70/78/70
f 55/63/55 62/70/62 59/67/59
f 55/63/55 57/65/57 61/69/61
f 58/66/58 80/88/80 61/69/61
f 53/61/53 52/60/52 59/67/59
f 59/67/59 65/73/65 63/71/63
f 56/64/56 78/86/78 58/66/58
s 3
f 81/89/81 82/90/82 83/91/83
f 84/92/84 83/91/83 85/93/85
f 85/93/85 86/94/86 87/95/87
f 86/94/86 88/96/88 87/95/87
f 82/90/82 89/97/89 90/98/90
f 83/91/83 90/98/90 85/93/85
f 85/93/85 91/99/91 92/100/92
f 86/94/86 92/100/92 88/96/88
f 89/97/89 93/101/93 90/98/90
f 90/98/90 94/102/94 95/103/95
f 91/99/91 95/103/95 92/100/92
f 96/104/96 97/105/97 92/100/92
f 98/106/98 99/107/99 94/102/94
f 94/102/94 99/107/99 95/103/95
f 95/103/95 100/108/100 101/109/101
f 101/109/101 102/110/102 96/104/96
f 81/89/81 84/92/84 103/111/103
f 84/92/84 104/112/104 105/113/105
f 104/112/104 87/95/87 106/114/106
f 87/95/87 107/115/107 108/116/108
f 96/104/96 102/110/102 97/105/97
f 98/106/98 94/102/94 93/101/93
f 87/95/87 108/116/108 106/114/106
f 103/111/103 84/92/84 105/113/105
f 105/113/105 104/112/104 109/117/109
f 104/112/104 106/114/106 109/117/109
f 92/100/92 97/105/97 110/118/110
f 81/89/81 83/91/83 84/92/84
f 84/92/84 85/93/85 104/112/104
f 85/93/85 87/95/87 104/112/104
f 90/98/90 95/103/95 91/99/91
f 92/100/92 95/103/95 96/104/96
f 95/103/95 99/107/99 100/108/100
f 95/103/95 101/109/101 96/104/96
f 85/93/85 90/98/90 91/99/91
f 85/93/85 92/100/92 86/94/86
f 88/96/88 92/100/92 110/118/110
f 82/90/82 90/98/90 83/91/83
f 90/98/90 93/101/93 94/102/94
f 87/95/87 88/96/88 107/115/107
s 4
f 111/119/111 112/120/112 113/121/113
f 114/122/114 115/123/115 112/120/112
f 115/123/115 116/124/116 117/125/117
f 117/125/117 116/124/116 118/126/118
f 113/121/113 119/127/119 120/128/120
f 112/120/112 115/123/115 119/127/119
f 115/123/115 121/129/121 122/130/122
f 117/125/117 118/126/118 121/129/121
f 120/128/120 119/127/119 123/131/123
f 119/127/119 124/132/124 125/133/125
f 122/130/122 121/129/121 124/132/124
f 126/134/126 121/129/121 127/135/127
f 128/136/128 125/133/125 129/137/129
f 125/133/125 124/132/124 129/137/129
f 124/132/124 130/138/130 131/139/131
f 130/138/130 126/134/126 132/140/132
f 111/119/111 133/141/133 114/122/114
f 114/122/114 134/142/134 135/143/135
f 135/143/135 136/144/136 116/124/116
f 116/124/116 137/145/137 138/146/138
f 126/134/126 127/135/127 132/140/132
f 128/136/128 123/131/123 125/133/125
f 116/124/116 136/144/136 137/145/137
f 133/141/133 134/142/134 114/122/114
f 134/142/134 139/147/139 135/143/135
f 135/143/135 139/147/139 136/144/136
f 121/129/121 140/148/140 127/135/127
f 111/119/111 114/122/114 112/120/112
f 114/122/114 135/143/135 115/123/115
f 115/123/115 135/143/135 116/124/116
f 119/127/119 122/130/122 124/132/124
f 121/129/121 126/134/126 124/132/124
f 124/132/124 131/139/131 129/137/129
f 124/132/124 126/134/126 130/138/130
f 115/123/115 122/130/122 119/127/119
f 115/123/115 117/125/117 121/129/121
f 118/126/118 140/148/140 121/129/121
f 113/121/113 112/120/112 119/127/119
f 119/127/119 125/133/125 123/131/123
f 116/124/116 138/146/138 118/126/118
s 5
f 141/149/141 142/150/142 143/151/143
f 144/152/144 143/151/143 145/153/145
f 145/153/145 146/154/146 147/155/147
f 146/154/146 148/156/148 147/155/147
f 142/150/142 149/157/149 150/158/150
f 143/151/143 150/158/150 145/153/145
f 145/153/145 151/159/151 152/160/152
f 146/154/146 152/160/152 148/156/148
f 149/157/149 153/161/153 150/158/150
f 150/158/150 154/162/154 155/163/155
f 151/159/151 155/163/155 152/160/152
f 156/164/156 157/165/157 152/160/152
f 158/166/158 159/167/159 154/162/154
f 154/162/154 159/167/159 155/163/155
f 155/163/155 160/168/160 161/169/161
f 161/169/161 162/170/162 156/164/156
f 141/149/141 144/152/144 163/171/163
f 144/152/144 164/172/164 165/173/165
f 164/172/164 147/155/147 166/174/166
f 147/155/147 167/175/167 168/176/168
f 156/164/156 162/170/162 157/165/157
f 158/166/158 154/162/154 153/161/153
f 147/155/147 168/176/168 166/174/166
f 163/171/163 144/152/144 165/173/165
f 165/173/165 164/172/164 169/177/169
f 164/172/164 166/174/166 169/177/169
f 152/160/152 157/165/157 170/178/170
f 141/149/141 143/151/143 144/152/144
f 144/152/144 145/153/145 164/172/164
f 145/153/145 147/155/147 164/172/164
f 150/158/150 155/163/155 151/159/151
f 152/160/152 155/163/155 156/164/156
f 155/163/155 159/167/159 160/168/160
f 155/163/155 161/169/161 156/164/156
f 145/153/145 150/158/150 151/159/151
f 145/153/145 152/160/152 146/154/146
f 148/156/148 152/160/152 170/178/170
f 142/150/142 150/158/150 143/151/143
f 150/158/150 153/161/153 154/162/154
f 147/155/147 148/156/148 167/175/167
s 6
f 171/179/171 172/180/172 173/181/173
f 174/182/174 175/183/175 172/180/172
f 175/183/175 176/184/176 177/185/177
f 177/185/177 178/186/178 179/187/179
f 173/181/173 180/188/180 181/189/181
f 172/180/172 175/183/175 180/188/180
f 175/183/175 182/190/182 183/191/183
f 177/185/177 179/187/179 182/190/182
f 181/189/181 180/188/180 184/192/184
f 180/188/180 185/193/185 186/194/186
f 183/191/183 182/190/182 185/193/185
f 187/195/187 182/190/182 188/196/188
f 189/197/189 186/194/186 190/198/190
f 186/194/186 185/193/185 190/198/190
f 185/193/185 191/199/191 192/200/192
f 191/199/191 187/195/187 193/201/193
f 171/179/171 194/202/194 174/182/174
f 174/182/174 195/203/195 196/204/196
f 196/204/196 197/205/197 176/184/176
f 176/184/176 198/206/198 178/186/178
f 187/195/187 188/196/188 193/201/193
f 189/197/189 184/192/184 186/194/186
f 176/184/176 197/205/197 198/206/198
f 194/202/194 195/203/195 174/182/174
f 195/203/195 199/207/199 196/204/196
f 196/204/196 199/207/199 197/205/197
f 182/190/182 200/208/200 188/196/188
f 171/179/171 174/182/174 172/180/172
f 174/182/174 196/204/196 175/183/175
f 175/183/175 196/204/196 176/184/176
f 177/185/177 176/184/176 178/186/178
f 180/188/180 183/191/183 185/193/185
f 182/190/182 187/195/187 185/193/185
f 185/193/185 192/200/192 190/198/190
f 185/193/185 187/195/187 191/199/191
f 175/183/175 183/191/183 180/188/180
f 175/183/175 177/185/177 182/190/182
f 179/187/179 200/208/200 182/190/182
f 173/181/173 172/180/172 180/188/180
f 180/188/180 186/194/186 184/192/184
s 7
f 201/209/201 202/210/202 203/211/203
f 204/212/204 203/211/203 205/213/205
f 205/213/205 206/214/206 207/215/207
f 206/214/206 208/216/208 209/217/209
f 202/210/202 210/218/210 211/219/211
f 203/211/203 211/219/211 205/213/205
f 205/213/205 212/220/212 213/221/213
f 206/214/206 213/221/213 208/216/208
f 210/218/210 214/222/214 211/219/211
f 211/219/211 215/223/215 216/224/216
f 212/220/212 216/224/216 213/221/213
f 217/225/217 218/226/218 213/221/213
f 219/227/219 220/228/220 215/223/215
f 215/223/215 220/228/220 216/224/216
f 216/224/216 221/229/221 222/230/222
f 222/230/222 223/231/223 217/225/217
f 201/209/201 204/212/204 224/232/224
f 204/212/204 225/233/225 226/234/226
f 225/233/225 207/215/207 227/235/227
f 207/215/207 209/217/209 228/236/228
f 217/225/217 223/231/223 218/226/218
f 219/227/219 215/223/215 214/222/214
f 207/215/207 228/236/228 227/235/227
f 224/232/224 204/212/204 226/234/226
f 226/234/226 225/233/225 229/237/229
f 225/233/225 227/235/227 229/237/229
f 213/221/213 218/226/218 230/238/230
f 201/209/201 203/211/203 204/212/204
f 204/212/204 205/213/205 225/233/225
f 205/213/205 207/215/207 225/233/225
f 206/214/206 209/217/209 207/215/207
f 211/219/211 216/224/216 212/220/212
f 213/221/213 216/224/216 217/225/217
f 216/224/216 220/228/220 221/229/221
f 216/224/216 222/230/222 217/225/217
f 205/213/205 211/219/211 212/220/212
f 205/213/205 213/221/213 206/214/206
f 208/216/208 213/221/213 230/238/230
f 202/210/202 211/219/211 203/211/203
f 211/219/211 214/222/214 215/223/215
s 8
f 231/239/231 232/240/232 233/241/233
f 234/242/234 235/243/235 232/240/232
f 235/243/235 236/244/236 237/245/237
f 237/245/237 238/246/238 239/247/239
f 233/241/233 240/248/240 241/249/241
f 232/240/232 235/243/235 240/248/240
f 235/243/235 242/250/242 243/251/243
f 237/245/237 239/247/239 242/250/242
f 241/249/241 240/248/240 244/252/244
f 240/248/240 245/253/245 246/254/246
f 243/251/243 242/250/242 245/253/245
f 247/255/247 242/250/242 248/256/248
f 249/257/249 246/254/246 250/258/250
f 246/254/246 245/253/245 250/258/250
f 245/253/245 251/259/251 252/260/252
f 251/259/251 247/255/247 253/261/253
f 231/239/231 254/262/254 234/242/234
f 234/242/234 255/263/255 256/264/256
f 256/264/256 257/265/257 236/244/236
f 236/244/236 258/266/258 238/246/238
f 247/255/247 248/256/248 253/261/253
f 249/257/249 244/252/244 246/254/246
f 236/244/236 257/265/257 258/266/258
f 254/262/254 255/263/255 234/242/234
f 255/263/255 259/267/259 256/264/256
f 256/264/256 259/267/259 257/265/257
f 242/250/242 260/268/260 248/256/248
f 231/239/231 234/242/234 232/240/232
f 234/242/234 256/264/256 235/243/235
f 235/243/235 256/264/256 236/244/236
f 237/245/237 236/244/236 238/246/238
f 240/248/240 243/251/243 245/253/245
f 242/250/242 247/255/247 245/253/245
f 245/253/245 252/260/252 250/258/250
f 245/253/245 247/255/247 251/259/251
f 235/243/235 243/251/243 240/248/240
f 235/243/235 237/245/237 242/250/242
f 239/247/239 260/268/260 242/250/242
f 233/241/233 232/240/232 240/248/240
f 240/248/240 246/254/246 244/252/244
s 9
f 261/269/261 262/270/262 263/271/263
f 264/272/264 263/271/263 265/273/265
f 265/273/265 266/274/266 267/275/267
f 266/274/266 268/276/268 269/277/269
f 262/270/262 270/278/270 271/279/271
f 263/271/263 271/279/271 265/273/265
f 265/273/265 272/280/272 273/281/273
f 266/274/266 273/281/273 268/276/268
f 270/278/270 274/282/274 271/279/271
f 271/279/271 275/283/275 276/284/276
f 272/280/272 276/284/276 273/281/273
f 277/285/277 278/286/278 273/281/273
f 279/287/279 280/288/280 275/283/275
f 275/283/275 280/288/280 276/284/276
f 276/284/276 281/289/281 282/290/282
f 282/290/282 283/291/283 277/285/277
f 261/269/261 264/272/264 284/292/284
f 264/272/264 285/293/285 286/294/286
f 285/293/285 267/275/267 287/295/287
f 267/275/267 269/277/269 288/296/288
f 277/285/277 283/291/283 278/286/278
f 279/287/279 275/283/275 274/282/274
f 267/275/267 288/296/288 287/295/287
f 284/292/284 264/272/264 286/294/286
f 286/294/286 285/293/285 289/297/289
f 285/293/285 287/295/287 289/297/289
f 273/281/273 278/286/278 290/298/290
f 261/269/261 263/271/263 264/272/264
f 264/272/264 265/273/265 285/293/285
f 265/273/265 267/275/267 285/293/285
f 266/274/266 269/277/269 267/275/267
f 271/279/271 276/284/276 272/280/272
f 273/281/273 276/284/276 277/285/277
f 276/284/276 280/288/280 281/289/281
f 276/284/276 282/290/282 277/285/277
f 265/273/265 271/279/271 272/280/272
f 265/273/265 273/281/273 266/274/266
f 268/276/268 273/281/273 290/298/290
f 262/270/262 271/279/271 263/271/263
f 271/279/271 274/282/274 275/283/275
s 10
f 291/299/291 292/300/292 293/301/293
f 294/302/294 295/303/295 292/300/292
f 295/303/295 296/304/296 297/305/297
f 297/305/297 298/306/298 299/307/299
f 293/301/293 300/308/300 301/309/301
f 292/300/292 295/303/295 300/308/300
f 295/303/295 302/310/302 303/311/303
f 297/305/297 299/307/299 302/310/302
f 301/309/301 300/308/300 304/312/304
f 300/308/300 305/313/305 306/314/306
f 303/311/303 302/310/302 305/313/305
f 307/315/307 302/310/302 308/316/308
f 309/317/309 306/314/306 310/318/310
f 306/314/306 305/313/305 310/318/310
f 305/313/305 311/319/311 312/320/312
f 311/319/311 307/315/307 313/321/313
f 291/299/291 314/322/314 294/302/294
f 294/302/294 315/323/315 316/324/316
f 316/324/316 317/325/317 296/304/296
f 296/304/296 318/326/318 298/306/298
f 307/315/307 308/316/308 313/321/313
f 309/317/309 304/312/304 306/314/306
f 296/304/296 317/325/317 318/326/318
f 314/322/314 315/323/315 294/302/294
f 315/323/315 319/327/319 316/324/316
f 316/324/316 319/327/319 317/325/317
f 302/310/302 320/328/320 308/316/308
f 291/299/291 294/302/294 292/300/292
f 294/302/294 316/324/316 295/303/295
f 295/303/295 316/324/316 296/304/296
f 297/305/297 296/304/296 298/306/298
f 300/308/300 303/311/303 305/313/305
f 302/310/302 307/315/307 305/313/305
f 305/313/305 312/320/312 310/318/310
f 305/313/305 307/315/307 311/319/311
f 295/303/295 303/311/303 300/308/300
f 295/303/295 297/305/297 302/310/302
f 299/307/299 320/328/320 302/310/302
f 293/301/293 292/300/292 300/308/300
f 300/308/300 306/314/306 304/312/304
s 11
f 321/329/321 322/330/322 323/331/323
f 324/332/324 323/331/323 325/333/325
f 325/333/325 326/334/326 327/335/327
f 326/334/326 328/336/328 329/337/329
f 322/330/322 330/338/330 331/339/331
f 323/331/323 331/339/331 325/333/325
f 325/333/325 332/340/332 333/341/333
f 326/334/326 333/341/333 328/336/328
f 330/338/330 334/342/334 331/339/331
f 331/339/331 335/343/335 336/344/336
f 332/340/332 336/344/336 333/341/333
f 337/345/337 338/346/338 333/341/333
f 339/347/339 340/348/340 335/343/335
f 335/343/335 340/348/340 336/344/336
f 336/344/336 341/349/341 342/350/342
f 342/350/342 343/351/343 337/345/337
f 321/329/321 324/332/324 344/352/344
f 324/332/324 345/353/345 346/354/346
f 345/353/345 327/335/327 347/355/347
f 327/335/327 329/337/329 348/356/348
f 337/345/337 343/351/343 338/346/338
f 339/347/339 335/343/335 334/342/334
f 327/335/327 348/356/348 347/355/347
f 344/352/344 324/332/324 346/354/346
f 346/354/346 345/353/345 349/357/349
f 345/353/345 347/355/347 349/357/349
f 333/341/333 338/346/338 350/358/350
f 321/329/321 323/331/323 324/332/324
f 324/332/324 325/333/325 345/353/345
f 325/333/325 327/335/327 345/353/345
f 326/334/326 329/337/329 327/335/327
f 331/339/331 336/344/336 332/340/332
f 333/341/333 336/344/336 337/345/337
f 336/344/336 340/348/340 341/349/341
f 336/344/336 342/350/342 337/345/337
f 325/333/325 331/339/331 332/340/332
f 325/333/325 333/341/333 326/334/326
f 328/336/328 333/341/333 350/358/350
f 322/330/322 331/339/331 323/331/323
f 331/339/331 334/342/334 335/343/335
s 12
f 351/359/351 352/360/352 353/361/353
f 354/362/354 355/363/355 352/360/352
f 355/363/355 356/364/356 357/365/357
f 357/365/357 356/364/356 358/366/358
f 353/361/353 359/367/359 360/368/360
f 352/360/352 355/363/355 359/367/359
f 355/363/355 361/369/361 362/370/362
f 357/365/357 358/366/358 361/369/361
f 360/368/360 359/367/359 363/371/363
f 359/367/359 364/372/364 365/373/365
f 362/370/362 361/369/361 364/372/364
f 366/374/366 361/369/361 367/375/367
f 368/376/368 365/373/365 369/377/369
f 365/373/365 364/372/364 369/377/369
f 364/372/364 370/378/370 371/379/371
f 370/378/370 366/374/366 372/380/372
f 351/359/351 373/381/373 354/362/354
f 354/362/354 374/382/374 375/383/375
f 375/383/375 376/384/376 356/364/356
f 356/364/356 377/385/377 378/386/378
f 366/374/366 367/375/367 372/380/372
f 368/376/368 363/371/363 365/373/365
f 356/364/356 376/384/376 377/385/377
f 373/381/373 374/382/374 354/362/354
f 374/382/374 379/387/379 375/383/375
f 375/383/375 379/387/379 376/384/376
f 361/369/361 380/388/380 367/375/367
f 351/359/351 354/362/354 352/360/352
f 354/362/354 375/383/375 355/363/355
f 355/363/355 375/383/375 356/364/356
f 359/367/359 362/370/362 364/372/364
f 361/369/361 366/374/366 364/372/364
f 364/372/364 371/379/371 369/377/369
f 364/372/364 366/374/366 370/378/370
f 355/363/355 362/370/362 359/367/359
f 355/363/355 357/365/357 361/369/361
f 358/366/358 380/388/380 361/369/361
f 353/361/353 352/360/352 359/367/359
f 359/367/359 365/373/365 363/371/363
f 356/364/356 378/386/378 358/366/358
s 13
f 381/389/381 382/390/382 383/391/383
f 384/392/384 383/391/383 385/393/385
f 385/393/385 386/394/386 387/395/387
f 386/394/386 388/396/388 387/395/387
f 382/390/382 389/397/389 390/398/390
f 383/391/383 390/398/390 385/393/385
f 385/393/385 391/399/391 392/400/392
f 386/394/386 392/400/392 388/396/388
f 389/397/389 393/401/393 390/398/390
f 390/398/390 394/402/394 395/403/395
f 391/399/391 395/403/395 392/400/392
f 396/404/396 397/405/397 392/400/392
f 398/406/398 399/407/399 394/402/394
f 394/402/394 399/407/399 395/403/395
f 395/403/395 400/408/400 401/409/401
f 401/409/401 402/410/402 396/404/396
f 381/389/381 384/392/384 403/411/403
f 384/392/384 404/412/404 405/413/405
f 404/412/404 387/395/387 406/414/406
f 387/395/387 407/415/407 408/416/408
f 396/404/396 402/410/402 397/405/397
f 398/406/398 394/402/394 393/401/393
f 387/395/387 408/416/408 406/414/406
f 403/411/403 384/392/384 405/413/405
f 405/413/405 404/412/404 409/417/409
f 404/412/404 406/414/406 409/417/409
f 392/400/392 397/405/397 410/418/410
f 381/389/381 383/391/383 384/392/384
f 384/392/384 385/393/385 404/412/404
f 385/393/385 387/395/387 404/412/404
f 390/398/390 395/403/395 391/399/391
f 392/400/392 395/403/395 396/404/396
f 395/403/395 399/407/399 400/408/400
f 395/403/395 401/409/401 396/404/396
f 385/393/385 390/398/390 391/399/391
f 385/393/385 392/400/392 386/394/386
f 388/396/388 392/400/392 410/418/410
f 382/390/382 390/398/390 383/391/383
f 390/398/390 393/401/393 394/402/394
f 387/395/387 388/396/388 407/415/407
s 14
f 411/419/411 412/420/412 413/421/413
f 414/422/414 415/423/415 412/420/412
f 415/423/415 416/424/416 417/425/417
f 417/425/417 418/426/418 419/427/419
f 413/421/413 420/428/420 421/429/421
f 412/420/412 415/423/415 420/428/420
f 415/423/415 422/430/422 423/431/423
f 417/425/417 419/427/419 422/430/422
f 421/429/421 420/428/420 424/432/424
f 420/428/420 425/433/425 426/434/426
f 423/431/423 422/430/422 425/433/425
f 427/435/427 422/430/422 428/436/428
f 429/437/429 426/434/426 430/438/430
f 426/434/426 425/433/425 430/438/430
f 425/433/425 431/439/431 432/440/432
f 431/439/431 427/435/427 433/441/433
f 411/419/411 434/442/434 414/422/414
f 414/422/414 435/443/435 436/444/436
f 436/444/436 437/445/437 416/424/416
f 416/424/416 438/446/438 418/426/418
f 427/435/427 428/436/428 433/441/433
f 429/437/429 424/432/424 426/434/426
f 416/424/416 437/445/437 438/446/438
f 434/442/434 435/443/435 414/422/414
f 435/443/435 439/447/439 436/444/436
f 436/444/436 439/447/439 437/445/437
f 422/430/422 440/448/440 428/436/428
f 411/419/411 414/422/414 412/420/412
f 414/422/414 436/444/436 415/423/415
f 415/423/415 436/444/436 416/424/416
f 417/425/417 416/424/416 418/426/418
f 420/428/420 423/431/423 425/433/425
f 422/430/422 427/435/427 425/433/425
f 425/433/425 432/440/432 430/438/430
f 425/433/425 427/435/427 431/439/431
f 415/423/415 423/431/423 420/428/420
f 415/423/415 417/425/417 422/430/422
f 419/427/419 440/448/440 422/430/422
f 413/421/413 412/420/412 420/428/420
f 420/428/420 426/434/426 424/432/424
s 15
f 441/449/441 442/450/442 443/451/443
f 444/452/444 443/451/443 445/453/445
f 445/453/445 446/454/446 447/455/447
f 446/454/446 448/456/448 449/457/449
f 442/450/442 450/458/450 451/459/451
f 443/451/443 451/459/451 445/453/445
f 445/453/445 452/460/452 453/461/453
f 446/454/446 453/461/453 448/456/448
f 450/458/450 454/462/454 451/459/451
f 451/459/451 455/463/455 456/464/456
f 452/460/452 456/464/456 453/461/453
f 457/465/457 458/466/458 453/461/453
f 459/467/459 460/468/460 455/463/455
f 455/463/455 460/468/460 456/464/456
f 456/464/456 461/469/461 462/470/462
f 462/470/462 463/471/463 457/465/457
f 441/449/441 444/452/444 464/472/464
f 444/452/444 465/473/465 466/474/466
f 465/473/465 447/455/447 467/475/467
f 447/455/447 449/457/449 468/476/468
f 457/465/457 463/471/463 458/466/458
f 459/467/459 455/463/455 454/462/454
f 447/455/447 468/476/468 467/475/467
f 464/472/464 444/452/444 466/474/466
f 466/474/466 465/473/465 469/477/469
f 465/473/465 467/475/467 469/477/469
f 453/461/453 458/466/458 470/478/470
f 441/449/441 443/451/443 444/452/444
f 444/452/444 445/453/445 465/473/465
f 445/453/445 447/455/447 465/473/465
f 446/454/446 449/457/449 447/455/447
f 451/459/451 456/464/456 452/460/452
f 453/461/453 456/464/456 457/465/457
f 456/464/456 460/468/460 461/469/461
f 456/464/456 462/470/462 457/465/457
f 445/453/445 451/459/451 452/460/452
f 445/453/445 453/461/453 446/454/446
f 448/456/448 453/461/453 470/478/470
f 442/450/442 451/459/451 443/451/443
f 451/459/451 454/462/454 455/463/455
s 16
f 471/479/471 472/480/472 473/481/473
f 473/481/473 474/482/474 471/479/471
f 475/483/475 476/484/476 472/480/472
f 472/480/472 471/479/471 475/483/475
f 477/485/477 478/486/478 476/487/476
f 476/487/476 475/488/475 477/485/477
f 479/489/479 480/490/480 478/486/478
f 478/486/478 477/485/477 479/489/479
f 481/491/481 482/492/482 480/490/480
f 480/490/480 479/489/479 481/491/481
f 474/482/474 473/481/473 482/493/482
f 482/493/482 481/494/481 474/482/474
f 483/495/483 484/496/484 485/497/485
f 485/497/485 486/498/486 483/495/483
f 487/499/487 483/495/483 486/498/486
f 486/498/486 488/500/488 487/499/487
f 489/501/489 487/502/487 488/503/488
f 488/503/488 490/504/490 489/501/489
f 491/505/491 489/501/489 490/504/490
f 490/504/490 492/506/492 491/505/491
f 493/507/493 491/505/491 492/506/492
f 492/506/492 494/508/494 493/507/493
f 484/496/484 493/509/493 494/510/494
f 494/510/494 485/497/485 484/496/484
f 486/498/486 485/497/485 473/481/473
f 473/481/473 472/480/472 486/498/486
f 488/500/488 486/498/486 472/480/472
f 472/480/472 476/484/476 488/500/488
f 490/504/490 488/503/488 476/487/476
f 476/487/476 478/486/478 490/504/490
f 480/490/480 492/506/492 490/504/490
f 490/504/490 478/486/478 480/490/480
f 482/492/482 494/508/494 492/506/492
f 492/506/492 480/490/480 482/492/482
f 473/481/473 485/497/485 494/510/494
f 494/510/494 482/493/482 473/481/473
s 17
f 495/511/495 496/512/496 497/513/497
f 497/513/497 498/514/498 495/511/495
f 499/515/499 500/516/500 496/512/496
f 496/512/496 495/511/495 499/515/499
f 501/517/501 502/518/502 500/519/500
f 500/519/500 499/520/499 501/517/501
f 503/521/503 504/522/504 502/518/502
f 502/518/502 501/517/501 503/521/503
f 505/523/505 506/524/506 504/522/504
f 504/522/504 503/521/503 505/523/505
f 498/514/498 497/513/497 506/525/506
f 506/525/506 505/526/505 498/514/498
f 507/527/507 508/528/508 509/529/509
f 509/529/509 510/530/510 507/527/507
f 511/531/511 507/527/507 510/530/510
f 510/530/510 512/532/512 511/531/511
f 513/533/513 511/534/511 512/535/512
f 512/535/512 514/536/514 513/533/513
f 515/537/515 513/533/513 514/536/514
f 514/536/514 516/538/516 515/537/515
f 517/539/517 515/537/515 516/538/516
f 516/538/516 518/540/518 517/539/517
f 508/528/508 517/541/517 518/542/518
f 518/542/518 509/529/509 508/528/508
f 510/530/510 509/529/509 497/513/497
f 497/513/497 496/512/496 510/530/510
f 512/532/512 510/530/510 496/512/496
f 496/512/496 500/516/500 512/532/512
f 514/536/514 512/535/512 500/519/500
f 500/519/500 502/518/502 514/536/514
f 504/522/504 516/538/516 514/536/514
f 514/536/514 502/518/502 504/522/504
f 506/524/506 518/540/518 516/538/516
f 516/538/516 504/522/504 506/524/506
f 497/513/497 509/529/509 518/542/518
f 518/542/518 506/525/506 497/513/497
f 519/543/519 520/544/520 508/528/508
f 508/528/508 507/527/507 519/543/519
f 521/545/521 519/543/519 507/527/507
f 507/527/507 511/531/511 521/545/521
f 522/546/522 521/547/521 511/534/511
f 511/534/511 513/533/513 522/546/522
f 515/537/515 523/548/523 522/546/522
f 522/546/522 513/533/513 515/537/515
f 517/539/517 524/549/524 523/548/523
f 523/548/523 515/537/515 517/539/517
f 508/528/508 520/544/520 524/550/524
f 524/550/524 517/541/517 508/528/508
s 18
f 525/551/525 526/552/526 527/553/527
f 527/553/527 528/554/528 525/551/525
f 529/555/529 530/556/530 526/552/526
f 526/552/526 525/551/525 529/555/529
f 531/557/531 532/558/532 530/559/530
f 530/559/530 529/560/529 531/557/531
f 533/561/533 534/562/534 532/558/532
f 532/558/532 531/557/531 533/561/533
f 535/563/535 536/564/536 534/562/534
f 534/562/534 533/561/533 535/563/535
f 528/554/528 527/553/527 536/565/536
f 536/565/536 535/566/535 528/554/528
f 537/567/537 538/568/538 539/569/539
f 539/569/539 540/570/540 537/567/537
f 541/571/541 537/567/537 540/570/540
f 540/570/540 542/572/542 541/571/541
f 543/573/543 541/574/541 542/575/542
f 542/575/542 544/576/544 543/573/543
f 545/577/545 543/573/543 544/576/544
f 544/576/544 546/578/546 545/577/545
f 547/579/547 545/577/545 546/578/546
f 546/578/546 548/580/548 547/579/547
f 538/568/538 547/581/547 548/582/548
f 548/582/548 539/569/539 538/568/538
f 540/570/540 539/569/539 527/553/527
f 527/553/527 526/552/526 540/570/540
f 542/572/542 540/570/540 526/552/526
f 526/552/526 530/556/530 542/572/542
f 544/576/544 542/575/542 530/559/530
f 530/559/530 532/558/532 544/576/544
f 534/562/534 546/578/546 544/576/544
f 544/576/544 532/558/532 534/562/534
f 536/564/536 548/580/548 546/578/546
f 546/578/546 534/562/534 536/564/536
f 527/553/527 539/569/539 548/582/548
f 548/582/548 536/565/536 527/553/527
f 537/567/537 549/583/549 538/568/538
f 541/571/541 549/583/549 537/567/537
f 543/573/543 549/583/549 541/574/541
f 545/577/545 549/583/549 543/573/543
f 547/579/547 549/583/549 545/577/545
f 538/568/538 549/583/549 547/581/547
s 19
f 550/584/550 551/585/551 552/586/552
f 552/586/552 553/587/553 550/584/550
f 554/588/554 555/589/555 551/585/551
f 551/585/551 550/584/550 554/588/554
f 556/590/556 557/591/557 555/592/555
f 555/592/555 554/593/554 556/590/556
f 558/594/558 559/595/559 557/591/557
f 557/591/557 556/590/556 558/594/558
f 560/596/560 561/597/561 559/595/559
f 559/595/559 558/594/558 560/596/560
f 553/587/553 552/586/552 561/598/561
f 561/598/561 560/599/560 553/587/553
f 562/600/562 563/601/563 564/602/564
f 564/602/564 565/603/565 562/600/562
f 566/604/566 562/600/562 565/603/565
f 565/603/565 567/605/567 566/604/566
f 568/606/568 566/607/566 567/608/567
f 567/608/567 569/609/569 568/606/568
f 570/610/570 568/606/568 569/609/569
f 569/609/569 571/611/571 570/610/570
f 572/612/572 570/610/570 571/611/571
f 571/611/571 573/613/573 572/612/572
f 563/601/563 572/614/572 573/615/573
f 573/615/573 564/602/564 563/601/563
f 565/603/565 564/602/564 552/586/552
f 552/586/552 551/585/551 565/603/565
f 567/605/567 565/603/565 551/585/551
f 551/585/551 555/589/555 567/605/567
f 569/609/569 567/608/567 555/592/555
f 555/592/555 557/591/557 569/609/569
f 559/595/559 571/611/571 569/609/569
f 569/609/569 557/591/557 559/595/559
f 561/597/561 573/613/573 571/611/571
f 571/611/571 559/595/559 561/597/561
f 552/586/552 564/602/564 573/615/573
f 573/615/573 561/598/561 552/586/552
f 562/600/562 574/616/574 563/601/563
f 566/604/566 574/616/574 562/600/562
f 568/606/568 574/616/574 566/607/566
f 570/610/570 574/616/574 568/606/568
f 572/612/572 574/616/574 570/610/570
f 563/601/563 574/616/574 572/614/572
s 20
f 575/617/575 576/618/576 577/619/577
f 577/619/577 578/620/578 575/617/575
f 579/621/579 580/622/580 576/618/576
f 576/618/576 575/617/575 579/621/579
f 581/623/581 582/624/582 580/625/580
f 580/625/580 579/626/579 581/623/581
f 583/627/583 584/628/584 582/624/582
f 582/624/582 581/623/581 583/627/583
f 585/629/585 586/630/586 584/628/584
f 584/628/584 583/627/583 585/629/585
f 578/620/578 577/619/577 586/631/586
f 586/631/586 585/632/585 578/620/578
f 587/633/587 588/634/588 589/635/589
f 589/635/589 590/636/590 587/633/587
f 591/637/591 587/633/587 590/636/590
f 590/636/590 592/638/592 591/637/591
f 593/639/593 591/640/591 592/641/592
f 592/641/592 594/642/594 593/639/593
f 595/643/595 593/639/593 594/642/594
f 594/642/594 596/644/596 595/643/595
f 597/645/597 595/643/595 596/644/596
f 596/644/596 598/646/598 597/645/597
f 588/634/588 597/647/597 598/648/598
f 598/648/598 589/635/589 588/634/588
f 590/636/590 589/635/589 577/619/577
f 577/619/577 576/618/576 590/636/590
f 592/638/592 590/636/590 576/618/576
f 576/618/576 580/622/580 592/638/592
f 594/642/594 592/641/592 580/625/580
f 580/625/580 582/624/582 594/642/594
f 584/628/584 596/644/596 594/642/594
f 594/642/594 582/624/582 584/628/584
f 586/630/586 598/646/598 596/644/596
f 596/644/596 584/628/584 586/630/586
f 577/619/577 589/635/589 598/648/598
f 598/648/598 586/631/586 577/619/577
f 599/649/599 600/650/600 588/634/588
f 588/634/588 587/633/587 599/649/599
f 601/651/601 599/649/599 587/633/587
f 587/633/587 591/637/591 601/651/601
f 602/652/602 601/653/601 591/640/591
f 591/640/591 593/639/593 602/652/602
f 595/643/595 603/654/603 602/652/602
f 602/652/602 593/639/593 595/643/595
f 597/645/597 604/655/604 603/654/603
f 603/654/603 595/643/595 597/645/597
f 588/634/588 600/650/600 604/656/604
f 604/656/604 597/647/597 588/634/588
s 21
f 605/657/605 606/658/606 607/659/607
f 607/659/607 608/660/608 605/657/605
f 609/661/609 610/662/610 606/658/606
f 606/658/606 605/657/605 609/661/609
f 611/663/611 612/664/612 610/665/610
f 610/665/610 609/666/609 611/663/611
f 613/667/613 614/668/614 612/664/612
f 612/664/612 611/663/611 613/667/613
f 615/669/615 616/670/616 614/668/614
f 614/668/614 613/667/613 615/669/615
f 608/660/608 607/659/607 616/671/616
f 616/671/616 615/672/615 608/660/608
f 617/673/617 618/674/618 619/675/619
f 619/675/619 620/676/620 617/673/617
f 621/677/621 617/673/617 620/676/620
f 620/676/620 622/678/622 621/677/621
f 623/679/623 621/680/621 622/681/622
f 622/681/622 624/682/624 623/679/623
f 625/683/625 623/679/623 624/682/624
f 624/682/624 626/684/626 625/683/625
f 627/685/627 625/683/625 626/684/626
f 626/684/626 628/686/628 627/685/627
f 618/674/618 627/687/627 628/688/628
f 628/688/628 619/675/619 618/674/618
f 620/676/620 619/675/619 607/659/607
f 607/659/607 606/658/606 620/676/620
f 622/678/622 620/676/620 606/658/606
f 606/658/606 610/662/610 622/678/622
f 624/682/624 622/681/622 610/665/610
f 610/665/610 612/664/612 624/682/624
f 614/668/614 626/684/626 624/682/624
f 624/682/624 612/664/612 614/668/614
f 616/670/616 628/686/628 626/684/626
f 626/684/626 614/668/614 616/670/616
f 607/659/607 619/675/619 628/688/628
f 628/688/628 616/671/616 607/659/607
f 617/673/617 629/689/629 618/674/618
f 621/677/621 629/689/629 617/673/617
f 623/679/623 629/689/629 621/680/621
f 625/683/625 629/689/629 623/679/623
f 627/685/627 629/689/629 625/683/625
f 618/674/618 629/689/629 627/687/627
s 22
f 630/690/630 631/691/631 632/692/632
f 632/692/632 633/693/633 630/690/630
f 634/694/634 635/695/635 631/691/631
f 631/691/631 630/690/630 634/694/634
f 636/696/636 637/697/637 635/698/635
f 635/698/635 634/699/634 636/696/636
f 638/700/638 639/701/639 637/697/637
f 637/697/637 636/696/636 638/700/638
f 640/702/640 641/703/641 639/701/639
f 639/701/639 638/700/638 640/702/640
f 633/693/633 632/692/632 641/704/641
f 641/704/641 640/705/640 633/693/633
f 642/706/642 643/707/643 644/708/644
f 644/708/644 645/709/645 642/706/642
f 646/710/646 642/706/642 645/709/645
f 645/709/645 647/711/647 646/710/646
f 648/712/648 646/713/646 647/714/647
f 647/714/647 649/715/649 648/712/648
f 650/716/650 648/712/648 649/715/649
f 649/715/649 651/717/651 650/716/650
f 652/718/652 650/716/650 651/717/651
f 651/717/651 653/719/653 652/718/652
f 643/707/643 652/720/652 653/721/653
f 653/721/653 644/708/644 643/707/643
f 645/709/645 644/708/644 632/692/632
f 632/692/632 631/691/631 645/709/645
f 647/711/647 645/709/645 631/691/631
f 631/691/631 635/695/635 647/711/647
f 649/715/649 647/714/647 635/698/635
f 635/698/635 637/697/637 649/715/649
f 639/701/639 651/717/651 649/715/649
f 649/715/649 637/697/637 639/701/639
f 641/703/641 653/719/653 651/717/651
f 651/717/651 639/701/639 641/703/641
f 632/692/632 644/708/644 653/721/653
f 653/721/653 641/704/641 632/692/632
f 654/722/654 655/723/655 643/707/643
f 643/707/643 642/706/642 654/722/654
f 656/724/656 654/722/654 642/706/642
f 642/706/642 646/710/646 656/724/656
f 657/725/657 656/726/656 646/713/646
f 646/713/646 648/712/648 657/725/657
f 650/716/650 658/727/658 657/725/657
f 657/725/657 648/712/648 650/716/650
f 652/718/652 659/728/659 658/727/658
f 658/727/658 650/716/650 652/718/652
f 643/707/643 655/723/655 659/729/659
f 659/729/659 652/720/652 643/707/643
s 23
f 660/730/660 661/731/661 662/732/662
f 662/732/662 663/733/663 660/730/660
f 661/731/661 664/734/664 665/735/665
f 665/735/665 662/732/662 661/731/661
f 664/734/664 666/736/666 667/737/667
f 667/737/667 665/735/665 664/734/664
f 666/736/666 668/738/668 669/739/669
f 669/739/669 667/737/667 666/736/666
f 668/738/668 670/740/670 671/741/671
f 671/741/671 669/739/669 668/738/668
f 670/740/670 672/742/672 673/743/673
f 673/743/673 671/741/671 670/740/670
f 672/744/672 674/745/674 675/746/675
f 675/746/675 673/747/673 672/744/672
f 674/745/674 660/730/660 663/733/663
f 663/733/663 675/746/675 674/745/674
f 663/733/663 662/732/662 676/748/676
f 662/732/662 665/735/665 676/748/676
f 665/735/665 667/737/667 676/749/676
f 667/737/667 669/739/669 676/749/676
f 669/739/669 671/741/671 676/749/676
f 671/741/671 673/743/673 676/749/676
f 673/747/673 675/746/675 676/748/676
f 675/746/675 663/733/663 676/748/676
f 661/731/661 660/730/660 677/750/677
f 677/750/677 678/751/678 661/731/661
f 664/734/664 661/731/661 678/751/678
f 678/751/678 679/752/679 664/734/664
f 666/736/666 664/734/664 679/752/679
f 679/752/679 680/753/680 666/736/666
f 668/738/668 666/736/666 680/753/680
f 680/753/680 681/754/681 668/738/668
f 670/740/670 668/738/668 681/754/681
f 681/754/681 682/755/682 670/740/670
f 672/742/672 670/740/670 682/755/682
f 682/755/682 683/756/683 672/742/672
f 674/745/674 672/744/672 683/757/683
f 683/757/683 684/758/684 674/745/674
f 660/730/660 674/745/674 684/758/684
f 684/758/684 677/750/677 660/730/660
f 678/751/678 677/750/677 685/759/685
f 685/759/685 686/760/686 678/751/678
f 679/752/679 678/751/678 686/760/686
f 686/760/686 687/761/687 679/752/679
f 680/753/680 679/752/679 687/761/687
f 687/761/687 688/762/688 680/753/680
f 681/754/681 680/753/680 688/762/688
f 688/762/688 689/763/689 681/754/681
f 682/755/682 681/754/681 689/763/689
f 689/763/689 690/764/690 682/755/682
f 683/756/683 682/755/682 690/764/690
f 690/764/690 691/765/691 683/756/683
f 684/758/684 683/757/683 691/766/691
f 691/766/691 692/767/692 684/758/684
f 677/750/677 684/758/684 692/767/692
f 692/767/692 685/759/685 677/750/677
f 686/760/686 685/759/685 693/768/693
f 693/768/693 694/769/694 686/760/686
f 687/761/687 686/760/686 694/769/694
f 694/769/694 695/770/695 687/761/687
f 688/762/688 687/761/687 695/770/695
f 695/770/695 696/771/696 688/762/688
f 689/763/689 688/762/688 696/771/696
f 696/771/696 697/772/697 689/763/689
f 690/764/690 689/763/689 697/772/697
f 697/772/697 698/773/698 690/764/690
f 691/765/691 690/764/690 698/773/698
f 698/773/698 699/774/699 691/765/691
f 692/767/692 691/766/691 699/775/699
f 699/775/699 700/776/700 692/767/692
f 685/759/685 692/767/692 700/776/700
f 700/776/700 693/768/693 685/759/685
f 694/769/694 693/768/693 701/777/701
f 701/777/701 702/778/702 694/769/694
f 695/770/695 694/769/694 702/778/702
f 702/778/702 703/779/703 695/770/695
f 696/771/696 695/770/695 703/779/703
f 703/779/703 704/780/704 696/771/696
f 697/772/697 696/771/696 704/780/704
f 704/780/704 705/781/705 697/772/697
f 698/773/698 697/772/697 705/781/705
f 705/781/705 706/782/706 698/773/698
f 699/774/699 698/773/698 706/782/706
f 706/782/706 707/783/707 699/774/699
f 700/776/700 699/775/699 707/784/707
f 707/784/707 708/785/708 700/776/700
f 693/768/693 700/776/700 708/785/708
f 708/785/708 701/777/701 693/768/693
f 702/778/702 701/777/701 709/786/709
f 703/779/703 702/778/702 709/786/709
f 704/780/704 703/779/703 709/787/709
f 705/781/705 704/780/704 709/787/709
f 706/782/706 705/781/705 709/787/709
f 707/783/707 706/782/706 709/787/709
f 708/785/708 707/784/707 709/786/709
f 701/777/701 708/785/708 709/786/709
s 24
f 710/788/710 711/789/711 712/790/712
f 712/790/712 713/791/713 714/792/714
f 711/789/711 715/793/715 713/791/713
f 715/793/715 716/794/716 717/795/717
f 718/796/718 719/797/719 716/794/716
f 714/792/714 713/791/713 720/798/720
f 713/791/713 721/799/721 722/800/722
f 717/795/717 716/794/716 721/799/721
f 723/801/723 716/794/716 724/802/724
f 725/803/725 722/800/722 726/804/726
f 722/800/722 721/799/721 726/804/726
f 721/799/721 727/805/727 728/806/728
f 727/805/727 723/801/723 729/807/729
f 730/808/730 731/809/731 732/810/732
f 732/810/732 733/811/733 730/808/730
f 723/801/723 724/802/724 729/807/729
f 725/803/725 720/798/720 722/800/722
f 716/794/716 734/812/734 724/802/724
f 710/788/710 730/808/730 711/789/711
f 713/791/713 717/795/717 721/799/721
f 716/794/716 723/801/723 721/799/721
f 721/799/721 728/806/728 726/804/726
f 721/799/721 723/801/723 727/805/727
f 715/793/715 717/795/717 713/791/713
f 715/793/715 718/796/718 716/794/716
f 719/797/719 734/812/734 716/794/716
f 712/790/712 711/789/711 713/791/713
f 713/791/713 722/800/722 720/798/720
f 733/811/733 718/796/718 730/808/730
f 735/813/735 731/809/731 730/808/730
f 730/808/730 710/788/710 735/813/735
f 730/808/730 715/793/715 711/789/711
f 718/796/718 715/793/715 730/808/730
f 733/811/733 719/797/719 718/796/718
s 25
f 736/814/736 737/815/737 738/816/738
f 737/815/737 739/817/739 740/818/740
f 738/816/738 740/818/740 741/819/741
f 741/819/741 742/820/742 743/821/743
f 744/822/744 743/821/743 745/823/745
f 739/817/739 746/824/746 740/818/740
f 740/818/740 747/825/747 748/826/748
f 742/820/742 748/826/748 743/821/743
f 749/827/749 750/828/750 743/821/743
f 751/829/751 752/830/752 747/825/747
f 747/825/747 752/830/752 748/826/748
f 748/826/748 753/831/753 754/832/754
f 754/832/754 755/833/755 749/827/749
f 756/834/756 757/835/757 758/836/758
f 758/836/758 759/837/759 756/834/756
f 749/827/749 755/833/755 750/828/750
f 751/829/751 747/825/747 746/824/746
f 743/821/743 750/828/750 760/838/760
f 736/814/736 738/816/738 756/834/756
f 740/818/740 748/826/748 742/820/742
f 743/821/743 748/826/748 749/827/749
f 748/826/748 752/830/752 753/831/753
f 748/826/748 754/832/754 749/827/749
f 741/819/741 740/818/740 742/820/742
f 741/819/741 743/821/743 744/822/744
f 745/823/745 743/821/743 760/838/760
f 737/815/737 740/818/740 738/816/738
f 740/818/740 746/824/746 747/825/747
f 757/835/757 756/834/756 744/822/744
f 761/839/761 736/814/736 756/834/756
f 756/834/756 759/837/759 761/839/761
f 756/834/756 738/816/738 741/819/741
f 744/822/744 756/834/756 741/819/741
f 757/835/757 744/822/744 745/823/745
s 26
f 762/840/762 763/841/763 764/842/764
f 764/842/764 765/843/765 766/844/766
f 763/841/763 767/845/767 765/843/765
f 767/845/767 768/846/768 769/847/769
f 770/848/770 771/849/771 768/846/768
f 766/844/766 765/843/765 772/850/772
f 765/843/765 773/851/773 774/852/774
f 769/847/769 768/846/768 773/851/773
f 775/853/775 768/846/768 776/854/776
f 777/855/777 774/852/774 778/856/778
f 774/852/774 773/851/773 778/856/778
f 773/851/773 779/857/779 780/858/780
f 779/857/779 775/853/775 781/859/781
f 782/860/782 783/861/783 784/862/784
f 784/862/784 785/863/785 782/860/782
f 775/853/775 776/854/776 781/859/781
f 777/855/777 772/850/772 774/852/774
f 768/846/768 786/864/786 776/854/776
f 762/840/762 782/860/782 763/841/763
f 765/843/765 769/847/769 773/851/773
f 768/846/768 775/853/775 773/851/773
f 773/851/773 780/858/780 778/856/778
f 773/851/773 775/853/775 779/857/779
f 767/845/767 769/847/769 765/843/765
f 767/845/767 770/848/770 768/846/768
f 771/849/771 786/864/786 768/846/768
f 764/842/764 763/841/763 765/843/765
f 765/843/765 774/852/774 772/850/772
f 785/863/785 770/848/770 782/860/782
f 787/865/787 783/861/783 782/860/782
f 782/860/782 762/840/762 787/865/787
f 782/860/782 767/845/767 763/841/763
f 770/848/770 767/845/767 782/860/782
f 785/863/785 771/849/771 770/848/770
s 27
f 788/866/788 789/867/789 790/868/790
f 789/867/789 791/869/791 792/870/792
f 790/868/790 792/870/792 793/871/793
f 793/871/793 794/872/794 795/873/795
f 796/874/796 795/873/795 797/875/797
f 791/869/791 798/876/798 792/870/792
f 792/870/792 799/877/799 800/878/800
f 794/872/794 800/878/800 795/873/795
f 801/879/801 802/880/802 795/873/795
f 803/881/803 804/882/804 799/877/799
f 799/877/799 804/882/804 800/878/800
f 800/878/800 805/883/805 806/884/806
f 806/884/806 807/885/807 801/879/801
f 808/886/808 809/887/809 810/888/810
f 810/888/810 811/889/811 808/886/808
f 801/879/801 807/885/807 802/880/802
f 803/881/803 799/877/799 798/876/798
f 795/873/795 802/880/802 812/890/812
f 788/866/788 790/868/790 808/886/808
f 792/870/792 800/878/800 794/872/794
f 795/873/795 800/878/800 801/879/801
f 800/878/800 804/882/804 805/883/805
f 800/878/800 806/884/806 801/879/801
f 793/871/793 792/870/792 794/872/794
f 793/871/793 795/873/795 796/874/796
f 797/875/797 795/873/795 812/890/812
f 789/867/789 792/870/792 790/868/790
f 792/870/792 798/876/798 799/877/799
f 809/887/809 808/886/808 796/874/796
f 813/891/813 788/866/788 808/886/808
f 808/886/808 811/889/811 813/891/813
f 808/886/808 790/868/790 793/871/793
f 796/874/796 808/886/808 793/871/793
f 809/887/809 796/874/796 797/875/797
s 28
f 814/892/814 815/893/815 816/894/816
f 816/894/816 817/895/817 818/896/818
f 815/893/815 819/897/819 817/895/817
f 819/897/819 820/898/820 821/899/821
f 822/900/822 823/901/823 820/898/820
f 818/896/818 817/895/817 824/902/824
f 817/895/817 825/903/825 826/904/826
f 821/899/821 820/898/820 825/903/825
f 827/905/827 820/898/820 828/906/828
f 829/907/829 826/904/826 830/908/830
f 826/904/826 825/903/825 830/908/830
f 825/903/825 831/909/831 832/910/832
f 831/909/831 827/905/827 833/911/833
f 834/912/834 835/913/835 836/914/836
f 836/914/836 837/915/837 834/912/834
f 827/905/827 828/906/828 833/911/833
f 829/907/829 824/902/824 826/904/826
f 820/898/820 838/916/838 828/906/828
f 814/892/814 834/912/834 815/893/815
f 817/895/817 821/899/821 825/903/825
f 820/898/820 827/905/827 825/903/825
f 825/903/825 832/910/832 830/908/830
f 825/903/825 827/905/827 831/909/831
f 819/897/819 821/899/821 817/895/817
f 819/897/819 822/900/822 820/898/820
f 823/901/823 838/916/838 820/898/820
f 816/894/816 815/893/815 817/895/817
f 817/895/817 826/904/826 824/902/824
f 837/915/837 822/900/822 834/912/834
f 839/917/839 835/913/835 834/912/834
f 834/912/834 814/892/814 839/917/839
f 834/912/834 819/897/819 815/893/815
f 822/900/822 819/897/819 834/912/834
f 837/915/837 823/901/823 822/900/822
s 29
f 840/918/840 841/919/841 842/920/842
f 841/919/841 843/921/843 844/922/844
f 842/920/842 844/922/844 845/923/845
f 845/923/845 846/924/846 847/925/847
f 848/926/848 847/925/847 849/927/849
f 843/921/843 850/928/850 844/922/844
f 844/922/844 851/929/851 852/930/852
f 846/924/846 852/930/852 847/925/847
f 853/931/853 854/932/854 847/925/847
f 855/933/855 856/934/856 851/929/851
f 851/929/851 856/934/856 852/930/852
f 852/930/852 857/935/857 858/936/858
f 858/936/858 859/937/859 853/931/853
f 860/938/860 861/939/861 862/940/862
f 862/940/862 863/941/863 860/938/860
f 853/931/853 859/937/859 854/932/854
f 855/933/855 851/929/851 850/928/850
f 847/925/847 854/932/854 864/942/864
f 840/918/840 842/920/842 860/938/860
f 844/922/844 852/930/852 846/924/846
f 847/925/847 852/930/852 853/931/853
f 852/930/852 856/934/856 857/935/857
f 852/930/852 858/936/858 853/931/853
f 845/923/845 844/922/844 846/924/846
f 845/923/845 847/925/847 848/926/848
f 849/927/849 847/925/847 864/942/864
f 841/919/841 844/922/844 842/920/842
f 844/922/844 850/928/850 851/929/851
f 861/939/861 860/938/860 848/926/848
f 865/943/865 840/918/840 860/938/860
f 860/938/860 863/941/863 865/943/865
f 860/938/860 842/920/842 845/923/845
f 848/926/848 860/938/860 845/923/845
f 861/939/861 848/926/848 849/927/849
s 30
f 866/944/866 867/945/867 868/946/868
f 868/946/868 869/947/869 870/948/870
f 867/945/867 871/949/871 869/947/869
f 871/949/871 872/950/872 873/951/873
f 874/952/874 875/953/875 872/950/872
f 870/948/870 869/947/869 876/954/876
f 869/947/869 877/955/877 878/956/878
f 873/951/873 872/950/872 877/955/877
f 879/957/879 872/950/872 880/958/880
f 881/959/881 878/956/878 882/960/882
f 878/956/878 877/955/877 882/960/882
f 877/955/877 883/961/883 884/962/884
f 883/961/883 879/957/879 885/963/885
f 886/964/886 887/965/887 888/966/888
f 888/966/888 889/967/889 886/964/886
f 879/957/879 880/958/880 885/963/885
f 881/959/881 876/954/876 878/956/878
f 872/950/872 890/968/890 880/958/880
f 866/944/866 886/964/886 867/945/867
f 869/947/869 873/951/873 877/955/877
f 872/950/872 879/957/879 877/955/877
f 877/955/877 884/962/884 882/960/882
f 877/955/877 879/957/879 883/961/883
f 871/949/871 873/951/873 869/947/869
f 871/949/871 874/952/874 872/950/872
f 875/953/875 890/968/890 872/950/872
f 868/946/868 867/945/867 869/947/869
f 869/947/869 878/956/878 876/954/876
f 889/967/889 874/952/874 886/964/886
f 891/969/891 887/965/887 886/964/886
f 886/964/886 866/944/866 891/969/891
f 886/964/886 871/949/871 867/945/867
f 874/952/874 871/949/871 886/964/886
f 889/967/889 875/953/875 874/952/874
s 31
f 892/970/892 893/971/893 894/972/894
f 893/971/893 895/973/895 896/974/896
f 894/972/894 896/974/896 897/975/897
f 897/975/897 898/976/898 899/977/899
f 900/978/900 899/977/899 901/979/901
f 895/973/895 902/980/902 896/974/896
f 896/974/896 903/981/903 904/982/904
f 898/976/898 904/982/904 899/977/899
f 905/983/905 906/984/906 899/977/899
f 907/985/907 908/986/908 903/981/903
f 903/981/903 908/986/908 904/982/904
f 904/982/904 909/987/909 910/988/910
f 910/988/910 911/989/911 905/983/905
f 912/990/912 913/991/913 914/992/914
f 914/992/914 915/993/915 912/990/912
f 905/983/905 911/989/911 906/984/906
f 907/985/907 903/981/903 902/980/902
f 899/977/899 906/984/906 916/994/916
f 892/970/892 894/972/894 912/990/912
f 896/974/896 904/982/904 898/976/898
f 899/977/899 904/982/904 905/983/905
f 904/982/904 908/986/908 909/987/909
f 904/982/904 910/988/910 905/983/905
f 897/975/897 896/974/896 898/976/898
f 897/975/897 899/977/899 900/978/900
f 901/979/901 899/977/899 916/994/916
f 893/971/893 896/974/896 894/972/894
f 896/974/896 902/980/902 903/981/903
f 913/991/913 912/990/912 900/978/900
f 917/995/917 892/970/892 912/990/912
f 912/990/912 915/993/915 917/995/917
f 912/990/912 894/972/894 897/975/897
f 900/978/900 912/990/912 897/975/897
f 913/991/913 900/978/900 901/979/901
s 32
f 918/996/918 919/997/919 920/998/920
f 920/998/920 921/999/921 922/1000/922
f 919/997/919 923/1001/923 921/999/921
f 923/1001/923 924/1002/924 925/1003/925
f 926/1004/926 927/1005/927 924/1002/924
f 922/1000/922 921/999/921 928/1006/928
f 921/999/921 929/1007/929 930/1008/930
f 925/1003/925 924/1002/924 929/1007/929
f 931/1009/931 924/1002/924 932/1010/932
f 933/1011/933 930/1008/930 934/1012/934
f 930/1008/930 929/1007/929 934/1012/934
f 929/1007/929 935/1013/935 936/1014/936
f 935/1013/935 931/1009/931 937/1015/937
f 938/1016/938 939/1017/939 940/1018/940
f 940/1018/940 941/1019/941 938/1016/938
f 931/1009/931 932/1010/932 937/1015/937
f 933/1011/933 928/1006/928 930/1008/930
f 924/1002/924 942/1020/942 932/1010/932
f 918/996/918 938/1016/938 919/997/919
f 921/999/921 925/1003/925 929/1007/929
f 924/1002/924 931/1009/931 929/1007/929
f 929/1007/929 936/1014/936 934/1012/934
f 929/1007/929 931/1009/931 935/1013/935
f 923/1001/923 925/1003/925 921/999/921
f 923/1001/923 926/1004/926 924/1002/924
f 927/1005/927 942/1020/942 924/1002/924
f 920/998/920 919/997/919 921/999/921
f 921/999/921 930/1008/930 928/1006/928
f 941/1019/941 926/1004/926 938/1016/938
f 943/1021/943 939/1017/939 938/1016/938
f 938/1016/938 918/996/918 943/1021/943
f 938/1016/938 923/1001/923 919/997/919
f 926/1004/926 923/1001/923 938/1016/938
f 941/1019/941 927/1005/927 926/1004/926
s 33
f 944/1022/944 945/1023/945 946/1024/946
f 945/1023/945 947/1025/947 948/1026/948
f 946/1024/946 948/1026/948 949/1027/949
f 949/1027/949 950/1028/950 951/1029/951
f 952/1030/952 951/1029/951 953/1031/953
f 947/1025/947 954/1032/954 948/1026/948
f 948/1026/948 955/1033/955 956/1034/956
f 950/1028/950 956/1034/956 951/1029/951
f 957/1035/957 958/1036/958 951/1029/951
f 959/1037/959 960/1038/960 955/1033/955
f 955/1033/955 960/1038/960 956/1034/956
f 956/1034/956 961/1039/961 962/1040/962
f 962/1040/962 963/1041/963 957/1035/957
f 964/1042/964 965/1043/965 966/1044/966
f 966/1044/966 967/1045/967 964/1042/964
f 957/1035/957 963/1041/963 958/1036/958
f 959/1037/959 955/1033/955 954/1032/954
f 951/1029/951 958/1036/958 968/1046/968
f 944/1022/944 946/1024/946 964/1042/964
f 948/1026/948 956/1034/956 950/1028/950
f 951/1029/951 956/1034/956 957/1035/957
f 956/1034/956 960/1038/960 961/1039/961
f 956/1034/956 962/1040/962 957/1035/957
f 949/1027/949 948/1026/948 950/1028/950
f 949/1027/949 951/1029/951 952/1030/952
f 953/1031/953 951/1029/951 968/1046/968
f 945/1023/945 948/1026/948 946/1024/946
f 948/1026/948 954/1032/954 955/1033/955
f 965/1043/965 964/1042/964 952/1030/952
f 969/1047/969 944/1022/944 964/1042/964
f 964/1042/964 967/1045/967 969/1047/969
f 964/1042/964 946/1024/946 949/1027/949
f 952/1030/952 964/1042/964 949/1027/949
f 965/1043/965 952/1030/952 953/1031/953
s 34
f 970/1048/970 971/1049/971 972/1050/972
f 972/1050/972 973/1051/973 974/1052/974
f 971/1049/971 975/1053/975 973/1051/973
f 975/1053/975 976/1054/976 977/1055/977
f 978/1056/978 979/1057/979 976/1054/976
f 974/1052/974 973/1051/973 980/1058/980
f 973/1051/973 981/1059/981 982/1060/982
f 977/1055/977 976/1054/976 981/1059/981
f 983/1061/983 976/1054/976 984/1062/984
f 985/1063/985 982/1060/982 986/1064/986
f 982/1060/982 981/1059/981 986/1064/986
f 981/1059/981 987/1065/987 988/1066/988
f 987/1065/987 983/1061/983 989/1067/989
f 990/1068/990 991/1069/991 992/1070/992
f 992/1070/992 993/1071/993 990/1068/990
f 983/1061/983 984/1062/984 989/1067/989
f 985/1063/985 980/1058/980 982/1060/982
f 976/1054/976 994/1072/994 984/1062/984
f 970/1048/970 990/1068/990 971/1049/971
f 973/1051/973 977/1055/977 981/1059/981
f 976/1054/976 983/1061/983 981/1059/981
f 981/1059/981 988/1066/988 986/1064/986
f 981/1059/981 983/1061/983 987/1065/987
f 975/1053/975 977/1055/977 973/1051/973
f 975/1053/975 978/1056/978 976/1054/976
f 979/1057/979 994/1072/994 976/1054/976
f 972/1050/972 971/1049/971 973/1051/973
f 973/1051/973 982/1060/982 980/1058/980
f 993/1071/993 978/1056/978 990/1068/990
f 995/1073/995 991/1069/991 990/1068/990
f 990/1068/990 970/1048/970 995/1073/995
f 990/1068/990 975/1053/975 971/1049/971
f 978/1056/978 975/1053/975 990/1068/990
f 993/1071/993 979/1057/979 978/1056/978
s 35
f 996/1074/996 997/1075/997 998/1076/998
f 997/1075/997 999/1077/999 1000/1078/1000
f 998/1076/998 1000/1078/1000 1001/1079/1001
f 1001/1079/1001 1002/1080/1002 1003/1081/1003
f 1004/1082/1004 1003/1081/1003 1005/1083/1005
f 999/1077/999 1006/1084/1006 1000/1078/1000
f 1000/1078/1000 1007/1085/1007 1008/1086/1008
f 1002/1080/1002 1008/1086/1008 1003/1081/1003
f 1009/1087/1009 1010/1088/1010 1003/1081/1003
f 1011/1089/1011 1012/1090/1012 1007/1085/1007
f 1007/1085/1007 1012/1090/1012 1008/1086/1008
f 1008/1086/1008 1013/1091/1013 1014/1092/1014
f 1014/1092/1014 1015/1093/1015 1009/1087/1009
f 1016/1094/1016 1017/1095/1017 1018/1096/1018
f 1018/1096/1018 1019/1097/1019 1016/1094/1016
f 1009/1087/1009 1015/1093/1015 1010/1088/1010
f 1011/1089/1011 1007/1085/1007 1006/1084/1006
f 1003/1081/1003 1010/1088/1010 1020/1098/1020
f 996/1074/996 998/1076/998 1016/1094/1016
f 1000/1078/1000 1008/1086/1008 1002/1080/1002
f 1003/1081/1003 1008/1086/1008 1009/1087/1009
f 1008/1086/1008 1012/1090/1012 1013/1091/1013
f 1008/1086/1008 1014/1092/1014 1009/1087/1009
f 1001/1079/1001 1000/1078/1000 1002/1080/1002
f 1001/1079/1001 1003/1081/1003 1004/1082/1004
f 1005/1083/1005 1003/1081/1003 1020/1098/1020
f 997/1075/997 1000/1078/1000 998/1076/998
f 1000/1078/1000 1006/1084/1006 1007/1085/1007
f 1017/1095/1017 1016/1094/1016 1004/1082/1004
f 1021/1099/1021 996/1074/996 1016/1094/1016
f 1016/1094/1016 1019/1097/1019 1021/1099/1021
f 1016/1094/1016 998/1076/998 1001/1079/1001
f 1004/1082/1004 1016/1094/1016 1001/1079/1001
f 1017/1095/1017 1004/1082/1004 1005/1083/1005
s 36
f 1022/1100/1022 1023/1101/1023 1024/1102/1024
f 1024/1102/1024 1025/1103/1025 1026/1104/1026
f 1023/1101/1023 1027/1105/1027 1025/1103/1025
f 1027/1105/1027 1028/1106/1028 1029/1107/1029
f 1030/1108/1030 1031/1109/1031 1028/1106/1028
f 1026/1104/1026 1025/1103/1025 1032/1110/1032
f 1025/1103/1025 1033/1111/1033 1034/1112/1034
f 1029/1107/1029 1028/1106/1028 1033/1111/1033
f 1035/1113/1035 1028/1106/1028 1036/1114/1036
f 1037/1115/1037 1034/1112/1034 1038/1116/1038
f 1034/1112/1034 1033/1111/1033 1038/1116/1038
f 1033/1111/1033 1039/1117/1039 1040/1118/1040
f 1039/1117/1039 1035/1113/1035 1041/1119/1041
f 1042/1120/1042 1043/1121/1043 1044/1122/1044
f 1044/1122/1044 1045/1123/1045 1042/1120/1042
f 1035/1113/1035 1036/1114/1036 1041/1119/1041
f 1037/1115/1037 1032/1110/1032 1034/1112/1034
f 1028/1106/1028 1046/1124/1046 1036/1114/1036
f 1022/1100/1022 1042/1120/1042 1023/1101/1023
f 1025/1103/1025 1029/1107/1029 1033/1111/1033
f 1028/1106/1028 1035/1113/1035 1033/1111/1033
f 1033/1111/1033 1040/1118/1040 1038/1116/1038
f 1033/1111/1033 1035/1113/1035 1039/1117/1039
f 1027/1105/1027 1029/1107/1029 1025/1103/1025
f 1027/1105/1027 1030/1108/1030 1028/1106/1028
f 1031/1109/1031 1046/1124/1046 1028/1106/1028
f 1024/1102/1024 1023/1101/1023 1025/1103/1025
f 1025/1103/1025 1034/1112/1034 1032/1110/1032
f 1045/1123/1045 1030/1108/1030 1042/1120/1042
f 1047/1125/1047 1043/1121/1043 1042/1120/1042
f 1042/1120/1042 1022/1100/1022 1047/1125/1047
f 1042/1120/1042 1027/1105/1027 1023/1101/1023
f 1030/1108/1030 1027/1105/1027 1042/1120/1042
f 1045/1123/1045 1031/1109/1031 1030/1108/1030
s 37
f 1048/1126/1048 1049/1127/1049 1050/1128/1050
f 1049/1127/1049 1051/1129/1051 1052/1130/1052
f 1050/1128/1050 1052/1130/1052 1053/1131/1053
f 1053/1131/1053 1054/1132/1054 1055/1133/1055
f 1056/1134/1056 1055/1133/1055 1057/1135/1057
f 1051/1129/1051 1058/1136/1058 1052/1130/1052
f 1052/1130/1052 1059/1137/1059 1060/1138/1060
f 1054/1132/1054 1060/1138/1060 1055/1133/1055
f 1061/1139/1061 1062/1140/1062 1055/1133/1055
f 1063/1141/1063 1064/1142/1064 1059/1137/1059
f 1059/1137/1059 1064/1142/1064 1060/1138/1060
f 1060/1138/1060 1065/1143/1065 1066/1144/1066
f 1066/1144/1066 1067/1145/1067 1061/1139/1061
f 1068/1146/1068 1069/1147/1069 1070/1148/1070
f 1070/1148/1070 1071/1149/1071 1068/1146/1068
f 1061/1139/1061 1067/1145/1067 1062/1140/1062
f 1063/1141/1063 1059/1137/1059 1058/1136/1058
f 1055/1133/1055 1062/1140/1062 1072/1150/1072
f 1048/1126/1048 1050/1128/1050 1068/1146/1068
f 1052/1130/1052 1060/1138/1060 1054/1132/1054
f 1055/1133/1055 1060/1138/1060 1061/1139/1061
f 1060/1138/1060 1064/1142/1064 1065/1143/1065
f 1060/1138/1060 1066/1144/1066 1061/1139/1061
f 1053/1131/1053 1052/1130/1052 1054/1132/1054
f 1053/1131/1053 1055/1133/1055 1056/1134/1056
f 1057/1135/1057 1055/1133/1055 1072/1150/1072
f 1049/1127/1049 1052/1130/1052 1050/1128/1050
f 1052/1130/1052 1058/1136/1058 1059/1137/1059
f 1069/1147/1069 1068/1146/1068 1056/1134/1056
f 1073/1151/1073 1048/1126/1048 1068/1146/1068
f 1068/1146/1068 1071/1149/1071 1073/1151/1073
f 1068/1146/1068 1050/1128/1050 1053/1131/1053
f 1056/1134/1056 1068/1146/1068 1053/1131/1053
f 1069/1147/1069 1056/1134/1056 1057/1135/1057
s 38
f 1074/1152/1074 1075/1153/1075 1076/1154/1076
f 1076/1154/1076 1077/1155/1077 1074/1152/1074
f 1075/1153/1075 1078/1156/1078 1079/1157/1079
f 1079/1157/1079 1076/1154/1076 1075/1153/1075
f 1078/1156/1078 1080/1158/1080 1081/1159/1081
f 1081/1159/1081 1079/1157/1079 1078/1156/1078
f 1080/1158/1080 1082/1160/1082 1083/1161/1083
f 1083/1161/1083 1081/1159/1081 1080/1158/1080
f 1082/1160/1082 1084/1162/1084 1085/1163/1085
f 1085/1163/1085 1083/1161/1083 1082/1160/1082
f 1084/1162/1084 1086/1164/1086 1087/1165/1087
f 1087/1165/1087 1085/1163/1085 1084/1162/1084
f 1086/1166/1086 1088/1167/1088 1089/1168/1089
f 1089/1168/1089 1087/1169/1087 1086/1166/1086
f 1088/1167/1088 1074/1152/1074 1077/1155/1077
f 1077/1155/1077 1089/1168/1089 1088/1167/1088
f 1077/1155/1077 1076/1154/1076 1090/1170/1090
f 1076/1154/1076 1079/1157/1079 1090/1170/1090
f 1079/1157/1079 1081/1159/1081 1090/1171/1090
f 1081/1159/1081 1083/1161/1083 1090/1171/1090
f 1083/1161/1083 1085/1163/1085 1090/1171/1090
f 1085/1163/1085 1087/1165/1087 1090/1171/1090
f 1087/1169/1087 1089/1168/1089 1090/1170/1090
f 1089/1168/1089 1077/1155/1077 1090/1170/1090
f 1075/1153/1075 1074/1152/1074 1091/1172/1091
f 1091/1172/1091 1092/1173/1092 1075/1153/1075
f 1078/1156/1078 1075/1153/1075 1092/1173/1092
f 1092/1173/1092 1093/1174/1093 1078/1156/1078
f 1080/1158/1080 1078/1156/1078 1093/1174/1093
f 1093/1174/1093 1094/1175/1094 1080/1158/1080
f 1082/1160/1082 1080/1158/1080 1094/1175/1094
f 1094/1175/1094 1095/1176/1095 1082/1160/1082
f 1084/1162/1084 1082/1160/1082 1095/1176/1095
f 1095/1176/1095 1096/1177/1096 1084/1162/1084
f 1086/1164/1086 1084/1162/1084 1096/1177/1096
f 1096/1177/1096 1097/1178/1097 1086/1164/1086
f 1088/1167/1088 1086/1166/1086 1097/1179/1097
f 1097/1179/1097 1098/1180/1098 1088/1167/1088
f 1074/1152/1074 1088/1167/1088 1098/1180/1098
f 1098/1180/1098 1091/1172/1091 1074/1152/1074
f 1092/1173/1092 1091/1172/1091 1099/1181/1099
f 1099/1181/1099 1100/1182/1100 1092/1173/1092
f 1093/1174/1093 1092/1173/1092 1100/1182/1100
f 1100/1182/1100 1101/1183/1101 1093/1174/1093
f 1094/1175/1094 1093/1174/1093 1101/1183/1101
f 1101/1183/1101 1102/1184/1102 1094/1175/1094
f 1095/1176/1095 1094/1175/1094 1102/1184/1102
f 1102/1184/1102 1103/1185/1103 1095/1176/1095
f 1096/1177/1096 1095/1176/1095 1103/1185/1103
f 1103/1185/1103 1104/1186/1104 1096/1177/1096
f 1097/1178/1097 1096/1177/1096 1104/1186/1104
f 1104/1186/1104 1105/1187/1105 1097/1178/1097
f 1098/1180/1098 1097/1179/1097 1105/1188/1105
f 1105/1188/1105 1106/1189/1106 1098/1180/1098
f 1091/1172/1091 1098/1180/1098 1106/1189/1106
f 1106/1189/1106 1099/1181/1099 1091/1172/1091
f 1100/1182/1100 1099/1181/1099 1107/1190/1107
f 1107/1190/1107 1108/1191/1108 1100/1182/1100
f 1101/1183/1101 1100/1182/1100 1108/1191/1108
f 1108/1191/1108 1109/1192/1109 1101/1183/1101
f 1102/1184/1102 1101/1183/1101 1109/1192/1109
f 1109/1192/1109 1110/1193/1110 1102/1184/1102
f 1103/1185/1103 1102/1184/1102 1110/1193/1110
f 1110/1193/1110 1111/1194/1111 1103/1185/1103
f 1104/1186/1104 1103/1185/1103 1111/1194/1111
f 1111/1194/1111 1112/1195/1112 1104/1186/1104
f 1105/1187/1105 1104/1186/1104 1112/1195/1112
f 1112/1195/1112 1113/1196/1113 1105/1187/1105
f 1106/1189/1106 1105/1188/1105 1113/1197/1113
f 1113/1197/1113 1114/1198/1114 1106/1189/1106
f 1099/1181/1099 1106/1189/1106 1114/1198/1114
f 1114/1198/1114 1107/1190/1107 1099/1181/1099
f 1108/1191/1108 1107/1190/1107 1115/1199/1115
f 1115/1199/1115 1116/1200/1116 1108/1191/1108
f 1109/1192/1109 1108/1191/1108 1116/1200/1116
f 1116/1200/1116 1117/1201/1117 1109/1192/1109
f 1110/1193/1110 1109/1192/1109 1117/1201/1117
f 1117/1201/1117 1118/1202/1118 1110/1193/1110
f 1111/1194/1111 1110/1193/1110 1118/1202/1118
f 1118/1202/1118 1119/1203/1119 1111/1194/1111
f 1112/1195/1112 1111/1194/1111 1119/1203/1119
f 1119/1203/1119 1120/1204/1120 1112/1195/1112
f 1113/1196/1113 1112/1195/1112 1120/1204/1120
f 1120/1204/1120 1121/1205/1121 1113/1196/1113
f 1114/1198/1114 1113/1197/1113 1121/1206/1121
f 1121/1206/1121 1122/1207/1122 1114/1198/1114
f 1107/1190/1107 1114/1198/1114 1122/1207/1122
f 1122/1207/1122 1115/1199/1115 1107/1190/1107
f 1116/1200/1116 1115/1199/1115 1123/1208/1123
f 1117/1201/1117 1116/1200/1116 1123/1208/1123
f 1118/1202/1118 1117/1201/1117 1123/1209/1123
f 1119/1203/1119 1118/1202/1118 1123/1209/1123
f 1120/1204/1120 1119/1203/1119 1123/1209/1123
f 1121/1205/1121 1120/1204/1120 1123/1209/1123
f 1122/1207/1122 1121/1206/1121 1123/1208/1123
f 1115/1199/1115 1122/1207/1122 1123/1208/1123
s 39
f 1124/1210/1124 1125/1211/1125 1126/1212/1126
f 1126/1212/1126 1127/1213/1127 1128/1214/1128
f 1125/1211/1125 1129/1215/1129 1127/1213/1127
f 1129/1215/1129 1130/1216/1130 1131/1217/1131
f 1132/1218/1132 1133/1219/1133 1130/1216/1130
f 1128/1214/1128 1127/1213/1127 1134/1220/1134
f 1127/1213/1127 1135/1221/1135 1136/1222/1136
f 1131/1217/1131 1130/1216/1130 1135/1221/1135
f 1137/1223/1137 1130/1216/1130 1138/1224/1138
f 1139/1225/1139 1136/1222/1136 1140/1226/1140
f 1136/1222/1136 1135/1221/1135 1140/1226/1140
f 1135/1221/1135 1141/1227/1141 1142/1228/1142
f 1141/1227/1141 1137/1223/1137 1143/1229/1143
f 1144/1230/1144 1145/1231/1145 1146/1232/1146
f 1146/1232/1146 1147/1233/1147 1144/1230/1144
f 1137/1223/1137 1138/1224/1138 1143/1229/1143
f 1139/1225/1139 1134/1220/1134 1136/1222/1136
f 1130/1216/1130 1148/1234/1148 1138/1224/1138
f 1124/1210/1124 1144/1230/1144 1125/1211/1125
f 1127/1213/1127 1131/1217/1131 1135/1221/1135
f 1130/1216/1130 1137/1223/1137 1135/1221/1135
f 1135/1221/1135 1142/1228/1142 1140/1226/1140
f 1135/1221/1135 1137/1223/1137 1141/1227/1141
f 1129/1215/1129 1131/1217/1131 1127/1213/1127
f 1129/1215/1129 1132/1218/1132 1130/1216/1130
f 1133/1219/1133 1148/1234/1148 1130/1216/1130
f 1126/1212/1126 1125/1211/1125 1127/1213/1127
f 1127/1213/1127 1136/1222/1136 1134/1220/1134
f 1147/1233/1147 1132/1218/1132 1144/1230/1144
f 1149/1235/1149 1145/1231/1145 1144/1230/1144
f 1144/1230/1144 1124/1210/1124 1149/1235/1149
f 1144/1230/1144 1129/1215/1129 1125/1211/1125
f 1132/1218/1132 1129/1215/1129 1144/1230/1144
f 1147/1233/1147 1133/1219/1133 1132/1218/1132
s 40
f 1150/1236/1150 1151/1237/1151 1152/1238/1152
f 1151/1237/1151 1153/1239/1153 1154/1240/1154
f 1152/1238/1152 1154/1240/1154 1155/1241/1155
f 1155/1241/1155 1156/1242/1156 1157/1243/1157
f 1158/1244/1158 1157/1243/1157 1159/1245/1159
f 1153/1239/1153 1160/1246/1160 1154/1240/1154
f 1154/1240/1154 1161/1247/1161 1162/1248/1162
f 1156/1242/1156 1162/1248/1162 1157/1243/1157
f 1163/1249/1163 1164/1250/1164 1157/1243/1157
f 1165/1251/1165 1166/1252/1166 1161/1247/1161
f 1161/1247/1161 1166/1252/1166 1162/1248/1162
f 1162/1248/1162 1167/1253/1167 1168/1254/1168
f 1168/1254/1168 1169/1255/1169 1163/1249/1163
f 1170/1256/1170 1171/1257/1171 1172/1258/1172
f 1172/1258/1172 1173/1259/1173 1170/1256/1170
f 1163/1249/1163 1169/1255/1169 1164/1250/1164
f 1165/1251/1165 1161/1247/1161 1160/1246/1160
f 1157/1243/1157 1164/1250/1164 1174/1260/1174
f 1150/1236/1150 1152/1238/1152 1170/1256/1170
f 1154/1240/1154 1162/1248/1162 1156/1242/1156
f 1157/1243/1157 1162/1248/1162 1163/1249/1163
f 1162/1248/1162 1166/1252/1166 1167/1253/1167
f 1162/1248/1162 1168/1254/1168 1163/1249/1163
f 1155/1241/1155 1154/1240/1154 1156/1242/1156
f 1155/1241/1155 1157/1243/1157 1158/1244/1158
f 1159/1245/1159 1157/1243/1157 1174/1260/1174
f 1151/1237/1151 1154/1240/1154 1152/1238/1152
f 1154/1240/1154 1160/1246/1160 1161/1247/1161
f 1171/1257/1171 1170/1256/1170 1158/1244/1158
f 1175/1261/1175 1150/1236/1150 1170/1256/1170
f 1170/1256/1170 1173/1259/1173 1175/1261/1175
f 1170/1256/1170 1152/1238/1152 1155/1241/1155
f 1158/1244/1158 1170/1256/1170 1155/1241/1155
f 1171/1257/1171 1158/1244/1158 1159/1245/1159
s 41
f 1176/1262/1176 1177/1263/1177 1178/1264/1178
f 1178/1264/1178 1179/1265/1179 1180/1266/1180
f 1177/1263/1177 1181/1267/1181 1179/1265/1179
f 1181/1267/1181 1182/1268/1182 1183/1269/1183
f 1184/1270/1184 1185/1271/1185 1182/1268/1182
f 1180/1266/1180 1179/1265/1179 1186/1272/1186
f 1179/1265/1179 1187/1273/1187 1188/1274/1188
f 1183/1269/1183 1182/1268/1182 1187/1273/1187
f 1189/1275/1189 1182/1268/1182 1190/1276/1190
f 1191/1277/1191 1188/1274/1188 1192/1278/1192
f 1188/1274/1188 1187/1273/1187 1192/1278/1192
f 1187/1273/1187 1193/1279/1193 1194/1280/1194
f 1193/1279/1193 1189/1275/1189 1195/1281/1195
f 1196/1282/1196 1197/1283/1197 1198/1284/1198
f 1198/1284/1198 1199/1285/1199 1196/1282/1196
f 1189/1275/1189 1190/1276/1190 1195/1281/1195
f 1191/1277/1191 1186/1272/1186 1188/1274/1188
f 1182/1268/1182 1200/1286/1200 1190/1276/1190
f 1176/1262/1176 1196/1282/1196 1177/1263/1177
f 1179/1265/1179 1183/1269/1183 1187/1273/1187
f 1182/1268/1182 1189/1275/1189 1187/1273/1187
f 1187/1273/1187 1194/1280/1194 1192/1278/1192
f 1187/1273/1187 1189/1275/1189 1193/1279/1193
f 1181/1267/1181 1183/1269/1183 1179/1265/1179
f 1181/1267/1181 1184/1270/1184 1182/1268/1182
f 1185/1271/1185 1200/1286/1200 1182/1268/1182
f 1178/1264/1178 1177/1263/1177 1179/1265/1179
f 1179/1265/1179 1188/1274/1188 1186/1272/1186
f 1199/1285/1199 1184/1270/1184 1196/1282/1196
f 1201/1287/1201 1197/1283/1197 1196/1282/1196
f 1196/1282/1196 1176/1262/1176 1201/1287/1201
f 1196/1282/1196 1181/1267/1181 1177/1263/1177
f 1184/1270/1184 1181/1267/1181 1196/1282/1196
f 1199/1285/1199 1185/1271/1185 1184/1270/1184
s 42
f 1202/1288/1202 1203/1289/1203 1204/1290/1204
f 1203/1289/1203 1205/1291/1205 1206/1292/1206
f 1204/1290/1204 1206/1292/1206 1207/1293/1207
f 1207/1293/1207 1208/1294/1208 1209/1295/1209
f 1210/1296/1210 1209/1295/1209 1211/1297/1211
f 1205/1291/1205 1212/1298/1212 1206/1292/1206
f 1206/1292/1206 1213/1299/1213 1214/1300/1214
f 1208/1294/1208 1214/1300/1214 1209/1295/1209
f 1215/1301/1215 1216/1302/1216 1209/1295/1209
f 1217/1303/1217 1218/1304/1218 1213/1299/1213
f 1213/1299/1213 1218/1304/1218 1214/1300/1214
f 1214/1300/1214 1219/1305/1219 1220/1306/1220
f 1220/1306/1220 1221/1307/1221 1215/1301/1215
f 1222/1308/1222 1223/1309/1223 1224/1310/1224
f 1224/1310/1224 1225/1311/1225 1222/1308/1222
f 1215/1301/1215 1221/1307/1221 1216/1302/1216
f 1217/1303/1217 1213/1299/1213 1212/1298/1212
f 1209/1295/1209 1216/1302/1216 1226/1312/1226
f 1202/1288/1202 1204/1290/1204 1222/1308/1222
f 1206/1292/1206 1214/1300/1214 1208/1294/1208
f 1209/1295/1209 1214/1300/1214 1215/1301/1215
f 1214/1300/1214 1218/1304/1218 1219/1305/1219
f 1214/1300/1214 1220/1306/1220 1215/1301/1215
f 1207/1293/1207 1206/1292/1206 1208/1294/1208
f 1207/1293/1207 1209/1295/1209 1210/1296/1210
f 1211/1297/1211 1209/1295/1209 1226/1312/1226
f 1203/1289/1203 1206/1292/1206 1204/1290/1204
f 1206/1292/1206 1212/1298/1212 1213/1299/1213
f 1223/1309/1223 1222/1308/1222 1210/1296/1210
f 1227/1313/1227 1202/1288/1202 1222/1308/1222
f 1222/1308/1222 1225/1311/1225 1227/1313/1227
f 1222/1308/1222 1204/1290/1204 1207/1293/1207
f 1210/1296/1210 1222/1308/1222 1207/1293/1207
f 1223/1309/1223 1210/1296/1210 1211/1297/1211
s 43
f 1228/1314/1228 1229/1315/1229 1230/1316/1230
f 1230/1316/1230 1231/1317/1231 1232/1318/1232
f 1229/1315/1229 1233/1319/1233 1231/1317/1231
f 1233/1319/1233 1234/1320/1234 1235/1321/1235
f 1236/1322/1236 1237/1323/1237 1234/1320/1234
f 1232/1318/1232 1231/1317/1231 1238/1324/1238
f 1231/1317/1231 1239/1325/1239 1240/1326/1240
f 1235/1321/1235 1234/1320/1234 1239/1325/1239
f 1241/1327/1241 1234/1320/1234 1242/1328/1242
f 1243/1329/1243 1240/1326/1240 1244/1330/1244
f 1240/1326/1240 1239/1325/1239 1244/1330/1244
f 1239/1325/1239 1245/1331/1245 1246/1332/1246
f 1245/1331/1245 1241/1327/1241 1247/1333/1247
f 1248/1334/1248 1249/1335/1249 1250/1336/1250
f 1250/1336/1250 1251/1337/1251 1248/1334/1248
f 1241/1327/1241 1242/1328/1242 1247/1333/1247
f 1243/1329/1243 1238/1324/1238 1240/1326/1240
f 1234/1320/1234 1252/1338/1252 1242/1328/1242
f 1228/1314/1228 1248/1334/1248 1229/1315/1229
f 1231/1317/1231 1235/1321/1235 1239/1325/1239
f 1234/1320/1234 1241/1327/1241 1239/1325/1239
f 1239/1325/1239 1246/1332/1246 1244/1330/1244
f 1239/1325/1239 1241/1327/1241 1245/1331/1245
f 1233/1319/1233 1235/1321/1235 1231/1317/1231
f 1233/1319/1233 1236/1322/1236 1234/1320/1234
f 1237/1323/1237 1252/1338/1252 1234/1320/1234
f 1230/1316/1230 1229/1315/1229 1231/1317/1231
f 1231/1317/1231 1240/1326/1240 1238/1324/1238
f 1251/1337/1251 1236/1322/1236 1248/1334/1248
f 1253/1339/1253 1249/1335/1249 1248/1334/1248
f 1248/1334/1248 1228/1314/1228 1253/1339/1253
f 1248/1334/1248 1233/1319/1233 1229/1315/1229
f 1236/1322/1236 1233/1319/1233 1248/1334/1248
f 1251/1337/1251 1237/1323/1237 1236/1322/1236
s 44
f 1254/1340/1254 1255/1341/1255 1256/1342/1256
f 1255/1341/1255 1257/1343/1257 1258/1344/1258
f 1256/1342/1256 1258/1344/1258 1259/1345/1259
f 1259/1345/1259 1260/1346/1260 1261/1347/1261
f 1262/1348/1262 1261/1347/1261 1263/1349/1263
f 1257/1343/1257 1264/1350/1264 1258/1344/1258
f 1258/1344/1258 1265/1351/1265 1266/1352/1266
f 1260/1346/1260 1266/1352/1266 1261/1347/1261
f 1267/1353/1267 1268/1354/1268 1261/1347/1261
f 1269/1355/1269 1270/1356/1270 1265/1351/1265
f 1265/1351/1265 1270/1356/1270 1266/1352/1266
f 1266/1352/1266 1271/1357/1271 1272/1358/1272
f 1272/1358/1272 1273/1359/1273 1267/1353/1267
f 1274/1360/1274 1275/1361/1275 1276/1362/1276
f 1276/1362/1276 1277/1363/1277 1274/1360/1274
f 1267/1353/1267 1273/1359/1273 1268/1354/1268
f 1269/1355/1269 1265/1351/1265 1264/1350/1264
f 1261/1347/1261 1268/1354/1268 1278/1364/1278
f 1254/1340/1254 1256/1342/1256 1274/1360/1274
f 1258/1344/1258 1266/1352/1266 1260/1346/1260
f 1261/1347/1261 1266/1352/1266 1267/1353/1267
f 1266/1352/1266 1270/1356/1270 1271/1357/1271
f 1266/1352/1266 1272/1358/1272 1267/1353/1267
f 1259/1345/1259 1258/1344/1258 1260/1346/1260
f 1259/1345/1259 1261/1347/1261 1262/1348/1262
f 1263/1349/1263 1261/1347/1261 1278/1364/1278
f 1255/1341/1255 1258/1344/1258 1256/1342/1256
f 1258/1344/1258 1264/1350/1264 1265/1351/1265
f 1275/1361/1275 1274/1360/1274 1262/1348/1262
f 1279/1365/1279 1254/1340/1254 1274/1360/1274
f 1274/1360/1274 1277/1363/1277 1279/1365/1279
f 1274/1360/1274 1256/1342/1256 1259/1345/1259
f 1262/1348/1262 1274/1360/1274 1259/1345/1259
f 1275/1361/1275 1262/1348/1262 1263/1349/1263
s 45
f 1280/1366/1280 1281/1367/1281 1282/1368/1282
f 1282/1368/1282 1283/1369/1283 1284/1370/1284
f 1281/1367/1281 1285/1371/1285 1283/1369/1283
f 1285/1371/1285 1286/1372/1286 1287/1373/1287
f 1288/1374/1288 1289/1375/1289 1286/1372/1286
f 1284/1370/1284 1283/1369/1283 1290/1376/1290
f 1283/1369/1283 1291/1377/1291 1292/1378/1292
f 1287/1373/1287 1286/1372/1286 1291/1377/1291
f 1293/1379/1293 1286/1372/1286 1294/1380/1294
f 1295/1381/1295 1292/1378/1292 1296/1382/1296
f 1292/1378/1292 1291/1377/1291 1296/1382/1296
f 1291/1377/1291 1297/1383/1297 1298/1384/1298
f 1297/1383/1297 1293/1379/1293 1299/1385/1299
f 1300/1386/1300 1301/1387/1301 1302/1388/1302
f 1302/1388/1302 1303/1389/1303 1300/1386/1300
f 1293/1379/1293 1294/1380/1294 1299/1385/1299
f 1295/1381/1295 1290/1376/1290 1292/1378/1292
f 1286/1372/1286 1304/1390/1304 1294/1380/1294
f 1280/1366/1280 1300/1386/1300 1281/1367/1281
f 1283/1369/1283 1287/1373/1287 1291/1377/1291
f 1286/1372/1286 1293/1379/1293 1291/1377/1291
f 1291/1377/1291 1298/1384/1298 1296/1382/1296
f 1291/1377/1291 1293/1379/1293 1297/1383/1297
f 1285/1371/1285 1287/1373/1287 1283/1369/1283
f 1285/1371/1285 1288/1374/1288 1286/1372/1286
f 1289/1375/1289 1304/1390/1304 1286/1372/1286
f 1282/1368/1282 1281/1367/1281 1283/1369/1283
f 1283/1369/1283 1292/1378/1292 1290/1376/1290
f 1303/1389/1303 1288/1374/1288 1300/1386/1300
f 1305/1391/1305 1301/1387/1301 1300/1386/1300
f 1300/1386/1300 1280/1366/1280 1305/1391/1305
f 1300/1386/1300 1285/1371/1285 1281/1367/1281
f 1288/1374/1288 1285/1371/1285 1300/1386/1300
f 1303/1389/1303 1289/1375/1289 1288/1374/1288
s 46
f 1306/1392/1306 1307/1393/1307 1308/1394/1308
f 1307/1393/1307 1309/1395/1309 1310/1396/1310
f 1308/1394/1308 1310/1396/1310 1311/1397/1311
f 1311/1397/1311 1312/1398/1312 1313/1399/1313
f 1314/1400/1314 1313/1399/1313 1315/1401/1315
f 1309/1395/1309 1316/1402/1316 1310/1396/1310
f 1310/1396/1310 1317/1403/1317 1318/1404/1318
f 1312/1398/1312 1318/1404/1318 1313/1399/1313
f 1319/1405/1319 1320/1406/1320 1313/1399/1313
f 1321/1407/1321 1322/1408/1322 1317/1403/1317
f 1317/1403/1317 1322/1408/1322 1318/1404/1318
f 1318/1404/1318 1323/1409/1323 1324/1410/1324
f 1324/1410/1324 1325/1411/1325 1319/1405/1319
f 1326/1412/1326 1327/1413/1327 1328/1414/1328
f 1328/1414/1328 1329/1415/1329 1326/1412/1326
f 1319/1405/1319 1325/1411/1325 1320/1406/1320
f 1321/1407/1321 1317/1403/1317 1316/1402/1316
f 1313/1399/1313 1320/1406/1320 1330/1416/1330
f 1306/1392/1306 1308/1394/1308 1326/1412/1326
f 1310/1396/1310 1318/1404/1318 1312/1398/1312
f 1313/1399/1313 1318/1404/1318 1319/1405/1319
f 1318/1404/1318 1322/1408/1322 1323/1409/1323
f 1318/1404/1318 1324/1410/1324 1319/1405/1319
f 1311/1397/1311 1310/1396/1310 1312/1398/1312
f 1311/1397/1311 1313/1399/1313 1314/1400/1314
f 1315/1401/1315 1313/1399/1313 1330/1416/1330
f 1307/1393/1307 1310/1396/1310 1308/1394/1308
f 1310/1396/1310 1316/1402/1316 1317/1403/1317
f 1327/1413/1327 1326/1412/1326 1314/1400/1314
f 1331/1417/1331 1306/1392/1306 1326/1412/1326
f 1326/1412/1326 1329/1415/1329 1331/1417/1331
f 1326/1412/1326 1308/1394/1308 1311/1397/1311
f 1314/1400/1314 1326/1412/1326 1311/1397/1311
f 1327/1413/1327 1314/1400/1314 1315/1401/1315
s 47
f 1332/1418/1332 1333/1419/1333 1334/1420/1334
f 1334/1420/1334 1335/1421/1335 1336/1422/1336
f 1333/1419/1333 1337/1423/1337 1335/1421/1335
f 1337/1423/1337 1338/1424/1338 1339/1425/1339
f 1340/1426/1340 1341/1427/1341 1338/1424/1338
f 1336/1422/1336 1335/1421/1335 1342/1428/1342
f 1335/1421/1335 1343/1429/1343 1344/1430/1344
f 1339/1425/1339 1338/1424/1338 1343/1429/1343
f 1345/1431/1345 1338/1424/1338 1346/1432/1346
f 1347/1433/1347 1344/1430/1344 1348/1434/1348
f 1344/1430/1344 1343/1429/1343 1348/1434/1348
f 1343/1429/1343 1349/1435/1349 1350/1436/1350
f 1349/1435/1349 1345/1431/1345 1351/1437/1351
f 1352/1438/1352 1353/1439/1353 1354/1440/1354
f 1354/1440/1354 1355/1441/1355 1352/1438/1352
f 1345/1431/1345 1346/1432/1346 1351/1437/1351
f 1347/1433/1347 1342/1428/1342 1344/1430/1344
f 1338/1424/1338 1356/1442/1356 1346/1432/1346
f 1332/1418/1332 1352/1438/1352 1333/1419/1333
f 1335/1421/1335 1339/1425/1339 1343/1429/1343
f 1338/1424/1338 1345/1431/1345 1343/1429/1343
f 1343/1429/1343 1350/1436/1350 1348/1434/1348
f 1343/1429/1343 1345/1431/1345 1349/1435/1349
f 1337/1423/1337 1339/1425/1339 1335/1421/1335
f 1337/1423/1337 1340/1426/1340 1338/1424/1338
f 1341/1427/1341 1356/1442/1356 1338/1424/1338
f 1334/1420/1334 1333/1419/1333 1335/1421/1335
f 1335/1421/1335 1344/1430/1344 1342/1428/1342
f 1355/1441/1355 1340/1426/1340 1352/1438/1352
f 1357/1443/1357 1353/1439/1353 1352/1438/1352
f 1352/1438/1352 1332/1418/1332 1357/1443/1357
f 1352/1438/1352 1337/1423/1337 1333/1419/1333
f 1340/1426/1340 1337/1423/1337 1352/1438/1352
f 1355/1441/1355 1341/1427/1341 1340/1426/1340
s 48
f 1358/1444/1358 1359/1445/1359 1360/1446/1360
f 1359/1445/1359 1361/1447/1361 1362/1448/1362
f 1360/1446/1360 1362/1448/1362 1363/1449/1363
f 1363/1449/1363 1364/1450/1364 1365/1451/1365
f 1366/1452/1366 1365/1451/1365 1367/1453/1367
f 1361/1447/1361 1368/1454/1368 1362/1448/1362
f 1362/1448/1362 1369/1455/1369 1370/1456/1370
f 1364/1450/1364 1370/1456/1370 1365/1451/1365
f 1371/1457/1371 1372/1458/1372 1365/1451/1365
f 1373/1459/1373 1374/1460/1374 1369/1455/1369
f 1369/1455/1369 1374/1460/1374 1370/1456/1370
f 1370/1456/1370 1375/1461/1375 1376/1462/1376
f 1376/1462/1376 1377/1463/1377 1371/1457/1371
f 1378/1464/1378 1379/1465/1379 1380/1466/1380
f 1380/1466/1380 1381/1467/1381 1378/1464/1378
f 1371/1457/1371 1377/1463/1377 1372/1458/1372
f 1373/1459/1373 1369/1455/1369 1368/1454/1368
f 1365/1451/1365 1372/1458/1372 1382/1468/1382
f 1358/1444/1358 1360/1446/1360 1378/1464/1378
f 1362/1448/1362 1370/1456/1370 1364/1450/1364
f 1365/1451/1365 1370/1456/1370 1371/1457/1371
f 1370/1456/1370 1374/1460/1374 1375/1461/1375
f 1370/1456/1370 1376/1462/1376 1371/1457/1371
f 1363/1449/1363 1362/1448/1362 1364/1450/1364
f 1363/1449/1363 1365/1451/1365 1366/1452/1366
f 1367/1453/1367 1365/1451/1365 1382/1468/1382
f 1359/1445/1359 1362/1448/1362 1360/1446/1360
f 1362/1448/1362 1368/1454/1368 1369/1455/1369
f 1379/1465/1379 1378/1464/1378 1366/1452/1366
f 1383/1469/1383 1358/1444/1358 1378/1464/1378
f 1378/1464/1378 1381/1467/1381 1383/1469/1383
f 1378/1464/1378 1360/1446/1360 1363/1449/1363
f 1366/1452/1366 1378/1464/1378 1363/1449/1363
f 1379/1465/1379 1366/1452/1366 1367/1453/1367
s 49
f 1384/1470/1384 1385/1471/1385 1386/1472/1386
f 1386/1472/1386 1387/1473/1387 1388/1474/1388
f 1385/1471/1385 1389/1475/1389 1387/1473/1387
f 1389/1475/1389 1390/1476/1390 1391/1477/1391
f 1392/1478/1392 1393/1479/1393 1390/1476/1390
f 1388/1474/1388 1387/1473/1387 1394/1480/1394
f 1387/1473/1387 1395/1481/1395 1396/1482/1396
f 1391/1477/1391 1390/1476/1390 1395/1481/1395
f 1397/1483/1397 1390/1476/1390 1398/1484/1398
f 1399/1485/1399 1396/1482/1396 1400/1486/1400
f 1396/1482/1396 1395/1481/1395 1400/1486/1400
f 1395/1481/1395 1401/1487/1401 1402/1488/1402
f 1401/1487/1401 1397/1483/1397 1403/1489/1403
f 1404/1490/1404 1405/1491/1405 1406/1492/1406
f 1406/1492/1406 1407/1493/1407 1404/1490/1404
f 1397/1483/1397 1398/1484/1398 1403/1489/1403
f 1399/1485/1399 1394/1480/1394 1396/1482/1396
f 1390/1476/1390 1408/1494/1408 1398/1484/1398
f 1384/1470/1384 1404/1490/1404 1385/1471/1385
f 1387/1473/1387 1391/1477/1391 1395/1481/1395
f 1390/1476/1390 1397/1483/1397 1395/1481/1395
f 1395/1481/1395 1402/1488/1402 1400/1486/1400
f 1395/1481/1395 1397/1483/1397 1401/1487/1401
f 1389/1475/1389 1391/1477/1391 1387/1473/1387
f 1389/1475/1389 1392/1478/1392 1390/1476/1390
f 1393/1479/1393 1408/1494/1408 1390/1476/1390
f 1386/1472/1386 1385/1471/1385 1387/1473/1387
f 1387/1473/1387 1396/1482/1396 1394/1480/1394
f 1407/1493/1407 1392/1478/1392 1404/1490/1404
f 1409/1495/1409 1405/1491/1405 1404/1490/1404
f 1404/1490/1404 1384/1470/1384 1409/1495/1409
f 1404/1490/1404 1389/1475/1389 1385/1471/1385
f 1392/1478/1392 1389/1475/1389 1404/1490/1404
f 1407/1493/1407 1393/1479/1393 1392/1478/1392
s 50
f 1410/1496/1410 1411/1497/1411 1412/1498/1412
f 1411/1497/1411 1413/1499/1413 1414/1500/1414
f 1412/1498/1412 1414/1500/1414 1415/1501/1415
f 1415/1501/1415 1416/1502/1416 1417/1503/1417
f 1418/1504/1418 1417/1503/1417 1419/1505/1419
f 1413/1499/1413 1420/1506/1420 1414/1500/1414
f 1414/1500/1414 1421/1507/1421 1422/1508/1422
f 1416/1502/1416 1422/1508/1422 1417/1503/1417
f 1423/1509/1423 1424/1510/1424 1417/1503/1417
f 1425/1511/1425 1426/1512/1426 1421/1507/1421
f 1421/1507/1421 1426/1512/1426 1422/1508/1422
f 1422/1508/1422 1427/1513/1427 1428/1514/1428
f 1428/1514/1428 1429/1515/1429 1423/1509/1423
f 1430/1516/1430 1431/1517/1431 1432/1518/1432
f 1432/1518/1432 1433/1519/1433 1430/1516/1430
f 1423/1509/1423 1429/1515/1429 1424/1510/1424
f 1425/1511/1425 1421/1507/1421 1420/1506/1420
f 1417/1503/1417 1424/1510/1424 1434/1520/1434
f 1410/1496/1410 1412/1498/1412 1430/1516/1430
f 1414/1500/1414 1422/1508/1422 1416/1502/1416
f 1417/1503/1417 1422/1508/1422 1423/1509/1423
f 1422/1508/1422 1426/1512/1426 1427/1513/1427
f 1422/1508/1422 1428/1514/1428 1423/1509/1423
f 1415/1501/1415 1414/1500/1414 1416/1502/1416
f 1415/1501/1415 1417/1503/1417 1418/1504/1418
f 1419/1505/1419 1417/1503/1417 1434/1520/1434
f 1411/1497/1411 1414/1500/1414 1412/1498/1412
f 1414/1500/1414 1420/1506/1420 1421/1507/1421
f 1431/1517/1431 1430/1516/1430 1418/1504/1418
f 1435/1521/1435 1410/1496/1410 1430/1516/1430
f 1430/1516/1430 1433/1519/1433 1435/1521/1435
f 1430/1516/1430 1412/1498/1412 1415/1501/1415
f 1418/1504/1418 1430/1516/1430 1415/1501/1415
f 1431/1517/1431 1418/1504/1418 1419/1505/1419
s 51
f 1436/1522/1436 1437/1523/1437 1438/1524/1438
f 1438/1524/1438 1439/1525/1439 1440/1526/1440
f 1437/1523/1437 1441/1527/1441 1439/1525/1439
f 1441/1527/1441 1442/1528/1442 1443/1529/1443
f 1444/1530/1444 1445/1531/1445 1442/1528/1442
f 1440/1526/1440 1439/1525/1439 1446/1532/1446
f 1439/1525/1439 1447/1533/1447 1448/1534/1448
f 1443/1529/1443 1442/1528/1442 1447/1533/1447
f 1449/1535/1449 1442/1528/1442 1450/1536/1450
f 1451/1537/1451 1448/1534/1448 1452/1538/1452
f 1448/1534/1448 1447/1533/1447 1452/1538/1452
f 1447/1533/1447 1453/1539/1453 1454/1540/1454
f 1453/1539/1453 1449/1535/1449 1455/1541/1455
f 1456/1542/1456 1457/1543/1457 1458/1544/1458
f 1458/1544/1458 1459/1545/1459 1456/1542/1456
f 1449/1535/1449 1450/1536/1450 1455/1541/1455
f 1451/1537/1451 1446/1532/1446 1448/1534/1448
f 1442/1528/1442 1460/1546/1460 1450/1536/1450
f 1436/1522/1436 1456/1542/1456 1437/1523/1437
f 1439/1525/1439 1443/1529/1443 1447/1533/1447
f 1442/1528/1442 1449/1535/1449 1447/1533/1447
f 1447/1533/1447 1454/1540/1454 1452/1538/1452
f 1447/1533/1447 1449/1535/1449 1453/1539/1453
f 1441/1527/1441 1443/1529/1443 1439/1525/1439
f 1441/1527/1441 1444/1530/1444 1442/1528/1442
f 1445/1531/1445 1460/1546/1460 1442/1528/1442
f 1438/1524/1438 1437/1523/1437 1439/1525/1439
f 1439/1525/1439 1448/1534/1448 1446/1532/1446
f 1459/1545/1459 1444/1530/1444 1456/1542/1456
f 1461/1547/1461 1457/1543/1457 1456/1542/1456
f 1456/1542/1456 1436/1522/1436 1461/1547/1461
f 1456/1542/1456 1441/1527/1441 1437/1523/1437
f 1444/1530/1444 1441/1527/1441 1456/1542/1456
f 1459/1545/1459 1445/1531/1445 1444/1530/1444
s 52
f 1462/1548/1462 1463/1549/1463 1464/1550/1464
f 1463/1549/1463 1465/1551/1465 1466/1552/1466
f 1464/1550/1464 1466/1552/1466 1467/1553/1467
f 1467/1553/1467 1468/1554/1468 1469/1555/1469
f 1470/1556/1470 1469/1555/1469 1471/1557/1471
f 1465/1551/1465 1472/1558/1472 1466/1552/1466
f 1466/1552/1466 1473/1559/1473 1474/1560/1474
f 1468/1554/1468 1474/1560/1474 1469/1555/1469
f 1475/1561/1475 1476/1562/1476 1469/1555/1469
f 1477/1563/1477 1478/1564/1478 1473/1559/1473
f 1473/1559/1473 1478/1564/1478 1474/1560/1474
f 1474/1560/1474 1479/1565/1479 1480/1566/1480
f 1480/1566/1480 1481/1567/1481 1475/1561/1475
f 1482/1568/1482 1483/1569/1483 1484/1570/1484
f 1484/1570/1484 1485/1571/1485 1482/1568/1482
f 1475/1561/1475 1481/1567/1481 1476/1562/1476
f 1477/1563/1477 1473/1559/1473 1472/1558/1472
f 1469/1555/1469 1476/1562/1476 1486/1572/1486
f 1462/1548/1462 1464/1550/1464 1482/1568/1482
f 1466/1552/1466 1474/1560/1474 1468/1554/1468
f 1469/1555/1469 1474/1560/1474 1475/1561/1475
f 1474/1560/1474 1478/1564/1478 1479/1565/1479
f 1474/1560/1474 1480/1566/1480 1475/1561/1475
f 1467/1553/1467 1466/1552/1466 1468/1554/1468
f 1467/1553/1467 1469/1555/1469 1470/1556/1470
f 1471/1557/1471 1469/1555/1469 1486/1572/1486
f 1463/1549/1463 1466/1552/1466 1464/1550/1464
f 1466/1552/1466 1472/1558/1472 1473/1559/1473
f 1483/1569/1483 1482/1568/1482 1470/1556/1470
f 1487/1573/1487 1462/1548/1462 1482/1568/1482
f 1482/1568/1482 1485/1571/1485 1487/1573/1487
f 1482/1568/1482 1464/1550/1464 1467/1553/1467
f 1470/1556/1470 1482/1568/1482 1467/1553/1467
f 1483/1569/1483 1470/1556/1470 1471/1557/1471
s 53
f 1488/1574/1488 1489/1575/1489 1490/1576/1490
f 1490/1576/1490 1491/1577/1491 1492/1578/1492
f 1489/1575/1489 1493/1579/1493 1491/1577/1491
f 1493/1579/1493 1494/1580/1494 1495/1581/1495
f 1496/1582/1496 1497/1583/1497 1494/1580/1494
f 1492/1578/1492 1491/1577/1491 1498/1584/1498
f 1491/1577/1491 1499/1585/1499 1500/1586/1500
f 1495/1581/1495 1494/1580/1494 1499/1585/1499
f 1501/1587/1501 1494/1580/1494 1502/1588/1502
f 1503/1589/1503 1500/1586/1500 1504/1590/1504
f 1500/1586/1500 1499/1585/1499 1504/1590/1504
f 1499/1585/1499 1505/1591/1505 1506/1592/1506
f 1505/1591/1505 1501/1587/1501 1507/1593/1507
f 1508/1594/1508 1509/1595/1509 1510/1596/1510
f 1510/1596/1510 1511/1597/1511 1508/1594/1508
f 1501/1587/1501 1502/1588/1502 1507/1593/1507
f 1503/1589/1503 1498/1584/1498 1500/1586/1500
f 1494/1580/1494 1512/1598/1512 1502/1588/1502
f 1488/1574/1488 1508/1594/1508 1489/1575/1489
f 1491/1577/1491 1495/1581/1495 1499/1585/1499
f 1494/1580/1494 1501/1587/1501 1499/1585/1499
f 1499/1585/1499 1506/1592/1506 1504/1590/1504
f 1499/1585/1499 1501/1587/1501 1505/1591/1505
f 1493/1579/1493 1495/1581/1495 1491/1577/1491
f 1493/1579/1493 1496/1582/1496 1494/1580/1494
f 1497/1583/1497 1512/1598/1512 1494/1580/1494
f 1490/1576/1490 1489/1575/1489 1491/1577/1491
f 1491/1577/1491 1500/1586/1500 1498/1584/1498
f 1511/1597/1511 1496/1582/1496 1508/1594/1508
f 1513/1599/1513 1509/1595/1509 1508/1594/1508
f 1508/1594/1508 1488/1574/1488 1513/1599/1513
f 1508/1594/1508 1493/1579/1493 1489/1575/1489
f 1496/1582/1496 1493/1579/1493 1508/1594/1508
f 1511/1597/1511 1497/1583/1497 1496/1582/1496
s 54
f 1514/1600/1514 1515/1601/1515 1516/1602/1516
f 1515/1601/1515 1517/1603/1517 1518/1604/1518
f 1516/1602/1516 1518/1604/1518 1519/1605/1519
f 1519/1605/1519 1520/1606/1520 1521/1607/1521
f 1522/1608/1522 1521/1607/1521 1523/1609/1523
f 1517/1603/1517 1524/1610/1524 1518/1604/1518
f 1518/1604/1518 1525/1611/1525 1526/1612/1526
f 1520/1606/1520 1526/1612/1526 1521/1607/1521
f 1527/1613/1527 1528/1614/1528 1521/1607/1521
f 1529/1615/1529 1530/1616/1530 1525/1611/1525
f 1525/1611/1525 1530/1616/1530 1526/1612/1526
f 1526/1612/1526 1531/1617/1531 1532/1618/1532
f 1532/1618/1532 1533/1619/1533 1527/1613/1527
f 1534/1620/1534 1535/1621/1535 1536/1622/1536
f 1536/1622/1536 1537/1623/1537 1534/1620/1534
f 1527/1613/1527 1533/1619/1533 1528/1614/1528
f 1529/1615/1529 1525/1611/1525 1524/1610/1524
f 1521/1607/1521 1528/1614/1528 1538/1624/1538
f 1514/1600/1514 1516/1602/1516 1534/1620/1534
f 1518/1604/1518 1526/1612/1526 1520/1606/1520
f 1521/1607/1521 1526/1612/1526 1527/1613/1527
f 1526/1612/1526 1530/1616/1530 1531/1617/1531
f 1526/1612/1526 1532/1618/1532 1527/1613/1527
f 1519/1605/1519 1518/1604/1518 1520/1606/1520
f 1519/1605/1519 1521/1607/1521 1522/1608/1522
f 1523/1609/1523 1521/1607/1521 1538/1624/1538
f 1515/1601/1515 1518/1604/1518 1516/1602/1516
f 1518/1604/1518 1524/1610/1524 1525/1611/1525
f 1535/1621/1535 1534/1620/1534 1522/1608/1522
f 1539/1625/1539 1514/1600/1514 1534/1620/1534
f 1534/1620/1534 1537/1623/1537 1539/1625/1539
f 1534/1620/1534 1516/1602/1516 1519/1605/1519
f 1522/1608/1522 1534/1620/1534 1519/1605/1519
f 1535/1621/1535 1522/1608/1522 1523/1609/1523
s 55
f 1540/1626/1540 1541/1627/1541 1542/1628/1542
f 1542/1628/1542 1543/1629/1543 1544/1630/1544
f 1541/1627/1541 1545/1631/1545 1543/1629/1543
f 1545/1631/1545 1546/1632/1546 1547/1633/1547
f 1548/1634/1548 1549/1635/1549 1546/1632/1546
f 1544/1630/1544 1543/1629/1543 1550/1636/1550
f 1543/1629/1543 1551/1637/1551 1552/1638/1552
f 1547/1633/1547 1546/1632/1546 1551/1637/1551
f 1553/1639/1553 1546/1632/1546 1554/1640/1554
f 1555/1641/1555 1552/1638/1552 1556/1642/1556
f 1552/1638/1552 1551/1637/1551 1556/1642/1556
f 1551/1637/1551 1557/1643/1557 1558/1644/1558
f 1557/1643/1557 1553/1639/1553 1559/1645/1559
f 1560/1646/1560 1561/1647/1561 1562/1648/1562
f 1562/1648/1562 1563/1649/1563 1560/1646/1560
f 1553/1639/1553 1554/1640/1554 1559/1645/1559
f 1555/1641/1555 1550/1636/1550 1552/1638/1552
f 1546/1632/1546 1564/1650/1564 1554/1640/1554
f 1540/1626/1540 1560/1646/1560 1541/1627/1541
f 1543/1629/1543 1547/1633/1547 1551/1637/1551
f 1546/1632/1546 1553/1639/1553 1551/1637/1551
f 1551/1637/1551 1558/1644/1558 1556/1642/1556
f 1551/1637/1551 1553/1639/1553 1557/1643/1557
f 1545/1631/1545 1547/1633/1547 1543/1629/1543
f 1545/1631/1545 1548/1634/1548 1546/1632/1546
f 1549/1635/1549 1564/1650/1564 1546/1632/1546
f 1542/1628/1542 1541/1627/1541 1543/1629/1543
f 1543/1629/1543 1552/1638/1552 1550/1636/1550
f 1563/1649/1563 1548/1634/1548 1560/1646/1560
f 1565/1651/1565 1561/1647/1561 1560/1646/1560
f 1560/1646/1560 1540/1626/1540 1565/1651/1565
f 1560/1646/1560 1545/1631/1545 1541/1627/1541
f 1548/1634/1548 1545/1631/1545 1560/1646/1560
f 1563/1649/1563 1549/1635/1549 1548/1634/1548
s 56
f 1566/1652/1566 1567/1653/1567 1568/1654/1568
f 1567/1653/1567 1569/1655/1569 1570/1656/1570
f 1568/1654/1568 1570/1656/1570 1571/1657/1571
f 1571/1657/1571 1572/1658/1572 1573/1659/1573
f 1574/1660/1574 1573/1659/1573 1575/1661/1575
f 1569/1655/1569 1576/1662/1576 1570/1656/1570
f 1570/1656/1570 1577/1663/1577 1578/1664/1578
f 1572/1658/1572 1578/1664/1578 1573/1659/1573
f 1579/1665/1579 1580/1666/1580 1573/1659/1573
f 1581/1667/1581 1582/1668/1582 1577/1663/1577
f 1577/1663/1577 1582/1668/1582 1578/1664/1578
f 1578/1664/1578 1583/1669/1583 1584/1670/1584
f 1584/1670/1584 1585/1671/1585 1579/1665/1579
f 1586/1672/1586 1587/1673/1587 1588/1674/1588
f 1588/1674/1588 1589/1675/1589 1586/1672/1586
f 1579/1665/1579 1585/1671/1585 1580/1666/1580
f 1581/1667/1581 1577/1663/1577 1576/1662/1576
f 1573/1659/1573 1580/1666/1580 1590/1676/1590
f 1566/1652/1566 1568/1654/1568 1586/1672/1586
f 1570/1656/1570 1578/1664/1578 1572/1658/1572
f 1573/1659/1573 1578/1664/1578 1579/1665/1579
f 1578/1664/1578 1582/1668/1582 1583/1669/1583
f 1578/1664/1578 1584/1670/1584 1579/1665/1579
f 1571/1657/1571 1570/1656/1570 1572/1658/1572
f 1571/1657/1571 1573/1659/1573 1574/1660/1574
f 1575/1661/1575 1573/1659/1573 1590/1676/1590
f 1567/1653/1567 1570/1656/1570 1568/1654/1568
f 1570/1656/1570 1576/1662/1576 1577/1663/1577
f 1587/1673/1587 1586/1672/1586 1574/1660/1574
f 1591/1677/1591 1566/1652/1566 1586/1672/1586
f 1586/1672/1586 1589/1675/1589 1591/1677/1591
f 1586/1672/1586 1568/1654/1568 1571/1657/1571
f 1574/1660/1574 1586/1672/1586 1571/1657/1571
f 1587/1673/1587 1574/1660/1574 1575/1661/1575
s 57
f 1592/1678/1592 1593/1679/1593 1594/1680/1594
f 1594/1680/1594 1595/1681/1595 1596/1682/1596
f 1593/1679/1593 1597/1683/1597 1595/1681/1595
f 1597/1683/1597 1598/1684/1598 1599/1685/1599
f 1600/1686/1600 1601/1687/1601 1598/1684/1598
f 1596/1682/1596 1595/1681/1595 1602/1688/1602
f 1595/1681/1595 1603/1689/1603 1604/1690/1604
f 1599/1685/1599 1598/1684/1598 1603/1689/1603
f 1605/1691/1605 1598/1684/1598 1606/1692/1606
f 1607/1693/1607 1604/1690/1604 1608/1694/1608
f 1604/1690/1604 1603/1689/1603 1608/1694/1608
f 1603/1689/1603 1609/1695/1609 1610/1696/1610
f 1609/1695/1609 1605/1691/1605 1611/1697/1611
f 1612/1698/1612 1613/1699/1613 1614/1700/1614
f 1614/1700/1614 1615/1701/1615 1612/1698/1612
f 1605/1691/1605 1606/1692/1606 1611/1697/1611
f 1607/1693/1607 1602/1688/1602 1604/1690/1604
f 1598/1684/1598 1616/1702/1616 1606/1692/1606
f 1592/1678/1592 1612/1698/1612 1593/1679/1593
f 1595/1681/1595 1599/1685/1599 1603/1689/1603
f 1598/1684/1598 1605/1691/1605 1603/1689/1603
f 1603/1689/1603 1610/1696/1610 1608/1694/1608
f 1603/1689/1603 1605/1691/1605 1609/1695/1609
f 1597/1683/1597 1599/1685/1599 1595/1681/1595
f 1597/1683/1597 1600/1686/1600 1598/1684/1598
f 1601/1687/1601 1616/1702/1616 1598/1684/1598
f 1594/1680/1594 1593/1679/1593 1595/1681/1595
f 1595/1681/1595 1604/1690/1604 1602/1688/1602
f 1615/1701/1615 1600/1686/1600 1612/1698/1612
f 1617/1703/1617 1613/1699/1613 1612/1698/1612
f 1612/1698/1612 1592/1678/1592 1617/1703/1617
f 1612/1698/1612 1597/1683/1597 1593/1679/1593
f 1600/1686/1600 1597/1683/1597 1612/1698/1612
f 1615/1701/1615 1601/1687/1601 1600/1686/1600
s 58
f 1618/1704/1618 1619/1705/1619 1620/1706/1620
f 1619/1705/1619 1621/1707/1621 1622/1708/1622
f 1620/1706/1620 1622/1708/1622 1623/1709/1623
f 1623/1709/1623 1624/1710/1624 1625/1711/1625
f 1626/1712/1626 1625/1711/1625 1627/1713/1627
f 1621/1707/1621 1628/1714/1628 1622/1708/1622
f 1622/1708/1622 1629/1715/1629 1630/1716/1630
f 1624/1710/1624 1630/1716/1630 1625/1711/1625
f 1631/1717/1631 1632/1718/1632 1625/1711/1625
f 1633/1719/1633 1634/1720/1634 1629/1715/1629
f 1629/1715/1629 1634/1720/1634 1630/1716/1630
f 1630/1716/1630 1635/1721/1635 1636/1722/1636
f 1636/1722/1636 1637/1723/1637 1631/1717/1631
f 1638/1724/1638 1639/1725/1639 1640/1726/1640
f 1640/1726/1640 1641/1727/1641 1638/1724/1638
f 1631/1717/1631 1637/1723/1637 1632/1718/1632
f 1633/1719/1633 1629/1715/1629 1628/1714/1628
f 1625/1711/1625 1632/1718/1632 1642/1728/1642
f 1618/1704/1618 1620/1706/1620 1638/1724/1638
f 1622/1708/1622 1630/1716/1630 1624/1710/1624
f 1625/1711/1625 1630/1716/1630 1631/1717/1631
f 1630/1716/1630 1634/1720/1634 1635/1721/1635
f 1630/1716/1630 1636/1722/1636 1631/1717/1631
f 1623/1709/1623 1622/1708/1622 1624/1710/1624
f 1623/1709/1623 1625/1711/1625 1626/1712/1626
f 1627/1713/1627 1625/1711/1625 1642/1728/1642
f 1619/1705/1619 1622/1708/1622 1620/1706/1620
f 1622/1708/1622 1628/1714/1628 1629/1715/1629
f 1639/1725/1639 1638/1724/1638 1626/1712/1626
f 1643/1729/1643 1618/1704/1618 1638/1724/1638
f 1638/1724/1638 1641/1727/1641 1643/1729/1643
f 1638/1724/1638 1620/1706/1620 1623/1709/1623
f 1626/1712/1626 1638/1724/1638 1623/1709/1623
f 1639/1725/1639 1626/1712/1626 1627/1713/1627
s 59
f 1644/1730/1644 1645/1731/1645 1646/1732/1646
f 1646/1732/1646 1647/1733/1647 1648/1734/1648
f 1645/1731/1645 1649/1735/1649 1647/1733/1647
f 1649/1735/1649 1650/1736/1650 1651/1737/1651
f 1652/1738/1652 1653/1739/1653 1650/1736/1650
f 1648/1734/1648 1647/1733/1647 1654/1740/1654
f 1647/1733/1647 1655/1741/1655 1656/1742/1656
f 1651/1737/1651 1650/1736/1650 1655/1741/1655
f 1657/1743/1657 1650/1736/1650 1658/1744/1658
f 1659/1745/1659 1656/1742/1656 1660/1746/1660
f 1656/1742/1656 1655/1741/1655 1660/1746/1660
f 1655/1741/1655 1661/1747/1661 1662/1748/1662
f 1661/1747/1661 1657/1743/1657 1663/1749/1663
f 1664/1750/1664 1665/1751/1665 1666/1752/1666
f 1666/1752/1666 1667/1753/1667 1664/1750/1664
f 1657/1743/1657 1658/1744/1658 1663/1749/1663
f 1659/1745/1659 1654/1740/1654 1656/1742/1656
f 1650/1736/1650 1668/1754/1668 1658/1744/1658
f 1644/1730/1644 1664/1750/1664 1645/1731/1645
f 1647/1733/1647 1651/1737/1651 1655/1741/1655
f 1650/1736/1650 1657/1743/1657 1655/1741/1655
f 1655/1741/1655 1662/1748/1662 1660/1746/1660
f 1655/1741/1655 1657/1743/1657 1661/1747/1661
f 1649/1735/1649 1651/1737/1651 1647/1733/1647
f 1649/1735/1649 1652/1738/1652 1650/1736/1650
f 1653/1739/1653 1668/1754/1668 1650/1736/1650
f 1646/1732/1646 1645/1731/1645 1647/1733/1647
f 1647/1733/1647 1656/1742/1656 1654/1740/1654
f 1667/1753/1667 1652/1738/1652 1664/1750/1664
f 1669/1755/1669 1665/1751/1665 1664/1750/1664
f 1664/1750/1664 1644/1730/1644 1669/1755/1669
f 1664/1750/1664 1649/1735/1649 1645/1731/1645
f 1652/1738/1652 1649/1735/1649 1664/1750/1664
f 1667/1753/1667 1653/1739/1653 1652/1738/1652
s 60
f 1670/1756/1670 1671/1757/1671 1672/1758/1672
f 1671/1757/1671 1673/1759/1673 1674/1760/1674
f 1672/1758/1672 1674/1760/1674 1675/1761/1675
f 1675/1761/1675 1676/1762/1676 1677/1763/1677
f 1678/1764/1678 1677/1763/1677 1679/1765/1679
f 1673/1759/1673 1680/1766/1680 1674/1760/1674
f 1674/1760/1674 1681/1767/1681 1682/1768/1682
f 1676/1762/1676 1682/1768/1682 1677/1763/1677
f 1683/1769/1683 1684/1770/1684 1677/1763/1677
f 1685/1771/1685 1686/1772/1686 1681/1767/1681
f 1681/1767/1681 1686/1772/1686 1682/1768/1682
f 1682/1768/1682 1687/1773/1687 1688/1774/1688
f 1688/1774/1688 1689/1775/1689 1683/1769/1683
f 1690/1776/1690 1691/1777/1691 1692/1778/1692
f 1692/1778/1692 1693/1779/1693 1690/1776/1690
f 1683/1769/1683 1689/1775/1689 1684/1770/1684
f 1685/1771/1685 1681/1767/1681 1680/1766/1680
f 1677/1763/1677 1684/1770/1684 1694/1780/1694
f 1670/1756/1670 1672/1758/1672 1690/1776/1690
f 1674/1760/1674 1682/1768/1682 1676/1762/1676
f 1677/1763/1677 1682/1768/1682 1683/1769/1683
f 1682/1768/1682 1686/1772/1686 1687/1773/1687
f 1682/1768/1682 1688/1774/1688 1683/1769/1683
f 1675/1761/1675 1674/1760/1674 1676/1762/1676
f 1675/1761/1675 1677/1763/1677 1678/1764/1678
f 1679/1765/1679 1677/1763/1677 1694/1780/1694
f 1671/1757/1671 1674/1760/1674 1672/1758/1672
f 1674/1760/1674 1680/1766/1680 1681/1767/1681
f 1691/1777/1691 1690/1776/1690 1678/1764/1678
f 1695/1781/1695 1670/1756/1670 1690/1776/1690
f 1690/1776/1690 1693/1779/1693 1695/1781/1695
f 1690/1776/1690 1672/1758/1672 1675/1761/1675
f 1678/1764/1678 1690/1776/1690 1675/1761/1675
f 1691/1777/1691 1678/1764/1678 1679/1765/1679
s 61
f 1696/1782/1696 1697/1783/1697 1698/1784/1698
f 1698/1784/1698 1699/1785/1699 1696/1782/1696
f 1697/1783/1697 1700/1786/1700 1701/1787/1701
f 1701/1787/1701 1698/1784/1698 1697/1783/1697
f 1700/1786/1700 1702/1788/1702 1703/1789/1703
f 1703/1789/1703 1701/1787/1701 1700/1786/1700
f 1702/1788/1702 1704/1790/1704 1705/1791/1705
f 1705/1791/1705 1703/1789/1703 1702/1788/1702
f 1704/1790/1704 1706/1792/1706 1707/1793/1707
f 1707/1793/1707 1705/1791/1705 1704/1790/1704
f 1706/1792/1706 1708/1794/1708 1709/1795/1709
f 1709/1795/1709 1707/1793/1707 1706/1792/1706
f 1708/1796/1708 1710/1797/1710 1711/1798/1711
f 1711/1798/1711 1709/1799/1709 1708/1796/1708
f 1710/1797/1710 1696/1782/1696 1699/1785/1699
f 1699/1785/1699 1711/1798/1711 1710/1797/1710
f 1699/1785/1699 1698/1784/1698 1712/1800/1712
f 1698/1784/1698 1701/1787/1701 1712/1800/1712
f 1701/1787/1701 1703/1789/1703 1712/1801/1712
f 1703/1789/1703 1705/1791/1705 1712/1801/1712
f 1705/1791/1705 1707/1793/1707 1712/1801/1712
f 1707/1793/1707 1709/1795/1709 1712/1801/1712
f 1709/1799/1709 1711/1798/1711 1712/1800/1712
f 1711/1798/1711 1699/1785/1699 1712/1800/1712
f 1697/1783/1697 1696/1782/1696 1713/1802/1713
f 1713/1802/1713 1714/1803/1714 1697/1783/1697
f 1700/1786/1700 1697/1783/1697 1714/1803/1714
f 1714/1803/1714 1715/1804/1715 1700/1786/1700
f 1702/1788/1702 1700/1786/1700 1715/1804/1715
f 1715/1804/1715 1716/1805/1716 1702/1788/1702
f 1704/1790/1704 1702/1788/1702 1716/1805/1716
f 1716/1805/1716 1717/1806/1717 1704/1790/1704
f 1706/1792/1706 1704/1790/1704 1717/1806/1717
f 1717/1806/1717 1718/1807/1718 1706/1792/1706
f 1708/1794/1708 1706/1792/1706 1718/1807/1718
f 1718/1807/1718 1719/1808/1719 1708/1794/1708
f 1710/1797/1710 1708/1796/1708 1719/1809/1719
f 1719/1809/1719 1720/1810/1720 1710/1797/1710
f 1696/1782/1696 1710/1797/1710 1720/1810/1720
f 1720/1810/1720 1713/1802/1713 1696/1782/1696
f 1714/1803/1714 1713/1802/1713 1721/1811/1721
f 1721/1811/1721 1722/1812/1722 1714/1803/1714
f 1715/1804/1715 1714/1803/1714 1722/1812/1722
f 1722/1812/1722 1723/1813/1723 1715/1804/1715
f 1716/1805/1716 1715/1804/1715 1723/1813/1723
f 1723/1813/1723 1724/1814/1724 1716/1805/1716
f 1717/1806/1717 1716/1805/1716 1724/1814/1724
f 1724/1814/1724 1725/1815/1725 1717/1806/1717
f 1718/1807/1718 1717/1806/1717 1725/1815/1725
f 1725/1815/1725 1726/1816/1726 1718/1807/1718
f 1719/1808/1719 1718/1807/1718 1726/1816/1726
f 1726/1816/1726 1727/1817/1727 1719/1808/1719
f 1720/1810/1720 1719/1809/1719 1727/1818/1727
f 1727/1818/1727 1728/1819/1728 1720/1810/1720
f 1713/1802/1713 1720/1810/1720 1728/1819/1728
f 1728/1819/1728 1721/1811/1721 1713/1802/1713
f 1722/1812/1722 1721/1811/1721 1729/1820/1729
f 1729/1820/1729 1730/1821/1730 1722/1812/1722
f 1723/1813/1723 1722/1812/1722 1730/1821/1730
f 1730/1821/1730 1731/1822/1731 1723/1813/1723
f 1724/1814/1724 1723/1813/1723 1731/1822/1731
f 1731/1822/1731 1732/1823/1732 1724/1814/1724
f 1725/1815/1725 1724/1814/1724 1732/1823/1732
f 1732/1823/1732 1733/1824/1733 1725/1815/1725
f 1726/1816/1726 1725/1815/1725 1733/1824/1733
f 1733/1824/1733 1734/1825/1734 1726/1816/1726
f 1727/1817/1727 1726/1816/1726 1734/1825/1734
f 1734/1825/1734 1735/1826/1735 1727/1817/1727
f 1728/1819/1728 1727/1818/1727 1735/1827/1735
f 1735/1827/1735 1736/1828/1736 1728/1819/1728
f 1721/1811/1721 1728/1819/1728 1736/1828/1736
f 1736/1828/1736 1729/1820/1729 1721/1811/1721
f 1730/1821/1730 1729/1820/1729 1737/1829/1737
f 1737/1829/1737 1738/1830/1738 1730/1821/1730
f 1731/1822/1731 1730/1821/1730 1738/1830/1738
f 1738/1830/1738 1739/1831/1739 1731/1822/1731
f 1732/1823/1732 1731/1822/1731 1739/1831/1739
f 1739/1831/1739 1740/1832/1740 1732/1823/1732
f 1733/1824/1733 1732/1823/1732 1740/1832/1740
f 1740/1832/1740 1741/1833/1741 1733/1824/1733
f 1734/1825/1734 1733/1824/1733 1741/1833/1741
f 1741/1833/1741 1742/1834/1742 1734/1825/1734
f 1735/1826/1735 1734/1825/1734 1742/1834/1742
f 1742/1834/1742 1743/1835/1743 1735/1826/1735
f 1736/1828/1736 1735/1827/1735 1743/1836/1743
f 1743/1836/1743 1744/1837/1744 1736/1828/1736
f 1729/1820/1729 1736/1828/1736 1744/1837/1744
f 1744/1837/1744 1737/1829/1737 1729/1820/1729
f 1738/1830/1738 1737/1829/1737 1745/1838/1745
f 1739/1831/1739 1738/1830/1738 1745/1838/1745
f 1740/1832/1740 1739/1831/1739 1745/1839/1745
f 1741/1833/1741 1740/1832/1740 1745/1839/1745
f 1742/1834/1742 1741/1833/1741 1745/1839/1745
f 1743/1835/1743 1742/1834/1742 1745/1839/1745
f 1744/1837/1744 1743/1836/1743 1745/1838/1745
f 1737/1829/1737 1744/1837/1744 1745/1838/1745
s 62
f 1746/1840/1746 1747/1841/1747 1748/1842/1748
f 1748/1842/1748 1749/1843/1749 1750/1844/1750
f 1747/1841/1747 1751/1845/1751 1749/1843/1749
f 1751/1845/1751 1752/1846/1752 1753/1847/1753
f 1754/1848/1754 1755/1849/1755 1752/1846/1752
f 1750/1844/1750 1749/1843/1749 1756/1850/1756
f 1749/1843/1749 1757/1851/1757 1758/1852/1758
f 1753/1847/1753 1752/1846/1752 1757/1851/1757
f 1759/1853/1759 1752/1846/1752 1760/1854/1760
f 1761/1855/1761 1758/1852/1758 1762/1856/1762
f 1758/1852/1758 1757/1851/1757 1762/1856/1762
f 1757/1851/1757 1763/1857/1763 1764/1858/1764
f 1763/1857/1763 1759/1853/1759 1765/1859/1765
f 1766/1860/1766 1767/1861/1767 1768/1862/1768
f 1768/1862/1768 1769/1863/1769 1766/1860/1766
f 1759/1853/1759 1760/1854/1760 1765/1859/1765
f 1761/1855/1761 1756/1850/1756 1758/1852/1758
f 1752/1846/1752 1770/1864/1770 1760/1854/1760
f 1746/1840/1746 1766/1860/1766 1747/1841/1747
f 1749/1843/1749 1753/1847/1753 1757/1851/1757
f 1752/1846/1752 1759/1853/1759 1757/1851/1757
f 1757/1851/1757 1764/1858/1764 1762/1856/1762
f 1757/1851/1757 1759/1853/1759 1763/1857/1763
f 1751/1845/1751 1753/1847/1753 1749/1843/1749
f 1751/1845/1751 1754/1848/1754 1752/1846/1752
f 1755/1849/1755 1770/1864/1770 1752/1846/1752
f 1748/1842/1748 1747/1841/1747 1749/1843/1749
f 1749/1843/1749 1758/1852/1758 1756/1850/1756
f 1769/1863/1769 1754/1848/1754 1766/1860/1766
f 1771/1865/1771 1767/1861/1767 1766/1860/1766
f 1766/1860/1766 1746/1840/1746 1771/1865/1771
f 1766/1860/1766 1751/1845/1751 1747/1841/1747
f 1754/1848/1754 1751/1845/1751 1766/1860/1766
f 1769/1863/1769 1755/1849/1755 1754/1848/1754
s 63
f 1772/1866/1772 1773/1867/1773 1774/1868/1774
f 1773/1867/1773 1775/1869/1775 1776/1870/1776
f 1774/1868/1774 1776/1870/1776 1777/1871/1777
f 1777/1871/1777 1778/1872/1778 1779/1873/1779
f 1780/1874/1780 1779/1873/1779 1781/1875/1781
f 1775/1869/1775 1782/1876/1782 1776/1870/1776
f 1776/1870/1776 1783/1877/1783 1784/1878/1784
f 1778/1872/1778 1784/1878/1784 1779/1873/1779
f 1785/1879/1785 1786/1880/1786 1779/1873/1779
f 1787/1881/1787 1788/1882/1788 1783/1877/1783
f 1783/1877/1783 1788/1882/1788 1784/1878/1784
f 1784/1878/1784 1789/1883/1789 1790/1884/1790
f 1790/1884/1790 1791/1885/1791 1785/1879/1785
f 1792/1886/1792 1793/1887/1793 1794/1888/1794
f 1794/1888/1794 1795/1889/1795 1792/1886/1792
f 1785/1879/1785 1791/1885/1791 1786/1880/1786
f 1787/1881/1787 1783/1877/1783 1782/1876/1782
f 1779/1873/1779 1786/1880/1786 1796/1890/1796
f 1772/1866/1772 1774/1868/1774 1792/1886/1792
f 1776/1870/1776 1784/1878/1784 1778/1872/1778
f 1779/1873/1779 1784/1878/1784 1785/1879/1785
f 1784/1878/1784 1788/1882/1788 1789/1883/1789
f 1784/1878/1784 1790/1884/1790 1785/1879/1785
f 1777/1871/1777 1776/1870/1776 1778/1872/1778
f 1777/1871/1777 1779/1873/1779 1780/1874/1780
f 1781/1875/1781 1779/1873/1779 1796/1890/1796
f 1773/1867/1773 1776/1870/1776 1774/1868/1774
f 1776/1870/1776 1782/1876/1782 1783/1877/1783
f 1793/1887/1793 1792/1886/1792 1780/1874/1780
f 1797/1891/1797 1772/1866/1772 1792/1886/1792
f 1792/1886/1792 1795/1889/1795 1797/1891/1797
f 1792/1886/1792 1774/1868/1774 1777/1871/1777
f 1780/1874/1780 1792/1886/1792 1777/1871/1777
f 1793/1887/1793 1780/1874/1780 1781/1875/1781
s 64
f 1798/1892/1798 1799/1893/1799 1800/1894/1800
f 1800/1894/1800 1801/1895/1801 1802/1896/1802
f 1799/1893/1799 1803/1897/1803 1801/1895/1801
f 1803/1897/1803 1804/1898/1804 1805/1899/1805
f 1806/1900/1806 1807/1901/1807 1804/1898/1804
f 1802/1896/1802 1801/1895/1801 1808/1902/1808
f 1801/1895/1801 1809/1903/1809 1810/1904/1810
f 1805/1899/1805 1804/1898/1804 1809/1903/1809
f 1811/1905/1811 1804/1898/1804 1812/1906/1812
f 1813/1907/1813 1810/1904/1810 1814/1908/1814
f 1810/1904/1810 1809/1903/1809 1814/1908/1814
f 1809/1903/1809 1815/1909/1815 1816/1910/1816
f 1815/1909/1815 1811/1905/1811 1817/1911/1817
f 1818/1912/1818 1819/1913/1819 1820/1914/1820
f 1820/1914/1820 1821/1915/1821 1818/1912/1818
f 1811/1905/1811 1812/1906/1812 1817/1911/1817
f 1813/1907/1813 1808/1902/1808 1810/1904/1810
f 1804/1898/1804 1822/1916/1822 1812/1906/1812
f 1798/1892/1798 1818/1912/1818 1799/1893/1799
f 1801/1895/1801 1805/1899/1805 1809/1903/1809
f 1804/1898/1804 1811/1905/1811 1809/1903/1809
f 1809/1903/1809 1816/1910/1816 1814/1908/1814
f 1809/1903/1809 1811/1905/1811 1815/1909/1815
f 1803/1897/1803 1805/1899/1805 1801/1895/1801
f 1803/1897/1803 1806/1900/1806 1804/1898/1804
f 1807/1901/1807 1822/1916/1822 1804/1898/1804
f 1800/1894/1800 1799/1893/1799 1801/1895/1801
f 1801/1895/1801 1810/1904/1810 1808/1902/1808
f 1821/1915/1821 1806/1900/1806 1818/1912/1818
f 1823/1917/1823 1819/1913/1819 1818/1912/1818
f 1818/1912/1818 1798/1892/1798 1823/1917/1823
f 1818/1912/1818 1803/1897/1803 1799/1893/1799
f 1806/1900/1806 1803/1897/1803 1818/1912/1818
f 1821/1915/1821 1807/1901/1807 1806/1900/1806
s 65
f 1824/1918/1824 1825/1919/1825 1826/1920/1826
f 1825/1919/1825 1827/1921/1827 1828/1922/1828
f 1826/1920/1826 1828/1922/1828 1829/1923/1829
f 1829/1923/1829 1830/1924/1830 1831/1925/1831
f 1832/1926/1832 1831/1925/1831 1833/1927/1833
f 1827/1921/1827 1834/1928/1834 1828/1922/1828
f 1828/1922/1828 1835/1929/1835 1836/1930/1836
f 1830/1924/1830 1836/1930/1836 1831/1925/1831
f 1837/1931/1837 1838/1932/1838 1831/1925/1831
f 1839/1933/1839 1840/1934/1840 1835/1929/1835
f 1835/1929/1835 1840/1934/1840 1836/1930/1836
f 1836/1930/1836 1841/1935/1841 1842/1936/1842
f 1842/1936/1842 1843/1937/1843 1837/1931/1837
f 1844/1938/1844 1845/1939/1845 1846/1940/1846
f 1846/1940/1846 1847/1941/1847 1844/1938/1844
f 1837/1931/1837 1843/1937/1843 1838/1932/1838
f 1839/1933/1839 1835/1929/1835 1834/1928/1834
f 1831/1925/1831 1838/1932/1838 1848/1942/1848
f 1824/1918/1824 1826/1920/1826 1844/1938/1844
f 1828/1922/1828 1836/1930/1836 1830/1924/1830
f 1831/1925/1831 1836/1930/1836 1837/1931/1837
f 1836/1930/1836 1840/1934/1840 1841/1935/1841
f 1836/1930/1836 1842/1936/1842 1837/1931/1837
f 1829/1923/1829 1828/1922/1828 1830/1924/1830
f 1829/1923/1829 1831/1925/1831 1832/1926/1832
f 1833/1927/1833 1831/1925/1831 1848/1942/1848
f 1825/1919/1825 1828/1922/1828 1826/1920/1826
f 1828/1922/1828 1834/1928/1834 1835/1929/1835
f 1845/1939/1845 1844/1938/1844 1832/1926/1832
f 1849/1943/1849 1824/1918/1824 1844/1938/1844
f 1844/1938/1844 1847/1941/1847 1849/1943/1849
f 1844/1938/1844 1826/1920/1826 1829/1923/1829
f 1832/1926/1832 1844/1938/1844 1829/1923/1829
f 1845/1939/1845 1832/1926/1832 1833/1927/1833
s 66
f 1850/1944/1850 1851/1945/1851 1852/1946/1852
f 1852/1946/1852 1853/1947/1853 1854/1948/1854
f 1851/1945/1851 1855/1949/1855 1853/1947/1853
f 1855/1949/1855 1856/1950/1856 1857/1951/1857
f 1858/1952/1858 1859/1953/1859 1856/1950/1856
f 1854/1948/1854 1853/1947/1853 1860/1954/1860
f 1853/1947/1853 1861/1955/1861 1862/1956/1862
f 1857/1951/1857 1856/1950/1856 1861/1955/1861
f 1863/1957/1863 1856/1950/1856 1864/1958/1864
f 1865/1959/1865 1862/1956/1862 1866/1960/1866
f 1862/1956/1862 1861/1955/1861 1866/1960/1866
f 1861/1955/1861 1867/1961/1867 1868/1962/1868
f 1867/1961/1867 1863/1957/1863 1869/1963/1869
f 1870/1964/1870 1871/1965/1871 1872/1966/1872
f 1872/1966/1872 1873/1967/1873 1870/1964/1870
f 1863/1957/1863 1864/1958/1864 1869/1963/1869
f 1865/1959/1865 1860/1954/1860 1862/1956/1862
f 1856/1950/1856 1874/1968/1874 1864/1958/1864
f 1850/1944/1850 1870/1964/1870 1851/1945/1851
f 1853/1947/1853 1857/1951/1857 1861/1955/1861
f 1856/1950/1856 1863/1957/1863 1861/1955/1861
f 1861/1955/1861 1868/1962/1868 1866/1960/1866
f 1861/1955/1861 1863/1957/1863 1867/1961/1867
f 1855/1949/1855 1857/1951/1857 1853/1947/1853
f 1855/1949/1855 1858/1952/1858 1856/1950/1856
f 1859/1953/1859 1874/1968/1874 1856/1950/1856
f 1852/1946/1852 1851/1945/1851 1853/1947/1853
f 1853/1947/1853 1862/1956/1862 1860/1954/1860
f 1873/1967/1873 1858/1952/1858 1870/1964/1870
f 1875/1969/1875 1871/1965/1871 1870/1964/1870
f 1870/1964/1870 1850/1944/1850 1875/1969/1875
f 1870/1964/1870 1855/1949/1855 1851/1945/1851
f 1858/1952/1858 1855/1949/1855 1870/1964/1870
f 1873/1967/1873 1859/1953/1859 1858/1952/1858
s 67
f 1876/1970/1876 1877/1971/1877 1878/1972/1878
f 1877/1971/1877 1879/1973/1879 1880/1974/1880
f 1878/1972/1878 1880/1974/1880 1881/1975/1881
f 1881/1975/1881 1882/1976/1882 1883/1977/1883
f 1884/1978/1884 1883/1977/1883 1885/1979/1885
f 1879/1973/1879 1886/1980/1886 1880/1974/1880
f 1880/1974/1880 1887/1981/1887 1888/1982/1888
f 1882/1976/1882 1888/1982/1888 1883/1977/1883
f 1889/1983/1889 1890/1984/1890 1883/1977/1883
f 1891/1985/1891 1892/1986/1892 1887/1981/1887
f 1887/1981/1887 1892/1986/1892 1888/1982/1888
f 1888/1982/1888 1893/1987/1893 1894/1988/1894
f 1894/1988/1894 1895/1989/1895 1889/1983/1889
f 1896/1990/1896 1897/1991/1897 1898/1992/1898
f 1898/1992/1898 1899/1993/1899 1896/1990/1896
f 1889/1983/1889 1895/1989/1895 1890/1984/1890
f 1891/1985/1891 1887/1981/1887 1886/1980/1886
f 1883/1977/1883 1890/1984/1890 1900/1994/1900
f 1876/1970/1876 1878/1972/1878 1896/1990/1896
f 1880/1974/1880 1888/1982/1888 1882/1976/1882
f 1883/1977/1883 1888/1982/1888 1889/1983/1889
f 1888/1982/1888 1892/1986/1892 1893/1987/1893
f 1888/1982/1888 1894/1988/1894 1889/1983/1889
f 1881/1975/1881 1880/1974/1880 1882/1976/1882
f 1881/1975/1881 1883/1977/1883 1884/1978/1884
f 1885/1979/1885 1883/1977/1883 1900/1994/1900
f 1877/1971/1877 1880/1974/1880 1878/1972/1878
f 1880/1974/1880 1886/1980/1886 1887/1981/1887
f 1897/1991/1897 1896/1990/1896 1884/1978/1884
f 1901/1995/1901 1876/1970/1876 1896/1990/1896
f 1896/1990/1896 1899/1993/1899 1901/1995/1901
f 1896/1990/1896 1878/1972/1878 1881/1975/1881
f 1884/1978/1884 1896/1990/1896 1881/1975/1881
f 1897/1991/1897 1884/1978/1884 1885/1979/1885
s 68
f 1902/1996/1902 1903/1997/1903 1904/1998/1904
f 1904/1998/1904 1905/1999/1905 1906/2000/1906
f 1903/1997/1903 1907/2001/1907 1905/1999/1905
f 1907/2001/1907 1908/2002/1908 1909/2003/1909
f 1910/2004/1910 1911/2005/1911 1908/2002/1908
f 1906/2000/1906 1905/1999/1905 1912/2006/1912
f 1905/1999/1905 1913/2007/1913 1914/2008/1914
f 1909/2003/1909 1908/2002/1908 1913/2007/1913
f 1915/2009/1915 1908/2002/1908 1916/2010/1916
f 1917/2011/1917 1914/2008/1914 1918/2012/1918
f 1914/2008/1914 1913/2007/1913 1918/2012/1918
f 1913/2007/1913 1919/2013/1919 1920/2014/1920
f 1919/2013/1919 1915/2009/1915 1921/2015/1921
f 1922/2016/1922 1923/2017/1923 1924/2018/1924
f 1924/2018/1924 1925/2019/1925 1922/2016/1922
f 1915/2009/1915 1916/2010/1916 1921/2015/1921
f 1917/2011/1917 1912/2006/1912 1914/2008/1914
f 1908/2002/1908 1926/2020/1926 1916/2010/1916
f 1902/1996/1902 1922/2016/1922 1903/1997/1903
f 1905/1999/1905 1909/2003/1909 1913/2007/1913
f 1908/2002/1908 1915/2009/1915 1913/2007/1913
f 1913/2007/1913 1920/2014/1920 1918/2012/1918
f 1913/2007/1913 1915/2009/1915 1919/2013/1919
f 1907/2001/1907 1909/2003/1909 1905/1999/1905
f 1907/2001/1907 1910/2004/1910 1908/2002/1908
f 1911/2005/1911 1926/2020/1926 1908/2002/1908
f 1904/1998/1904 1903/1997/1903 1905/1999/1905
f 1905/1999/1905 1914/2008/1914 1912/2006/1912
f 1925/2019/1925 1910/2004/1910 1922/2016/1922
f 1927/2021/1927 1923/2017/1923 1922/2016/1922
f 1922/2016/1922 1902/1996/1902 1927/2021/1927
f 1922/2016/1922 1907/2001/1907 1903/1997/1903
f 1910/2004/1910 1907/2001/1907 1922/2016/1922
f 1925/2019/1925 1911/2005/1911 1910/2004/1910
s 69
f 1928/2022/1928 1929/2023/1929 1930/2024/1930
f 1929/2023/1929 1931/2025/1931 1932/2026/1932
f 1930/2024/1930 1932/2026/1932 1933/2027/1933
f 1933/2027/1933 1934/2028/1934 1935/2029/1935
f 1936/2030/1936 1935/2029/1935 1937/2031/1937
f 1931/2025/1931 1938/2032/1938 1932/2026/1932
f 1932/2026/1932 1939/2033/1939 1940/2034/1940
f 1934/2028/1934 1940/2034/1940 1935/2029/1935
f 1941/2035/1941 1942/2036/1942 1935/2029/1935
f 1943/2037/1943 1944/2038/1944 1939/2033/1939
f 1939/2033/1939 1944/2038/1944 1940/2034/1940
f 1940/2034/1940 1945/2039/1945 1946/2040/1946
f 1946/2040/1946 1947/2041/1947 1941/2035/1941
f 1948/2042/1948 1949/2043/1949 1950/2044/1950
f 1950/2044/1950 1951/2045/1951 1948/2042/1948
f 1941/2035/1941 1947/2041/1947 1942/2036/1942
f 1943/2037/1943 1939/2033/1939 1938/2032/1938
f 1935/2029/1935 1942/2036/1942 1952/2046/1952
f 1928/2022/1928 1930/2024/1930 1948/2042/1948
f 1932/2026/1932 1940/2034/1940 1934/2028/1934
f 1935/2029/1935 1940/2034/1940 1941/2035/1941
f 1940/2034/1940 1944/2038/1944 1945/2039/1945
f 1940/2034/1940 1946/2040/1946 1941/2035/1941
f 1933/2027/1933 1932/2026/1932 1934/2028/1934
f 1933/2027/1933 1935/2029/1935 1936/2030/1936
f 1937/2031/1937 1935/2029/1935 1952/2046/1952
f 1929/2023/1929 1932/2026/1932 1930/2024/1930
f 1932/2026/1932 1938/2032/1938 1939/2033/1939
f 1949/2043/1949 1948/2042/1948 1936/2030/1936
f 1953/2047/1953 1928/2022/1928 1948/2042/1948
f 1948/2042/1948 1951/2045/1951 1953/2047/1953
f 1948/2042/1948 1930/2024/1930 1933/2027/1933
f 1936/2030/1936 1948/2042/1948 1933/2027/1933
f 1949/2043/1949 1936/2030/1936 1937/2031/1937
s 70
f 1954/2048/1954 1955/2049/1955 1956/2050/1956
f 1956/2050/1956 1957/2051/1957 1958/2052/1958
f 1955/2049/1955 1959/2053/1959 1957/2051/1957
f 1959/2053/1959 1960/2054/1960 1961/2055/1961
f 1962/2056/1962 1963/2057/1963 1960/2054/1960
f 1958/2052/1958 1957/2051/1957 1964/2058/1964
f 1957/2051/1957 1965/2059/1965 1966/2060/1966
f 1961/2055/1961 1960/2054/1960 1965/2059/1965
f 1967/2061/1967 1960/2054/1960 1968/2062/1968
f 1969/2063/1969 1966/2060/1966 1970/2064/1970
f 1966/2060/1966 1965/2059/1965 1970/2064/1970
f 1965/2059/1965 1971/2065/1971 1972/2066/1972
f 1971/2065/1971 1967/2061/1967 1973/2067/1973
f 1974/2068/1974 1975/2069/1975 1976/2070/1976
f 1976/2070/1976 1977/2071/1977 1974/2068/1974
f 1967/2061/1967 1968/2062/1968 1973/2067/1973
f 1969/2063/1969 1964/2058/1964 1966/2060/1966
f 1960/2054/1960 1978/2072/1978 1968/2062/1968
f 1954/2048/1954 1974/2068/1974 1955/2049/1955
f 1957/2051/1957 1961/2055/1961 1965/2059/1965
f 1960/2054/1960 1967/2061/1967 1965/2059/1965
f 1965/2059/1965 1972/2066/1972 1970/2064/1970
f 1965/2059/1965 1967/2061/1967 1971/2065/1971
f 1959/2053/1959 1961/2055/1961 1957/2051/1957
f 1959/2053/1959 1962/2056/1962 1960/2054/1960
f 1963/2057/1963 1978/2072/1978 1960/2054/1960
f 1956/2050/1956 1955/2049/1955 1957/2051/1957
f 1957/2051/1957 1966/2060/1966 1964/2058/1964
f 1977/2071/1977 1962/2056/1962 1974/2068/1974
f 1979/2073/1979 1975/2069/1975 1974/2068/1974
f 1974/2068/1974 1954/2048/1954 1979/2073/1979
f 1974/2068/1974 1959/2053/1959 1955/2049/1955
f 1962/2056/1962 1959/2053/1959 1974/2068/1974
f 1977/2071/1977 1963/2057/1963 1962/2056/1962
s 71
f 1980/2074/1980 1981/2075/1981 1982/2076/1982
f 1981/2075/1981 1983/2077/1983 1984/2078/1984
f 1982/2076/1982 1984/2078/1984 1985/2079/1985
f 1985/2079/1985 1986/2080/1986 1987/2081/1987
f 1988/2082/1988 1987/2081/1987 1989/2083/1989
f 1983/2077/1983 1990/2084/1990 1984/2078/1984
f 1984/2078/1984 1991/2085/1991 1992/2086/1992
f 1986/2080/1986 1992/2086/1992 1987/2081/1987
f 1993/2087/1993 1994/2088/1994 1987/2081/1987
f 1995/2089/1995 1996/2090/1996 1991/2085/1991
f 1991/2085/1991 1996/2090/1996 1992/2086/1992
f 1992/2086/1992 1997/2091/1997 1998/2092/1998
f 1998/2092/1998 1999/2093/1999 1993/2087/1993
f 2000/2094/2000 2001/2095/2001 2002/2096/2002
f 2002/2096/2002 2003/2097/2003 2000/2094/2000
f 1993/2087/1993 1999/2093/1999 1994/2088/1994
f 1995/2089/1995 1991/2085/1991 1990/2084/1990
f 1987/2081/1987 1994/2088/1994 2004/2098/2004
f 1980/2074/1980 1982/2076/1982 2000/2094/2000
f 1984/2078/1984 1992/2086/1992 1986/2080/1986
f 1987/2081/1987 1992/2086/1992 1993/2087/1993
f 1992/2086/1992 1996/2090/1996 1997/2091/1997
f 1992/2086/1992 1998/2092/1998 1993/2087/1993
f 1985/2079/1985 1984/2078/1984 1986/2080/1986
f 1985/2079/1985 1987/2081/1987 1988/2082/1988
f 1989/2083/1989 1987/2081/1987 2004/2098/2004
f 1981/2075/1981 1984/2078/1984 1982/2076/1982
f 1984/2078/1984 1990/2084/1990 1991/2085/1991
f 2001/2095/2001 2000/2094/2000 1988/2082/1988
f 2005/2099/2005 1980/2074/1980 2000/2094/2000
f 2000/2094/2000 2003/2097/2003 2005/2099/2005
f 2000/2094/2000 1982/2076/1982 1985/2079/1985
f 1988/2082/1988 2000/2094/2000 1985/2079/1985
f 2001/2095/2001 1988/2082/1988 1989/2083/1989
s 72
f 2006/2100/2006 2007/2101/2007 2008/2102/2008
f 2008/2102/2008 2009/2103/2009 2010/2104/2010
f 2007/2101/2007 2011/2105/2011 2009/2103/2009
f 2011/2105/2011 2012/2106/2012 2013/2107/2013
f 2014/2108/2014 2015/2109/2015 2012/2106/2012
f 2010/2104/2010 2009/2103/2009 2016/2110/2016
f 2009/2103/2009 2017/2111/2017 2018/2112/2018
f 2013/2107/2013 2012/2106/2012 2017/2111/2017
f 2019/2113/2019 2012/2106/2012 2020/2114/2020
f 2021/2115/2021 2018/2112/2018 2022/2116/2022
f 2018/2112/2018 2017/2111/2017 2022/2116/2022
f 2017/2111/2017 2023/2117/2023 2024/2118/2024
f 2023/2117/2023 2019/2113/2019 2025/2119/2025
f 2026/2120/2026 2027/2121/2027 2028/2122/2028
f 2028/2122/2028 2029/2123/2029 2026/2120/2026
f 2019/2113/2019 2020/2114/2020 2025/2119/2025
f 2021/2115/2021 2016/2110/2016 2018/2112/2018
f 2012/2106/2012 2030/2124/2030 2020/2114/2020
f 2006/2100/2006 2026/2120/2026 2007/2101/2007
f 2009/2103/2009 2013/2107/2013 2017/2111/2017
f 2012/2106/2012 2019/2113/2019 2017/2111/2017
f 2017/2111/2017 2024/2118/2024 2022/2116/2022
f 2017/2111/2017 2019/2113/2019 2023/2117/2023
f 2011/2105/2011 2013/2107/2013 2009/2103/2009
f 2011/2105/2011 2014/2108/2014 2012/2106/2012
f 2015/2109/2015 2030/2124/2030 2012/2106/2012
f 2008/2102/2008 2007/2101/2007 2009/2103/2009
f 2009/2103/2009 2018/2112/2018 2016/2110/2016
f 2029/2123/2029 2014/2108/2014 2026/2120/2026
f 2031/2125/2031 2027/2121/2027 2026/2120/2026
f 2026/2120/2026 2006/2100/2006 2031/2125/2031
f 2026/2120/2026 2011/2105/2011 2007/2101/2007
f 2014/2108/2014 2011/2105/2011 2026/2120/2026
f 2029/2123/2029 2015/2109/2015 2014/2108/2014
s 73
f 2032/2126/2032 2033/2127/2033 2034/2128/2034
f 2033/2127/2033 2035/2129/2035 2036/2130/2036
f 2034/2128/2034 2036/2130/2036 2037/2131/2037
f 2037/2131/2037 2038/2132/2038 2039/2133/2039
f 2040/2134/2040 2039/2133/2039 2041/2135/2041
f 2035/2129/2035 2042/2136/2042 2036/2130/2036
f 2036/2130/2036 2043/2137/2043 2044/2138/2044
f 2038/2132/2038 2044/2138/2044 2039/2133/2039
f 2045/2139/2045 2046/2140/2046 2039/2133/2039
f 2047/2141/2047 2048/2142/2048 2043/2137/2043
f 2043/2137/2043 2048/2142/2048 2044/2138/2044
f 2044/2138/2044 2049/2143/2049 2050/2144/2050
f 2050/2144/2050 2051/2145/2051 2045/2139/2045
f 2052/2146/2052 2053/2147/2053 2054/2148/2054
f 2054/2148/2054 2055/2149/2055 2052/2146/2052
f 2045/2139/2045 2051/2145/2051 2046/2140/2046
f 2047/2141/2047 2043/2137/2043 2042/2136/2042
f 2039/2133/2039 2046/2140/2046 2056/2150/2056
f 2032/2126/2032 2034/2128/2034 2052/2146/2052
f 2036/2130/2036 2044/2138/2044 2038/2132/2038
f 2039/2133/2039 2044/2138/2044 2045/2139/2045
f 2044/2138/2044 2048/2142/2048 2049/2143/2049
f 2044/2138/2044 2050/2144/2050 2045/2139/2045
f 2037/2131/2037 2036/2130/2036 2038/2132/2038
f 2037/2131/2037 2039/2133/2039 2040/2134/2040
f 2041/2135/2041 2039/2133/2039 2056/2150/2056
f 2033/2127/2033 2036/2130/2036 2034/2128/2034
f 2036/2130/2036 2042/2136/2042 2043/2137/2043
f 2053/2147/2053 2052/2146/2052 2040/2134/2040
f 2057/2151/2057 2032/2126/2032 2052/2146/2052
f 2052/2146/2052 2055/2149/2055 2057/2151/2057
f 2052/2146/2052 2034/2128/2034 2037/2131/2037
f 2040/2134/2040 2052/2146/2052 2037/2131/2037
f 2053/2147/2053 2040/2134/2040 2041/2135/2041
s 74
f 2058/2152/2058 2059/2153/2059 2060/2154/2060
f 2060/2154/2060 2061/2155/2061 2062/2156/2062
f 2059/2153/2059 2063/2157/2063 2061/2155/2061
f 2063/2157/2063 2064/2158/2064 2065/2159/2065
f 2066/2160/2066 2067/2161/2067 2064/2158/2064
f 2062/2156/2062 2061/2155/2061 2068/2162/2068
f 2061/2155/2061 2069/2163/2069 2070/2164/2070
f 2065/2159/2065 2064/2158/2064 2069/2163/2069
f 2071/2165/2071 2064/2158/2064 2072/2166/2072
f 2073/2167/2073 2070/2164/2070 2074/2168/2074
f 2070/2164/2070 2069/2163/2069 2074/2168/2074
f 2069/2163/2069 2075/2169/2075 2076/2170/2076
f 2075/2169/2075 2071/2165/2071 2077/2171/2077
f 2078/2172/2078 2079/2173/2079 2080/2174/2080
f 2080/2174/2080 2081/2175/2081 2078/2172/2078
f 2071/2165/2071 2072/2166/2072 2077/2171/2077
f 2073/2167/2073 2068/2162/2068 2070/2164/2070
f 2064/2158/2064 2082/2176/2082 2072/2166/2072
f 2058/2152/2058 2078/2172/2078 2059/2153/2059
f 2061/2155/2061 2065/2159/2065 2069/2163/2069
f 2064/2158/2064 2071/2165/2071 2069/2163/2069
f 2069/2163/2069 2076/2170/2076 2074/2168/2074
f 2069/2163/2069 2071/2165/2071 2075/2169/2075
f 2063/2157/2063 2065/2159/2065 2061/2155/2061
f 2063/2157/2063 2066/2160/2066 2064/2158/2064
f 2067/2161/2067 2082/2176/2082 2064/2158/2064
f 2060/2154/2060 2059/2153/2059 2061/2155/2061
f 2061/2155/2061 2070/2164/2070 2068/2162/2068
f 2081/2175/2081 2066/2160/2066 2078/2172/2078
f 2083/2177/2083 2079/2173/2079 2078/2172/2078
f 2078/2172/2078 2058/2152/2058 2083/2177/2083
f 2078/2172/2078 2063/2157/2063 2059/2153/2059
f 2066/2160/2066 2063/2157/2063 2078/2172/2078
f 2081/2175/2081 2067/2161/2067 2066/2160/2066
s 75
f 2084/2178/2084 2085/2179/2085 2086/2180/2086
f 2085/2179/2085 2087/2181/2087 2088/2182/2088
f 2086/2180/2086 2088/2182/2088 2089/2183/2089
f 2089/2183/2089 2090/2184/2090 2091/2185/2091
f 2092/2186/2092 2091/2185/2091 2093/2187/2093
f 2087/2181/2087 2094/2188/2094 2088/2182/2088
f 2088/2182/2088 2095/2189/2095 2096/2190/2096
f 2090/2184/2090 2096/2190/2096 2091/2185/2091
f 2097/2191/2097 2098/2192/2098 2091/2185/2091
f 2099/2193/2099 2100/2194/2100 2095/2189/2095
f 2095/2189/2095 2100/2194/2100 2096/2190/2096
f 2096/2190/2096 2101/2195/2101 2102/2196/2102
f 2102/2196/2102 2103/2197/2103 2097/2191/2097
f 2104/2198/2104 2105/2199/2105 2106/2200/2106
f 2106/2200/2106 2107/2201/2107 2104/2198/2104
f 2097/2191/2097 2103/2197/2103 2098/2192/2098
f 2099/2193/2099 2095/2189/2095 2094/2188/2094
f 2091/2185/2091 2098/2192/2098 2108/2202/2108
f 2084/2178/2084 2086/2180/2086 2104/2198/2104
f 2088/2182/2088 2096/2190/2096 2090/2184/2090
f 2091/2185/2091 2096/2190/2096 2097/2191/2097
f 2096/2190/2096 2100/2194/2100 2101/2195/2101
f 2096/2190/2096 2102/2196/2102 2097/2191/2097
f 2089/2183/2089 2088/2182/2088 2090/2184/2090
f 2089/2183/2089 2091/2185/2091 2092/2186/2092
f 2093/2187/2093 2091/2185/2091 2108/2202/2108
f 2085/2179/2085 2088/2182/2088 2086/2180/2086
f 2088/2182/2088 2094/2188/2094 2095/2189/2095
f 2105/2199/2105 2104/2198/2104 2092/2186/2092
f 2109/2203/2109 2084/2178/2084 2104/2198/2104
f 2104/2198/2104 2107/2201/2107 2109/2203/2109
f 2104/2198/2104 2086/2180/2086 2089/2183/2089
f 2092/2186/2092 2104/2198/2104 2089/2183/2089
f 2105/2199/2105 2092/2186/2092 2093/2187/2093
s 76
f 2110/2204/2110 2111/2205/2111 2112/2206/2112
f 2112/2206/2112 2113/2207/2113 2110/2204/2110
f 2111/2205/2111 2114/2208/2114 2115/2209/2115
f 2115/2209/2115 2112/2206/2112 2111/2205/2111
f 2114/2208/2114 2116/2210/2116 2117/2211/2117
f 2117/2211/2117 2115/2209/2115 2114/2208/2114
f 2116/2210/2116 2118/2212/2118 2119/2213/2119
f 2119/2213/2119 2117/2211/2117 2116/2210/2116
f 2118/2212/2118 2120/2214/2120 2121/2215/2121
f 2121/2215/2121 2119/2213/2119 2118/2212/2118
f 2120/2214/2120 2122/2216/2122 2123/2217/2123
f 2123/2217/2123 2121/2215/2121 2120/2214/2120
f 2122/2218/2122 2124/2219/2124 2125/2220/2125
f 2125/2220/2125 2123/2221/2123 2122/2218/2122
f 2124/2219/2124 2110/2204/2110 2113/2207/2113
f 2113/2207/2113 2125/2220/2125 2124/2219/2124
f 2113/2207/2113 2112/2206/2112 2126/2222/2126
f 2112/2206/2112 2115/2209/2115 2126/2222/2126
f 2115/2209/2115 2117/2211/2117 2126/2223/2126
f 2117/2211/2117 2119/2213/2119 2126/2223/2126
f 2119/2213/2119 2121/2215/2121 2126/2223/2126
f 2121/2215/2121 2123/2217/2123 2126/2223/2126
f 2123/2221/2123 2125/2220/2125 2126/2222/2126
f 2125/2220/2125 2113/2207/2113 2126/2222/2126
f 2111/2205/2111 2110/2204/2110 2127/2224/2127
f 2127/2224/2127 2128/2225/2128 2111/2205/2111
f 2114/2208/2114 2111/2205/2111 2128/2225/2128
f 2128/2225/2128 2129/2226/2129 2114/2208/2114
f 2116/2210/2116 2114/2208/2114 2129/2226/2129
f 2129/2226/2129 2130/2227/2130 2116/2210/2116
f 2118/2212/2118 2116/2210/2116 2130/2227/2130
f 2130/2227/2130 2131/2228/2131 2118/2212/2118
f 2120/2214/2120 2118/2212/2118 2131/2228/2131
f 2131/2228/2131 2132/2229/2132 2120/2214/2120
f 2122/2216/2122 2120/2214/2120 2132/2229/2132
f 2132/2229/2132 2133/2230/2133 2122/2216/2122
f 2124/2219/2124 2122/2218/2122 2133/2231/2133
f 2133/2231/2133 2134/2232/2134 2124/2219/2124
f 2110/2204/2110 2124/2219/2124 2134/2232/2134
f 2134/2232/2134 2127/2224/2127 2110/2204/2110
f 2128/2225/2128 2127/2224/2127 2135/2233/2135
f 2135/2233/2135 2136/2234/2136 2128/2225/2128
f 2129/2226/2129 2128/2225/2128 2136/2234/2136
f 2136/2234/2136 2137/2235/2137 2129/2226/2129
f 2130/2227/2130 2129/2226/2129 2137/2235/2137
f 2137/2235/2137 2138/2236/2138 2130/2227/2130
f 2131/2228/2131 2130/2227/2130 2138/2236/2138
f 2138/2236/2138 2139/2237/2139 2131/2228/2131
f 2132/2229/2132 2131/2228/2131 2139/2237/2139
f 2139/2237/2139 2140/2238/2140 2132/2229/2132
f 2133/2230/2133 2132/2229/2132 2140/2238/2140
f 2140/2238/2140 2141/2239/2141 2133/2230/2133
f 2134/2232/2134 2133/2231/2133 2141/2240/2141
f 2141/2240/2141 2142/2241/2142 2134/2232/2134
f 2127/2224/2127 2134/2232/2134 2142/2241/2142
f 2142/2241/2142 2135/2233/2135 2127/2224/2127
f 2136/2234/2136 2135/2233/2135 2143/2242/2143
f 2143/2242/2143 2144/2243/2144 2136/2234/2136
f 2137/2235/2137 2136/2234/2136 2144/2243/2144
f 2144/2243/2144 2145/2244/2145 2137/2235/2137
f 2138/2236/2138 2137/2235/2137 2145/2244/2145
f 2145/2244/2145 2146/2245/2146 2138/2236/2138
f 2139/2237/2139 2138/2236/2138 2146/2245/2146
f 2146/2245/2146 2147/2246/2147 2139/2237/2139
f 2140/2238/2140 2139/2237/2139 2147/2246/2147
f 2147/2246/2147 2148/2247/2148 2140/2238/2140
f 2141/2239/2141 2140/2238/2140 2148/2247/2148
f 2148/2247/2148 2149/2248/2149 2141/2239/2141
f 2142/2241/2142 2141/2240/2141 2149/2249/2149
f 2149/2249/2149 2150/2250/2150 2142/2241/2142
f 2135/2233/2135 2142/2241/2142 2150/2250/2150
f 2150/2250/2150 2143/2242/2143 2135/2233/2135
f 2144/2243/2144 2143/2242/2143 2151/2251/2151
f 2151/2251/2151 2152/2252/2152 2144/2243/2144
f 2145/2244/2145 2144/2243/2144 2152/2252/2152
f 2152/2252/2152 2153/2253/2153 2145/2244/2145
f 2146/2245/2146 2145/2244/2145 2153/2253/2153
f 2153/2253/2153 2154/2254/2154 2146/2245/2146
f 2147/2246/2147 2146/2245/2146 2154/2254/2154
f 2154/2254/2154 2155/2255/2155 2147/2246/2147
f 2148/2247/2148 2147/2246/2147 2155/2255/2155
f 2155/2255/2155 2156/2256/2156 2148/2247/2148
f 2149/2248/2149 2148/2247/2148 2156/2256/2156
f 2156/2256/2156 2157/2257/2157 2149/2248/2149
f 2150/2250/2150 2149/2249/2149 2157/2258/2157
f 2157/2258/2157 2158/2259/2158 2150/2250/2150
f 2143/2242/2143 2150/2250/2150 2158/2259/2158
f 2158/2259/2158 2151/2251/2151 2143/2242/2143
f 2152/2252/2152 2151/2251/2151 2159/2260/2159
f 2153/2253/2153 2152/2252/2152 2159/2260/2159
f 2154/2254/2154 2153/2253/2153 2159/2261/2159
f 2155/2255/2155 2154/2254/2154 2159/2261/2159
f 2156/2256/2156 2155/2255/2155 2159/2261/2159
f 2157/2257/2157 2156/2256/2156 2159/2261/2159
f 2158/2259/2158 2157/2258/2157 2159/2260/2159
f 2151/2251/2151 2158/2259/2158 2159/2260/2159
s 77
f 2160/2262/2160 2161/2263/2161 2162/2264/2162
f 2162/2264/2162 2163/2265/2163 2164/2266/2164
f 2161/2263/2161 2165/2267/2165 2163/2265/2163
f 2165/2267/2165 2166/2268/2166 2167/2269/2167
f 2168/2270/2168 2169/2271/2169 2166/2268/2166
f 2164/2266/2164 2163/2265/2163 2170/2272/2170
f 2163/2265/2163 2171/2273/2171 2172/2274/2172
f 2167/2269/2167 2166/2268/2166 2171/2273/2171
f 2173/2275/2173 2166/2268/2166 2174/2276/2174
f 2175/2277/2175 2172/2274/2172 2176/2278/2176
f 2172/2274/2172 2171/2273/2171 2176/2278/2176
f 2171/2273/2171 2177/2279/2177 2178/2280/2178
f 2177/2279/2177 2173/2275/2173 2179/2281/2179
f 2180/2282/2180 2181/2283/2181 2182/2284/2182
f 2182/2284/2182 2183/2285/2183 2180/2282/2180
f 2173/2275/2173 2174/2276/2174 2179/2281/2179
f 2175/2277/2175 2170/2272/2170 2172/2274/2172
f 2166/2268/2166 2184/2286/2184 2174/2276/2174
f 2160/2262/2160 2180/2282/2180 2161/2263/2161
f 2163/2265/2163 2167/2269/2167 2171/2273/2171
f 2166/2268/2166 2173/2275/2173 2171/2273/2171
f 2171/2273/2171 2178/2280/2178 2176/2278/2176
f 2171/2273/2171 2173/2275/2173 2177/2279/2177
f 2165/2267/2165 2167/2269/2167 2163/2265/2163
f 2165/2267/2165 2168/2270/2168 2166/2268/2166
f 2169/2271/2169 2184/2286/2184 2166/2268/2166
f 2162/2264/2162 2161/2263/2161 2163/2265/2163
f 2163/2265/2163 2172/2274/2172 2170/2272/2170
f 2183/2285/2183 2168/2270/2168 2180/2282/2180
f 2185/2287/2185 2181/2283/2181 2180/2282/2180
f 2180/2282/2180 2160/2262/2160 2185/2287/2185
f 2180/2282/2180 2165/2267/2165 2161/2263/2161
f 2168/2270/2168 2165/2267/2165 2180/2282/2180
f 2183/2285/2183 2169/2271/2169 2168/2270/2168
s 78
f 2186/2288/2186 2187/2289/2187 2188/2290/2188
f 2187/2289/2187 2189/2291/2189 2190/2292/2190
f 2188/2290/2188 2190/2292/2190 2191/2293/2191
f 2191/2293/2191 2192/2294/2192 2193/2295/2193
f 2194/2296/2194 2193/2295/2193 2195/2297/2195
f 2189/2291/2189 2196/2298/2196 2190/2292/2190
f 2190/2292/2190 2197/2299/2197 2198/2300/2198
f 2192/2294/2192 2198/2300/2198 2193/2295/2193
f 2199/2301/2199 2200/2302/2200 2193/2295/2193
f 2201/2303/2201 2202/2304/2202 2197/2299/2197
f 2197/2299/2197 2202/2304/2202 2198/2300/2198
f 2198/2300/2198 2203/2305/2203 2204/2306/2204
f 2204/2306/2204 2205/2307/2205 2199/2301/2199
f 2206/2308/2206 2207/2309/2207 2208/2310/2208
f 2208/2310/2208 2209/2311/2209 2206/2308/2206
f 2199/2301/2199 2205/2307/2205 2200/2302/2200
f 2201/2303/2201 2197/2299/2197 2196/2298/2196
f 2193/2295/2193 2200/2302/2200 2210/2312/2210
f 2186/2288/2186 2188/2290/2188 2206/2308/2206
f 2190/2292/2190 2198/2300/2198 2192/2294/2192
f 2193/2295/2193 2198/2300/2198 2199/2301/2199
f 2198/2300/2198 2202/2304/2202 2203/2305/2203
f 2198/2300/2198 2204/2306/2204 2199/2301/2199
f 2191/2293/2191 2190/2292/2190 2192/2294/2192
f 2191/2293/2191 2193/2295/2193 2194/2296/2194
f 2195/2297/2195 2193/2295/2193 2210/2312/2210
f 2187/2289/2187 2190/2292/2190 2188/2290/2188
f 2190/2292/2190 2196/2298/2196 2197/2299/2197
f 2207/2309/2207 2206/2308/2206 2194/2296/2194
f 2211/2313/2211 2186/2288/2186 2206/2308/2206
f 2206/2308/2206 2209/2311/2209 2211/2313/2211
f 2206/2308/2206 2188/2290/2188 2191/2293/2191
f 2194/2296/2194 2206/2308/2206 2191/2293/2191
f 2207/2309/2207 2194/2296/2194 2195/2297/2195
s 79
f 2212/2314/2212 2213/2315/2213 2214/2316/2214
f 2214/2316/2214 2215/2317/2215 2216/2318/2216
f 2213/2315/2213 2217/2319/2217 2215/2317/2215
f 2217/2319/2217 2218/2320/2218 2219/2321/2219
f 2220/2322/2220 2221/2323/2221 2218/2320/2218
f 2216/2318/2216 2215/2317/2215 2222/2324/2222
f 2215/2317/2215 2223/2325/2223 2224/2326/2224
f 2219/2321/2219 2218/2320/2218 2223/2325/2223
f 2225/2327/2225 2218/2320/2218 2226/2328/2226
f 2227/2329/2227 2224/2326/2224 2228/2330/2228
f 2224/2326/2224 2223/2325/2223 2228/2330/2228
f 2223/2325/2223 2229/2331/2229 2230/2332/2230
f 2229/2331/2229 2225/2327/2225 2231/2333/2231
f 2232/2334/2232 2233/2335/2233 2234/2336/2234
f 2234/2336/2234 2235/2337/2235 2232/2334/2232
f 2225/2327/2225 2226/2328/2226 2231/2333/2231
f 2227/2329/2227 2222/2324/2222 2224/2326/2224
f 2218/2320/2218 2236/2338/2236 2226/2328/2226
f 2212/2314/2212 2232/2334/2232 2213/2315/2213
f 2215/2317/2215 2219/2321/2219 2223/2325/2223
f 2218/2320/2218 2225/2327/2225 2223/2325/2223
f 2223/2325/2223 2230/2332/2230 2228/2330/2228
f 2223/2325/2223 2225/2327/2225 2229/2331/2229
f 2217/2319/2217 2219/2321/2219 2215/2317/2215
f 2217/2319/2217 2220/2322/2220 2218/2320/2218
f 2221/2323/2221 2236/2338/2236 2218/2320/2218
f 2214/2316/2214 2213/2315/2213 2215/2317/2215
f 2215/2317/2215 2224/2326/2224 2222/2324/2222
f 2235/2337/2235 2220/2322/2220 2232/2334/2232
f 2237/2339/2237 2233/2335/2233 2232/2334/2232
f 2232/2334/2232 2212/2314/2212 2237/2339/2237
f 2232/2334/2232 2217/2319/2217 2213/2315/2213
f 2220/2322/2220 2217/2319/2217 2232/2334/2232
f 2235/2337/2235 2221/2323/2221 2220/2322/2220
s 80
f 2238/2340/2238 2239/2341/2239 2240/2342/2240
f 2239/2341/2239 2241/2343/2241 2242/2344/2242
f 2240/2342/2240 2242/2344/2242 2243/2345/2243
f 2243/2345/2243 2244/2346/2244 2245/2347/2245
f 2246/2348/2246 2245/2347/2245 2247/2349/2247
f 2241/2343/2241 2248/2350/2248 2242/2344/2242
f 2242/2344/2242 2249/2351/2249 2250/2352/2250
f 2244/2346/2244 2250/2352/2250 2245/2347/2245
f 2251/2353/2251 2252/2354/2252 2245/2347/2245
f 2253/2355/2253 2254/2356/2254 2249/2351/2249
f 2249/2351/2249 2254/2356/2254 2250/2352/2250
f 2250/2352/2250 2255/2357/2255 2256/2358/2256
f 2256/2358/2256 2257/2359/2257 2251/2353/2251
f 2258/2360/2258 2259/2361/2259 2260/2362/2260
f 2260/2362/2260 2261/2363/2261 2258/2360/2258
f 2251/2353/2251 2257/2359/2257 2252/2354/2252
f 2253/2355/2253 2249/2351/2249 2248/2350/2248
f 2245/2347/2245 2252/2354/2252 2262/2364/2262
f 2238/2340/2238 2240/2342/2240 2258/2360/2258
f 2242/2344/2242 2250/2352/2250 2244/2346/2244
f 2245/2347/2245 2250/2352/2250 2251/2353/2251
f 2250/2352/2250 2254/2356/2254 2255/2357/2255
f 2250/2352/2250 2256/2358/2256 2251/2353/2251
f 2243/2345/2243 2242/2344/2242 2244/2346/2244
f 2243/2345/2243 2245/2347/2245 2246/2348/2246
f 2247/2349/2247 2245/2347/2245 2262/2364/2262
f 2239/2341/2239 2242/2344/2242 2240/2342/2240
f 2242/2344/2242 2248/2350/2248 2249/2351/2249
f 2259/2361/2259 2258/2360/2258 2246/2348/2246
f 2263/2365/2263 2238/2340/2238 2258/2360/2258
f 2258/2360/2258 2261/2363/2261 2263/2365/2263
f 2258/2360/2258 2240/2342/2240 2243/2345/2243
f 2246/2348/2246 2258/2360/2258 2243/2345/2243
f 2259/2361/2259 2246/2348/2246 2247/2349/2247
s 81
f 2264/2366/2264 2265/2367/2265 2266/2368/2266
f 2266/2368/2266 2267/2369/2267 2268/2370/2268
f 2265/2367/2265 2269/2371/2269 2267/2369/2267
f 2269/2371/2269 2270/2372/2270 2271/2373/2271
f 2272/2374/2272 2273/2375/2273 2270/2372/2270
f 2268/2370/2268 2267/2369/2267 2274/2376/2274
f 2267/2369/2267 2275/2377/2275 2276/2378/2276
f 2271/2373/2271 2270/2372/2270 2275/2377/2275
f 2277/2379/2277 2270/2372/2270 2278/2380/2278
f 2279/2381/2279 2276/2378/2276 2280/2382/2280
f 2276/2378/2276 2275/2377/2275 2280/2382/2280
f 2275/2377/2275 2281/2383/2281 2282/2384/2282
f 2281/2383/2281 2277/2379/2277 2283/2385/2283
f 2284/2386/2284 2285/2387/2285 2286/2388/2286
f 2286/2388/2286 2287/2389/2287 2284/2386/2284
f 2277/2379/2277 2278/2380/2278 2283/2385/2283
f 2279/2381/2279 2274/2376/2274 2276/2378/2276
f 2270/2372/2270 2288/2390/2288 2278/2380/2278
f 2264/2366/2264 2284/2386/2284 2265/2367/2265
f 2267/2369/2267 2271/2373/2271 2275/2377/2275
f 2270/2372/2270 2277/2379/2277 2275/2377/2275
f 2275/2377/2275 2282/2384/2282 2280/2382/2280
f 2275/2377/2275 2277/2379/2277 2281/2383/2281
f 2269/2371/2269 2271/2373/2271 2267/2369/2267
f 2269/2371/2269 2272/2374/2272 2270/2372/2270
f 2273/2375/2273 2288/2390/2288 2270/2372/2270
f 2266/2368/2266 2265/2367/2265 2267/2369/2267
f 2267/2369/2267 2276/2378/2276 2274/2376/2274
f 2287/2389/2287 2272/2374/2272 2284/2386/2284
f 2289/2391/2289 2285/2387/2285 2284/2386/2284
f 2284/2386/2284 2264/2366/2264 2289/2391/2289
f 2284/2386/2284 2269/2371/2269 2265/2367/2265
f 2272/2374/2272 2269/2371/2269 2284/2386/2284
f 2287/2389/2287 2273/2375/2273 2272/2374/2272
s 82
f 2290/2392/2290 2291/2393/2291 2292/2394/2292
f 2291/2393/2291 2293/2395/2293 2294/2396/2294
f 2292/2394/2292 2294/2396/2294 2295/2397/2295
f 2295/2397/2295 2296/2398/2296 2297/2399/2297
f 2298/2400/2298 2297/2399/2297 2299/2401/2299
f 2293/2395/2293 2300/2402/2300 2294/2396/2294
f 2294/2396/2294 2301/2403/2301 2302/2404/2302
f 2296/2398/2296 2302/2404/2302 2297/2399/2297
f 2303/2405/2303 2304/2406/2304 2297/2399/2297
f 2305/2407/2305 2306/2408/2306 2301/2403/2301
f 2301/2403/2301 2306/2408/2306 2302/2404/2302
f 2302/2404/2302 2307/2409/2307 2308/2410/2308
f 2308/2410/2308 2309/2411/2309 2303/2405/2303
f 2310/2412/2310 2311/2413/2311 2312/2414/2312
f 2312/2414/2312 2313/2415/2313 2310/2412/2310
f 2303/2405/2303 2309/2411/2309 2304/2406/2304
f 2305/2407/2305 2301/2403/2301 2300/2402/2300
f 2297/2399/2297 2304/2406/2304 2314/2416/2314
f 2290/2392/2290 2292/2394/2292 2310/2412/2310
f 2294/2396/2294 2302/2404/2302 2296/2398/2296
f 2297/2399/2297 2302/2404/2302 2303/2405/2303
f 2302/2404/2302 2306/2408/2306 2307/2409/2307
f 2302/2404/2302 2308/2410/2308 2303/2405/2303
f 2295/2397/2295 2294/2396/2294 2296/2398/2296
f 2295/2397/2295 2297/2399/2297 2298/2400/2298
f 2299/2401/2299 2297/2399/2297 2314/2416/2314
f 2291/2393/2291 2294/2396/2294 2292/2394/2292
f 2294/2396/2294 2300/2402/2300 2301/2403/2301
f 2311/2413/2311 2310/2412/2310 2298/2400/2298
f 2315/2417/2315 2290/2392/2290 2310/2412/2310
f 2310/2412/2310 2313/2415/2313 2315/2417/2315
f 2310/2412/2310 2292/2394/2292 2295/2397/2295
f 2298/2400/2298 2310/2412/2310 2295/2397/2295
f 2311/2413/2311 2298/2400/2298 2299/2401/2299
s 83
f 2316/2418/2316 2317/2419/2317 2318/2420/2318
f 2318/2420/2318 2319/2421/2319 2320/2422/2320
f 2317/2419/2317 2321/2423/2321 2319/2421/2319
f 2321/2423/2321 2322/2424/2322 2323/2425/2323
f 2324/2426/2324 2325/2427/2325 2322/2424/2322
f 2320/2422/2320 2319/2421/2319 2326/2428/2326
f 2319/2421/2319 2327/2429/2327 2328/2430/2328
f 2323/2425/2323 2322/2424/2322 2327/2429/2327
f 2329/2431/2329 2322/2424/2322 2330/2432/2330
f 2331/2433/2331 2328/2430/2328 2332/2434/2332
f 2328/2430/2328 2327/2429/2327 2332/2434/2332
f 2327/2429/2327 2333/2435/2333 2334/2436/2334
f 2333/2435/2333 2329/2431/2329 2335/2437/2335
f 2336/2438/2336 2337/2439/2337 2338/2440/2338
f 2338/2440/2338 2339/2441/2339 2336/2438/2336
f 2329/2431/2329 2330/2432/2330 2335/2437/2335
f 2331/2433/2331 2326/2428/2326 2328/2430/2328
f 2322/2424/2322 2340/2442/2340 2330/2432/2330
f 2316/2418/2316 2336/2438/2336 2317/2419/2317
f 2319/2421/2319 2323/2425/2323 2327/2429/2327
f 2322/2424/2322 2329/2431/2329 2327/2429/2327
f 2327/2429/2327 2334/2436/2334 2332/2434/2332
f 2327/2429/2327 2329/2431/2329 2333/2435/2333
f 2321/2423/2321 2323/2425/2323 2319/2421/2319
f 2321/2423/2321 2324/2426/2324 2322/2424/2322
f 2325/2427/2325 2340/2442/2340 2322/2424/2322
f 2318/2420/2318 2317/2419/2317 2319/2421/2319
f 2319/2421/2319 2328/2430/2328 2326/2428/2326
f 2339/2441/2339 2324/2426/2324 2336/2438/2336
f 2341/2443/2341 2337/2439/2337 2336/2438/2336
f 2336/2438/2336 2316/2418/2316 2341/2443/2341
f 2336/2438/2336 2321/2423/2321 2317/2419/2317
f 2324/2426/2324 2321/2423/2321 2336/2438/2336
f 2339/2441/2339 2325/2427/2325 2324/2426/2324
s 84
f 2342/2444/2342 2343/2445/2343 2344/2446/2344
f 2343/2445/2343 2345/2447/2345 2346/2448/2346
f 2344/2446/2344 2346/2448/2346 2347/2449/2347
f 2347/2449/2347 2348/2450/2348 2349/2451/2349
f 2350/2452/2350 2349/2451/2349 2351/2453/2351
f 2345/2447/2345 2352/2454/2352 2346/2448/2346
f 2346/2448/2346 2353/2455/2353 2354/2456/2354
f 2348/2450/2348 2354/2456/2354 2349/2451/2349
f 2355/2457/2355 2356/2458/2356 2349/2451/2349
f 2357/2459/2357 2358/2460/2358 2353/2455/2353
f 2353/2455/2353 2358/2460/2358 2354/2456/2354
f 2354/2456/2354 2359/2461/2359 2360/2462/2360
f 2360/2462/2360 2361/2463/2361 2355/2457/2355
f 2362/2464/2362 2363/2465/2363 2364/2466/2364
f 2364/2466/2364 2365/2467/2365 2362/2464/2362
f 2355/2457/2355 2361/2463/2361 2356/2458/2356
f 2357/2459/2357 2353/2455/2353 2352/2454/2352
f 2349/2451/2349 2356/2458/2356 2366/2468/2366
f 2342/2444/2342 2344/2446/2344 2362/2464/2362
f 2346/2448/2346 2354/2456/2354 2348/2450/2348
f 2349/2451/2349 2354/2456/2354 2355/2457/2355
f 2354/2456/2354 2358/2460/2358 2359/2461/2359
f 2354/2456/2354 2360/2462/2360 2355/2457/2355
f 2347/2449/2347 2346/2448/2346 2348/2450/2348
f 2347/2449/2347 2349/2451/2349 2350/2452/2350
f 2351/2453/2351 2349/2451/2349 2366/2468/2366
f 2343/2445/2343 2346/2448/2346 2344/2446/2344
f 2346/2448/2346 2352/2454/2352 2353/2455/2353
f 2363/2465/2363 2362/2464/2362 2350/2452/2350
f 2367/2469/2367 2342/2444/2342 2362/2464/2362
f 2362/2464/2362 2365/2467/2365 2367/2469/2367
f 2362/2464/2362 2344/2446/2344 2347/2449/2347
f 2350/2452/2350 2362/2464/2362 2347/2449/2347
f 2363/2465/2363 2350/2452/2350 2351/2453/2351
s 85
f 2368/2470/2368 2369/2471/2369 2370/2472/2370
f 2370/2472/2370 2371/2473/2371 2372/2474/2372
f 2369/2471/2369 2373/2475/2373 2371/2473/2371
f 2373/2475/2373 2374/2476/2374 2375/2477/2375
f 2376/2478/2376 2377/2479/2377 2374/2476/2374
f 2372/2474/2372 2371/2473/2371 2378/2480/2378
f 2371/2473/2371 2379/2481/2379 2380/2482/2380
f 2375/2477/2375 2374/2476/2374 2379/2481/2379
f 2381/2483/2381 2374/2476/2374 2382/2484/2382
f 2383/2485/2383 2380/2482/2380 2384/2486/2384
f 2380/2482/2380 2379/2481/2379 2384/2486/2384
f 2379/2481/2379 2385/2487/2385 2386/2488/2386
f 2385/2487/2385 2381/2483/2381 2387/2489/2387
f 2388/2490/2388 2389/2491/2389 2390/2492/2390
f 2390/2492/2390 2391/2493/2391 2388/2490/2388
f 2381/2483/2381 2382/2484/2382 2387/2489/2387
f 2383/2485/2383 2378/2480/2378 2380/2482/2380
f 2374/2476/2374 2392/2494/2392 2382/2484/2382
f 2368/2470/2368 2388/2490/2388 2369/2471/2369
f 2371/2473/2371 2375/2477/2375 2379/2481/2379
f 2374/2476/2374 2381/2483/2381 2379/2481/2379
f 2379/2481/2379 2386/2488/2386 2384/2486/2384
f 2379/2481/2379 2381/2483/2381 2385/2487/2385
f 2373/2475/2373 2375/2477/2375 2371/2473/2371
f 2373/2475/2373 2376/2478/2376 2374/2476/2374
f 2377/2479/2377 2392/2494/2392 2374/2476/2374
f 2370/2472/2370 2369/2471/2369 2371/2473/2371
f 2371/2473/2371 2380/2482/2380 2378/2480/2378
f 2391/2493/2391 2376/2478/2376 2388/2490/2388
f 2393/2495/2393 2389/2491/2389 2388/2490/2388
f 2388/2490/2388 2368/2470/2368 2393/2495/2393
f 2388/2490/2388 2373/2475/2373 2369/2471/2369
f 2376/2478/2376 2373/2475/2373 2388/2490/2388
f 2391/2493/2391 2377/2479/2377 2376/2478/2376
s 86
f 2394/2496/2394 2395/2497/2395 2396/2498/2396
f 2395/2497/2395 2397/2499/2397 2398/2500/2398
f 2396/2498/2396 2398/2500/2398 2399/2501/2399
f 2399/2501/2399 2400/2502/2400 2401/2503/2401
f 2402/2504/2402 2401/2503/2401 2403/2505/2403
f 2397/2499/2397 2404/2506/2404 2398/2500/2398
f 2398/2500/2398 2405/2507/2405 2406/2508/2406
f 2400/2502/2400 2406/2508/2406 2401/2503/2401
f 2407/2509/2407 2408/2510/2408 2401/2503/2401
f 2409/2511/2409 2410/2512/2410 2405/2507/2405
f 2405/2507/2405 2410/2512/2410 2406/2508/2406
f 2406/2508/2406 2411/2513/2411 2412/2514/2412
f 2412/2514/2412 2413/2515/2413 2407/2509/2407
f 2414/2516/2414 2415/2517/2415 2416/2518/2416
f 2416/2518/2416 2417/2519/2417 2414/2516/2414
f 2407/2509/2407 2413/2515/2413 2408/2510/2408
f 2409/2511/2409 2405/2507/2405 2404/2506/2404
f 2401/2503/2401 2408/2510/2408 2418/2520/2418
f 2394/2496/2394 2396/2498/2396 2414/2516/2414
f 2398/2500/2398 2406/2508/2406 2400/2502/2400
f 2401/2503/2401 2406/2508/2406 2407/2509/2407
f 2406/2508/2406 2410/2512/2410 2411/2513/2411
f 2406/2508/2406 2412/2514/2412 2407/2509/2407
f 2399/2501/2399 2398/2500/2398 2400/2502/2400
f 2399/2501/2399 2401/2503/2401 2402/2504/2402
f 2403/2505/2403 2401/2503/2401 2418/2520/2418
f 2395/2497/2395 2398/2500/2398 2396/2498/2396
f 2398/2500/2398 2404/2506/2404 2405/2507/2405
f 2415/2517/2415 2414/2516/2414 2402/2504/2402
f 2419/2521/2419 2394/2496/2394 2414/2516/2414
f 2414/2516/2414 2417/2519/2417 2419/2521/2419
f 2414/2516/2414 2396/2498/2396 2399/2501/2399
f 2402/2504/2402 2414/2516/2414 2399/2501/2399
f 2415/2517/2415 2402/2504/2402 2403/2505/2403
s 87
f 2420/2522/2420 2421/2523/2421 2422/2524/2422
f 2422/2524/2422 2423/2525/2423 2424/2526/2424
f 2421/2523/2421 2425/2527/2425 2423/2525/2423
f 2425/2527/2425 2426/2528/2426 2427/2529/2427
f 2428/2530/2428 2429/2531/2429 2426/2528/2426
f 2424/2526/2424 2423/2525/2423 2430/2532/2430
f 2423/2525/2423 2431/2533/2431 2432/2534/2432
f 2427/2529/2427 2426/2528/2426 2431/2533/2431
f 2433/2535/2433 2426/2528/2426 2434/2536/2434
f 2435/2537/2435 2432/2534/2432 2436/2538/2436
f 2432/2534/2432 2431/2533/2431 2436/2538/2436
f 2431/2533/2431 2437/2539/2437 2438/2540/2438
f 2437/2539/2437 2433/2535/2433 2439/2541/2439
f 2440/2542/2440 2441/2543/2441 2442/2544/2442
f 2442/2544/2442 2443/2545/2443 2440/2542/2440
f 2433/2535/2433 2434/2536/2434 2439/2541/2439
f 2435/2537/2435 2430/2532/2430 2432/2534/2432
f 2426/2528/2426 2444/2546/2444 2434/2536/2434
f 2420/2522/2420 2440/2542/2440 2421/2523/2421
f 2423/2525/2423 2427/2529/2427 2431/2533/2431
f 2426/2528/2426 2433/2535/2433 2431/2533/2431
f 2431/2533/2431 2438/2540/2438 2436/2538/2436
f 2431/2533/2431 2433/2535/2433 2437/2539/2437
f 2425/2527/2425 2427/2529/2427 2423/2525/2423
f 2425/2527/2425 2428/2530/2428 2426/2528/2426
f 2429/2531/2429 2444/2546/2444 2426/2528/2426
f 2422/2524/2422 2421/2523/2421 2423/2525/2423
f 2423/2525/2423 2432/2534/2432 2430/2532/2430
f 2443/2545/2443 2428/2530/2428 2440/2542/2440
f 2445/2547/2445 2441/2543/2441 2440/2542/2440
f 2440/2542/2440 2420/2522/2420 2445/2547/2445
f 2440/2542/2440 2425/2527/2425 2421/2523/2421
f 2428/2530/2428 2425/2527/2425 2440/2542/2440
f 2443/2545/2443 2429/2531/2429 2428/2530/2428
s 88
f 2446/2548/2446 2447/2549/2447 2448/2550/2448
f 2447/2549/2447 2449/2551/2449 2450/2552/2450
f 2448/2550/2448 2450/2552/2450 2451/2553/2451
f 2451/2553/2451 2452/2554/2452 2453/2555/2453
f 2454/2556/2454 2453/2555/2453 2455/2557/2455
f 2449/2551/2449 2456/2558/2456 2450/2552/2450
f 2450/2552/2450 2457/2559/2457 2458/2560/2458
f 2452/2554/2452 2458/2560/2458 2453/2555/2453
f 2459/2561/2459 2460/2562/2460 2453/2555/2453
f 2461/2563/2461 2462/2564/2462 2457/2559/2457
f 2457/2559/2457 2462/2564/2462 2458/2560/2458
f 2458/2560/2458 2463/2565/2463 2464/2566/2464
f 2464/2566/2464 2465/2567/2465 2459/2561/2459
f 2466/2568/2466 2467/2569/2467 2468/2570/2468
f 2468/2570/2468 2469/2571/2469 2466/2568/2466
f 2459/2561/2459 2465/2567/2465 2460/2562/2460
f 2461/2563/2461 2457/2559/2457 2456/2558/2456
f 2453/2555/2453 2460/2562/2460 2470/2572/2470
f 2446/2548/2446 2448/2550/2448 2466/2568/2466
f 2450/2552/2450 2458/2560/2458 2452/2554/2452
f 2453/2555/2453 2458/2560/2458 2459/2561/2459
f 2458/2560/2458 2462/2564/2462 2463/2565/2463
f 2458/2560/2458 2464/2566/2464 2459/2561/2459
f 2451/2553/2451 2450/2552/2450 2452/2554/2452
f 2451/2553/2451 2453/2555/2453 2454/2556/2454
f 2455/2557/2455 2453/2555/2453 2470/2572/2470
f 2447/2549/2447 2450/2552/2450 2448/2550/2448
f 2450/2552/2450 2456/2558/2456 2457/2559/2457
f 2467/2569/2467 2466/2568/2466 2454/2556/2454
f 2471/2573/2471 2446/2548/2446 2466/2568/2466
f 2466/2568/2466 2469/2571/2469 2471/2573/2471
f 2466/2568/2466 2448/2550/2448 2451/2553/2451
f 2454/2556/2454 2466/2568/2466 2451/2553/2451
f 2467/2569/2467 2454/2556/2454 2455/2557/2455
s 89
f 2472/2574/2472 2473/2575/2473 2474/2576/2474
f 2474/2576/2474 2475/2577/2475 2476/2578/2476
f 2473/2575/2473 2477/2579/2477 2475/2577/2475
f 2477/2579/2477 2478/2580/2478 2479/2581/2479
f 2480/2582/2480 2481/2583/2481 2478/2580/2478
f 2476/2578/2476 2475/2577/2475 2482/2584/2482
f 2475/2577/2475 2483/2585/2483 2484/2586/2484
f 2479/2581/2479 2478/2580/2478 2483/2585/2483
f 2485/2587/2485 2478/2580/2478 2486/2588/2486
f 2487/2589/2487 2484/2586/2484 2488/2590/2488
f 2484/2586/2484 2483/2585/2483 2488/2590/2488
f 2483/2585/2483 2489/2591/2489 2490/2592/2490
f 2489/2591/2489 2485/2587/2485 2491/2593/2491
f 2492/2594/2492 2493/2595/2493 2494/2596/2494
f 2494/2596/2494 2495/2597/2495 2492/2594/2492
f 2485/2587/2485 2486/2588/2486 2491/2593/2491
f 2487/2589/2487 2482/2584/2482 2484/2586/2484
f 2478/2580/2478 2496/2598/2496 2486/2588/2486
f 2472/2574/2472 2492/2594/2492 2473/2575/2473
f 2475/2577/2475 2479/2581/2479 2483/2585/2483
f 2478/2580/2478 2485/2587/2485 2483/2585/2483
f 2483/2585/2483 2490/2592/2490 2488/2590/2488
f 2483/2585/2483 2485/2587/2485 2489/2591/2489
f 2477/2579/2477 2479/2581/2479 2475/2577/2475
f 2477/2579/2477 2480/2582/2480 2478/2580/2478
f 2481/2583/2481 2496/2598/2496 2478/2580/2478
f 2474/2576/2474 2473/2575/2473 2475/2577/2475
f 2475/2577/2475 2484/2586/2484 2482/2584/2482
f 2495/2597/2495 2480/2582/2480 2492/2594/2492
f 2497/2599/2497 2493/2595/2493 2492/2594/2492
f 2492/2594/2492 2472/2574/2472 2497/2599/2497
f 2492/2594/2492 2477/2579/2477 2473/2575/2473
f 2480/2582/2480 2477/2579/2477 2492/2594/2492
f 2495/2597/2495 2481/2583/2481 2480/2582/2480
s 90
f 2498/2600/2498 2499/2601/2499 2500/2602/2500
f 2499/2601/2499 2501/2603/2501 2502/2604/2502
f 2500/2602/2500 2502/2604/2502 2503/2605/2503
f 2503/2605/2503 2504/2606/2504 2505/2607/2505
f 2506/2608/2506 2505/2607/2505 2507/2609/2507
f 2501/2603/2501 2508/2610/2508 2502/2604/2502
f 2502/2604/2502 2509/2611/2509 2510/2612/2510
f 2504/2606/2504 2510/2612/2510 2505/2607/2505
f 2511/2613/2511 2512/2614/2512 2505/2607/2505
f 2513/2615/2513 2514/2616/2514 2509/2611/2509
f 2509/2611/2509 2514/2616/2514 2510/2612/2510
f 2510/2612/2510 2515/2617/2515 2516/2618/2516
f 2516/2618/2516 2517/2619/2517 2511/2613/2511
f 2518/2620/2518 2519/2621/2519 2520/2622/2520
f 2520/2622/2520 2521/2623/2521 2518/2620/2518
f 2511/2613/2511 2517/2619/2517 2512/2614/2512
f 2513/2615/2513 2509/2611/2509 2508/2610/2508
f 2505/2607/2505 2512/2614/2512 2522/2624/2522
f 2498/2600/2498 2500/2602/2500 2518/2620/2518
f 2502/2604/2502 2510/2612/2510 2504/2606/2504
f 2505/2607/2505 2510/2612/2510 2511/2613/2511
f 2510/2612/2510 2514/2616/2514 2515/2617/2515
f 2510/2612/2510 2516/2618/2516 2511/2613/2511
f 2503/2605/2503 2502/2604/2502 2504/2606/2504
f 2503/2605/2503 2505/2607/2505 2506/2608/2506
f 2507/2609/2507 2505/2607/2505 2522/2624/2522
f 2499/2601/2499 2502/2604/2502 2500/2602/2500
f 2502/2604/2502 2508/2610/2508 2509/2611/2509
f 2519/2621/2519 2518/2620/2518 2506/2608/2506
f 2523/2625/2523 2498/2600/2498 2518/2620/2518
f 2518/2620/2518 2521/2623/2521 2523/2625/2523
f 2518/2620/2518 2500/2602/2500 2503/2605/2503
f 2506/2608/2506 2518/2620/2518 2503/2605/2503
f 2519/2621/2519 2506/2608/2506 2507/2609/2507
s 91
f 2524/2626/2524 2525/2627/2525 2526/2628/2526
f 2526/2628/2526 2527/2629/2527 2528/2630/2528
f 2525/2627/2525 2529/2631/2529 2527/2629/2527
f 2529/2631/2529 2530/2632/2530 2531/2633/2531
f 2532/2634/2532 2533/2635/2533 2530/2632/2530
f 2528/2630/2528 2527/2629/2527 2534/2636/2534
f 2527/2629/2527 2535/2637/2535 2536/2638/2536
f 2531/2633/2531 2530/2632/2530 2535/2637/2535
f 2537/2639/2537 2530/2632/2530 2538/2640/2538
f 2539/2641/2539 2536/2638/2536 2540/2642/2540
f 2536/2638/2536 2535/2637/2535 2540/2642/2540
f 2535/2637/2535 2541/2643/2541 2542/2644/2542
f 2541/2643/2541 2537/2639/2537 2543/2645/2543
f 2544/2646/2544 2545/2647/2545 2546/2648/2546
f 2546/2648/2546 2547/2649/2547 2544/2646/2544
f 2537/2639/2537 2538/2640/2538 2543/2645/2543
f 2539/2641/2539 2534/2636/2534 2536/2638/2536
f 2530/2632/2530 2548/2650/2548 2538/2640/2538
f 2524/2626/2524 2544/2646/2544 2525/2627/2525
f 2527/2629/2527 2531/2633/2531 2535/2637/2535
f 2530/2632/2530 2537/2639/2537 2535/2637/2535
f 2535/2637/2535 2542/2644/2542 2540/2642/2540
f 2535/2637/2535 2537/2639/2537 2541/2643/2541
f 2529/2631/2529 2531/2633/2531 2527/2629/2527
f 2529/2631/2529 2532/2634/2532 2530/2632/2530
f 2533/2635/2533 2548/2650/2548 2530/2632/2530
f 2526/2628/2526 2525/2627/2525 2527/2629/2527
f 2527/2629/2527 2536/2638/2536 2534/2636/2534
f 2547/2649/2547 2532/2634/2532 2544/2646/2544
f 2549/2651/2549 2545/2647/2545 2544/2646/2544
f 2544/2646/2544 2524/2626/2524 2549/2651/2549
f 2544/2646/2544 2529/2631/2529 2525/2627/2525
f 2532/2634/2532 2529/2631/2529 2544/2646/2544
f 2547/2649/2547 2533/2635/2533 2532/2634/2532
s 92
f 2550/2652/2550 2551/2653/2551 2552/2654/2552
f 2551/2653/2551 2553/2655/2553 2554/2656/2554
f 2552/2654/2552 2554/2656/2554 2555/2657/2555
f 2555/2657/2555 2556/2658/2556 2557/2659/2557
f 2558/2660/2558 2557/2659/2557 2559/2661/2559
f 2553/2655/2553 2560/2662/2560 2554/2656/2554
f 2554/2656/2554 2561/2663/2561 2562/2664/2562
f 2556/2658/2556 2562/2664/2562 2557/2659/2557
f 2563/2665/2563 2564/2666/2564 2557/2659/2557
f 2565/2667/2565 2566/2668/2566 2561/2663/2561
f 2561/2663/2561 2566/2668/2566 2562/2664/2562
f 2562/2664/2562 2567/2669/2567 2568/2670/2568
f 2568/2670/2568 2569/2671/2569 2563/2665/2563
f 2570/2672/2570 2571/2673/2571 2572/2674/2572
f 2572/2674/2572 2573/2675/2573 2570/2672/2570
f 2563/2665/2563 2569/2671/2569 2564/2666/2564
f 2565/2667/2565 2561/2663/2561 2560/2662/2560
f 2557/2659/2557 2564/2666/2564 2574/2676/2574
f 2550/2652/2550 2552/2654/2552 2570/2672/2570
f 2554/2656/2554 2562/2664/2562 2556/2658/2556
f 2557/2659/2557 2562/2664/2562 2563/2665/2563
f 2562/2664/2562 2566/2668/2566 2567/2669/2567
f 2562/2664/2562 2568/2670/2568 2563/2665/2563
f 2555/2657/2555 2554/2656/2554 2556/2658/2556
f 2555/2657/2555 2557/2659/2557 2558/2660/2558
f 2559/2661/2559 2557/2659/2557 2574/2676/2574
f 2551/2653/2551 2554/2656/2554 2552/2654/2552
f 2554/2656/2554 2560/2662/2560 2561/2663/2561
f 2571/2673/2571 2570/2672/2570 2558/2660/2558
f 2575/2677/2575 2550/2652/2550 2570/2672/2570
f 2570/2672/2570 2573/2675/2573 2575/2677/2575
f 2570/2672/2570 2552/2654/2552 2555/2657/2555
f 2558/2660/2558 2570/2672/2570 2555/2657/2555
f 2571/2673/2571 2558/2660/2558 2559/2661/2559
s 93
f 2576/2678/2576 2577/2679/2577 2578/2680/2578
f 2578/2680/2578 2579/2681/2579 2580/2682/2580
f 2577/2679/2577 2581/2683/2581 2579/2681/2579
f 2581/2683/2581 2582/2684/2582 2583/2685/2583
f 2584/2686/2584 2585/2687/2585 2582/2684/2582
f 2580/2682/2580 2579/2681/2579 2586/2688/2586
f 2579/2681/2579 2587/2689/2587 2588/2690/2588
f 2583/2685/2583 2582/2684/2582 2587/2689/2587
f 2589/2691/2589 2582/2684/2582 2590/2692/2590
f 2591/2693/2591 2588/2690/2588 2592/2694/2592
f 2588/2690/2588 2587/2689/2587 2592/2694/2592
f 2587/2689/2587 2593/2695/2593 2594/2696/2594
f 2593/2695/2593 2589/2691/2589 2595/2697/2595
f 2596/2698/2596 2597/2699/2597 2598/2700/2598
f 2598/2700/2598 2599/2701/2599 2596/2698/2596
f 2589/2691/2589 2590/2692/2590 2595/2697/2595
f 2591/2693/2591 2586/2688/2586 2588/2690/2588
f 2582/2684/2582 2600/2702/2600 2590/2692/2590
f 2576/2678/2576 2596/2698/2596 2577/2679/2577
f 2579/2681/2579 2583/2685/2583 2587/2689/2587
f 2582/2684/2582 2589/2691/2589 2587/2689/2587
f 2587/2689/2587 2594/2696/2594 2592/2694/2592
f 2587/2689/2587 2589/2691/2589 2593/2695/2593
f 2581/2683/2581 2583/2685/2583 2579/2681/2579
f 2581/2683/2581 2584/2686/2584 2582/2684/2582
f 2585/2687/2585 2600/2702/2600 2582/2684/2582
f 2578/2680/2578 2577/2679/2577 2579/2681/2579
f 2579/2681/2579 2588/2690/2588 2586/2688/2586
f 2599/2701/2599 2584/2686/2584 2596/2698/2596
f 2601/2703/2601 2597/2699/2597 2596/2698/2596
f 2596/2698/2596 2576/2678/2576 2601/2703/2601
f 2596/2698/2596 2581/2683/2581 2577/2679/2577
f 2584/2686/2584 2581/2683/2581 2596/2698/2596
f 2599/2701/2599 2585/2687/2585 2584/2686/2584
s 94
f 2602/2704/2602 2603/2705/2603 2604/2706/2604
f 2603/2705/2603 2605/2707/2605 2606/2708/2606
f 2604/2706/2604 2606/2708/2606 2607/2709/2607
f 2607/2709/2607 2608/2710/2608 2609/2711/2609
f 2610/2712/2610 2609/2711/2609 2611/2713/2611
f 2605/2707/2605 2612/2714/2612 2606/2708/2606
f 2606/2708/2606 2613/2715/2613 2614/2716/2614
f 2608/2710/2608 2614/2716/2614 2609/2711/2609
f 2615/2717/2615 2616/2718/2616 2609/2711/2609
f 2617/2719/2617 2618/2720/2618 2613/2715/2613
f 2613/2715/2613 2618/2720/2618 2614/2716/2614
f 2614/2716/2614 2619/2721/2619 2620/2722/2620
f 2620/2722/2620 2621/2723/2621 2615/2717/2615
f 2622/2724/2622 2623/2725/2623 2624/2726/2624
f 2624/2726/2624 2625/2727/2625 2622/2724/2622
f 2615/2717/2615 2621/2723/2621 2616/2718/2616
f 2617/2719/2617 2613/2715/2613 2612/2714/2612
f 2609/2711/2609 2616/2718/2616 2626/2728/2626
f 2602/2704/2602 2604/2706/2604 2622/2724/2622
f 2606/2708/2606 2614/2716/2614 2608/2710/2608
f 2609/2711/2609 2614/2716/2614 2615/2717/2615
f 2614/2716/2614 2618/2720/2618 2619/2721/2619
f 2614/2716/2614 2620/2722/2620 2615/2717/2615
f 2607/2709/2607 2606/2708/2606 2608/2710/2608
f 2607/2709/2607 2609/2711/2609 2610/2712/2610
f 2611/2713/2611 2609/2711/2609 2626/2728/2626
f 2603/2705/2603 2606/2708/2606 2604/2706/2604
f 2606/2708/2606 2612/2714/2612 2613/2715/2613
f 2623/2725/2623 2622/2724/2622 2610/2712/2610
f 2627/2729/2627 2602/2704/2602 2622/2724/2622
f 2622/2724/2622 2625/2727/2625 2627/2729/2627
f 2622/2724/2622 2604/2706/2604 2607/2709/2607
f 2610/2712/2610 2622/2724/2622 2607/2709/2607
f 2623/2725/2623 2610/2712/2610 2611/2713/2611
s 95
f 2628/2730/2628 2629/2731/2629 2630/2732/2630
f 2630/2732/2630 2631/2733/2631 2632/2734/2632
f 2629/2731/2629 2633/2735/2633 2631/2733/2631
f 2633/2735/2633 2634/2736/2634 2635/2737/2635
f 2636/2738/2636 2637/2739/2637 2634/2736/2634
f 2632/2734/2632 2631/2733/2631 2638/2740/2638
f 2631/2733/2631 2639/2741/2639 2640/2742/2640
f 2635/2737/2635 2634/2736/2634 2639/2741/2639
f 2641/2743/2641 2634/2736/2634 2642/2744/2642
f 2643/2745/2643 2640/2742/2640 2644/2746/2644
f 2640/2742/2640 2639/2741/2639 2644/2746/2644
f 2639/2741/2639 2645/2747/2645 2646/2748/2646
f 2645/2747/2645 2641/2743/2641 2647/2749/2647
f 2648/2750/2648 2649/2751/2649 2650/2752/2650
f 2650/2752/2650 2651/2753/2651 2648/2750/2648
f 2641/2743/2641 2642/2744/2642 2647/2749/2647
f 2643/2745/2643 2638/2740/2638 2640/2742/2640
f 2634/2736/2634 2652/2754/2652 2642/2744/2642
f 2628/2730/2628 2648/2750/2648 2629/2731/2629
f 2631/2733/2631 2635/2737/2635 2639/2741/2639
f 2634/2736/2634 2641/2743/2641 2639/2741/2639
f 2639/2741/2639 2646/2748/2646 2644/2746/2644
f 2639/2741/2639 2641/2743/2641 2645/2747/2645
f 2633/2735/2633 2635/2737/2635 2631/2733/2631
f 2633/2735/2633 2636/2738/2636 2634/2736/2634
f 2637/2739/2637 2652/2754/2652 2634/2736/2634
f 2630/2732/2630 2629/2731/2629 2631/2733/2631
f 2631/2733/2631 2640/2742/2640 2638/2740/2638
f 2651/2753/2651 2636/2738/2636 2648/2750/2648
f 2653/2755/2653 2649/2751/2649 2648/2750/2648
f 2648/2750/2648 2628/2730/2628 2653/2755/2653
f 2648/2750/2648 2633/2735/2633 2629/2731/2629
f 2636/2738/2636 2633/2735/2633 2648/2750/2648
f 2651/2753/2651 2637/2739/2637 2636/2738/2636
s 96
f 2654/2756/2654 2655/2757/2655 2656/2758/2656
f 2655/2757/2655 2657/2759/2657 2658/2760/2658
f 2656/2758/2656 2658/2760/2658 2659/2761/2659
f 2659/2761/2659 2660/2762/2660 2661/2763/2661
f 2662/2764/2662 2661/2763/2661 2663/2765/2663
f 2657/2759/2657 2664/2766/2664 2658/2760/2658
f 2658/2760/2658 2665/2767/2665 2666/2768/2666
f 2660/2762/2660 2666/2768/2666 2661/2763/2661
f 2667/2769/2667 2668/2770/2668 2661/2763/2661
f 2669/2771/2669 2670/2772/2670 2665/2767/2665
f 2665/2767/2665 2670/2772/2670 2666/2768/2666
f 2666/2768/2666 2671/2773/2671 2672/2774/2672
f 2672/2774/2672 2673/2775/2673 2667/2769/2667
f 2674/2776/2674 2675/2777/2675 2676/2778/2676
f 2676/2778/2676 2677/2779/2677 2674/2776/2674
f 2667/2769/2667 2673/2775/2673 2668/2770/2668
f 2669/2771/2669 2665/2767/2665 2664/2766/2664
f 2661/2763/2661 2668/2770/2668 2678/2780/2678
f 2654/2756/2654 2656/2758/2656 2674/2776/2674
f 2658/2760/2658 2666/2768/2666 2660/2762/2660
f 2661/2763/2661 2666/2768/2666 2667/2769/2667
f 2666/2768/2666 2670/2772/2670 2671/2773/2671
f 2666/2768/2666 2672/2774/2672 2667/2769/2667
f 2659/2761/2659 2658/2760/2658 2660/2762/2660
f 2659/2761/2659 2661/2763/2661 2662/2764/2662
f 2663/2765/2663 2661/2763/2661 2678/2780/2678
f 2655/2757/2655 2658/2760/2658 2656/2758/2656
f 2658/2760/2658 2664/2766/2664 2665/2767/2665
f 2675/2777/2675 2674/2776/2674 2662/2764/2662
f 2679/2781/2679 2654/2756/2654 2674/2776/2674
f 2674/2776/2674 2677/2779/2677 2679/2781/2679
f 2674/2776/2674 2656/2758/2656 2659/2761/2659
f 2662/2764/2662 2674/2776/2674 2659/2761/2659
f 2675/2777/2675 2662/2764/2662 2663/2765/2663
s 97
f 2680/2782/2680 2681/2783/2681 2682/2784/2682
f 2682/2784/2682 2683/2785/2683 2684/2786/2684
f 2681/2783/2681 2685/2787/2685 2683/2785/2683
f 2685/2787/2685 2686/2788/2686 2687/2789/2687
f 2688/2790/2688 2689/2791/2689 2686/2788/2686
f 2684/2786/2684 2683/2785/2683 2690/2792/2690
f 2683/2785/2683 2691/2793/2691 2692/2794/2692
f 2687/2789/2687 2686/2788/2686 2691/2793/2691
f 2693/2795/2693 2686/2788/2686 2694/2796/2694
f 2695/2797/2695 2692/2794/2692 2696/2798/2696
f 2692/2794/2692 2691/2793/2691 2696/2798/2696
f 2691/2793/2691 2697/2799/2697 2698/2800/2698
f 2697/2799/2697 2693/2795/2693 2699/2801/2699
f 2700/2802/2700 2701/2803/2701 2702/2804/2702
f 2702/2804/2702 2703/2805/2703 2700/2802/2700
f 2693/2795/2693 2694/2796/2694 2699/2801/2699
f 2695/2797/2695 2690/2792/2690 2692/2794/2692
f 2686/2788/2686 2704/2806/2704 2694/2796/2694
f 2680/2782/2680 2700/2802/2700 2681/2783/2681
f 2683/2785/2683 2687/2789/2687 2691/2793/2691
f 2686/2788/2686 2693/2795/2693 2691/2793/2691
f 2691/2793/2691 2698/2800/2698 2696/2798/2696
f 2691/2793/2691 2693/2795/2693 2697/2799/2697
f 2685/2787/2685 2687/2789/2687 2683/2785/2683
f 2685/2787/2685 2688/2790/2688 2686/2788/2686
f 2689/2791/2689 2704/2806/2704 2686/2788/2686
f 2682/2784/2682 2681/2783/2681 2683/2785/2683
f 2683/2785/2683 2692/2794/2692 2690/2792/2690
f 2703/2805/2703 2688/2790/2688 2700/2802/2700
f 2705/2807/2705 2701/2803/2701 2700/2802/2700
f 2700/2802/2700 2680/2782/2680 2705/2807/2705
f 2700/2802/2700 2685/2787/2685 2681/2783/2681
f 2688/2790/2688 2685/2787/2685 2700/2802/2700
f 2703/2805/2703 2689/2791/2689 2688/2790/2688
s 98
f 2706/2808/2706 2707/2809/2707 2708/2810/2708
f 2707/2809/2707 2709/2811/2709 2710/2812/2710
f 2708/2810/2708 2710/2812/2710 2711/2813/2711
f 2711/2813/2711 2712/2814/2712 2713/2815/2713
f 2714/2816/2714 2713/2815/2713 2715/2817/2715
f 2709/2811/2709 2716/2818/2716 2710/2812/2710
f 2710/2812/2710 2717/2819/2717 2718/2820/2718
f 2712/2814/2712 2718/2820/2718 2713/2815/2713
f 2719/2821/2719 2720/2822/2720 2713/2815/2713
f 2721/2823/2721 2722/2824/2722 2717/2819/2717
f 2717/2819/2717 2722/2824/2722 2718/2820/2718
f 2718/2820/2718 2723/2825/2723 2724/2826/2724
f 2724/2826/2724 2725/2827/2725 2719/2821/2719
f 2726/2828/2726 2727/2829/2727 2728/2830/2728
f 2728/2830/2728 2729/2831/2729 2726/2828/2726
f 2719/2821/2719 2725/2827/2725 2720/2822/2720
f 2721/2823/2721 2717/2819/2717 2716/2818/2716
f 2713/2815/2713 2720/2822/2720 2730/2832/2730
f 2706/2808/2706 2708/2810/2708 2726/2828/2726
f 2710/2812/2710 2718/2820/2718 2712/2814/2712
f 2713/2815/2713 2718/2820/2718 2719/2821/2719
f 2718/2820/2718 2722/2824/2722 2723/2825/2723
f 2718/2820/2718 2724/2826/2724 2719/2821/2719
f 2711/2813/2711 2710/2812/2710 2712/2814/2712
f 2711/2813/2711 2713/2815/2713 2714/2816/2714
f 2715/2817/2715 2713/2815/2713 2730/2832/2730
f 2707/2809/2707 2710/2812/2710 2708/2810/2708
f 2710/2812/2710 2716/2818/2716 2717/2819/2717
f 2727/2829/2727 2726/2828/2726 2714/2816/2714
f 2731/2833/2731 2706/2808/2706 2726/2828/2726
f 2726/2828/2726 2729/2831/2729 2731/2833/2731
f 2726/2828/2726 2708/2810/2708 2711/2813/2711
f 2714/2816/2714 2726/2828/2726 2711/2813/2711
f 2727/2829/2727 2714/2816/2714 2715/2817/2715
s 99
f 2732/2834/2732 2733/2835/2733 2734/2836/2734
f 2734/2836/2734 2735/2837/2735 2732/2834/2732
f 2733/2835/2733 2736/2838/2736 2737/2839/2737
f 2737/2839/2737 2734/2836/2734 2733/2835/2733
f 2736/2838/2736 2738/2840/2738 2739/2841/2739
f 2739/2841/2739 2737/2839/2737 2736/2838/2736
f 2738/2840/2738 2740/2842/2740 2741/2843/2741
f 2741/2843/2741 2739/2841/2739 2738/2840/2738
f 2740/2842/2740 2742/2844/2742 2743/2845/2743
f 2743/2845/2743 2741/2843/2741 2740/2842/2740
f 2742/2844/2742 2744/2846/2744 2745/2847/2745
f 2745/2847/2745 2743/2845/2743 2742/2844/2742
f 2744/2848/2744 2746/2849/2746 2747/2850/2747
f 2747/2850/2747 2745/2851/2745 2744/2848/2744
f 2746/2849/2746 2732/2834/2732 2735/2837/2735
f 2735/2837/2735 2747/2850/2747 2746/2849/2746
f 2735/2837/2735 2734/2836/2734 2748/2852/2748
f 2734/2836/2734 2737/2839/2737 2748/2852/2748
f 2737/2839/2737 2739/2841/2739 2748/2853/2748
f 2739/2841/2739 2741/2843/2741 2748/2853/2748
f 2741/2843/2741 2743/2845/2743 2748/2853/2748
f 2743/2845/2743 2745/2847/2745 2748/2853/2748
f 2745/2851/2745 2747/2850/2747 2748/2852/2748
f 2747/2850/2747 2735/2837/2735 2748/2852/2748
f 2733/2835/2733 2732/2834/2732 2749/2854/2749
f 2749/2854/2749 2750/2855/2750 2733/2835/2733
f 2736/2838/2736 2733/2835/2733 2750/2855/2750
f 2750/2855/2750 2751/2856/2751 2736/2838/2736
f 2738/2840/2738 2736/2838/2736 2751/2856/2751
f 2751/2856/2751 2752/2857/2752 2738/2840/2738
f 2740/2842/2740 2738/2840/2738 2752/2857/2752
f 2752/2857/2752 2753/2858/2753 2740/2842/2740
f 2742/2844/2742 2740/2842/2740 2753/2858/2753
f 2753/2858/2753 2754/2859/2754 2742/2844/2742
f 2744/2846/2744 2742/2844/2742 2754/2859/2754
f 2754/2859/2754 2755/2860/2755 2744/2846/2744
f 2746/2849/2746 2744/2848/2744 2755/2861/2755
f 2755/2861/2755 2756/2862/2756 2746/2849/2746
f 2732/2834/2732 2746/2849/2746 2756/2862/2756
f 2756/2862/2756 2749/2854/2749 2732/2834/2732
f 2750/2855/2750 2749/2854/2749 2757/2863/2757
f 2757/2863/2757 2758/2864/2758 2750/2855/2750
f 2751/2856/2751 2750/2855/2750 2758/2864/2758
f 2758/2864/2758 2759/2865/2759 2751/2856/2751
f 2752/2857/2752 2751/2856/2751 2759/2865/2759
f 2759/2865/2759 2760/2866/2760 2752/2857/2752
f 2753/2858/2753 2752/2857/2752 2760/2866/2760
f 2760/2866/2760 2761/2867/2761 2753/2858/2753
f 2754/2859/2754 2753/2858/2753 2761/2867/2761
f 2761/2867/2761 2762/2868/2762 2754/2859/2754
f 2755/2860/2755 2754/2859/2754 2762/2868/2762
f 2762/2868/2762 2763/2869/2763 2755/2860/2755
f 2756/2862/2756 2755/2861/2755 2763/2870/2763
f 2763/2870/2763 2764/2871/2764 2756/2862/2756
f 2749/2854/2749 2756/2862/2756 2764/2871/2764
f 2764/2871/2764 2757/2863/2757 2749/2854/2749
f 2758/2864/2758 2757/2863/2757 2765/2872/2765
f 2765/2872/2765 2766/2873/2766 2758/2864/2758
f 2759/2865/2759 2758/2864/2758 2766/2873/2766
f 2766/2873/2766 2767/2874/2767 2759/2865/2759
f 2760/2866/2760 2759/2865/2759 2767/2874/2767
f 2767/2874/2767 2768/2875/2768 2760/2866/2760
f 2761/2867/2761 2760/2866/2760 2768/2875/2768
f 2768/2875/2768 2769/2876/2769 2761/2867/2761
f 2762/2868/2762 2761/2867/2761 2769/2876/2769
f 2769/2876/2769 2770/2877/2770 2762/2868/2762
f 2763/2869/2763 2762/2868/2762 2770/2877/2770
f 2770/2877/2770 2771/2878/2771 2763/2869/2763
f 2764/2871/2764 2763/2870/2763 2771/2879/2771
f 2771/2879/2771 2772/2880/2772 2764/2871/2764
f 2757/2863/2757 2764/2871/2764 2772/2880/2772
f 2772/2880/2772 2765/2872/2765 2757/2863/2757
f 2766/2873/2766 2765/2872/2765 2773/2881/2773
f 2773/2881/2773 2774/2882/2774 2766/2873/2766
f 2767/2874/2767 2766/2873/2766 2774/2882/2774
f 2774/2882/2774 2775/2883/2775 2767/2874/2767
f 2768/2875/2768 2767/2874/2767 2775/2883/2775
f 2775/2883/2775 2776/2884/2776 2768/2875/2768
f 2769/2876/2769 2768/2875/2768 2776/2884/2776
f 2776/2884/2776 2777/2885/2777 2769/2876/2769
f 2770/2877/2770 2769/2876/2769 2777/2885/2777
f 2777/2885/2777 2778/2886/2778 2770/2877/2770
f 2771/2878/2771 2770/2877/2770 2778/2886/2778
f 2778/2886/2778 2779/2887/2779 2771/2878/2771
f 2772/2880/2772 2771/2879/2771 2779/2888/2779
f 2779/2888/2779 2780/2889/2780 2772/2880/2772
f 2765/2872/2765 2772/2880/2772 2780/2889/2780
f 2780/2889/2780 2773/2881/2773 2765/2872/2765
f 2774/2882/2774 2773/2881/2773 2781/2890/2781
f 2775/2883/2775 2774/2882/2774 2781/2890/2781
f 2776/2884/2776 2775/2883/2775 2781/2891/2781
f 2777/2885/2777 2776/2884/2776 2781/2891/2781
f 2778/2886/2778 2777/2885/2777 2781/2891/2781
f 2779/2887/2779 2778/2886/2778 2781/2891/2781
f 2780/2889/2780 2779/2888/2779 2781/2890/2781
f 2773/2881/2773 2780/2889/2780 2781/2890/2781
s 100
f 2782/2892/2782 2783/2893/2783 2784/2894/2784
f 2784/2894/2784 2785/2895/2785 2786/2896/2786
f 2783/2893/2783 2787/2897/2787 2785/2895/2785
f 2787/2897/2787 2788/2898/2788 2789/2899/2789
f 2790/2900/2790 2791/2901/2791 2788/2898/2788
f 2786/2896/2786 2785/2895/2785 2792/2902/2792
f 2785/2895/2785 2793/2903/2793 2794/2904/2794
f 2789/2899/2789 2788/2898/2788 2793/2903/2793
f 2795/2905/2795 2788/2898/2788 2796/2906/2796
f 2797/2907/2797 2794/2904/2794 2798/2908/2798
f 2794/2904/2794 2793/2903/2793 2798/2908/2798
f 2793/2903/2793 2799/2909/2799 2800/2910/2800
f 2799/2909/2799 2795/2905/2795 2801/2911/2801
f 2802/2912/2802 2803/2913/2803 2804/2914/2804
f 2804/2914/2804 2805/2915/2805 2802/2912/2802
f 2795/2905/2795 2796/2906/2796 2801/2911/2801
f 2797/2907/2797 2792/2902/2792 2794/2904/2794
f 2788/2898/2788 2806/2916/2806 2796/2906/2796
f 2782/2892/2782 2802/2912/2802 2783/2893/2783
f 2785/2895/2785 2789/2899/2789 2793/2903/2793
f 2788/2898/2788 2795/2905/2795 2793/2903/2793
f 2793/2903/2793 2800/2910/2800 2798/2908/2798
f 2793/2903/2793 2795/2905/2795 2799/2909/2799
f 2787/2897/2787 2789/2899/2789 2785/2895/2785
f 2787/2897/2787 2790/2900/2790 2788/2898/2788
f 2791/2901/2791 2806/2916/2806 2788/2898/2788
f 2784/2894/2784 2783/2893/2783 2785/2895/2785
f 2785/2895/2785 2794/2904/2794 2792/2902/2792
f 2805/2915/2805 2790/2900/2790 2802/2912/2802
f 2807/2917/2807 2803/2913/2803 2802/2912/2802
f 2802/2912/2802 2782/2892/2782 2807/2917/2807
f 2802/2912/2802 2787/2897/2787 2783/2893/2783
f 2790/2900/2790 2787/2897/2787 2802/2912/2802
f 2805/2915/2805 2791/2901/2791 2790/2900/2790
s 101
f 2808/2918/2808 2809/2919/2809 2810/2920/2810
f 2809/2919/2809 2811/2921/2811 2812/2922/2812
f 2810/2920/2810 2812/2922/2812 2813/2923/2813
f 2813/2923/2813 2814/2924/2814 2815/2925/2815
f 2816/2926/2816 2815/2925/2815 2817/2927/2817
f 2811/2921/2811 2818/2928/2818 2812/2922/2812
f 2812/2922/2812 2819/2929/2819 2820/2930/2820
f 2814/2924/2814 2820/2930/2820 2815/2925/2815
f 2821/2931/2821 2822/2932/2822 2815/2925/2815
f 2823/2933/2823 2824/2934/2824 2819/2929/2819
f 2819/2929/2819 2824/2934/2824 2820/2930/2820
f 2820/2930/2820 2825/2935/2825 2826/2936/2826
f 2826/2936/2826 2827/2937/2827 2821/2931/2821
f 2828/2938/2828 2829/2939/2829 2830/2940/2830
f 2830/2940/2830 2831/2941/2831 2828/2938/2828
f 2821/2931/2821 2827/2937/2827 2822/2932/2822
f 2823/2933/2823 2819/2929/2819 2818/2928/2818
f 2815/2925/2815 2822/2932/2822 2832/2942/2832
f 2808/2918/2808 2810/2920/2810 2828/2938/2828
f 2812/2922/2812 2820/2930/2820 2814/2924/2814
f 2815/2925/2815 2820/2930/2820 2821/2931/2821
f 2820/2930/2820 2824/2934/2824 2825/2935/2825
f 2820/2930/2820 2826/2936/2826 2821/2931/2821
f 2813/2923/2813 2812/2922/2812 2814/2924/2814
f 2813/2923/2813 2815/2925/2815 2816/2926/2816
f 2817/2927/2817 2815/2925/2815 2832/2942/2832
f 2809/2919/2809 2812/2922/2812 2810/2920/2810
f 2812/2922/2812 2818/2928/2818 2819/2929/2819
f 2829/2939/2829 2828/2938/2828 2816/2926/2816
f 2833/2943/2833 2808/2918/2808 2828/2938/2828
f 2828/2938/2828 2831/2941/2831 2833/2943/2833
f 2828/2938/2828 2810/2920/2810 2813/2923/2813
f 2816/2926/2816 2828/2938/2828 2813/2923/2813
f 2829/2939/2829 2816/2926/2816 2817/2927/2817
s 102
f 2834/2944/2834 2835/2945/2835 2836/2946/2836
f 2836/2946/2836 2837/2947/2837 2838/2948/2838
f 2835/2945/2835 2839/2949/2839 2837/2947/2837
f 2839/2949/2839 2840/2950/2840 2841/2951/2841
f 2842/2952/2842 2843/2953/2843 2840/2950/2840
f 2838/2948/2838 2837/2947/2837 2844/2954/2844
f 2837/2947/2837 2845/2955/2845 2846/2956/2846
f 2841/2951/2841 2840/2950/2840 2845/2955/2845
f 2847/2957/2847 2840/2950/2840 2848/2958/2848
f 2849/2959/2849 2846/2956/2846 2850/2960/2850
f 2846/2956/2846 2845/2955/2845 2850/2960/2850
f 2845/2955/2845 2851/2961/2851 2852/2962/2852
f 2851/2961/2851 2847/2957/2847 2853/2963/2853
f 2854/2964/2854 2855/2965/2855 2856/2966/2856
f 2856/2966/2856 2857/2967/2857 2854/2964/2854
f 2847/2957/2847 2848/2958/2848 2853/2963/2853
f 2849/2959/2849 2844/2954/2844 2846/2956/2846
f 2840/2950/2840 2858/2968/2858 2848/2958/2848
f 2834/2944/2834 2854/2964/2854 2835/2945/2835
f 2837/2947/2837 2841/2951/2841 2845/2955/2845
f 2840/2950/2840 2847/2957/2847 2845/2955/2845
f 2845/2955/2845 2852/2962/2852 2850/2960/2850
f 2845/2955/2845 2847/2957/2847 2851/2961/2851
f 2839/2949/2839 2841/2951/2841 2837/2947/2837
f 2839/2949/2839 2842/2952/2842 2840/2950/2840
f 2843/2953/2843 2858/2968/2858 2840/2950/2840
f 2836/2946/2836 2835/2945/2835 2837/2947/2837
f 2837/2947/2837 2846/2956/2846 2844/2954/2844
f 2857/2967/2857 2842/2952/2842 2854/2964/2854
f 2859/2969/2859 2855/2965/2855 2854/2964/2854
f 2854/2964/2854 2834/2944/2834 2859/2969/2859
f 2854/2964/2854 2839/2949/2839 2835/2945/2835
f 2842/2952/2842 2839/2949/2839 2854/2964/2854
f 2857/2967/2857 2843/2953/2843 2842/2952/2842
s 103
f 2860/2970/2860 2861/2971/2861 2862/2972/2862
f 2861/2971/2861 2863/2973/2863 2864/2974/2864
f 2862/2972/2862 2864/2974/2864 2865/2975/2865
f 2865/2975/2865 2866/2976/2866 2867/2977/2867
f 2868/2978/2868 2867/2977/2867 2869/2979/2869
f 2863/2973/2863 2870/2980/2870 2864/2974/2864
f 2864/2974/2864 2871/2981/2871 2872/2982/2872
f 2866/2976/2866 2872/2982/2872 2867/2977/2867
f 2873/2983/2873 2874/2984/2874 2867/2977/2867
f 2875/2985/2875 2876/2986/2876 2871/2981/2871
f 2871/2981/2871 2876/2986/2876 2872/2982/2872
f 2872/2982/2872 2877/2987/2877 2878/2988/2878
f 2878/2988/2878 2879/2989/2879 2873/2983/2873
f 2880/2990/2880 2881/2991/2881 2882/2992/2882
f 2882/2992/2882 2883/2993/2883 2880/2990/2880
f 2873/2983/2873 2879/2989/2879 2874/2984/2874
f 2875/2985/2875 2871/2981/2871 2870/2980/2870
f 2867/2977/2867 2874/2984/2874 2884/2994/2884
f 2860/2970/2860 2862/2972/2862 2880/2990/2880
f 2864/2974/2864 2872/2982/2872 2866/2976/2866
f 2867/2977/2867 2872/2982/2872 2873/2983/2873
f 2872/2982/2872 2876/2986/2876 2877/2987/2877
f 2872/2982/2872 2878/2988/2878 2873/2983/2873
f 2865/2975/2865 2864/2974/2864 2866/2976/2866
f 2865/2975/2865 2867/2977/2867 2868/2978/2868
f 2869/2979/2869 2867/2977/2867 2884/2994/2884
f 2861/2971/2861 2864/2974/2864 2862/2972/2862
f 2864/2974/2864 2870/2980/2870 2871/2981/2871
f 2881/2991/2881 2880/2990/2880 2868/2978/2868
f 2885/2995/2885 2860/2970/2860 2880/2990/2880
f 2880/2990/2880 2883/2993/2883 2885/2995/2885
f 2880/2990/2880 2862/2972/2862 2865/2975/2865
f 2868/2978/2868 2880/2990/2880 2865/2975/2865
f 2881/2991/2881 2868/2978/2868 2869/2979/2869
s 104
f 2886/2996/2886 2887/2997/2887 2888/2998/2888
f 2888/2998/2888 2889/2999/2889 2890/3000/2890
f 2887/2997/2887 2891/3001/2891 2889/2999/2889
f 2891/3001/2891 2892/3002/2892 2893/3003/2893
f 2894/3004/2894 2895/3005/2895 2892/3002/2892
f 2890/3000/2890 2889/2999/2889 2896/3006/2896
f 2889/2999/2889 2897/3007/2897 2898/3008/2898
f 2893/3003/2893 2892/3002/2892 2897/3007/2897
f 2899/3009/2899 2892/3002/2892 2900/3010/2900
f 2901/3011/2901 2898/3008/2898 2902/3012/2902
f 2898/3008/2898 2897/3007/2897 2902/3012/2902
f 2897/3007/2897 2903/3013/2903 2904/3014/2904
f 2903/3013/2903 2899/3009/2899 2905/3015/2905
f 2906/3016/2906 2907/3017/2907 2908/3018/2908
f 2908/3018/2908 2909/3019/2909 2906/3016/2906
f 2899/3009/2899 2900/3010/2900 2905/3015/2905
f 2901/3011/2901 2896/3006/2896 2898/3008/2898
f 2892/3002/2892 2910/3020/2910 2900/3010/2900
f 2886/2996/2886 2906/3016/2906 2887/2997/2887
f 2889/2999/2889 2893/3003/2893 2897/3007/2897
f 2892/3002/2892 2899/3009/2899 2897/3007/2897
f 2897/3007/2897 2904/3014/2904 2902/3012/2902
f 2897/3007/2897 2899/3009/2899 2903/3013/2903
f 2891/3001/2891 2893/3003/2893 2889/2999/2889
f 2891/3001/2891 2894/3004/2894 2892/3002/2892
f 2895/3005/2895 2910/3020/2910 2892/3002/2892
f 2888/2998/2888 2887/2997/2887 2889/2999/2889
f 2889/2999/2889 2898/3008/2898 2896/3006/2896
f 2909/3019/2909 2894/3004/2894 2906/3016/2906
f 2911/3021/2911 2907/3017/2907 2906/3016/2906
f 2906/3016/2906 2886/2996/2886 2911/3021/2911
f 2906/3016/2906 2891/3001/2891 2887/2997/2887
f 2894/3004/2894 2891/3001/2891 2906/3016/2906
f 2909/3019/2909 2895/3005/2895 2894/3004/2894
s 105
f 2912/3022/2912 2913/3023/2913 2914/3024/2914
f 2913/3023/2913 2915/3025/2915 2916/3026/2916
f 2914/3024/2914 2916/3026/2916 2917/3027/2917
f 2917/3027/2917 2918/3028/2918 2919/3029/2919
f 2920/3030/2920 2919/3029/2919 2921/3031/2921
f 2915/3025/2915 2922/3032/2922 2916/3026/2916
f 2916/3026/2916 2923/3033/2923 2924/3034/2924
f 2918/3028/2918 2924/3034/2924 2919/3029/2919
f 2925/3035/2925 2926/3036/2926 2919/3029/2919
f 2927/3037/2927 2928/3038/2928 2923/3033/2923
f 2923/3033/2923 2928/3038/2928 2924/3034/2924
f 2924/3034/2924 2929/3039/2929 2930/3040/2930
f 2930/3040/2930 2931/3041/2931 2925/3035/2925
f 2932/3042/2932 2933/3043/2933 2934/3044/2934
f 2934/3044/2934 2935/3045/2935 2932/3042/2932
f 2925/3035/2925 2931/3041/2931 2926/3036/2926
f 2927/3037/2927 2923/3033/2923 2922/3032/2922
f 2919/3029/2919 2926/3036/2926 2936/3046/2936
f 2912/3022/2912 2914/3024/2914 2932/3042/2932
f 2916/3026/2916 2924/3034/2924 2918/3028/2918
f 2919/3029/2919 2924/3034/2924 2925/3035/2925
f 2924/3034/2924 2928/3038/2928 2929/3039/2929
f 2924/3034/2924 2930/3040/2930 2925/3035/2925
f 2917/3027/2917 2916/3026/2916 2918/3028/2918
f 2917/3027/2917 2919/3029/2919 2920/3030/2920
f 2921/3031/2921 2919/3029/2919 2936/3046/2936
f 2913/3023/2913 2916/3026/2916 2914/3024/2914
f 2916/3026/2916 2922/3032/2922 2923/3033/2923
f 2933/3043/2933 2932/3042/2932 2920/3030/2920
f 2937/3047/2937 2912/3022/2912 2932/3042/2932
f 2932/3042/2932 2935/3045/2935 2937/3047/2937
f 2932/3042/2932 2914/3024/2914 2917/3027/2917
f 2920/3030/2920 2932/3042/2932 2917/3027/2917
f 2933/3043/2933 2920/3030/2920 2921/3031/2921
s 106
f 2938/3048/2938 2939/3049/2939 2940/3050/2940
f 2940/3050/2940 2941/3051/2941 2942/3052/2942
f 2939/3049/2939 2943/3053/2943 2941/3051/2941
f 2943/3053/2943 2944/3054/2944 2945/3055/2945
f 2946/3056/2946 2947/3057/2947 2944/3054/2944
f 2942/3052/2942 2941/3051/2941 2948/3058/2948
f 2941/3051/2941 2949/3059/2949 2950/3060/2950
f 2945/3055/2945 2944/3054/2944 2949/3059/2949
f 2951/3061/2951 2944/3054/2944 2952/3062/2952
f 2953/3063/2953 2950/3060/2950 2954/3064/2954
f 2950/3060/2950 2949/3059/2949 2954/3064/2954
f 2949/3059/2949 2955/3065/2955 2956/3066/2956
f 2955/3065/2955 2951/3061/2951 2957/3067/2957
f 2958/3068/2958 2959/3069/2959 2960/3070/2960
f 2960/3070/2960 2961/3071/2961 2958/3068/2958
f 2951/3061/2951 2952/3062/2952 2957/3067/2957
f 2953/3063/2953 2948/3058/2948 2950/3060/2950
f 2944/3054/2944 2962/3072/2962 2952/3062/2952
f 2938/3048/2938 2958/3068/2958 2939/3049/2939
f 2941/3051/2941 2945/3055/2945 2949/3059/2949
f 2944/3054/2944 2951/3061/2951 2949/3059/2949
f 2949/3059/2949 2956/3066/2956 2954/3064/2954
f 2949/3059/2949 2951/3061/2951 2955/3065/2955
f 2943/3053/2943 2945/3055/2945 2941/3051/2941
f 2943/3053/2943 2946/3056/2946 2944/3054/2944
f 2947/3057/2947 2962/3072/2962 2944/3054/2944
f 2940/3050/2940 2939/3049/2939 2941/3051/2941
f 2941/3051/2941 2950/3060/2950 2948/3058/2948
f 2961/3071/2961 2946/3056/2946 2958/3068/2958
f 2963/3073/2963 2959/3069/2959 2958/3068/2958
f 2958/3068/2958 2938/3048/2938 2963/3073/2963
f 2958/3068/2958 2943/3053/2943 2939/3049/2939
f 2946/3056/2946 2943/3053/2943 2958/3068/2958
f 2961/3071/2961 2947/3057/2947 2946/3056/2946
s 107
f 2964/3074/2964 2965/3075/2965 2966/3076/2966
f 2965/3075/2965 2967/3077/2967 2968/3078/2968
f 2966/3076/2966 2968/3078/2968 2969/3079/2969
f 2969/3079/2969 2970/3080/2970 2971/3081/2971
f 2972/3082/2972 2971/3081/2971 2973/3083/2973
f 2967/3077/2967 2974/3084/2974 2968/3078/2968
f 2968/3078/2968 2975/3085/2975 2976/3086/2976
f 2970/3080/2970 2976/3086/2976 2971/3081/2971
f 2977/3087/2977 2978/3088/2978 2971/3081/2971
f 2979/3089/2979 2980/3090/2980 2975/3085/2975
f 2975/3085/2975 2980/3090/2980 2976/3086/2976
f 2976/3086/2976 2981/3091/2981 2982/3092/2982
f 2982/3092/2982 2983/3093/2983 2977/3087/2977
f 2984/3094/2984 2985/3095/2985 2986/3096/2986
f 2986/3096/2986 2987/3097/2987 2984/3094/2984
f 2977/3087/2977 2983/3093/2983 2978/3088/2978
f 2979/3089/2979 2975/3085/2975 2974/3084/2974
f 2971/3081/2971 2978/3088/2978 2988/3098/2988
f 2964/3074/2964 2966/3076/2966 2984/3094/2984
f 2968/3078/2968 2976/3086/2976 2970/3080/2970
f 2971/3081/2971 2976/3086/2976 2977/3087/2977
f 2976/3086/2976 2980/3090/2980 2981/3091/2981
f 2976/3086/2976 2982/3092/2982 2977/3087/2977
f 2969/3079/2969 2968/3078/2968 2970/3080/2970
f 2969/3079/2969 2971/3081/2971 2972/3082/2972
f 2973/3083/2973 2971/3081/2971 2988/3098/2988
f 2965/3075/2965 2968/3078/2968 2966/3076/2966
f 2968/3078/2968 2974/3084/2974 2975/3085/2975
f 2985/3095/2985 2984/3094/2984 2972/3082/2972
f 2989/3099/2989 2964/3074/2964 2984/3094/2984
f 2984/3094/2984 2987/3097/2987 2989/3099/2989
f 2984/3094/2984 2966/3076/2966 2969/3079/2969
f 2972/3082/2972 2984/3094/2984 2969/3079/2969
f 2985/3095/2985 2972/3082/2972 2973/3083/2973
s 108
f 2990/3100/2990 2991/3101/2991 2992/3102/2992
f 2992/3102/2992 2993/3103/2993 2994/3104/2994
f 2991/3101/2991 2995/3105/2995 2993/3103/2993
f 2995/3105/2995 2996/3106/2996 2997/3107/2997
f 2998/3108/2998 2999/3109/2999 2996/3106/2996
f 2994/3104/2994 2993/3103/2993 3000/3110/3000
f 2993/3103/2993 3001/3111/3001 3002/3112/3002
f 2997/3107/2997 2996/3106/2996 3001/3111/3001
f 3003/3113/3003 2996/3106/2996 3004/3114/3004
f 3005/3115/3005 3002/3112/3002 3006/3116/3006
f 3002/3112/3002 3001/3111/3001 3006/3116/3006
f 3001/3111/3001 3007/3117/3007 3008/3118/3008
f 3007/3117/3007 3003/3113/3003 3009/3119/3009
f 3010/3120/3010 3011/3121/3011 3012/3122/3012
f 3012/3122/3012 3013/3123/3013 3010/3120/3010
f 3003/3113/3003 3004/3114/3004 3009/3119/3009
f 3005/3115/3005 3000/3110/3000 3002/3112/3002
f 2996/3106/2996 3014/3124/3014 3004/3114/3004
f 2990/3100/2990 3010/3120/3010 2991/3101/2991
f 2993/3103/2993 2997/3107/2997 3001/3111/3001
f 2996/3106/2996 3003/3113/3003 3001/3111/3001
f 3001/3111/3001 3008/3118/3008 3006/3116/3006
f 3001/3111/3001 3003/3113/3003 3007/3117/3007
f 2995/3105/2995 2997/3107/2997 2993/3103/2993
f 2995/3105/2995 2998/3108/2998 2996/3106/2996
f 2999/3109/2999 3014/3124/3014 2996/3106/2996
f 2992/3102/2992 2991/3101/2991 2993/3103/2993
f 2993/3103/2993 3002/3112/3002 3000/3110/3000
f 3013/3123/3013 2998/3108/2998 3010/3120/3010
f 3015/3125/3015 3011/3121/3011 3010/3120/3010
f 3010/3120/3010 2990/3100/2990 3015/3125/3015
f 3010/3120/3010 2995/3105/2995 2991/3101/2991
f 2998/3108/2998 2995/3105/2995 3010/3120/3010
f 3013/3123/3013 2999/3109/2999 2998/3108/2998
s 109
f 3016/3126/3016 3017/3127/3017 3018/3128/3018
f 3017/3127/3017 3019/3129/3019 3020/3130/3020
f 3018/3128/3018 3020/3130/3020 3021/3131/3021
f 3021/3131/3021 3022/3132/3022 3023/3133/3023
f 3024/3134/3024 3023/3133/3023 3025/3135/3025
f 3019/3129/3019 3026/3136/3026 3020/3130/3020
f 3020/3130/3020 3027/3137/3027 3028/3138/3028
f 3022/3132/3022 3028/3138/3028 3023/3133/3023
f 3029/3139/3029 3030/3140/3030 3023/3133/3023
f 3031/3141/3031 3032/3142/3032 3027/3137/3027
f 3027/3137/3027 3032/3142/3032 3028/3138/3028
f 3028/3138/3028 3033/3143/3033 3034/3144/3034
f 3034/3144/3034 3035/3145/3035 3029/3139/3029
f 3036/3146/3036 3037/3147/3037 3038/3148/3038
f 3038/3148/3038 3039/3149/3039 3036/3146/3036
f 3029/3139/3029 3035/3145/3035 3030/3140/3030
f 3031/3141/3031 3027/3137/3027 3026/3136/3026
f 3023/3133/3023 3030/3140/3030 3040/3150/3040
f 3016/3126/3016 3018/3128/3018 3036/3146/3036
f 3020/3130/3020 3028/3138/3028 3022/3132/3022
f 3023/3133/3023 3028/3138/3028 3029/3139/3029
f 3028/3138/3028 3032/3142/3032 3033/3143/3033
f 3028/3138/3028 3034/3144/3034 3029/3139/3029
f 3021/3131/3021 3020/3130/3020 3022/3132/3022
f 3021/3131/3021 3023/3133/3023 3024/3134/3024
f 3025/3135/3025 3023/3133/3023 3040/3150/3040
f 3017/3127/3017 3020/3130/3020 3018/3128/3018
f 3020/3130/3020 3026/3136/3026 3027/3137/3027
f 3037/3147/3037 3036/3146/3036 3024/3134/3024
f 3041/3151/3041 3016/3126/3016 3036/3146/3036
f 3036/3146/3036 3039/3149/3039 3041/3151/3041
f 3036/3146/3036 3018/3128/3018 3021/3131/3021
f 3024/3134/3024 3036/3146/3036 3021/3131/3021
f 3037/3147/3037 3024/3134/3024 3025/3135/3025
s 110
f 3042/3152/3042 3043/3153/3043 3044/3154/3044
f 3044/3154/3044 3045/3155/3045 3046/3156/3046
f 3043/3153/3043 3047/3157/3047 3045/3155/3045
f 3047/3157/3047 3048/3158/3048 3049/3159/3049
f 3050/3160/3050 3051/3161/3051 3048/3158/3048
f 3046/3156/3046 3045/3155/3045 3052/3162/3052
f 3045/3155/3045 3053/3163/3053 3054/3164/3054
f 3049/3159/3049 3048/3158/3048 3053/3163/3053
f 3055/3165/3055 3048/3158/3048 3056/3166/3056
f 3057/3167/3057 3054/3164/3054 3058/3168/3058
f 3054/3164/3054 3053/3163/3053 3058/3168/3058
f 3053/3163/3053 3059/3169/3059 3060/3170/3060
f 3059/3169/3059 3055/3165/3055 3061/3171/3061
f 3062/3172/3062 3063/3173/3063 3064/3174/3064
f 3064/3174/3064 3065/3175/3065 3062/3172/3062
f 3055/3165/3055 3056/3166/3056 3061/3171/3061
f 3057/3167/3057 3052/3162/3052 3054/3164/3054
f 3048/3158/3048 3066/3176/3066 3056/3166/3056
f 3042/3152/3042 3062/3172/3062 3043/3153/3043
f 3045/3155/3045 3049/3159/3049 3053/3163/3053
f 3048/3158/3048 3055/3165/3055 3053/3163/3053
f 3053/3163/3053 3060/3170/3060 3058/3168/3058
f 3053/3163/3053 3055/3165/3055 3059/3169/3059
f 3047/3157/3047 3049/3159/3049 3045/3155/3045
f 3047/3157/3047 3050/3160/3050 3048/3158/3048
f 3051/3161/3051 3066/3176/3066 3048/3158/3048
f 3044/3154/3044 3043/3153/3043 3045/3155/3045
f 3045/3155/3045 3054/3164/3054 3052/3162/3052
f 3065/3175/3065 3050/3160/3050 3062/3172/3062
f 3067/3177/3067 3063/3173/3063 3062/3172/3062
f 3062/3172/3062 3042/3152/3042 3067/3177/3067
f 3062/3172/3062 3047/3157/3047 3043/3153/3043
f 3050/3160/3050 3047/3157/3047 3062/3172/3062
f 3065/3175/3065 3051/3161/3051 3050/3160/3050
s 111
f 3068/3178/3068 3069/3179/3069 3070/3180/3070
f 3069/3179/3069 3071/3181/3071 3072/3182/3072
f 3070/3180/3070 3072/3182/3072 3073/3183/3073
f 3073/3183/3073 3074/3184/3074 3075/3185/3075
f 3076/3186/3076 3075/3185/3075 3077/3187/3077
f 3071/3181/3071 3078/3188/3078 3072/3182/3072
f 3072/3182/3072 3079/3189/3079 3080/3190/3080
f 3074/3184/3074 3080/3190/3080 3075/3185/3075
f 3081/3191/3081 3082/3192/3082 3075/3185/3075
f 3083/3193/3083 3084/3194/3084 3079/3189/3079
f 3079/3189/3079 3084/3194/3084 3080/3190/3080
f 3080/3190/3080 3085/3195/3085 3086/3196/3086
f 3086/3196/3086 3087/3197/3087 3081/3191/3081
f 3088/3198/3088 3089/3199/3089 3090/3200/3090
f 3090/3200/3090 3091/3201/3091 3088/3198/3088
f 3081/3191/3081 3087/3197/3087 3082/3192/3082
f 3083/3193/3083 3079/3189/3079 3078/3188/3078
f 3075/3185/3075 3082/3192/3082 3092/3202/3092
f 3068/3178/3068 3070/3180/3070 3088/3198/3088
f 3072/3182/3072 3080/3190/3080 3074/3184/3074
f 3075/3185/3075 3080/3190/3080 3081/3191/3081
f 3080/3190/3080 3084/3194/3084 3085/3195/3085
f 3080/3190/3080 3086/3196/3086 3081/3191/3081
f 3073/3183/3073 3072/3182/3072 3074/3184/3074
f 3073/3183/3073 3075/3185/3075 3076/3186/3076
f 3077/3187/3077 3075/3185/3075 3092/3202/3092
f 3069/3179/3069 3072/3182/3072 3070/3180/3070
f 3072/3182/3072 3078/3188/3078 3079/3189/3079
f 3089/3199/3089 3088/3198/3088 3076/3186/3076
f 3093/3203/3093 3068/3178/3068 3088/3198/3088
f 3088/3198/3088 3091/3201/3091 3093/3203/3093
f 3088/3198/3088 3070/3180/3070 3073/3183/3073
f 3076/3186/3076 3088/3198/3088 3073/3183/3073
f 3089/3199/3089 3076/3186/3076 3077/3187/3077
s 112
f 3094/3204/3094 3095/3205/3095 3096/3206/3096
f 3096/3206/3096 3097/3207/3097 3098/3208/3098
f 3095/3205/3095 3099/3209/3099 3097/3207/3097
f 3099/3209/3099 3100/3210/3100 3101/3211/3101
f 3102/3212/3102 3103/3213/3103 3100/3210/3100
f 3098/3208/3098 3097/3207/3097 3104/3214/3104
f 3097/3207/3097 3105/3215/3105 3106/3216/3106
f 3101/3211/3101 3100/3210/3100 3105/3215/3105
f 3107/3217/3107 3100/3210/3100 3108/3218/3108
f 3109/3219/3109 3106/3216/3106 3110/3220/3110
f 3106/3216/3106 3105/3215/3105 3110/3220/3110
f 3105/3215/3105 3111/3221/3111 3112/3222/3112
f 3111/3221/3111 3107/3217/3107 3113/3223/3113
f 3114/3224/3114 3115/3225/3115 3116/3226/3116
f 3116/3226/3116 3117/3227/3117 3114/3224/3114
f 3107/3217/3107 3108/3218/3108 3113/3223/3113
f 3109/3219/3109 3104/3214/3104 3106/3216/3106
f 3100/3210/3100 3118/3228/3118 3108/3218/3108
f 3094/3204/3094 3114/3224/3114 3095/3205/3095
f 3097/3207/3097 3101/3211/3101 3105/3215/3105
f 3100/3210/3100 3107/3217/3107 3105/3215/3105
f 3105/3215/3105 3112/3222/3112 3110/3220/3110
f 3105/3215/3105 3107/3217/3107 3111/3221/3111
f 3099/3209/3099 3101/3211/3101 3097/3207/3097
f 3099/3209/3099 3102/3212/3102 3100/3210/3100
f 3103/3213/3103 3118/3228/3118 3100/3210/3100
f 3096/3206/3096 3095/3205/3095 3097/3207/3097
f 3097/3207/3097 3106/3216/3106 3104/3214/3104
f 3117/3227/3117 3102/3212/3102 3114/3224/3114
f 3119/3229/3119 3115/3225/3115 3114/3224/3114
f 3114/3224/3114 3094/3204/3094 3119/3229/3119
f 3114/3224/3114 3099/3209/3099 3095/3205/3095
f 3102/3212/3102 3099/3209/3099 3114/3224/3114
f 3117/3227/3117 3103/3213/3103 3102/3212/3102
s 113
f 3120/3230/3120 3121/3231/3121 3122/3232/3122
f 3121/3231/3121 3123/3233/3123 3124/3234/3124
f 3122/3232/3122 3124/3234/3124 3125/3235/3125
f 3125/3235/3125 3126/3236/3126 3127/3237/3127
f 3128/3238/3128 3127/3237/3127 3129/3239/3129
f 3123/3233/3123 3130/3240/3130 3124/3234/3124
f 3124/3234/3124 3131/3241/3131 3132/3242/3132
f 3126/3236/3126 3132/3242/3132 3127/3237/3127
f 3133/3243/3133 3134/3244/3134 3127/3237/3127
f 3135/3245/3135 3136/3246/3136 3131/3241/3131
f 3131/3241/3131 3136/3246/3136 3132/3242/3132
f 3132/3242/3132 3137/3247/3137 3138/3248/3138
f 3138/3248/3138 3139/3249/3139 3133/3243/3133
f 3140/3250/3140 3141/3251/3141 3142/3252/3142
f 3142/3252/3142 3143/3253/3143 3140/3250/3140
f 3133/3243/3133 3139/3249/3139 3134/3244/3134
f 3135/3245/3135 3131/3241/3131 3130/3240/3130
f 3127/3237/3127 3134/3244/3134 3144/3254/3144
f 3120/3230/3120 3122/3232/3122 3140/3250/3140
f 3124/3234/3124 3132/3242/3132 3126/3236/3126
f 3127/3237/3127 3132/3242/3132 3133/3243/3133
f 3132/3242/3132 3136/3246/3136 3137/3247/3137
f 3132/3242/3132 3138/3248/3138 3133/3243/3133
f 3125/3235/3125 3124/3234/3124 3126/3236/3126
f 3125/3235/3125 3127/3237/3127 3128/3238/3128
f 3129/3239/3129 3127/3237/3127 3144/3254/3144
f 3121/3231/3121 3124/3234/3124 3122/3232/3122
f 3124/3234/3124 3130/3240/3130 3131/3241/3131
f 3141/3251/3141 3140/3250/3140 3128/3238/3128
f 3145/3255/3145 3120/3230/3120 3140/3250/3140
f 3140/3250/3140 3143/3253/3143 3145/3255/3145
f 3140/3250/3140 3122/3232/3122 3125/3235/3125
f 3128/3238/3128 3140/3250/3140 3125/3235/3125
f 3141/3251/3141 3128/3238/3128 3129/3239/3129
s 114
f 3146/3256/3146 3147/3257/3147 3148/3258/3148
f 3148/3258/3148 3149/3259/3149 3150/3260/3150
f 3147/3257/3147 3151/3261/3151 3149/3259/3149
f 3151/3261/3151 3152/3262/3152 3153/3263/3153
f 3154/3264/3154 3155/3265/3155 3152/3262/3152
f 3150/3260/3150 3149/3259/3149 3156/3266/3156
f 3149/3259/3149 3157/3267/3157 3158/3268/3158
f 3153/3263/3153 3152/3262/3152 3157/3267/3157
f 3159/3269/3159 3152/3262/3152 3160/3270/3160
f 3161/3271/3161 3158/3268/3158 3162/3272/3162
f 3158/3268/3158 3157/3267/3157 3162/3272/3162
f 3157/3267/3157 3163/3273/3163 3164/3274/3164
f 3163/3273/3163 3159/3269/3159 3165/3275/3165
f 3166/3276/3166 3167/3277/3167 3168/3278/3168
f 3168/3278/3168 3169/3279/3169 3166/3276/3166
f 3159/3269/3159 3160/3270/3160 3165/3275/3165
f 3161/3271/3161 3156/3266/3156 3158/3268/3158
f 3152/3262/3152 3170/3280/3170 3160/3270/3160
f 3146/3256/3146 3166/3276/3166 3147/3257/3147
f 3149/3259/3149 3153/3263/3153 3157/3267/3157
f 3152/3262/3152 3159/3269/3159 3157/3267/3157
f 3157/3267/3157 3164/3274/3164 3162/3272/3162
f 3157/3267/3157 3159/3269/3159 3163/3273/3163
f 3151/3261/3151 3153/3263/3153 3149/3259/3149
f 3151/3261/3151 3154/3264/3154 3152/3262/3152
f 3155/3265/3155 3170/3280/3170 3152/3262/3152
f 3148/3258/3148 3147/3257/3147 3149/3259/3149
f 3149/3259/3149 3158/3268/3158 3156/3266/3156
f 3169/3279/3169 3154/3264/3154 3166/3276/3166
f 3171/3281/3171 3167/3277/3167 3166/3276/3166
f 3166/3276/3166 3146/3256/3146 3171/3281/3171
f 3166/3276/3166 3151/3261/3151 3147/3257/3147
f 3154/3264/3154 3151/3261/3151 3166/3276/3166
f 3169/3279/3169 3155/3265/3155 3154/3264/3154
s 115
f 3172/3282/3172 3173/3283/3173 3174/3284/3174
f 3173/3283/3173 3175/3285/3175 3176/3286/3176
f 3174/3284/3174 3176/3286/3176 3177/3287/3177
f 3177/3287/3177 3178/3288/3178 3179/3289/3179
f 3180/3290/3180 3179/3289/3179 3181/3291/3181
f 3175/3285/3175 3182/3292/3182 3176/3286/3176
f 3176/3286/3176 3183/3293/3183 3184/3294/3184
f 3178/3288/3178 3184/3294/3184 3179/3289/3179
f 3185/3295/3185 3186/3296/3186 3179/3289/3179
f 3187/3297/3187 3188/3298/3188 3183/3293/3183
f 3183/3293/3183 3188/3298/3188 3184/3294/3184
f 3184/3294/3184 3189/3299/3189 3190/3300/3190
f 3190/3300/3190 3191/3301/3191 3185/3295/3185
f 3192/3302/3192 3193/3303/3193 3194/3304/3194
f 3194/3304/3194 3195/3305/3195 3192/3302/3192
f 3185/3295/3185 3191/3301/3191 3186/3296/3186
f 3187/3297/3187 3183/3293/3183 3182/3292/3182
f 3179/3289/3179 3186/3296/3186 3196/3306/3196
f 3172/3282/3172 3174/3284/3174 3192/3302/3192
f 3176/3286/3176 3184/3294/3184 3178/3288/3178
f 3179/3289/3179 3184/3294/3184 3185/3295/3185
f 3184/3294/3184 3188/3298/3188 3189/3299/3189
f 3184/3294/3184 3190/3300/3190 3185/3295/3185
f 3177/3287/3177 3176/3286/3176 3178/3288/3178
f 3177/3287/3177 3179/3289/3179 3180/3290/3180
f 3181/3291/3181 3179/3289/3179 3196/3306/3196
f 3173/3283/3173 3176/3286/3176 3174/3284/3174
f 3176/3286/3176 3182/3292/3182 3183/3293/3183
f 3193/3303/3193 3192/3302/3192 3180/3290/3180
f 3197/3307/3197 3172/3282/3172 3192/3302/3192
f 3192/3302/3192 3195/3305/3195 3197/3307/3197
f 3192/3302/3192 3174/3284/3174 3177/3287/3177
f 3180/3290/3180 3192/3302/3192 3177/3287/3177
f 3193/3303/3193 3180/3290/3180 3181/3291/3181
s 116
f 3198/3308/3198 3199/3309/3199 3200/3310/3200
f 3200/3310/3200 3201/3311/3201 3202/3312/3202
f 3199/3309/3199 3203/3313/3203 3201/3311/3201
f 3203/3313/3203 3204/3314/3204 3205/3315/3205
f 3206/3316/3206 3207/3317/3207 3204/3314/3204
f 3202/3312/3202 3201/3311/3201 3208/3318/3208
f 3201/3311/3201 3209/3319/3209 3210/3320/3210
f 3205/3315/3205 3204/3314/3204 3209/3319/3209
f 3211/3321/3211 3204/3314/3204 3212/3322/3212
f 3213/3323/3213 3210/3320/3210 3214/3324/3214
f 3210/3320/3210 3209/3319/3209 3214/3324/3214
f 3209/3319/3209 3215/3325/3215 3216/3326/3216
f 3215/3325/3215 3211/3321/3211 3217/3327/3217
f 3218/3328/3218 3219/3329/3219 3220/3330/3220
f 3220/3330/3220 3221/3331/3221 3218/3328/3218
f 3211/3321/3211 3212/3322/3212 3217/3327/3217
f 3213/3323/3213 3208/3318/3208 3210/3320/3210
f 3204/3314/3204 3222/3332/3222 3212/3322/3212
f 3198/3308/3198 3218/3328/3218 3199/3309/3199
f 3201/3311/3201 3205/3315/3205 3209/3319/3209
f 3204/3314/3204 3211/3321/3211 3209/3319/3209
f 3209/3319/3209 3216/3326/3216 3214/3324/3214
f 3209/3319/3209 3211/3321/3211 3215/3325/3215
f 3203/3313/3203 3205/3315/3205 3201/3311/3201
f 3203/3313/3203 3206/3316/3206 3204/3314/3204
f 3207/3317/3207 3222/3332/3222 3204/3314/3204
f 3200/3310/3200 3199/3309/3199 3201/3311/3201
f 3201/3311/3201 3210/3320/3210 3208/3318/3208
f 3221/3331/3221 3206/3316/3206 3218/3328/3218
f 3223/3333/3223 3219/3329/3219 3218/3328/3218
f 3218/3328/3218 3198/3308/3198 3223/3333/3223
f 3218/3328/3218 3203/3313/3203 3199/3309/3199
f 3206/3316/3206 3203/3313/3203 3218/3328/3218
f 3221/3331/3221 3207/3317/3207 3206/3316/3206
s 117
f 3224/3334/3224 3225/3335/3225 3226/3336/3226
f 3225/3335/3225 3227/3337/3227 3228/3338/3228
f 3226/3336/3226 3228/3338/3228 3229/3339/3229
f 3229/3339/3229 3230/3340/3230 3231/3341/3231
f 3232/3342/3232 3231/3341/3231 3233/3343/3233
f 3227/3337/3227 3234/3344/3234 3228/3338/3228
f 3228/3338/3228 3235/3345/3235 3236/3346/3236
f 3230/3340/3230 3236/3346/3236 3231/3341/3231
f 3237/3347/3237 3238/3348/3238 3231/3341/3231
f 3239/3349/3239 3240/3350/3240 3235/3345/3235
f 3235/3345/3235 3240/3350/3240 3236/3346/3236
f 3236/3346/3236 3241/3351/3241 3242/3352/3242
f 3242/3352/3242 3243/3353/3243 3237/3347/3237
f 3244/3354/3244 3245/3355/3245 3246/3356/3246
f 3246/3356/3246 3247/3357/3247 3244/3354/3244
f 3237/3347/3237 3243/3353/3243 3238/3348/3238
f 3239/3349/3239 3235/3345/3235 3234/3344/3234
f 3231/3341/3231 3238/3348/3238 3248/3358/3248
f 3224/3334/3224 3226/3336/3226 3244/3354/3244
f 3228/3338/3228 3236/3346/3236 3230/3340/3230
f 3231/3341/3231 3236/3346/3236 3237/3347/3237
f 3236/3346/3236 3240/3350/3240 3241/3351/3241
f 3236/3346/3236 3242/3352/3242 3237/3347/3237
f 3229/3339/3229 3228/3338/3228 3230/3340/3230
f 3229/3339/3229 3231/3341/3231 3232/3342/3232
f 3233/3343/3233 3231/3341/3231 3248/3358/3248
f 3225/3335/3225 3228/3338/3228 3226/3336/3226
f 3228/3338/3228 3234/3344/3234 3235/3345/3235
f 3245/3355/3245 3244/3354/3244 3232/3342/3232
f 3249/3359/3249 3224/3334/3224 3244/3354/3244
f 3244/3354/3244 3247/3357/3247 3249/3359/3249
f 3244/3354/3244 3226/3336/3226 3229/3339/3229
f 3232/3342/3232 3244/3354/3244 3229/3339/3229
f 3245/3355/3245 3232/3342/3232 3233/3343/3233
s 118
f 3250/3360/3250 3251/3361/3251 3252/3362/3252
f 3252/3362/3252 3253/3363/3253 3254/3364/3254
f 3251/3361/3251 3255/3365/3255 3253/3363/3253
f 3255/3365/3255 3256/3366/3256 3257/3367/3257
f 3258/3368/3258 3259/3369/3259 3256/3366/3256
f 3254/3364/3254 3253/3363/3253 3260/3370/3260
f 3253/3363/3253 3261/3371/3261 3262/3372/3262
f 3257/3367/3257 3256/3366/3256 3261/3371/3261
f 3263/3373/3263 3256/3366/3256 3264/3374/3264
f 3265/3375/3265 3262/3372/3262 3266/3376/3266
f 3262/3372/3262 3261/3371/3261 3266/3376/3266
f 3261/3371/3261 3267/3377/3267 3268/3378/3268
f 3267/3377/3267 3263/3373/3263 3269/3379/3269
f 3270/3380/3270 3271/3381/3271 3272/3382/3272
f 3272/3382/3272 3273/3383/3273 3270/3380/3270
f 3263/3373/3263 3264/3374/3264 3269/3379/3269
f 3265/3375/3265 3260/3370/3260 3262/3372/3262
f 3256/3366/3256 3274/3384/3274 3264/3374/3264
f 3250/3360/3250 3270/3380/3270 3251/3361/3251
f 3253/3363/3253 3257/3367/3257 3261/3371/3261
f 3256/3366/3256 3263/3373/3263 3261/3371/3261
f 3261/3371/3261 3268/3378/3268 3266/3376/3266
f 3261/3371/3261 3263/3373/3263 3267/3377/3267
f 3255/3365/3255 3257/3367/3257 3253/3363/3253
f 3255/3365/3255 3258/3368/3258 3256/3366/3256
f 3259/3369/3259 3274/3384/3274 3256/3366/3256
f 3252/3362/3252 3251/3361/3251 3253/3363/3253
f 3253/3363/3253 3262/3372/3262 3260/3370/3260
f 3273/3383/3273 3258/3368/3258 3270/3380/3270
f 3275/3385/3275 3271/3381/3271 3270/3380/3270
f 3270/3380/3270 3250/3360/3250 3275/3385/3275
f 3270/3380/3270 3255/3365/3255 3251/3361/3251
f 3258/3368/3258 3255/3365/3255 3270/3380/3270
f 3273/3383/3273 3259/3369/3259 3258/3368/3258
s 119
f 3276/3386/3276 3277/3387/3277 3278/3388/3278
f 3277/3387/3277 3279/3389/3279 3280/3390/3280
f 3278/3388/3278 3280/3390/3280 3281/3391/3281
f 3281/3391/3281 3282/3392/3282 3283/3393/3283
f 3284/3394/3284 3283/3393/3283 3285/3395/3285
f 3279/3389/3279 3286/3396/3286 3280/3390/3280
f 3280/3390/3280 3287/3397/3287 3288/3398/3288
f 3282/3392/3282 3288/3398/3288 3283/3393/3283
f 3289/3399/3289 3290/3400/3290 3283/3393/3283
f 3291/3401/3291 3292/3402/3292 3287/3397/3287
f 3287/3397/3287 3292/3402/3292 3288/3398/3288
f 3288/3398/3288 3293/3403/3293 3294/3404/3294
f 3294/3404/3294 3295/3405/3295 3289/3399/3289
f 3296/3406/3296 3297/3407/3297 3298/3408/3298
f 3298/3408/3298 3299/3409/3299 3296/3406/3296
f 3289/3399/3289 3295/3405/3295 3290/3400/3290
f 3291/3401/3291 3287/3397/3287 3286/3396/3286
f 3283/3393/3283 3290/3400/3290 3300/3410/3300
f 3276/3386/3276 3278/3388/3278 3296/3406/3296
f 3280/3390/3280 3288/3398/3288 3282/3392/3282
f 3283/3393/3283 3288/3398/3288 3289/3399/3289
f 3288/3398/3288 3292/3402/3292 3293/3403/3293
f 3288/3398/3288 3294/3404/3294 3289/3399/3289
f 3281/3391/3281 3280/3390/3280 3282/3392/3282
f 3281/3391/3281 3283/3393/3283 3284/3394/3284
f 3285/3395/3285 3283/3393/3283 3300/3410/3300
f 3277/3387/3277 3280/3390/3280 3278/3388/3278
f 3280/3390/3280 3286/3396/3286 3287/3397/3287
f 3297/3407/3297 3296/3406/3296 3284/3394/3284
f 3301/3411/3301 3276/3386/3276 3296/3406/3296
f 3296/3406/3296 3299/3409/3299 3301/3411/3301
f 3296/3406/3296 3278/3388/3278 3281/3391/3281
f 3284/3394/3284 3296/3406/3296 3281/3391/3281
f 3297/3407/3297 3284/3394/3284 3285/3395/3285
s 120
f 3302/3412/3302 3303/3413/3303 3304/3414/3304
f 3304/3414/3304 3305/3415/3305 3306/3416/3306
f 3303/3413/3303 3307/3417/3307 3305/3415/3305
f 3307/3417/3307 3308/3418/3308 3309/3419/3309
f 3310/3420/3310 3311/3421/3311 3308/3418/3308
f 3306/3416/3306 3305/3415/3305 3312/3422/3312
f 3305/3415/3305 3313/3423/3313 3314/3424/3314
f 3309/3419/3309 3308/3418/3308 3313/3423/3313
f 3315/3425/3315 3308/3418/3308 3316/3426/3316
f 3317/3427/3317 3314/3424/3314 3318/3428/3318
f 3314/3424/3314 3313/3423/3313 3318/3428/3318
f 3313/3423/3313 3319/3429/3319 3320/3430/3320
f 3319/3429/3319 3315/3425/3315 3321/3431/3321
f 3322/3432/3322 3323/3433/3323 3324/3434/3324
f 3324/3434/3324 3325/3435/3325 3322/3432/3322
f 3315/3425/3315 3316/3426/3316 3321/3431/3321
f 3317/3427/3317 3312/3422/3312 3314/3424/3314
f 3308/3418/3308 3326/3436/3326 3316/3426/3316
f 3302/3412/3302 3322/3432/3322 3303/3413/3303
f 3305/3415/3305 3309/3419/3309 3313/3423/3313
f 3308/3418/3308 3315/3425/3315 3313/3423/3313
f 3313/3423/3313 3320/3430/3320 3318/3428/3318
f 3313/3423/3313 3315/3425/3315 3319/3429/3319
f 3307/3417/3307 3309/3419/3309 3305/3415/3305
f 3307/3417/3307 3310/3420/3310 3308/3418/3308
f 3311/3421/3311 3326/3436/3326 3308/3418/3308
f 3304/3414/3304 3303/3413/3303 3305/3415/3305
f 3305/3415/3305 3314/3424/3314 3312/3422/3312
f 3325/3435/3325 3310/3420/3310 3322/3432/3322
f 3327/3437/3327 3323/3433/3323 3322/3432/3322
f 3322/3432/3322 3302/3412/3302 3327/3437/3327
f 3322/3432/3322 3307/3417/3307 3303/3413/3303
f 3310/3420/3310 3307/3417/3307 3322/3432/3322
f 3325/3435/3325 3311/3421/3311 3310/3420/3310
s 121
f 3328/3438/3328 3329/3439/3329 3330/3440/3330
f 3329/3439/3329 3331/3441/3331 3332/3442/3332
f 3330/3440/3330 3332/3442/3332 3333/3443/3333
f 3333/3443/3333 3334/3444/3334 3335/3445/3335
f 3336/3446/3336 3335/3445/3335 3337/3447/3337
f 3331/3441/3331 3338/3448/3338 3332/3442/3332
f 3332/3442/3332 3339/3449/3339 3340/3450/3340
f 3334/3444/3334 3340/3450/3340 3335/3445/3335
f 3341/3451/3341 3342/3452/3342 3335/3445/3335
f 3343/3453/3343 3344/3454/3344 3339/3449/3339
f 3339/3449/3339 3344/3454/3344 3340/3450/3340
f 3340/3450/3340 3345/3455/3345 3346/3456/3346
f 3346/3456/3346 3347/3457/3347 3341/3451/3341
f 3348/3458/3348 3349/3459/3349 3350/3460/3350
f 3350/3460/3350 3351/3461/3351 3348/3458/3348
f 3341/3451/3341 3347/3457/3347 3342/3452/3342
f 3343/3453/3343 3339/3449/3339 3338/3448/3338
f 3335/3445/3335 3342/3452/3342 3352/3462/3352
f 3328/3438/3328 3330/3440/3330 3348/3458/3348
f 3332/3442/3332 3340/3450/3340 3334/3444/3334
f 3335/3445/3335 3340/3450/3340 3341/3451/3341
f 3340/3450/3340 3344/3454/3344 3345/3455/3345
f 3340/3450/3340 3346/3456/3346 3341/3451/3341
f 3333/3443/3333 3332/3442/3332 3334/3444/3334
f 3333/3443/3333 3335/3445/3335 3336/3446/3336
f 3337/3447/3337 3335/3445/3335 3352/3462/3352
f 3329/3439/3329 3332/3442/3332 3330/3440/3330
f 3332/3442/3332 3338/3448/3338 3339/3449/3339
f 3349/3459/3349 3348/3458/3348 3336/3446/3336
f 3353/3463/3353 3328/3438/3328 3348/3458/3348
f 3348/3458/3348 3351/3461/3351 3353/3463/3353
f 3348/3458/3348 3330/3440/3330 3333/3443/3333
f 3336/3446/3336 3348/3458/3348 3333/3443/3333
f 3349/3459/3349 3336/3446/3336 3337/3447/3337
s 122
f 3354/3464/3354 3355/3465/3355 3356/3466/3356
f 3356/3466/3356 3357/3467/3357 3354/3464/3354
f 3355/3465/3355 3358/3468/3358 3359/3469/3359
f 3359/3469/3359 3356/3466/3356 3355/3465/3355
f 3358/3468/3358 3360/3470/3360 3361/3471/3361
f 3361/3471/3361 3359/3469/3359 3358/3468/3358
f 3360/3470/3360 3362/3472/3362 3363/3473/3363
f 3363/3473/3363 3361/3471/3361 3360/3470/3360
f 3362/3472/3362 3364/3474/3364 3365/3475/3365
f 3365/3475/3365 3363/3473/3363 3362/3472/3362
f 3364/3474/3364 3366/3476/3366 3367/3477/3367
f 3367/3477/3367 3365/3475/3365 3364/3474/3364
f 3366/3478/3366 3368/3479/3368 3369/3480/3369
f 3369/3480/3369 3367/3481/3367 3366/3478/3366
f 3368/3479/3368 3354/3464/3354 3357/3467/3357
f 3357/3467/3357 3369/3480/3369 3368/3479/3368
f 3357/3467/3357 3356/3466/3356 3370/3482/3370
f 3356/3466/3356 3359/3469/3359 3370/3482/3370
f 3359/3469/3359 3361/3471/3361 3370/3483/3370
f 3361/3471/3361 3363/3473/3363 3370/3483/3370
f 3363/3473/3363 3365/3475/3365 3370/3483/3370
f 3365/3475/3365 3367/3477/3367 3370/3483/3370
f 3367/3481/3367 3369/3480/3369 3370/3482/3370
f 3369/3480/3369 3357/3467/3357 3370/3482/3370
f 3355/3465/3355 3354/3464/3354 3371/3484/3371
f 3371/3484/3371 3372/3485/3372 3355/3465/3355
f 3358/3468/3358 3355/3465/3355 3372/3485/3372
f 3372/3485/3372 3373/3486/3373 3358/3468/3358
f 3360/3470/3360 3358/3468/3358 3373/3486/3373
f 3373/3486/3373 3374/3487/3374 3360/3470/3360
f 3362/3472/3362 3360/3470/3360 3374/3487/3374
f 3374/3487/3374 3375/3488/3375 3362/3472/3362
f 3364/3474/3364 3362/3472/3362 3375/3488/3375
f 3375/3488/3375 3376/3489/3376 3364/3474/3364
f 3366/3476/3366 3364/3474/3364 3376/3489/3376
f 3376/3489/3376 3377/3490/3377 3366/3476/3366
f 3368/3479/3368 3366/3478/3366 3377/3491/3377
f 3377/3491/3377 3378/3492/3378 3368/3479/3368
f 3354/3464/3354 3368/3479/3368 3378/3492/3378
f 3378/3492/3378 3371/3484/3371 3354/3464/3354
f 3372/3485/3372 3371/3484/3371 3379/3493/3379
f 3379/3493/3379 3380/3494/3380 3372/3485/3372
f 3373/3486/3373 3372/3485/3372 3380/3494/3380
f 3380/3494/3380 3381/3495/3381 3373/3486/3373
f 3374/3487/3374 3373/3486/3373 3381/3495/3381
f 3381/3495/3381 3382/3496/3382 3374/3487/3374
f 3375/3488/3375 3374/3487/3374 3382/3496/3382
f 3382/3496/3382 3383/3497/3383 3375/3488/3375
f 3376/3489/3376 3375/3488/3375 3383/3497/3383
f 3383/3497/3383 3384/3498/3384 3376/3489/3376
f 3377/3490/3377 3376/3489/3376 3384/3498/3384
f 3384/3498/3384 3385/3499/3385 3377/3490/3377
f 3378/3492/3378 3377/3491/3377 3385/3500/3385
f 3385/3500/3385 3386/3501/3386 3378/3492/3378
f 3371/3484/3371 3378/3492/3378 3386/3501/3386
f 3386/3501/3386 3379/3493/3379 3371/3484/3371
f 3380/3494/3380 3379/3493/3379 3387/3502/3387
f 3387/3502/3387 3388/3503/3388 3380/3494/3380
f 3381/3495/3381 3380/3494/3380 3388/3503/3388
f 3388/3503/3388 3389/3504/3389 3381/3495/3381
f 3382/3496/3382 3381/3495/3381 3389/3504/3389
f 3389/3504/3389 3390/3505/3390 3382/3496/3382
f 3383/3497/3383 3382/3496/3382 3390/3505/3390
f 3390/3505/3390 3391/3506/3391 3383/3497/3383
f 3384/3498/3384 3383/3497/3383 3391/3506/3391
f 3391/3506/3391 3392/3507/3392 3384/3498/3384
f 3385/3499/3385 3384/3498/3384 3392/3507/3392
f 3392/3507/3392 3393/3508/3393 3385/3499/3385
f 3386/3501/3386 3385/3500/3385 3393/3509/3393
f 3393/3509/3393 3394/3510/3394 3386/3501/3386
f 3379/3493/3379 3386/3501/3386 3394/3510/3394
f 3394/3510/3394 3387/3502/3387 3379/3493/3379
f 3388/3503/3388 3387/3502/3387 3395/3511/3395
f 3395/3511/3395 3396/3512/3396 3388/3503/3388
f 3389/3504/3389 3388/3503/3388 3396/3512/3396
f 3396/3512/3396 3397/3513/3397 3389/3504/3389
f 3390/3505/3390 3389/3504/3389 3397/3513/3397
f 3397/3513/3397 3398/3514/3398 3390/3505/3390
f 3391/3506/3391 3390/3505/3390 3398/3514/3398
f 3398/3514/3398 3399/3515/3399 3391/3506/3391
f 3392/3507/3392 3391/3506/3391 3399/3515/3399
f 3399/3515/3399 3400/3516/3400 3392/3507/3392
f 3393/3508/3393 3392/3507/3392 3400/3516/3400
f 3400/3516/3400 3401/3517/3401 3393/3508/3393
f 3394/3510/3394 3393/3509/3393 3401/3518/3401
f 3401/3518/3401 3402/3519/3402 3394/3510/3394
f 3387/3502/3387 3394/3510/3394 3402/3519/3402
f 3402/3519/3402 3395/3511/3395 3387/3502/3387
f 3396/3512/3396 3395/3511/3395 3403/3520/3403
f 3397/3513/3397 3396/3512/3396 3403/3520/3403
f 3398/3514/3398 3397/3513/3397 3403/3521/3403
f 3399/3515/3399 3398/3514/3398 3403/3521/3403
f 3400/3516/3400 3399/3515/3399 3403/3521/3403
f 3401/3517/3401 3400/3516/3400 3403/3521/3403
f 3402/3519/3402 3401/3518/3401 3403/3520/3403
f 3395/3511/3395 3402/3519/3402 3403/3520/3403
s 123
f 3404/3522/3404 3405/3523/3405 3406/3524/3406
f 3406/3524/3406 3407/3525/3407 3408/3526/3408
f 3405/3523/3405 3409/3527/3409 3407/3525/3407
f 3409/3527/3409 3410/3528/3410 3411/3529/3411
f 3412/3530/3412 3413/3531/3413 3410/3528/3410
f 3408/3526/3408 3407/3525/3407 3414/3532/3414
f 3407/3525/3407 3415/3533/3415 3416/3534/3416
f 3411/3529/3411 3410/3528/3410 3415/3533/3415
f 3417/3535/3417 3410/3528/3410 3418/3536/3418
f 3419/3537/3419 3416/3534/3416 3420/3538/3420
f 3416/3534/3416 3415/3533/3415 3420/3538/3420
f 3415/3533/3415 3421/3539/3421 3422/3540/3422
f 3421/3539/3421 3417/3535/3417 3423/3541/3423
f 3424/3542/3424 3425/3543/3425 3426/3544/3426
f 3426/3544/3426 3427/3545/3427 3424/3542/3424
f 3417/3535/3417 3418/3536/3418 3423/3541/3423
f 3419/3537/3419 3414/3532/3414 3416/3534/3416
f 3410/3528/3410 3428/3546/3428 3418/3536/3418
f 3404/3522/3404 3424/3542/3424 3405/3523/3405
f 3407/3525/3407 3411/3529/3411 3415/3533/3415
f 3410/3528/3410 3417/3535/3417 3415/3533/3415
f 3415/3533/3415 3422/3540/3422 3420/3538/3420
f 3415/3533/3415 3417/3535/3417 3421/3539/3421
f 3409/3527/3409 3411/3529/3411 3407/3525/3407
f 3409/3527/3409 3412/3530/3412 3410/3528/3410
f 3413/3531/3413 3428/3546/3428 3410/3528/3410
f 3406/3524/3406 3405/3523/3405 3407/3525/3407
f 3407/3525/3407 3416/3534/3416 3414/3532/3414
f 3427/3545/3427 3412/3530/3412 3424/3542/3424
f 3429/3547/3429 3425/3543/3425 3424/3542/3424
f 3424/3542/3424 3404/3522/3404 3429/3547/3429
f 3424/3542/3424 3409/3527/3409 3405/3523/3405
f 3412/3530/3412 3409/3527/3409 3424/3542/3424
f 3427/3545/3427 3413/3531/3413 3412/3530/3412
s 124
f 3430/3548/3430 3431/3549/3431 3432/3550/3432
f 3431/3549/3431 3433/3551/3433 3434/3552/3434
f 3432/3550/3432 3434/3552/3434 3435/3553/3435
f 3435/3553/3435 3436/3554/3436 3437/3555/3437
f 3438/3556/3438 3437/3555/3437 3439/3557/3439
f 3433/3551/3433 3440/3558/3440 3434/3552/3434
f 3434/3552/3434 3441/3559/3441 3442/3560/3442
f 3436/3554/3436 3442/3560/3442 3437/3555/3437
f 3443/3561/3443 3444/3562/3444 3437/3555/3437
f 3445/3563/3445 3446/3564/3446 3441/3559/3441
f 3441/3559/3441 3446/3564/3446 3442/3560/3442
f 3442/3560/3442 3447/3565/3447 3448/3566/3448
f 3448/3566/3448 3449/3567/3449 3443/3561/3443
f 3450/3568/3450 3451/3569/3451 3452/3570/3452
f 3452/3570/3452 3453/3571/3453 3450/3568/3450
f 3443/3561/3443 3449/3567/3449 3444/3562/3444
f 3445/3563/3445 3441/3559/3441 3440/3558/3440
f 3437/3555/3437 3444/3562/3444 3454/3572/3454
f 3430/3548/3430 3432/3550/3432 3450/3568/3450
f 3434/3552/3434 3442/3560/3442 3436/3554/3436
f 3437/3555/3437 3442/3560/3442 3443/3561/3443
f 3442/3560/3442 3446/3564/3446 3447/3565/3447
f 3442/3560/3442 3448/3566/3448 3443/3561/3443
f 3435/3553/3435 3434/3552/3434 3436/3554/3436
f 3435/3553/3435 3437/3555/3437 3438/3556/3438
f 3439/3557/3439 3437/3555/3437 3454/3572/3454
f 3431/3549/3431 3434/3552/3434 3432/3550/3432
f 3434/3552/3434 3440/3558/3440 3441/3559/3441
f 3451/3569/3451 3450/3568/3450 3438/3556/3438
f 3455/3573/3455 3430/3548/3430 3450/3568/3450
f 3450/3568/3450 3453/3571/3453 3455/3573/3455
f 3450/3568/3450 3432/3550/3432 3435/3553/3435
f 3438/3556/3438 3450/3568/3450 3435/3553/3435
f 3451/3569/3451 3438/3556/3438 3439/3557/3439
s 125
f 3456/3574/3456 3457/3575/3457 3458/3576/3458
f 3458/3576/3458 3459/3577/3459 3460/3578/3460
f 3457/3575/3457 3461/3579/3461 3459/3577/3459
f 3461/3579/3461 3462/3580/3462 3463/3581/3463
f 3464/3582/3464 3465/3583/3465 3462/3580/3462
f 3460/3578/3460 3459/3577/3459 3466/3584/3466
f 3459/3577/3459 3467/3585/3467 3468/3586/3468
f 3463/3581/3463 3462/3580/3462 3467/3585/3467
f 3469/3587/3469 3462/3580/3462 3470/3588/3470
f 3471/3589/3471 3468/3586/3468 3472/3590/3472
f 3468/3586/3468 3467/3585/3467 3472/3590/3472
f 3467/3585/3467 3473/3591/3473 3474/3592/3474
f 3473/3591/3473 3469/3587/3469 3475/3593/3475
f 3476/3594/3476 3477/3595/3477 3478/3596/3478
f 3478/3596/3478 3479/3597/3479 3476/3594/3476
f 3469/3587/3469 3470/3588/3470 3475/3593/3475
f 3471/3589/3471 3466/3584/3466 3468/3586/3468
f 3462/3580/3462 3480/3598/3480 3470/3588/3470
f 3456/3574/3456 3476/3594/3476 3457/3575/3457
f 3459/3577/3459 3463/3581/3463 3467/3585/3467
f 3462/3580/3462 3469/3587/3469 3467/3585/3467
f 3467/3585/3467 3474/3592/3474 3472/3590/3472
f 3467/3585/3467 3469/3587/3469 3473/3591/3473
f 3461/3579/3461 3463/3581/3463 3459/3577/3459
f 3461/3579/3461 3464/3582/3464 3462/3580/3462
f 3465/3583/3465 3480/3598/3480 3462/3580/3462
f 3458/3576/3458 3457/3575/3457 3459/3577/3459
f 3459/3577/3459 3468/3586/3468 3466/3584/3466
f 3479/3597/3479 3464/3582/3464 3476/3594/3476
f 3481/3599/3481 3477/3595/3477 3476/3594/3476
f 3476/3594/3476 3456/3574/3456 3481/3599/3481
f 3476/3594/3476 3461/3579/3461 3457/3575/3457
f 3464/3582/3464 3461/3579/3461 3476/3594/3476
f 3479/3597/3479 3465/3583/3465 3464/3582/3464
s 126
f 3482/3600/3482 3483/3601/3483 3484/3602/3484
f 3483/3601/3483 3485/3603/3485 3486/3604/3486
f 3484/3602/3484 3486/3604/3486 3487/3605/3487
f 3487/3605/3487 3488/3606/3488 3489/3607/3489
f 3490/3608/3490 3489/3607/3489 3491/3609/3491
f 3485/3603/3485 3492/3610/3492 3486/3604/3486
f 3486/3604/3486 3493/3611/3493 3494/3612/3494
f 3488/3606/3488 3494/3612/3494 3489/3607/3489
f 3495/3613/3495 3496/3614/3496 3489/3607/3489
f 3497/3615/3497 3498/3616/3498 3493/3611/3493
f 3493/3611/3493 3498/3616/3498 3494/3612/3494
f 3494/3612/3494 3499/3617/3499 3500/3618/3500
f 3500/3618/3500 3501/3619/3501 3495/3613/3495
f 3502/3620/3502 3503/3621/3503 3504/3622/3504
f 3504/3622/3504 3505/3623/3505 3502/3620/3502
f 3495/3613/3495 3501/3619/3501 3496/3614/3496
f 3497/3615/3497 3493/3611/3493 3492/3610/3492
f 3489/3607/3489 3496/3614/3496 3506/3624/3506
f 3482/3600/3482 3484/3602/3484 3502/3620/3502
f 3486/3604/3486 3494/3612/3494 3488/3606/3488
f 3489/3607/3489 3494/3612/3494 3495/3613/3495
f 3494/3612/3494 3498/3616/3498 3499/3617/3499
f 3494/3612/3494 3500/3618/3500 3495/3613/3495
f 3487/3605/3487 3486/3604/3486 3488/3606/3488
f 3487/3605/3487 3489/3607/3489 3490/3608/3490
f 3491/3609/3491 3489/3607/3489 3506/3624/3506
f 3483/3601/3483 3486/3604/3486 3484/3602/3484
f 3486/3604/3486 3492/3610/3492 3493/3611/3493
f 3503/3621/3503 3502/3620/3502 3490/3608/3490
f 3507/3625/3507 3482/3600/3482 3502/3620/3502
f 3502/3620/3502 3505/3623/3505 3507/3625/3507
f 3502/3620/3502 3484/3602/3484 3487/3605/3487
f 3490/3608/3490 3502/3620/3502 3487/3605/3487
f 3503/3621/3503 3490/3608/3490 3491/3609/3491
s 127
f 3508/3626/3508 3509/3627/3509 3510/3628/3510
f 3510/3628/3510 3511/3629/3511 3512/3630/3512
f 3509/3627/3509 3513/3631/3513 3511/3629/3511
f 3513/3631/3513 3514/3632/3514 3515/3633/3515
f 3516/3634/3516 3517/3635/3517 3514/3632/3514
f 3512/3630/3512 3511/3629/3511 3518/3636/3518
f 3511/3629/3511 3519/3637/3519 3520/3638/3520
f 3515/3633/3515 3514/3632/3514 3519/3637/3519
f 3521/3639/3521 3514/3632/3514 3522/3640/3522
f 3523/3641/3523 3520/3638/3520 3524/3642/3524
f 3520/3638/3520 3519/3637/3519 3524/3642/3524
f 3519/3637/3519 3525/3643/3525 3526/3644/3526
f 3525/3643/3525 3521/3639/3521 3527/3645/3527
f 3528/3646/3528 3529/3647/3529 3530/3648/3530
f 3530/3648/3530 3531/3649/3531 3528/3646/3528
f 3521/3639/3521 3522/3640/3522 3527/3645/3527
f 3523/3641/3523 3518/3636/3518 3520/3638/3520
f 3514/3632/3514 3532/3650/3532 3522/3640/3522
f 3508/3626/3508 3528/3646/3528 3509/3627/3509
f 3511/3629/3511 3515/3633/3515 3519/3637/3519
f 3514/3632/3514 3521/3639/3521 3519/3637/3519
f 3519/3637/3519 3526/3644/3526 3524/3642/3524
f 3519/3637/3519 3521/3639/3521 3525/3643/3525
f 3513/3631/3513 3515/3633/3515 3511/3629/3511
f 3513/3631/3513 3516/3634/3516 3514/3632/3514
f 3517/3635/3517 3532/3650/3532 3514/3632/3514
f 3510/3628/3510 3509/3627/3509 3511/3629/3511
f 3511/3629/3511 3520/3638/3520 3518/3636/3518
f 3531/3649/3531 3516/3634/3516 3528/3646/3528
f 3533/3651/3533 3529/3647/3529 3528/3646/3528
f 3528/3646/3528 3508/3626/3508 3533/3651/3533
f 3528/3646/3528 3513/3631/3513 3509/3627/3509
f 3516/3634/3516 3513/3631/3513 3528/3646/3528
f 3531/3649/3531 3517/3635/3517 3516/3634/3516
s 128
f 3534/3652/3534 3535/3653/3535 3536/3654/3536
f 3535/3653/3535 3537/3655/3537 3538/3656/3538
f 3536/3654/3536 3538/3656/3538 3539/3657/3539
f 3539/3657/3539 3540/3658/3540 3541/3659/3541
f 3542/3660/3542 3541/3659/3541 3543/3661/3543
f 3537/3655/3537 3544/3662/3544 3538/3656/3538
f 3538/3656/3538 3545/3663/3545 3546/3664/3546
f 3540/3658/3540 3546/3664/3546 3541/3659/3541
f 3547/3665/3547 3548/3666/3548 3541/3659/3541
f 3549/3667/3549 3550/3668/3550 3545/3663/3545
f 3545/3663/3545 3550/3668/3550 3546/3664/3546
f 3546/3664/3546 3551/3669/3551 3552/3670/3552
f 3552/3670/3552 3553/3671/3553 3547/3665/3547
f 3554/3672/3554 3555/3673/3555 3556/3674/3556
f 3556/3674/3556 3557/3675/3557 3554/3672/3554
f 3547/3665/3547 3553/3671/3553 3548/3666/3548
f 3549/3667/3549 3545/3663/3545 3544/3662/3544
f 3541/3659/3541 3548/3666/3548 3558/3676/3558
f 3534/3652/3534 3536/3654/3536 3554/3672/3554
f 3538/3656/3538 3546/3664/3546 3540/3658/3540
f 3541/3659/3541 3546/3664/3546 3547/3665/3547
f 3546/3664/3546 3550/3668/3550 3551/3669/3551
f 3546/3664/3546 3552/3670/3552 3547/3665/3547
f 3539/3657/3539 3538/3656/3538 3540/3658/3540
f 3539/3657/3539 3541/3659/3541 3542/3660/3542
f 3543/3661/3543 3541/3659/3541 3558/3676/3558
f 3535/3653/3535 3538/3656/3538 3536/3654/3536
f 3538/3656/3538 3544/3662/3544 3545/3663/3545
f 3555/3673/3555 3554/3672/3554 3542/3660/3542
f 3559/3677/3559 3534/3652/3534 3554/3672/3554
f 3554/3672/3554 3557/3675/3557 3559/3677/3559
f 3554/3672/3554 3536/3654/3536 3539/3657/3539
f 3542/3660/3542 3554/3672/3554 3539/3657/3539
f 3555/3673/3555 3542/3660/3542 3543/3661/3543
s 129
f 3560/3678/3560 3561/3679/3561 3562/3680/3562
f 3562/3680/3562 3563/3681/3563 3564/3682/3564
f 3561/3679/3561 3565/3683/3565 3563/3681/3563
f 3565/3683/3565 3566/3684/3566 3567/3685/3567
f 3568/3686/3568 3569/3687/3569 3566/3684/3566
f 3564/3682/3564 3563/3681/3563 3570/3688/3570
f 3563/3681/3563 3571/3689/3571 3572/3690/3572
f 3567/3685/3567 3566/3684/3566 3571/3689/3571
f 3573/3691/3573 3566/3684/3566 3574/3692/3574
f 3575/3693/3575 3572/3690/3572 3576/3694/3576
f 3572/3690/3572 3571/3689/3571 3576/3694/3576
f 3571/3689/3571 3577/3695/3577 3578/3696/3578
f 3577/3695/3577 3573/3691/3573 3579/3697/3579
f 3580/3698/3580 3581/3699/3581 3582/3700/3582
f 3582/3700/3582 3583/3701/3583 3580/3698/3580
f 3573/3691/3573 3574/3692/3574 3579/3697/3579
f 3575/3693/3575 3570/3688/3570 3572/3690/3572
f 3566/3684/3566 3584/3702/3584 3574/3692/3574
f 3560/3678/3560 3580/3698/3580 3561/3679/3561
f 3563/3681/3563 3567/3685/3567 3571/3689/3571
f 3566/3684/3566 3573/3691/3573 3571/3689/3571
f 3571/3689/3571 3578/3696/3578 3576/3694/3576
f 3571/3689/3571 3573/3691/3573 3577/3695/3577
f 3565/3683/3565 3567/3685/3567 3563/3681/3563
f 3565/3683/3565 3568/3686/3568 3566/3684/3566
f 3569/3687/3569 3584/3702/3584 3566/3684/3566
f 3562/3680/3562 3561/3679/3561 3563/3681/3563
f 3563/3681/3563 3572/3690/3572 3570/3688/3570
f 3583/3701/3583 3568/3686/3568 3580/3698/3580
f 3585/3703/3585 3581/3699/3581 3580/3698/3580
f 3580/3698/3580 3560/3678/3560 3585/3703/3585
f 3580/3698/3580 3565/3683/3565 3561/3679/3561
f 3568/3686/3568 3565/3683/3565 3580/3698/3580
f 3583/3701/3583 3569/3687/3569 3568/3686/3568
s 130
f 3586/3704/3586 3587/3705/3587 3588/3706/3588
f 3587/3705/3587 3589/3707/3589 3590/3708/3590
f 3588/3706/3588 3590/3708/3590 3591/3709/3591
f 3591/3709/3591 3592/3710/3592 3593/3711/3593
f 3594/3712/3594 3593/3711/3593 3595/3713/3595
f 3589/3707/3589 3596/3714/3596 3590/3708/3590
f 3590/3708/3590 3597/3715/3597 3598/3716/3598
f 3592/3710/3592 3598/3716/3598 3593/3711/3593
f 3599/3717/3599 3600/3718/3600 3593/3711/3593
f 3601/3719/3601 3602/3720/3602 3597/3715/3597
f 3597/3715/3597 3602/3720/3602 3598/3716/3598
f 3598/3716/3598 3603/3721/3603 3604/3722/3604
f 3604/3722/3604 3605/3723/3605 3599/3717/3599
f 3606/3724/3606 3607/3725/3607 3608/3726/3608
f 3608/3726/3608 3609/3727/3609 3606/3724/3606
f 3599/3717/3599 3605/3723/3605 3600/3718/3600
f 3601/3719/3601 3597/3715/3597 3596/3714/3596
f 3593/3711/3593 3600/3718/3600 3610/3728/3610
f 3586/3704/3586 3588/3706/3588 3606/3724/3606
f 3590/3708/3590 3598/3716/3598 3592/3710/3592
f 3593/3711/3593 3598/3716/3598 3599/3717/3599
f 3598/3716/3598 3602/3720/3602 3603/3721/3603
f 3598/3716/3598 3604/3722/3604 3599/3717/3599
f 3591/3709/3591 3590/3708/3590 3592/3710/3592
f 3591/3709/3591 3593/3711/3593 3594/3712/3594
f 3595/3713/3595 3593/3711/3593 3610/3728/3610
f 3587/3705/3587 3590/3708/3590 3588/3706/3588
f 3590/3708/3590 3596/3714/3596 3597/3715/3597
f 3607/3725/3607 3606/3724/3606 3594/3712/3594
f 3611/3729/3611 3586/3704/3586 3606/3724/3606
f 3606/3724/3606 3609/3727/3609 3611/3729/3611
f 3606/3724/3606 3588/3706/3588 3591/3709/3591
f 3594/3712/3594 3606/3724/3606 3591/3709/3591
f 3607/3725/3607 3594/3712/3594 3595/3713/3595
s 131
f 3612/3730/3612 3613/3731/3613 3614/3732/3614
f 3614/3732/3614 3615/3733/3615 3616/3734/3616
f 3613/3731/3613 3617/3735/3617 3615/3733/3615
f 3617/3735/3617 3618/3736/3618 3619/3737/3619
f 3620/3738/3620 3621/3739/3621 3618/3736/3618
f 3616/3734/3616 3615/3733/3615 3622/3740/3622
f 3615/3733/3615 3623/3741/3623 3624/3742/3624
f 3619/3737/3619 3618/3736/3618 3623/3741/3623
f 3625/3743/3625 3618/3736/3618 3626/3744/3626
f 3627/3745/3627 3624/3742/3624 3628/3746/3628
f 3624/3742/3624 3623/3741/3623 3628/3746/3628
f 3623/3741/3623 3629/3747/3629 3630/3748/3630
f 3629/3747/3629 3625/3743/3625 3631/3749/3631
f 3632/3750/3632 3633/3751/3633 3634/3752/3634
f 3634/3752/3634 3635/3753/3635 3632/3750/3632
f 3625/3743/3625 3626/3744/3626 3631/3749/3631
f 3627/3745/3627 3622/3740/3622 3624/3742/3624
f 3618/3736/3618 3636/3754/3636 3626/3744/3626
f 3612/3730/3612 3632/3750/3632 3613/3731/3613
f 3615/3733/3615 3619/3737/3619 3623/3741/3623
f 3618/3736/3618 3625/3743/3625 3623/3741/3623
f 3623/3741/3623 3630/3748/3630 3628/3746/3628
f 3623/3741/3623 3625/3743/3625 3629/3747/3629
f 3617/3735/3617 3619/3737/3619 3615/3733/3615
f 3617/3735/3617 3620/3738/3620 3618/3736/3618
f 3621/3739/3621 3636/3754/3636 3618/3736/3618
f 3614/3732/3614 3613/3731/3613 3615/3733/3615
f 3615/3733/3615 3624/3742/3624 3622/3740/3622
f 3635/3753/3635 3620/3738/3620 3632/3750/3632
f 3637/3755/3637 3633/3751/3633 3632/3750/3632
f 3632/3750/3632 3612/3730/3612 3637/3755/3637
f 3632/3750/3632 3617/3735/3617 3613/3731/3613
f 3620/3738/3620 3617/3735/3617 3632/3750/3632
f 3635/3753/3635 3621/3739/3621 3620/3738/3620
s 132
f 3638/3756/3638 3639/3757/3639 3640/3758/3640
f 3639/3757/3639 3641/3759/3641 3642/3760/3642
f 3640/3758/3640 3642/3760/3642 3643/3761/3643
f 3643/3761/3643 3644/3762/3644 3645/3763/3645
f 3646/3764/3646 3645/3763/3645 3647/3765/3647
f 3641/3759/3641 3648/3766/3648 3642/3760/3642
f 3642/3760/3642 3649/3767/3649 3650/3768/3650
f 3644/3762/3644 3650/3768/3650 3645/3763/3645
f 3651/3769/3651 3652/3770/3652 3645/3763/3645
f 3653/3771/3653 3654/3772/3654 3649/3767/3649
f 3649/3767/3649 3654/3772/3654 3650/3768/3650
f 3650/3768/3650 3655/3773/3655 3656/3774/3656
f 3656/3774/3656 3657/3775/3657 3651/3769/3651
f 3658/3776/3658 3659/3777/3659 3660/3778/3660
f 3660/3778/3660 3661/3779/3661 3658/3776/3658
f 3651/3769/3651 3657/3775/3657 3652/3770/3652
f 3653/3771/3653 3649/3767/3649 3648/3766/3648
f 3645/3763/3645 3652/3770/3652 3662/3780/3662
f 3638/3756/3638 3640/3758/3640 3658/3776/3658
f 3642/3760/3642 3650/3768/3650 3644/3762/3644
f 3645/3763/3645 3650/3768/3650 3651/3769/3651
f 3650/3768/3650 3654/3772/3654 3655/3773/3655
f 3650/3768/3650 3656/3774/3656 3651/3769/3651
f 3643/3761/3643 3642/3760/3642 3644/3762/3644
f 3643/3761/3643 3645/3763/3645 3646/3764/3646
f 3647/3765/3647 3645/3763/3645 3662/3780/3662
f 3639/3757/3639 3642/3760/3642 3640/3758/3640
f 3642/3760/3642 3648/3766/3648 3649/3767/3649
f 3659/3777/3659 3658/3776/3658 3646/3764/3646
f 3663/3781/3663 3638/3756/3638 3658/3776/3658
f 3658/3776/3658 3661/3779/3661 3663/3781/3663
f 3658/3776/3658 3640/3758/3640 3643/3761/3643
f 3646/3764/3646 3658/3776/3658 3643/3761/3643
f 3659/3777/3659 3646/3764/3646 3647/3765/3647
s 133
f 3664/3782/3664 3665/3783/3665 3666/3784/3666
f 3666/3784/3666 3667/3785/3667 3668/3786/3668
f 3665/3783/3665 3669/3787/3669 3667/3785/3667
f 3669/3787/3669 3670/3788/3670 3671/3789/3671
f 3672/3790/3672 3673/3791/3673 3670/3788/3670
f 3668/3786/3668 3667/3785/3667 3674/3792/3674
f 3667/3785/3667 3675/3793/3675 3676/3794/3676
f 3671/3789/3671 3670/3788/3670 3675/3793/3675
f 3677/3795/3677 3670/3788/3670 3678/3796/3678
f 3679/3797/3679 3676/3794/3676 3680/3798/3680
f 3676/3794/3676 3675/3793/3675 3680/3798/3680
f 3675/3793/3675 3681/3799/3681 3682/3800/3682
f 3681/3799/3681 3677/3795/3677 3683/3801/3683
f 3684/3802/3684 3685/3803/3685 3686/3804/3686
f 3686/3804/3686 3687/3805/3687 3684/3802/3684
f 3677/3795/3677 3678/3796/3678 3683/3801/3683
f 3679/3797/3679 3674/3792/3674 3676/3794/3676
f 3670/3788/3670 3688/3806/3688 3678/3796/3678
f 3664/3782/3664 3684/3802/3684 3665/3783/3665
f 3667/3785/3667 3671/3789/3671 3675/3793/3675
f 3670/3788/3670 3677/3795/3677 3675/3793/3675
f 3675/3793/3675 3682/3800/3682 3680/3798/3680
f 3675/3793/3675 3677/3795/3677 3681/3799/3681
f 3669/3787/3669 3671/3789/3671 3667/3785/3667
f 3669/3787/3669 3672/3790/3672 3670/3788/3670
f 3673/3791/3673 3688/3806/3688 3670/3788/3670
f 3666/3784/3666 3665/3783/3665 3667/3785/3667
f 3667/3785/3667 3676/3794/3676 3674/3792/3674
f 3687/3805/3687 3672/3790/3672 3684/3802/3684
f 3689/3807/3689 3685/3803/3685 3684/3802/3684
f 3684/3802/3684 3664/3782/3664 3689/3807/3689
f 3684/3802/3684 3669/3787/3669 3665/3783/3665
f 3672/3790/3672 3669/3787/3669 3684/3802/3684
f 3687/3805/3687 3673/3791/3673 3672/3790/3672
s 134
f 3690/3808/3690 3691/3809/3691 3692/3810/3692
f 3691/3809/3691 3693/3811/3693 3694/3812/3694
f 3692/3810/3692 3694/3812/3694 3695/3813/3695
f 3695/3813/3695 3696/3814/3696 3697/3815/3697
f 3698/3816/3698 3697/3815/3697 3699/3817/3699
f 3693/3811/3693 3700/3818/3700 3694/3812/3694
f 3694/3812/3694 3701/3819/3701 3702/3820/3702
f 3696/3814/3696 3702/3820/3702 3697/3815/3697
f 3703/3821/3703 3704/3822/3704 3697/3815/3697
f 3705/3823/3705 3706/3824/3706 3701/3819/3701
f 3701/3819/3701 3706/3824/3706 3702/3820/3702
f 3702/3820/3702 3707/3825/3707 3708/3826/3708
f 3708/3826/3708 3709/3827/3709 3703/3821/3703
f 3710/3828/3710 3711/3829/3711 3712/3830/3712
f 3712/3830/3712 3713/3831/3713 3710/3828/3710
f 3703/3821/3703 3709/3827/3709 3704/3822/3704
f 3705/3823/3705 3701/3819/3701 3700/3818/3700
f 3697/3815/3697 3704/3822/3704 3714/3832/3714
f 3690/3808/3690 3692/3810/3692 3710/3828/3710
f 3694/3812/3694 3702/3820/3702 3696/3814/3696
f 3697/3815/3697 3702/3820/3702 3703/3821/3703
f 3702/3820/3702 3706/3824/3706 3707/3825/3707
f 3702/3820/3702 3708/3826/3708 3703/3821/3703
f 3695/3813/3695 3694/3812/3694 3696/3814/3696
f 3695/3813/3695 3697/3815/3697 3698/3816/3698
f 3699/3817/3699 3697/3815/3697 3714/3832/3714
f 3691/3809/3691 3694/3812/3694 3692/3810/3692
f 3694/3812/3694 3700/3818/3700 3701/3819/3701
f 3711/3829/3711 3710/3828/3710 3698/3816/3698
f 3715/3833/3715 3690/3808/3690 3710/3828/3710
f 3710/3828/3710 3713/3831/3713 3715/3833/3715
f 3710/3828/3710 3692/3810/3692 3695/3813/3695
f 3698/3816/3698 3710/3828/3710 3695/3813/3695
f 3711/3829/3711 3698/3816/3698 3699/3817/3699
s 135
f 3716/3834/3716 3717/3835/3717 3718/3836/3718
f 3718/3836/3718 3719/3837/3719 3720/3838/3720
f 3717/3835/3717 3721/3839/3721 3719/3837/3719
f 3721/3839/3721 3722/3840/3722 3723/3841/3723
f 3724/3842/3724 3725/3843/3725 3722/3840/3722
f 3720/3838/3720 3719/3837/3719 3726/3844/3726
f 3719/3837/3719 3727/3845/3727 3728/3846/3728
f 3723/3841/3723 3722/3840/3722 3727/3845/3727
f 3729/3847/3729 3722/3840/3722 3730/3848/3730
f 3731/3849/3731 3728/3846/3728 3732/3850/3732
f 3728/3846/3728 3727/3845/3727 3732/3850/3732
f 3727/3845/3727 3733/3851/3733 3734/3852/3734
f 3733/3851/3733 3729/3847/3729 3735/3853/3735
f 3736/3854/3736 3737/3855/3737 3738/3856/3738
f 3738/3856/3738 3739/3857/3739 3736/3854/3736
f 3729/3847/3729 3730/3848/3730 3735/3853/3735
f 3731/3849/3731 3726/3844/3726 3728/3846/3728
f 3722/3840/3722 3740/3858/3740 3730/3848/3730
f 3716/3834/3716 3736/3854/3736 3717/3835/3717
f 3719/3837/3719 3723/3841/3723 3727/3845/3727
f 3722/3840/3722 3729/3847/3729 3727/3845/3727
f 3727/3845/3727 3734/3852/3734 3732/3850/3732
f 3727/3845/3727 3729/3847/3729 3733/3851/3733
f 3721/3839/3721 3723/3841/3723 3719/3837/3719
f 3721/3839/3721 3724/3842/3724 3722/3840/3722
f 3725/3843/3725 3740/3858/3740 3722/3840/3722
f 3718/3836/3718 3717/3835/3717 3719/3837/3719
f 3719/3837/3719 3728/3846/3728 3726/3844/3726
f 3739/3857/3739 3724/3842/3724 3736/3854/3736
f 3741/3859/3741 3737/3855/3737 3736/3854/3736
f 3736/3854/3736 3716/3834/3716 3741/3859/3741
f 3736/3854/3736 3721/3839/3721 3717/3835/3717
f 3724/3842/3724 3721/3839/3721 3736/3854/3736
f 3739/3857/3739 3725/3843/3725 3724/3842/3724
s 136
f 3742/3860/3742 3743/3861/3743 3744/3862/3744
f 3743/3861/3743 3745/3863/3745 3746/3864/3746
f 3744/3862/3744 3746/3864/3746 3747/3865/3747
f 3747/3865/3747 3748/3866/3748 3749/3867/3749
f 3750/3868/3750 3749/3867/3749 3751/3869/3751
f 3745/3863/3745 3752/3870/3752 3746/3864/3746
f 3746/3864/3746 3753/3871/3753 3754/3872/3754
f 3748/3866/3748 3754/3872/3754 3749/3867/3749
f 3755/3873/3755 3756/3874/3756 3749/3867/3749
f 3757/3875/3757 3758/3876/3758 3753/3871/3753
f 3753/3871/3753 3758/3876/3758 3754/3872/3754
f 3754/3872/3754 3759/3877/3759 3760/3878/3760
f 3760/3878/3760 3761/3879/3761 3755/3873/3755
f 3762/3880/3762 3763/3881/3763 3764/3882/3764
f 3764/3882/3764 3765/3883/3765 3762/3880/3762
f 3755/3873/3755 3761/3879/3761 3756/3874/3756
f 3757/3875/3757 3753/3871/3753 3752/3870/3752
f 3749/3867/3749 3756/3874/3756 3766/3884/3766
f 3742/3860/3742 3744/3862/3744 3762/3880/3762
f 3746/3864/3746 3754/3872/3754 3748/3866/3748
f 3749/3867/3749 3754/3872/3754 3755/3873/3755
f 3754/3872/3754 3758/3876/3758 3759/3877/3759
f 3754/3872/3754 3760/3878/3760 3755/3873/3755
f 3747/3865/3747 3746/3864/3746 3748/3866/3748
f 3747/3865/3747 3749/3867/3749 3750/3868/3750
f 3751/3869/3751 3749/3867/3749 3766/3884/3766
f 3743/3861/3743 3746/3864/3746 3744/3862/3744
f 3746/3864/3746 3752/3870/3752 3753/3871/3753
f 3763/3881/3763 3762/3880/3762 3750/3868/3750
f 3767/3885/3767 3742/3860/3742 3762/3880/3762
f 3762/3880/3762 3765/3883/3765 3767/3885/3767
f 3762/3880/3762 3744/3862/3744 3747/3865/3747
f 3750/3868/3750 3762/3880/3762 3747/3865/3747
f 3763/3881/3763 3750/3868/3750 3751/3869/3751
s 137
f 3768/3886/3768 3769/3887/3769 3770/3888/3770
f 3770/3888/3770 3771/3889/3771 3772/3890/3772
f 3769/3887/3769 3773/3891/3773 3771/3889/3771
f 3773/3891/3773 3774/3892/3774 3775/3893/3775
f 3776/3894/3776 3777/3895/3777 3774/3892/3774
f 3772/3890/3772 3771/3889/3771 3778/3896/3778
f 3771/3889/3771 3779/3897/3779 3780/3898/3780
f 3775/3893/3775 3774/3892/3774 3779/3897/3779
f 3781/3899/3781 3774/3892/3774 3782/3900/3782
f 3783/3901/3783 3780/3898/3780 3784/3902/3784
f 3780/3898/3780 3779/3897/3779 3784/3902/3784
f 3779/3897/3779 3785/3903/3785 3786/3904/3786
f 3785/3903/3785 3781/3899/3781 3787/3905/3787
f 3788/3906/3788 3789/3907/3789 3790/3908/3790
f 3790/3908/3790 3791/3909/3791 3788/3906/3788
f 3781/3899/3781 3782/3900/3782 3787/3905/3787
f 3783/3901/3783 3778/3896/3778 3780/3898/3780
f 3774/3892/3774 3792/3910/3792 3782/3900/3782
f 3768/3886/3768 3788/3906/3788 3769/3887/3769
f 3771/3889/3771 3775/3893/3775 3779/3897/3779
f 3774/3892/3774 3781/3899/3781 3779/3897/3779
f 3779/3897/3779 3786/3904/3786 3784/3902/3784
f 3779/3897/3779 3781/3899/3781 3785/3903/3785
f 3773/3891/3773 3775/3893/3775 3771/3889/3771
f 3773/3891/3773 3776/3894/3776 3774/3892/3774
f 3777/3895/3777 3792/3910/3792 3774/3892/3774
f 3770/3888/3770 3769/3887/3769 3771/3889/3771
f 3771/3889/3771 3780/3898/3780 3778/3896/3778
f 3791/3909/3791 3776/3894/3776 3788/3906/3788
f 3793/3911/3793 3789/3907/3789 3788/3906/3788
f 3788/3906/3788 3768/3886/3768 3793/3911/3793
f 3788/3906/3788 3773/3891/3773 3769/3887/3769
f 3776/3894/3776 3773/3891/3773 3788/3906/3788
f 3791/3909/3791 3777/3895/3777 3776/3894/3776
s 138
f 3794/3912/3794 3795/3913/3795 3796/3914/3796
f 3795/3913/3795 3797/3915/3797 3798/3916/3798
f 3796/3914/3796 3798/3916/3798 3799/3917/3799
f 3799/3917/3799 3800/3918/3800 3801/3919/3801
f 3802/3920/3802 3801/3919/3801 3803/3921/3803
f 3797/3915/3797 3804/3922/3804 3798/3916/3798
f 3798/3916/3798 3805/3923/3805 3806/3924/3806
f 3800/3918/3800 3806/3924/3806 3801/3919/3801
f 3807/3925/3807 3808/3926/3808 3801/3919/3801
f 3809/3927/3809 3810/3928/3810 3805/3923/3805
f 3805/3923/3805 3810/3928/3810 3806/3924/3806
f 3806/3924/3806 3811/3929/3811 3812/3930/3812
f 3812/3930/3812 3813/3931/3813 3807/3925/3807
f 3814/3932/3814 3815/3933/3815 3816/3934/3816
f 3816/3934/3816 3817/3935/3817 3814/3932/3814
f 3807/3925/3807 3813/3931/3813 3808/3926/3808
f 3809/3927/3809 3805/3923/3805 3804/3922/3804
f 3801/3919/3801 3808/3926/3808 3818/3936/3818
f 3794/3912/3794 3796/3914/3796 3814/3932/3814
f 3798/3916/3798 3806/3924/3806 3800/3918/3800
f 3801/3919/3801 3806/3924/3806 3807/3925/3807
f 3806/3924/3806 3810/3928/3810 3811/3929/3811
f 3806/3924/3806 3812/3930/3812 3807/3925/3807
f 3799/3917/3799 3798/3916/3798 3800/3918/3800
f 3799/3917/3799 3801/3919/3801 3802/3920/3802
f 3803/3921/3803 3801/3919/3801 3818/3936/3818
f 3795/3913/3795 3798/3916/3798 3796/3914/3796
f 3798/3916/3798 3804/3922/3804 3805/3923/3805
f 3815/3933/3815 3814/3932/3814 3802/3920/3802
f 3819/3937/3819 3794/3912/3794 3814/3932/3814
f 3814/3932/3814 3817/3935/3817 3819/3937/3819
f 3814/3932/3814 3796/3914/3796 3799/3917/3799
f 3802/3920/3802 3814/3932/3814 3799/3917/3799
f 3815/3933/3815 3802/3920/3802 3803/3921/3803
s 139
f 3820/3938/3820 3821/3939/3821 3822/3940/3822
f 3822/3940/3822 3823/3941/3823 3824/3942/3824
f 3821/3939/3821 3825/3943/3825 3823/3941/3823
f 3825/3943/3825 3826/3944/3826 3827/3945/3827
f 3828/3946/3828 3829/3947/3829 3826/3944/3826
f 3824/3942/3824 3823/3941/3823 3830/3948/3830
f 3823/3941/3823 3831/3949/3831 3832/3950/3832
f 3827/3945/3827 3826/3944/3826 3831/3949/3831
f 3833/3951/3833 3826/3944/3826 3834/3952/3834
f 3835/3953/3835 3832/3950/3832 3836/3954/3836
f 3832/3950/3832 3831/3949/3831 3836/3954/3836
f 3831/3949/3831 3837/3955/3837 3838/3956/3838
f 3837/3955/3837 3833/3951/3833 3839/3957/3839
f 3840/3958/3840 3841/3959/3841 3842/3960/3842
f 3842/3960/3842 3843/3961/3843 3840/3958/3840
f 3833/3951/3833 3834/3952/3834 3839/3957/3839
f 3835/3953/3835 3830/3948/3830 3832/3950/3832
f 3826/3944/3826 3844/3962/3844 3834/3952/3834
f 3820/3938/3820 3840/3958/3840 3821/3939/3821
f 3823/3941/3823 3827/3945/3827 3831/3949/3831
f 3826/3944/3826 3833/3951/3833 3831/3949/3831
f 3831/3949/3831 3838/3956/3838 3836/3954/3836
f 3831/3949/3831 3833/3951/3833 3837/3955/3837
f 3825/3943/3825 3827/3945/3827 3823/3941/3823
f 3825/3943/3825 3828/3946/3828 3826/3944/3826
f 3829/3947/3829 3844/3962/3844 3826/3944/3826
f 3822/3940/3822 3821/3939/3821 3823/3941/3823
f 3823/3941/3823 3832/3950/3832 3830/3948/3830
f 3843/3961/3843 3828/3946/3828 3840/3958/3840
f 3845/3963/3845 3841/3959/3841 3840/3958/3840
f 3840/3958/3840 3820/3938/3820 3845/3963/3845
f 3840/3958/3840 3825/3943/3825 3821/3939/3821
f 3828/3946/3828 3825/3943/3825 3840/3958/3840
f 3843/3961/3843 3829/3947/3829 3828/3946/3828
s 140
f 3846/3964/3846 3847/3965/3847 3848/3966/3848
f 3847/3965/3847 3849/3967/3849 3850/3968/3850
f 3848/3966/3848 3850/3968/3850 3851/3969/3851
f 3851/3969/3851 3852/3970/3852 3853/3971/3853
f 3854/3972/3854 3853/3971/3853 3855/3973/3855
f 3849/3967/3849 3856/3974/3856 3850/3968/3850
f 3850/3968/3850 3857/3975/3857 3858/3976/3858
f 3852/3970/3852 3858/3976/3858 3853/3971/3853
f 3859/3977/3859 3860/3978/3860 3853/3971/3853
f 3861/3979/3861 3862/3980/3862 3857/3975/3857
f 3857/3975/3857 3862/3980/3862 3858/3976/3858
f 3858/3976/3858 3863/3981/3863 3864/3982/3864
f 3864/3982/3864 3865/3983/3865 3859/3977/3859
f 3866/3984/3866 3867/3985/3867 3868/3986/3868
f 3868/3986/3868 3869/3987/3869 3866/3984/3866
f 3859/3977/3859 3865/3983/3865 3860/3978/3860
f 3861/3979/3861 3857/3975/3857 3856/3974/3856
f 3853/3971/3853 3860/3978/3860 3870/3988/3870
f 3846/3964/3846 3848/3966/3848 3866/3984/3866
f 3850/3968/3850 3858/3976/3858 3852/3970/3852
f 3853/3971/3853 3858/3976/3858 3859/3977/3859
f 3858/3976/3858 3862/3980/3862 3863/3981/3863
f 3858/3976/3858 3864/3982/3864 3859/3977/3859
f 3851/3969/3851 3850/3968/3850 3852/3970/3852
f 3851/3969/3851 3853/3971/3853 3854/3972/3854
f 3855/3973/3855 3853/3971/3853 3870/3988/3870
f 3847/3965/3847 3850/3968/3850 3848/3966/3848
f 3850/3968/3850 3856/3974/3856 3857/3975/3857
f 3867/3985/3867 3866/3984/3866 3854/3972/3854
f 3871/3989/3871 3846/3964/3846 3866/3984/3866
f 3866/3984/3866 3869/3987/3869 3871/3989/3871
f 3866/3984/3866 3848/3966/3848 3851/3969/3851
f 3854/3972/3854 3866/3984/3866 3851/3969/3851
f 3867/3985/3867 3854/3972/3854 3855/3973/3855
s 141
f 3872/3990/3872 3873/3991/3873 3874/3992/3874
f 3874/3992/3874 3875/3993/3875 3876/3994/3876
f 3873/3991/3873 3877/3995/3877 3875/3993/3875
f 3877/3995/3877 3878/3996/3878 3879/3997/3879
f 3880/3998/3880 3881/3999/3881 3878/3996/3878
f 3876/3994/3876 3875/3993/3875 3882/4000/3882
f 3875/3993/3875 3883/4001/3883 3884/4002/3884
f 3879/3997/3879 3878/3996/3878 3883/4001/3883
f 3885/4003/3885 3878/3996/3878 3886/4004/3886
f 3887/4005/3887 3884/4002/3884 3888/4006/3888
f 3884/4002/3884 3883/4001/3883 3888/4006/3888
f 3883/4001/3883 3889/4007/3889 3890/4008/3890
f 3889/4007/3889 3885/4003/3885 3891/4009/3891
f 3892/4010/3892 3893/4011/3893 3894/4012/3894
f 3894/4012/3894 3895/4013/3895 3892/4010/3892
f 3885/4003/3885 3886/4004/3886 3891/4009/3891
f 3887/4005/3887 3882/4000/3882 3884/4002/3884
f 3878/3996/3878 3896/4014/3896 3886/4004/3886
f 3872/3990/3872 3892/4010/3892 3873/3991/3873
f 3875/3993/3875 3879/3997/3879 3883/4001/3883
f 3878/3996/3878 3885/4003/3885 3883/4001/3883
f 3883/4001/3883 3890/4008/3890 3888/4006/3888
f 3883/4001/3883 3885/4003/3885 3889/4007/3889
f 3877/3995/3877 3879/3997/3879 3875/3993/3875
f 3877/3995/3877 3880/3998/3880 3878/3996/3878
f 3881/3999/3881 3896/4014/3896 3878/3996/3878
f 3874/3992/3874 3873/3991/3873 3875/3993/3875
f 3875/3993/3875 3884/4002/3884 3882/4000/3882
f 3895/4013/3895 3880/3998/3880 3892/4010/3892
f 3897/4015/3897 3893/4011/3893 3892/4010/3892
f 3892/4010/3892 3872/3990/3872 3897/4015/3897
f 3892/4010/3892 3877/3995/3877 3873/3991/3873
f 3880/3998/3880 3877/3995/3877 3892/4010/3892
f 3895/4013/3895 3881/3999/3881 3880/3998/3880
s 142
f 3898/4016/3898 3899/4017/3899 3900/4018/3900
f 3899/4017/3899 3901/4019/3901 3902/4020/3902
f 3900/4018/3900 3902/4020/3902 3903/4021/3903
f 3903/4021/3903 3904/4022/3904 3905/4023/3905
f 3906/4024/3906 3905/4023/3905 3907/4025/3907
f 3901/4019/3901 3908/4026/3908 3902/4020/3902
f 3902/4020/3902 3909/4027/3909 3910/4028/3910
f 3904/4022/3904 3910/4028/3910 3905/4023/3905
f 3911/4029/3911 3912/4030/3912 3905/4023/3905
f 3913/4031/3913 3914/4032/3914 3909/4027/3909
f 3909/4027/3909 3914/4032/3914 3910/4028/3910
f 3910/4028/3910 3915/4033/3915 3916/4034/3916
f 3916/4034/3916 3917/4035/3917 3911/4029/3911
f 3918/4036/3918 3919/4037/3919 3920/4038/3920
f 3920/4038/3920 3921/4039/3921 3918/4036/3918
f 3911/4029/3911 3917/4035/3917 3912/4030/3912
f 3913/4031/3913 3909/4027/3909 3908/4026/3908
f 3905/4023/3905 3912/4030/3912 3922/4040/3922
f 3898/4016/3898 3900/4018/3900 3918/4036/3918
f 3902/4020/3902 3910/4028/3910 3904/4022/3904
f 3905/4023/3905 3910/4028/3910 3911/4029/3911
f 3910/4028/3910 3914/4032/3914 3915/4033/3915
f 3910/4028/3910 3916/4034/3916 3911/4029/3911
f 3903/4021/3903 3902/4020/3902 3904/4022/3904
f 3903/4021/3903 3905/4023/3905 3906/4024/3906
f 3907/4025/3907 3905/4023/3905 3922/4040/3922
f 3899/4017/3899 3902/4020/3902 3900/4018/3900
f 3902/4020/3902 3908/4026/3908 3909/4027/3909
f 3919/4037/3919 3918/4036/3918 3906/4024/3906
f 3923/4041/3923 3898/4016/3898 3918/4036/3918
f 3918/4036/3918 3921/4039/3921 3923/4041/3923
f 3918/4036/3918 3900/4018/3900 3903/4021/3903
f 3906/4024/3906 3918/4036/3918 3903/4021/3903
f 3919/4037/3919 3906/4024/3906 3907/4025/3907
s 143
f 3924/4042/3924 3925/4043/3925 3926/4044/3926
f 3926/4044/3926 3927/4045/3927 3928/4046/3928
f 3925/4043/3925 3929/4047/3929 3927/4045/3927
f 3929/4047/3929 3930/4048/3930 3931/4049/3931
f 3932/4050/3932 3933/4051/3933 3930/4048/3930
f 3928/4046/3928 3927/4045/3927 3934/4052/3934
f 3927/4045/3927 3935/4053/3935 3936/4054/3936
f 3931/4049/3931 3930/4048/3930 3935/4053/3935
f 3937/4055/3937 3930/4048/3930 3938/4056/3938
f 3939/4057/3939 3936/4054/3936 3940/4058/3940
f 3936/4054/3936 3935/4053/3935 3940/4058/3940
f 3935/4053/3935 3941/4059/3941 3942/4060/3942
f 3941/4059/3941 3937/4055/3937 3943/4061/3943
f 3944/4062/3944 3945/4063/3945 3946/4064/3946
f 3946/4064/3946 3947/4065/3947 3944/4062/3944
f 3937/4055/3937 3938/4056/3938 3943/4061/3943
f 3939/4057/3939 3934/4052/3934 3936/4054/3936
f 3930/4048/3930 3948/4066/3948 3938/4056/3938
f 3924/4042/3924 3944/4062/3944 3925/4043/3925
f 3927/4045/3927 3931/4049/3931 3935/4053/3935
f 3930/4048/3930 3937/4055/3937 3935/4053/3935
f 3935/4053/3935 3942/4060/3942 3940/4058/3940
f 3935/4053/3935 3937/4055/3937 3941/4059/3941
f 3929/4047/3929 3931/4049/3931 3927/4045/3927
f 3929/4047/3929 3932/4050/3932 3930/4048/3930
f 3933/4051/3933 3948/4066/3948 3930/4048/3930
f 3926/4044/3926 3925/4043/3925 3927/4045/3927
f 3927/4045/3927 3936/4054/3936 3934/4052/3934
f 3947/4065/3947 3932/4050/3932 3944/4062/3944
f 3949/4067/3949 3945/4063/3945 3944/4062/3944
f 3944/4062/3944 3924/4042/3924 3949/4067/3949
f 3944/4062/3944 3929/4047/3929 3925/4043/3925
f 3932/4050/3932 3929/4047/3929 3944/4062/3944
f 3947/4065/3947 3933/4051/3933 3932/4050/3932
s 144
f 3950/4068/3950 3951/4069/3951 3952/4070/3952
f 3951/4069/3951 3953/4071/3953 3954/4072/3954
f 3952/4070/3952 3954/4072/3954 3955/4073/3955
f 3955/4073/3955 3956/4074/3956 3957/4075/3957
f 3958/4076/3958 3957/4075/3957 3959/4077/3959
f 3953/4071/3953 3960/4078/3960 3954/4072/3954
f 3954/4072/3954 3961/4079/3961 3962/4080/3962
f 3956/4074/3956 3962/4080/3962 3957/4075/3957
f 3963/4081/3963 3964/4082/3964 3957/4075/3957
f 3965/4083/3965 3966/4084/3966 3961/4079/3961
f 3961/4079/3961 3966/4084/3966 3962/4080/3962
f 3962/4080/3962 3967/4085/3967 3968/4086/3968
f 3968/4086/3968 3969/4087/3969 3963/4081/3963
f 3970/4088/3970 3971/4089/3971 3972/4090/3972
f 3972/4090/3972 3973/4091/3973 3970/4088/3970
f 3963/4081/3963 3969/4087/3969 3964/4082/3964
f 3965/4083/3965 3961/4079/3961 3960/4078/3960
f 3957/4075/3957 3964/4082/3964 3974/4092/3974
f 3950/4068/3950 3952/4070/3952 3970/4088/3970
f 3954/4072/3954 3962/4080/3962 3956/4074/3956
f 3957/4075/3957 3962/4080/3962 3963/4081/3963
f 3962/4080/3962 3966/4084/3966 3967/4085/3967
f 3962/4080/3962 3968/4086/3968 3963/4081/3963
f 3955/4073/3955 3954/4072/3954 3956/4074/3956
f 3955/4073/3955 3957/4075/3957 3958/4076/3958
f 3959/4077/3959 3957/4075/3957 3974/4092/3974
f 3951/4069/3951 3954/4072/3954 3952/4070/3952
f 3954/4072/3954 3960/4078/3960 3961/4079/3961
f 3971/4089/3971 3970/4088/3970 3958/4076/3958
f 3975/4093/3975 3950/4068/3950 3970/4088/3970
f 3970/4088/3970 3973/4091/3973 3975/4093/3975
f 3970/4088/3970 3952/4070/3952 3955/4073/3955
f 3958/4076/3958 3970/4088/3970 3955/4073/3955
f 3971/4089/3971 3958/4076/3958 3959/4077/3959
s 145
f 3976/4094/3976 3977/4095/3977 3978/4096/3978
f 3978/4096/3978 3979/4097/3979 3976/4094/3976
f 3977/4095/3977 3980/4098/3980 3981/4099/3981
f 3981/4099/3981 3978/4096/3978 3977/4095/3977
f 3980/4098/3980 3982/4100/3982 3983/4101/3983
f 3983/4101/3983 3981/4099/3981 3980/4098/3980
f 3982/4100/3982 3984/4102/3984 3985/4103/3985
f 3985/4103/3985 3983/4101/3983 3982/4100/3982
f 3984/4102/3984 3986/4104/3986 3987/4105/3987
f 3987/4105/3987 3985/4103/3985 3984/4102/3984
f 3986/4104/3986 3988/4106/3988 3989/4107/3989
f 3989/4107/3989 3987/4105/3987 3986/4104/3986
f 3988/4108/3988 3990/4109/3990 3991/4110/3991
f 3991/4110/3991 3989/4111/3989 3988/4108/3988
f 3990/4109/3990 3976/4094/3976 3979/4097/3979
f 3979/4097/3979 3991/4110/3991 3990/4109/3990
f 3979/4097/3979 3978/4096/3978 3992/4112/3992
f 3978/4096/3978 3981/4099/3981 3992/4112/3992
f 3981/4099/3981 3983/4101/3983 3992/4113/3992
f 3983/4101/3983 3985/4103/3985 3992/4113/3992
f 3985/4103/3985 3987/4105/3987 3992/4113/3992
f 3987/4105/3987 3989/4107/3989 3992/4113/3992
f 3989/4111/3989 3991/4110/3991 3992/4112/3992
f 3991/4110/3991 3979/4097/3979 3992/4112/3992
f 3977/4095/3977 3976/4094/3976 3993/4114/3993
f 3993/4114/3993 3994/4115/3994 3977/4095/3977
f 3980/4098/3980 3977/4095/3977 3994/4115/3994
f 3994/4115/3994 3995/4116/3995 3980/4098/3980
f 3982/4100/3982 3980/4098/3980 3995/4116/3995
f 3995/4116/3995 3996/4117/3996 3982/4100/3982
f 3984/4102/3984 3982/4100/3982 3996/4117/3996
f 3996/4117/3996 3997/4118/3997 3984/4102/3984
f 3986/4104/3986 3984/4102/3984 3997/4118/3997
f 3997/4118/3997 3998/4119/3998 3986/4104/3986
f 3988/4106/3988 3986/4104/3986 3998/4119/3998
f 3998/4119/3998 3999/4120/3999 3988/4106/3988
f 3990/4109/3990 3988/4108/3988 3999/4121/3999
f 3999/4121/3999 4000/4122/4000 3990/4109/3990
f 3976/4094/3976 3990/4109/3990 4000/4122/4000
f 4000/4122/4000 3993/4114/3993 3976/4094/3976
f 3994/4115/3994 3993/4114/3993 4001/4123/4001
f 4001/4123/4001 4002/4124/4002 3994/4115/3994
f 3995/4116/3995 3994/4115/3994 4002/4124/4002
f 4002/4124/4002 4003/4125/4003 3995/4116/3995
f 3996/4117/3996 3995/4116/3995 4003/4125/4003
f 4003/4125/4003 4004/4126/4004 3996/4117/3996
f 3997/4118/3997 3996/4117/3996 4004/4126/4004
f 4004/4126/4004 4005/4127/4005 3997/4118/3997
f 3998/4119/3998 3997/4118/3997 4005/4127/4005
f 4005/4127/4005 4006/4128/4006 3998/4119/3998
f 3999/4120/3999 3998/4119/3998 4006/4128/4006
f 4006/4128/4006 4007/4129/4007 3999/4120/3999
f 4000/4122/4000 3999/4121/3999 4007/4130/4007
f 4007/4130/4007 4008/4131/4008 4000/4122/4000
f 3993/4114/3993 4000/4122/4000 4008/4131/4008
f 4008/4131/4008 4001/4123/4001 3993/4114/3993
f 4002/4124/4002 4001/4123/4001 4009/4132/4009
f 4009/4132/4009 4010/4133/4010 4002/4124/4002
f 4003/4125/4003 4002/4124/4002 4010/4133/4010
f 4010/4133/4010 4011/4134/4011 4003/4125/4003
f 4004/4126/4004 4003/4125/4003 4011/4134/4011
f 4011/4134/4011 4012/4135/4012 4004/4126/4004
f 4005/4127/4005 4004/4126/4004 4012/4135/4012
f 4012/4135/4012 4013/4136/4013 4005/4127/4005
f 4006/4128/4006 4005/4127/4005 4013/4136/4013
f 4013/4136/4013 4014/4137/4014 4006/4128/4006
f 4007/4129/4007 4006/4128/4006 4014/4137/4014
f 4014/4137/4014 4015/4138/4015 4007/4129/4007
f 4008/4131/4008 4007/4130/4007 4015/4139/4015
f 4015/4139/4015 4016/4140/4016 4008/4131/4008
f 4001/4123/4001 4008/4131/4008 4016/4140/4016
f 4016/4140/4016 4009/4132/4009 4001/4123/4001
f 4010/4133/4010 4009/4132/4009 4017/4141/4017
f 4017/4141/4017 4018/4142/4018 4010/4133/4010
f 4011/4134/4011 4010/4133/4010 4018/4142/4018
f 4018/4142/4018 4019/4143/4019 4011/4134/4011
f 4012/4135/4012 4011/4134/4011 4019/4143/4019
f 4019/4143/4019 4020/4144/4020 4012/4135/4012
f 4013/4136/4013 4012/4135/4012 4020/4144/4020
f 4020/4144/4020 4021/4145/4021 4013/4136/4013
f 4014/4137/4014 4013/4136/4013 4021/4145/4021
f 4021/4145/4021 4022/4146/4022 4014/4137/4014
f 4015/4138/4015 4014/4137/4014 4022/4146/4022
f 4022/4146/4022 4023/4147/4023 4015/4138/4015
f 4016/4140/4016 4015/4139/4015 4023/4148/4023
f 4023/4148/4023 4024/4149/4024 4016/4140/4016
f 4009/4132/4009 4016/4140/4016 4024/4149/4024
f 4024/4149/4024 4017/4141/4017 4009/4132/4009
f 4018/4142/4018 4017/4141/4017 4025/4150/4025
f 4019/4143/4019 4018/4142/4018 4025/4150/4025
f 4020/4144/4020 4019/4143/4019 4025/4151/4025
f 4021/4145/4021 4020/4144/4020 4025/4151/4025
f 4022/4146/4022 4021/4145/4021 4025/4151/4025
f 4023/4147/4023 4022/4146/4022 4025/4151/4025
f 4024/4149/4024 4023/4148/4023 4025/4150/4025
f 4017/4141/4017 4024/4149/4024 4025/4150/4025
s 146
f 4026/4152/4026 4027/4153/4027 4028/4154/4028
f 4028/4154/4028 4029/4155/4029 4030/4156/4030
f 4027/4153/4027 4031/4157/4031 4029/4155/4029
f 4031/4157/4031 4032/4158/4032 4033/4159/4033
f 4034/4160/4034 4035/4161/4035 4032/4158/4032
f 4030/4156/4030 4029/4155/4029 4036/4162/4036
f 4029/4155/4029 4037/4163/4037 4038/4164/4038
f 4033/4159/4033 4032/4158/4032 4037/4163/4037
f 4039/4165/4039 4032/4158/4032 4040/4166/4040
f 4041/4167/4041 4038/4164/4038 4042/4168/4042
f 4038/4164/4038 4037/4163/4037 4042/4168/4042
f 4037/4163/4037 4043/4169/4043 4044/4170/4044
f 4043/4169/4043 4039/4165/4039 4045/4171/4045
f 4046/4172/4046 4047/4173/4047 4048/4174/4048
f 4048/4174/4048 4049/4175/4049 4046/4172/4046
f 4039/4165/4039 4040/4166/4040 4045/4171/4045
f 4041/4167/4041 4036/4162/4036 4038/4164/4038
f 4032/4158/4032 4050/4176/4050 4040/4166/4040
f 4026/4152/4026 4046/4172/4046 4027/4153/4027
f 4029/4155/4029 4033/4159/4033 4037/4163/4037
f 4032/4158/4032 4039/4165/4039 4037/4163/4037
f 4037/4163/4037 4044/4170/4044 4042/4168/4042
f 4037/4163/4037 4039/4165/4039 4043/4169/4043
f 4031/4157/4031 4033/4159/4033 4029/4155/4029
f 4031/4157/4031 4034/4160/4034 4032/4158/4032
f 4035/4161/4035 4050/4176/4050 4032/4158/4032
f 4028/4154/4028 4027/4153/4027 4029/4155/4029
f 4029/4155/4029 4038/4164/4038 4036/4162/4036
f 4049/4175/4049 4034/4160/4034 4046/4172/4046
f 4051/4177/4051 4047/4173/4047 4046/4172/4046
f 4046/4172/4046 4026/4152/4026 4051/4177/4051
f 4046/4172/4046 4031/4157/4031 4027/4153/4027
f 4034/4160/4034 4031/4157/4031 4046/4172/4046
f 4049/4175/4049 4035/4161/4035 4034/4160/4034
s 147
f 4052/4178/4052 4053/4179/4053 4054/4180/4054
f 4053/4179/4053 4055/4181/4055 4056/4182/4056
f 4054/4180/4054 4056/4182/4056 4057/4183/4057
f 4057/4183/4057 4058/4184/4058 4059/4185/4059
f 4060/4186/4060 4059/4185/4059 4061/4187/4061
f 4055/4181/4055 4062/4188/4062 4056/4182/4056
f 4056/4182/4056 4063/4189/4063 4064/4190/4064
f 4058/4184/4058 4064/4190/4064 4059/4185/4059
f 4065/4191/4065 4066/4192/4066 4059/4185/4059
f 4067/4193/4067 4068/4194/4068 4063/4189/4063
f 4063/4189/4063 4068/4194/4068 4064/4190/4064
f 4064/4190/4064 4069/4195/4069 4070/4196/4070
f 4070/4196/4070 4071/4197/4071 4065/4191/4065
f 4072/4198/4072 4073/4199/4073 4074/4200/4074
f 4074/4200/4074 4075/4201/4075 4072/4198/4072
f 4065/4191/4065 4071/4197/4071 4066/4192/4066
f 4067/4193/4067 4063/4189/4063 4062/4188/4062
f 4059/4185/4059 4066/4192/4066 4076/4202/4076
f 4052/4178/4052 4054/4180/4054 4072/4198/4072
f 4056/4182/4056 4064/4190/4064 4058/4184/4058
f 4059/4185/4059 4064/4190/4064 4065/4191/4065
f 4064/4190/4064 4068/4194/4068 4069/4195/4069
f 4064/4190/4064 4070/4196/4070 4065/4191/4065
f 4057/4183/4057 4056/4182/4056 4058/4184/4058
f 4057/4183/4057 4059/4185/4059 4060/4186/4060
f 4061/4187/4061 4059/4185/4059 4076/4202/4076
f 4053/4179/4053 4056/4182/4056 4054/4180/4054
f 4056/4182/4056 4062/4188/4062 4063/4189/4063
f 4073/4199/4073 4072/4198/4072 4060/4186/4060
f 4077/4203/4077 4052/4178/4052 4072/4198/4072
f 4072/4198/4072 4075/4201/4075 4077/4203/4077
f 4072/4198/4072 4054/4180/4054 4057/4183/4057
f 4060/4186/4060 4072/4198/4072 4057/4183/4057
f 4073/4199/4073 4060/4186/4060 4061/4187/4061
s 148
f 4078/4204/4078 4079/4205/4079 4080/4206/4080
f 4080/4206/4080 4081/4207/4081 4082/4208/4082
f 4079/4205/4079 4083/4209/4083 4081/4207/4081
f 4083/4209/4083 4084/4210/4084 4085/4211/4085
f 4086/4212/4086 4087/4213/4087 4084/4210/4084
f 4082/4208/4082 4081/4207/4081 4088/4214/4088
f 4081/4207/4081 4089/4215/4089 4090/4216/4090
f 4085/4211/4085 4084/4210/4084 4089/4215/4089
f 4091/4217/4091 4084/4210/4084 4092/4218/4092
f 4093/4219/4093 4090/4216/4090 4094/4220/4094
f 4090/4216/4090 4089/4215/4089 4094/4220/4094
f 4089/4215/4089 4095/4221/4095 4096/4222/4096
f 4095/4221/4095 4091/4217/4091 4097/4223/4097
f 4098/4224/4098 4099/4225/4099 4100/4226/4100
f 4100/4226/4100 4101/4227/4101 4098/4224/4098
f 4091/4217/4091 4092/4218/4092 4097/4223/4097
f 4093/4219/4093 4088/4214/4088 4090/4216/4090
f 4084/4210/4084 4102/4228/4102 4092/4218/4092
f 4078/4204/4078 4098/4224/4098 4079/4205/4079
f 4081/4207/4081 4085/4211/4085 4089/4215/4089
f 4084/4210/4084 4091/4217/4091 4089/4215/4089
f 4089/4215/4089 4096/4222/4096 4094/4220/4094
f 4089/4215/4089 4091/4217/4091 4095/4221/4095
f 4083/4209/4083 4085/4211/4085 4081/4207/4081
f 4083/4209/4083 4086/4212/4086 4084/4210/4084
f 4087/4213/4087 4102/4228/4102 4084/4210/4084
f 4080/4206/4080 4079/4205/4079 4081/4207/4081
f 4081/4207/4081 4090/4216/4090 4088/4214/4088
f 4101/4227/4101 4086/4212/4086 4098/4224/4098
f 4103/4229/4103 4099/4225/4099 4098/4224/4098
f 4098/4224/4098 4078/4204/4078 4103/4229/4103
f 4098/4224/4098 4083/4209/4083 4079/4205/4079
f 4086/4212/4086 4083/4209/4083 4098/4224/4098
f 4101/4227/4101 4087/4213/4087 4086/4212/4086
s 149
f 4104/4230/4104 4105/4231/4105 4106/4232/4106
f 4105/4231/4105 4107/4233/4107 4108/4234/4108
f 4106/4232/4106 4108/4234/4108 4109/4235/4109
f 4109/4235/4109 4110/4236/4110 4111/4237/4111
f 4112/4238/4112 4111/4237/4111 4113/4239/4113
f 4107/4233/4107 4114/4240/4114 4108/4234/4108
f 4108/4234/4108 4115/4241/4115 4116/4242/4116
f 4110/4236/4110 4116/4242/4116 4111/4237/4111
f 4117/4243/4117 4118/4244/4118 4111/4237/4111
f 4119/4245/4119 4120/4246/4120 4115/4241/4115
f 4115/4241/4115 4120/4246/4120 4116/4242/4116
f 4116/4242/4116 4121/4247/4121 4122/4248/4122
f 4122/4248/4122 4123/4249/4123 4117/4243/4117
f 4124/4250/4124 4125/4251/4125 4126/4252/4126
f 4126/4252/4126 4127/4253/4127 4124/4250/4124
f 4117/4243/4117 4123/4249/4123 4118/4244/4118
f 4119/4245/4119 4115/4241/4115 4114/4240/4114
f 4111/4237/4111 4118/4244/4118 4128/4254/4128
f 4104/4230/4104 4106/4232/4106 4124/4250/4124
f 4108/4234/4108 4116/4242/4116 4110/4236/4110
f 4111/4237/4111 4116/4242/4116 4117/4243/4117
f 4116/4242/4116 4120/4246/4120 4121/4247/4121
f 4116/4242/4116 4122/4248/4122 4117/4243/4117
f 4109/4235/4109 4108/4234/4108 4110/4236/4110
f 4109/4235/4109 4111/4237/4111 4112/4238/4112
f 4113/4239/4113 4111/4237/4111 4128/4254/4128
f 4105/4231/4105 4108/4234/4108 4106/4232/4106
f 4108/4234/4108 4114/4240/4114 4115/4241/4115
f 4125/4251/4125 4124/4250/4124 4112/4238/4112
f 4129/4255/4129 4104/4230/4104 4124/4250/4124
f 4124/4250/4124 4127/4253/4127 4129/4255/4129
f 4124/4250/4124 4106/4232/4106 4109/4235/4109
f 4112/4238/4112 4124/4250/4124 4109/4235/4109
f 4125/4251/4125 4112/4238/4112 4113/4239/4113
s 150
f 4130/4256/4130 4131/4257/4131 4132/4258/4132
f 4132/4258/4132 4133/4259/4133 4134/4260/4134
f 4131/4257/4131 4135/4261/4135 4133/4259/4133
f 4135/4261/4135 4136/4262/4136 4137/4263/4137
f 4138/4264/4138 4139/4265/4139 4136/4262/4136
f 4134/4260/4134 4133/4259/4133 4140/4266/4140
f 4133/4259/4133 4141/4267/4141 4142/4268/4142
f 4137/4263/4137 4136/4262/4136 4141/4267/4141
f 4143/4269/4143 4136/4262/4136 4144/4270/4144
f 4145/4271/4145 4142/4268/4142 4146/4272/4146
f 4142/4268/4142 4141/4267/4141 4146/4272/4146
f 4141/4267/4141 4147/4273/4147 4148/4274/4148
f 4147/4273/4147 4143/4269/4143 4149/4275/4149
f 4150/4276/4150 4151/4277/4151 4152/4278/4152
f 4152/4278/4152 4153/4279/4153 4150/4276/4150
f 4143/4269/4143 4144/4270/4144 4149/4275/4149
f 4145/4271/4145 4140/4266/4140 4142/4268/4142
f 4136/4262/4136 4154/4280/4154 4144/4270/4144
f 4130/4256/4130 4150/4276/4150 4131/4257/4131
f 4133/4259/4133 4137/4263/4137 4141/4267/4141
f 4136/4262/4136 4143/4269/4143 4141/4267/4141
f 4141/4267/4141 4148/4274/4148 4146/4272/4146
f 4141/4267/4141 4143/4269/4143 4147/4273/4147
f 4135/4261/4135 4137/4263/4137 4133/4259/4133
f 4135/4261/4135 4138/4264/4138 4136/4262/4136
f 4139/4265/4139 4154/4280/4154 4136/4262/4136
f 4132/4258/4132 4131/4257/4131 4133/4259/4133
f 4133/4259/4133 4142/4268/4142 4140/4266/4140
f 4153/4279/4153 4138/4264/4138 4150/4276/4150
f 4155/4281/4155 4151/4277/4151 4150/4276/4150
f 4150/4276/4150 4130/4256/4130 4155/4281/4155
f 4150/4276/4150 4135/4261/4135 4131/4257/4131
f 4138/4264/4138 4135/4261/4135 4150/4276/4150
f 4153/4279/4153 4139/4265/4139 4138/4264/4138
s 151
f 4156/4282/4156 4157/4283/4157 4158/4284/4158
f 4157/4283/4157 4159/4285/4159 4160/4286/4160
f 4158/4284/4158 4160/4286/4160 4161/4287/4161
f 4161/4287/4161 4162/4288/4162 4163/4289/4163
f 4164/4290/4164 4163/4289/4163 4165/4291/4165
f 4159/4285/4159 4166/4292/4166 4160/4286/4160
f 4160/4286/4160 4167/4293/4167 4168/4294/4168
f 4162/4288/4162 4168/4294/4168 4163/4289/4163
f 4169/4295/4169 4170/4296/4170 4163/4289/4163
f 4171/4297/4171 4172/4298/4172 4167/4293/4167
f 4167/4293/4167 4172/4298/4172 4168/4294/4168
f 4168/4294/4168 4173/4299/4173 4174/4300/4174
f 4174/4300/4174 4175/4301/4175 4169/4295/4169
f 4176/4302/4176 4177/4303/4177 4178/4304/4178
f 4178/4304/4178 4179/4305/4179 4176/4302/4176
f 4169/4295/4169 4175/4301/4175 4170/4296/4170
f 4171/4297/4171 4167/4293/4167 4166/4292/4166
f 4163/4289/4163 4170/4296/4170 4180/4306/4180
f 4156/4282/4156 4158/4284/4158 4176/4302/4176
f 4160/4286/4160 4168/4294/4168 4162/4288/4162
f 4163/4289/4163 4168/4294/4168 4169/4295/4169
f 4168/4294/4168 4172/4298/4172 4173/4299/4173
f 4168/4294/4168 4174/4300/4174 4169/4295/4169
f 4161/4287/4161 4160/4286/4160 4162/4288/4162
f 4161/4287/4161 4163/4289/4163 4164/4290/4164
f 4165/4291/4165 4163/4289/4163 4180/4306/4180
f 4157/4283/4157 4160/4286/4160 4158/4284/4158
f 4160/4286/4160 4166/4292/4166 4167/4293/4167
f 4177/4303/4177 4176/4302/4176 4164/4290/4164
f 4181/4307/4181 4156/4282/4156 4176/4302/4176
f 4176/4302/4176 4179/4305/4179 4181/4307/4181
f 4176/4302/4176 4158/4284/4158 4161/4287/4161
f 4164/4290/4164 4176/4302/4176 4161/4287/4161
f 4177/4303/4177 4164/4290/4164 4165/4291/4165
s 152
f 4182/4308/4182 4183/4309/4183 4184/4310/4184
f 4184/4310/4184 4185/4311/4185 4186/4312/4186
f 4183/4309/4183 4187/4313/4187 4185/4311/4185
f 4187/4313/4187 4188/4314/4188 4189/4315/4189
f 4190/4316/4190 4191/4317/4191 4188/4314/4188
f 4186/4312/4186 4185/4311/4185 4192/4318/4192
f 4185/4311/4185 4193/4319/4193 4194/4320/4194
f 4189/4315/4189 4188/4314/4188 4193/4319/4193
f 4195/4321/4195 4188/4314/4188 4196/4322/4196
f 4197/4323/4197 4194/4320/4194 4198/4324/4198
f 4194/4320/4194 4193/4319/4193 4198/4324/4198
f 4193/4319/4193 4199/4325/4199 4200/4326/4200
f 4199/4325/4199 4195/4321/4195 4201/4327/4201
f 4202/4328/4202 4203/4329/4203 4204/4330/4204
f 4204/4330/4204 4205/4331/4205 4202/4328/4202
f 4195/4321/4195 4196/4322/4196 4201/4327/4201
f 4197/4323/4197 4192/4318/4192 4194/4320/4194
f 4188/4314/4188 4206/4332/4206 4196/4322/4196
f 4182/4308/4182 4202/4328/4202 4183/4309/4183
f 4185/4311/4185 4189/4315/4189 4193/4319/4193
f 4188/4314/4188 4195/4321/4195 4193/4319/4193
f 4193/4319/4193 4200/4326/4200 4198/4324/4198
f 4193/4319/4193 4195/4321/4195 4199/4325/4199
f 4187/4313/4187 4189/4315/4189 4185/4311/4185
f 4187/4313/4187 4190/4316/4190 4188/4314/4188
f 4191/4317/4191 4206/4332/4206 4188/4314/4188
f 4184/4310/4184 4183/4309/4183 4185/4311/4185
f 4185/4311/4185 4194/4320/4194 4192/4318/4192
f 4205/4331/4205 4190/4316/4190 4202/4328/4202
f 4207/4333/4207 4203/4329/4203 4202/4328/4202
f 4202/4328/4202 4182/4308/4182 4207/4333/4207
f 4202/4328/4202 4187/4313/4187 4183/4309/4183
f 4190/4316/4190 4187/4313/4187 4202/4328/4202
f 4205/4331/4205 4191/4317/4191 4190/4316/4190
s 153
f 4208/4334/4208 4209/4335/4209 4210/4336/4210
f 4209/4335/4209 4211/4337/4211 4212/4338/4212
f 4210/4336/4210 4212/4338/4212 4213/4339/4213
f 4213/4339/4213 4214/4340/4214 4215/4341/4215
f 4216/4342/4216 4215/4341/4215 4217/4343/4217
f 4211/4337/4211 4218/4344/4218 4212/4338/4212
f 4212/4338/4212 4219/4345/4219 4220/4346/4220
f 4214/4340/4214 4220/4346/4220 4215/4341/4215
f 4221/4347/4221 4222/4348/4222 4215/4341/4215
f 4223/4349/4223 4224/4350/4224 4219/4345/4219
f 4219/4345/4219 4224/4350/4224 4220/4346/4220
f 4220/4346/4220 4225/4351/4225 4226/4352/4226
f 4226/4352/4226 4227/4353/4227 4221/4347/4221
f 4228/4354/4228 4229/4355/4229 4230/4356/4230
f 4230/4356/4230 4231/4357/4231 4228/4354/4228
f 4221/4347/4221 4227/4353/4227 4222/4348/4222
f 4223/4349/4223 4219/4345/4219 4218/4344/4218
f 4215/4341/4215 4222/4348/4222 4232/4358/4232
f 4208/4334/4208 4210/4336/4210 4228/4354/4228
f 4212/4338/4212 4220/4346/4220 4214/4340/4214
f 4215/4341/4215 4220/4346/4220 4221/4347/4221
f 4220/4346/4220 4224/4350/4224 4225/4351/4225
f 4220/4346/4220 4226/4352/4226 4221/4347/4221
f 4213/4339/4213 4212/4338/4212 4214/4340/4214
f 4213/4339/4213 4215/4341/4215 4216/4342/4216
f 4217/4343/4217 4215/4341/4215 4232/4358/4232
f 4209/4335/4209 4212/4338/4212 4210/4336/4210
f 4212/4338/4212 4218/4344/4218 4219/4345/4219
f 4229/4355/4229 4228/4354/4228 4216/4342/4216
f 4233/4359/4233 4208/4334/4208 4228/4354/4228
f 4228/4354/4228 4231/4357/4231 4233/4359/4233
f 4228/4354/4228 4210/4336/4210 4213/4339/4213
f 4216/4342/4216 4228/4354/4228 4213/4339/4213
f 4229/4355/4229 4216/4342/4216 4217/4343/4217
s 154
f 4234/4360/4234 4235/4361/4235 4236/4362/4236
f 4236/4362/4236 4237/4363/4237 4238/4364/4238
f 4235/4361/4235 4239/4365/4239 4237/4363/4237
f 4239/4365/4239 4240/4366/4240 4241/4367/4241
f 4242/4368/4242 4243/4369/4243 4240/4366/4240
f 4238/4364/4238 4237/4363/4237 4244/4370/4244
f 4237/4363/4237 4245/4371/4245 4246/4372/4246
f 4241/4367/4241 4240/4366/4240 4245/4371/4245
f 4247/4373/4247 4240/4366/4240 4248/4374/4248
f 4249/4375/4249 4246/4372/4246 4250/4376/4250
f 4246/4372/4246 4245/4371/4245 4250/4376/4250
f 4245/4371/4245 4251/4377/4251 4252/4378/4252
f 4251/4377/4251 4247/4373/4247 4253/4379/4253
f 4254/4380/4254 4255/4381/4255 4256/4382/4256
f 4256/4382/4256 4257/4383/4257 4254/4380/4254
f 4247/4373/4247 4248/4374/4248 4253/4379/4253
f 4249/4375/4249 4244/4370/4244 4246/4372/4246
f 4240/4366/4240 4258/4384/4258 4248/4374/4248
f 4234/4360/4234 4254/4380/4254 4235/4361/4235
f 4237/4363/4237 4241/4367/4241 4245/4371/4245
f 4240/4366/4240 4247/4373/4247 4245/4371/4245
f 4245/4371/4245 4252/4378/4252 4250/4376/4250
f 4245/4371/4245 4247/4373/4247 4251/4377/4251
f 4239/4365/4239 4241/4367/4241 4237/4363/4237
f 4239/4365/4239 4242/4368/4242 4240/4366/4240
f 4243/4369/4243 4258/4384/4258 4240/4366/4240
f 4236/4362/4236 4235/4361/4235 4237/4363/4237
f 4237/4363/4237 4246/4372/4246 4244/4370/4244
f 4257/4383/4257 4242/4368/4242 4254/4380/4254
f 4259/4385/4259 4255/4381/4255 4254/4380/4254
f 4254/4380/4254 4234/4360/4234 4259/4385/4259
f 4254/4380/4254 4239/4365/4239 4235/4361/4235
f 4242/4368/4242 4239/4365/4239 4254/4380/4254
f 4257/4383/4257 4243/4369/4243 4242/4368/4242
s 155
f 4260/4386/4260 4261/4387/4261 4262/4388/4262
f 4261/4387/4261 4263/4389/4263 4264/4390/4264
f 4262/4388/4262 4264/4390/4264 4265/4391/4265
f 4265/4391/4265 4266/4392/4266 4267/4393/4267
f 4268/4394/4268 4267/4393/4267 4269/4395/4269
f 4263/4389/4263 4270/4396/4270 4264/4390/4264
f 4264/4390/4264 4271/4397/4271 4272/4398/4272
f 4266/4392/4266 4272/4398/4272 4267/4393/4267
f 4273/4399/4273 4274/4400/4274 4267/4393/4267
f 4275/4401/4275 4276/4402/4276 4271/4397/4271
f 4271/4397/4271 4276/4402/4276 4272/4398/4272
f 4272/4398/4272 4277/4403/4277 4278/4404/4278
f 4278/4404/4278 4279/4405/4279 4273/4399/4273
f 4280/4406/4280 4281/4407/4281 4282/4408/4282
f 4282/4408/4282 4283/4409/4283 4280/4406/4280
f 4273/4399/4273 4279/4405/4279 4274/4400/4274
f 4275/4401/4275 4271/4397/4271 4270/4396/4270
f 4267/4393/4267 4274/4400/4274 4284/4410/4284
f 4260/4386/4260 4262/4388/4262 4280/4406/4280
f 4264/4390/4264 4272/4398/4272 4266/4392/4266
f 4267/4393/4267 4272/4398/4272 4273/4399/4273
f 4272/4398/4272 4276/4402/4276 4277/4403/4277
f 4272/4398/4272 4278/4404/4278 4273/4399/4273
f 4265/4391/4265 4264/4390/4264 4266/4392/4266
f 4265/4391/4265 4267/4393/4267 4268/4394/4268
f 4269/4395/4269 4267/4393/4267 4284/4410/4284
f 4261/4387/4261 4264/4390/4264 4262/4388/4262
f 4264/4390/4264 4270/4396/4270 4271/4397/4271
f 4281/4407/4281 4280/4406/4280 4268/4394/4268
f 4285/4411/4285 4260/4386/4260 4280/4406/4280
f 4280/4406/4280 4283/4409/4283 4285/4411/4285
f 4280/4406/4280 4262/4388/4262 4265/4391/4265
f 4268/4394/4268 4280/4406/4280 4265/4391/4265
f 4281/4407/4281 4268/4394/4268 4269/4395/4269
s 156
f 4286/4412/4286 4287/4413/4287 4288/4414/4288
f 4288/4414/4288 4289/4415/4289 4290/4416/4290
f 4287/4413/4287 4291/4417/4291 4289/4415/4289
f 4291/4417/4291 4292/4418/4292 4293/4419/4293
f 4294/4420/4294 4295/4421/4295 4292/4418/4292
f 4290/4416/4290 4289/4415/4289 4296/4422/4296
f 4289/4415/4289 4297/4423/4297 4298/4424/4298
f 4293/4419/4293 4292/4418/4292 4297/4423/4297
f 4299/4425/4299 4292/4418/4292 4300/4426/4300
f 4301/4427/4301 4298/4424/4298 4302/4428/4302
f 4298/4424/4298 4297/4423/4297 4302/4428/4302
f 4297/4423/4297 4303/4429/4303 4304/4430/4304
f 4303/4429/4303 4299/4425/4299 4305/4431/4305
f 4306/4432/4306 4307/4433/4307 4308/4434/4308
f 4308/4434/4308 4309/4435/4309 4306/4432/4306
f 4299/4425/4299 4300/4426/4300 4305/4431/4305
f 4301/4427/4301 4296/4422/4296 4298/4424/4298
f 4292/4418/4292 4310/4436/4310 4300/4426/4300
f 4286/4412/4286 4306/4432/4306 4287/4413/4287
f 4289/4415/4289 4293/4419/4293 4297/4423/4297
f 4292/4418/4292 4299/4425/4299 4297/4423/4297
f 4297/4423/4297 4304/4430/4304 4302/4428/4302
f 4297/4423/4297 4299/4425/4299 4303/4429/4303
f 4291/4417/4291 4293/4419/4293 4289/4415/4289
f 4291/4417/4291 4294/4420/4294 4292/4418/4292
f 4295/4421/4295 4310/4436/4310 4292/4418/4292
f 4288/4414/4288 4287/4413/4287 4289/4415/4289
f 4289/4415/4289 4298/4424/4298 4296/4422/4296
f 4309/4435/4309 4294/4420/4294 4306/4432/4306
f 4311/4437/4311 4307/4433/4307 4306/4432/4306
f 4306/4432/4306 4286/4412/4286 4311/4437/4311
f 4306/4432/4306 4291/4417/4291 4287/4413/4287
f 4294/4420/4294 4291/4417/4291 4306/4432/4306
f 4309/4435/4309 4295/4421/4295 4294/4420/4294
s 157
f 4312/4438/4312 4313/4439/4313 4314/4440/4314
f 4313/4439/4313 4315/4441/4315 4316/4442/4316
f 4314/4440/4314 4316/4442/4316 4317/4443/4317
f 4317/4443/4317 4318/4444/4318 4319/4445/4319
f 4320/4446/4320 4319/4445/4319 4321/4447/4321
f 4315/4441/4315 4322/4448/4322 4316/4442/4316
f 4316/4442/4316 4323/4449/4323 4324/4450/4324
f 4318/4444/4318 4324/4450/4324 4319/4445/4319
f 4325/4451/4325 4326/4452/4326 4319/4445/4319
f 4327/4453/4327 4328/4454/4328 4323/4449/4323
f 4323/4449/4323 4328/4454/4328 4324/4450/4324
f 4324/4450/4324 4329/4455/4329 4330/4456/4330
f 4330/4456/4330 4331/4457/4331 4325/4451/4325
f 4332/4458/4332 4333/4459/4333 4334/4460/4334
f 4334/4460/4334 4335/4461/4335 4332/4458/4332
f 4325/4451/4325 4331/4457/4331 4326/4452/4326
f 4327/4453/4327 4323/4449/4323 4322/4448/4322
f 4319/4445/4319 4326/4452/4326 4336/4462/4336
f 4312/4438/4312 4314/4440/4314 4332/4458/4332
f 4316/4442/4316 4324/4450/4324 4318/4444/4318
f 4319/4445/4319 4324/4450/4324 4325/4451/4325
f 4324/4450/4324 4328/4454/4328 4329/4455/4329
f 4324/4450/4324 4330/4456/4330 4325/4451/4325
f 4317/4443/4317 4316/4442/4316 4318/4444/4318
f 4317/4443/4317 4319/4445/4319 4320/4446/4320
f 4321/4447/4321 4319/4445/4319 4336/4462/4336
f 4313/4439/4313 4316/4442/4316 4314/4440/4314
f 4316/4442/4316 4322/4448/4322 4323/4449/4323
f 4333/4459/4333 4332/4458/4332 4320/4446/4320
f 4337/4463/4337 4312/4438/4312 4332/4458/4332
f 4332/4458/4332 4335/4461/4335 4337/4463/4337
f 4332/4458/4332 4314/4440/4314 4317/4443/4317
f 4320/4446/4320 4332/4458/4332 4317/4443/4317
f 4333/4459/4333 4320/4446/4320 4321/4447/4321
s 158
f 4338/4464/4338 4339/4465/4339 4340/4466/4340
f 4340/4466/4340 4341/4467/4341 4342/4468/4342
f 4339/4465/4339 4343/4469/4343 4341/4467/4341
f 4343/4469/4343 4344/4470/4344 4345/4471/4345
f 4346/4472/4346 4347/4473/4347 4344/4470/4344
f 4342/4468/4342 4341/4467/4341 4348/4474/4348
f 4341/4467/4341 4349/4475/4349 4350/4476/4350
f 4345/4471/4345 4344/4470/4344 4349/4475/4349
f 4351/4477/4351 4344/4470/4344 4352/4478/4352
f 4353/4479/4353 4350/4476/4350 4354/4480/4354
f 4350/4476/4350 4349/4475/4349 4354/4480/4354
f 4349/4475/4349 4355/4481/4355 4356/4482/4356
f 4355/4481/4355 4351/4477/4351 4357/4483/4357
f 4358/4484/4358 4359/4485/4359 4360/4486/4360
f 4360/4486/4360 4361/4487/4361 4358/4484/4358
f 4351/4477/4351 4352/4478/4352 4357/4483/4357
f 4353/4479/4353 4348/4474/4348 4350/4476/4350
f 4344/4470/4344 4362/4488/4362 4352/4478/4352
f 4338/4464/4338 4358/4484/4358 4339/4465/4339
f 4341/4467/4341 4345/4471/4345 4349/4475/4349
f 4344/4470/4344 4351/4477/4351 4349/4475/4349
f 4349/4475/4349 4356/4482/4356 4354/4480/4354
f 4349/4475/4349 4351/4477/4351 4355/4481/4355
f 4343/4469/4343 4345/4471/4345 4341/4467/4341
f 4343/4469/4343 4346/4472/4346 4344/4470/4344
f 4347/4473/4347 4362/4488/4362 4344/4470/4344
f 4340/4466/4340 4339/4465/4339 4341/4467/4341
f 4341/4467/4341 4350/4476/4350 4348/4474/4348
f 4361/4487/4361 4346/4472/4346 4358/4484/4358
f 4363/4489/4363 4359/4485/4359 4358/4484/4358
f 4358/4484/4358 4338/4464/4338 4363/4489/4363
f 4358/4484/4358 4343/4469/4343 4339/4465/4339
f 4346/4472/4346 4343/4469/4343 4358/4484/4358
f 4361/4487/4361 4347/4473/4347 4346/4472/4346
s 159
f 4364/4490/4364 4365/4491/4365 4366/4492/4366
f 4365/4491/4365 4367/4493/4367 4368/4494/4368
f 4366/4492/4366 4368/4494/4368 4369/4495/4369
f 4369/4495/4369 4370/4496/4370 4371/4497/4371
f 4372/4498/4372 4371/4497/4371 4373/4499/4373
f 4367/4493/4367 4374/4500/4374 4368/4494/4368
f 4368/4494/4368 4375/4501/4375 4376/4502/4376
f 4370/4496/4370 4376/4502/4376 4371/4497/4371
f 4377/4503/4377 4378/4504/4378 4371/4497/4371
f 4379/4505/4379 4380/4506/4380 4375/4501/4375
f 4375/4501/4375 4380/4506/4380 4376/4502/4376
f 4376/4502/4376 4381/4507/4381 4382/4508/4382
f 4382/4508/4382 4383/4509/4383 4377/4503/4377
f 4384/4510/4384 4385/4511/4385 4386/4512/4386
f 4386/4512/4386 4387/4513/4387 4384/4510/4384
f 4377/4503/4377 4383/4509/4383 4378/4504/4378
f 4379/4505/4379 4375/4501/4375 4374/4500/4374
f 4371/4497/4371 4378/4504/4378 4388/4514/4388
f 4364/4490/4364 4366/4492/4366 4384/4510/4384
f 4368/4494/4368 4376/4502/4376 4370/4496/4370
f 4371/4497/4371 4376/4502/4376 4377/4503/4377
f 4376/4502/4376 4380/4506/4380 4381/4507/4381
f 4376/4502/4376 4382/4508/4382 4377/4503/4377
f 4369/4495/4369 4368/4494/4368 4370/4496/4370
f 4369/4495/4369 4371/4497/4371 4372/4498/4372
f 4373/4499/4373 4371/4497/4371 4388/4514/4388
f 4365/4491/4365 4368/4494/4368 4366/4492/4366
f 4368/4494/4368 4374/4500/4374 4375/4501/4375
f 4385/4511/4385 4384/4510/4384 4372/4498/4372
f 4389/4515/4389 4364/4490/4364 4384/4510/4384
f 4384/4510/4384 4387/4513/4387 4389/4515/4389
f 4384/4510/4384 4366/4492/4366 4369/4495/4369
f 4372/4498/4372 4384/4510/4384 4369/4495/4369
f 4385/4511/4385 4372/4498/4372 4373/4499/4373
