# Blender v3.3.0 OBJ File: ''
# www.blender.org
o PlantTomatoStage02.005
v -0.002252 0.135994 -0.004562
v 0.003864 0.135994 -0.004485
v 0.005226 -0.000509 -0.006776
v -0.003555 -0.000509 -0.006888
v -0.005377 0.135994 0.000695
v -0.008043 -0.000509 0.000661
v -0.002387 0.135994 0.006031
v -0.003749 -0.000509 0.008322
v 0.003729 0.135994 0.006108
v 0.005033 -0.000509 0.008434
v 0.006854 0.135994 0.000851
v 0.009520 -0.000509 0.000885
v 0.008418 0.180000 -0.012146
v 0.003686 0.180000 -0.012206
v 0.001269 0.180000 -0.008139
v 0.003582 0.180000 -0.004011
v 0.008314 0.180000 -0.003951
v 0.010732 0.180000 -0.008018
v 0.000433 0.366941 -0.000042
v 0.015377 0.254599 -0.023852
v 0.009713 0.254599 -0.023924
v -0.004269 0.366941 -0.000102
v 0.006819 0.254599 -0.019056
v -0.004235 0.366941 0.003971
v 0.009589 0.254599 -0.014116
v -0.004372 0.366941 0.008041
v 0.015252 0.254599 -0.014044
v 0.000329 0.366941 0.008101
v 0.018146 0.254599 -0.018912
v 0.002732 0.366941 0.004059
v 0.003394 0.497000 -0.006399
v 0.004990 0.497000 -0.006379
v 0.000024 0.422083 0.001974
v -0.003559 0.422070 0.001930
v 0.002578 0.497000 -0.005027
v -0.005393 0.422045 0.005014
v 0.003359 0.497000 -0.003635
v -0.003642 0.422032 0.008142
v 0.004955 0.497000 -0.003615
v -0.000057 0.422045 0.008186
v 0.005770 0.497000 -0.004987
v 0.001775 0.422070 0.005101
v 0.013949 0.207371 -0.021451
v 0.008335 0.207371 -0.021522
v 0.009666 0.228662 -0.028108
v 0.017845 0.228662 -0.028005
v 0.005466 0.207371 -0.016696
v 0.005486 0.228662 -0.021077
v 0.008211 0.207371 -0.011799
v 0.009486 0.228662 -0.013942
v 0.013825 0.207371 -0.011727
v 0.017665 0.228662 -0.013838
v 0.016694 0.207371 -0.016553
v 0.021844 0.228662 -0.020869
v 0.015113 0.543789 -0.023408
v 0.001926 0.107742 -0.000834
v 0.024097 0.100991 -0.035164
v -0.004995 0.090703 -0.053599
v -0.027166 0.097454 -0.019269
v 0.010095 0.273902 -0.011794
v 0.010754 0.275259 -0.015099
v 0.012928 0.273902 -0.017674
v 0.014443 0.271188 -0.016944
v 0.013783 0.269830 -0.013639
v 0.011609 0.271188 -0.011064
v 0.044424 0.285216 0.000876
v 0.043585 0.283790 0.004095
v 0.043268 0.288068 0.000319
v 0.041273 0.289494 0.002981
v 0.040434 0.288068 0.006200
v 0.041590 0.285216 0.006757
v 0.082577 0.295384 0.019261
v 0.081552 0.293909 0.022390
v 0.081794 0.298336 0.018883
v 0.079986 0.299812 0.021636
v 0.078960 0.298336 0.024764
v 0.079743 0.295384 0.025142
v 0.121623 0.295652 0.038076
v 0.120408 0.294146 0.041114
v 0.121221 0.298664 0.037883
v 0.119605 0.300170 0.040727
v 0.118387 0.298664 0.043763
v 0.118789 0.295652 0.043957
v 0.160442 0.285927 0.056427
v 0.158323 0.284054 0.058499
v 0.161618 0.288561 0.057878
v 0.160673 0.289322 0.061402
v 0.158550 0.287450 0.063473
v 0.157375 0.284817 0.062021
v 0.118595 0.300485 0.044468
v 0.159213 0.291284 0.006354
v 0.136939 0.278887 -0.016978
v 0.096321 0.288088 0.021137
v 0.170007 0.289704 0.056309
v 0.114627 0.291586 0.050168
v 0.111051 0.294625 0.080071
v 0.166431 0.292743 0.086212
v 0.138890 0.284190 0.075492
v 0.157425 0.290274 0.093895
v 0.196666 0.299026 0.055790
v 0.178131 0.292942 0.037387
v 0.139522 0.286849 -0.037880
v 0.087618 0.284967 -0.058146
v 0.059630 0.297404 0.011755
v 0.111533 0.299286 0.032020
v -0.000453 0.348943 -0.001012
v 0.000804 0.350200 0.001847
v 0.000522 0.348943 0.004957
v -0.001015 0.346428 0.005208
v -0.002271 0.345170 0.002349
v -0.001990 0.346428 -0.000761
v -0.038198 0.359424 0.011278
v -0.039272 0.358103 0.008389
v -0.037024 0.362066 0.011086
v -0.036925 0.363387 0.008006
v -0.037999 0.362066 0.005118
v -0.039172 0.359424 0.005309
v -0.076920 0.368844 0.017599
v -0.077805 0.367477 0.014680
v -0.076125 0.371578 0.017470
v -0.076216 0.372945 0.014421
v -0.077100 0.371578 0.011501
v -0.077894 0.368844 0.011631
v -0.116549 0.369092 0.024069
v -0.117241 0.367697 0.021118
v -0.116141 0.371882 0.024002
v -0.116426 0.373277 0.020985
v -0.117116 0.371882 0.018033
v -0.117523 0.369092 0.018100
v -0.155759 0.360082 0.030770
v -0.155252 0.358348 0.028071
v -0.157422 0.362522 0.030294
v -0.158578 0.363227 0.027118
v -0.158067 0.361494 0.024418
v -0.156404 0.359054 0.024895
v -0.030939 0.376676 0.037301
v -0.080966 0.368568 0.045367
v -0.073692 0.358636 0.085771
v -0.023665 0.366743 0.077705
v -0.149360 0.375178 0.047821
v -0.156886 0.360936 0.083779
v -0.106272 0.359193 0.093918
v -0.098746 0.373434 0.057960
v -0.016145 0.354889 0.002969
v -0.028708 0.349648 -0.066820
v -0.049342 0.356577 -0.063493
v -0.036779 0.361818 0.006295
v -0.075757 0.374376 -0.014246
v -0.081960 0.360936 -0.057405
v -0.132989 0.359193 -0.049622
v -0.126786 0.372633 -0.006462
v -0.132791 0.365760 -0.019077
v -0.150780 0.353803 -0.052655
v -0.196070 0.352059 -0.027888
v -0.178081 0.364017 0.005690
v -0.173114 0.369041 0.053439
v -0.180413 0.360933 0.003295
v -0.219024 0.353232 0.009637
v -0.211725 0.361340 0.059781
v -0.001120 0.435844 0.000030
v 0.000116 0.436460 0.000937
v 0.000759 0.435844 0.002327
v 0.000167 0.434610 0.002811
v -0.001068 0.433993 0.001904
v -0.001711 0.434610 0.000514
v -0.019806 0.444115 0.017667
v -0.020612 0.443620 0.016791
v -0.019265 0.445105 0.017055
v -0.019530 0.445600 0.015566
v -0.020336 0.445105 0.014690
v -0.020877 0.444115 0.015302
v -0.041388 0.450888 0.035101
v -0.042239 0.450366 0.034304
v -0.041150 0.451933 0.034906
v -0.041763 0.452455 0.033915
v -0.042613 0.451933 0.033118
v -0.042851 0.450888 0.033312
v -0.063827 0.451119 0.053328
v -0.064556 0.450629 0.052552
v -0.063714 0.452099 0.053237
v -0.064331 0.452589 0.052368
v -0.065059 0.452099 0.051592
v -0.065172 0.451119 0.051683
v -0.086304 0.444442 0.071540
v -0.086560 0.443955 0.070812
v -0.086776 0.445128 0.071658
v -0.087503 0.445326 0.071048
v -0.087758 0.444839 0.070319
v -0.087287 0.444153 0.070201
v -0.066831 0.444747 0.105878
v -0.031696 0.443495 0.094005
v -0.047332 0.451773 0.046390
v -0.082466 0.453025 0.058263
v -0.008290 0.442978 0.005039
v -0.041177 0.439212 -0.033872
v -0.055351 0.442137 -0.022329
v -0.022464 0.445903 0.016581
v -0.053752 0.449337 0.012960
v -0.070929 0.444747 -0.008884
v -0.099884 0.443495 0.014291
v -0.082707 0.448085 0.036135
v -0.092388 0.443443 0.030991
v -0.112044 0.439622 0.018794
v -0.131326 0.438369 0.050474
v -0.111671 0.442190 0.062671
v -0.099835 0.447135 0.096309
v -0.111783 0.441310 0.061919
v -0.138422 0.439212 0.071723
v -0.126474 0.445037 0.106113
v -0.000934 0.385458 0.005831
v -0.001616 0.385874 0.006608
v -0.002588 0.385458 0.006958
v -0.002878 0.384626 0.006532
v -0.002196 0.384209 0.005755
v -0.001224 0.384626 0.005405
v -0.014909 0.393972 -0.016269
v -0.014166 0.393518 -0.017022
v -0.014679 0.394878 -0.015932
v -0.013707 0.395332 -0.016348
v -0.012964 0.394878 -0.017101
v -0.013194 0.393972 -0.017438
v -0.030823 0.400757 -0.039623
v -0.030044 0.400287 -0.040322
v -0.030668 0.401695 -0.039395
v -0.029733 0.402164 -0.039865
v -0.028953 0.401695 -0.040564
v -0.029108 0.400757 -0.040792
v -0.047110 0.400945 -0.063524
v -0.046293 0.400466 -0.064168
v -0.047031 0.401903 -0.063407
v -0.046133 0.402382 -0.063933
v -0.045315 0.401903 -0.064576
v -0.045395 0.400945 -0.064693
v -0.063219 0.394286 -0.087587
v -0.062579 0.393868 -0.087751
v -0.063285 0.394873 -0.087999
v -0.062709 0.395043 -0.088574
v -0.062068 0.394626 -0.088737
v -0.062003 0.394038 -0.088326
v -0.075256 0.392909 -0.016308
v -0.054814 0.398734 0.013818
v -0.013186 0.402500 -0.015553
v -0.033628 0.396675 -0.045679
v -0.099220 0.394562 -0.071085
v -0.090454 0.393310 -0.035049
v -0.041657 0.401588 -0.046475
v -0.050423 0.402841 -0.082511
v 0.037762 0.389027 -0.033349
v 0.017321 0.394853 -0.063475
v -0.024308 0.398618 -0.034104
v -0.003866 0.392793 -0.003978
v -0.036200 0.402248 -0.052324
v -0.011753 0.403823 -0.068309
v -0.022599 0.398235 -0.084588
v -0.047045 0.396660 -0.068603
v -0.052610 0.397126 -0.078746
v -0.037134 0.399260 -0.099418
v -0.052964 0.393669 -0.111059
v -0.068441 0.391535 -0.090387
v -0.080894 0.393690 -0.081358
v -0.061817 0.395470 -0.086170
v -0.068589 0.399961 -0.111088
v -0.087666 0.398181 -0.106275
v -0.002402 0.377204 0.005833
v -0.000922 0.378107 0.004147
v 0.001189 0.377204 0.003387
v 0.001819 0.375397 0.004312
v 0.000339 0.374494 0.005997
v -0.001772 0.375397 0.006758
v 0.016882 0.384818 0.026756
v 0.015464 0.383953 0.028194
v 0.016443 0.386549 0.026113
v 0.014587 0.387415 0.026907
v 0.013169 0.386549 0.028344
v 0.013608 0.384818 0.028987
v 0.032450 0.391745 0.050218
v 0.031222 0.391006 0.051319
v 0.032205 0.393224 0.049858
v 0.030732 0.393963 0.050600
v 0.029503 0.393224 0.051699
v 0.029749 0.391745 0.052059
v 0.048568 0.392007 0.074173
v 0.047415 0.391332 0.075081
v 0.048455 0.393358 0.074008
v 0.047190 0.394034 0.074751
v 0.046035 0.393358 0.075657
v 0.046148 0.392007 0.075822
v 0.064589 0.385462 0.098172
v 0.063636 0.384841 0.098416
v 0.064686 0.386335 0.098784
v 0.063830 0.386588 0.099640
v 0.062876 0.385967 0.099883
v 0.062779 0.385093 0.099271
v 0.035342 0.391853 0.011554
v 0.055784 0.386028 0.041681
v 0.076345 0.384168 0.027173
v 0.055903 0.389993 -0.002953
v 0.075735 0.389990 0.087704
v 0.100309 0.373618 0.081950
v 0.091543 0.372365 0.045914
v 0.066968 0.388738 0.051668
v 0.006109 0.395527 0.062638
v -0.014374 0.385821 0.076030
v 0.006189 0.384568 0.106895
v 0.026671 0.394275 0.093502
v 0.039651 0.384700 0.079282
v 0.009615 0.376422 0.119401
v 0.025180 0.380043 0.130845
v 0.055215 0.388321 0.090727
v 0.089496 0.393718 0.119869
v 0.054195 0.387892 0.128775
v 0.060043 0.380286 0.150292
v 0.095344 0.386111 0.141386
v 0.000839 0.459822 0.001073
v 0.000317 0.460068 0.000756
v 0.000013 0.459822 0.000226
v 0.000231 0.459330 0.000014
v 0.000753 0.459085 0.000331
v 0.001057 0.459330 0.000861
v 0.016776 0.467270 -0.016512
v 0.017873 0.466699 -0.015756
v 0.016409 0.468411 -0.016154
v 0.017137 0.468982 -0.015039
v 0.018233 0.468411 -0.014283
v 0.018601 0.467270 -0.014641
v 0.034680 0.473314 -0.033735
v 0.035586 0.472798 -0.033025
v 0.034463 0.474346 -0.033523
v 0.035151 0.474862 -0.032601
v 0.036056 0.474346 -0.031890
v 0.036273 0.473314 -0.032102
v 0.052873 0.473453 -0.051549
v 0.053767 0.472901 -0.050750
v 0.052756 0.474556 -0.051435
v 0.053533 0.475108 -0.050522
v 0.054426 0.474556 -0.049722
v 0.054543 0.473453 -0.049836
v 0.063423 0.473378 -0.055769
v 0.063716 0.472928 -0.055121
v 0.063846 0.474010 -0.055915
v 0.064564 0.474193 -0.055412
v 0.064857 0.473743 -0.054763
v 0.064433 0.473111 -0.054617
v 0.000104 0.476138 -0.030989
v 0.023107 0.471007 -0.053326
v 0.007800 0.466506 -0.068524
v -0.015203 0.471636 -0.046187
v 0.060524 0.477472 -0.076946
v 0.051644 0.467961 -0.097686
v 0.021730 0.466858 -0.084571
v 0.030610 0.476369 -0.063832
v 0.050479 0.475277 -0.016324
v 0.038596 0.467050 -0.004786
v 0.054981 0.462386 0.011481
v 0.066863 0.470613 -0.000057
v 0.009725 0.481684 -0.024220
v -0.034136 0.501355 -0.042222
v -0.039598 0.512504 -0.022505
v 0.004263 0.492834 -0.004503
v -0.007582 0.496774 0.006986
v 0.032395 0.511196 0.039654
v 0.045098 0.514101 0.024200
v 0.005121 0.499679 -0.008468
v 0.079736 0.084618 -0.059915
v 0.051597 0.092618 -0.077747
v 0.052236 0.092991 -0.017333
v 0.193207 0.278533 0.129422
v 0.232448 0.287285 0.091317
v 0.105685 0.279148 0.124930
v 0.161065 0.277267 0.131071
v -0.002003 0.140722 0.006652
v -0.003235 0.142076 0.004234
v -0.003830 0.140931 0.001439
v -0.003192 0.138431 0.001061
v -0.001960 0.137077 0.003479
v -0.001365 0.138223 0.006274
v 0.060361 0.145972 -0.020130
v 0.061314 0.144734 -0.017909
v 0.060096 0.148259 -0.019896
v 0.060783 0.149310 -0.017440
v 0.061736 0.148072 -0.015219
v 0.062001 0.145785 -0.015453
v 0.111174 0.148491 -0.037662
v 0.111936 0.147303 -0.035492
v 0.111217 0.150687 -0.037541
v 0.112021 0.151697 -0.035251
v 0.112781 0.150509 -0.033080
v 0.112738 0.148312 -0.033201
v 0.159691 0.139149 -0.054938
v 0.160231 0.138112 -0.052986
v 0.159987 0.141066 -0.054923
v 0.160822 0.141946 -0.052956
v 0.161360 0.140909 -0.051004
v 0.161065 0.138992 -0.051019
v 0.204687 0.117553 -0.071553
v 0.204442 0.116768 -0.070181
v 0.205848 0.118554 -0.071516
v 0.206762 0.118770 -0.070107
v 0.206515 0.117986 -0.068733
v 0.205355 0.116985 -0.068770
v 0.086715 0.136241 -0.125951
v 0.028913 0.158926 -0.104431
v 0.063036 0.161822 -0.017490
v 0.120838 0.139138 -0.039010
v 0.128355 0.138386 -0.053178
v 0.160525 0.141488 -0.052541
v 0.159318 0.137734 -0.097165
v 0.127147 0.134632 -0.097802
v 0.033867 0.149523 -0.005732
v 0.046887 0.157217 0.032068
v 0.110846 0.155220 0.009667
v 0.097826 0.147526 -0.028133
v 0.136177 0.146681 -0.040794
v 0.147010 0.138724 -0.001739
v 0.179649 0.119493 -0.013264
v 0.168815 0.127451 -0.052320
v 0.188626 0.131366 -0.058944
v 0.213214 0.120135 -0.024283
v 0.237642 0.108617 -0.044822
v 0.213054 0.119848 -0.079484
v 0.064010 0.139047 0.081777
v 0.127969 0.137050 0.059377
v 0.118107 0.134310 0.008468
v 0.131545 0.111270 0.056912
v 0.160449 0.115684 0.046705
v 0.187285 0.121845 -0.002482
v 0.214076 0.109608 0.035284
v 0.240005 0.107898 0.013484
v 0.003205 0.193491 -0.010563
v 0.006534 0.194849 -0.010035
v 0.009193 0.193491 -0.007964
v 0.008523 0.190777 -0.006421
v 0.005195 0.189419 -0.006950
v 0.002535 0.190777 -0.009021
v -0.007891 0.204805 0.027636
v -0.011141 0.203379 0.026925
v -0.007380 0.207657 0.026459
v -0.010119 0.209083 0.024571
v -0.013368 0.207657 0.023860
v -0.013879 0.204805 0.025037
v -0.025154 0.215182 0.066245
v -0.027875 0.213915 0.065472
v -0.024857 0.217716 0.065560
v -0.027280 0.218984 0.064103
v -0.030000 0.217716 0.063328
v -0.030297 0.215182 0.064013
v -0.042883 0.215691 0.105794
v -0.045046 0.214634 0.105027
v -0.042759 0.217803 0.105507
v -0.044797 0.218859 0.104453
v -0.046959 0.217803 0.103684
v -0.047083 0.215691 0.103971
v -0.061062 0.205996 0.145249
v -0.061859 0.205303 0.144496
v -0.061581 0.206970 0.145705
v -0.062898 0.207252 0.145407
v -0.063694 0.206559 0.144652
v -0.063175 0.205585 0.144197
v -0.045115 0.206177 0.142172
v -0.040070 0.218574 0.096685
v -0.072372 0.223795 0.092821
v -0.077416 0.211654 0.138308
v -0.160042 0.194151 0.034444
v -0.165283 0.197743 0.081707
v -0.111271 0.217324 0.088168
v -0.106030 0.208335 0.040904
v -0.067131 0.214806 0.045557
v -0.034829 0.209329 0.049421
v -0.170327 0.190999 0.127194
v -0.116315 0.205183 0.133655
v -0.047950 0.204641 0.098631
v -0.025302 0.217037 0.058861
v -0.053432 0.222259 0.042520
v -0.076080 0.210118 0.082289
v -0.110810 0.192614 -0.045807
v -0.134342 0.196207 -0.004485
v -0.087307 0.215787 0.022840
v -0.063775 0.206798 -0.018482
v -0.029900 0.213269 0.001197
v -0.001770 0.207792 0.017539
v -0.156990 0.189462 0.035285
v -0.109955 0.203647 0.062610
v -0.012532 0.197491 0.121484
v -0.056868 0.209888 0.132836
v -0.049071 0.215109 0.164420
v -0.004735 0.202968 0.153068
v -0.072710 0.185465 0.267060
v -0.026643 0.189057 0.255265
v -0.039681 0.208638 0.202454
v -0.085748 0.199649 0.214249
v -0.095138 0.206120 0.176214
v -0.102935 0.200643 0.144631
v 0.017693 0.182313 0.243914
v 0.004655 0.196497 0.191103
v -0.008881 0.201537 0.005804
v -0.022797 0.213934 0.049403
v 0.008108 0.219155 0.059562
v 0.022024 0.207014 0.015963
v 0.082542 0.189511 0.134084
v 0.097002 0.193103 0.088782
v 0.045325 0.212684 0.071796
v 0.030865 0.203695 0.117097
v -0.006352 0.210166 0.104863
v -0.037257 0.204689 0.094705
v 0.110918 0.186359 0.045183
v 0.059242 0.200543 0.028197
v 0.030065 0.099742 0.016997
v 0.022505 0.082330 -0.096182
v 0.192444 0.110359 -0.142701
v 0.158067 0.123898 -0.143382
v 0.193696 0.124195 -0.096483
v 0.194903 0.127948 -0.051859
v 0.125896 0.120796 -0.144020
v 0.162697 0.133076 -0.037143
v 0.264433 0.096380 -0.007056
v 0.107273 0.142267 -0.030587
v 0.193087 0.096453 0.035180
v 0.149315 0.290679 0.076646
v 0.189933 0.281479 0.038531
v 0.194220 0.271718 -0.026496
v 0.171946 0.259320 -0.049827
v 0.224940 0.261912 0.005682
v -0.045593 0.387865 -0.090263
v -0.052365 0.392356 -0.115181
v -0.075179 0.391705 -0.135333
v -0.094255 0.389925 -0.130521
v -0.058955 0.384099 -0.139426
v -0.038562 0.392787 -0.068417
v -0.023086 0.394921 -0.089089
v -0.022574 0.388848 -0.118865
v -0.038405 0.383257 -0.130506
v -0.008527 0.384509 -0.108535
v -0.026483 0.397913 -0.037738
v -0.002036 0.399487 -0.053723
v 0.005746 0.393970 -0.079750
v -0.005100 0.388382 -0.096029
v 0.015463 0.389634 -0.065165
v 0.001926 0.107633 -0.000834
v -0.027166 0.097345 -0.019269
v -0.004995 0.090595 -0.053599
v 0.024097 0.100883 -0.035164
v 0.118595 0.300377 0.044468
v 0.096321 0.287979 0.021137
v 0.136939 0.278779 -0.016978
v 0.159213 0.291176 0.006354
v 0.170007 0.289596 0.056309
v 0.166431 0.292635 0.086212
v 0.111051 0.294517 0.080071
v 0.114627 0.291477 0.050168
v 0.138890 0.284082 0.075492
v 0.178131 0.292834 0.037387
v 0.196666 0.298917 0.055790
v 0.157425 0.290165 0.093895
v 0.139522 0.286740 -0.037880
v 0.111533 0.299178 0.032020
v 0.059630 0.297296 0.011755
v 0.087618 0.284858 -0.058146
v -0.030859 0.376534 0.037743
v -0.023665 0.366635 0.077705
v -0.073692 0.358527 0.085771
v -0.080886 0.368427 0.045809
v -0.106272 0.359085 0.093918
v -0.156886 0.360828 0.083779
v -0.149319 0.375102 0.047625
v -0.098705 0.373359 0.057764
v -0.051808 0.356405 -0.063096
v -0.028708 0.349539 -0.066820
v -0.016145 0.354781 0.002969
v -0.039245 0.361646 0.006693
v -0.132989 0.359085 -0.049622
v -0.081960 0.360828 -0.057405
v -0.075854 0.374155 -0.014921
v -0.126883 0.372412 -0.007138
v -0.196070 0.351951 -0.027888
v -0.150780 0.353694 -0.052655
v -0.132540 0.365740 -0.018607
v -0.177829 0.363997 0.006160
v -0.173911 0.368873 0.053570
v -0.211725 0.361232 0.059781
v -0.219024 0.353124 0.009637
v -0.181209 0.360765 0.003426
v -0.066831 0.444639 0.105878
v -0.082466 0.452917 0.058263
v -0.047332 0.451664 0.046390
v -0.031696 0.443386 0.094005
v -0.041177 0.439104 -0.033872
v -0.008290 0.442869 0.005039
v -0.036520 0.448695 0.028028
v -0.069407 0.444929 -0.010882
v -0.070929 0.444639 -0.008884
v -0.039951 0.452917 0.030512
v -0.068906 0.451664 0.053686
v -0.099884 0.443386 0.014291
v -0.112044 0.439513 0.018794
v -0.069460 0.447792 0.045219
v -0.088742 0.446539 0.076899
v -0.131326 0.438261 0.050474
v -0.138422 0.439104 0.071723
v -0.090610 0.442869 0.054127
v -0.078662 0.448695 0.088517
v -0.126474 0.444929 0.106113
v -0.075256 0.392801 -0.016308
v -0.033628 0.396567 -0.045679
v -0.013186 0.402392 -0.015553
v -0.054814 0.398626 0.013818
v -0.099220 0.394454 -0.071085
v -0.050423 0.402732 -0.082511
v -0.041657 0.401480 -0.046475
v -0.090454 0.393201 -0.035049
v 0.037762 0.388919 -0.033349
v -0.003866 0.392685 -0.003978
v -0.024308 0.398510 -0.034104
v 0.017321 0.394744 -0.063475
v -0.036200 0.402140 -0.052324
v -0.047045 0.396552 -0.068603
v -0.022599 0.398126 -0.084588
v -0.011753 0.403715 -0.068309
v -0.052610 0.397018 -0.078746
v -0.068441 0.391426 -0.090387
v -0.052964 0.393560 -0.111059
v -0.037134 0.399151 -0.099418
v -0.080894 0.393582 -0.081358
v -0.087666 0.398073 -0.106275
v -0.068589 0.399853 -0.111088
v -0.061817 0.395362 -0.086170
v 0.035973 0.391688 0.011109
v 0.055903 0.389885 -0.002953
v 0.076345 0.384060 0.027173
v 0.056415 0.385863 0.041236
v 0.091543 0.372257 0.045914
v 0.100309 0.373509 0.081950
v 0.075670 0.389893 0.087719
v 0.066903 0.388640 0.051684
v 0.006189 0.384460 0.106895
v -0.014374 0.385713 0.076030
v 0.006223 0.395441 0.062563
v 0.026785 0.394189 0.093428
v 0.025508 0.379921 0.131087
v 0.009615 0.376313 0.119401
v 0.039651 0.384591 0.079282
v 0.055544 0.388200 0.090968
v 0.089516 0.393604 0.119941
v 0.095344 0.386003 0.141386
v 0.060043 0.380178 0.150292
v 0.054215 0.387779 0.128846
v 0.000210 0.476040 -0.030884
v -0.015203 0.471527 -0.046187
v 0.007800 0.466397 -0.068524
v 0.023213 0.470910 -0.053221
v 0.021730 0.466750 -0.084571
v 0.051644 0.467853 -0.097686
v 0.060531 0.477366 -0.076930
v 0.030617 0.476263 -0.063816
v 0.050228 0.475075 -0.016120
v 0.066871 0.470506 -0.000064
v 0.054981 0.462277 0.011481
v 0.038338 0.466846 -0.004575
v -0.039495 0.512179 -0.022878
v -0.034136 0.501246 -0.042222
v 0.009725 0.481576 -0.024220
v 0.004366 0.492508 -0.004876
v 0.045248 0.513991 0.024018
v 0.032395 0.511087 0.039654
v -0.007582 0.496666 0.006986
v 0.005271 0.499569 -0.008650
v 0.079736 0.084510 -0.059915
v 0.052236 0.092883 -0.017333
v 0.051597 0.092510 -0.077747
v 0.232448 0.287176 0.091317
v 0.193207 0.278424 0.129422
v 0.105685 0.279040 0.124930
v 0.161065 0.277158 0.131071
v 0.086715 0.136133 -0.125951
v 0.120838 0.139030 -0.039010
v 0.063036 0.161714 -0.017490
v 0.028913 0.158817 -0.104431
v 0.128355 0.138278 -0.053178
v 0.127147 0.134524 -0.097802
v 0.159318 0.137626 -0.097165
v 0.160525 0.141379 -0.052541
v 0.033867 0.149415 -0.005732
v 0.097826 0.147418 -0.028133
v 0.110846 0.155112 0.009667
v 0.046887 0.157109 0.032068
v 0.136177 0.146573 -0.040794
v 0.168815 0.127342 -0.052320
v 0.179649 0.119385 -0.013264
v 0.147010 0.138616 -0.001739
v 0.188626 0.131258 -0.058944
v 0.213054 0.119739 -0.079484
v 0.237642 0.108509 -0.044822
v 0.213214 0.120027 -0.024283
v 0.127969 0.136941 0.059377
v 0.064010 0.138938 0.081777
v 0.118107 0.134201 0.008468
v 0.160449 0.115576 0.046705
v 0.131545 0.111161 0.056912
v 0.187285 0.121737 -0.002482
v 0.240005 0.107790 0.013484
v 0.214076 0.109500 0.035284
v -0.045115 0.206069 0.142172
v -0.077416 0.211546 0.138308
v -0.072372 0.223687 0.092821
v -0.040070 0.218465 0.096685
v -0.160042 0.194042 0.034444
v -0.106030 0.208226 0.040904
v -0.111271 0.217216 0.088168
v -0.165283 0.197635 0.081707
v -0.067131 0.214698 0.045557
v -0.034829 0.209221 0.049421
v -0.116315 0.205075 0.133655
v -0.170327 0.190891 0.127194
v -0.047950 0.204532 0.098631
v -0.076080 0.210009 0.082289
v -0.053432 0.222150 0.042520
v -0.025302 0.216929 0.058861
v -0.110810 0.192506 -0.045807
v -0.063775 0.206690 -0.018482
v -0.087307 0.215679 0.022840
v -0.134342 0.196098 -0.004485
v -0.029900 0.213161 0.001197
v -0.001770 0.207684 0.017539
v -0.109955 0.203538 0.062610
v -0.156990 0.189354 0.035285
v -0.012532 0.197383 0.121485
v -0.004735 0.202860 0.153068
v -0.049071 0.215001 0.164420
v -0.056868 0.209779 0.132836
v -0.072710 0.185356 0.267060
v -0.085748 0.199540 0.214249
v -0.039681 0.208530 0.202454
v -0.026643 0.188949 0.255265
v -0.095138 0.206012 0.176214
v -0.102935 0.200534 0.144631
v 0.004655 0.196389 0.191103
v 0.017693 0.182205 0.243914
v -0.008881 0.201429 0.005804
v 0.022024 0.206906 0.015963
v 0.008108 0.219047 0.059562
v -0.022797 0.213825 0.049403
v 0.082542 0.189402 0.134084
v 0.030865 0.203586 0.117097
v 0.045325 0.212576 0.071796
v 0.097002 0.192995 0.088782
v -0.006352 0.210058 0.104863
v -0.037257 0.204580 0.094705
v 0.059242 0.200435 0.028197
v 0.110918 0.186251 0.045183
v 0.030065 0.099634 0.016997
v 0.022505 0.082222 -0.096181
v 0.192444 0.110250 -0.142701
v 0.193696 0.124087 -0.096483
v 0.158067 0.123789 -0.143382
v 0.194903 0.127840 -0.051859
v 0.125896 0.120688 -0.144020
v 0.162697 0.132967 -0.037143
v 0.264433 0.096272 -0.007056
v 0.107273 0.142158 -0.030587
v 0.193087 0.096345 0.035180
v 0.149315 0.290571 0.076646
v 0.189933 0.281370 0.038531
v 0.194220 0.271609 -0.026496
v 0.171946 0.259212 -0.049827
v 0.224940 0.261804 0.005682
v -0.052365 0.392247 -0.115181
v -0.045593 0.387757 -0.090263
v -0.075179 0.391596 -0.135333
v -0.094255 0.389816 -0.130521
v -0.058955 0.383991 -0.139426
v -0.038562 0.392679 -0.068417
v -0.023086 0.394813 -0.089089
v -0.022574 0.388740 -0.118865
v -0.038405 0.383148 -0.130506
v -0.008527 0.384401 -0.108535
v -0.026483 0.397804 -0.037738
v -0.002036 0.399379 -0.053723
v 0.005746 0.393862 -0.079750
v -0.005100 0.388274 -0.096029
v 0.015463 0.389526 -0.065165
v -0.068906 0.451773 0.053686
v -0.039951 0.453025 0.030512
v -0.069407 0.445037 -0.010882
v -0.036520 0.448803 0.028028
v -0.088742 0.446647 0.076899
v -0.069460 0.447900 0.045219
v -0.078662 0.448803 0.088517
v -0.090610 0.442978 0.054127
v -0.036229 0.371985 0.007917
v -0.086255 0.363877 0.015982
v -0.091982 0.370715 0.025642
v -0.142596 0.372458 0.015503
v -0.141752 0.366582 0.048288
v -0.149051 0.358474 -0.001856
v -0.163130 0.363581 0.033599
v -0.117840 0.365325 0.008832
v -0.123065 0.370715 0.019423
v -0.072036 0.372458 0.011640
v -0.078735 0.357756 -0.058754
v -0.066172 0.362997 0.011034
v -0.066172 0.362889 0.011034
v -0.078735 0.357647 -0.058754
v -0.072036 0.372350 0.011640
v -0.123065 0.370607 0.019423
v -0.117840 0.365216 0.008832
v -0.163130 0.363473 0.033599
v -0.141752 0.366473 0.048288
v -0.149051 0.358365 -0.001856
v -0.142596 0.372350 0.015503
v -0.091982 0.370607 0.025642
v -0.036229 0.371876 0.007917
v -0.086255 0.363769 0.015982
v -0.044204 0.508355 -0.005880
v -0.000343 0.488684 0.012122
v 0.057572 0.510931 0.009025
v 0.017595 0.496509 -0.023643
v 0.017595 0.496401 -0.023643
v 0.057572 0.510822 0.009025
v -0.044204 0.508246 -0.005880
v -0.000343 0.488576 0.012122
v 0.016638 0.474952 -0.014573
v 0.039641 0.469822 -0.036911
v 0.016638 0.474844 -0.014573
v 0.039641 0.469714 -0.036911
v 0.069017 0.475144 -0.057110
v 0.039103 0.474041 -0.043996
v 0.039103 0.474149 -0.043996
v 0.069017 0.475252 -0.057110
v 0.061600 0.472180 -0.027123
v 0.046143 0.470832 -0.042469
v 0.035022 0.473930 -0.031670
v 0.077984 0.467516 -0.010856
v 0.023140 0.465702 -0.020132
v 0.035030 0.473823 -0.031678
v 0.046143 0.470724 -0.042469
v 0.061341 0.471976 -0.026912
v 0.023140 0.465594 -0.020132
v 0.077984 0.467407 -0.010856
v 0.014275 0.393759 0.026418
v 0.034717 0.387934 0.056544
v 0.042746 0.392847 0.057340
v 0.051512 0.394099 0.093376
v 0.048134 0.392847 0.079468
v 0.027572 0.394099 0.048604
v 0.014275 0.393651 0.026418
v 0.034717 0.387826 0.056544
v 0.051512 0.393991 0.093376
v 0.042746 0.392738 0.057340
v 0.069530 0.383339 0.101252
v 0.039494 0.375061 0.141371
v 0.039494 0.375169 0.141371
v 0.069530 0.383447 0.101252
v 0.081982 0.389877 0.092223
v 0.046682 0.384052 0.101128
v 0.081982 0.389769 0.092223
v 0.046682 0.383944 0.101128
v 0.027572 0.393991 0.048604
v 0.048134 0.392738 0.079468
v 0.014966 0.286849 0.061115
v 0.056576 0.284967 0.098173
v 0.107136 0.297404 0.042378
v 0.065526 0.299286 0.005320
v 0.014966 0.286740 0.061115
v 0.065526 0.299178 0.005320
v 0.107136 0.297296 0.042378
v 0.056576 0.284858 0.098173
v 0.098997 0.285945 0.023631
v 0.105325 0.271413 0.020416
v 0.104274 0.271130 0.021748
v 0.098160 0.285488 0.024226
v 0.104830 0.272863 0.023254
v 0.098827 0.284576 0.025545
v 0.105652 0.271783 0.022734
v 0.100847 0.285684 0.024108
v 0.099940 0.284656 0.025497
v 0.106726 0.272143 0.021321
v 0.100179 0.296734 0.032860
v 0.101571 0.296288 0.033499
v 0.101589 0.297721 0.033117
v 0.105838 0.247134 0.027568
v 0.109590 0.247009 0.023748
v 0.111610 0.251539 0.028165
v 0.107048 0.250727 0.030632
v 0.110093 0.252483 0.034802
v 0.115586 0.254370 0.033888
v 0.111433 0.251791 0.028096
v 0.106872 0.250980 0.030563
v 0.118234 0.258298 0.036720
v 0.115762 0.254117 0.033957
v 0.119754 0.257789 0.030222
v 0.121306 0.261502 0.033625
v 0.126566 0.262850 0.030667
v 0.126088 0.259681 0.026516
v 0.119577 0.258041 0.030153
v 0.121130 0.261755 0.033556
v 0.128692 0.261703 0.022511
v 0.126264 0.259428 0.026585
v 0.122112 0.256850 0.020793
v 0.125227 0.259914 0.017846
v 0.123629 0.256323 0.014341
v 0.119916 0.252572 0.016307
v 0.121935 0.257102 0.020724
v 0.125051 0.260166 0.017776
v 0.115965 0.250245 0.013127
v 0.120092 0.252320 0.016376
v 0.113582 0.250680 0.020013
v 0.110620 0.249193 0.015939
v 0.107450 0.246277 0.018899
v 0.109414 0.247261 0.023679
v 0.113405 0.250933 0.019944
v 0.110444 0.249445 0.015870
v 0.094226 0.250954 0.036167
v 0.094049 0.251206 0.036098
v 0.123730 0.272976 0.041355
v 0.123554 0.273228 0.041286
v 0.131453 0.269780 0.010035
v 0.131276 0.270033 0.009966
v 0.101851 0.247779 0.005168
v 0.101675 0.248031 0.005098
v 0.127842 0.238083 0.028693
v 0.128447 0.238386 0.028270
v 0.128752 0.238741 0.028776
v 0.128149 0.238435 0.029200
v 0.111823 0.251215 0.023868
v 0.112671 0.254395 0.026347
v 0.115477 0.255424 0.029912
v 0.117492 0.258096 0.027564
v 0.121695 0.258568 0.025548
v 0.118889 0.257540 0.021982
v 0.118041 0.254360 0.019504
v 0.113838 0.253887 0.021520
v 0.115721 0.254995 0.030357
v 0.112795 0.253830 0.026593
v 0.111843 0.250530 0.023943
v 0.114034 0.253290 0.021472
v 0.118441 0.253866 0.019312
v 0.119393 0.257166 0.021962
v 0.122318 0.258332 0.025726
v 0.117911 0.257756 0.027886
v 0.129105 0.239144 0.029359
v 0.128500 0.238841 0.029781
v 0.127985 0.238578 0.030145
v 0.127632 0.238174 0.029562
v 0.127327 0.237820 0.029056
v 0.126742 0.262597 0.030736
v 0.118058 0.258550 0.036651
v 0.107627 0.246024 0.018968
v 0.115789 0.250497 0.013058
v 0.110270 0.252230 0.034872
v 0.105662 0.247386 0.027499
v 0.123806 0.256071 0.014410
v 0.128516 0.261956 0.022442
v 0.103111 0.246408 0.026484
v 0.106712 0.252669 0.030636
v 0.107422 0.253150 0.022359
v 0.103261 0.247989 0.022136
v 0.116537 0.259039 0.038302
v 0.120734 0.262992 0.032579
v 0.112173 0.258874 0.031137
v 0.112109 0.258222 0.036922
v 0.129564 0.264168 0.022918
v 0.123946 0.261192 0.017837
v 0.121444 0.263473 0.024303
v 0.127545 0.265863 0.025549
v 0.115342 0.250929 0.010975
v 0.109924 0.250870 0.015893
v 0.115385 0.257074 0.016394
v 0.117690 0.255098 0.011389
v 0.096130 0.230563 0.022872
v 0.115126 0.251963 0.052556
v 0.145834 0.267154 0.029762
v 0.126510 0.245584 0.000297
v 0.110958 0.255020 0.018837
v 0.109066 0.256958 0.022504
v 0.109056 0.256086 0.027565
v 0.111879 0.260347 0.027700
v 0.117358 0.262197 0.028716
v 0.117367 0.263070 0.023654
v 0.119260 0.261132 0.019987
v 0.113780 0.259282 0.018972
v 0.110278 0.254917 0.036475
v 0.122562 0.256805 0.012729
v 0.105261 0.246695 0.019193
v 0.127384 0.264705 0.029399
v 0.103381 0.246021 0.026590
v 0.103531 0.247602 0.022242
v 0.107692 0.252763 0.022465
v 0.106982 0.252283 0.030742
v 0.116807 0.258652 0.038408
v 0.112379 0.257835 0.037028
v 0.112443 0.258487 0.031243
v 0.121004 0.262605 0.032685
v 0.129818 0.263789 0.023087
v 0.127814 0.265476 0.025657
v 0.121714 0.263086 0.024409
v 0.124216 0.260806 0.017943
v 0.115612 0.250542 0.011081
v 0.117960 0.254711 0.011495
v 0.115655 0.256687 0.016500
v 0.110194 0.250483 0.015999
v 0.096400 0.230176 0.022978
v 0.115396 0.251577 0.052662
v 0.146104 0.266767 0.029868
v 0.126780 0.245197 0.000403
v 0.111228 0.254633 0.018943
v 0.109336 0.256572 0.022610
v 0.109326 0.255699 0.027671
v 0.112148 0.259961 0.027806
v 0.117628 0.261811 0.028822
v 0.117637 0.262683 0.023760
v 0.119529 0.260745 0.020093
v 0.114050 0.258895 0.019078
v 0.110547 0.254530 0.036581
v 0.122832 0.256419 0.012835
v 0.105530 0.246309 0.019299
v 0.127671 0.264310 0.029438
v 0.050048 0.282321 0.001855
v 0.058953 0.272132 -0.001799
v 0.058670 0.272845 -0.003077
v 0.050222 0.282810 0.001030
v 0.056630 0.273017 -0.003077
v 0.049863 0.281943 -0.000146
v 0.057353 0.271984 -0.003078
v 0.049441 0.280763 0.001846
v 0.049540 0.281095 0.000191
v 0.057628 0.271282 -0.001701
v 0.038045 0.285182 0.001414
v 0.037585 0.283918 0.001096
v 0.036921 0.284424 0.002074
v 0.069599 0.262916 -0.018626
v 0.070781 0.259951 -0.015256
v 0.065028 0.259946 -0.015439
v 0.065385 0.263225 -0.018572
v 0.061178 0.261415 -0.019741
v 0.059053 0.257774 -0.016880
v 0.064961 0.260177 -0.015308
v 0.065318 0.263456 -0.018441
v 0.054376 0.257073 -0.016162
v 0.059120 0.257544 -0.017011
v 0.057883 0.255756 -0.011734
v 0.053316 0.255836 -0.011764
v 0.052717 0.252203 -0.007869
v 0.057078 0.251481 -0.006813
v 0.057816 0.255987 -0.011603
v 0.053249 0.256066 -0.011633
v 0.057368 0.250196 -0.002514
v 0.057145 0.251250 -0.006944
v 0.063053 0.253652 -0.005372
v 0.061985 0.252329 -0.001133
v 0.066546 0.252330 -0.000984
v 0.068738 0.253888 -0.005058
v 0.062986 0.253883 -0.005241
v 0.061918 0.252560 -0.001002
v 0.072988 0.256196 -0.005050
v 0.068806 0.253657 -0.005189
v 0.069544 0.258163 -0.009979
v 0.073513 0.260003 -0.008719
v 0.074498 0.261422 -0.012906
v 0.070714 0.260182 -0.015125
v 0.069477 0.258394 -0.009848
v 0.073445 0.260233 -0.008588
v 0.065643 0.273360 -0.025188
v 0.065576 0.273590 -0.025057
v 0.041393 0.257979 -0.010569
v 0.041326 0.258209 -0.010438
v 0.058641 0.251051 0.010497
v 0.058574 0.251282 0.010628
v 0.082728 0.266512 -0.004348
v 0.082660 0.266743 -0.004217
v 0.068520 0.242300 -0.018689
v 0.068407 0.241937 -0.018111
v 0.067828 0.241819 -0.018197
v 0.067942 0.242181 -0.018776
v 0.067554 0.259704 -0.012693
v 0.064015 0.260156 -0.012543
v 0.060650 0.258279 -0.013732
v 0.059785 0.257675 -0.010349
v 0.059480 0.254553 -0.007771
v 0.062845 0.256430 -0.006583
v 0.066384 0.255978 -0.006733
v 0.066689 0.259101 -0.009310
v 0.060597 0.257928 -0.014185
v 0.064188 0.259852 -0.012962
v 0.067923 0.259441 -0.013082
v 0.067025 0.258732 -0.009531
v 0.066682 0.255487 -0.006757
v 0.062947 0.255898 -0.006637
v 0.059356 0.253974 -0.007860
v 0.059699 0.257220 -0.010634
v 0.067164 0.241680 -0.018298
v 0.067277 0.242044 -0.018876
v 0.067375 0.242351 -0.019372
v 0.068039 0.242490 -0.019271
v 0.068618 0.242608 -0.019185
v 0.052784 0.251973 -0.008000
v 0.054309 0.257303 -0.016031
v 0.074566 0.261192 -0.013037
v 0.072921 0.256426 -0.004920
v 0.061245 0.261185 -0.019872
v 0.069531 0.263146 -0.018495
v 0.066614 0.252100 -0.001115
v 0.057301 0.250426 -0.002383
v 0.071380 0.264815 -0.018917
v 0.064294 0.264189 -0.017679
v 0.068407 0.263885 -0.011763
v 0.072793 0.265309 -0.015195
v 0.053506 0.258662 -0.017246
v 0.053146 0.256833 -0.010456
v 0.058767 0.262113 -0.013599
v 0.055967 0.261872 -0.017790
v 0.055408 0.250391 -0.001340
v 0.061559 0.253799 -0.000789
v 0.057259 0.256528 -0.004540
v 0.053463 0.252567 -0.002719
v 0.073937 0.256955 -0.003423
v 0.072707 0.261155 -0.008012
v 0.067180 0.259079 -0.003932
v 0.070538 0.256601 -0.001047
v 0.084905 0.264649 -0.026130
v 0.050271 0.257086 -0.030615
v 0.045389 0.238573 -0.000526
v 0.080094 0.246332 0.003651
v 0.068270 0.261806 -0.007641
v 0.065567 0.263959 -0.009556
v 0.063289 0.263602 -0.013364
v 0.059860 0.262910 -0.010643
v 0.056689 0.259247 -0.009087
v 0.058967 0.259604 -0.005280
v 0.061670 0.257450 -0.003364
v 0.064841 0.261114 -0.004920
v 0.058720 0.262130 -0.019587
v 0.067437 0.253361 0.000077
v 0.074673 0.263296 -0.013411
v 0.052072 0.252239 -0.005900
v 0.071483 0.264462 -0.019117
v 0.072896 0.264956 -0.015396
v 0.068510 0.263531 -0.011964
v 0.064397 0.263836 -0.017879
v 0.053609 0.258309 -0.017446
v 0.056070 0.261519 -0.017990
v 0.058870 0.261760 -0.013800
v 0.053249 0.256480 -0.010656
v 0.055476 0.250053 -0.001582
v 0.053565 0.252215 -0.002921
v 0.057362 0.256175 -0.004741
v 0.061662 0.253446 -0.000990
v 0.074040 0.256602 -0.003623
v 0.070641 0.256248 -0.001248
v 0.067283 0.258726 -0.004133
v 0.072810 0.260802 -0.008213
v 0.085008 0.264296 -0.026330
v 0.050374 0.256733 -0.030816
v 0.045492 0.238220 -0.000727
v 0.080197 0.245979 0.003450
v 0.068373 0.261453 -0.007841
v 0.065670 0.263606 -0.009757
v 0.063392 0.263249 -0.013564
v 0.059963 0.262557 -0.010844
v 0.056792 0.258894 -0.009288
v 0.059070 0.259251 -0.005480
v 0.061773 0.257097 -0.003565
v 0.064944 0.260761 -0.005120
v 0.058823 0.261777 -0.019788
v 0.067540 0.253008 -0.000124
v 0.074777 0.262943 -0.013612
v 0.052212 0.251870 -0.006056
v 0.036250 0.272892 0.003634
v 0.034289 0.260775 0.012975
v 0.034497 0.260109 0.011490
v 0.036674 0.272274 0.002867
v 0.033114 0.261316 0.010184
v 0.035572 0.271119 0.002426
v 0.032826 0.260507 0.011273
v 0.034550 0.272613 0.004277
v 0.034692 0.271258 0.003010
v 0.032632 0.261267 0.012812
v 0.029547 0.280335 -0.005546
v 0.028154 0.279822 -0.005214
v 0.028181 0.281236 -0.005273
v 0.032836 0.236691 0.013863
v 0.031743 0.237781 0.018732
v 0.027431 0.240834 0.015238
v 0.029952 0.239212 0.011228
v 0.025228 0.239844 0.009143
v 0.021068 0.242077 0.012167
v 0.027581 0.241074 0.015138
v 0.030102 0.239452 0.011128
v 0.017107 0.245035 0.010359
v 0.020918 0.241836 0.012268
v 0.019192 0.246385 0.016239
v 0.015849 0.248941 0.013489
v 0.012956 0.251218 0.018096
v 0.015752 0.249412 0.021829
v 0.019342 0.246626 0.016139
v 0.015999 0.249182 0.013389
v 0.015450 0.252459 0.025715
v 0.015601 0.249171 0.021929
v 0.022114 0.248168 0.024900
v 0.020762 0.251908 0.027974
v 0.024180 0.249489 0.030748
v 0.026576 0.245356 0.028293
v 0.022265 0.248409 0.024799
v 0.020912 0.252149 0.027874
v 0.031592 0.243892 0.029302
v 0.026426 0.245115 0.028393
v 0.030017 0.242329 0.022703
v 0.034596 0.241920 0.024690
v 0.035970 0.238309 0.021540
v 0.031893 0.238022 0.018631
v 0.030167 0.242570 0.022603
v 0.034746 0.242161 0.024589
v 0.037476 0.237320 0.000399
v 0.037626 0.237561 0.000299
v 0.008825 0.257471 0.005917
v 0.008975 0.257712 0.005817
v 0.018630 0.263319 0.034647
v 0.018780 0.263560 0.034547
v 0.047196 0.243095 0.028830
v 0.047346 0.243336 0.028730
v 0.015511 0.229172 0.026486
v 0.015204 0.229591 0.027042
v 0.014668 0.229794 0.026720
v 0.014974 0.229373 0.026165
v 0.029445 0.241700 0.018719
v 0.027189 0.243983 0.016453
v 0.023036 0.244101 0.014892
v 0.022311 0.247270 0.017046
v 0.019889 0.248444 0.020613
v 0.024041 0.248326 0.022173
v 0.026298 0.246043 0.024440
v 0.028720 0.244869 0.020873
v 0.022663 0.243602 0.014784
v 0.027024 0.243406 0.016469
v 0.029463 0.241054 0.018844
v 0.028649 0.244345 0.021159
v 0.026123 0.245662 0.024914
v 0.023684 0.248013 0.022539
v 0.019323 0.248210 0.020853
v 0.021848 0.246893 0.017098
v 0.014050 0.230024 0.026352
v 0.014356 0.229604 0.025797
v 0.014617 0.229242 0.025322
v 0.015235 0.229012 0.025690
v 0.015771 0.228809 0.026011
v 0.012806 0.250977 0.018196
v 0.017257 0.245276 0.010259
v 0.035820 0.238069 0.021641
v 0.031743 0.244133 0.029201
v 0.025078 0.239603 0.009244
v 0.032987 0.236932 0.013763
v 0.024030 0.249249 0.030848
v 0.015600 0.252700 0.025615
v 0.035650 0.236188 0.013487
v 0.030017 0.240970 0.010566
v 0.033540 0.243662 0.017147
v 0.037542 0.238805 0.016496
v 0.017603 0.245207 0.008096
v 0.016677 0.250556 0.013624
v 0.024721 0.246768 0.011404
v 0.021944 0.244618 0.007104
v 0.014286 0.254644 0.025228
v 0.021664 0.253018 0.027007
v 0.020201 0.253248 0.020205
v 0.014416 0.255391 0.021757
v 0.033101 0.245064 0.030461
v 0.035004 0.243432 0.023948
v 0.029708 0.249230 0.024786
v 0.030567 0.248876 0.030291
v 0.044736 0.222339 0.016682
v 0.012341 0.234851 -0.001762
v -0.002549 0.256318 0.027522
v 0.030019 0.243577 0.045674
v 0.032263 0.246485 0.021177
v 0.031746 0.247183 0.016916
v 0.029310 0.245028 0.013253
v 0.026525 0.249022 0.013516
v 0.021413 0.250703 0.015064
v 0.023849 0.252859 0.018727
v 0.024365 0.252161 0.022987
v 0.029478 0.250480 0.021439
v 0.023988 0.241629 0.007344
v 0.025795 0.250311 0.031317
v 0.037542 0.238508 0.020095
v 0.012738 0.253293 0.019017
v 0.035420 0.235819 0.013640
v 0.037312 0.238436 0.016649
v 0.033310 0.243293 0.017301
v 0.029787 0.240601 0.010720
v 0.017374 0.244838 0.008250
v 0.021714 0.244249 0.007257
v 0.024491 0.246399 0.011558
v 0.016447 0.250187 0.013778
v 0.014037 0.254265 0.025323
v 0.014185 0.255022 0.021909
v 0.019971 0.252879 0.020359
v 0.021434 0.252649 0.027160
v 0.032871 0.244695 0.030615
v 0.030337 0.248507 0.030445
v 0.029478 0.248861 0.024940
v 0.034774 0.243063 0.024102
v 0.044507 0.221970 0.016835
v 0.012111 0.234482 -0.001609
v -0.002779 0.255950 0.027675
v 0.029789 0.243209 0.045828
v 0.032033 0.246117 0.021330
v 0.031517 0.246814 0.017070
v 0.029081 0.244659 0.013407
v 0.026295 0.248653 0.013669
v 0.021183 0.250334 0.015217
v 0.023619 0.252490 0.018880
v 0.024135 0.251792 0.023141
v 0.029248 0.250111 0.021592
v 0.023758 0.241260 0.007498
v 0.025566 0.249942 0.031471
v 0.037312 0.238139 0.020248
v 0.012529 0.252935 0.019233
v -0.004306 0.188648 0.011640
v -0.004378 0.171900 0.018121
v -0.006226 0.172316 0.017879
v -0.005479 0.188535 0.011229
v -0.006456 0.174691 0.018969
v -0.006640 0.188142 0.012718
v -0.006025 0.173285 0.019636
v -0.003805 0.188417 0.013709
v -0.005946 0.188093 0.013746
v -0.004060 0.172908 0.019844
v -0.006869 0.203587 0.016167
v -0.006841 0.203288 0.017912
v -0.005879 0.204562 0.017508
v -0.020814 0.150539 0.026105
v -0.015514 0.148327 0.027646
v -0.016212 0.154695 0.031299
v -0.021209 0.155431 0.028389
v -0.022337 0.158784 0.033304
v -0.017689 0.159743 0.037787
v -0.016140 0.154936 0.031055
v -0.021137 0.155672 0.028145
v -0.016941 0.164727 0.041273
v -0.017761 0.159502 0.038031
v -0.010745 0.161140 0.039282
v -0.011187 0.166272 0.042060
v -0.005150 0.165788 0.045293
v -0.003234 0.160765 0.043057
v -0.010673 0.161381 0.039038
v -0.011116 0.166513 0.041816
v 0.002527 0.160751 0.043079
v -0.003306 0.160524 0.043301
v -0.001757 0.155717 0.036569
v 0.003833 0.157181 0.037499
v 0.004391 0.152132 0.034604
v -0.000987 0.149590 0.032672
v -0.001685 0.155958 0.036325
v 0.003904 0.157422 0.037255
v -0.001460 0.146193 0.027512
v -0.001059 0.149349 0.032916
v -0.008499 0.149965 0.028897
v -0.007290 0.146917 0.024074
v -0.012856 0.145613 0.023078
v -0.015442 0.148568 0.027402
v -0.008427 0.150206 0.028653
v -0.007218 0.147159 0.023830
v -0.032957 0.159404 0.019076
v -0.032885 0.159645 0.018832
v -0.011479 0.181108 0.046862
v -0.011407 0.181349 0.046618
v 0.018282 0.163026 0.037758
v 0.018354 0.163267 0.037514
v -0.003516 0.141496 0.010050
v -0.003444 0.141737 0.009806
v -0.013545 0.139752 0.049134
v -0.012715 0.139809 0.049438
v -0.012826 0.140365 0.049952
v -0.013656 0.140307 0.049649
v -0.012548 0.152413 0.029223
v -0.012819 0.156659 0.030904
v -0.013878 0.159029 0.035371
v -0.009582 0.160475 0.035630
v -0.005319 0.159634 0.038491
v -0.004261 0.157264 0.034024
v -0.003989 0.153018 0.032343
v -0.008252 0.153859 0.029482
v -0.014311 0.158772 0.035909
v -0.013209 0.156186 0.031241
v -0.012900 0.151752 0.029384
v -0.008363 0.153215 0.029732
v -0.003818 0.152394 0.032695
v -0.004127 0.156828 0.034552
v -0.005230 0.159415 0.039220
v -0.009774 0.160235 0.036256
v -0.012955 0.141001 0.050546
v -0.013784 0.140944 0.050241
v -0.014496 0.140892 0.049984
v -0.014367 0.140257 0.049390
v -0.014256 0.139700 0.048876
v -0.005222 0.165547 0.045537
v -0.016869 0.164969 0.041029
v -0.012928 0.145372 0.023321
v -0.001388 0.146434 0.027268
v -0.022408 0.158543 0.033548
v -0.020743 0.150780 0.025861
v 0.004319 0.151891 0.034848
v 0.002598 0.160992 0.042835
v -0.021710 0.149584 0.023014
v -0.020550 0.157428 0.027780
v -0.012845 0.154118 0.023902
v -0.017207 0.149210 0.020565
v -0.018916 0.166354 0.040394
v -0.009957 0.167363 0.040724
v -0.015253 0.163388 0.032357
v -0.020537 0.165340 0.035528
v 0.003735 0.163339 0.043768
v 0.003688 0.158594 0.036077
v -0.002252 0.164053 0.036846
v 0.001097 0.166433 0.043007
v 0.000341 0.145976 0.025646
v -0.006905 0.148659 0.023133
v -0.001608 0.154620 0.027710
v 0.003102 0.150145 0.027499
v -0.029381 0.132631 0.016732
v -0.035013 0.165760 0.047823
v 0.008168 0.167848 0.062613
v 0.013357 0.134678 0.031351
v -0.007050 0.154076 0.025100
v -0.010399 0.157870 0.024987
v -0.015129 0.159268 0.027852
v -0.011825 0.163359 0.029993
v -0.008857 0.165150 0.035515
v -0.004127 0.163753 0.032650
v -0.000778 0.159959 0.032764
v -0.003746 0.158167 0.027242
v -0.022609 0.161979 0.034024
v 0.005393 0.151998 0.032636
v -0.014137 0.146382 0.021077
v -0.002801 0.167012 0.045113
v -0.021820 0.149215 0.023387
v -0.017317 0.148840 0.020939
v -0.012955 0.153748 0.024276
v -0.020660 0.157058 0.028154
v -0.019026 0.165985 0.040768
v -0.020648 0.164971 0.035902
v -0.015363 0.163019 0.032731
v -0.010067 0.166993 0.041097
v 0.003565 0.163007 0.044158
v 0.000985 0.166065 0.043382
v -0.002362 0.163684 0.037219
v 0.003578 0.158225 0.036450
v 0.000231 0.145606 0.026020
v 0.002992 0.149776 0.027872
v -0.001718 0.154250 0.028084
v -0.007015 0.148290 0.023507
v -0.029491 0.132262 0.017105
v -0.035123 0.165391 0.048196
v 0.008058 0.167479 0.062986
v 0.013247 0.134309 0.031724
v -0.007160 0.153707 0.025474
v -0.010509 0.157501 0.025361
v -0.015239 0.158899 0.028225
v -0.011935 0.162990 0.030366
v -0.008967 0.164781 0.035888
v -0.004238 0.163383 0.033024
v -0.000888 0.159589 0.033137
v -0.003856 0.157798 0.027615
v -0.022719 0.161609 0.034398
v 0.005283 0.151628 0.033010
v -0.014248 0.146013 0.021451
v -0.002847 0.166603 0.045468
v 0.040552 0.154246 0.000789
v 0.040504 0.155083 0.015663
v 0.042001 0.154711 0.015300
v 0.041585 0.154322 0.000756
v 0.041779 0.153079 0.013879
v 0.042229 0.153113 0.001581
v 0.041400 0.153156 0.015161
v 0.039736 0.152929 0.001658
v 0.041464 0.152535 0.001955
v 0.039814 0.153565 0.015481
v 0.040536 0.145421 -0.008924
v 0.040171 0.144258 -0.008105
v 0.039391 0.144341 -0.009224
v 0.053565 0.152735 0.034839
v 0.049172 0.153524 0.036939
v 0.048488 0.148597 0.033378
v 0.053036 0.149361 0.031923
v 0.052657 0.144423 0.031079
v 0.047932 0.141875 0.031793
v 0.048464 0.148710 0.033111
v 0.053012 0.149474 0.031656
v 0.046232 0.137850 0.029195
v 0.047957 0.141762 0.032060
v 0.041965 0.141863 0.031117
v 0.041353 0.138039 0.028188
v 0.035887 0.137188 0.029543
v 0.035199 0.140907 0.032547
v 0.041941 0.141976 0.030850
v 0.041329 0.138153 0.027921
v 0.030592 0.142173 0.032459
v 0.035224 0.140794 0.032814
v 0.035755 0.147629 0.034131
v 0.030984 0.147706 0.033237
v 0.031522 0.151612 0.036061
v 0.036414 0.152670 0.037426
v 0.035731 0.147743 0.033865
v 0.030960 0.147819 0.032970
v 0.038127 0.157446 0.038249
v 0.036439 0.152556 0.037692
v 0.043180 0.153625 0.035996
v 0.043452 0.158412 0.036639
v 0.048207 0.158337 0.037388
v 0.049147 0.153637 0.036672
v 0.043156 0.153738 0.035729
v 0.043428 0.158525 0.036372
v 0.064079 0.152208 0.025966
v 0.064055 0.152321 0.025699
v 0.039472 0.129553 0.018605
v 0.039447 0.129666 0.018339
v 0.018944 0.148777 0.028638
v 0.018920 0.148890 0.028371
v 0.043779 0.171247 0.035900
v 0.043754 0.171360 0.035633
v 0.043738 0.141187 0.050698
v 0.043007 0.141131 0.050743
v 0.042947 0.140548 0.050499
v 0.043678 0.140604 0.050455
v 0.046165 0.151677 0.034330
v 0.045712 0.148984 0.031695
v 0.045446 0.144713 0.031441
v 0.041850 0.144997 0.030357
v 0.037907 0.144141 0.031888
v 0.038174 0.148411 0.032141
v 0.038627 0.151105 0.034776
v 0.042570 0.151961 0.033245
v 0.045699 0.144312 0.031826
v 0.045989 0.148809 0.032174
v 0.046462 0.151701 0.034891
v 0.042654 0.151968 0.033819
v 0.038463 0.151093 0.035365
v 0.037989 0.148201 0.032648
v 0.037699 0.143704 0.032300
v 0.041891 0.144578 0.030754
v 0.042878 0.139877 0.050223
v 0.043609 0.139933 0.050177
v 0.044235 0.139980 0.050142
v 0.044304 0.140651 0.050418
v 0.044365 0.141234 0.050662
v 0.035911 0.137074 0.029809
v 0.046208 0.137963 0.028928
v 0.048231 0.158224 0.037655
v 0.038103 0.157559 0.037982
v 0.052682 0.144310 0.031345
v 0.053541 0.152848 0.034572
v 0.031546 0.151499 0.036328
v 0.030568 0.142286 0.032192
v 0.055000 0.155101 0.034526
v 0.052488 0.149286 0.030193
v 0.047390 0.154913 0.031236
v 0.051942 0.158004 0.033894
v 0.047872 0.137510 0.027702
v 0.040568 0.138921 0.026886
v 0.046851 0.145151 0.027144
v 0.050264 0.141026 0.026843
v 0.029289 0.141080 0.030713
v 0.031292 0.148238 0.031687
v 0.035470 0.144548 0.027929
v 0.031325 0.140019 0.028163
v 0.037095 0.159273 0.037745
v 0.043211 0.158603 0.034994
v 0.037574 0.154468 0.031945
v 0.034188 0.157153 0.035171
v 0.063714 0.163603 0.045354
v 0.059226 0.128739 0.030974
v 0.021461 0.126862 0.033631
v 0.026342 0.161766 0.047992
v 0.042510 0.155340 0.031568
v 0.044927 0.153419 0.028722
v 0.048003 0.149824 0.028726
v 0.044608 0.147640 0.026299
v 0.040945 0.143687 0.026768
v 0.037870 0.147283 0.026763
v 0.035453 0.149204 0.029610
v 0.039116 0.153156 0.029141
v 0.052485 0.142777 0.028912
v 0.031143 0.153310 0.035475
v 0.049593 0.159251 0.036150
v 0.033956 0.137433 0.028512
v 0.055037 0.154928 0.034934
v 0.051979 0.157830 0.034302
v 0.047427 0.154740 0.031644
v 0.052526 0.149113 0.030602
v 0.047910 0.137337 0.028110
v 0.050301 0.140853 0.027252
v 0.046888 0.144978 0.027553
v 0.040606 0.138748 0.027295
v 0.029368 0.140868 0.031100
v 0.031363 0.139845 0.028571
v 0.035507 0.144375 0.028337
v 0.031329 0.148065 0.032095
v 0.037132 0.159100 0.038154
v 0.034226 0.156980 0.035579
v 0.037611 0.154295 0.032353
v 0.043249 0.158430 0.035403
v 0.063751 0.163429 0.045762
v 0.059264 0.128566 0.031382
v 0.021499 0.126689 0.034039
v 0.026379 0.161592 0.048400
v 0.042548 0.155167 0.031977
v 0.044965 0.153246 0.029130
v 0.048040 0.149651 0.029134
v 0.044645 0.147466 0.026707
v 0.040983 0.143514 0.027176
v 0.037907 0.147109 0.027172
v 0.035490 0.149030 0.030019
v 0.039153 0.152983 0.029550
v 0.052523 0.142604 0.029321
v 0.031180 0.153136 0.035883
v 0.049630 0.159078 0.036559
v 0.033949 0.137300 0.028944
v 0.031160 0.133718 -0.014503
v 0.022834 0.129004 -0.023827
v 0.023924 0.129534 -0.024568
v 0.031867 0.133741 -0.015105
v 0.024202 0.131290 -0.023764
v 0.031526 0.134600 -0.016202
v 0.023242 0.130850 -0.024337
v 0.029820 0.134544 -0.014746
v 0.030677 0.134932 -0.016054
v 0.022128 0.130293 -0.023507
v 0.034591 0.143846 -0.009588
v 0.033608 0.144589 -0.010055
v 0.033761 0.144759 -0.008851
v 0.019797 0.126858 -0.044406
v 0.015935 0.125283 -0.042930
v 0.016349 0.130386 -0.040958
v 0.020313 0.130475 -0.042714
v 0.019371 0.134881 -0.042662
v 0.015289 0.136497 -0.040585
v 0.016513 0.130359 -0.040757
v 0.020477 0.130449 -0.042512
v 0.014709 0.140494 -0.038471
v 0.015126 0.136523 -0.040786
v 0.011800 0.136229 -0.036491
v 0.012164 0.140227 -0.034805
v 0.007640 0.140169 -0.032435
v 0.006366 0.136139 -0.033385
v 0.011964 0.136203 -0.036290
v 0.012327 0.140201 -0.034604
v 0.003728 0.134730 -0.030315
v 0.006202 0.136166 -0.033587
v 0.007426 0.130028 -0.033759
v 0.004859 0.129837 -0.030247
v 0.004527 0.125790 -0.031809
v 0.007175 0.124899 -0.035529
v 0.007589 0.130002 -0.033557
v 0.005022 0.129810 -0.030046
v 0.008956 0.120740 -0.036411
v 0.007011 0.124926 -0.035731
v 0.012610 0.124989 -0.038635
v 0.013561 0.120759 -0.038515
v 0.016200 0.120987 -0.041924
v 0.016098 0.125256 -0.042729
v 0.012773 0.124963 -0.038434
v 0.013725 0.120732 -0.038314
v 0.031560 0.130500 -0.045288
v 0.031724 0.130473 -0.045087
v 0.014390 0.149889 -0.028779
v 0.014554 0.149863 -0.028578
v -0.000071 0.129233 -0.019767
v 0.000092 0.129206 -0.019566
v 0.017259 0.110046 -0.036379
v 0.017422 0.110019 -0.036177
v 0.001607 0.131681 -0.050152
v 0.001093 0.131660 -0.049740
v 0.001054 0.132218 -0.049632
v 0.001567 0.132239 -0.050045
v 0.015033 0.127326 -0.039690
v 0.015601 0.130295 -0.038125
v 0.014554 0.133981 -0.038421
v 0.012908 0.133755 -0.035481
v 0.009271 0.133770 -0.034158
v 0.010318 0.130083 -0.033863
v 0.009750 0.127115 -0.035428
v 0.013387 0.127100 -0.036750
v 0.014402 0.134240 -0.038880
v 0.015465 0.130336 -0.038626
v 0.014911 0.127178 -0.040227
v 0.013116 0.126946 -0.037166
v 0.009305 0.126953 -0.035704
v 0.009859 0.130111 -0.034103
v 0.008796 0.134015 -0.034357
v 0.012607 0.134007 -0.035819
v 0.001007 0.132859 -0.049511
v 0.001520 0.132879 -0.049923
v 0.001958 0.132897 -0.050279
v 0.002005 0.132256 -0.050399
v 0.002044 0.131698 -0.050507
v 0.007476 0.140195 -0.032636
v 0.014873 0.140467 -0.038269
v 0.016037 0.121014 -0.042125
v 0.009119 0.120713 -0.036210
v 0.019208 0.134907 -0.042863
v 0.019960 0.126831 -0.044204
v 0.004363 0.125817 -0.032010
v 0.003892 0.134704 -0.030114
v 0.021471 0.125036 -0.044743
v 0.020928 0.130962 -0.041286
v 0.018367 0.125495 -0.038001
v 0.020540 0.122497 -0.042040
v 0.016545 0.141311 -0.038577
v 0.012609 0.139766 -0.033366
v 0.018024 0.134871 -0.036483
v 0.019426 0.138729 -0.038987
v 0.003619 0.136030 -0.028562
v 0.006071 0.129823 -0.029371
v 0.010048 0.134298 -0.030080
v 0.006143 0.137776 -0.028342
v 0.009009 0.119238 -0.035190
v 0.014390 0.121019 -0.037292
v 0.011486 0.124928 -0.032488
v 0.008088 0.121513 -0.032073
v 0.022970 0.115553 -0.055757
v 0.019950 0.148779 -0.048910
v -0.006520 0.146759 -0.027681
v -0.003225 0.113535 -0.034751
v 0.015113 0.124666 -0.035153
v 0.017849 0.127254 -0.035104
v 0.018984 0.130553 -0.037518
v 0.017646 0.132805 -0.034205
v 0.014058 0.135765 -0.032829
v 0.012923 0.132466 -0.030414
v 0.010187 0.129878 -0.030464
v 0.013775 0.126918 -0.031840
v 0.020104 0.136852 -0.041415
v 0.005021 0.124472 -0.030956
v 0.018025 0.120647 -0.041853
v 0.007034 0.140088 -0.030557
v 0.021220 0.125077 -0.045052
v 0.020290 0.122538 -0.042349
v 0.018117 0.125536 -0.038309
v 0.020677 0.131003 -0.041595
v 0.016295 0.141351 -0.038885
v 0.019176 0.138770 -0.039296
v 0.017774 0.134912 -0.036791
v 0.012358 0.139806 -0.033674
v 0.003398 0.136113 -0.028888
v 0.005894 0.137818 -0.028651
v 0.009797 0.134339 -0.030389
v 0.005820 0.129864 -0.029680
v 0.008759 0.119279 -0.035499
v 0.007838 0.121554 -0.032382
v 0.011236 0.124969 -0.032797
v 0.014140 0.121060 -0.037600
v 0.022720 0.115593 -0.056065
v 0.019700 0.148820 -0.049218
v -0.006770 0.146800 -0.027989
v -0.003475 0.113575 -0.035059
v 0.014863 0.124707 -0.035462
v 0.017598 0.127295 -0.035412
v 0.018733 0.130594 -0.037827
v 0.017396 0.132846 -0.034513
v 0.013808 0.135806 -0.033137
v 0.012673 0.132507 -0.030723
v 0.009937 0.129919 -0.030772
v 0.013525 0.126959 -0.032148
v 0.019854 0.136893 -0.041724
v 0.004770 0.124513 -0.031264
v 0.017775 0.120688 -0.042162
v 0.006751 0.140085 -0.030847
v 0.069391 0.144087 -0.014891
v 0.062496 0.132485 -0.009628
v 0.063970 0.132257 -0.009241
v 0.070191 0.143916 -0.014304
v 0.065011 0.132655 -0.011039
v 0.070773 0.142510 -0.014626
v 0.064119 0.131743 -0.010776
v 0.068841 0.142924 -0.016044
v 0.070214 0.142098 -0.015346
v 0.062581 0.132045 -0.011195
v 0.076848 0.147614 -0.024627
v 0.076619 0.146464 -0.025444
v 0.076468 0.147586 -0.026138
v 0.065184 0.112867 0.001420
v 0.060512 0.112554 0.000379
v 0.063323 0.113172 -0.004827
v 0.067271 0.113689 -0.002326
v 0.069129 0.112036 -0.006531
v 0.066013 0.111282 -0.010708
v 0.063381 0.113448 -0.004837
v 0.067329 0.113966 -0.002337
v 0.067273 0.111795 -0.015460
v 0.065955 0.111006 -0.010697
v 0.061614 0.113178 -0.014047
v 0.063804 0.113810 -0.018182
v 0.059209 0.113539 -0.021260
v 0.055999 0.113091 -0.017860
v 0.061671 0.113455 -0.014058
v 0.063862 0.114087 -0.018192
v 0.051951 0.114830 -0.019337
v 0.055941 0.112815 -0.017850
v 0.053309 0.114981 -0.011980
v 0.049917 0.116825 -0.014695
v 0.047684 0.116336 -0.010570
v 0.050555 0.114640 -0.006784
v 0.053367 0.115257 -0.011990
v 0.049974 0.117102 -0.014706
v 0.049816 0.115928 -0.002012
v 0.050498 0.114363 -0.006774
v 0.056171 0.114727 -0.002971
v 0.054372 0.116493 0.001000
v 0.057814 0.114770 0.003663
v 0.060569 0.112831 0.000368
v 0.056228 0.115004 -0.002982
v 0.054429 0.116770 0.000990
v 0.077568 0.117391 0.003739
v 0.077625 0.117668 0.003729
v 0.069612 0.117821 -0.028596
v 0.069669 0.118098 -0.028606
v 0.042071 0.123803 -0.021615
v 0.042128 0.124080 -0.021625
v 0.050317 0.123311 0.010667
v 0.050374 0.123588 0.010656
v 0.054626 0.096617 -0.007506
v 0.054050 0.096719 -0.007916
v 0.054321 0.096644 -0.008466
v 0.054896 0.096540 -0.008055
v 0.059960 0.114441 -0.003409
v 0.061738 0.115352 -0.006511
v 0.063183 0.113524 -0.009966
v 0.060726 0.115356 -0.011970
v 0.057254 0.114595 -0.014201
v 0.055809 0.116423 -0.010746
v 0.054031 0.115512 -0.007643
v 0.057503 0.116273 -0.005413
v 0.063358 0.112958 -0.010018
v 0.061808 0.114816 -0.006349
v 0.059938 0.113931 -0.003060
v 0.057314 0.115793 -0.005183
v 0.053647 0.115068 -0.007553
v 0.055516 0.115953 -0.010843
v 0.057067 0.114094 -0.014512
v 0.060734 0.114820 -0.012142
v 0.054631 0.096554 -0.009097
v 0.055206 0.096452 -0.008687
v 0.055699 0.096361 -0.008335
v 0.055389 0.096451 -0.007703
v 0.055118 0.096526 -0.007154
v 0.059151 0.113263 -0.021250
v 0.067330 0.112071 -0.015471
v 0.057757 0.114494 0.003673
v 0.049873 0.116204 -0.002022
v 0.069072 0.111759 -0.006520
v 0.065241 0.113143 0.001409
v 0.047626 0.116059 -0.010559
v 0.052008 0.115106 -0.019348
v 0.065597 0.113954 0.003865
v 0.067629 0.115175 -0.003211
v 0.061119 0.118250 -0.001285
v 0.062417 0.116583 0.004269
v 0.069346 0.112462 -0.015328
v 0.063441 0.115473 -0.018331
v 0.066025 0.116893 -0.010245
v 0.070338 0.114337 -0.011682
v 0.052088 0.116001 -0.021393
v 0.050650 0.118269 -0.014616
v 0.056931 0.118548 -0.016405
v 0.055199 0.117080 -0.021930
v 0.048564 0.117466 -0.001324
v 0.054838 0.117971 0.000504
v 0.053234 0.119689 -0.006530
v 0.048175 0.119167 -0.005256
v 0.064618 0.107391 0.018251
v 0.080018 0.102936 -0.015017
v 0.049773 0.108448 -0.035346
v 0.034676 0.112849 -0.001849
v 0.056974 0.119300 -0.003407
v 0.060827 0.120109 -0.004491
v 0.064547 0.117644 -0.005607
v 0.063732 0.119306 -0.009796
v 0.062068 0.117820 -0.014559
v 0.058348 0.120286 -0.013443
v 0.054495 0.119476 -0.012359
v 0.056159 0.120961 -0.007596
v 0.070543 0.113019 -0.008546
v 0.047030 0.117728 -0.009665
v 0.059121 0.115905 0.004693
v 0.058052 0.114931 -0.022406
v 0.065509 0.113530 0.003881
v 0.062329 0.116160 0.004285
v 0.061031 0.117826 -0.001269
v 0.067541 0.114751 -0.003195
v 0.069258 0.112039 -0.015312
v 0.070250 0.113913 -0.011666
v 0.065937 0.116469 -0.010229
v 0.063353 0.115049 -0.018315
v 0.052056 0.115566 -0.021391
v 0.055113 0.116656 -0.021915
v 0.056843 0.118124 -0.016389
v 0.050562 0.117846 -0.014600
v 0.048476 0.117042 -0.001308
v 0.048087 0.118744 -0.005240
v 0.053146 0.119265 -0.006514
v 0.054750 0.117547 0.000520
v 0.064530 0.106968 0.018267
v 0.079931 0.102513 -0.015001
v 0.049685 0.108025 -0.035330
v 0.034588 0.112425 -0.001833
v 0.056886 0.118876 -0.003391
v 0.060739 0.119686 -0.004474
v 0.064460 0.117220 -0.005590
v 0.063644 0.118882 -0.009780
v 0.061980 0.117397 -0.014543
v 0.058260 0.119862 -0.013427
v 0.054407 0.119052 -0.012343
v 0.056071 0.120538 -0.007580
v 0.070455 0.112595 -0.008530
v 0.046942 0.117305 -0.009649
v 0.059033 0.115481 0.004709
v 0.057905 0.114519 -0.022375
v -0.046852 0.199892 0.100285
v -0.042211 0.184370 0.104099
v -0.043459 0.184755 0.105294
v -0.047830 0.199787 0.100894
v -0.042804 0.186956 0.106093
v -0.047428 0.199423 0.102597
v -0.042073 0.185653 0.106169
v -0.045067 0.199678 0.101124
v -0.046283 0.199377 0.102693
v -0.040781 0.185304 0.104870
v -0.045069 0.213738 0.104765
v -0.043792 0.213461 0.105758
v -0.043525 0.214642 0.104828
v -0.045983 0.164571 0.120610
v -0.041793 0.162521 0.117675
v -0.039558 0.168423 0.120299
v -0.044561 0.169105 0.122220
v -0.041665 0.172213 0.125888
v -0.035728 0.173102 0.125132
v -0.039693 0.168647 0.120106
v -0.044696 0.169329 0.122027
v -0.032775 0.177722 0.126616
v -0.035593 0.172878 0.125326
v -0.030617 0.174396 0.120983
v -0.028867 0.179153 0.122915
v -0.023026 0.178705 0.120429
v -0.023529 0.174049 0.117747
v -0.030752 0.174620 0.120789
v -0.029001 0.179377 0.122721
v -0.020169 0.174037 0.113597
v -0.023394 0.173825 0.117940
v -0.027360 0.169370 0.112914
v -0.023443 0.170728 0.109415
v -0.025211 0.166047 0.107331
v -0.029729 0.163692 0.110095
v -0.027494 0.169594 0.112720
v -0.023578 0.170951 0.109221
v -0.033732 0.160543 0.107442
v -0.029594 0.163468 0.110289
v -0.036817 0.164039 0.113331
v -0.039600 0.161215 0.109659
v -0.043551 0.160006 0.113102
v -0.041927 0.162745 0.117481
v -0.036951 0.164263 0.113138
v -0.039734 0.161438 0.109465
v -0.058110 0.172787 0.125304
v -0.058245 0.173011 0.125110
v -0.025566 0.192903 0.125913
v -0.025700 0.193127 0.125720
v -0.014869 0.176145 0.099124
v -0.015003 0.176368 0.098931
v -0.047542 0.156190 0.098791
v -0.047677 0.156414 0.098598
v -0.025124 0.154574 0.128725
v -0.024422 0.154627 0.128302
v -0.024115 0.155142 0.128680
v -0.024816 0.155088 0.129104
v -0.038932 0.166308 0.116446
v -0.037874 0.170243 0.117618
v -0.035261 0.172440 0.120976
v -0.032580 0.173780 0.118023
v -0.028039 0.173001 0.116604
v -0.030652 0.170804 0.113246
v -0.031709 0.166869 0.112074
v -0.036251 0.167648 0.113493
v -0.035124 0.172202 0.121602
v -0.037857 0.169805 0.118096
v -0.039019 0.165696 0.116795
v -0.036135 0.167051 0.113718
v -0.031355 0.166291 0.112155
v -0.030193 0.170400 0.113456
v -0.027460 0.172797 0.116962
v -0.032240 0.173558 0.118525
v -0.023761 0.155731 0.129118
v -0.024463 0.155678 0.129540
v -0.025062 0.155630 0.129905
v -0.025416 0.155041 0.129468
v -0.025723 0.154526 0.129089
v -0.022891 0.178482 0.120623
v -0.032910 0.177945 0.126422
v -0.043416 0.159783 0.113295
v -0.033866 0.160767 0.107248
v -0.041530 0.171990 0.126082
v -0.046118 0.164795 0.120416
v -0.025077 0.165824 0.107524
v -0.020304 0.174260 0.113404
v -0.048736 0.163686 0.119463
v -0.044619 0.170956 0.121391
v -0.042948 0.167888 0.113573
v -0.047892 0.163339 0.114788
v -0.034556 0.179229 0.127532
v -0.029118 0.180164 0.121250
v -0.038237 0.176480 0.120221
v -0.039013 0.178289 0.125880
v -0.018971 0.176435 0.113124
v -0.024555 0.172037 0.108693
v -0.027447 0.177097 0.113432
v -0.021051 0.179303 0.114589
v -0.034034 0.160342 0.105058
v -0.040056 0.162829 0.108834
v -0.033674 0.168353 0.107664
v -0.031093 0.164206 0.104138
v -0.057729 0.147973 0.121359
v -0.038532 0.178679 0.143476
v -0.002780 0.180614 0.120859
v -0.022357 0.149871 0.098964
v -0.038719 0.167850 0.110081
v -0.040745 0.171366 0.112435
v -0.041421 0.172662 0.117515
v -0.037956 0.176453 0.116371
v -0.032243 0.178113 0.117432
v -0.031567 0.176818 0.112352
v -0.029541 0.173302 0.109997
v -0.035254 0.171642 0.108937
v -0.041302 0.175174 0.126503
v -0.026051 0.165923 0.105464
v -0.045740 0.160719 0.112867
v -0.021792 0.179839 0.118627
v -0.048530 0.163344 0.119759
v -0.047686 0.162997 0.115084
v -0.042742 0.167546 0.113870
v -0.044413 0.170614 0.121688
v -0.034350 0.178887 0.127829
v -0.038807 0.177947 0.126176
v -0.038031 0.176138 0.120517
v -0.028912 0.179822 0.121547
v -0.018787 0.176127 0.113474
v -0.020845 0.178961 0.114887
v -0.027241 0.176754 0.113729
v -0.024349 0.171695 0.108990
v -0.033828 0.160000 0.105354
v -0.030887 0.163864 0.104434
v -0.033468 0.168011 0.107960
v -0.039850 0.162487 0.109131
v -0.057523 0.147631 0.121655
v -0.038326 0.178337 0.143772
v -0.002574 0.180272 0.121156
v -0.022151 0.149529 0.099260
v -0.038513 0.167508 0.110377
v -0.040539 0.171024 0.112732
v -0.041215 0.172319 0.117812
v -0.037750 0.176111 0.116668
v -0.032037 0.177771 0.117728
v -0.031361 0.176476 0.112648
v -0.029335 0.172959 0.110294
v -0.035048 0.171299 0.109233
v -0.041096 0.174832 0.126800
v -0.025845 0.165581 0.105761
v -0.045534 0.160376 0.113163
v -0.021563 0.179460 0.118867
v -0.036789 0.199892 0.107430
v -0.042725 0.184370 0.106503
v -0.042257 0.184755 0.104840
v -0.036256 0.199787 0.106408
v -0.043227 0.186956 0.104485
v -0.037468 0.199423 0.105146
v -0.043896 0.185653 0.104791
v -0.038753 0.199678 0.107615
v -0.038503 0.199378 0.105646
v -0.044348 0.185304 0.106566
v -0.040601 0.213738 0.104478
v -0.042206 0.213461 0.104271
v -0.041963 0.214642 0.105208
v -0.047865 0.164571 0.090366
v -0.049983 0.162521 0.095024
v -0.053241 0.168423 0.093898
v -0.049908 0.169105 0.089702
v -0.054267 0.172213 0.088014
v -0.058996 0.173102 0.091682
v -0.053027 0.168647 0.093997
v -0.049694 0.169329 0.089800
v -0.062293 0.177722 0.091905
v -0.059210 0.172878 0.091584
v -0.061289 0.174396 0.097853
v -0.063779 0.179153 0.097078
v -0.067546 0.178705 0.102187
v -0.065750 0.174049 0.104242
v -0.061075 0.174620 0.097951
v -0.063564 0.179377 0.097177
v -0.066535 0.174036 0.109523
v -0.065964 0.173825 0.104143
v -0.059995 0.169370 0.106458
v -0.061590 0.170728 0.111462
v -0.059008 0.166047 0.112358
v -0.056522 0.163692 0.107681
v -0.059781 0.169594 0.106556
v -0.061375 0.170951 0.111560
v -0.051726 0.160543 0.107933
v -0.056736 0.163468 0.107583
v -0.052062 0.164039 0.101293
v -0.047799 0.161215 0.103042
v -0.046145 0.160006 0.098069
v -0.049769 0.162745 0.095122
v -0.051848 0.164263 0.101391
v -0.047585 0.161438 0.103140
v -0.039806 0.172787 0.080161
v -0.039592 0.173011 0.080260
v -0.068145 0.192903 0.096173
v -0.067931 0.193127 0.096271
v -0.063746 0.176145 0.124682
v -0.063532 0.176368 0.124780
v -0.035436 0.156190 0.108366
v -0.035221 0.156414 0.108464
v -0.069955 0.154574 0.093976
v -0.070344 0.154627 0.094697
v -0.070800 0.155142 0.094527
v -0.070412 0.155088 0.093806
v -0.051823 0.166308 0.097535
v -0.053329 0.170243 0.097063
v -0.057286 0.172440 0.095499
v -0.058094 0.173780 0.099405
v -0.061285 0.173001 0.102935
v -0.057328 0.170804 0.104499
v -0.055821 0.166869 0.104971
v -0.052631 0.167648 0.101441
v -0.057722 0.172202 0.095030
v -0.053587 0.169805 0.096661
v -0.051925 0.165696 0.097191
v -0.052846 0.167051 0.101306
v -0.056168 0.166291 0.105081
v -0.057830 0.170400 0.104551
v -0.061965 0.172797 0.102920
v -0.058643 0.173558 0.099145
v -0.071328 0.155731 0.094330
v -0.070938 0.155678 0.093610
v -0.070608 0.155630 0.092991
v -0.070080 0.155041 0.093188
v -0.069624 0.154525 0.093358
v -0.067760 0.178482 0.102089
v -0.062079 0.177945 0.092003
v -0.046360 0.159783 0.097970
v -0.051512 0.160767 0.108031
v -0.054481 0.171990 0.087916
v -0.047651 0.164795 0.090465
v -0.059223 0.165824 0.112260
v -0.066321 0.174260 0.109621
v -0.044911 0.163686 0.089955
v -0.049437 0.170956 0.090386
v -0.046903 0.167888 0.097969
v -0.043263 0.163339 0.094411
v -0.061225 0.179229 0.090211
v -0.062717 0.180164 0.098384
v -0.054339 0.176480 0.094637
v -0.056546 0.178289 0.089369
v -0.067327 0.176435 0.110539
v -0.060266 0.172037 0.111518
v -0.060183 0.177097 0.105967
v -0.066279 0.179303 0.108221
v -0.050254 0.160342 0.109833
v -0.046987 0.162829 0.103520
v -0.051888 0.168353 0.107771
v -0.052320 0.164206 0.112120
v -0.038130 0.147973 0.083753
v -0.065901 0.178679 0.074458
v -0.085202 0.180614 0.112104
v -0.057215 0.149871 0.121015
v -0.048772 0.167850 0.103126
v -0.048223 0.171366 0.100068
v -0.050223 0.172662 0.095350
v -0.052626 0.176453 0.098096
v -0.058085 0.178113 0.100085
v -0.056085 0.176818 0.104804
v -0.056634 0.173302 0.107861
v -0.051175 0.171642 0.105872
v -0.054891 0.175174 0.087669
v -0.057337 0.165923 0.113539
v -0.044141 0.160719 0.097159
v -0.067693 0.179839 0.104366
v -0.045239 0.163344 0.089805
v -0.043591 0.162997 0.094260
v -0.047232 0.167546 0.097818
v -0.049765 0.170614 0.090235
v -0.061553 0.178887 0.090060
v -0.056874 0.177947 0.089218
v -0.054667 0.176138 0.094487
v -0.063045 0.179822 0.098234
v -0.067663 0.176127 0.110332
v -0.066608 0.178961 0.108069
v -0.060511 0.176754 0.105816
v -0.060594 0.171695 0.111367
v -0.050582 0.160000 0.109682
v -0.052648 0.163864 0.111969
v -0.052216 0.168011 0.107621
v -0.047315 0.162487 0.103369
v -0.038458 0.147631 0.083602
v -0.066229 0.178337 0.074308
v -0.085530 0.180272 0.111953
v -0.057543 0.149529 0.120864
v -0.049100 0.167508 0.102975
v -0.048551 0.171024 0.099918
v -0.050551 0.172319 0.095199
v -0.052953 0.176111 0.097945
v -0.058413 0.177771 0.099934
v -0.056413 0.176476 0.104653
v -0.056962 0.172959 0.107711
v -0.051503 0.171299 0.105721
v -0.055219 0.174832 0.087518
v -0.057665 0.165581 0.113388
v -0.044469 0.160376 0.097008
v -0.068013 0.179460 0.104276
v -0.051572 0.199892 0.116502
v -0.051639 0.184370 0.122509
v -0.053352 0.184755 0.122284
v -0.052660 0.199787 0.116121
v -0.053564 0.186956 0.123295
v -0.053735 0.199423 0.117501
v -0.053165 0.185653 0.123913
v -0.051108 0.199678 0.118419
v -0.053092 0.199377 0.118453
v -0.051344 0.185304 0.124106
v -0.053948 0.213738 0.120697
v -0.053922 0.213461 0.122315
v -0.053030 0.214642 0.121941
v -0.066873 0.164571 0.129908
v -0.061960 0.162521 0.131337
v -0.062607 0.168423 0.134723
v -0.067238 0.169105 0.132025
v -0.068283 0.172213 0.136581
v -0.063976 0.173102 0.140736
v -0.062540 0.168647 0.134497
v -0.067171 0.169329 0.131799
v -0.063283 0.177722 0.143967
v -0.064042 0.172878 0.140962
v -0.057540 0.174396 0.142121
v -0.057950 0.179153 0.144696
v -0.052354 0.178705 0.147693
v -0.050578 0.174049 0.145620
v -0.057473 0.174620 0.141895
v -0.057883 0.179377 0.144470
v -0.045239 0.174036 0.145641
v -0.050645 0.173825 0.145847
v -0.049209 0.169370 0.139607
v -0.044029 0.170728 0.140469
v -0.043511 0.166047 0.137786
v -0.048496 0.163692 0.135995
v -0.049143 0.169594 0.139381
v -0.043962 0.170951 0.140243
v -0.048934 0.160543 0.131213
v -0.048563 0.163468 0.136221
v -0.055458 0.164039 0.132496
v -0.054338 0.161215 0.128026
v -0.059496 0.160006 0.127103
v -0.061894 0.162745 0.131111
v -0.055391 0.164263 0.132270
v -0.054271 0.161438 0.127800
v -0.078127 0.172787 0.123394
v -0.078061 0.173011 0.123168
v -0.058220 0.192903 0.149147
v -0.058154 0.193127 0.148921
v -0.030636 0.176145 0.140709
v -0.030570 0.176368 0.140483
v -0.050840 0.156190 0.115028
v -0.050773 0.156414 0.114802
v -0.060135 0.154574 0.151252
v -0.059366 0.154626 0.151535
v -0.059469 0.155142 0.152011
v -0.060238 0.155088 0.151730
v -0.059211 0.166308 0.132798
v -0.059462 0.170243 0.134356
v -0.060443 0.172440 0.138497
v -0.056462 0.173780 0.138737
v -0.052511 0.173001 0.141389
v -0.051530 0.170804 0.137249
v -0.051279 0.166869 0.135690
v -0.055229 0.167648 0.133038
v -0.060845 0.172202 0.138995
v -0.059824 0.169805 0.134669
v -0.059537 0.165696 0.132948
v -0.055332 0.167051 0.133270
v -0.051120 0.166291 0.136017
v -0.051406 0.170400 0.137738
v -0.052428 0.172797 0.142064
v -0.056640 0.173558 0.139317
v -0.059588 0.155731 0.152561
v -0.060357 0.155678 0.152279
v -0.061017 0.155630 0.152040
v -0.060897 0.155041 0.151490
v -0.060794 0.154526 0.151014
v -0.052421 0.178482 0.147919
v -0.063216 0.177945 0.143741
v -0.059563 0.159783 0.127329
v -0.048867 0.160767 0.130987
v -0.068350 0.171990 0.136807
v -0.066806 0.164795 0.129682
v -0.043578 0.165824 0.138012
v -0.045173 0.174260 0.145415
v -0.067703 0.163686 0.127043
v -0.066628 0.170956 0.131461
v -0.059486 0.167888 0.127867
v -0.063529 0.163339 0.124774
v -0.065113 0.179229 0.143153
v -0.056810 0.180164 0.143458
v -0.061718 0.176480 0.135703
v -0.066616 0.178289 0.138642
v -0.044120 0.176435 0.146279
v -0.044163 0.172037 0.139151
v -0.049668 0.177097 0.139864
v -0.046564 0.179303 0.145574
v -0.047265 0.160342 0.129484
v -0.053981 0.162829 0.127154
v -0.049071 0.168353 0.131396
v -0.044706 0.164206 0.131200
v -0.074813 0.147973 0.121221
v -0.080033 0.178679 0.150037
v -0.040010 0.180614 0.163745
v -0.035201 0.149871 0.134770
v -0.054115 0.167850 0.128977
v -0.057219 0.171366 0.128873
v -0.061603 0.172662 0.131527
v -0.058541 0.176453 0.133512
v -0.055790 0.178113 0.138630
v -0.051407 0.176818 0.135975
v -0.048302 0.173302 0.136080
v -0.051053 0.171642 0.130962
v -0.068536 0.175174 0.137248
v -0.042582 0.165923 0.135962
v -0.060684 0.160719 0.125249
v -0.050177 0.179839 0.147525
v -0.067805 0.163344 0.127390
v -0.063631 0.162997 0.125120
v -0.059588 0.167546 0.128213
v -0.066730 0.170614 0.131807
v -0.065215 0.178887 0.143499
v -0.066718 0.177947 0.138988
v -0.061820 0.176138 0.136049
v -0.056912 0.179822 0.143804
v -0.044277 0.176127 0.146641
v -0.046668 0.178961 0.145921
v -0.049770 0.176754 0.140210
v -0.044265 0.171695 0.139497
v -0.047367 0.160000 0.129830
v -0.044808 0.163864 0.131546
v -0.049173 0.168011 0.131743
v -0.054083 0.162487 0.127500
v -0.074915 0.147631 0.121567
v -0.080135 0.178337 0.150384
v -0.040112 0.180272 0.164092
v -0.035303 0.149529 0.135116
v -0.054217 0.167508 0.129323
v -0.057321 0.171024 0.129219
v -0.061705 0.172319 0.131873
v -0.058643 0.176111 0.133858
v -0.055892 0.177771 0.138976
v -0.051509 0.176476 0.136321
v -0.048404 0.172959 0.136426
v -0.051155 0.171299 0.131308
v -0.068638 0.174832 0.137595
v -0.042684 0.165581 0.136308
v -0.060786 0.160376 0.125595
v -0.050220 0.179460 0.147855
v 0.014789 0.460199 -0.008174
v 0.018642 0.456331 0.000416
v 0.018182 0.457260 0.000726
v 0.014366 0.460637 -0.007812
v 0.018677 0.458238 -0.000278
v 0.014977 0.461289 -0.007183
v 0.019143 0.457733 0.000327
v 0.015996 0.460231 -0.008056
v 0.015652 0.461121 -0.007283
v 0.019604 0.456756 -0.000039
v 0.016455 0.466490 -0.014340
v 0.017407 0.466667 -0.014077
v 0.017328 0.466538 -0.014998
v 0.020573 0.458828 0.016031
v 0.022371 0.455997 0.015695
v 0.024079 0.458772 0.013078
v 0.021628 0.460812 0.013943
v 0.024009 0.463097 0.012998
v 0.027210 0.461966 0.011526
v 0.023955 0.458772 0.012923
v 0.021504 0.460811 0.013788
v 0.029108 0.463646 0.009152
v 0.027334 0.461967 0.011681
v 0.029187 0.459439 0.008970
v 0.030495 0.461595 0.006814
v 0.033294 0.459205 0.005553
v 0.032532 0.456493 0.007273
v 0.029063 0.459438 0.008815
v 0.030370 0.461594 0.006659
v 0.033541 0.453858 0.005631
v 0.032656 0.456494 0.007428
v 0.029401 0.453300 0.008824
v 0.030838 0.451322 0.006582
v 0.029486 0.449120 0.008656
v 0.027569 0.450524 0.011286
v 0.029277 0.453299 0.008669
v 0.030713 0.451322 0.006427
v 0.024780 0.448919 0.012693
v 0.027693 0.450525 0.011441
v 0.024224 0.453470 0.012984
v 0.021901 0.451253 0.013764
v 0.020428 0.453256 0.015917
v 0.022247 0.455997 0.015540
v 0.024100 0.453469 0.012829
v 0.021776 0.451252 0.013609
v 0.014484 0.465875 0.014714
v 0.014360 0.465874 0.014559
v 0.032705 0.466860 0.000068
v 0.032580 0.466859 -0.000087
v 0.033350 0.446475 -0.000365
v 0.033226 0.446475 -0.000520
v 0.015113 0.445700 0.014294
v 0.014988 0.445700 0.014140
v 0.034488 0.455988 0.020828
v 0.034795 0.455674 0.020585
v 0.035040 0.455970 0.020384
v 0.034734 0.456285 0.020629
v 0.023644 0.456094 0.012982
v 0.024410 0.457736 0.011127
v 0.026583 0.459629 0.010606
v 0.027434 0.458131 0.008695
v 0.029734 0.456388 0.008088
v 0.027561 0.454496 0.008609
v 0.026795 0.452854 0.010464
v 0.024496 0.454596 0.011072
v 0.026803 0.459837 0.010893
v 0.024535 0.457829 0.011492
v 0.023685 0.456087 0.013415
v 0.024626 0.454497 0.011433
v 0.027029 0.452648 0.010742
v 0.027878 0.454391 0.008820
v 0.030147 0.456399 0.008221
v 0.027744 0.458248 0.008911
v 0.035324 0.456310 0.020157
v 0.035017 0.456625 0.020400
v 0.034756 0.456894 0.020611
v 0.034472 0.456554 0.020838
v 0.034227 0.456257 0.021038
v 0.033419 0.459205 0.005707
v 0.028984 0.463646 0.008998
v 0.020553 0.453257 0.016071
v 0.024656 0.448919 0.012538
v 0.024133 0.463098 0.013153
v 0.020449 0.458827 0.015877
v 0.029610 0.449120 0.008811
v 0.033417 0.453857 0.005476
v 0.018773 0.458465 0.016527
v 0.021370 0.461002 0.012744
v 0.020687 0.455887 0.011859
v 0.018241 0.455906 0.015242
v 0.028257 0.464889 0.008868
v 0.029963 0.461140 0.005838
v 0.024623 0.461062 0.008674
v 0.025374 0.464558 0.009472
v 0.034065 0.454177 0.004083
v 0.030015 0.451578 0.005837
v 0.029280 0.456025 0.004953
v 0.033129 0.456174 0.003287
v 0.024091 0.447735 0.012148
v 0.021422 0.451440 0.012743
v 0.024675 0.451500 0.008673
v 0.025475 0.447994 0.009473
v 0.014432 0.455983 0.026472
v 0.029487 0.473258 0.014300
v 0.044894 0.456473 0.001991
v 0.029671 0.439362 0.014296
v 0.022337 0.453414 0.010306
v 0.021612 0.456045 0.009422
v 0.022306 0.459076 0.010307
v 0.023942 0.459110 0.007536
v 0.027394 0.459157 0.006218
v 0.026700 0.456127 0.005333
v 0.027425 0.453496 0.006217
v 0.023973 0.453448 0.007535
v 0.024279 0.464277 0.011583
v 0.028601 0.448309 0.008292
v 0.019111 0.453751 0.015768
v 0.033577 0.458462 0.004275
v 0.018963 0.458466 0.016764
v 0.018431 0.455907 0.015479
v 0.020877 0.455888 0.012096
v 0.021560 0.461003 0.012982
v 0.028447 0.464890 0.009105
v 0.025565 0.464559 0.009709
v 0.024813 0.461063 0.008911
v 0.030154 0.461142 0.006075
v 0.034253 0.454219 0.004320
v 0.033320 0.456176 0.003524
v 0.029470 0.456026 0.005190
v 0.030205 0.451579 0.006074
v 0.024281 0.447736 0.012385
v 0.025666 0.447995 0.009711
v 0.024865 0.451501 0.008910
v 0.021612 0.451441 0.012980
v 0.014623 0.455984 0.026709
v 0.029678 0.473259 0.014537
v 0.045084 0.456474 0.002228
v 0.029861 0.439363 0.014534
v 0.022528 0.453415 0.010543
v 0.021802 0.456046 0.009659
v 0.022497 0.459076 0.010544
v 0.024133 0.459111 0.007773
v 0.027585 0.459159 0.006455
v 0.026890 0.456128 0.005570
v 0.027615 0.453497 0.006454
v 0.024164 0.453449 0.007773
v 0.024470 0.464278 0.011820
v 0.028792 0.448310 0.008529
v 0.019301 0.453752 0.016005
v 0.033769 0.458419 0.004512
v 0.024033 0.459525 -0.014740
v 0.027716 0.451653 -0.020481
v 0.028427 0.452481 -0.020669
v 0.024665 0.459877 -0.014776
v 0.027515 0.453664 -0.020960
v 0.024915 0.460078 -0.015848
v 0.027609 0.452853 -0.021419
v 0.023387 0.459230 -0.015759
v 0.024386 0.459810 -0.016255
v 0.026845 0.452003 -0.021184
v 0.019338 0.467365 -0.015570
v 0.018992 0.467201 -0.016524
v 0.018286 0.467473 -0.015941
v 0.039395 0.447202 -0.030954
v 0.037468 0.444341 -0.031001
v 0.034878 0.447534 -0.032182
v 0.037472 0.449611 -0.031558
v 0.035698 0.451529 -0.033906
v 0.032337 0.450353 -0.035193
v 0.034832 0.447625 -0.032005
v 0.037426 0.449701 -0.031381
v 0.029609 0.452405 -0.036185
v 0.032383 0.450263 -0.035369
v 0.028598 0.448621 -0.034384
v 0.026500 0.451155 -0.035224
v 0.023308 0.448839 -0.035773
v 0.024615 0.445848 -0.034905
v 0.028552 0.448712 -0.034208
v 0.026454 0.451246 -0.035048
v 0.022178 0.443871 -0.033756
v 0.024662 0.445757 -0.035082
v 0.027157 0.443029 -0.031894
v 0.024108 0.441796 -0.031052
v 0.026159 0.439263 -0.030116
v 0.029701 0.439926 -0.030537
v 0.027111 0.443119 -0.031718
v 0.024062 0.441887 -0.030876
v 0.032225 0.438537 -0.028389
v 0.029747 0.439836 -0.030714
v 0.033683 0.442700 -0.030016
v 0.035305 0.440897 -0.027658
v 0.038310 0.442197 -0.028438
v 0.037422 0.444432 -0.030825
v 0.033637 0.442790 -0.029840
v 0.035259 0.440987 -0.027482
v 0.043476 0.455563 -0.028482
v 0.043430 0.455653 -0.028306
v 0.020809 0.458167 -0.035755
v 0.020763 0.458257 -0.035578
v 0.016106 0.439592 -0.027463
v 0.016060 0.439682 -0.027287
v 0.038835 0.437178 -0.020271
v 0.038789 0.437268 -0.020095
v 0.034061 0.439481 -0.043091
v 0.033618 0.439221 -0.043076
v 0.033365 0.439516 -0.043291
v 0.033809 0.439775 -0.043308
v 0.034550 0.445229 -0.030666
v 0.032926 0.447297 -0.031017
v 0.031539 0.448734 -0.033252
v 0.029207 0.447941 -0.032321
v 0.026968 0.446067 -0.033082
v 0.028354 0.444630 -0.030847
v 0.029979 0.442561 -0.030496
v 0.032218 0.444435 -0.029735
v 0.031671 0.448758 -0.033658
v 0.033156 0.447207 -0.031339
v 0.034866 0.445038 -0.030914
v 0.032405 0.444170 -0.029978
v 0.030015 0.442208 -0.030733
v 0.028305 0.444376 -0.031158
v 0.026820 0.445928 -0.033477
v 0.029210 0.447889 -0.032722
v 0.033076 0.439853 -0.043541
v 0.033519 0.440112 -0.043557
v 0.033899 0.440333 -0.043572
v 0.034188 0.439996 -0.043322
v 0.034441 0.439702 -0.043106
v 0.023354 0.448748 -0.035949
v 0.029563 0.452495 -0.036009
v 0.038356 0.442107 -0.028614
v 0.032179 0.438627 -0.028213
v 0.035744 0.451438 -0.034082
v 0.039348 0.447292 -0.030778
v 0.026205 0.439172 -0.030292
v 0.022132 0.443962 -0.033580
v 0.040828 0.447086 -0.029642
v 0.036719 0.450326 -0.030828
v 0.035444 0.446171 -0.027692
v 0.039640 0.445390 -0.027497
v 0.030150 0.453849 -0.035896
v 0.025966 0.451256 -0.034122
v 0.031495 0.451271 -0.031341
v 0.032343 0.453967 -0.033805
v 0.020690 0.444665 -0.033516
v 0.024075 0.442519 -0.030138
v 0.024691 0.447101 -0.030986
v 0.021023 0.447023 -0.033220
v 0.031988 0.437834 -0.027075
v 0.034827 0.441589 -0.026844
v 0.029604 0.442534 -0.027357
v 0.029063 0.438829 -0.026915
v 0.050911 0.441816 -0.030233
v 0.035326 0.459016 -0.043134
v 0.012795 0.445113 -0.041908
v 0.028622 0.428046 -0.029012
v 0.032713 0.444161 -0.027158
v 0.032971 0.447084 -0.027249
v 0.033833 0.449334 -0.029517
v 0.030633 0.450104 -0.029410
v 0.027467 0.449884 -0.031467
v 0.026604 0.447635 -0.029199
v 0.026347 0.444712 -0.029108
v 0.029513 0.444931 -0.027051
v 0.034638 0.453112 -0.033898
v 0.026258 0.438873 -0.028898
v 0.039101 0.443012 -0.027538
v 0.021975 0.448610 -0.035034
v 0.040899 0.446947 -0.029911
v 0.039711 0.445251 -0.027767
v 0.035515 0.446033 -0.027962
v 0.036789 0.450188 -0.031098
v 0.030220 0.453711 -0.036166
v 0.032414 0.453829 -0.034075
v 0.031566 0.451133 -0.031611
v 0.026036 0.451118 -0.034392
v 0.020770 0.444565 -0.033802
v 0.021094 0.446885 -0.033491
v 0.024762 0.446963 -0.031255
v 0.024145 0.442381 -0.030408
v 0.032059 0.437696 -0.027345
v 0.029134 0.438691 -0.027184
v 0.029674 0.442396 -0.027627
v 0.034898 0.441451 -0.027114
v 0.050981 0.441677 -0.030503
v 0.035396 0.458878 -0.043404
v 0.012866 0.444974 -0.042177
v 0.028693 0.427908 -0.029281
v 0.032784 0.444023 -0.027428
v 0.033041 0.446946 -0.027519
v 0.033904 0.449195 -0.029787
v 0.030703 0.449965 -0.029680
v 0.027537 0.449746 -0.031737
v 0.026675 0.447497 -0.029469
v 0.026418 0.444573 -0.029378
v 0.029584 0.444793 -0.027321
v 0.034709 0.452974 -0.034167
v 0.026329 0.438734 -0.029167
v 0.039172 0.442873 -0.027808
v 0.022036 0.448431 -0.035287
v -0.019079 0.442528 0.025308
v -0.015442 0.437931 0.034135
v -0.016138 0.437164 0.033690
v -0.019304 0.441881 0.025037
v -0.017404 0.437987 0.033352
v -0.020060 0.441418 0.025750
v -0.016990 0.437824 0.034194
v -0.019516 0.442981 0.026404
v -0.020147 0.441873 0.026317
v -0.016257 0.438654 0.034621
v -0.026650 0.446852 0.021976
v -0.027117 0.447014 0.022897
v -0.027096 0.447826 0.022364
v -0.016296 0.424342 0.043607
v -0.014229 0.426328 0.045630
v -0.017894 0.428600 0.045053
v -0.018890 0.426080 0.042935
v -0.022075 0.427343 0.043949
v -0.022311 0.430476 0.046177
v -0.017872 0.428679 0.044863
v -0.018868 0.426159 0.042744
v -0.024946 0.432951 0.046149
v -0.022333 0.430397 0.046368
v -0.020920 0.434409 0.047093
v -0.023778 0.436273 0.046562
v -0.022621 0.439411 0.048849
v -0.019478 0.438352 0.049744
v -0.020898 0.434487 0.046902
v -0.023756 0.436351 0.046372
v -0.017511 0.441059 0.050342
v -0.019500 0.438273 0.049934
v -0.015061 0.436476 0.048619
v -0.013969 0.439715 0.049110
v -0.011061 0.437916 0.049569
v -0.011374 0.434282 0.049005
v -0.015039 0.436555 0.048429
v -0.013947 0.439793 0.048920
v -0.008639 0.432219 0.047730
v -0.011396 0.434204 0.049196
v -0.012816 0.430340 0.046355
v -0.009740 0.429228 0.045285
v -0.010858 0.426044 0.044710
v -0.014207 0.426406 0.045439
v -0.012794 0.430418 0.046164
v -0.009718 0.429306 0.045095
v -0.021188 0.420539 0.036024
v -0.021166 0.420618 0.035834
v -0.030628 0.441670 0.043625
v -0.030606 0.441748 0.043435
v -0.011146 0.448458 0.048665
v -0.011124 0.448536 0.048475
v -0.001902 0.427245 0.041008
v -0.001880 0.427323 0.040818
v -0.017725 0.427487 0.058825
v -0.017562 0.427939 0.059031
v -0.017964 0.428142 0.059067
v -0.018127 0.427689 0.058862
v -0.015158 0.429283 0.045247
v -0.017285 0.430783 0.044531
v -0.019956 0.431692 0.045684
v -0.019077 0.434221 0.045738
v -0.018279 0.436355 0.047796
v -0.015608 0.435446 0.046642
v -0.013481 0.433946 0.047359
v -0.014279 0.431812 0.045301
v -0.020194 0.431480 0.045980
v -0.017367 0.430492 0.044812
v -0.015103 0.428924 0.045516
v -0.014176 0.431585 0.045630
v -0.013323 0.433872 0.047757
v -0.015587 0.435440 0.047053
v -0.018415 0.436429 0.048221
v -0.019267 0.434141 0.046094
v -0.018426 0.428373 0.059110
v -0.018589 0.427921 0.058904
v -0.018729 0.427533 0.058730
v -0.018266 0.427302 0.058686
v -0.017864 0.427099 0.058651
v -0.022643 0.439333 0.049039
v -0.024924 0.433029 0.045959
v -0.010880 0.425966 0.044900
v -0.008617 0.432297 0.047540
v -0.022097 0.427264 0.044139
v -0.016274 0.424420 0.043417
v -0.011083 0.437838 0.049759
v -0.017489 0.441137 0.050152
v -0.015243 0.423171 0.042406
v -0.019156 0.426957 0.042025
v -0.014083 0.428948 0.042144
v -0.012759 0.424819 0.041850
v -0.025894 0.432431 0.044975
v -0.023292 0.437019 0.045686
v -0.020938 0.432045 0.042627
v -0.024477 0.430648 0.042894
v -0.018226 0.442571 0.049887
v -0.014036 0.439909 0.047942
v -0.018218 0.439011 0.045805
v -0.019950 0.442236 0.048192
v -0.007327 0.432730 0.047118
v -0.009900 0.429846 0.044281
v -0.011682 0.434935 0.044883
v -0.008448 0.435655 0.046814
v -0.009886 0.413128 0.044582
v -0.033661 0.425719 0.047016
v -0.024546 0.448796 0.057560
v -0.000851 0.435960 0.055015
v -0.012486 0.431829 0.043304
v -0.014911 0.431480 0.041596
v -0.017966 0.430119 0.041968
v -0.018970 0.433313 0.041881
v -0.020414 0.436076 0.044135
v -0.017359 0.437437 0.043763
v -0.014934 0.437787 0.045472
v -0.013490 0.435024 0.043217
v -0.023518 0.428362 0.043149
v -0.010017 0.438065 0.048799
v -0.010898 0.425410 0.043380
v -0.022183 0.440890 0.048578
v -0.015276 0.423051 0.042697
v -0.012792 0.424700 0.042141
v -0.014116 0.428829 0.042436
v -0.019190 0.426837 0.042316
v -0.025927 0.432311 0.045266
v -0.024511 0.430528 0.043185
v -0.020972 0.431926 0.042918
v -0.023325 0.436900 0.045977
v -0.018299 0.442438 0.050167
v -0.019984 0.442116 0.048483
v -0.018252 0.438891 0.046097
v -0.014069 0.439789 0.048233
v -0.007361 0.432611 0.047409
v -0.008482 0.435535 0.047105
v -0.011716 0.434815 0.045175
v -0.009934 0.429726 0.044572
v -0.009920 0.413008 0.044874
v -0.033695 0.425599 0.047307
v -0.024579 0.448677 0.057851
v -0.000885 0.435840 0.055307
v -0.012519 0.431709 0.043595
v -0.014945 0.431360 0.041887
v -0.017999 0.429999 0.042259
v -0.019003 0.433194 0.042173
v -0.020448 0.435956 0.044427
v -0.017393 0.437317 0.044055
v -0.014968 0.437667 0.045763
v -0.013523 0.434904 0.043509
v -0.023551 0.428242 0.043440
v -0.010051 0.437945 0.049090
v -0.010931 0.425290 0.043672
v -0.022176 0.440785 0.048881
v -0.032806 0.441383 0.030401
v -0.037764 0.433428 0.029684
v -0.036941 0.433253 0.029144
v -0.032260 0.441084 0.030204
v -0.036829 0.434380 0.028367
v -0.032406 0.440696 0.029284
v -0.037446 0.433802 0.028397
v -0.033725 0.441420 0.029760
v -0.033013 0.440835 0.029100
v -0.038293 0.434019 0.028982
v -0.030907 0.448191 0.026085
v -0.031556 0.448092 0.025431
v -0.031557 0.448892 0.025755
v -0.038049 0.420000 0.023670
v -0.040866 0.420029 0.024995
v -0.040782 0.423050 0.022592
v -0.037860 0.422337 0.022079
v -0.038549 0.423845 0.019376
v -0.041592 0.425343 0.018959
v -0.040686 0.423175 0.022686
v -0.037764 0.422463 0.022172
v -0.042208 0.427981 0.017241
v -0.041689 0.425218 0.018866
v -0.044388 0.427444 0.020417
v -0.044308 0.429899 0.018586
v -0.047676 0.430949 0.019274
v -0.048457 0.428855 0.021347
v -0.044292 0.427569 0.020511
v -0.044211 0.430024 0.018679
v -0.050561 0.430003 0.023176
v -0.048553 0.428730 0.021253
v -0.047647 0.426562 0.024980
v -0.049749 0.428411 0.026226
v -0.049818 0.426017 0.028131
v -0.047635 0.423667 0.027476
v -0.047550 0.426687 0.025073
v -0.049652 0.428536 0.026319
v -0.046288 0.421811 0.029771
v -0.047731 0.423541 0.027383
v -0.043566 0.422255 0.026547
v -0.042887 0.420914 0.029203
v -0.040744 0.419146 0.027974
v -0.040770 0.420155 0.025088
v -0.043470 0.422381 0.026640
v -0.042790 0.421039 0.029296
v -0.029781 0.421687 0.021603
v -0.029685 0.421812 0.021697
v -0.043345 0.437118 0.014896
v -0.043249 0.437243 0.014989
v -0.054115 0.434136 0.030068
v -0.054018 0.434261 0.030161
v -0.040431 0.418727 0.036622
v -0.040335 0.418852 0.036716
v -0.050267 0.416779 0.018009
v -0.050662 0.416979 0.018145
v -0.050702 0.417238 0.017842
v -0.050308 0.417036 0.017704
v -0.041795 0.422634 0.024849
v -0.041555 0.424670 0.023610
v -0.042282 0.425706 0.021220
v -0.043690 0.427271 0.022322
v -0.046346 0.427785 0.022634
v -0.045619 0.426749 0.025024
v -0.045859 0.424713 0.026262
v -0.043203 0.424199 0.025951
v -0.042348 0.425507 0.020896
v -0.041606 0.424371 0.023404
v -0.041832 0.422248 0.024746
v -0.043355 0.423872 0.025889
v -0.046145 0.424454 0.026247
v -0.045918 0.426577 0.024905
v -0.046661 0.427714 0.022396
v -0.043871 0.427131 0.022038
v -0.050750 0.417533 0.017491
v -0.050355 0.417332 0.017355
v -0.050018 0.417158 0.017237
v -0.049970 0.416863 0.017587
v -0.049930 0.416605 0.017890
v -0.047772 0.430824 0.019181
v -0.042112 0.428106 0.017334
v -0.040841 0.419020 0.027881
v -0.046192 0.421937 0.029864
v -0.038645 0.423720 0.019283
v -0.037953 0.420125 0.023763
v -0.049914 0.425891 0.028038
v -0.050465 0.430128 0.023269
v -0.036840 0.419288 0.024728
v -0.037561 0.423420 0.022306
v -0.039606 0.423275 0.026686
v -0.037713 0.419953 0.027184
v -0.040922 0.428351 0.016778
v -0.044122 0.430641 0.019389
v -0.040036 0.427466 0.021492
v -0.038859 0.427424 0.018320
v -0.050801 0.431511 0.022993
v -0.048980 0.429032 0.026588
v -0.046168 0.430496 0.023769
v -0.049068 0.432460 0.022106
v -0.046350 0.422024 0.031115
v -0.042419 0.421811 0.029505
v -0.044894 0.425857 0.028691
v -0.047283 0.424635 0.030784
v -0.034761 0.409416 0.026709
v -0.037675 0.425010 0.008745
v -0.058021 0.435014 0.016368
v -0.054895 0.419307 0.034264
v -0.042125 0.424444 0.028060
v -0.040235 0.425603 0.026608
v -0.039249 0.425397 0.023798
v -0.040490 0.428084 0.023533
v -0.043134 0.429672 0.022071
v -0.044120 0.429879 0.024881
v -0.046010 0.428720 0.026333
v -0.043366 0.427132 0.027795
v -0.038159 0.425350 0.018640
v -0.049541 0.426108 0.029252
v -0.039475 0.419214 0.028278
v -0.048265 0.432007 0.019957
v -0.036988 0.419096 0.024585
v -0.037861 0.419761 0.027041
v -0.039754 0.423083 0.026544
v -0.037708 0.423228 0.022163
v -0.041070 0.428159 0.016635
v -0.039007 0.427232 0.018177
v -0.040184 0.427274 0.021349
v -0.044270 0.430449 0.019246
v -0.050926 0.431326 0.022821
v -0.049215 0.432268 0.021963
v -0.046316 0.430304 0.023626
v -0.049128 0.428840 0.026445
v -0.046498 0.421832 0.030972
v -0.047430 0.424443 0.030641
v -0.045042 0.425665 0.028549
v -0.042566 0.421619 0.029362
v -0.034909 0.409224 0.026567
v -0.037822 0.424818 0.008602
v -0.058168 0.434822 0.016226
v -0.055043 0.419115 0.034122
v -0.042273 0.424252 0.027918
v -0.040383 0.425411 0.026466
v -0.039397 0.425205 0.023655
v -0.040637 0.427893 0.023390
v -0.043281 0.429480 0.021928
v -0.044268 0.429687 0.024738
v -0.046158 0.428528 0.026190
v -0.043514 0.426940 0.027653
v -0.038307 0.425158 0.018498
v -0.049688 0.425916 0.029110
v -0.039622 0.419022 0.028135
v -0.048436 0.431808 0.019846
v -0.029736 0.397488 -0.044093
v -0.035300 0.389590 -0.049129
v -0.036006 0.389936 -0.048278
v -0.030364 0.397750 -0.043759
v -0.035051 0.389976 -0.047005
v -0.030834 0.396903 -0.043104
v -0.035305 0.389221 -0.047576
v -0.029317 0.396272 -0.043909
v -0.030401 0.396290 -0.043166
v -0.034536 0.388897 -0.048466
v -0.024551 0.399069 -0.036174
v -0.024416 0.398039 -0.035901
v -0.023549 0.398536 -0.035882
v -0.049795 0.380605 -0.049038
v -0.048045 0.378885 -0.051683
v -0.045422 0.378598 -0.048070
v -0.047787 0.380661 -0.046439
v -0.046340 0.378924 -0.043543
v -0.043269 0.376467 -0.044008
v -0.045331 0.378790 -0.048061
v -0.047696 0.380852 -0.046430
v -0.040548 0.375827 -0.041557
v -0.043361 0.376275 -0.044018
v -0.039404 0.375620 -0.045913
v -0.037258 0.375473 -0.043088
v -0.034284 0.373240 -0.044964
v -0.035651 0.373037 -0.048216
v -0.039312 0.375812 -0.045904
v -0.037167 0.375664 -0.043079
v -0.033059 0.372692 -0.050535
v -0.035742 0.372845 -0.048225
v -0.037804 0.375168 -0.052277
v -0.034599 0.374724 -0.053740
v -0.036677 0.374951 -0.056607
v -0.040335 0.375647 -0.055881
v -0.037712 0.375360 -0.052268
v -0.034508 0.374916 -0.053731
v -0.042553 0.377598 -0.058206
v -0.040427 0.375455 -0.055890
v -0.044088 0.378231 -0.053578
v -0.045369 0.379992 -0.056366
v -0.048511 0.380513 -0.054865
v -0.047954 0.379077 -0.051673
v -0.043997 0.378422 -0.053569
v -0.045278 0.380184 -0.056357
v -0.052825 0.387441 -0.042296
v -0.052734 0.387633 -0.042287
v -0.031053 0.376747 -0.036060
v -0.030961 0.376938 -0.036051
v -0.025819 0.375283 -0.057210
v -0.025727 0.375475 -0.057200
v -0.047658 0.385999 -0.063230
v -0.047567 0.386191 -0.063221
v -0.047514 0.364831 -0.050892
v -0.047077 0.364633 -0.051134
v -0.046843 0.364505 -0.050754
v -0.047281 0.364702 -0.050512
v -0.044930 0.378924 -0.050915
v -0.043196 0.379132 -0.048758
v -0.042156 0.377378 -0.046377
v -0.039633 0.377369 -0.047481
v -0.037645 0.375348 -0.048868
v -0.038685 0.377101 -0.051249
v -0.040419 0.376893 -0.053406
v -0.042406 0.378914 -0.052019
v -0.042376 0.377043 -0.046180
v -0.043507 0.378847 -0.048708
v -0.045319 0.378683 -0.050995
v -0.042669 0.378617 -0.052169
v -0.040533 0.376528 -0.053638
v -0.038720 0.376692 -0.051352
v -0.037590 0.374888 -0.048823
v -0.039726 0.376977 -0.047353
v -0.046577 0.364354 -0.050317
v -0.047014 0.364553 -0.050075
v -0.047389 0.364720 -0.049868
v -0.047656 0.364870 -0.050305
v -0.047889 0.364999 -0.050685
v -0.034376 0.373048 -0.044974
v -0.040457 0.376019 -0.041548
v -0.048602 0.380321 -0.054874
v -0.042461 0.377789 -0.058197
v -0.046432 0.378732 -0.043553
v -0.049703 0.380797 -0.049028
v -0.036768 0.374759 -0.056616
v -0.032968 0.372884 -0.050525
v -0.050985 0.382091 -0.049761
v -0.046809 0.381476 -0.046063
v -0.045136 0.382283 -0.051351
v -0.049435 0.383069 -0.052283
v -0.040934 0.376843 -0.040328
v -0.036469 0.376415 -0.043463
v -0.041517 0.380236 -0.044810
v -0.042716 0.379321 -0.041190
v -0.031430 0.372923 -0.049850
v -0.034317 0.375876 -0.053456
v -0.034796 0.377222 -0.048752
v -0.031536 0.374296 -0.047752
v -0.042079 0.378454 -0.059445
v -0.044657 0.380938 -0.056056
v -0.039365 0.379698 -0.054803
v -0.038986 0.378376 -0.058499
v -0.061789 0.381525 -0.054753
v -0.047397 0.373562 -0.032373
v -0.025137 0.363584 -0.045538
v -0.039768 0.371654 -0.067795
v -0.042379 0.381289 -0.053425
v -0.042449 0.382532 -0.050618
v -0.043653 0.381608 -0.047509
v -0.040307 0.381320 -0.046745
v -0.037531 0.378611 -0.045970
v -0.036327 0.379536 -0.049079
v -0.036257 0.378292 -0.051886
v -0.039032 0.381002 -0.052661
v -0.045141 0.379381 -0.042018
v -0.036545 0.375930 -0.057515
v -0.049066 0.381876 -0.054508
v -0.032782 0.373524 -0.045473
v -0.051125 0.381797 -0.049776
v -0.049575 0.382775 -0.052298
v -0.045276 0.381990 -0.051365
v -0.046949 0.381182 -0.046077
v -0.041074 0.376549 -0.040342
v -0.042856 0.379027 -0.041205
v -0.041657 0.379943 -0.044825
v -0.036609 0.376121 -0.043478
v -0.031580 0.372634 -0.049822
v -0.031677 0.374002 -0.047765
v -0.034936 0.376928 -0.048766
v -0.034457 0.375583 -0.053470
v -0.042220 0.378160 -0.059459
v -0.039127 0.378082 -0.058513
v -0.039505 0.379404 -0.054817
v -0.044797 0.380644 -0.056070
v -0.061930 0.381231 -0.054767
v -0.047537 0.373269 -0.032387
v -0.025277 0.363290 -0.045552
v -0.039908 0.371360 -0.067809
v -0.042519 0.380995 -0.053439
v -0.042589 0.382239 -0.050632
v -0.043793 0.381314 -0.047523
v -0.040447 0.381027 -0.046759
v -0.037671 0.378317 -0.045984
v -0.036468 0.379242 -0.049093
v -0.036397 0.377999 -0.051900
v -0.039172 0.380708 -0.052676
v -0.045281 0.379087 -0.042032
v -0.036685 0.375637 -0.057529
v -0.049206 0.381583 -0.054522
v -0.032912 0.373226 -0.045532
v 0.014593 0.376139 0.014488
v 0.015875 0.367758 0.020943
v 0.015688 0.367298 0.019924
v 0.014711 0.375722 0.013887
v 0.014447 0.368080 0.019403
v 0.013930 0.374887 0.013847
v 0.014538 0.367518 0.020173
v 0.013646 0.375894 0.015299
v 0.013489 0.374958 0.014433
v 0.014745 0.368043 0.021225
v 0.007868 0.381013 0.010116
v 0.007056 0.380616 0.010652
v 0.007014 0.381592 0.010617
v 0.015913 0.351096 0.021703
v 0.016296 0.351836 0.025131
v 0.012585 0.353786 0.023878
v 0.013346 0.352729 0.020673
v 0.009772 0.353002 0.020416
v 0.007698 0.354422 0.023363
v 0.012652 0.353956 0.023779
v 0.013412 0.352900 0.020575
v 0.004609 0.356326 0.023124
v 0.007631 0.354252 0.023462
v 0.007284 0.357353 0.026476
v 0.004391 0.358996 0.025478
v 0.003506 0.360495 0.029161
v 0.006247 0.359357 0.030930
v 0.007350 0.357524 0.026377
v 0.004458 0.359166 0.025379
v 0.006854 0.361468 0.033549
v 0.006180 0.359186 0.031029
v 0.011135 0.358720 0.031445
v 0.010849 0.361271 0.033783
v 0.013791 0.359727 0.034780
v 0.014912 0.356941 0.032600
v 0.011201 0.358891 0.031346
v 0.010915 0.361442 0.033684
v 0.018454 0.356098 0.032084
v 0.014846 0.356770 0.032698
v 0.015949 0.354937 0.028145
v 0.019399 0.354813 0.028373
v 0.019678 0.352351 0.025982
v 0.016363 0.352006 0.025033
v 0.016016 0.355108 0.028047
v 0.019466 0.354984 0.028275
v 0.015785 0.351617 0.011870
v 0.015852 0.351787 0.011771
v -0.002205 0.364618 0.022234
v -0.002139 0.364788 0.022136
v 0.010643 0.369108 0.038693
v 0.010710 0.369279 0.038595
v 0.028511 0.356053 0.028153
v 0.028578 0.356224 0.028054
v 0.007822 0.345404 0.033886
v 0.007739 0.345687 0.034322
v 0.007309 0.345808 0.034238
v 0.007392 0.345524 0.033803
v 0.014674 0.354466 0.025682
v 0.012608 0.355957 0.024745
v 0.009544 0.355896 0.024693
v 0.009469 0.358069 0.026283
v 0.008685 0.358818 0.029173
v 0.011749 0.358878 0.029225
v 0.013815 0.357387 0.030162
v 0.014600 0.356639 0.027272
v 0.009292 0.355539 0.024706
v 0.012524 0.355553 0.024790
v 0.014736 0.354021 0.025755
v 0.014637 0.356277 0.027471
v 0.013824 0.357121 0.030509
v 0.011612 0.358653 0.029544
v 0.008380 0.358639 0.029460
v 0.009193 0.357794 0.026422
v 0.006815 0.345944 0.034144
v 0.006898 0.345662 0.033708
v 0.006969 0.345418 0.033337
v 0.007464 0.345282 0.033431
v 0.007893 0.345160 0.033515
v 0.003439 0.360324 0.029260
v 0.004675 0.356497 0.023026
v 0.019612 0.352181 0.026081
v 0.018520 0.356268 0.031985
v 0.009705 0.352831 0.020515
v 0.015979 0.351267 0.021604
v 0.013724 0.359556 0.034878
v 0.006920 0.361639 0.033450
v 0.017670 0.350838 0.020802
v 0.013178 0.353941 0.020239
v 0.016908 0.355945 0.023721
v 0.019514 0.352720 0.022338
v 0.004401 0.356450 0.021538
v 0.004909 0.360137 0.025384
v 0.009744 0.357774 0.022050
v 0.007010 0.356180 0.019882
v 0.005914 0.362936 0.033516
v 0.011175 0.362062 0.032951
v 0.008638 0.362141 0.028867
v 0.005170 0.363439 0.031232
v 0.019665 0.356962 0.032496
v 0.019444 0.355866 0.027806
v 0.016010 0.359699 0.029617
v 0.017856 0.359509 0.032998
v 0.024763 0.341592 0.020685
v -0.000973 0.349086 0.016276
v -0.004549 0.363555 0.038923
v 0.021239 0.355908 0.043100
v 0.016921 0.357871 0.026658
v 0.015575 0.358315 0.024010
v 0.013211 0.356731 0.022177
v 0.011333 0.359398 0.023020
v 0.008316 0.360400 0.025224
v 0.010679 0.361984 0.027056
v 0.012025 0.361539 0.029704
v 0.015043 0.360538 0.027500
v 0.008491 0.354185 0.019545
v 0.014947 0.360349 0.034781
v 0.020358 0.352532 0.024678
v 0.003511 0.361924 0.029824
v 0.017569 0.350577 0.020953
v 0.019412 0.352459 0.022489
v 0.016806 0.355684 0.023872
v 0.013076 0.353680 0.020390
v 0.004299 0.356189 0.021689
v 0.006908 0.355919 0.020032
v 0.009642 0.357513 0.022200
v 0.004807 0.359876 0.025535
v 0.005787 0.362667 0.033633
v 0.005067 0.363177 0.031382
v 0.008537 0.361880 0.029018
v 0.011073 0.361801 0.033102
v 0.019563 0.356700 0.032647
v 0.017754 0.359248 0.033148
v 0.015908 0.359437 0.029768
v 0.019342 0.355605 0.027957
v 0.024661 0.341331 0.020836
v -0.001075 0.348825 0.016427
v -0.004651 0.363294 0.039074
v 0.021137 0.355647 0.043251
v 0.016819 0.357610 0.026808
v 0.015473 0.358054 0.024160
v 0.013110 0.356470 0.022328
v 0.011231 0.359137 0.023171
v 0.008214 0.360139 0.025375
v 0.010577 0.361722 0.027207
v 0.011924 0.361278 0.029855
v 0.014941 0.360277 0.027651
v 0.008389 0.353924 0.019695
v 0.014845 0.360088 0.034932
v 0.020256 0.352271 0.024829
v 0.003437 0.361671 0.030011
v -0.012610 0.353331 -0.003817
v -0.015642 0.347462 -0.013293
v -0.016374 0.347014 -0.012414
v -0.013290 0.353126 -0.003443
v -0.015309 0.346712 -0.011141
v -0.013358 0.351890 -0.003367
v -0.015335 0.346305 -0.012096
v -0.011716 0.352387 -0.004271
v -0.012706 0.351583 -0.003711
v -0.014554 0.346817 -0.012992
v -0.007235 0.352268 0.004757
v -0.006680 0.351320 0.004454
v -0.006014 0.352049 0.004839
v -0.026483 0.334499 -0.019728
v -0.024401 0.335192 -0.022861
v -0.021313 0.333973 -0.019473
v -0.024243 0.333884 -0.017134
v -0.021841 0.331415 -0.015316
v -0.017938 0.330808 -0.016742
v -0.021295 0.334160 -0.019349
v -0.024224 0.334072 -0.017011
v -0.014747 0.329971 -0.014583
v -0.017956 0.330620 -0.016866
v -0.014023 0.332620 -0.018496
v -0.011545 0.331765 -0.015794
v -0.007978 0.332080 -0.018380
v -0.009604 0.333174 -0.021572
v -0.014005 0.332808 -0.018373
v -0.011527 0.331953 -0.015671
v -0.007179 0.335143 -0.023566
v -0.009622 0.332986 -0.021696
v -0.012979 0.336338 -0.024304
v -0.009819 0.337990 -0.025512
v -0.012265 0.338958 -0.028200
v -0.016049 0.337746 -0.027568
v -0.012961 0.336526 -0.024180
v -0.009801 0.338178 -0.025388
v -0.019227 0.339786 -0.028840
v -0.016067 0.337558 -0.027691
v -0.020468 0.337192 -0.024492
v -0.022704 0.339685 -0.026181
v -0.025827 0.338101 -0.024889
v -0.024383 0.335380 -0.022737
v -0.020450 0.337379 -0.024368
v -0.022686 0.339873 -0.026057
v -0.031316 0.335297 -0.010242
v -0.031298 0.335485 -0.010119
v -0.005147 0.331324 -0.008079
v -0.005129 0.331512 -0.007955
v -0.001774 0.343683 -0.027366
v -0.001756 0.343870 -0.027242
v -0.027993 0.347530 -0.029331
v -0.027975 0.347718 -0.029208
v -0.018457 0.323368 -0.029785
v -0.017978 0.323503 -0.030063
v -0.017658 0.323277 -0.029765
v -0.018137 0.323141 -0.029487
v -0.021265 0.335986 -0.021805
v -0.019401 0.335635 -0.019555
v -0.017450 0.333280 -0.018255
v -0.015085 0.334834 -0.018977
v -0.012515 0.334680 -0.021115
v -0.014467 0.337035 -0.022415
v -0.016331 0.337387 -0.024665
v -0.018901 0.337541 -0.022527
v -0.017517 0.332811 -0.018285
v -0.019593 0.335255 -0.019701
v -0.021566 0.335684 -0.022051
v -0.019063 0.337277 -0.022854
v -0.016330 0.337170 -0.025086
v -0.014357 0.336741 -0.022736
v -0.012281 0.334298 -0.021320
v -0.015013 0.334405 -0.019087
v -0.017291 0.323015 -0.029424
v -0.017770 0.322881 -0.029145
v -0.018180 0.322763 -0.028909
v -0.018547 0.323025 -0.029250
v -0.018867 0.323250 -0.029548
v -0.007997 0.331892 -0.018504
v -0.014729 0.330159 -0.014460
v -0.025846 0.337913 -0.025012
v -0.019209 0.339974 -0.028717
v -0.021859 0.331227 -0.015439
v -0.026465 0.334687 -0.019604
v -0.012283 0.338770 -0.028324
v -0.007161 0.335330 -0.023442
v -0.028298 0.335669 -0.019698
v -0.023548 0.334722 -0.016241
v -0.022791 0.338918 -0.020381
v -0.027422 0.338445 -0.021265
v -0.015377 0.329990 -0.012961
v -0.011167 0.333048 -0.015530
v -0.017732 0.335022 -0.015208
v -0.018166 0.331830 -0.012578
v -0.005588 0.335577 -0.022642
v -0.009947 0.338891 -0.024594
v -0.010410 0.337244 -0.019670
v -0.005982 0.335520 -0.020012
v -0.019223 0.341351 -0.029436
v -0.022328 0.340565 -0.025305
v -0.016512 0.340866 -0.024272
v -0.016046 0.341942 -0.028285
v -0.039264 0.333834 -0.025697
v -0.019614 0.320475 -0.008300
v 0.004623 0.327900 -0.023177
v -0.015289 0.341190 -0.040430
v -0.019930 0.340280 -0.022491
v -0.020162 0.339742 -0.019288
v -0.020652 0.336820 -0.017124
v -0.017166 0.337435 -0.016225
v -0.013322 0.335828 -0.016703
v -0.012831 0.338750 -0.018867
v -0.012600 0.339288 -0.022070
v -0.016444 0.340895 -0.021591
v -0.020666 0.331412 -0.013558
v -0.012607 0.340313 -0.028468
v -0.026852 0.338819 -0.023882
v -0.006664 0.333162 -0.018517
v -0.028326 0.335381 -0.019887
v -0.027450 0.338157 -0.021454
v -0.022819 0.338631 -0.020570
v -0.023576 0.334434 -0.016430
v -0.015405 0.329702 -0.013150
v -0.018194 0.331542 -0.012767
v -0.017760 0.334734 -0.015397
v -0.011195 0.332760 -0.015719
v -0.005623 0.335265 -0.022792
v -0.006010 0.335232 -0.020200
v -0.010438 0.336956 -0.019859
v -0.009975 0.338604 -0.024783
v -0.019251 0.341063 -0.029625
v -0.016074 0.341655 -0.028474
v -0.016540 0.340578 -0.024461
v -0.022356 0.340278 -0.025494
v -0.039292 0.333547 -0.025886
v -0.019642 0.320188 -0.008489
v 0.004595 0.327613 -0.023366
v -0.015317 0.340903 -0.040619
v -0.019958 0.339992 -0.022680
v -0.020190 0.339454 -0.019477
v -0.020680 0.336532 -0.017313
v -0.017194 0.337147 -0.016414
v -0.013350 0.335541 -0.016892
v -0.012859 0.338463 -0.019056
v -0.012628 0.339001 -0.022259
v -0.016472 0.340607 -0.021780
v -0.020694 0.331124 -0.013748
v -0.012635 0.340025 -0.028657
v -0.026880 0.338532 -0.024071
v -0.006685 0.332900 -0.018749
v 0.016527 0.256574 -0.016186
v 0.015640 0.257253 -0.014719
v 0.014585 0.256342 -0.013513
v 0.014417 0.254751 -0.013773
v 0.015304 0.254072 -0.015240
v 0.016359 0.254984 -0.016446
v -0.016672 0.252601 -0.034088
v -0.015002 0.251444 -0.036497
v -0.016680 0.255314 -0.033858
v -0.015017 0.256870 -0.036036
v -0.013347 0.255713 -0.038445
v -0.013340 0.253000 -0.038675
v -0.046833 0.247336 -0.056460
v -0.045016 0.246204 -0.058760
v -0.047136 0.249997 -0.056448
v -0.045622 0.251527 -0.058737
v -0.043803 0.250396 -0.061035
v -0.043501 0.247735 -0.061047
v -0.074744 0.233754 -0.077920
v -0.072783 0.232666 -0.080111
v -0.075336 0.236330 -0.078126
v -0.073967 0.237817 -0.080524
v -0.072004 0.236729 -0.082713
v -0.071412 0.234153 -0.082507
v -0.099645 0.212208 -0.097540
v -0.097028 0.211187 -0.098734
v -0.101090 0.213848 -0.099308
v -0.099919 0.214465 -0.102269
v -0.097299 0.213447 -0.103462
v -0.095854 0.211807 -0.101694
v -0.027340 0.254555 -0.047147
v -0.050886 0.244598 -0.011593
v -0.023904 0.249878 0.007852
v -0.000358 0.259835 -0.027702
v -0.015512 0.254662 -0.036991
v -0.006225 0.257999 -0.051709
v -0.023264 0.249408 -0.064893
v -0.032551 0.246072 -0.050175
v -0.086573 0.220615 -0.091876
v -0.065579 0.240809 -0.074441
v -0.052849 0.246076 -0.093591
v -0.073904 0.226052 -0.111055
v -0.106989 0.212498 -0.100983
v -0.086159 0.221964 -0.094778
v -0.082579 0.224752 -0.110041
v -0.101258 0.209326 -0.115202
v -0.118618 0.212051 -0.084550
v -0.098465 0.214966 -0.097905
v -0.115581 0.205021 -0.124680
v -0.134230 0.197938 -0.110595
v -0.073529 0.227592 -0.031008
v -0.097107 0.205750 0.006431
v -0.074463 0.222756 0.025846
v 0.019381 0.243969 -0.123857
v -0.006383 0.233933 -0.143890
v -0.034459 0.243940 -0.115166
v -0.007401 0.250390 -0.094505
v 0.032279 0.256207 -0.058351
v 0.048845 0.245429 -0.073541
v 0.028262 0.243685 -0.088707
v 0.011696 0.254464 -0.073517
v -0.025791 0.252526 -0.072929
v -0.040018 0.218416 -0.148625
v -0.061836 0.208500 -0.155124
v -0.074794 0.220443 -0.129355
v -0.050824 0.224398 -0.121811
v -0.058609 0.228708 -0.102497
v -0.093380 0.199992 -0.136147
v -0.105325 0.175606 -0.160448
v -0.125348 0.174599 -0.147924
v -0.038460 0.247089 -0.053750
v -0.028733 0.217495 -0.161983
v -0.055514 0.223916 -0.132630
v -0.064340 0.231880 -0.088278
v -0.082666 0.199034 -0.161330
v -0.093473 0.205016 -0.134516
v -0.049983 0.237549 -0.066562
v -0.047481 0.228036 0.045291
v -0.077767 0.214105 -0.110103
v -0.146175 0.173551 -0.134896
v 0.005071 0.256405 -0.021825
v 0.014357 0.259742 -0.036543
v 0.011223 0.235095 -0.101890
v -0.005343 0.245873 -0.086700
v -0.027314 0.254483 -0.047135
v -0.000332 0.259763 -0.027690
v -0.023878 0.249806 0.007865
v -0.050860 0.244526 -0.011580
v -0.015486 0.254590 -0.036978
v -0.032525 0.246000 -0.050162
v -0.023238 0.249336 -0.064880
v -0.006199 0.257927 -0.051697
v -0.086547 0.220543 -0.091863
v -0.073878 0.225980 -0.111043
v -0.052823 0.246004 -0.093578
v -0.065553 0.240737 -0.074429
v -0.106963 0.212426 -0.100970
v -0.101232 0.209254 -0.115189
v -0.082553 0.224680 -0.110028
v -0.086133 0.221892 -0.094765
v -0.118592 0.211979 -0.084538
v -0.134204 0.197866 -0.110583
v -0.115555 0.204949 -0.124668
v -0.098439 0.214894 -0.097892
v -0.073503 0.227520 -0.030995
v -0.074437 0.222684 0.025859
v -0.097081 0.205678 0.006444
v 0.019407 0.243897 -0.123844
v -0.007375 0.250318 -0.094492
v -0.034433 0.243868 -0.115154
v -0.006357 0.233861 -0.143877
v 0.032305 0.256135 -0.058338
v 0.011722 0.254391 -0.073504
v 0.028288 0.243613 -0.088694
v 0.048871 0.245357 -0.073528
v -0.025765 0.252454 -0.072917
v -0.039992 0.218344 -0.148612
v -0.050799 0.224326 -0.121798
v -0.074768 0.220371 -0.129343
v -0.061810 0.208428 -0.155112
v -0.058583 0.228636 -0.102484
v -0.093354 0.199920 -0.136135
v -0.125323 0.174527 -0.147911
v -0.105299 0.175534 -0.160436
v -0.038434 0.247017 -0.053737
v -0.055488 0.223844 -0.132618
v -0.028707 0.217423 -0.161970
v -0.064314 0.231808 -0.088265
v -0.093447 0.204944 -0.134504
v -0.082640 0.198962 -0.161317
v -0.049957 0.237477 -0.066549
v -0.047455 0.227964 0.045304
v -0.077741 0.214033 -0.110090
v -0.146150 0.173479 -0.134884
v 0.005097 0.256333 -0.021813
v 0.014383 0.259670 -0.036531
v -0.005317 0.245801 -0.086688
v 0.011249 0.235023 -0.101878
v -0.077907 0.233739 -0.082431
v -0.101392 0.225904 -0.058464
v -0.083438 0.230059 -0.039424
v -0.059954 0.237893 -0.063391
v -0.115997 0.212523 -0.076834
v -0.139786 0.195337 -0.051416
v -0.125180 0.208718 -0.033046
v -0.092513 0.220358 -0.100801
v -0.107226 0.212873 -0.014006
v -0.077881 0.233667 -0.082418
v -0.059928 0.237821 -0.063378
v -0.083412 0.229987 -0.039412
v -0.101366 0.225832 -0.058451
v -0.115971 0.212451 -0.076822
v -0.125154 0.208647 -0.033033
v -0.139760 0.195265 -0.051404
v -0.092487 0.220286 -0.100788
v -0.107200 0.212801 -0.013994
vt 0.979100 0.278100
vt 0.972100 0.278800
vt 0.972100 0.146100
vt 0.979100 0.145400
vt 0.986100 0.278200
vt 0.986100 0.145400
vt 0.954200 0.278800
vt 0.948600 0.278800
vt 0.948600 0.146000
vt 0.954200 0.146000
vt 0.959400 0.278700
vt 0.960400 0.146000
vt 0.966000 0.278500
vt 0.966000 0.145700
vt 0.972100 0.366500
vt 0.979100 0.365800
vt 0.986100 0.366000
vt 0.948600 0.366500
vt 0.954200 0.366500
vt 0.959900 0.366500
vt 0.966000 0.366200
vt 0.972100 0.637100
vt 0.972100 0.439100
vt 0.979100 0.438400
vt 0.979100 0.636400
vt 0.986100 0.438600
vt 0.986100 0.636400
vt 0.948600 0.439100
vt 0.954200 0.439000
vt 0.954200 0.637100
vt 0.948600 0.637100
vt 0.960400 0.439100
vt 0.961200 0.637000
vt 0.966000 0.438800
vt 0.966000 0.636700
vt 0.979100 0.809100
vt 0.972100 0.809900
vt 0.972100 0.690800
vt 0.979100 0.690000
vt 0.986100 0.809300
vt 0.986100 0.690000
vt 0.954200 0.809800
vt 0.948600 0.809800
vt 0.948600 0.690700
vt 0.954200 0.690700
vt 0.959400 0.809800
vt 0.960800 0.690600
vt 0.966000 0.809500
vt 0.966000 0.690300
vt 0.972100 0.393100
vt 0.979100 0.392500
vt 0.979100 0.413200
vt 0.972100 0.413800
vt 0.986100 0.392700
vt 0.986100 0.413400
vt 0.948600 0.393100
vt 0.954200 0.393100
vt 0.954200 0.413800
vt 0.948600 0.413800
vt 0.960100 0.393100
vt 0.960300 0.413900
vt 0.966000 0.392900
vt 0.966000 0.413600
vt 0.959900 0.855300
vt 0.982600 0.854900
vt 0.742000 0.007600
vt 0.742000 0.293100
vt 0.546900 0.293100
vt 0.546900 0.007600
vt 0.982800 0.999300
vt 0.975800 0.999300
vt 0.958200 0.999300
vt 0.947600 0.999300
vt 0.954700 0.999300
vt 0.972300 0.999300
vt 0.947600 0.868000
vt 0.954700 0.868000
vt 0.982800 0.868000
vt 0.989900 0.868000
vt 0.989900 0.999300
vt 0.982800 0.999300
vt 0.975800 0.868000
vt 0.968700 0.868000
vt 0.968700 0.999300
vt 0.961700 0.868000
vt 0.961700 0.999300
vt 0.947600 0.736600
vt 0.954700 0.736600
vt 0.982800 0.736600
vt 0.989900 0.736600
vt 0.975800 0.736600
vt 0.968700 0.736600
vt 0.961700 0.736600
vt 0.947600 0.605300
vt 0.954700 0.605300
vt 0.982800 0.605300
vt 0.989900 0.605300
vt 0.975800 0.605300
vt 0.968700 0.605300
vt 0.961700 0.605300
vt 0.947600 0.473900
vt 0.954700 0.473900
vt 0.982800 0.473900
vt 0.989900 0.473900
vt 0.975800 0.473900
vt 0.968700 0.473900
vt 0.961700 0.473900
vt 0.708200 0.007600
vt 0.708200 0.351200
vt 0.546900 0.351200
vt 0.546900 0.007600
vt 0.546900 0.007600
vt 0.930700 0.007600
vt 0.930700 0.263400
vt 0.546900 0.263400
vt 0.930700 0.007600
vt 0.930700 0.225900
vt 0.546900 0.225900
vt 0.546900 0.007600
vt 0.930700 0.647300
vt 0.546900 0.647300
vt 0.546900 0.007600
vt 0.930700 0.007600
vt 0.982800 0.999300
vt 0.975800 0.999300
vt 0.958200 0.999300
vt 0.947600 0.999300
vt 0.954700 0.999300
vt 0.972300 0.999300
vt 0.947600 0.868000
vt 0.954700 0.868000
vt 0.982800 0.868000
vt 0.989900 0.868000
vt 0.989900 0.999300
vt 0.982800 0.999300
vt 0.975800 0.868000
vt 0.968700 0.868000
vt 0.968700 0.999300
vt 0.961700 0.868000
vt 0.961700 0.999300
vt 0.947600 0.736600
vt 0.954700 0.736600
vt 0.982800 0.736600
vt 0.989900 0.736600
vt 0.975800 0.736600
vt 0.968700 0.736600
vt 0.961700 0.736600
vt 0.947600 0.605300
vt 0.954700 0.605300
vt 0.982800 0.605300
vt 0.989900 0.605300
vt 0.975800 0.605300
vt 0.968700 0.605300
vt 0.961700 0.605300
vt 0.947600 0.473900
vt 0.954700 0.473900
vt 0.982800 0.473900
vt 0.989900 0.473900
vt 0.975800 0.473900
vt 0.968700 0.473900
vt 0.961700 0.473900
vt 0.546900 0.276900
vt 0.930700 0.276900
vt 0.930700 0.647300
vt 0.546900 0.647300
vt 0.930700 0.310400
vt 0.930700 0.647300
vt 0.546900 0.647300
vt 0.546900 0.310400
vt 0.930700 0.007600
vt 0.930700 0.647300
vt 0.772400 0.647300
vt 0.772400 0.007600
vt 0.930700 0.247400
vt 0.930700 0.647300
vt 0.546900 0.647300
vt 0.546900 0.247400
vt 0.930700 0.297900
vt 0.930700 0.647300
vt 0.546900 0.647300
vt 0.546900 0.297900
vt 0.546900 0.294300
vt 0.930700 0.294300
vt 0.930700 0.647300
vt 0.546900 0.647300
vt 0.982800 0.999300
vt 0.975800 0.999300
vt 0.958200 0.999300
vt 0.947600 0.999300
vt 0.954700 0.999300
vt 0.972300 0.999300
vt 0.947600 0.868000
vt 0.954700 0.868000
vt 0.982800 0.868000
vt 0.989900 0.868000
vt 0.989900 0.999300
vt 0.982800 0.999300
vt 0.975800 0.868000
vt 0.968700 0.868000
vt 0.968700 0.999300
vt 0.961700 0.868000
vt 0.961700 0.999300
vt 0.947600 0.736600
vt 0.954700 0.736600
vt 0.982800 0.736600
vt 0.989900 0.736600
vt 0.975800 0.736600
vt 0.968700 0.736600
vt 0.961700 0.736600
vt 0.947600 0.605300
vt 0.954700 0.605300
vt 0.982800 0.605300
vt 0.989900 0.605300
vt 0.975800 0.605300
vt 0.968700 0.605300
vt 0.961700 0.605300
vt 0.947600 0.473900
vt 0.954700 0.473900
vt 0.982800 0.473900
vt 0.989900 0.473900
vt 0.975800 0.473900
vt 0.968700 0.473900
vt 0.961700 0.473900
vt 0.930700 0.647300
vt 0.546900 0.647300
vt 0.546900 0.007600
vt 0.930700 0.007600
vt 0.930700 0.007600
vt 0.930700 0.647300
vt 0.738000 0.647300
vt 0.738000 0.007600
vt 0.930700 0.292600
vt 0.930700 0.647300
vt 0.546900 0.647300
vt 0.546900 0.292600
vt 0.930700 0.352000
vt 0.930700 0.647300
vt 0.546900 0.647300
vt 0.546900 0.352000
vt 0.546900 0.290900
vt 0.930700 0.290900
vt 0.930700 0.647300
vt 0.546900 0.647300
vt 0.954700 0.473900
vt 0.961700 0.473900
vt 0.979300 0.473900
vt 0.989900 0.473900
vt 0.982800 0.473900
vt 0.965200 0.473900
vt 0.989900 0.605300
vt 0.982800 0.605300
vt 0.954700 0.605300
vt 0.947600 0.605300
vt 0.947600 0.473900
vt 0.954700 0.473900
vt 0.961700 0.605300
vt 0.968700 0.605300
vt 0.968700 0.473900
vt 0.975800 0.605300
vt 0.975800 0.473900
vt 0.989900 0.736600
vt 0.982800 0.736600
vt 0.954700 0.736600
vt 0.947600 0.736600
vt 0.961700 0.736600
vt 0.968700 0.736600
vt 0.975800 0.736600
vt 0.989900 0.868000
vt 0.982800 0.868000
vt 0.954700 0.868000
vt 0.947600 0.868000
vt 0.961700 0.868000
vt 0.968700 0.868000
vt 0.975800 0.868000
vt 0.989900 0.999300
vt 0.982800 0.999300
vt 0.954700 0.999300
vt 0.947600 0.999300
vt 0.961700 0.999300
vt 0.968700 0.999300
vt 0.975800 0.999300
vt 0.930700 0.647300
vt 0.546900 0.647300
vt 0.546900 0.007600
vt 0.930700 0.007600
vt 0.930700 0.647300
vt 0.546900 0.647300
vt 0.546900 0.007600
vt 0.930700 0.007600
vt 0.930700 0.647300
vt 0.546900 0.647300
vt 0.546900 0.007600
vt 0.930700 0.007600
vt 0.749300 0.007600
vt 0.749300 0.380400
vt 0.546900 0.380400
vt 0.546900 0.007600
vt 0.750300 0.007600
vt 0.750300 0.337200
vt 0.546900 0.337200
vt 0.546900 0.007600
vt 0.546900 0.007600
vt 0.754300 0.007600
vt 0.754300 0.331800
vt 0.546900 0.331800
vt 0.954700 0.473900
vt 0.961700 0.473900
vt 0.979300 0.473900
vt 0.989900 0.473900
vt 0.982800 0.473900
vt 0.965200 0.473900
vt 0.989900 0.605300
vt 0.982800 0.605300
vt 0.954700 0.605300
vt 0.947600 0.605300
vt 0.947600 0.473900
vt 0.954700 0.473900
vt 0.961700 0.605300
vt 0.968700 0.605300
vt 0.968700 0.473900
vt 0.975800 0.605300
vt 0.975800 0.473900
vt 0.989900 0.736600
vt 0.982800 0.736600
vt 0.954700 0.736600
vt 0.947600 0.736600
vt 0.961700 0.736600
vt 0.968700 0.736600
vt 0.975800 0.736600
vt 0.989900 0.868000
vt 0.982800 0.868000
vt 0.954700 0.868000
vt 0.947600 0.868000
vt 0.961700 0.868000
vt 0.968700 0.868000
vt 0.975800 0.868000
vt 0.989900 0.999300
vt 0.982800 0.999300
vt 0.954700 0.999300
vt 0.947600 0.999300
vt 0.961700 0.999300
vt 0.968700 0.999300
vt 0.975800 0.999300
vt 0.546900 0.331300
vt 0.930700 0.331300
vt 0.930700 0.647300
vt 0.546900 0.647300
vt 0.930700 0.325100
vt 0.930700 0.647300
vt 0.546900 0.647300
vt 0.546900 0.325100
vt 0.930700 0.334900
vt 0.930700 0.647300
vt 0.546900 0.647300
vt 0.546900 0.334900
vt 0.930700 0.007600
vt 0.930700 0.647300
vt 0.730800 0.647300
vt 0.730800 0.007600
vt 0.546900 0.367300
vt 0.930700 0.367300
vt 0.930700 0.647300
vt 0.546900 0.647300
vt 0.954700 0.473900
vt 0.961700 0.473900
vt 0.979300 0.473900
vt 0.989900 0.473900
vt 0.982800 0.473900
vt 0.965200 0.473900
vt 0.989900 0.605300
vt 0.982800 0.605300
vt 0.954700 0.605300
vt 0.947600 0.605300
vt 0.947600 0.473900
vt 0.954700 0.473900
vt 0.961700 0.605300
vt 0.968700 0.605300
vt 0.968700 0.473900
vt 0.975800 0.605300
vt 0.975800 0.473900
vt 0.989900 0.736600
vt 0.982800 0.736600
vt 0.954700 0.736600
vt 0.947600 0.736600
vt 0.961700 0.736600
vt 0.968700 0.736600
vt 0.975800 0.736600
vt 0.989900 0.868000
vt 0.982800 0.868000
vt 0.954700 0.868000
vt 0.947600 0.868000
vt 0.961700 0.868000
vt 0.968700 0.868000
vt 0.975800 0.868000
vt 0.989900 0.999300
vt 0.982800 0.999300
vt 0.954700 0.999300
vt 0.947600 0.999300
vt 0.961700 0.999300
vt 0.968700 0.999300
vt 0.975800 0.999300
vt 0.546900 0.339700
vt 0.930700 0.339700
vt 0.930700 0.647300
vt 0.546900 0.647300
vt 0.930700 0.320300
vt 0.930700 0.647300
vt 0.546900 0.647300
vt 0.546900 0.320300
vt 0.732500 0.318100
vt 0.930700 0.318100
vt 0.930700 0.647300
vt 0.732500 0.647300
vt 0.930700 0.007600
vt 0.930700 0.647300
vt 0.722500 0.647300
vt 0.722500 0.007600
vt 0.930700 0.007600
vt 0.930700 0.647300
vt 0.737100 0.647300
vt 0.737100 0.007600
vt 0.930700 0.647300
vt 0.742000 0.647300
vt 0.930700 0.293100
vt 0.930700 0.647300
vt 0.546900 0.647300
vt 0.930700 0.647300
vt 0.546900 0.647300
vt 0.954700 0.473900
vt 0.961700 0.473900
vt 0.979300 0.473900
vt 0.989900 0.473900
vt 0.982800 0.473900
vt 0.965200 0.473900
vt 0.989900 0.605300
vt 0.982800 0.605300
vt 0.954700 0.605300
vt 0.947600 0.605300
vt 0.947600 0.473900
vt 0.954700 0.473900
vt 0.961700 0.605300
vt 0.968700 0.605300
vt 0.968700 0.473900
vt 0.975800 0.605300
vt 0.975800 0.473900
vt 0.989900 0.736600
vt 0.982800 0.736600
vt 0.954700 0.736600
vt 0.947600 0.736600
vt 0.961700 0.736600
vt 0.968700 0.736600
vt 0.975800 0.736600
vt 0.989900 0.868000
vt 0.982800 0.868000
vt 0.954700 0.868000
vt 0.947600 0.868000
vt 0.961700 0.868000
vt 0.968700 0.868000
vt 0.975800 0.868000
vt 0.989900 0.999300
vt 0.982800 0.999300
vt 0.954700 0.999300
vt 0.947600 0.999300
vt 0.961700 0.999300
vt 0.968700 0.999300
vt 0.975800 0.999300
vt 0.930700 0.647300
vt 0.546900 0.647300
vt 0.546900 0.007600
vt 0.930700 0.007600
vt 0.546900 0.007600
vt 0.732500 0.007600
vt 0.732500 0.321800
vt 0.546900 0.321800
vt 0.930700 0.007600
vt 0.930700 0.283900
vt 0.546900 0.283900
vt 0.546900 0.007600
vt 0.750500 0.007600
vt 0.750500 0.293100
vt 0.546900 0.293100
vt 0.546900 0.007600
vt 0.733100 0.007600
vt 0.733100 0.313700
vt 0.546900 0.313700
vt 0.546900 0.007600
vt 0.930700 0.647300
vt 0.546900 0.647300
vt 0.930700 0.293100
vt 0.930700 0.647300
vt 0.750500 0.647300
vt 0.930700 0.313700
vt 0.930700 0.647300
vt 0.733100 0.647300
vt 0.982800 0.999300
vt 0.975800 0.999300
vt 0.958200 0.999300
vt 0.947600 0.999300
vt 0.954700 0.999300
vt 0.972300 0.999300
vt 0.947600 0.868000
vt 0.954700 0.868000
vt 0.982800 0.868000
vt 0.989900 0.868000
vt 0.989900 0.999300
vt 0.982800 0.999300
vt 0.975800 0.868000
vt 0.968700 0.868000
vt 0.968700 0.999300
vt 0.961700 0.868000
vt 0.961700 0.999300
vt 0.947600 0.736600
vt 0.954700 0.736600
vt 0.982800 0.736600
vt 0.989900 0.736600
vt 0.975800 0.736600
vt 0.968700 0.736600
vt 0.961700 0.736600
vt 0.947600 0.605300
vt 0.954700 0.605300
vt 0.982800 0.605300
vt 0.989900 0.605300
vt 0.975800 0.605300
vt 0.968700 0.605300
vt 0.961700 0.605300
vt 0.947600 0.473900
vt 0.954700 0.473900
vt 0.982800 0.473900
vt 0.989900 0.473900
vt 0.975800 0.473900
vt 0.968700 0.473900
vt 0.961700 0.473900
vt 0.546900 0.007600
vt 0.735100 0.007600
vt 0.735100 0.172600
vt 0.546900 0.172600
vt 0.930700 0.647300
vt 0.735100 0.647300
vt 0.735100 0.371300
vt 0.930700 0.371300
vt 0.930700 0.172600
vt 0.930700 0.007600
vt 0.546900 0.647300
vt 0.546900 0.371300
vt 0.546900 0.007600
vt 0.735100 0.007600
vt 0.735100 0.172600
vt 0.546900 0.172600
vt 0.930700 0.647300
vt 0.735100 0.647300
vt 0.735100 0.371300
vt 0.930700 0.371300
vt 0.930700 0.172600
vt 0.930700 0.007600
vt 0.546900 0.647300
vt 0.546900 0.371300
vt 0.546900 0.007600
vt 0.735100 0.007600
vt 0.735100 0.172600
vt 0.546900 0.172600
vt 0.930700 0.647300
vt 0.735100 0.647300
vt 0.735100 0.371300
vt 0.930700 0.371300
vt 0.930700 0.172600
vt 0.930700 0.007600
vt 0.546900 0.647300
vt 0.546900 0.371300
vt 0.546900 0.007600
vt 0.735100 0.007600
vt 0.735100 0.172600
vt 0.546900 0.172600
vt 0.930700 0.647300
vt 0.735100 0.647300
vt 0.735100 0.371300
vt 0.930700 0.371300
vt 0.930700 0.172600
vt 0.930700 0.007600
vt 0.546900 0.647300
vt 0.546900 0.371300
vt 0.930700 0.007600
vt 0.546900 0.647300
vt 0.930700 0.647300
vt 0.732500 0.647300
vt 0.930700 0.321800
vt 0.930700 0.007600
vt 0.546900 0.647300
vt 0.930700 0.007600
vt 0.546900 0.647300
vt 0.930700 0.007600
vt 0.546900 0.647300
vt 0.930700 0.007600
vt 0.930700 0.351200
vt 0.708200 0.647300
vt 0.546900 0.647300
vt 0.930700 0.647300
vt 0.930700 0.007600
vt 0.930700 0.331800
vt 0.754300 0.647300
vt 0.546900 0.647300
vt 0.930700 0.647300
vt 0.930700 0.007600
vt 0.930700 0.337200
vt 0.750300 0.647300
vt 0.546900 0.647300
vt 0.930700 0.647300
vt 0.930700 0.007600
vt 0.930700 0.380400
vt 0.749300 0.647300
vt 0.546900 0.647300
vt 0.930700 0.647300
vt 0.742000 0.007600
vt 0.546900 0.007600
vt 0.546900 0.293100
vt 0.742000 0.293100
vt 0.708200 0.007600
vt 0.546900 0.007600
vt 0.546900 0.351200
vt 0.708200 0.351200
vt 0.546900 0.007600
vt 0.546900 0.263400
vt 0.930700 0.263400
vt 0.930700 0.007600
vt 0.930700 0.007600
vt 0.546900 0.007600
vt 0.546900 0.225900
vt 0.930700 0.225900
vt 0.930700 0.647300
vt 0.930700 0.007600
vt 0.546900 0.007600
vt 0.546900 0.647300
vt 0.546900 0.281000
vt 0.546900 0.647300
vt 0.930700 0.647300
vt 0.930700 0.281000
vt 0.546900 0.647300
vt 0.930700 0.647300
vt 0.930700 0.308500
vt 0.546900 0.308500
vt 0.753500 0.647300
vt 0.930700 0.647300
vt 0.930700 0.007600
vt 0.753500 0.007600
vt 0.546900 0.647300
vt 0.930700 0.647300
vt 0.930700 0.253700
vt 0.546900 0.253700
vt 0.546900 0.647300
vt 0.930700 0.647300
vt 0.930700 0.293000
vt 0.546900 0.293000
vt 0.546900 0.301600
vt 0.546900 0.647300
vt 0.930700 0.647300
vt 0.930700 0.301600
vt 0.930700 0.647300
vt 0.930700 0.007600
vt 0.546900 0.007600
vt 0.546900 0.647300
vt 0.930700 0.647300
vt 0.930700 0.007600
vt 0.546900 0.007600
vt 0.546900 0.647300
vt 0.930700 0.647300
vt 0.930700 0.007600
vt 0.546900 0.007600
vt 0.546900 0.647300
vt 0.930700 0.647300
vt 0.930700 0.007600
vt 0.546900 0.007600
vt 0.546900 0.647300
vt 0.930700 0.647300
vt 0.930700 0.007600
vt 0.546900 0.007600
vt 0.546900 0.647300
vt 0.930700 0.647300
vt 0.930700 0.007600
vt 0.546900 0.007600
vt 0.546900 0.647300
vt 0.930700 0.647300
vt 0.930700 0.007600
vt 0.546900 0.007600
vt 0.546900 0.647300
vt 0.930700 0.647300
vt 0.930700 0.007600
vt 0.546900 0.007600
vt 0.546900 0.647300
vt 0.749300 0.007600
vt 0.546900 0.007600
vt 0.546900 0.380400
vt 0.749300 0.380400
vt 0.750300 0.007600
vt 0.546900 0.007600
vt 0.546900 0.337200
vt 0.750300 0.337200
vt 0.546900 0.007600
vt 0.546900 0.331800
vt 0.754300 0.331800
vt 0.754300 0.007600
vt 0.546900 0.341000
vt 0.546900 0.647300
vt 0.930700 0.647300
vt 0.930700 0.341000
vt 0.546900 0.647300
vt 0.930700 0.647300
vt 0.930700 0.324300
vt 0.546900 0.324300
vt 0.546900 0.647300
vt 0.930700 0.647300
vt 0.930700 0.333200
vt 0.546900 0.333200
vt 0.726600 0.647300
vt 0.930700 0.647300
vt 0.930700 0.007600
vt 0.726600 0.007600
vt 0.546900 0.368200
vt 0.546900 0.647300
vt 0.930700 0.647300
vt 0.930700 0.368200
vt 0.546900 0.337600
vt 0.546900 0.647300
vt 0.930700 0.647300
vt 0.930700 0.337600
vt 0.546900 0.647300
vt 0.930700 0.647300
vt 0.930700 0.320000
vt 0.546900 0.320000
vt 0.732300 0.336500
vt 0.732300 0.647300
vt 0.930700 0.647300
vt 0.930700 0.336500
vt 0.726400 0.647300
vt 0.930700 0.647300
vt 0.930700 0.007600
vt 0.726400 0.007600
vt 0.734800 0.647300
vt 0.930700 0.647300
vt 0.930700 0.007600
vt 0.734800 0.007600
vt 0.930700 0.647300
vt 0.930700 0.293100
vt 0.742000 0.647300
vt 0.546900 0.647300
vt 0.930700 0.647300
vt 0.930700 0.647300
vt 0.546900 0.647300
vt 0.930700 0.647300
vt 0.930700 0.007600
vt 0.546900 0.007600
vt 0.546900 0.647300
vt 0.546900 0.007600
vt 0.546900 0.321800
vt 0.732500 0.321800
vt 0.732500 0.007600
vt 0.930700 0.007600
vt 0.546900 0.007600
vt 0.546900 0.283900
vt 0.930700 0.283900
vt 0.750500 0.007600
vt 0.546900 0.007600
vt 0.546900 0.293100
vt 0.750500 0.293100
vt 0.733100 0.007600
vt 0.546900 0.007600
vt 0.546900 0.313700
vt 0.733100 0.313700
vt 0.546900 0.647300
vt 0.930700 0.647300
vt 0.930700 0.293100
vt 0.750500 0.647300
vt 0.930700 0.647300
vt 0.930700 0.313700
vt 0.733100 0.647300
vt 0.930700 0.647300
vt 0.546900 0.007600
vt 0.546900 0.172600
vt 0.735100 0.172600
vt 0.735100 0.007600
vt 0.930700 0.647300
vt 0.930700 0.371300
vt 0.735100 0.371300
vt 0.735100 0.647300
vt 0.930700 0.172600
vt 0.930700 0.007600
vt 0.546900 0.371300
vt 0.546900 0.647300
vt 0.546900 0.007600
vt 0.546900 0.172600
vt 0.735100 0.172600
vt 0.735100 0.007600
vt 0.930700 0.647300
vt 0.930700 0.371300
vt 0.735100 0.371300
vt 0.735100 0.647300
vt 0.930700 0.172600
vt 0.930700 0.007600
vt 0.546900 0.371300
vt 0.546900 0.647300
vt 0.546900 0.007600
vt 0.546900 0.172600
vt 0.735100 0.172600
vt 0.735100 0.007600
vt 0.930700 0.647300
vt 0.930700 0.371300
vt 0.735100 0.371300
vt 0.735100 0.647300
vt 0.930700 0.172600
vt 0.930700 0.007600
vt 0.546900 0.371300
vt 0.546900 0.647300
vt 0.546900 0.007600
vt 0.546900 0.172600
vt 0.735100 0.172600
vt 0.735100 0.007600
vt 0.930700 0.647300
vt 0.930700 0.371300
vt 0.735100 0.371300
vt 0.735100 0.647300
vt 0.930700 0.172600
vt 0.930700 0.007600
vt 0.546900 0.371300
vt 0.546900 0.647300
vt 0.930700 0.007600
vt 0.546900 0.647300
vt 0.930700 0.647300
vt 0.930700 0.321800
vt 0.732500 0.647300
vt 0.930700 0.007600
vt 0.546900 0.647300
vt 0.930700 0.007600
vt 0.546900 0.647300
vt 0.930700 0.007600
vt 0.546900 0.647300
vt 0.930700 0.007600
vt 0.930700 0.351200
vt 0.708200 0.647300
vt 0.546900 0.647300
vt 0.930700 0.647300
vt 0.930700 0.331800
vt 0.930700 0.007600
vt 0.754300 0.647300
vt 0.546900 0.647300
vt 0.930700 0.647300
vt 0.930700 0.007600
vt 0.930700 0.337200
vt 0.750300 0.647300
vt 0.546900 0.647300
vt 0.930700 0.647300
vt 0.930700 0.007600
vt 0.930700 0.380400
vt 0.749300 0.647300
vt 0.546900 0.647300
vt 0.930700 0.647300
vt 0.546900 0.007600
vt 0.930700 0.007600
vt 0.546900 0.647300
vt 0.546900 0.007600
vt 0.546900 0.007600
vt 0.930700 0.007600
vt 0.546900 0.007600
vt 0.930700 0.007600
vt 0.546900 0.007600
vt 0.930700 0.007600
vt 0.546900 0.007600
vt 0.930700 0.007600
vt 0.546900 0.007600
vt 0.930700 0.007600
vt 0.546900 0.007600
vt 0.930700 0.007600
vt 0.546900 0.007600
vt 0.930700 0.007600
vt 0.546900 0.647300
vt 0.546900 0.007600
vt 0.546900 0.007600
vt 0.546900 0.647300
vt 0.930700 0.007600
vt 0.546900 0.007600
vt 0.930700 0.007600
vt 0.546900 0.007600
vt 0.546900 0.007600
vt 0.930700 0.007600
vt 0.930700 0.007600
vt 0.546900 0.007600
vt 0.546900 0.007600
vt 0.930700 0.007600
vt 0.546900 0.647300
vt 0.546900 0.007600
vt 0.546900 0.647300
vt 0.546900 0.007600
vt 0.546900 0.007600
vt 0.546900 0.647300
vt 0.546900 0.647300
vt 0.546900 0.007600
vt 0.546900 0.007600
vt 0.930700 0.007600
vt 0.546900 0.007600
vt 0.930700 0.007600
vt 0.930700 0.007600
vt 0.546900 0.007600
vt 0.546900 0.007600
vt 0.930700 0.007600
vt 0.546900 0.318100
vt 0.546900 0.007600
vt 0.732500 0.007600
vt 0.546900 0.647300
vt 0.930700 0.007600
vt 0.732300 0.007600
vt 0.546900 0.007600
vt 0.546900 0.336500
vt 0.930700 0.007600
vt 0.546900 0.647300
vt 0.546900 0.007600
vt 0.930700 0.007600
vt 0.546900 0.007600
vt 0.930700 0.007600
vt 0.546900 0.007600
vt 0.930700 0.007600
vt 0.546900 0.007600
vt 0.930700 0.007600
vt 0.930700 0.007600
vt 0.546900 0.007600
vt 0.546900 0.007600
vt 0.546900 0.647300
vt 0.546900 0.647300
vt 0.546900 0.007600
vt 0.546900 0.007600
vt 0.930700 0.007600
vt 0.546900 0.007600
vt 0.930700 0.007600
vt 0.930700 0.007600
vt 0.546900 0.007600
vt 0.930700 0.647300
vt 0.546900 0.647300
vt 0.546900 0.007600
vt 0.930700 0.007600
vt 0.930700 0.647300
vt 0.930700 0.007600
vt 0.546900 0.007600
vt 0.546900 0.647300
vt 0.944600 0.764400
vt 0.973300 0.685800
vt 0.978200 0.671400
vt 0.950900 0.764400
vt 0.966800 0.588200
vt 0.963600 0.764400
vt 0.981600 0.661600
vt 0.982700 0.764400
vt 0.970000 0.764400
vt 0.978500 0.661600
vt 0.975700 0.676800
vt 0.995400 0.764400
vt 0.947700 0.912600
vt 0.966800 0.912600
vt 0.982700 0.912600
vt 0.995400 0.912600
vt 0.224200 0.885400
vt 0.233100 0.905100
vt 0.251300 0.887000
vt 0.237200 0.872400
vt 0.252000 0.953000
vt 0.271900 0.946400
vt 0.251000 0.923600
vt 0.237000 0.938100
vt 0.290000 0.855400
vt 0.272100 0.866100
vt 0.290100 0.886000
vt 0.304600 0.871900
vt 0.321300 0.925400
vt 0.310900 0.907400
vt 0.289900 0.928400
vt 0.304300 0.942500
vt 0.321200 0.925400
vt 0.311100 0.907000
vt 0.290300 0.927900
vt 0.304700 0.942000
vt 0.290100 0.856100
vt 0.271900 0.866400
vt 0.290000 0.886500
vt 0.304500 0.872400
vt 0.253700 0.954200
vt 0.272100 0.946000
vt 0.251100 0.923100
vt 0.237000 0.937600
vt 0.222500 0.887200
vt 0.232900 0.905400
vt 0.250900 0.887500
vt 0.236800 0.873000
vt 0.202600 0.836300
vt 0.202400 0.974200
vt 0.340900 0.835600
vt 0.340600 0.976900
vt 0.340900 0.976500
vt 0.340700 0.836000
vt 0.202600 0.973900
vt 0.202400 0.836700
vt 0.161200 0.793700
vt 0.155600 0.788000
vt 0.160500 0.783100
vt 0.166200 0.788800
vt 0.248800 0.905400
vt 0.259500 0.916200
vt 0.271900 0.928500
vt 0.282500 0.919800
vt 0.295000 0.907400
vt 0.282600 0.895000
vt 0.271900 0.882400
vt 0.259400 0.894800
vt 0.272100 0.880600
vt 0.259000 0.893700
vt 0.247600 0.905100
vt 0.258900 0.916400
vt 0.272100 0.929600
vt 0.283500 0.920100
vt 0.296600 0.907000
vt 0.283400 0.893800
vt 0.052600 0.817800
vt 0.052600 0.989400
vt 0.028400 0.989400
vt 0.028400 0.817800
vt 0.195100 0.817800
vt 0.195100 0.989400
vt 0.176500 0.989400
vt 0.176500 0.817800
vt 0.153700 0.817800
vt 0.153700 0.989400
vt 0.128300 0.989400
vt 0.128300 0.817800
vt 0.103400 0.817800
vt 0.103400 0.989400
vt 0.078800 0.989400
vt 0.078800 0.817800
vt 0.321600 0.889000
vt 0.289800 0.957100
vt 0.222700 0.923300
vt 0.253500 0.856300
vt 0.166100 0.788800
vt 0.171800 0.783200
vt 0.176600 0.787900
vt 0.171000 0.793600
vt 0.252200 0.857500
vt 0.224000 0.925200
vt 0.290300 0.956400
vt 0.321000 0.889000
vt 0.166200 0.777500
vt 0.008400 0.817800
vt 0.008400 0.989400
vt 0.166100 0.798500
vt 0.166200 0.666700
vt 0.121200 0.655100
vt 0.159700 0.619900
vt 0.183200 0.646700
vt 0.046200 0.630000
vt 0.055600 0.583100
vt 0.090900 0.621900
vt 0.064100 0.645200
vt 0.083000 0.507000
vt 0.127500 0.517400
vt 0.094000 0.548000
vt 0.069200 0.522200
vt 0.206800 0.547800
vt 0.193200 0.589400
vt 0.162900 0.556200
vt 0.188700 0.531400
vt 0.241400 0.713200
vt -0.002500 0.703300
vt 0.008600 0.458100
vt 0.252500 0.470500
vt 0.165100 0.588100
vt 0.145300 0.606200
vt 0.122500 0.627000
vt 0.104600 0.607300
vt 0.083600 0.584400
vt 0.106400 0.563600
vt 0.126200 0.545500
vt 0.147200 0.568400
vt 0.981900 0.740500
vt 0.986200 0.740500
vt 0.992000 0.740500
vt 0.993800 0.740500
vt 0.965400 0.740500
vt 0.969900 0.740500
vt 0.971900 0.740500
vt 0.977800 0.740500
vt 0.079000 0.657600
vt 0.167700 0.512500
vt 0.197400 0.629600
vt 0.053600 0.539600
vt 0.166300 0.666700
vt 0.183300 0.646600
vt 0.159900 0.619900
vt 0.121400 0.655000
vt 0.046400 0.629900
vt 0.064200 0.645100
vt 0.091100 0.621800
vt 0.055800 0.583000
vt 0.082900 0.507200
vt 0.069500 0.522100
vt 0.094300 0.547900
vt 0.127800 0.517400
vt 0.207000 0.547800
vt 0.188900 0.531300
vt 0.163100 0.556100
vt 0.193400 0.589400
vt 0.241500 0.713200
vt -0.002400 0.703200
vt 0.008900 0.458000
vt 0.252800 0.470600
vt 0.165300 0.588100
vt 0.145500 0.606100
vt 0.122700 0.626900
vt 0.104800 0.607200
vt 0.083800 0.584300
vt 0.106600 0.563500
vt 0.126500 0.545400
vt 0.147400 0.568400
vt 0.079100 0.657500
vt 0.168000 0.512500
vt 0.197600 0.629600
vt 0.054100 0.539200
vt 0.163400 0.770400
vt 0.158500 0.760900
vt 0.164700 0.760200
vt 0.170400 0.762000
vt 0.172000 0.774300
vt 0.172800 0.768300
vt 0.181200 0.772600
vt 0.175900 0.763300
vt 0.188200 0.764700
vt 0.181800 0.763000
vt 0.179200 0.743400
vt 0.186400 0.749100
vt 0.182000 0.752700
vt 0.175400 0.753500
vt 0.168600 0.743400
vt 0.171300 0.749200
vt 0.160200 0.751000
vt 0.170500 0.756200
vt 0.998300 0.740500
vt 0.944600 0.764400
vt 0.973300 0.685800
vt 0.978200 0.671400
vt 0.950900 0.764400
vt 0.966800 0.588200
vt 0.963600 0.764400
vt 0.981600 0.661600
vt 0.982700 0.764400
vt 0.970000 0.764400
vt 0.978500 0.661600
vt 0.975700 0.676800
vt 0.995400 0.764400
vt 0.947700 0.912600
vt 0.966800 0.912600
vt 0.982700 0.912600
vt 0.995400 0.912600
vt 0.224200 0.885400
vt 0.233100 0.905100
vt 0.251300 0.887000
vt 0.237200 0.872400
vt 0.252000 0.953000
vt 0.271900 0.946400
vt 0.251000 0.923600
vt 0.237000 0.938100
vt 0.290000 0.855400
vt 0.272100 0.866100
vt 0.290100 0.886000
vt 0.304600 0.871900
vt 0.321300 0.925400
vt 0.310900 0.907400
vt 0.289900 0.928400
vt 0.304300 0.942500
vt 0.321200 0.925400
vt 0.311100 0.907000
vt 0.290300 0.927900
vt 0.304700 0.942000
vt 0.290100 0.856100
vt 0.271900 0.866400
vt 0.290000 0.886500
vt 0.304500 0.872400
vt 0.253700 0.954200
vt 0.272100 0.946000
vt 0.251100 0.923100
vt 0.237000 0.937600
vt 0.222500 0.887200
vt 0.232900 0.905400
vt 0.250900 0.887500
vt 0.236800 0.873000
vt 0.202600 0.836300
vt 0.202400 0.974200
vt 0.340900 0.835600
vt 0.340600 0.976900
vt 0.340900 0.976500
vt 0.340700 0.836000
vt 0.202600 0.973900
vt 0.202400 0.836700
vt 0.161200 0.793700
vt 0.155600 0.788000
vt 0.160500 0.783100
vt 0.166200 0.788800
vt 0.248800 0.905400
vt 0.259500 0.916200
vt 0.271900 0.928500
vt 0.282500 0.919800
vt 0.295000 0.907400
vt 0.282600 0.895000
vt 0.271900 0.882400
vt 0.259400 0.894800
vt 0.272100 0.880600
vt 0.259000 0.893700
vt 0.247600 0.905100
vt 0.258900 0.916400
vt 0.272100 0.929600
vt 0.283500 0.920100
vt 0.296600 0.907000
vt 0.283400 0.893800
vt 0.052600 0.817800
vt 0.052600 0.989400
vt 0.028400 0.989400
vt 0.028400 0.817800
vt 0.195100 0.817800
vt 0.195100 0.989400
vt 0.176500 0.989400
vt 0.176500 0.817800
vt 0.153700 0.817800
vt 0.153700 0.989400
vt 0.128300 0.989400
vt 0.128300 0.817800
vt 0.103400 0.817800
vt 0.103400 0.989400
vt 0.078800 0.989400
vt 0.078800 0.817800
vt 0.321600 0.889000
vt 0.289800 0.957100
vt 0.222700 0.923300
vt 0.253500 0.856300
vt 0.166100 0.788800
vt 0.171800 0.783200
vt 0.176600 0.787900
vt 0.171000 0.793600
vt 0.252200 0.857500
vt 0.224000 0.925200
vt 0.290300 0.956400
vt 0.321000 0.889000
vt 0.166200 0.777500
vt 0.008400 0.817800
vt 0.008400 0.989400
vt 0.166100 0.798500
vt 0.166200 0.666700
vt 0.121200 0.655100
vt 0.159700 0.619900
vt 0.183200 0.646700
vt 0.046200 0.630000
vt 0.055600 0.583100
vt 0.090900 0.621900
vt 0.064100 0.645200
vt 0.083000 0.507000
vt 0.127500 0.517400
vt 0.094000 0.548000
vt 0.069200 0.522200
vt 0.206800 0.547800
vt 0.193200 0.589400
vt 0.162900 0.556200
vt 0.188700 0.531400
vt 0.241400 0.713200
vt -0.002500 0.703300
vt 0.008600 0.458100
vt 0.252500 0.470500
vt 0.165100 0.588100
vt 0.145300 0.606200
vt 0.122500 0.627000
vt 0.104600 0.607300
vt 0.083600 0.584400
vt 0.106400 0.563600
vt 0.126200 0.545500
vt 0.147200 0.568400
vt 0.981900 0.740500
vt 0.986200 0.740500
vt 0.992000 0.740500
vt 0.993800 0.740500
vt 0.965400 0.740500
vt 0.969900 0.740500
vt 0.971900 0.740500
vt 0.977800 0.740500
vt 0.079000 0.657600
vt 0.167700 0.512500
vt 0.197400 0.629600
vt 0.053600 0.539600
vt 0.166300 0.666700
vt 0.183300 0.646600
vt 0.159900 0.619900
vt 0.121400 0.655000
vt 0.046400 0.629900
vt 0.064200 0.645100
vt 0.091100 0.621800
vt 0.055800 0.583000
vt 0.082900 0.507200
vt 0.069500 0.522100
vt 0.094300 0.547900
vt 0.127800 0.517400
vt 0.207000 0.547800
vt 0.188900 0.531300
vt 0.163100 0.556100
vt 0.193400 0.589400
vt 0.241500 0.713200
vt -0.002400 0.703200
vt 0.008900 0.458000
vt 0.252800 0.470600
vt 0.165300 0.588100
vt 0.145500 0.606100
vt 0.122700 0.626900
vt 0.104800 0.607200
vt 0.083800 0.584300
vt 0.106600 0.563500
vt 0.126500 0.545400
vt 0.147400 0.568400
vt 0.079100 0.657500
vt 0.168000 0.512500
vt 0.197600 0.629600
vt 0.054100 0.539200
vt 0.163400 0.770400
vt 0.158500 0.760900
vt 0.164700 0.760200
vt 0.170400 0.762000
vt 0.172000 0.774300
vt 0.172800 0.768300
vt 0.181200 0.772600
vt 0.175900 0.763300
vt 0.188200 0.764700
vt 0.181800 0.763000
vt 0.179200 0.743400
vt 0.186400 0.749100
vt 0.182000 0.752700
vt 0.175400 0.753500
vt 0.168600 0.743400
vt 0.171300 0.749200
vt 0.160200 0.751000
vt 0.170500 0.756200
vt 0.998300 0.740500
vt 0.944600 0.764400
vt 0.973300 0.685800
vt 0.978200 0.671400
vt 0.950900 0.764400
vt 0.966800 0.588200
vt 0.963600 0.764400
vt 0.981600 0.661600
vt 0.982700 0.764400
vt 0.970000 0.764400
vt 0.978500 0.661600
vt 0.975700 0.676800
vt 0.995400 0.764400
vt 0.947700 0.912600
vt 0.966800 0.912600
vt 0.982700 0.912600
vt 0.995400 0.912600
vt 0.224200 0.885400
vt 0.233100 0.905100
vt 0.251300 0.887000
vt 0.237200 0.872400
vt 0.252000 0.953000
vt 0.271900 0.946400
vt 0.251000 0.923600
vt 0.237000 0.938100
vt 0.290000 0.855400
vt 0.272100 0.866100
vt 0.290100 0.886000
vt 0.304600 0.871900
vt 0.321300 0.925400
vt 0.310900 0.907400
vt 0.289900 0.928400
vt 0.304300 0.942500
vt 0.321200 0.925400
vt 0.311100 0.907000
vt 0.290300 0.927900
vt 0.304700 0.942000
vt 0.290100 0.856100
vt 0.271900 0.866400
vt 0.290000 0.886500
vt 0.304500 0.872400
vt 0.253700 0.954200
vt 0.272100 0.946000
vt 0.251100 0.923100
vt 0.237000 0.937600
vt 0.222500 0.887200
vt 0.232900 0.905400
vt 0.250900 0.887500
vt 0.236800 0.873000
vt 0.202600 0.836300
vt 0.202400 0.974200
vt 0.340900 0.835600
vt 0.340600 0.976900
vt 0.340900 0.976500
vt 0.340700 0.836000
vt 0.202600 0.973900
vt 0.202400 0.836700
vt 0.161200 0.793700
vt 0.155600 0.788000
vt 0.160500 0.783100
vt 0.166200 0.788800
vt 0.248800 0.905400
vt 0.259500 0.916200
vt 0.271900 0.928500
vt 0.282500 0.919800
vt 0.295000 0.907400
vt 0.282600 0.895000
vt 0.271900 0.882400
vt 0.259400 0.894800
vt 0.272100 0.880600
vt 0.259000 0.893700
vt 0.247600 0.905100
vt 0.258900 0.916400
vt 0.272100 0.929600
vt 0.283500 0.920100
vt 0.296600 0.907000
vt 0.283400 0.893800
vt 0.052600 0.817800
vt 0.052600 0.989400
vt 0.028400 0.989400
vt 0.028400 0.817800
vt 0.195100 0.817800
vt 0.195100 0.989400
vt 0.176500 0.989400
vt 0.176500 0.817800
vt 0.153700 0.817800
vt 0.153700 0.989400
vt 0.128300 0.989400
vt 0.128300 0.817800
vt 0.103400 0.817800
vt 0.103400 0.989400
vt 0.078800 0.989400
vt 0.078800 0.817800
vt 0.321600 0.889000
vt 0.289800 0.957100
vt 0.222700 0.923300
vt 0.253500 0.856300
vt 0.166100 0.788800
vt 0.171800 0.783200
vt 0.176600 0.787900
vt 0.171000 0.793600
vt 0.252200 0.857500
vt 0.224000 0.925200
vt 0.290300 0.956400
vt 0.321000 0.889000
vt 0.166200 0.777500
vt 0.008400 0.817800
vt 0.008400 0.989400
vt 0.166100 0.798500
vt 0.166200 0.666700
vt 0.121200 0.655100
vt 0.159700 0.619900
vt 0.183200 0.646700
vt 0.046200 0.630000
vt 0.055600 0.583100
vt 0.090900 0.621900
vt 0.064100 0.645200
vt 0.083000 0.507000
vt 0.127500 0.517400
vt 0.094000 0.548000
vt 0.069200 0.522200
vt 0.206800 0.547800
vt 0.193200 0.589400
vt 0.162900 0.556200
vt 0.188700 0.531400
vt 0.241400 0.713200
vt -0.002500 0.703300
vt 0.008600 0.458100
vt 0.252500 0.470500
vt 0.165100 0.588100
vt 0.145300 0.606200
vt 0.122500 0.627000
vt 0.104600 0.607300
vt 0.083600 0.584400
vt 0.106400 0.563600
vt 0.126200 0.545500
vt 0.147200 0.568400
vt 0.981900 0.740500
vt 0.986200 0.740500
vt 0.992000 0.740500
vt 0.993800 0.740500
vt 0.965400 0.740500
vt 0.969900 0.740500
vt 0.971900 0.740500
vt 0.977800 0.740500
vt 0.079000 0.657600
vt 0.167700 0.512500
vt 0.197400 0.629600
vt 0.053600 0.539600
vt 0.166300 0.666700
vt 0.183300 0.646600
vt 0.159900 0.619900
vt 0.121400 0.655000
vt 0.046400 0.629900
vt 0.064200 0.645100
vt 0.091100 0.621800
vt 0.055800 0.583000
vt 0.082900 0.507200
vt 0.069500 0.522100
vt 0.094300 0.547900
vt 0.127800 0.517400
vt 0.207000 0.547800
vt 0.188900 0.531300
vt 0.163100 0.556100
vt 0.193400 0.589400
vt 0.241500 0.713200
vt -0.002400 0.703200
vt 0.008900 0.458000
vt 0.252800 0.470600
vt 0.165300 0.588100
vt 0.145500 0.606100
vt 0.122700 0.626900
vt 0.104800 0.607200
vt 0.083800 0.584300
vt 0.106600 0.563500
vt 0.126500 0.545400
vt 0.147400 0.568400
vt 0.079100 0.657500
vt 0.168000 0.512500
vt 0.197600 0.629600
vt 0.054100 0.539200
vt 0.163400 0.770400
vt 0.158500 0.760900
vt 0.164700 0.760200
vt 0.170400 0.762000
vt 0.172000 0.774300
vt 0.172800 0.768300
vt 0.181200 0.772600
vt 0.175900 0.763300
vt 0.188200 0.764700
vt 0.181800 0.763000
vt 0.179200 0.743400
vt 0.186400 0.749100
vt 0.182000 0.752700
vt 0.175400 0.753500
vt 0.168600 0.743400
vt 0.171300 0.749200
vt 0.160200 0.751000
vt 0.170500 0.756200
vt 0.998300 0.740500
vt 0.944600 0.764400
vt 0.973300 0.685800
vt 0.978200 0.671400
vt 0.950900 0.764400
vt 0.966800 0.588200
vt 0.963600 0.764400
vt 0.981600 0.661600
vt 0.982700 0.764400
vt 0.970000 0.764400
vt 0.978500 0.661600
vt 0.975700 0.676800
vt 0.995400 0.764400
vt 0.947700 0.912600
vt 0.966800 0.912600
vt 0.982700 0.912600
vt 0.995400 0.912600
vt 0.224200 0.885400
vt 0.233100 0.905100
vt 0.251300 0.887000
vt 0.237200 0.872400
vt 0.252000 0.953000
vt 0.271900 0.946400
vt 0.251000 0.923600
vt 0.237000 0.938100
vt 0.290000 0.855400
vt 0.272100 0.866100
vt 0.290100 0.886000
vt 0.304600 0.871900
vt 0.321300 0.925400
vt 0.310900 0.907400
vt 0.289900 0.928400
vt 0.304300 0.942500
vt 0.321200 0.925400
vt 0.311100 0.907000
vt 0.290300 0.927900
vt 0.304700 0.942000
vt 0.290100 0.856100
vt 0.271900 0.866400
vt 0.290000 0.886500
vt 0.304500 0.872400
vt 0.253700 0.954200
vt 0.272100 0.946000
vt 0.251100 0.923100
vt 0.237000 0.937600
vt 0.222500 0.887200
vt 0.232900 0.905400
vt 0.250900 0.887500
vt 0.236800 0.873000
vt 0.202600 0.836300
vt 0.202400 0.974200
vt 0.340900 0.835600
vt 0.340600 0.976900
vt 0.340900 0.976500
vt 0.340700 0.836000
vt 0.202600 0.973900
vt 0.202400 0.836700
vt 0.161200 0.793700
vt 0.155600 0.788000
vt 0.160500 0.783100
vt 0.166200 0.788800
vt 0.248800 0.905400
vt 0.259500 0.916200
vt 0.271900 0.928500
vt 0.282500 0.919800
vt 0.295000 0.907400
vt 0.282600 0.895000
vt 0.271900 0.882400
vt 0.259400 0.894800
vt 0.272100 0.880600
vt 0.259000 0.893700
vt 0.247600 0.905100
vt 0.258900 0.916400
vt 0.272100 0.929600
vt 0.283500 0.920100
vt 0.296600 0.907000
vt 0.283400 0.893800
vt 0.052600 0.817800
vt 0.052600 0.989400
vt 0.028400 0.989400
vt 0.028400 0.817800
vt 0.195100 0.817800
vt 0.195100 0.989400
vt 0.176500 0.989400
vt 0.176500 0.817800
vt 0.153700 0.817800
vt 0.153700 0.989400
vt 0.128300 0.989400
vt 0.128300 0.817800
vt 0.103400 0.817800
vt 0.103400 0.989400
vt 0.078800 0.989400
vt 0.078800 0.817800
vt 0.321600 0.889000
vt 0.289800 0.957100
vt 0.222700 0.923300
vt 0.253500 0.856300
vt 0.166100 0.788800
vt 0.171800 0.783200
vt 0.176600 0.787900
vt 0.171000 0.793600
vt 0.252200 0.857500
vt 0.224000 0.925200
vt 0.290300 0.956400
vt 0.321000 0.889000
vt 0.166200 0.777500
vt 0.008400 0.817800
vt 0.008400 0.989400
vt 0.166100 0.798500
vt 0.166200 0.666700
vt 0.121200 0.655100
vt 0.159700 0.619900
vt 0.183200 0.646700
vt 0.046200 0.630000
vt 0.055600 0.583100
vt 0.090900 0.621900
vt 0.064100 0.645200
vt 0.083000 0.507000
vt 0.127500 0.517400
vt 0.094000 0.548000
vt 0.069200 0.522200
vt 0.206800 0.547800
vt 0.193200 0.589400
vt 0.162900 0.556200
vt 0.188700 0.531400
vt 0.241400 0.713200
vt -0.002500 0.703300
vt 0.008600 0.458100
vt 0.252500 0.470500
vt 0.165100 0.588100
vt 0.145300 0.606200
vt 0.122500 0.627000
vt 0.104600 0.607300
vt 0.083600 0.584400
vt 0.106400 0.563600
vt 0.126200 0.545500
vt 0.147200 0.568400
vt 0.981900 0.740500
vt 0.986200 0.740500
vt 0.992000 0.740500
vt 0.993800 0.740500
vt 0.965400 0.740500
vt 0.969900 0.740500
vt 0.971900 0.740500
vt 0.977800 0.740500
vt 0.079000 0.657600
vt 0.167700 0.512500
vt 0.197400 0.629600
vt 0.053600 0.539600
vt 0.166300 0.666700
vt 0.183300 0.646600
vt 0.159900 0.619900
vt 0.121400 0.655000
vt 0.046400 0.629900
vt 0.064200 0.645100
vt 0.091100 0.621800
vt 0.055800 0.583000
vt 0.082900 0.507200
vt 0.069500 0.522100
vt 0.094300 0.547900
vt 0.127800 0.517400
vt 0.207000 0.547800
vt 0.188900 0.531300
vt 0.163100 0.556100
vt 0.193400 0.589400
vt 0.241500 0.713200
vt -0.002400 0.703200
vt 0.008900 0.458000
vt 0.252800 0.470600
vt 0.165300 0.588100
vt 0.145500 0.606100
vt 0.122700 0.626900
vt 0.104800 0.607200
vt 0.083800 0.584300
vt 0.106600 0.563500
vt 0.126500 0.545400
vt 0.147400 0.568400
vt 0.079100 0.657500
vt 0.168000 0.512500
vt 0.197600 0.629600
vt 0.054100 0.539200
vt 0.163400 0.770400
vt 0.158500 0.760900
vt 0.164700 0.760200
vt 0.170400 0.762000
vt 0.172000 0.774300
vt 0.172800 0.768300
vt 0.181200 0.772600
vt 0.175900 0.763300
vt 0.188200 0.764700
vt 0.181800 0.763000
vt 0.179200 0.743400
vt 0.186400 0.749100
vt 0.182000 0.752700
vt 0.175400 0.753500
vt 0.168600 0.743400
vt 0.171300 0.749200
vt 0.160200 0.751000
vt 0.170500 0.756200
vt 0.998300 0.740500
vt 0.944600 0.764400
vt 0.973300 0.685800
vt 0.978200 0.671400
vt 0.950900 0.764400
vt 0.966800 0.588200
vt 0.963600 0.764400
vt 0.981600 0.661600
vt 0.982700 0.764400
vt 0.970000 0.764400
vt 0.978500 0.661600
vt 0.975700 0.676800
vt 0.995400 0.764400
vt 0.947700 0.912600
vt 0.966800 0.912600
vt 0.982700 0.912600
vt 0.995400 0.912600
vt 0.224200 0.885400
vt 0.233100 0.905100
vt 0.251300 0.887000
vt 0.237200 0.872400
vt 0.252000 0.953000
vt 0.271900 0.946400
vt 0.251000 0.923600
vt 0.237000 0.938100
vt 0.290000 0.855400
vt 0.272100 0.866100
vt 0.290100 0.886000
vt 0.304600 0.871900
vt 0.321300 0.925400
vt 0.310900 0.907400
vt 0.289900 0.928400
vt 0.304300 0.942500
vt 0.321200 0.925400
vt 0.311100 0.907000
vt 0.290300 0.927900
vt 0.304700 0.942000
vt 0.290100 0.856100
vt 0.271900 0.866400
vt 0.290000 0.886500
vt 0.304500 0.872400
vt 0.253700 0.954200
vt 0.272100 0.946000
vt 0.251100 0.923100
vt 0.237000 0.937600
vt 0.222500 0.887200
vt 0.232900 0.905400
vt 0.250900 0.887500
vt 0.236800 0.873000
vt 0.202600 0.836300
vt 0.202400 0.974200
vt 0.340900 0.835600
vt 0.340600 0.976900
vt 0.340900 0.976500
vt 0.340700 0.836000
vt 0.202600 0.973900
vt 0.202400 0.836700
vt 0.161200 0.793700
vt 0.155600 0.788000
vt 0.160500 0.783100
vt 0.166200 0.788800
vt 0.248800 0.905400
vt 0.259500 0.916200
vt 0.271900 0.928500
vt 0.282500 0.919800
vt 0.295000 0.907400
vt 0.282600 0.895000
vt 0.271900 0.882400
vt 0.259400 0.894800
vt 0.272100 0.880600
vt 0.259000 0.893700
vt 0.247600 0.905100
vt 0.258900 0.916400
vt 0.272100 0.929600
vt 0.283500 0.920100
vt 0.296600 0.907000
vt 0.283400 0.893800
vt 0.052600 0.817800
vt 0.052600 0.989400
vt 0.028400 0.989400
vt 0.028400 0.817800
vt 0.195100 0.817800
vt 0.195100 0.989400
vt 0.176500 0.989400
vt 0.176500 0.817800
vt 0.153700 0.817800
vt 0.153700 0.989400
vt 0.128300 0.989400
vt 0.128300 0.817800
vt 0.103400 0.817800
vt 0.103400 0.989400
vt 0.078800 0.989400
vt 0.078800 0.817800
vt 0.321600 0.889000
vt 0.289800 0.957100
vt 0.222700 0.923300
vt 0.253500 0.856300
vt 0.166100 0.788800
vt 0.171800 0.783200
vt 0.176600 0.787900
vt 0.171000 0.793600
vt 0.252200 0.857500
vt 0.224000 0.925200
vt 0.290300 0.956400
vt 0.321000 0.889000
vt 0.166200 0.777500
vt 0.008400 0.817800
vt 0.008400 0.989400
vt 0.166100 0.798500
vt 0.166200 0.666700
vt 0.121200 0.655100
vt 0.159700 0.619900
vt 0.183200 0.646700
vt 0.046200 0.630000
vt 0.055600 0.583100
vt 0.090900 0.621900
vt 0.064100 0.645200
vt 0.083000 0.507000
vt 0.127500 0.517400
vt 0.094000 0.548000
vt 0.069200 0.522200
vt 0.206800 0.547800
vt 0.193200 0.589400
vt 0.162900 0.556200
vt 0.188700 0.531400
vt 0.241400 0.713200
vt -0.002500 0.703300
vt 0.008600 0.458100
vt 0.252500 0.470500
vt 0.165100 0.588100
vt 0.145300 0.606200
vt 0.122500 0.627000
vt 0.104600 0.607300
vt 0.083600 0.584400
vt 0.106400 0.563600
vt 0.126200 0.545500
vt 0.147200 0.568400
vt 0.981900 0.740500
vt 0.986200 0.740500
vt 0.992000 0.740500
vt 0.993800 0.740500
vt 0.965400 0.740500
vt 0.969900 0.740500
vt 0.971900 0.740500
vt 0.977800 0.740500
vt 0.079000 0.657600
vt 0.167700 0.512500
vt 0.197400 0.629600
vt 0.053600 0.539600
vt 0.166300 0.666700
vt 0.183300 0.646600
vt 0.159900 0.619900
vt 0.121400 0.655000
vt 0.046400 0.629900
vt 0.064200 0.645100
vt 0.091100 0.621800
vt 0.055800 0.583000
vt 0.082900 0.507200
vt 0.069500 0.522100
vt 0.094300 0.547900
vt 0.127800 0.517400
vt 0.207000 0.547800
vt 0.188900 0.531300
vt 0.163100 0.556100
vt 0.193400 0.589400
vt 0.241500 0.713200
vt -0.002400 0.703200
vt 0.008900 0.458000
vt 0.252800 0.470600
vt 0.165300 0.588100
vt 0.145500 0.606100
vt 0.122700 0.626900
vt 0.104800 0.607200
vt 0.083800 0.584300
vt 0.106600 0.563500
vt 0.126500 0.545400
vt 0.147400 0.568400
vt 0.079100 0.657500
vt 0.168000 0.512500
vt 0.197600 0.629600
vt 0.054100 0.539200
vt 0.163400 0.770400
vt 0.158500 0.760900
vt 0.164700 0.760200
vt 0.170400 0.762000
vt 0.172000 0.774300
vt 0.172800 0.768300
vt 0.181200 0.772600
vt 0.175900 0.763300
vt 0.188200 0.764700
vt 0.181800 0.763000
vt 0.179200 0.743400
vt 0.186400 0.749100
vt 0.182000 0.752700
vt 0.175400 0.753500
vt 0.168600 0.743400
vt 0.171300 0.749200
vt 0.160200 0.751000
vt 0.170500 0.756200
vt 0.998300 0.740500
vt 0.944600 0.764400
vt 0.973300 0.685800
vt 0.978200 0.671400
vt 0.950900 0.764400
vt 0.966800 0.588200
vt 0.963600 0.764400
vt 0.981600 0.661600
vt 0.982700 0.764400
vt 0.970000 0.764400
vt 0.978500 0.661600
vt 0.975700 0.676800
vt 0.995400 0.764400
vt 0.947700 0.912600
vt 0.966800 0.912600
vt 0.982700 0.912600
vt 0.995400 0.912600
vt 0.224200 0.885400
vt 0.233100 0.905100
vt 0.251300 0.887000
vt 0.237200 0.872400
vt 0.252000 0.953000
vt 0.271900 0.946400
vt 0.251000 0.923600
vt 0.237000 0.938100
vt 0.290000 0.855400
vt 0.272100 0.866100
vt 0.290100 0.886000
vt 0.304600 0.871900
vt 0.321300 0.925400
vt 0.310900 0.907400
vt 0.289900 0.928400
vt 0.304300 0.942500
vt 0.321200 0.925400
vt 0.311100 0.907000
vt 0.290300 0.927900
vt 0.304700 0.942000
vt 0.290100 0.856100
vt 0.271900 0.866400
vt 0.290000 0.886500
vt 0.304500 0.872400
vt 0.253700 0.954200
vt 0.272100 0.946000
vt 0.251100 0.923100
vt 0.237000 0.937600
vt 0.222500 0.887200
vt 0.232900 0.905400
vt 0.250900 0.887500
vt 0.236800 0.873000
vt 0.202600 0.836300
vt 0.202400 0.974200
vt 0.340900 0.835600
vt 0.340600 0.976900
vt 0.340900 0.976500
vt 0.340700 0.836000
vt 0.202600 0.973900
vt 0.202400 0.836700
vt 0.161200 0.793700
vt 0.155600 0.788000
vt 0.160500 0.783100
vt 0.166200 0.788800
vt 0.248800 0.905400
vt 0.259500 0.916200
vt 0.271900 0.928500
vt 0.282500 0.919800
vt 0.295000 0.907400
vt 0.282600 0.895000
vt 0.271900 0.882400
vt 0.259400 0.894800
vt 0.272100 0.880600
vt 0.259000 0.893700
vt 0.247600 0.905100
vt 0.258900 0.916400
vt 0.272100 0.929600
vt 0.283500 0.920100
vt 0.296600 0.907000
vt 0.283400 0.893800
vt 0.052600 0.817800
vt 0.052600 0.989400
vt 0.028400 0.989400
vt 0.028400 0.817800
vt 0.195100 0.817800
vt 0.195100 0.989400
vt 0.176500 0.989400
vt 0.176500 0.817800
vt 0.153700 0.817800
vt 0.153700 0.989400
vt 0.128300 0.989400
vt 0.128300 0.817800
vt 0.103400 0.817800
vt 0.103400 0.989400
vt 0.078800 0.989400
vt 0.078800 0.817800
vt 0.321600 0.889000
vt 0.289800 0.957100
vt 0.222700 0.923300
vt 0.253500 0.856300
vt 0.166100 0.788800
vt 0.171800 0.783200
vt 0.176600 0.787900
vt 0.171000 0.793600
vt 0.252200 0.857500
vt 0.224000 0.925200
vt 0.290300 0.956400
vt 0.321000 0.889000
vt 0.166200 0.777500
vt 0.008400 0.817800
vt 0.008400 0.989400
vt 0.166100 0.798500
vt 0.166200 0.666700
vt 0.121200 0.655100
vt 0.159700 0.619900
vt 0.183200 0.646700
vt 0.046200 0.630000
vt 0.055600 0.583100
vt 0.090900 0.621900
vt 0.064100 0.645200
vt 0.083000 0.507000
vt 0.127500 0.517400
vt 0.094000 0.548000
vt 0.069200 0.522200
vt 0.206800 0.547800
vt 0.193200 0.589400
vt 0.162900 0.556200
vt 0.188700 0.531400
vt 0.241400 0.713200
vt -0.002500 0.703300
vt 0.008600 0.458100
vt 0.252500 0.470500
vt 0.165100 0.588100
vt 0.145300 0.606200
vt 0.122500 0.627000
vt 0.104600 0.607300
vt 0.083600 0.584400
vt 0.106400 0.563600
vt 0.126200 0.545500
vt 0.147200 0.568400
vt 0.981900 0.740500
vt 0.986200 0.740500
vt 0.992000 0.740500
vt 0.993800 0.740500
vt 0.965400 0.740500
vt 0.969900 0.740500
vt 0.971900 0.740500
vt 0.977800 0.740500
vt 0.079000 0.657600
vt 0.167700 0.512500
vt 0.197400 0.629600
vt 0.053600 0.539600
vt 0.166300 0.666700
vt 0.183300 0.646600
vt 0.159900 0.619900
vt 0.121400 0.655000
vt 0.046400 0.629900
vt 0.064200 0.645100
vt 0.091100 0.621800
vt 0.055800 0.583000
vt 0.082900 0.507200
vt 0.069500 0.522100
vt 0.094300 0.547900
vt 0.127800 0.517400
vt 0.207000 0.547800
vt 0.188900 0.531300
vt 0.163100 0.556100
vt 0.193400 0.589400
vt 0.241500 0.713200
vt -0.002400 0.703200
vt 0.008900 0.458000
vt 0.252800 0.470600
vt 0.165300 0.588100
vt 0.145500 0.606100
vt 0.122700 0.626900
vt 0.104800 0.607200
vt 0.083800 0.584300
vt 0.106600 0.563500
vt 0.126500 0.545400
vt 0.147400 0.568400
vt 0.079100 0.657500
vt 0.168000 0.512500
vt 0.197600 0.629600
vt 0.054100 0.539200
vt 0.163400 0.770400
vt 0.158500 0.760900
vt 0.164700 0.760200
vt 0.170400 0.762000
vt 0.172000 0.774300
vt 0.172800 0.768300
vt 0.181200 0.772600
vt 0.175900 0.763300
vt 0.188200 0.764700
vt 0.181800 0.763000
vt 0.179200 0.743400
vt 0.186400 0.749100
vt 0.182000 0.752700
vt 0.175400 0.753500
vt 0.168600 0.743400
vt 0.171300 0.749200
vt 0.160200 0.751000
vt 0.170500 0.756200
vt 0.998300 0.740500
vt 0.944600 0.764400
vt 0.973300 0.685800
vt 0.978200 0.671400
vt 0.950900 0.764400
vt 0.966800 0.588200
vt 0.963600 0.764400
vt 0.981600 0.661600
vt 0.982700 0.764400
vt 0.970000 0.764400
vt 0.978500 0.661600
vt 0.975700 0.676800
vt 0.995400 0.764400
vt 0.947700 0.912600
vt 0.966800 0.912600
vt 0.982700 0.912600
vt 0.995400 0.912600
vt 0.224200 0.885400
vt 0.233100 0.905100
vt 0.251300 0.887000
vt 0.237200 0.872400
vt 0.252000 0.953000
vt 0.271900 0.946400
vt 0.251000 0.923600
vt 0.237000 0.938100
vt 0.290000 0.855400
vt 0.272100 0.866100
vt 0.290100 0.886000
vt 0.304600 0.871900
vt 0.321300 0.925400
vt 0.310900 0.907400
vt 0.289900 0.928400
vt 0.304300 0.942500
vt 0.321200 0.925400
vt 0.311100 0.907000
vt 0.290300 0.927900
vt 0.304700 0.942000
vt 0.290100 0.856100
vt 0.271900 0.866400
vt 0.290000 0.886500
vt 0.304500 0.872400
vt 0.253700 0.954200
vt 0.272100 0.946000
vt 0.251100 0.923100
vt 0.237000 0.937600
vt 0.222500 0.887200
vt 0.232900 0.905400
vt 0.250900 0.887500
vt 0.236800 0.873000
vt 0.202600 0.836300
vt 0.202400 0.974200
vt 0.340900 0.835600
vt 0.340600 0.976900
vt 0.340900 0.976500
vt 0.340700 0.836000
vt 0.202600 0.973900
vt 0.202400 0.836700
vt 0.161200 0.793700
vt 0.155600 0.788000
vt 0.160500 0.783100
vt 0.166200 0.788800
vt 0.248800 0.905400
vt 0.259500 0.916200
vt 0.271900 0.928500
vt 0.282500 0.919800
vt 0.295000 0.907400
vt 0.282600 0.895000
vt 0.271900 0.882400
vt 0.259400 0.894800
vt 0.272100 0.880600
vt 0.259000 0.893700
vt 0.247600 0.905100
vt 0.258900 0.916400
vt 0.272100 0.929600
vt 0.283500 0.920100
vt 0.296600 0.907000
vt 0.283400 0.893800
vt 0.052600 0.817800
vt 0.052600 0.989400
vt 0.028400 0.989400
vt 0.028400 0.817800
vt 0.195100 0.817800
vt 0.195100 0.989400
vt 0.176500 0.989400
vt 0.176500 0.817800
vt 0.153700 0.817800
vt 0.153700 0.989400
vt 0.128300 0.989400
vt 0.128300 0.817800
vt 0.103400 0.817800
vt 0.103400 0.989400
vt 0.078800 0.989400
vt 0.078800 0.817800
vt 0.321600 0.889000
vt 0.289800 0.957100
vt 0.222700 0.923300
vt 0.253500 0.856300
vt 0.166100 0.788800
vt 0.171800 0.783200
vt 0.176600 0.787900
vt 0.171000 0.793600
vt 0.252200 0.857500
vt 0.224000 0.925200
vt 0.290300 0.956400
vt 0.321000 0.889000
vt 0.166200 0.777500
vt 0.008400 0.817800
vt 0.008400 0.989400
vt 0.166100 0.798500
vt 0.166200 0.666700
vt 0.121200 0.655100
vt 0.159700 0.619900
vt 0.183200 0.646700
vt 0.046200 0.630000
vt 0.055600 0.583100
vt 0.090900 0.621900
vt 0.064100 0.645200
vt 0.083000 0.507000
vt 0.127500 0.517400
vt 0.094000 0.548000
vt 0.069200 0.522200
vt 0.206800 0.547800
vt 0.193200 0.589400
vt 0.162900 0.556200
vt 0.188700 0.531400
vt 0.241400 0.713200
vt -0.002500 0.703300
vt 0.008600 0.458100
vt 0.252500 0.470500
vt 0.165100 0.588100
vt 0.145300 0.606200
vt 0.122500 0.627000
vt 0.104600 0.607300
vt 0.083600 0.584400
vt 0.106400 0.563600
vt 0.126200 0.545500
vt 0.147200 0.568400
vt 0.981900 0.740500
vt 0.986200 0.740500
vt 0.992000 0.740500
vt 0.993800 0.740500
vt 0.965400 0.740500
vt 0.969900 0.740500
vt 0.971900 0.740500
vt 0.977800 0.740500
vt 0.079000 0.657600
vt 0.167700 0.512500
vt 0.197400 0.629600
vt 0.053600 0.539600
vt 0.166300 0.666700
vt 0.183300 0.646600
vt 0.159900 0.619900
vt 0.121400 0.655000
vt 0.046400 0.629900
vt 0.064200 0.645100
vt 0.091100 0.621800
vt 0.055800 0.583000
vt 0.082900 0.507200
vt 0.069500 0.522100
vt 0.094300 0.547900
vt 0.127800 0.517400
vt 0.207000 0.547800
vt 0.188900 0.531300
vt 0.163100 0.556100
vt 0.193400 0.589400
vt 0.241500 0.713200
vt -0.002400 0.703200
vt 0.008900 0.458000
vt 0.252800 0.470600
vt 0.165300 0.588100
vt 0.145500 0.606100
vt 0.122700 0.626900
vt 0.104800 0.607200
vt 0.083800 0.584300
vt 0.106600 0.563500
vt 0.126500 0.545400
vt 0.147400 0.568400
vt 0.079100 0.657500
vt 0.168000 0.512500
vt 0.197600 0.629600
vt 0.054100 0.539200
vt 0.163400 0.770400
vt 0.158500 0.760900
vt 0.164700 0.760200
vt 0.170400 0.762000
vt 0.172000 0.774300
vt 0.172800 0.768300
vt 0.181200 0.772600
vt 0.175900 0.763300
vt 0.188200 0.764700
vt 0.181800 0.763000
vt 0.179200 0.743400
vt 0.186400 0.749100
vt 0.182000 0.752700
vt 0.175400 0.753500
vt 0.168600 0.743400
vt 0.171300 0.749200
vt 0.160200 0.751000
vt 0.170500 0.756200
vt 0.998300 0.740500
vt 0.944600 0.764400
vt 0.973300 0.685800
vt 0.978200 0.671400
vt 0.950900 0.764400
vt 0.966800 0.588200
vt 0.963600 0.764400
vt 0.981600 0.661600
vt 0.982700 0.764400
vt 0.970000 0.764400
vt 0.978500 0.661600
vt 0.975700 0.676800
vt 0.995400 0.764400
vt 0.947700 0.912600
vt 0.966800 0.912600
vt 0.982700 0.912600
vt 0.995400 0.912600
vt 0.224200 0.885400
vt 0.233100 0.905100
vt 0.251300 0.887000
vt 0.237200 0.872400
vt 0.252000 0.953000
vt 0.271900 0.946400
vt 0.251000 0.923600
vt 0.237000 0.938100
vt 0.290000 0.855400
vt 0.272100 0.866100
vt 0.290100 0.886000
vt 0.304600 0.871900
vt 0.321300 0.925400
vt 0.310900 0.907400
vt 0.289900 0.928400
vt 0.304300 0.942500
vt 0.321200 0.925400
vt 0.311100 0.907000
vt 0.290300 0.927900
vt 0.304700 0.942000
vt 0.290100 0.856100
vt 0.271900 0.866400
vt 0.290000 0.886500
vt 0.304500 0.872400
vt 0.253700 0.954200
vt 0.272100 0.946000
vt 0.251100 0.923100
vt 0.237000 0.937600
vt 0.222500 0.887200
vt 0.232900 0.905400
vt 0.250900 0.887500
vt 0.236800 0.873000
vt 0.202600 0.836300
vt 0.202400 0.974200
vt 0.340900 0.835600
vt 0.340600 0.976900
vt 0.340900 0.976500
vt 0.340700 0.836000
vt 0.202600 0.973900
vt 0.202400 0.836700
vt 0.161200 0.793700
vt 0.155600 0.788000
vt 0.160500 0.783100
vt 0.166200 0.788800
vt 0.248800 0.905400
vt 0.259500 0.916200
vt 0.271900 0.928500
vt 0.282500 0.919800
vt 0.295000 0.907400
vt 0.282600 0.895000
vt 0.271900 0.882400
vt 0.259400 0.894800
vt 0.272100 0.880600
vt 0.259000 0.893700
vt 0.247600 0.905100
vt 0.258900 0.916400
vt 0.272100 0.929600
vt 0.283500 0.920100
vt 0.296600 0.907000
vt 0.283400 0.893800
vt 0.052600 0.817800
vt 0.052600 0.989400
vt 0.028400 0.989400
vt 0.028400 0.817800
vt 0.195100 0.817800
vt 0.195100 0.989400
vt 0.176500 0.989400
vt 0.176500 0.817800
vt 0.153700 0.817800
vt 0.153700 0.989400
vt 0.128300 0.989400
vt 0.128300 0.817800
vt 0.103400 0.817800
vt 0.103400 0.989400
vt 0.078800 0.989400
vt 0.078800 0.817800
vt 0.321600 0.889000
vt 0.289800 0.957100
vt 0.222700 0.923300
vt 0.253500 0.856300
vt 0.166100 0.788800
vt 0.171800 0.783200
vt 0.176600 0.787900
vt 0.171000 0.793600
vt 0.252200 0.857500
vt 0.224000 0.925200
vt 0.290300 0.956400
vt 0.321000 0.889000
vt 0.166200 0.777500
vt 0.008400 0.817800
vt 0.008400 0.989400
vt 0.166100 0.798500
vt 0.166200 0.666700
vt 0.121200 0.655100
vt 0.159700 0.619900
vt 0.183200 0.646700
vt 0.046200 0.630000
vt 0.055600 0.583100
vt 0.090900 0.621900
vt 0.064100 0.645200
vt 0.083000 0.507000
vt 0.127500 0.517400
vt 0.094000 0.548000
vt 0.069200 0.522200
vt 0.206800 0.547800
vt 0.193200 0.589400
vt 0.162900 0.556200
vt 0.188700 0.531400
vt 0.241400 0.713200
vt -0.002500 0.703300
vt 0.008600 0.458100
vt 0.252500 0.470500
vt 0.165100 0.588100
vt 0.145300 0.606200
vt 0.122500 0.627000
vt 0.104600 0.607300
vt 0.083600 0.584400
vt 0.106400 0.563600
vt 0.126200 0.545500
vt 0.147200 0.568400
vt 0.981900 0.740500
vt 0.986200 0.740500
vt 0.992000 0.740500
vt 0.993800 0.740500
vt 0.965400 0.740500
vt 0.969900 0.740500
vt 0.971900 0.740500
vt 0.977800 0.740500
vt 0.079000 0.657600
vt 0.167700 0.512500
vt 0.197400 0.629600
vt 0.053600 0.539600
vt 0.166300 0.666700
vt 0.183300 0.646600
vt 0.159900 0.619900
vt 0.121400 0.655000
vt 0.046400 0.629900
vt 0.064200 0.645100
vt 0.091100 0.621800
vt 0.055800 0.583000
vt 0.082900 0.507200
vt 0.069500 0.522100
vt 0.094300 0.547900
vt 0.127800 0.517400
vt 0.207000 0.547800
vt 0.188900 0.531300
vt 0.163100 0.556100
vt 0.193400 0.589400
vt 0.241500 0.713200
vt -0.002400 0.703200
vt 0.008900 0.458000
vt 0.252800 0.470600
vt 0.165300 0.588100
vt 0.145500 0.606100
vt 0.122700 0.626900
vt 0.104800 0.607200
vt 0.083800 0.584300
vt 0.106600 0.563500
vt 0.126500 0.545400
vt 0.147400 0.568400
vt 0.079100 0.657500
vt 0.168000 0.512500
vt 0.197600 0.629600
vt 0.054100 0.539200
vt 0.163400 0.770400
vt 0.158500 0.760900
vt 0.164700 0.760200
vt 0.170400 0.762000
vt 0.172000 0.774300
vt 0.172800 0.768300
vt 0.181200 0.772600
vt 0.175900 0.763300
vt 0.188200 0.764700
vt 0.181800 0.763000
vt 0.179200 0.743400
vt 0.186400 0.749100
vt 0.182000 0.752700
vt 0.175400 0.753500
vt 0.168600 0.743400
vt 0.171300 0.749200
vt 0.160200 0.751000
vt 0.170500 0.756200
vt 0.998300 0.740500
vt 0.944600 0.764400
vt 0.973300 0.685800
vt 0.978200 0.671400
vt 0.950900 0.764400
vt 0.966800 0.588200
vt 0.963600 0.764400
vt 0.981600 0.661600
vt 0.982700 0.764400
vt 0.970000 0.764400
vt 0.978500 0.661600
vt 0.975700 0.676800
vt 0.995400 0.764400
vt 0.947700 0.912600
vt 0.966800 0.912600
vt 0.982700 0.912600
vt 0.995400 0.912600
vt 0.224200 0.885400
vt 0.233100 0.905100
vt 0.251300 0.887000
vt 0.237200 0.872400
vt 0.252000 0.953000
vt 0.271900 0.946400
vt 0.251000 0.923600
vt 0.237000 0.938100
vt 0.290000 0.855400
vt 0.272100 0.866100
vt 0.290100 0.886000
vt 0.304600 0.871900
vt 0.321300 0.925400
vt 0.310900 0.907400
vt 0.289900 0.928400
vt 0.304300 0.942500
vt 0.321200 0.925400
vt 0.311100 0.907000
vt 0.290300 0.927900
vt 0.304700 0.942000
vt 0.290100 0.856100
vt 0.271900 0.866400
vt 0.290000 0.886500
vt 0.304500 0.872400
vt 0.253700 0.954200
vt 0.272100 0.946000
vt 0.251100 0.923100
vt 0.237000 0.937600
vt 0.222500 0.887200
vt 0.232900 0.905400
vt 0.250900 0.887500
vt 0.236800 0.873000
vt 0.202600 0.836300
vt 0.202400 0.974200
vt 0.340900 0.835600
vt 0.340600 0.976900
vt 0.340900 0.976500
vt 0.340700 0.836000
vt 0.202600 0.973900
vt 0.202400 0.836700
vt 0.161200 0.793700
vt 0.155600 0.788000
vt 0.160500 0.783100
vt 0.166200 0.788800
vt 0.248800 0.905400
vt 0.259500 0.916200
vt 0.271900 0.928500
vt 0.282500 0.919800
vt 0.295000 0.907400
vt 0.282600 0.895000
vt 0.271900 0.882400
vt 0.259400 0.894800
vt 0.272100 0.880600
vt 0.259000 0.893700
vt 0.247600 0.905100
vt 0.258900 0.916400
vt 0.272100 0.929600
vt 0.283500 0.920100
vt 0.296600 0.907000
vt 0.283400 0.893800
vt 0.052600 0.817800
vt 0.052600 0.989400
vt 0.028400 0.989400
vt 0.028400 0.817800
vt 0.195100 0.817800
vt 0.195100 0.989400
vt 0.176500 0.989400
vt 0.176500 0.817800
vt 0.153700 0.817800
vt 0.153700 0.989400
vt 0.128300 0.989400
vt 0.128300 0.817800
vt 0.103400 0.817800
vt 0.103400 0.989400
vt 0.078800 0.989400
vt 0.078800 0.817800
vt 0.321600 0.889000
vt 0.289800 0.957100
vt 0.222700 0.923300
vt 0.253500 0.856300
vt 0.166100 0.788800
vt 0.171800 0.783200
vt 0.176600 0.787900
vt 0.171000 0.793600
vt 0.252200 0.857500
vt 0.224000 0.925200
vt 0.290300 0.956400
vt 0.321000 0.889000
vt 0.166200 0.777500
vt 0.008400 0.817800
vt 0.008400 0.989400
vt 0.166100 0.798500
vt 0.166200 0.666700
vt 0.121200 0.655100
vt 0.159700 0.619900
vt 0.183200 0.646700
vt 0.046200 0.630000
vt 0.055600 0.583100
vt 0.090900 0.621900
vt 0.064100 0.645200
vt 0.083000 0.507000
vt 0.127500 0.517400
vt 0.094000 0.548000
vt 0.069200 0.522200
vt 0.206800 0.547800
vt 0.193200 0.589400
vt 0.162900 0.556200
vt 0.188700 0.531400
vt 0.241400 0.713200
vt -0.002500 0.703300
vt 0.008600 0.458100
vt 0.252500 0.470500
vt 0.165100 0.588100
vt 0.145300 0.606200
vt 0.122500 0.627000
vt 0.104600 0.607300
vt 0.083600 0.584400
vt 0.106400 0.563600
vt 0.126200 0.545500
vt 0.147200 0.568400
vt 0.981900 0.740500
vt 0.986200 0.740500
vt 0.992000 0.740500
vt 0.993800 0.740500
vt 0.965400 0.740500
vt 0.969900 0.740500
vt 0.971900 0.740500
vt 0.977800 0.740500
vt 0.079000 0.657600
vt 0.167700 0.512500
vt 0.197400 0.629600
vt 0.053600 0.539600
vt 0.166300 0.666700
vt 0.183300 0.646600
vt 0.159900 0.619900
vt 0.121400 0.655000
vt 0.046400 0.629900
vt 0.064200 0.645100
vt 0.091100 0.621800
vt 0.055800 0.583000
vt 0.082900 0.507200
vt 0.069500 0.522100
vt 0.094300 0.547900
vt 0.127800 0.517400
vt 0.207000 0.547800
vt 0.188900 0.531300
vt 0.163100 0.556100
vt 0.193400 0.589400
vt 0.241500 0.713200
vt -0.002400 0.703200
vt 0.008900 0.458000
vt 0.252800 0.470600
vt 0.165300 0.588100
vt 0.145500 0.606100
vt 0.122700 0.626900
vt 0.104800 0.607200
vt 0.083800 0.584300
vt 0.106600 0.563500
vt 0.126500 0.545400
vt 0.147400 0.568400
vt 0.079100 0.657500
vt 0.168000 0.512500
vt 0.197600 0.629600
vt 0.054100 0.539200
vt 0.163400 0.770400
vt 0.158500 0.760900
vt 0.164700 0.760200
vt 0.170400 0.762000
vt 0.172000 0.774300
vt 0.172800 0.768300
vt 0.181200 0.772600
vt 0.175900 0.763300
vt 0.188200 0.764700
vt 0.181800 0.763000
vt 0.179200 0.743400
vt 0.186400 0.749100
vt 0.182000 0.752700
vt 0.175400 0.753500
vt 0.168600 0.743400
vt 0.171300 0.749200
vt 0.160200 0.751000
vt 0.170500 0.756200
vt 0.998300 0.740500
vt 0.944600 0.764400
vt 0.973300 0.685800
vt 0.978200 0.671400
vt 0.950900 0.764400
vt 0.966800 0.588200
vt 0.963600 0.764400
vt 0.981600 0.661600
vt 0.982700 0.764400
vt 0.970000 0.764400
vt 0.978500 0.661600
vt 0.975700 0.676800
vt 0.995400 0.764400
vt 0.947700 0.912600
vt 0.966800 0.912600
vt 0.982700 0.912600
vt 0.995400 0.912600
vt 0.224200 0.885400
vt 0.233100 0.905100
vt 0.251300 0.887000
vt 0.237200 0.872400
vt 0.252000 0.953000
vt 0.271900 0.946400
vt 0.251000 0.923600
vt 0.237000 0.938100
vt 0.290000 0.855400
vt 0.272100 0.866100
vt 0.290100 0.886000
vt 0.304600 0.871900
vt 0.321300 0.925400
vt 0.310900 0.907400
vt 0.289900 0.928400
vt 0.304300 0.942500
vt 0.321200 0.925400
vt 0.311100 0.907000
vt 0.290300 0.927900
vt 0.304700 0.942000
vt 0.290100 0.856100
vt 0.271900 0.866400
vt 0.290000 0.886500
vt 0.304500 0.872400
vt 0.253700 0.954200
vt 0.272100 0.946000
vt 0.251100 0.923100
vt 0.237000 0.937600
vt 0.222500 0.887200
vt 0.232900 0.905400
vt 0.250900 0.887500
vt 0.236800 0.873000
vt 0.202600 0.836300
vt 0.202400 0.974200
vt 0.340900 0.835600
vt 0.340600 0.976900
vt 0.340900 0.976500
vt 0.340700 0.836000
vt 0.202600 0.973900
vt 0.202400 0.836700
vt 0.161200 0.793700
vt 0.155600 0.788000
vt 0.160500 0.783100
vt 0.166200 0.788800
vt 0.248800 0.905400
vt 0.259500 0.916200
vt 0.271900 0.928500
vt 0.282500 0.919800
vt 0.295000 0.907400
vt 0.282600 0.895000
vt 0.271900 0.882400
vt 0.259400 0.894800
vt 0.272100 0.880600
vt 0.259000 0.893700
vt 0.247600 0.905100
vt 0.258900 0.916400
vt 0.272100 0.929600
vt 0.283500 0.920100
vt 0.296600 0.907000
vt 0.283400 0.893800
vt 0.052600 0.817800
vt 0.052600 0.989400
vt 0.028400 0.989400
vt 0.028400 0.817800
vt 0.195100 0.817800
vt 0.195100 0.989400
vt 0.176500 0.989400
vt 0.176500 0.817800
vt 0.153700 0.817800
vt 0.153700 0.989400
vt 0.128300 0.989400
vt 0.128300 0.817800
vt 0.103400 0.817800
vt 0.103400 0.989400
vt 0.078800 0.989400
vt 0.078800 0.817800
vt 0.321600 0.889000
vt 0.289800 0.957100
vt 0.222700 0.923300
vt 0.253500 0.856300
vt 0.166100 0.788800
vt 0.171800 0.783200
vt 0.176600 0.787900
vt 0.171000 0.793600
vt 0.252200 0.857500
vt 0.224000 0.925200
vt 0.290300 0.956400
vt 0.321000 0.889000
vt 0.166200 0.777500
vt 0.008400 0.817800
vt 0.008400 0.989400
vt 0.166100 0.798500
vt 0.166200 0.666700
vt 0.121200 0.655100
vt 0.159700 0.619900
vt 0.183200 0.646700
vt 0.046200 0.630000
vt 0.055600 0.583100
vt 0.090900 0.621900
vt 0.064100 0.645200
vt 0.083000 0.507000
vt 0.127500 0.517400
vt 0.094000 0.548000
vt 0.069200 0.522200
vt 0.206800 0.547800
vt 0.193200 0.589400
vt 0.162900 0.556200
vt 0.188700 0.531400
vt 0.241400 0.713200
vt -0.002500 0.703300
vt 0.008600 0.458100
vt 0.252500 0.470500
vt 0.165100 0.588100
vt 0.145300 0.606200
vt 0.122500 0.627000
vt 0.104600 0.607300
vt 0.083600 0.584400
vt 0.106400 0.563600
vt 0.126200 0.545500
vt 0.147200 0.568400
vt 0.981900 0.740500
vt 0.986200 0.740500
vt 0.992000 0.740500
vt 0.993800 0.740500
vt 0.965400 0.740500
vt 0.969900 0.740500
vt 0.971900 0.740500
vt 0.977800 0.740500
vt 0.079000 0.657600
vt 0.167700 0.512500
vt 0.197400 0.629600
vt 0.053600 0.539600
vt 0.166300 0.666700
vt 0.183300 0.646600
vt 0.159900 0.619900
vt 0.121400 0.655000
vt 0.046400 0.629900
vt 0.064200 0.645100
vt 0.091100 0.621800
vt 0.055800 0.583000
vt 0.082900 0.507200
vt 0.069500 0.522100
vt 0.094300 0.547900
vt 0.127800 0.517400
vt 0.207000 0.547800
vt 0.188900 0.531300
vt 0.163100 0.556100
vt 0.193400 0.589400
vt 0.241500 0.713200
vt -0.002400 0.703200
vt 0.008900 0.458000
vt 0.252800 0.470600
vt 0.165300 0.588100
vt 0.145500 0.606100
vt 0.122700 0.626900
vt 0.104800 0.607200
vt 0.083800 0.584300
vt 0.106600 0.563500
vt 0.126500 0.545400
vt 0.147400 0.568400
vt 0.079100 0.657500
vt 0.168000 0.512500
vt 0.197600 0.629600
vt 0.054100 0.539200
vt 0.163400 0.770400
vt 0.158500 0.760900
vt 0.164700 0.760200
vt 0.170400 0.762000
vt 0.172000 0.774300
vt 0.172800 0.768300
vt 0.181200 0.772600
vt 0.175900 0.763300
vt 0.188200 0.764700
vt 0.181800 0.763000
vt 0.179200 0.743400
vt 0.186400 0.749100
vt 0.182000 0.752700
vt 0.175400 0.753500
vt 0.168600 0.743400
vt 0.171300 0.749200
vt 0.160200 0.751000
vt 0.170500 0.756200
vt 0.998300 0.740500
vt 0.944600 0.764400
vt 0.973300 0.685800
vt 0.978200 0.671400
vt 0.950900 0.764400
vt 0.966800 0.588200
vt 0.963600 0.764400
vt 0.981600 0.661600
vt 0.982700 0.764400
vt 0.970000 0.764400
vt 0.978500 0.661600
vt 0.975700 0.676800
vt 0.995400 0.764400
vt 0.947700 0.912600
vt 0.966800 0.912600
vt 0.982700 0.912600
vt 0.995400 0.912600
vt 0.224200 0.885400
vt 0.233100 0.905100
vt 0.251300 0.887000
vt 0.237200 0.872400
vt 0.252000 0.953000
vt 0.271900 0.946400
vt 0.251000 0.923600
vt 0.237000 0.938100
vt 0.290000 0.855400
vt 0.272100 0.866100
vt 0.290100 0.886000
vt 0.304600 0.871900
vt 0.321300 0.925400
vt 0.310900 0.907400
vt 0.289900 0.928400
vt 0.304300 0.942500
vt 0.321200 0.925400
vt 0.311100 0.907000
vt 0.290300 0.927900
vt 0.304700 0.942000
vt 0.290100 0.856100
vt 0.271900 0.866400
vt 0.290000 0.886500
vt 0.304500 0.872400
vt 0.253700 0.954200
vt 0.272100 0.946000
vt 0.251100 0.923100
vt 0.237000 0.937600
vt 0.222500 0.887200
vt 0.232900 0.905400
vt 0.250900 0.887500
vt 0.236800 0.873000
vt 0.202600 0.836300
vt 0.202400 0.974200
vt 0.340900 0.835600
vt 0.340600 0.976900
vt 0.340900 0.976500
vt 0.340700 0.836000
vt 0.202600 0.973900
vt 0.202400 0.836700
vt 0.161200 0.793700
vt 0.155600 0.788000
vt 0.160500 0.783100
vt 0.166200 0.788800
vt 0.248800 0.905400
vt 0.259500 0.916200
vt 0.271900 0.928500
vt 0.282500 0.919800
vt 0.295000 0.907400
vt 0.282600 0.895000
vt 0.271900 0.882400
vt 0.259400 0.894800
vt 0.272100 0.880600
vt 0.259000 0.893700
vt 0.247600 0.905100
vt 0.258900 0.916400
vt 0.272100 0.929600
vt 0.283500 0.920100
vt 0.296600 0.907000
vt 0.283400 0.893800
vt 0.052600 0.817800
vt 0.052600 0.989400
vt 0.028400 0.989400
vt 0.028400 0.817800
vt 0.195100 0.817800
vt 0.195100 0.989400
vt 0.176500 0.989400
vt 0.176500 0.817800
vt 0.153700 0.817800
vt 0.153700 0.989400
vt 0.128300 0.989400
vt 0.128300 0.817800
vt 0.103400 0.817800
vt 0.103400 0.989400
vt 0.078800 0.989400
vt 0.078800 0.817800
vt 0.321600 0.889000
vt 0.289800 0.957100
vt 0.222700 0.923300
vt 0.253500 0.856300
vt 0.166100 0.788800
vt 0.171800 0.783200
vt 0.176600 0.787900
vt 0.171000 0.793600
vt 0.252200 0.857500
vt 0.224000 0.925200
vt 0.290300 0.956400
vt 0.321000 0.889000
vt 0.166200 0.777500
vt 0.008400 0.817800
vt 0.008400 0.989400
vt 0.166100 0.798500
vt 0.166200 0.666700
vt 0.121200 0.655100
vt 0.159700 0.619900
vt 0.183200 0.646700
vt 0.046200 0.630000
vt 0.055600 0.583100
vt 0.090900 0.621900
vt 0.064100 0.645200
vt 0.083000 0.507000
vt 0.127500 0.517400
vt 0.094000 0.548000
vt 0.069200 0.522200
vt 0.206800 0.547800
vt 0.193200 0.589400
vt 0.162900 0.556200
vt 0.188700 0.531400
vt 0.241400 0.713200
vt -0.002500 0.703300
vt 0.008600 0.458100
vt 0.252500 0.470500
vt 0.165100 0.588100
vt 0.145300 0.606200
vt 0.122500 0.627000
vt 0.104600 0.607300
vt 0.083600 0.584400
vt 0.106400 0.563600
vt 0.126200 0.545500
vt 0.147200 0.568400
vt 0.981900 0.740500
vt 0.986200 0.740500
vt 0.992000 0.740500
vt 0.993800 0.740500
vt 0.965400 0.740500
vt 0.969900 0.740500
vt 0.971900 0.740500
vt 0.977800 0.740500
vt 0.079000 0.657600
vt 0.167700 0.512500
vt 0.197400 0.629600
vt 0.053600 0.539600
vt 0.166300 0.666700
vt 0.183300 0.646600
vt 0.159900 0.619900
vt 0.121400 0.655000
vt 0.046400 0.629900
vt 0.064200 0.645100
vt 0.091100 0.621800
vt 0.055800 0.583000
vt 0.082900 0.507200
vt 0.069500 0.522100
vt 0.094300 0.547900
vt 0.127800 0.517400
vt 0.207000 0.547800
vt 0.188900 0.531300
vt 0.163100 0.556100
vt 0.193400 0.589400
vt 0.241500 0.713200
vt -0.002400 0.703200
vt 0.008900 0.458000
vt 0.252800 0.470600
vt 0.165300 0.588100
vt 0.145500 0.606100
vt 0.122700 0.626900
vt 0.104800 0.607200
vt 0.083800 0.584300
vt 0.106600 0.563500
vt 0.126500 0.545400
vt 0.147400 0.568400
vt 0.079100 0.657500
vt 0.168000 0.512500
vt 0.197600 0.629600
vt 0.054100 0.539200
vt 0.163400 0.770400
vt 0.158500 0.760900
vt 0.164700 0.760200
vt 0.170400 0.762000
vt 0.172000 0.774300
vt 0.172800 0.768300
vt 0.181200 0.772600
vt 0.175900 0.763300
vt 0.188200 0.764700
vt 0.181800 0.763000
vt 0.179200 0.743400
vt 0.186400 0.749100
vt 0.182000 0.752700
vt 0.175400 0.753500
vt 0.168600 0.743400
vt 0.171300 0.749200
vt 0.160200 0.751000
vt 0.170500 0.756200
vt 0.998300 0.740500
vt 0.944600 0.764400
vt 0.973300 0.685800
vt 0.978200 0.671400
vt 0.950900 0.764400
vt 0.966800 0.588200
vt 0.963600 0.764400
vt 0.981600 0.661600
vt 0.982700 0.764400
vt 0.970000 0.764400
vt 0.978500 0.661600
vt 0.975700 0.676800
vt 0.995400 0.764400
vt 0.947700 0.912600
vt 0.966800 0.912600
vt 0.982700 0.912600
vt 0.995400 0.912600
vt 0.224200 0.885400
vt 0.233100 0.905100
vt 0.251300 0.887000
vt 0.237200 0.872400
vt 0.252000 0.953000
vt 0.271900 0.946400
vt 0.251000 0.923600
vt 0.237000 0.938100
vt 0.290000 0.855400
vt 0.272100 0.866100
vt 0.290100 0.886000
vt 0.304600 0.871900
vt 0.321300 0.925400
vt 0.310900 0.907400
vt 0.289900 0.928400
vt 0.304300 0.942500
vt 0.321200 0.925400
vt 0.311100 0.907000
vt 0.290300 0.927900
vt 0.304700 0.942000
vt 0.290100 0.856100
vt 0.271900 0.866400
vt 0.290000 0.886500
vt 0.304500 0.872400
vt 0.253700 0.954200
vt 0.272100 0.946000
vt 0.251100 0.923100
vt 0.237000 0.937600
vt 0.222500 0.887200
vt 0.232900 0.905400
vt 0.250900 0.887500
vt 0.236800 0.873000
vt 0.202600 0.836300
vt 0.202400 0.974200
vt 0.340900 0.835600
vt 0.340600 0.976900
vt 0.340900 0.976500
vt 0.340700 0.836000
vt 0.202600 0.973900
vt 0.202400 0.836700
vt 0.161200 0.793700
vt 0.155600 0.788000
vt 0.160500 0.783100
vt 0.166200 0.788800
vt 0.248800 0.905400
vt 0.259500 0.916200
vt 0.271900 0.928500
vt 0.282500 0.919800
vt 0.295000 0.907400
vt 0.282600 0.895000
vt 0.271900 0.882400
vt 0.259400 0.894800
vt 0.272100 0.880600
vt 0.259000 0.893700
vt 0.247600 0.905100
vt 0.258900 0.916400
vt 0.272100 0.929600
vt 0.283500 0.920100
vt 0.296600 0.907000
vt 0.283400 0.893800
vt 0.052600 0.817800
vt 0.052600 0.989400
vt 0.028400 0.989400
vt 0.028400 0.817800
vt 0.195100 0.817800
vt 0.195100 0.989400
vt 0.176500 0.989400
vt 0.176500 0.817800
vt 0.153700 0.817800
vt 0.153700 0.989400
vt 0.128300 0.989400
vt 0.128300 0.817800
vt 0.103400 0.817800
vt 0.103400 0.989400
vt 0.078800 0.989400
vt 0.078800 0.817800
vt 0.321600 0.889000
vt 0.289800 0.957100
vt 0.222700 0.923300
vt 0.253500 0.856300
vt 0.166100 0.788800
vt 0.171800 0.783200
vt 0.176600 0.787900
vt 0.171000 0.793600
vt 0.252200 0.857500
vt 0.224000 0.925200
vt 0.290300 0.956400
vt 0.321000 0.889000
vt 0.166200 0.777500
vt 0.008400 0.817800
vt 0.008400 0.989400
vt 0.166100 0.798500
vt 0.166200 0.666700
vt 0.121200 0.655100
vt 0.159700 0.619900
vt 0.183200 0.646700
vt 0.046200 0.630000
vt 0.055600 0.583100
vt 0.090900 0.621900
vt 0.064100 0.645200
vt 0.083000 0.507000
vt 0.127500 0.517400
vt 0.094000 0.548000
vt 0.069200 0.522200
vt 0.206800 0.547800
vt 0.193200 0.589400
vt 0.162900 0.556200
vt 0.188700 0.531400
vt 0.241400 0.713200
vt -0.002500 0.703300
vt 0.008600 0.458100
vt 0.252500 0.470500
vt 0.165100 0.588100
vt 0.145300 0.606200
vt 0.122500 0.627000
vt 0.104600 0.607300
vt 0.083600 0.584400
vt 0.106400 0.563600
vt 0.126200 0.545500
vt 0.147200 0.568400
vt 0.981900 0.740500
vt 0.986200 0.740500
vt 0.992000 0.740500
vt 0.993800 0.740500
vt 0.965400 0.740500
vt 0.969900 0.740500
vt 0.971900 0.740500
vt 0.977800 0.740500
vt 0.079000 0.657600
vt 0.167700 0.512500
vt 0.197400 0.629600
vt 0.053600 0.539600
vt 0.166300 0.666700
vt 0.183300 0.646600
vt 0.159900 0.619900
vt 0.121400 0.655000
vt 0.046400 0.629900
vt 0.064200 0.645100
vt 0.091100 0.621800
vt 0.055800 0.583000
vt 0.082900 0.507200
vt 0.069500 0.522100
vt 0.094300 0.547900
vt 0.127800 0.517400
vt 0.207000 0.547800
vt 0.188900 0.531300
vt 0.163100 0.556100
vt 0.193400 0.589400
vt 0.241500 0.713200
vt -0.002400 0.703200
vt 0.008900 0.458000
vt 0.252800 0.470600
vt 0.165300 0.588100
vt 0.145500 0.606100
vt 0.122700 0.626900
vt 0.104800 0.607200
vt 0.083800 0.584300
vt 0.106600 0.563500
vt 0.126500 0.545400
vt 0.147400 0.568400
vt 0.079100 0.657500
vt 0.168000 0.512500
vt 0.197600 0.629600
vt 0.054100 0.539200
vt 0.163400 0.770400
vt 0.158500 0.760900
vt 0.164700 0.760200
vt 0.170400 0.762000
vt 0.172000 0.774300
vt 0.172800 0.768300
vt 0.181200 0.772600
vt 0.175900 0.763300
vt 0.188200 0.764700
vt 0.181800 0.763000
vt 0.179200 0.743400
vt 0.186400 0.749100
vt 0.182000 0.752700
vt 0.175400 0.753500
vt 0.168600 0.743400
vt 0.171300 0.749200
vt 0.160200 0.751000
vt 0.170500 0.756200
vt 0.998300 0.740500
vt 0.944600 0.764400
vt 0.973300 0.685800
vt 0.978200 0.671400
vt 0.950900 0.764400
vt 0.966800 0.588200
vt 0.963600 0.764400
vt 0.981600 0.661600
vt 0.982700 0.764400
vt 0.970000 0.764400
vt 0.978500 0.661600
vt 0.975700 0.676800
vt 0.995400 0.764400
vt 0.947700 0.912600
vt 0.966800 0.912600
vt 0.982700 0.912600
vt 0.995400 0.912600
vt 0.224200 0.885400
vt 0.233100 0.905100
vt 0.251300 0.887000
vt 0.237200 0.872400
vt 0.252000 0.953000
vt 0.271900 0.946400
vt 0.251000 0.923600
vt 0.237000 0.938100
vt 0.290000 0.855400
vt 0.272100 0.866100
vt 0.290100 0.886000
vt 0.304600 0.871900
vt 0.321300 0.925400
vt 0.310900 0.907400
vt 0.289900 0.928400
vt 0.304300 0.942500
vt 0.321200 0.925400
vt 0.311100 0.907000
vt 0.290300 0.927900
vt 0.304700 0.942000
vt 0.290100 0.856100
vt 0.271900 0.866400
vt 0.290000 0.886500
vt 0.304500 0.872400
vt 0.253700 0.954200
vt 0.272100 0.946000
vt 0.251100 0.923100
vt 0.237000 0.937600
vt 0.222500 0.887200
vt 0.232900 0.905400
vt 0.250900 0.887500
vt 0.236800 0.873000
vt 0.202600 0.836300
vt 0.202400 0.974200
vt 0.340900 0.835600
vt 0.340600 0.976900
vt 0.340900 0.976500
vt 0.340700 0.836000
vt 0.202600 0.973900
vt 0.202400 0.836700
vt 0.161200 0.793700
vt 0.155600 0.788000
vt 0.160500 0.783100
vt 0.166200 0.788800
vt 0.248800 0.905400
vt 0.259500 0.916200
vt 0.271900 0.928500
vt 0.282500 0.919800
vt 0.295000 0.907400
vt 0.282600 0.895000
vt 0.271900 0.882400
vt 0.259400 0.894800
vt 0.272100 0.880600
vt 0.259000 0.893700
vt 0.247600 0.905100
vt 0.258900 0.916400
vt 0.272100 0.929600
vt 0.283500 0.920100
vt 0.296600 0.907000
vt 0.283400 0.893800
vt 0.052600 0.817800
vt 0.052600 0.989400
vt 0.028400 0.989400
vt 0.028400 0.817800
vt 0.195100 0.817800
vt 0.195100 0.989400
vt 0.176500 0.989400
vt 0.176500 0.817800
vt 0.153700 0.817800
vt 0.153700 0.989400
vt 0.128300 0.989400
vt 0.128300 0.817800
vt 0.103400 0.817800
vt 0.103400 0.989400
vt 0.078800 0.989400
vt 0.078800 0.817800
vt 0.321600 0.889000
vt 0.289800 0.957100
vt 0.222700 0.923300
vt 0.253500 0.856300
vt 0.166100 0.788800
vt 0.171800 0.783200
vt 0.176600 0.787900
vt 0.171000 0.793600
vt 0.252200 0.857500
vt 0.224000 0.925200
vt 0.290300 0.956400
vt 0.321000 0.889000
vt 0.166200 0.777500
vt 0.008400 0.817800
vt 0.008400 0.989400
vt 0.166100 0.798500
vt 0.166200 0.666700
vt 0.121200 0.655100
vt 0.159700 0.619900
vt 0.183200 0.646700
vt 0.046200 0.630000
vt 0.055600 0.583100
vt 0.090900 0.621900
vt 0.064100 0.645200
vt 0.083000 0.507000
vt 0.127500 0.517400
vt 0.094000 0.548000
vt 0.069200 0.522200
vt 0.206800 0.547800
vt 0.193200 0.589400
vt 0.162900 0.556200
vt 0.188700 0.531400
vt 0.241400 0.713200
vt -0.002500 0.703300
vt 0.008600 0.458100
vt 0.252500 0.470500
vt 0.165100 0.588100
vt 0.145300 0.606200
vt 0.122500 0.627000
vt 0.104600 0.607300
vt 0.083600 0.584400
vt 0.106400 0.563600
vt 0.126200 0.545500
vt 0.147200 0.568400
vt 0.981900 0.740500
vt 0.986200 0.740500
vt 0.992000 0.740500
vt 0.993800 0.740500
vt 0.965400 0.740500
vt 0.969900 0.740500
vt 0.971900 0.740500
vt 0.977800 0.740500
vt 0.079000 0.657600
vt 0.167700 0.512500
vt 0.197400 0.629600
vt 0.053600 0.539600
vt 0.166300 0.666700
vt 0.183300 0.646600
vt 0.159900 0.619900
vt 0.121400 0.655000
vt 0.046400 0.629900
vt 0.064200 0.645100
vt 0.091100 0.621800
vt 0.055800 0.583000
vt 0.082900 0.507200
vt 0.069500 0.522100
vt 0.094300 0.547900
vt 0.127800 0.517400
vt 0.207000 0.547800
vt 0.188900 0.531300
vt 0.163100 0.556100
vt 0.193400 0.589400
vt 0.241500 0.713200
vt -0.002400 0.703200
vt 0.008900 0.458000
vt 0.252800 0.470600
vt 0.165300 0.588100
vt 0.145500 0.606100
vt 0.122700 0.626900
vt 0.104800 0.607200
vt 0.083800 0.584300
vt 0.106600 0.563500
vt 0.126500 0.545400
vt 0.147400 0.568400
vt 0.079100 0.657500
vt 0.168000 0.512500
vt 0.197600 0.629600
vt 0.054100 0.539200
vt 0.163400 0.770400
vt 0.158500 0.760900
vt 0.164700 0.760200
vt 0.170400 0.762000
vt 0.172000 0.774300
vt 0.172800 0.768300
vt 0.181200 0.772600
vt 0.175900 0.763300
vt 0.188200 0.764700
vt 0.181800 0.763000
vt 0.179200 0.743400
vt 0.186400 0.749100
vt 0.182000 0.752700
vt 0.175400 0.753500
vt 0.168600 0.743400
vt 0.171300 0.749200
vt 0.160200 0.751000
vt 0.170500 0.756200
vt 0.998300 0.740500
vt 0.944600 0.764400
vt 0.973300 0.685800
vt 0.978200 0.671400
vt 0.950900 0.764400
vt 0.966800 0.588200
vt 0.963600 0.764400
vt 0.981600 0.661600
vt 0.982700 0.764400
vt 0.970000 0.764400
vt 0.978500 0.661600
vt 0.975700 0.676800
vt 0.995400 0.764400
vt 0.947700 0.912600
vt 0.966800 0.912600
vt 0.982700 0.912600
vt 0.995400 0.912600
vt 0.224200 0.885400
vt 0.233100 0.905100
vt 0.251300 0.887000
vt 0.237200 0.872400
vt 0.252000 0.953000
vt 0.271900 0.946400
vt 0.251000 0.923600
vt 0.237000 0.938100
vt 0.290000 0.855400
vt 0.272100 0.866100
vt 0.290100 0.886000
vt 0.304600 0.871900
vt 0.321300 0.925400
vt 0.310900 0.907400
vt 0.289900 0.928400
vt 0.304300 0.942500
vt 0.321200 0.925400
vt 0.311100 0.907000
vt 0.290300 0.927900
vt 0.304700 0.942000
vt 0.290100 0.856100
vt 0.271900 0.866400
vt 0.290000 0.886500
vt 0.304500 0.872400
vt 0.253700 0.954200
vt 0.272100 0.946000
vt 0.251100 0.923100
vt 0.237000 0.937600
vt 0.222500 0.887200
vt 0.232900 0.905400
vt 0.250900 0.887500
vt 0.236800 0.873000
vt 0.202600 0.836300
vt 0.202400 0.974200
vt 0.340900 0.835600
vt 0.340600 0.976900
vt 0.340900 0.976500
vt 0.340700 0.836000
vt 0.202600 0.973900
vt 0.202400 0.836700
vt 0.161200 0.793700
vt 0.155600 0.788000
vt 0.160500 0.783100
vt 0.166200 0.788800
vt 0.248800 0.905400
vt 0.259500 0.916200
vt 0.271900 0.928500
vt 0.282500 0.919800
vt 0.295000 0.907400
vt 0.282600 0.895000
vt 0.271900 0.882400
vt 0.259400 0.894800
vt 0.272100 0.880600
vt 0.259000 0.893700
vt 0.247600 0.905100
vt 0.258900 0.916400
vt 0.272100 0.929600
vt 0.283500 0.920100
vt 0.296600 0.907000
vt 0.283400 0.893800
vt 0.052600 0.817800
vt 0.052600 0.989400
vt 0.028400 0.989400
vt 0.028400 0.817800
vt 0.195100 0.817800
vt 0.195100 0.989400
vt 0.176500 0.989400
vt 0.176500 0.817800
vt 0.153700 0.817800
vt 0.153700 0.989400
vt 0.128300 0.989400
vt 0.128300 0.817800
vt 0.103400 0.817800
vt 0.103400 0.989400
vt 0.078800 0.989400
vt 0.078800 0.817800
vt 0.321600 0.889000
vt 0.289800 0.957100
vt 0.222700 0.923300
vt 0.253500 0.856300
vt 0.166100 0.788800
vt 0.171800 0.783200
vt 0.176600 0.787900
vt 0.171000 0.793600
vt 0.252200 0.857500
vt 0.224000 0.925200
vt 0.290300 0.956400
vt 0.321000 0.889000
vt 0.166200 0.777500
vt 0.008400 0.817800
vt 0.008400 0.989400
vt 0.166100 0.798500
vt 0.166200 0.666700
vt 0.121200 0.655100
vt 0.159700 0.619900
vt 0.183200 0.646700
vt 0.046200 0.630000
vt 0.055600 0.583100
vt 0.090900 0.621900
vt 0.064100 0.645200
vt 0.083000 0.507000
vt 0.127500 0.517400
vt 0.094000 0.548000
vt 0.069200 0.522200
vt 0.206800 0.547800
vt 0.193200 0.589400
vt 0.162900 0.556200
vt 0.188700 0.531400
vt 0.241400 0.713200
vt -0.002500 0.703300
vt 0.008600 0.458100
vt 0.252500 0.470500
vt 0.165100 0.588100
vt 0.145300 0.606200
vt 0.122500 0.627000
vt 0.104600 0.607300
vt 0.083600 0.584400
vt 0.106400 0.563600
vt 0.126200 0.545500
vt 0.147200 0.568400
vt 0.981900 0.740500
vt 0.986200 0.740500
vt 0.992000 0.740500
vt 0.993800 0.740500
vt 0.965400 0.740500
vt 0.969900 0.740500
vt 0.971900 0.740500
vt 0.977800 0.740500
vt 0.079000 0.657600
vt 0.167700 0.512500
vt 0.197400 0.629600
vt 0.053600 0.539600
vt 0.166300 0.666700
vt 0.183300 0.646600
vt 0.159900 0.619900
vt 0.121400 0.655000
vt 0.046400 0.629900
vt 0.064200 0.645100
vt 0.091100 0.621800
vt 0.055800 0.583000
vt 0.082900 0.507200
vt 0.069500 0.522100
vt 0.094300 0.547900
vt 0.127800 0.517400
vt 0.207000 0.547800
vt 0.188900 0.531300
vt 0.163100 0.556100
vt 0.193400 0.589400
vt 0.241500 0.713200
vt -0.002400 0.703200
vt 0.008900 0.458000
vt 0.252800 0.470600
vt 0.165300 0.588100
vt 0.145500 0.606100
vt 0.122700 0.626900
vt 0.104800 0.607200
vt 0.083800 0.584300
vt 0.106600 0.563500
vt 0.126500 0.545400
vt 0.147400 0.568400
vt 0.079100 0.657500
vt 0.168000 0.512500
vt 0.197600 0.629600
vt 0.054100 0.539200
vt 0.163400 0.770400
vt 0.158500 0.760900
vt 0.164700 0.760200
vt 0.170400 0.762000
vt 0.172000 0.774300
vt 0.172800 0.768300
vt 0.181200 0.772600
vt 0.175900 0.763300
vt 0.188200 0.764700
vt 0.181800 0.763000
vt 0.179200 0.743400
vt 0.186400 0.749100
vt 0.182000 0.752700
vt 0.175400 0.753500
vt 0.168600 0.743400
vt 0.171300 0.749200
vt 0.160200 0.751000
vt 0.170500 0.756200
vt 0.998300 0.740500
vt 0.944600 0.764400
vt 0.973300 0.685800
vt 0.978200 0.671400
vt 0.950900 0.764400
vt 0.966800 0.588200
vt 0.963600 0.764400
vt 0.981600 0.661600
vt 0.982700 0.764400
vt 0.970000 0.764400
vt 0.978500 0.661600
vt 0.975700 0.676800
vt 0.995400 0.764400
vt 0.947700 0.912600
vt 0.966800 0.912600
vt 0.982700 0.912600
vt 0.995400 0.912600
vt 0.224200 0.885400
vt 0.233100 0.905100
vt 0.251300 0.887000
vt 0.237200 0.872400
vt 0.252000 0.953000
vt 0.271900 0.946400
vt 0.251000 0.923600
vt 0.237000 0.938100
vt 0.290000 0.855400
vt 0.272100 0.866100
vt 0.290100 0.886000
vt 0.304600 0.871900
vt 0.321300 0.925400
vt 0.310900 0.907400
vt 0.289900 0.928400
vt 0.304300 0.942500
vt 0.321200 0.925400
vt 0.311100 0.907000
vt 0.290300 0.927900
vt 0.304700 0.942000
vt 0.290100 0.856100
vt 0.271900 0.866400
vt 0.290000 0.886500
vt 0.304500 0.872400
vt 0.253700 0.954200
vt 0.272100 0.946000
vt 0.251100 0.923100
vt 0.237000 0.937600
vt 0.222500 0.887200
vt 0.232900 0.905400
vt 0.250900 0.887500
vt 0.236800 0.873000
vt 0.202600 0.836300
vt 0.202400 0.974200
vt 0.340900 0.835600
vt 0.340600 0.976900
vt 0.340900 0.976500
vt 0.340700 0.836000
vt 0.202600 0.973900
vt 0.202400 0.836700
vt 0.161200 0.793700
vt 0.155600 0.788000
vt 0.160500 0.783100
vt 0.166200 0.788800
vt 0.248800 0.905400
vt 0.259500 0.916200
vt 0.271900 0.928500
vt 0.282500 0.919800
vt 0.295000 0.907400
vt 0.282600 0.895000
vt 0.271900 0.882400
vt 0.259400 0.894800
vt 0.272100 0.880600
vt 0.259000 0.893700
vt 0.247600 0.905100
vt 0.258900 0.916400
vt 0.272100 0.929600
vt 0.283500 0.920100
vt 0.296600 0.907000
vt 0.283400 0.893800
vt 0.052600 0.817800
vt 0.052600 0.989400
vt 0.028400 0.989400
vt 0.028400 0.817800
vt 0.195100 0.817800
vt 0.195100 0.989400
vt 0.176500 0.989400
vt 0.176500 0.817800
vt 0.153700 0.817800
vt 0.153700 0.989400
vt 0.128300 0.989400
vt 0.128300 0.817800
vt 0.103400 0.817800
vt 0.103400 0.989400
vt 0.078800 0.989400
vt 0.078800 0.817800
vt 0.321600 0.889000
vt 0.289800 0.957100
vt 0.222700 0.923300
vt 0.253500 0.856300
vt 0.166100 0.788800
vt 0.171800 0.783200
vt 0.176600 0.787900
vt 0.171000 0.793600
vt 0.252200 0.857500
vt 0.224000 0.925200
vt 0.290300 0.956400
vt 0.321000 0.889000
vt 0.166200 0.777500
vt 0.008400 0.817800
vt 0.008400 0.989400
vt 0.166100 0.798500
vt 0.166200 0.666700
vt 0.121200 0.655100
vt 0.159700 0.619900
vt 0.183200 0.646700
vt 0.046200 0.630000
vt 0.055600 0.583100
vt 0.090900 0.621900
vt 0.064100 0.645200
vt 0.083000 0.507000
vt 0.127500 0.517400
vt 0.094000 0.548000
vt 0.069200 0.522200
vt 0.206800 0.547800
vt 0.193200 0.589400
vt 0.162900 0.556200
vt 0.188700 0.531400
vt 0.241400 0.713200
vt -0.002500 0.703300
vt 0.008600 0.458100
vt 0.252500 0.470500
vt 0.165100 0.588100
vt 0.145300 0.606200
vt 0.122500 0.627000
vt 0.104600 0.607300
vt 0.083600 0.584400
vt 0.106400 0.563600
vt 0.126200 0.545500
vt 0.147200 0.568400
vt 0.981900 0.740500
vt 0.986200 0.740500
vt 0.992000 0.740500
vt 0.993800 0.740500
vt 0.965400 0.740500
vt 0.969900 0.740500
vt 0.971900 0.740500
vt 0.977800 0.740500
vt 0.079000 0.657600
vt 0.167700 0.512500
vt 0.197400 0.629600
vt 0.053600 0.539600
vt 0.166300 0.666700
vt 0.183300 0.646600
vt 0.159900 0.619900
vt 0.121400 0.655000
vt 0.046400 0.629900
vt 0.064200 0.645100
vt 0.091100 0.621800
vt 0.055800 0.583000
vt 0.082900 0.507200
vt 0.069500 0.522100
vt 0.094300 0.547900
vt 0.127800 0.517400
vt 0.207000 0.547800
vt 0.188900 0.531300
vt 0.163100 0.556100
vt 0.193400 0.589400
vt 0.241500 0.713200
vt -0.002400 0.703200
vt 0.008900 0.458000
vt 0.252800 0.470600
vt 0.165300 0.588100
vt 0.145500 0.606100
vt 0.122700 0.626900
vt 0.104800 0.607200
vt 0.083800 0.584300
vt 0.106600 0.563500
vt 0.126500 0.545400
vt 0.147400 0.568400
vt 0.079100 0.657500
vt 0.168000 0.512500
vt 0.197600 0.629600
vt 0.054100 0.539200
vt 0.163400 0.770400
vt 0.158500 0.760900
vt 0.164700 0.760200
vt 0.170400 0.762000
vt 0.172000 0.774300
vt 0.172800 0.768300
vt 0.181200 0.772600
vt 0.175900 0.763300
vt 0.188200 0.764700
vt 0.181800 0.763000
vt 0.179200 0.743400
vt 0.186400 0.749100
vt 0.182000 0.752700
vt 0.175400 0.753500
vt 0.168600 0.743400
vt 0.171300 0.749200
vt 0.160200 0.751000
vt 0.170500 0.756200
vt 0.998300 0.740500
vt 0.944600 0.764400
vt 0.973300 0.685800
vt 0.978200 0.671400
vt 0.950900 0.764400
vt 0.966800 0.588200
vt 0.963600 0.764400
vt 0.981600 0.661600
vt 0.982700 0.764400
vt 0.970000 0.764400
vt 0.978500 0.661600
vt 0.975700 0.676800
vt 0.995400 0.764400
vt 0.947700 0.912600
vt 0.966800 0.912600
vt 0.982700 0.912600
vt 0.995400 0.912600
vt 0.224200 0.885400
vt 0.233100 0.905100
vt 0.251300 0.887000
vt 0.237200 0.872400
vt 0.252000 0.953000
vt 0.271900 0.946400
vt 0.251000 0.923600
vt 0.237000 0.938100
vt 0.290000 0.855400
vt 0.272100 0.866100
vt 0.290100 0.886000
vt 0.304600 0.871900
vt 0.321300 0.925400
vt 0.310900 0.907400
vt 0.289900 0.928400
vt 0.304300 0.942500
vt 0.321200 0.925400
vt 0.311100 0.907000
vt 0.290300 0.927900
vt 0.304700 0.942000
vt 0.290100 0.856100
vt 0.271900 0.866400
vt 0.290000 0.886500
vt 0.304500 0.872400
vt 0.253700 0.954200
vt 0.272100 0.946000
vt 0.251100 0.923100
vt 0.237000 0.937600
vt 0.222500 0.887200
vt 0.232900 0.905400
vt 0.250900 0.887500
vt 0.236800 0.873000
vt 0.202600 0.836300
vt 0.202400 0.974200
vt 0.340900 0.835600
vt 0.340600 0.976900
vt 0.340900 0.976500
vt 0.340700 0.836000
vt 0.202600 0.973900
vt 0.202400 0.836700
vt 0.161200 0.793700
vt 0.155600 0.788000
vt 0.160500 0.783100
vt 0.166200 0.788800
vt 0.248800 0.905400
vt 0.259500 0.916200
vt 0.271900 0.928500
vt 0.282500 0.919800
vt 0.295000 0.907400
vt 0.282600 0.895000
vt 0.271900 0.882400
vt 0.259400 0.894800
vt 0.272100 0.880600
vt 0.259000 0.893700
vt 0.247600 0.905100
vt 0.258900 0.916400
vt 0.272100 0.929600
vt 0.283500 0.920100
vt 0.296600 0.907000
vt 0.283400 0.893800
vt 0.052600 0.817800
vt 0.052600 0.989400
vt 0.028400 0.989400
vt 0.028400 0.817800
vt 0.195100 0.817800
vt 0.195100 0.989400
vt 0.176500 0.989400
vt 0.176500 0.817800
vt 0.153700 0.817800
vt 0.153700 0.989400
vt 0.128300 0.989400
vt 0.128300 0.817800
vt 0.103400 0.817800
vt 0.103400 0.989400
vt 0.078800 0.989400
vt 0.078800 0.817800
vt 0.321600 0.889000
vt 0.289800 0.957100
vt 0.222700 0.923300
vt 0.253500 0.856300
vt 0.166100 0.788800
vt 0.171800 0.783200
vt 0.176600 0.787900
vt 0.171000 0.793600
vt 0.252200 0.857500
vt 0.224000 0.925200
vt 0.290300 0.956400
vt 0.321000 0.889000
vt 0.166200 0.777500
vt 0.008400 0.817800
vt 0.008400 0.989400
vt 0.166100 0.798500
vt 0.166200 0.666700
vt 0.121200 0.655100
vt 0.159700 0.619900
vt 0.183200 0.646700
vt 0.046200 0.630000
vt 0.055600 0.583100
vt 0.090900 0.621900
vt 0.064100 0.645200
vt 0.083000 0.507000
vt 0.127500 0.517400
vt 0.094000 0.548000
vt 0.069200 0.522200
vt 0.206800 0.547800
vt 0.193200 0.589400
vt 0.162900 0.556200
vt 0.188700 0.531400
vt 0.241400 0.713200
vt -0.002500 0.703300
vt 0.008600 0.458100
vt 0.252500 0.470500
vt 0.165100 0.588100
vt 0.145300 0.606200
vt 0.122500 0.627000
vt 0.104600 0.607300
vt 0.083600 0.584400
vt 0.106400 0.563600
vt 0.126200 0.545500
vt 0.147200 0.568400
vt 0.981900 0.740500
vt 0.986200 0.740500
vt 0.992000 0.740500
vt 0.993800 0.740500
vt 0.965400 0.740500
vt 0.969900 0.740500
vt 0.971900 0.740500
vt 0.977800 0.740500
vt 0.079000 0.657600
vt 0.167700 0.512500
vt 0.197400 0.629600
vt 0.053600 0.539600
vt 0.166300 0.666700
vt 0.183300 0.646600
vt 0.159900 0.619900
vt 0.121400 0.655000
vt 0.046400 0.629900
vt 0.064200 0.645100
vt 0.091100 0.621800
vt 0.055800 0.583000
vt 0.082900 0.507200
vt 0.069500 0.522100
vt 0.094300 0.547900
vt 0.127800 0.517400
vt 0.207000 0.547800
vt 0.188900 0.531300
vt 0.163100 0.556100
vt 0.193400 0.589400
vt 0.241500 0.713200
vt -0.002400 0.703200
vt 0.008900 0.458000
vt 0.252800 0.470600
vt 0.165300 0.588100
vt 0.145500 0.606100
vt 0.122700 0.626900
vt 0.104800 0.607200
vt 0.083800 0.584300
vt 0.106600 0.563500
vt 0.126500 0.545400
vt 0.147400 0.568400
vt 0.079100 0.657500
vt 0.168000 0.512500
vt 0.197600 0.629600
vt 0.054100 0.539200
vt 0.163400 0.770400
vt 0.158500 0.760900
vt 0.164700 0.760200
vt 0.170400 0.762000
vt 0.172000 0.774300
vt 0.172800 0.768300
vt 0.181200 0.772600
vt 0.175900 0.763300
vt 0.188200 0.764700
vt 0.181800 0.763000
vt 0.179200 0.743400
vt 0.186400 0.749100
vt 0.182000 0.752700
vt 0.175400 0.753500
vt 0.168600 0.743400
vt 0.171300 0.749200
vt 0.160200 0.751000
vt 0.170500 0.756200
vt 0.998300 0.740500
vt 0.944600 0.764400
vt 0.973300 0.685800
vt 0.978200 0.671400
vt 0.950900 0.764400
vt 0.966800 0.588200
vt 0.963600 0.764400
vt 0.981600 0.661600
vt 0.982700 0.764400
vt 0.970000 0.764400
vt 0.978500 0.661600
vt 0.975700 0.676800
vt 0.995400 0.764400
vt 0.947700 0.912600
vt 0.966800 0.912600
vt 0.982700 0.912600
vt 0.995400 0.912600
vt 0.224200 0.885400
vt 0.233100 0.905100
vt 0.251300 0.887000
vt 0.237200 0.872400
vt 0.252000 0.953000
vt 0.271900 0.946400
vt 0.251000 0.923600
vt 0.237000 0.938100
vt 0.290000 0.855400
vt 0.272100 0.866100
vt 0.290100 0.886000
vt 0.304600 0.871900
vt 0.321300 0.925400
vt 0.310900 0.907400
vt 0.289900 0.928400
vt 0.304300 0.942500
vt 0.321200 0.925400
vt 0.311100 0.907000
vt 0.290300 0.927900
vt 0.304700 0.942000
vt 0.290100 0.856100
vt 0.271900 0.866400
vt 0.290000 0.886500
vt 0.304500 0.872400
vt 0.253700 0.954200
vt 0.272100 0.946000
vt 0.251100 0.923100
vt 0.237000 0.937600
vt 0.222500 0.887200
vt 0.232900 0.905400
vt 0.250900 0.887500
vt 0.236800 0.873000
vt 0.202600 0.836300
vt 0.202400 0.974200
vt 0.340900 0.835600
vt 0.340600 0.976900
vt 0.340900 0.976500
vt 0.340700 0.836000
vt 0.202600 0.973900
vt 0.202400 0.836700
vt 0.161200 0.793700
vt 0.155600 0.788000
vt 0.160500 0.783100
vt 0.166200 0.788800
vt 0.248800 0.905400
vt 0.259500 0.916200
vt 0.271900 0.928500
vt 0.282500 0.919800
vt 0.295000 0.907400
vt 0.282600 0.895000
vt 0.271900 0.882400
vt 0.259400 0.894800
vt 0.272100 0.880600
vt 0.259000 0.893700
vt 0.247600 0.905100
vt 0.258900 0.916400
vt 0.272100 0.929600
vt 0.283500 0.920100
vt 0.296600 0.907000
vt 0.283400 0.893800
vt 0.052600 0.817800
vt 0.052600 0.989400
vt 0.028400 0.989400
vt 0.028400 0.817800
vt 0.195100 0.817800
vt 0.195100 0.989400
vt 0.176500 0.989400
vt 0.176500 0.817800
vt 0.153700 0.817800
vt 0.153700 0.989400
vt 0.128300 0.989400
vt 0.128300 0.817800
vt 0.103400 0.817800
vt 0.103400 0.989400
vt 0.078800 0.989400
vt 0.078800 0.817800
vt 0.321600 0.889000
vt 0.289800 0.957100
vt 0.222700 0.923300
vt 0.253500 0.856300
vt 0.166100 0.788800
vt 0.171800 0.783200
vt 0.176600 0.787900
vt 0.171000 0.793600
vt 0.252200 0.857500
vt 0.224000 0.925200
vt 0.290300 0.956400
vt 0.321000 0.889000
vt 0.166200 0.777500
vt 0.008400 0.817800
vt 0.008400 0.989400
vt 0.166100 0.798500
vt 0.166200 0.666700
vt 0.121200 0.655100
vt 0.159700 0.619900
vt 0.183200 0.646700
vt 0.046200 0.630000
vt 0.055600 0.583100
vt 0.090900 0.621900
vt 0.064100 0.645200
vt 0.083000 0.507000
vt 0.127500 0.517400
vt 0.094000 0.548000
vt 0.069200 0.522200
vt 0.206800 0.547800
vt 0.193200 0.589400
vt 0.162900 0.556200
vt 0.188700 0.531400
vt 0.241400 0.713200
vt -0.002500 0.703300
vt 0.008600 0.458100
vt 0.252500 0.470500
vt 0.165100 0.588100
vt 0.145300 0.606200
vt 0.122500 0.627000
vt 0.104600 0.607300
vt 0.083600 0.584400
vt 0.106400 0.563600
vt 0.126200 0.545500
vt 0.147200 0.568400
vt 0.981900 0.740500
vt 0.986200 0.740500
vt 0.992000 0.740500
vt 0.993800 0.740500
vt 0.965400 0.740500
vt 0.969900 0.740500
vt 0.971900 0.740500
vt 0.977800 0.740500
vt 0.079000 0.657600
vt 0.167700 0.512500
vt 0.197400 0.629600
vt 0.053600 0.539600
vt 0.166300 0.666700
vt 0.183300 0.646600
vt 0.159900 0.619900
vt 0.121400 0.655000
vt 0.046400 0.629900
vt 0.064200 0.645100
vt 0.091100 0.621800
vt 0.055800 0.583000
vt 0.082900 0.507200
vt 0.069500 0.522100
vt 0.094300 0.547900
vt 0.127800 0.517400
vt 0.207000 0.547800
vt 0.188900 0.531300
vt 0.163100 0.556100
vt 0.193400 0.589400
vt 0.241500 0.713200
vt -0.002400 0.703200
vt 0.008900 0.458000
vt 0.252800 0.470600
vt 0.165300 0.588100
vt 0.145500 0.606100
vt 0.122700 0.626900
vt 0.104800 0.607200
vt 0.083800 0.584300
vt 0.106600 0.563500
vt 0.126500 0.545400
vt 0.147400 0.568400
vt 0.079100 0.657500
vt 0.168000 0.512500
vt 0.197600 0.629600
vt 0.054100 0.539200
vt 0.163400 0.770400
vt 0.158500 0.760900
vt 0.164700 0.760200
vt 0.170400 0.762000
vt 0.172000 0.774300
vt 0.172800 0.768300
vt 0.181200 0.772600
vt 0.175900 0.763300
vt 0.188200 0.764700
vt 0.181800 0.763000
vt 0.179200 0.743400
vt 0.186400 0.749100
vt 0.182000 0.752700
vt 0.175400 0.753500
vt 0.168600 0.743400
vt 0.171300 0.749200
vt 0.160200 0.751000
vt 0.170500 0.756200
vt 0.998300 0.740500
vt 0.954700 0.473900
vt 0.961700 0.473900
vt 0.979300 0.473900
vt 0.989900 0.473900
vt 0.982800 0.473900
vt 0.965200 0.473900
vt 0.989900 0.605300
vt 0.982800 0.605300
vt 0.954700 0.605300
vt 0.947600 0.605300
vt 0.947600 0.473900
vt 0.954700 0.473900
vt 0.961700 0.605300
vt 0.968700 0.605300
vt 0.968700 0.473900
vt 0.975800 0.605300
vt 0.975800 0.473900
vt 0.989900 0.736600
vt 0.982800 0.736600
vt 0.954700 0.736600
vt 0.947600 0.736600
vt 0.961700 0.736600
vt 0.968700 0.736600
vt 0.975800 0.736600
vt 0.989900 0.868000
vt 0.982800 0.868000
vt 0.954700 0.868000
vt 0.947600 0.868000
vt 0.961700 0.868000
vt 0.968700 0.868000
vt 0.975800 0.868000
vt 0.989900 0.999300
vt 0.982800 0.999300
vt 0.954700 0.999300
vt 0.947600 0.999300
vt 0.961700 0.999300
vt 0.968700 0.999300
vt 0.975800 0.999300
vt 0.746400 0.007600
vt 0.746400 0.313700
vt 0.546900 0.313700
vt 0.546900 0.007600
vt 0.733800 0.007600
vt 0.733800 0.176100
vt 0.546900 0.176100
vt 0.546900 0.007600
vt 0.546900 0.007600
vt 0.735100 0.007600
vt 0.735100 0.172600
vt 0.546900 0.172600
vt 0.546900 0.007600
vt 0.734400 0.007600
vt 0.734400 0.158300
vt 0.546900 0.158300
vt 0.546900 0.007600
vt 0.742600 0.007600
vt 0.742600 0.327100
vt 0.546900 0.327100
vt 0.930700 0.313700
vt 0.930700 0.647300
vt 0.746400 0.647300
vt 0.930700 0.647300
vt 0.735100 0.647300
vt 0.735100 0.371300
vt 0.930700 0.371300
vt 0.930700 0.443600
vt 0.930700 0.647300
vt 0.733800 0.647300
vt 0.733800 0.443600
vt 0.930700 0.172600
vt 0.930700 0.647300
vt 0.734400 0.647300
vt 0.734400 0.363000
vt 0.930700 0.363000
vt 0.930700 0.158300
vt 0.930700 0.327100
vt 0.930700 0.647300
vt 0.742600 0.647300
vt 0.930700 0.007600
vt 0.546900 0.647300
vt 0.546900 0.371300
vt 0.930700 0.007600
vt 0.546900 0.647300
vt 0.546900 0.363000
vt 0.930700 0.007600
vt 0.546900 0.647300
vt 0.930700 0.007600
vt 0.546900 0.647300
vt 0.930700 0.007600
vt 0.930700 0.176100
vt 0.546900 0.647300
vt 0.546900 0.443600
vt 0.746400 0.007600
vt 0.546900 0.007600
vt 0.546900 0.313700
vt 0.746400 0.313700
vt 0.733800 0.007600
vt 0.546900 0.007600
vt 0.546900 0.176100
vt 0.733800 0.176100
vt 0.546900 0.007600
vt 0.546900 0.172600
vt 0.735100 0.172600
vt 0.735100 0.007600
vt 0.546900 0.007600
vt 0.546900 0.158300
vt 0.734400 0.158300
vt 0.734400 0.007600
vt 0.546900 0.007600
vt 0.546900 0.327100
vt 0.742600 0.327100
vt 0.742600 0.007600
vt 0.930700 0.313700
vt 0.746400 0.647300
vt 0.930700 0.647300
vt 0.930700 0.647300
vt 0.930700 0.371300
vt 0.735100 0.371300
vt 0.735100 0.647300
vt 0.930700 0.443600
vt 0.733800 0.443600
vt 0.733800 0.647300
vt 0.930700 0.647300
vt 0.930700 0.172600
vt 0.930700 0.647300
vt 0.930700 0.363000
vt 0.734400 0.363000
vt 0.734400 0.647300
vt 0.930700 0.158300
vt 0.930700 0.327100
vt 0.742600 0.647300
vt 0.930700 0.647300
vt 0.930700 0.007600
vt 0.546900 0.371300
vt 0.546900 0.647300
vt 0.930700 0.007600
vt 0.546900 0.363000
vt 0.546900 0.647300
vt 0.930700 0.007600
vt 0.546900 0.647300
vt 0.930700 0.007600
vt 0.546900 0.647300
vt 0.930700 0.007600
vt 0.930700 0.176100
vt 0.546900 0.443600
vt 0.546900 0.647300
vt 0.746400 0.007600
vt 0.746400 0.313700
vt 0.546900 0.313700
vt 0.546900 0.007600
vt 0.930700 0.313700
vt 0.930700 0.647300
vt 0.746400 0.647300
vt 0.930700 0.007600
vt 0.546900 0.647300
vt 0.746400 0.007600
vt 0.546900 0.007600
vt 0.546900 0.313700
vt 0.746400 0.313700
vt 0.930700 0.313700
vt 0.746400 0.647300
vt 0.930700 0.647300
vt 0.930700 0.007600
vt 0.546900 0.647300
vn -0.5175 -0.0266 -0.8553
vn 0.5087 -0.0933 -0.8558
vn 0.5109 0.0195 -0.8594
vn -0.4888 0.0195 -0.8722
vn -0.9961 0.0872 0.0156
vn -0.9997 0.0195 -0.0128
vn -0.5064 0.1341 0.8518
vn -0.5109 0.0195 0.8594
vn 0.4622 0.0872 0.8825
vn 0.4889 0.0195 0.8721
vn 0.9986 -0.0266 0.0459
vn 0.9997 0.0195 0.0127
vn 0.4886 -0.2922 -0.8221
vn -0.5057 -0.1395 -0.8513
vn -0.9882 0.1532 -0.0057
vn -0.4901 0.2829 0.8245
vn 0.4771 0.1532 0.8654
vn 0.9895 -0.1395 0.0374
vn 0.5031 0.1446 -0.8521
vn 0.5001 0.2110 -0.8399
vn -0.4724 0.1411 -0.8700
vn -0.7375 0.0246 -0.6749
vn -0.9991 -0.0201 -0.0371
vn -0.9984 -0.0546 -0.0124
vn -0.5066 -0.1147 0.8545
vn -0.7122 -0.0947 0.6956
vn 0.5083 -0.0212 0.8609
vn 0.4620 -0.0577 0.8850
vn 0.9899 0.1417 -0.0024
vn 0.9966 0.0696 0.0444
vn -0.5255 -0.1010 -0.8448
vn 0.4915 -0.2733 -0.8269
vn 0.5120 -0.0484 -0.8576
vn -0.5090 -0.0036 -0.8608
vn -0.9818 0.1896 0.0108
vn -0.9984 0.0538 0.0163
vn -0.4870 0.3011 0.8198
vn -0.5130 0.0797 0.8547
vn 0.4599 0.1895 0.8675
vn 0.4700 0.0550 0.8809
vn 0.9932 -0.1010 0.0579
vn 0.9992 -0.0144 0.0377
vn 0.4785 -0.3508 -0.8050
vn -0.4744 -0.2263 -0.8507
vn -0.4538 -0.0487 -0.8898
vn 0.5096 -0.0739 -0.8573
vn -0.9973 0.0651 -0.0331
vn -0.9982 0.0194 -0.0569
vn -0.4981 0.2236 0.8378
vn -0.5099 0.0632 0.8579
vn 0.5055 0.0651 0.8604
vn 0.5270 0.0194 0.8496
vn 0.9740 -0.2263 0.0103
vn 0.9985 -0.0487 -0.0265
vn 0.2143 0.9094 -0.3564
vn 0.0641 0.9862 -0.1526
vn 0.0646 0.9862 -0.1522
vn -0.1537 0.9460 -0.2853
vn -0.9603 0.0868 0.2651
vn -0.8118 0.4153 -0.4105
vn -0.3350 0.1107 -0.9357
vn 0.0161 -0.6405 -0.7678
vn -0.1687 -0.9805 -0.1010
vn -0.6129 -0.6658 0.4255
vn 0.5437 -0.4835 -0.6860
vn 0.2672 -0.9533 0.1406
vn 0.2360 0.5442 -0.8051
vn -0.2818 0.9515 -0.1231
vn -0.5410 0.5073 0.6708
vn -0.2601 -0.4973 0.8277
vn 0.4312 -0.5047 -0.7479
vn 0.1037 -0.9934 0.0498
vn 0.2992 0.5606 -0.7722
vn -0.1138 0.9920 -0.0546
vn -0.4173 0.5608 0.7151
vn -0.3164 -0.5045 0.8033
vn 0.3296 -0.5084 -0.7956
vn -0.1072 -0.9929 -0.0524
vn 0.4222 0.5664 -0.7078
vn 0.0968 0.9942 0.0472
vn -0.2894 0.5667 0.7714
vn -0.4173 -0.5078 0.7537
vn 0.7166 -0.4667 -0.5183
vn 0.3092 -0.9503 -0.0356
vn 0.9385 0.2817 -0.1998
vn 0.7287 0.4643 0.5035
vn 0.2746 0.0017 0.9616
vn 0.0715 -0.7666 0.6381
vn 0.0674 0.9839 -0.1657
vn 0.1438 0.9612 -0.2355
vn -0.0481 0.9004 -0.4325
vn -0.1323 0.9221 -0.3636
vn 0.0444 0.9944 -0.0957
vn 0.0206 0.9928 0.1183
vn 0.0208 0.9929 0.1171
vn -0.2649 0.9629 -0.0516
vn -0.1132 0.9874 0.1102
vn -0.1096 0.9874 0.1139
vn 0.0283 0.9860 -0.1641
vn 0.6071 0.1170 -0.7860
vn 0.8883 0.4358 -0.1451
vn 0.8256 0.1169 0.5520
vn 0.4620 -0.6456 0.6080
vn 0.2192 -0.9750 -0.0358
vn 0.2446 -0.6456 -0.7234
vn -0.0080 -0.5013 0.8652
vn -0.2747 -0.9605 0.0448
vn 0.2850 0.5245 0.8023
vn 0.2781 0.9595 -0.0455
vn 0.0150 0.5245 -0.8513
vn -0.2827 -0.5012 -0.8178
vn 0.0757 -0.5047 0.8600
vn -0.1136 -0.9934 0.0187
vn 0.1978 0.5605 0.8042
vn 0.1246 0.9920 -0.0204
vn -0.0684 0.5607 -0.8252
vn -0.2016 -0.5046 -0.8395
vn 0.1863 -0.5084 0.8407
vn 0.1179 -0.9929 -0.0185
vn 0.0601 0.5664 0.8219
vn -0.1064 0.9942 0.0169
vn -0.2054 0.5667 -0.7979
vn -0.0905 -0.5079 -0.8566
vn -0.2897 -0.4669 0.8355
vn -0.2329 -0.9504 0.2063
vn -0.6541 0.2817 0.7020
vn -0.8857 0.4642 0.0056
vn -0.7765 0.0019 -0.6302
vn -0.4247 -0.7666 -0.4816
vn -0.1487 0.9865 0.0691
vn -0.1492 0.9866 0.0663
vn -0.1142 0.9598 0.2565
vn 0.0045 0.9890 0.1478
vn -0.0402 0.9318 0.3607
vn -0.0401 0.9318 0.3607
vn 0.0047 0.9892 0.1468
vn 0.2977 0.9465 -0.1247
vn 0.1636 0.9811 -0.1031
vn 0.1644 0.9810 -0.1033
vn -0.0502 0.9930 -0.1071
vn -0.0763 0.9551 -0.2864
vn -0.0501 0.9931 -0.1060
vn -0.0990 0.9888 -0.1114
vn -0.1720 0.9535 -0.2474
vn -0.0986 0.9889 -0.1108
vn -0.0835 0.9856 -0.1472
vn -0.0820 0.9857 -0.1474
vn -0.2138 0.9688 -0.1255
vn 0.1446 0.1003 -0.9844
vn 0.7072 0.4245 -0.5653
vn 0.9902 0.1140 0.0812
vn 0.6953 -0.6426 0.3218
vn 0.1605 -0.9793 -0.1233
vn -0.1468 -0.6557 -0.7406
vn 0.4255 -0.4628 0.7777
vn -0.2578 -0.9542 0.1517
vn 0.6261 0.5683 0.5338
vn 0.2492 0.9555 -0.1578
vn -0.4112 0.4941 -0.7660
vn -0.6532 -0.5241 -0.5465
vn 0.4920 -0.5038 0.7101
vn -0.0916 -0.9930 0.0739
vn 0.5705 0.5624 0.5986
vn 0.0963 0.9923 -0.0778
vn -0.4748 0.5621 -0.6772
vn -0.5968 -0.5045 -0.6239
vn 0.5796 -0.5090 0.6364
vn 0.0903 -0.9932 -0.0733
vn 0.4603 0.5664 0.6836
vn -0.0860 0.9939 0.0696
vn -0.5786 0.5671 -0.5862
vn -0.5091 -0.5077 -0.6950
vn 0.1597 -0.4685 0.8689
vn -0.1044 -0.9487 0.2985
vn -0.2195 0.2771 0.9354
vn -0.7657 0.4593 0.4502
vn -0.9884 -0.0014 -0.1521
vn -0.6113 -0.7662 -0.1983
vn 0.0838 0.9860 0.1439
vn 0.0744 0.9846 -0.1582
vn -0.1279 0.9860 -0.1066
vn -0.1567 0.9860 -0.0564
vn -0.1232 0.9846 -0.1240
vn 0.9614 0.0945 0.2585
vn 0.4893 0.4286 0.7595
vn -0.1882 0.1252 0.9741
vn -0.4036 -0.6312 0.6624
vn 0.0999 -0.9770 0.1883
vn 0.7461 -0.6645 -0.0417
vn -0.8123 -0.4889 0.3180
vn -0.1489 -0.9585 -0.2432
vn -0.6177 0.5491 0.5630
vn 0.1777 0.9560 0.2332
vn 0.8083 0.4999 -0.3111
vn 0.6471 -0.5059 -0.5704
vn -0.7476 -0.5044 0.4321
vn -0.0651 -0.9933 -0.0952
vn -0.6453 0.5606 0.5189
vn 0.0709 0.9920 0.1042
vn 0.7188 0.5610 -0.4106
vn 0.6758 -0.5042 -0.5377
vn -0.6847 -0.5086 0.5221
vn 0.0654 -0.9932 0.0963
vn -0.7210 0.5662 0.3994
vn -0.0619 0.9939 -0.0912
vn 0.6351 0.5664 -0.5251
vn 0.7366 -0.5081 -0.4464
vn -0.8796 -0.4687 0.0817
vn -0.2894 -0.9482 -0.1314
vn -0.9127 0.2751 -0.3020
vn -0.3822 0.4581 -0.8025
vn 0.2366 -0.0023 -0.9716
vn 0.2488 -0.7663 -0.5924
vn -0.1511 0.9846 -0.0879
vn -0.1507 0.9860 0.0709
vn 0.1511 0.9846 0.0879
vn -0.0554 0.9984 0.0136
vn 0.1447 0.9826 -0.1165
vn 0.0122 0.9432 -0.3319
vn -0.1932 0.9604 -0.2009
vn -0.0634 0.9964 0.0554
vn 0.0790 0.9878 -0.1339
vn -0.1213 0.9491 -0.2908
vn -0.2654 0.9590 -0.0997
vn -0.0439 0.9810 0.1888
vn 0.2080 0.9709 0.1185
vn 0.1383 0.9844 -0.1089
vn -0.1054 0.9932 -0.0503
vn -0.9692 0.1190 -0.2156
vn -0.5061 0.4383 -0.7429
vn 0.1541 0.1189 -0.9809
vn 0.3592 -0.6452 -0.6743
vn -0.1232 -0.9758 -0.1809
vn -0.7590 -0.6452 0.0876
vn 0.7934 -0.4975 -0.3507
vn 0.1615 -0.9579 0.2372
vn 0.6116 0.5279 -0.5893
vn -0.1541 0.9618 -0.2262
vn -0.7723 0.5276 0.3538
vn -0.6165 -0.4977 0.6102
vn 0.7533 -0.5026 -0.4242
vn 0.0696 -0.9923 0.1022
vn 0.6498 0.5628 -0.5109
vn -0.0666 0.9930 -0.0975
vn -0.7132 0.5627 0.4181
vn -0.6704 -0.5026 0.5458
vn 0.6882 -0.5081 -0.5179
vn -0.0628 -0.9937 -0.0929
vn 0.7233 0.5664 -0.3950
vn 0.0642 0.9934 0.0946
vn -0.6319 0.5664 0.5291
vn -0.7337 -0.5081 0.4510
vn 0.8794 -0.4690 -0.0814
vn 0.2892 -0.9482 0.1312
vn 0.9126 0.2759 0.3017
vn 0.3823 0.4583 0.8024
vn -0.2362 -0.0024 0.9717
vn -0.2488 -0.7667 0.5918
vn 0.3431 0.9321 -0.1159
vn 0.5221 0.8385 -0.1562
vn 0.5221 0.8385 -0.1561
vn 0.3441 0.9317 -0.1161
vn -0.1154 0.9864 0.1169
vn -0.2895 0.9290 0.2306
vn -0.1148 0.9865 0.1165
vn -0.2406 0.9704 0.0201
vn -0.0641 0.9858 0.1554
vn -0.0637 0.9857 0.1557
vn -0.1281 0.9825 0.1350
vn -0.1283 0.9826 0.1343
vn -0.0664 0.9349 0.3485
vn -0.0663 0.9349 0.3486
vn -0.0651 0.1023 0.9926
vn -0.6521 0.4209 0.6306
vn -0.9939 0.1072 0.0268
vn -0.7279 -0.6473 -0.2261
vn -0.1684 -0.9729 0.1586
vn 0.1924 -0.6523 0.7331
vn -0.4915 -0.5017 -0.7118
vn 0.1968 -0.9621 -0.1887
vn -0.6985 0.5234 -0.4879
vn -0.2109 0.9549 0.2091
vn 0.4622 0.5156 0.7215
vn 0.6896 -0.5041 0.5199
vn -0.5538 -0.5040 -0.6628
vn 0.0839 -0.9931 -0.0818
vn -0.6212 0.5615 -0.5467
vn -0.0887 0.9923 0.0865
vn 0.5309 0.5613 0.6349
vn 0.6483 -0.5042 0.5705
vn -0.4714 -0.4919 -0.7320
vn -0.0187 -0.9982 -0.0563
vn -0.4676 0.5277 -0.7092
vn 0.0083 0.9980 -0.0623
vn 0.4932 0.5640 0.6624
vn 0.4577 -0.5730 0.6799
vn -0.0036 -0.5005 -0.8657
vn 0.2269 -0.9158 -0.3314
vn 0.2304 0.3189 -0.9194
vn 0.7322 0.5372 -0.4187
vn 0.9761 0.0950 0.1952
vn 0.6646 -0.6983 0.2660
vn 0.0575 0.9843 -0.1669
vn 0.0581 0.9844 -0.1663
vn -0.0315 0.9666 -0.2545
vn -0.0316 0.9666 -0.2545
vn -0.0902 0.9884 -0.1225
vn -0.1845 0.9209 -0.3433
vn -0.0897 0.9885 -0.1215
vn -0.0438 0.9894 0.1382
vn -0.2691 0.8933 0.3599
vn -0.1842 0.8800 0.4378
vn 0.0446 0.9713 0.2335
vn 0.4940 0.8083 -0.3203
vn 0.4940 0.8084 -0.3202
vn 0.4162 0.9090 -0.0208
vn 0.4083 0.9129 0.0028
vn -0.2935 0.9539 -0.0620
vn -0.2935 0.9539 -0.0619
vn -0.2030 0.9631 -0.1768
vn -0.2031 0.9631 -0.1767
vn 0.2787 0.9604 -0.0089
vn 0.0652 0.9863 -0.1518
vn 0.2787 0.9603 -0.0089
vn 0.0476 0.9617 0.2699
vn -0.0040 0.9455 0.3257
vn -0.4079 0.2650 0.8737
vn -0.7138 0.6431 0.2775
vn -0.8553 0.3300 -0.3995
vn -0.7048 -0.5068 -0.4963
vn -0.4412 -0.8900 0.1147
vn -0.2630 -0.5745 0.7751
vn -0.2439 -0.4846 -0.8400
vn 0.0627 -0.9959 -0.0649
vn -0.3024 0.5855 -0.7521
vn -0.0578 0.9962 0.0648
vn 0.2469 0.5010 0.8295
vn 0.3119 -0.5690 0.7609
vn -0.3208 -0.4643 -0.8255
vn -0.0764 -0.9969 -0.0165
vn -0.2231 0.6031 -0.7658
vn 0.0788 0.9968 0.0165
vn 0.3233 0.5213 0.7898
vn 0.2487 -0.5507 0.7968
vn -0.4264 -0.4422 -0.7891
vn -0.2955 -0.9533 0.0621
vn -0.0901 0.5791 -0.8103
vn 0.3013 0.9514 -0.0630
vn 0.4571 0.4963 0.7381
vn 0.1473 -0.5296 0.8354
vn 0.0347 -0.5126 -0.8579
vn -0.0204 -0.9766 -0.2142
vn 0.5632 0.1193 -0.8176
vn 0.9535 0.2462 -0.1737
vn 0.8539 -0.1914 0.4840
vn 0.3297 -0.8456 0.4199
vn 0.3110 0.9380 -0.1533
vn -0.0941 0.9923 -0.0809
vn 0.1452 0.9856 -0.0868
vn 0.1379 0.9730 -0.1853
vn -0.0906 0.9781 -0.1873
vn -0.0351 0.9816 -0.1877
vn 0.0515 0.9970 0.0581
vn 0.0512 0.9971 0.0572
vn 0.2399 0.9621 0.1295
vn 0.2603 0.9369 0.2333
vn 0.5381 0.8318 0.1359
vn 0.5156 0.8563 0.0314
vn 0.3186 0.9445 0.0801
vn 0.3166 0.9450 0.0816
vn 0.4224 0.9064 -0.0059
vn 0.1342 0.9447 0.2991
vn -0.0268 0.9430 0.3318
vn 0.0126 0.9043 0.4266
vn 0.2978 0.8915 0.3414
vn 0.2044 0.9644 0.1675
vn 0.3148 0.9455 0.0831
vn -0.3192 0.1033 -0.9420
vn 0.3674 0.4266 -0.8264
vn 0.9159 0.1138 -0.3849
vn 0.7646 -0.6434 -0.0386
vn 0.0912 -0.9776 -0.1897
vn -0.4638 -0.6549 -0.5966
vn 0.7141 -0.4911 0.4988
vn -0.1216 -0.9557 0.2679
vn 0.8197 0.5352 0.2038
vn 0.1100 0.9574 -0.2671
vn -0.7028 0.5184 -0.4872
vn -0.8420 -0.4970 -0.2098
vn 0.7600 -0.5018 0.4131
vn -0.0501 -0.9920 0.1155
vn 0.7780 0.5629 0.2789
vn 0.0463 0.9932 -0.1066
vn -0.7351 0.5629 -0.3778
vn -0.8207 -0.5018 -0.2732
vn 0.8023 -0.5075 0.3143
vn 0.0418 -0.9945 -0.0958
vn 0.7160 0.5665 0.4080
vn -0.0484 0.9927 0.1108
vn -0.7871 0.5665 -0.2440
vn -0.7776 -0.5074 -0.3714
vn 0.5328 -0.4707 0.7033
vn 0.0405 -0.9469 0.3190
vn 0.2287 0.2723 0.9346
vn -0.4750 0.4545 0.7536
vn -0.9463 -0.0054 0.3232
vn -0.6323 -0.7666 0.1114
vn 0.1265 0.9543 0.2708
vn 0.1541 0.9864 0.0568
vn -0.0058 0.9993 0.0358
vn -0.0281 0.9666 0.2549
vn -0.2829 0.9471 -0.1517
vn -0.3193 0.9474 0.0235
vn -0.2409 0.9704 0.0190
vn -0.1829 0.9619 -0.2032
vn 0.0214 0.9823 -0.1861
vn 0.1844 0.9682 -0.1689
vn -0.2650 0.9577 0.1126
vn -0.2545 0.9463 0.1992
vn 0.0089 0.9543 0.2988
vn 0.1190 0.9864 0.1132
vn -0.0195 0.9993 0.0306
vn -0.1267 0.9666 0.2229
vn -0.1996 0.9471 -0.2514
vn -0.3025 0.9474 -0.1049
vn -0.2287 0.9704 -0.0780
vn -0.0875 0.9619 -0.2591
vn 0.0934 0.9823 -0.1624
vn 0.2362 0.9682 -0.0821
vn -0.2879 0.9577 -0.0015
vn -0.3126 0.9463 0.0821
vn 0.2087 0.9543 -0.2140
vn -0.0013 0.9864 -0.1643
vn 0.0355 0.9993 -0.0072
vn 0.2483 0.9666 -0.0638
vn -0.0420 0.9471 0.3182
vn 0.1348 0.9474 0.2904
vn 0.1028 0.9704 0.2186
vn -0.1255 0.9619 0.2429
vn -0.1817 0.9823 0.0457
vn -0.2232 0.9682 -0.1128
vn 0.1989 0.9577 0.2081
vn 0.2762 0.9463 0.1678
vn -0.0706 0.9543 -0.2904
vn -0.1399 0.9864 -0.0861
vn 0.0127 0.9993 -0.0339
vn 0.0778 0.9666 -0.2443
vn 0.2474 0.9471 0.2045
vn 0.3177 0.9474 0.0399
vn 0.2399 0.9704 0.0289
vn 0.1393 0.9619 0.2353
vn -0.0577 0.9823 0.1782
vn -0.2141 0.9682 0.1293
vn 0.2820 0.9577 -0.0581
vn 0.2888 0.9463 -0.1450
vn -0.1538 0.9460 -0.2853
vn 0.3569 0.8922 -0.2768
vn 0.1381 0.9478 -0.2875
vn 0.3633 0.9132 -0.1846
vn 0.3665 0.9262 -0.0878
vn -0.0865 0.9550 -0.2836
vn -0.0716 0.9733 0.2182
vn 0.5528 0.8016 0.2279
vn 0.2607 0.9644 0.0450
vn 0.3376 0.9406 -0.0357
vn 0.2221 0.9233 -0.3133
vn 0.0277 0.8715 -0.4896
vn 0.4046 0.9079 -0.1096
vn 0.4332 0.9002 0.0445
vn 0.3815 0.9078 -0.1743
vn 0.0839 0.9361 -0.3416
vn -0.1588 0.9470 -0.2793
vn 0.3118 0.8703 -0.3811
vn 0.1453 0.9671 0.2086
vn 0.2875 0.9577 0.0113
vn 0.2213 0.9190 -0.3264
vn 0.0232 0.8885 -0.4583
vn 0.4063 0.8967 -0.1759
vn 0.0877 0.9693 0.2297
vn 0.2915 0.9524 0.0890
vn 0.3459 0.9044 -0.2498
vn 0.2064 0.8750 -0.4379
vn 0.4661 0.8834 -0.0479
vn -0.0640 -0.9862 0.1526
vn 0.1538 -0.9460 0.2853
vn -0.0646 -0.9862 0.1522
vn -0.0674 -0.9839 0.1657
vn 0.1324 -0.9221 0.3636
vn 0.0481 -0.9004 0.4325
vn -0.1438 -0.9612 0.2355
vn -0.0444 -0.9944 0.0958
vn -0.0208 -0.9929 -0.1171
vn -0.0206 -0.9928 -0.1183
vn 0.2648 -0.9629 0.0516
vn 0.1096 -0.9874 -0.1139
vn 0.1132 -0.9874 -0.1102
vn -0.0283 -0.9860 0.1641
vn 0.1483 -0.9864 -0.0715
vn 0.1139 -0.9594 -0.2581
vn 0.1139 -0.9594 -0.2582
vn 0.1488 -0.9865 -0.0688
vn 0.0399 -0.9322 -0.3597
vn -0.0047 -0.9892 -0.1466
vn -0.0049 -0.9893 -0.1455
vn -0.1497 -0.9836 0.1008
vn -0.2651 -0.9568 0.1196
vn -0.1505 -0.9834 0.1010
vn 0.0766 -0.9544 0.2884
vn 0.0508 -0.9925 0.1110
vn 0.0507 -0.9926 0.1100
vn 0.1712 -0.9541 0.2458
vn 0.1712 -0.9541 0.2459
vn 0.0978 -0.9892 0.1093
vn 0.0975 -0.9893 0.1086
vn 0.0864 -0.9854 0.1467
vn 0.2162 -0.9683 0.1251
vn 0.0851 -0.9855 0.1470
vn -0.0838 -0.9860 -0.1439
vn -0.0744 -0.9846 0.1582
vn 0.1280 -0.9860 0.1066
vn 0.1567 -0.9860 0.0564
vn 0.1232 -0.9846 0.1240
vn 0.1511 -0.9846 0.0879
vn 0.1507 -0.9860 -0.0709
vn -0.1511 -0.9846 -0.0879
vn 0.0554 -0.9984 -0.0136
vn 0.1932 -0.9604 0.2009
vn -0.0122 -0.9432 0.3319
vn -0.1447 -0.9826 0.1165
vn 0.0634 -0.9965 -0.0554
vn 0.2654 -0.9590 0.0997
vn 0.1214 -0.9491 0.2908
vn -0.0790 -0.9878 0.1339
vn 0.0439 -0.9810 -0.1888
vn 0.1054 -0.9932 0.0503
vn -0.1383 -0.9844 0.1089
vn -0.2080 -0.9709 -0.1184
vn -0.5213 -0.8390 0.1560
vn -0.5214 -0.8390 0.1560
vn -0.3427 -0.9323 0.1158
vn -0.3437 -0.9319 0.1160
vn 0.2886 -0.9294 -0.2300
vn 0.1145 -0.9866 -0.1163
vn 0.1138 -0.9867 -0.1159
vn 0.0602 -0.9856 -0.1583
vn 0.2372 -0.9712 -0.0228
vn 0.2373 -0.9712 -0.0228
vn 0.0600 -0.9855 -0.1585
vn 0.1279 -0.9825 -0.1356
vn 0.0661 -0.9347 -0.3493
vn 0.1281 -0.9825 -0.1350
vn -0.0580 -0.9844 0.1663
vn 0.0310 -0.9667 0.2539
vn -0.0587 -0.9844 0.1657
vn 0.1844 -0.9210 0.3432
vn 0.0901 -0.9884 0.1224
vn 0.0897 -0.9886 0.1214
vn 0.0458 -0.9891 -0.1402
vn -0.0454 -0.9722 -0.2296
vn 0.1823 -0.8797 -0.4393
vn 0.2691 -0.8934 -0.3597
vn -0.4183 -0.9079 0.0271
vn -0.4939 -0.8084 0.3201
vn -0.4939 -0.8085 0.3201
vn -0.4110 -0.9116 0.0054
vn 0.2019 -0.9631 0.1781
vn 0.2925 -0.9542 0.0632
vn 0.2925 -0.9542 0.0633
vn 0.2019 -0.9631 0.1780
vn -0.2787 -0.9604 0.0089
vn -0.2787 -0.9603 0.0089
vn -0.0652 -0.9863 0.1518
vn -0.0476 -0.9617 -0.2699
vn 0.0040 -0.9455 -0.3257
vn -0.3110 -0.9380 0.1533
vn 0.0941 -0.9923 0.0809
vn 0.0906 -0.9781 0.1873
vn -0.1379 -0.9730 0.1853
vn -0.1452 -0.9856 0.0868
vn 0.0351 -0.9816 0.1877
vn -0.0512 -0.9971 -0.0572
vn -0.0515 -0.9970 -0.0581
vn -0.2399 -0.9621 -0.1295
vn -0.5156 -0.8562 -0.0314
vn -0.5381 -0.8318 -0.1359
vn -0.2603 -0.9369 -0.2333
vn -0.3186 -0.9445 -0.0801
vn -0.4224 -0.9064 0.0060
vn -0.4224 -0.9064 0.0059
vn -0.3166 -0.9450 -0.0816
vn -0.1343 -0.9447 -0.2991
vn -0.1342 -0.9447 -0.2991
vn 0.0269 -0.9430 -0.3318
vn -0.2978 -0.8915 -0.3414
vn -0.0125 -0.9043 -0.4266
vn -0.2044 -0.9645 -0.1675
vn -0.3148 -0.9455 -0.0831
vn -0.2044 -0.9644 -0.1675
vn -0.1265 -0.9543 -0.2708
vn 0.0281 -0.9666 -0.2549
vn 0.0058 -0.9993 -0.0358
vn -0.1541 -0.9864 -0.0568
vn 0.2829 -0.9471 0.1517
vn 0.1829 -0.9619 0.2032
vn 0.2409 -0.9704 -0.0190
vn 0.3193 -0.9474 -0.0235
vn -0.0214 -0.9823 0.1861
vn -0.1844 -0.9682 0.1689
vn 0.2545 -0.9463 -0.1992
vn 0.2650 -0.9577 -0.1126
vn -0.0089 -0.9543 -0.2988
vn 0.1267 -0.9666 -0.2229
vn 0.0195 -0.9993 -0.0306
vn -0.1190 -0.9864 -0.1132
vn 0.1996 -0.9471 0.2514
vn 0.0875 -0.9619 0.2591
vn 0.2287 -0.9704 0.0780
vn 0.3025 -0.9474 0.1049
vn -0.0934 -0.9823 0.1624
vn -0.2362 -0.9682 0.0821
vn 0.3126 -0.9463 -0.0821
vn 0.2879 -0.9577 0.0016
vn -0.2087 -0.9543 0.2140
vn -0.2483 -0.9666 0.0638
vn -0.0355 -0.9993 0.0072
vn 0.0013 -0.9864 0.1643
vn 0.0420 -0.9471 -0.3182
vn 0.1255 -0.9619 -0.2430
vn -0.1028 -0.9704 -0.2186
vn -0.1348 -0.9474 -0.2904
vn 0.1817 -0.9823 -0.0457
vn 0.2232 -0.9682 0.1128
vn -0.2762 -0.9463 -0.1678
vn -0.1989 -0.9577 -0.2081
vn 0.0706 -0.9543 0.2904
vn -0.0778 -0.9666 0.2443
vn -0.0127 -0.9993 0.0339
vn 0.1399 -0.9864 0.0861
vn -0.2474 -0.9471 -0.2046
vn -0.1393 -0.9619 -0.2353
vn -0.2399 -0.9704 -0.0289
vn -0.3177 -0.9474 -0.0399
vn 0.0577 -0.9823 -0.1782
vn 0.2141 -0.9682 -0.1293
vn -0.2888 -0.9463 0.1450
vn -0.2820 -0.9577 0.0581
vn -0.2786 -0.9604 0.0089
vn -0.3569 -0.8922 0.2768
vn -0.3633 -0.9132 0.1846
vn -0.1381 -0.9478 0.2875
vn -0.3665 -0.9263 0.0878
vn 0.0864 -0.9550 0.2836
vn 0.0716 -0.9733 -0.2182
vn -0.5528 -0.8016 -0.2279
vn -0.2607 -0.9644 -0.0450
vn -0.3377 -0.9406 0.0357
vn -0.2221 -0.9233 0.3133
vn -0.0277 -0.8715 0.4896
vn -0.4046 -0.9079 0.1096
vn -0.3816 -0.9078 0.1743
vn -0.4332 -0.9002 -0.0445
vn -0.0839 -0.9361 0.3416
vn 0.1588 -0.9470 0.2793
vn -0.3118 -0.8703 0.3811
vn -0.1453 -0.9671 -0.2086
vn -0.2875 -0.9577 -0.0112
vn -0.2212 -0.9190 0.3263
vn -0.0232 -0.8885 0.4583
vn -0.4063 -0.8967 0.1759
vn -0.0877 -0.9693 -0.2297
vn -0.2915 -0.9524 -0.0890
vn -0.3459 -0.9044 0.2498
vn -0.2064 -0.8750 0.4379
vn -0.4661 -0.8834 0.0479
vn 0.0744 0.9846 -0.1581
vn -0.1782 0.9762 -0.1238
vn 0.0490 0.9961 -0.0735
vn 0.0490 0.9961 -0.0736
vn 0.0499 0.9848 -0.1665
vn -0.0232 0.9993 0.0280
vn -0.0223 0.9968 0.0771
vn 0.0271 0.9964 -0.0797
vn -0.0330 -0.9962 0.0807
vn -0.0329 -0.9962 0.0808
vn 0.0232 -0.9972 -0.0711
vn 0.0217 -0.9993 -0.0307
vn -0.0462 -0.9850 0.1660
vn -0.0493 -0.9960 0.0750
vn 0.1777 -0.9767 0.1205
vn 0.2825 0.9094 0.3052
vn 0.2825 0.9094 0.3053
vn -0.1082 0.9516 -0.2877
vn 0.1070 -0.9513 0.2890
vn -0.2894 -0.9118 -0.2912
vn -0.2894 -0.9119 -0.2911
vn 0.1462 0.9863 -0.0760
vn -0.1467 -0.9863 0.0754
vn -0.0103 -0.9942 -0.1071
vn 0.0102 0.9942 0.1069
vn 0.1865 0.9785 -0.0885
vn 0.0956 0.9786 -0.1822
vn -0.1390 0.9889 0.0531
vn 0.2710 0.9626 0.0030
vn -0.3518 0.8946 0.2757
vn 0.1350 -0.9895 -0.0523
vn -0.1008 -0.9790 0.1773
vn -0.1867 -0.9784 0.0887
vn 0.3536 -0.8945 -0.2734
vn -0.2667 -0.9638 0.0022
vn 0.1507 0.9860 -0.0709
vn 0.0647 0.9979 -0.0026
vn -0.1507 -0.9860 0.0709
vn -0.1201 -0.9507 -0.2861
vn -0.1200 -0.9507 -0.2860
vn 0.1159 0.9520 0.2832
vn -0.1834 0.9793 -0.0862
vn -0.1833 0.9793 -0.0862
vn 0.1832 -0.9793 0.0857
vn -0.0657 -0.9978 0.0033
vn -0.0836 0.9860 0.1440
vn 0.0837 -0.9860 -0.1440
vn -0.2585 0.3962 -0.8810
vn -0.2524 0.0703 -0.9651
vn -0.9569 -0.2823 0.0677
vn -0.9500 -0.0100 -0.3122
vn -0.3624 -0.5914 0.7204
vn -0.6328 -0.4407 0.6367
vn 0.0394 0.2006 0.9789
vn 0.8445 0.3471 -0.4079
vn 0.4951 -0.2423 0.8344
vn 0.7130 0.6372 -0.2925
vn -0.8793 0.3984 -0.2611
vn 0.8143 -0.3785 0.4400
vn 0.5712 0.4282 -0.7002
vn 0.3995 -0.6898 0.6039
vn 0.6791 -0.7029 0.2117
vn 0.6500 -0.7398 0.1737
vn 0.2875 -0.8449 0.4511
vn -0.2414 0.9508 -0.1940
vn -0.6234 0.7817 -0.0193
vn -0.6501 0.7454 -0.1475
vn -0.2826 0.8557 -0.4335
vn 0.8002 -0.5314 0.2781
vn 0.6064 -0.7947 0.0266
vn 0.5370 -0.8375 0.1013
vn 0.6634 -0.5781 0.4750
vn -0.4658 0.6578 -0.5918
vn -0.4486 0.8732 -0.1905
vn -0.5234 0.8459 -0.1022
vn -0.6545 0.5815 -0.4832
vn 0.6505 -0.7389 -0.1758
vn 0.4504 -0.8672 0.2125
vn 0.4788 -0.8237 0.3038
vn 0.7741 -0.6330 -0.0088
vn -0.8117 0.5366 -0.2308
vn -0.5037 0.7611 -0.4086
vn -0.4727 0.8190 -0.3252
vn -0.7789 0.6272 -0.0031
vn 0.2674 -0.9578 0.1052
vn 0.5218 -0.7530 0.4010
vn 0.6093 -0.7353 0.2969
vn 0.4114 -0.9071 -0.0889
vn -0.5854 0.7838 0.2071
vn -0.6791 0.6938 -0.2397
vn -0.6233 0.7236 -0.2963
vn -0.4200 0.9021 0.0989
vn 0.1959 -0.8502 0.4887
vn -0.1960 0.8501 -0.4888
vn 0.6439 -0.5164 0.5646
vn -0.6439 0.5164 -0.5646
vn 0.8062 -0.5839 -0.0949
vn -0.8063 0.5839 0.0950
vn 0.3583 -0.9178 -0.1712
vn -0.3582 0.9178 0.1711
vn 0.2060 -0.9087 -0.3631
vn 0.5505 -0.6084 -0.5717
vn 0.8788 -0.4075 -0.2484
vn 0.5588 -0.8000 0.2184
vn -0.9357 0.1917 -0.2962
vn -0.5902 -0.0723 0.8040
vn -0.6099 0.5740 0.5463
vn 0.5185 0.6139 0.5952
vn 0.0993 0.9948 -0.0230
vn 0.4337 0.2751 -0.8580
vn -0.1951 0.5052 -0.8407
vn -0.6022 -0.4485 -0.6605
vn 0.5628 -0.7733 0.2922
vn 0.2612 -0.8628 0.4329
vn 0.5543 -0.8037 0.2165
vn 0.3910 -0.9158 -0.0912
vn 0.5967 -0.7878 0.1527
vn 0.7875 -0.6163 -0.0104
vn 0.5676 -0.7935 0.2194
vn 0.6654 -0.5647 0.4881
vn 0.9648 -0.0890 0.2474
vn 0.6462 -0.3104 0.6972
vn 0.1962 -0.4601 0.8659
vn -0.0273 -0.8125 0.5824
vn -0.2232 -0.9738 0.0444
vn 0.4481 -0.6734 0.5879
vn -0.8071 0.5372 -0.2448
vn 0.6092 -0.7672 -0.2007
vn -0.2618 0.9549 -0.1403
vn 0.2616 -0.9550 0.1398
vn -0.4397 0.6638 -0.6050
vn 0.8007 -0.5357 0.2680
vn -0.6296 0.7564 0.1774
vn -0.8746 0.4773 0.0849
vn -0.8202 0.5701 0.0478
vn -0.8193 0.5169 -0.2481
vn -0.8444 0.4844 -0.2287
vn -0.3323 0.8951 0.2973
vn -0.3642 0.9183 0.1550
vn -0.6013 0.7678 0.2210
vn -0.5744 0.7769 0.2579
vn -0.0543 0.8583 -0.5103
vn -0.2030 0.8603 -0.4677
vn -0.2021 0.9583 -0.2022
vn -0.1547 0.9667 -0.2036
vn -0.5950 0.4555 -0.6622
vn -0.6472 0.5276 -0.5502
vn -0.4438 0.6505 -0.6164
vn -0.4263 0.6351 -0.6441
vn -0.9025 0.3593 -0.2375
vn -0.5723 0.7173 0.3976
vn -0.0456 0.9933 -0.1065
vn -0.3066 0.5882 -0.7483
vn -0.6727 0.3570 -0.6481
vn -0.9703 -0.0231 -0.2408
vn -0.8808 0.4259 0.2070
vn -0.4759 0.4729 0.7416
vn -0.2024 0.9271 0.3155
vn 0.3685 0.9290 -0.0334
vn -0.0359 0.8068 -0.5897
vn -0.1356 0.3562 -0.9245
vn -0.8404 0.4191 0.3437
vn -0.0846 0.7533 -0.6522
vn -0.7250 0.2949 -0.6224
vn -0.1195 0.9521 0.2814
vn 0.8746 -0.4773 -0.0848
vn 0.8444 -0.4845 0.2286
vn 0.8194 -0.5168 0.2481
vn 0.8201 -0.5702 -0.0477
vn 0.3323 -0.8951 -0.2973
vn 0.5744 -0.7769 -0.2578
vn 0.6013 -0.7678 -0.2212
vn 0.3639 -0.9183 -0.1556
vn 0.0520 -0.8556 0.5150
vn 0.1534 -0.9667 0.2047
vn 0.2015 -0.9584 0.2023
vn 0.2026 -0.8604 0.4676
vn 0.5950 -0.4555 0.6621
vn 0.4264 -0.6351 0.6441
vn 0.4438 -0.6505 0.6164
vn 0.6472 -0.5277 0.5502
vn 0.9025 -0.3593 0.2373
vn 0.5722 -0.7173 -0.3975
vn 0.0457 -0.9933 0.1060
vn 0.3067 -0.5881 0.7483
vn 0.4942 -0.7983 0.3442
vn 0.2219 -0.9737 0.0522
vn 0.6414 -0.7293 0.2382
vn 0.3414 -0.7715 0.5369
vn 0.5945 -0.8014 0.0662
vn 0.7862 -0.4872 0.3803
vn 0.5324 -0.8175 0.2197
vn 0.6888 -0.7045 -0.1711
vn 0.8403 -0.4193 -0.3436
vn 0.0847 -0.7533 0.6522
vn 0.7251 -0.2952 0.6222
vn 0.1153 -0.9504 -0.2887
vn 0.3675 0.4099 0.8348
vn 0.6480 0.2699 0.7122
vn 0.4535 0.7523 -0.4778
vn 0.5037 0.8634 -0.0271
vn 0.0671 0.0764 -0.9948
vn 0.0984 0.3850 -0.9177
vn -0.7804 0.0365 -0.6243
vn -0.2459 -0.6195 0.7455
vn -0.5194 -0.5604 -0.6451
vn -0.4819 -0.3805 0.7893
vn 0.1627 0.9682 0.1900
vn -0.2708 -0.9030 -0.3335
vn -0.0297 -0.3333 0.9423
vn -0.0281 -0.6568 -0.7535
vn 0.1452 -0.9121 -0.3835
vn 0.2045 -0.9005 -0.3837
vn 0.2136 -0.6177 -0.7569
vn -0.4672 0.6168 0.6335
vn -0.3412 0.8920 0.2966
vn -0.2252 0.9027 0.3666
vn -0.2340 0.6175 0.7509
vn -0.0554 -0.9518 -0.3018
vn 0.3509 -0.8820 -0.3146
vn 0.3547 -0.8375 -0.4157
vn -0.1061 -0.8491 -0.5175
vn 0.0634 0.7037 0.7077
vn -0.3503 0.7729 0.5291
vn -0.3643 0.8287 0.4250
vn 0.1062 0.8424 0.5282
vn 0.4276 -0.8967 -0.1147
vn 0.3313 -0.7724 -0.5420
vn 0.2334 -0.7811 -0.5791
vn 0.2078 -0.9670 -0.1476
vn 0.0252 0.9638 0.2655
vn -0.1146 0.7790 0.6165
vn -0.2182 0.7740 0.5944
vn -0.1945 0.9690 0.1521
vn 0.5208 -0.6423 -0.5623
vn 0.1081 -0.7919 -0.6010
vn 0.1350 -0.8630 -0.4868
vn 0.5646 -0.7500 -0.3445
vn -0.4996 0.8557 0.1346
vn -0.1208 0.9086 0.3998
vn -0.1230 0.8710 0.4757
vn -0.5649 0.7556 0.3315
vn 0.2218 -0.5370 -0.8139
vn -0.2218 0.5370 0.8139
vn -0.2007 -0.8066 -0.5560
vn 0.2007 0.8066 0.5560
vn 0.2185 -0.9748 -0.0443
vn -0.2185 0.9748 0.0443
vn 0.6414 -0.7052 -0.3021
vn -0.6415 0.7051 0.3021
vn 0.8050 -0.5614 -0.1918
vn 0.6214 -0.7465 0.2379
vn 0.1708 -0.9658 0.1950
vn 0.2462 -0.8432 -0.4779
vn 0.3474 0.9341 0.0819
vn -0.2803 0.4975 -0.8209
vn -0.5622 0.7870 -0.2540
vn -0.9740 -0.2229 0.0410
vn -0.7140 0.3230 0.6212
vn 0.2217 -0.2704 0.9369
vn 0.2455 0.3970 0.8844
vn 0.9259 0.3689 0.0820
vn 0.1793 -0.8364 -0.5179
vn 0.2460 -0.6009 -0.7605
vn 0.2517 -0.8405 -0.4798
vn 0.5786 -0.7351 -0.3533
vn 0.2680 -0.8717 -0.4103
vn 0.1931 -0.9721 -0.1331
vn 0.2388 -0.8484 -0.4725
vn -0.1245 -0.8454 -0.5194
vn -0.3969 -0.9176 0.0236
vn -0.4308 -0.7249 -0.5375
vn -0.2927 -0.3800 -0.8775
vn 0.2050 -0.3200 -0.9250
vn 0.7240 -0.2024 -0.6595
vn -0.0445 -0.6940 -0.7186
vn 0.0322 0.9601 0.2778
vn 0.4765 -0.8705 -0.1235
vn -0.4978 0.6363 0.5893
vn 0.4984 -0.6362 -0.5889
vn 0.0596 0.6827 0.7283
vn -0.0460 -0.9540 -0.2963
vn -0.4477 0.8848 0.1294
vn -0.1161 0.9928 -0.0285
vn -0.1744 0.9823 0.0687
vn 0.0524 0.9628 0.2651
vn 0.0704 0.9719 0.2246
vn -0.7145 0.6707 0.1993
vn -0.6296 0.7110 0.3131
vn -0.4924 0.8634 0.1102
vn -0.5307 0.8423 0.0947
vn -0.2579 0.4117 0.8740
vn -0.2402 0.5474 0.8016
vn -0.4794 0.5841 0.6550
vn -0.4991 0.5447 0.6740
vn 0.2907 0.7381 0.6089
vn 0.1848 0.8141 0.5505
vn 0.0774 0.6809 0.7283
vn 0.1005 0.6590 0.7454
vn 0.1820 0.9729 0.1429
vn -0.5791 0.8139 -0.0465
vn -0.6140 0.4553 0.6447
vn 0.1629 0.5318 0.8311
vn 0.3751 0.7675 0.5198
vn 0.4735 0.8757 -0.0947
vn -0.1564 0.9757 -0.1537
vn -0.6583 0.6208 -0.4258
vn -0.7892 0.5655 0.2394
vn -0.7452 0.0511 0.6649
vn -0.1766 0.3746 0.9102
vn 0.3850 0.2818 0.8788
vn -0.2517 0.9346 -0.2514
vn -0.0839 0.3973 0.9138
vn 0.4182 0.7892 0.4497
vn -0.8108 0.5010 0.3029
vn 0.1161 -0.9928 0.0284
vn -0.0703 -0.9719 -0.2246
vn -0.0524 -0.9628 -0.2651
vn 0.1744 -0.9823 -0.0688
vn 0.7145 -0.6707 -0.1993
vn 0.5307 -0.8422 -0.0947
vn 0.4923 -0.8634 -0.1102
vn 0.6300 -0.7108 -0.3128
vn 0.2537 -0.4087 -0.8767
vn 0.4988 -0.5434 -0.6752
vn 0.4794 -0.5837 -0.6553
vn 0.2404 -0.5471 -0.8018
vn -0.2906 -0.7380 -0.6090
vn -0.1005 -0.6590 -0.7454
vn -0.0774 -0.6808 -0.7283
vn -0.1848 -0.8141 -0.5505
vn -0.1820 -0.9729 -0.1429
vn 0.5791 -0.8139 0.0465
vn 0.6144 -0.4554 -0.6443
vn -0.1628 -0.5317 -0.8311
vn 0.1848 -0.7851 -0.5912
vn 0.5800 -0.6071 -0.5431
vn 0.1585 -0.8891 -0.4295
vn 0.0904 -0.6371 -0.7654
vn 0.3337 -0.8745 -0.3521
vn -0.1474 -0.9217 -0.3588
vn 0.2663 -0.8263 -0.4962
vn 0.3886 -0.9172 -0.0882
vn 0.2517 -0.9346 0.2513
vn 0.0839 -0.3973 -0.9138
vn -0.4181 -0.7893 -0.4497
vn 0.8156 -0.4963 -0.2974
vn 0.6371 0.6145 0.4652
vn 0.7123 0.3259 0.6217
vn 0.8029 -0.3377 -0.4912
vn 0.9667 0.0304 -0.2539
vn -0.0080 -0.7873 -0.6166
vn 0.2479 -0.6332 -0.7332
vn -0.5694 -0.0808 -0.8181
vn -0.5367 0.4896 0.6872
vn -0.8294 -0.4418 -0.3419
vn -0.5180 0.7288 0.4479
vn 0.8355 0.4110 -0.3647
vn -0.8767 -0.4455 0.1814
vn -0.1610 0.6361 0.7547
vn -0.5786 -0.8106 -0.0898
vn -0.6071 -0.6990 0.3780
vn -0.5586 -0.7251 0.4027
vn -0.3868 -0.9221 0.0140
vn 0.2012 0.9537 -0.2237
vn 0.4505 0.7232 -0.5235
vn 0.5443 0.7230 -0.4255
vn 0.3721 0.9277 -0.0284
vn -0.7630 -0.5472 0.3442
vn -0.4384 -0.7386 0.5121
vn -0.4144 -0.8041 0.4263
vn -0.7458 -0.6543 0.1253
vn 0.6317 0.7734 0.0531
vn 0.3827 0.8678 -0.3168
vn 0.4025 0.8131 -0.4205
vn 0.7422 0.6602 -0.1148
vn -0.3756 -0.6260 0.6834
vn -0.3965 -0.8681 0.2985
vn -0.4732 -0.8507 0.2289
vn -0.5791 -0.5652 0.5875
vn 0.7472 0.5384 -0.3896
vn 0.5562 0.8190 -0.1415
vn 0.4798 0.8526 -0.2071
vn 0.5901 0.5628 -0.5789
vn -0.1758 -0.9341 0.3108
vn -0.5682 -0.8081 0.1551
vn -0.5894 -0.7575 0.2808
vn -0.2010 -0.8237 0.5302
vn 0.2993 0.6635 -0.6857
vn 0.6228 0.6982 -0.3530
vn 0.6022 0.7455 -0.2858
vn 0.2034 0.8156 -0.5417
vn -0.3286 -0.9423 -0.0637
vn 0.3286 0.9423 0.0637
vn -0.7831 -0.6213 0.0266
vn 0.7831 0.6213 -0.0266
vn -0.5664 -0.4923 0.6609
vn 0.5665 0.4923 -0.6609
vn -0.1117 -0.8135 0.5708
vn 0.1118 0.8134 -0.5708
vn 0.1165 -0.7588 0.6409
vn -0.0978 -0.3946 0.9136
vn -0.5672 -0.2775 0.7754
vn -0.4985 -0.8001 0.3337
vn 0.9241 0.2199 -0.3125
vn 0.0835 -0.3253 -0.9419
vn 0.1649 0.3659 -0.9159
vn -0.8175 0.4472 -0.3629
vn -0.1810 0.9648 -0.1907
vn 0.0544 0.5266 0.8484
vn 0.5507 0.7106 0.4379
vn 0.9042 -0.2745 0.3271
vn -0.5435 -0.7949 0.2698
vn -0.3531 -0.9354 0.0193
vn -0.4932 -0.8032 0.3341
vn -0.1816 -0.8324 0.5237
vn -0.4973 -0.7680 0.4037
vn -0.5914 -0.5481 0.5915
vn -0.5071 -0.7936 0.3362
vn -0.7558 -0.6451 0.1122
vn -0.9342 -0.1059 0.3406
vn -0.8770 -0.4621 -0.1319
vn -0.5693 -0.6749 -0.4695
vn -0.1946 -0.9436 -0.2678
vn 0.2713 -0.9571 0.1016
vn -0.6130 -0.7882 -0.0553
vn 0.7507 0.5431 -0.3760
vn -0.3243 -0.6484 0.6888
vn 0.1897 0.9414 -0.2790
vn -0.1892 -0.9414 0.2793
vn 0.6157 0.7843 0.0760
vn -0.7576 -0.5484 0.3540
vn 0.3551 0.6434 -0.6782
vn 0.6411 0.3896 -0.6612
vn 0.6045 0.4918 -0.6267
vn 0.7650 0.5239 -0.3747
vn 0.7795 0.4861 -0.3952
vn 0.0262 0.7575 -0.6524
vn 0.1252 0.8182 -0.5612
vn 0.3071 0.6434 -0.7012
vn 0.2641 0.6432 -0.7188
vn 0.2195 0.9633 0.1546
vn 0.3225 0.9457 0.0403
vn 0.1714 0.9651 -0.1982
vn 0.1314 0.9759 -0.1740
vn 0.7998 0.5929 0.0940
vn 0.7772 0.6278 -0.0429
vn 0.6268 0.7744 0.0866
vn 0.6283 0.7683 0.1222
vn 0.8469 0.3656 -0.3861
vn 0.1954 0.5468 -0.8141
vn -0.0146 0.9796 -0.2006
vn 0.5871 0.7587 0.2823
vn 0.8689 0.4905 0.0671
vn 0.9478 -0.0033 -0.3188
vn 0.5878 0.3058 -0.7490
vn -0.0398 0.2207 -0.9745
vn -0.0967 0.7896 -0.6060
vn -0.3955 0.9182 -0.0213
vn 0.2515 0.9372 0.2417
vn 0.5607 0.5945 0.5763
vn 0.4827 0.2630 -0.8354
vn 0.3312 0.9010 0.2802
vn 0.9063 0.4212 0.0348
vn -0.1514 0.8274 -0.5408
vn -0.6410 -0.3897 0.6612
vn -0.7794 -0.4861 0.3952
vn -0.7650 -0.5238 0.3747
vn -0.6045 -0.4918 0.6267
vn -0.0261 -0.7575 0.6523
vn -0.2641 -0.6432 0.7187
vn -0.3070 -0.6434 0.7013
vn -0.1247 -0.8180 0.5615
vn -0.2204 -0.9621 -0.1602
vn -0.1308 -0.9763 0.1724
vn -0.1711 -0.9652 0.1977
vn -0.3221 -0.9458 -0.0405
vn -0.7998 -0.5929 -0.0939
vn -0.6283 -0.7683 -0.1222
vn -0.6267 -0.7744 -0.0866
vn -0.7772 -0.6278 0.0428
vn -0.8469 -0.3657 0.3861
vn -0.1955 -0.5468 0.8141
vn 0.0148 -0.9794 0.2012
vn -0.5872 -0.7587 -0.2822
vn -0.5102 -0.8370 0.1980
vn -0.1081 -0.9365 0.3335
vn -0.5863 -0.7337 0.3436
vn -0.4852 -0.8732 -0.0454
vn -0.4487 -0.7567 0.4756
vn -0.8096 -0.5345 0.2429
vn -0.4749 -0.8185 0.3234
vn -0.4141 -0.5924 0.6911
vn -0.4828 -0.2628 0.8354
vn -0.3312 -0.9010 -0.2800
vn -0.9063 -0.4213 -0.0348
vn 0.1589 -0.8238 0.5442
vn 0.7076 0.0262 -0.7061
vn 0.6474 -0.3051 -0.6984
vn -0.6402 -0.1452 -0.7544
vn -0.2360 -0.0522 -0.9704
vn -0.9696 -0.2146 0.1176
vn -0.9806 -0.0873 -0.1756
vn -0.6581 0.5761 0.4849
vn 0.8724 0.0762 0.4827
vn -0.4927 0.0743 0.8670
vn 0.8319 0.3983 0.3864
vn -0.0804 0.3338 -0.9392
vn -0.0823 -0.2375 0.9679
vn 0.9941 0.0555 0.0929
vn -0.5383 -0.4179 0.7318
vn -0.1010 -0.6134 0.7833
vn -0.1006 -0.6599 0.7446
vn -0.5370 -0.6112 0.5815
vn 0.4028 0.8078 -0.4304
vn 0.0110 0.7582 -0.6519
vn 0.0823 0.6756 -0.7327
vn 0.5300 0.6277 -0.5701
vn -0.0246 -0.4412 0.8971
vn -0.0302 -0.7657 0.6425
vn -0.1393 -0.7682 0.6249
vn -0.2633 -0.3919 0.8815
vn 0.4835 0.3996 -0.7788
vn 0.2664 0.7567 -0.5970
vn 0.1502 0.7743 -0.6147
vn 0.2754 0.3908 -0.8783
vn 0.1700 -0.8008 0.5743
vn -0.2801 -0.7425 0.6085
vn -0.3196 -0.6684 0.6717
vn 0.1442 -0.6476 0.7482
vn -0.0156 0.4661 -0.8846
vn 0.3635 0.5712 -0.7360
vn 0.3372 0.6549 -0.6763
vn -0.1396 0.6379 -0.7573
vn -0.3240 -0.8524 0.4105
vn -0.3455 -0.5684 0.7467
vn -0.2144 -0.6022 0.7691
vn -0.0823 -0.8976 0.4331
vn -0.1444 0.8486 -0.5089
vn 0.1192 0.5938 -0.7958
vn 0.2023 0.5932 -0.7792
vn 0.0682 0.8979 -0.4349
vn -0.6138 -0.5927 0.5215
vn 0.6138 0.5927 -0.5215
vn -0.3181 -0.2976 0.9001
vn 0.3181 0.2976 -0.9001
vn 0.2461 -0.6407 0.7273
vn -0.2461 0.6407 -0.7273
vn -0.0494 -0.9360 0.3485
vn 0.0494 0.9360 -0.3486
vn 0.0258 -0.9920 0.1234
vn 0.4780 -0.8337 0.2766
vn 0.4691 -0.5490 0.6918
vn -0.2050 -0.6881 0.6960
vn -0.1622 0.1367 -0.9772
vn -0.9441 0.3120 -0.1065
vn -0.5009 0.7974 -0.3364
vn 0.0394 0.7543 0.6553
vn 0.4578 0.8871 -0.0589
vn 0.9874 -0.1357 -0.0817
vn 0.7507 0.1360 -0.6464
vn 0.0341 -0.6230 -0.7815
vn -0.2489 -0.6346 0.7317
vn -0.5431 -0.6325 0.5523
vn -0.2064 -0.6922 0.6916
vn -0.0940 -0.9047 0.4155
vn -0.1300 -0.7073 0.6949
vn 0.1586 -0.6342 0.7567
vn -0.1981 -0.6831 0.7030
vn -0.2673 -0.3744 0.8879
vn 0.2548 -0.0657 0.9647
vn -0.3384 -0.0574 0.9392
vn -0.7520 -0.0856 0.6535
vn -0.7825 -0.5008 0.3699
vn -0.5278 -0.8484 -0.0398
vn -0.4955 -0.4138 0.7637
vn -0.0022 0.4605 -0.8877
vn 0.1575 -0.8331 0.5302
vn 0.3529 0.8349 -0.4224
vn -0.3525 -0.8353 0.4219
vn 0.5090 0.3975 -0.7635
vn -0.0182 -0.4493 0.8932
vn -0.1540 0.8155 -0.5578
vn -0.3143 0.5457 -0.7768
vn -0.2219 0.6103 -0.7605
vn -0.0139 0.4418 -0.8970
vn -0.0542 0.4225 -0.9048
vn -0.0441 0.9642 -0.2615
vn 0.0591 0.9304 -0.3616
vn -0.1693 0.8411 -0.5136
vn -0.1805 0.8620 -0.4737
vn 0.7042 0.5789 -0.4110
vn 0.5979 0.6111 -0.5188
vn 0.4318 0.8077 -0.4014
vn 0.4597 0.8107 -0.3625
vn 0.3941 0.1985 -0.8974
vn 0.3098 0.3139 -0.8975
vn 0.5106 0.3811 -0.7708
vn 0.5347 0.3543 -0.7672
vn -0.1255 0.3100 -0.9424
vn -0.3109 0.8642 -0.3956
vn 0.4495 0.8646 -0.2245
vn 0.6565 0.2588 -0.7086
vn 0.3057 0.1212 -0.9444
vn -0.3068 -0.0333 -0.9512
vn -0.4318 0.5490 -0.7156
vn -0.6249 0.7727 -0.1118
vn 0.0192 0.9893 -0.1449
vn 0.5742 0.7993 0.1770
vn 0.7546 0.4981 -0.4271
vn 0.7869 -0.0387 -0.6159
vn -0.5197 0.5948 -0.6133
vn 0.7576 0.4285 -0.4924
vn 0.2353 0.0801 -0.9686
vn 0.0968 0.9909 -0.0933
vn 0.3142 -0.5457 0.7769
vn 0.0541 -0.4224 0.9048
vn 0.0139 -0.4417 0.8970
vn 0.2220 -0.6103 0.7604
vn 0.0441 -0.9642 0.2615
vn 0.1806 -0.8619 0.4737
vn 0.1694 -0.8411 0.5136
vn -0.0588 -0.9307 0.3611
vn -0.7079 -0.5744 0.4110
vn -0.4612 -0.8102 0.3618
vn -0.4322 -0.8077 0.4011
vn -0.5982 -0.6111 0.5184
vn -0.3940 -0.1984 0.8975
vn -0.5346 -0.3543 0.7673
vn -0.5105 -0.3810 0.7708
vn -0.3098 -0.3139 0.8975
vn 0.1253 -0.3100 0.9424
vn 0.3110 -0.8641 0.3957
vn -0.4491 -0.8648 0.2244
vn -0.6565 -0.2588 0.7086
vn -0.3332 -0.6302 0.7013
vn -0.3118 -0.8843 0.3476
vn -0.1505 -0.6235 0.7672
vn -0.5476 -0.5144 0.6600
vn -0.0694 -0.7545 0.6526
vn -0.0933 -0.3582 0.9290
vn -0.2253 -0.7016 0.6761
vn 0.1990 -0.7709 0.6051
vn 0.5199 -0.5946 0.6133
vn -0.7577 -0.4284 0.4923
vn -0.2353 -0.0800 0.9686
vn -0.0925 -0.9920 0.0860
vn -0.5058 0.7974 -0.3290
vn -0.4201 0.9072 -0.0225
vn 0.8203 0.5483 -0.1626
vn 0.4774 0.8081 -0.3450
vn 0.9242 -0.2748 0.2654
vn 0.9969 -0.0730 0.0292
vn 0.4598 -0.8315 -0.3118
vn -0.9692 -0.2207 0.1091
vn 0.2497 -0.9211 0.2987
vn -0.9348 -0.2763 -0.2233
vn 0.2844 0.6680 -0.6877
vn -0.1433 -0.7751 0.6153
vn -0.9862 0.1616 -0.0344
vn 0.3716 -0.6178 0.6930
vn -0.0451 -0.4677 0.8827
vn -0.0317 -0.4151 0.9092
vn 0.4256 -0.4083 0.8076
vn -0.3522 0.1613 -0.9219
vn 0.0858 0.2705 -0.9589
vn 0.0448 0.3935 -0.9183
vn -0.4233 0.3897 -0.8179
vn -0.1631 -0.6160 0.7707
vn -0.0642 -0.2644 0.9623
vn 0.0457 -0.2770 0.9598
vn 0.0664 -0.6860 0.7246
vn -0.3052 0.6517 -0.6944
vn -0.1741 0.2913 -0.9407
vn -0.0593 0.2688 -0.9614
vn -0.0788 0.6868 -0.7225
vn -0.2367 -0.1371 0.9619
vn 0.1832 -0.3106 0.9327
vn 0.1984 -0.4062 0.8920
vn -0.2695 -0.3578 0.8941
vn 0.1964 0.5844 -0.7873
vn -0.2158 0.5133 -0.8306
vn -0.2131 0.4204 -0.8819
vn 0.2683 0.3709 -0.8891
vn 0.2854 -0.1049 0.9527
vn 0.1955 -0.5190 0.8321
vn 0.0666 -0.4901 0.8691
vn 0.0509 -0.0421 0.9978
vn 0.1910 0.0675 -0.9793
vn 0.0326 0.4913 -0.8704
vn -0.0516 0.4995 -0.8648
vn -0.0369 0.0397 -0.9985
vn 0.5131 -0.3836 0.7678
vn -0.5131 0.3836 -0.7678
vn 0.1060 -0.7547 0.6475
vn -0.1060 0.7546 -0.6476
vn -0.3630 -0.3150 0.8769
vn 0.3630 0.3150 -0.8769
vn 0.0440 0.0563 0.9974
vn -0.0440 -0.0563 -0.9974
vn 0.0340 0.2959 0.9546
vn -0.4554 0.2189 0.8630
vn -0.5770 -0.2613 0.7738
vn 0.0840 -0.3893 0.9173
vn 0.3908 0.7583 -0.5217
vn 0.9084 -0.2838 -0.3071
vn 0.4957 -0.1584 -0.8539
vn -0.2716 -0.8659 -0.4201
vn -0.5062 -0.1814 -0.8431
vn -0.9183 0.3898 0.0685
vn -0.5723 0.7127 -0.4057
vn 0.2207 0.9436 0.2469
vn 0.1121 -0.4534 0.8842
vn 0.4406 -0.3758 0.8153
vn 0.0866 -0.3839 0.9193
vn 0.0672 -0.0269 0.9974
vn 0.0134 -0.3602 0.9328
vn -0.2867 -0.3667 0.8851
vn 0.0749 -0.3954 0.9155
vn 0.0671 -0.6994 0.7115
vn -0.4836 -0.7506 0.4503
vn 0.0942 -0.8907 0.4448
vn 0.5675 -0.7392 0.3627
vn 0.7053 -0.3330 0.6258
vn 0.5955 0.2334 0.7687
vn 0.3217 -0.6360 0.7014
vn 0.1849 0.5928 -0.7838
vn -0.2105 -0.0888 0.9736
vn -0.3085 0.1299 -0.9423
vn 0.3086 -0.1295 0.9424
vn -0.3335 0.6458 -0.6868
vn -0.1675 -0.6078 0.7763
vn 0.2158 0.1210 -0.9689
vn 0.4497 0.3783 -0.8091
vn 0.3508 0.3627 -0.8634
vn 0.2000 0.6055 -0.7703
vn 0.2425 0.6093 -0.7549
vn 0.0216 -0.1689 -0.9854
vn -0.0495 -0.0400 -0.9980
vn 0.2169 0.0680 -0.9738
vn 0.2159 0.0216 -0.9762
vn -0.6268 0.3164 -0.7121
vn -0.5001 0.3696 -0.7831
vn -0.3874 0.1435 -0.9107
vn -0.4244 0.1157 -0.8981
vn -0.1708 0.8123 -0.5577
vn -0.1001 0.7436 -0.6611
vn -0.3316 0.6593 -0.6748
vn -0.3532 0.6733 -0.6495
vn 0.3308 0.6683 -0.6663
vn 0.3215 -0.0826 -0.9433
vn -0.4543 -0.0294 -0.8904
vn -0.4768 0.6928 -0.5410
vn -0.0670 0.8608 -0.5045
vn 0.5386 0.7651 -0.3528
vn 0.5472 0.2920 -0.7844
vn 0.5606 -0.3785 -0.7365
vn -0.0711 -0.2642 -0.9618
vn -0.6700 -0.3219 -0.6690
vn -0.6641 0.3764 -0.6460
vn -0.5990 0.7656 -0.2346
vn 0.6022 0.1604 -0.7821
vn -0.6442 0.4622 -0.6094
vn 0.0106 0.8798 -0.4752
vn -0.1590 -0.2891 -0.9440
vn -0.4497 -0.3784 0.8091
vn -0.2425 -0.6093 0.7549
vn -0.2000 -0.6055 0.7703
vn -0.3508 -0.3627 0.8634
vn -0.0216 0.1688 0.9854
vn -0.2159 -0.0217 0.9762
vn -0.2170 -0.0679 0.9738
vn 0.0493 0.0407 0.9980
vn 0.6301 -0.3193 0.7079
vn 0.4261 -0.1158 0.8972
vn 0.3879 -0.1434 0.9105
vn 0.5004 -0.3693 0.7831
vn 0.1708 -0.8124 0.5576
vn 0.3532 -0.6734 0.6495
vn 0.3315 -0.6593 0.6748
vn 0.1001 -0.7436 0.6611
vn -0.3307 -0.6684 0.6663
vn -0.3216 0.0825 0.9433
vn 0.4539 0.0298 0.8906
vn 0.4768 -0.6928 0.5410
vn 0.2007 -0.4512 0.8696
vn 0.2924 -0.0337 0.9557
vn 0.0076 -0.4628 0.8864
vn 0.4073 -0.5185 0.7518
vn -0.0300 -0.2882 0.9571
vn -0.1123 -0.6955 0.7097
vn 0.1095 -0.3716 0.9219
vn -0.2750 -0.1683 0.9466
vn -0.6020 -0.1604 0.7822
vn 0.6442 -0.4623 0.6093
vn -0.0107 -0.8797 0.4753
vn 0.1568 0.2973 0.9418
vn 0.0557 -0.7025 0.7095
vn -0.0479 -0.8914 0.4506
vn 0.8431 -0.4019 -0.3574
vn 0.7800 -0.6238 0.0494
vn 0.4260 0.2620 -0.8660
vn 0.6831 0.1464 -0.7155
vn 0.3099 0.9230 -0.2281
vn -0.8295 0.0937 0.5506
vn -0.2552 0.8073 -0.5321
vn -0.6077 0.2488 0.7542
vn 0.8214 -0.4043 0.4024
vn -0.7019 0.5399 -0.4646
vn -0.6486 -0.2280 0.7262
vn -0.3370 0.4112 -0.8469
vn -0.7193 0.1761 -0.6720
vn -0.7124 0.1193 -0.6915
vn -0.3151 0.1825 -0.9313
vn 0.3752 0.0929 0.9223
vn 0.7447 0.0376 0.6663
vn 0.7219 -0.0949 0.6855
vn 0.3183 -0.1615 0.9341
vn -0.7728 0.3404 -0.5356
vn -0.7296 -0.0425 -0.6826
vn -0.6519 -0.0203 -0.7580
vn -0.5960 0.4404 -0.6714
vn 0.3949 -0.4373 0.8080
vn 0.5506 -0.0098 0.8347
vn 0.6410 0.0276 0.7671
vn 0.5859 -0.4429 0.6787
vn -0.8203 -0.1783 -0.5434
vn -0.5442 0.0315 -0.8384
vn -0.5326 0.1359 -0.8354
vn -0.8597 0.0490 -0.5085
vn 0.7991 -0.3025 0.5196
vn 0.5095 -0.2573 0.8211
vn 0.5194 -0.1535 0.8406
vn 0.8591 -0.0630 0.5080
vn -0.4281 -0.1613 -0.8892
vn -0.5265 0.2607 -0.8092
vn -0.6358 0.2108 -0.7425
vn -0.6098 -0.2546 -0.7505
vn 0.7799 0.2457 0.5757
vn 0.7087 -0.2034 0.6756
vn 0.6464 -0.2198 0.7307
vn 0.6198 0.2583 0.7410
vn -0.2199 0.1785 -0.9591
vn 0.2200 -0.1784 0.9591
vn -0.5366 0.5321 -0.6549
vn 0.5365 -0.5322 0.6550
vn -0.9050 0.0055 -0.4254
vn 0.9050 -0.0055 0.4254
vn -0.5885 -0.3486 -0.7295
vn 0.5884 0.3486 0.7295
vn -0.5050 -0.5644 -0.6530
vn -0.8206 -0.5058 -0.2663
vn -0.9799 -0.0331 -0.1968
vn -0.6274 0.1018 -0.7720
vn 0.8168 -0.5309 0.2260
vn 0.7773 0.4397 -0.4500
vn 0.8603 0.4489 0.2414
vn -0.1591 0.9255 0.3438
vn 0.1226 0.3816 0.9161
vn -0.6042 -0.4697 0.6437
vn 0.0340 -0.6047 0.7957
vn 0.2535 -0.9517 -0.1733
vn -0.6026 0.1757 -0.7785
vn -0.3003 0.1506 -0.9419
vn -0.6250 0.0967 -0.7746
vn -0.5937 -0.2677 -0.7589
vn -0.6800 0.0642 -0.7304
vn -0.8687 0.0586 -0.4918
vn -0.6340 0.1078 -0.7657
vn -0.5907 0.4573 -0.6648
vn -0.8361 0.5374 -0.1101
vn -0.4529 0.7206 -0.5251
vn -0.0173 0.6422 -0.7663
vn 0.0231 0.1888 -0.9818
vn 0.0027 -0.4017 -0.9158
vn -0.3831 0.4218 -0.8218
vn 0.7905 -0.3128 0.5265
vn -0.7960 -0.2253 -0.5618
vn 0.4114 0.1323 0.9018
vn -0.4115 -0.1329 -0.9017
vn 0.3680 -0.4365 0.8210
vn -0.7773 0.3306 -0.5352
vn 0.8054 0.1937 0.5602
vn 0.9413 -0.0786 0.3282
vn 0.9002 -0.0559 0.4319
vn 0.7965 -0.3274 0.5083
vn 0.8184 -0.3320 0.4690
vn 0.5983 0.4575 0.6578
vn 0.5892 0.3328 0.7363
vn 0.7953 0.2458 0.5542
vn 0.7836 0.2905 0.5491
vn 0.0841 -0.1410 0.9864
vn 0.2353 -0.1594 0.9588
vn 0.3379 0.1032 0.9355
vn 0.2956 0.1228 0.9474
vn 0.4477 -0.6195 0.6448
vn 0.5465 -0.5171 0.6588
vn 0.3653 -0.4527 0.8134
vn 0.3372 -0.4755 0.8125
vn 0.8416 -0.4070 0.3551
vn 0.8115 0.3886 0.4365
vn 0.2305 0.2558 0.9388
vn 0.1838 -0.5370 0.8233
vn 0.5019 -0.6726 0.5438
vn 0.8181 -0.5750 0.0057
vn 0.9733 0.0046 0.2297
vn 0.7739 0.6285 0.0778
vn 0.4909 0.5332 0.6890
vn -0.1443 0.4488 0.8819
vn 0.0312 -0.2210 0.9748
vn -0.0803 -0.7085 0.7011
vn 0.9765 0.1337 0.1693
vn 0.0447 -0.3119 0.9490
vn 0.5446 -0.6926 0.4730
vn 0.4092 0.5441 0.7325
vn -0.9414 0.0784 -0.3280
vn -0.8185 0.3319 -0.4690
vn -0.7965 0.3273 -0.5083
vn -0.9002 0.0558 -0.4318
vn -0.5983 -0.4575 -0.6578
vn -0.7837 -0.2904 -0.5490
vn -0.7953 -0.2458 -0.5541
vn -0.5891 -0.3334 -0.7361
vn -0.0799 0.1454 -0.9861
vn -0.2940 -0.1222 -0.9480
vn -0.3373 -0.1033 -0.9357
vn -0.2348 0.1592 -0.9589
vn -0.4477 0.6194 -0.6449
vn -0.3373 0.4755 -0.8125
vn -0.3653 0.4528 -0.8134
vn -0.5465 0.5170 -0.6588
vn -0.8416 0.4069 -0.3551
vn -0.8115 -0.3886 -0.4365
vn -0.2308 -0.2562 -0.9387
vn -0.1840 0.5370 -0.8233
vn -0.5287 0.1854 -0.8283
vn -0.4060 -0.2294 -0.8846
vn -0.6823 0.1749 -0.7099
vn -0.3223 0.3024 -0.8970
vn -0.7079 -0.0154 -0.7062
vn -0.7184 0.4386 -0.5400
vn -0.6067 0.0863 -0.7903
vn -0.8466 -0.1472 -0.5115
vn -0.9765 -0.1336 -0.1694
vn -0.0450 0.3119 -0.9490
vn -0.5446 0.6926 -0.4730
vn -0.4072 -0.5514 -0.7281
vn -0.5570 0.7939 0.2438
vn -0.6674 0.5744 0.4740
vn 0.5345 0.2202 0.8160
vn 0.2427 0.5828 0.7755
vn 0.7311 -0.5764 0.3650
vn 0.8216 -0.2940 0.4883
vn 0.8229 -0.2676 -0.5013
vn -0.7527 0.0244 -0.6579
vn 0.4093 -0.7711 -0.4877
vn -0.5535 0.2647 -0.7897
vn 0.2938 0.8422 0.4520
vn -0.1076 -0.8688 -0.4834
vn -0.8436 0.3408 -0.4151
vn 0.2165 -0.9745 -0.0587
vn -0.2628 -0.9592 -0.1048
vn -0.2834 -0.9578 -0.0480
vn 0.1305 -0.9767 0.1705
vn 0.0724 0.9300 -0.3604
vn 0.4035 0.9135 -0.0517
vn 0.3062 0.9513 0.0352
vn -0.1172 0.9753 -0.1870
vn -0.2524 -0.9133 -0.3198
vn -0.3898 -0.9183 0.0691
vn -0.2950 -0.9483 0.1174
vn -0.0196 -0.9638 -0.2658
vn -0.1748 0.9772 0.1204
vn 0.1770 0.9695 -0.1694
vn 0.2878 0.9486 -0.1318
vn 0.0084 0.9654 0.2605
vn -0.5767 -0.8135 0.0754
vn -0.1590 -0.9748 0.1564
vn -0.0925 -0.9927 0.0771
vn -0.4905 -0.8607 -0.1361
vn 0.2988 0.9034 0.3077
vn 0.0108 0.9998 0.0167
vn 0.0707 0.9950 -0.0708
vn 0.4825 0.8634 0.1472
vn -0.1616 -0.9115 0.3783
vn -0.0257 -0.9992 -0.0317
vn -0.1579 -0.9852 -0.0665
vn -0.3954 -0.8626 0.3157
vn 0.5735 0.8034 -0.1598
vn 0.2383 0.9637 0.1205
vn 0.1645 0.9829 0.0832
vn 0.4079 0.8587 -0.3102
vn 0.2102 -0.9517 0.2239
vn -0.2103 0.9517 -0.2238
vn 0.0729 -0.9437 -0.3228
vn -0.0729 0.9437 0.3228
vn -0.5744 -0.8031 -0.1585
vn 0.5745 0.8030 0.1584
vn -0.4374 -0.8110 0.3885
vn 0.4374 0.8110 -0.3885
vn -0.5158 -0.6515 0.5563
vn -0.8412 -0.5008 0.2039
vn -0.7214 -0.6399 -0.2649
vn -0.2038 -0.9783 0.0370
vn 0.2712 0.7248 0.6334
vn 0.9807 -0.1001 0.1683
vn 0.8476 0.5140 -0.1319
vn 0.2924 -0.0242 -0.9560
vn 0.0394 0.7276 -0.6849
vn -0.9199 0.3544 -0.1679
vn -0.5447 0.8304 0.1172
vn -0.2838 0.2192 0.9335
vn -0.1413 -0.9899 -0.0086
vn 0.1272 -0.9702 0.2064
vn -0.2038 -0.9781 0.0433
vn -0.3877 -0.8583 0.3361
vn -0.2778 -0.9603 0.0265
vn -0.4971 -0.8537 -0.1550
vn -0.2074 -0.9779 0.0266
vn -0.0081 -0.9599 -0.2801
vn -0.3168 -0.6395 -0.7005
vn 0.2053 -0.8409 -0.5007
vn 0.5703 -0.8067 -0.1551
vn 0.4119 -0.8526 0.3215
vn 0.0462 -0.6602 0.7497
vn 0.1791 -0.9790 -0.0970
vn 0.2849 0.9073 0.3092
vn -0.5788 -0.8049 0.1310
vn 0.1287 0.9210 -0.3678
vn -0.1292 -0.9207 0.3682
vn -0.1989 0.9746 0.1032
vn -0.2616 -0.9127 -0.3140
vn 0.5690 0.8161 -0.1016
vn 0.5904 0.7584 0.2762
vn 0.5407 0.8187 0.1934
vn 0.2862 0.8990 0.3316
vn 0.3122 0.8782 0.3623
vn 0.5269 0.7289 -0.4371
vn 0.4271 0.8210 -0.3789
vn 0.5919 0.7931 -0.1438
vn 0.6094 0.7719 -0.1812
vn -0.3028 0.8979 -0.3195
vn -0.1876 0.9543 -0.2328
vn 0.0455 0.9200 -0.3894
vn 0.0201 0.9041 -0.4269
vn -0.1876 0.9132 0.3618
vn -0.0578 0.9480 0.3131
vn -0.2078 0.9710 0.1185
vn -0.2421 0.9620 0.1259
vn 0.3216 0.8136 0.4843
vn 0.7188 0.6673 -0.1950
vn 0.0464 0.8314 -0.5537
vn -0.3986 0.9106 0.1095
vn -0.1455 0.8692 0.4726
vn 0.3121 0.5533 0.7723
vn 0.6904 0.6714 0.2693
vn 0.9287 0.2903 -0.2307
vn 0.4766 0.6829 -0.5537
vn -0.1200 0.5504 -0.8263
vn -0.3851 0.8820 -0.2715
vn -0.6635 0.7212 0.1991
vn 0.7828 0.5904 0.1969
vn -0.4176 0.8902 -0.1821
vn -0.1028 0.8364 0.5384
vn 0.4066 0.6759 -0.6147
vn -0.5905 -0.7583 -0.2762
vn -0.3122 -0.8782 -0.3623
vn -0.2862 -0.8989 -0.3317
vn -0.5407 -0.8186 -0.1934
vn -0.5269 -0.7290 0.4370
vn -0.6094 -0.7719 0.1812
vn -0.5920 -0.7930 0.1438
vn -0.4274 -0.8206 0.3793
vn 0.3084 -0.8967 0.3176
vn -0.0184 -0.9039 0.4274
vn -0.0450 -0.9198 0.3897
vn 0.1877 -0.9542 0.2331
vn 0.1875 -0.9132 -0.3619
vn 0.2420 -0.9621 -0.1260
vn 0.2078 -0.9710 -0.1185
vn 0.0579 -0.9480 -0.3131
vn -0.3216 -0.8136 -0.4843
vn -0.7187 -0.6674 0.1949
vn -0.0468 -0.8313 0.5538
vn 0.3986 -0.9106 -0.1096
vn -0.0638 -0.9973 0.0359
vn -0.1839 -0.8798 0.4382
vn -0.2237 -0.9720 -0.0715
vn 0.1820 -0.9817 0.0567
vn -0.3509 -0.9340 0.0674
vn -0.1542 -0.9145 -0.3740
vn -0.1911 -0.9794 0.0659
vn -0.5893 -0.8075 0.0257
vn -0.7827 -0.5904 -0.1970
vn 0.4176 -0.8902 0.1821
vn 0.1030 -0.8363 -0.5385
vn -0.4104 -0.6695 0.6192
vn -0.1072 0.0262 -0.9939
vn -0.1388 -0.3051 -0.9422
vn -0.9890 -0.1453 0.0264
vn -0.9043 -0.0522 -0.4238
vn -0.5149 -0.2137 0.8302
vn -0.7512 -0.0873 0.6543
vn -0.9042 -0.0522 -0.4238
vn -0.0344 0.5759 0.8168
vn 0.9228 0.0761 -0.3778
vn 0.3671 0.0744 0.9272
vn -0.5149 -0.2138 0.8302
vn 0.8223 0.3985 -0.4063
vn 0.8222 0.3985 -0.4063
vn -0.1072 0.0263 -0.9939
vn 0.9227 0.0763 -0.3778
vn -0.9043 -0.0522 -0.4237
vn -0.7826 0.3338 -0.5254
vn -0.9042 -0.0523 -0.4238
vn 0.7028 -0.2376 0.6705
vn 0.3671 0.0743 0.9272
vn 0.7028 -0.2377 0.6705
vn 0.9227 0.0762 -0.3778
vn 0.6952 0.0555 -0.7166
vn -0.1071 0.0262 -0.9939
vn 0.2334 -0.4178 0.8780
vn 0.5474 -0.6134 0.5693
vn 0.5175 -0.6599 0.5448
vn 0.1171 -0.6111 0.7828
vn -0.0833 0.8078 -0.5836
vn -0.5013 0.7582 -0.4169
vn -0.5196 0.6756 -0.5230
vn -0.1124 0.6278 -0.7702
vn 0.6840 -0.4411 0.5810
vn 0.4820 -0.7657 0.4259
vn 0.3999 -0.7682 0.4999
vn 0.5223 -0.3918 0.7574
vn -0.3043 0.3995 -0.8647
vn -0.2985 0.7567 -0.5816
vn -0.3852 0.7743 -0.5021
vn -0.5122 0.3908 -0.7648
vn 0.5543 -0.8007 0.2271
vn 0.2990 -0.7425 0.5994
vn 0.3235 -0.6684 0.6698
vn 0.6736 -0.6476 0.3561
vn -0.6993 0.4661 -0.5419
vn -0.3461 0.5713 -0.7442
vn -0.3161 0.6550 -0.6863
vn -0.6779 0.6379 -0.3655
vn 0.1170 -0.8523 0.5097
vn 0.3658 -0.5684 0.7370
vn 0.4652 -0.6023 0.6487
vn 0.2861 -0.8976 0.3354
vn -0.4871 0.8487 -0.2063
vn -0.5457 0.5938 -0.5913
vn -0.4808 0.5932 -0.6457
vn -0.2963 0.8979 -0.3256
vn 0.0222 -0.5926 0.8052
vn -0.0222 0.5927 -0.8051
vn 0.5224 -0.3918 0.7574
vn 0.5025 -0.2976 0.8117
vn -0.3043 0.3996 -0.8647
vn -0.5025 0.2977 -0.8117
vn 0.6737 -0.6476 0.3561
vn 0.7211 -0.6407 0.2636
vn -0.6993 0.4661 -0.5420
vn -0.6779 0.6378 -0.3655
vn -0.7212 0.6406 -0.2637
vn 0.2408 -0.9360 0.2568
vn -0.2408 0.9360 -0.2567
vn 0.1122 -0.9921 0.0569
vn 0.5150 -0.8337 -0.1991
vn 0.8331 -0.5490 0.0672
vn 0.4144 -0.6883 0.5955
vn -0.8635 0.1366 -0.4856
vn -0.6744 0.3120 0.6693
vn -0.5760 0.7974 0.1798
vn -0.5014 0.7582 -0.4169
vn 0.5354 0.7545 0.3796
vn 0.2408 0.8871 -0.3937
vn -0.3161 0.6550 -0.6864
vn 0.5547 -0.1357 -0.8209
vn -0.0338 0.1361 -0.9901
vn -0.4808 0.5931 -0.6458
vn -0.5878 -0.6229 -0.5162
vn 0.4146 -0.6347 0.6522
vn 0.4820 -0.7657 0.4260
vn 0.0904 -0.6325 0.7693
vn 0.4097 -0.6923 0.5940
vn 0.2651 -0.9047 0.3336
vn 0.4603 -0.7074 0.5364
vn 0.6893 -0.6343 0.3501
vn 0.4240 -0.6831 0.5947
vn 0.2990 -0.7426 0.5993
vn 0.5247 -0.3746 0.7644
vn 0.5150 -0.8337 -0.1992
vn 0.6871 -0.6384 0.3469
vn 0.9116 -0.0657 0.4057
vn 0.4240 -0.6831 0.5946
vn 0.5200 -0.0575 0.8522
vn 0.0385 -0.0852 0.9956
vn 0.4146 -0.6346 0.6522
vn 0.0942 -0.6253 0.7747
vn -0.2011 -0.5013 0.8416
vn -0.3618 -0.8485 0.3862
vn 0.4098 -0.6923 0.5940
vn 0.2851 -0.4138 0.8646
vn -0.6934 0.4606 -0.5542
vn 0.2861 -0.8976 0.3355
vn 0.5474 -0.6134 0.5694
vn 0.5120 -0.8331 0.2092
vn -0.1084 0.8350 -0.5395
vn -0.6934 0.4605 -0.5542
vn -0.2963 0.8979 -0.3255
vn -0.2010 -0.5014 0.8416
vn -0.2986 0.7567 -0.5816
vn -0.5878 -0.6229 -0.5163
vn -0.4807 0.5932 -0.6458
vn 0.4603 -0.7073 0.5365
vn 0.5248 -0.3746 0.7644
vn 0.0386 -0.0852 0.9956
vn 0.5247 -0.3746 0.7645
vn 0.4604 -0.7074 0.5364
vn 0.1081 -0.8353 0.5391
vn -0.1125 0.6278 -0.7702
vn -0.2763 0.3976 -0.8750
vn 0.6850 -0.4494 0.5734
vn -0.5313 0.8155 -0.2293
vn 0.7212 -0.6407 0.2636
vn -0.5314 0.8155 -0.2292
vn -0.7211 0.6407 -0.2637
vn 0.9116 -0.0656 0.4057
vn -0.5196 0.6757 -0.5230
vn 0.5546 -0.1357 -0.8210
vn 0.6892 -0.6343 0.3502
vn 0.9117 -0.0657 0.4057
vn 0.4240 -0.6830 0.5947
vn -0.3619 -0.8485 0.3862
vn -0.8024 0.5457 -0.2415
vn -0.7319 0.6103 -0.3032
vn -0.7081 0.4417 -0.5510
vn -0.7393 0.4225 -0.5244
vn -0.2315 0.9642 -0.1295
vn -0.2450 0.9304 -0.2725
vn -0.5064 0.8412 -0.1896
vn -0.4824 0.8620 -0.1559
vn 0.1206 0.5790 -0.8064
vn -0.0300 0.6110 -0.7910
vn -0.0426 0.8077 -0.5880
vn 0.0053 0.8108 -0.5854
vn -0.4529 0.1985 -0.8692
vn -0.5057 0.3140 -0.8036
vn -0.2812 0.3810 -0.8808
vn -0.2634 0.3542 -0.8973
vn -0.7392 0.4225 -0.5244
vn -0.8133 0.3101 -0.4924
vn -0.2316 0.9642 -0.1295
vn -0.5032 0.8642 -0.0054
vn 0.1065 0.8646 -0.4910
vn -0.2634 0.3543 -0.8973
vn -0.1414 0.2587 -0.9555
vn -0.5448 0.1212 -0.8298
vn -0.7080 0.4417 -0.5510
vn -0.9337 -0.0335 -0.3566
vn -0.8284 0.5489 -0.1114
vn -0.4785 0.7727 0.4172
vn -0.1010 0.9893 -0.1056
vn -0.0426 0.8078 -0.5880
vn 0.4975 0.7994 -0.3368
vn 0.1396 0.4981 -0.8558
vn 0.0126 -0.0388 -0.9992
vn -0.9337 -0.0334 -0.3566
vn -0.0345 0.5759 0.8168
vn 0.4974 0.7994 -0.3369
vn -0.8036 0.5948 0.0211
vn 0.0905 0.4285 -0.8990
vn -0.8036 0.5948 0.0212
vn -0.1414 0.2588 -0.9555
vn -0.4785 0.7727 0.4171
vn -0.6078 0.0801 -0.7901
vn -0.0122 0.9909 -0.1338
vn -0.6078 0.0800 -0.7901
vn -0.9336 -0.0335 -0.3566
vn -0.7081 0.4417 -0.5509
vn 0.8024 -0.5457 0.2415
vn 0.7392 -0.4225 0.5244
vn 0.7080 -0.4418 0.5509
vn 0.7081 -0.4417 0.5509
vn 0.7318 -0.6103 0.3033
vn 0.2315 -0.9642 0.1294
vn 0.4824 -0.8620 0.1559
vn 0.5064 -0.8412 0.1896
vn 0.5065 -0.8412 0.1896
vn 0.2447 -0.9306 0.2721
vn -0.1230 -0.5743 0.8093
vn -0.0068 -0.8101 0.5863
vn 0.0419 -0.8077 0.5881
vn 0.0438 -0.8072 0.5887
vn 0.0296 -0.6111 0.7910
vn -0.1230 -0.5743 0.8094
vn 0.4529 -0.1984 0.8692
vn 0.2633 -0.3543 0.8973
vn 0.2812 -0.3810 0.8808
vn 0.5057 -0.3139 0.8036
vn 0.8132 -0.3100 0.4924
vn 0.5032 -0.8642 0.0054
vn -0.1229 -0.5743 0.8094
vn -0.1063 -0.8648 0.4907
vn -0.0041 -0.8089 0.5879
vn 0.1413 -0.2588 0.9555
vn 0.3382 -0.6302 0.6989
vn 0.0758 -0.8843 0.4607
vn 0.5038 -0.6235 0.5979
vn 0.1716 -0.5145 0.8402
vn 0.5065 -0.8411 0.1896
vn 0.4654 -0.7544 0.4629
vn 0.6656 -0.3584 0.6546
vn 0.0420 -0.8077 0.5881
vn 0.3859 -0.7016 0.5990
vn 0.5963 -0.7710 0.2238
vn 0.0295 -0.6112 0.7909
vn 0.8036 -0.5948 -0.0212
vn 0.5065 -0.8411 0.1897
vn -0.0907 -0.4285 0.8990
vn 0.0295 -0.6111 0.7910
vn 0.2812 -0.3811 0.8807
vn 0.5032 -0.8641 0.0054
vn -0.0907 -0.4284 0.8990
vn 0.4653 -0.7544 0.4629
vn 0.7392 -0.4226 0.5244
vn 0.6077 -0.0801 0.7901
vn 0.5057 -0.3139 0.8035
vn 0.0091 -0.9920 0.1260
vn 0.2447 -0.9307 0.2720
vn 0.8132 -0.3101 0.4924
vn 0.5045 -0.6215 0.5993
vn 0.3860 -0.7016 0.5990
vn 0.0295 -0.6112 0.7910
vn 0.5962 -0.7710 0.2238
vn 0.5963 -0.7709 0.2238
vn -0.0339 0.1361 -0.9901
vn 0.3382 -0.6303 0.6989
vn -0.8635 0.1366 -0.4855
vn 0.5038 -0.6234 0.5979
vn 0.0758 -0.8843 0.4608
vn -0.8634 0.1366 -0.4856
vn 0.2408 0.8871 -0.3938
vn 0.3859 -0.7017 0.5990
vn 0.2407 0.8871 -0.3938
vn -0.5447 0.1212 -0.8298
vn -0.9890 -0.1454 0.0264
vn -0.1009 0.9893 -0.1056
vn 0.5975 0.0262 0.8014
vn 0.5983 -0.3051 0.7409
vn 0.8384 -0.1453 -0.5253
vn 0.9941 -0.0523 -0.0947
vn 0.0226 -0.2142 -0.9765
vn 0.3141 -0.0873 -0.9454
vn -0.3856 0.5760 -0.7208
vn -0.6026 0.0762 0.7944
vn -0.7876 0.0742 -0.6117
vn 0.0226 -0.2143 -0.9765
vn -0.3855 0.5761 -0.7208
vn -0.5016 0.3984 0.7679
vn 0.5975 0.0262 0.8015
vn 0.9941 -0.0522 -0.0947
vn 0.9410 0.3339 0.0551
vn 0.9410 0.3338 0.0551
vn 0.3141 -0.0872 -0.9454
vn -0.9460 -0.2376 -0.2203
vn 0.9410 0.3339 0.0550
vn -0.9461 -0.2376 -0.2203
vn -0.7876 0.0742 -0.6118
vn -0.2349 0.0555 0.9704
vn -0.9461 -0.2375 -0.2203
vn -0.6026 0.0761 0.7944
vn 0.5974 0.0262 0.8015
vn -0.2348 0.0554 0.9705
vn -0.6472 -0.4179 -0.6376
vn -0.7607 -0.6134 -0.2122
vn -0.7225 -0.6599 -0.2064
vn -0.4986 -0.6111 -0.6148
vn 0.3682 0.8078 0.4603
vn 0.6436 0.7582 0.1042
vn 0.7133 0.6756 0.1864
vn 0.4882 0.6278 0.6062
vn -0.8843 -0.4412 -0.1529
vn -0.6316 -0.7657 -0.1219
vn -0.5984 -0.7682 -0.2274
vn -0.8347 -0.3919 -0.3869
vn 0.7015 0.3995 0.5901
vn 0.5527 0.7567 0.3492
vn 0.5869 0.7743 0.2368
vn 0.8298 0.3907 0.3984
vn -0.5927 -0.8008 0.0860
vn -0.5621 -0.7425 -0.3644
vn -0.6190 -0.6684 -0.4123
vn -0.7612 -0.6476 0.0356
vn 0.8777 0.4661 0.1113
vn 0.6763 0.5712 0.4651
vn 0.6210 0.6550 0.4306
vn 0.7695 0.6379 -0.0297
vn -0.3598 -0.8524 -0.3795
vn -0.6895 -0.5684 -0.4489
vn -0.7303 -0.6023 -0.3224
vn -0.4168 -0.8976 -0.1436
vn 0.5243 0.8487 -0.0698
vn 0.7705 0.5938 0.2320
vn 0.7423 0.5931 0.3119
vn 0.4206 0.8979 0.1298
vn -0.4283 -0.5927 -0.6821
vn 0.4282 0.5927 0.6822
vn -0.8347 -0.3918 -0.3869
vn -0.8453 -0.2976 -0.4437
vn 0.8298 0.3908 0.3984
vn 0.8453 0.2977 0.4438
vn -0.5927 -0.8008 0.0861
vn -0.7611 -0.6476 0.0356
vn -0.7551 -0.6407 0.1394
vn 0.7696 0.6379 -0.0297
vn 0.7551 0.6407 -0.1393
vn -0.3379 -0.9360 -0.0989
vn 0.4206 0.8979 0.1299
vn 0.3378 0.9360 0.0988
vn -0.1262 -0.9920 0.0084
vn -0.3425 -0.8335 0.4335
vn -0.7517 -0.5490 0.3654
vn -0.6597 -0.6881 -0.3023
vn 0.9904 0.1366 -0.0206
vn 0.2407 0.3120 -0.9191
vn 0.4046 0.7974 -0.4476
vn 0.6436 0.7582 0.1043
vn -0.6542 0.7543 -0.0548
vn -0.0072 0.8871 0.4615
vn 0.5527 0.7568 0.3491
vn -0.0606 -0.1358 0.9889
vn 0.5322 0.1360 0.8356
vn 0.7685 -0.6229 0.1459
vn -0.6885 -0.6346 -0.3511
vn -0.6316 -0.7657 -0.1220
vn -0.4687 -0.6324 -0.6167
vn -0.6548 -0.6922 -0.3035
vn -0.3978 -0.9047 -0.1526
vn -0.6690 -0.7074 -0.2281
vn -0.7716 -0.6343 0.0487
vn -0.6674 -0.6831 -0.2967
vn -0.5984 -0.7683 -0.2274
vn -0.8404 -0.3745 -0.3918
vn -0.6691 -0.7074 -0.2280
vn -0.7681 -0.6384 0.0504
vn -0.7518 -0.5489 0.3654
vn -0.9913 -0.0659 0.1140
vn -0.6673 -0.6831 -0.2968
vn -0.8403 -0.3746 -0.3918
vn -0.8811 -0.0576 -0.4694
vn -0.5393 -0.0856 -0.8378
vn -0.6884 -0.6346 -0.3511
vn -0.4747 -0.6252 -0.6195
vn -0.2543 -0.5007 -0.8275
vn 0.1147 -0.8487 -0.5163
vn -0.6548 -0.6922 -0.3036
vn -0.3978 -0.9047 -0.1525
vn -0.6850 -0.4137 -0.5996
vn 0.8788 0.4606 0.1247
vn -0.7303 -0.6023 -0.3223
vn -0.5473 -0.8331 0.0799
vn 0.3675 0.8350 0.4096
vn -0.8453 -0.2976 -0.4438
vn 0.8788 0.4606 0.1248
vn 0.8453 0.2977 0.4437
vn -0.3379 -0.9360 -0.0988
vn -0.5393 -0.0856 -0.8377
vn -0.2543 -0.5007 -0.8274
vn 0.5869 0.7743 0.2367
vn 0.7686 -0.6229 0.1458
vn 0.7422 0.5931 0.3119
vn 0.7704 0.5938 0.2320
vn -0.6690 -0.7074 -0.2280
vn -0.6884 -0.6347 -0.3511
vn -0.5393 -0.0855 -0.8378
vn -0.8404 -0.3746 -0.3917
vn -0.6884 -0.6346 -0.3512
vn -0.3425 -0.8336 0.4335
vn -0.3670 -0.8353 -0.4094
vn 0.6826 0.3975 0.6132
vn -0.6190 -0.6684 -0.4124
vn -0.8814 -0.4492 -0.1461
vn 0.6210 0.6549 0.4306
vn 0.5741 0.8156 -0.0726
vn 0.7696 0.6379 -0.0298
vn 0.5741 0.8156 -0.0725
vn -0.9913 -0.0659 0.1141
vn 0.4047 0.7974 -0.4476
vn 0.2407 0.3119 -0.9191
vn 0.5322 0.1359 0.8356
vn -0.0605 -0.1358 0.9889
vn 0.6210 0.6550 0.4305
vn 0.6763 0.5712 0.4652
vn -0.9913 -0.0658 0.1141
vn -0.7518 -0.5489 0.3653
vn -0.6674 -0.6830 -0.2967
vn -0.2542 -0.5007 -0.8274
vn 0.8139 0.5457 -0.1997
vn 0.7844 0.6103 -0.1106
vn 0.8898 0.4418 0.1148
vn 0.9032 0.4224 0.0761
vn 0.2652 0.9642 -0.0062
vn 0.3494 0.9305 0.1102
vn 0.5326 0.8411 -0.0940
vn 0.4946 0.8620 -0.1109
vn 0.3058 0.5788 0.7559
vn 0.4277 0.6111 0.6661
vn 0.3355 0.8077 0.4848
vn 0.2929 0.8107 0.5070
vn 0.8317 0.1984 0.5185
vn 0.8439 0.3139 0.4351
vn 0.6897 0.3810 0.6157
vn 0.6827 0.3543 0.6391
vn 0.8139 0.5456 -0.1997
vn 0.9507 0.3100 0.0109
vn 0.2651 0.9642 -0.0062
vn 0.4947 0.8620 -0.1109
vn 0.4361 0.8642 -0.2510
vn 0.2929 0.8107 0.5069
vn 0.1578 0.8646 0.4771
vn 0.6827 0.3543 0.6390
vn 0.6072 0.2588 0.7512
vn 0.8908 0.1211 0.4379
vn 0.9853 -0.0333 -0.1673
vn 0.7701 0.5490 -0.3249
vn 0.7844 0.6103 -0.1107
vn 0.5326 0.8411 -0.0939
vn 0.2002 0.7727 -0.6023
vn 0.1406 0.9893 0.0397
vn 0.3355 0.8078 0.4847
vn -0.2574 0.7994 0.5429
vn 0.3146 0.4982 0.8080
vn 0.4968 -0.0387 0.8670
vn 0.8908 0.1212 0.4379
vn 0.8384 -0.1454 -0.5253
vn 0.2002 0.7727 -0.6024
vn -0.3855 0.5760 -0.7208
vn -0.2574 0.7993 0.5430
vn -0.5017 0.3984 0.7679
vn 0.3145 0.4982 0.8080
vn 0.6814 0.5948 -0.4265
vn 0.4278 0.6110 0.6661
vn 0.3787 0.4285 0.8204
vn 0.4947 0.8620 -0.1108
vn 0.3787 0.4284 0.8204
vn 0.1407 0.9893 0.0397
vn 0.6898 0.3810 0.6157
vn 0.8897 0.4418 0.1148
vn 0.9249 0.0799 0.3717
vn 0.0785 0.9909 0.1090
vn 0.9507 0.3100 0.0110
vn 0.1578 0.8646 0.4770
vn -0.2574 0.7994 0.5430
vn 0.4277 0.6110 0.6661
vn -0.8139 -0.5457 0.1997
vn -0.9032 -0.4224 -0.0761
vn -0.8898 -0.4417 -0.1147
vn -0.8898 -0.4417 -0.1148
vn -0.7844 -0.6103 0.1106
vn -0.8138 -0.5457 0.1997
vn -0.2651 -0.9642 0.0062
vn -0.4947 -0.8620 0.1109
vn -0.5326 -0.8411 0.0940
vn -0.3490 -0.9306 -0.1099
vn -0.2652 -0.9642 0.0062
vn -0.3053 -0.5743 -0.7596
vn -0.2921 -0.8101 -0.5084
vn -0.3350 -0.8077 -0.4852
vn -0.3368 -0.8072 -0.4847
vn -0.4273 -0.6111 -0.6663
vn -0.3054 -0.5743 -0.7595
vn -0.8317 -0.1984 -0.5185
vn -0.6827 -0.3543 -0.6391
vn -0.6897 -0.3811 -0.6157
vn -0.6898 -0.3811 -0.6156
vn -0.8439 -0.3139 -0.4351
vn -0.9507 -0.3099 -0.0110
vn -0.4361 -0.8642 0.2510
vn -0.1577 -0.8648 -0.4766
vn -0.2952 -0.8089 -0.5084
vn -0.6072 -0.2588 -0.7512
vn -0.6464 -0.6303 -0.4301
vn -0.2995 -0.8843 -0.3583
vn -0.7377 -0.6234 -0.2591
vn -0.5747 -0.5144 -0.6364
vn -0.5326 -0.8412 0.0940
vn -0.6359 -0.7545 -0.1622
vn -0.9059 -0.3584 -0.2255
vn -0.3490 -0.9306 -0.1100
vn -0.6367 -0.7016 -0.3199
vn -0.6272 -0.7710 0.1104
vn -0.6814 -0.5948 0.4265
vn -0.3787 -0.4284 -0.8204
vn -0.4273 -0.6111 -0.6662
vn -0.9249 -0.0799 -0.3717
vn -0.9032 -0.4225 -0.0761
vn -0.0718 -0.9920 -0.1039
vn -0.9507 -0.3100 -0.0110
vn -0.1577 -0.8649 -0.4766
vn -0.7389 -0.6217 -0.2598
vn -0.6367 -0.7016 -0.3198
vn -0.4273 -0.6112 -0.6663
vn -0.0605 -0.1357 0.9889
vn -0.2995 -0.8842 -0.3584
vn -0.6464 -0.6302 -0.4301
vn 0.9904 0.1367 -0.0205
vn 0.9904 0.1367 -0.0206
vn -0.5747 -0.5144 -0.6365
vn -0.7377 -0.6234 -0.2590
vn -0.6359 -0.7545 -0.1623
vn -0.5748 -0.5144 -0.6364
vn -0.0072 0.8871 0.4616
vn 0.3146 0.4981 0.8080
vn 0.6475 -0.3052 -0.6983
vn -0.6400 -0.1453 -0.7545
vn -0.2362 -0.0523 -0.9703
vn -0.9696 -0.2142 0.1179
vn -0.9806 -0.0873 -0.1753
vn -0.2362 -0.0522 -0.9703
vn -0.6580 0.5761 0.4850
vn 0.8724 0.0761 0.4828
vn -0.4926 0.0743 0.8671
vn -0.9696 -0.2143 0.1179
vn -0.6579 0.5761 0.4850
vn 0.8319 0.3984 0.3863
vn 0.8319 0.3984 0.3864
vn 0.6476 -0.3051 -0.6983
vn 0.8724 0.0762 0.4828
vn -0.0803 0.3339 -0.9392
vn -0.0804 0.3339 -0.9392
vn -0.0825 -0.2376 0.9679
vn -0.0826 -0.2376 0.9679
vn 0.9941 0.0555 0.0932
vn 0.9941 0.0554 0.0932
vn -0.4926 0.0744 0.8671
vn -0.5384 -0.4179 0.7318
vn -0.5370 -0.6111 0.5815
vn 0.4028 0.8078 -0.4303
vn 0.0823 0.6756 -0.7326
vn -0.0245 -0.4412 0.8971
vn -0.1393 -0.7682 0.6248
vn 0.1701 -0.8008 0.5743
vn -0.3195 -0.6684 0.6717
vn 0.1443 -0.6476 0.7482
vn -0.0155 0.4661 -0.8846
vn 0.3635 0.5712 -0.7359
vn -0.1396 0.6379 -0.7574
vn -0.3241 -0.8524 0.4104
vn -0.2144 -0.6023 0.7690
vn -0.1443 0.8486 -0.5090
vn 0.1192 0.5937 -0.7958
vn 0.2023 0.5931 -0.7793
vn -0.6138 -0.5927 0.5216
vn 0.5300 0.6278 -0.5701
vn 0.6137 0.5927 -0.5215
vn 0.1701 -0.8008 0.5742
vn -0.0155 0.4660 -0.8846
vn -0.2461 0.6406 -0.7274
vn -0.0495 -0.9360 0.3485
vn 0.0493 0.9360 -0.3485
vn 0.0259 -0.9921 0.1225
vn 0.4773 -0.8338 0.2774
vn 0.4689 -0.5490 0.6919
vn -0.2046 -0.6885 0.6957
vn -0.1623 0.1367 -0.9772
vn 0.0823 0.6757 -0.7326
vn -0.9441 0.3119 -0.1065
vn -0.5009 0.7975 -0.3364
vn 0.1502 0.7743 -0.6148
vn 0.0394 0.7544 0.6552
vn 0.4578 0.8871 -0.0590
vn 0.9874 -0.1357 -0.0818
vn 0.7508 0.1360 -0.6464
vn 0.0343 -0.6230 -0.7815
vn -0.2488 -0.6346 0.7317
vn -0.5430 -0.6325 0.5523
vn -0.2064 -0.6922 0.6915
vn -0.2144 -0.6022 0.7690
vn -0.0940 -0.9047 0.4156
vn -0.1299 -0.7073 0.6949
vn 0.1587 -0.6343 0.7566
vn -0.2801 -0.7425 0.6084
vn -0.1393 -0.7683 0.6248
vn -0.2674 -0.3746 0.8878
vn 0.4772 -0.8339 0.2774
vn 0.1599 -0.6384 0.7529
vn 0.2554 -0.0658 0.9646
vn -0.2674 -0.3745 0.8878
vn -0.3383 -0.0578 0.9393
vn -0.7524 -0.0857 0.6531
vn -0.5450 -0.6252 0.5587
vn -0.7821 -0.5014 0.3700
vn -0.5279 -0.8484 -0.0398
vn -0.0941 -0.9047 0.4156
vn 0.0259 -0.9921 0.1224
vn -0.4954 -0.4138 0.7638
vn -0.0023 0.4606 -0.8876
vn 0.1576 -0.8331 0.5302
vn 0.3528 0.8350 -0.4224
vn -0.2633 -0.3918 0.8816
vn -0.4954 -0.4137 0.7638
vn -0.0495 -0.9360 0.3486
vn 0.3528 0.8349 -0.4224
vn -0.3384 -0.0578 0.9392
vn 0.2664 0.7568 -0.5969
vn 0.0342 -0.6229 -0.7815
vn -0.3385 -0.0578 0.9392
vn -0.2673 -0.3746 0.8878
vn -0.3526 -0.8353 0.4219
vn 0.5301 0.6278 -0.5700
vn 0.0822 0.6757 -0.7326
vn -0.0183 -0.4492 0.8932
vn 0.2664 0.7568 -0.5970
vn 0.5091 0.3975 -0.7635
vn -0.5009 0.7975 -0.3363
vn -0.2064 -0.6923 0.6915
vn -0.1980 -0.6831 0.7029
vn -0.7821 -0.5015 0.3700
vn -0.3142 0.5456 -0.7769
vn -0.0540 0.4224 -0.9048
vn 0.0590 0.9305 -0.3616
vn -0.1693 0.8412 -0.5136
vn -0.1806 0.8620 -0.4737
vn 0.7043 0.5788 -0.4110
vn 0.5979 0.6110 -0.5188
vn 0.4317 0.8077 -0.4015
vn 0.3940 0.1984 -0.8974
vn 0.5106 0.3810 -0.7708
vn 0.5346 0.3543 -0.7673
vn -0.3142 0.5457 -0.7769
vn -0.0541 0.4224 -0.9048
vn -0.1254 0.3100 -0.9424
vn 0.3940 0.1984 -0.8975
vn 0.6564 0.2588 -0.7086
vn -0.0138 0.4417 -0.8970
vn -0.3067 -0.0333 -0.9512
vn -0.4319 0.5489 -0.7157
vn -0.2219 0.6103 -0.7604
vn -0.6248 0.7727 -0.1118
vn 0.0191 0.9893 -0.1448
vn 0.5742 0.7994 0.1769
vn 0.7547 0.4981 -0.4270
vn 0.6475 -0.3051 -0.6983
vn 0.3057 0.1211 -0.9444
vn -0.6401 -0.1453 -0.7544
vn -0.6400 -0.1452 -0.7545
vn 0.5741 0.7994 0.1769
vn 0.7546 0.4982 -0.4271
vn 0.5346 0.3542 -0.7673
vn 0.5980 0.6110 -0.5188
vn 0.0192 0.9893 -0.1448
vn 0.5105 0.3810 -0.7708
vn 0.3097 0.3139 -0.8975
vn -0.0139 0.4417 -0.8970
vn 0.2353 0.0799 -0.9686
vn 0.4598 0.8107 -0.3625
vn 0.0966 0.9909 -0.0933
vn -0.1253 0.3100 -0.9424
vn 0.5979 0.6110 -0.5187
vn 0.3143 -0.5457 0.7768
vn 0.0139 -0.4418 0.8970
vn 0.2219 -0.6103 0.7605
vn 0.1806 -0.8620 0.4737
vn 0.1693 -0.8411 0.5136
vn -0.0588 -0.9306 0.3612
vn -0.7080 -0.5743 0.4110
vn -0.4613 -0.8101 0.3619
vn -0.4315 -0.8072 0.4028
vn -0.3939 -0.1984 0.8975
vn -0.5345 -0.3543 0.7673
vn -0.5106 -0.3810 0.7708
vn -0.5106 -0.3811 0.7708
vn 0.1254 -0.3100 0.9424
vn 0.3109 -0.8642 0.3956
vn -0.4608 -0.8089 0.3650
vn -0.6565 -0.2587 0.7086
vn -0.3118 -0.8843 0.3475
vn -0.1507 -0.6235 0.7672
vn -0.5476 -0.5144 0.6599
vn 0.1693 -0.8412 0.5136
vn -0.0694 -0.7545 0.6527
vn -0.0933 -0.3584 0.9289
vn -0.2253 -0.7016 0.6760
vn 0.1990 -0.7710 0.6050
vn 0.5199 -0.5947 0.6132
vn -0.7576 -0.4285 0.4924
vn 0.3109 -0.8642 0.3957
vn 0.5199 -0.5947 0.6133
vn -0.6564 -0.2588 0.7086
vn -0.2353 -0.0799 0.9686
vn -0.0588 -0.9307 0.3612
vn -0.4491 -0.8648 0.2245
vn -0.1513 -0.6216 0.7686
vn 0.1989 -0.7709 0.6050
vn -0.0933 -0.3583 0.9289
vn -0.0694 -0.7544 0.6527
vn -0.0932 -0.3584 0.9289
vn -0.4319 0.5489 -0.7156
vn 0.7546 0.4982 -0.4270
vn -0.4562 -0.7556 -0.4700
vn -0.4548 -0.8769 -0.1554
vn -0.9077 0.2293 0.3515
vn -0.9932 -0.1089 0.0405
vn -0.1771 0.7035 0.6882
vn -0.4632 0.6969 0.5475
vn 0.2375 0.9665 -0.0975
vn 0.7231 -0.5289 -0.4443
vn 0.6710 0.6798 0.2960
vn 0.6061 -0.3561 -0.7112
vn -0.9309 -0.0258 -0.3644
vn 0.9048 0.2149 0.3678
vn 0.3905 -0.7472 -0.5377
vn 0.5480 0.4226 0.7219
vn 0.7382 -0.0174 0.6743
vn 0.7035 -0.0528 0.7087
vn 0.4130 0.2789 0.8670
vn -0.3180 -0.0262 -0.9477
vn -0.6465 0.2022 -0.7356
vn -0.6983 0.0792 -0.7114
vn -0.4049 -0.2616 -0.8761
vn 0.8632 0.0424 0.5032
vn 0.6320 -0.1932 0.7505
vn 0.5818 -0.1114 0.8057
vn 0.7735 0.2563 0.5797
vn -0.6087 -0.4012 -0.6845
vn -0.5161 0.0108 -0.8565
vn -0.5691 0.1086 -0.8151
vn -0.7667 -0.2657 -0.5844
vn 0.6297 -0.3922 0.6706
vn 0.5223 0.0109 0.8527
vn 0.5675 0.0990 0.8174
vn 0.7813 -0.2429 0.5750
vn -0.8646 0.0064 -0.5024
vn -0.6114 -0.2031 -0.7648
vn -0.5660 -0.1215 -0.8154
vn -0.7882 0.2317 -0.5702
vn 0.3248 -0.0662 0.9435
vn 0.6271 0.1931 0.7547
vn 0.6897 0.0759 0.7201
vn 0.4219 -0.2784 0.8628
vn -0.5614 0.4147 -0.7162
vn -0.7439 -0.0109 -0.6682
vn -0.7027 -0.0738 -0.7076
vn -0.4279 0.2895 -0.8562
vn 0.3317 0.3336 0.8824
vn -0.3318 -0.3338 -0.8823
vn 0.7707 0.3547 0.5293
vn -0.7708 -0.3546 -0.5293
vn 0.7923 -0.3274 0.5149
vn -0.7922 0.3274 -0.5150
vn 0.3530 -0.3486 0.8683
vn -0.3531 0.3487 -0.8682
vn 0.1638 -0.5020 0.8492
vn 0.4428 -0.7403 0.5059
vn 0.8226 -0.4707 0.3189
vn 0.6263 0.0025 0.7796
vn -0.9847 -0.0722 -0.1587
vn -0.4021 0.8941 0.1974
vn -0.5042 0.7243 -0.4703
vn 0.6064 0.5437 -0.5803
vn 0.0492 0.0748 -0.9960
vn 0.2293 -0.8903 -0.3935
vn -0.3909 -0.7167 -0.5776
vn -0.7087 -0.5707 0.4148
vn 0.6449 0.0763 0.7605
vn 0.3842 0.2646 0.8845
vn 0.6219 0.0010 0.7831
vn 0.4020 -0.2775 0.8726
vn 0.6491 -0.0675 0.7577
vn 0.7932 -0.2454 0.5573
vn 0.6349 0.0022 0.7726
vn 0.7775 0.2702 0.5679
vn 0.9983 0.0299 0.0503
vn 0.7923 0.5072 0.3389
vn 0.3950 0.7456 0.5367
vn 0.1312 0.4749 0.8702
vn -0.1662 -0.0266 0.9857
vn 0.5915 0.3991 0.7006
vn -0.8632 -0.0077 -0.5048
vn 0.5850 -0.4112 0.6990
vn -0.3266 0.0304 -0.9447
vn 0.3264 -0.0311 0.9447
vn -0.5864 -0.4185 -0.6936
vn 0.8618 0.0319 0.5063
vn -0.6096 0.3917 -0.6891
vn -0.8564 0.3192 -0.4058
vn -0.8152 0.2829 -0.5055
vn -0.8750 -0.0109 -0.4841
vn -0.8938 0.0093 -0.4483
vn -0.2999 0.4632 -0.8340
vn -0.3624 0.3343 -0.8700
vn -0.5732 0.4297 -0.6977
vn -0.5395 0.4607 -0.7047
vn -0.1984 -0.3828 -0.9023
vn -0.3347 -0.3106 -0.8897
vn -0.2816 -0.0413 -0.9586
vn -0.2361 -0.0514 -0.9704
vn -0.7413 -0.4666 -0.4824
vn -0.7715 -0.3387 -0.5386
vn -0.5922 -0.4303 -0.6812
vn -0.5805 -0.4626 -0.6701
vn -0.9470 -0.0021 -0.3212
vn -0.5052 0.5889 -0.6309
vn -0.1101 0.0235 -0.9936
vn -0.4837 -0.5942 -0.6426
vn -0.8098 -0.4488 -0.3779
vn -0.9974 -0.0368 0.0625
vn -0.8343 0.4330 -0.3413
vn -0.3274 0.8744 -0.3580
vn -0.1706 0.4579 -0.8725
vn 0.3125 0.0016 -0.9499
vn -0.1952 -0.4700 -0.8608
vn -0.3440 -0.8280 -0.4428
vn -0.7655 0.5564 -0.3230
vn -0.2533 -0.5271 -0.8112
vn -0.8527 -0.4200 -0.3105
vn -0.0980 0.4106 -0.9065
vn 0.8564 -0.3192 0.4058
vn 0.8938 -0.0093 0.4483
vn 0.8749 0.0109 0.4842
vn 0.8151 -0.2829 0.5055
vn 0.3000 -0.4632 0.8339
vn 0.5395 -0.4608 0.7047
vn 0.5733 -0.4296 0.6977
vn 0.3620 -0.3348 0.8700
vn 0.1972 0.3881 0.9003
vn 0.2349 0.0527 0.9706
vn 0.2811 0.0416 0.9588
vn 0.3343 0.3107 0.8898
vn 0.7411 0.4667 0.4826
vn 0.5804 0.4627 0.6701
vn 0.5923 0.4303 0.6813
vn 0.7715 0.3387 0.5387
vn 0.9470 0.0021 0.3211
vn 0.5052 -0.5889 0.6308
vn 0.1101 -0.0241 0.9936
vn 0.4836 0.5941 0.6427
vn 0.5899 0.1380 0.7956
vn 0.2701 -0.1102 0.9565
vn 0.7082 0.0130 0.7059
vn 0.4806 0.3597 0.7998
vn 0.6291 -0.1529 0.7621
vn 0.8693 0.1497 0.4711
vn 0.6018 0.0069 0.7986
vn 0.6666 -0.3915 0.6343
vn 0.7655 -0.5565 0.3230
vn 0.2536 0.5271 0.8111
vn 0.8528 0.4200 0.3104
vn 0.0921 -0.4168 0.9043
vn -0.2324 -0.3865 0.8925
vn -0.0134 -0.6187 0.7855
vn 0.8631 0.2699 0.4268
vn 0.6092 0.1102 0.7853
vn 0.7742 0.3962 -0.4936
vn 0.8360 0.5099 -0.2026
vn -0.0350 0.8466 -0.5310
vn -0.8807 -0.4591 -0.1164
vn -0.0461 0.3388 -0.9397
vn -0.9842 -0.1738 0.0340
vn 0.2743 0.3298 0.9033
vn -0.2210 -0.1575 -0.9625
vn -0.7937 -0.5424 0.2754
vn 0.3092 -0.0302 -0.9505
vn 0.0742 -0.4466 -0.8916
vn 0.1151 -0.4837 -0.8676
vn 0.4758 -0.1850 -0.8599
vn -0.5478 0.4208 0.7231
vn -0.1420 0.6148 0.7758
vn -0.1155 0.5071 0.8541
vn -0.4844 0.2023 0.8511
vn -0.1224 -0.3541 -0.9272
vn 0.1639 -0.6093 -0.7758
vn 0.2523 -0.5469 -0.7983
vn 0.0316 -0.1733 -0.9844
vn -0.2395 0.0484 0.9697
vn -0.3504 0.4624 0.8145
vn -0.2677 0.5453 0.7944
vn -0.0411 0.1652 0.9854
vn 0.0656 -0.7549 -0.6526
vn 0.3481 -0.4429 -0.8262
vn 0.3101 -0.3606 -0.8797
vn -0.0715 -0.6182 -0.7828
vn 0.1331 0.3977 0.9078
vn -0.2626 0.2573 0.9300
vn -0.3137 0.3394 0.8868
vn 0.0773 0.6078 0.7903
vn 0.5227 -0.5031 -0.6883
vn 0.2435 -0.2655 -0.9329
vn 0.1566 -0.3706 -0.9155
vn 0.3613 -0.6823 -0.6355
vn -0.1378 0.7774 0.6138
vn -0.0714 0.4200 0.9047
vn -0.1387 0.3704 0.9185
vn -0.3505 0.6909 0.6323
vn 0.5470 -0.1239 -0.8279
vn -0.5470 0.1241 0.8279
vn 0.0128 -0.0651 -0.9978
vn -0.0128 0.0650 0.9978
vn -0.1407 -0.6724 -0.7267
vn 0.1406 0.6724 0.7267
vn 0.3937 -0.7317 -0.5565
vn -0.3937 0.7317 0.5565
vn 0.4644 -0.8181 -0.3392
vn -0.0152 -0.9585 -0.2847
vn -0.3386 -0.7292 -0.5947
vn 0.2267 -0.4453 -0.8662
vn 0.4567 0.2193 0.8622
vn 0.5648 0.8100 -0.1575
vn 0.0770 0.9440 0.3210
vn -0.7119 0.5770 -0.4004
vn -0.7871 0.4474 0.4246
vn -0.6121 -0.6906 0.3852
vn -0.3480 -0.3237 0.8798
vn 0.6405 -0.5126 0.5718
vn 0.2149 -0.3758 -0.9014
vn 0.5039 -0.1984 -0.8407
vn 0.2322 -0.4470 -0.8639
vn 0.3810 -0.6811 -0.6253
vn 0.1831 -0.5041 -0.8440
vn -0.0928 -0.6161 -0.7822
vn 0.2166 -0.4446 -0.8692
vn 0.0224 -0.1570 -0.9874
vn -0.5578 -0.2167 -0.8012
vn -0.1185 0.1398 -0.9831
vn 0.3194 0.3656 -0.8742
vn 0.6844 0.0511 -0.7273
vn 0.8594 -0.3731 -0.3496
vn 0.2623 -0.0525 -0.9636
vn 0.1277 0.3854 0.9139
vn 0.1108 -0.7730 -0.6247
vn -0.5292 0.4723 0.7049
vn 0.5295 -0.4725 -0.7045
vn -0.2632 0.0313 0.9642
vn -0.1213 -0.3643 -0.9233
vn -0.0922 0.7571 0.6468
vn 0.2625 0.6366 0.7252
vn 0.1534 0.6341 0.7579
vn 0.1503 0.3772 0.9139
vn 0.1932 0.3855 0.9023
vn -0.3774 0.8083 0.4519
vn -0.3922 0.7216 0.5705
vn -0.1135 0.7862 0.6075
vn -0.1333 0.8091 0.5723
vn -0.6522 0.0579 0.7559
vn -0.5466 0.1481 0.8242
vn -0.5810 0.4033 0.7070
vn -0.6193 0.3887 0.6822
vn -0.0159 -0.0598 0.9981
vn -0.0166 0.0832 0.9964
vn -0.2526 0.0173 0.9674
vn -0.2573 -0.0186 0.9662
vn 0.3217 0.3372 0.8847
vn -0.0723 0.8866 0.4568
vn -0.6993 0.4363 0.5663
vn -0.3193 -0.1683 0.9326
vn 0.1100 -0.0695 0.9915
vn 0.6427 0.1667 0.7477
vn 0.3206 0.7077 0.6296
vn 0.0860 0.9939 0.0684
vn -0.4863 0.7897 0.3740
vn -0.9242 0.3047 0.2301
vn -0.6387 -0.0367 0.7686
vn -0.2930 -0.4867 0.8229
vn 0.3172 0.7952 0.5168
vn -0.5757 -0.0938 0.8123
vn 0.1938 -0.0608 0.9792
vn -0.5654 0.7447 0.3548
vn -0.2625 -0.6364 -0.7253
vn -0.1933 -0.3853 -0.9023
vn -0.1502 -0.3772 -0.9139
vn -0.1533 -0.6341 -0.7579
vn 0.3773 -0.8083 -0.4519
vn 0.1332 -0.8091 -0.5723
vn 0.1135 -0.7861 -0.6077
vn 0.3923 -0.7219 -0.5700
vn 0.6525 -0.0520 -0.7560
vn 0.6205 -0.3872 -0.6819
vn 0.5814 -0.4030 -0.7068
vn 0.5469 -0.1481 -0.8240
vn 0.0156 0.0598 -0.9981
vn 0.2571 0.0185 -0.9662
vn 0.2526 -0.0174 -0.9674
vn 0.0166 -0.0832 -0.9964
vn -0.3217 -0.3371 -0.8848
vn 0.0723 -0.8867 -0.4567
vn 0.6991 -0.4368 -0.5661
vn 0.3191 0.1683 -0.9326
vn 0.2870 -0.3222 -0.9021
vn 0.5575 -0.5352 -0.6347
vn 0.1225 -0.4252 -0.8968
vn 0.3983 -0.1015 -0.9116
vn 0.1822 -0.5774 -0.7959
vn -0.1304 -0.2472 -0.9602
vn 0.2574 -0.4431 -0.8587
vn 0.0154 -0.7483 -0.6632
vn -0.3169 -0.7951 -0.5170
vn 0.5757 0.0938 -0.8123
vn -0.1938 0.0608 -0.9792
vn 0.5661 -0.7478 -0.3468
vn 0.7926 0.4091 -0.4522
vn 0.9484 0.1794 -0.2614
vn 0.1399 -0.7715 -0.6207
vn 0.4409 -0.4499 -0.7766
vn -0.5023 -0.8630 0.0535
vn -0.4180 -0.8718 -0.2554
vn -0.9937 -0.0887 -0.0684
vn 0.1884 0.8531 0.4865
vn -0.8181 -0.1435 0.5569
vn 0.0293 0.9764 0.2139
vn 0.2864 -0.1039 -0.9525
vn -0.4536 0.0345 0.8905
vn 0.4908 0.8452 0.2113
vn -0.4784 -0.4854 0.7319
vn -0.1391 -0.2328 0.9625
vn -0.0895 -0.2675 0.9594
vn -0.2790 -0.6275 0.7269
vn 0.0005 0.6658 -0.7461
vn -0.0724 0.2730 -0.9593
vn 0.0630 0.2647 -0.9623
vn 0.2589 0.6339 -0.7288
vn -0.2603 -0.0491 0.9643
vn 0.0711 -0.2946 0.9530
vn 0.0191 -0.3872 0.9218
vn -0.4189 -0.2157 0.8821
vn 0.4839 0.4201 -0.7677
vn 0.0455 0.4889 -0.8712
vn -0.0221 0.4018 -0.9155
vn 0.4246 0.2256 -0.8768
vn 0.2463 -0.1709 0.9540
vn -0.0682 -0.4891 0.8695
vn -0.1703 -0.4643 0.8692
vn 0.0430 -0.0648 0.9970
vn 0.2153 0.0341 -0.9759
vn 0.2892 0.4300 -0.8552
vn 0.1910 0.4698 -0.8619
vn -0.0295 0.0610 -0.9977
vn 0.0827 -0.6325 0.7701
vn -0.2865 -0.4115 0.8652
vn -0.2034 -0.3205 0.9252
vn 0.2366 -0.4595 0.8561
vn -0.2962 0.2336 -0.9261
vn 0.1682 0.2335 -0.9577
vn 0.2074 0.3034 -0.9300
vn -0.2439 0.4480 -0.8601
vn -0.3007 -0.6928 0.6554
vn 0.3008 0.6927 -0.6555
vn -0.5165 -0.2028 0.8320
vn 0.5165 0.2028 -0.8320
vn 0.1098 0.0151 0.9938
vn -0.1098 -0.0151 -0.9938
vn 0.3259 -0.4749 0.8175
vn -0.3259 0.4749 -0.8175
vn 0.5301 -0.4996 0.6851
vn 0.6122 -0.0157 0.7906
vn 0.2057 0.2356 0.9498
vn -0.1054 -0.3783 0.9197
vn 0.3764 -0.2877 -0.8806
vn -0.6704 -0.6048 -0.4298
vn -0.5698 -0.0377 -0.8209
vn -0.7907 0.6068 0.0811
vn -0.2237 0.8426 -0.4898
vn 0.6980 0.6919 0.1847
vn 0.7193 0.5187 -0.4622
vn 0.8271 -0.5056 -0.2456
vn -0.1829 -0.3748 0.9089
vn -0.2534 -0.6511 0.7154
vn -0.1021 -0.3825 0.9183
vn 0.2438 -0.4771 0.8444
vn -0.0508 -0.3293 0.9429
vn 0.0389 -0.0438 0.9983
vn -0.1089 -0.3684 0.9233
vn -0.4351 -0.2079 0.8761
vn -0.3572 0.3984 0.8448
vn -0.6915 -0.0755 0.7184
vn -0.7536 -0.4903 0.4377
vn -0.3672 -0.8130 0.4519
vn 0.2160 -0.9007 0.3769
vn -0.4741 -0.4410 0.7621
vn 0.2279 0.0408 -0.9728
vn 0.2828 -0.2093 0.9361
vn -0.0491 0.6429 -0.7644
vn 0.0495 -0.6431 0.7642
vn 0.4914 0.4428 -0.7499
vn -0.2496 -0.0494 0.9671
vn -0.2550 0.1959 -0.9469
vn -0.0654 -0.1340 -0.9888
vn -0.0592 -0.0207 -0.9980
vn 0.2375 0.0189 -0.9712
vn 0.2300 -0.0258 -0.9728
vn -0.4456 0.4368 -0.7814
vn -0.3098 0.4764 -0.8229
vn -0.3038 0.2083 -0.9297
vn -0.3450 0.2205 -0.9123
vn 0.2988 0.7837 -0.5445
vn 0.2791 0.6910 -0.6668
vn 0.0009 0.6957 -0.7183
vn -0.0067 0.7290 -0.6844
vn 0.6174 0.2088 -0.7584
vn 0.5006 0.2057 -0.8409
vn 0.5060 0.4333 -0.7458
vn 0.5337 0.4385 -0.7231
vn 0.2760 -0.1539 -0.9487
vn -0.4658 0.1367 -0.8743
vn -0.1221 0.7839 -0.6088
vn 0.6274 0.4967 -0.5997
vn 0.6381 0.0844 -0.7653
vn 0.3782 -0.4909 -0.7849
vn -0.1700 -0.2113 -0.9625
vn -0.7539 -0.0963 -0.6499
vn -0.4898 0.5292 -0.6929
vn -0.2377 0.9433 -0.2318
vn 0.3846 0.7752 -0.5012
vn 0.8259 0.4578 -0.3291
vn -0.3054 -0.2312 -0.9237
vn 0.4643 0.7233 -0.5112
vn 0.6351 -0.0003 -0.7724
vn -0.4748 0.6042 -0.6399
vn 0.0653 0.1340 0.9888
vn -0.2301 0.0257 0.9728
vn -0.2376 -0.0189 0.9712
vn 0.0591 0.0207 0.9980
vn 0.4457 -0.4369 0.7813
vn 0.3450 -0.2205 0.9123
vn 0.3036 -0.2085 0.9297
vn 0.3102 -0.4764 0.8227
vn -0.3038 -0.7841 0.5412
vn 0.0055 -0.7301 0.6833
vn -0.0010 -0.6961 0.7180
vn -0.2790 -0.6912 0.6666
vn -0.6174 -0.2089 0.7584
vn -0.5337 -0.4385 0.7231
vn -0.5060 -0.4334 0.7458
vn -0.5006 -0.2058 0.8409
vn -0.2763 0.1539 0.9487
vn 0.4658 -0.1367 0.8743
vn 0.1225 -0.7837 0.6089
vn -0.6274 -0.4967 0.5996
vn -0.2174 -0.4468 0.8678
vn 0.1441 -0.6555 0.7413
vn -0.1528 -0.2818 0.9472
vn -0.3866 -0.5636 0.7300
vn 0.0360 -0.3174 0.9476
vn -0.3668 -0.0503 0.9289
vn -0.0986 -0.4065 0.9083
vn 0.2280 -0.1239 0.9657
vn 0.3055 0.2313 0.9237
vn -0.4643 -0.7233 0.5111
vn -0.6354 0.0004 0.7722
vn 0.4817 -0.6033 0.6356
vn -0.0279 0.2638 0.9642
vn -0.0968 -0.0645 0.9932
vn 0.8849 -0.4123 0.2167
vn 0.7729 -0.1814 0.6080
vn 0.5292 -0.5637 -0.6341
vn 0.7666 -0.4637 -0.4442
vn 0.3282 0.3011 -0.8953
vn -0.8930 0.4256 0.1462
vn -0.1926 -0.0820 -0.9779
vn -0.6999 0.7032 0.1251
vn 0.7679 0.2355 0.5957
vn -0.6421 -0.2083 -0.7377
vn -0.7326 0.4359 0.5228
vn -0.2312 -0.5593 -0.7961
vn -0.6305 -0.5702 -0.5267
vn -0.6206 -0.6146 -0.4870
vn -0.1968 -0.7437 -0.6389
vn 0.2553 0.8806 0.3992
vn 0.6546 0.6751 0.3403
vn 0.6307 0.6226 0.4632
vn 0.1996 0.7570 0.6222
vn -0.7021 -0.3769 -0.6042
vn -0.6376 -0.6897 -0.3432
vn -0.5512 -0.7345 -0.3958
vn -0.5104 -0.4234 -0.7484
vn 0.2937 0.5195 0.8024
vn 0.4412 0.7739 0.4542
vn 0.5390 0.7449 0.3933
vn 0.4996 0.4273 0.7535
vn -0.7439 -0.6484 -0.1618
vn -0.4346 -0.7655 -0.4746
vn -0.4243 -0.7095 -0.5627
vn -0.7892 -0.5093 -0.3432
vn 0.7299 0.3850 0.5649
vn 0.4043 0.6338 0.6594
vn 0.4106 0.7036 0.5800
vn 0.7888 0.5017 0.3551
vn -0.3114 -0.8925 -0.3264
vn -0.4227 -0.6238 -0.6574
vn -0.5391 -0.6038 -0.5872
vn -0.5084 -0.8406 -0.1867
vn 0.6990 0.7054 0.1171
vn 0.6197 0.5584 0.5515
vn 0.5510 0.5905 0.5897
vn 0.5194 0.8355 0.1794
vn -0.0990 -0.7588 -0.6438
vn 0.0990 0.7587 0.6438
vn -0.4543 -0.3567 -0.8163
vn 0.4543 0.3567 0.8163
vn -0.8443 -0.4649 -0.2667
vn 0.8443 0.4649 0.2666
vn -0.4890 -0.8672 -0.0938
vn 0.4889 0.8673 0.0938
vn -0.4136 -0.9000 0.1379
vn -0.7762 -0.5750 0.2585
vn -0.9473 -0.2961 -0.1220
vn -0.5268 -0.6830 -0.5059
vn 0.7864 0.0208 0.6174
vn 0.8240 -0.0783 -0.5612
vn 0.8193 0.5292 -0.2208
vn -0.2090 0.7402 -0.6391
vn 0.0028 0.9912 0.1321
vn -0.6766 0.2489 0.6930
vn -0.0614 0.3844 0.9211
vn 0.2814 -0.5962 0.7519
vn -0.5014 -0.6485 -0.5727
vn -0.1804 -0.7671 -0.6156
vn -0.5232 -0.6874 -0.5037
vn -0.4911 -0.8525 -0.1789
vn -0.5832 -0.6718 -0.4567
vn -0.8004 -0.4910 -0.3438
vn -0.5335 -0.6751 -0.5096
vn -0.5062 -0.4086 -0.7595
vn -0.8202 0.0795 -0.5665
vn -0.3882 -0.1408 -0.9108
vn 0.0739 -0.3379 -0.9383
vn 0.1458 -0.7449 -0.6510
vn 0.1217 -0.9867 -0.1081
vn -0.2802 -0.5378 -0.7951
vn 0.7210 0.3849 0.5762
vn -0.7172 -0.6849 -0.1287
vn 0.2937 0.8869 0.3567
vn -0.2935 -0.8871 -0.3564
vn 0.2657 0.5276 0.8069
vn -0.7065 -0.3821 -0.5957
vn 0.7267 0.6691 0.1555
vn 0.8933 0.3489 0.2833
vn 0.8392 0.4446 0.3132
vn 0.7289 0.3627 0.5806
vn 0.7557 0.3291 0.5662
vn 0.5068 0.8613 -0.0357
vn 0.4890 0.8652 0.1109
vn 0.7171 0.6887 0.1072
vn 0.7057 0.7055 0.0652
vn -0.0396 0.7856 0.6175
vn 0.1141 0.7699 0.6279
vn 0.2165 0.8929 0.3947
vn 0.1730 0.9080 0.3815
vn 0.3683 0.2942 0.8819
vn 0.4636 0.3686 0.8057
vn 0.2640 0.5129 0.8168
vn 0.2364 0.4976 0.8346
vn 0.7936 0.1964 0.5759
vn 0.7467 0.6610 -0.0743
vn 0.1083 0.9600 0.2584
vn 0.0834 0.4587 0.8847
vn 0.4351 0.1871 0.8807
vn 0.8157 -0.1902 0.5462
vn 0.9366 0.3096 0.1644
vn 0.7526 0.4690 -0.4621
vn 0.3956 0.9138 -0.0916
vn -0.2580 0.9652 0.0418
vn -0.0899 0.7297 0.6779
vn -0.1618 0.2382 0.9576
vn 0.9462 0.3229 0.0230
vn -0.0722 0.6636 0.7446
vn 0.4865 0.1210 0.8653
vn 0.3091 0.9473 -0.0842
vn -0.8933 -0.3489 -0.2834
vn -0.7558 -0.3292 -0.5661
vn -0.7289 -0.3627 -0.5806
vn -0.8391 -0.4447 -0.3133
vn -0.5068 -0.8613 0.0357
vn -0.7057 -0.7055 -0.0652
vn -0.7171 -0.6887 -0.1070
vn -0.4889 -0.8653 -0.1103
vn 0.0435 -0.7828 -0.6207
vn -0.1714 -0.9081 -0.3821
vn -0.2160 -0.8931 -0.3947
vn -0.1138 -0.7700 -0.6278
vn -0.3683 -0.2941 -0.8820
vn -0.2365 -0.4975 -0.8346
vn -0.2639 -0.5129 -0.8169
vn -0.4636 -0.3685 -0.8058
vn -0.7937 -0.1965 -0.5757
vn -0.7467 -0.6610 0.0742
vn -0.1087 -0.9601 -0.2577
vn -0.0836 -0.4586 -0.8847
vn -0.4218 -0.6781 -0.6019
vn -0.2897 -0.9200 -0.2641
vn -0.5888 -0.5991 -0.5425
vn -0.2095 -0.6553 -0.7258
vn -0.6132 -0.6939 -0.3773
vn -0.6483 -0.3256 -0.6883
vn -0.5032 -0.7038 -0.5014
vn -0.7742 -0.6086 -0.1740
vn -0.9462 -0.3229 -0.0229
vn 0.0719 -0.6637 -0.7446
vn -0.4866 -0.1212 -0.8652
vn -0.3076 -0.9470 0.0926
vn 0.3832 0.5782 -0.7203
vn 0.1311 0.4345 -0.8911
vn -0.7364 0.6751 0.0451
vn -0.4261 0.8710 -0.2447
vn -0.8281 -0.1074 0.5502
vn -0.8224 0.2128 0.5276
vn -0.0160 -0.1253 0.9920
vn 0.8040 -0.4832 -0.3465
vn -0.1246 -0.6994 0.7038
vn 0.9558 -0.2541 -0.1482
vn -0.0591 0.9944 -0.0878
vn 0.0056 -0.9632 0.2688
vn 0.7939 -0.1539 -0.5883
vn -0.4989 -0.7861 0.3649
vn -0.2862 -0.9576 -0.0319
vn -0.3240 -0.9429 -0.0768
vn -0.6537 -0.7344 0.1823
vn 0.7122 0.6961 0.0906
vn 0.3404 0.9105 0.2347
vn 0.3229 0.9407 0.1036
vn 0.6616 0.7320 -0.1627
vn -0.0951 -0.9929 0.0716
vn -0.3615 -0.9034 -0.2305
vn -0.4480 -0.8784 -0.1664
vn -0.2447 -0.9352 0.2560
vn 0.4361 0.8256 -0.3581
vn 0.5414 0.8364 0.0853
vn 0.4622 0.8709 0.1670
vn 0.2539 0.9307 -0.2635
vn -0.2503 -0.8762 -0.4118
vn -0.5399 -0.8394 -0.0626
vn -0.5083 -0.8605 0.0354
vn -0.1337 -0.9640 -0.2300
vn 0.0839 0.9962 -0.0242
vn 0.4650 0.8723 -0.1515
vn 0.5118 0.8572 -0.0575
vn 0.1289 0.9676 0.2172
vn -0.6864 -0.7047 -0.1793
vn -0.4476 -0.8823 0.1455
vn -0.3664 -0.9293 0.0452
vn -0.5304 -0.7674 -0.3603
vn 0.3144 0.8357 0.4503
vn 0.2845 0.9587 0.0024
vn 0.3496 0.9357 -0.0469
vn 0.5198 0.7704 0.3692
vn -0.7125 -0.6654 0.2225
vn 0.7126 0.6654 -0.2225
vn -0.2218 -0.9062 0.3601
vn 0.2218 0.9061 -0.3601
vn -0.0584 -0.9518 -0.3010
vn 0.0583 0.9518 0.3010
vn -0.5493 -0.7110 -0.4391
vn 0.5493 0.7110 0.4391
vn -0.5799 -0.5402 -0.6098
vn -0.1100 -0.6524 -0.7499
vn 0.1576 -0.9008 -0.4046
vn -0.4298 -0.9018 -0.0447
vn -0.2537 0.9514 -0.1745
vn -0.5277 0.3188 0.7874
vn 0.0562 0.6924 0.7193
vn 0.6528 -0.2674 0.7087
vn 0.8866 0.3914 0.2463
vn 0.6289 -0.0780 -0.7736
vn 0.4977 0.5681 -0.6554
vn -0.5435 0.4303 -0.7207
vn -0.4210 -0.9065 0.0330
vn -0.6783 -0.7168 0.1615
vn -0.4349 -0.8992 -0.0477
vn -0.5476 -0.7536 -0.3638
vn -0.3870 -0.9159 -0.1069
vn -0.1128 -0.9672 -0.2277
vn -0.4202 -0.9064 -0.0428
vn -0.2354 -0.9331 0.2719
vn 0.3642 -0.9186 0.1533
vn -0.0763 -0.8360 0.5433
vn -0.4648 -0.5528 0.6916
vn -0.8134 -0.4750 0.3359
vn -0.9366 -0.2790 -0.2118
vn -0.4576 -0.8169 0.3511
vn 0.0898 0.9952 -0.0379
vn -0.2900 -0.8493 -0.4411
vn 0.6940 0.7053 0.1446
vn -0.6942 -0.7050 -0.1453
vn 0.4574 0.8084 -0.3705
vn -0.0964 -0.9935 0.0606
vn 0.2751 0.8663 0.4169
vn -0.0632 0.9619 0.2661
vn 0.0497 0.9662 0.2528
vn 0.0670 0.9967 -0.0456
vn 0.0233 0.9991 -0.0344
vn 0.5173 0.6538 0.5522
vn 0.5500 0.7196 0.4240
vn 0.2900 0.8390 0.4603
vn 0.3037 0.8132 0.4964
vn 0.7958 0.5517 -0.2496
vn 0.7130 0.6723 -0.1990
vn 0.7402 0.6673 0.0825
vn 0.7716 0.6310 0.0805
vn 0.2160 0.8539 -0.4734
vn 0.2264 0.9116 -0.3430
vn 0.4463 0.8079 -0.3850
vn 0.4481 0.7909 -0.4168
vn -0.1091 0.9913 -0.0740
vn 0.2259 0.7563 0.6139
vn 0.8291 0.5313 0.1743
vn 0.4914 0.6856 -0.5371
vn 0.0912 0.8712 -0.4824
vn -0.4625 0.8685 -0.1784
vn -0.1349 0.9194 0.3695
vn -0.0010 0.4919 0.8707
vn 0.6063 0.5539 0.5706
vn 0.9707 0.1310 0.2017
vn 0.7786 0.5267 -0.3412
vn 0.4212 0.4620 -0.7805
vn -0.1483 0.8554 0.4963
vn 0.7223 0.5548 -0.4129
vn 0.0074 0.8818 -0.4716
vn 0.6765 0.5012 0.5396
vn 0.0633 -0.9618 -0.2662
vn -0.0232 -0.9991 0.0345
vn -0.0670 -0.9967 0.0456
vn -0.0497 -0.9662 -0.2529
vn -0.5172 -0.6539 -0.5522
vn -0.3037 -0.8132 -0.4964
vn -0.2899 -0.8390 -0.4604
vn -0.5501 -0.7192 -0.4245
vn -0.7957 -0.5496 0.2546
vn -0.7725 -0.6300 -0.0796
vn -0.7406 -0.6669 -0.0824
vn -0.7133 -0.6720 0.1990
vn -0.2160 -0.8539 0.4734
vn -0.4479 -0.7909 0.4169
vn -0.4462 -0.8078 0.3851
vn -0.2265 -0.9116 0.3431
vn 0.1091 -0.9913 0.0738
vn -0.2259 -0.7564 -0.6138
vn -0.8289 -0.5314 -0.1750
vn -0.4913 -0.6857 0.5371
vn -0.4876 -0.8694 0.0803
vn -0.7116 -0.6632 -0.2318
vn -0.3330 -0.9428 -0.0116
vn -0.5829 -0.7623 0.2813
vn -0.3812 -0.9040 -0.1935
vn -0.0866 -0.9793 0.1827
vn -0.4582 -0.8876 -0.0470
vn -0.2032 -0.8937 -0.3999
vn 0.1481 -0.8555 -0.4962
vn -0.7221 -0.5551 0.4128
vn -0.0075 -0.8819 0.4714
vn -0.6757 -0.4955 -0.5459
vn 0.7268 0.6472 0.2300
vn 0.8636 0.3633 0.3496
vn 0.6064 -0.3027 -0.7352
vn 0.8231 0.0742 -0.5630
vn -0.1767 -0.7912 -0.5855
vn 0.0167 -0.6260 -0.7797
vn -0.8068 -0.1130 -0.5799
vn -0.2974 0.4684 0.8319
vn -0.8746 -0.4825 -0.0474
vn -0.3703 0.7068 0.6027
vn 0.6443 0.4470 -0.6206
vn -0.7432 -0.4853 0.4605
vn 0.0722 0.6330 0.7708
vn -0.5366 -0.8376 0.1021
vn -0.4117 -0.7242 0.5532
vn -0.3564 -0.7478 0.5601
vn -0.3162 -0.9391 0.1345
vn 0.0696 0.9605 -0.2694
vn 0.2142 0.7400 -0.6376
vn 0.3355 0.7449 -0.5766
vn 0.2973 0.9440 -0.1430
vn -0.5768 -0.5801 0.5751
vn -0.2061 -0.7549 0.6226
vn -0.2093 -0.8197 0.5331
vn -0.6291 -0.6877 0.3622
vn 0.5761 0.8026 -0.1548
vn 0.2132 0.8827 -0.4188
vn 0.1997 0.8282 -0.5236
vn 0.6290 0.6936 -0.3512
vn -0.0947 -0.6383 0.7640
vn -0.2323 -0.8838 0.4062
vn -0.3287 -0.8704 0.3665
vn -0.3213 -0.5878 0.7425
vn 0.5471 0.5702 -0.6128
vn 0.4375 0.8432 -0.3124
vn 0.3421 0.8727 -0.3484
vn 0.3345 0.5859 -0.7381
vn -0.0175 -0.9392 0.3430
vn -0.4448 -0.8329 0.3293
vn -0.4249 -0.7824 0.4553
vn 0.0273 -0.8286 0.5592
vn 0.0203 0.6721 -0.7402
vn 0.4349 0.7242 -0.5351
vn 0.4358 0.7710 -0.4644
vn -0.0285 0.8206 -0.5708
vn -0.2866 -0.9572 0.0415
vn 0.2866 0.9571 -0.0416
vn -0.6989 -0.6573 0.2820
vn 0.6988 0.6573 -0.2822
vn -0.2880 -0.5139 0.8081
vn 0.2881 0.5139 -0.8080
vn 0.1245 -0.8139 0.5675
vn -0.1245 0.8139 -0.5675
vn 0.3593 -0.7480 0.5580
vn 0.2340 -0.3917 0.8898
vn -0.2594 -0.2979 0.9187
vn -0.3198 -0.8203 0.4741
vn 0.7543 0.2610 -0.6024
vn -0.2224 -0.3274 -0.9183
vn -0.1695 0.3669 -0.9147
vn -0.9118 0.4057 -0.0637
vn -0.2793 0.9539 -0.1099
vn 0.3115 0.5346 0.7856
vn 0.6319 0.7389 0.2340
vn 0.9734 -0.2293 0.0021
vn -0.3837 -0.8178 0.4290
vn -0.2821 -0.9508 0.1280
vn -0.3144 -0.8232 0.4728
vn 0.0438 -0.8364 0.5464
vn -0.2965 -0.7877 0.5401
vn -0.3322 -0.5712 0.7506
vn -0.3271 -0.8143 0.4796
vn -0.6433 -0.6791 0.3534
vn -0.7589 -0.1477 0.6342
vn -0.8487 -0.5024 0.1655
vn -0.6615 -0.7046 -0.2569
vn -0.2287 -0.9532 -0.1977
vn 0.3338 -0.9426 -0.0039
vn -0.5585 -0.8165 0.1461
vn 0.5547 0.5752 -0.6013
vn -0.0437 -0.6581 0.7517
vn 0.0413 0.9474 -0.3174
vn -0.0403 -0.9472 0.3180
vn 0.5683 0.8128 -0.1278
vn -0.5685 -0.5811 0.5824
vn 0.0763 0.6547 -0.7520
vn 0.3629 0.4147 -0.8345
vn 0.3352 0.5153 -0.7887
vn 0.5694 0.5567 -0.6049
vn 0.5780 0.5194 -0.6294
vn -0.2298 0.7534 -0.6161
vn -0.1088 0.8192 -0.5630
vn 0.0234 0.6522 -0.7576
vn -0.0229 0.6500 -0.7596
vn 0.2135 0.9736 0.0809
vn 0.2728 0.9601 -0.0616
vn 0.0498 0.9707 -0.2352
vn 0.0198 0.9798 -0.1988
vn 0.7563 0.6305 -0.1745
vn 0.6875 0.6633 -0.2954
vn 0.5826 0.8036 -0.1217
vn 0.5963 0.7979 -0.0886
vn 0.6501 0.4024 -0.6446
vn -0.1149 0.5499 -0.8273
vn -0.1267 0.9764 -0.1748
vn 0.6118 0.7874 0.0758
vn 0.8171 0.5313 -0.2238
vn 0.7849 0.0392 -0.6184
vn 0.2872 0.3279 -0.9000
vn -0.3750 0.2119 -0.9025
vn -0.3314 0.7799 -0.5310
vn -0.4220 0.8985 0.1213
vn 0.2740 0.9496 0.1519
vn 0.6933 0.6242 0.3601
vn 0.1614 0.2797 -0.9464
vn 0.3636 0.9175 0.1610
vn 0.8448 0.4635 -0.2674
vn -0.3623 0.8158 -0.4509
vn -0.3629 -0.4147 0.8344
vn -0.5780 -0.5194 0.6293
vn -0.5695 -0.5566 0.6049
vn -0.3353 -0.5153 0.7887
vn 0.2299 -0.7534 0.6160
vn 0.0229 -0.6500 0.7596
vn -0.0235 -0.6523 0.7576
vn 0.1094 -0.8191 0.5631
vn -0.2161 -0.9726 -0.0857
vn -0.0195 -0.9802 0.1973
vn -0.0496 -0.9708 0.2347
vn -0.2726 -0.9602 0.0612
vn -0.7564 -0.6304 0.1745
vn -0.5964 -0.7978 0.0888
vn -0.5827 -0.8035 0.1217
vn -0.6876 -0.6634 0.2953
vn -0.6501 -0.4024 0.6445
vn 0.1151 -0.5499 0.8273
vn 0.1272 -0.9762 0.1755
vn -0.6119 -0.7873 -0.0757
vn -0.3744 -0.8588 0.3498
vn 0.0541 -0.9383 0.3416
vn -0.4019 -0.7580 0.5137
vn -0.4312 -0.8953 0.1119
vn -0.2272 -0.7737 0.5915
vn -0.6552 -0.5700 0.4957
vn -0.3001 -0.8376 0.4565
vn -0.1299 -0.6066 0.7843
vn -0.1615 -0.2797 0.9464
vn -0.3637 -0.9175 -0.1610
vn -0.8448 -0.4635 0.2674
vn 0.3703 -0.8118 0.4515
vn 0.0736 0.9590 -0.2736
vn -0.1267 0.8451 -0.5194
vn -0.9202 0.2383 0.3105
vn -0.7327 0.6513 0.1973
vn -0.6739 -0.6629 0.3261
vn -0.7842 -0.4016 0.4730
vn 0.1336 -0.6154 0.7768
vn 0.8828 0.0915 -0.4607
vn 0.2086 -0.9521 0.2236
vn 0.9622 0.2215 -0.1581
vn -0.4203 0.7974 0.4330
vn 0.3786 -0.8856 -0.2689
vn 0.7304 0.4686 -0.4970
vn -0.1437 -0.9785 -0.1477
vn 0.0739 -0.8310 -0.5513
vn 0.0289 -0.8099 -0.5859
vn -0.3249 -0.8995 -0.2922
vn 0.4213 0.7495 0.5106
vn 0.0144 0.7088 0.7052
vn -0.0261 0.7940 0.6074
vn 0.3351 0.8903 0.3084
vn 0.2745 -0.8435 -0.4617
vn -0.0359 -0.7132 -0.7001
vn -0.1186 -0.7578 -0.6416
vn 0.1342 -0.9473 -0.2908
vn 0.0719 0.9833 0.1672
vn 0.2118 0.8005 0.5606
vn 0.1346 0.7567 0.6397
vn -0.1250 0.9509 0.2830
vn 0.0386 -0.5586 -0.8285
vn -0.2071 -0.8140 -0.5427
vn -0.1599 -0.8696 -0.4672
vn 0.1971 -0.6790 -0.7072
vn -0.2813 0.8175 0.5026
vn 0.1036 0.9232 0.3700
vn 0.1621 0.8797 0.4470
vn -0.2041 0.6867 0.6977
vn -0.4033 -0.7014 -0.5877
vn -0.0843 -0.9218 -0.3785
vn -0.0028 -0.8775 -0.4796
vn -0.2551 -0.6008 -0.7576
vn 0.0395 0.5301 0.8470
vn -0.0787 0.8464 0.5267
vn -0.0155 0.8773 0.4797
vn 0.2450 0.5947 0.7657
vn -0.4000 -0.8876 -0.2285
vn 0.4000 0.8876 0.2285
vn 0.1560 -0.9703 -0.1848
vn -0.1560 0.9703 0.1848
vn 0.2552 -0.6060 -0.7534
vn -0.2551 0.6060 0.7535
vn -0.3009 -0.5231 -0.7974
vn 0.3009 0.5231 0.7974
vn -0.4078 -0.3117 -0.8582
vn 0.0541 -0.1587 -0.9858
vn 0.4264 -0.4365 -0.7922
vn -0.0808 -0.8326 -0.5479
vn -0.5941 0.7394 0.3166
vn -0.5220 -0.3474 0.7790
vn -0.1210 0.1871 0.9749
vn 0.7751 -0.3404 0.5324
vn 0.7082 0.4949 0.5036
vn 0.5310 0.5638 -0.6326
vn 0.1905 0.9585 -0.2119
vn -0.7334 0.5122 -0.4470
vn -0.0627 -0.8728 -0.4840
vn -0.3562 -0.8838 -0.3033
vn -0.0866 -0.8307 -0.5499
vn -0.2762 -0.5943 -0.7553
vn -0.0424 -0.7959 -0.6040
vn 0.2179 -0.6752 -0.7047
vn -0.0701 -0.8335 -0.5481
vn 0.1439 -0.9506 -0.2750
vn 0.6829 -0.6636 -0.3056
vn 0.2851 -0.9582 0.0233
vn -0.1624 -0.9535 0.2539
vn -0.5503 -0.8338 -0.0433
vn -0.7909 -0.4437 -0.4215
vn -0.0955 -0.9806 -0.1710
vn -0.2770 0.8259 0.4911
vn -0.0112 -0.5368 -0.8436
vn 0.4067 0.7225 0.5591
vn -0.4071 -0.7221 -0.5594
vn 0.0965 0.9840 0.1500
vn 0.2724 -0.8388 -0.4714
vn -0.0111 0.5571 0.8304
vn -0.3753 0.5883 0.7163
vn -0.2734 0.6390 0.7190
vn -0.2994 0.8230 0.4828
vn -0.3396 0.8034 0.4890
vn 0.3034 0.4087 0.8608
vn 0.2970 0.5377 0.7891
vn 0.0167 0.5188 0.8547
vn 0.0424 0.4851 0.8734
vn 0.5151 0.8429 0.1556
vn 0.4003 0.8810 0.2521
vn 0.4566 0.7415 0.4916
vn 0.4985 0.7254 0.4745
vn -0.1544 0.9861 0.0610
vn -0.1520 0.9674 0.2026
vn 0.0850 0.9870 0.1363
vn 0.0894 0.9909 0.1006
vn -0.4637 0.7703 0.4377
vn 0.0027 0.3523 0.9359
vn 0.5973 0.6200 0.5088
vn 0.1547 0.9866 -0.0514
vn -0.2775 0.9595 0.0491
vn -0.7586 0.6022 0.2487
vn -0.4157 0.4761 0.7749
vn -0.0865 -0.0675 0.9940
vn 0.4236 0.3533 0.8341
vn 0.8747 0.3454 0.3399
vn 0.4985 0.8646 0.0629
vn 0.1443 0.9132 -0.3810
vn -0.3920 0.3563 0.8481
vn 0.4285 0.9035 0.0108
vn -0.3577 0.9322 0.0553
vn 0.5044 0.3535 0.7877
vn 0.3753 -0.5882 -0.7163
vn 0.3397 -0.8033 -0.4892
vn 0.2993 -0.8230 -0.4828
vn 0.2734 -0.6389 -0.7191
vn -0.3034 -0.4088 -0.8608
vn -0.0423 -0.4851 -0.8735
vn -0.0167 -0.5188 -0.8547
vn -0.2972 -0.5371 -0.7894
vn -0.5152 -0.8439 -0.1495
vn -0.4996 -0.7257 -0.4731
vn -0.4571 -0.7414 -0.4913
vn -0.4007 -0.8809 -0.2520
vn 0.1545 -0.9861 -0.0610
vn -0.0893 -0.9909 -0.1007
vn -0.0849 -0.9870 -0.1363
vn 0.1518 -0.9674 -0.2027
vn 0.4637 -0.7702 -0.4378
vn -0.0026 -0.3523 -0.9359
vn -0.5972 -0.6197 -0.5092
vn -0.1547 -0.9866 0.0514
vn -0.1329 -0.8923 -0.4315
vn -0.4471 -0.6510 -0.6135
vn 0.0272 -0.8467 -0.5314
vn -0.2389 -0.9470 -0.2148
vn -0.0503 -0.7399 -0.6709
vn 0.2889 -0.8873 -0.3594
vn -0.1125 -0.8302 -0.5460
vn 0.0899 -0.5613 -0.8227
vn 0.3923 -0.3560 -0.8481
vn -0.4287 -0.9034 -0.0106
vn 0.3576 -0.9322 -0.0557
vn -0.5065 -0.3450 -0.7902
vn 0.8977 0.4149 -0.1480
vn 0.5303 0.7232 0.4424
vn 0.1231 0.3194 0.9396
vn 0.1113 -0.5133 0.8510
vn 0.5016 -0.8159 0.2875
vn 0.8785 -0.4188 -0.2298
vn -0.4210 -0.5760 0.7008
vn 0.1252 -0.9921 0.0079
vn -0.5332 0.4819 0.6953
vn -0.1012 0.9947 0.0169
vn 0.4349 0.6027 -0.6690
vn 0.5647 -0.4598 -0.6853
vn -0.3829 -0.5521 0.7406
vn 0.2478 -0.9640 0.0962
vn -0.6233 0.4863 0.6123
vn -0.2391 0.9668 -0.0898
vn 0.3445 0.6023 -0.7201
vn 0.6269 -0.4310 -0.6490
vn -0.2980 -0.5146 0.8040
vn 0.4201 -0.8779 0.2297
vn -0.7249 0.4412 0.5290
vn -0.4121 0.8833 -0.2233
vn 0.2367 0.5564 -0.7965
vn 0.7103 -0.3932 -0.5838
vn -0.6102 -0.6415 0.4650
vn 0.0268 -0.9899 0.1393
vn -0.9984 -0.0569 -0.0024
vn -0.7205 0.1204 -0.6829
vn -0.0529 -0.1888 -0.9806
vn 0.3235 -0.7982 -0.5081
vn -0.4012 0.9159 -0.0092
vn -0.4555 0.8865 0.0817
vn -0.3185 0.9287 0.1897
vn -0.2586 0.9610 0.0979
vn -0.2921 0.9559 0.0324
vn -0.2012 0.9739 -0.1055
vn -0.3174 0.9281 -0.1946
vn -0.4147 0.9082 -0.0558
vn -0.5987 0.7810 -0.1776
vn -0.4540 0.8893 -0.0554
vn -0.3601 0.9144 -0.1848
vn -0.5114 0.8035 -0.3047
vn -0.5028 0.8343 -0.2261
vn -0.3397 0.9404 0.0177
vn -0.3335 0.9295 -0.1576
vn -0.5238 0.7618 -0.3811
vn -0.3462 0.9193 -0.1872
vn -0.1801 0.9419 -0.2836
vn -0.2977 0.8363 -0.4604
vn -0.5324 0.7882 -0.3085
vn -0.5851 0.8105 -0.0275
vn -0.6296 0.7749 0.0556
vn -0.5151 0.8409 0.1662
vn -0.0528 0.9447 -0.3237
vn -0.1732 0.8812 -0.4399
vn -0.2172 0.9016 -0.3741
vn -0.0679 0.9742 -0.2153
vn 0.1265 0.9513 -0.2810
vn 0.2167 0.8920 -0.3966
vn 0.1232 0.8678 -0.4814
vn 0.0059 0.9318 -0.3630
vn -0.1925 0.9800 -0.0512
vn -0.1672 0.9026 -0.3967
vn -0.3012 0.8315 -0.4669
vn -0.3064 0.8663 -0.3945
vn -0.0812 0.9653 -0.2481
vn -0.1780 0.9617 -0.2083
vn -0.1847 0.8164 -0.5471
vn -0.3834 0.7394 -0.5535
vn -0.3803 0.6714 -0.6360
vn -0.2844 0.9551 0.0829
vn -0.2749 0.8559 -0.4380
vn -0.3450 0.8129 -0.4692
vn -0.3096 0.8939 -0.3242
vn -0.4560 0.7824 -0.4241
vn -0.5307 0.8395 -0.1164
vn -0.3746 0.8840 0.2798
vn -0.1860 0.9063 -0.3796
vn -0.4895 0.6607 -0.5691
vn -0.1682 0.9789 0.1158
vn -0.0748 0.9971 -0.0131
vn 0.0201 0.8256 -0.5639
vn -0.0967 0.8864 -0.4526
vn 0.4012 -0.9159 0.0092
vn 0.2586 -0.9610 -0.0979
vn 0.3185 -0.9287 -0.1897
vn 0.4555 -0.8865 -0.0817
vn 0.2921 -0.9559 -0.0324
vn 0.4147 -0.9082 0.0558
vn 0.3174 -0.9281 0.1946
vn 0.2012 -0.9739 0.1055
vn 0.5987 -0.7810 0.1776
vn 0.5114 -0.8035 0.3047
vn 0.3601 -0.9144 0.1848
vn 0.4540 -0.8893 0.0554
vn 0.5028 -0.8343 0.2261
vn 0.5238 -0.7618 0.3811
vn 0.3335 -0.9295 0.1576
vn 0.3397 -0.9404 -0.0177
vn 0.3462 -0.9193 0.1872
vn 0.5324 -0.7883 0.3085
vn 0.2977 -0.8363 0.4604
vn 0.1801 -0.9419 0.2836
vn 0.5851 -0.8105 0.0275
vn 0.5151 -0.8409 -0.1662
vn 0.6296 -0.7749 -0.0556
vn 0.0528 -0.9447 0.3237
vn 0.0678 -0.9742 0.2153
vn 0.2172 -0.9016 0.3740
vn 0.1731 -0.8812 0.4399
vn -0.1265 -0.9513 0.2810
vn -0.0059 -0.9318 0.3630
vn -0.1232 -0.8678 0.4814
vn -0.2167 -0.8920 0.3966
vn 0.1925 -0.9800 0.0512
vn 0.1672 -0.9026 0.3967
vn 0.0812 -0.9653 0.2481
vn 0.3064 -0.8663 0.3945
vn 0.3012 -0.8315 0.4669
vn 0.1780 -0.9617 0.2083
vn 0.1847 -0.8164 0.5471
vn 0.3803 -0.6714 0.6360
vn 0.3834 -0.7394 0.5535
vn 0.2844 -0.9551 -0.0829
vn 0.3450 -0.8129 0.4692
vn 0.2749 -0.8559 0.4380
vn 0.3096 -0.8939 0.3242
vn 0.4560 -0.7824 0.4241
vn 0.5307 -0.8395 0.1164
vn 0.3746 -0.8840 -0.2798
vn 0.1860 -0.9063 0.3796
vn 0.4895 -0.6607 0.5691
vn 0.1682 -0.9789 -0.1158
vn 0.0748 -0.9971 0.0131
vn 0.0967 -0.8865 0.4526
vn -0.0201 -0.8256 0.5639
vn -0.3922 0.9159 -0.0849
vn -0.4627 0.8865 -0.0060
vn -0.3486 0.9287 0.1261
vn -0.2724 0.9610 0.0472
vn -0.5693 0.8105 -0.1377
vn -0.6288 0.7749 -0.0645
vn -0.5372 0.8409 0.0658
vn -0.4991 0.8395 -0.2147
vn -0.4208 0.8840 0.2039
vn 0.3922 -0.9159 0.0849
vn 0.2724 -0.9610 -0.0472
vn 0.3486 -0.9287 -0.1261
vn 0.4627 -0.8865 0.0060
vn 0.5693 -0.8105 0.1377
vn 0.5372 -0.8409 -0.0658
vn 0.6288 -0.7749 0.0645
vn 0.4991 -0.8395 0.2147
vn 0.4208 -0.8840 -0.2039
s 1
f 1/1/1 2/2/2 3/3/3
f 3/3/3 4/4/4 1/1/1
f 5/5/5 1/1/1 4/4/4
f 4/4/4 6/6/6 5/5/5
f 7/7/7 5/8/5 6/9/6
f 6/9/6 8/10/8 7/7/7
f 9/11/9 7/7/7 8/10/8
f 8/10/8 10/12/10 9/11/9
f 11/13/11 9/11/9 10/12/10
f 10/12/10 12/14/12 11/13/11
f 2/2/2 11/13/11 12/14/12
f 12/14/12 3/3/3 2/2/2
f 13/15/13 2/2/2 1/1/1
f 1/1/1 14/16/14 13/15/13
f 14/16/14 1/1/1 5/5/5
f 5/5/5 15/17/15 14/16/14
f 15/18/15 5/8/5 7/7/7
f 7/7/7 16/19/16 15/18/15
f 16/19/16 7/7/7 9/11/9
f 9/11/9 17/20/17 16/19/16
f 17/20/17 9/11/9 11/13/11
f 11/13/11 18/21/18 17/20/17
f 18/21/18 11/13/11 2/2/2
f 2/2/2 13/15/13 18/21/18
f 19/22/19 20/23/20 21/24/21
f 21/24/21 22/25/22 19/22/19
f 21/24/21 23/26/23 24/27/24
f 24/27/24 22/25/22 21/24/21
f 23/28/23 25/29/25 26/30/26
f 26/30/26 24/31/24 23/28/23
f 25/29/25 27/32/27 28/33/28
f 28/33/28 26/30/26 25/29/25
f 27/32/27 29/34/29 30/35/30
f 30/35/30 28/33/28 27/32/27
f 29/34/29 20/23/20 19/22/19
f 19/22/19 30/35/30 29/34/29
f 31/36/31 32/37/32 33/38/33
f 33/38/33 34/39/34 31/36/31
f 35/40/35 31/36/31 34/39/34
f 34/39/34 36/41/36 35/40/35
f 37/42/37 35/43/35 36/44/36
f 36/44/36 38/45/38 37/42/37
f 39/46/39 37/42/37 38/45/38
f 38/45/38 40/47/40 39/46/39
f 41/48/41 39/46/39 40/47/40
f 40/47/40 42/49/42 41/48/41
f 32/37/32 41/48/41 42/49/42
f 42/49/42 33/38/33 32/37/32
f 43/50/43 44/51/44 45/52/45
f 45/52/45 46/53/46 43/50/43
f 44/51/44 47/54/47 48/55/48
f 48/55/48 45/52/45 44/51/44
f 47/56/47 49/57/49 50/58/50
f 50/58/50 48/59/48 47/56/47
f 49/57/49 51/60/51 52/61/52
f 52/61/52 50/58/50 49/57/49
f 51/60/51 53/62/53 54/63/54
f 54/63/54 52/61/52 51/60/51
f 53/62/53 43/50/43 46/53/46
f 46/53/46 54/63/54 53/62/53
f 34/39/34 33/38/33 19/22/19
f 19/22/19 22/25/22 34/39/34
f 36/41/36 34/39/34 22/25/22
f 22/25/22 24/27/24 36/41/36
f 38/45/38 36/44/36 24/31/24
f 24/31/24 26/30/26 38/45/38
f 40/47/40 38/45/38 26/30/26
f 26/30/26 28/33/28 40/47/40
f 42/49/42 40/47/40 28/33/28
f 28/33/28 30/35/30 42/49/42
f 33/38/33 42/49/42 30/35/30
f 30/35/30 19/22/19 33/38/33
f 55/64/55 32/37/32 31/36/31
f 55/65/55 31/36/31 35/40/35
f 55/64/55 35/43/35 37/42/37
f 55/64/55 37/42/37 39/46/39
f 55/64/55 39/46/39 41/48/41
f 55/64/55 41/48/41 32/37/32
f 14/16/14 44/51/44 43/50/43
f 43/50/43 13/15/13 14/16/14
f 15/17/15 47/54/47 44/51/44
f 44/51/44 14/16/14 15/17/15
f 16/19/16 49/57/49 47/56/47
f 47/56/47 15/18/15 16/19/16
f 17/20/17 51/60/51 49/57/49
f 49/57/49 16/19/16 17/20/17
f 18/21/18 53/62/53 51/60/51
f 51/60/51 17/20/17 18/21/18
f 13/15/13 43/50/43 53/62/53
f 53/62/53 18/21/18 13/15/13
f 45/52/45 21/24/21 20/23/20
f 20/23/20 46/53/46 45/52/45
f 48/55/48 23/26/23 21/24/21
f 21/24/21 45/52/45 48/55/48
f 50/58/50 25/29/25 23/28/23
f 23/28/23 48/59/48 50/58/50
f 52/61/52 27/32/27 25/29/25
f 25/29/25 50/58/50 52/61/52
f 54/63/54 29/34/29 27/32/27
f 27/32/27 52/61/52 54/63/54
f 46/53/46 20/23/20 29/34/29
f 29/34/29 54/63/54 46/53/46
s 2
f 56/66/56 57/67/57 58/68/58
f 58/68/58 59/69/58 56/66/56
s 3
f 60/70/59 61/71/60 62/72/61
f 62/72/61 63/73/62 64/74/63
f 60/70/59 62/72/61 64/74/63
f 60/70/59 64/74/63 65/75/64
f 66/76/65 67/77/66 64/74/63
f 64/74/63 63/73/62 66/76/65
f 68/78/67 66/79/65 63/80/62
f 63/80/62 62/81/61 68/78/67
f 69/82/68 68/78/67 62/81/61
f 62/81/61 61/71/60 69/82/68
f 70/83/69 69/82/68 61/71/60
f 61/71/60 60/84/59 70/83/69
f 71/85/70 70/83/69 60/84/59
f 60/84/59 65/86/64 71/85/70
f 67/77/66 71/85/70 65/86/64
f 65/86/64 64/74/63 67/77/66
f 72/87/71 73/88/72 67/77/66
f 67/77/66 66/76/65 72/87/71
f 74/89/73 72/90/71 66/79/65
f 66/79/65 68/78/67 74/89/73
f 75/91/74 74/89/73 68/78/67
f 68/78/67 69/82/68 75/91/74
f 76/92/75 75/91/74 69/82/68
f 69/82/68 70/83/69 76/92/75
f 77/93/76 76/92/75 70/83/69
f 70/83/69 71/85/70 77/93/76
f 73/88/72 77/93/76 71/85/70
f 71/85/70 67/77/66 73/88/72
f 78/94/77 79/95/78 73/88/72
f 73/88/72 72/87/71 78/94/77
f 80/96/79 78/97/77 72/90/71
f 72/90/71 74/89/73 80/96/79
f 81/98/80 80/96/79 74/89/73
f 74/89/73 75/91/74 81/98/80
f 82/99/81 81/98/80 75/91/74
f 75/91/74 76/92/75 82/99/81
f 83/100/82 82/99/81 76/92/75
f 76/92/75 77/93/76 83/100/82
f 79/95/78 83/100/82 77/93/76
f 77/93/76 73/88/72 79/95/78
f 84/101/83 85/102/84 79/95/78
f 79/95/78 78/94/77 84/101/83
f 86/103/85 84/104/83 78/97/77
f 78/97/77 80/96/79 86/103/85
f 87/105/86 86/103/85 80/96/79
f 80/96/79 81/98/80 87/105/86
f 88/106/87 87/105/86 81/98/80
f 81/98/80 82/99/81 88/106/87
f 89/107/88 88/106/87 82/99/81
f 82/99/81 83/100/82 89/107/88
f 85/102/84 89/107/88 83/100/82
f 83/100/82 79/95/78 85/102/84
f 84/101/83 86/103/85 87/105/86
f 87/105/86 85/102/84 84/101/83
f 88/106/87 89/107/88 85/102/84
f 85/102/84 87/105/86 88/106/87
s 4
f 90/108/89 91/109/90 92/110/91
f 92/110/91 93/111/92 90/108/89
s 5
f 94/112/93 95/113/93 96/114/94
f 96/114/94 97/115/95 94/112/93
s 6
f 98/116/96 99/117/97 100/118/98
f 100/118/98 101/119/96 98/116/96
s 7
f 102/120/99 103/121/99 104/122/99
f 104/122/99 105/123/99 102/120/99
s 8
f 106/124/100 107/125/101 108/126/102
f 108/126/102 109/127/103 110/128/104
f 106/124/100 108/126/102 110/128/104
f 106/124/100 110/128/104 111/129/105
f 112/130/106 113/131/107 110/128/104
f 110/128/104 109/127/103 112/130/106
f 114/132/108 112/133/106 109/134/103
f 109/134/103 108/135/102 114/132/108
f 115/136/109 114/132/108 108/135/102
f 108/135/102 107/125/101 115/136/109
f 116/137/110 115/136/109 107/125/101
f 107/125/101 106/138/100 116/137/110
f 117/139/111 116/137/110 106/138/100
f 106/138/100 111/140/105 117/139/111
f 113/131/107 117/139/111 111/140/105
f 111/140/105 110/128/104 113/131/107
f 118/141/112 119/142/113 113/131/107
f 113/131/107 112/130/106 118/141/112
f 120/143/114 118/144/112 112/133/106
f 112/133/106 114/132/108 120/143/114
f 121/145/115 120/143/114 114/132/108
f 114/132/108 115/136/109 121/145/115
f 122/146/116 121/145/115 115/136/109
f 115/136/109 116/137/110 122/146/116
f 123/147/117 122/146/116 116/137/110
f 116/137/110 117/139/111 123/147/117
f 119/142/113 123/147/117 117/139/111
f 117/139/111 113/131/107 119/142/113
f 124/148/118 125/149/119 119/142/113
f 119/142/113 118/141/112 124/148/118
f 126/150/120 124/151/118 118/144/112
f 118/144/112 120/143/114 126/150/120
f 127/152/121 126/150/120 120/143/114
f 120/143/114 121/145/115 127/152/121
f 128/153/122 127/152/121 121/145/115
f 121/145/115 122/146/116 128/153/122
f 129/154/123 128/153/122 122/146/116
f 122/146/116 123/147/117 129/154/123
f 125/149/119 129/154/123 123/147/117
f 123/147/117 119/142/113 125/149/119
f 130/155/124 131/156/125 125/149/119
f 125/149/119 124/148/118 130/155/124
f 132/157/126 130/158/124 124/151/118
f 124/151/118 126/150/120 132/157/126
f 133/159/127 132/157/126 126/150/120
f 126/150/120 127/152/121 133/159/127
f 134/160/128 133/159/127 127/152/121
f 127/152/121 128/153/122 134/160/128
f 135/161/129 134/160/128 128/153/122
f 128/153/122 129/154/123 135/161/129
f 131/156/125 135/161/129 129/154/123
f 129/154/123 125/149/119 131/156/125
f 130/155/124 132/157/126 133/159/127
f 133/159/127 131/156/125 130/155/124
f 134/160/128 135/161/129 131/156/125
f 131/156/125 133/159/127 134/160/128
s 9
f 136/162/130 137/163/131 138/164/132
f 138/164/132 139/165/132 136/162/130
s 10
f 140/166/133 141/167/134 142/168/135
f 142/168/135 143/169/136 140/166/133
s 11
f 144/170/137 145/171/137 146/172/138
f 146/172/138 147/173/139 144/170/137
s 12
f 148/174/140 149/175/141 150/176/141
f 150/176/141 151/177/142 148/174/140
s 13
f 152/178/143 153/179/144 154/180/144
f 154/180/144 155/181/145 152/178/143
s 14
f 156/182/146 157/183/147 158/184/148
f 158/184/148 159/185/148 156/182/146
s 15
f 160/186/149 161/187/150 162/188/151
f 162/188/151 163/189/152 164/190/153
f 160/186/149 162/188/151 164/190/153
f 160/186/149 164/190/153 165/191/154
f 166/192/155 167/193/156 164/190/153
f 164/190/153 163/189/152 166/192/155
f 168/194/157 166/195/155 163/196/152
f 163/196/152 162/197/151 168/194/157
f 169/198/158 168/194/157 162/197/151
f 162/197/151 161/187/150 169/198/158
f 170/199/159 169/198/158 161/187/150
f 161/187/150 160/200/149 170/199/159
f 171/201/160 170/199/159 160/200/149
f 160/200/149 165/202/154 171/201/160
f 167/193/156 171/201/160 165/202/154
f 165/202/154 164/190/153 167/193/156
f 172/203/161 173/204/162 167/193/156
f 167/193/156 166/192/155 172/203/161
f 174/205/163 172/206/161 166/195/155
f 166/195/155 168/194/157 174/205/163
f 175/207/164 174/205/163 168/194/157
f 168/194/157 169/198/158 175/207/164
f 176/208/165 175/207/164 169/198/158
f 169/198/158 170/199/159 176/208/165
f 177/209/166 176/208/165 170/199/159
f 170/199/159 171/201/160 177/209/166
f 173/204/162 177/209/166 171/201/160
f 171/201/160 167/193/156 173/204/162
f 178/210/167 179/211/168 173/204/162
f 173/204/162 172/203/161 178/210/167
f 180/212/169 178/213/167 172/206/161
f 172/206/161 174/205/163 180/212/169
f 181/214/170 180/212/169 174/205/163
f 174/205/163 175/207/164 181/214/170
f 182/215/171 181/214/170 175/207/164
f 175/207/164 176/208/165 182/215/171
f 183/216/172 182/215/171 176/208/165
f 176/208/165 177/209/166 183/216/172
f 179/211/168 183/216/172 177/209/166
f 177/209/166 173/204/162 179/211/168
f 184/217/173 185/218/174 179/211/168
f 179/211/168 178/210/167 184/217/173
f 186/219/175 184/220/173 178/213/167
f 178/213/167 180/212/169 186/219/175
f 187/221/176 186/219/175 180/212/169
f 180/212/169 181/214/170 187/221/176
f 188/222/177 187/221/176 181/214/170
f 181/214/170 182/215/171 188/222/177
f 189/223/178 188/222/177 182/215/171
f 182/215/171 183/216/172 189/223/178
f 185/218/174 189/223/178 183/216/172
f 183/216/172 179/211/168 185/218/174
f 184/217/173 186/219/175 187/221/176
f 187/221/176 185/218/174 184/217/173
f 188/222/177 189/223/178 185/218/174
f 185/218/174 187/221/176 188/222/177
s 16
f 190/224/179 191/225/179 192/226/179
f 192/226/179 193/227/179 190/224/179
s 17
f 194/228/180 195/229/180 196/230/180
f 196/230/180 197/231/180 194/228/180
s 18
f 198/232/181 199/233/181 200/234/181
f 200/234/181 201/235/181 198/232/181
s 19
f 202/236/182 203/237/182 204/238/182
f 204/238/182 205/239/182 202/236/182
s 20
f 206/240/183 207/241/183 208/242/183
f 208/242/183 209/243/183 206/240/183
s 21
f 210/244/184 211/245/185 212/246/186
f 212/246/186 213/247/187 214/248/188
f 210/244/184 212/246/186 214/248/188
f 210/244/184 214/248/188 215/249/189
f 216/250/190 217/251/191 214/248/188
f 214/248/188 213/247/187 216/250/190
f 218/252/192 216/253/190 213/254/187
f 213/254/187 212/255/186 218/252/192
f 219/256/193 218/252/192 212/255/186
f 212/255/186 211/245/185 219/256/193
f 220/257/194 219/256/193 211/245/185
f 211/245/185 210/258/184 220/257/194
f 221/259/195 220/257/194 210/258/184
f 210/258/184 215/260/189 221/259/195
f 217/251/191 221/259/195 215/260/189
f 215/260/189 214/248/188 217/251/191
f 222/261/196 223/262/197 217/251/191
f 217/251/191 216/250/190 222/261/196
f 224/263/198 222/264/196 216/253/190
f 216/253/190 218/252/192 224/263/198
f 225/265/199 224/263/198 218/252/192
f 218/252/192 219/256/193 225/265/199
f 226/266/200 225/265/199 219/256/193
f 219/256/193 220/257/194 226/266/200
f 227/267/201 226/266/200 220/257/194
f 220/257/194 221/259/195 227/267/201
f 223/262/197 227/267/201 221/259/195
f 221/259/195 217/251/191 223/262/197
f 228/268/202 229/269/203 223/262/197
f 223/262/197 222/261/196 228/268/202
f 230/270/204 228/271/202 222/264/196
f 222/264/196 224/263/198 230/270/204
f 231/272/205 230/270/204 224/263/198
f 224/263/198 225/265/199 231/272/205
f 232/273/206 231/272/205 225/265/199
f 225/265/199 226/266/200 232/273/206
f 233/274/207 232/273/206 226/266/200
f 226/266/200 227/267/201 233/274/207
f 229/269/203 233/274/207 227/267/201
f 227/267/201 223/262/197 229/269/203
f 234/275/208 235/276/209 229/269/203
f 229/269/203 228/268/202 234/275/208
f 236/277/210 234/278/208 228/271/202
f 228/271/202 230/270/204 236/277/210
f 237/279/211 236/277/210 230/270/204
f 230/270/204 231/272/205 237/279/211
f 238/280/212 237/279/211 231/272/205
f 231/272/205 232/273/206 238/280/212
f 239/281/213 238/280/212 232/273/206
f 232/273/206 233/274/207 239/281/213
f 235/276/209 239/281/213 233/274/207
f 233/274/207 229/269/203 235/276/209
f 234/275/208 236/277/210 237/279/211
f 237/279/211 235/276/209 234/275/208
f 238/280/212 239/281/213 235/276/209
f 235/276/209 237/279/211 238/280/212
s 22
f 240/282/214 241/283/214 242/284/214
f 242/284/214 243/285/214 240/282/214
s 23
f 244/286/215 245/287/215 246/288/215
f 246/288/215 247/289/215 244/286/215
s 24
f 248/290/216 249/291/216 250/292/216
f 250/292/216 251/293/216 248/290/216
s 25
f 252/294/217 253/295/218 254/296/219
f 254/296/219 255/297/220 252/294/217
s 26
f 256/298/221 257/299/222 258/300/223
f 258/300/223 259/301/224 256/298/221
s 27
f 260/302/225 261/303/226 262/304/227
f 262/304/227 263/305/228 260/302/225
s 28
f 264/306/229 265/307/230 266/308/231
f 266/308/231 267/309/232 268/310/233
f 264/306/229 266/308/231 268/310/233
f 264/306/229 268/310/233 269/311/234
f 270/312/235 271/313/236 268/310/233
f 268/310/233 267/309/232 270/312/235
f 272/314/237 270/315/235 267/316/232
f 267/316/232 266/317/231 272/314/237
f 273/318/238 272/314/237 266/317/231
f 266/317/231 265/307/230 273/318/238
f 274/319/239 273/318/238 265/307/230
f 265/307/230 264/320/229 274/319/239
f 275/321/240 274/319/239 264/320/229
f 264/320/229 269/322/234 275/321/240
f 271/313/236 275/321/240 269/322/234
f 269/322/234 268/310/233 271/313/236
f 276/323/241 277/324/242 271/313/236
f 271/313/236 270/312/235 276/323/241
f 278/325/243 276/326/241 270/315/235
f 270/315/235 272/314/237 278/325/243
f 279/327/244 278/325/243 272/314/237
f 272/314/237 273/318/238 279/327/244
f 280/328/245 279/327/244 273/318/238
f 273/318/238 274/319/239 280/328/245
f 281/329/246 280/328/245 274/319/239
f 274/319/239 275/321/240 281/329/246
f 277/324/242 281/329/246 275/321/240
f 275/321/240 271/313/236 277/324/242
f 282/330/247 283/331/248 277/324/242
f 277/324/242 276/323/241 282/330/247
f 284/332/249 282/333/247 276/326/241
f 276/326/241 278/325/243 284/332/249
f 285/334/250 284/332/249 278/325/243
f 278/325/243 279/327/244 285/334/250
f 286/335/251 285/334/250 279/327/244
f 279/327/244 280/328/245 286/335/251
f 287/336/252 286/335/251 280/328/245
f 280/328/245 281/329/246 287/336/252
f 283/331/248 287/336/252 281/329/246
f 281/329/246 277/324/242 283/331/248
f 288/337/253 289/338/254 283/331/248
f 283/331/248 282/330/247 288/337/253
f 290/339/255 288/340/253 282/333/247
f 282/333/247 284/332/249 290/339/255
f 291/341/256 290/339/255 284/332/249
f 284/332/249 285/334/250 291/341/256
f 292/342/257 291/341/256 285/334/250
f 285/334/250 286/335/251 292/342/257
f 293/343/258 292/342/257 286/335/251
f 286/335/251 287/336/252 293/343/258
f 289/338/254 293/343/258 287/336/252
f 287/336/252 283/331/248 289/338/254
f 288/337/253 290/339/255 291/341/256
f 291/341/256 289/338/254 288/337/253
f 292/342/257 293/343/258 289/338/254
f 289/338/254 291/341/256 292/342/257
s 29
f 294/344/216 295/345/216 296/346/216
f 296/346/216 297/347/216 294/344/216
s 30
f 298/348/259 299/349/260 300/350/261
f 300/350/261 301/351/262 298/348/259
s 31
f 302/352/263 303/353/264 304/354/264
f 304/354/264 305/355/265 302/352/263
s 32
f 306/356/266 307/357/266 308/358/267
f 308/358/267 309/359/268 306/356/266
s 33
f 310/360/269 311/361/270 312/362/271
f 312/362/271 313/363/272 310/360/269
s 34
f 314/364/273 315/365/274 316/366/275
f 316/366/275 317/367/276 318/368/277
f 314/364/273 316/366/275 318/368/277
f 314/364/273 318/368/277 319/369/278
f 320/370/279 321/371/280 318/368/277
f 318/368/277 317/367/276 320/370/279
f 322/372/281 320/373/279 317/374/276
f 317/374/276 316/375/275 322/372/281
f 323/376/282 322/372/281 316/375/275
f 316/375/275 315/365/274 323/376/282
f 324/377/283 323/376/282 315/365/274
f 315/365/274 314/378/273 324/377/283
f 325/379/284 324/377/283 314/378/273
f 314/378/273 319/380/278 325/379/284
f 321/371/280 325/379/284 319/380/278
f 319/380/278 318/368/277 321/371/280
f 326/381/285 327/382/286 321/371/280
f 321/371/280 320/370/279 326/381/285
f 328/383/287 326/384/285 320/373/279
f 320/373/279 322/372/281 328/383/287
f 329/385/288 328/383/287 322/372/281
f 322/372/281 323/376/282 329/385/288
f 330/386/289 329/385/288 323/376/282
f 323/376/282 324/377/283 330/386/289
f 331/387/290 330/386/289 324/377/283
f 324/377/283 325/379/284 331/387/290
f 327/382/286 331/387/290 325/379/284
f 325/379/284 321/371/280 327/382/286
f 332/388/291 333/389/292 327/382/286
f 327/382/286 326/381/285 332/388/291
f 334/390/293 332/391/291 326/384/285
f 326/384/285 328/383/287 334/390/293
f 335/392/294 334/390/293 328/383/287
f 328/383/287 329/385/288 335/392/294
f 336/393/295 335/392/294 329/385/288
f 329/385/288 330/386/289 336/393/295
f 337/394/296 336/393/295 330/386/289
f 330/386/289 331/387/290 337/394/296
f 333/389/292 337/394/296 331/387/290
f 331/387/290 327/382/286 333/389/292
f 338/395/297 339/396/298 333/389/292
f 333/389/292 332/388/291 338/395/297
f 340/397/299 338/398/297 332/391/291
f 332/391/291 334/390/293 340/397/299
f 341/399/300 340/397/299 334/390/293
f 334/390/293 335/392/294 341/399/300
f 342/400/301 341/399/300 335/392/294
f 335/392/294 336/393/295 342/400/301
f 343/401/302 342/400/301 336/393/295
f 336/393/295 337/394/296 343/401/302
f 339/396/298 343/401/302 337/394/296
f 337/394/296 333/389/292 339/396/298
f 338/395/297 340/397/299 341/399/300
f 341/399/300 339/396/298 338/395/297
f 342/400/301 343/401/302 339/396/298
f 339/396/298 341/399/300 342/400/301
s 35
f 344/402/303 345/403/304 346/404/305
f 346/404/305 347/405/306 344/402/303
s 36
f 348/406/307 349/407/308 350/408/308
f 350/408/308 351/409/309 348/406/307
s 37
f 352/410/310 353/411/311 354/412/312
f 354/412/312 355/413/313 352/410/310
s 38
f 356/414/314 357/415/315 358/416/316
f 358/416/316 359/417/317 356/414/314
s 39
f 360/418/318 361/419/319 362/420/320
f 362/420/320 363/421/321 360/418/318
s 2
f 364/422/322 365/423/323 57/67/57
f 57/67/57 366/424/324 364/422/322
s 6
f 99/117/97 367/425/325 368/426/325
f 368/426/325 100/118/98 99/117/97
s 5
f 369/427/326 370/428/326 97/115/95
f 97/115/95 96/114/94 369/427/326
s 40
f 371/429/327 372/430/328 373/431/329
f 373/431/329 374/432/330 375/433/331
f 371/429/327 373/431/329 375/433/331
f 371/429/327 375/433/331 376/434/332
f 377/435/333 378/436/334 375/433/331
f 375/433/331 374/432/330 377/435/333
f 379/437/335 377/438/333 374/439/330
f 374/439/330 373/440/329 379/437/335
f 380/441/336 379/437/335 373/440/329
f 373/440/329 372/430/328 380/441/336
f 381/442/337 380/441/336 372/430/328
f 372/430/328 371/443/327 381/442/337
f 382/444/338 381/442/337 371/443/327
f 371/443/327 376/445/332 382/444/338
f 378/436/334 382/444/338 376/445/332
f 376/445/332 375/433/331 378/436/334
f 383/446/339 384/447/340 378/436/334
f 378/436/334 377/435/333 383/446/339
f 385/448/341 383/449/339 377/438/333
f 377/438/333 379/437/335 385/448/341
f 386/450/342 385/448/341 379/437/335
f 379/437/335 380/441/336 386/450/342
f 387/451/343 386/450/342 380/441/336
f 380/441/336 381/442/337 387/451/343
f 388/452/344 387/451/343 381/442/337
f 381/442/337 382/444/338 388/452/344
f 384/447/340 388/452/344 382/444/338
f 382/444/338 378/436/334 384/447/340
f 389/453/345 390/454/346 384/447/340
f 384/447/340 383/446/339 389/453/345
f 391/455/347 389/456/345 383/449/339
f 383/449/339 385/448/341 391/455/347
f 392/457/348 391/455/347 385/448/341
f 385/448/341 386/450/342 392/457/348
f 393/458/349 392/457/348 386/450/342
f 386/450/342 387/451/343 393/458/349
f 394/459/350 393/458/349 387/451/343
f 387/451/343 388/452/344 394/459/350
f 390/454/346 394/459/350 388/452/344
f 388/452/344 384/447/340 390/454/346
f 395/460/351 396/461/352 390/454/346
f 390/454/346 389/453/345 395/460/351
f 397/462/353 395/463/351 389/456/345
f 389/456/345 391/455/347 397/462/353
f 398/464/354 397/462/353 391/455/347
f 391/455/347 392/457/348 398/464/354
f 399/465/355 398/464/354 392/457/348
f 392/457/348 393/458/349 399/465/355
f 400/466/356 399/465/355 393/458/349
f 393/458/349 394/459/350 400/466/356
f 396/461/352 400/466/356 394/459/350
f 394/459/350 390/454/346 396/461/352
f 395/460/351 397/462/353 398/464/354
f 398/464/354 396/461/352 395/460/351
f 399/465/355 400/466/356 396/461/352
f 396/461/352 398/464/354 399/465/355
s 41
f 401/467/357 402/468/357 403/469/357
f 403/469/357 404/470/357 401/467/357
s 42
f 405/471/358 406/472/359 407/473/360
f 407/473/360 408/474/361 405/471/358
s 43
f 409/475/362 410/476/363 411/477/364
f 411/477/364 412/478/362 409/475/362
s 44
f 413/479/365 414/480/366 415/481/367
f 415/481/367 416/482/368 413/479/365
s 45
f 417/483/369 418/484/370 419/485/371
f 419/485/371 420/486/371 417/483/369
s 43
f 410/476/363 421/487/372 422/488/372
f 422/488/372 411/477/364 410/476/363
s 44
f 423/489/373 424/490/374 425/491/375
f 425/491/375 414/480/366 423/489/373
s 45
f 426/492/376 427/493/376 428/494/377
f 428/494/377 418/484/370 426/492/376
s 46
f 429/495/378 430/496/379 431/497/380
f 431/497/380 432/498/381 433/499/382
f 429/495/378 431/497/380 433/499/382
f 429/495/378 433/499/382 434/500/383
f 435/501/384 436/502/385 433/499/382
f 433/499/382 432/498/381 435/501/384
f 437/503/386 435/504/384 432/505/381
f 432/505/381 431/506/380 437/503/386
f 438/507/387 437/503/386 431/506/380
f 431/506/380 430/496/379 438/507/387
f 439/508/388 438/507/387 430/496/379
f 430/496/379 429/509/378 439/508/388
f 440/510/389 439/508/388 429/509/378
f 429/509/378 434/511/383 440/510/389
f 436/502/385 440/510/389 434/511/383
f 434/511/383 433/499/382 436/502/385
f 441/512/390 442/513/391 436/502/385
f 436/502/385 435/501/384 441/512/390
f 443/514/392 441/515/390 435/504/384
f 435/504/384 437/503/386 443/514/392
f 444/516/393 443/514/392 437/503/386
f 437/503/386 438/507/387 444/516/393
f 445/517/394 444/516/393 438/507/387
f 438/507/387 439/508/388 445/517/394
f 446/518/395 445/517/394 439/508/388
f 439/508/388 440/510/389 446/518/395
f 442/513/391 446/518/395 440/510/389
f 440/510/389 436/502/385 442/513/391
f 447/519/396 448/520/397 442/513/391
f 442/513/391 441/512/390 447/519/396
f 449/521/398 447/522/396 441/515/390
f 441/515/390 443/514/392 449/521/398
f 450/523/399 449/521/398 443/514/392
f 443/514/392 444/516/393 450/523/399
f 451/524/400 450/523/399 444/516/393
f 444/516/393 445/517/394 451/524/400
f 452/525/401 451/524/400 445/517/394
f 445/517/394 446/518/395 452/525/401
f 448/520/397 452/525/401 446/518/395
f 446/518/395 442/513/391 448/520/397
f 453/526/402 454/527/403 448/520/397
f 448/520/397 447/519/396 453/526/402
f 455/528/404 453/529/402 447/522/396
f 447/522/396 449/521/398 455/528/404
f 456/530/405 455/528/404 449/521/398
f 449/521/398 450/523/399 456/530/405
f 457/531/406 456/530/405 450/523/399
f 450/523/399 451/524/400 457/531/406
f 458/532/407 457/531/406 451/524/400
f 451/524/400 452/525/401 458/532/407
f 454/527/403 458/532/407 452/525/401
f 452/525/401 448/520/397 454/527/403
f 453/526/402 455/528/404 456/530/405
f 456/530/405 454/527/403 453/526/402
f 457/531/406 458/532/407 454/527/403
f 454/527/403 456/530/405 457/531/406
s 47
f 459/533/408 460/534/409 461/535/410
f 461/535/410 462/536/411 459/533/408
f 463/537/412 464/538/413 465/539/414
f 465/539/414 466/540/415 463/537/412
f 466/540/415 465/539/414 461/535/410
f 461/535/410 467/541/416 466/540/415
f 460/534/409 468/542/417 467/541/416
f 467/541/416 461/535/410 460/534/409
f 464/538/413 469/543/418 470/544/419
f 470/544/419 465/539/414 464/538/413
f 465/539/414 470/544/419 462/536/411
f 462/536/411 461/535/410 465/539/414
s 48
f 471/545/420 472/546/421 473/547/422
f 473/547/422 474/548/423 471/545/420
f 475/549/424 476/550/425 477/551/426
f 477/551/426 478/552/427 475/549/424
f 478/552/427 477/551/426 473/547/422
f 473/547/422 479/553/428 478/552/427
f 472/546/421 480/554/429 479/553/428
f 479/553/428 473/547/422 472/546/421
f 476/550/425 481/555/430 482/556/431
f 482/556/431 477/551/426 476/550/425
f 477/551/426 482/556/431 474/548/423
f 474/548/423 473/547/422 477/551/426
s 49
f 483/557/432 484/558/433 485/559/434
f 485/559/434 486/560/435 483/557/432
f 487/561/436 488/562/437 489/563/438
f 489/563/438 490/564/439 487/561/436
f 490/564/439 489/563/438 485/559/434
f 485/559/434 491/565/440 490/564/439
f 484/558/433 492/566/441 491/565/440
f 491/565/440 485/559/434 484/558/433
f 488/562/437 493/567/442 494/568/443
f 494/568/443 489/563/438 488/562/437
f 489/563/438 494/568/443 486/560/435
f 486/560/435 485/559/434 489/563/438
s 50
f 495/569/444 496/570/445 497/571/446
f 497/571/446 498/572/447 495/569/444
f 499/573/448 500/574/449 501/575/450
f 501/575/450 502/576/451 499/573/448
f 502/576/451 501/575/450 497/571/446
f 497/571/446 503/577/452 502/576/451
f 496/570/445 504/578/453 503/577/452
f 503/577/452 497/571/446 496/570/445
f 500/574/449 505/579/454 506/580/455
f 506/580/455 501/575/450 500/574/449
f 501/575/450 506/580/455 498/572/447
f 498/572/447 497/571/446 501/575/450
s 2
f 507/581/324 366/424/324 57/67/57
f 57/67/57 56/66/56 507/581/324
f 508/582/456 58/68/58 57/67/57
f 57/67/57 365/423/323 508/582/456
s 42
f 509/583/457 510/584/458 407/473/360
f 407/473/360 511/585/459 509/583/457
f 406/472/359 512/586/460 511/585/459
f 511/585/459 407/473/360 406/472/359
f 510/584/458 513/587/461 408/474/361
f 408/474/361 407/473/360 510/584/458
s 45
f 514/588/376 426/492/376 418/484/370
f 418/484/370 417/483/369 514/588/376
f 515/589/371 419/485/371 418/484/370
f 418/484/370 428/494/377 515/589/371
s 44
f 516/590/462 423/489/373 414/480/366
f 414/480/366 413/479/365 516/590/462
f 517/591/463 415/481/367 414/480/366
f 414/480/366 425/491/375 517/591/463
s 4
f 518/592/464 519/593/465 91/109/90
f 91/109/90 90/108/89 518/592/464
f 520/594/466 521/595/467 92/110/91
f 92/110/91 91/109/90 520/594/466
f 522/596/468 520/594/466 91/109/90
f 91/109/90 519/593/465 522/596/468
s 27
f 261/303/226 523/597/469 524/598/470
f 524/598/470 262/304/227 261/303/226
f 525/599/471 526/600/472 263/305/228
f 263/305/228 262/304/227 525/599/471
f 527/601/473 525/599/471 262/304/227
f 262/304/227 524/598/470 527/601/473
s 26
f 528/602/474 529/603/475 257/299/222
f 257/299/222 256/298/221 528/602/474
f 530/604/476 531/605/477 258/300/223
f 258/300/223 257/299/222 530/604/476
f 532/606/478 530/604/476 257/299/222
f 257/299/222 529/603/475 532/606/478
s 25
f 533/607/479 534/608/480 253/295/218
f 253/295/218 252/294/217 533/607/479
f 535/609/481 536/610/482 254/296/219
f 254/296/219 253/295/218 535/609/481
f 537/611/483 535/609/481 253/295/218
f 253/295/218 534/608/480 537/611/483
s 51
f 538/612/484 539/613/485 540/614/485
f 540/614/485 541/615/486 538/612/484
s 52
f 542/616/487 543/617/488 544/618/489
f 544/618/489 545/619/490 542/616/487
s 53
f 546/620/491 547/621/492 548/622/493
f 548/622/493 549/623/491 546/620/491
s 54
f 550/624/494 551/625/494 552/626/495
f 552/626/495 553/627/496 550/624/494
s 55
f 554/628/497 555/629/497 556/630/497
f 556/630/497 557/631/497 554/628/497
s 56
f 558/632/498 559/633/499 560/634/500
f 560/634/500 561/635/501 558/632/498
s 57
f 562/636/502 563/637/502 564/638/503
f 564/638/503 565/639/504 562/636/502
s 58
f 566/640/505 567/641/506 568/642/506
f 568/642/506 569/643/507 566/640/505
s 59
f 570/644/508 571/645/508 572/646/509
f 572/646/509 573/647/510 570/644/508
s 60
f 574/648/511 575/649/512 576/650/513
f 576/650/513 577/651/514 574/648/511
s 61
f 578/652/515 579/653/516 580/654/516
f 580/654/516 581/655/517 578/652/515
s 62
f 582/656/518 583/657/518 584/658/518
f 584/658/518 585/659/518 582/656/518
s 63
f 586/660/519 587/661/519 588/662/519
f 588/662/519 589/663/519 586/660/519
s 64
f 590/664/520 591/665/520 592/666/520
f 592/666/520 593/667/520 590/664/520
s 65
f 594/668/521 595/669/521 596/670/521
f 596/670/521 597/671/521 594/668/521
s 66
f 598/672/522 599/673/522 600/674/522
f 600/674/522 601/675/522 598/672/522
s 67
f 602/676/523 603/677/523 604/678/523
f 604/678/523 605/679/523 602/676/523
s 68
f 606/680/524 607/681/524 608/682/524
f 608/682/524 609/683/524 606/680/524
s 69
f 610/684/525 611/685/525 612/686/525
f 612/686/525 613/687/525 610/684/525
s 70
f 614/688/526 615/689/527 616/690/528
f 616/690/528 617/691/529 614/688/526
s 71
f 618/692/530 619/693/531 620/694/532
f 620/694/532 621/695/533 618/692/530
s 72
f 622/696/534 623/697/535 624/698/536
f 624/698/536 625/699/537 622/696/534
s 73
f 626/700/525 627/701/525 628/702/525
f 628/702/525 629/703/525 626/700/525
s 74
f 630/704/538 631/705/539 632/706/540
f 632/706/540 633/707/541 630/704/538
s 75
f 634/708/542 635/709/542 636/710/543
f 636/710/543 637/711/544 634/708/542
s 76
f 638/712/545 639/713/546 640/714/547
f 640/714/547 641/715/548 638/712/545
s 77
f 642/716/549 643/717/550 644/718/550
f 644/718/550 645/719/551 642/716/549
s 78
f 646/720/552 647/721/553 648/722/553
f 648/722/553 649/723/554 646/720/552
s 79
f 650/724/555 651/725/555 652/726/556
f 652/726/556 653/727/557 650/724/555
s 80
f 654/728/558 655/729/559 656/730/560
f 656/730/560 657/731/561 654/728/558
s 81
f 658/732/562 659/733/563 660/734/564
f 660/734/564 661/735/565 658/732/562
s 82
f 662/736/566 663/737/567 664/738/568
f 664/738/568 665/739/569 662/736/566
s 51
f 666/740/570 667/741/571 541/615/486
f 541/615/486 668/742/572 666/740/570
s 54
f 553/627/496 552/626/495 669/743/573
f 669/743/573 670/744/573 553/627/496
s 53
f 671/745/574 548/622/493 547/621/492
f 547/621/492 672/746/574 671/745/574
s 83
f 673/747/575 674/748/575 675/749/575
f 675/749/575 676/750/575 673/747/575
s 84
f 677/751/576 678/752/577 679/753/578
f 679/753/578 680/754/579 677/751/576
s 85
f 681/755/580 682/756/580 683/757/581
f 683/757/581 684/758/582 681/755/580
s 86
f 685/759/583 686/760/584 687/761/585
f 687/761/585 688/762/586 685/759/583
s 87
f 689/763/587 690/764/588 691/765/589
f 691/765/589 692/766/590 689/763/587
s 85
f 684/758/582 683/757/581 693/767/591
f 693/767/591 694/768/592 684/758/582
s 86
f 695/769/593 688/762/586 696/770/594
f 696/770/594 697/771/595 695/769/593
s 87
f 698/772/596 692/766/590 699/773/597
f 699/773/597 700/774/598 698/772/596
s 88
f 701/775/599 702/776/600 703/777/601
f 703/777/601 704/778/602 701/775/599
f 705/779/603 706/780/604 707/781/605
f 707/781/605 708/782/606 705/779/603
f 706/780/604 709/783/607 703/777/601
f 703/777/601 707/781/605 706/780/604
f 704/778/602 703/777/601 709/783/607
f 709/783/607 710/784/608 704/778/602
f 708/782/606 707/781/605 711/785/609
f 711/785/609 712/786/610 708/782/606
f 707/781/605 703/777/601 702/776/600
f 702/776/600 711/785/609 707/781/605
s 89
f 713/787/611 714/788/612 715/789/613
f 715/789/613 716/790/614 713/787/611
f 717/791/615 718/792/616 719/793/617
f 719/793/617 720/794/618 717/791/615
f 718/792/616 721/795/619 715/789/613
f 715/789/613 719/793/617 718/792/616
f 716/790/614 715/789/613 721/795/619
f 721/795/619 722/796/620 716/790/614
f 720/794/618 719/793/617 723/797/621
f 723/797/621 724/798/622 720/794/618
f 719/793/617 715/789/613 714/788/612
f 714/788/612 723/797/621 719/793/617
s 90
f 725/799/623 726/800/624 727/801/625
f 727/801/625 728/802/626 725/799/623
f 729/803/627 730/804/628 731/805/629
f 731/805/629 732/806/630 729/803/627
f 730/804/628 733/807/631 727/801/625
f 727/801/625 731/805/629 730/804/628
f 728/802/626 727/801/625 733/807/631
f 733/807/631 734/808/632 728/802/626
f 732/806/630 731/805/629 735/809/633
f 735/809/633 736/810/634 732/806/630
f 731/805/629 727/801/625 726/800/624
f 726/800/624 735/809/633 731/805/629
s 91
f 737/811/635 738/812/636 739/813/637
f 739/813/637 740/814/638 737/811/635
f 741/815/639 742/816/640 743/817/641
f 743/817/641 744/818/642 741/815/639
f 742/816/640 745/819/643 739/813/637
f 739/813/637 743/817/641 742/816/640
f 740/814/638 739/813/637 745/819/643
f 745/819/643 746/820/644 740/814/638
f 744/818/642 743/817/641 747/821/645
f 747/821/645 748/822/646 744/818/642
f 743/817/641 739/813/637 738/812/636
f 738/812/636 747/821/645 743/817/641
s 51
f 749/823/647 538/612/484 541/615/486
f 541/615/486 667/741/571 749/823/647
f 750/824/485 668/742/572 541/615/486
f 541/615/486 540/614/485 750/824/485
s 84
f 751/825/648 752/826/649 679/753/578
f 679/753/578 753/827/650 751/825/648
f 680/754/579 679/753/578 752/826/649
f 752/826/649 754/828/651 680/754/579
f 753/827/650 679/753/578 678/752/577
f 678/752/577 755/829/652 753/827/650
s 87
f 756/830/596 689/763/587 692/766/590
f 692/766/590 698/772/596 756/830/596
f 757/831/589 699/773/597 692/766/590
f 692/766/590 691/765/589 757/831/589
s 86
f 758/832/653 685/759/583 688/762/586
f 688/762/586 695/769/593 758/832/653
f 759/833/654 696/770/594 688/762/586
f 688/762/586 687/761/585 759/833/654
s 52
f 760/834/655 542/616/487 545/619/490
f 545/619/490 761/835/656 760/834/655
f 762/836/657 545/619/490 544/618/489
f 544/618/489 763/837/658 762/836/657
f 764/838/659 761/835/656 545/619/490
f 545/619/490 762/836/657 764/838/659
s 72
f 625/699/537 624/698/536 765/839/660
f 765/839/660 766/840/661 625/699/537
f 767/841/662 624/698/536 623/697/535
f 623/697/535 768/842/663 767/841/662
f 769/843/664 765/839/660 624/698/536
f 624/698/536 767/841/662 769/843/664
s 71
f 770/844/665 618/692/530 621/695/533
f 621/695/533 771/845/666 770/844/665
f 772/846/667 621/695/533 620/694/532
f 620/694/532 773/847/668 772/846/667
f 774/848/669 771/845/666 621/695/533
f 621/695/533 772/846/667 774/848/669
s 70
f 775/849/670 614/688/526 617/691/529
f 617/691/529 776/850/671 775/849/670
f 777/851/672 617/691/529 616/690/528
f 616/690/528 778/852/673 777/851/672
f 779/853/674 776/850/671 617/691/529
f 617/691/529 777/851/672 779/853/674
s 18
f 198/232/181 201/235/181 780/854/181
f 780/854/181 781/855/181 198/232/181
s 17
f 197/231/180 196/230/180 782/856/675
f 782/856/675 783/857/675 197/231/180
s 19
f 202/236/182 205/239/182 784/858/182
f 784/858/182 785/859/182 202/236/182
s 20
f 207/241/183 206/240/183 786/860/183
f 786/860/183 787/861/183 207/241/183
s 9
f 137/163/131 136/162/130 788/862/676
f 788/862/676 789/863/676 137/163/131
s 10
f 140/166/133 143/169/136 790/864/677
f 790/864/677 791/865/678 140/166/133
s 14
f 157/183/147 156/182/146 792/866/679
f 792/866/679 793/867/679 157/183/147
s 13
f 152/178/143 155/181/145 794/868/680
f 794/868/680 795/869/680 152/178/143
s 12
f 148/174/140 151/177/142 796/870/681
f 796/870/681 797/871/681 148/174/140
s 11
f 147/173/139 146/172/138 798/872/682
f 798/872/682 799/873/682 147/173/139
s 58
f 566/640/505 569/643/507 800/874/683
f 800/874/683 801/875/684 566/640/505
s 59
f 573/647/510 572/646/509 802/876/685
f 802/876/685 803/877/685 573/647/510
s 60
f 577/651/514 576/650/513 804/878/686
f 804/878/686 805/879/686 577/651/514
s 61
f 806/880/687 578/652/515 581/655/517
f 581/655/517 807/881/687 806/880/687
s 57
f 565/639/504 564/638/503 808/882/688
f 808/882/688 809/883/688 565/639/504
s 56
f 810/884/689 558/632/498 561/635/501
f 561/635/501 811/885/689 810/884/689
s 38
f 359/417/317 358/416/316 812/886/690
f 812/886/690 813/887/691 359/417/317
s 39
f 363/421/321 362/420/320 814/888/692
f 814/888/692 815/889/692 363/421/321
s 82
f 662/736/566 665/739/569 816/890/693
f 816/890/693 817/891/693 662/736/566
s 81
f 818/892/694 658/732/562 661/735/565
f 661/735/565 819/893/695 818/892/694
s 35
f 345/403/304 344/402/303 820/894/696
f 820/894/696 821/895/696 345/403/304
s 78
f 822/896/697 646/720/552 649/723/554
f 649/723/554 823/897/697 822/896/697
s 79
f 653/727/557 652/726/556 824/898/698
f 824/898/698 825/899/698 653/727/557
s 36
f 348/406/307 351/409/309 826/900/699
f 826/900/699 827/901/699 348/406/307
s 37
f 352/410/310 828/902/700 829/903/701
f 829/903/701 830/904/702 352/410/310
f 828/902/700 352/410/310 355/413/313
f 355/413/313 831/905/703 828/902/700
f 353/411/311 352/410/310 830/904/702
f 830/904/702 832/906/704 353/411/311
s 80
f 654/728/558 833/907/705 834/908/706
f 834/908/706 835/909/707 654/728/558
f 833/907/705 654/728/558 657/731/561
f 657/731/561 836/910/708 833/907/705
f 655/729/559 654/728/558 835/909/707
f 835/909/707 837/911/709 655/729/559
s 29
f 295/345/216 294/344/216 838/912/216
f 838/912/216 839/913/216 295/345/216
s 30
f 298/348/259 301/351/262 840/914/710
f 840/914/710 841/915/710 298/348/259
s 31
f 302/352/263 305/355/265 842/916/711
f 842/916/711 843/917/711 302/352/263
s 73
f 844/918/525 626/700/525 629/703/525
f 629/703/525 845/919/525 844/918/525
s 74
f 633/707/541 632/706/540 846/920/712
f 846/920/712 847/921/712 633/707/541
s 76
f 638/712/545 641/715/548 848/922/713
f 848/922/713 849/923/714 638/712/545
s 32
f 309/359/268 308/358/267 850/924/715
f 850/924/715 851/925/715 309/359/268
s 33
f 311/361/270 310/360/269 852/926/716
f 852/926/716 853/927/717 311/361/270
s 77
f 854/928/718 642/716/549 645/719/551
f 645/719/551 855/929/718 854/928/718
s 75
f 637/711/544 636/710/543 856/930/719
f 856/930/719 857/931/719 637/711/544
s 92
f 858/932/720 859/933/720 860/934/720
f 860/934/720 861/935/720 858/932/720
s 93
f 862/936/721 863/937/721 864/938/721
f 864/938/721 865/939/721 862/936/721
s 94
f 866/940/722 867/941/723 868/942/724
f 868/942/724 869/943/725 866/940/722
f 870/944/726 871/945/727 869/943/725
f 869/943/725 868/942/724 872/946/728
f 870/944/726 869/943/725 872/946/728
f 873/947/729 874/948/730 870/944/726
f 873/947/729 870/944/726 872/949/728
f 873/947/729 872/949/728 875/950/731
f 875/950/731 867/941/723 866/951/722
f 866/951/722 873/947/729 875/950/731
f 866/940/722 869/943/725 876/952/732
f 876/952/732 869/943/725 871/945/727
f 871/945/727 877/953/733 876/952/732
f 871/945/727 874/948/730 877/953/733
f 874/948/730 873/947/729 878/954/734
f 878/954/734 877/953/733 874/948/730
f 873/947/729 866/951/722 876/955/732
f 876/955/732 878/954/734 873/947/729
f 870/944/726 874/948/730 871/945/727
s 95
f 879/956/735 880/957/736 881/958/737
f 881/958/737 882/959/738 879/956/735
s 96
f 883/960/739 884/961/740 885/962/741
f 885/962/741 886/963/742 883/960/739
s 95
f 887/964/743 888/965/744 889/966/745
f 889/966/745 890/967/746 887/964/743
s 96
f 891/968/747 892/969/748 893/970/749
f 893/970/749 894/971/750 891/968/747
s 95
f 895/972/751 896/973/752 897/974/753
f 897/974/753 898/975/754 895/972/751
s 96
f 899/976/755 900/977/756 901/978/757
f 901/978/757 902/979/758 899/976/755
s 95
f 903/980/759 904/981/760 905/982/761
f 905/982/761 906/983/762 903/980/759
s 96
f 907/984/763 908/985/764 909/986/765
f 909/986/765 910/987/766 907/984/763
s 95
f 879/956/735 882/959/738 911/988/767
s 96
f 883/960/739 886/963/742 912/989/768
s 95
f 887/964/743 890/967/746 913/990/769
s 96
f 891/968/747 894/971/750 914/991/770
s 95
f 895/972/751 898/975/754 915/992/771
s 96
f 899/976/755 902/979/758 916/993/772
s 95
f 903/980/759 906/983/762 917/994/773
s 96
f 907/984/763 910/987/766 918/995/774
s 95
f 919/996/775 920/997/776 921/998/777
f 921/998/777 922/999/778 919/996/775
s 96
f 923/1000/779 908/985/764 885/962/741
f 885/962/741 924/1001/780 923/1000/779
f 925/1002/781 884/961/740 893/970/749
f 893/970/749 926/1003/782 925/1002/781
f 927/1004/783 892/969/748 901/978/757
f 901/978/757 928/1005/784 927/1004/783
f 929/1006/785 900/977/756 909/986/765
f 909/986/765 930/1007/786 929/1006/785
s 95
f 931/1008/787 888/965/744 881/958/737
f 881/958/737 932/1009/788 931/1008/787
f 933/1010/789 880/957/736 905/982/761
f 905/982/761 934/1011/790 933/1010/789
f 935/1012/791 904/981/760 897/974/753
f 897/974/753 936/1013/792 935/1012/791
f 937/1014/793 896/973/752 889/966/745
f 889/966/745 938/1015/794 937/1014/793
f 920/1016/776 935/1017/791 936/1018/792
f 936/1018/792 921/1019/777 920/1016/776
f 939/1020/795 937/1021/793 938/1022/794
f 938/1022/794 940/1023/796 939/1020/795
f 941/1024/797 931/1025/787 932/1026/788
f 932/1026/788 942/1027/798 941/1024/797
f 943/1028/799 933/1029/789 934/1030/790
f 934/1030/790 919/1031/775 943/1028/799
f 890/967/746 889/966/745 896/973/752
f 896/973/752 944/1032/800 890/967/746
s 96
f 894/971/750 893/970/749 884/961/740
f 884/961/740 945/1033/801 894/971/750
s 95
f 906/983/762 905/982/761 880/957/736
f 880/957/736 946/1034/802 906/983/762
s 96
f 910/987/766 909/986/765 900/977/756
f 900/977/756 947/1035/803 910/987/766
s 95
f 890/967/746 944/1032/800 913/990/769
s 96
f 894/971/750 945/1033/801 914/991/770
s 95
f 906/983/762 946/1034/802 917/994/773
s 96
f 910/987/766 947/1035/803 918/995/774
s 95
f 922/1036/778 940/1037/796 941/1038/797
f 941/1038/797 942/1039/798 922/1036/778
s 96
f 927/1004/783 926/1003/782 893/970/749
f 893/970/749 892/969/748 927/1004/783
f 923/1000/779 930/1007/786 909/986/765
f 909/986/765 908/985/764 923/1000/779
s 95
f 935/1012/791 934/1011/790 905/982/761
f 905/982/761 904/981/760 935/1012/791
f 931/1008/787 938/1015/794 889/966/745
f 889/966/745 888/965/744 931/1008/787
f 941/1024/797 940/1023/796 938/1022/794
f 938/1022/794 931/1025/787 941/1024/797
f 920/1016/776 919/1031/775 934/1030/790
f 934/1030/790 935/1017/791 920/1016/776
f 882/959/738 881/958/737 888/965/744
f 888/965/744 948/1040/804 882/959/738
s 96
f 886/963/742 885/962/741 908/985/764
f 908/985/764 949/1041/805 886/963/742
s 95
f 898/975/754 897/974/753 904/981/760
f 904/981/760 950/1042/806 898/975/754
s 96
f 902/979/758 901/978/757 892/969/748
f 892/969/748 951/1043/807 902/979/758
s 95
f 882/959/738 948/1040/804 911/988/767
s 96
f 886/963/742 949/1041/805 912/989/768
s 95
f 898/975/754 950/1042/806 915/992/771
s 96
f 902/979/758 951/1043/807 916/993/772
s 95
f 922/999/778 921/998/777 939/1044/795
f 939/1044/795 940/1037/796 922/999/778
s 96
f 925/1002/781 924/1001/780 885/962/741
f 885/962/741 884/961/740 925/1002/781
f 929/1006/785 928/1005/784 901/978/757
f 901/978/757 900/977/756 929/1006/785
s 95
f 933/1010/789 932/1009/788 881/958/737
f 881/958/737 880/957/736 933/1010/789
f 937/1014/793 936/1013/792 897/974/753
f 897/974/753 896/973/752 937/1014/793
f 939/1045/795 921/1019/777 936/1018/792
f 936/1018/792 937/1046/793 939/1045/795
f 943/1028/799 942/1027/798 932/1026/788
f 932/1026/788 933/1029/789 943/1028/799
f 922/1036/778 942/1039/798 943/1047/799
f 943/1047/799 919/996/775 922/1036/778
s 94
f 952/1048/808 953/1049/809 954/1050/810
f 954/1050/810 955/1051/811 952/1048/808
f 956/1052/812 957/1053/813 958/1054/814
f 958/1054/814 959/1055/815 956/1052/812
f 960/1056/816 961/1057/817 962/1058/818
f 962/1058/818 963/1059/819 960/1056/816
f 964/1060/820 965/1061/821 966/1062/822
f 966/1062/822 967/1063/823 964/1060/820
f 952/1048/808 955/1051/811 968/1064/824
f 956/1052/812 959/1055/815 969/1065/825
f 960/1056/816 963/1059/819 970/1066/826
f 964/1060/820 967/1063/823 971/1067/827
f 972/1068/828 965/1061/821 954/1050/810
f 954/1050/810 973/1069/829 972/1068/828
f 974/1070/830 953/1049/809 958/1054/814
f 958/1054/814 975/1071/831 974/1070/830
f 976/1072/832 957/1053/813 962/1058/818
f 962/1058/818 977/1073/833 976/1072/832
f 978/1074/834 961/1057/817 966/1062/822
f 966/1062/822 979/1075/835 978/1074/834
f 867/941/723 972/1076/828 973/1077/829
f 973/1077/829 868/942/724 867/941/723
f 868/942/724 974/1078/830 975/1079/831
f 975/1079/831 872/946/728 868/942/724
f 872/949/728 976/1080/832 977/1081/833
f 977/1081/833 875/950/731 872/949/728
f 875/950/731 978/1082/834 979/1083/835
f 979/1083/835 867/941/723 875/950/731
f 959/1055/815 958/1054/814 953/1049/809
f 953/1049/809 980/1084/836 959/1055/815
f 967/1063/823 966/1062/822 961/1057/817
f 961/1057/817 981/1085/837 967/1063/823
f 959/1055/815 980/1084/836 969/1065/825
f 967/1063/823 981/1085/837 971/1067/827
f 976/1072/832 975/1071/831 958/1054/814
f 958/1054/814 957/1053/813 976/1072/832
f 972/1068/828 979/1075/835 966/1062/822
f 966/1062/822 965/1061/821 972/1068/828
f 955/1051/811 954/1050/810 965/1061/821
f 965/1061/821 982/1086/838 955/1051/811
f 963/1059/819 962/1058/818 957/1053/813
f 957/1053/813 983/1087/839 963/1059/819
f 955/1051/811 982/1086/838 968/1064/824
f 963/1059/819 983/1087/839 970/1066/826
f 974/1070/830 973/1069/829 954/1050/810
f 954/1050/810 953/1049/809 974/1070/830
f 978/1074/834 977/1073/833 962/1058/818
f 962/1058/818 961/1057/817 978/1074/834
s 96
f 984/1088/840 985/1089/841 986/1090/842
f 986/1090/842 987/1091/843 984/1088/840
f 988/1092/844 989/1093/845 990/1094/846
f 990/1094/846 991/1095/847 988/1092/844
f 992/1096/848 993/1097/849 994/1098/850
f 994/1098/850 995/1099/851 992/1096/848
f 996/1100/852 997/1101/853 998/1102/854
f 998/1102/854 999/1103/855 996/1100/852
f 984/1088/840 1000/1104/856 985/1089/841
f 988/1092/844 1001/1105/857 989/1093/845
f 992/1096/848 1002/1106/858 993/1097/849
f 996/1100/852 1003/1107/859 997/1101/853
f 1004/1108/860 1005/1109/861 986/1090/842
f 986/1090/842 999/1103/855 1004/1108/860
f 1006/1110/862 1007/1111/863 990/1094/846
f 990/1094/846 987/1091/843 1006/1110/862
f 1008/1112/864 1009/1113/865 994/1098/850
f 994/1098/850 991/1095/847 1008/1112/864
f 1010/1114/866 1011/1115/867 998/1102/854
f 998/1102/854 995/1099/851 1010/1114/866
f 989/1093/845 1012/1116/868 987/1091/843
f 987/1091/843 990/1094/846 989/1093/845
f 997/1101/853 1013/1117/869 995/1099/851
f 995/1099/851 998/1102/854 997/1101/853
f 989/1093/845 1001/1105/857 1012/1116/868
f 997/1101/853 1003/1107/859 1013/1117/869
f 1008/1112/864 991/1095/847 990/1094/846
f 990/1094/846 1007/1111/863 1008/1112/864
f 1004/1108/860 999/1103/855 998/1102/854
f 998/1102/854 1011/1115/867 1004/1108/860
f 985/1089/841 1014/1118/870 999/1103/855
f 999/1103/855 986/1090/842 985/1089/841
f 993/1097/849 1015/1119/871 991/1095/847
f 991/1095/847 994/1098/850 993/1097/849
f 985/1089/841 1000/1104/856 1014/1118/870
f 993/1097/849 1002/1106/858 1015/1119/871
f 1006/1110/862 987/1091/843 986/1090/842
f 986/1090/842 1005/1109/861 1006/1110/862
f 1010/1114/866 995/1099/851 994/1098/850
f 994/1098/850 1009/1113/865 1010/1114/866
f 1011/1120/867 1010/1121/866 928/1122/784
f 928/1122/784 929/1123/785 1011/1120/867
f 1004/1124/860 1011/1120/867 929/1123/785
f 929/1123/785 930/1125/786 1004/1124/860
f 1005/1126/861 1004/1124/860 930/1125/786
f 930/1125/786 923/1127/779 1005/1126/861
f 1006/1128/862 1005/1126/861 923/1127/779
f 923/1127/779 924/1129/780 1006/1128/862
f 1007/1130/863 1006/1131/862 924/1132/780
f 924/1132/780 925/1133/781 1007/1130/863
f 1008/1134/864 1007/1130/863 925/1133/781
f 925/1133/781 926/1135/782 1008/1134/864
f 1009/1136/865 1008/1134/864 926/1135/782
f 926/1135/782 927/1137/783 1009/1136/865
f 1010/1121/866 1009/1136/865 927/1137/783
f 927/1137/783 928/1122/784 1010/1121/866
s 94
f 867/941/723 979/1083/835 972/1076/828
f 868/942/724 973/1077/829 974/1078/830
f 872/946/728 975/1079/831 976/1138/832
f 875/950/731 977/1081/833 978/1082/834
s 97
f 1016/1139/872 1017/1140/873 1018/1141/874
f 1018/1141/874 1019/1142/875 1016/1139/872
f 1020/1143/876 1021/1144/877 1019/1142/875
f 1019/1142/875 1018/1141/874 1022/1145/878
f 1020/1143/876 1019/1142/875 1022/1145/878
f 1023/1146/879 1024/1147/880 1020/1143/876
f 1023/1146/879 1020/1143/876 1022/1148/878
f 1023/1146/879 1022/1148/878 1025/1149/881
f 1025/1149/881 1017/1140/873 1016/1150/872
f 1016/1150/872 1023/1146/879 1025/1149/881
f 1016/1139/872 1019/1142/875 1026/1151/882
f 1026/1151/882 1019/1142/875 1021/1144/877
f 1021/1144/877 1027/1152/883 1026/1151/882
f 1021/1144/877 1024/1147/880 1027/1152/883
f 1024/1147/880 1023/1146/879 1028/1153/884
f 1028/1153/884 1027/1152/883 1024/1147/880
f 1023/1146/879 1016/1150/872 1026/1154/882
f 1026/1154/882 1028/1153/884 1023/1146/879
f 1020/1143/876 1024/1147/880 1021/1144/877
s 98
f 1029/1155/885 1030/1156/886 1031/1157/887
f 1031/1157/887 1032/1158/888 1029/1155/885
s 99
f 1033/1159/889 1034/1160/890 1035/1161/891
f 1035/1161/891 1036/1162/892 1033/1159/889
s 98
f 1037/1163/893 1038/1164/894 1039/1165/895
f 1039/1165/895 1040/1166/896 1037/1163/893
s 99
f 1041/1167/897 1042/1168/898 1043/1169/899
f 1043/1169/899 1044/1170/900 1041/1167/897
s 98
f 1045/1171/901 1046/1172/902 1047/1173/903
f 1047/1173/903 1048/1174/904 1045/1171/901
s 99
f 1049/1175/905 1050/1176/906 1051/1177/907
f 1051/1177/907 1052/1178/908 1049/1175/905
s 98
f 1053/1179/909 1054/1180/910 1055/1181/911
f 1055/1181/911 1056/1182/912 1053/1179/909
s 99
f 1057/1183/913 1058/1184/914 1059/1185/915
f 1059/1185/915 1060/1186/916 1057/1183/913
s 98
f 1029/1155/885 1032/1158/888 1061/1187/917
s 99
f 1033/1159/889 1036/1162/892 1062/1188/918
s 98
f 1037/1163/893 1040/1166/896 1063/1189/919
s 99
f 1041/1167/897 1044/1170/900 1064/1190/920
s 98
f 1045/1171/901 1048/1174/904 1065/1191/921
s 99
f 1049/1175/905 1052/1178/908 1066/1192/922
s 98
f 1053/1179/909 1056/1182/912 1067/1193/923
s 99
f 1057/1183/913 1060/1186/916 1068/1194/924
s 98
f 1069/1195/925 1070/1196/926 1071/1197/927
f 1071/1197/927 1072/1198/928 1069/1195/925
s 99
f 1073/1199/929 1058/1184/914 1035/1161/891
f 1035/1161/891 1074/1200/930 1073/1199/929
f 1075/1201/931 1034/1160/890 1043/1169/899
f 1043/1169/899 1076/1202/932 1075/1201/931
f 1077/1203/933 1042/1168/898 1051/1177/907
f 1051/1177/907 1078/1204/934 1077/1203/933
f 1079/1205/935 1050/1176/906 1059/1185/915
f 1059/1185/915 1080/1206/936 1079/1205/935
s 98
f 1081/1207/937 1038/1164/894 1031/1157/887
f 1031/1157/887 1082/1208/938 1081/1207/937
f 1083/1209/939 1030/1156/886 1055/1181/911
f 1055/1181/911 1084/1210/940 1083/1209/939
f 1085/1211/941 1054/1180/910 1047/1173/903
f 1047/1173/903 1086/1212/942 1085/1211/941
f 1087/1213/943 1046/1172/902 1039/1165/895
f 1039/1165/895 1088/1214/944 1087/1213/943
f 1070/1215/926 1085/1216/941 1086/1217/942
f 1086/1217/942 1071/1218/927 1070/1215/926
f 1089/1219/945 1087/1220/943 1088/1221/944
f 1088/1221/944 1090/1222/946 1089/1219/945
f 1091/1223/947 1081/1224/937 1082/1225/938
f 1082/1225/938 1092/1226/948 1091/1223/947
f 1093/1227/949 1083/1228/939 1084/1229/940
f 1084/1229/940 1069/1230/925 1093/1227/949
f 1040/1166/896 1039/1165/895 1046/1172/902
f 1046/1172/902 1094/1231/950 1040/1166/896
s 99
f 1044/1170/900 1043/1169/899 1034/1160/890
f 1034/1160/890 1095/1232/951 1044/1170/900
s 98
f 1056/1182/912 1055/1181/911 1030/1156/886
f 1030/1156/886 1096/1233/952 1056/1182/912
s 99
f 1060/1186/916 1059/1185/915 1050/1176/906
f 1050/1176/906 1097/1234/953 1060/1186/916
s 98
f 1040/1166/896 1094/1231/950 1063/1189/919
s 99
f 1044/1170/900 1095/1232/951 1064/1190/920
s 98
f 1056/1182/912 1096/1233/952 1067/1193/923
s 99
f 1060/1186/916 1097/1234/953 1068/1194/924
s 98
f 1072/1235/928 1090/1236/946 1091/1237/947
f 1091/1237/947 1092/1238/948 1072/1235/928
s 99
f 1077/1203/933 1076/1202/932 1043/1169/899
f 1043/1169/899 1042/1168/898 1077/1203/933
f 1073/1199/929 1080/1206/936 1059/1185/915
f 1059/1185/915 1058/1184/914 1073/1199/929
s 98
f 1085/1211/941 1084/1210/940 1055/1181/911
f 1055/1181/911 1054/1180/910 1085/1211/941
f 1081/1207/937 1088/1214/944 1039/1165/895
f 1039/1165/895 1038/1164/894 1081/1207/937
f 1091/1223/947 1090/1222/946 1088/1221/944
f 1088/1221/944 1081/1224/937 1091/1223/947
f 1070/1215/926 1069/1230/925 1084/1229/940
f 1084/1229/940 1085/1216/941 1070/1215/926
f 1032/1158/888 1031/1157/887 1038/1164/894
f 1038/1164/894 1098/1239/954 1032/1158/888
s 99
f 1036/1162/892 1035/1161/891 1058/1184/914
f 1058/1184/914 1099/1240/955 1036/1162/892
s 98
f 1048/1174/904 1047/1173/903 1054/1180/910
f 1054/1180/910 1100/1241/956 1048/1174/904
s 99
f 1052/1178/908 1051/1177/907 1042/1168/898
f 1042/1168/898 1101/1242/957 1052/1178/908
s 98
f 1032/1158/888 1098/1239/954 1061/1187/917
s 99
f 1036/1162/892 1099/1240/955 1062/1188/918
s 98
f 1048/1174/904 1100/1241/956 1065/1191/921
s 99
f 1052/1178/908 1101/1242/957 1066/1192/922
s 98
f 1072/1198/928 1071/1197/927 1089/1243/945
f 1089/1243/945 1090/1236/946 1072/1198/928
s 99
f 1075/1201/931 1074/1200/930 1035/1161/891
f 1035/1161/891 1034/1160/890 1075/1201/931
f 1079/1205/935 1078/1204/934 1051/1177/907
f 1051/1177/907 1050/1176/906 1079/1205/935
s 98
f 1083/1209/939 1082/1208/938 1031/1157/887
f 1031/1157/887 1030/1156/886 1083/1209/939
f 1087/1213/943 1086/1212/942 1047/1173/903
f 1047/1173/903 1046/1172/902 1087/1213/943
f 1089/1244/945 1071/1218/927 1086/1217/942
f 1086/1217/942 1087/1245/943 1089/1244/945
f 1093/1227/949 1092/1226/948 1082/1225/938
f 1082/1225/938 1083/1228/939 1093/1227/949
f 1072/1235/928 1092/1238/948 1093/1246/949
f 1093/1246/949 1069/1195/925 1072/1235/928
s 97
f 1102/1247/958 1103/1248/959 1104/1249/960
f 1104/1249/960 1105/1250/961 1102/1247/958
f 1106/1251/962 1107/1252/963 1108/1253/964
f 1108/1253/964 1109/1254/965 1106/1251/962
f 1110/1255/966 1111/1256/967 1112/1257/968
f 1112/1257/968 1113/1258/969 1110/1255/966
f 1114/1259/970 1115/1260/971 1116/1261/972
f 1116/1261/972 1117/1262/973 1114/1259/970
f 1102/1247/958 1105/1250/961 1118/1263/974
f 1106/1251/962 1109/1254/965 1119/1264/975
f 1110/1255/966 1113/1258/969 1120/1265/976
f 1114/1259/970 1117/1262/973 1121/1266/977
f 1122/1267/978 1115/1260/971 1104/1249/960
f 1104/1249/960 1123/1268/979 1122/1267/978
f 1124/1269/980 1103/1248/959 1108/1253/964
f 1108/1253/964 1125/1270/981 1124/1269/980
f 1126/1271/982 1107/1252/963 1112/1257/968
f 1112/1257/968 1127/1272/983 1126/1271/982
f 1128/1273/984 1111/1256/967 1116/1261/972
f 1116/1261/972 1129/1274/985 1128/1273/984
f 1017/1140/873 1122/1275/978 1123/1276/979
f 1123/1276/979 1018/1141/874 1017/1140/873
f 1018/1141/874 1124/1277/980 1125/1278/981
f 1125/1278/981 1022/1145/878 1018/1141/874
f 1022/1148/878 1126/1279/982 1127/1280/983
f 1127/1280/983 1025/1149/881 1022/1148/878
f 1025/1149/881 1128/1281/984 1129/1282/985
f 1129/1282/985 1017/1140/873 1025/1149/881
f 1109/1254/965 1108/1253/964 1103/1248/959
f 1103/1248/959 1130/1283/986 1109/1254/965
f 1117/1262/973 1116/1261/972 1111/1256/967
f 1111/1256/967 1131/1284/987 1117/1262/973
f 1109/1254/965 1130/1283/986 1119/1264/975
f 1117/1262/973 1131/1284/987 1121/1266/977
f 1126/1271/982 1125/1270/981 1108/1253/964
f 1108/1253/964 1107/1252/963 1126/1271/982
f 1122/1267/978 1129/1274/985 1116/1261/972
f 1116/1261/972 1115/1260/971 1122/1267/978
f 1105/1250/961 1104/1249/960 1115/1260/971
f 1115/1260/971 1132/1285/988 1105/1250/961
f 1113/1258/969 1112/1257/968 1107/1252/963
f 1107/1252/963 1133/1286/989 1113/1258/969
f 1105/1250/961 1132/1285/988 1118/1263/974
f 1113/1258/969 1133/1286/989 1120/1265/976
f 1124/1269/980 1123/1268/979 1104/1249/960
f 1104/1249/960 1103/1248/959 1124/1269/980
f 1128/1273/984 1127/1272/983 1112/1257/968
f 1112/1257/968 1111/1256/967 1128/1273/984
s 99
f 1134/1287/990 1135/1288/991 1136/1289/992
f 1136/1289/992 1137/1290/993 1134/1287/990
f 1138/1291/994 1139/1292/995 1140/1293/996
f 1140/1293/996 1141/1294/997 1138/1291/994
f 1142/1295/998 1143/1296/999 1144/1297/1000
f 1144/1297/1000 1145/1298/1001 1142/1295/998
f 1146/1299/1002 1147/1300/1003 1148/1301/1004
f 1148/1301/1004 1149/1302/1005 1146/1299/1002
f 1134/1287/990 1150/1303/1006 1135/1288/991
f 1138/1291/994 1151/1304/1007 1139/1292/995
f 1142/1295/998 1152/1305/1008 1143/1296/999
f 1146/1299/1002 1153/1306/1009 1147/1300/1003
f 1154/1307/1010 1155/1308/1011 1136/1289/992
f 1136/1289/992 1149/1302/1005 1154/1307/1010
f 1156/1309/1012 1157/1310/1013 1140/1293/996
f 1140/1293/996 1137/1290/993 1156/1309/1012
f 1158/1311/1014 1159/1312/1015 1144/1297/1000
f 1144/1297/1000 1141/1294/997 1158/1311/1014
f 1160/1313/1016 1161/1314/1017 1148/1301/1004
f 1148/1301/1004 1145/1298/1001 1160/1313/1016
f 1139/1292/995 1162/1315/1018 1137/1290/993
f 1137/1290/993 1140/1293/996 1139/1292/995
f 1147/1300/1003 1163/1316/1019 1145/1298/1001
f 1145/1298/1001 1148/1301/1004 1147/1300/1003
f 1139/1292/995 1151/1304/1007 1162/1315/1018
f 1147/1300/1003 1153/1306/1009 1163/1316/1019
f 1158/1311/1014 1141/1294/997 1140/1293/996
f 1140/1293/996 1157/1310/1013 1158/1311/1014
f 1154/1307/1010 1149/1302/1005 1148/1301/1004
f 1148/1301/1004 1161/1314/1017 1154/1307/1010
f 1135/1288/991 1164/1317/1020 1149/1302/1005
f 1149/1302/1005 1136/1289/992 1135/1288/991
f 1143/1296/999 1165/1318/1021 1141/1294/997
f 1141/1294/997 1144/1297/1000 1143/1296/999
f 1135/1288/991 1150/1303/1006 1164/1317/1020
f 1143/1296/999 1152/1305/1008 1165/1318/1021
f 1156/1309/1012 1137/1290/993 1136/1289/992
f 1136/1289/992 1155/1308/1011 1156/1309/1012
f 1160/1313/1016 1145/1298/1001 1144/1297/1000
f 1144/1297/1000 1159/1312/1015 1160/1313/1016
f 1161/1319/1017 1160/1320/1016 1078/1321/934
f 1078/1321/934 1079/1322/935 1161/1319/1017
f 1154/1323/1010 1161/1319/1017 1079/1322/935
f 1079/1322/935 1080/1324/936 1154/1323/1010
f 1155/1325/1011 1154/1323/1010 1080/1324/936
f 1080/1324/936 1073/1326/929 1155/1325/1011
f 1156/1327/1012 1155/1325/1011 1073/1326/929
f 1073/1326/929 1074/1328/930 1156/1327/1012
f 1157/1329/1013 1156/1330/1012 1074/1331/930
f 1074/1331/930 1075/1332/931 1157/1329/1013
f 1158/1333/1014 1157/1329/1013 1075/1332/931
f 1075/1332/931 1076/1334/932 1158/1333/1014
f 1159/1335/1015 1158/1333/1014 1076/1334/932
f 1076/1334/932 1077/1336/933 1159/1335/1015
f 1160/1320/1016 1159/1335/1015 1077/1336/933
f 1077/1336/933 1078/1321/934 1160/1320/1016
s 97
f 1017/1140/873 1129/1282/985 1122/1275/978
f 1018/1141/874 1123/1276/979 1124/1277/980
f 1022/1145/878 1125/1278/981 1126/1337/982
f 1025/1149/881 1127/1280/983 1128/1281/984
s 100
f 1166/1338/1022 1167/1339/1023 1168/1340/1024
f 1168/1340/1024 1169/1341/1025 1166/1338/1022
f 1170/1342/1026 1171/1343/1027 1169/1341/1025
f 1169/1341/1025 1168/1340/1024 1172/1344/1028
f 1170/1342/1026 1169/1341/1025 1172/1344/1028
f 1173/1345/1029 1174/1346/1030 1170/1342/1026
f 1173/1345/1029 1170/1342/1026 1172/1347/1028
f 1173/1345/1029 1172/1347/1028 1175/1348/1031
f 1175/1348/1031 1167/1339/1023 1166/1349/1022
f 1166/1349/1022 1173/1345/1029 1175/1348/1031
f 1166/1338/1022 1169/1341/1025 1176/1350/1032
f 1176/1350/1032 1169/1341/1025 1171/1343/1027
f 1171/1343/1027 1177/1351/1033 1176/1350/1032
f 1171/1343/1027 1174/1346/1030 1177/1351/1033
f 1174/1346/1030 1173/1345/1029 1178/1352/1034
f 1178/1352/1034 1177/1351/1033 1174/1346/1030
f 1173/1345/1029 1166/1349/1022 1176/1353/1032
f 1176/1353/1032 1178/1352/1034 1173/1345/1029
f 1170/1342/1026 1174/1346/1030 1171/1343/1027
s 101
f 1179/1354/1035 1180/1355/1036 1181/1356/1037
f 1181/1356/1037 1182/1357/1038 1179/1354/1035
s 102
f 1183/1358/1039 1184/1359/1040 1185/1360/1041
f 1185/1360/1041 1186/1361/1042 1183/1358/1039
s 101
f 1187/1362/1043 1188/1363/1044 1189/1364/1045
f 1189/1364/1045 1190/1365/1046 1187/1362/1043
s 102
f 1191/1366/1047 1192/1367/1048 1193/1368/1049
f 1193/1368/1049 1194/1369/1050 1191/1366/1047
s 101
f 1195/1370/1051 1196/1371/1052 1197/1372/1053
f 1197/1372/1053 1198/1373/1054 1195/1370/1051
s 102
f 1199/1374/1055 1200/1375/1056 1201/1376/1057
f 1201/1376/1057 1202/1377/1058 1199/1374/1055
s 101
f 1203/1378/1059 1204/1379/1060 1205/1380/1061
f 1205/1380/1061 1206/1381/1062 1203/1378/1059
s 102
f 1207/1382/1063 1208/1383/1064 1209/1384/1065
f 1209/1384/1065 1210/1385/1066 1207/1382/1063
s 101
f 1179/1354/1035 1182/1357/1038 1211/1386/1067
s 102
f 1183/1358/1039 1186/1361/1042 1212/1387/1068
s 101
f 1187/1362/1043 1190/1365/1046 1213/1388/1069
s 102
f 1191/1366/1047 1194/1369/1050 1214/1389/1070
s 101
f 1195/1370/1051 1198/1373/1054 1215/1390/1071
s 102
f 1199/1374/1055 1202/1377/1058 1216/1391/1072
s 101
f 1203/1378/1059 1206/1381/1062 1217/1392/1073
s 102
f 1207/1382/1063 1210/1385/1066 1218/1393/1074
s 101
f 1219/1394/1075 1220/1395/1076 1221/1396/1077
f 1221/1396/1077 1222/1397/1078 1219/1394/1075
s 102
f 1223/1398/1079 1208/1383/1064 1185/1360/1041
f 1185/1360/1041 1224/1399/1080 1223/1398/1079
f 1225/1400/1081 1184/1359/1040 1193/1368/1049
f 1193/1368/1049 1226/1401/1082 1225/1400/1081
f 1227/1402/1083 1192/1367/1048 1201/1376/1057
f 1201/1376/1057 1228/1403/1084 1227/1402/1083
f 1229/1404/1085 1200/1375/1056 1209/1384/1065
f 1209/1384/1065 1230/1405/1086 1229/1404/1085
s 101
f 1231/1406/1087 1188/1363/1044 1181/1356/1037
f 1181/1356/1037 1232/1407/1088 1231/1406/1087
f 1233/1408/1089 1180/1355/1036 1205/1380/1061
f 1205/1380/1061 1234/1409/1090 1233/1408/1089
f 1235/1410/1091 1204/1379/1060 1197/1372/1053
f 1197/1372/1053 1236/1411/1092 1235/1410/1091
f 1237/1412/1093 1196/1371/1052 1189/1364/1045
f 1189/1364/1045 1238/1413/1094 1237/1412/1093
f 1220/1414/1076 1235/1415/1091 1236/1416/1092
f 1236/1416/1092 1221/1417/1077 1220/1414/1076
f 1239/1418/1095 1237/1419/1093 1238/1420/1094
f 1238/1420/1094 1240/1421/1096 1239/1418/1095
f 1241/1422/1097 1231/1423/1087 1232/1424/1088
f 1232/1424/1088 1242/1425/1098 1241/1422/1097
f 1243/1426/1099 1233/1427/1089 1234/1428/1090
f 1234/1428/1090 1219/1429/1075 1243/1426/1099
f 1190/1365/1046 1189/1364/1045 1196/1371/1052
f 1196/1371/1052 1244/1430/1100 1190/1365/1046
s 102
f 1194/1369/1050 1193/1368/1049 1184/1359/1040
f 1184/1359/1040 1245/1431/1101 1194/1369/1050
s 101
f 1206/1381/1062 1205/1380/1061 1180/1355/1036
f 1180/1355/1036 1246/1432/1102 1206/1381/1062
s 102
f 1210/1385/1066 1209/1384/1065 1200/1375/1056
f 1200/1375/1056 1247/1433/1103 1210/1385/1066
s 101
f 1190/1365/1046 1244/1430/1100 1213/1388/1069
s 102
f 1194/1369/1050 1245/1431/1101 1214/1389/1070
s 101
f 1206/1381/1062 1246/1432/1102 1217/1392/1073
s 102
f 1210/1385/1066 1247/1433/1103 1218/1393/1074
s 101
f 1222/1434/1078 1240/1435/1096 1241/1436/1097
f 1241/1436/1097 1242/1437/1098 1222/1434/1078
s 102
f 1227/1402/1083 1226/1401/1082 1193/1368/1049
f 1193/1368/1049 1192/1367/1048 1227/1402/1083
f 1223/1398/1079 1230/1405/1086 1209/1384/1065
f 1209/1384/1065 1208/1383/1064 1223/1398/1079
s 101
f 1235/1410/1091 1234/1409/1090 1205/1380/1061
f 1205/1380/1061 1204/1379/1060 1235/1410/1091
f 1231/1406/1087 1238/1413/1094 1189/1364/1045
f 1189/1364/1045 1188/1363/1044 1231/1406/1087
f 1241/1422/1097 1240/1421/1096 1238/1420/1094
f 1238/1420/1094 1231/1423/1087 1241/1422/1097
f 1220/1414/1076 1219/1429/1075 1234/1428/1090
f 1234/1428/1090 1235/1415/1091 1220/1414/1076
f 1182/1357/1038 1181/1356/1037 1188/1363/1044
f 1188/1363/1044 1248/1438/1104 1182/1357/1038
s 102
f 1186/1361/1042 1185/1360/1041 1208/1383/1064
f 1208/1383/1064 1249/1439/1105 1186/1361/1042
s 101
f 1198/1373/1054 1197/1372/1053 1204/1379/1060
f 1204/1379/1060 1250/1440/1106 1198/1373/1054
s 102
f 1202/1377/1058 1201/1376/1057 1192/1367/1048
f 1192/1367/1048 1251/1441/1107 1202/1377/1058
s 101
f 1182/1357/1038 1248/1438/1104 1211/1386/1067
s 102
f 1186/1361/1042 1249/1439/1105 1212/1387/1068
s 101
f 1198/1373/1054 1250/1440/1106 1215/1390/1071
s 102
f 1202/1377/1058 1251/1441/1107 1216/1391/1072
s 101
f 1222/1397/1078 1221/1396/1077 1239/1442/1095
f 1239/1442/1095 1240/1435/1096 1222/1397/1078
s 102
f 1225/1400/1081 1224/1399/1080 1185/1360/1041
f 1185/1360/1041 1184/1359/1040 1225/1400/1081
f 1229/1404/1085 1228/1403/1084 1201/1376/1057
f 1201/1376/1057 1200/1375/1056 1229/1404/1085
s 101
f 1233/1408/1089 1232/1407/1088 1181/1356/1037
f 1181/1356/1037 1180/1355/1036 1233/1408/1089
f 1237/1412/1093 1236/1411/1092 1197/1372/1053
f 1197/1372/1053 1196/1371/1052 1237/1412/1093
f 1239/1443/1095 1221/1417/1077 1236/1416/1092
f 1236/1416/1092 1237/1444/1093 1239/1443/1095
f 1243/1426/1099 1242/1425/1098 1232/1424/1088
f 1232/1424/1088 1233/1427/1089 1243/1426/1099
f 1222/1434/1078 1242/1437/1098 1243/1445/1099
f 1243/1445/1099 1219/1394/1075 1222/1434/1078
s 100
f 1252/1446/1108 1253/1447/1109 1254/1448/1110
f 1254/1448/1110 1255/1449/1111 1252/1446/1108
f 1256/1450/1112 1257/1451/1113 1258/1452/1114
f 1258/1452/1114 1259/1453/1115 1256/1450/1112
f 1260/1454/1116 1261/1455/1117 1262/1456/1118
f 1262/1456/1118 1263/1457/1119 1260/1454/1116
f 1264/1458/1120 1265/1459/1121 1266/1460/1122
f 1266/1460/1122 1267/1461/1123 1264/1458/1120
f 1252/1446/1108 1255/1449/1111 1268/1462/1124
f 1256/1450/1112 1259/1453/1115 1269/1463/1125
f 1260/1454/1116 1263/1457/1119 1270/1464/1126
f 1264/1458/1120 1267/1461/1123 1271/1465/1127
f 1272/1466/1128 1265/1459/1121 1254/1448/1110
f 1254/1448/1110 1273/1467/1129 1272/1466/1128
f 1274/1468/1130 1253/1447/1109 1258/1452/1114
f 1258/1452/1114 1275/1469/1131 1274/1468/1130
f 1276/1470/1132 1257/1451/1113 1262/1456/1118
f 1262/1456/1118 1277/1471/1133 1276/1470/1132
f 1278/1472/1134 1261/1455/1117 1266/1460/1122
f 1266/1460/1122 1279/1473/1135 1278/1472/1134
f 1167/1339/1023 1272/1474/1128 1273/1475/1129
f 1273/1475/1129 1168/1340/1024 1167/1339/1023
f 1168/1340/1024 1274/1476/1130 1275/1477/1131
f 1275/1477/1131 1172/1344/1028 1168/1340/1024
f 1172/1347/1028 1276/1478/1132 1277/1479/1133
f 1277/1479/1133 1175/1348/1031 1172/1347/1028
f 1175/1348/1031 1278/1480/1134 1279/1481/1135
f 1279/1481/1135 1167/1339/1023 1175/1348/1031
f 1259/1453/1115 1258/1452/1114 1253/1447/1109
f 1253/1447/1109 1280/1482/1136 1259/1453/1115
f 1267/1461/1123 1266/1460/1122 1261/1455/1117
f 1261/1455/1117 1281/1483/1137 1267/1461/1123
f 1259/1453/1115 1280/1482/1136 1269/1463/1125
f 1267/1461/1123 1281/1483/1137 1271/1465/1127
f 1276/1470/1132 1275/1469/1131 1258/1452/1114
f 1258/1452/1114 1257/1451/1113 1276/1470/1132
f 1272/1466/1128 1279/1473/1135 1266/1460/1122
f 1266/1460/1122 1265/1459/1121 1272/1466/1128
f 1255/1449/1111 1254/1448/1110 1265/1459/1121
f 1265/1459/1121 1282/1484/1138 1255/1449/1111
f 1263/1457/1119 1262/1456/1118 1257/1451/1113
f 1257/1451/1113 1283/1485/1139 1263/1457/1119
f 1255/1449/1111 1282/1484/1138 1268/1462/1124
f 1263/1457/1119 1283/1485/1139 1270/1464/1126
f 1274/1468/1130 1273/1467/1129 1254/1448/1110
f 1254/1448/1110 1253/1447/1109 1274/1468/1130
f 1278/1472/1134 1277/1471/1133 1262/1456/1118
f 1262/1456/1118 1261/1455/1117 1278/1472/1134
s 102
f 1284/1486/1140 1285/1487/1141 1286/1488/1142
f 1286/1488/1142 1287/1489/1143 1284/1486/1140
f 1288/1490/1144 1289/1491/1145 1290/1492/1146
f 1290/1492/1146 1291/1493/1147 1288/1490/1144
f 1292/1494/1148 1293/1495/1149 1294/1496/1150
f 1294/1496/1150 1295/1497/1151 1292/1494/1148
f 1296/1498/1152 1297/1499/1153 1298/1500/1154
f 1298/1500/1154 1299/1501/1155 1296/1498/1152
f 1284/1486/1140 1300/1502/1156 1285/1487/1141
f 1288/1490/1144 1301/1503/1157 1289/1491/1145
f 1292/1494/1148 1302/1504/1158 1293/1495/1149
f 1296/1498/1152 1303/1505/1159 1297/1499/1153
f 1304/1506/1160 1305/1507/1161 1286/1488/1142
f 1286/1488/1142 1299/1501/1155 1304/1506/1160
f 1306/1508/1162 1307/1509/1163 1290/1492/1146
f 1290/1492/1146 1287/1489/1143 1306/1508/1162
f 1308/1510/1164 1309/1511/1165 1294/1496/1150
f 1294/1496/1150 1291/1493/1147 1308/1510/1164
f 1310/1512/1166 1311/1513/1167 1298/1500/1154
f 1298/1500/1154 1295/1497/1151 1310/1512/1166
f 1289/1491/1145 1312/1514/1168 1287/1489/1143
f 1287/1489/1143 1290/1492/1146 1289/1491/1145
f 1297/1499/1153 1313/1515/1169 1295/1497/1151
f 1295/1497/1151 1298/1500/1154 1297/1499/1153
f 1289/1491/1145 1301/1503/1157 1312/1514/1168
f 1297/1499/1153 1303/1505/1159 1313/1515/1169
f 1308/1510/1164 1291/1493/1147 1290/1492/1146
f 1290/1492/1146 1307/1509/1163 1308/1510/1164
f 1304/1506/1160 1299/1501/1155 1298/1500/1154
f 1298/1500/1154 1311/1513/1167 1304/1506/1160
f 1285/1487/1141 1314/1516/1170 1299/1501/1155
f 1299/1501/1155 1286/1488/1142 1285/1487/1141
f 1293/1495/1149 1315/1517/1171 1291/1493/1147
f 1291/1493/1147 1294/1496/1150 1293/1495/1149
f 1285/1487/1141 1300/1502/1156 1314/1516/1170
f 1293/1495/1149 1302/1504/1158 1315/1517/1171
f 1306/1508/1162 1287/1489/1143 1286/1488/1142
f 1286/1488/1142 1305/1507/1161 1306/1508/1162
f 1310/1512/1166 1295/1497/1151 1294/1496/1150
f 1294/1496/1150 1309/1511/1165 1310/1512/1166
f 1311/1518/1167 1310/1519/1166 1228/1520/1084
f 1228/1520/1084 1229/1521/1085 1311/1518/1167
f 1304/1522/1160 1311/1518/1167 1229/1521/1085
f 1229/1521/1085 1230/1523/1086 1304/1522/1160
f 1305/1524/1161 1304/1522/1160 1230/1523/1086
f 1230/1523/1086 1223/1525/1079 1305/1524/1161
f 1306/1526/1162 1305/1524/1161 1223/1525/1079
f 1223/1525/1079 1224/1527/1080 1306/1526/1162
f 1307/1528/1163 1306/1529/1162 1224/1530/1080
f 1224/1530/1080 1225/1531/1081 1307/1528/1163
f 1308/1532/1164 1307/1528/1163 1225/1531/1081
f 1225/1531/1081 1226/1533/1082 1308/1532/1164
f 1309/1534/1165 1308/1532/1164 1226/1533/1082
f 1226/1533/1082 1227/1535/1083 1309/1534/1165
f 1310/1519/1166 1309/1534/1165 1227/1535/1083
f 1227/1535/1083 1228/1520/1084 1310/1519/1166
s 100
f 1167/1339/1023 1279/1481/1135 1272/1474/1128
f 1168/1340/1024 1273/1475/1129 1274/1476/1130
f 1172/1344/1028 1275/1477/1131 1276/1536/1132
f 1175/1348/1031 1277/1479/1133 1278/1480/1134
s 103
f 1316/1537/1172 1317/1538/1173 1318/1539/1174
f 1318/1539/1174 1319/1540/1175 1316/1537/1172
f 1320/1541/1176 1321/1542/1177 1319/1540/1175
f 1319/1540/1175 1318/1539/1174 1322/1543/1178
f 1320/1541/1176 1319/1540/1175 1322/1543/1178
f 1323/1544/1179 1324/1545/1180 1320/1541/1176
f 1323/1544/1179 1320/1541/1176 1322/1546/1178
f 1323/1544/1179 1322/1546/1178 1325/1547/1181
f 1325/1547/1181 1317/1538/1173 1316/1548/1172
f 1316/1548/1172 1323/1544/1179 1325/1547/1181
f 1316/1537/1172 1319/1540/1175 1326/1549/1182
f 1326/1549/1182 1319/1540/1175 1321/1542/1177
f 1321/1542/1177 1327/1550/1183 1326/1549/1182
f 1321/1542/1177 1324/1545/1180 1327/1550/1183
f 1324/1545/1180 1323/1544/1179 1328/1551/1184
f 1328/1551/1184 1327/1550/1183 1324/1545/1180
f 1323/1544/1179 1316/1548/1172 1326/1552/1182
f 1326/1552/1182 1328/1551/1184 1323/1544/1179
f 1320/1541/1176 1324/1545/1180 1321/1542/1177
s 104
f 1329/1553/1185 1330/1554/1186 1331/1555/1187
f 1331/1555/1187 1332/1556/1188 1329/1553/1185
s 105
f 1333/1557/1189 1334/1558/1190 1335/1559/1191
f 1335/1559/1191 1336/1560/1192 1333/1557/1189
s 104
f 1337/1561/1193 1338/1562/1194 1339/1563/1195
f 1339/1563/1195 1340/1564/1196 1337/1561/1193
s 105
f 1341/1565/1197 1342/1566/1198 1343/1567/1199
f 1343/1567/1199 1344/1568/1200 1341/1565/1197
s 104
f 1345/1569/1201 1346/1570/1202 1347/1571/1203
f 1347/1571/1203 1348/1572/1204 1345/1569/1201
s 105
f 1349/1573/1205 1350/1574/1206 1351/1575/1207
f 1351/1575/1207 1352/1576/1208 1349/1573/1205
s 104
f 1353/1577/1209 1354/1578/1210 1355/1579/1211
f 1355/1579/1211 1356/1580/1212 1353/1577/1209
s 105
f 1357/1581/1213 1358/1582/1214 1359/1583/1215
f 1359/1583/1215 1360/1584/1216 1357/1581/1213
s 104
f 1329/1553/1185 1332/1556/1188 1361/1585/1217
s 105
f 1333/1557/1189 1336/1560/1192 1362/1586/1218
s 104
f 1337/1561/1193 1340/1564/1196 1363/1587/1219
s 105
f 1341/1565/1197 1344/1568/1200 1364/1588/1220
s 104
f 1345/1569/1201 1348/1572/1204 1365/1589/1221
s 105
f 1349/1573/1205 1352/1576/1208 1366/1590/1222
s 104
f 1353/1577/1209 1356/1580/1212 1367/1591/1223
s 105
f 1357/1581/1213 1360/1584/1216 1368/1592/1224
s 104
f 1369/1593/1225 1370/1594/1226 1371/1595/1227
f 1371/1595/1227 1372/1596/1228 1369/1593/1225
s 105
f 1373/1597/1229 1358/1582/1214 1335/1559/1191
f 1335/1559/1191 1374/1598/1230 1373/1597/1229
f 1375/1599/1231 1334/1558/1190 1343/1567/1199
f 1343/1567/1199 1376/1600/1232 1375/1599/1231
f 1377/1601/1233 1342/1566/1198 1351/1575/1207
f 1351/1575/1207 1378/1602/1234 1377/1601/1233
f 1379/1603/1235 1350/1574/1206 1359/1583/1215
f 1359/1583/1215 1380/1604/1236 1379/1603/1235
s 104
f 1381/1605/1237 1338/1562/1194 1331/1555/1187
f 1331/1555/1187 1382/1606/1238 1381/1605/1237
f 1383/1607/1239 1330/1554/1186 1355/1579/1211
f 1355/1579/1211 1384/1608/1240 1383/1607/1239
f 1385/1609/1241 1354/1578/1210 1347/1571/1203
f 1347/1571/1203 1386/1610/1242 1385/1609/1241
f 1387/1611/1243 1346/1570/1202 1339/1563/1195
f 1339/1563/1195 1388/1612/1244 1387/1611/1243
f 1370/1613/1226 1385/1614/1241 1386/1615/1242
f 1386/1615/1242 1371/1616/1227 1370/1613/1226
f 1389/1617/1245 1387/1618/1243 1388/1619/1244
f 1388/1619/1244 1390/1620/1246 1389/1617/1245
f 1391/1621/1247 1381/1622/1237 1382/1623/1238
f 1382/1623/1238 1392/1624/1248 1391/1621/1247
f 1393/1625/1249 1383/1626/1239 1384/1627/1240
f 1384/1627/1240 1369/1628/1225 1393/1625/1249
f 1340/1564/1196 1339/1563/1195 1346/1570/1202
f 1346/1570/1202 1394/1629/1250 1340/1564/1196
s 105
f 1344/1568/1200 1343/1567/1199 1334/1558/1190
f 1334/1558/1190 1395/1630/1251 1344/1568/1200
s 104
f 1356/1580/1212 1355/1579/1211 1330/1554/1186
f 1330/1554/1186 1396/1631/1252 1356/1580/1212
s 105
f 1360/1584/1216 1359/1583/1215 1350/1574/1206
f 1350/1574/1206 1397/1632/1253 1360/1584/1216
s 104
f 1340/1564/1196 1394/1629/1250 1363/1587/1219
s 105
f 1344/1568/1200 1395/1630/1251 1364/1588/1220
s 104
f 1356/1580/1212 1396/1631/1252 1367/1591/1223
s 105
f 1360/1584/1216 1397/1632/1253 1368/1592/1224
s 104
f 1372/1633/1228 1390/1634/1246 1391/1635/1247
f 1391/1635/1247 1392/1636/1248 1372/1633/1228
s 105
f 1377/1601/1233 1376/1600/1232 1343/1567/1199
f 1343/1567/1199 1342/1566/1198 1377/1601/1233
f 1373/1597/1229 1380/1604/1236 1359/1583/1215
f 1359/1583/1215 1358/1582/1214 1373/1597/1229
s 104
f 1385/1609/1241 1384/1608/1240 1355/1579/1211
f 1355/1579/1211 1354/1578/1210 1385/1609/1241
f 1381/1605/1237 1388/1612/1244 1339/1563/1195
f 1339/1563/1195 1338/1562/1194 1381/1605/1237
f 1391/1621/1247 1390/1620/1246 1388/1619/1244
f 1388/1619/1244 1381/1622/1237 1391/1621/1247
f 1370/1613/1226 1369/1628/1225 1384/1627/1240
f 1384/1627/1240 1385/1614/1241 1370/1613/1226
f 1332/1556/1188 1331/1555/1187 1338/1562/1194
f 1338/1562/1194 1398/1637/1254 1332/1556/1188
s 105
f 1336/1560/1192 1335/1559/1191 1358/1582/1214
f 1358/1582/1214 1399/1638/1255 1336/1560/1192
s 104
f 1348/1572/1204 1347/1571/1203 1354/1578/1210
f 1354/1578/1210 1400/1639/1256 1348/1572/1204
s 105
f 1352/1576/1208 1351/1575/1207 1342/1566/1198
f 1342/1566/1198 1401/1640/1257 1352/1576/1208
s 104
f 1332/1556/1188 1398/1637/1254 1361/1585/1217
s 105
f 1336/1560/1192 1399/1638/1255 1362/1586/1218
s 104
f 1348/1572/1204 1400/1639/1256 1365/1589/1221
s 105
f 1352/1576/1208 1401/1640/1257 1366/1590/1222
s 104
f 1372/1596/1228 1371/1595/1227 1389/1641/1245
f 1389/1641/1245 1390/1634/1246 1372/1596/1228
s 105
f 1375/1599/1231 1374/1598/1230 1335/1559/1191
f 1335/1559/1191 1334/1558/1190 1375/1599/1231
f 1379/1603/1235 1378/1602/1234 1351/1575/1207
f 1351/1575/1207 1350/1574/1206 1379/1603/1235
s 104
f 1383/1607/1239 1382/1606/1238 1331/1555/1187
f 1331/1555/1187 1330/1554/1186 1383/1607/1239
f 1387/1611/1243 1386/1610/1242 1347/1571/1203
f 1347/1571/1203 1346/1570/1202 1387/1611/1243
f 1389/1642/1245 1371/1616/1227 1386/1615/1242
f 1386/1615/1242 1387/1643/1243 1389/1642/1245
f 1393/1625/1249 1392/1624/1248 1382/1623/1238
f 1382/1623/1238 1383/1626/1239 1393/1625/1249
f 1372/1633/1228 1392/1636/1248 1393/1644/1249
f 1393/1644/1249 1369/1593/1225 1372/1633/1228
s 103
f 1402/1645/1258 1403/1646/1259 1404/1647/1260
f 1404/1647/1260 1405/1648/1261 1402/1645/1258
f 1406/1649/1262 1407/1650/1263 1408/1651/1264
f 1408/1651/1264 1409/1652/1265 1406/1649/1262
f 1410/1653/1266 1411/1654/1267 1412/1655/1268
f 1412/1655/1268 1413/1656/1269 1410/1653/1266
f 1414/1657/1270 1415/1658/1271 1416/1659/1272
f 1416/1659/1272 1417/1660/1273 1414/1657/1270
f 1402/1645/1258 1405/1648/1261 1418/1661/1274
f 1406/1649/1262 1409/1652/1265 1419/1662/1275
f 1410/1653/1266 1413/1656/1269 1420/1663/1276
f 1414/1657/1270 1417/1660/1273 1421/1664/1277
f 1422/1665/1278 1415/1658/1271 1404/1647/1260
f 1404/1647/1260 1423/1666/1279 1422/1665/1278
f 1424/1667/1280 1403/1646/1259 1408/1651/1264
f 1408/1651/1264 1425/1668/1281 1424/1667/1280
f 1426/1669/1282 1407/1650/1263 1412/1655/1268
f 1412/1655/1268 1427/1670/1283 1426/1669/1282
f 1428/1671/1284 1411/1654/1267 1416/1659/1272
f 1416/1659/1272 1429/1672/1285 1428/1671/1284
f 1317/1538/1173 1422/1673/1278 1423/1674/1279
f 1423/1674/1279 1318/1539/1174 1317/1538/1173
f 1318/1539/1174 1424/1675/1280 1425/1676/1281
f 1425/1676/1281 1322/1543/1178 1318/1539/1174
f 1322/1546/1178 1426/1677/1282 1427/1678/1283
f 1427/1678/1283 1325/1547/1181 1322/1546/1178
f 1325/1547/1181 1428/1679/1284 1429/1680/1285
f 1429/1680/1285 1317/1538/1173 1325/1547/1181
f 1409/1652/1265 1408/1651/1264 1403/1646/1259
f 1403/1646/1259 1430/1681/1286 1409/1652/1265
f 1417/1660/1273 1416/1659/1272 1411/1654/1267
f 1411/1654/1267 1431/1682/1287 1417/1660/1273
f 1409/1652/1265 1430/1681/1286 1419/1662/1275
f 1417/1660/1273 1431/1682/1287 1421/1664/1277
f 1426/1669/1282 1425/1668/1281 1408/1651/1264
f 1408/1651/1264 1407/1650/1263 1426/1669/1282
f 1422/1665/1278 1429/1672/1285 1416/1659/1272
f 1416/1659/1272 1415/1658/1271 1422/1665/1278
f 1405/1648/1261 1404/1647/1260 1415/1658/1271
f 1415/1658/1271 1432/1683/1288 1405/1648/1261
f 1413/1656/1269 1412/1655/1268 1407/1650/1263
f 1407/1650/1263 1433/1684/1289 1413/1656/1269
f 1405/1648/1261 1432/1683/1288 1418/1661/1274
f 1413/1656/1269 1433/1684/1289 1420/1663/1276
f 1424/1667/1280 1423/1666/1279 1404/1647/1260
f 1404/1647/1260 1403/1646/1259 1424/1667/1280
f 1428/1671/1284 1427/1670/1283 1412/1655/1268
f 1412/1655/1268 1411/1654/1267 1428/1671/1284
s 105
f 1434/1685/1290 1435/1686/1291 1436/1687/1292
f 1436/1687/1292 1437/1688/1293 1434/1685/1290
f 1438/1689/1294 1439/1690/1295 1440/1691/1296
f 1440/1691/1296 1441/1692/1297 1438/1689/1294
f 1442/1693/1298 1443/1694/1299 1444/1695/1300
f 1444/1695/1300 1445/1696/1301 1442/1693/1298
f 1446/1697/1302 1447/1698/1303 1448/1699/1304
f 1448/1699/1304 1449/1700/1305 1446/1697/1302
f 1434/1685/1290 1450/1701/1306 1435/1686/1291
f 1438/1689/1294 1451/1702/1307 1439/1690/1295
f 1442/1693/1298 1452/1703/1308 1443/1694/1299
f 1446/1697/1302 1453/1704/1309 1447/1698/1303
f 1454/1705/1310 1455/1706/1311 1436/1687/1292
f 1436/1687/1292 1449/1700/1305 1454/1705/1310
f 1456/1707/1312 1457/1708/1313 1440/1691/1296
f 1440/1691/1296 1437/1688/1293 1456/1707/1312
f 1458/1709/1314 1459/1710/1315 1444/1695/1300
f 1444/1695/1300 1441/1692/1297 1458/1709/1314
f 1460/1711/1316 1461/1712/1317 1448/1699/1304
f 1448/1699/1304 1445/1696/1301 1460/1711/1316
f 1439/1690/1295 1462/1713/1318 1437/1688/1293
f 1437/1688/1293 1440/1691/1296 1439/1690/1295
f 1447/1698/1303 1463/1714/1319 1445/1696/1301
f 1445/1696/1301 1448/1699/1304 1447/1698/1303
f 1439/1690/1295 1451/1702/1307 1462/1713/1318
f 1447/1698/1303 1453/1704/1309 1463/1714/1319
f 1458/1709/1314 1441/1692/1297 1440/1691/1296
f 1440/1691/1296 1457/1708/1313 1458/1709/1314
f 1454/1705/1310 1449/1700/1305 1448/1699/1304
f 1448/1699/1304 1461/1712/1317 1454/1705/1310
f 1435/1686/1291 1464/1715/1320 1449/1700/1305
f 1449/1700/1305 1436/1687/1292 1435/1686/1291
f 1443/1694/1299 1465/1716/1321 1441/1692/1297
f 1441/1692/1297 1444/1695/1300 1443/1694/1299
f 1435/1686/1291 1450/1701/1306 1464/1715/1320
f 1443/1694/1299 1452/1703/1308 1465/1716/1321
f 1456/1707/1312 1437/1688/1293 1436/1687/1292
f 1436/1687/1292 1455/1706/1311 1456/1707/1312
f 1460/1711/1316 1445/1696/1301 1444/1695/1300
f 1444/1695/1300 1459/1710/1315 1460/1711/1316
f 1461/1717/1317 1460/1718/1316 1378/1719/1234
f 1378/1719/1234 1379/1720/1235 1461/1717/1317
f 1454/1721/1310 1461/1717/1317 1379/1720/1235
f 1379/1720/1235 1380/1722/1236 1454/1721/1310
f 1455/1723/1311 1454/1721/1310 1380/1722/1236
f 1380/1722/1236 1373/1724/1229 1455/1723/1311
f 1456/1725/1312 1455/1723/1311 1373/1724/1229
f 1373/1724/1229 1374/1726/1230 1456/1725/1312
f 1457/1727/1313 1456/1728/1312 1374/1729/1230
f 1374/1729/1230 1375/1730/1231 1457/1727/1313
f 1458/1731/1314 1457/1727/1313 1375/1730/1231
f 1375/1730/1231 1376/1732/1232 1458/1731/1314
f 1459/1733/1315 1458/1731/1314 1376/1732/1232
f 1376/1732/1232 1377/1734/1233 1459/1733/1315
f 1460/1718/1316 1459/1733/1315 1377/1734/1233
f 1377/1734/1233 1378/1719/1234 1460/1718/1316
s 103
f 1317/1538/1173 1429/1680/1285 1422/1673/1278
f 1318/1539/1174 1423/1674/1279 1424/1675/1280
f 1322/1543/1178 1425/1676/1281 1426/1735/1282
f 1325/1547/1181 1427/1678/1283 1428/1679/1284
s 106
f 1466/1736/1322 1467/1737/1323 1468/1738/1324
f 1468/1738/1324 1469/1739/1325 1466/1736/1322
f 1470/1740/1326 1471/1741/1327 1469/1739/1325
f 1469/1739/1325 1468/1738/1324 1472/1742/1328
f 1470/1740/1326 1469/1739/1325 1472/1742/1328
f 1473/1743/1329 1474/1744/1330 1470/1740/1326
f 1473/1743/1329 1470/1740/1326 1472/1745/1328
f 1473/1743/1329 1472/1745/1328 1475/1746/1331
f 1475/1746/1331 1467/1737/1323 1466/1747/1322
f 1466/1747/1322 1473/1743/1329 1475/1746/1331
f 1466/1736/1322 1469/1739/1325 1476/1748/1332
f 1476/1748/1332 1469/1739/1325 1471/1741/1327
f 1471/1741/1327 1477/1749/1333 1476/1748/1332
f 1471/1741/1327 1474/1744/1330 1477/1749/1333
f 1474/1744/1330 1473/1743/1329 1478/1750/1334
f 1478/1750/1334 1477/1749/1333 1474/1744/1330
f 1473/1743/1329 1466/1747/1322 1476/1751/1332
f 1476/1751/1332 1478/1750/1334 1473/1743/1329
f 1470/1740/1326 1474/1744/1330 1471/1741/1327
s 107
f 1479/1752/1335 1480/1753/1336 1481/1754/1337
f 1481/1754/1337 1482/1755/1338 1479/1752/1335
s 108
f 1483/1756/1339 1484/1757/1340 1485/1758/1341
f 1485/1758/1341 1486/1759/1342 1483/1756/1339
s 107
f 1487/1760/1343 1488/1761/1344 1489/1762/1345
f 1489/1762/1345 1490/1763/1346 1487/1760/1343
s 108
f 1491/1764/1347 1492/1765/1348 1493/1766/1349
f 1493/1766/1349 1494/1767/1350 1491/1764/1347
s 107
f 1495/1768/1351 1496/1769/1352 1497/1770/1353
f 1497/1770/1353 1498/1771/1354 1495/1768/1351
s 108
f 1499/1772/1355 1500/1773/1356 1501/1774/1357
f 1501/1774/1357 1502/1775/1358 1499/1772/1355
s 107
f 1503/1776/1359 1504/1777/1360 1505/1778/1361
f 1505/1778/1361 1506/1779/1362 1503/1776/1359
s 108
f 1507/1780/1363 1508/1781/1364 1509/1782/1365
f 1509/1782/1365 1510/1783/1366 1507/1780/1363
s 107
f 1479/1752/1335 1482/1755/1338 1511/1784/1367
s 108
f 1483/1756/1339 1486/1759/1342 1512/1785/1368
s 107
f 1487/1760/1343 1490/1763/1346 1513/1786/1369
s 108
f 1491/1764/1347 1494/1767/1350 1514/1787/1370
s 107
f 1495/1768/1351 1498/1771/1354 1515/1788/1371
s 108
f 1499/1772/1355 1502/1775/1358 1516/1789/1372
s 107
f 1503/1776/1359 1506/1779/1362 1517/1790/1373
s 108
f 1507/1780/1363 1510/1783/1366 1518/1791/1374
s 107
f 1519/1792/1375 1520/1793/1376 1521/1794/1377
f 1521/1794/1377 1522/1795/1378 1519/1792/1375
s 108
f 1523/1796/1379 1508/1781/1364 1485/1758/1341
f 1485/1758/1341 1524/1797/1380 1523/1796/1379
f 1525/1798/1381 1484/1757/1340 1493/1766/1349
f 1493/1766/1349 1526/1799/1382 1525/1798/1381
f 1527/1800/1383 1492/1765/1348 1501/1774/1357
f 1501/1774/1357 1528/1801/1384 1527/1800/1383
f 1529/1802/1385 1500/1773/1356 1509/1782/1365
f 1509/1782/1365 1530/1803/1386 1529/1802/1385
s 107
f 1531/1804/1387 1488/1761/1344 1481/1754/1337
f 1481/1754/1337 1532/1805/1388 1531/1804/1387
f 1533/1806/1389 1480/1753/1336 1505/1778/1361
f 1505/1778/1361 1534/1807/1390 1533/1806/1389
f 1535/1808/1391 1504/1777/1360 1497/1770/1353
f 1497/1770/1353 1536/1809/1392 1535/1808/1391
f 1537/1810/1393 1496/1769/1352 1489/1762/1345
f 1489/1762/1345 1538/1811/1394 1537/1810/1393
f 1520/1812/1376 1535/1813/1391 1536/1814/1392
f 1536/1814/1392 1521/1815/1377 1520/1812/1376
f 1539/1816/1395 1537/1817/1393 1538/1818/1394
f 1538/1818/1394 1540/1819/1396 1539/1816/1395
f 1541/1820/1397 1531/1821/1387 1532/1822/1388
f 1532/1822/1388 1542/1823/1398 1541/1820/1397
f 1543/1824/1399 1533/1825/1389 1534/1826/1390
f 1534/1826/1390 1519/1827/1375 1543/1824/1399
f 1490/1763/1346 1489/1762/1345 1496/1769/1352
f 1496/1769/1352 1544/1828/1400 1490/1763/1346
s 108
f 1494/1767/1350 1493/1766/1349 1484/1757/1340
f 1484/1757/1340 1545/1829/1401 1494/1767/1350
s 107
f 1506/1779/1362 1505/1778/1361 1480/1753/1336
f 1480/1753/1336 1546/1830/1402 1506/1779/1362
s 108
f 1510/1783/1366 1509/1782/1365 1500/1773/1356
f 1500/1773/1356 1547/1831/1403 1510/1783/1366
s 107
f 1490/1763/1346 1544/1828/1400 1513/1786/1369
s 108
f 1494/1767/1350 1545/1829/1401 1514/1787/1370
s 107
f 1506/1779/1362 1546/1830/1402 1517/1790/1373
s 108
f 1510/1783/1366 1547/1831/1403 1518/1791/1374
s 107
f 1522/1832/1378 1540/1833/1396 1541/1834/1397
f 1541/1834/1397 1542/1835/1398 1522/1832/1378
s 108
f 1527/1800/1383 1526/1799/1382 1493/1766/1349
f 1493/1766/1349 1492/1765/1348 1527/1800/1383
f 1523/1796/1379 1530/1803/1386 1509/1782/1365
f 1509/1782/1365 1508/1781/1364 1523/1796/1379
s 107
f 1535/1808/1391 1534/1807/1390 1505/1778/1361
f 1505/1778/1361 1504/1777/1360 1535/1808/1391
f 1531/1804/1387 1538/1811/1394 1489/1762/1345
f 1489/1762/1345 1488/1761/1344 1531/1804/1387
f 1541/1820/1397 1540/1819/1396 1538/1818/1394
f 1538/1818/1394 1531/1821/1387 1541/1820/1397
f 1520/1812/1376 1519/1827/1375 1534/1826/1390
f 1534/1826/1390 1535/1813/1391 1520/1812/1376
f 1482/1755/1338 1481/1754/1337 1488/1761/1344
f 1488/1761/1344 1548/1836/1404 1482/1755/1338
s 108
f 1486/1759/1342 1485/1758/1341 1508/1781/1364
f 1508/1781/1364 1549/1837/1405 1486/1759/1342
s 107
f 1498/1771/1354 1497/1770/1353 1504/1777/1360
f 1504/1777/1360 1550/1838/1406 1498/1771/1354
s 108
f 1502/1775/1358 1501/1774/1357 1492/1765/1348
f 1492/1765/1348 1551/1839/1407 1502/1775/1358
s 107
f 1482/1755/1338 1548/1836/1404 1511/1784/1367
s 108
f 1486/1759/1342 1549/1837/1405 1512/1785/1368
s 107
f 1498/1771/1354 1550/1838/1406 1515/1788/1371
s 108
f 1502/1775/1358 1551/1839/1407 1516/1789/1372
s 107
f 1522/1795/1378 1521/1794/1377 1539/1840/1395
f 1539/1840/1395 1540/1833/1396 1522/1795/1378
s 108
f 1525/1798/1381 1524/1797/1380 1485/1758/1341
f 1485/1758/1341 1484/1757/1340 1525/1798/1381
f 1529/1802/1385 1528/1801/1384 1501/1774/1357
f 1501/1774/1357 1500/1773/1356 1529/1802/1385
s 107
f 1533/1806/1389 1532/1805/1388 1481/1754/1337
f 1481/1754/1337 1480/1753/1336 1533/1806/1389
f 1537/1810/1393 1536/1809/1392 1497/1770/1353
f 1497/1770/1353 1496/1769/1352 1537/1810/1393
f 1539/1841/1395 1521/1815/1377 1536/1814/1392
f 1536/1814/1392 1537/1842/1393 1539/1841/1395
f 1543/1824/1399 1542/1823/1398 1532/1822/1388
f 1532/1822/1388 1533/1825/1389 1543/1824/1399
f 1522/1832/1378 1542/1835/1398 1543/1843/1399
f 1543/1843/1399 1519/1792/1375 1522/1832/1378
s 106
f 1552/1844/1408 1553/1845/1409 1554/1846/1410
f 1554/1846/1410 1555/1847/1411 1552/1844/1408
f 1556/1848/1412 1557/1849/1413 1558/1850/1414
f 1558/1850/1414 1559/1851/1415 1556/1848/1412
f 1560/1852/1416 1561/1853/1417 1562/1854/1418
f 1562/1854/1418 1563/1855/1419 1560/1852/1416
f 1564/1856/1420 1565/1857/1421 1566/1858/1422
f 1566/1858/1422 1567/1859/1423 1564/1856/1420
f 1552/1844/1408 1555/1847/1411 1568/1860/1424
f 1556/1848/1412 1559/1851/1415 1569/1861/1425
f 1560/1852/1416 1563/1855/1419 1570/1862/1426
f 1564/1856/1420 1567/1859/1423 1571/1863/1427
f 1572/1864/1428 1565/1857/1421 1554/1846/1410
f 1554/1846/1410 1573/1865/1429 1572/1864/1428
f 1574/1866/1430 1553/1845/1409 1558/1850/1414
f 1558/1850/1414 1575/1867/1431 1574/1866/1430
f 1576/1868/1432 1557/1849/1413 1562/1854/1418
f 1562/1854/1418 1577/1869/1433 1576/1868/1432
f 1578/1870/1434 1561/1853/1417 1566/1858/1422
f 1566/1858/1422 1579/1871/1435 1578/1870/1434
f 1467/1737/1323 1572/1872/1428 1573/1873/1429
f 1573/1873/1429 1468/1738/1324 1467/1737/1323
f 1468/1738/1324 1574/1874/1430 1575/1875/1431
f 1575/1875/1431 1472/1742/1328 1468/1738/1324
f 1472/1745/1328 1576/1876/1432 1577/1877/1433
f 1577/1877/1433 1475/1746/1331 1472/1745/1328
f 1475/1746/1331 1578/1878/1434 1579/1879/1435
f 1579/1879/1435 1467/1737/1323 1475/1746/1331
f 1559/1851/1415 1558/1850/1414 1553/1845/1409
f 1553/1845/1409 1580/1880/1436 1559/1851/1415
f 1567/1859/1423 1566/1858/1422 1561/1853/1417
f 1561/1853/1417 1581/1881/1437 1567/1859/1423
f 1559/1851/1415 1580/1880/1436 1569/1861/1425
f 1567/1859/1423 1581/1881/1437 1571/1863/1427
f 1576/1868/1432 1575/1867/1431 1558/1850/1414
f 1558/1850/1414 1557/1849/1413 1576/1868/1432
f 1572/1864/1428 1579/1871/1435 1566/1858/1422
f 1566/1858/1422 1565/1857/1421 1572/1864/1428
f 1555/1847/1411 1554/1846/1410 1565/1857/1421
f 1565/1857/1421 1582/1882/1438 1555/1847/1411
f 1563/1855/1419 1562/1854/1418 1557/1849/1413
f 1557/1849/1413 1583/1883/1439 1563/1855/1419
f 1555/1847/1411 1582/1882/1438 1568/1860/1424
f 1563/1855/1419 1583/1883/1439 1570/1862/1426
f 1574/1866/1430 1573/1865/1429 1554/1846/1410
f 1554/1846/1410 1553/1845/1409 1574/1866/1430
f 1578/1870/1434 1577/1869/1433 1562/1854/1418
f 1562/1854/1418 1561/1853/1417 1578/1870/1434
s 108
f 1584/1884/1440 1585/1885/1441 1586/1886/1442
f 1586/1886/1442 1587/1887/1443 1584/1884/1440
f 1588/1888/1444 1589/1889/1445 1590/1890/1446
f 1590/1890/1446 1591/1891/1447 1588/1888/1444
f 1592/1892/1448 1593/1893/1449 1594/1894/1450
f 1594/1894/1450 1595/1895/1451 1592/1892/1448
f 1596/1896/1452 1597/1897/1453 1598/1898/1454
f 1598/1898/1454 1599/1899/1455 1596/1896/1452
f 1584/1884/1440 1600/1900/1456 1585/1885/1441
f 1588/1888/1444 1601/1901/1457 1589/1889/1445
f 1592/1892/1448 1602/1902/1458 1593/1893/1449
f 1596/1896/1452 1603/1903/1459 1597/1897/1453
f 1604/1904/1460 1605/1905/1461 1586/1886/1442
f 1586/1886/1442 1599/1899/1455 1604/1904/1460
f 1606/1906/1462 1607/1907/1463 1590/1890/1446
f 1590/1890/1446 1587/1887/1443 1606/1906/1462
f 1608/1908/1464 1609/1909/1465 1594/1894/1450
f 1594/1894/1450 1591/1891/1447 1608/1908/1464
f 1610/1910/1466 1611/1911/1467 1598/1898/1454
f 1598/1898/1454 1595/1895/1451 1610/1910/1466
f 1589/1889/1445 1612/1912/1468 1587/1887/1443
f 1587/1887/1443 1590/1890/1446 1589/1889/1445
f 1597/1897/1453 1613/1913/1469 1595/1895/1451
f 1595/1895/1451 1598/1898/1454 1597/1897/1453
f 1589/1889/1445 1601/1901/1457 1612/1912/1468
f 1597/1897/1453 1603/1903/1459 1613/1913/1469
f 1608/1908/1464 1591/1891/1447 1590/1890/1446
f 1590/1890/1446 1607/1907/1463 1608/1908/1464
f 1604/1904/1460 1599/1899/1455 1598/1898/1454
f 1598/1898/1454 1611/1911/1467 1604/1904/1460
f 1585/1885/1441 1614/1914/1470 1599/1899/1455
f 1599/1899/1455 1586/1886/1442 1585/1885/1441
f 1593/1893/1449 1615/1915/1471 1591/1891/1447
f 1591/1891/1447 1594/1894/1450 1593/1893/1449
f 1585/1885/1441 1600/1900/1456 1614/1914/1470
f 1593/1893/1449 1602/1902/1458 1615/1915/1471
f 1606/1906/1462 1587/1887/1443 1586/1886/1442
f 1586/1886/1442 1605/1905/1461 1606/1906/1462
f 1610/1910/1466 1595/1895/1451 1594/1894/1450
f 1594/1894/1450 1609/1909/1465 1610/1910/1466
f 1611/1916/1467 1610/1917/1466 1528/1918/1384
f 1528/1918/1384 1529/1919/1385 1611/1916/1467
f 1604/1920/1460 1611/1916/1467 1529/1919/1385
f 1529/1919/1385 1530/1921/1386 1604/1920/1460
f 1605/1922/1461 1604/1920/1460 1530/1921/1386
f 1530/1921/1386 1523/1923/1379 1605/1922/1461
f 1606/1924/1462 1605/1922/1461 1523/1923/1379
f 1523/1923/1379 1524/1925/1380 1606/1924/1462
f 1607/1926/1463 1606/1927/1462 1524/1928/1380
f 1524/1928/1380 1525/1929/1381 1607/1926/1463
f 1608/1930/1464 1607/1926/1463 1525/1929/1381
f 1525/1929/1381 1526/1931/1382 1608/1930/1464
f 1609/1932/1465 1608/1930/1464 1526/1931/1382
f 1526/1931/1382 1527/1933/1383 1609/1932/1465
f 1610/1917/1466 1609/1932/1465 1527/1933/1383
f 1527/1933/1383 1528/1918/1384 1610/1917/1466
s 106
f 1467/1737/1323 1579/1879/1435 1572/1872/1428
f 1468/1738/1324 1573/1873/1429 1574/1874/1430
f 1472/1742/1328 1575/1875/1431 1576/1934/1432
f 1475/1746/1331 1577/1877/1433 1578/1878/1434
s 109
f 1616/1935/1472 1617/1936/1473 1618/1937/1474
f 1618/1937/1474 1619/1938/1475 1616/1935/1472
f 1620/1939/1476 1621/1940/1477 1619/1938/1475
f 1619/1938/1475 1618/1937/1474 1622/1941/1478
f 1620/1939/1476 1619/1938/1475 1622/1941/1478
f 1623/1942/1479 1624/1943/1480 1620/1939/1476
f 1623/1942/1479 1620/1939/1476 1622/1944/1478
f 1623/1942/1479 1622/1944/1478 1625/1945/1481
f 1625/1945/1481 1617/1936/1473 1616/1946/1472
f 1616/1946/1472 1623/1942/1479 1625/1945/1481
f 1616/1935/1472 1619/1938/1475 1626/1947/1482
f 1626/1947/1482 1619/1938/1475 1621/1940/1477
f 1621/1940/1477 1627/1948/1483 1626/1947/1482
f 1621/1940/1477 1624/1943/1480 1627/1948/1483
f 1624/1943/1480 1623/1942/1479 1628/1949/1484
f 1628/1949/1484 1627/1948/1483 1624/1943/1480
f 1623/1942/1479 1616/1946/1472 1626/1950/1482
f 1626/1950/1482 1628/1949/1484 1623/1942/1479
f 1620/1939/1476 1624/1943/1480 1621/1940/1477
s 110
f 1629/1951/1485 1630/1952/1486 1631/1953/1487
f 1631/1953/1487 1632/1954/1488 1629/1951/1485
s 111
f 1633/1955/1489 1634/1956/1490 1635/1957/1491
f 1635/1957/1491 1636/1958/1492 1633/1955/1489
s 110
f 1637/1959/1493 1638/1960/1494 1639/1961/1495
f 1639/1961/1495 1640/1962/1496 1637/1959/1493
s 111
f 1641/1963/1497 1642/1964/1498 1643/1965/1499
f 1643/1965/1499 1644/1966/1500 1641/1963/1497
s 110
f 1645/1967/1501 1646/1968/1502 1647/1969/1503
f 1647/1969/1503 1648/1970/1504 1645/1967/1501
s 111
f 1649/1971/1505 1650/1972/1506 1651/1973/1507
f 1651/1973/1507 1652/1974/1508 1649/1971/1505
s 110
f 1653/1975/1509 1654/1976/1510 1655/1977/1511
f 1655/1977/1511 1656/1978/1512 1653/1975/1509
s 111
f 1657/1979/1513 1658/1980/1514 1659/1981/1515
f 1659/1981/1515 1660/1982/1516 1657/1979/1513
s 110
f 1629/1951/1485 1632/1954/1488 1661/1983/1517
s 111
f 1633/1955/1489 1636/1958/1492 1662/1984/1518
s 110
f 1637/1959/1493 1640/1962/1496 1663/1985/1519
s 111
f 1641/1963/1497 1644/1966/1500 1664/1986/1520
s 110
f 1645/1967/1501 1648/1970/1504 1665/1987/1521
s 111
f 1649/1971/1505 1652/1974/1508 1666/1988/1522
s 110
f 1653/1975/1509 1656/1978/1512 1667/1989/1523
s 111
f 1657/1979/1513 1660/1982/1516 1668/1990/1524
s 110
f 1669/1991/1525 1670/1992/1526 1671/1993/1527
f 1671/1993/1527 1672/1994/1528 1669/1991/1525
s 111
f 1673/1995/1529 1658/1980/1514 1635/1957/1491
f 1635/1957/1491 1674/1996/1530 1673/1995/1529
f 1675/1997/1531 1634/1956/1490 1643/1965/1499
f 1643/1965/1499 1676/1998/1532 1675/1997/1531
f 1677/1999/1533 1642/1964/1498 1651/1973/1507
f 1651/1973/1507 1678/2000/1534 1677/1999/1533
f 1679/2001/1535 1650/1972/1506 1659/1981/1515
f 1659/1981/1515 1680/2002/1536 1679/2001/1535
s 110
f 1681/2003/1537 1638/1960/1494 1631/1953/1487
f 1631/1953/1487 1682/2004/1538 1681/2003/1537
f 1683/2005/1539 1630/1952/1486 1655/1977/1511
f 1655/1977/1511 1684/2006/1540 1683/2005/1539
f 1685/2007/1541 1654/1976/1510 1647/1969/1503
f 1647/1969/1503 1686/2008/1542 1685/2007/1541
f 1687/2009/1543 1646/1968/1502 1639/1961/1495
f 1639/1961/1495 1688/2010/1544 1687/2009/1543
f 1670/2011/1526 1685/2012/1541 1686/2013/1542
f 1686/2013/1542 1671/2014/1527 1670/2011/1526
f 1689/2015/1545 1687/2016/1543 1688/2017/1544
f 1688/2017/1544 1690/2018/1546 1689/2015/1545
f 1691/2019/1547 1681/2020/1537 1682/2021/1538
f 1682/2021/1538 1692/2022/1548 1691/2019/1547
f 1693/2023/1549 1683/2024/1539 1684/2025/1540
f 1684/2025/1540 1669/2026/1525 1693/2023/1549
f 1640/1962/1496 1639/1961/1495 1646/1968/1502
f 1646/1968/1502 1694/2027/1550 1640/1962/1496
s 111
f 1644/1966/1500 1643/1965/1499 1634/1956/1490
f 1634/1956/1490 1695/2028/1551 1644/1966/1500
s 110
f 1656/1978/1512 1655/1977/1511 1630/1952/1486
f 1630/1952/1486 1696/2029/1552 1656/1978/1512
s 111
f 1660/1982/1516 1659/1981/1515 1650/1972/1506
f 1650/1972/1506 1697/2030/1553 1660/1982/1516
s 110
f 1640/1962/1496 1694/2027/1550 1663/1985/1519
s 111
f 1644/1966/1500 1695/2028/1551 1664/1986/1520
s 110
f 1656/1978/1512 1696/2029/1552 1667/1989/1523
s 111
f 1660/1982/1516 1697/2030/1553 1668/1990/1524
s 110
f 1672/2031/1528 1690/2032/1546 1691/2033/1547
f 1691/2033/1547 1692/2034/1548 1672/2031/1528
s 111
f 1677/1999/1533 1676/1998/1532 1643/1965/1499
f 1643/1965/1499 1642/1964/1498 1677/1999/1533
f 1673/1995/1529 1680/2002/1536 1659/1981/1515
f 1659/1981/1515 1658/1980/1514 1673/1995/1529
s 110
f 1685/2007/1541 1684/2006/1540 1655/1977/1511
f 1655/1977/1511 1654/1976/1510 1685/2007/1541
f 1681/2003/1537 1688/2010/1544 1639/1961/1495
f 1639/1961/1495 1638/1960/1494 1681/2003/1537
f 1691/2019/1547 1690/2018/1546 1688/2017/1544
f 1688/2017/1544 1681/2020/1537 1691/2019/1547
f 1670/2011/1526 1669/2026/1525 1684/2025/1540
f 1684/2025/1540 1685/2012/1541 1670/2011/1526
f 1632/1954/1488 1631/1953/1487 1638/1960/1494
f 1638/1960/1494 1698/2035/1554 1632/1954/1488
s 111
f 1636/1958/1492 1635/1957/1491 1658/1980/1514
f 1658/1980/1514 1699/2036/1555 1636/1958/1492
s 110
f 1648/1970/1504 1647/1969/1503 1654/1976/1510
f 1654/1976/1510 1700/2037/1556 1648/1970/1504
s 111
f 1652/1974/1508 1651/1973/1507 1642/1964/1498
f 1642/1964/1498 1701/2038/1557 1652/1974/1508
s 110
f 1632/1954/1488 1698/2035/1554 1661/1983/1517
s 111
f 1636/1958/1492 1699/2036/1555 1662/1984/1518
s 110
f 1648/1970/1504 1700/2037/1556 1665/1987/1521
s 111
f 1652/1974/1508 1701/2038/1557 1666/1988/1522
s 110
f 1672/1994/1528 1671/1993/1527 1689/2039/1545
f 1689/2039/1545 1690/2032/1546 1672/1994/1528
s 111
f 1675/1997/1531 1674/1996/1530 1635/1957/1491
f 1635/1957/1491 1634/1956/1490 1675/1997/1531
f 1679/2001/1535 1678/2000/1534 1651/1973/1507
f 1651/1973/1507 1650/1972/1506 1679/2001/1535
s 110
f 1683/2005/1539 1682/2004/1538 1631/1953/1487
f 1631/1953/1487 1630/1952/1486 1683/2005/1539
f 1687/2009/1543 1686/2008/1542 1647/1969/1503
f 1647/1969/1503 1646/1968/1502 1687/2009/1543
f 1689/2040/1545 1671/2014/1527 1686/2013/1542
f 1686/2013/1542 1687/2041/1543 1689/2040/1545
f 1693/2023/1549 1692/2022/1548 1682/2021/1538
f 1682/2021/1538 1683/2024/1539 1693/2023/1549
f 1672/2031/1528 1692/2034/1548 1693/2042/1549
f 1693/2042/1549 1669/1991/1525 1672/2031/1528
s 109
f 1702/2043/1558 1703/2044/1559 1704/2045/1560
f 1704/2045/1560 1705/2046/1561 1702/2043/1558
f 1706/2047/1562 1707/2048/1563 1708/2049/1564
f 1708/2049/1564 1709/2050/1565 1706/2047/1562
f 1710/2051/1566 1711/2052/1567 1712/2053/1568
f 1712/2053/1568 1713/2054/1569 1710/2051/1566
f 1714/2055/1570 1715/2056/1571 1716/2057/1572
f 1716/2057/1572 1717/2058/1573 1714/2055/1570
f 1702/2043/1558 1705/2046/1561 1718/2059/1574
f 1706/2047/1562 1709/2050/1565 1719/2060/1575
f 1710/2051/1566 1713/2054/1569 1720/2061/1576
f 1714/2055/1570 1717/2058/1573 1721/2062/1577
f 1722/2063/1578 1715/2056/1571 1704/2045/1560
f 1704/2045/1560 1723/2064/1579 1722/2063/1578
f 1724/2065/1580 1703/2044/1559 1708/2049/1564
f 1708/2049/1564 1725/2066/1581 1724/2065/1580
f 1726/2067/1582 1707/2048/1563 1712/2053/1568
f 1712/2053/1568 1727/2068/1583 1726/2067/1582
f 1728/2069/1584 1711/2052/1567 1716/2057/1572
f 1716/2057/1572 1729/2070/1585 1728/2069/1584
f 1617/1936/1473 1722/2071/1578 1723/2072/1579
f 1723/2072/1579 1618/1937/1474 1617/1936/1473
f 1618/1937/1474 1724/2073/1580 1725/2074/1581
f 1725/2074/1581 1622/1941/1478 1618/1937/1474
f 1622/1944/1478 1726/2075/1582 1727/2076/1583
f 1727/2076/1583 1625/1945/1481 1622/1944/1478
f 1625/1945/1481 1728/2077/1584 1729/2078/1585
f 1729/2078/1585 1617/1936/1473 1625/1945/1481
f 1709/2050/1565 1708/2049/1564 1703/2044/1559
f 1703/2044/1559 1730/2079/1586 1709/2050/1565
f 1717/2058/1573 1716/2057/1572 1711/2052/1567
f 1711/2052/1567 1731/2080/1587 1717/2058/1573
f 1709/2050/1565 1730/2079/1586 1719/2060/1575
f 1717/2058/1573 1731/2080/1587 1721/2062/1577
f 1726/2067/1582 1725/2066/1581 1708/2049/1564
f 1708/2049/1564 1707/2048/1563 1726/2067/1582
f 1722/2063/1578 1729/2070/1585 1716/2057/1572
f 1716/2057/1572 1715/2056/1571 1722/2063/1578
f 1705/2046/1561 1704/2045/1560 1715/2056/1571
f 1715/2056/1571 1732/2081/1588 1705/2046/1561
f 1713/2054/1569 1712/2053/1568 1707/2048/1563
f 1707/2048/1563 1733/2082/1589 1713/2054/1569
f 1705/2046/1561 1732/2081/1588 1718/2059/1574
f 1713/2054/1569 1733/2082/1589 1720/2061/1576
f 1724/2065/1580 1723/2064/1579 1704/2045/1560
f 1704/2045/1560 1703/2044/1559 1724/2065/1580
f 1728/2069/1584 1727/2068/1583 1712/2053/1568
f 1712/2053/1568 1711/2052/1567 1728/2069/1584
s 111
f 1734/2083/1590 1735/2084/1591 1736/2085/1592
f 1736/2085/1592 1737/2086/1593 1734/2083/1590
f 1738/2087/1594 1739/2088/1595 1740/2089/1596
f 1740/2089/1596 1741/2090/1597 1738/2087/1594
f 1742/2091/1598 1743/2092/1599 1744/2093/1600
f 1744/2093/1600 1745/2094/1601 1742/2091/1598
f 1746/2095/1602 1747/2096/1603 1748/2097/1604
f 1748/2097/1604 1749/2098/1605 1746/2095/1602
f 1734/2083/1590 1750/2099/1606 1735/2084/1591
f 1738/2087/1594 1751/2100/1607 1739/2088/1595
f 1742/2091/1598 1752/2101/1608 1743/2092/1599
f 1746/2095/1602 1753/2102/1609 1747/2096/1603
f 1754/2103/1610 1755/2104/1611 1736/2085/1592
f 1736/2085/1592 1749/2098/1605 1754/2103/1610
f 1756/2105/1612 1757/2106/1613 1740/2089/1596
f 1740/2089/1596 1737/2086/1593 1756/2105/1612
f 1758/2107/1614 1759/2108/1615 1744/2093/1600
f 1744/2093/1600 1741/2090/1597 1758/2107/1614
f 1760/2109/1616 1761/2110/1617 1748/2097/1604
f 1748/2097/1604 1745/2094/1601 1760/2109/1616
f 1739/2088/1595 1762/2111/1618 1737/2086/1593
f 1737/2086/1593 1740/2089/1596 1739/2088/1595
f 1747/2096/1603 1763/2112/1619 1745/2094/1601
f 1745/2094/1601 1748/2097/1604 1747/2096/1603
f 1739/2088/1595 1751/2100/1607 1762/2111/1618
f 1747/2096/1603 1753/2102/1609 1763/2112/1619
f 1758/2107/1614 1741/2090/1597 1740/2089/1596
f 1740/2089/1596 1757/2106/1613 1758/2107/1614
f 1754/2103/1610 1749/2098/1605 1748/2097/1604
f 1748/2097/1604 1761/2110/1617 1754/2103/1610
f 1735/2084/1591 1764/2113/1620 1749/2098/1605
f 1749/2098/1605 1736/2085/1592 1735/2084/1591
f 1743/2092/1599 1765/2114/1621 1741/2090/1597
f 1741/2090/1597 1744/2093/1600 1743/2092/1599
f 1735/2084/1591 1750/2099/1606 1764/2113/1620
f 1743/2092/1599 1752/2101/1608 1765/2114/1621
f 1756/2105/1612 1737/2086/1593 1736/2085/1592
f 1736/2085/1592 1755/2104/1611 1756/2105/1612
f 1760/2109/1616 1745/2094/1601 1744/2093/1600
f 1744/2093/1600 1759/2108/1615 1760/2109/1616
f 1761/2115/1617 1760/2116/1616 1678/2117/1534
f 1678/2117/1534 1679/2118/1535 1761/2115/1617
f 1754/2119/1610 1761/2115/1617 1679/2118/1535
f 1679/2118/1535 1680/2120/1536 1754/2119/1610
f 1755/2121/1611 1754/2119/1610 1680/2120/1536
f 1680/2120/1536 1673/2122/1529 1755/2121/1611
f 1756/2123/1612 1755/2121/1611 1673/2122/1529
f 1673/2122/1529 1674/2124/1530 1756/2123/1612
f 1757/2125/1613 1756/2126/1612 1674/2127/1530
f 1674/2127/1530 1675/2128/1531 1757/2125/1613
f 1758/2129/1614 1757/2125/1613 1675/2128/1531
f 1675/2128/1531 1676/2130/1532 1758/2129/1614
f 1759/2131/1615 1758/2129/1614 1676/2130/1532
f 1676/2130/1532 1677/2132/1533 1759/2131/1615
f 1760/2116/1616 1759/2131/1615 1677/2132/1533
f 1677/2132/1533 1678/2117/1534 1760/2116/1616
s 109
f 1617/1936/1473 1729/2078/1585 1722/2071/1578
f 1618/1937/1474 1723/2072/1579 1724/2073/1580
f 1622/1941/1478 1725/2074/1581 1726/2133/1582
f 1625/1945/1481 1727/2076/1583 1728/2077/1584
s 112
f 1766/2134/1622 1767/2135/1623 1768/2136/1624
f 1768/2136/1624 1769/2137/1625 1766/2134/1622
f 1770/2138/1626 1771/2139/1627 1769/2137/1625
f 1769/2137/1625 1768/2136/1624 1772/2140/1628
f 1770/2138/1626 1769/2137/1625 1772/2140/1628
f 1773/2141/1629 1774/2142/1630 1770/2138/1626
f 1773/2141/1629 1770/2138/1626 1772/2143/1628
f 1773/2141/1629 1772/2143/1628 1775/2144/1631
f 1775/2144/1631 1767/2135/1623 1766/2145/1622
f 1766/2145/1622 1773/2141/1629 1775/2144/1631
f 1766/2134/1622 1769/2137/1625 1776/2146/1632
f 1776/2146/1632 1769/2137/1625 1771/2139/1627
f 1771/2139/1627 1777/2147/1633 1776/2146/1632
f 1771/2139/1627 1774/2142/1630 1777/2147/1633
f 1774/2142/1630 1773/2141/1629 1778/2148/1634
f 1778/2148/1634 1777/2147/1633 1774/2142/1630
f 1773/2141/1629 1766/2145/1622 1776/2149/1632
f 1776/2149/1632 1778/2148/1634 1773/2141/1629
f 1770/2138/1626 1774/2142/1630 1771/2139/1627
s 113
f 1779/2150/1635 1780/2151/1636 1781/2152/1637
f 1781/2152/1637 1782/2153/1638 1779/2150/1635
s 114
f 1783/2154/1639 1784/2155/1640 1785/2156/1641
f 1785/2156/1641 1786/2157/1642 1783/2154/1639
s 113
f 1787/2158/1643 1788/2159/1644 1789/2160/1645
f 1789/2160/1645 1790/2161/1646 1787/2158/1643
s 114
f 1791/2162/1647 1792/2163/1648 1793/2164/1649
f 1793/2164/1649 1794/2165/1650 1791/2162/1647
s 113
f 1795/2166/1651 1796/2167/1652 1797/2168/1653
f 1797/2168/1653 1798/2169/1654 1795/2166/1651
s 114
f 1799/2170/1655 1800/2171/1656 1801/2172/1657
f 1801/2172/1657 1802/2173/1658 1799/2170/1655
s 113
f 1803/2174/1659 1804/2175/1660 1805/2176/1661
f 1805/2176/1661 1806/2177/1662 1803/2174/1659
s 114
f 1807/2178/1663 1808/2179/1664 1809/2180/1665
f 1809/2180/1665 1810/2181/1666 1807/2178/1663
s 113
f 1779/2150/1635 1782/2153/1638 1811/2182/1667
s 114
f 1783/2154/1639 1786/2157/1642 1812/2183/1668
s 113
f 1787/2158/1643 1790/2161/1646 1813/2184/1669
s 114
f 1791/2162/1647 1794/2165/1650 1814/2185/1670
s 113
f 1795/2166/1651 1798/2169/1654 1815/2186/1671
s 114
f 1799/2170/1655 1802/2173/1658 1816/2187/1672
s 113
f 1803/2174/1659 1806/2177/1662 1817/2188/1673
s 114
f 1807/2178/1663 1810/2181/1666 1818/2189/1674
s 113
f 1819/2190/1675 1820/2191/1676 1821/2192/1677
f 1821/2192/1677 1822/2193/1678 1819/2190/1675
s 114
f 1823/2194/1679 1808/2179/1664 1785/2156/1641
f 1785/2156/1641 1824/2195/1680 1823/2194/1679
f 1825/2196/1681 1784/2155/1640 1793/2164/1649
f 1793/2164/1649 1826/2197/1682 1825/2196/1681
f 1827/2198/1683 1792/2163/1648 1801/2172/1657
f 1801/2172/1657 1828/2199/1684 1827/2198/1683
f 1829/2200/1685 1800/2171/1656 1809/2180/1665
f 1809/2180/1665 1830/2201/1686 1829/2200/1685
s 113
f 1831/2202/1687 1788/2159/1644 1781/2152/1637
f 1781/2152/1637 1832/2203/1688 1831/2202/1687
f 1833/2204/1689 1780/2151/1636 1805/2176/1661
f 1805/2176/1661 1834/2205/1690 1833/2204/1689
f 1835/2206/1691 1804/2175/1660 1797/2168/1653
f 1797/2168/1653 1836/2207/1692 1835/2206/1691
f 1837/2208/1693 1796/2167/1652 1789/2160/1645
f 1789/2160/1645 1838/2209/1694 1837/2208/1693
f 1820/2210/1676 1835/2211/1691 1836/2212/1692
f 1836/2212/1692 1821/2213/1677 1820/2210/1676
f 1839/2214/1695 1837/2215/1693 1838/2216/1694
f 1838/2216/1694 1840/2217/1696 1839/2214/1695
f 1841/2218/1697 1831/2219/1687 1832/2220/1688
f 1832/2220/1688 1842/2221/1698 1841/2218/1697
f 1843/2222/1699 1833/2223/1689 1834/2224/1690
f 1834/2224/1690 1819/2225/1675 1843/2222/1699
f 1790/2161/1646 1789/2160/1645 1796/2167/1652
f 1796/2167/1652 1844/2226/1700 1790/2161/1646
s 114
f 1794/2165/1650 1793/2164/1649 1784/2155/1640
f 1784/2155/1640 1845/2227/1701 1794/2165/1650
s 113
f 1806/2177/1662 1805/2176/1661 1780/2151/1636
f 1780/2151/1636 1846/2228/1702 1806/2177/1662
s 114
f 1810/2181/1666 1809/2180/1665 1800/2171/1656
f 1800/2171/1656 1847/2229/1703 1810/2181/1666
s 113
f 1790/2161/1646 1844/2226/1700 1813/2184/1669
s 114
f 1794/2165/1650 1845/2227/1701 1814/2185/1670
s 113
f 1806/2177/1662 1846/2228/1702 1817/2188/1673
s 114
f 1810/2181/1666 1847/2229/1703 1818/2189/1674
s 113
f 1822/2230/1678 1840/2231/1696 1841/2232/1697
f 1841/2232/1697 1842/2233/1698 1822/2230/1678
s 114
f 1827/2198/1683 1826/2197/1682 1793/2164/1649
f 1793/2164/1649 1792/2163/1648 1827/2198/1683
f 1823/2194/1679 1830/2201/1686 1809/2180/1665
f 1809/2180/1665 1808/2179/1664 1823/2194/1679
s 113
f 1835/2206/1691 1834/2205/1690 1805/2176/1661
f 1805/2176/1661 1804/2175/1660 1835/2206/1691
f 1831/2202/1687 1838/2209/1694 1789/2160/1645
f 1789/2160/1645 1788/2159/1644 1831/2202/1687
f 1841/2218/1697 1840/2217/1696 1838/2216/1694
f 1838/2216/1694 1831/2219/1687 1841/2218/1697
f 1820/2210/1676 1819/2225/1675 1834/2224/1690
f 1834/2224/1690 1835/2211/1691 1820/2210/1676
f 1782/2153/1638 1781/2152/1637 1788/2159/1644
f 1788/2159/1644 1848/2234/1704 1782/2153/1638
s 114
f 1786/2157/1642 1785/2156/1641 1808/2179/1664
f 1808/2179/1664 1849/2235/1705 1786/2157/1642
s 113
f 1798/2169/1654 1797/2168/1653 1804/2175/1660
f 1804/2175/1660 1850/2236/1706 1798/2169/1654
s 114
f 1802/2173/1658 1801/2172/1657 1792/2163/1648
f 1792/2163/1648 1851/2237/1707 1802/2173/1658
s 113
f 1782/2153/1638 1848/2234/1704 1811/2182/1667
s 114
f 1786/2157/1642 1849/2235/1705 1812/2183/1668
s 113
f 1798/2169/1654 1850/2236/1706 1815/2186/1671
s 114
f 1802/2173/1658 1851/2237/1707 1816/2187/1672
s 113
f 1822/2193/1678 1821/2192/1677 1839/2238/1695
f 1839/2238/1695 1840/2231/1696 1822/2193/1678
s 114
f 1825/2196/1681 1824/2195/1680 1785/2156/1641
f 1785/2156/1641 1784/2155/1640 1825/2196/1681
f 1829/2200/1685 1828/2199/1684 1801/2172/1657
f 1801/2172/1657 1800/2171/1656 1829/2200/1685
s 113
f 1833/2204/1689 1832/2203/1688 1781/2152/1637
f 1781/2152/1637 1780/2151/1636 1833/2204/1689
f 1837/2208/1693 1836/2207/1692 1797/2168/1653
f 1797/2168/1653 1796/2167/1652 1837/2208/1693
f 1839/2239/1695 1821/2213/1677 1836/2212/1692
f 1836/2212/1692 1837/2240/1693 1839/2239/1695
f 1843/2222/1699 1842/2221/1698 1832/2220/1688
f 1832/2220/1688 1833/2223/1689 1843/2222/1699
f 1822/2230/1678 1842/2233/1698 1843/2241/1699
f 1843/2241/1699 1819/2190/1675 1822/2230/1678
s 112
f 1852/2242/1708 1853/2243/1709 1854/2244/1710
f 1854/2244/1710 1855/2245/1711 1852/2242/1708
f 1856/2246/1712 1857/2247/1713 1858/2248/1714
f 1858/2248/1714 1859/2249/1715 1856/2246/1712
f 1860/2250/1716 1861/2251/1717 1862/2252/1718
f 1862/2252/1718 1863/2253/1719 1860/2250/1716
f 1864/2254/1720 1865/2255/1721 1866/2256/1722
f 1866/2256/1722 1867/2257/1723 1864/2254/1720
f 1852/2242/1708 1855/2245/1711 1868/2258/1724
f 1856/2246/1712 1859/2249/1715 1869/2259/1725
f 1860/2250/1716 1863/2253/1719 1870/2260/1726
f 1864/2254/1720 1867/2257/1723 1871/2261/1727
f 1872/2262/1728 1865/2255/1721 1854/2244/1710
f 1854/2244/1710 1873/2263/1729 1872/2262/1728
f 1874/2264/1730 1853/2243/1709 1858/2248/1714
f 1858/2248/1714 1875/2265/1731 1874/2264/1730
f 1876/2266/1732 1857/2247/1713 1862/2252/1718
f 1862/2252/1718 1877/2267/1733 1876/2266/1732
f 1878/2268/1734 1861/2251/1717 1866/2256/1722
f 1866/2256/1722 1879/2269/1735 1878/2268/1734
f 1767/2135/1623 1872/2270/1728 1873/2271/1729
f 1873/2271/1729 1768/2136/1624 1767/2135/1623
f 1768/2136/1624 1874/2272/1730 1875/2273/1731
f 1875/2273/1731 1772/2140/1628 1768/2136/1624
f 1772/2143/1628 1876/2274/1732 1877/2275/1733
f 1877/2275/1733 1775/2144/1631 1772/2143/1628
f 1775/2144/1631 1878/2276/1734 1879/2277/1735
f 1879/2277/1735 1767/2135/1623 1775/2144/1631
f 1859/2249/1715 1858/2248/1714 1853/2243/1709
f 1853/2243/1709 1880/2278/1736 1859/2249/1715
f 1867/2257/1723 1866/2256/1722 1861/2251/1717
f 1861/2251/1717 1881/2279/1737 1867/2257/1723
f 1859/2249/1715 1880/2278/1736 1869/2259/1725
f 1867/2257/1723 1881/2279/1737 1871/2261/1727
f 1876/2266/1732 1875/2265/1731 1858/2248/1714
f 1858/2248/1714 1857/2247/1713 1876/2266/1732
f 1872/2262/1728 1879/2269/1735 1866/2256/1722
f 1866/2256/1722 1865/2255/1721 1872/2262/1728
f 1855/2245/1711 1854/2244/1710 1865/2255/1721
f 1865/2255/1721 1882/2280/1738 1855/2245/1711
f 1863/2253/1719 1862/2252/1718 1857/2247/1713
f 1857/2247/1713 1883/2281/1739 1863/2253/1719
f 1855/2245/1711 1882/2280/1738 1868/2258/1724
f 1863/2253/1719 1883/2281/1739 1870/2260/1726
f 1874/2264/1730 1873/2263/1729 1854/2244/1710
f 1854/2244/1710 1853/2243/1709 1874/2264/1730
f 1878/2268/1734 1877/2267/1733 1862/2252/1718
f 1862/2252/1718 1861/2251/1717 1878/2268/1734
s 114
f 1884/2282/1740 1885/2283/1741 1886/2284/1742
f 1886/2284/1742 1887/2285/1743 1884/2282/1740
f 1888/2286/1744 1889/2287/1745 1890/2288/1746
f 1890/2288/1746 1891/2289/1747 1888/2286/1744
f 1892/2290/1748 1893/2291/1749 1894/2292/1750
f 1894/2292/1750 1895/2293/1751 1892/2290/1748
f 1896/2294/1752 1897/2295/1753 1898/2296/1754
f 1898/2296/1754 1899/2297/1755 1896/2294/1752
f 1884/2282/1740 1900/2298/1756 1885/2283/1741
f 1888/2286/1744 1901/2299/1757 1889/2287/1745
f 1892/2290/1748 1902/2300/1758 1893/2291/1749
f 1896/2294/1752 1903/2301/1759 1897/2295/1753
f 1904/2302/1760 1905/2303/1761 1886/2284/1742
f 1886/2284/1742 1899/2297/1755 1904/2302/1760
f 1906/2304/1762 1907/2305/1763 1890/2288/1746
f 1890/2288/1746 1887/2285/1743 1906/2304/1762
f 1908/2306/1764 1909/2307/1765 1894/2292/1750
f 1894/2292/1750 1891/2289/1747 1908/2306/1764
f 1910/2308/1766 1911/2309/1767 1898/2296/1754
f 1898/2296/1754 1895/2293/1751 1910/2308/1766
f 1889/2287/1745 1912/2310/1768 1887/2285/1743
f 1887/2285/1743 1890/2288/1746 1889/2287/1745
f 1897/2295/1753 1913/2311/1769 1895/2293/1751
f 1895/2293/1751 1898/2296/1754 1897/2295/1753
f 1889/2287/1745 1901/2299/1757 1912/2310/1768
f 1897/2295/1753 1903/2301/1759 1913/2311/1769
f 1908/2306/1764 1891/2289/1747 1890/2288/1746
f 1890/2288/1746 1907/2305/1763 1908/2306/1764
f 1904/2302/1760 1899/2297/1755 1898/2296/1754
f 1898/2296/1754 1911/2309/1767 1904/2302/1760
f 1885/2283/1741 1914/2312/1770 1899/2297/1755
f 1899/2297/1755 1886/2284/1742 1885/2283/1741
f 1893/2291/1749 1915/2313/1771 1891/2289/1747
f 1891/2289/1747 1894/2292/1750 1893/2291/1749
f 1885/2283/1741 1900/2298/1756 1914/2312/1770
f 1893/2291/1749 1902/2300/1758 1915/2313/1771
f 1906/2304/1762 1887/2285/1743 1886/2284/1742
f 1886/2284/1742 1905/2303/1761 1906/2304/1762
f 1910/2308/1766 1895/2293/1751 1894/2292/1750
f 1894/2292/1750 1909/2307/1765 1910/2308/1766
f 1911/2314/1767 1910/2315/1766 1828/2316/1684
f 1828/2316/1684 1829/2317/1685 1911/2314/1767
f 1904/2318/1760 1911/2314/1767 1829/2317/1685
f 1829/2317/1685 1830/2319/1686 1904/2318/1760
f 1905/2320/1761 1904/2318/1760 1830/2319/1686
f 1830/2319/1686 1823/2321/1679 1905/2320/1761
f 1906/2322/1762 1905/2320/1761 1823/2321/1679
f 1823/2321/1679 1824/2323/1680 1906/2322/1762
f 1907/2324/1763 1906/2325/1762 1824/2326/1680
f 1824/2326/1680 1825/2327/1681 1907/2324/1763
f 1908/2328/1764 1907/2324/1763 1825/2327/1681
f 1825/2327/1681 1826/2329/1682 1908/2328/1764
f 1909/2330/1765 1908/2328/1764 1826/2329/1682
f 1826/2329/1682 1827/2331/1683 1909/2330/1765
f 1910/2315/1766 1909/2330/1765 1827/2331/1683
f 1827/2331/1683 1828/2316/1684 1910/2315/1766
s 112
f 1767/2135/1623 1879/2277/1735 1872/2270/1728
f 1768/2136/1624 1873/2271/1729 1874/2272/1730
f 1772/2140/1628 1875/2273/1731 1876/2332/1732
f 1775/2144/1631 1877/2275/1733 1878/2276/1734
s 115
f 1916/2333/1772 1917/2334/1773 1918/2335/1774
f 1918/2335/1774 1919/2336/1775 1916/2333/1772
s 116
f 1920/2337/1776 1921/2338/1777 1919/2336/1778
f 1919/2336/1778 1918/2335/1774 1922/2339/1779
f 1920/2337/1776 1919/2336/1778 1922/2339/1779
s 117
f 1923/2340/1780 1924/2341/1781 1920/2337/1782
f 1923/2340/1780 1920/2337/1782 1922/2342/1779
f 1923/2340/1780 1922/2342/1779 1925/2343/1783
s 118
f 1925/2343/1784 1917/2334/1773 1916/2344/1785
f 1916/2344/1785 1923/2340/1786 1925/2343/1784
s 119
f 1916/2333/1772 1919/2336/1787 1926/2345/1788
s 120
f 1926/2345/1788 1919/2336/1789 1921/2338/1777
s 121
f 1921/2338/1777 1927/2346/1790 1926/2345/1788
s 122
f 1921/2338/1777 1924/2341/1791 1927/2346/1792
s 123
f 1924/2341/1781 1923/2340/1793 1928/2347/1794
f 1928/2347/1794 1927/2346/1790 1924/2341/1781
s 124
f 1923/2340/1793 1916/2344/1795 1926/2348/1788
f 1926/2348/1788 1928/2347/1794 1923/2340/1793
s 125
f 1920/2337/1782 1924/2341/1781 1921/2338/1777
s 126
f 1929/2349/1796 1930/2350/1797 1931/2351/1798
f 1931/2351/1798 1932/2352/1799 1929/2349/1796
s 127
f 1933/2353/1800 1934/2354/1801 1935/2355/1802
f 1935/2355/1802 1936/2356/1803 1933/2353/1800
s 128
f 1937/2357/1804 1938/2358/1805 1939/2359/1806
f 1939/2359/1806 1940/2360/1807 1937/2357/1804
s 129
f 1941/2361/1808 1942/2362/1809 1943/2363/1810
f 1943/2363/1810 1944/2364/1811 1941/2361/1808
s 130
f 1945/2365/1812 1946/2366/1813 1947/2367/1814
f 1947/2367/1814 1948/2368/1815 1945/2365/1812
s 131
f 1949/2369/1816 1950/2370/1817 1951/2371/1818
f 1951/2371/1818 1952/2372/1819 1949/2369/1816
s 132
f 1953/2373/1820 1954/2374/1821 1955/2375/1822
f 1955/2375/1822 1956/2376/1823 1953/2373/1820
s 133
f 1957/2377/1824 1958/2378/1825 1959/2379/1826
f 1959/2379/1826 1960/2380/1827 1957/2377/1824
s 134
f 1929/2349/1796 1932/2352/1799 1961/2381/1828
s 135
f 1933/2353/1800 1936/2356/1803 1962/2382/1829
s 136
f 1937/2357/1804 1940/2360/1830 1963/2383/1831
s 137
f 1941/2361/1832 1944/2364/1811 1964/2384/1833
s 138
f 1945/2365/1812 1948/2368/1834 1965/2385/1835
s 139
f 1949/2369/1836 1952/2372/1837 1966/2386/1838
s 140
f 1953/2373/1820 1956/2376/1823 1967/2387/1839
s 141
f 1957/2377/1824 1960/2380/1827 1968/2388/1840
s 142
f 1969/2389/1841 1970/2390/1842 1971/2391/1843
f 1971/2391/1843 1972/2392/1844 1969/2389/1841
s 143
f 1973/2393/1845 1958/2378/1825 1935/2355/1802
f 1935/2355/1802 1974/2394/1846 1973/2393/1845
s 144
f 1975/2395/1847 1934/2354/1848 1943/2363/1810
f 1943/2363/1810 1976/2396/1849 1975/2395/1847
s 145
f 1977/2397/1850 1942/2362/1809 1951/2371/1851
f 1951/2371/1851 1978/2398/1852 1977/2397/1850
s 146
f 1979/2399/1853 1950/2370/1817 1959/2379/1854
f 1959/2379/1854 1980/2400/1855 1979/2399/1853
s 147
f 1981/2401/1856 1938/2358/1857 1931/2351/1798
f 1931/2351/1798 1982/2402/1858 1981/2401/1856
s 148
f 1983/2403/1859 1930/2350/1797 1955/2375/1822
f 1955/2375/1822 1984/2404/1860 1983/2403/1859
s 149
f 1985/2405/1861 1954/2374/1821 1947/2367/1814
f 1947/2367/1814 1986/2406/1862 1985/2405/1861
s 150
f 1987/2407/1863 1946/2366/1864 1939/2359/1806
f 1939/2359/1806 1988/2408/1865 1987/2407/1863
s 151
f 1970/2409/1866 1985/2410/1861 1986/2411/1867
f 1986/2411/1867 1971/2412/1843 1970/2409/1866
s 152
f 1989/2413/1868 1987/2414/1869 1988/2415/1865
f 1988/2415/1865 1990/2416/1870 1989/2413/1868
s 153
f 1991/2417/1871 1981/2418/1872 1982/2419/1873
f 1982/2419/1873 1992/2420/1874 1991/2417/1871
s 154
f 1993/2421/1875 1983/2422/1876 1984/2423/1860
f 1984/2423/1860 1969/2424/1841 1993/2421/1875
s 155
f 1940/2360/1830 1939/2359/1806 1946/2366/1813
f 1946/2366/1813 1994/2425/1877 1940/2360/1830
s 156
f 1944/2364/1811 1943/2363/1810 1934/2354/1801
f 1934/2354/1801 1995/2426/1878 1944/2364/1811
s 157
f 1956/2376/1879 1955/2375/1822 1930/2350/1880
f 1930/2350/1880 1996/2427/1881 1956/2376/1879
s 158
f 1960/2380/1827 1959/2379/1854 1950/2370/1817
f 1950/2370/1817 1997/2428/1882 1960/2380/1827
s 159
f 1940/2360/1830 1994/2425/1877 1963/2383/1831
s 160
f 1944/2364/1811 1995/2426/1883 1964/2384/1833
s 161
f 1956/2376/1879 1996/2427/1881 1967/2387/1839
s 162
f 1960/2380/1884 1997/2428/1882 1968/2388/1840
s 142
f 1972/2429/1844 1990/2430/1870 1991/2431/1871
f 1991/2431/1871 1992/2432/1885 1972/2429/1844
s 163
f 1977/2397/1850 1976/2396/1849 1943/2363/1810
f 1943/2363/1810 1942/2362/1886 1977/2397/1850
s 164
f 1973/2393/1845 1980/2400/1887 1959/2379/1888
f 1959/2379/1888 1958/2378/1825 1973/2393/1845
s 165
f 1985/2405/1889 1984/2404/1860 1955/2375/1822
f 1955/2375/1822 1954/2374/1821 1985/2405/1889
s 166
f 1981/2401/1856 1988/2408/1890 1939/2359/1806
f 1939/2359/1806 1938/2358/1857 1981/2401/1856
s 167
f 1991/2417/1891 1990/2416/1870 1988/2415/1892
f 1988/2415/1892 1981/2418/1872 1991/2417/1891
s 168
f 1970/2409/1866 1969/2424/1841 1984/2423/1860
f 1984/2423/1860 1985/2410/1893 1970/2409/1866
s 169
f 1932/2352/1799 1931/2351/1798 1938/2358/1805
f 1938/2358/1805 1998/2433/1894 1932/2352/1799
s 170
f 1936/2356/1895 1935/2355/1802 1958/2378/1825
f 1958/2378/1825 1999/2434/1896 1936/2356/1895
s 171
f 1948/2368/1834 1947/2367/1814 1954/2374/1821
f 1954/2374/1821 2000/2435/1897 1948/2368/1834
s 172
f 1952/2372/1819 1951/2371/1851 1942/2362/1886
f 1942/2362/1886 2001/2436/1898 1952/2372/1819
s 173
f 1932/2352/1799 1998/2433/1894 1961/2381/1828
s 174
f 1936/2356/1895 1999/2434/1896 1962/2382/1829
s 175
f 1948/2368/1815 2000/2435/1897 1965/2385/1899
s 176
f 1952/2372/1819 2001/2436/1900 1966/2386/1901
s 142
f 1972/2392/1844 1971/2391/1843 1989/2437/1902
f 1989/2437/1902 1990/2430/1870 1972/2392/1844
s 177
f 1975/2395/1847 1974/2394/1846 1935/2355/1903
f 1935/2355/1903 1934/2354/1801 1975/2395/1847
s 178
f 1979/2399/1853 1978/2398/1904 1951/2371/1851
f 1951/2371/1851 1950/2370/1817 1979/2399/1853
s 179
f 1983/2403/1876 1982/2402/1858 1931/2351/1798
f 1931/2351/1798 1930/2350/1797 1983/2403/1876
s 180
f 1987/2407/1863 1986/2406/1905 1947/2367/1814
f 1947/2367/1814 1946/2366/1813 1987/2407/1863
s 181
f 1989/2438/1906 1971/2412/1843 1986/2411/1905
f 1986/2411/1905 1987/2439/1907 1989/2438/1906
s 182
f 1993/2421/1908 1992/2420/1874 1982/2419/1858
f 1982/2419/1858 1983/2422/1859 1993/2421/1908
s 142
f 1972/2429/1844 1992/2432/1885 1993/2440/1875
f 1993/2440/1875 1969/2389/1841 1972/2429/1844
s 183
f 2002/2441/1909 2003/2442/1910 2004/2443/1911
f 2004/2443/1911 2005/2444/1912 2002/2441/1909
s 184
f 2006/2445/1913 2007/2446/1914 2008/2447/1915
f 2008/2447/1915 2009/2448/1916 2006/2445/1913
s 185
f 2010/2449/1917 2011/2450/1918 2012/2451/1919
f 2012/2451/1919 2013/2452/1920 2010/2449/1917
s 186
f 2014/2453/1921 2015/2454/1922 2016/2455/1923
f 2016/2455/1923 2017/2456/1924 2014/2453/1921
s 187
f 2002/2441/1909 2005/2444/1925 2018/2457/1926
s 188
f 2006/2445/1927 2009/2448/1916 2019/2458/1928
s 189
f 2010/2449/1917 2013/2452/1920 2020/2459/1929
s 190
f 2014/2453/1921 2017/2456/1930 2021/2460/1931
s 191
f 2022/2461/1932 2015/2454/1922 2004/2443/1933
f 2004/2443/1933 2023/2462/1934 2022/2461/1932
s 192
f 2024/2463/1935 2003/2442/1910 2008/2447/1915
f 2008/2447/1915 2025/2464/1936 2024/2463/1935
s 193
f 2026/2465/1937 2007/2446/1914 2012/2451/1938
f 2012/2451/1938 2027/2466/1939 2026/2465/1937
s 194
f 2028/2467/1940 2011/2450/1918 2016/2455/1923
f 2016/2455/1923 2029/2468/1941 2028/2467/1940
s 195
f 1917/2334/1773 2022/2469/1932 2023/2470/1942
f 2023/2470/1942 1918/2335/1774 1917/2334/1773
s 196
f 1918/2335/1774 2024/2471/1935 2025/2472/1936
f 2025/2472/1936 1922/2339/1943 1918/2335/1774
s 197
f 1922/2342/1779 2026/2473/1937 2027/2474/1944
f 2027/2474/1944 1925/2343/1783 1922/2342/1779
s 198
f 1925/2343/1783 2028/2475/1940 2029/2476/1941
f 2029/2476/1941 1917/2334/1773 1925/2343/1783
s 199
f 2009/2448/1916 2008/2447/1915 2003/2442/1910
f 2003/2442/1910 2030/2477/1945 2009/2448/1916
s 200
f 2017/2456/1924 2016/2455/1923 2011/2450/1918
f 2011/2450/1918 2031/2478/1946 2017/2456/1924
s 201
f 2009/2448/1916 2030/2477/1947 2019/2458/1928
s 202
f 2017/2456/1924 2031/2478/1946 2021/2460/1948
s 203
f 2026/2465/1937 2025/2464/1949 2008/2447/1915
f 2008/2447/1915 2007/2446/1914 2026/2465/1937
s 204
f 2022/2461/1932 2029/2468/1941 2016/2455/1923
f 2016/2455/1923 2015/2454/1922 2022/2461/1932
s 205
f 2005/2444/1912 2004/2443/1911 2015/2454/1922
f 2015/2454/1922 2032/2479/1950 2005/2444/1912
s 206
f 2013/2452/1920 2012/2451/1919 2007/2446/1914
f 2007/2446/1914 2033/2480/1951 2013/2452/1920
s 207
f 2005/2444/1912 2032/2479/1952 2018/2457/1926
s 208
f 2013/2452/1920 2033/2480/1951 2020/2459/1929
s 209
f 2024/2463/1935 2023/2462/1953 2004/2443/1954
f 2004/2443/1954 2003/2442/1910 2024/2463/1935
s 210
f 2028/2467/1940 2027/2466/1939 2012/2451/1938
f 2012/2451/1938 2011/2450/1918 2028/2467/1940
s 211
f 2034/2481/1955 2035/2482/1956 2036/2483/1957
s 212
f 2036/2483/1958 2037/2484/1959 2034/2481/1955
s 213
f 2038/2485/1960 2039/2486/1961 2040/2487/1962
s 214
f 2040/2487/1963 2041/2488/1964 2038/2485/1960
s 215
f 2042/2489/1965 2043/2490/1966 2044/2491/1967
s 216
f 2044/2491/1968 2045/2492/1969 2042/2489/1970
s 217
f 2046/2493/1971 2047/2494/1972 2048/2495/1973
s 218
f 2048/2495/1973 2049/2496/1974 2046/2493/1971
s 219
f 2034/2481/1955 2050/2497/1975 2035/2482/1956
s 220
f 2038/2485/1960 2051/2498/1976 2039/2486/1961
s 221
f 2042/2489/1977 2052/2499/1978 2043/2490/1979
s 222
f 2046/2493/1971 2053/2500/1980 2047/2494/1972
s 223
f 2054/2501/1981 2055/2502/1982 2036/2483/1958
f 2036/2483/1958 2049/2496/1974 2054/2501/1981
s 224
f 2056/2503/1983 2057/2504/1984 2040/2487/1985
f 2040/2487/1985 2037/2484/1959 2056/2503/1983
s 225
f 2058/2505/1986 2059/2506/1987 2044/2491/1988
f 2044/2491/1988 2041/2488/1964 2058/2505/1986
s 226
f 2060/2507/1989 2061/2508/1990 2048/2495/1973
f 2048/2495/1973 2045/2492/1991 2060/2507/1989
s 227
f 2039/2486/1961 2062/2509/1992 2037/2484/1959
s 228
f 2037/2484/1959 2040/2487/1993 2039/2486/1961
s 229
f 2047/2494/1972 2063/2510/1994 2045/2492/1995
s 230
f 2045/2492/1969 2048/2495/1996 2047/2494/1972
s 231
f 2039/2486/1961 2051/2498/1997 2062/2509/1992
s 232
f 2047/2494/1972 2053/2500/1980 2063/2510/1998
s 233
f 2058/2505/1999 2041/2488/1964 2040/2487/1985
f 2040/2487/1985 2057/2504/1984 2058/2505/1999
s 234
f 2054/2501/1981 2049/2496/1974 2048/2495/1973
f 2048/2495/1973 2061/2508/1990 2054/2501/1981
s 235
f 2035/2482/2000 2064/2511/2001 2049/2496/1974
s 236
f 2049/2496/2002 2036/2483/1958 2035/2482/1956
s 237
f 2043/2490/1966 2065/2512/2003 2041/2488/1964
s 238
f 2041/2488/2004 2044/2491/1967 2043/2490/1966
s 239
f 2035/2482/1956 2050/2497/2005 2064/2511/2001
s 240
f 2043/2490/1966 2052/2499/1978 2065/2512/2003
s 241
f 2056/2503/2006 2037/2484/1959 2036/2483/1958
f 2036/2483/1958 2055/2502/1982 2056/2503/2006
s 242
f 2060/2507/2007 2045/2492/2008 2044/2491/1967
f 2044/2491/1967 2059/2506/1987 2060/2507/2007
s 243
f 2061/2513/2009 2060/2514/2007 1978/2515/1904
f 1978/2515/1904 1979/2516/1853 2061/2513/2009
s 244
f 2054/2517/1981 2061/2513/2010 1979/2516/2011
f 1979/2516/2011 1980/2518/1887 2054/2517/1981
s 245
f 2055/2519/1982 2054/2517/2012 1980/2518/1855
f 1980/2518/1855 1973/2520/2013 2055/2519/1982
s 246
f 2056/2521/2014 2055/2519/2015 1973/2520/2016
f 1973/2520/2016 1974/2522/1846 2056/2521/2014
s 247
f 2057/2523/1984 2056/2524/2014 1974/2525/1846
f 1974/2525/1846 1975/2526/1847 2057/2523/1984
s 248
f 2058/2527/1999 2057/2523/1984 1975/2526/1847
f 1975/2526/1847 1976/2528/1849 2058/2527/1999
s 249
f 2059/2529/1987 2058/2527/1999 1976/2528/1849
f 1976/2528/1849 1977/2530/2017 2059/2529/1987
s 250
f 2060/2514/2018 2059/2529/1987 1977/2530/2019
f 1977/2530/2019 1978/2515/1904 2060/2514/2018
s 251
f 1917/2334/1773 2029/2476/1941 2022/2469/2020
s 252
f 1918/2335/2021 2023/2470/1942 2024/2471/1935
s 253
f 1922/2339/1943 2025/2472/1936 2026/2531/2022
s 254
f 1925/2343/1783 2027/2474/1939 2028/2475/1940
s 255
f 2066/2532/2023 2067/2533/2024 2068/2534/2025
f 2068/2534/2025 2069/2535/2026 2066/2532/2023
s 256
f 2070/2536/2027 2071/2537/2028 2069/2535/2026
f 2069/2535/2026 2068/2534/2025 2072/2538/2029
f 2070/2536/2027 2069/2535/2026 2072/2538/2029
s 257
f 2073/2539/2030 2074/2540/2031 2070/2536/2032
f 2073/2539/2030 2070/2536/2032 2072/2541/2033
f 2073/2539/2030 2072/2541/2033 2075/2542/2034
s 258
f 2075/2542/2034 2067/2533/2024 2066/2543/2035
f 2066/2543/2035 2073/2539/2030 2075/2542/2034
s 259
f 2066/2532/2035 2069/2535/2036 2076/2544/2037
s 260
f 2076/2544/2038 2069/2535/2036 2071/2537/2039
s 261
f 2071/2537/2039 2077/2545/2040 2076/2544/2041
s 262
f 2071/2537/2028 2074/2540/2031 2077/2545/2042
s 263
f 2074/2540/2043 2073/2539/2030 2078/2546/2044
f 2078/2546/2044 2077/2545/2045 2074/2540/2043
s 264
f 2073/2539/2046 2066/2543/2047 2076/2547/2038
f 2076/2547/2038 2078/2546/2048 2073/2539/2046
s 265
f 2070/2536/2027 2074/2540/2031 2071/2537/2039
s 266
f 2079/2548/2049 2080/2549/2050 2081/2550/2051
f 2081/2550/2051 2082/2551/2052 2079/2548/2049
s 267
f 2083/2552/2053 2084/2553/2054 2085/2554/2055
f 2085/2554/2055 2086/2555/2056 2083/2552/2053
s 268
f 2087/2556/2057 2088/2557/2058 2089/2558/2059
f 2089/2558/2059 2090/2559/2060 2087/2556/2057
s 269
f 2091/2560/2061 2092/2561/2062 2093/2562/2063
f 2093/2562/2063 2094/2563/2064 2091/2560/2061
s 270
f 2095/2564/2065 2096/2565/2066 2097/2566/2067
f 2097/2566/2067 2098/2567/2068 2095/2564/2065
s 271
f 2099/2568/2069 2100/2569/2070 2101/2570/2071
f 2101/2570/2071 2102/2571/2072 2099/2568/2069
s 272
f 2103/2572/2073 2104/2573/2074 2105/2574/2075
f 2105/2574/2075 2106/2575/2076 2103/2572/2073
s 273
f 2107/2576/2077 2108/2577/2078 2109/2578/2079
f 2109/2578/2079 2110/2579/2080 2107/2576/2077
s 274
f 2079/2548/2049 2082/2551/2052 2111/2580/2081
s 275
f 2083/2552/2053 2086/2555/2056 2112/2581/2082
s 276
f 2087/2556/2057 2090/2559/2083 2113/2582/2084
s 277
f 2091/2560/2061 2094/2563/2085 2114/2583/2086
s 278
f 2095/2564/2087 2098/2567/2088 2115/2584/2089
s 279
f 2099/2568/2069 2102/2571/2090 2116/2585/2091
s 280
f 2103/2572/2073 2106/2575/2076 2117/2586/2092
s 281
f 2107/2576/2077 2110/2579/2093 2118/2587/2094
s 282
f 2119/2588/2095 2120/2589/2096 2121/2590/2097
f 2121/2590/2097 2122/2591/2098 2119/2588/2095
s 283
f 2123/2592/2099 2108/2577/2078 2085/2554/2055
f 2085/2554/2055 2124/2593/2100 2123/2592/2099
s 284
f 2125/2594/2101 2084/2553/2102 2093/2562/2063
f 2093/2562/2063 2126/2595/2103 2125/2594/2101
s 285
f 2127/2596/2104 2092/2561/2105 2101/2570/2071
f 2101/2570/2071 2128/2597/2106 2127/2596/2104
s 286
f 2129/2598/2107 2100/2569/2070 2109/2578/2079
f 2109/2578/2079 2130/2599/2108 2129/2598/2107
s 287
f 2131/2600/2109 2088/2557/2110 2081/2550/2051
f 2081/2550/2051 2132/2601/2111 2131/2600/2109
s 288
f 2133/2602/2112 2080/2549/2050 2105/2574/2075
f 2105/2574/2075 2134/2603/2113 2133/2602/2112
s 289
f 2135/2604/2114 2104/2573/2074 2097/2566/2067
f 2097/2566/2067 2136/2605/2115 2135/2604/2114
s 290
f 2137/2606/2116 2096/2565/2066 2089/2558/2117
f 2089/2558/2117 2138/2607/2118 2137/2606/2116
s 291
f 2120/2608/2096 2135/2609/2119 2136/2610/2120
f 2136/2610/2120 2121/2611/2121 2120/2608/2096
s 292
f 2139/2612/2122 2137/2613/2123 2138/2614/2124
f 2138/2614/2124 2140/2615/2125 2139/2612/2122
s 293
f 2141/2616/2126 2131/2617/2127 2132/2618/2128
f 2132/2618/2128 2142/2619/2129 2141/2616/2126
s 294
f 2143/2620/2130 2133/2621/2131 2134/2622/2132
f 2134/2622/2132 2119/2623/2095 2143/2620/2130
s 295
f 2090/2559/2060 2089/2558/2059 2096/2565/2066
f 2096/2565/2066 2144/2624/2133 2090/2559/2060
s 296
f 2094/2563/2085 2093/2562/2063 2084/2553/2054
f 2084/2553/2054 2145/2625/2134 2094/2563/2085
s 297
f 2106/2575/2076 2105/2574/2135 2080/2549/2050
f 2080/2549/2050 2146/2626/2136 2106/2575/2076
s 298
f 2110/2579/2080 2109/2578/2079 2100/2569/2070
f 2100/2569/2070 2147/2627/2137 2110/2579/2080
s 299
f 2090/2559/2060 2144/2624/2133 2113/2582/2138
s 300
f 2094/2563/2085 2145/2625/2139 2114/2583/2140
s 301
f 2106/2575/2076 2146/2626/2136 2117/2586/2141
s 302
f 2110/2579/2093 2147/2627/2137 2118/2587/2094
s 282
f 2122/2628/2098 2140/2629/2125 2141/2630/2142
f 2141/2630/2142 2142/2631/2143 2122/2628/2098
s 303
f 2127/2596/2104 2126/2595/2103 2093/2562/2144
f 2093/2562/2144 2092/2561/2062 2127/2596/2104
s 304
f 2123/2592/2099 2130/2599/2145 2109/2578/2146
f 2109/2578/2146 2108/2577/2147 2123/2592/2099
s 305
f 2135/2604/2148 2134/2603/2113 2105/2574/2135
f 2105/2574/2135 2104/2573/2074 2135/2604/2148
s 306
f 2131/2600/2149 2138/2607/2118 2089/2558/2117
f 2089/2558/2117 2088/2557/2110 2131/2600/2149
s 307
f 2141/2616/2150 2140/2615/2125 2138/2614/2151
f 2138/2614/2151 2131/2617/2152 2141/2616/2150
s 308
f 2120/2608/2153 2119/2623/2095 2134/2622/2132
f 2134/2622/2132 2135/2609/2148 2120/2608/2153
s 309
f 2082/2551/2052 2081/2550/2051 2088/2557/2058
f 2088/2557/2058 2148/2632/2154 2082/2551/2052
s 310
f 2086/2555/2056 2085/2554/2055 2108/2577/2078
f 2108/2577/2078 2149/2633/2155 2086/2555/2056
s 311
f 2098/2567/2088 2097/2566/2156 2104/2573/2074
f 2104/2573/2074 2150/2634/2157 2098/2567/2088
s 312
f 2102/2571/2090 2101/2570/2158 2092/2561/2062
f 2092/2561/2062 2151/2635/2159 2102/2571/2090
s 313
f 2082/2551/2052 2148/2632/2154 2111/2580/2081
s 314
f 2086/2555/2056 2149/2633/2155 2112/2581/2082
s 315
f 2098/2567/2088 2150/2634/2157 2115/2584/2089
s 316
f 2102/2571/2160 2151/2635/2161 2116/2585/2091
s 282
f 2122/2591/2098 2121/2590/2097 2139/2636/2162
f 2139/2636/2162 2140/2629/2125 2122/2591/2098
s 317
f 2125/2594/2163 2124/2593/2164 2085/2554/2055
f 2085/2554/2055 2084/2553/2054 2125/2594/2163
s 318
f 2129/2598/2165 2128/2597/2166 2101/2570/2167
f 2101/2570/2167 2100/2569/2168 2129/2598/2165
s 319
f 2133/2602/2112 2132/2601/2111 2081/2550/2051
f 2081/2550/2051 2080/2549/2050 2133/2602/2112
s 320
f 2137/2606/2116 2136/2605/2115 2097/2566/2156
f 2097/2566/2156 2096/2565/2066 2137/2606/2116
s 321
f 2139/2637/2169 2121/2611/2170 2136/2610/2115
f 2136/2610/2115 2137/2638/2171 2139/2637/2169
s 322
f 2143/2620/2130 2142/2619/2172 2132/2618/2111
f 2132/2618/2111 2133/2621/2112 2143/2620/2130
s 282
f 2122/2628/2098 2142/2631/2143 2143/2639/2130
f 2143/2639/2130 2119/2588/2095 2122/2628/2098
s 323
f 2152/2640/2173 2153/2641/2174 2154/2642/2175
f 2154/2642/2175 2155/2643/2176 2152/2640/2173
s 324
f 2156/2644/2177 2157/2645/2178 2158/2646/2179
f 2158/2646/2179 2159/2647/2180 2156/2644/2177
s 325
f 2160/2648/2181 2161/2649/2182 2162/2650/2183
f 2162/2650/2183 2163/2651/2184 2160/2648/2181
s 326
f 2164/2652/2185 2165/2653/2186 2166/2654/2187
f 2166/2654/2187 2167/2655/2188 2164/2652/2185
s 327
f 2152/2640/2189 2155/2643/2176 2168/2656/2190
s 328
f 2156/2644/2191 2159/2647/2192 2169/2657/2193
s 329
f 2160/2648/2181 2163/2651/2194 2170/2658/2195
s 330
f 2164/2652/2185 2167/2655/2196 2171/2659/2197
s 331
f 2172/2660/2198 2165/2653/2186 2154/2642/2175
f 2154/2642/2175 2173/2661/2199 2172/2660/2198
s 332
f 2174/2662/2200 2153/2641/2201 2158/2646/2202
f 2158/2646/2202 2175/2663/2203 2174/2662/2200
s 333
f 2176/2664/2204 2157/2645/2178 2162/2650/2205
f 2162/2650/2205 2177/2665/2206 2176/2664/2204
s 334
f 2178/2666/2207 2161/2649/2182 2166/2654/2187
f 2166/2654/2187 2179/2667/2208 2178/2666/2207
s 335
f 2067/2533/2024 2172/2668/2209 2173/2669/2199
f 2173/2669/2199 2068/2534/2210 2067/2533/2024
s 336
f 2068/2534/2025 2174/2670/2200 2175/2671/2211
f 2175/2671/2211 2072/2538/2212 2068/2534/2025
s 337
f 2072/2541/2212 2176/2672/2204 2177/2673/2213
f 2177/2673/2213 2075/2542/2034 2072/2541/2212
s 338
f 2075/2542/2214 2178/2674/2215 2179/2675/2208
f 2179/2675/2208 2067/2533/2024 2075/2542/2214
s 339
f 2159/2647/2192 2158/2646/2202 2153/2641/2201
f 2153/2641/2201 2180/2676/2216 2159/2647/2192
s 340
f 2167/2655/2188 2166/2654/2187 2161/2649/2217
f 2161/2649/2217 2181/2677/2218 2167/2655/2188
s 341
f 2159/2647/2219 2180/2676/2216 2169/2657/2193
s 342
f 2167/2655/2196 2181/2677/2220 2171/2659/2197
s 343
f 2176/2664/2221 2175/2663/2211 2158/2646/2179
f 2158/2646/2179 2157/2645/2178 2176/2664/2221
s 344
f 2172/2660/2198 2179/2667/2208 2166/2654/2222
f 2166/2654/2222 2165/2653/2186 2172/2660/2198
s 345
f 2155/2643/2176 2154/2642/2223 2165/2653/2186
f 2165/2653/2186 2182/2678/2224 2155/2643/2176
s 346
f 2163/2651/2184 2162/2650/2183 2157/2645/2178
f 2157/2645/2178 2183/2679/2225 2163/2651/2184
s 347
f 2155/2643/2176 2182/2678/2224 2168/2656/2226
s 348
f 2163/2651/2194 2183/2679/2225 2170/2658/2227
s 349
f 2174/2662/2200 2173/2661/2199 2154/2642/2175
f 2154/2642/2175 2153/2641/2201 2174/2662/2200
s 350
f 2178/2666/2207 2177/2665/2228 2162/2650/2183
f 2162/2650/2183 2161/2649/2229 2178/2666/2207
s 351
f 2184/2680/2230 2185/2681/2231 2186/2682/2232
s 352
f 2186/2682/2233 2187/2683/2234 2184/2680/2235
s 353
f 2188/2684/2236 2189/2685/2237 2190/2686/2238
s 354
f 2190/2686/2238 2191/2687/2239 2188/2684/2240
s 355
f 2192/2688/2241 2193/2689/2242 2194/2690/2243
s 356
f 2194/2690/2244 2195/2691/2245 2192/2688/2246
s 357
f 2196/2692/2247 2197/2693/2248 2198/2694/2249
s 358
f 2198/2694/2250 2199/2695/2251 2196/2692/2247
s 359
f 2184/2680/2235 2200/2696/2252 2185/2681/2231
s 360
f 2188/2684/2236 2201/2697/2253 2189/2685/2237
s 361
f 2192/2688/2241 2202/2698/2254 2193/2689/2255
s 362
f 2196/2692/2247 2203/2699/2256 2197/2693/2248
s 363
f 2204/2700/2257 2205/2701/2258 2186/2682/2232
f 2186/2682/2232 2199/2695/2251 2204/2700/2257
s 364
f 2206/2702/2259 2207/2703/2260 2190/2686/2261
f 2190/2686/2261 2187/2683/2234 2206/2702/2259
s 365
f 2208/2704/2262 2209/2705/2263 2194/2690/2243
f 2194/2690/2243 2191/2687/2264 2208/2704/2262
s 366
f 2210/2706/2265 2211/2707/2266 2198/2694/2249
f 2198/2694/2249 2195/2691/2245 2210/2706/2265
s 367
f 2189/2685/2237 2212/2708/2267 2187/2683/2234
s 368
f 2187/2683/2234 2190/2686/2238 2189/2685/2237
s 369
f 2197/2693/2248 2213/2709/2268 2195/2691/2269
s 370
f 2195/2691/2245 2198/2694/2250 2197/2693/2248
s 371
f 2189/2685/2237 2201/2697/2253 2212/2708/2267
s 372
f 2197/2693/2248 2203/2699/2256 2213/2709/2268
s 373
f 2208/2704/2262 2191/2687/2264 2190/2686/2238
f 2190/2686/2238 2207/2703/2260 2208/2704/2262
s 374
f 2204/2700/2257 2199/2695/2251 2198/2694/2249
f 2198/2694/2249 2211/2707/2266 2204/2700/2257
s 375
f 2185/2681/2231 2214/2710/2270 2199/2695/2251
s 376
f 2199/2695/2251 2186/2682/2233 2185/2681/2271
s 377
f 2193/2689/2242 2215/2711/2272 2191/2687/2264
s 378
f 2191/2687/2264 2194/2690/2243 2193/2689/2242
s 379
f 2185/2681/2231 2200/2696/2273 2214/2710/2270
s 380
f 2193/2689/2242 2202/2698/2274 2215/2711/2272
s 381
f 2206/2702/2275 2187/2683/2234 2186/2682/2232
f 2186/2682/2232 2205/2701/2258 2206/2702/2275
s 382
f 2210/2706/2276 2195/2691/2277 2194/2690/2243
f 2194/2690/2243 2209/2705/2263 2210/2706/2276
s 383
f 2211/2712/2266 2210/2713/2276 2128/2714/2278
f 2128/2714/2278 2129/2715/2165 2211/2712/2266
s 384
f 2204/2716/2257 2211/2712/2266 2129/2715/2165
f 2129/2715/2165 2130/2717/2145 2204/2716/2257
s 385
f 2205/2718/2279 2204/2716/2280 2130/2717/2145
f 2130/2717/2145 2123/2719/2281 2205/2718/2279
s 386
f 2206/2720/2259 2205/2718/2258 2123/2719/2282
f 2123/2719/2282 2124/2721/2164 2206/2720/2259
s 387
f 2207/2722/2283 2206/2723/2284 2124/2724/2164
f 2124/2724/2164 2125/2725/2163 2207/2722/2283
s 388
f 2208/2726/2285 2207/2722/2286 2125/2725/2163
f 2125/2725/2163 2126/2727/2103 2208/2726/2285
s 389
f 2209/2728/2263 2208/2726/2262 2126/2727/2103
f 2126/2727/2103 2127/2729/2104 2209/2728/2263
s 390
f 2210/2713/2265 2209/2728/2263 2127/2729/2287
f 2127/2729/2287 2128/2714/2166 2210/2713/2265
s 391
f 2067/2533/2024 2179/2675/2208 2172/2668/2198
s 392
f 2068/2534/2210 2173/2669/2199 2174/2670/2200
s 393
f 2072/2538/2212 2175/2671/2211 2176/2730/2204
s 394
f 2075/2542/2034 2177/2673/2213 2178/2674/2288
s 395
f 2216/2731/1172 2217/2732/2289 2218/2733/2290
f 2218/2733/2290 2219/2734/2291 2216/2731/1172
s 396
f 2220/2735/2292 2221/2736/2293 2219/2734/2294
f 2219/2734/2294 2218/2733/2290 2222/2737/2295
f 2220/2735/2292 2219/2734/2294 2222/2737/2295
s 397
f 2223/2738/2296 2224/2739/2297 2220/2735/2298
f 2223/2738/2296 2220/2735/2298 2222/2740/2299
f 2223/2738/2296 2222/2740/2299 2225/2741/2300
s 398
f 2225/2741/2301 2217/2732/2302 2216/2742/1172
f 2216/2742/1172 2223/2738/2303 2225/2741/2301
s 399
f 2216/2731/1172 2219/2734/2294 2226/2743/2304
s 400
f 2226/2743/2305 2219/2734/2291 2221/2736/2293
s 401
f 2221/2736/2293 2227/2744/2306 2226/2743/2304
s 402
f 2221/2736/2293 2224/2739/2297 2227/2744/2307
s 403
f 2224/2739/2297 2223/2738/2303 2228/2745/2308
f 2228/2745/2308 2227/2744/2306 2224/2739/2297
s 404
f 2223/2738/2303 2216/2742/1172 2226/2746/2304
f 2226/2746/2304 2228/2745/2309 2223/2738/2303
s 405
f 2220/2735/2298 2224/2739/2310 2221/2736/2293
s 406
f 2229/2747/2311 2230/2748/1186 2231/2749/1187
f 2231/2749/1187 2232/2750/2312 2229/2747/2311
s 407
f 2233/2751/2313 2234/2752/1190 2235/2753/2314
f 2235/2753/2314 2236/2754/1192 2233/2751/2313
s 408
f 2237/2755/2315 2238/2756/1194 2239/2757/2316
f 2239/2757/2316 2240/2758/1196 2237/2755/2315
s 409
f 2241/2759/1197 2242/2760/1198 2243/2761/1199
f 2243/2761/1199 2244/2762/1200 2241/2759/1197
s 410
f 2245/2763/2317 2246/2764/1202 2247/2765/2318
f 2247/2765/2318 2248/2766/2319 2245/2763/2317
s 411
f 2249/2767/2320 2250/2768/2321 2251/2769/1207
f 2251/2769/1207 2252/2770/2322 2249/2767/2320
s 412
f 2253/2771/2323 2254/2772/1210 2255/2773/2324
f 2255/2773/2324 2256/2774/1212 2253/2771/2323
s 413
f 2257/2775/2325 2258/2776/2326 2259/2777/2327
f 2259/2777/2327 2260/2778/1216 2257/2775/2325
s 414
f 2229/2747/1185 2232/2750/2312 2261/2779/2328
s 415
f 2233/2751/2313 2236/2754/2329 2262/2780/2330
s 416
f 2237/2755/2315 2240/2758/1196 2263/2781/1219
s 417
f 2241/2759/1197 2244/2762/1200 2264/2782/1220
s 418
f 2245/2763/2331 2248/2766/2319 2265/2783/1221
s 419
f 2249/2767/2332 2252/2770/2322 2266/2784/2333
s 420
f 2253/2771/2323 2256/2774/1212 2267/2785/2334
s 421
f 2257/2775/2325 2260/2778/1216 2268/2786/2335
s 422
f 2269/2787/2336 2270/2788/2337 2271/2789/2338
f 2271/2789/2338 2272/2790/2339 2269/2787/2336
s 423
f 2273/2791/2340 2258/2776/2326 2235/2753/2341
f 2235/2753/2341 2274/2792/2342 2273/2791/2340
s 424
f 2275/2793/2343 2234/2752/1190 2243/2761/2344
f 2243/2761/2344 2276/2794/2345 2275/2793/2343
s 425
f 2277/2795/2346 2242/2760/1198 2251/2769/1207
f 2251/2769/1207 2278/2796/2347 2277/2795/2346
s 426
f 2279/2797/2348 2250/2768/2321 2259/2777/2327
f 2259/2777/2327 2280/2798/2349 2279/2797/2348
s 427
f 2281/2799/2350 2238/2756/1194 2231/2749/1187
f 2231/2749/1187 2282/2800/2351 2281/2799/2350
s 428
f 2283/2801/2352 2230/2748/1186 2255/2773/2353
f 2255/2773/2353 2284/2802/2354 2283/2801/2352
s 429
f 2285/2803/2355 2254/2772/1210 2247/2765/2318
f 2247/2765/2318 2286/2804/2356 2285/2803/2355
s 430
f 2287/2805/1243 2246/2764/2357 2239/2757/2358
f 2239/2757/2358 2288/2806/2359 2287/2805/1243
s 431
f 2270/2807/2360 2285/2808/2355 2286/2809/2361
f 2286/2809/2361 2271/2810/2338 2270/2807/2360
s 432
f 2289/2811/2362 2287/2812/1243 2288/2813/2363
f 2288/2813/2363 2290/2814/2364 2289/2811/2362
s 433
f 2291/2815/2365 2281/2816/2350 2282/2817/2366
f 2282/2817/2366 2292/2818/2367 2291/2815/2365
s 434
f 2293/2819/2368 2283/2820/2352 2284/2821/2369
f 2284/2821/2369 2269/2822/2370 2293/2819/2368
s 435
f 2240/2758/1196 2239/2757/2316 2246/2764/1202
f 2246/2764/1202 2294/2823/2371 2240/2758/1196
s 436
f 2244/2762/1200 2243/2761/1199 2234/2752/1190
f 2234/2752/1190 2295/2824/2372 2244/2762/1200
s 437
f 2256/2774/1212 2255/2773/2353 2230/2748/1186
f 2230/2748/1186 2296/2825/2373 2256/2774/1212
s 438
f 2260/2778/1216 2259/2777/2327 2250/2768/2321
f 2250/2768/2321 2297/2826/2374 2260/2778/1216
s 439
f 2240/2758/2375 2294/2823/2376 2263/2781/1219
s 440
f 2244/2762/1200 2295/2824/2372 2264/2782/1220
s 441
f 2256/2774/1212 2296/2825/2373 2267/2785/2377
s 442
f 2260/2778/1216 2297/2826/2378 2268/2786/2335
s 422
f 2272/2827/2339 2290/2828/2379 2291/2829/2365
f 2291/2829/2365 2292/2830/2367 2272/2827/2339
s 443
f 2277/2795/2346 2276/2794/2345 2243/2761/1199
f 2243/2761/1199 2242/2760/2380 2277/2795/2346
s 444
f 2273/2791/2340 2280/2798/2381 2259/2777/2327
f 2259/2777/2327 2258/2776/1214 2273/2791/2340
s 445
f 2285/2803/2355 2284/2802/2354 2255/2773/2353
f 2255/2773/2353 2254/2772/1210 2285/2803/2355
s 446
f 2281/2799/2350 2288/2806/2359 2239/2757/2316
f 2239/2757/2316 2238/2756/1194 2281/2799/2350
s 447
f 2291/2815/2365 2290/2814/2382 2288/2813/2383
f 2288/2813/2383 2281/2816/2350 2291/2815/2365
s 448
f 2270/2807/2360 2269/2822/2370 2284/2821/2354
f 2284/2821/2354 2285/2808/2355 2270/2807/2360
s 449
f 2232/2750/2312 2231/2749/1187 2238/2756/1194
f 2238/2756/1194 2298/2831/2384 2232/2750/2312
s 450
f 2236/2754/2385 2235/2753/2386 2258/2776/2326
f 2258/2776/2326 2299/2832/1255 2236/2754/2385
s 451
f 2248/2766/2319 2247/2765/2318 2254/2772/1210
f 2254/2772/1210 2300/2833/2387 2248/2766/2319
s 452
f 2252/2770/2322 2251/2769/1207 2242/2760/2388
f 2242/2760/2388 2301/2834/1257 2252/2770/2322
s 453
f 2232/2750/2312 2298/2831/2384 2261/2779/2328
s 454
f 2236/2754/1192 2299/2832/2389 2262/2780/2330
s 455
f 2248/2766/1204 2300/2833/2387 2265/2783/1221
s 456
f 2252/2770/2322 2301/2834/1257 2266/2784/2333
s 422
f 2272/2790/2339 2271/2789/2338 2289/2835/2362
f 2289/2835/2362 2290/2828/2379 2272/2790/2339
s 457
f 2275/2793/2390 2274/2792/2342 2235/2753/2341
f 2235/2753/2341 2234/2752/1190 2275/2793/2390
s 458
f 2279/2797/2348 2278/2796/2347 2251/2769/1207
f 2251/2769/1207 2250/2768/2321 2279/2797/2348
s 459
f 2283/2801/2391 2282/2800/2351 2231/2749/1187
f 2231/2749/1187 2230/2748/1186 2283/2801/2391
s 460
f 2287/2805/1243 2286/2804/2356 2247/2765/2318
f 2247/2765/2318 2246/2764/1202 2287/2805/1243
s 461
f 2289/2836/2362 2271/2810/2338 2286/2809/2356
f 2286/2809/2356 2287/2837/2392 2289/2836/2362
s 462
f 2293/2819/2368 2292/2818/2393 2282/2817/1238
f 2282/2817/1238 2283/2820/1239 2293/2819/2368
s 422
f 2272/2827/2339 2292/2830/2367 2293/2838/2368
f 2293/2838/2368 2269/2787/2336 2272/2827/2339
s 463
f 2302/2839/2394 2303/2840/1259 2304/2841/1260
f 2304/2841/1260 2305/2842/2395 2302/2839/2394
s 464
f 2306/2843/1262 2307/2844/2396 2308/2845/2397
f 2308/2845/2397 2309/2846/2398 2306/2843/1262
s 465
f 2310/2847/2399 2311/2848/2400 2312/2849/2401
f 2312/2849/2401 2313/2850/1269 2310/2847/2399
s 466
f 2314/2851/2402 2315/2852/1271 2316/2853/2403
f 2316/2853/2403 2317/2854/2404 2314/2851/2402
s 467
f 2302/2839/2405 2305/2842/2406 2318/2855/2407
s 468
f 2306/2843/1262 2309/2846/2398 2319/2856/1275
s 469
f 2310/2847/2399 2313/2850/1269 2320/2857/1276
s 470
f 2314/2851/2408 2317/2854/2404 2321/2858/2409
s 471
f 2322/2859/1278 2315/2852/1271 2304/2841/2410
f 2304/2841/2410 2323/2860/2411 2322/2859/1278
s 472
f 2324/2861/2412 2303/2840/2413 2308/2845/2397
f 2308/2845/2397 2325/2862/2414 2324/2861/2412
s 473
f 2326/2863/2415 2307/2844/2396 2312/2849/2401
f 2312/2849/2401 2327/2864/2416 2326/2863/2415
s 474
f 2328/2865/2417 2311/2848/2400 2316/2853/2403
f 2316/2853/2403 2329/2866/1285 2328/2865/2417
s 475
f 2217/2732/2418 2322/2867/2419 2323/2868/2411
f 2323/2868/2411 2218/2733/2420 2217/2732/2418
s 476
f 2218/2733/2421 2324/2869/2412 2325/2870/2414
f 2325/2870/2414 2222/2737/2295 2218/2733/2421
s 477
f 2222/2740/2295 2326/2871/1282 2327/2872/2422
f 2327/2872/2422 2225/2741/2301 2222/2740/2295
s 478
f 2225/2741/2301 2328/2873/2423 2329/2874/1285
f 2329/2874/1285 2217/2732/2302 2225/2741/2301
s 479
f 2309/2846/2398 2308/2845/2397 2303/2840/1259
f 2303/2840/1259 2330/2875/1286 2309/2846/2398
s 480
f 2317/2854/2424 2316/2853/2403 2311/2848/2425
f 2311/2848/2425 2331/2876/1287 2317/2854/2424
s 481
f 2309/2846/1265 2330/2875/1286 2319/2856/1275
s 482
f 2317/2854/2424 2331/2876/1287 2321/2858/2409
s 483
f 2326/2863/2426 2325/2862/2414 2308/2845/2397
f 2308/2845/2397 2307/2844/2396 2326/2863/2426
s 484
f 2322/2859/1278 2329/2866/1285 2316/2853/2427
f 2316/2853/2427 2315/2852/2428 2322/2859/1278
s 485
f 2305/2842/2406 2304/2841/2429 2315/2852/2428
f 2315/2852/2428 2332/2877/2430 2305/2842/2406
s 486
f 2313/2850/2431 2312/2849/2401 2307/2844/2396
f 2307/2844/2396 2333/2878/2432 2313/2850/2431
s 487
f 2305/2842/2406 2332/2877/2430 2318/2855/2433
s 488
f 2313/2850/2431 2333/2878/2432 2320/2857/1276
s 489
f 2324/2861/2412 2323/2860/2411 2304/2841/1260
f 2304/2841/1260 2303/2840/1259 2324/2861/2412
s 490
f 2328/2865/2423 2327/2864/2416 2312/2849/2401
f 2312/2849/2401 2311/2848/2434 2328/2865/2423
s 491
f 2334/2879/2435 2335/2880/1291 2336/2881/2436
s 492
f 2336/2881/2436 2337/2882/2437 2334/2879/2435
s 493
f 2338/2883/1294 2339/2884/2438 2340/2885/2439
s 494
f 2340/2885/2439 2341/2886/2440 2338/2883/1294
s 495
f 2342/2887/2441 2343/2888/2442 2344/2889/1300
s 496
f 2344/2889/2443 2345/2890/1301 2342/2887/2441
s 497
f 2346/2891/2444 2347/2892/2445 2348/2893/2446
s 498
f 2348/2893/2447 2349/2894/1305 2346/2891/2444
s 499
f 2334/2879/2435 2350/2895/2448 2335/2880/1291
s 500
f 2338/2883/1294 2351/2896/2449 2339/2884/2438
s 501
f 2342/2887/2441 2352/2897/1308 2343/2888/2450
s 502
f 2346/2891/2444 2353/2898/2451 2347/2892/2445
s 503
f 2354/2899/1310 2355/2900/2452 2336/2881/2436
f 2336/2881/2436 2349/2894/1305 2354/2899/1310
s 504
f 2356/2901/2453 2357/2902/2454 2340/2885/2455
f 2340/2885/2455 2337/2882/2437 2356/2901/2453
s 505
f 2358/2903/2456 2359/2904/2457 2344/2889/1300
f 2344/2889/1300 2341/2886/2440 2358/2903/2456
s 506
f 2360/2905/2458 2361/2906/2459 2348/2893/2447
f 2348/2893/2447 2345/2890/1301 2360/2905/2458
s 507
f 2339/2884/2438 2362/2907/2460 2337/2882/2437
s 508
f 2337/2882/2437 2340/2885/2439 2339/2884/2438
s 509
f 2347/2892/2445 2363/2908/2461 2345/2890/1301
s 510
f 2345/2890/1301 2348/2893/2446 2347/2892/2445
s 511
f 2339/2884/2438 2351/2896/2462 2362/2907/2463
s 512
f 2347/2892/2445 2353/2898/2464 2363/2908/2461
s 513
f 2358/2903/1314 2341/2886/2440 2340/2885/2439
f 2340/2885/2439 2357/2902/2454 2358/2903/1314
s 514
f 2354/2899/1310 2349/2894/1305 2348/2893/2446
f 2348/2893/2446 2361/2906/2459 2354/2899/1310
s 515
f 2335/2880/1291 2364/2909/2465 2349/2894/1305
s 516
f 2349/2894/1305 2336/2881/2436 2335/2880/1291
s 517
f 2343/2888/2442 2365/2910/1321 2341/2886/2466
s 518
f 2341/2886/1297 2344/2889/1300 2343/2888/2442
s 519
f 2335/2880/1291 2350/2895/2448 2364/2909/2465
s 520
f 2343/2888/2442 2352/2897/2467 2365/2910/1321
s 521
f 2356/2901/2468 2337/2882/2437 2336/2881/2436
f 2336/2881/2436 2355/2900/2452 2356/2901/2468
s 522
f 2360/2905/2458 2345/2890/1301 2344/2889/1300
f 2344/2889/1300 2359/2904/2457 2360/2905/2458
s 523
f 2361/2911/2459 2360/2912/2458 2278/2913/2347
f 2278/2913/2347 2279/2914/2348 2361/2911/2459
s 524
f 2354/2915/1310 2361/2911/2469 2279/2914/1235
f 2279/2914/1235 2280/2916/2381 2354/2915/1310
s 525
f 2355/2917/2452 2354/2915/1310 2280/2916/2349
f 2280/2916/2349 2273/2918/2340 2355/2917/2452
s 526
f 2356/2919/2453 2355/2917/2452 2273/2918/2340
f 2273/2918/2340 2274/2920/1230 2356/2919/2453
s 527
f 2357/2921/2454 2356/2922/2453 2274/2923/2342
f 2274/2923/2342 2275/2924/2343 2357/2921/2454
s 528
f 2358/2925/2456 2357/2921/2454 2275/2924/1231
f 2275/2924/1231 2276/2926/2345 2358/2925/2456
s 529
f 2359/2927/2470 2358/2925/2471 2276/2926/2345
f 2276/2926/2345 2277/2928/2346 2359/2927/2470
s 530
f 2360/2912/1316 2359/2927/2472 2277/2928/2346
f 2277/2928/2346 2278/2913/2347 2360/2912/1316
s 531
f 2217/2732/2302 2329/2874/1285 2322/2867/1278
s 532
f 2218/2733/2420 2323/2868/2411 2324/2869/2473
s 533
f 2222/2737/2295 2325/2870/2414 2326/2929/2426
s 534
f 2225/2741/2301 2327/2872/2416 2328/2873/2474
s 535
f 2366/2930/2475 2367/2931/2476 2368/2932/2477
f 2368/2932/2477 2369/2933/2478 2366/2930/2475
f 2370/2934/2479 2371/2935/2480 2369/2933/2478
f 2369/2933/2478 2368/2932/2477 2372/2936/2481
f 2370/2934/2479 2369/2933/2478 2372/2936/2481
f 2373/2937/2482 2374/2938/2483 2370/2934/2479
f 2373/2937/2482 2370/2934/2479 2372/2939/2481
f 2373/2937/2482 2372/2939/2481 2375/2940/2484
f 2375/2940/2484 2367/2931/2476 2366/2941/2475
f 2366/2941/2475 2373/2937/2482 2375/2940/2484
f 2366/2930/2475 2369/2933/2478 2376/2942/2485
f 2376/2942/2485 2369/2933/2478 2371/2935/2480
f 2371/2935/2480 2377/2943/2486 2376/2942/2485
f 2371/2935/2480 2374/2938/2483 2377/2943/2486
f 2374/2938/2483 2373/2937/2482 2378/2944/2487
f 2378/2944/2487 2377/2943/2486 2374/2938/2483
f 2373/2937/2482 2366/2941/2475 2376/2945/2485
f 2376/2945/2485 2378/2944/2487 2373/2937/2482
f 2370/2934/2479 2374/2938/2483 2371/2935/2480
s 536
f 2379/2946/2488 2380/2947/2489 2381/2948/2490
f 2381/2948/2490 2382/2949/2491 2379/2946/2488
s 537
f 2383/2950/2492 2384/2951/2493 2385/2952/2494
f 2385/2952/2494 2386/2953/2495 2383/2950/2492
s 536
f 2387/2954/2496 2388/2955/2497 2389/2956/2498
f 2389/2956/2498 2390/2957/2499 2387/2954/2496
s 537
f 2391/2958/2500 2392/2959/2501 2393/2960/2502
f 2393/2960/2502 2394/2961/2503 2391/2958/2500
s 536
f 2395/2962/2504 2396/2963/2505 2397/2964/2506
f 2397/2964/2506 2398/2965/2507 2395/2962/2504
s 537
f 2399/2966/2508 2400/2967/2509 2401/2968/2510
f 2401/2968/2510 2402/2969/2511 2399/2966/2508
s 536
f 2403/2970/2512 2404/2971/2513 2405/2972/2514
f 2405/2972/2514 2406/2973/2515 2403/2970/2512
s 537
f 2407/2974/2516 2408/2975/2517 2409/2976/2518
f 2409/2976/2518 2410/2977/2519 2407/2974/2516
s 536
f 2379/2946/2488 2382/2949/2491 2411/2978/2520
s 537
f 2383/2950/2492 2386/2953/2495 2412/2979/2521
s 536
f 2387/2954/2496 2390/2957/2499 2413/2980/2522
s 537
f 2391/2958/2500 2394/2961/2503 2414/2981/2523
s 536
f 2395/2962/2504 2398/2965/2507 2415/2982/2524
s 537
f 2399/2966/2508 2402/2969/2511 2416/2983/2525
s 536
f 2403/2970/2512 2406/2973/2515 2417/2984/2526
s 537
f 2407/2974/2516 2410/2977/2519 2418/2985/2527
s 536
f 2419/2986/2528 2420/2987/2529 2421/2988/2530
f 2421/2988/2530 2422/2989/2531 2419/2986/2528
s 537
f 2423/2990/2532 2408/2975/2517 2385/2952/2494
f 2385/2952/2494 2424/2991/2533 2423/2990/2532
f 2425/2992/2534 2384/2951/2493 2393/2960/2502
f 2393/2960/2502 2426/2993/2535 2425/2992/2534
f 2427/2994/2536 2392/2959/2501 2401/2968/2510
f 2401/2968/2510 2428/2995/2537 2427/2994/2536
f 2429/2996/2538 2400/2967/2509 2409/2976/2518
f 2409/2976/2518 2430/2997/2539 2429/2996/2538
s 536
f 2431/2998/2540 2388/2955/2497 2381/2948/2490
f 2381/2948/2490 2432/2999/2541 2431/2998/2540
f 2433/3000/2542 2380/2947/2489 2405/2972/2514
f 2405/2972/2514 2434/3001/2543 2433/3000/2542
f 2435/3002/2544 2404/2971/2513 2397/2964/2506
f 2397/2964/2506 2436/3003/2545 2435/3002/2544
f 2437/3004/2546 2396/2963/2505 2389/2956/2498
f 2389/2956/2498 2438/3005/2547 2437/3004/2546
f 2420/3006/2529 2435/3007/2544 2436/3008/2545
f 2436/3008/2545 2421/3009/2530 2420/3006/2529
f 2439/3010/2548 2437/3011/2546 2438/3012/2547
f 2438/3012/2547 2440/3013/2549 2439/3010/2548
f 2441/3014/2550 2431/3015/2540 2432/3016/2541
f 2432/3016/2541 2442/3017/2551 2441/3014/2550
f 2443/3018/2552 2433/3019/2542 2434/3020/2543
f 2434/3020/2543 2419/3021/2528 2443/3018/2552
f 2390/2957/2499 2389/2956/2498 2396/2963/2505
f 2396/2963/2505 2444/3022/2553 2390/2957/2499
s 537
f 2394/2961/2503 2393/2960/2502 2384/2951/2493
f 2384/2951/2493 2445/3023/2554 2394/2961/2503
s 536
f 2406/2973/2515 2405/2972/2514 2380/2947/2489
f 2380/2947/2489 2446/3024/2555 2406/2973/2515
s 537
f 2410/2977/2519 2409/2976/2518 2400/2967/2509
f 2400/2967/2509 2447/3025/2556 2410/2977/2519
s 536
f 2390/2957/2499 2444/3022/2553 2413/2980/2522
s 537
f 2394/2961/2503 2445/3023/2554 2414/2981/2523
s 536
f 2406/2973/2515 2446/3024/2555 2417/2984/2526
s 537
f 2410/2977/2519 2447/3025/2556 2418/2985/2527
s 536
f 2422/3026/2531 2440/3027/2549 2441/3028/2550
f 2441/3028/2550 2442/3029/2551 2422/3026/2531
s 537
f 2427/2994/2536 2426/2993/2535 2393/2960/2502
f 2393/2960/2502 2392/2959/2501 2427/2994/2536
f 2423/2990/2532 2430/2997/2539 2409/2976/2518
f 2409/2976/2518 2408/2975/2517 2423/2990/2532
s 536
f 2435/3002/2544 2434/3001/2543 2405/2972/2514
f 2405/2972/2514 2404/2971/2513 2435/3002/2544
f 2431/2998/2540 2438/3005/2547 2389/2956/2498
f 2389/2956/2498 2388/2955/2497 2431/2998/2540
f 2441/3014/2550 2440/3013/2549 2438/3012/2547
f 2438/3012/2547 2431/3015/2540 2441/3014/2550
f 2420/3006/2529 2419/3021/2528 2434/3020/2543
f 2434/3020/2543 2435/3007/2544 2420/3006/2529
f 2382/2949/2491 2381/2948/2490 2388/2955/2497
f 2388/2955/2497 2448/3030/2557 2382/2949/2491
s 537
f 2386/2953/2495 2385/2952/2494 2408/2975/2517
f 2408/2975/2517 2449/3031/2558 2386/2953/2495
s 536
f 2398/2965/2507 2397/2964/2506 2404/2971/2513
f 2404/2971/2513 2450/3032/2559 2398/2965/2507
s 537
f 2402/2969/2511 2401/2968/2510 2392/2959/2501
f 2392/2959/2501 2451/3033/2560 2402/2969/2511
s 536
f 2382/2949/2491 2448/3030/2557 2411/2978/2520
s 537
f 2386/2953/2495 2449/3031/2558 2412/2979/2521
s 536
f 2398/2965/2507 2450/3032/2559 2415/2982/2524
s 537
f 2402/2969/2511 2451/3033/2560 2416/2983/2525
s 536
f 2422/2989/2531 2421/2988/2530 2439/3034/2548
f 2439/3034/2548 2440/3027/2549 2422/2989/2531
s 537
f 2425/2992/2534 2424/2991/2533 2385/2952/2494
f 2385/2952/2494 2384/2951/2493 2425/2992/2534
f 2429/2996/2538 2428/2995/2537 2401/2968/2510
f 2401/2968/2510 2400/2967/2509 2429/2996/2538
s 536
f 2433/3000/2542 2432/2999/2541 2381/2948/2490
f 2381/2948/2490 2380/2947/2489 2433/3000/2542
f 2437/3004/2546 2436/3003/2545 2397/2964/2506
f 2397/2964/2506 2396/2963/2505 2437/3004/2546
f 2439/3035/2548 2421/3009/2530 2436/3008/2545
f 2436/3008/2545 2437/3036/2546 2439/3035/2548
f 2443/3018/2552 2442/3017/2551 2432/3016/2541
f 2432/3016/2541 2433/3019/2542 2443/3018/2552
f 2422/3026/2531 2442/3029/2551 2443/3037/2552
f 2443/3037/2552 2419/2986/2528 2422/3026/2531
s 535
f 2452/3038/2561 2453/3039/2562 2454/3040/2563
f 2454/3040/2563 2455/3041/2564 2452/3038/2561
f 2456/3042/2565 2457/3043/2566 2458/3044/2567
f 2458/3044/2567 2459/3045/2568 2456/3042/2565
f 2460/3046/2569 2461/3047/2570 2462/3048/2571
f 2462/3048/2571 2463/3049/2572 2460/3046/2569
f 2464/3050/2573 2465/3051/2574 2466/3052/2575
f 2466/3052/2575 2467/3053/2576 2464/3050/2573
f 2452/3038/2561 2455/3041/2564 2468/3054/2577
f 2456/3042/2565 2459/3045/2568 2469/3055/2578
f 2460/3046/2569 2463/3049/2572 2470/3056/2579
f 2464/3050/2573 2467/3053/2576 2471/3057/2580
f 2472/3058/2581 2465/3051/2574 2454/3040/2563
f 2454/3040/2563 2473/3059/2582 2472/3058/2581
f 2474/3060/2583 2453/3039/2562 2458/3044/2567
f 2458/3044/2567 2475/3061/2584 2474/3060/2583
f 2476/3062/2585 2457/3043/2566 2462/3048/2571
f 2462/3048/2571 2477/3063/2586 2476/3062/2585
f 2478/3064/2587 2461/3047/2570 2466/3052/2575
f 2466/3052/2575 2479/3065/2588 2478/3064/2587
f 2367/2931/2476 2472/3066/2581 2473/3067/2582
f 2473/3067/2582 2368/2932/2477 2367/2931/2476
f 2368/2932/2477 2474/3068/2583 2475/3069/2584
f 2475/3069/2584 2372/2936/2481 2368/2932/2477
f 2372/2939/2481 2476/3070/2585 2477/3071/2586
f 2477/3071/2586 2375/2940/2484 2372/2939/2481
f 2375/2940/2484 2478/3072/2587 2479/3073/2588
f 2479/3073/2588 2367/2931/2476 2375/2940/2484
f 2459/3045/2568 2458/3044/2567 2453/3039/2562
f 2453/3039/2562 2480/3074/2589 2459/3045/2568
f 2467/3053/2576 2466/3052/2575 2461/3047/2570
f 2461/3047/2570 2481/3075/2590 2467/3053/2576
f 2459/3045/2568 2480/3074/2589 2469/3055/2578
f 2467/3053/2576 2481/3075/2590 2471/3057/2580
f 2476/3062/2585 2475/3061/2584 2458/3044/2567
f 2458/3044/2567 2457/3043/2566 2476/3062/2585
f 2472/3058/2581 2479/3065/2588 2466/3052/2575
f 2466/3052/2575 2465/3051/2574 2472/3058/2581
f 2455/3041/2564 2454/3040/2563 2465/3051/2574
f 2465/3051/2574 2482/3076/2591 2455/3041/2564
f 2463/3049/2572 2462/3048/2571 2457/3043/2566
f 2457/3043/2566 2483/3077/2592 2463/3049/2572
f 2455/3041/2564 2482/3076/2591 2468/3054/2577
f 2463/3049/2572 2483/3077/2592 2470/3056/2579
f 2474/3060/2583 2473/3059/2582 2454/3040/2563
f 2454/3040/2563 2453/3039/2562 2474/3060/2583
f 2478/3064/2587 2477/3063/2586 2462/3048/2571
f 2462/3048/2571 2461/3047/2570 2478/3064/2587
s 537
f 2484/3078/2593 2485/3079/2594 2486/3080/2595
f 2486/3080/2595 2487/3081/2596 2484/3078/2593
f 2488/3082/2597 2489/3083/2598 2490/3084/2599
f 2490/3084/2599 2491/3085/2600 2488/3082/2597
f 2492/3086/2601 2493/3087/2602 2494/3088/2603
f 2494/3088/2603 2495/3089/2604 2492/3086/2601
f 2496/3090/2605 2497/3091/2606 2498/3092/2607
f 2498/3092/2607 2499/3093/2608 2496/3090/2605
f 2484/3078/2593 2500/3094/2609 2485/3079/2594
f 2488/3082/2597 2501/3095/2610 2489/3083/2598
f 2492/3086/2601 2502/3096/2611 2493/3087/2602
f 2496/3090/2605 2503/3097/2612 2497/3091/2606
f 2504/3098/2613 2505/3099/2614 2486/3080/2595
f 2486/3080/2595 2499/3093/2608 2504/3098/2613
f 2506/3100/2615 2507/3101/2616 2490/3084/2599
f 2490/3084/2599 2487/3081/2596 2506/3100/2615
f 2508/3102/2617 2509/3103/2618 2494/3088/2603
f 2494/3088/2603 2491/3085/2600 2508/3102/2617
f 2510/3104/2619 2511/3105/2620 2498/3092/2607
f 2498/3092/2607 2495/3089/2604 2510/3104/2619
f 2489/3083/2598 2512/3106/2621 2487/3081/2596
f 2487/3081/2596 2490/3084/2599 2489/3083/2598
f 2497/3091/2606 2513/3107/2622 2495/3089/2604
f 2495/3089/2604 2498/3092/2607 2497/3091/2606
f 2489/3083/2598 2501/3095/2610 2512/3106/2621
f 2497/3091/2606 2503/3097/2612 2513/3107/2622
f 2508/3102/2617 2491/3085/2600 2490/3084/2599
f 2490/3084/2599 2507/3101/2616 2508/3102/2617
f 2504/3098/2613 2499/3093/2608 2498/3092/2607
f 2498/3092/2607 2511/3105/2620 2504/3098/2613
f 2485/3079/2594 2514/3108/2623 2499/3093/2608
f 2499/3093/2608 2486/3080/2595 2485/3079/2594
f 2493/3087/2602 2515/3109/2624 2491/3085/2600
f 2491/3085/2600 2494/3088/2603 2493/3087/2602
f 2485/3079/2594 2500/3094/2609 2514/3108/2623
f 2493/3087/2602 2502/3096/2611 2515/3109/2624
f 2506/3100/2615 2487/3081/2596 2486/3080/2595
f 2486/3080/2595 2505/3099/2614 2506/3100/2615
f 2510/3104/2619 2495/3089/2604 2494/3088/2603
f 2494/3088/2603 2509/3103/2618 2510/3104/2619
f 2511/3110/2620 2510/3111/2619 2428/3112/2537
f 2428/3112/2537 2429/3113/2538 2511/3110/2620
f 2504/3114/2613 2511/3110/2620 2429/3113/2538
f 2429/3113/2538 2430/3115/2539 2504/3114/2613
f 2505/3116/2614 2504/3114/2613 2430/3115/2539
f 2430/3115/2539 2423/3117/2532 2505/3116/2614
f 2506/3118/2615 2505/3116/2614 2423/3117/2532
f 2423/3117/2532 2424/3119/2533 2506/3118/2615
f 2507/3120/2616 2506/3121/2615 2424/3122/2533
f 2424/3122/2533 2425/3123/2534 2507/3120/2616
f 2508/3124/2617 2507/3120/2616 2425/3123/2534
f 2425/3123/2534 2426/3125/2535 2508/3124/2617
f 2509/3126/2618 2508/3124/2617 2426/3125/2535
f 2426/3125/2535 2427/3127/2536 2509/3126/2618
f 2510/3111/2619 2509/3126/2618 2427/3127/2536
f 2427/3127/2536 2428/3112/2537 2510/3111/2619
s 535
f 2367/2931/2476 2479/3073/2588 2472/3066/2581
f 2368/2932/2477 2473/3067/2582 2474/3068/2583
f 2372/2936/2481 2475/3069/2584 2476/3128/2585
f 2375/2940/2484 2477/3071/2586 2478/3072/2587
s 538
f 2516/3129/2625 2517/3130/2626 2518/3131/2627
f 2518/3131/2627 2519/3132/2628 2516/3129/2625
f 2520/3133/2629 2521/3134/2630 2519/3132/2628
f 2519/3132/2628 2518/3131/2627 2522/3135/2631
f 2520/3133/2629 2519/3132/2628 2522/3135/2631
f 2523/3136/2632 2524/3137/2633 2520/3133/2629
f 2523/3136/2632 2520/3133/2629 2522/3138/2631
f 2523/3136/2632 2522/3138/2631 2525/3139/2634
f 2525/3139/2634 2517/3130/2626 2516/3140/2625
f 2516/3140/2625 2523/3136/2632 2525/3139/2634
f 2516/3129/2625 2519/3132/2628 2526/3141/2635
f 2526/3141/2635 2519/3132/2628 2521/3134/2630
f 2521/3134/2630 2527/3142/2636 2526/3141/2635
f 2521/3134/2630 2524/3137/2633 2527/3142/2636
f 2524/3137/2633 2523/3136/2632 2528/3143/2637
f 2528/3143/2637 2527/3142/2636 2524/3137/2633
f 2523/3136/2632 2516/3140/2625 2526/3144/2635
f 2526/3144/2635 2528/3143/2637 2523/3136/2632
f 2520/3133/2629 2524/3137/2633 2521/3134/2630
s 539
f 2529/3145/2638 2530/3146/2639 2531/3147/2640
f 2531/3147/2640 2532/3148/2641 2529/3145/2638
s 540
f 2533/3149/2642 2534/3150/2643 2535/3151/2644
f 2535/3151/2644 2536/3152/2645 2533/3149/2642
s 539
f 2537/3153/2646 2538/3154/2647 2539/3155/2648
f 2539/3155/2648 2540/3156/2649 2537/3153/2646
s 540
f 2541/3157/2650 2542/3158/2651 2543/3159/2652
f 2543/3159/2652 2544/3160/2653 2541/3157/2650
s 539
f 2545/3161/2654 2546/3162/2655 2547/3163/2656
f 2547/3163/2656 2548/3164/2657 2545/3161/2654
s 540
f 2549/3165/2658 2550/3166/2659 2551/3167/2660
f 2551/3167/2660 2552/3168/2661 2549/3165/2658
s 539
f 2553/3169/2662 2554/3170/2663 2555/3171/2664
f 2555/3171/2664 2556/3172/2665 2553/3169/2662
s 540
f 2557/3173/2666 2558/3174/2667 2559/3175/2668
f 2559/3175/2668 2560/3176/2669 2557/3173/2666
s 539
f 2529/3145/2638 2532/3148/2641 2561/3177/2670
s 540
f 2533/3149/2642 2536/3152/2645 2562/3178/2671
s 539
f 2537/3153/2646 2540/3156/2649 2563/3179/2672
s 540
f 2541/3157/2650 2544/3160/2653 2564/3180/2673
s 539
f 2545/3161/2654 2548/3164/2657 2565/3181/2674
s 540
f 2549/3165/2658 2552/3168/2661 2566/3182/2675
s 539
f 2553/3169/2662 2556/3172/2665 2567/3183/2676
s 540
f 2557/3173/2666 2560/3176/2669 2568/3184/2677
s 539
f 2569/3185/2678 2570/3186/2679 2571/3187/2680
f 2571/3187/2680 2572/3188/2681 2569/3185/2678
s 540
f 2573/3189/2682 2558/3174/2667 2535/3151/2644
f 2535/3151/2644 2574/3190/2683 2573/3189/2682
f 2575/3191/2684 2534/3150/2643 2543/3159/2652
f 2543/3159/2652 2576/3192/2685 2575/3191/2684
f 2577/3193/2686 2542/3158/2651 2551/3167/2660
f 2551/3167/2660 2578/3194/2687 2577/3193/2686
f 2579/3195/2688 2550/3166/2659 2559/3175/2668
f 2559/3175/2668 2580/3196/2689 2579/3195/2688
s 539
f 2581/3197/2690 2538/3154/2647 2531/3147/2640
f 2531/3147/2640 2582/3198/2691 2581/3197/2690
f 2583/3199/2692 2530/3146/2639 2555/3171/2664
f 2555/3171/2664 2584/3200/2693 2583/3199/2692
f 2585/3201/2694 2554/3170/2663 2547/3163/2656
f 2547/3163/2656 2586/3202/2695 2585/3201/2694
f 2587/3203/2696 2546/3162/2655 2539/3155/2648
f 2539/3155/2648 2588/3204/2697 2587/3203/2696
f 2570/3205/2679 2585/3206/2694 2586/3207/2695
f 2586/3207/2695 2571/3208/2680 2570/3205/2679
f 2589/3209/2698 2587/3210/2696 2588/3211/2697
f 2588/3211/2697 2590/3212/2699 2589/3209/2698
f 2591/3213/2700 2581/3214/2690 2582/3215/2691
f 2582/3215/2691 2592/3216/2701 2591/3213/2700
f 2593/3217/2702 2583/3218/2692 2584/3219/2693
f 2584/3219/2693 2569/3220/2678 2593/3217/2702
f 2540/3156/2649 2539/3155/2648 2546/3162/2655
f 2546/3162/2655 2594/3221/2703 2540/3156/2649
s 540
f 2544/3160/2653 2543/3159/2652 2534/3150/2643
f 2534/3150/2643 2595/3222/2704 2544/3160/2653
s 539
f 2556/3172/2665 2555/3171/2664 2530/3146/2639
f 2530/3146/2639 2596/3223/2705 2556/3172/2665
s 540
f 2560/3176/2669 2559/3175/2668 2550/3166/2659
f 2550/3166/2659 2597/3224/2706 2560/3176/2669
s 539
f 2540/3156/2649 2594/3221/2703 2563/3179/2672
s 540
f 2544/3160/2653 2595/3222/2704 2564/3180/2673
s 539
f 2556/3172/2665 2596/3223/2705 2567/3183/2676
s 540
f 2560/3176/2669 2597/3224/2706 2568/3184/2677
s 539
f 2572/3225/2681 2590/3226/2699 2591/3227/2700
f 2591/3227/2700 2592/3228/2701 2572/3225/2681
s 540
f 2577/3193/2686 2576/3192/2685 2543/3159/2652
f 2543/3159/2652 2542/3158/2651 2577/3193/2686
f 2573/3189/2682 2580/3196/2689 2559/3175/2668
f 2559/3175/2668 2558/3174/2667 2573/3189/2682
s 539
f 2585/3201/2694 2584/3200/2693 2555/3171/2664
f 2555/3171/2664 2554/3170/2663 2585/3201/2694
f 2581/3197/2690 2588/3204/2697 2539/3155/2648
f 2539/3155/2648 2538/3154/2647 2581/3197/2690
f 2591/3213/2700 2590/3212/2699 2588/3211/2697
f 2588/3211/2697 2581/3214/2690 2591/3213/2700
f 2570/3205/2679 2569/3220/2678 2584/3219/2693
f 2584/3219/2693 2585/3206/2694 2570/3205/2679
f 2532/3148/2641 2531/3147/2640 2538/3154/2647
f 2538/3154/2647 2598/3229/2707 2532/3148/2641
s 540
f 2536/3152/2645 2535/3151/2644 2558/3174/2667
f 2558/3174/2667 2599/3230/2708 2536/3152/2645
s 539
f 2548/3164/2657 2547/3163/2656 2554/3170/2663
f 2554/3170/2663 2600/3231/2709 2548/3164/2657
s 540
f 2552/3168/2661 2551/3167/2660 2542/3158/2651
f 2542/3158/2651 2601/3232/2710 2552/3168/2661
s 539
f 2532/3148/2641 2598/3229/2707 2561/3177/2670
s 540
f 2536/3152/2645 2599/3230/2708 2562/3178/2671
s 539
f 2548/3164/2657 2600/3231/2709 2565/3181/2674
s 540
f 2552/3168/2661 2601/3232/2710 2566/3182/2675
s 539
f 2572/3188/2681 2571/3187/2680 2589/3233/2698
f 2589/3233/2698 2590/3226/2699 2572/3188/2681
s 540
f 2575/3191/2684 2574/3190/2683 2535/3151/2644
f 2535/3151/2644 2534/3150/2643 2575/3191/2684
f 2579/3195/2688 2578/3194/2687 2551/3167/2660
f 2551/3167/2660 2550/3166/2659 2579/3195/2688
s 539
f 2583/3199/2692 2582/3198/2691 2531/3147/2640
f 2531/3147/2640 2530/3146/2639 2583/3199/2692
f 2587/3203/2696 2586/3202/2695 2547/3163/2656
f 2547/3163/2656 2546/3162/2655 2587/3203/2696
f 2589/3234/2698 2571/3208/2680 2586/3207/2695
f 2586/3207/2695 2587/3235/2696 2589/3234/2698
f 2593/3217/2702 2592/3216/2701 2582/3215/2691
f 2582/3215/2691 2583/3218/2692 2593/3217/2702
f 2572/3225/2681 2592/3228/2701 2593/3236/2702
f 2593/3236/2702 2569/3185/2678 2572/3225/2681
s 538
f 2602/3237/2711 2603/3238/2712 2604/3239/2713
f 2604/3239/2713 2605/3240/2714 2602/3237/2711
f 2606/3241/2715 2607/3242/2716 2608/3243/2717
f 2608/3243/2717 2609/3244/2718 2606/3241/2715
f 2610/3245/2719 2611/3246/2720 2612/3247/2721
f 2612/3247/2721 2613/3248/2722 2610/3245/2719
f 2614/3249/2723 2615/3250/2724 2616/3251/2725
f 2616/3251/2725 2617/3252/2726 2614/3249/2723
f 2602/3237/2711 2605/3240/2714 2618/3253/2727
f 2606/3241/2715 2609/3244/2718 2619/3254/2728
f 2610/3245/2719 2613/3248/2722 2620/3255/2729
f 2614/3249/2723 2617/3252/2726 2621/3256/2730
f 2622/3257/2731 2615/3250/2724 2604/3239/2713
f 2604/3239/2713 2623/3258/2732 2622/3257/2731
f 2624/3259/2733 2603/3238/2712 2608/3243/2717
f 2608/3243/2717 2625/3260/2734 2624/3259/2733
f 2626/3261/2735 2607/3242/2716 2612/3247/2721
f 2612/3247/2721 2627/3262/2736 2626/3261/2735
f 2628/3263/2737 2611/3246/2720 2616/3251/2725
f 2616/3251/2725 2629/3264/2738 2628/3263/2737
f 2517/3130/2626 2622/3265/2731 2623/3266/2732
f 2623/3266/2732 2518/3131/2627 2517/3130/2626
f 2518/3131/2627 2624/3267/2733 2625/3268/2734
f 2625/3268/2734 2522/3135/2631 2518/3131/2627
f 2522/3138/2631 2626/3269/2735 2627/3270/2736
f 2627/3270/2736 2525/3139/2634 2522/3138/2631
f 2525/3139/2634 2628/3271/2737 2629/3272/2738
f 2629/3272/2738 2517/3130/2626 2525/3139/2634
f 2609/3244/2718 2608/3243/2717 2603/3238/2712
f 2603/3238/2712 2630/3273/2739 2609/3244/2718
f 2617/3252/2726 2616/3251/2725 2611/3246/2720
f 2611/3246/2720 2631/3274/2740 2617/3252/2726
f 2609/3244/2718 2630/3273/2739 2619/3254/2728
f 2617/3252/2726 2631/3274/2740 2621/3256/2730
f 2626/3261/2735 2625/3260/2734 2608/3243/2717
f 2608/3243/2717 2607/3242/2716 2626/3261/2735
f 2622/3257/2731 2629/3264/2738 2616/3251/2725
f 2616/3251/2725 2615/3250/2724 2622/3257/2731
f 2605/3240/2714 2604/3239/2713 2615/3250/2724
f 2615/3250/2724 2632/3275/2741 2605/3240/2714
f 2613/3248/2722 2612/3247/2721 2607/3242/2716
f 2607/3242/2716 2633/3276/2742 2613/3248/2722
f 2605/3240/2714 2632/3275/2741 2618/3253/2727
f 2613/3248/2722 2633/3276/2742 2620/3255/2729
f 2624/3259/2733 2623/3258/2732 2604/3239/2713
f 2604/3239/2713 2603/3238/2712 2624/3259/2733
f 2628/3263/2737 2627/3262/2736 2612/3247/2721
f 2612/3247/2721 2611/3246/2720 2628/3263/2737
s 540
f 2634/3277/2743 2635/3278/2744 2636/3279/2745
f 2636/3279/2745 2637/3280/2746 2634/3277/2743
f 2638/3281/2747 2639/3282/2748 2640/3283/2749
f 2640/3283/2749 2641/3284/2750 2638/3281/2747
f 2642/3285/2751 2643/3286/2752 2644/3287/2753
f 2644/3287/2753 2645/3288/2754 2642/3285/2751
f 2646/3289/2755 2647/3290/2756 2648/3291/2757
f 2648/3291/2757 2649/3292/2758 2646/3289/2755
f 2634/3277/2743 2650/3293/2759 2635/3278/2744
f 2638/3281/2747 2651/3294/2760 2639/3282/2748
f 2642/3285/2751 2652/3295/2761 2643/3286/2752
f 2646/3289/2755 2653/3296/2762 2647/3290/2756
f 2654/3297/2763 2655/3298/2764 2636/3279/2745
f 2636/3279/2745 2649/3292/2758 2654/3297/2763
f 2656/3299/2765 2657/3300/2766 2640/3283/2749
f 2640/3283/2749 2637/3280/2746 2656/3299/2765
f 2658/3301/2767 2659/3302/2768 2644/3287/2753
f 2644/3287/2753 2641/3284/2750 2658/3301/2767
f 2660/3303/2769 2661/3304/2770 2648/3291/2757
f 2648/3291/2757 2645/3288/2754 2660/3303/2769
f 2639/3282/2748 2662/3305/2771 2637/3280/2746
f 2637/3280/2746 2640/3283/2749 2639/3282/2748
f 2647/3290/2756 2663/3306/2772 2645/3288/2754
f 2645/3288/2754 2648/3291/2757 2647/3290/2756
f 2639/3282/2748 2651/3294/2760 2662/3305/2771
f 2647/3290/2756 2653/3296/2762 2663/3306/2772
f 2658/3301/2767 2641/3284/2750 2640/3283/2749
f 2640/3283/2749 2657/3300/2766 2658/3301/2767
f 2654/3297/2763 2649/3292/2758 2648/3291/2757
f 2648/3291/2757 2661/3304/2770 2654/3297/2763
f 2635/3278/2744 2664/3307/2773 2649/3292/2758
f 2649/3292/2758 2636/3279/2745 2635/3278/2744
f 2643/3286/2752 2665/3308/2774 2641/3284/2750
f 2641/3284/2750 2644/3287/2753 2643/3286/2752
f 2635/3278/2744 2650/3293/2759 2664/3307/2773
f 2643/3286/2752 2652/3295/2761 2665/3308/2774
f 2656/3299/2765 2637/3280/2746 2636/3279/2745
f 2636/3279/2745 2655/3298/2764 2656/3299/2765
f 2660/3303/2769 2645/3288/2754 2644/3287/2753
f 2644/3287/2753 2659/3302/2768 2660/3303/2769
f 2661/3309/2770 2660/3310/2769 2578/3311/2687
f 2578/3311/2687 2579/3312/2688 2661/3309/2770
f 2654/3313/2763 2661/3309/2770 2579/3312/2688
f 2579/3312/2688 2580/3314/2689 2654/3313/2763
f 2655/3315/2764 2654/3313/2763 2580/3314/2689
f 2580/3314/2689 2573/3316/2682 2655/3315/2764
f 2656/3317/2765 2655/3315/2764 2573/3316/2682
f 2573/3316/2682 2574/3318/2683 2656/3317/2765
f 2657/3319/2766 2656/3320/2765 2574/3321/2683
f 2574/3321/2683 2575/3322/2684 2657/3319/2766
f 2658/3323/2767 2657/3319/2766 2575/3322/2684
f 2575/3322/2684 2576/3324/2685 2658/3323/2767
f 2659/3325/2768 2658/3323/2767 2576/3324/2685
f 2576/3324/2685 2577/3326/2686 2659/3325/2768
f 2660/3310/2769 2659/3325/2768 2577/3326/2686
f 2577/3326/2686 2578/3311/2687 2660/3310/2769
s 538
f 2517/3130/2626 2629/3272/2738 2622/3265/2731
f 2518/3131/2627 2623/3266/2732 2624/3267/2733
f 2522/3135/2631 2625/3268/2734 2626/3327/2735
f 2525/3139/2634 2627/3270/2736 2628/3271/2737
s 541
f 2666/3328/2775 2667/3329/2776 2668/3330/2777
f 2668/3330/2777 2669/3331/2778 2666/3328/2775
f 2670/3332/2779 2671/3333/2780 2669/3331/2778
f 2669/3331/2778 2668/3330/2777 2672/3334/2781
f 2670/3332/2779 2669/3331/2778 2672/3334/2781
f 2673/3335/2782 2674/3336/2783 2670/3332/2779
f 2673/3335/2782 2670/3332/2779 2672/3337/2781
f 2673/3335/2782 2672/3337/2781 2675/3338/2784
f 2675/3338/2784 2667/3329/2776 2666/3339/2775
f 2666/3339/2775 2673/3335/2782 2675/3338/2784
f 2666/3328/2775 2669/3331/2778 2676/3340/2785
f 2676/3340/2785 2669/3331/2778 2671/3333/2780
f 2671/3333/2780 2677/3341/2786 2676/3340/2785
f 2671/3333/2780 2674/3336/2783 2677/3341/2786
f 2674/3336/2783 2673/3335/2782 2678/3342/2787
f 2678/3342/2787 2677/3341/2786 2674/3336/2783
f 2673/3335/2782 2666/3339/2775 2676/3343/2785
f 2676/3343/2785 2678/3342/2787 2673/3335/2782
f 2670/3332/2779 2674/3336/2783 2671/3333/2780
s 542
f 2679/3344/2788 2680/3345/2789 2681/3346/2790
f 2681/3346/2790 2682/3347/2791 2679/3344/2788
s 543
f 2683/3348/2792 2684/3349/2793 2685/3350/2794
f 2685/3350/2794 2686/3351/2795 2683/3348/2792
s 542
f 2687/3352/2796 2688/3353/2797 2689/3354/2798
f 2689/3354/2798 2690/3355/2799 2687/3352/2796
s 543
f 2691/3356/2800 2692/3357/2801 2693/3358/2802
f 2693/3358/2802 2694/3359/2803 2691/3356/2800
s 542
f 2695/3360/2804 2696/3361/2805 2697/3362/2806
f 2697/3362/2806 2698/3363/2807 2695/3360/2804
s 543
f 2699/3364/2808 2700/3365/2809 2701/3366/2810
f 2701/3366/2810 2702/3367/2811 2699/3364/2808
s 542
f 2703/3368/2812 2704/3369/2813 2705/3370/2814
f 2705/3370/2814 2706/3371/2815 2703/3368/2812
s 543
f 2707/3372/2816 2708/3373/2817 2709/3374/2818
f 2709/3374/2818 2710/3375/2819 2707/3372/2816
s 542
f 2679/3344/2788 2682/3347/2791 2711/3376/2820
s 543
f 2683/3348/2792 2686/3351/2795 2712/3377/2821
s 542
f 2687/3352/2796 2690/3355/2799 2713/3378/2822
s 543
f 2691/3356/2800 2694/3359/2803 2714/3379/2823
s 542
f 2695/3360/2804 2698/3363/2807 2715/3380/2824
s 543
f 2699/3364/2808 2702/3367/2811 2716/3381/2825
s 542
f 2703/3368/2812 2706/3371/2815 2717/3382/2826
s 543
f 2707/3372/2816 2710/3375/2819 2718/3383/2827
s 542
f 2719/3384/2828 2720/3385/2829 2721/3386/2830
f 2721/3386/2830 2722/3387/2831 2719/3384/2828
s 543
f 2723/3388/2832 2708/3373/2817 2685/3350/2794
f 2685/3350/2794 2724/3389/2833 2723/3388/2832
f 2725/3390/2834 2684/3349/2793 2693/3358/2802
f 2693/3358/2802 2726/3391/2835 2725/3390/2834
f 2727/3392/2836 2692/3357/2801 2701/3366/2810
f 2701/3366/2810 2728/3393/2837 2727/3392/2836
f 2729/3394/2838 2700/3365/2809 2709/3374/2818
f 2709/3374/2818 2730/3395/2839 2729/3394/2838
s 542
f 2731/3396/2840 2688/3353/2797 2681/3346/2790
f 2681/3346/2790 2732/3397/2841 2731/3396/2840
f 2733/3398/2842 2680/3345/2789 2705/3370/2814
f 2705/3370/2814 2734/3399/2843 2733/3398/2842
f 2735/3400/2844 2704/3369/2813 2697/3362/2806
f 2697/3362/2806 2736/3401/2845 2735/3400/2844
f 2737/3402/2846 2696/3361/2805 2689/3354/2798
f 2689/3354/2798 2738/3403/2847 2737/3402/2846
f 2720/3404/2829 2735/3405/2844 2736/3406/2845
f 2736/3406/2845 2721/3407/2830 2720/3404/2829
f 2739/3408/2848 2737/3409/2846 2738/3410/2847
f 2738/3410/2847 2740/3411/2849 2739/3408/2848
f 2741/3412/2850 2731/3413/2840 2732/3414/2841
f 2732/3414/2841 2742/3415/2851 2741/3412/2850
f 2743/3416/2852 2733/3417/2842 2734/3418/2843
f 2734/3418/2843 2719/3419/2828 2743/3416/2852
f 2690/3355/2799 2689/3354/2798 2696/3361/2805
f 2696/3361/2805 2744/3420/2853 2690/3355/2799
s 543
f 2694/3359/2803 2693/3358/2802 2684/3349/2793
f 2684/3349/2793 2745/3421/2854 2694/3359/2803
s 542
f 2706/3371/2815 2705/3370/2814 2680/3345/2789
f 2680/3345/2789 2746/3422/2855 2706/3371/2815
s 543
f 2710/3375/2819 2709/3374/2818 2700/3365/2809
f 2700/3365/2809 2747/3423/2856 2710/3375/2819
s 542
f 2690/3355/2799 2744/3420/2853 2713/3378/2822
s 543
f 2694/3359/2803 2745/3421/2854 2714/3379/2823
s 542
f 2706/3371/2815 2746/3422/2855 2717/3382/2826
s 543
f 2710/3375/2819 2747/3423/2856 2718/3383/2827
s 542
f 2722/3424/2831 2740/3425/2849 2741/3426/2850
f 2741/3426/2850 2742/3427/2851 2722/3424/2831
s 543
f 2727/3392/2836 2726/3391/2835 2693/3358/2802
f 2693/3358/2802 2692/3357/2801 2727/3392/2836
f 2723/3388/2832 2730/3395/2839 2709/3374/2818
f 2709/3374/2818 2708/3373/2817 2723/3388/2832
s 542
f 2735/3400/2844 2734/3399/2843 2705/3370/2814
f 2705/3370/2814 2704/3369/2813 2735/3400/2844
f 2731/3396/2840 2738/3403/2847 2689/3354/2798
f 2689/3354/2798 2688/3353/2797 2731/3396/2840
f 2741/3412/2850 2740/3411/2849 2738/3410/2847
f 2738/3410/2847 2731/3413/2840 2741/3412/2850
f 2720/3404/2829 2719/3419/2828 2734/3418/2843
f 2734/3418/2843 2735/3405/2844 2720/3404/2829
f 2682/3347/2791 2681/3346/2790 2688/3353/2797
f 2688/3353/2797 2748/3428/2857 2682/3347/2791
s 543
f 2686/3351/2795 2685/3350/2794 2708/3373/2817
f 2708/3373/2817 2749/3429/2858 2686/3351/2795
s 542
f 2698/3363/2807 2697/3362/2806 2704/3369/2813
f 2704/3369/2813 2750/3430/2859 2698/3363/2807
s 543
f 2702/3367/2811 2701/3366/2810 2692/3357/2801
f 2692/3357/2801 2751/3431/2860 2702/3367/2811
s 542
f 2682/3347/2791 2748/3428/2857 2711/3376/2820
s 543
f 2686/3351/2795 2749/3429/2858 2712/3377/2821
s 542
f 2698/3363/2807 2750/3430/2859 2715/3380/2824
s 543
f 2702/3367/2811 2751/3431/2860 2716/3381/2825
s 542
f 2722/3387/2831 2721/3386/2830 2739/3432/2848
f 2739/3432/2848 2740/3425/2849 2722/3387/2831
s 543
f 2725/3390/2834 2724/3389/2833 2685/3350/2794
f 2685/3350/2794 2684/3349/2793 2725/3390/2834
f 2729/3394/2838 2728/3393/2837 2701/3366/2810
f 2701/3366/2810 2700/3365/2809 2729/3394/2838
s 542
f 2733/3398/2842 2732/3397/2841 2681/3346/2790
f 2681/3346/2790 2680/3345/2789 2733/3398/2842
f 2737/3402/2846 2736/3401/2845 2697/3362/2806
f 2697/3362/2806 2696/3361/2805 2737/3402/2846
f 2739/3433/2848 2721/3407/2830 2736/3406/2845
f 2736/3406/2845 2737/3434/2846 2739/3433/2848
f 2743/3416/2852 2742/3415/2851 2732/3414/2841
f 2732/3414/2841 2733/3417/2842 2743/3416/2852
f 2722/3424/2831 2742/3427/2851 2743/3435/2852
f 2743/3435/2852 2719/3384/2828 2722/3424/2831
s 541
f 2752/3436/2861 2753/3437/2862 2754/3438/2863
f 2754/3438/2863 2755/3439/2864 2752/3436/2861
f 2756/3440/2865 2757/3441/2866 2758/3442/2867
f 2758/3442/2867 2759/3443/2868 2756/3440/2865
f 2760/3444/2869 2761/3445/2870 2762/3446/2871
f 2762/3446/2871 2763/3447/2872 2760/3444/2869
f 2764/3448/2873 2765/3449/2874 2766/3450/2875
f 2766/3450/2875 2767/3451/2876 2764/3448/2873
f 2752/3436/2861 2755/3439/2864 2768/3452/2877
f 2756/3440/2865 2759/3443/2868 2769/3453/2878
f 2760/3444/2869 2763/3447/2872 2770/3454/2879
f 2764/3448/2873 2767/3451/2876 2771/3455/2880
f 2772/3456/2881 2765/3449/2874 2754/3438/2863
f 2754/3438/2863 2773/3457/2882 2772/3456/2881
f 2774/3458/2883 2753/3437/2862 2758/3442/2867
f 2758/3442/2867 2775/3459/2884 2774/3458/2883
f 2776/3460/2885 2757/3441/2866 2762/3446/2871
f 2762/3446/2871 2777/3461/2886 2776/3460/2885
f 2778/3462/2887 2761/3445/2870 2766/3450/2875
f 2766/3450/2875 2779/3463/2888 2778/3462/2887
f 2667/3329/2776 2772/3464/2881 2773/3465/2882
f 2773/3465/2882 2668/3330/2777 2667/3329/2776
f 2668/3330/2777 2774/3466/2883 2775/3467/2884
f 2775/3467/2884 2672/3334/2781 2668/3330/2777
f 2672/3337/2781 2776/3468/2885 2777/3469/2886
f 2777/3469/2886 2675/3338/2784 2672/3337/2781
f 2675/3338/2784 2778/3470/2887 2779/3471/2888
f 2779/3471/2888 2667/3329/2776 2675/3338/2784
f 2759/3443/2868 2758/3442/2867 2753/3437/2862
f 2753/3437/2862 2780/3472/2889 2759/3443/2868
f 2767/3451/2876 2766/3450/2875 2761/3445/2870
f 2761/3445/2870 2781/3473/2890 2767/3451/2876
f 2759/3443/2868 2780/3472/2889 2769/3453/2878
f 2767/3451/2876 2781/3473/2890 2771/3455/2880
f 2776/3460/2885 2775/3459/2884 2758/3442/2867
f 2758/3442/2867 2757/3441/2866 2776/3460/2885
f 2772/3456/2881 2779/3463/2888 2766/3450/2875
f 2766/3450/2875 2765/3449/2874 2772/3456/2881
f 2755/3439/2864 2754/3438/2863 2765/3449/2874
f 2765/3449/2874 2782/3474/2891 2755/3439/2864
f 2763/3447/2872 2762/3446/2871 2757/3441/2866
f 2757/3441/2866 2783/3475/2892 2763/3447/2872
f 2755/3439/2864 2782/3474/2891 2768/3452/2877
f 2763/3447/2872 2783/3475/2892 2770/3454/2879
f 2774/3458/2883 2773/3457/2882 2754/3438/2863
f 2754/3438/2863 2753/3437/2862 2774/3458/2883
f 2778/3462/2887 2777/3461/2886 2762/3446/2871
f 2762/3446/2871 2761/3445/2870 2778/3462/2887
s 543
f 2784/3476/2893 2785/3477/2894 2786/3478/2895
f 2786/3478/2895 2787/3479/2896 2784/3476/2893
f 2788/3480/2897 2789/3481/2898 2790/3482/2899
f 2790/3482/2899 2791/3483/2900 2788/3480/2897
f 2792/3484/2901 2793/3485/2902 2794/3486/2903
f 2794/3486/2903 2795/3487/2904 2792/3484/2901
f 2796/3488/2905 2797/3489/2906 2798/3490/2907
f 2798/3490/2907 2799/3491/2908 2796/3488/2905
f 2784/3476/2893 2800/3492/2909 2785/3477/2894
f 2788/3480/2897 2801/3493/2910 2789/3481/2898
f 2792/3484/2901 2802/3494/2911 2793/3485/2902
f 2796/3488/2905 2803/3495/2912 2797/3489/2906
f 2804/3496/2913 2805/3497/2914 2786/3478/2895
f 2786/3478/2895 2799/3491/2908 2804/3496/2913
f 2806/3498/2915 2807/3499/2916 2790/3482/2899
f 2790/3482/2899 2787/3479/2896 2806/3498/2915
f 2808/3500/2917 2809/3501/2918 2794/3486/2903
f 2794/3486/2903 2791/3483/2900 2808/3500/2917
f 2810/3502/2919 2811/3503/2920 2798/3490/2907
f 2798/3490/2907 2795/3487/2904 2810/3502/2919
f 2789/3481/2898 2812/3504/2921 2787/3479/2896
f 2787/3479/2896 2790/3482/2899 2789/3481/2898
f 2797/3489/2906 2813/3505/2922 2795/3487/2904
f 2795/3487/2904 2798/3490/2907 2797/3489/2906
f 2789/3481/2898 2801/3493/2910 2812/3504/2921
f 2797/3489/2906 2803/3495/2912 2813/3505/2922
f 2808/3500/2917 2791/3483/2900 2790/3482/2899
f 2790/3482/2899 2807/3499/2916 2808/3500/2917
f 2804/3496/2913 2799/3491/2908 2798/3490/2907
f 2798/3490/2907 2811/3503/2920 2804/3496/2913
f 2785/3477/2894 2814/3506/2923 2799/3491/2908
f 2799/3491/2908 2786/3478/2895 2785/3477/2894
f 2793/3485/2902 2815/3507/2924 2791/3483/2900
f 2791/3483/2900 2794/3486/2903 2793/3485/2902
f 2785/3477/2894 2800/3492/2909 2814/3506/2923
f 2793/3485/2902 2802/3494/2911 2815/3507/2924
f 2806/3498/2915 2787/3479/2896 2786/3478/2895
f 2786/3478/2895 2805/3497/2914 2806/3498/2915
f 2810/3502/2919 2795/3487/2904 2794/3486/2903
f 2794/3486/2903 2809/3501/2918 2810/3502/2919
f 2811/3508/2920 2810/3509/2919 2728/3510/2837
f 2728/3510/2837 2729/3511/2838 2811/3508/2920
f 2804/3512/2913 2811/3508/2920 2729/3511/2838
f 2729/3511/2838 2730/3513/2839 2804/3512/2913
f 2805/3514/2914 2804/3512/2913 2730/3513/2839
f 2730/3513/2839 2723/3515/2832 2805/3514/2914
f 2806/3516/2915 2805/3514/2914 2723/3515/2832
f 2723/3515/2832 2724/3517/2833 2806/3516/2915
f 2807/3518/2916 2806/3519/2915 2724/3520/2833
f 2724/3520/2833 2725/3521/2834 2807/3518/2916
f 2808/3522/2917 2807/3518/2916 2725/3521/2834
f 2725/3521/2834 2726/3523/2835 2808/3522/2917
f 2809/3524/2918 2808/3522/2917 2726/3523/2835
f 2726/3523/2835 2727/3525/2836 2809/3524/2918
f 2810/3509/2919 2809/3524/2918 2727/3525/2836
f 2727/3525/2836 2728/3510/2837 2810/3509/2919
s 541
f 2667/3329/2776 2779/3471/2888 2772/3464/2881
f 2668/3330/2777 2773/3465/2882 2774/3466/2883
f 2672/3334/2781 2775/3467/2884 2776/3526/2885
f 2675/3338/2784 2777/3469/2886 2778/3470/2887
s 544
f 2816/3527/2925 2817/3528/2926 2818/3529/2927
f 2818/3529/2927 2819/3530/2928 2816/3527/2925
f 2820/3531/2929 2821/3532/2930 2819/3530/2928
f 2819/3530/2928 2818/3529/2927 2822/3533/2931
f 2820/3531/2929 2819/3530/2928 2822/3533/2931
f 2823/3534/2932 2824/3535/2933 2820/3531/2929
f 2823/3534/2932 2820/3531/2929 2822/3536/2931
f 2823/3534/2932 2822/3536/2931 2825/3537/2934
f 2825/3537/2934 2817/3528/2926 2816/3538/2925
f 2816/3538/2925 2823/3534/2932 2825/3537/2934
f 2816/3527/2925 2819/3530/2928 2826/3539/2935
f 2826/3539/2935 2819/3530/2928 2821/3532/2930
f 2821/3532/2930 2827/3540/2936 2826/3539/2935
f 2821/3532/2930 2824/3535/2933 2827/3540/2936
f 2824/3535/2933 2823/3534/2932 2828/3541/2937
f 2828/3541/2937 2827/3540/2936 2824/3535/2933
f 2823/3534/2932 2816/3538/2925 2826/3542/2935
f 2826/3542/2935 2828/3541/2937 2823/3534/2932
f 2820/3531/2929 2824/3535/2933 2821/3532/2930
s 545
f 2829/3543/2938 2830/3544/2939 2831/3545/2940
f 2831/3545/2940 2832/3546/2941 2829/3543/2938
s 546
f 2833/3547/2942 2834/3548/2943 2835/3549/2944
f 2835/3549/2944 2836/3550/2945 2833/3547/2942
s 545
f 2837/3551/2946 2838/3552/2947 2839/3553/2948
f 2839/3553/2948 2840/3554/2949 2837/3551/2946
s 546
f 2841/3555/2950 2842/3556/2951 2843/3557/2952
f 2843/3557/2952 2844/3558/2953 2841/3555/2950
s 545
f 2845/3559/2954 2846/3560/2955 2847/3561/2956
f 2847/3561/2956 2848/3562/2957 2845/3559/2954
s 546
f 2849/3563/2958 2850/3564/2959 2851/3565/2960
f 2851/3565/2960 2852/3566/2961 2849/3563/2958
s 545
f 2853/3567/2962 2854/3568/2963 2855/3569/2964
f 2855/3569/2964 2856/3570/2965 2853/3567/2962
s 546
f 2857/3571/2966 2858/3572/2967 2859/3573/2968
f 2859/3573/2968 2860/3574/2969 2857/3571/2966
s 545
f 2829/3543/2938 2832/3546/2941 2861/3575/2970
s 546
f 2833/3547/2942 2836/3550/2945 2862/3576/2971
s 545
f 2837/3551/2946 2840/3554/2949 2863/3577/2972
s 546
f 2841/3555/2950 2844/3558/2953 2864/3578/2973
s 545
f 2845/3559/2954 2848/3562/2957 2865/3579/2974
s 546
f 2849/3563/2958 2852/3566/2961 2866/3580/2975
s 545
f 2853/3567/2962 2856/3570/2965 2867/3581/2976
s 546
f 2857/3571/2966 2860/3574/2969 2868/3582/2977
s 545
f 2869/3583/2978 2870/3584/2979 2871/3585/2980
f 2871/3585/2980 2872/3586/2981 2869/3583/2978
s 546
f 2873/3587/2982 2858/3572/2967 2835/3549/2944
f 2835/3549/2944 2874/3588/2983 2873/3587/2982
f 2875/3589/2984 2834/3548/2943 2843/3557/2952
f 2843/3557/2952 2876/3590/2985 2875/3589/2984
f 2877/3591/2986 2842/3556/2951 2851/3565/2960
f 2851/3565/2960 2878/3592/2987 2877/3591/2986
f 2879/3593/2988 2850/3564/2959 2859/3573/2968
f 2859/3573/2968 2880/3594/2989 2879/3593/2988
s 545
f 2881/3595/2990 2838/3552/2947 2831/3545/2940
f 2831/3545/2940 2882/3596/2991 2881/3595/2990
f 2883/3597/2992 2830/3544/2939 2855/3569/2964
f 2855/3569/2964 2884/3598/2993 2883/3597/2992
f 2885/3599/2994 2854/3568/2963 2847/3561/2956
f 2847/3561/2956 2886/3600/2995 2885/3599/2994
f 2887/3601/2996 2846/3560/2955 2839/3553/2948
f 2839/3553/2948 2888/3602/2997 2887/3601/2996
f 2870/3603/2979 2885/3604/2994 2886/3605/2995
f 2886/3605/2995 2871/3606/2980 2870/3603/2979
f 2889/3607/2998 2887/3608/2996 2888/3609/2997
f 2888/3609/2997 2890/3610/2999 2889/3607/2998
f 2891/3611/3000 2881/3612/2990 2882/3613/2991
f 2882/3613/2991 2892/3614/3001 2891/3611/3000
f 2893/3615/3002 2883/3616/2992 2884/3617/2993
f 2884/3617/2993 2869/3618/2978 2893/3615/3002
f 2840/3554/2949 2839/3553/2948 2846/3560/2955
f 2846/3560/2955 2894/3619/3003 2840/3554/2949
s 546
f 2844/3558/2953 2843/3557/2952 2834/3548/2943
f 2834/3548/2943 2895/3620/3004 2844/3558/2953
s 545
f 2856/3570/2965 2855/3569/2964 2830/3544/2939
f 2830/3544/2939 2896/3621/3005 2856/3570/2965
s 546
f 2860/3574/2969 2859/3573/2968 2850/3564/2959
f 2850/3564/2959 2897/3622/3006 2860/3574/2969
s 545
f 2840/3554/2949 2894/3619/3003 2863/3577/2972
s 546
f 2844/3558/2953 2895/3620/3004 2864/3578/2973
s 545
f 2856/3570/2965 2896/3621/3005 2867/3581/2976
s 546
f 2860/3574/2969 2897/3622/3006 2868/3582/2977
s 545
f 2872/3623/2981 2890/3624/2999 2891/3625/3000
f 2891/3625/3000 2892/3626/3001 2872/3623/2981
s 546
f 2877/3591/2986 2876/3590/2985 2843/3557/2952
f 2843/3557/2952 2842/3556/2951 2877/3591/2986
f 2873/3587/2982 2880/3594/2989 2859/3573/2968
f 2859/3573/2968 2858/3572/2967 2873/3587/2982
s 545
f 2885/3599/2994 2884/3598/2993 2855/3569/2964
f 2855/3569/2964 2854/3568/2963 2885/3599/2994
f 2881/3595/2990 2888/3602/2997 2839/3553/2948
f 2839/3553/2948 2838/3552/2947 2881/3595/2990
f 2891/3611/3000 2890/3610/2999 2888/3609/2997
f 2888/3609/2997 2881/3612/2990 2891/3611/3000
f 2870/3603/2979 2869/3618/2978 2884/3617/2993
f 2884/3617/2993 2885/3604/2994 2870/3603/2979
f 2832/3546/2941 2831/3545/2940 2838/3552/2947
f 2838/3552/2947 2898/3627/3007 2832/3546/2941
s 546
f 2836/3550/2945 2835/3549/2944 2858/3572/2967
f 2858/3572/2967 2899/3628/3008 2836/3550/2945
s 545
f 2848/3562/2957 2847/3561/2956 2854/3568/2963
f 2854/3568/2963 2900/3629/3009 2848/3562/2957
s 546
f 2852/3566/2961 2851/3565/2960 2842/3556/2951
f 2842/3556/2951 2901/3630/3010 2852/3566/2961
s 545
f 2832/3546/2941 2898/3627/3007 2861/3575/2970
s 546
f 2836/3550/2945 2899/3628/3008 2862/3576/2971
s 545
f 2848/3562/2957 2900/3629/3009 2865/3579/2974
s 546
f 2852/3566/2961 2901/3630/3010 2866/3580/2975
s 545
f 2872/3586/2981 2871/3585/2980 2889/3631/2998
f 2889/3631/2998 2890/3624/2999 2872/3586/2981
s 546
f 2875/3589/2984 2874/3588/2983 2835/3549/2944
f 2835/3549/2944 2834/3548/2943 2875/3589/2984
f 2879/3593/2988 2878/3592/2987 2851/3565/2960
f 2851/3565/2960 2850/3564/2959 2879/3593/2988
s 545
f 2883/3597/2992 2882/3596/2991 2831/3545/2940
f 2831/3545/2940 2830/3544/2939 2883/3597/2992
f 2887/3601/2996 2886/3600/2995 2847/3561/2956
f 2847/3561/2956 2846/3560/2955 2887/3601/2996
f 2889/3632/2998 2871/3606/2980 2886/3605/2995
f 2886/3605/2995 2887/3633/2996 2889/3632/2998
f 2893/3615/3002 2892/3614/3001 2882/3613/2991
f 2882/3613/2991 2883/3616/2992 2893/3615/3002
f 2872/3623/2981 2892/3626/3001 2893/3634/3002
f 2893/3634/3002 2869/3583/2978 2872/3623/2981
s 544
f 2902/3635/3011 2903/3636/3012 2904/3637/3013
f 2904/3637/3013 2905/3638/3014 2902/3635/3011
f 2906/3639/3015 2907/3640/3016 2908/3641/3017
f 2908/3641/3017 2909/3642/3018 2906/3639/3015
f 2910/3643/3019 2911/3644/3020 2912/3645/3021
f 2912/3645/3021 2913/3646/3022 2910/3643/3019
f 2914/3647/3023 2915/3648/3024 2916/3649/3025
f 2916/3649/3025 2917/3650/3026 2914/3647/3023
f 2902/3635/3011 2905/3638/3014 2918/3651/3027
f 2906/3639/3015 2909/3642/3018 2919/3652/3028
f 2910/3643/3019 2913/3646/3022 2920/3653/3029
f 2914/3647/3023 2917/3650/3026 2921/3654/3030
f 2922/3655/3031 2915/3648/3024 2904/3637/3013
f 2904/3637/3013 2923/3656/3032 2922/3655/3031
f 2924/3657/3033 2903/3636/3012 2908/3641/3017
f 2908/3641/3017 2925/3658/3034 2924/3657/3033
f 2926/3659/3035 2907/3640/3016 2912/3645/3021
f 2912/3645/3021 2927/3660/3036 2926/3659/3035
f 2928/3661/3037 2911/3644/3020 2916/3649/3025
f 2916/3649/3025 2929/3662/3038 2928/3661/3037
f 2817/3528/2926 2922/3663/3031 2923/3664/3032
f 2923/3664/3032 2818/3529/2927 2817/3528/2926
f 2818/3529/2927 2924/3665/3033 2925/3666/3034
f 2925/3666/3034 2822/3533/2931 2818/3529/2927
f 2822/3536/2931 2926/3667/3035 2927/3668/3036
f 2927/3668/3036 2825/3537/2934 2822/3536/2931
f 2825/3537/2934 2928/3669/3037 2929/3670/3038
f 2929/3670/3038 2817/3528/2926 2825/3537/2934
f 2909/3642/3018 2908/3641/3017 2903/3636/3012
f 2903/3636/3012 2930/3671/3039 2909/3642/3018
f 2917/3650/3026 2916/3649/3025 2911/3644/3020
f 2911/3644/3020 2931/3672/3040 2917/3650/3026
f 2909/3642/3018 2930/3671/3039 2919/3652/3028
f 2917/3650/3026 2931/3672/3040 2921/3654/3030
f 2926/3659/3035 2925/3658/3034 2908/3641/3017
f 2908/3641/3017 2907/3640/3016 2926/3659/3035
f 2922/3655/3031 2929/3662/3038 2916/3649/3025
f 2916/3649/3025 2915/3648/3024 2922/3655/3031
f 2905/3638/3014 2904/3637/3013 2915/3648/3024
f 2915/3648/3024 2932/3673/3041 2905/3638/3014
f 2913/3646/3022 2912/3645/3021 2907/3640/3016
f 2907/3640/3016 2933/3674/3042 2913/3646/3022
f 2905/3638/3014 2932/3673/3041 2918/3651/3027
f 2913/3646/3022 2933/3674/3042 2920/3653/3029
f 2924/3657/3033 2923/3656/3032 2904/3637/3013
f 2904/3637/3013 2903/3636/3012 2924/3657/3033
f 2928/3661/3037 2927/3660/3036 2912/3645/3021
f 2912/3645/3021 2911/3644/3020 2928/3661/3037
s 546
f 2934/3675/3043 2935/3676/3044 2936/3677/3045
f 2936/3677/3045 2937/3678/3046 2934/3675/3043
f 2938/3679/3047 2939/3680/3048 2940/3681/3049
f 2940/3681/3049 2941/3682/3050 2938/3679/3047
f 2942/3683/3051 2943/3684/3052 2944/3685/3053
f 2944/3685/3053 2945/3686/3054 2942/3683/3051
f 2946/3687/3055 2947/3688/3056 2948/3689/3057
f 2948/3689/3057 2949/3690/3058 2946/3687/3055
f 2934/3675/3043 2950/3691/3059 2935/3676/3044
f 2938/3679/3047 2951/3692/3060 2939/3680/3048
f 2942/3683/3051 2952/3693/3061 2943/3684/3052
f 2946/3687/3055 2953/3694/3062 2947/3688/3056
f 2954/3695/3063 2955/3696/3064 2936/3677/3045
f 2936/3677/3045 2949/3690/3058 2954/3695/3063
f 2956/3697/3065 2957/3698/3066 2940/3681/3049
f 2940/3681/3049 2937/3678/3046 2956/3697/3065
f 2958/3699/3067 2959/3700/3068 2944/3685/3053
f 2944/3685/3053 2941/3682/3050 2958/3699/3067
f 2960/3701/3069 2961/3702/3070 2948/3689/3057
f 2948/3689/3057 2945/3686/3054 2960/3701/3069
f 2939/3680/3048 2962/3703/3071 2937/3678/3046
f 2937/3678/3046 2940/3681/3049 2939/3680/3048
f 2947/3688/3056 2963/3704/3072 2945/3686/3054
f 2945/3686/3054 2948/3689/3057 2947/3688/3056
f 2939/3680/3048 2951/3692/3060 2962/3703/3071
f 2947/3688/3056 2953/3694/3062 2963/3704/3072
f 2958/3699/3067 2941/3682/3050 2940/3681/3049
f 2940/3681/3049 2957/3698/3066 2958/3699/3067
f 2954/3695/3063 2949/3690/3058 2948/3689/3057
f 2948/3689/3057 2961/3702/3070 2954/3695/3063
f 2935/3676/3044 2964/3705/3073 2949/3690/3058
f 2949/3690/3058 2936/3677/3045 2935/3676/3044
f 2943/3684/3052 2965/3706/3074 2941/3682/3050
f 2941/3682/3050 2944/3685/3053 2943/3684/3052
f 2935/3676/3044 2950/3691/3059 2964/3705/3073
f 2943/3684/3052 2952/3693/3061 2965/3706/3074
f 2956/3697/3065 2937/3678/3046 2936/3677/3045
f 2936/3677/3045 2955/3696/3064 2956/3697/3065
f 2960/3701/3069 2945/3686/3054 2944/3685/3053
f 2944/3685/3053 2959/3700/3068 2960/3701/3069
f 2961/3707/3070 2960/3708/3069 2878/3709/2987
f 2878/3709/2987 2879/3710/2988 2961/3707/3070
f 2954/3711/3063 2961/3707/3070 2879/3710/2988
f 2879/3710/2988 2880/3712/2989 2954/3711/3063
f 2955/3713/3064 2954/3711/3063 2880/3712/2989
f 2880/3712/2989 2873/3714/2982 2955/3713/3064
f 2956/3715/3065 2955/3713/3064 2873/3714/2982
f 2873/3714/2982 2874/3716/2983 2956/3715/3065
f 2957/3717/3066 2956/3718/3065 2874/3719/2983
f 2874/3719/2983 2875/3720/2984 2957/3717/3066
f 2958/3721/3067 2957/3717/3066 2875/3720/2984
f 2875/3720/2984 2876/3722/2985 2958/3721/3067
f 2959/3723/3068 2958/3721/3067 2876/3722/2985
f 2876/3722/2985 2877/3724/2986 2959/3723/3068
f 2960/3708/3069 2959/3723/3068 2877/3724/2986
f 2877/3724/2986 2878/3709/2987 2960/3708/3069
s 544
f 2817/3528/2926 2929/3670/3038 2922/3663/3031
f 2818/3529/2927 2923/3664/3032 2924/3665/3033
f 2822/3533/2931 2925/3666/3034 2926/3725/3035
f 2825/3537/2934 2927/3668/3036 2928/3669/3037
s 547
f 2966/3726/3075 2967/3727/3076 2968/3728/3077
f 2968/3728/3077 2969/3729/3078 2966/3726/3075
f 2970/3730/3079 2971/3731/3080 2969/3729/3078
f 2969/3729/3078 2968/3728/3077 2972/3732/3081
f 2970/3730/3079 2969/3729/3078 2972/3732/3081
f 2973/3733/3082 2974/3734/3083 2970/3730/3079
f 2973/3733/3082 2970/3730/3079 2972/3735/3081
f 2973/3733/3082 2972/3735/3081 2975/3736/3084
f 2975/3736/3084 2967/3727/3076 2966/3737/3075
f 2966/3737/3075 2973/3733/3082 2975/3736/3084
f 2966/3726/3075 2969/3729/3078 2976/3738/3085
f 2976/3738/3085 2969/3729/3078 2971/3731/3080
f 2971/3731/3080 2977/3739/3086 2976/3738/3085
f 2971/3731/3080 2974/3734/3083 2977/3739/3086
f 2974/3734/3083 2973/3733/3082 2978/3740/3087
f 2978/3740/3087 2977/3739/3086 2974/3734/3083
f 2973/3733/3082 2966/3737/3075 2976/3741/3085
f 2976/3741/3085 2978/3740/3087 2973/3733/3082
f 2970/3730/3079 2974/3734/3083 2971/3731/3080
s 548
f 2979/3742/3088 2980/3743/3089 2981/3744/3090
f 2981/3744/3090 2982/3745/3091 2979/3742/3088
s 549
f 2983/3746/3092 2984/3747/3093 2985/3748/3094
f 2985/3748/3094 2986/3749/3095 2983/3746/3092
s 548
f 2987/3750/3096 2988/3751/3097 2989/3752/3098
f 2989/3752/3098 2990/3753/3099 2987/3750/3096
s 549
f 2991/3754/3100 2992/3755/3101 2993/3756/3102
f 2993/3756/3102 2994/3757/3103 2991/3754/3100
s 548
f 2995/3758/3104 2996/3759/3105 2997/3760/3106
f 2997/3760/3106 2998/3761/3107 2995/3758/3104
s 549
f 2999/3762/3108 3000/3763/3109 3001/3764/3110
f 3001/3764/3110 3002/3765/3111 2999/3762/3108
s 548
f 3003/3766/3112 3004/3767/3113 3005/3768/3114
f 3005/3768/3114 3006/3769/3115 3003/3766/3112
s 549
f 3007/3770/3116 3008/3771/3117 3009/3772/3118
f 3009/3772/3118 3010/3773/3119 3007/3770/3116
s 548
f 2979/3742/3088 2982/3745/3091 3011/3774/3120
s 549
f 2983/3746/3092 2986/3749/3095 3012/3775/3121
s 548
f 2987/3750/3096 2990/3753/3099 3013/3776/3122
s 549
f 2991/3754/3100 2994/3757/3103 3014/3777/3123
s 548
f 2995/3758/3104 2998/3761/3107 3015/3778/3124
s 549
f 2999/3762/3108 3002/3765/3111 3016/3779/3125
s 548
f 3003/3766/3112 3006/3769/3115 3017/3780/3126
s 549
f 3007/3770/3116 3010/3773/3119 3018/3781/3127
s 548
f 3019/3782/3128 3020/3783/3129 3021/3784/3130
f 3021/3784/3130 3022/3785/3131 3019/3782/3128
s 549
f 3023/3786/3132 3008/3771/3117 2985/3748/3094
f 2985/3748/3094 3024/3787/3133 3023/3786/3132
f 3025/3788/3134 2984/3747/3093 2993/3756/3102
f 2993/3756/3102 3026/3789/3135 3025/3788/3134
f 3027/3790/3136 2992/3755/3101 3001/3764/3110
f 3001/3764/3110 3028/3791/3137 3027/3790/3136
f 3029/3792/3138 3000/3763/3109 3009/3772/3118
f 3009/3772/3118 3030/3793/3139 3029/3792/3138
s 548
f 3031/3794/3140 2988/3751/3097 2981/3744/3090
f 2981/3744/3090 3032/3795/3141 3031/3794/3140
f 3033/3796/3142 2980/3743/3089 3005/3768/3114
f 3005/3768/3114 3034/3797/3143 3033/3796/3142
f 3035/3798/3144 3004/3767/3113 2997/3760/3106
f 2997/3760/3106 3036/3799/3145 3035/3798/3144
f 3037/3800/3146 2996/3759/3105 2989/3752/3098
f 2989/3752/3098 3038/3801/3147 3037/3800/3146
f 3020/3802/3129 3035/3803/3144 3036/3804/3145
f 3036/3804/3145 3021/3805/3130 3020/3802/3129
f 3039/3806/3148 3037/3807/3146 3038/3808/3147
f 3038/3808/3147 3040/3809/3149 3039/3806/3148
f 3041/3810/3150 3031/3811/3140 3032/3812/3141
f 3032/3812/3141 3042/3813/3151 3041/3810/3150
f 3043/3814/3152 3033/3815/3142 3034/3816/3143
f 3034/3816/3143 3019/3817/3128 3043/3814/3152
f 2990/3753/3099 2989/3752/3098 2996/3759/3105
f 2996/3759/3105 3044/3818/3153 2990/3753/3099
s 549
f 2994/3757/3103 2993/3756/3102 2984/3747/3093
f 2984/3747/3093 3045/3819/3154 2994/3757/3103
s 548
f 3006/3769/3115 3005/3768/3114 2980/3743/3089
f 2980/3743/3089 3046/3820/3155 3006/3769/3115
s 549
f 3010/3773/3119 3009/3772/3118 3000/3763/3109
f 3000/3763/3109 3047/3821/3156 3010/3773/3119
s 548
f 2990/3753/3099 3044/3818/3153 3013/3776/3122
s 549
f 2994/3757/3103 3045/3819/3154 3014/3777/3123
s 548
f 3006/3769/3115 3046/3820/3155 3017/3780/3126
s 549
f 3010/3773/3119 3047/3821/3156 3018/3781/3127
s 548
f 3022/3822/3131 3040/3823/3149 3041/3824/3150
f 3041/3824/3150 3042/3825/3151 3022/3822/3131
s 549
f 3027/3790/3136 3026/3789/3135 2993/3756/3102
f 2993/3756/3102 2992/3755/3101 3027/3790/3136
f 3023/3786/3132 3030/3793/3139 3009/3772/3118
f 3009/3772/3118 3008/3771/3117 3023/3786/3132
s 548
f 3035/3798/3144 3034/3797/3143 3005/3768/3114
f 3005/3768/3114 3004/3767/3113 3035/3798/3144
f 3031/3794/3140 3038/3801/3147 2989/3752/3098
f 2989/3752/3098 2988/3751/3097 3031/3794/3140
f 3041/3810/3150 3040/3809/3149 3038/3808/3147
f 3038/3808/3147 3031/3811/3140 3041/3810/3150
f 3020/3802/3129 3019/3817/3128 3034/3816/3143
f 3034/3816/3143 3035/3803/3144 3020/3802/3129
f 2982/3745/3091 2981/3744/3090 2988/3751/3097
f 2988/3751/3097 3048/3826/3157 2982/3745/3091
s 549
f 2986/3749/3095 2985/3748/3094 3008/3771/3117
f 3008/3771/3117 3049/3827/3158 2986/3749/3095
s 548
f 2998/3761/3107 2997/3760/3106 3004/3767/3113
f 3004/3767/3113 3050/3828/3159 2998/3761/3107
s 549
f 3002/3765/3111 3001/3764/3110 2992/3755/3101
f 2992/3755/3101 3051/3829/3160 3002/3765/3111
s 548
f 2982/3745/3091 3048/3826/3157 3011/3774/3120
s 549
f 2986/3749/3095 3049/3827/3158 3012/3775/3121
s 548
f 2998/3761/3107 3050/3828/3159 3015/3778/3124
s 549
f 3002/3765/3111 3051/3829/3160 3016/3779/3125
s 548
f 3022/3785/3131 3021/3784/3130 3039/3830/3148
f 3039/3830/3148 3040/3823/3149 3022/3785/3131
s 549
f 3025/3788/3134 3024/3787/3133 2985/3748/3094
f 2985/3748/3094 2984/3747/3093 3025/3788/3134
f 3029/3792/3138 3028/3791/3137 3001/3764/3110
f 3001/3764/3110 3000/3763/3109 3029/3792/3138
s 548
f 3033/3796/3142 3032/3795/3141 2981/3744/3090
f 2981/3744/3090 2980/3743/3089 3033/3796/3142
f 3037/3800/3146 3036/3799/3145 2997/3760/3106
f 2997/3760/3106 2996/3759/3105 3037/3800/3146
f 3039/3831/3148 3021/3805/3130 3036/3804/3145
f 3036/3804/3145 3037/3832/3146 3039/3831/3148
f 3043/3814/3152 3042/3813/3151 3032/3812/3141
f 3032/3812/3141 3033/3815/3142 3043/3814/3152
f 3022/3822/3131 3042/3825/3151 3043/3833/3152
f 3043/3833/3152 3019/3782/3128 3022/3822/3131
s 547
f 3052/3834/3161 3053/3835/3162 3054/3836/3163
f 3054/3836/3163 3055/3837/3164 3052/3834/3161
f 3056/3838/3165 3057/3839/3166 3058/3840/3167
f 3058/3840/3167 3059/3841/3168 3056/3838/3165
f 3060/3842/3169 3061/3843/3170 3062/3844/3171
f 3062/3844/3171 3063/3845/3172 3060/3842/3169
f 3064/3846/3173 3065/3847/3174 3066/3848/3175
f 3066/3848/3175 3067/3849/3176 3064/3846/3173
f 3052/3834/3161 3055/3837/3164 3068/3850/3177
f 3056/3838/3165 3059/3841/3168 3069/3851/3178
f 3060/3842/3169 3063/3845/3172 3070/3852/3179
f 3064/3846/3173 3067/3849/3176 3071/3853/3180
f 3072/3854/3181 3065/3847/3174 3054/3836/3163
f 3054/3836/3163 3073/3855/3182 3072/3854/3181
f 3074/3856/3183 3053/3835/3162 3058/3840/3167
f 3058/3840/3167 3075/3857/3184 3074/3856/3183
f 3076/3858/3185 3057/3839/3166 3062/3844/3171
f 3062/3844/3171 3077/3859/3186 3076/3858/3185
f 3078/3860/3187 3061/3843/3170 3066/3848/3175
f 3066/3848/3175 3079/3861/3188 3078/3860/3187
f 2967/3727/3076 3072/3862/3181 3073/3863/3182
f 3073/3863/3182 2968/3728/3077 2967/3727/3076
f 2968/3728/3077 3074/3864/3183 3075/3865/3184
f 3075/3865/3184 2972/3732/3081 2968/3728/3077
f 2972/3735/3081 3076/3866/3185 3077/3867/3186
f 3077/3867/3186 2975/3736/3084 2972/3735/3081
f 2975/3736/3084 3078/3868/3187 3079/3869/3188
f 3079/3869/3188 2967/3727/3076 2975/3736/3084
f 3059/3841/3168 3058/3840/3167 3053/3835/3162
f 3053/3835/3162 3080/3870/3189 3059/3841/3168
f 3067/3849/3176 3066/3848/3175 3061/3843/3170
f 3061/3843/3170 3081/3871/3190 3067/3849/3176
f 3059/3841/3168 3080/3870/3189 3069/3851/3178
f 3067/3849/3176 3081/3871/3190 3071/3853/3180
f 3076/3858/3185 3075/3857/3184 3058/3840/3167
f 3058/3840/3167 3057/3839/3166 3076/3858/3185
f 3072/3854/3181 3079/3861/3188 3066/3848/3175
f 3066/3848/3175 3065/3847/3174 3072/3854/3181
f 3055/3837/3164 3054/3836/3163 3065/3847/3174
f 3065/3847/3174 3082/3872/3191 3055/3837/3164
f 3063/3845/3172 3062/3844/3171 3057/3839/3166
f 3057/3839/3166 3083/3873/3192 3063/3845/3172
f 3055/3837/3164 3082/3872/3191 3068/3850/3177
f 3063/3845/3172 3083/3873/3192 3070/3852/3179
f 3074/3856/3183 3073/3855/3182 3054/3836/3163
f 3054/3836/3163 3053/3835/3162 3074/3856/3183
f 3078/3860/3187 3077/3859/3186 3062/3844/3171
f 3062/3844/3171 3061/3843/3170 3078/3860/3187
s 549
f 3084/3874/3193 3085/3875/3194 3086/3876/3195
f 3086/3876/3195 3087/3877/3196 3084/3874/3193
f 3088/3878/3197 3089/3879/3198 3090/3880/3199
f 3090/3880/3199 3091/3881/3200 3088/3878/3197
f 3092/3882/3201 3093/3883/3202 3094/3884/3203
f 3094/3884/3203 3095/3885/3204 3092/3882/3201
f 3096/3886/3205 3097/3887/3206 3098/3888/3207
f 3098/3888/3207 3099/3889/3208 3096/3886/3205
f 3084/3874/3193 3100/3890/3209 3085/3875/3194
f 3088/3878/3197 3101/3891/3210 3089/3879/3198
f 3092/3882/3201 3102/3892/3211 3093/3883/3202
f 3096/3886/3205 3103/3893/3212 3097/3887/3206
f 3104/3894/3213 3105/3895/3214 3086/3876/3195
f 3086/3876/3195 3099/3889/3208 3104/3894/3213
f 3106/3896/3215 3107/3897/3216 3090/3880/3199
f 3090/3880/3199 3087/3877/3196 3106/3896/3215
f 3108/3898/3217 3109/3899/3218 3094/3884/3203
f 3094/3884/3203 3091/3881/3200 3108/3898/3217
f 3110/3900/3219 3111/3901/3220 3098/3888/3207
f 3098/3888/3207 3095/3885/3204 3110/3900/3219
f 3089/3879/3198 3112/3902/3221 3087/3877/3196
f 3087/3877/3196 3090/3880/3199 3089/3879/3198
f 3097/3887/3206 3113/3903/3222 3095/3885/3204
f 3095/3885/3204 3098/3888/3207 3097/3887/3206
f 3089/3879/3198 3101/3891/3210 3112/3902/3221
f 3097/3887/3206 3103/3893/3212 3113/3903/3222
f 3108/3898/3217 3091/3881/3200 3090/3880/3199
f 3090/3880/3199 3107/3897/3216 3108/3898/3217
f 3104/3894/3213 3099/3889/3208 3098/3888/3207
f 3098/3888/3207 3111/3901/3220 3104/3894/3213
f 3085/3875/3194 3114/3904/3223 3099/3889/3208
f 3099/3889/3208 3086/3876/3195 3085/3875/3194
f 3093/3883/3202 3115/3905/3224 3091/3881/3200
f 3091/3881/3200 3094/3884/3203 3093/3883/3202
f 3085/3875/3194 3100/3890/3209 3114/3904/3223
f 3093/3883/3202 3102/3892/3211 3115/3905/3224
f 3106/3896/3215 3087/3877/3196 3086/3876/3195
f 3086/3876/3195 3105/3895/3214 3106/3896/3215
f 3110/3900/3219 3095/3885/3204 3094/3884/3203
f 3094/3884/3203 3109/3899/3218 3110/3900/3219
f 3111/3906/3220 3110/3907/3219 3028/3908/3137
f 3028/3908/3137 3029/3909/3138 3111/3906/3220
f 3104/3910/3213 3111/3906/3220 3029/3909/3138
f 3029/3909/3138 3030/3911/3139 3104/3910/3213
f 3105/3912/3214 3104/3910/3213 3030/3911/3139
f 3030/3911/3139 3023/3913/3132 3105/3912/3214
f 3106/3914/3215 3105/3912/3214 3023/3913/3132
f 3023/3913/3132 3024/3915/3133 3106/3914/3215
f 3107/3916/3216 3106/3917/3215 3024/3918/3133
f 3024/3918/3133 3025/3919/3134 3107/3916/3216
f 3108/3920/3217 3107/3916/3216 3025/3919/3134
f 3025/3919/3134 3026/3921/3135 3108/3920/3217
f 3109/3922/3218 3108/3920/3217 3026/3921/3135
f 3026/3921/3135 3027/3923/3136 3109/3922/3218
f 3110/3907/3219 3109/3922/3218 3027/3923/3136
f 3027/3923/3136 3028/3908/3137 3110/3907/3219
s 547
f 2967/3727/3076 3079/3869/3188 3072/3862/3181
f 2968/3728/3077 3073/3863/3182 3074/3864/3183
f 2972/3732/3081 3075/3865/3184 3076/3924/3185
f 2975/3736/3084 3077/3867/3186 3078/3868/3187
s 550
f 3116/3925/3225 3117/3926/3226 3118/3927/3227
f 3118/3927/3227 3119/3928/3228 3116/3925/3225
f 3120/3929/3229 3121/3930/3230 3119/3928/3228
f 3119/3928/3228 3118/3927/3227 3122/3931/3231
f 3120/3929/3229 3119/3928/3228 3122/3931/3231
f 3123/3932/3232 3124/3933/3233 3120/3929/3229
f 3123/3932/3232 3120/3929/3229 3122/3934/3231
f 3123/3932/3232 3122/3934/3231 3125/3935/3234
f 3125/3935/3234 3117/3926/3226 3116/3936/3225
f 3116/3936/3225 3123/3932/3232 3125/3935/3234
f 3116/3925/3225 3119/3928/3228 3126/3937/3235
f 3126/3937/3235 3119/3928/3228 3121/3930/3230
f 3121/3930/3230 3127/3938/3236 3126/3937/3235
f 3121/3930/3230 3124/3933/3233 3127/3938/3236
f 3124/3933/3233 3123/3932/3232 3128/3939/3237
f 3128/3939/3237 3127/3938/3236 3124/3933/3233
f 3123/3932/3232 3116/3936/3225 3126/3940/3235
f 3126/3940/3235 3128/3939/3237 3123/3932/3232
f 3120/3929/3229 3124/3933/3233 3121/3930/3230
s 551
f 3129/3941/3238 3130/3942/3239 3131/3943/3240
f 3131/3943/3240 3132/3944/3241 3129/3941/3238
s 552
f 3133/3945/3242 3134/3946/3243 3135/3947/3244
f 3135/3947/3244 3136/3948/3245 3133/3945/3242
s 551
f 3137/3949/3246 3138/3950/3247 3139/3951/3248
f 3139/3951/3248 3140/3952/3249 3137/3949/3246
s 552
f 3141/3953/3250 3142/3954/3251 3143/3955/3252
f 3143/3955/3252 3144/3956/3253 3141/3953/3250
s 551
f 3145/3957/3254 3146/3958/3255 3147/3959/3256
f 3147/3959/3256 3148/3960/3257 3145/3957/3254
s 552
f 3149/3961/3258 3150/3962/3259 3151/3963/3260
f 3151/3963/3260 3152/3964/3261 3149/3961/3258
s 551
f 3153/3965/3262 3154/3966/3263 3155/3967/3264
f 3155/3967/3264 3156/3968/3265 3153/3965/3262
s 552
f 3157/3969/3266 3158/3970/3267 3159/3971/3268
f 3159/3971/3268 3160/3972/3269 3157/3969/3266
s 551
f 3129/3941/3238 3132/3944/3241 3161/3973/3270
s 552
f 3133/3945/3242 3136/3948/3245 3162/3974/3271
s 551
f 3137/3949/3246 3140/3952/3249 3163/3975/3272
s 552
f 3141/3953/3250 3144/3956/3253 3164/3976/3273
s 551
f 3145/3957/3254 3148/3960/3257 3165/3977/3274
s 552
f 3149/3961/3258 3152/3964/3261 3166/3978/3275
s 551
f 3153/3965/3262 3156/3968/3265 3167/3979/3276
s 552
f 3157/3969/3266 3160/3972/3269 3168/3980/3277
s 551
f 3169/3981/3278 3170/3982/3279 3171/3983/3280
f 3171/3983/3280 3172/3984/3281 3169/3981/3278
s 552
f 3173/3985/3282 3158/3970/3267 3135/3947/3244
f 3135/3947/3244 3174/3986/3283 3173/3985/3282
f 3175/3987/3284 3134/3946/3243 3143/3955/3252
f 3143/3955/3252 3176/3988/3285 3175/3987/3284
f 3177/3989/3286 3142/3954/3251 3151/3963/3260
f 3151/3963/3260 3178/3990/3287 3177/3989/3286
f 3179/3991/3288 3150/3962/3259 3159/3971/3268
f 3159/3971/3268 3180/3992/3289 3179/3991/3288
s 551
f 3181/3993/3290 3138/3950/3247 3131/3943/3240
f 3131/3943/3240 3182/3994/3291 3181/3993/3290
f 3183/3995/3292 3130/3942/3239 3155/3967/3264
f 3155/3967/3264 3184/3996/3293 3183/3995/3292
f 3185/3997/3294 3154/3966/3263 3147/3959/3256
f 3147/3959/3256 3186/3998/3295 3185/3997/3294
f 3187/3999/3296 3146/3958/3255 3139/3951/3248
f 3139/3951/3248 3188/4000/3297 3187/3999/3296
f 3170/4001/3279 3185/4002/3294 3186/4003/3295
f 3186/4003/3295 3171/4004/3280 3170/4001/3279
f 3189/4005/3298 3187/4006/3296 3188/4007/3297
f 3188/4007/3297 3190/4008/3299 3189/4005/3298
f 3191/4009/3300 3181/4010/3290 3182/4011/3291
f 3182/4011/3291 3192/4012/3301 3191/4009/3300
f 3193/4013/3302 3183/4014/3292 3184/4015/3293
f 3184/4015/3293 3169/4016/3278 3193/4013/3302
f 3140/3952/3249 3139/3951/3248 3146/3958/3255
f 3146/3958/3255 3194/4017/3303 3140/3952/3249
s 552
f 3144/3956/3253 3143/3955/3252 3134/3946/3243
f 3134/3946/3243 3195/4018/3304 3144/3956/3253
s 551
f 3156/3968/3265 3155/3967/3264 3130/3942/3239
f 3130/3942/3239 3196/4019/3305 3156/3968/3265
s 552
f 3160/3972/3269 3159/3971/3268 3150/3962/3259
f 3150/3962/3259 3197/4020/3306 3160/3972/3269
s 551
f 3140/3952/3249 3194/4017/3303 3163/3975/3272
s 552
f 3144/3956/3253 3195/4018/3304 3164/3976/3273
s 551
f 3156/3968/3265 3196/4019/3305 3167/3979/3276
s 552
f 3160/3972/3269 3197/4020/3306 3168/3980/3277
s 551
f 3172/4021/3281 3190/4022/3299 3191/4023/3300
f 3191/4023/3300 3192/4024/3301 3172/4021/3281
s 552
f 3177/3989/3286 3176/3988/3285 3143/3955/3252
f 3143/3955/3252 3142/3954/3251 3177/3989/3286
f 3173/3985/3282 3180/3992/3289 3159/3971/3268
f 3159/3971/3268 3158/3970/3267 3173/3985/3282
s 551
f 3185/3997/3294 3184/3996/3293 3155/3967/3264
f 3155/3967/3264 3154/3966/3263 3185/3997/3294
f 3181/3993/3290 3188/4000/3297 3139/3951/3248
f 3139/3951/3248 3138/3950/3247 3181/3993/3290
f 3191/4009/3300 3190/4008/3299 3188/4007/3297
f 3188/4007/3297 3181/4010/3290 3191/4009/3300
f 3170/4001/3279 3169/4016/3278 3184/4015/3293
f 3184/4015/3293 3185/4002/3294 3170/4001/3279
f 3132/3944/3241 3131/3943/3240 3138/3950/3247
f 3138/3950/3247 3198/4025/3307 3132/3944/3241
s 552
f 3136/3948/3245 3135/3947/3244 3158/3970/3267
f 3158/3970/3267 3199/4026/3308 3136/3948/3245
s 551
f 3148/3960/3257 3147/3959/3256 3154/3966/3263
f 3154/3966/3263 3200/4027/3309 3148/3960/3257
s 552
f 3152/3964/3261 3151/3963/3260 3142/3954/3251
f 3142/3954/3251 3201/4028/3310 3152/3964/3261
s 551
f 3132/3944/3241 3198/4025/3307 3161/3973/3270
s 552
f 3136/3948/3245 3199/4026/3308 3162/3974/3271
s 551
f 3148/3960/3257 3200/4027/3309 3165/3977/3274
s 552
f 3152/3964/3261 3201/4028/3310 3166/3978/3275
s 551
f 3172/3984/3281 3171/3983/3280 3189/4029/3298
f 3189/4029/3298 3190/4022/3299 3172/3984/3281
s 552
f 3175/3987/3284 3174/3986/3283 3135/3947/3244
f 3135/3947/3244 3134/3946/3243 3175/3987/3284
f 3179/3991/3288 3178/3990/3287 3151/3963/3260
f 3151/3963/3260 3150/3962/3259 3179/3991/3288
s 551
f 3183/3995/3292 3182/3994/3291 3131/3943/3240
f 3131/3943/3240 3130/3942/3239 3183/3995/3292
f 3187/3999/3296 3186/3998/3295 3147/3959/3256
f 3147/3959/3256 3146/3958/3255 3187/3999/3296
f 3189/4030/3298 3171/4004/3280 3186/4003/3295
f 3186/4003/3295 3187/4031/3296 3189/4030/3298
f 3193/4013/3302 3192/4012/3301 3182/4011/3291
f 3182/4011/3291 3183/4014/3292 3193/4013/3302
f 3172/4021/3281 3192/4024/3301 3193/4032/3302
f 3193/4032/3302 3169/3981/3278 3172/4021/3281
s 550
f 3202/4033/3311 3203/4034/3312 3204/4035/3313
f 3204/4035/3313 3205/4036/3314 3202/4033/3311
f 3206/4037/3315 3207/4038/3316 3208/4039/3317
f 3208/4039/3317 3209/4040/3318 3206/4037/3315
f 3210/4041/3319 3211/4042/3320 3212/4043/3321
f 3212/4043/3321 3213/4044/3322 3210/4041/3319
f 3214/4045/3323 3215/4046/3324 3216/4047/3325
f 3216/4047/3325 3217/4048/3326 3214/4045/3323
f 3202/4033/3311 3205/4036/3314 3218/4049/3327
f 3206/4037/3315 3209/4040/3318 3219/4050/3328
f 3210/4041/3319 3213/4044/3322 3220/4051/3329
f 3214/4045/3323 3217/4048/3326 3221/4052/3330
f 3222/4053/3331 3215/4046/3324 3204/4035/3313
f 3204/4035/3313 3223/4054/3332 3222/4053/3331
f 3224/4055/3333 3203/4034/3312 3208/4039/3317
f 3208/4039/3317 3225/4056/3334 3224/4055/3333
f 3226/4057/3335 3207/4038/3316 3212/4043/3321
f 3212/4043/3321 3227/4058/3336 3226/4057/3335
f 3228/4059/3337 3211/4042/3320 3216/4047/3325
f 3216/4047/3325 3229/4060/3338 3228/4059/3337
f 3117/3926/3226 3222/4061/3331 3223/4062/3332
f 3223/4062/3332 3118/3927/3227 3117/3926/3226
f 3118/3927/3227 3224/4063/3333 3225/4064/3334
f 3225/4064/3334 3122/3931/3231 3118/3927/3227
f 3122/3934/3231 3226/4065/3335 3227/4066/3336
f 3227/4066/3336 3125/3935/3234 3122/3934/3231
f 3125/3935/3234 3228/4067/3337 3229/4068/3338
f 3229/4068/3338 3117/3926/3226 3125/3935/3234
f 3209/4040/3318 3208/4039/3317 3203/4034/3312
f 3203/4034/3312 3230/4069/3339 3209/4040/3318
f 3217/4048/3326 3216/4047/3325 3211/4042/3320
f 3211/4042/3320 3231/4070/3340 3217/4048/3326
f 3209/4040/3318 3230/4069/3339 3219/4050/3328
f 3217/4048/3326 3231/4070/3340 3221/4052/3330
f 3226/4057/3335 3225/4056/3334 3208/4039/3317
f 3208/4039/3317 3207/4038/3316 3226/4057/3335
f 3222/4053/3331 3229/4060/3338 3216/4047/3325
f 3216/4047/3325 3215/4046/3324 3222/4053/3331
f 3205/4036/3314 3204/4035/3313 3215/4046/3324
f 3215/4046/3324 3232/4071/3341 3205/4036/3314
f 3213/4044/3322 3212/4043/3321 3207/4038/3316
f 3207/4038/3316 3233/4072/3342 3213/4044/3322
f 3205/4036/3314 3232/4071/3341 3218/4049/3327
f 3213/4044/3322 3233/4072/3342 3220/4051/3329
f 3224/4055/3333 3223/4054/3332 3204/4035/3313
f 3204/4035/3313 3203/4034/3312 3224/4055/3333
f 3228/4059/3337 3227/4058/3336 3212/4043/3321
f 3212/4043/3321 3211/4042/3320 3228/4059/3337
s 552
f 3234/4073/3343 3235/4074/3344 3236/4075/3345
f 3236/4075/3345 3237/4076/3346 3234/4073/3343
f 3238/4077/3347 3239/4078/3348 3240/4079/3349
f 3240/4079/3349 3241/4080/3350 3238/4077/3347
f 3242/4081/3351 3243/4082/3352 3244/4083/3353
f 3244/4083/3353 3245/4084/3354 3242/4081/3351
f 3246/4085/3355 3247/4086/3356 3248/4087/3357
f 3248/4087/3357 3249/4088/3358 3246/4085/3355
f 3234/4073/3343 3250/4089/3359 3235/4074/3344
f 3238/4077/3347 3251/4090/3360 3239/4078/3348
f 3242/4081/3351 3252/4091/3361 3243/4082/3352
f 3246/4085/3355 3253/4092/3362 3247/4086/3356
f 3254/4093/3363 3255/4094/3364 3236/4075/3345
f 3236/4075/3345 3249/4088/3358 3254/4093/3363
f 3256/4095/3365 3257/4096/3366 3240/4079/3349
f 3240/4079/3349 3237/4076/3346 3256/4095/3365
f 3258/4097/3367 3259/4098/3368 3244/4083/3353
f 3244/4083/3353 3241/4080/3350 3258/4097/3367
f 3260/4099/3369 3261/4100/3370 3248/4087/3357
f 3248/4087/3357 3245/4084/3354 3260/4099/3369
f 3239/4078/3348 3262/4101/3371 3237/4076/3346
f 3237/4076/3346 3240/4079/3349 3239/4078/3348
f 3247/4086/3356 3263/4102/3372 3245/4084/3354
f 3245/4084/3354 3248/4087/3357 3247/4086/3356
f 3239/4078/3348 3251/4090/3360 3262/4101/3371
f 3247/4086/3356 3253/4092/3362 3263/4102/3372
f 3258/4097/3367 3241/4080/3350 3240/4079/3349
f 3240/4079/3349 3257/4096/3366 3258/4097/3367
f 3254/4093/3363 3249/4088/3358 3248/4087/3357
f 3248/4087/3357 3261/4100/3370 3254/4093/3363
f 3235/4074/3344 3264/4103/3373 3249/4088/3358
f 3249/4088/3358 3236/4075/3345 3235/4074/3344
f 3243/4082/3352 3265/4104/3374 3241/4080/3350
f 3241/4080/3350 3244/4083/3353 3243/4082/3352
f 3235/4074/3344 3250/4089/3359 3264/4103/3373
f 3243/4082/3352 3252/4091/3361 3265/4104/3374
f 3256/4095/3365 3237/4076/3346 3236/4075/3345
f 3236/4075/3345 3255/4094/3364 3256/4095/3365
f 3260/4099/3369 3245/4084/3354 3244/4083/3353
f 3244/4083/3353 3259/4098/3368 3260/4099/3369
f 3261/4105/3370 3260/4106/3369 3178/4107/3287
f 3178/4107/3287 3179/4108/3288 3261/4105/3370
f 3254/4109/3363 3261/4105/3370 3179/4108/3288
f 3179/4108/3288 3180/4110/3289 3254/4109/3363
f 3255/4111/3364 3254/4109/3363 3180/4110/3289
f 3180/4110/3289 3173/4112/3282 3255/4111/3364
f 3256/4113/3365 3255/4111/3364 3173/4112/3282
f 3173/4112/3282 3174/4114/3283 3256/4113/3365
f 3257/4115/3366 3256/4116/3365 3174/4117/3283
f 3174/4117/3283 3175/4118/3284 3257/4115/3366
f 3258/4119/3367 3257/4115/3366 3175/4118/3284
f 3175/4118/3284 3176/4120/3285 3258/4119/3367
f 3259/4121/3368 3258/4119/3367 3176/4120/3285
f 3176/4120/3285 3177/4122/3286 3259/4121/3368
f 3260/4106/3369 3259/4121/3368 3177/4122/3286
f 3177/4122/3286 3178/4107/3287 3260/4106/3369
s 550
f 3117/3926/3226 3229/4068/3338 3222/4061/3331
f 3118/3927/3227 3223/4062/3332 3224/4063/3333
f 3122/3931/3231 3225/4064/3334 3226/4123/3335
f 3125/3935/3234 3227/4066/3336 3228/4067/3337
s 553
f 3266/4124/3375 3267/4125/3376 3268/4126/3377
f 3268/4126/3377 3269/4127/3378 3266/4124/3375
f 3270/4128/3379 3271/4129/3380 3269/4127/3378
f 3269/4127/3378 3268/4126/3377 3272/4130/3381
f 3270/4128/3379 3269/4127/3378 3272/4130/3381
f 3273/4131/3382 3274/4132/3383 3270/4128/3379
f 3273/4131/3382 3270/4128/3379 3272/4133/3381
f 3273/4131/3382 3272/4133/3381 3275/4134/3384
f 3275/4134/3384 3267/4125/3376 3266/4135/3375
f 3266/4135/3375 3273/4131/3382 3275/4134/3384
f 3266/4124/3375 3269/4127/3378 3276/4136/3385
f 3276/4136/3385 3269/4127/3378 3271/4129/3380
f 3271/4129/3380 3277/4137/3386 3276/4136/3385
f 3271/4129/3380 3274/4132/3383 3277/4137/3386
f 3274/4132/3383 3273/4131/3382 3278/4138/3387
f 3278/4138/3387 3277/4137/3386 3274/4132/3383
f 3273/4131/3382 3266/4135/3375 3276/4139/3385
f 3276/4139/3385 3278/4138/3387 3273/4131/3382
f 3270/4128/3379 3274/4132/3383 3271/4129/3380
s 554
f 3279/4140/3388 3280/4141/3389 3281/4142/3390
f 3281/4142/3390 3282/4143/3391 3279/4140/3388
s 555
f 3283/4144/3392 3284/4145/3393 3285/4146/3394
f 3285/4146/3394 3286/4147/3395 3283/4144/3392
s 554
f 3287/4148/3396 3288/4149/3397 3289/4150/3398
f 3289/4150/3398 3290/4151/3399 3287/4148/3396
s 555
f 3291/4152/3400 3292/4153/3401 3293/4154/3402
f 3293/4154/3402 3294/4155/3403 3291/4152/3400
s 554
f 3295/4156/3404 3296/4157/3405 3297/4158/3406
f 3297/4158/3406 3298/4159/3407 3295/4156/3404
s 555
f 3299/4160/3408 3300/4161/3409 3301/4162/3410
f 3301/4162/3410 3302/4163/3411 3299/4160/3408
s 554
f 3303/4164/3412 3304/4165/3413 3305/4166/3414
f 3305/4166/3414 3306/4167/3415 3303/4164/3412
s 555
f 3307/4168/3416 3308/4169/3417 3309/4170/3418
f 3309/4170/3418 3310/4171/3419 3307/4168/3416
s 554
f 3279/4140/3388 3282/4143/3391 3311/4172/3420
s 555
f 3283/4144/3392 3286/4147/3395 3312/4173/3421
s 554
f 3287/4148/3396 3290/4151/3399 3313/4174/3422
s 555
f 3291/4152/3400 3294/4155/3403 3314/4175/3423
s 554
f 3295/4156/3404 3298/4159/3407 3315/4176/3424
s 555
f 3299/4160/3408 3302/4163/3411 3316/4177/3425
s 554
f 3303/4164/3412 3306/4167/3415 3317/4178/3426
s 555
f 3307/4168/3416 3310/4171/3419 3318/4179/3427
s 554
f 3319/4180/3428 3320/4181/3429 3321/4182/3430
f 3321/4182/3430 3322/4183/3431 3319/4180/3428
s 555
f 3323/4184/3432 3308/4169/3417 3285/4146/3394
f 3285/4146/3394 3324/4185/3433 3323/4184/3432
f 3325/4186/3434 3284/4145/3393 3293/4154/3402
f 3293/4154/3402 3326/4187/3435 3325/4186/3434
f 3327/4188/3436 3292/4153/3401 3301/4162/3410
f 3301/4162/3410 3328/4189/3437 3327/4188/3436
f 3329/4190/3438 3300/4161/3409 3309/4170/3418
f 3309/4170/3418 3330/4191/3439 3329/4190/3438
s 554
f 3331/4192/3440 3288/4149/3397 3281/4142/3390
f 3281/4142/3390 3332/4193/3441 3331/4192/3440
f 3333/4194/3442 3280/4141/3389 3305/4166/3414
f 3305/4166/3414 3334/4195/3443 3333/4194/3442
f 3335/4196/3444 3304/4165/3413 3297/4158/3406
f 3297/4158/3406 3336/4197/3445 3335/4196/3444
f 3337/4198/3446 3296/4157/3405 3289/4150/3398
f 3289/4150/3398 3338/4199/3447 3337/4198/3446
f 3320/4200/3429 3335/4201/3444 3336/4202/3445
f 3336/4202/3445 3321/4203/3430 3320/4200/3429
f 3339/4204/3448 3337/4205/3446 3338/4206/3447
f 3338/4206/3447 3340/4207/3449 3339/4204/3448
f 3341/4208/3450 3331/4209/3440 3332/4210/3441
f 3332/4210/3441 3342/4211/3451 3341/4208/3450
f 3343/4212/3452 3333/4213/3442 3334/4214/3443
f 3334/4214/3443 3319/4215/3428 3343/4212/3452
f 3290/4151/3399 3289/4150/3398 3296/4157/3405
f 3296/4157/3405 3344/4216/3453 3290/4151/3399
s 555
f 3294/4155/3403 3293/4154/3402 3284/4145/3393
f 3284/4145/3393 3345/4217/3454 3294/4155/3403
s 554
f 3306/4167/3415 3305/4166/3414 3280/4141/3389
f 3280/4141/3389 3346/4218/3455 3306/4167/3415
s 555
f 3310/4171/3419 3309/4170/3418 3300/4161/3409
f 3300/4161/3409 3347/4219/3456 3310/4171/3419
s 554
f 3290/4151/3399 3344/4216/3453 3313/4174/3422
s 555
f 3294/4155/3403 3345/4217/3454 3314/4175/3423
s 554
f 3306/4167/3415 3346/4218/3455 3317/4178/3426
s 555
f 3310/4171/3419 3347/4219/3456 3318/4179/3427
s 554
f 3322/4220/3431 3340/4221/3449 3341/4222/3450
f 3341/4222/3450 3342/4223/3451 3322/4220/3431
s 555
f 3327/4188/3436 3326/4187/3435 3293/4154/3402
f 3293/4154/3402 3292/4153/3401 3327/4188/3436
f 3323/4184/3432 3330/4191/3439 3309/4170/3418
f 3309/4170/3418 3308/4169/3417 3323/4184/3432
s 554
f 3335/4196/3444 3334/4195/3443 3305/4166/3414
f 3305/4166/3414 3304/4165/3413 3335/4196/3444
f 3331/4192/3440 3338/4199/3447 3289/4150/3398
f 3289/4150/3398 3288/4149/3397 3331/4192/3440
f 3341/4208/3450 3340/4207/3449 3338/4206/3447
f 3338/4206/3447 3331/4209/3440 3341/4208/3450
f 3320/4200/3429 3319/4215/3428 3334/4214/3443
f 3334/4214/3443 3335/4201/3444 3320/4200/3429
f 3282/4143/3391 3281/4142/3390 3288/4149/3397
f 3288/4149/3397 3348/4224/3457 3282/4143/3391
s 555
f 3286/4147/3395 3285/4146/3394 3308/4169/3417
f 3308/4169/3417 3349/4225/3458 3286/4147/3395
s 554
f 3298/4159/3407 3297/4158/3406 3304/4165/3413
f 3304/4165/3413 3350/4226/3459 3298/4159/3407
s 555
f 3302/4163/3411 3301/4162/3410 3292/4153/3401
f 3292/4153/3401 3351/4227/3460 3302/4163/3411
s 554
f 3282/4143/3391 3348/4224/3457 3311/4172/3420
s 555
f 3286/4147/3395 3349/4225/3458 3312/4173/3421
s 554
f 3298/4159/3407 3350/4226/3459 3315/4176/3424
s 555
f 3302/4163/3411 3351/4227/3460 3316/4177/3425
s 554
f 3322/4183/3431 3321/4182/3430 3339/4228/3448
f 3339/4228/3448 3340/4221/3449 3322/4183/3431
s 555
f 3325/4186/3434 3324/4185/3433 3285/4146/3394
f 3285/4146/3394 3284/4145/3393 3325/4186/3434
f 3329/4190/3438 3328/4189/3437 3301/4162/3410
f 3301/4162/3410 3300/4161/3409 3329/4190/3438
s 554
f 3333/4194/3442 3332/4193/3441 3281/4142/3390
f 3281/4142/3390 3280/4141/3389 3333/4194/3442
f 3337/4198/3446 3336/4197/3445 3297/4158/3406
f 3297/4158/3406 3296/4157/3405 3337/4198/3446
f 3339/4229/3448 3321/4203/3430 3336/4202/3445
f 3336/4202/3445 3337/4230/3446 3339/4229/3448
f 3343/4212/3452 3342/4211/3451 3332/4210/3441
f 3332/4210/3441 3333/4213/3442 3343/4212/3452
f 3322/4220/3431 3342/4223/3451 3343/4231/3452
f 3343/4231/3452 3319/4180/3428 3322/4220/3431
s 553
f 3352/4232/3461 3353/4233/3462 3354/4234/3463
f 3354/4234/3463 3355/4235/3464 3352/4232/3461
f 3356/4236/3465 3357/4237/3466 3358/4238/3467
f 3358/4238/3467 3359/4239/3468 3356/4236/3465
f 3360/4240/3469 3361/4241/3470 3362/4242/3471
f 3362/4242/3471 3363/4243/3472 3360/4240/3469
f 3364/4244/3473 3365/4245/3474 3366/4246/3475
f 3366/4246/3475 3367/4247/3476 3364/4244/3473
f 3352/4232/3461 3355/4235/3464 3368/4248/3477
f 3356/4236/3465 3359/4239/3468 3369/4249/3478
f 3360/4240/3469 3363/4243/3472 3370/4250/3479
f 3364/4244/3473 3367/4247/3476 3371/4251/3480
f 3372/4252/3481 3365/4245/3474 3354/4234/3463
f 3354/4234/3463 3373/4253/3482 3372/4252/3481
f 3374/4254/3483 3353/4233/3462 3358/4238/3467
f 3358/4238/3467 3375/4255/3484 3374/4254/3483
f 3376/4256/3485 3357/4237/3466 3362/4242/3471
f 3362/4242/3471 3377/4257/3486 3376/4256/3485
f 3378/4258/3487 3361/4241/3470 3366/4246/3475
f 3366/4246/3475 3379/4259/3488 3378/4258/3487
f 3267/4125/3376 3372/4260/3481 3373/4261/3482
f 3373/4261/3482 3268/4126/3377 3267/4125/3376
f 3268/4126/3377 3374/4262/3483 3375/4263/3484
f 3375/4263/3484 3272/4130/3381 3268/4126/3377
f 3272/4133/3381 3376/4264/3485 3377/4265/3486
f 3377/4265/3486 3275/4134/3384 3272/4133/3381
f 3275/4134/3384 3378/4266/3487 3379/4267/3488
f 3379/4267/3488 3267/4125/3376 3275/4134/3384
f 3359/4239/3468 3358/4238/3467 3353/4233/3462
f 3353/4233/3462 3380/4268/3489 3359/4239/3468
f 3367/4247/3476 3366/4246/3475 3361/4241/3470
f 3361/4241/3470 3381/4269/3490 3367/4247/3476
f 3359/4239/3468 3380/4268/3489 3369/4249/3478
f 3367/4247/3476 3381/4269/3490 3371/4251/3480
f 3376/4256/3485 3375/4255/3484 3358/4238/3467
f 3358/4238/3467 3357/4237/3466 3376/4256/3485
f 3372/4252/3481 3379/4259/3488 3366/4246/3475
f 3366/4246/3475 3365/4245/3474 3372/4252/3481
f 3355/4235/3464 3354/4234/3463 3365/4245/3474
f 3365/4245/3474 3382/4270/3491 3355/4235/3464
f 3363/4243/3472 3362/4242/3471 3357/4237/3466
f 3357/4237/3466 3383/4271/3492 3363/4243/3472
f 3355/4235/3464 3382/4270/3491 3368/4248/3477
f 3363/4243/3472 3383/4271/3492 3370/4250/3479
f 3374/4254/3483 3373/4253/3482 3354/4234/3463
f 3354/4234/3463 3353/4233/3462 3374/4254/3483
f 3378/4258/3487 3377/4257/3486 3362/4242/3471
f 3362/4242/3471 3361/4241/3470 3378/4258/3487
s 555
f 3384/4272/3493 3385/4273/3494 3386/4274/3495
f 3386/4274/3495 3387/4275/3496 3384/4272/3493
f 3388/4276/3497 3389/4277/3498 3390/4278/3499
f 3390/4278/3499 3391/4279/3500 3388/4276/3497
f 3392/4280/3501 3393/4281/3502 3394/4282/3503
f 3394/4282/3503 3395/4283/3504 3392/4280/3501
f 3396/4284/3505 3397/4285/3506 3398/4286/3507
f 3398/4286/3507 3399/4287/3508 3396/4284/3505
f 3384/4272/3493 3400/4288/3509 3385/4273/3494
f 3388/4276/3497 3401/4289/3510 3389/4277/3498
f 3392/4280/3501 3402/4290/3511 3393/4281/3502
f 3396/4284/3505 3403/4291/3512 3397/4285/3506
f 3404/4292/3513 3405/4293/3514 3386/4274/3495
f 3386/4274/3495 3399/4287/3508 3404/4292/3513
f 3406/4294/3515 3407/4295/3516 3390/4278/3499
f 3390/4278/3499 3387/4275/3496 3406/4294/3515
f 3408/4296/3517 3409/4297/3518 3394/4282/3503
f 3394/4282/3503 3391/4279/3500 3408/4296/3517
f 3410/4298/3519 3411/4299/3520 3398/4286/3507
f 3398/4286/3507 3395/4283/3504 3410/4298/3519
f 3389/4277/3498 3412/4300/3521 3387/4275/3496
f 3387/4275/3496 3390/4278/3499 3389/4277/3498
f 3397/4285/3506 3413/4301/3522 3395/4283/3504
f 3395/4283/3504 3398/4286/3507 3397/4285/3506
f 3389/4277/3498 3401/4289/3510 3412/4300/3521
f 3397/4285/3506 3403/4291/3512 3413/4301/3522
f 3408/4296/3517 3391/4279/3500 3390/4278/3499
f 3390/4278/3499 3407/4295/3516 3408/4296/3517
f 3404/4292/3513 3399/4287/3508 3398/4286/3507
f 3398/4286/3507 3411/4299/3520 3404/4292/3513
f 3385/4273/3494 3414/4302/3523 3399/4287/3508
f 3399/4287/3508 3386/4274/3495 3385/4273/3494
f 3393/4281/3502 3415/4303/3524 3391/4279/3500
f 3391/4279/3500 3394/4282/3503 3393/4281/3502
f 3385/4273/3494 3400/4288/3509 3414/4302/3523
f 3393/4281/3502 3402/4290/3511 3415/4303/3524
f 3406/4294/3515 3387/4275/3496 3386/4274/3495
f 3386/4274/3495 3405/4293/3514 3406/4294/3515
f 3410/4298/3519 3395/4283/3504 3394/4282/3503
f 3394/4282/3503 3409/4297/3518 3410/4298/3519
f 3411/4304/3520 3410/4305/3519 3328/4306/3437
f 3328/4306/3437 3329/4307/3438 3411/4304/3520
f 3404/4308/3513 3411/4304/3520 3329/4307/3438
f 3329/4307/3438 3330/4309/3439 3404/4308/3513
f 3405/4310/3514 3404/4308/3513 3330/4309/3439
f 3330/4309/3439 3323/4311/3432 3405/4310/3514
f 3406/4312/3515 3405/4310/3514 3323/4311/3432
f 3323/4311/3432 3324/4313/3433 3406/4312/3515
f 3407/4314/3516 3406/4315/3515 3324/4316/3433
f 3324/4316/3433 3325/4317/3434 3407/4314/3516
f 3408/4318/3517 3407/4314/3516 3325/4317/3434
f 3325/4317/3434 3326/4319/3435 3408/4318/3517
f 3409/4320/3518 3408/4318/3517 3326/4319/3435
f 3326/4319/3435 3327/4321/3436 3409/4320/3518
f 3410/4305/3519 3409/4320/3518 3327/4321/3436
f 3327/4321/3436 3328/4306/3437 3410/4305/3519
s 553
f 3267/4125/3376 3379/4267/3488 3372/4260/3481
f 3268/4126/3377 3373/4261/3482 3374/4262/3483
f 3272/4130/3381 3375/4263/3484 3376/4322/3485
f 3275/4134/3384 3377/4265/3486 3378/4266/3487
s 556
f 3416/4323/3525 3417/4324/3526 3418/4325/3527
f 3418/4325/3527 3419/4326/3528 3420/4327/3529
f 3416/4323/3525 3418/4325/3527 3420/4327/3529
f 3416/4323/3525 3420/4327/3529 3421/4328/3530
f 3422/4329/3531 3423/4330/3532 3420/4327/3529
f 3420/4327/3529 3419/4326/3528 3422/4329/3531
f 3424/4331/3533 3422/4332/3531 3419/4333/3528
f 3419/4333/3528 3418/4334/3527 3424/4331/3533
f 3425/4335/3534 3424/4331/3533 3418/4334/3527
f 3418/4334/3527 3417/4324/3526 3425/4335/3534
f 3426/4336/3535 3425/4335/3534 3417/4324/3526
f 3417/4324/3526 3416/4337/3525 3426/4336/3535
f 3427/4338/3536 3426/4336/3535 3416/4337/3525
f 3416/4337/3525 3421/4339/3530 3427/4338/3536
f 3423/4330/3532 3427/4338/3536 3421/4339/3530
f 3421/4339/3530 3420/4327/3529 3423/4330/3532
f 3428/4340/3537 3429/4341/3538 3423/4330/3532
f 3423/4330/3532 3422/4329/3531 3428/4340/3537
f 3430/4342/3539 3428/4343/3537 3422/4332/3531
f 3422/4332/3531 3424/4331/3533 3430/4342/3539
f 3431/4344/3540 3430/4342/3539 3424/4331/3533
f 3424/4331/3533 3425/4335/3534 3431/4344/3540
f 3432/4345/3541 3431/4344/3540 3425/4335/3534
f 3425/4335/3534 3426/4336/3535 3432/4345/3541
f 3433/4346/3542 3432/4345/3541 3426/4336/3535
f 3426/4336/3535 3427/4338/3536 3433/4346/3542
f 3429/4341/3538 3433/4346/3542 3427/4338/3536
f 3427/4338/3536 3423/4330/3532 3429/4341/3538
f 3434/4347/3543 3435/4348/3544 3429/4341/3538
f 3429/4341/3538 3428/4340/3537 3434/4347/3543
f 3436/4349/3545 3434/4350/3543 3428/4343/3537
f 3428/4343/3537 3430/4342/3539 3436/4349/3545
f 3437/4351/3546 3436/4349/3545 3430/4342/3539
f 3430/4342/3539 3431/4344/3540 3437/4351/3546
f 3438/4352/3547 3437/4351/3546 3431/4344/3540
f 3431/4344/3540 3432/4345/3541 3438/4352/3547
f 3439/4353/3548 3438/4352/3547 3432/4345/3541
f 3432/4345/3541 3433/4346/3542 3439/4353/3548
f 3435/4348/3544 3439/4353/3548 3433/4346/3542
f 3433/4346/3542 3429/4341/3538 3435/4348/3544
f 3440/4354/3549 3441/4355/3550 3435/4348/3544
f 3435/4348/3544 3434/4347/3543 3440/4354/3549
f 3442/4356/3551 3440/4357/3549 3434/4350/3543
f 3434/4350/3543 3436/4349/3545 3442/4356/3551
f 3443/4358/3552 3442/4356/3551 3436/4349/3545
f 3436/4349/3545 3437/4351/3546 3443/4358/3552
f 3444/4359/3553 3443/4358/3552 3437/4351/3546
f 3437/4351/3546 3438/4352/3547 3444/4359/3553
f 3445/4360/3554 3444/4359/3553 3438/4352/3547
f 3438/4352/3547 3439/4353/3548 3445/4360/3554
f 3441/4355/3550 3445/4360/3554 3439/4353/3548
f 3439/4353/3548 3435/4348/3544 3441/4355/3550
f 3440/4354/3549 3442/4356/3551 3443/4358/3552
f 3443/4358/3552 3441/4355/3550 3440/4354/3549
f 3444/4359/3553 3445/4360/3554 3441/4355/3550
f 3441/4355/3550 3443/4358/3552 3444/4359/3553
s 557
f 3446/4361/3555 3447/4362/3556 3448/4363/3557
f 3448/4363/3557 3449/4364/3558 3446/4361/3555
s 558
f 3450/4365/3559 3451/4366/3560 3452/4367/3561
f 3452/4367/3561 3453/4368/3562 3450/4365/3559
s 559
f 3454/4369/3563 3455/4370/3564 3456/4371/3565
f 3456/4371/3565 3457/4372/3566 3454/4369/3563
s 560
f 3458/4373/3567 3459/4374/3568 3460/4375/3569
f 3460/4375/3569 3461/4376/3570 3458/4373/3567
s 561
f 3462/4377/3571 3463/4378/3572 3464/4379/3573
f 3464/4379/3573 3465/4380/3574 3462/4377/3571
s 557
f 3466/4381/3575 3467/4382/3576 3468/4383/3577
f 3468/4383/3577 3447/4362/3556 3466/4381/3575
s 559
f 3469/4384/3578 3470/4385/3579 3471/4386/3580
f 3471/4386/3580 3472/4387/3581 3469/4384/3578
s 558
f 3473/4388/3582 3474/4389/3583 3475/4390/3584
f 3475/4390/3584 3476/4391/3585 3473/4388/3582
s 559
f 3472/4387/3581 3471/4386/3580 3456/4371/3565
f 3456/4371/3565 3477/4392/3586 3472/4387/3581
s 560
f 3478/4393/3587 3479/4394/3588 3480/4395/3589
f 3480/4395/3589 3481/4396/3590 3478/4393/3587
f 3481/4396/3590 3480/4395/3589 3460/4375/3569
f 3460/4375/3569 3482/4397/3591 3481/4396/3590
s 561
f 3483/4398/3592 3484/4399/3593 3485/4400/3594
f 3485/4400/3594 3464/4379/3573 3483/4398/3592
s 559
f 3455/4370/3564 3486/4401/3595 3477/4392/3586
f 3477/4392/3586 3456/4371/3565 3455/4370/3564
f 3470/4385/3579 3487/4402/3596 3488/4403/3597
f 3488/4403/3597 3471/4386/3580 3470/4385/3579
f 3471/4386/3580 3488/4403/3597 3457/4372/3566
f 3457/4372/3566 3456/4371/3565 3471/4386/3580
s 560
f 3459/4374/3568 3489/4404/3598 3482/4397/3591
f 3482/4397/3591 3460/4375/3569 3459/4374/3568
f 3479/4394/3588 3490/4405/3598 3491/4406/3599
f 3491/4406/3599 3480/4395/3589 3479/4394/3588
f 3480/4395/3589 3491/4406/3599 3461/4376/3570
f 3461/4376/3570 3460/4375/3569 3480/4395/3589
s 557
f 3492/4407/3600 3466/4381/3575 3447/4362/3556
f 3447/4362/3556 3446/4361/3555 3492/4407/3600
f 3493/4408/3601 3448/4363/3557 3447/4362/3556
f 3447/4362/3556 3468/4383/3577 3493/4408/3601
s 561
f 3463/4378/3572 3494/4409/3602 3483/4398/3592
f 3483/4398/3592 3464/4379/3573 3463/4378/3572
f 3495/4410/3603 3465/4380/3574 3464/4379/3573
f 3464/4379/3573 3485/4400/3594 3495/4410/3603
s 558
f 3496/4411/3604 3497/4412/3605 3451/4366/3560
f 3451/4366/3560 3450/4365/3559 3496/4411/3604
f 3475/4390/3584 3498/4413/3606 3499/4414/3607
f 3499/4414/3607 3476/4391/3585 3475/4390/3584
f 3451/4366/3560 3476/4391/3585 3499/4414/3607
f 3499/4414/3607 3452/4367/3561 3451/4366/3560
f 3497/4412/3605 3473/4388/3582 3476/4391/3585
f 3476/4391/3585 3451/4366/3560 3497/4412/3605
s 562
f 3500/4415/3608 3501/4416/3609 3502/4417/3610
f 3502/4417/3610 3503/4418/3611 3500/4415/3608
s 563
f 3504/4419/3612 3505/4420/3613 3506/4421/3614
f 3506/4421/3614 3507/4422/3615 3504/4419/3612
s 564
f 3508/4423/3616 3509/4424/3617 3510/4425/3618
f 3510/4425/3618 3511/4426/3619 3508/4423/3616
s 565
f 3512/4427/3620 3513/4428/3621 3514/4429/3622
f 3514/4429/3622 3515/4430/3623 3512/4427/3620
s 566
f 3516/4431/3624 3517/4432/3625 3518/4433/3626
f 3518/4433/3626 3519/4434/3627 3516/4431/3624
s 562
f 3520/4435/3628 3503/4418/3611 3521/4436/3629
f 3521/4436/3629 3522/4437/3630 3520/4435/3628
s 564
f 3523/4438/3631 3524/4439/3632 3525/4440/3633
f 3525/4440/3633 3526/4441/3634 3523/4438/3631
s 563
f 3527/4442/3635 3528/4443/3636 3529/4444/3637
f 3529/4444/3637 3530/4445/3638 3527/4442/3635
s 564
f 3524/4439/3632 3531/4446/3639 3510/4425/3618
f 3510/4425/3618 3525/4440/3633 3524/4439/3632
s 565
f 3532/4447/3640 3533/4448/3641 3534/4449/3642
f 3534/4449/3642 3535/4450/3643 3532/4447/3640
f 3533/4448/3641 3536/4451/3644 3514/4429/3622
f 3514/4429/3622 3534/4449/3642 3533/4448/3641
s 566
f 3537/4452/3645 3518/4433/3626 3538/4453/3646
f 3538/4453/3646 3539/4454/3647 3537/4452/3645
s 564
f 3511/4426/3619 3510/4425/3618 3531/4446/3639
f 3531/4446/3639 3540/4455/3648 3511/4426/3619
f 3526/4441/3634 3525/4440/3633 3541/4456/3649
f 3541/4456/3649 3542/4457/3650 3526/4441/3634
f 3525/4440/3633 3510/4425/3618 3509/4424/3617
f 3509/4424/3617 3541/4456/3649 3525/4440/3633
s 565
f 3515/4430/3623 3514/4429/3622 3536/4451/3644
f 3536/4451/3644 3543/4458/3651 3515/4430/3623
f 3535/4450/3643 3534/4449/3642 3544/4459/3652
f 3544/4459/3652 3545/4460/3651 3535/4450/3643
f 3534/4449/3642 3514/4429/3622 3513/4428/3621
f 3513/4428/3621 3544/4459/3652 3534/4449/3642
s 562
f 3546/4461/3653 3500/4415/3608 3503/4418/3611
f 3503/4418/3611 3520/4435/3628 3546/4461/3653
f 3547/4462/3654 3521/4436/3629 3503/4418/3611
f 3503/4418/3611 3502/4417/3610 3547/4462/3654
s 566
f 3519/4434/3627 3518/4433/3626 3537/4452/3645
f 3537/4452/3645 3548/4463/3655 3519/4434/3627
f 3549/4464/3656 3538/4453/3646 3518/4433/3626
f 3518/4433/3626 3517/4432/3625 3549/4464/3656
s 563
f 3550/4465/3657 3504/4419/3612 3507/4422/3615
f 3507/4422/3615 3551/4466/3658 3550/4465/3657
f 3529/4444/3637 3528/4443/3636 3552/4467/3659
f 3552/4467/3659 3553/4468/3660 3529/4444/3637
f 3507/4422/3615 3506/4421/3614 3552/4467/3659
f 3552/4467/3659 3528/4443/3636 3507/4422/3615
f 3551/4466/3658 3507/4422/3615 3528/4443/3636
f 3528/4443/3636 3527/4442/3635 3551/4466/3658
s 567
f 3554/4469/3661 3555/4470/3662 3556/4471/3663
f 3556/4471/3663 3557/4472/3664 3554/4469/3661
f 3558/4473/3665 3559/4474/3666 3560/4475/3667
f 3560/4475/3667 3555/4470/3662 3558/4473/3665
f 3561/4476/3668 3558/4473/3665 3555/4470/3662
f 3555/4470/3662 3554/4469/3661 3561/4476/3668
f 3562/4477/3669 3556/4471/3663 3555/4470/3662
f 3555/4470/3662 3560/4475/3667 3562/4477/3669
s 568
f 3563/4478/3670 3564/4479/3671 3565/4480/3672
f 3565/4480/3672 3566/4481/3673 3563/4478/3670
f 3567/4482/3674 3566/4481/3673 3568/4483/3675
f 3568/4483/3675 3569/4484/3676 3567/4482/3674
f 3570/4485/3677 3563/4478/3670 3566/4481/3673
f 3566/4481/3673 3567/4482/3674 3570/4485/3677
f 3571/4486/3678 3568/4483/3675 3566/4481/3673
f 3566/4481/3673 3565/4480/3672 3571/4486/3678
