# Blender v3.3.0 OBJ File: ''
# www.blender.org
o PlantTomatoStage01.005
v -0.002449 0.092339 0.003675
v -0.004774 0.092339 0.000031
v -0.006880 -0.000011 -0.000023
v -0.003542 -0.000011 0.005210
v 0.002384 0.092339 0.003799
v 0.003397 -0.000011 0.005387
v 0.004892 0.092339 0.000279
v 0.006998 -0.000011 0.000332
v 0.002567 0.092339 -0.003366
v 0.003660 -0.000011 -0.004900
v -0.002266 0.092339 -0.003490
v -0.003279 -0.000011 -0.005078
v -0.011816 0.122111 -0.000149
v -0.010018 0.122111 0.002670
v -0.006279 0.122111 0.002766
v -0.004338 0.122111 0.000042
v -0.006137 0.122111 -0.002777
v -0.009876 0.122111 -0.002873
v -0.000383 0.248586 0.000603
v -0.022578 0.172581 -0.000425
v -0.020425 0.172581 0.002950
v 0.001404 0.248586 0.003405
v -0.015950 0.172581 0.003064
v 0.004193 0.248586 0.002048
v -0.013627 0.172581 -0.000196
v 0.007047 0.248586 0.000794
v -0.015780 0.172581 -0.003570
v 0.005260 0.248586 -0.002008
v -0.020255 0.172581 -0.003685
v 0.001545 0.248586 -0.002103
v -0.005909 0.336577 0.000938
v -0.006515 0.336577 -0.000013
v 0.001163 0.285892 0.000183
v 0.002527 0.285883 0.002318
v -0.004647 0.336577 0.000970
v 0.005361 0.285866 0.002391
v -0.003993 0.336577 0.000051
v 0.006833 0.285858 0.000328
v -0.004600 0.336577 -0.000900
v 0.005469 0.285866 -0.001807
v -0.005861 0.336577 -0.000932
v 0.002634 0.285883 -0.001879
v -0.020370 0.140629 -0.000368
v -0.018236 0.140629 0.002977
v -0.023285 0.155033 0.004351
v -0.026394 0.155033 -0.000522
v -0.013800 0.140629 0.003091
v -0.016822 0.155033 0.004517
v -0.011497 0.140629 -0.000141
v -0.013468 0.155033 -0.000191
v -0.013631 0.140629 -0.003486
v -0.016577 0.155033 -0.005065
v -0.018068 0.140629 -0.003600
v -0.023040 0.155033 -0.005231
v -0.022169 0.368232 -0.000414
v -0.000307 0.068312 0.001987
v -0.027820 0.063745 -0.004077
v -0.035869 0.056784 0.021505
v -0.008356 0.061352 0.027569
v -0.012226 0.185641 -0.001257
v -0.014757 0.186559 -0.000562
v -0.017375 0.185641 -0.001004
v -0.017461 0.183804 -0.002139
v -0.014930 0.182886 -0.002834
v -0.012313 0.183804 -0.002393
v -0.016858 0.193295 -0.025728
v -0.014317 0.192331 -0.026288
v -0.016792 0.195225 -0.024861
v -0.014185 0.196190 -0.024554
v -0.011643 0.195225 -0.025114
v -0.011710 0.193295 -0.025981
v -0.019044 0.200174 -0.054337
v -0.016493 0.199176 -0.054758
v -0.018999 0.202171 -0.053750
v -0.016403 0.203170 -0.053584
v -0.013851 0.202171 -0.054003
v -0.013896 0.200174 -0.054590
v -0.021282 0.200355 -0.083616
v -0.018719 0.199337 -0.083894
v -0.021259 0.202393 -0.083315
v -0.018673 0.203412 -0.083292
v -0.016110 0.202393 -0.083568
v -0.016133 0.200355 -0.083869
v -0.023751 0.193776 -0.112608
v -0.021501 0.192509 -0.112034
v -0.023209 0.195558 -0.113780
v -0.020417 0.196073 -0.114378
v -0.018167 0.194807 -0.113801
v -0.018708 0.193025 -0.112629
v -0.015706 0.203625 -0.083922
v -0.057727 0.197401 -0.095447
v -0.065119 0.189013 -0.074610
v -0.023098 0.195238 -0.063085
v -0.027551 0.196331 -0.118229
v -0.010241 0.197604 -0.083445
v 0.011725 0.199661 -0.091142
v -0.005585 0.198388 -0.125927
v -0.002251 0.192601 -0.106112
v 0.003204 0.196717 -0.123119
v -0.038275 0.202638 -0.133833
v -0.043730 0.198522 -0.116826
v -0.080507 0.194400 -0.069278
v -0.074267 0.193127 -0.031916
v -0.015286 0.201541 -0.038296
v -0.021525 0.202814 -0.075658
v -0.000706 0.236409 0.001445
v 0.000773 0.237260 -0.000236
v 0.003022 0.236409 -0.001090
v 0.003793 0.234708 -0.000263
v 0.002314 0.233857 0.001418
v 0.000065 0.234708 0.002273
v 0.022429 0.243500 0.019746
v 0.020859 0.242607 0.021330
v 0.021840 0.245288 0.019115
v 0.019682 0.246182 0.020067
v 0.018112 0.245288 0.021650
v 0.018700 0.243500 0.022281
v 0.041836 0.249873 0.040584
v 0.040172 0.248948 0.042065
v 0.041438 0.251723 0.040156
v 0.039375 0.252648 0.041210
v 0.037710 0.251723 0.042691
v 0.038108 0.249873 0.043119
v 0.061698 0.250041 0.061909
v 0.059937 0.249097 0.063287
v 0.061494 0.251929 0.061690
v 0.059529 0.252873 0.062849
v 0.057766 0.251929 0.064225
v 0.057970 0.250041 0.064444
v 0.081557 0.243946 0.082911
v 0.079503 0.242772 0.083496
v 0.081876 0.245596 0.084051
v 0.080140 0.246073 0.085777
v 0.078084 0.244901 0.086361
v 0.077765 0.243250 0.085220
v 0.037512 0.255172 0.006910
v 0.062516 0.249687 0.033865
v 0.087489 0.242967 0.016301
v 0.062485 0.248452 -0.010654
v 0.090801 0.254158 0.073529
v 0.118470 0.244523 0.066181
v 0.105764 0.243344 0.032905
v 0.078096 0.252979 0.040253
v 0.008135 0.240432 0.009424
v -0.035000 0.236886 0.039762
v -0.024687 0.241574 0.050879
v 0.018448 0.245120 0.020542
v 0.019472 0.253616 0.050347
v -0.007813 0.244523 0.068181
v 0.017386 0.243344 0.095821
v 0.044671 0.252437 0.077986
v 0.038327 0.247787 0.085680
v 0.022217 0.239697 0.107344
v 0.056871 0.238518 0.126014
v 0.072981 0.246608 0.104350
v 0.103905 0.250007 0.085740
v 0.072239 0.244521 0.106516
v 0.091618 0.239311 0.127281
v 0.123283 0.244797 0.106505
v 0.000271 0.295202 0.001498
v 0.000414 0.295619 0.000470
v 0.001121 0.295202 -0.000367
v 0.001684 0.294367 -0.000176
v 0.001540 0.293950 0.000852
v 0.000834 0.294367 0.001689
v 0.019673 0.300798 0.006767
v 0.019383 0.300463 0.007531
v 0.019041 0.301467 0.006647
v 0.018120 0.301802 0.007293
v 0.017830 0.301467 0.008058
v 0.018462 0.300798 0.008177
v 0.040062 0.305380 0.013815
v 0.039844 0.305027 0.014580
v 0.039835 0.306087 0.013738
v 0.039391 0.306441 0.014426
v 0.039173 0.306087 0.015191
v 0.039400 0.305380 0.015268
v 0.061329 0.305536 0.021110
v 0.061079 0.305205 0.021796
v 0.061222 0.306200 0.021074
v 0.060865 0.306531 0.021724
v 0.060614 0.306200 0.022410
v 0.060720 0.305536 0.022446
v 0.082602 0.301019 0.028434
v 0.082200 0.300690 0.028824
v 0.082866 0.301483 0.028674
v 0.082729 0.301617 0.029305
v 0.082327 0.301288 0.029695
v 0.082062 0.300824 0.029454
v 0.098656 0.301226 0.005642
v 0.076823 0.300378 -0.011251
v 0.050141 0.305979 0.013627
v 0.071973 0.306826 0.030520
v 0.006505 0.294350 0.004097
v -0.007479 0.291802 0.036327
v 0.005975 0.299619 0.040925
v 0.019959 0.302167 0.008696
v 0.029635 0.304331 0.028398
v 0.021284 0.291134 0.045730
v 0.048490 0.290287 0.055257
v 0.056841 0.303484 0.037925
v 0.057066 0.300343 0.045341
v 0.056317 0.297758 0.060974
v 0.085614 0.296911 0.061987
v 0.086363 0.299496 0.046354
v 0.104906 0.302841 0.028311
v 0.085889 0.298900 0.046667
v 0.102994 0.297481 0.059212
v 0.122011 0.301422 0.040856
v 0.004190 0.261114 -0.000515
v 0.004989 0.261395 -0.000367
v 0.005609 0.261114 0.000093
v 0.005428 0.260550 0.000405
v 0.004629 0.260269 0.000256
v 0.004009 0.260550 -0.000204
v -0.005582 0.266874 0.015007
v -0.006389 0.266567 0.014815
v -0.005440 0.267487 0.014760
v -0.006104 0.267794 0.014321
v -0.006911 0.267487 0.014129
v -0.007054 0.266874 0.014375
v -0.015463 0.271464 0.032088
v -0.016247 0.271146 0.031856
v -0.015367 0.272099 0.031921
v -0.016054 0.272416 0.031522
v -0.016838 0.272099 0.031290
v -0.016935 0.271464 0.031457
v -0.025576 0.271591 0.049569
v -0.026336 0.271267 0.049297
v -0.025526 0.272239 0.049484
v -0.026237 0.272563 0.049125
v -0.026998 0.272239 0.048852
v -0.027047 0.271591 0.048938
v -0.035869 0.267086 0.066998
v -0.036231 0.266803 0.066673
v -0.036127 0.267484 0.067172
v -0.036746 0.267598 0.067020
v -0.037108 0.267316 0.066694
v -0.036850 0.266918 0.066521
v -0.010514 0.267273 0.082884
v 0.010873 0.266426 0.065870
v -0.015965 0.272026 0.040747
v -0.037352 0.272874 0.057761
v -0.022112 0.272473 0.039438
v -0.042617 0.273539 0.030219
v -0.049601 0.269758 0.041978
v -0.029096 0.268692 0.051198
v -0.033911 0.269008 0.057819
v -0.054154 0.270451 0.055446
v -0.056007 0.266668 0.068634
v -0.035765 0.265225 0.071007
v -0.024709 0.266683 0.075412
v -0.035439 0.267887 0.065704
v -0.049951 0.270926 0.077889
v -0.039221 0.269721 0.087597
v 0.004762 0.255529 0.000352
v 0.003027 0.256141 0.000030
v 0.001682 0.255529 -0.000969
v 0.002074 0.254307 -0.001646
v 0.003809 0.253696 -0.001323
v 0.005154 0.254307 -0.000324
v 0.011660 0.260681 -0.017925
v 0.013201 0.260095 -0.017558
v 0.011388 0.261852 -0.017454
v 0.012656 0.262437 -0.016616
v 0.014196 0.261852 -0.016249
v 0.014468 0.260681 -0.016720
v 0.021750 0.265367 -0.034837
v 0.022985 0.264867 -0.034471
v 0.021597 0.266368 -0.034574
v 0.022680 0.266868 -0.033945
v 0.023915 0.266368 -0.033579
v 0.024067 0.265367 -0.033842
v 0.031965 0.265544 -0.052235
v 0.033038 0.265088 -0.051851
v 0.031895 0.266459 -0.052115
v 0.032899 0.266916 -0.051609
v 0.033971 0.266459 -0.051224
v 0.034041 0.265544 -0.051345
v 0.042248 0.261116 -0.069591
v 0.042787 0.260696 -0.069108
v 0.042632 0.261707 -0.069849
v 0.043554 0.261878 -0.069624
v 0.044091 0.261458 -0.069139
v 0.043708 0.260867 -0.068881
v -0.005979 0.265440 -0.023858
v 0.006801 0.261499 -0.045841
v -0.011176 0.260241 -0.053246
v -0.023957 0.264182 -0.031264
v 0.030711 0.264180 -0.072751
v 0.017196 0.253103 -0.085403
v -0.004191 0.252256 -0.068389
v 0.009324 0.263332 -0.055737
v 0.040539 0.267926 -0.023326
v 0.057719 0.261359 -0.015602
v 0.070960 0.260512 -0.037898
v 0.053780 0.267079 -0.045623
v 0.038948 0.260601 -0.048636
v 0.078233 0.255000 -0.044030
v 0.080055 0.257450 -0.056996
v 0.040770 0.263051 -0.061601
v 0.047492 0.266702 -0.091450
v 0.067347 0.262761 -0.073485
v 0.079879 0.257615 -0.084007
v 0.060023 0.261556 -0.101972
v 0.000227 0.311425 -0.000003
v 0.000211 0.311591 0.000410
v -0.000035 0.311425 0.000764
v -0.000266 0.311092 0.000704
v -0.000251 0.310926 0.000291
v -0.000005 0.311092 -0.000062
v -0.018071 0.316463 -0.003662
v -0.017977 0.316077 -0.004559
v -0.017682 0.317235 -0.003562
v -0.017198 0.317622 -0.004359
v -0.017104 0.317235 -0.005255
v -0.017493 0.316463 -0.005355
v -0.036885 0.320553 -0.008603
v -0.036748 0.320204 -0.009372
v -0.036654 0.321251 -0.008544
v -0.036287 0.321599 -0.009254
v -0.036149 0.321251 -0.010023
v -0.036380 0.320553 -0.010082
v -0.056216 0.320646 -0.013522
v -0.056014 0.320273 -0.014313
v -0.056092 0.321393 -0.013490
v -0.055766 0.321766 -0.014250
v -0.055563 0.321393 -0.015040
v -0.055687 0.320646 -0.015072
v -0.063223 0.320596 -0.018379
v -0.062891 0.320291 -0.018766
v -0.063488 0.321023 -0.018582
v -0.063421 0.321147 -0.019171
v -0.063088 0.320843 -0.019558
v -0.062823 0.320415 -0.019355
v -0.021549 0.322463 0.010954
v -0.045864 0.318992 0.004674
v -0.050369 0.315946 0.018719
v -0.026054 0.319417 0.025000
v -0.076667 0.323365 -0.009714
v -0.087485 0.316931 0.002347
v -0.066828 0.316185 0.015743
v -0.056011 0.322619 0.003683
v -0.031048 0.321881 -0.023665
v -0.018488 0.316314 -0.020421
v -0.013666 0.313159 -0.035455
v -0.026226 0.318725 -0.038699
v -0.020633 0.326215 0.003040
v -0.015963 0.339523 0.034901
v -0.000272 0.347067 0.031662
v -0.004942 0.333758 -0.000199
v 0.007570 0.336424 0.003039
v 0.014502 0.346181 -0.031337
v -0.001071 0.348147 -0.033781
v -0.008004 0.338390 0.000595
v -0.054161 0.052668 -0.036344
v -0.061947 0.058080 -0.011599
v -0.020034 0.058333 -0.028822
v 0.013735 0.188774 -0.155952
v -0.027744 0.194695 -0.166665
v 0.044679 0.189190 -0.102690
v 0.027369 0.187917 -0.137474
v 0.001710 0.095333 -0.000459
v 0.000819 0.096023 0.000687
v -0.000454 0.095440 0.001642
v -0.000837 0.094167 0.001452
v 0.000055 0.093478 0.000306
v 0.001328 0.094061 -0.000649
v -0.030405 0.098006 -0.021612
v -0.029534 0.097376 -0.022585
v -0.030207 0.099170 -0.021552
v -0.029136 0.099705 -0.022464
v -0.028264 0.099075 -0.023437
v -0.028463 0.097910 -0.023497
v -0.054352 0.099288 -0.039907
v -0.053451 0.098684 -0.040781
v -0.054302 0.100407 -0.039956
v -0.053351 0.100920 -0.040879
v -0.052449 0.100316 -0.041754
v -0.052499 0.099197 -0.041705
v -0.077493 0.094532 -0.057242
v -0.076641 0.094005 -0.057965
v -0.077572 0.095508 -0.057377
v -0.076798 0.095956 -0.058235
v -0.075945 0.095428 -0.058957
v -0.075866 0.094453 -0.058822
v -0.099263 0.083538 -0.073173
v -0.098480 0.083139 -0.073403
v -0.099583 0.084048 -0.073699
v -0.099121 0.084158 -0.074454
v -0.098337 0.083759 -0.074683
v -0.098017 0.083249 -0.074157
v -0.072698 0.091156 0.005045
v -0.044642 0.102704 0.025467
v -0.009612 0.104179 -0.011197
v -0.037668 0.092631 -0.031619
v -0.055172 0.096971 -0.036141
v -0.064255 0.098550 -0.050623
v -0.087007 0.096640 -0.039065
v -0.077923 0.095061 -0.024583
v -0.007892 0.098220 -0.004327
v 0.007870 0.102137 -0.019459
v -0.022444 0.101121 -0.042405
v -0.038205 0.097204 -0.027273
v -0.054100 0.100905 -0.041729
v -0.037048 0.096854 -0.056197
v -0.052566 0.087064 -0.067883
v -0.069618 0.091115 -0.053414
v -0.084453 0.091652 -0.063589
v -0.073702 0.085935 -0.083097
v -0.091484 0.080071 -0.088901
v -0.102236 0.085789 -0.069393
v 0.028597 0.092887 -0.039359
v -0.001716 0.091870 -0.062305
v -0.023306 0.094607 -0.045848
v -0.002155 0.082878 -0.063795
v -0.015898 0.085125 -0.074144
v -0.054827 0.086805 -0.076936
v -0.043112 0.080576 -0.098191
v -0.061987 0.079705 -0.104352
v -0.008700 0.131239 0.002416
v -0.009631 0.132157 0.000273
v -0.009240 0.131239 -0.001980
v -0.007919 0.129402 -0.002090
v -0.006988 0.128484 0.000053
v -0.007379 0.129402 0.002306
v 0.021899 0.138893 -0.003555
v 0.022674 0.137929 -0.001399
v 0.020891 0.140823 -0.003471
v 0.020656 0.141788 -0.001231
v 0.021430 0.140823 0.000925
v 0.022439 0.138893 0.000841
v 0.055178 0.145914 -0.006011
v 0.055704 0.145056 -0.004148
v 0.054592 0.147628 -0.005963
v 0.054531 0.148486 -0.004051
v 0.055056 0.147628 -0.002187
v 0.055642 0.145914 -0.002236
v 0.089286 0.146258 -0.008501
v 0.089599 0.145543 -0.006969
v 0.089040 0.147687 -0.008480
v 0.089107 0.148402 -0.006928
v 0.089419 0.147687 -0.005397
v 0.089664 0.146258 -0.005417
v 0.123503 0.139699 -0.010693
v 0.123295 0.139230 -0.009974
v 0.124019 0.140358 -0.010536
v 0.124326 0.140549 -0.009659
v 0.124116 0.140080 -0.008940
v 0.123601 0.139421 -0.009098
v 0.108894 0.140555 -0.018401
v 0.082318 0.147256 -0.008858
v 0.090230 0.150079 0.007427
v 0.116806 0.143516 -0.002116
v 0.085376 0.134054 0.064183
v 0.112989 0.135996 0.054267
v 0.099759 0.146581 0.027038
v 0.072145 0.141721 0.036954
v 0.062617 0.145219 0.017343
v 0.054705 0.142259 0.001058
v 0.139564 0.132350 0.044724
v 0.126334 0.140018 0.017494
v 0.082670 0.140904 -0.003543
v 0.051608 0.148106 -0.003842
v 0.051345 0.151140 0.015057
v 0.082408 0.144086 0.015357
v 0.018315 0.133917 0.069107
v 0.050590 0.136004 0.069418
v 0.051029 0.147380 0.037816
v 0.018753 0.142157 0.037505
v 0.019070 0.145917 0.014746
v 0.019332 0.142735 -0.004153
v 0.081653 0.132086 0.069717
v 0.082092 0.140326 0.038116
v 0.099165 0.134945 -0.024298
v 0.117354 0.141034 -0.007956
v 0.130931 0.143599 -0.018832
v 0.112742 0.137635 -0.035174
v 0.188882 0.129037 -0.033134
v 0.169983 0.130802 -0.050114
v 0.147281 0.140420 -0.031929
v 0.166180 0.136005 -0.014948
v 0.149830 0.139183 -0.001852
v 0.136253 0.136493 0.009024
v 0.151795 0.127489 -0.066456
v 0.129092 0.134456 -0.048271
v 0.009172 0.137408 0.001669
v 0.034703 0.143454 -0.002711
v 0.031078 0.146001 -0.018299
v 0.005547 0.140079 -0.013919
v 0.047178 0.131541 -0.067686
v 0.020651 0.133294 -0.063136
v 0.026712 0.142845 -0.037071
v 0.053240 0.138460 -0.041621
v 0.057605 0.141617 -0.022849
v 0.061230 0.138945 -0.007261
v -0.004880 0.130004 -0.058756
v 0.001181 0.136923 -0.032691
v 0.007479 0.062900 -0.022758
v -0.069996 0.051120 0.013983
v -0.120277 0.082703 -0.042569
v -0.110570 0.089596 -0.027094
v -0.096713 0.089747 -0.054540
v -0.073962 0.091658 -0.066097
v -0.101487 0.088017 -0.012613
v -0.065578 0.092523 -0.057428
v -0.079769 0.073842 -0.110156
v -0.040357 0.098658 -0.031380
v -0.031416 0.075335 -0.085830
v -0.005511 0.196991 -0.112660
v -0.047532 0.190767 -0.124185
v -0.093943 0.184163 -0.105380
v -0.101335 0.175775 -0.084543
v -0.083748 0.177529 -0.134118
v -0.044565 0.262742 0.057447
v -0.059076 0.265780 0.069632
v -0.064071 0.265340 0.089745
v -0.053342 0.264136 0.099453
v -0.073197 0.260194 0.081488
v -0.032266 0.266072 0.046117
v -0.052509 0.267516 0.043744
v -0.073196 0.263407 0.053213
v -0.075050 0.259624 0.066401
v -0.071551 0.260472 0.041511
v -0.015854 0.269540 0.028901
v -0.036360 0.270605 0.019682
v -0.057295 0.266873 0.023619
v -0.064279 0.263092 0.035379
v -0.051038 0.263939 0.013083
v -0.000307 0.068238 0.001987
v -0.008356 0.061278 0.027569
v -0.035869 0.056711 0.021505
v -0.027820 0.063671 -0.004077
v -0.015706 0.203552 -0.083922
v -0.023098 0.195164 -0.063085
v -0.065119 0.188940 -0.074610
v -0.057727 0.197327 -0.095447
v -0.027551 0.196258 -0.118229
v -0.005585 0.198314 -0.125926
v 0.011725 0.199587 -0.091142
v -0.010241 0.197531 -0.083445
v -0.002251 0.192528 -0.106112
v -0.043730 0.198449 -0.116826
v -0.038275 0.202565 -0.133833
v 0.003204 0.196644 -0.123119
v -0.080507 0.194326 -0.069278
v -0.021525 0.202741 -0.075658
v -0.015286 0.201468 -0.038296
v -0.074267 0.193053 -0.031916
v 0.037785 0.255076 0.006718
v 0.062485 0.248379 -0.010654
v 0.087489 0.242894 0.016301
v 0.062789 0.249591 0.033673
v 0.105764 0.243271 0.032905
v 0.118470 0.244450 0.066181
v 0.090650 0.254108 0.073569
v 0.077945 0.252928 0.040293
v -0.023454 0.241458 0.052208
v -0.035000 0.236813 0.039762
v 0.008135 0.240359 0.009424
v 0.019681 0.245004 0.021871
v 0.017386 0.243271 0.095821
v -0.007813 0.244450 0.068181
v 0.019045 0.253467 0.050626
v 0.044244 0.252287 0.078266
v 0.056871 0.238444 0.126014
v 0.022217 0.239624 0.107344
v 0.038552 0.247773 0.085377
v 0.073206 0.246594 0.104047
v 0.104304 0.249893 0.086168
v 0.123283 0.244723 0.106505
v 0.091618 0.239238 0.127281
v 0.072639 0.244408 0.106944
v 0.098656 0.301152 0.005642
v 0.071973 0.306753 0.030520
v 0.050141 0.305906 0.013627
v 0.076823 0.300305 -0.011251
v 0.006175 0.299416 0.040994
v -0.007479 0.291569 0.036327
v 0.006505 0.294117 0.004097
v 0.020159 0.301963 0.008764
v 0.056317 0.297685 0.060974
v 0.057940 0.303285 0.027105
v 0.087237 0.302438 0.028117
v 0.085614 0.296837 0.061987
v 0.102994 0.297408 0.059212
v 0.072294 0.299955 0.036696
v 0.091311 0.303896 0.018340
v 0.122011 0.301349 0.040856
v -0.010514 0.267200 0.082884
v -0.037352 0.272800 0.057761
v -0.015965 0.271953 0.040747
v 0.010873 0.266352 0.065870
v -0.022112 0.272400 0.039438
v -0.029096 0.268619 0.051198
v -0.049601 0.269684 0.041978
v -0.042617 0.273465 0.030219
v -0.033911 0.268934 0.057819
v -0.035765 0.265152 0.071007
v -0.056007 0.266595 0.068634
v -0.054154 0.270378 0.055446
v -0.024709 0.266610 0.075412
v -0.039221 0.269648 0.087597
v -0.049951 0.270852 0.077889
v -0.035439 0.267814 0.065704
v -0.006530 0.265328 -0.024086
v -0.023957 0.264109 -0.031264
v -0.011176 0.260168 -0.053246
v 0.006250 0.261387 -0.046068
v -0.004191 0.252182 -0.068389
v 0.017196 0.253030 -0.085403
v 0.030747 0.264114 -0.072717
v 0.009360 0.263267 -0.055704
v 0.070960 0.260439 -0.037898
v 0.057719 0.261286 -0.015602
v 0.040443 0.267868 -0.023369
v 0.053685 0.267021 -0.045665
v 0.080094 0.257368 -0.057269
v 0.078233 0.254927 -0.044030
v 0.038948 0.260527 -0.048636
v 0.040809 0.262968 -0.061875
v 0.047534 0.266625 -0.091485
v 0.060023 0.261482 -0.101972
v 0.079879 0.257541 -0.084007
v 0.067389 0.262684 -0.073520
v -0.021518 0.322397 0.010857
v -0.026054 0.319344 0.025000
v -0.050369 0.315873 0.018719
v -0.045833 0.318926 0.004577
v -0.066828 0.316112 0.015743
v -0.087485 0.316858 0.002347
v -0.076659 0.323294 -0.009723
v -0.056002 0.322548 0.003673
v -0.030810 0.321744 -0.023584
v -0.026234 0.318653 -0.038701
v -0.013666 0.313085 -0.035455
v -0.018242 0.316177 -0.020338
v -0.000569 0.346846 0.031723
v -0.015963 0.339450 0.034901
v -0.020633 0.326142 0.003040
v -0.005239 0.333538 -0.000137
v -0.001255 0.348072 -0.033810
v 0.014502 0.346108 -0.031337
v 0.007570 0.336351 0.003039
v -0.008187 0.338315 0.000566
v -0.054161 0.052594 -0.036344
v -0.020034 0.058259 -0.028822
v -0.061946 0.058007 -0.011599
v -0.027744 0.194621 -0.166665
v 0.013735 0.188700 -0.155951
v 0.044679 0.189117 -0.102690
v 0.027369 0.187844 -0.137474
v -0.072698 0.091083 0.005045
v -0.037668 0.092557 -0.031619
v -0.009612 0.104106 -0.011197
v -0.044642 0.102631 0.025467
v -0.055172 0.096898 -0.036141
v -0.077923 0.094987 -0.024583
v -0.087007 0.096566 -0.039065
v -0.064255 0.098477 -0.050623
v -0.007892 0.098147 -0.004327
v -0.038205 0.097130 -0.027273
v -0.022444 0.101047 -0.042405
v 0.007870 0.102064 -0.019459
v -0.054100 0.100832 -0.041729
v -0.069618 0.091042 -0.053414
v -0.052566 0.086991 -0.067883
v -0.037048 0.096781 -0.056197
v -0.084453 0.091579 -0.063589
v -0.102235 0.085715 -0.069393
v -0.091484 0.079998 -0.088901
v -0.073702 0.085862 -0.083097
v -0.001716 0.091797 -0.062305
v 0.028597 0.092814 -0.039359
v -0.023306 0.094534 -0.045848
v -0.015898 0.085052 -0.074144
v -0.002155 0.082804 -0.063795
v -0.054827 0.086732 -0.076936
v -0.061987 0.079632 -0.104352
v -0.043112 0.080503 -0.098191
v 0.108894 0.140482 -0.018401
v 0.116806 0.143443 -0.002116
v 0.090230 0.150006 0.007427
v 0.082318 0.147183 -0.008858
v 0.085376 0.133981 0.064183
v 0.072145 0.141648 0.036954
v 0.099759 0.146507 0.027038
v 0.112989 0.135923 0.054267
v 0.062617 0.145146 0.017343
v 0.054705 0.142186 0.001058
v 0.126334 0.139945 0.017494
v 0.139564 0.132277 0.044724
v 0.082670 0.140831 -0.003543
v 0.082408 0.144013 0.015357
v 0.051345 0.151067 0.015057
v 0.051608 0.148033 -0.003842
v 0.018315 0.133843 0.069107
v 0.018753 0.142084 0.037505
v 0.051029 0.147307 0.037816
v 0.050590 0.135931 0.069418
v 0.019070 0.145844 0.014746
v 0.019332 0.142662 -0.004153
v 0.082092 0.140253 0.038116
v 0.081653 0.132012 0.069717
v 0.099165 0.134872 -0.024298
v 0.112742 0.137562 -0.035174
v 0.130931 0.143526 -0.018832
v 0.117354 0.140961 -0.007956
v 0.188882 0.128964 -0.033134
v 0.166180 0.135931 -0.014949
v 0.147281 0.140347 -0.031929
v 0.169983 0.130729 -0.050114
v 0.149830 0.139110 -0.001852
v 0.136253 0.136420 0.009024
v 0.129092 0.134383 -0.048271
v 0.151795 0.127416 -0.066456
v 0.009172 0.137334 0.001669
v 0.005547 0.140006 -0.013919
v 0.031078 0.145928 -0.018299
v 0.034703 0.143381 -0.002711
v 0.047178 0.131468 -0.067686
v 0.053240 0.138387 -0.041621
v 0.026712 0.142772 -0.037071
v 0.020651 0.133221 -0.063136
v 0.057605 0.141543 -0.022849
v 0.061231 0.138872 -0.007261
v 0.001181 0.136849 -0.032691
v -0.004880 0.129931 -0.058756
v 0.007479 0.062826 -0.022758
v -0.069996 0.051046 0.013983
v -0.120277 0.082630 -0.042569
v -0.096713 0.089674 -0.054540
v -0.110570 0.089522 -0.027094
v -0.073962 0.091585 -0.066097
v -0.101487 0.087943 -0.012613
v -0.065578 0.092450 -0.057428
v -0.079769 0.073768 -0.110156
v -0.040357 0.098585 -0.031380
v -0.031416 0.075262 -0.085830
v -0.005511 0.196918 -0.112660
v -0.047532 0.190693 -0.124185
v -0.093943 0.184090 -0.105380
v -0.101335 0.175702 -0.084543
v -0.083748 0.177456 -0.134118
v -0.059076 0.265707 0.069632
v -0.044565 0.262669 0.057447
v -0.064071 0.265266 0.089745
v -0.053342 0.264062 0.099453
v -0.073197 0.260121 0.081488
v -0.032266 0.265999 0.046117
v -0.052509 0.267443 0.043744
v -0.073196 0.263334 0.053213
v -0.075050 0.259551 0.066401
v -0.071551 0.260398 0.041511
v -0.015854 0.269467 0.028901
v -0.036360 0.270532 0.019682
v -0.057295 0.266799 0.023619
v -0.064279 0.263019 0.035379
v -0.051038 0.263866 0.013083
v -0.019669 0.175285 0.000064
v -0.018257 0.175764 0.000109
v -0.016963 0.175121 0.000347
v -0.017081 0.173998 0.000540
v -0.018494 0.173519 0.000495
v -0.019788 0.174162 0.000257
v -0.019052 0.172480 0.026690
v -0.021459 0.171664 0.026484
v -0.018884 0.174396 0.026616
v -0.021122 0.175494 0.026335
v -0.023529 0.174677 0.026129
v -0.023697 0.172762 0.026203
v -0.022876 0.168763 0.052971
v -0.025264 0.167965 0.052637
v -0.022745 0.170642 0.053154
v -0.025002 0.171722 0.053002
v -0.027390 0.170924 0.052667
v -0.027521 0.169045 0.052484
v -0.026958 0.159176 0.077551
v -0.029327 0.158408 0.077090
v -0.026866 0.160994 0.077987
v -0.029142 0.162044 0.077963
v -0.031511 0.161276 0.077500
v -0.031603 0.159458 0.077064
v -0.030940 0.143967 0.099642
v -0.032860 0.143246 0.098435
v -0.031623 0.145125 0.101139
v -0.034225 0.145561 0.101430
v -0.036144 0.144841 0.100221
v -0.035461 0.143684 0.098724
v -0.012815 0.174236 0.028787
v 0.015213 0.168620 0.030674
v 0.017620 0.171598 0.012045
v -0.010408 0.177214 0.010157
v -0.020643 0.174125 0.022088
v -0.034978 0.176480 0.021395
v -0.037529 0.170416 0.036429
v -0.023195 0.168061 0.037122
v -0.033255 0.143662 0.100420
v -0.029257 0.157917 0.081489
v -0.048170 0.161635 0.080187
v -0.052165 0.147500 0.099166
v -0.027726 0.150791 0.074641
v -0.033950 0.149598 0.090294
v -0.023018 0.153386 0.096050
v -0.016190 0.150092 0.080145
v -0.014524 0.147847 0.101566
v -0.032288 0.149905 0.093697
v -0.044566 0.142885 0.113432
v -0.026887 0.137885 0.120123
v 0.011417 0.159028 0.047156
v 0.040536 0.146709 0.048543
v 0.044332 0.156301 0.032061
v -0.099205 0.160147 0.045959
v -0.103133 0.153063 0.068724
v -0.071121 0.160127 0.076221
v -0.067266 0.164680 0.052442
v -0.055369 0.175215 -0.000102
v -0.072995 0.167607 -0.005128
v -0.075532 0.166377 0.012772
v -0.057905 0.173985 0.017798
v -0.044315 0.166188 0.056407
v 0.008493 0.145381 0.130048
v 0.015012 0.146631 0.113653
v -0.007347 0.152436 0.103526
v -0.013262 0.146700 0.119669
v -0.028932 0.147650 0.112193
v -0.061806 0.139335 0.103653
v -0.074406 0.122121 0.119349
v -0.057290 0.121410 0.127422
v -0.025405 0.162350 0.057661
v -0.107055 0.141460 0.088717
v -0.075116 0.145992 0.095200
v -0.040469 0.148349 0.106689
v 0.021236 0.147823 0.098000
v -0.000519 0.149142 0.087621
v -0.016612 0.164644 0.045268
v 0.046739 0.159279 0.013431
v -0.049443 0.149297 0.085096
v -0.039487 0.120671 0.135819
v -0.018106 0.175356 0.004188
v -0.032441 0.177711 0.003495
v -0.078083 0.160313 0.027806
v -0.060457 0.167921 0.032832
v -0.012817 0.174168 0.028760
v -0.010410 0.177146 0.010130
v 0.017618 0.171530 0.012017
v 0.015211 0.168552 0.030647
v -0.020645 0.174057 0.022061
v -0.023197 0.167993 0.037095
v -0.037531 0.170348 0.036401
v -0.034980 0.176412 0.021368
v -0.033257 0.143594 0.100393
v -0.052167 0.147432 0.099139
v -0.048172 0.161567 0.080160
v -0.029259 0.157849 0.081462
v -0.027728 0.150723 0.074614
v -0.016192 0.150024 0.080118
v -0.023020 0.153317 0.096023
v -0.033952 0.149530 0.090267
v -0.014526 0.147779 0.101538
v -0.026889 0.137817 0.120095
v -0.044568 0.142816 0.113405
v -0.032290 0.149836 0.093670
v 0.011415 0.158960 0.047128
v 0.044330 0.156233 0.032034
v 0.040534 0.146641 0.048515
v -0.099207 0.160079 0.045931
v -0.067268 0.164612 0.052414
v -0.071123 0.160059 0.076194
v -0.103135 0.152995 0.068697
v -0.055371 0.175147 -0.000130
v -0.057907 0.173917 0.017771
v -0.075534 0.166309 0.012745
v -0.072997 0.167539 -0.005155
v -0.044317 0.166120 0.056380
v 0.008491 0.145313 0.130021
v -0.013264 0.146632 0.119642
v -0.007349 0.152368 0.103499
v 0.015010 0.146563 0.113625
v -0.028934 0.147582 0.112166
v -0.061808 0.139267 0.103626
v -0.057292 0.121342 0.127395
v -0.074408 0.122053 0.119322
v -0.025407 0.162282 0.057634
v -0.075118 0.145924 0.095173
v -0.107057 0.141392 0.088690
v -0.040471 0.148281 0.106662
v -0.000521 0.149074 0.087594
v 0.021234 0.147755 0.097973
v -0.016614 0.164576 0.045241
v 0.046737 0.159211 0.013404
v -0.049444 0.149229 0.085069
v -0.039489 0.120603 0.135791
v -0.018109 0.175288 0.004161
v -0.032443 0.177643 0.003467
v -0.060459 0.167853 0.032804
v -0.078085 0.160245 0.027779
v -0.004242 0.088814 0.002201
v 0.017021 0.089927 -0.034878
v -0.011392 0.084233 -0.056358
v -0.032655 0.083120 -0.019279
v 0.045677 0.083662 -0.014648
v 0.071017 0.074424 -0.054715
v 0.042361 0.080690 -0.074945
v 0.024414 0.082549 0.022431
v 0.013948 0.074995 -0.096425
v -0.004280 0.088749 0.002200
v -0.032693 0.083054 -0.019280
v -0.011430 0.084167 -0.056359
v 0.016983 0.089861 -0.034879
v 0.045639 0.083596 -0.014649
v 0.042323 0.080624 -0.074946
v 0.070979 0.074358 -0.054716
v 0.024376 0.082483 0.022430
v 0.013910 0.074930 -0.096426
v -0.028085 0.165216 0.068676
v -0.001350 0.159686 0.074968
v 0.005034 0.162618 0.057364
v -0.021700 0.168149 0.051073
v -0.008613 0.150240 0.090275
v 0.019287 0.138109 0.096258
v 0.026550 0.147554 0.080950
v -0.035347 0.155771 0.083984
v 0.032934 0.150487 0.063347
v -0.028087 0.165148 0.068649
v -0.021702 0.168081 0.051046
v 0.005032 0.162550 0.057337
v -0.001352 0.159618 0.074941
v -0.008615 0.150172 0.090248
v 0.026548 0.147487 0.080923
v 0.019285 0.138041 0.096231
v -0.035349 0.155703 0.083957
v 0.032932 0.150419 0.063320
v 0.063551 0.305979 0.023998
v 0.036345 0.306826 0.014471
v 0.019317 0.295743 0.045486
v 0.033302 0.298291 0.013256
v 0.087237 0.302511 0.028118
v 0.057940 0.303359 0.027105
v 0.091311 0.303970 0.018340
v 0.072294 0.300029 0.036696
v 0.019350 0.251998 0.019684
v 0.044354 0.246513 0.046638
v 0.053228 0.251139 0.046857
v 0.065934 0.252319 0.080133
v 0.088164 0.248343 0.068874
v 0.056499 0.242857 0.089650
v 0.086370 0.246313 0.086344
v 0.051716 0.247492 0.067674
v 0.061036 0.251139 0.067290
v 0.035837 0.252319 0.039650
v -0.009996 0.242372 0.066716
v 0.033139 0.245918 0.036379
v 0.033139 0.245844 0.036379
v -0.009996 0.242298 0.066716
v 0.035837 0.252245 0.039650
v 0.061036 0.251066 0.067290
v 0.051716 0.247419 0.067674
v 0.086370 0.246240 0.086344
v 0.088164 0.248270 0.068874
v 0.056499 0.242784 0.089649
v 0.065934 0.252245 0.080133
v 0.053228 0.251066 0.046857
v 0.019350 0.251925 0.019684
v 0.044354 0.246440 0.046638
v 0.012958 0.344259 0.028931
v 0.008289 0.330951 -0.002930
v -0.016364 0.346002 -0.036182
v -0.023296 0.336245 -0.001806
v -0.023296 0.336172 -0.001806
v -0.016364 0.345929 -0.036182
v 0.012958 0.344186 0.028931
v 0.008289 0.330878 -0.002930
v -0.016683 0.321661 -0.004216
v -0.040998 0.318190 -0.010496
v -0.016683 0.321588 -0.004216
v -0.040998 0.318117 -0.010496
v -0.066321 0.321790 -0.021249
v -0.045665 0.321044 -0.007853
v -0.045665 0.321117 -0.007853
v -0.066321 0.321864 -0.021249
v -0.042803 0.319785 -0.026702
v -0.047352 0.318874 -0.012520
v -0.035597 0.320969 -0.009483
v -0.037981 0.316630 -0.041735
v -0.023037 0.315403 -0.006239
v -0.035605 0.320897 -0.009486
v -0.047352 0.318800 -0.012520
v -0.042557 0.319647 -0.026618
v -0.023037 0.315329 -0.006239
v -0.037981 0.316556 -0.041735
v 0.012441 0.266730 -0.016271
v 0.025221 0.262789 -0.038254
v 0.022647 0.266112 -0.043266
v 0.044033 0.266960 -0.060280
v 0.035777 0.266113 -0.053717
v 0.022536 0.266960 -0.031420
v 0.012441 0.266656 -0.016271
v 0.025221 0.262715 -0.038254
v 0.044033 0.266887 -0.060280
v 0.022647 0.266039 -0.043266
v 0.042446 0.259680 -0.073526
v 0.081731 0.254079 -0.068920
v 0.081731 0.254153 -0.068920
v 0.042446 0.259753 -0.073526
v 0.031391 0.264103 -0.077931
v 0.051246 0.260162 -0.059966
v 0.031391 0.264030 -0.077931
v 0.051246 0.260089 -0.059966
v 0.022536 0.266887 -0.031420
v 0.035777 0.266039 -0.053717
v 0.036047 0.194400 -0.028068
v 0.045365 0.193127 -0.064851
v -0.012688 0.201541 -0.076456
v -0.022006 0.202814 -0.039673
v 0.036047 0.194326 -0.028068
v -0.022006 0.202741 -0.039673
v -0.012688 0.201468 -0.076456
v 0.045365 0.193053 -0.064851
v 0.029635 0.303816 0.028398
v 0.056841 0.302969 0.037925
v 0.048490 0.289771 0.055257
v 0.021284 0.290619 0.045730
v 0.036345 0.306311 0.014471
v 0.063551 0.305464 0.023998
v 0.033302 0.298058 0.013256
v 0.019317 0.295510 0.045486
v 0.043770 0.141254 -0.008407
v 0.069179 0.147301 -0.003371
v 0.071366 0.149848 -0.019225
v 0.045957 0.143926 -0.024261
v 0.104058 0.135388 -0.059593
v 0.077656 0.137140 -0.064826
v 0.074000 0.146691 -0.038317
v 0.100401 0.142306 -0.033083
v 0.097768 0.145463 -0.013991
v 0.095581 0.142791 0.001863
v 0.052247 0.133851 -0.069863
v 0.048590 0.140769 -0.043353
v 0.043770 0.141181 -0.008407
v 0.045957 0.143852 -0.024261
v 0.071366 0.149774 -0.019225
v 0.069179 0.147227 -0.003371
v 0.104058 0.135315 -0.059593
v 0.100401 0.142233 -0.033083
v 0.074000 0.146618 -0.038317
v 0.077656 0.137067 -0.064826
v 0.097768 0.145390 -0.013991
v 0.095581 0.142718 0.001863
v 0.048590 0.140696 -0.043353
v 0.052247 0.133777 -0.069863
vt 0.979100 0.278100
vt 0.972100 0.278800
vt 0.972100 0.146100
vt 0.979100 0.145400
vt 0.986100 0.278200
vt 0.986100 0.145400
vt 0.954200 0.278800
vt 0.948600 0.278800
vt 0.948600 0.146000
vt 0.954200 0.146000
vt 0.959400 0.278700
vt 0.960400 0.146000
vt 0.966000 0.278500
vt 0.966000 0.145700
vt 0.972100 0.366500
vt 0.979100 0.365800
vt 0.986100 0.366000
vt 0.948600 0.366500
vt 0.954200 0.366500
vt 0.959900 0.366500
vt 0.966000 0.366200
vt 0.972100 0.637100
vt 0.972100 0.439100
vt 0.979100 0.438400
vt 0.979100 0.636400
vt 0.986100 0.438600
vt 0.986100 0.636400
vt 0.948600 0.439100
vt 0.954200 0.439000
vt 0.954200 0.637100
vt 0.948600 0.637100
vt 0.960400 0.439100
vt 0.961200 0.637000
vt 0.966000 0.438800
vt 0.966000 0.636700
vt 0.979100 0.809100
vt 0.972100 0.809900
vt 0.972100 0.690800
vt 0.979100 0.690000
vt 0.986100 0.809300
vt 0.986100 0.690000
vt 0.954200 0.809800
vt 0.948600 0.809800
vt 0.948600 0.690700
vt 0.954200 0.690700
vt 0.959400 0.809800
vt 0.960800 0.690600
vt 0.966000 0.809500
vt 0.966000 0.690300
vt 0.972100 0.393100
vt 0.979100 0.392500
vt 0.979100 0.413200
vt 0.972100 0.413800
vt 0.986100 0.392700
vt 0.986100 0.413400
vt 0.948600 0.393100
vt 0.954200 0.393100
vt 0.954200 0.413800
vt 0.948600 0.413800
vt 0.960100 0.393100
vt 0.960300 0.413900
vt 0.966000 0.392900
vt 0.966000 0.413600
vt 0.959900 0.855300
vt 0.982600 0.854900
vt 0.742000 0.007600
vt 0.742000 0.293100
vt 0.546900 0.293100
vt 0.546900 0.007600
vt 0.982800 0.999300
vt 0.975800 0.999300
vt 0.958200 0.999300
vt 0.947600 0.999300
vt 0.954700 0.999300
vt 0.972300 0.999300
vt 0.947600 0.868000
vt 0.954700 0.868000
vt 0.982800 0.868000
vt 0.989900 0.868000
vt 0.989900 0.999300
vt 0.982800 0.999300
vt 0.975800 0.868000
vt 0.968700 0.868000
vt 0.968700 0.999300
vt 0.961700 0.868000
vt 0.961700 0.999300
vt 0.947600 0.736600
vt 0.954700 0.736600
vt 0.982800 0.736600
vt 0.989900 0.736600
vt 0.975800 0.736600
vt 0.968700 0.736600
vt 0.961700 0.736600
vt 0.947600 0.605300
vt 0.954700 0.605300
vt 0.982800 0.605300
vt 0.989900 0.605300
vt 0.975800 0.605300
vt 0.968700 0.605300
vt 0.961700 0.605300
vt 0.947600 0.473900
vt 0.954700 0.473900
vt 0.982800 0.473900
vt 0.989900 0.473900
vt 0.975800 0.473900
vt 0.968700 0.473900
vt 0.961700 0.473900
vt 0.708200 0.007600
vt 0.708200 0.351200
vt 0.546900 0.351200
vt 0.546900 0.007600
vt 0.546900 0.007600
vt 0.930700 0.007600
vt 0.930700 0.263400
vt 0.546900 0.263400
vt 0.930700 0.007600
vt 0.930700 0.225900
vt 0.546900 0.225900
vt 0.546900 0.007600
vt 0.930700 0.647300
vt 0.546900 0.647300
vt 0.546900 0.007600
vt 0.930700 0.007600
vt 0.982800 0.999300
vt 0.975800 0.999300
vt 0.958200 0.999300
vt 0.947600 0.999300
vt 0.954700 0.999300
vt 0.972300 0.999300
vt 0.947600 0.868000
vt 0.954700 0.868000
vt 0.982800 0.868000
vt 0.989900 0.868000
vt 0.989900 0.999300
vt 0.982800 0.999300
vt 0.975800 0.868000
vt 0.968700 0.868000
vt 0.968700 0.999300
vt 0.961700 0.868000
vt 0.961700 0.999300
vt 0.947600 0.736600
vt 0.954700 0.736600
vt 0.982800 0.736600
vt 0.989900 0.736600
vt 0.975800 0.736600
vt 0.968700 0.736600
vt 0.961700 0.736600
vt 0.947600 0.605300
vt 0.954700 0.605300
vt 0.982800 0.605300
vt 0.989900 0.605300
vt 0.975800 0.605300
vt 0.968700 0.605300
vt 0.961700 0.605300
vt 0.947600 0.473900
vt 0.954700 0.473900
vt 0.982800 0.473900
vt 0.989900 0.473900
vt 0.975800 0.473900
vt 0.968700 0.473900
vt 0.961700 0.473900
vt 0.546900 0.276900
vt 0.930700 0.276900
vt 0.930700 0.647300
vt 0.546900 0.647300
vt 0.930700 0.310400
vt 0.930700 0.647300
vt 0.546900 0.647300
vt 0.546900 0.310400
vt 0.930700 0.007600
vt 0.930700 0.647300
vt 0.772400 0.647300
vt 0.772400 0.007600
vt 0.930700 0.247400
vt 0.930700 0.647300
vt 0.546900 0.647300
vt 0.546900 0.247400
vt 0.930700 0.297900
vt 0.930700 0.647300
vt 0.546900 0.647300
vt 0.546900 0.297900
vt 0.546900 0.294300
vt 0.930700 0.294300
vt 0.930700 0.647300
vt 0.546900 0.647300
vt 0.982800 0.999300
vt 0.975800 0.999300
vt 0.958200 0.999300
vt 0.947600 0.999300
vt 0.954700 0.999300
vt 0.972300 0.999300
vt 0.947600 0.868000
vt 0.954700 0.868000
vt 0.982800 0.868000
vt 0.989900 0.868000
vt 0.989900 0.999300
vt 0.982800 0.999300
vt 0.975800 0.868000
vt 0.968700 0.868000
vt 0.968700 0.999300
vt 0.961700 0.868000
vt 0.961700 0.999300
vt 0.947600 0.736600
vt 0.954700 0.736600
vt 0.982800 0.736600
vt 0.989900 0.736600
vt 0.975800 0.736600
vt 0.968700 0.736600
vt 0.961700 0.736600
vt 0.947600 0.605300
vt 0.954700 0.605300
vt 0.982800 0.605300
vt 0.989900 0.605300
vt 0.975800 0.605300
vt 0.968700 0.605300
vt 0.961700 0.605300
vt 0.947600 0.473900
vt 0.954700 0.473900
vt 0.982800 0.473900
vt 0.989900 0.473900
vt 0.975800 0.473900
vt 0.968700 0.473900
vt 0.961700 0.473900
vt 0.930700 0.647300
vt 0.546900 0.647300
vt 0.546900 0.007600
vt 0.930700 0.007600
vt 0.930700 0.007600
vt 0.930700 0.647300
vt 0.738000 0.647300
vt 0.738000 0.007600
vt 0.930700 0.292600
vt 0.930700 0.647300
vt 0.546900 0.647300
vt 0.546900 0.292600
vt 0.930700 0.352000
vt 0.930700 0.647300
vt 0.546900 0.647300
vt 0.546900 0.352000
vt 0.546900 0.290900
vt 0.930700 0.290900
vt 0.930700 0.647300
vt 0.546900 0.647300
vt 0.954700 0.473900
vt 0.961700 0.473900
vt 0.979300 0.473900
vt 0.989900 0.473900
vt 0.982800 0.473900
vt 0.965200 0.473900
vt 0.989900 0.605300
vt 0.982800 0.605300
vt 0.954700 0.605300
vt 0.947600 0.605300
vt 0.947600 0.473900
vt 0.954700 0.473900
vt 0.961700 0.605300
vt 0.968700 0.605300
vt 0.968700 0.473900
vt 0.975800 0.605300
vt 0.975800 0.473900
vt 0.989900 0.736600
vt 0.982800 0.736600
vt 0.954700 0.736600
vt 0.947600 0.736600
vt 0.961700 0.736600
vt 0.968700 0.736600
vt 0.975800 0.736600
vt 0.989900 0.868000
vt 0.982800 0.868000
vt 0.954700 0.868000
vt 0.947600 0.868000
vt 0.961700 0.868000
vt 0.968700 0.868000
vt 0.975800 0.868000
vt 0.989900 0.999300
vt 0.982800 0.999300
vt 0.954700 0.999300
vt 0.947600 0.999300
vt 0.961700 0.999300
vt 0.968700 0.999300
vt 0.975800 0.999300
vt 0.930700 0.647300
vt 0.546900 0.647300
vt 0.546900 0.007600
vt 0.930700 0.007600
vt 0.749300 0.007600
vt 0.749300 0.380400
vt 0.546900 0.380400
vt 0.546900 0.007600
vt 0.750300 0.007600
vt 0.750300 0.337200
vt 0.546900 0.337200
vt 0.546900 0.007600
vt 0.546900 0.007600
vt 0.754300 0.007600
vt 0.754300 0.331800
vt 0.546900 0.331800
vt 0.954700 0.473900
vt 0.961700 0.473900
vt 0.979300 0.473900
vt 0.989900 0.473900
vt 0.982800 0.473900
vt 0.965200 0.473900
vt 0.989900 0.605300
vt 0.982800 0.605300
vt 0.954700 0.605300
vt 0.947600 0.605300
vt 0.947600 0.473900
vt 0.954700 0.473900
vt 0.961700 0.605300
vt 0.968700 0.605300
vt 0.968700 0.473900
vt 0.975800 0.605300
vt 0.975800 0.473900
vt 0.989900 0.736600
vt 0.982800 0.736600
vt 0.954700 0.736600
vt 0.947600 0.736600
vt 0.961700 0.736600
vt 0.968700 0.736600
vt 0.975800 0.736600
vt 0.989900 0.868000
vt 0.982800 0.868000
vt 0.954700 0.868000
vt 0.947600 0.868000
vt 0.961700 0.868000
vt 0.968700 0.868000
vt 0.975800 0.868000
vt 0.989900 0.999300
vt 0.982800 0.999300
vt 0.954700 0.999300
vt 0.947600 0.999300
vt 0.961700 0.999300
vt 0.968700 0.999300
vt 0.975800 0.999300
vt 0.546900 0.331300
vt 0.930700 0.331300
vt 0.930700 0.647300
vt 0.546900 0.647300
vt 0.930700 0.325100
vt 0.930700 0.647300
vt 0.546900 0.647300
vt 0.546900 0.325100
vt 0.930700 0.334900
vt 0.930700 0.647300
vt 0.546900 0.647300
vt 0.546900 0.334900
vt 0.930700 0.007600
vt 0.930700 0.647300
vt 0.730800 0.647300
vt 0.730800 0.007600
vt 0.546900 0.367300
vt 0.930700 0.367300
vt 0.930700 0.647300
vt 0.546900 0.647300
vt 0.954700 0.473900
vt 0.961700 0.473900
vt 0.979300 0.473900
vt 0.989900 0.473900
vt 0.982800 0.473900
vt 0.965200 0.473900
vt 0.989900 0.605300
vt 0.982800 0.605300
vt 0.954700 0.605300
vt 0.947600 0.605300
vt 0.947600 0.473900
vt 0.954700 0.473900
vt 0.961700 0.605300
vt 0.968700 0.605300
vt 0.968700 0.473900
vt 0.975800 0.605300
vt 0.975800 0.473900
vt 0.989900 0.736600
vt 0.982800 0.736600
vt 0.954700 0.736600
vt 0.947600 0.736600
vt 0.961700 0.736600
vt 0.968700 0.736600
vt 0.975800 0.736600
vt 0.989900 0.868000
vt 0.982800 0.868000
vt 0.954700 0.868000
vt 0.947600 0.868000
vt 0.961700 0.868000
vt 0.968700 0.868000
vt 0.975800 0.868000
vt 0.989900 0.999300
vt 0.982800 0.999300
vt 0.954700 0.999300
vt 0.947600 0.999300
vt 0.961700 0.999300
vt 0.968700 0.999300
vt 0.975800 0.999300
vt 0.546900 0.339700
vt 0.930700 0.339700
vt 0.930700 0.647300
vt 0.546900 0.647300
vt 0.930700 0.320300
vt 0.930700 0.647300
vt 0.546900 0.647300
vt 0.546900 0.320300
vt 0.732500 0.318100
vt 0.930700 0.318100
vt 0.930700 0.647300
vt 0.732500 0.647300
vt 0.930700 0.007600
vt 0.930700 0.647300
vt 0.722500 0.647300
vt 0.722500 0.007600
vt 0.930700 0.007600
vt 0.930700 0.647300
vt 0.737100 0.647300
vt 0.737100 0.007600
vt 0.930700 0.647300
vt 0.742000 0.647300
vt 0.930700 0.293100
vt 0.930700 0.647300
vt 0.546900 0.647300
vt 0.930700 0.647300
vt 0.546900 0.647300
vt 0.954700 0.473900
vt 0.961700 0.473900
vt 0.979300 0.473900
vt 0.989900 0.473900
vt 0.982800 0.473900
vt 0.965200 0.473900
vt 0.989900 0.605300
vt 0.982800 0.605300
vt 0.954700 0.605300
vt 0.947600 0.605300
vt 0.947600 0.473900
vt 0.954700 0.473900
vt 0.961700 0.605300
vt 0.968700 0.605300
vt 0.968700 0.473900
vt 0.975800 0.605300
vt 0.975800 0.473900
vt 0.989900 0.736600
vt 0.982800 0.736600
vt 0.954700 0.736600
vt 0.947600 0.736600
vt 0.961700 0.736600
vt 0.968700 0.736600
vt 0.975800 0.736600
vt 0.989900 0.868000
vt 0.982800 0.868000
vt 0.954700 0.868000
vt 0.947600 0.868000
vt 0.961700 0.868000
vt 0.968700 0.868000
vt 0.975800 0.868000
vt 0.989900 0.999300
vt 0.982800 0.999300
vt 0.954700 0.999300
vt 0.947600 0.999300
vt 0.961700 0.999300
vt 0.968700 0.999300
vt 0.975800 0.999300
vt 0.930700 0.647300
vt 0.546900 0.647300
vt 0.546900 0.007600
vt 0.930700 0.007600
vt 0.546900 0.007600
vt 0.732500 0.007600
vt 0.732500 0.321800
vt 0.546900 0.321800
vt 0.930700 0.007600
vt 0.930700 0.283900
vt 0.546900 0.283900
vt 0.546900 0.007600
vt 0.750500 0.007600
vt 0.750500 0.293100
vt 0.546900 0.293100
vt 0.546900 0.007600
vt 0.733100 0.007600
vt 0.733100 0.313700
vt 0.546900 0.313700
vt 0.546900 0.007600
vt 0.930700 0.647300
vt 0.546900 0.647300
vt 0.930700 0.293100
vt 0.930700 0.647300
vt 0.750500 0.647300
vt 0.930700 0.313700
vt 0.930700 0.647300
vt 0.733100 0.647300
vt 0.982800 0.999300
vt 0.975800 0.999300
vt 0.958200 0.999300
vt 0.947600 0.999300
vt 0.954700 0.999300
vt 0.972300 0.999300
vt 0.947600 0.868000
vt 0.954700 0.868000
vt 0.982800 0.868000
vt 0.989900 0.868000
vt 0.989900 0.999300
vt 0.982800 0.999300
vt 0.975800 0.868000
vt 0.968700 0.868000
vt 0.968700 0.999300
vt 0.961700 0.868000
vt 0.961700 0.999300
vt 0.947600 0.736600
vt 0.954700 0.736600
vt 0.982800 0.736600
vt 0.989900 0.736600
vt 0.975800 0.736600
vt 0.968700 0.736600
vt 0.961700 0.736600
vt 0.947600 0.605300
vt 0.954700 0.605300
vt 0.982800 0.605300
vt 0.989900 0.605300
vt 0.975800 0.605300
vt 0.968700 0.605300
vt 0.961700 0.605300
vt 0.947600 0.473900
vt 0.954700 0.473900
vt 0.982800 0.473900
vt 0.989900 0.473900
vt 0.975800 0.473900
vt 0.968700 0.473900
vt 0.961700 0.473900
vt 0.546900 0.007600
vt 0.735100 0.007600
vt 0.735100 0.172600
vt 0.546900 0.172600
vt 0.930700 0.647300
vt 0.735100 0.647300
vt 0.735100 0.371300
vt 0.930700 0.371300
vt 0.930700 0.172600
vt 0.930700 0.007600
vt 0.546900 0.647300
vt 0.546900 0.371300
vt 0.546900 0.007600
vt 0.735100 0.007600
vt 0.735100 0.172600
vt 0.546900 0.172600
vt 0.930700 0.647300
vt 0.735100 0.647300
vt 0.735100 0.371300
vt 0.930700 0.371300
vt 0.930700 0.172600
vt 0.930700 0.007600
vt 0.546900 0.647300
vt 0.546900 0.371300
vt 0.546900 0.007600
vt 0.735100 0.007600
vt 0.735100 0.172600
vt 0.546900 0.172600
vt 0.930700 0.647300
vt 0.735100 0.647300
vt 0.735100 0.371300
vt 0.930700 0.371300
vt 0.930700 0.172600
vt 0.930700 0.007600
vt 0.546900 0.647300
vt 0.546900 0.371300
vt 0.546900 0.007600
vt 0.735100 0.007600
vt 0.735100 0.172600
vt 0.546900 0.172600
vt 0.930700 0.647300
vt 0.735100 0.647300
vt 0.735100 0.371300
vt 0.930700 0.371300
vt 0.930700 0.172600
vt 0.930700 0.007600
vt 0.546900 0.647300
vt 0.546900 0.371300
vt 0.930700 0.007600
vt 0.546900 0.647300
vt 0.930700 0.647300
vt 0.732500 0.647300
vt 0.930700 0.321800
vt 0.930700 0.007600
vt 0.546900 0.647300
vt 0.930700 0.007600
vt 0.546900 0.647300
vt 0.930700 0.007600
vt 0.546900 0.647300
vt 0.930700 0.007600
vt 0.930700 0.351200
vt 0.708200 0.647300
vt 0.546900 0.647300
vt 0.930700 0.647300
vt 0.930700 0.007600
vt 0.930700 0.331800
vt 0.754300 0.647300
vt 0.546900 0.647300
vt 0.930700 0.647300
vt 0.930700 0.007600
vt 0.930700 0.337200
vt 0.750300 0.647300
vt 0.546900 0.647300
vt 0.930700 0.647300
vt 0.930700 0.007600
vt 0.930700 0.380400
vt 0.749300 0.647300
vt 0.546900 0.647300
vt 0.930700 0.647300
vt 0.742000 0.007600
vt 0.546900 0.007600
vt 0.546900 0.293100
vt 0.742000 0.293100
vt 0.708200 0.007600
vt 0.546900 0.007600
vt 0.546900 0.351200
vt 0.708200 0.351200
vt 0.546900 0.007600
vt 0.546900 0.263400
vt 0.930700 0.263400
vt 0.930700 0.007600
vt 0.930700 0.007600
vt 0.546900 0.007600
vt 0.546900 0.225900
vt 0.930700 0.225900
vt 0.930700 0.647300
vt 0.930700 0.007600
vt 0.546900 0.007600
vt 0.546900 0.647300
vt 0.546900 0.281000
vt 0.546900 0.647300
vt 0.930700 0.647300
vt 0.930700 0.281000
vt 0.546900 0.647300
vt 0.930700 0.647300
vt 0.930700 0.308500
vt 0.546900 0.308500
vt 0.753500 0.647300
vt 0.930700 0.647300
vt 0.930700 0.007600
vt 0.753500 0.007600
vt 0.546900 0.647300
vt 0.930700 0.647300
vt 0.930700 0.253700
vt 0.546900 0.253700
vt 0.546900 0.647300
vt 0.930700 0.647300
vt 0.930700 0.293000
vt 0.546900 0.293000
vt 0.546900 0.301600
vt 0.546900 0.647300
vt 0.930700 0.647300
vt 0.930700 0.301600
vt 0.930700 0.647300
vt 0.930700 0.007600
vt 0.546900 0.007600
vt 0.546900 0.647300
vt 0.735200 0.647300
vt 0.930700 0.647300
vt 0.930700 0.007600
vt 0.735200 0.007600
vt 0.930700 0.647300
vt 0.930700 0.007600
vt 0.546900 0.007600
vt 0.546900 0.647300
vt 0.930700 0.647300
vt 0.930700 0.007600
vt 0.546900 0.007600
vt 0.546900 0.647300
vt 0.930700 0.647300
vt 0.930700 0.007600
vt 0.546900 0.007600
vt 0.546900 0.647300
vt 0.749300 0.007600
vt 0.546900 0.007600
vt 0.546900 0.380400
vt 0.749300 0.380400
vt 0.750300 0.007600
vt 0.546900 0.007600
vt 0.546900 0.337200
vt 0.750300 0.337200
vt 0.546900 0.007600
vt 0.546900 0.331800
vt 0.754300 0.331800
vt 0.754300 0.007600
vt 0.546900 0.341000
vt 0.546900 0.647300
vt 0.930700 0.647300
vt 0.930700 0.341000
vt 0.546900 0.647300
vt 0.930700 0.647300
vt 0.930700 0.324300
vt 0.546900 0.324300
vt 0.546900 0.647300
vt 0.930700 0.647300
vt 0.930700 0.333200
vt 0.546900 0.333200
vt 0.726600 0.647300
vt 0.930700 0.647300
vt 0.930700 0.007600
vt 0.726600 0.007600
vt 0.546900 0.368200
vt 0.546900 0.647300
vt 0.930700 0.647300
vt 0.930700 0.368200
vt 0.546900 0.337600
vt 0.546900 0.647300
vt 0.930700 0.647300
vt 0.930700 0.337600
vt 0.546900 0.647300
vt 0.930700 0.647300
vt 0.930700 0.320000
vt 0.546900 0.320000
vt 0.732300 0.336500
vt 0.732300 0.647300
vt 0.930700 0.647300
vt 0.930700 0.336500
vt 0.726400 0.647300
vt 0.930700 0.647300
vt 0.930700 0.007600
vt 0.726400 0.007600
vt 0.734800 0.647300
vt 0.930700 0.647300
vt 0.930700 0.007600
vt 0.734800 0.007600
vt 0.930700 0.647300
vt 0.930700 0.293100
vt 0.742000 0.647300
vt 0.546900 0.647300
vt 0.930700 0.647300
vt 0.930700 0.647300
vt 0.546900 0.647300
vt 0.930700 0.647300
vt 0.930700 0.007600
vt 0.546900 0.007600
vt 0.546900 0.647300
vt 0.546900 0.007600
vt 0.546900 0.321800
vt 0.732500 0.321800
vt 0.732500 0.007600
vt 0.930700 0.007600
vt 0.546900 0.007600
vt 0.546900 0.283900
vt 0.930700 0.283900
vt 0.750500 0.007600
vt 0.546900 0.007600
vt 0.546900 0.293100
vt 0.750500 0.293100
vt 0.733100 0.007600
vt 0.546900 0.007600
vt 0.546900 0.313700
vt 0.733100 0.313700
vt 0.546900 0.647300
vt 0.930700 0.647300
vt 0.930700 0.293100
vt 0.750500 0.647300
vt 0.930700 0.647300
vt 0.930700 0.313700
vt 0.733100 0.647300
vt 0.930700 0.647300
vt 0.546900 0.007600
vt 0.546900 0.172600
vt 0.735100 0.172600
vt 0.735100 0.007600
vt 0.930700 0.647300
vt 0.930700 0.371300
vt 0.735100 0.371300
vt 0.735100 0.647300
vt 0.930700 0.172600
vt 0.930700 0.007600
vt 0.546900 0.371300
vt 0.546900 0.647300
vt 0.546900 0.007600
vt 0.546900 0.172600
vt 0.735100 0.172600
vt 0.735100 0.007600
vt 0.930700 0.647300
vt 0.930700 0.371300
vt 0.735100 0.371300
vt 0.735100 0.647300
vt 0.930700 0.172600
vt 0.930700 0.007600
vt 0.546900 0.371300
vt 0.546900 0.647300
vt 0.546900 0.007600
vt 0.546900 0.172600
vt 0.735100 0.172600
vt 0.735100 0.007600
vt 0.930700 0.647300
vt 0.930700 0.371300
vt 0.735100 0.371300
vt 0.735100 0.647300
vt 0.930700 0.172600
vt 0.930700 0.007600
vt 0.546900 0.371300
vt 0.546900 0.647300
vt 0.546900 0.007600
vt 0.546900 0.172600
vt 0.735100 0.172600
vt 0.735100 0.007600
vt 0.930700 0.647300
vt 0.930700 0.371300
vt 0.735100 0.371300
vt 0.735100 0.647300
vt 0.930700 0.172600
vt 0.930700 0.007600
vt 0.546900 0.371300
vt 0.546900 0.647300
vt 0.930700 0.007600
vt 0.546900 0.647300
vt 0.930700 0.647300
vt 0.930700 0.321800
vt 0.732500 0.647300
vt 0.930700 0.007600
vt 0.546900 0.647300
vt 0.930700 0.007600
vt 0.546900 0.647300
vt 0.930700 0.007600
vt 0.546900 0.647300
vt 0.930700 0.007600
vt 0.930700 0.351200
vt 0.708200 0.647300
vt 0.546900 0.647300
vt 0.930700 0.647300
vt 0.930700 0.331800
vt 0.930700 0.007600
vt 0.754300 0.647300
vt 0.546900 0.647300
vt 0.930700 0.647300
vt 0.930700 0.007600
vt 0.930700 0.337200
vt 0.750300 0.647300
vt 0.546900 0.647300
vt 0.930700 0.647300
vt 0.930700 0.007600
vt 0.930700 0.380400
vt 0.749300 0.647300
vt 0.546900 0.647300
vt 0.930700 0.647300
vt 0.954700 0.473900
vt 0.961700 0.473900
vt 0.979300 0.473900
vt 0.989900 0.473900
vt 0.982800 0.473900
vt 0.965200 0.473900
vt 0.989900 0.605300
vt 0.982800 0.605300
vt 0.954700 0.605300
vt 0.947600 0.605300
vt 0.947600 0.473900
vt 0.954700 0.473900
vt 0.961700 0.605300
vt 0.968700 0.605300
vt 0.968700 0.473900
vt 0.975800 0.605300
vt 0.975800 0.473900
vt 0.989900 0.736600
vt 0.982800 0.736600
vt 0.954700 0.736600
vt 0.947600 0.736600
vt 0.961700 0.736600
vt 0.968700 0.736600
vt 0.975800 0.736600
vt 0.989900 0.868000
vt 0.982800 0.868000
vt 0.954700 0.868000
vt 0.947600 0.868000
vt 0.961700 0.868000
vt 0.968700 0.868000
vt 0.975800 0.868000
vt 0.989900 0.999300
vt 0.982800 0.999300
vt 0.954700 0.999300
vt 0.947600 0.999300
vt 0.961700 0.999300
vt 0.968700 0.999300
vt 0.975800 0.999300
vt 0.746400 0.007600
vt 0.746400 0.313700
vt 0.546900 0.313700
vt 0.546900 0.007600
vt 0.733800 0.007600
vt 0.733800 0.176100
vt 0.546900 0.176100
vt 0.546900 0.007600
vt 0.546900 0.007600
vt 0.735100 0.007600
vt 0.735100 0.172600
vt 0.546900 0.172600
vt 0.546900 0.007600
vt 0.734400 0.007600
vt 0.734400 0.158300
vt 0.546900 0.158300
vt 0.546900 0.007600
vt 0.742600 0.007600
vt 0.742600 0.327100
vt 0.546900 0.327100
vt 0.930700 0.313700
vt 0.930700 0.647300
vt 0.746400 0.647300
vt 0.930700 0.647300
vt 0.735100 0.647300
vt 0.735100 0.371300
vt 0.930700 0.371300
vt 0.930700 0.443600
vt 0.930700 0.647300
vt 0.733800 0.647300
vt 0.733800 0.443600
vt 0.930700 0.172600
vt 0.930700 0.647300
vt 0.734400 0.647300
vt 0.734400 0.363000
vt 0.930700 0.363000
vt 0.930700 0.158300
vt 0.930700 0.327100
vt 0.930700 0.647300
vt 0.742600 0.647300
vt 0.930700 0.007600
vt 0.546900 0.647300
vt 0.546900 0.371300
vt 0.930700 0.007600
vt 0.546900 0.647300
vt 0.546900 0.363000
vt 0.930700 0.007600
vt 0.546900 0.647300
vt 0.930700 0.007600
vt 0.546900 0.647300
vt 0.930700 0.007600
vt 0.930700 0.176100
vt 0.546900 0.647300
vt 0.546900 0.443600
vt 0.746400 0.007600
vt 0.546900 0.007600
vt 0.546900 0.313700
vt 0.746400 0.313700
vt 0.733800 0.007600
vt 0.546900 0.007600
vt 0.546900 0.176100
vt 0.733800 0.176100
vt 0.546900 0.007600
vt 0.546900 0.172600
vt 0.735100 0.172600
vt 0.735100 0.007600
vt 0.546900 0.007600
vt 0.546900 0.158300
vt 0.734400 0.158300
vt 0.734400 0.007600
vt 0.546900 0.007600
vt 0.546900 0.327100
vt 0.742600 0.327100
vt 0.742600 0.007600
vt 0.930700 0.313700
vt 0.746400 0.647300
vt 0.930700 0.647300
vt 0.930700 0.647300
vt 0.930700 0.371300
vt 0.735100 0.371300
vt 0.735100 0.647300
vt 0.930700 0.443600
vt 0.733800 0.443600
vt 0.733800 0.647300
vt 0.930700 0.647300
vt 0.930700 0.172600
vt 0.930700 0.647300
vt 0.930700 0.363000
vt 0.734400 0.363000
vt 0.734400 0.647300
vt 0.930700 0.158300
vt 0.930700 0.327100
vt 0.742600 0.647300
vt 0.930700 0.647300
vt 0.930700 0.007600
vt 0.546900 0.371300
vt 0.546900 0.647300
vt 0.930700 0.007600
vt 0.546900 0.363000
vt 0.546900 0.647300
vt 0.930700 0.007600
vt 0.546900 0.647300
vt 0.930700 0.007600
vt 0.546900 0.647300
vt 0.930700 0.007600
vt 0.930700 0.176100
vt 0.546900 0.443600
vt 0.546900 0.647300
vt 0.746400 0.007600
vt 0.746400 0.313700
vt 0.546900 0.313700
vt 0.546900 0.007600
vt 0.930700 0.313700
vt 0.930700 0.647300
vt 0.746400 0.647300
vt 0.930700 0.007600
vt 0.546900 0.647300
vt 0.746400 0.007600
vt 0.546900 0.007600
vt 0.546900 0.313700
vt 0.746400 0.313700
vt 0.930700 0.313700
vt 0.746400 0.647300
vt 0.930700 0.647300
vt 0.930700 0.007600
vt 0.546900 0.647300
vt 0.746400 0.007600
vt 0.746400 0.313700
vt 0.546900 0.313700
vt 0.546900 0.007600
vt 0.930700 0.313700
vt 0.930700 0.647300
vt 0.746400 0.647300
vt 0.930700 0.007600
vt 0.546900 0.647300
vt 0.746400 0.007600
vt 0.546900 0.007600
vt 0.546900 0.313700
vt 0.746400 0.313700
vt 0.930700 0.313700
vt 0.746400 0.647300
vt 0.930700 0.647300
vt 0.930700 0.007600
vt 0.546900 0.647300
vt 0.546900 0.007600
vt 0.930700 0.007600
vt 0.546900 0.647300
vt 0.546900 0.007600
vt 0.546900 0.007600
vt 0.930700 0.007600
vt 0.546900 0.007600
vt 0.930700 0.007600
vt 0.546900 0.007600
vt 0.930700 0.007600
vt 0.546900 0.007600
vt 0.930700 0.007600
vt 0.546900 0.007600
vt 0.930700 0.007600
vt 0.546900 0.007600
vt 0.930700 0.007600
vt 0.546900 0.007600
vt 0.930700 0.007600
vt 0.546900 0.647300
vt 0.546900 0.007600
vt 0.546900 0.007600
vt 0.546900 0.647300
vt 0.930700 0.007600
vt 0.546900 0.007600
vt 0.930700 0.007600
vt 0.546900 0.007600
vt 0.546900 0.007600
vt 0.930700 0.007600
vt 0.930700 0.007600
vt 0.546900 0.007600
vt 0.546900 0.007600
vt 0.930700 0.007600
vt 0.546900 0.647300
vt 0.546900 0.007600
vt 0.546900 0.647300
vt 0.546900 0.007600
vt 0.546900 0.007600
vt 0.546900 0.647300
vt 0.546900 0.647300
vt 0.546900 0.007600
vt 0.546900 0.007600
vt 0.930700 0.007600
vt 0.546900 0.007600
vt 0.930700 0.007600
vt 0.930700 0.007600
vt 0.546900 0.007600
vt 0.546900 0.007600
vt 0.930700 0.007600
vt 0.546900 0.318100
vt 0.546900 0.007600
vt 0.732500 0.007600
vt 0.546900 0.647300
vt 0.930700 0.007600
vt 0.732300 0.007600
vt 0.546900 0.007600
vt 0.546900 0.336500
vt 0.930700 0.007600
vt 0.546900 0.647300
vt 0.546900 0.007600
vt 0.930700 0.007600
vt 0.546900 0.007600
vt 0.930700 0.007600
vt 0.546900 0.007600
vt 0.930700 0.007600
vt 0.546900 0.007600
vt 0.930700 0.007600
vt 0.930700 0.007600
vt 0.546900 0.007600
vt 0.546900 0.007600
vt 0.546900 0.647300
vt 0.546900 0.647300
vt 0.546900 0.007600
vt 0.546900 0.007600
vt 0.930700 0.007600
vt 0.546900 0.007600
vt 0.930700 0.007600
vt 0.930700 0.007600
vt 0.546900 0.007600
vt 0.930700 0.647300
vt 0.546900 0.647300
vt 0.546900 0.007600
vt 0.930700 0.007600
vt 0.930700 0.647300
vt 0.930700 0.007600
vt 0.546900 0.007600
vt 0.546900 0.647300
vt 0.930700 0.292600
vt 0.546900 0.292600
vt 0.546900 0.647300
vt 0.930700 0.647300
vt 0.930700 0.007600
vt 0.546900 0.007600
vt 0.546900 0.007600
vt 0.546900 0.647300
vt 0.546900 0.007600
vt 0.735100 0.007600
vt 0.735100 0.172600
vt 0.546900 0.172600
vt 0.930700 0.647300
vt 0.735100 0.647300
vt 0.735100 0.371300
vt 0.930700 0.371300
vt 0.930700 0.172600
vt 0.930700 0.007600
vt 0.546900 0.647300
vt 0.546900 0.371300
vt 0.546900 0.007600
vt 0.546900 0.172600
vt 0.735100 0.172600
vt 0.735100 0.007600
vt 0.930700 0.647300
vt 0.930700 0.371300
vt 0.735100 0.371300
vt 0.735100 0.647300
vt 0.930700 0.172600
vt 0.930700 0.007600
vt 0.546900 0.371300
vt 0.546900 0.647300
vn -0.4594 -0.0294 0.8877
vn -0.9937 -0.1096 -0.0253
vn -0.9994 0.0228 -0.0256
vn -0.4923 0.0203 0.8702
vn 0.4725 0.0954 0.8761
vn 0.4472 0.0203 0.8942
vn 0.9878 0.1537 0.0253
vn 0.9994 0.0228 0.0255
vn 0.5168 0.0954 -0.8508
vn 0.4924 0.0203 -0.8702
vn -0.4134 -0.0294 -0.9101
vn -0.4472 0.0203 -0.8942
vn -0.9408 -0.3381 -0.0240
vn -0.4618 -0.1499 0.8742
vn 0.4456 0.1681 0.8793
vn 0.9454 0.3249 0.0242
vn 0.4900 0.1681 -0.8553
vn -0.4164 -0.1498 -0.8967
vn -0.9853 0.1694 -0.0220
vn -0.9695 0.2438 -0.0257
vn -0.4977 0.1517 0.8540
vn -0.2229 0.0270 0.9745
vn 0.4211 -0.0238 0.9067
vn 0.4195 -0.0562 0.9060
vn 0.9906 -0.1347 0.0241
vn 0.9549 -0.1097 0.2760
vn 0.4687 -0.0249 -0.8830
vn 0.5190 -0.0650 -0.8523
vn -0.4548 0.1526 -0.8774
vn -0.4136 0.0739 -0.9075
vn -0.4457 -0.1080 0.8887
vn -0.9480 -0.3172 -0.0243
vn -0.9980 -0.0568 -0.0277
vn -0.4690 -0.0052 0.8832
vn 0.4586 0.2080 0.8639
vn 0.4744 0.0579 0.8784
vn 0.9400 0.3405 0.0237
vn 0.9953 0.0919 0.0302
vn 0.5017 0.2078 -0.8397
vn 0.5112 0.0600 -0.8574
vn -0.3999 -0.1081 -0.9102
vn -0.4216 -0.0162 -0.9066
vn -0.9161 -0.4004 -0.0234
vn -0.4773 -0.2428 0.8445
vn -0.5312 -0.0539 0.8455
vn -0.9963 -0.0825 -0.0254
vn 0.4241 0.0731 0.9027
vn 0.4050 0.0213 0.9141
vn 0.9652 0.2605 0.0247
vn 0.9969 0.0742 0.0256
vn 0.4698 0.0732 -0.8797
vn 0.4513 0.0213 -0.8921
vn -0.4334 -0.2428 -0.8679
vn -0.4873 -0.0539 -0.8716
vn -0.4701 0.8826 -0.0114
vn -0.1557 0.9871 -0.0372
vn -0.1585 0.9871 -0.0241
vn -0.2027 0.9592 0.1972
vn 0.6874 0.1074 0.7183
vn 0.0335 0.4048 0.9138
vn -0.6433 0.1340 0.7538
vn -0.6744 -0.6522 0.3461
vn -0.0044 -0.9780 0.2087
vn 0.6561 -0.6847 0.3175
vn -0.8491 -0.5092 -0.1402
vn -0.0049 -0.9532 -0.3023
vn -0.7986 0.5676 0.2001
vn 0.0279 0.9518 0.3054
vn 0.8357 0.5294 0.1460
vn 0.8341 -0.5176 -0.1907
vn -0.8487 -0.5289 -0.0009
vn -0.0063 -0.9933 -0.1154
vn -0.8023 0.5828 0.1290
vn 0.0066 0.9921 0.1253
vn 0.8111 0.5848 0.0079
vn 0.8401 -0.5263 -0.1313
vn -0.8402 -0.5298 0.1156
vn 0.0053 -0.9930 0.1181
vn -0.8073 0.5899 -0.0154
vn -0.0054 0.9941 -0.1084
vn 0.7973 0.5880 -0.1364
vn 0.8471 -0.5312 -0.0147
vn -0.8039 -0.4719 -0.3620
vn -0.1648 -0.9503 -0.2640
vn -0.6105 0.2992 -0.7333
vn 0.0742 0.4575 -0.8861
vn 0.7035 0.0270 -0.7102
vn 0.5037 -0.7832 -0.3646
vn -0.1492 0.9888 0.0098
vn -0.2404 0.9706 -0.0077
vn -0.3128 0.9144 0.2571
vn -0.2190 0.9296 0.2965
vn -0.0903 0.9959 0.0085
vn 0.0934 0.9922 -0.0828
vn 0.0675 0.9953 -0.0700
vn 0.0714 0.9640 0.2562
vn 0.1327 0.9906 0.0339
vn 0.1286 0.9905 0.0495
vn -0.1350 0.9892 0.0563
vn -0.9818 0.1208 -0.1466
vn -0.5417 0.4276 -0.7237
vn 0.0673 0.1275 -0.9895
vn 0.3102 -0.6469 -0.6966
vn -0.1405 -0.9748 -0.1734
vn -0.7319 -0.6656 0.1460
vn 0.7089 -0.5310 -0.4642
vn 0.1527 -0.9649 0.2136
vn 0.5184 0.5264 -0.6739
vn -0.1553 0.9639 -0.2165
vn -0.7031 0.5520 0.4481
vn -0.5290 -0.5025 0.6838
vn 0.6599 -0.5266 -0.5360
vn 0.0633 -0.9941 0.0876
vn 0.5624 0.5681 -0.6009
vn -0.0692 0.9929 -0.0970
vn -0.6417 0.5782 0.5039
vn -0.5822 -0.5123 0.6314
vn 0.5903 -0.5177 -0.6193
vn -0.0635 -0.9937 -0.0926
vn 0.6433 0.5844 -0.4946
vn 0.0598 0.9948 0.0826
vn -0.5548 0.5727 0.6035
vn -0.6496 -0.5277 0.5473
vn 0.8585 -0.4843 -0.1688
vn 0.2835 -0.9530 0.1068
vn 0.9291 0.2825 0.2387
vn 0.4286 0.4491 0.7840
vn -0.1645 0.0184 0.9862
vn -0.2139 -0.7726 0.5978
vn 0.1017 0.9891 0.1069
vn 0.1248 0.9885 0.0854
vn 0.2420 0.9699 -0.0271
vn 0.1216 0.9892 -0.0815
vn 0.2909 0.9458 -0.1446
vn 0.0983 0.9925 -0.0727
vn -0.2189 0.9551 -0.1996
vn -0.2189 0.9551 -0.1997
vn -0.1530 0.9829 -0.1027
vn -0.1394 0.9868 -0.0829
vn -0.0718 0.9916 0.1078
vn -0.1838 0.9606 0.2086
vn -0.0469 0.9953 0.0852
vn -0.0487 0.9871 0.1527
vn -0.1140 0.9555 0.2720
vn -0.0358 0.9910 0.1291
vn -0.0689 0.9855 0.1552
vn -0.0832 0.9875 0.1339
vn -0.0052 0.9688 0.2479
vn -0.9288 0.0872 0.3602
vn -0.8374 0.4127 -0.3584
vn -0.4126 0.1047 -0.9049
vn -0.0504 -0.6395 -0.7671
vn -0.1775 -0.9814 -0.0736
vn -0.5613 -0.6669 0.4902
vn 0.4155 -0.4811 -0.7720
vn 0.2243 -0.9636 0.1455
vn 0.1438 0.5670 -0.8111
vn -0.2253 0.9645 -0.1376
vn -0.4161 0.5075 0.7545
vn -0.1366 -0.5230 0.8413
vn 0.3310 -0.5150 -0.7907
vn 0.0934 -0.9948 0.0410
vn 0.2188 0.5593 -0.7996
vn -0.1005 0.9939 -0.0448
vn -0.3180 0.5646 0.7616
vn -0.2177 -0.5072 0.8339
vn 0.2352 -0.5120 -0.8261
vn -0.0932 -0.9948 -0.0422
vn 0.3303 0.5711 -0.7515
vn 0.0891 0.9953 0.0382
vn -0.2053 0.5634 0.8002
vn -0.3107 -0.5184 0.7967
vn 0.6631 -0.4852 -0.5700
vn 0.2943 -0.9538 -0.0598
vn 0.9273 0.2600 -0.2694
vn 0.7696 0.4382 0.4643
vn 0.3489 -0.0093 0.9371
vn 0.1113 -0.7686 0.6299
vn 0.0730 0.9869 -0.1439
vn 0.0730 0.9869 -0.1438
vn -0.4639 0.8760 -0.1320
vn -0.1502 0.9886 0.0130
vn -0.1120 0.9933 0.0299
vn -0.1026 0.9213 0.3750
vn -0.1655 0.8215 0.5457
vn -0.0944 0.9311 0.3524
vn 0.0228 0.9862 0.1642
vn -0.0417 0.9849 0.1683
vn -0.2262 0.1124 -0.9676
vn 0.4048 0.4222 -0.8111
vn 0.9396 0.1392 -0.3126
vn 0.7596 -0.6491 0.0404
vn 0.1193 -0.9756 -0.1844
vn -0.3969 -0.6735 -0.6236
vn 0.6340 -0.4952 0.5940
vn -0.1246 -0.9614 0.2452
vn 0.7561 0.5814 0.3004
vn 0.1047 0.9573 -0.2694
vn -0.6294 0.5061 -0.5897
vn -0.7782 -0.5363 -0.3268
vn 0.7045 -0.5177 0.4853
vn -0.0462 -0.9936 0.1029
vn 0.7356 0.5839 0.3435
vn 0.0502 0.9925 -0.1119
vn -0.6754 0.5758 -0.4607
vn -0.7629 -0.5294 -0.3711
vn 0.7533 -0.5318 0.3869
vn 0.0456 -0.9936 -0.1031
vn 0.6680 0.5792 0.4672
vn -0.0453 0.9941 0.0982
vn -0.7369 0.5893 -0.3314
vn -0.7116 -0.5231 -0.4689
vn 0.5037 -0.4644 0.7285
vn 0.0110 -0.9485 0.3167
vn 0.1615 0.2881 0.9439
vn -0.4913 0.4562 0.7419
vn -0.9648 0.0091 0.2630
vn -0.6120 -0.7878 0.0688
vn 0.1159 0.9886 0.0965
vn 0.1160 0.9886 0.0965
vn 0.0413 0.9989 0.0237
vn -0.1517 0.9861 -0.0681
vn -0.2713 0.9515 0.1448
vn -0.0702 0.9611 0.2673
vn 0.0684 0.9974 0.0227
vn -0.1363 0.9907 -0.0026
vn -0.1734 0.9529 0.2490
vn 0.0355 0.9593 0.2802
vn 0.1603 0.9855 -0.0549
vn 0.0171 0.9747 -0.2227
vn -0.1437 0.9873 -0.0670
vn 0.0210 0.9947 0.1002
vn 0.2700 0.1375 0.9530
vn -0.3834 0.4301 0.8173
vn -0.9279 0.1323 0.3486
vn -0.7470 -0.6648 0.0067
vn -0.1023 -0.9740 0.2020
vn 0.4488 -0.6515 0.6116
vn -0.6563 -0.5048 -0.5607
vn 0.1150 -0.9600 -0.2554
vn -0.7809 0.5578 -0.2812
vn -0.1097 0.9637 0.2435
vn 0.6511 0.5372 0.5362
vn 0.8019 -0.5287 0.2783
vn -0.6993 -0.5162 -0.4944
vn 0.0498 -0.9927 -0.1101
vn -0.7304 0.5852 -0.3523
vn -0.0469 0.9934 0.1049
vn 0.6795 0.5779 0.4519
vn 0.7682 -0.5280 0.3621
vn -0.7507 -0.5316 -0.3922
vn -0.0438 -0.9941 0.0993
vn -0.6648 0.5794 -0.4715
vn 0.0473 0.9937 -0.1015
vn 0.7388 0.5897 0.3262
vn 0.7150 -0.5229 0.4641
vn -0.5038 -0.4644 -0.7283
vn -0.0108 -0.9485 -0.3165
vn -0.1618 0.2878 -0.9439
vn 0.4914 0.4563 -0.7418
vn 0.9648 0.0086 -0.2630
vn 0.6121 -0.7878 -0.0680
vn 0.0031 0.9846 -0.1747
vn 0.0030 0.9846 -0.1747
vn -0.2223 0.9469 -0.2323
vn -0.3411 0.8571 -0.3861
vn -0.3411 0.8571 -0.3860
vn -0.2436 0.9345 -0.2596
vn 0.1248 0.9915 0.0364
vn 0.2976 0.9442 0.1409
vn 0.1490 0.9875 0.0510
vn 0.1153 0.9730 0.2001
vn 0.1153 0.9730 0.2000
vn 0.1440 0.9893 -0.0251
vn 0.1431 0.9896 -0.0171
vn 0.1422 0.9880 0.0596
vn 0.1688 0.9852 0.0296
vn 0.2928 0.9492 -0.1154
vn 0.8960 0.0875 -0.4353
vn 0.8695 0.4098 0.2756
vn 0.5048 0.0955 0.8580
vn 0.1471 -0.6462 0.7488
vn 0.2070 -0.9763 0.0636
vn 0.5301 -0.6629 -0.5287
vn -0.3350 -0.5146 0.7892
vn -0.2255 -0.9713 -0.0755
vn -0.0782 0.5211 0.8499
vn 0.2494 0.9652 0.0783
vn 0.3569 0.5260 -0.7720
vn 0.1016 -0.5035 -0.8580
vn -0.2677 -0.5133 0.8154
vn -0.0955 -0.9950 -0.0308
vn -0.1561 0.5587 0.8145
vn 0.1037 0.9940 0.0341
vn 0.2594 0.5631 -0.7846
vn 0.1551 -0.5069 -0.8480
vn -0.3667 -0.4973 0.7863
vn -0.0288 -0.9987 0.0416
vn -0.3484 0.5344 0.7701
vn -0.0452 0.9987 0.0215
vn 0.2969 0.5631 -0.7712
vn 0.3266 -0.5754 -0.7498
vn -0.7218 -0.5253 0.4506
vn -0.3753 -0.9265 -0.0268
vn -0.9193 0.2934 0.2624
vn -0.7432 0.5032 -0.4410
vn -0.3183 0.0819 -0.9444
vn -0.0852 -0.7021 -0.7069
vn -0.1480 0.9886 0.0267
vn -0.1506 0.9879 0.0372
vn -0.1784 0.9719 0.1535
vn -0.1784 0.9719 0.1536
vn -0.0667 0.9852 0.1577
vn -0.1814 0.9259 0.3313
vn -0.0421 0.9919 0.1202
vn 0.1260 0.9916 -0.0294
vn 0.3930 0.9180 0.0537
vn 0.4167 0.9072 -0.0568
vn 0.1723 0.9737 -0.1491
vn -0.4624 0.8402 -0.2832
vn -0.1853 0.9161 -0.3555
vn -0.1822 0.9165 -0.3561
vn 0.0756 0.9551 0.2864
vn 0.0756 0.9551 0.2863
vn -0.0447 0.9634 0.2644
vn -0.0516 0.9634 0.2630
vn -0.1062 0.9639 -0.2442
vn -0.1612 0.9868 -0.0117
vn 0.1833 0.9673 -0.1752
vn 0.2481 0.9557 -0.1585
vn 0.9626 0.2631 -0.0653
vn 0.5800 0.6354 0.5097
vn 0.0725 0.3366 0.9388
vn -0.0968 -0.5114 0.8539
vn 0.3075 -0.8914 0.3331
vn 0.7914 -0.5935 -0.1463
vn -0.5569 -0.4984 0.6644
vn -0.0764 -0.9969 -0.0204
vn -0.4608 0.5914 0.6618
vn 0.0740 0.9971 0.0166
vn 0.5492 0.5131 -0.6597
vn 0.4603 -0.5758 -0.6757
vn -0.5060 -0.4720 0.7220
vn 0.0193 -0.9970 0.0744
vn -0.5110 0.6147 0.6008
vn -0.0212 0.9969 -0.0760
vn 0.4853 0.5252 -0.6990
vn 0.5151 -0.5659 -0.6437
vn -0.4290 -0.4402 0.7888
vn 0.1727 -0.9592 0.2238
vn -0.6116 0.6034 0.5117
vn -0.1791 0.9571 -0.2279
vn 0.3856 0.4929 -0.7799
vn 0.5961 -0.5578 -0.5776
vn -0.7453 -0.5293 0.4055
vn -0.1736 -0.9766 0.1267
vn -0.9888 0.1177 -0.0921
vn -0.6047 0.2297 -0.7626
vn -0.0026 -0.1832 -0.9831
vn 0.2093 -0.8454 -0.4915
vn -0.2467 0.9487 -0.1975
vn -0.0215 0.9923 0.1217
vn -0.1176 0.9908 -0.0677
vn -0.1994 0.9794 -0.0306
vn -0.0962 0.9812 0.1673
vn -0.1263 0.9843 0.1233
vn 0.0367 0.9950 -0.0926
vn 0.0075 0.9985 -0.0541
vn -0.0224 0.9556 -0.2940
vn 0.0681 0.9380 -0.3399
vn -0.1285 0.8376 -0.5310
vn -0.1920 0.8627 -0.4678
vn -0.0806 0.9436 -0.3210
vn -0.0708 0.9460 -0.3163
vn -0.1810 0.9124 -0.3672
vn 0.1689 0.9493 -0.2653
vn 0.1690 0.9493 -0.2653
vn 0.2686 0.9515 -0.1500
vn 0.3197 0.9205 -0.2247
vn 0.1505 0.8994 -0.4104
vn 0.0405 0.9646 -0.2604
vn 0.0405 0.9647 -0.2604
vn -0.0614 0.9482 -0.3118
vn -0.6603 0.0889 0.7457
vn -0.9057 0.4139 0.0919
vn -0.7827 0.0967 -0.6148
vn -0.3982 -0.6493 -0.6480
vn -0.1958 -0.9806 0.0117
vn -0.2832 -0.6551 0.7005
vn 0.0788 -0.4938 -0.8660
vn 0.2527 -0.9672 -0.0252
vn -0.1889 0.5404 -0.8199
vn -0.2504 0.9675 0.0339
vn -0.0722 0.5187 0.8519
vn 0.1963 -0.5062 0.8398
vn -0.0037 -0.5052 -0.8630
vn 0.1062 -0.9943 -0.0123
vn -0.1150 0.5612 -0.8196
vn -0.1012 0.9948 0.0118
vn 0.0250 0.5594 0.8285
vn 0.1370 -0.5086 0.8500
vn -0.0973 -0.5135 -0.8525
vn -0.0897 -0.9959 0.0106
vn 0.0065 0.5628 -0.8266
vn 0.1035 0.9946 -0.0114
vn 0.1466 0.5660 0.8113
vn 0.0432 -0.5112 0.8584
vn 0.3387 -0.4738 -0.8129
vn 0.2379 -0.9523 -0.1909
vn 0.6997 0.2523 -0.6684
vn 0.8988 0.4366 0.0393
vn 0.7411 -0.0255 0.6709
vn 0.3887 -0.7751 0.4981
vn 0.1506 0.9579 -0.2444
vn -0.0344 0.9872 -0.1559
vn 0.0298 0.9995 -0.0126
vn 0.2079 0.9739 -0.0908
vn 0.0002 0.9475 0.3196
vn 0.1596 0.9515 0.2629
vn 0.1177 0.9727 0.1998
vn -0.0775 0.9634 0.2565
vn -0.1530 0.9863 0.0621
vn -0.2046 0.9757 -0.0780
vn 0.1957 0.9646 0.1765
vn 0.2562 0.9579 0.1294
vn 0.2217 0.9625 -0.1564
vn 0.0352 0.9866 -0.1592
vn 0.0315 0.9995 0.0020
vn 0.2214 0.9752 0.0011
vn -0.1100 0.9496 0.2936
vn 0.0497 0.9471 0.3171
vn 0.0382 0.9703 0.2389
vn -0.1583 0.9660 0.2042
vn -0.1612 0.9869 -0.0020
vn -0.1603 0.9730 -0.1660
vn 0.1187 0.9604 0.2521
vn 0.1905 0.9541 0.2311
vn -0.2497 0.9652 -0.0773
vn -0.1358 0.9886 0.0656
vn -0.0205 0.9994 -0.0274
vn -0.1615 0.9713 -0.1747
vn 0.2587 0.9584 -0.1209
vn 0.1712 0.9518 -0.2543
vn 0.1237 0.9726 -0.1967
vn 0.2389 0.9710 -0.0134
vn 0.1198 0.9849 0.1248
vn 0.0082 0.9683 0.2498
vn 0.0732 0.9584 -0.2758
vn 0.0051 0.9474 -0.3200
vn -0.1890 0.9602 0.2058
vn 0.0014 0.9867 0.1623
vn -0.0313 0.9995 0.0056
vn -0.2182 0.9748 0.0462
vn 0.0551 0.9481 -0.3132
vn -0.1090 0.9489 -0.2961
vn -0.0809 0.9713 -0.2236
vn 0.1190 0.9645 -0.2356
vn 0.1594 0.9867 -0.0306
vn 0.1869 0.9746 0.1236
vn -0.1614 0.9625 -0.2180
vn -0.2281 0.9563 -0.1831
vn -0.3641 0.9141 -0.1788
vn -0.2844 0.9587 0.0044
vn -0.2996 0.9271 -0.2251
vn -0.2200 0.9349 -0.2784
vn -0.1773 0.9602 0.2159
vn 0.1943 0.9799 -0.0453
vn -0.0590 0.8024 -0.5939
vn -0.0746 0.9655 -0.2494
vn -0.1636 0.9470 -0.2766
vn -0.3368 0.9412 -0.0266
vn -0.3880 0.8944 0.2224
vn -0.2531 0.9191 -0.3020
vn -0.1472 0.9043 -0.4008
vn -0.3074 0.9221 -0.2349
vn -0.3093 0.9477 0.0781
vn -0.1436 0.9502 0.2766
vn -0.4286 0.8993 -0.0868
vn 0.0960 0.9686 -0.2295
vn -0.1085 0.9605 -0.2562
vn -0.3439 0.9386 -0.0279
vn -0.3608 0.9087 0.2100
vn -0.3057 0.9125 -0.2718
vn 0.1359 0.9723 -0.1899
vn -0.0413 0.9559 -0.2907
vn -0.3452 0.9238 -0.1654
vn -0.4269 0.9035 0.0369
vn -0.2318 0.8928 -0.3863
vn 0.1557 -0.9871 0.0372
vn 0.2027 -0.9592 -0.1972
vn 0.1585 -0.9871 0.0241
vn 0.1492 -0.9888 -0.0098
vn 0.2190 -0.9296 -0.2965
vn 0.3128 -0.9144 -0.2571
vn 0.2404 -0.9706 0.0077
vn 0.0902 -0.9959 -0.0085
vn -0.0675 -0.9953 0.0700
vn -0.0935 -0.9922 0.0828
vn -0.0714 -0.9640 -0.2562
vn -0.1286 -0.9905 -0.0495
vn -0.1327 -0.9906 -0.0338
vn 0.1351 -0.9892 -0.0563
vn -0.1034 -0.9890 -0.1053
vn -0.2431 -0.9696 0.0282
vn -0.1265 -0.9884 -0.0838
vn -0.2901 -0.9461 0.1443
vn -0.1206 -0.9894 0.0811
vn -0.0972 -0.9926 0.0723
vn 0.1443 -0.9854 0.0900
vn 0.2011 -0.9641 0.1733
vn 0.2011 -0.9641 0.1732
vn 0.1327 -0.9885 0.0732
vn 0.1852 -0.9601 -0.2098
vn 0.1852 -0.9600 -0.2098
vn 0.0744 -0.9911 -0.1101
vn 0.0497 -0.9949 -0.0878
vn 0.1132 -0.9560 -0.2705
vn 0.0476 -0.9874 -0.1507
vn 0.0347 -0.9913 -0.1270
vn 0.0673 -0.9852 -0.1575
vn 0.0039 -0.9683 -0.2498
vn 0.0816 -0.9873 -0.1364
vn -0.0730 -0.9869 0.1439
vn 0.1454 -0.9893 -0.0151
vn 0.4602 -0.8782 0.1302
vn 0.1073 -0.9937 -0.0320
vn -0.0229 -0.9862 -0.1642
vn -0.0228 -0.9862 -0.1642
vn 0.0417 -0.9849 -0.1683
vn -0.1160 -0.9886 -0.0965
vn -0.1159 -0.9886 -0.0965
vn -0.0412 -0.9989 -0.0237
vn 0.0703 -0.9611 -0.2673
vn 0.2713 -0.9515 -0.1448
vn 0.1517 -0.9861 0.0681
vn -0.0685 -0.9974 -0.0227
vn -0.0355 -0.9593 -0.2801
vn 0.1734 -0.9529 -0.2490
vn 0.1363 -0.9907 0.0026
vn -0.1602 -0.9856 0.0549
vn -0.0210 -0.9947 -0.1002
vn 0.1437 -0.9873 0.0670
vn -0.0171 -0.9747 0.2227
vn -0.0031 -0.9846 0.1747
vn 0.3406 -0.8576 0.3855
vn 0.3406 -0.8576 0.3854
vn 0.2221 -0.9470 0.2320
vn 0.2433 -0.9346 0.2593
vn -0.2968 -0.9446 -0.1404
vn -0.1239 -0.9916 -0.0359
vn -0.1482 -0.9877 -0.0505
vn -0.1445 -0.9891 0.0299
vn -0.1158 -0.9738 -0.1958
vn -0.1436 -0.9894 0.0217
vn -0.1426 -0.9880 -0.0591
vn -0.2933 -0.9489 0.1160
vn -0.1692 -0.9851 -0.0291
vn 0.1478 -0.9887 -0.0259
vn 0.1782 -0.9721 -0.1527
vn 0.1504 -0.9880 -0.0363
vn 0.1813 -0.9260 -0.3311
vn 0.0666 -0.9853 -0.1575
vn 0.0420 -0.9919 -0.1200
vn -0.1285 -0.9913 0.0284
vn -0.1688 -0.9745 0.1482
vn -0.4171 -0.9069 0.0592
vn -0.3928 -0.9181 -0.0536
vn 0.1913 -0.9154 0.3543
vn 0.4622 -0.8403 0.2832
vn 0.4622 -0.8403 0.2833
vn 0.1893 -0.9156 0.3547
vn 0.0462 -0.9634 -0.2641
vn -0.0742 -0.9553 -0.2861
vn 0.0531 -0.9634 -0.2627
vn 0.1062 -0.9639 0.2442
vn 0.1612 -0.9869 0.0117
vn -0.1833 -0.9673 0.1752
vn -0.2481 -0.9557 0.1584
vn 0.2467 -0.9487 0.1976
vn 0.2467 -0.9487 0.1975
vn 0.0215 -0.9923 -0.1217
vn 0.0963 -0.9812 -0.1674
vn 0.1994 -0.9794 0.0306
vn 0.1176 -0.9908 0.0677
vn 0.1263 -0.9843 -0.1232
vn -0.0074 -0.9985 0.0541
vn -0.0367 -0.9950 0.0926
vn 0.0224 -0.9556 0.2940
vn 0.1920 -0.8627 0.4678
vn 0.1285 -0.8376 0.5310
vn -0.0681 -0.9380 0.3399
vn 0.0806 -0.9436 0.3210
vn 0.1810 -0.9124 0.3672
vn 0.0708 -0.9460 0.3163
vn -0.1689 -0.9493 0.2653
vn -0.1690 -0.9493 0.2653
vn -0.2686 -0.9515 0.1500
vn -0.1505 -0.8994 0.4104
vn -0.3198 -0.9205 0.2247
vn -0.0405 -0.9646 0.2604
vn 0.0614 -0.9482 0.3118
vn -0.0405 -0.9647 0.2604
vn -0.1506 -0.9579 0.2444
vn -0.2079 -0.9739 0.0907
vn -0.0298 -0.9995 0.0126
vn 0.0344 -0.9872 0.1559
vn -0.0002 -0.9476 -0.3196
vn 0.0774 -0.9634 -0.2565
vn -0.1177 -0.9727 -0.1999
vn -0.1596 -0.9515 -0.2629
vn 0.1530 -0.9863 -0.0621
vn 0.2046 -0.9757 0.0780
vn -0.2562 -0.9579 -0.1294
vn -0.1957 -0.9646 -0.1765
vn -0.2217 -0.9625 0.1564
vn -0.2214 -0.9752 -0.0011
vn -0.0315 -0.9995 -0.0020
vn -0.0352 -0.9866 0.1592
vn 0.1100 -0.9496 -0.2936
vn 0.1583 -0.9660 -0.2042
vn -0.0382 -0.9703 -0.2389
vn -0.0497 -0.9471 -0.3171
vn 0.1612 -0.9869 0.0020
vn 0.1603 -0.9730 0.1660
vn -0.1905 -0.9541 -0.2311
vn -0.1187 -0.9604 -0.2521
vn 0.2497 -0.9652 0.0773
vn 0.1615 -0.9713 0.1747
vn 0.0205 -0.9994 0.0274
vn 0.1358 -0.9886 -0.0656
vn -0.2587 -0.9584 0.1209
vn -0.2389 -0.9710 0.0134
vn -0.1237 -0.9726 0.1967
vn -0.1712 -0.9518 0.2543
vn -0.1198 -0.9849 -0.1248
vn -0.0082 -0.9683 -0.2498
vn -0.0051 -0.9474 0.3200
vn -0.0732 -0.9584 0.2758
vn 0.1890 -0.9602 -0.2059
vn 0.2182 -0.9748 -0.0462
vn 0.0313 -0.9995 -0.0056
vn -0.0014 -0.9867 -0.1623
vn -0.0551 -0.9481 0.3132
vn -0.1190 -0.9645 0.2356
vn 0.0809 -0.9713 0.2236
vn 0.1090 -0.9489 0.2961
vn -0.1594 -0.9867 0.0306
vn -0.1868 -0.9746 -0.1235
vn 0.2281 -0.9563 0.1831
vn 0.1614 -0.9625 0.2179
vn 0.3641 -0.9141 0.1787
vn 0.2995 -0.9272 0.2250
vn 0.2844 -0.9587 -0.0044
vn 0.2200 -0.9349 0.2784
vn 0.1773 -0.9602 -0.2159
vn -0.1943 -0.9799 0.0453
vn 0.0590 -0.8024 0.5939
vn 0.0746 -0.9655 0.2494
vn 0.1636 -0.9470 0.2766
vn 0.3367 -0.9412 0.0266
vn 0.3879 -0.8944 -0.2224
vn 0.2531 -0.9191 0.3020
vn 0.3074 -0.9221 0.2349
vn 0.1472 -0.9043 0.4008
vn 0.3093 -0.9477 -0.0781
vn 0.1436 -0.9502 -0.2766
vn 0.4286 -0.8993 0.0867
vn -0.0960 -0.9686 0.2294
vn 0.1086 -0.9605 0.2562
vn 0.3439 -0.9386 0.0280
vn 0.3608 -0.9087 -0.2100
vn 0.3057 -0.9125 0.2719
vn -0.1359 -0.9723 0.1899
vn 0.0413 -0.9559 0.2906
vn 0.3452 -0.9238 0.1654
vn 0.4269 -0.9036 -0.0369
vn 0.2318 -0.8928 0.3862
vn -0.5521 0.4379 -0.7095
vn 0.1192 0.7162 -0.6876
vn 0.7493 0.3425 -0.5667
vn 0.6735 -0.5336 -0.5115
vn 0.0105 -0.8089 -0.5878
vn -0.6245 -0.4346 -0.6489
vn 0.7992 -0.6003 0.0307
vn -0.0482 -0.9924 -0.1129
vn 0.8537 0.5029 0.1351
vn 0.0580 0.9951 0.0805
vn -0.7763 0.6274 -0.0609
vn -0.8595 -0.4808 -0.1735
vn 0.8154 -0.5784 -0.0211
vn -0.0325 -0.9643 -0.2627
vn 0.8224 0.5055 0.2611
vn 0.0342 0.9668 0.2531
vn -0.7768 0.6279 0.0475
vn -0.8580 -0.4488 -0.2498
vn 0.8305 -0.5417 -0.1300
vn -0.0034 -0.8784 -0.4780
vn 0.7984 0.4550 0.3944
vn 0.0046 0.8829 0.4695
vn -0.7922 0.5819 0.1839
vn -0.8412 -0.4053 -0.3579
vn 0.7067 -0.6414 0.2987
vn 0.0920 -0.9923 -0.0825
vn 0.4612 -0.0421 0.8863
vn -0.2287 0.1133 0.9669
vn -0.8296 -0.1686 0.5323
vn -0.5799 -0.8132 -0.0494
vn 0.1600 0.9193 0.3595
vn 0.2549 0.8972 0.3607
vn 0.2808 0.9414 0.1868
vn 0.1818 0.9671 0.1781
vn 0.1464 0.9605 0.2366
vn 0.0049 0.9739 0.2268
vn -0.0168 0.9283 0.3716
vn 0.1309 0.9115 0.3899
vn 0.1157 0.7834 0.6106
vn 0.1487 0.8957 0.4191
vn 0.0115 0.9145 0.4045
vn -0.0192 0.8038 0.5946
vn -0.0462 0.9928 -0.1102
vn -0.2761 0.9602 0.0419
vn -0.1271 0.9901 0.0599
vn 0.1297 0.9805 -0.1474
vn 0.0064 0.9167 0.3995
vn -0.1314 0.9461 0.2961
vn -0.2296 0.8431 0.4862
vn -0.0050 0.7947 0.6070
vn 0.2225 0.8195 0.5282
vn 0.3087 0.7894 0.5305
vn 0.3470 0.8618 0.3700
vn -0.2265 0.9509 0.2108
vn -0.2582 0.8915 0.3723
vn -0.1904 0.9071 0.3753
vn -0.1325 0.9773 0.1656
vn -0.2646 0.9639 0.0288
vn -0.3979 0.9174 0.0066
vn -0.4252 0.8947 0.1370
vn -0.2804 0.9437 0.1756
vn 0.0449 0.9801 0.1934
vn 0.0777 0.9740 0.2127
vn 0.1580 0.9837 0.0862
vn 0.0871 0.9925 0.0856
vn -0.0879 0.9484 0.3048
vn -0.1195 0.9680 0.2206
vn -0.3404 0.8237 0.4536
vn -0.2579 0.7472 0.6125
vn -0.3277 0.6842 0.6515
vn 0.1813 0.9612 0.2081
vn -0.2154 0.8624 0.4582
vn -0.2128 0.8172 0.5357
vn 0.0203 0.9963 0.0840
vn 0.1580 0.9839 -0.0833
vn 0.1338 0.8428 0.5213
vn 0.3744 0.9069 0.1933
vn -0.2084 0.9128 0.3512
vn -0.2186 0.6674 0.7119
vn 0.1572 0.9835 0.0899
vn 0.0239 0.9971 0.0719
vn -0.4453 0.8540 0.2689
vn -0.3085 0.8992 0.3103
vn -0.1600 -0.9193 -0.3595
vn -0.1818 -0.9671 -0.1781
vn -0.2808 -0.9414 -0.1868
vn -0.2549 -0.8972 -0.3607
vn -0.1464 -0.9605 -0.2366
vn -0.1309 -0.9115 -0.3899
vn 0.0169 -0.9283 -0.3716
vn -0.0049 -0.9739 -0.2268
vn -0.1157 -0.7834 -0.6106
vn 0.0192 -0.8038 -0.5946
vn -0.0115 -0.9145 -0.4045
vn -0.1487 -0.8957 -0.4191
vn 0.0461 -0.9928 0.1101
vn -0.1297 -0.9805 0.1473
vn 0.1271 -0.9901 -0.0599
vn 0.2760 -0.9602 -0.0419
vn -0.0063 -0.9167 -0.3994
vn 0.0050 -0.7947 -0.6070
vn 0.2296 -0.8431 -0.4862
vn 0.1314 -0.9461 -0.2961
vn -0.2225 -0.8195 -0.5282
vn -0.3470 -0.8618 -0.3700
vn -0.3087 -0.7894 -0.5306
vn 0.2265 -0.9509 -0.2108
vn 0.1325 -0.9773 -0.1656
vn 0.1904 -0.9071 -0.3753
vn 0.2582 -0.8915 -0.3723
vn 0.2646 -0.9639 -0.0287
vn 0.2804 -0.9437 -0.1756
vn 0.4252 -0.8947 -0.1370
vn 0.3979 -0.9174 -0.0066
vn -0.0449 -0.9801 -0.1934
vn -0.0777 -0.9740 -0.2127
vn 0.0879 -0.9484 -0.3048
vn -0.0871 -0.9925 -0.0856
vn -0.1580 -0.9837 -0.0862
vn 0.1195 -0.9680 -0.2206
vn 0.3404 -0.8237 -0.4536
vn 0.3277 -0.6842 -0.6515
vn 0.2579 -0.7472 -0.6125
vn -0.1813 -0.9612 -0.2081
vn 0.2128 -0.8172 -0.5357
vn 0.2154 -0.8624 -0.4582
vn -0.0203 -0.9963 -0.0840
vn -0.1581 -0.9839 0.0833
vn -0.1338 -0.8428 -0.5213
vn -0.3744 -0.9069 -0.1933
vn 0.2084 -0.9128 -0.3512
vn 0.2186 -0.6674 -0.7119
vn -0.1572 -0.9835 -0.0899
vn -0.0239 -0.9971 -0.0719
vn 0.3085 -0.8992 -0.3104
vn 0.4453 -0.8540 -0.2689
vn 0.0027 0.9995 0.0315
vn 0.0530 0.9967 -0.0622
vn -0.0808 0.9847 -0.1542
vn -0.1535 0.9864 -0.0584
vn 0.1954 0.9804 0.0268
vn 0.2545 0.9651 -0.0616
vn 0.1148 0.9814 -0.1536
vn 0.1383 0.9844 0.1089
vn -0.0172 0.9719 -0.2349
vn -0.0027 -0.9995 -0.0315
vn 0.1535 -0.9864 0.0584
vn 0.0808 -0.9847 0.1542
vn -0.0530 -0.9967 0.0622
vn -0.1954 -0.9804 -0.0268
vn -0.1148 -0.9814 0.1536
vn -0.2545 -0.9651 0.0616
vn -0.1384 -0.9844 -0.1089
vn 0.0172 -0.9719 0.2349
vn 0.0967 0.9145 0.3928
vn 0.1901 0.8928 0.4083
vn 0.2473 0.9373 0.2458
vn 0.1491 0.9652 0.2149
vn 0.1292 0.8153 0.5644
vn 0.2148 0.7824 0.5846
vn 0.2801 0.8572 0.4322
vn 0.0466 0.8401 0.5405
vn 0.3342 0.9025 0.2716
vn -0.0967 -0.9145 -0.3928
vn -0.1491 -0.9652 -0.2149
vn -0.2473 -0.9373 -0.2458
vn -0.1900 -0.8928 -0.4083
vn -0.1292 -0.8153 -0.5644
vn -0.2800 -0.8572 -0.4322
vn -0.2148 -0.7823 -0.5847
vn -0.0466 -0.8401 -0.5405
vn -0.3342 -0.9025 -0.2715
vn -0.0267 0.9861 0.1638
vn 0.2203 0.9602 0.1715
vn 0.0229 0.9862 0.1642
vn -0.0416 0.9849 0.1683
vn -0.0187 0.9762 0.2160
vn -0.0755 0.9971 -0.0065
vn -0.1459 0.9885 0.0386
vn 0.0306 0.9995 0.0064
vn 0.0670 0.9976 -0.0185
vn -0.0710 0.9974 0.0156
vn 0.0742 -0.9972 -0.0111
vn -0.0629 -0.9979 0.0148
vn -0.0320 -0.9995 -0.0038
vn 0.1440 -0.9887 -0.0416
vn 0.0767 -0.9970 0.0060
vn 0.0164 -0.9767 -0.2140
vn 0.1114 0.9111 -0.3969
vn -0.1713 0.9563 0.2369
vn 0.1728 -0.9561 -0.2365
vn -0.0979 -0.9131 0.3958
vn -0.0978 -0.9131 0.3957
vn -0.1179 0.9889 -0.0901
vn 0.1177 -0.9889 0.0908
vn -0.0760 -0.9952 0.0617
vn 0.0759 0.9952 -0.0615
vn -0.1460 0.9828 -0.1133
vn -0.1771 0.9842 0.0065
vn 0.0874 0.9919 0.0918
vn -0.1105 0.9650 -0.2380
vn 0.3609 0.9161 0.1746
vn -0.0847 -0.9925 -0.0884
vn 0.1756 -0.9845 0.0006
vn 0.1461 -0.9827 0.1137
vn -0.3599 -0.9159 -0.1775
vn 0.1127 -0.9662 0.2317
vn 0.0030 0.9846 -0.1748
vn -0.1160 0.9886 -0.0965
vn -0.0288 0.9981 -0.0550
vn 0.1159 -0.9886 0.0965
vn -0.1650 -0.9550 0.2463
vn -0.1650 -0.9550 0.2464
vn 0.1646 0.9564 -0.2413
vn 0.1646 0.9564 -0.2414
vn 0.0116 0.9793 0.2020
vn -0.0119 -0.9794 -0.2017
vn 0.0297 -0.9980 0.0556
vn 0.1430 0.9897 0.0020
vn -0.1431 -0.9897 -0.0020
vn 0.1026 -0.9213 -0.3750
vn 0.0944 -0.9311 -0.3524
vn 0.1655 -0.8214 -0.5457
vn 0.1655 -0.8215 -0.5457
vn 0.0267 -0.9861 -0.1638
vn -0.2255 -0.9586 -0.1736
vn -0.2256 -0.9586 -0.1737
vn -0.2501 0.9601 0.1247
vn -0.0567 0.9867 0.1521
vn -0.0312 0.9995 -0.0060
vn -0.2203 0.9748 -0.0349
vn 0.1634 0.9481 -0.2728
vn 0.0040 0.9489 -0.3155
vn 0.0044 0.9713 -0.2378
vn 0.1954 0.9645 -0.1775
vn 0.1599 0.9867 0.0284
vn 0.1304 0.9746 0.1822
vn -0.0728 0.9625 -0.2612
vn -0.1476 0.9563 -0.2525
vn 0.2501 -0.9602 -0.1246
vn 0.2203 -0.9748 0.0349
vn 0.0312 -0.9995 0.0060
vn 0.0568 -0.9867 -0.1521
vn -0.1634 -0.9481 0.2728
vn -0.1954 -0.9645 0.1775
vn -0.0044 -0.9713 0.2378
vn -0.0040 -0.9489 0.3155
vn -0.1598 -0.9867 -0.0284
vn -0.1303 -0.9746 -0.1822
vn 0.1476 -0.9563 0.2525
vn 0.0728 -0.9625 0.2613
s 1
f 1/1/1 2/2/2 3/3/3
f 3/3/3 4/4/4 1/1/1
f 5/5/5 1/1/1 4/4/4
f 4/4/4 6/6/6 5/5/5
f 7/7/7 5/8/5 6/9/6
f 6/9/6 8/10/8 7/7/7
f 9/11/9 7/7/7 8/10/8
f 8/10/8 10/12/10 9/11/9
f 11/13/11 9/11/9 10/12/10
f 10/12/10 12/14/12 11/13/11
f 2/2/2 11/13/11 12/14/12
f 12/14/12 3/3/3 2/2/2
f 13/15/13 2/2/2 1/1/1
f 1/1/1 14/16/14 13/15/13
f 14/16/14 1/1/1 5/5/5
f 5/5/5 15/17/15 14/16/14
f 15/18/15 5/8/5 7/7/7
f 7/7/7 16/19/16 15/18/15
f 16/19/16 7/7/7 9/11/9
f 9/11/9 17/20/17 16/19/16
f 17/20/17 9/11/9 11/13/11
f 11/13/11 18/21/18 17/20/17
f 18/21/18 11/13/11 2/2/2
f 2/2/2 13/15/13 18/21/18
f 19/22/19 20/23/20 21/24/21
f 21/24/21 22/25/22 19/22/19
f 21/24/21 23/26/23 24/27/24
f 24/27/24 22/25/22 21/24/21
f 23/28/23 25/29/25 26/30/26
f 26/30/26 24/31/24 23/28/23
f 25/29/25 27/32/27 28/33/28
f 28/33/28 26/30/26 25/29/25
f 27/32/27 29/34/29 30/35/30
f 30/35/30 28/33/28 27/32/27
f 29/34/29 20/23/20 19/22/19
f 19/22/19 30/35/30 29/34/29
f 31/36/31 32/37/32 33/38/33
f 33/38/33 34/39/34 31/36/31
f 35/40/35 31/36/31 34/39/34
f 34/39/34 36/41/36 35/40/35
f 37/42/37 35/43/35 36/44/36
f 36/44/36 38/45/38 37/42/37
f 39/46/39 37/42/37 38/45/38
f 38/45/38 40/47/40 39/46/39
f 41/48/41 39/46/39 40/47/40
f 40/47/40 42/49/42 41/48/41
f 32/37/32 41/48/41 42/49/42
f 42/49/42 33/38/33 32/37/32
f 43/50/43 44/51/44 45/52/45
f 45/52/45 46/53/46 43/50/43
f 44/51/44 47/54/47 48/55/48
f 48/55/48 45/52/45 44/51/44
f 47/56/47 49/57/49 50/58/50
f 50/58/50 48/59/48 47/56/47
f 49/57/49 51/60/51 52/61/52
f 52/61/52 50/58/50 49/57/49
f 51/60/51 53/62/53 54/63/54
f 54/63/54 52/61/52 51/60/51
f 53/62/53 43/50/43 46/53/46
f 46/53/46 54/63/54 53/62/53
f 34/39/34 33/38/33 19/22/19
f 19/22/19 22/25/22 34/39/34
f 36/41/36 34/39/34 22/25/22
f 22/25/22 24/27/24 36/41/36
f 38/45/38 36/44/36 24/31/24
f 24/31/24 26/30/26 38/45/38
f 40/47/40 38/45/38 26/30/26
f 26/30/26 28/33/28 40/47/40
f 42/49/42 40/47/40 28/33/28
f 28/33/28 30/35/30 42/49/42
f 33/38/33 42/49/42 30/35/30
f 30/35/30 19/22/19 33/38/33
f 55/64/55 32/37/32 31/36/31
f 55/65/55 31/36/31 35/40/35
f 55/64/55 35/43/35 37/42/37
f 55/64/55 37/42/37 39/46/39
f 55/64/55 39/46/39 41/48/41
f 55/64/55 41/48/41 32/37/32
f 14/16/14 44/51/44 43/50/43
f 43/50/43 13/15/13 14/16/14
f 15/17/15 47/54/47 44/51/44
f 44/51/44 14/16/14 15/17/15
f 16/19/16 49/57/49 47/56/47
f 47/56/47 15/18/15 16/19/16
f 17/20/17 51/60/51 49/57/49
f 49/57/49 16/19/16 17/20/17
f 18/21/18 53/62/53 51/60/51
f 51/60/51 17/20/17 18/21/18
f 13/15/13 43/50/43 53/62/53
f 53/62/53 18/21/18 13/15/13
f 45/52/45 21/24/21 20/23/20
f 20/23/20 46/53/46 45/52/45
f 48/55/48 23/26/23 21/24/21
f 21/24/21 45/52/45 48/55/48
f 50/58/50 25/29/25 23/28/23
f 23/28/23 48/59/48 50/58/50
f 52/61/52 27/32/27 25/29/25
f 25/29/25 50/58/50 52/61/52
f 54/63/54 29/34/29 27/32/27
f 27/32/27 52/61/52 54/63/54
f 46/53/46 20/23/20 29/34/29
f 29/34/29 54/63/54 46/53/46
s 2
f 56/66/56 57/67/57 58/68/58
f 58/68/58 59/69/58 56/66/56
s 3
f 60/70/59 61/71/60 62/72/61
f 62/72/61 63/73/62 64/74/63
f 60/70/59 62/72/61 64/74/63
f 60/70/59 64/74/63 65/75/64
f 66/76/65 67/77/66 64/74/63
f 64/74/63 63/73/62 66/76/65
f 68/78/67 66/79/65 63/80/62
f 63/80/62 62/81/61 68/78/67
f 69/82/68 68/78/67 62/81/61
f 62/81/61 61/71/60 69/82/68
f 70/83/69 69/82/68 61/71/60
f 61/71/60 60/84/59 70/83/69
f 71/85/70 70/83/69 60/84/59
f 60/84/59 65/86/64 71/85/70
f 67/77/66 71/85/70 65/86/64
f 65/86/64 64/74/63 67/77/66
f 72/87/71 73/88/72 67/77/66
f 67/77/66 66/76/65 72/87/71
f 74/89/73 72/90/71 66/79/65
f 66/79/65 68/78/67 74/89/73
f 75/91/74 74/89/73 68/78/67
f 68/78/67 69/82/68 75/91/74
f 76/92/75 75/91/74 69/82/68
f 69/82/68 70/83/69 76/92/75
f 77/93/76 76/92/75 70/83/69
f 70/83/69 71/85/70 77/93/76
f 73/88/72 77/93/76 71/85/70
f 71/85/70 67/77/66 73/88/72
f 78/94/77 79/95/78 73/88/72
f 73/88/72 72/87/71 78/94/77
f 80/96/79 78/97/77 72/90/71
f 72/90/71 74/89/73 80/96/79
f 81/98/80 80/96/79 74/89/73
f 74/89/73 75/91/74 81/98/80
f 82/99/81 81/98/80 75/91/74
f 75/91/74 76/92/75 82/99/81
f 83/100/82 82/99/81 76/92/75
f 76/92/75 77/93/76 83/100/82
f 79/95/78 83/100/82 77/93/76
f 77/93/76 73/88/72 79/95/78
f 84/101/83 85/102/84 79/95/78
f 79/95/78 78/94/77 84/101/83
f 86/103/85 84/104/83 78/97/77
f 78/97/77 80/96/79 86/103/85
f 87/105/86 86/103/85 80/96/79
f 80/96/79 81/98/80 87/105/86
f 88/106/87 87/105/86 81/98/80
f 81/98/80 82/99/81 88/106/87
f 89/107/88 88/106/87 82/99/81
f 82/99/81 83/100/82 89/107/88
f 85/102/84 89/107/88 83/100/82
f 83/100/82 79/95/78 85/102/84
f 84/101/83 86/103/85 87/105/86
f 87/105/86 85/102/84 84/101/83
f 88/106/87 89/107/88 85/102/84
f 85/102/84 87/105/86 88/106/87
s 4
f 90/108/89 91/109/90 92/110/91
f 92/110/91 93/111/92 90/108/89
s 5
f 94/112/93 95/113/93 96/114/94
f 96/114/94 97/115/95 94/112/93
s 6
f 98/116/96 99/117/97 100/118/98
f 100/118/98 101/119/96 98/116/96
s 7
f 102/120/99 103/121/99 104/122/99
f 104/122/99 105/123/99 102/120/99
s 8
f 106/124/100 107/125/101 108/126/102
f 108/126/102 109/127/103 110/128/104
f 106/124/100 108/126/102 110/128/104
f 106/124/100 110/128/104 111/129/105
f 112/130/106 113/131/107 110/128/104
f 110/128/104 109/127/103 112/130/106
f 114/132/108 112/133/106 109/134/103
f 109/134/103 108/135/102 114/132/108
f 115/136/109 114/132/108 108/135/102
f 108/135/102 107/125/101 115/136/109
f 116/137/110 115/136/109 107/125/101
f 107/125/101 106/138/100 116/137/110
f 117/139/111 116/137/110 106/138/100
f 106/138/100 111/140/105 117/139/111
f 113/131/107 117/139/111 111/140/105
f 111/140/105 110/128/104 113/131/107
f 118/141/112 119/142/113 113/131/107
f 113/131/107 112/130/106 118/141/112
f 120/143/114 118/144/112 112/133/106
f 112/133/106 114/132/108 120/143/114
f 121/145/115 120/143/114 114/132/108
f 114/132/108 115/136/109 121/145/115
f 122/146/116 121/145/115 115/136/109
f 115/136/109 116/137/110 122/146/116
f 123/147/117 122/146/116 116/137/110
f 116/137/110 117/139/111 123/147/117
f 119/142/113 123/147/117 117/139/111
f 117/139/111 113/131/107 119/142/113
f 124/148/118 125/149/119 119/142/113
f 119/142/113 118/141/112 124/148/118
f 126/150/120 124/151/118 118/144/112
f 118/144/112 120/143/114 126/150/120
f 127/152/121 126/150/120 120/143/114
f 120/143/114 121/145/115 127/152/121
f 128/153/122 127/152/121 121/145/115
f 121/145/115 122/146/116 128/153/122
f 129/154/123 128/153/122 122/146/116
f 122/146/116 123/147/117 129/154/123
f 125/149/119 129/154/123 123/147/117
f 123/147/117 119/142/113 125/149/119
f 130/155/124 131/156/125 125/149/119
f 125/149/119 124/148/118 130/155/124
f 132/157/126 130/158/124 124/151/118
f 124/151/118 126/150/120 132/157/126
f 133/159/127 132/157/126 126/150/120
f 126/150/120 127/152/121 133/159/127
f 134/160/128 133/159/127 127/152/121
f 127/152/121 128/153/122 134/160/128
f 135/161/129 134/160/128 128/153/122
f 128/153/122 129/154/123 135/161/129
f 131/156/125 135/161/129 129/154/123
f 129/154/123 125/149/119 131/156/125
f 130/155/124 132/157/126 133/159/127
f 133/159/127 131/156/125 130/155/124
f 134/160/128 135/161/129 131/156/125
f 131/156/125 133/159/127 134/160/128
s 9
f 136/162/130 137/163/131 138/164/132
f 138/164/132 139/165/132 136/162/130
s 10
f 140/166/133 141/167/134 142/168/134
f 142/168/134 143/169/135 140/166/133
s 11
f 144/170/136 145/171/137 146/172/138
f 146/172/138 147/173/139 144/170/136
s 12
f 148/174/140 149/175/141 150/176/141
f 150/176/141 151/177/142 148/174/140
s 13
f 152/178/143 153/179/144 154/180/144
f 154/180/144 155/181/145 152/178/143
s 14
f 156/182/146 157/183/147 158/184/148
f 158/184/148 159/185/148 156/182/146
s 15
f 160/186/149 161/187/150 162/188/151
f 162/188/151 163/189/152 164/190/153
f 160/186/149 162/188/151 164/190/153
f 160/186/149 164/190/153 165/191/154
f 166/192/155 167/193/156 164/190/153
f 164/190/153 163/189/152 166/192/155
f 168/194/157 166/195/155 163/196/152
f 163/196/152 162/197/151 168/194/157
f 169/198/158 168/194/157 162/197/151
f 162/197/151 161/187/150 169/198/158
f 170/199/159 169/198/158 161/187/150
f 161/187/150 160/200/149 170/199/159
f 171/201/160 170/199/159 160/200/149
f 160/200/149 165/202/154 171/201/160
f 167/193/156 171/201/160 165/202/154
f 165/202/154 164/190/153 167/193/156
f 172/203/161 173/204/162 167/193/156
f 167/193/156 166/192/155 172/203/161
f 174/205/163 172/206/161 166/195/155
f 166/195/155 168/194/157 174/205/163
f 175/207/164 174/205/163 168/194/157
f 168/194/157 169/198/158 175/207/164
f 176/208/165 175/207/164 169/198/158
f 169/198/158 170/199/159 176/208/165
f 177/209/166 176/208/165 170/199/159
f 170/199/159 171/201/160 177/209/166
f 173/204/162 177/209/166 171/201/160
f 171/201/160 167/193/156 173/204/162
f 178/210/167 179/211/168 173/204/162
f 173/204/162 172/203/161 178/210/167
f 180/212/169 178/213/167 172/206/161
f 172/206/161 174/205/163 180/212/169
f 181/214/170 180/212/169 174/205/163
f 174/205/163 175/207/164 181/214/170
f 182/215/171 181/214/170 175/207/164
f 175/207/164 176/208/165 182/215/171
f 183/216/172 182/215/171 176/208/165
f 176/208/165 177/209/166 183/216/172
f 179/211/168 183/216/172 177/209/166
f 177/209/166 173/204/162 179/211/168
f 184/217/173 185/218/174 179/211/168
f 179/211/168 178/210/167 184/217/173
f 186/219/175 184/220/173 178/213/167
f 178/213/167 180/212/169 186/219/175
f 187/221/176 186/219/175 180/212/169
f 180/212/169 181/214/170 187/221/176
f 188/222/177 187/221/176 181/214/170
f 181/214/170 182/215/171 188/222/177
f 189/223/178 188/222/177 182/215/171
f 182/215/171 183/216/172 189/223/178
f 185/218/174 189/223/178 183/216/172
f 183/216/172 179/211/168 185/218/174
f 184/217/173 186/219/175 187/221/176
f 187/221/176 185/218/174 184/217/173
f 188/222/177 189/223/178 185/218/174
f 185/218/174 187/221/176 188/222/177
s 16
f 190/224/179 191/225/179 192/226/179
f 192/226/179 193/227/180 190/224/179
s 17
f 194/228/181 195/229/181 196/230/182
f 196/230/182 197/231/183 194/228/181
s 18
f 198/232/184 199/233/185 200/234/185
f 200/234/185 201/235/186 198/232/184
s 19
f 202/236/187 203/237/187 204/238/187
f 204/238/187 205/239/187 202/236/187
s 20
f 206/240/188 207/241/188 208/242/188
f 208/242/188 209/243/188 206/240/188
s 21
f 210/244/189 211/245/190 212/246/191
f 212/246/191 213/247/192 214/248/193
f 210/244/189 212/246/191 214/248/193
f 210/244/189 214/248/193 215/249/194
f 216/250/195 217/251/196 214/248/193
f 214/248/193 213/247/192 216/250/195
f 218/252/197 216/253/195 213/254/192
f 213/254/192 212/255/191 218/252/197
f 219/256/198 218/252/197 212/255/191
f 212/255/191 211/245/190 219/256/198
f 220/257/199 219/256/198 211/245/190
f 211/245/190 210/258/189 220/257/199
f 221/259/200 220/257/199 210/258/189
f 210/258/189 215/260/194 221/259/200
f 217/251/196 221/259/200 215/260/194
f 215/260/194 214/248/193 217/251/196
f 222/261/201 223/262/202 217/251/196
f 217/251/196 216/250/195 222/261/201
f 224/263/203 222/264/201 216/253/195
f 216/253/195 218/252/197 224/263/203
f 225/265/204 224/263/203 218/252/197
f 218/252/197 219/256/198 225/265/204
f 226/266/205 225/265/204 219/256/198
f 219/256/198 220/257/199 226/266/205
f 227/267/206 226/266/205 220/257/199
f 220/257/199 221/259/200 227/267/206
f 223/262/202 227/267/206 221/259/200
f 221/259/200 217/251/196 223/262/202
f 228/268/207 229/269/208 223/262/202
f 223/262/202 222/261/201 228/268/207
f 230/270/209 228/271/207 222/264/201
f 222/264/201 224/263/203 230/270/209
f 231/272/210 230/270/209 224/263/203
f 224/263/203 225/265/204 231/272/210
f 232/273/211 231/272/210 225/265/204
f 225/265/204 226/266/205 232/273/211
f 233/274/212 232/273/211 226/266/205
f 226/266/205 227/267/206 233/274/212
f 229/269/208 233/274/212 227/267/206
f 227/267/206 223/262/202 229/269/208
f 234/275/213 235/276/214 229/269/208
f 229/269/208 228/268/207 234/275/213
f 236/277/215 234/278/213 228/271/207
f 228/271/207 230/270/209 236/277/215
f 237/279/216 236/277/215 230/270/209
f 230/270/209 231/272/210 237/279/216
f 238/280/217 237/279/216 231/272/210
f 231/272/210 232/273/211 238/280/217
f 239/281/218 238/280/217 232/273/211
f 232/273/211 233/274/212 239/281/218
f 235/276/214 239/281/218 233/274/212
f 233/274/212 229/269/208 235/276/214
f 234/275/213 236/277/215 237/279/216
f 237/279/216 235/276/214 234/275/213
f 238/280/217 239/281/218 235/276/214
f 235/276/214 237/279/216 238/280/217
s 22
f 240/282/219 241/283/219 242/284/220
f 242/284/220 243/285/220 240/282/219
s 23
f 244/286/221 245/287/222 246/288/223
f 246/288/223 247/289/224 244/286/221
s 24
f 248/290/225 249/291/226 250/292/227
f 250/292/227 251/293/228 248/290/225
s 25
f 252/294/229 253/295/230 254/296/231
f 254/296/231 255/297/232 252/294/229
s 26
f 256/298/233 257/299/234 258/300/235
f 258/300/235 259/301/236 260/302/237
f 256/298/233 258/300/235 260/302/237
f 256/298/233 260/302/237 261/303/238
f 262/304/239 263/305/240 260/302/237
f 260/302/237 259/301/236 262/304/239
f 264/306/241 262/307/239 259/308/236
f 259/308/236 258/309/235 264/306/241
f 265/310/242 264/306/241 258/309/235
f 258/309/235 257/299/234 265/310/242
f 266/311/243 265/310/242 257/299/234
f 257/299/234 256/312/233 266/311/243
f 267/313/244 266/311/243 256/312/233
f 256/312/233 261/314/238 267/313/244
f 263/305/240 267/313/244 261/314/238
f 261/314/238 260/302/237 263/305/240
f 268/315/245 269/316/246 263/305/240
f 263/305/240 262/304/239 268/315/245
f 270/317/247 268/318/245 262/307/239
f 262/307/239 264/306/241 270/317/247
f 271/319/248 270/317/247 264/306/241
f 264/306/241 265/310/242 271/319/248
f 272/320/249 271/319/248 265/310/242
f 265/310/242 266/311/243 272/320/249
f 273/321/250 272/320/249 266/311/243
f 266/311/243 267/313/244 273/321/250
f 269/316/246 273/321/250 267/313/244
f 267/313/244 263/305/240 269/316/246
f 274/322/251 275/323/252 269/316/246
f 269/316/246 268/315/245 274/322/251
f 276/324/253 274/325/251 268/318/245
f 268/318/245 270/317/247 276/324/253
f 277/326/254 276/324/253 270/317/247
f 270/317/247 271/319/248 277/326/254
f 278/327/255 277/326/254 271/319/248
f 271/319/248 272/320/249 278/327/255
f 279/328/256 278/327/255 272/320/249
f 272/320/249 273/321/250 279/328/256
f 275/323/252 279/328/256 273/321/250
f 273/321/250 269/316/246 275/323/252
f 280/329/257 281/330/258 275/323/252
f 275/323/252 274/322/251 280/329/257
f 282/331/259 280/332/257 274/325/251
f 274/325/251 276/324/253 282/331/259
f 283/333/260 282/331/259 276/324/253
f 276/324/253 277/326/254 283/333/260
f 284/334/261 283/333/260 277/326/254
f 277/326/254 278/327/255 284/334/261
f 285/335/262 284/334/261 278/327/255
f 278/327/255 279/328/256 285/335/262
f 281/330/258 285/335/262 279/328/256
f 279/328/256 275/323/252 281/330/258
f 280/329/257 282/331/259 283/333/260
f 283/333/260 281/330/258 280/329/257
f 284/334/261 285/335/262 281/330/258
f 281/330/258 283/333/260 284/334/261
s 27
f 286/336/263 287/337/264 288/338/263
f 288/338/263 289/339/263 286/336/263
s 28
f 290/340/265 291/341/266 292/342/267
f 292/342/267 293/343/268 290/340/265
s 29
f 294/344/269 295/345/270 296/346/270
f 296/346/270 297/347/271 294/344/269
s 30
f 298/348/272 299/349/273 300/350/274
f 300/350/274 301/351/275 298/348/272
s 31
f 302/352/276 303/353/277 304/354/278
f 304/354/278 305/355/278 302/352/276
s 32
f 306/356/279 307/357/280 308/358/281
f 308/358/281 309/359/282 310/360/283
f 306/356/279 308/358/281 310/360/283
f 306/356/279 310/360/283 311/361/284
f 312/362/285 313/363/286 310/360/283
f 310/360/283 309/359/282 312/362/285
f 314/364/287 312/365/285 309/366/282
f 309/366/282 308/367/281 314/364/287
f 315/368/288 314/364/287 308/367/281
f 308/367/281 307/357/280 315/368/288
f 316/369/289 315/368/288 307/357/280
f 307/357/280 306/370/279 316/369/289
f 317/371/290 316/369/289 306/370/279
f 306/370/279 311/372/284 317/371/290
f 313/363/286 317/371/290 311/372/284
f 311/372/284 310/360/283 313/363/286
f 318/373/291 319/374/292 313/363/286
f 313/363/286 312/362/285 318/373/291
f 320/375/293 318/376/291 312/365/285
f 312/365/285 314/364/287 320/375/293
f 321/377/294 320/375/293 314/364/287
f 314/364/287 315/368/288 321/377/294
f 322/378/295 321/377/294 315/368/288
f 315/368/288 316/369/289 322/378/295
f 323/379/296 322/378/295 316/369/289
f 316/369/289 317/371/290 323/379/296
f 319/374/292 323/379/296 317/371/290
f 317/371/290 313/363/286 319/374/292
f 324/380/297 325/381/298 319/374/292
f 319/374/292 318/373/291 324/380/297
f 326/382/299 324/383/297 318/376/291
f 318/376/291 320/375/293 326/382/299
f 327/384/300 326/382/299 320/375/293
f 320/375/293 321/377/294 327/384/300
f 328/385/301 327/384/300 321/377/294
f 321/377/294 322/378/295 328/385/301
f 329/386/302 328/385/301 322/378/295
f 322/378/295 323/379/296 329/386/302
f 325/381/298 329/386/302 323/379/296
f 323/379/296 319/374/292 325/381/298
f 330/387/303 331/388/304 325/381/298
f 325/381/298 324/380/297 330/387/303
f 332/389/305 330/390/303 324/383/297
f 324/383/297 326/382/299 332/389/305
f 333/391/306 332/389/305 326/382/299
f 326/382/299 327/384/300 333/391/306
f 334/392/307 333/391/306 327/384/300
f 327/384/300 328/385/301 334/392/307
f 335/393/308 334/392/307 328/385/301
f 328/385/301 329/386/302 335/393/308
f 331/388/304 335/393/308 329/386/302
f 329/386/302 325/381/298 331/388/304
f 330/387/303 332/389/305 333/391/306
f 333/391/306 331/388/304 330/387/303
f 334/392/307 335/393/308 331/388/304
f 331/388/304 333/391/306 334/392/307
s 33
f 336/394/309 337/395/310 338/396/311
f 338/396/311 339/397/312 336/394/309
s 34
f 340/398/313 341/399/314 342/400/314
f 342/400/314 343/401/315 340/398/313
s 35
f 344/402/316 345/403/317 346/404/318
f 346/404/318 347/405/319 344/402/316
s 36
f 348/406/320 349/407/320 350/408/321
f 350/408/321 351/409/322 348/406/320
s 37
f 352/410/323 353/411/324 354/412/325
f 354/412/325 355/413/326 352/410/323
s 2
f 356/414/327 357/415/328 57/67/57
f 57/67/57 358/416/327 356/414/327
s 6
f 99/117/97 359/417/329 360/418/329
f 360/418/329 100/118/98 99/117/97
s 5
f 361/419/330 362/420/330 97/115/95
f 97/115/95 96/114/94 361/419/330
s 38
f 363/421/331 364/422/332 365/423/333
f 365/423/333 366/424/334 367/425/335
f 363/421/331 365/423/333 367/425/335
f 363/421/331 367/425/335 368/426/336
f 369/427/337 370/428/338 367/425/335
f 367/425/335 366/424/334 369/427/337
f 371/429/339 369/430/337 366/431/334
f 366/431/334 365/432/333 371/429/339
f 372/433/340 371/429/339 365/432/333
f 365/432/333 364/422/332 372/433/340
f 373/434/341 372/433/340 364/422/332
f 364/422/332 363/435/331 373/434/341
f 374/436/342 373/434/341 363/435/331
f 363/435/331 368/437/336 374/436/342
f 370/428/338 374/436/342 368/437/336
f 368/437/336 367/425/335 370/428/338
f 375/438/343 376/439/344 370/428/338
f 370/428/338 369/427/337 375/438/343
f 377/440/345 375/441/343 369/430/337
f 369/430/337 371/429/339 377/440/345
f 378/442/346 377/440/345 371/429/339
f 371/429/339 372/433/340 378/442/346
f 379/443/347 378/442/346 372/433/340
f 372/433/340 373/434/341 379/443/347
f 380/444/348 379/443/347 373/434/341
f 373/434/341 374/436/342 380/444/348
f 376/439/344 380/444/348 374/436/342
f 374/436/342 370/428/338 376/439/344
f 381/445/349 382/446/350 376/439/344
f 376/439/344 375/438/343 381/445/349
f 383/447/351 381/448/349 375/441/343
f 375/441/343 377/440/345 383/447/351
f 384/449/352 383/447/351 377/440/345
f 377/440/345 378/442/346 384/449/352
f 385/450/353 384/449/352 378/442/346
f 378/442/346 379/443/347 385/450/353
f 386/451/354 385/450/353 379/443/347
f 379/443/347 380/444/348 386/451/354
f 382/446/350 386/451/354 380/444/348
f 380/444/348 376/439/344 382/446/350
f 387/452/355 388/453/356 382/446/350
f 382/446/350 381/445/349 387/452/355
f 389/454/357 387/455/355 381/448/349
f 381/448/349 383/447/351 389/454/357
f 390/456/358 389/454/357 383/447/351
f 383/447/351 384/449/352 390/456/358
f 391/457/359 390/456/358 384/449/352
f 384/449/352 385/450/353 391/457/359
f 392/458/360 391/457/359 385/450/353
f 385/450/353 386/451/354 392/458/360
f 388/453/356 392/458/360 386/451/354
f 386/451/354 382/446/350 388/453/356
f 387/452/355 389/454/357 390/456/358
f 390/456/358 388/453/356 387/452/355
f 391/457/359 392/458/360 388/453/356
f 388/453/356 390/456/358 391/457/359
s 39
f 393/459/361 394/460/361 395/461/361
f 395/461/361 396/462/361 393/459/361
s 40
f 397/463/362 398/464/363 399/465/364
f 399/465/364 400/466/365 397/463/362
s 41
f 401/467/366 402/468/367 403/469/368
f 403/469/368 404/470/366 401/467/366
s 42
f 405/471/369 406/472/370 407/473/371
f 407/473/371 408/474/372 405/471/369
s 43
f 409/475/373 410/476/374 411/477/375
f 411/477/375 412/478/375 409/475/373
s 41
f 402/468/367 413/479/376 414/480/377
f 414/480/377 403/469/368 402/468/367
s 42
f 415/481/378 416/482/379 417/483/380
f 417/483/380 406/472/370 415/481/378
s 43
f 418/484/381 419/485/382 420/486/383
f 420/486/383 410/476/374 418/484/381
s 44
f 421/487/384 422/488/385 423/489/386
f 423/489/386 424/490/387 425/491/388
f 421/487/384 423/489/386 425/491/388
f 421/487/384 425/491/388 426/492/389
f 427/493/390 428/494/391 425/491/388
f 425/491/388 424/490/387 427/493/390
f 429/495/392 427/496/390 424/497/387
f 424/497/387 423/498/386 429/495/392
f 430/499/393 429/495/392 423/498/386
f 423/498/386 422/488/385 430/499/393
f 431/500/394 430/499/393 422/488/385
f 422/488/385 421/501/384 431/500/394
f 432/502/395 431/500/394 421/501/384
f 421/501/384 426/503/389 432/502/395
f 428/494/391 432/502/395 426/503/389
f 426/503/389 425/491/388 428/494/391
f 433/504/396 434/505/397 428/494/391
f 428/494/391 427/493/390 433/504/396
f 435/506/398 433/507/396 427/496/390
f 427/496/390 429/495/392 435/506/398
f 436/508/399 435/506/398 429/495/392
f 429/495/392 430/499/393 436/508/399
f 437/509/400 436/508/399 430/499/393
f 430/499/393 431/500/394 437/509/400
f 438/510/401 437/509/400 431/500/394
f 431/500/394 432/502/395 438/510/401
f 434/505/397 438/510/401 432/502/395
f 432/502/395 428/494/391 434/505/397
f 439/511/402 440/512/403 434/505/397
f 434/505/397 433/504/396 439/511/402
f 441/513/404 439/514/402 433/507/396
f 433/507/396 435/506/398 441/513/404
f 442/515/405 441/513/404 435/506/398
f 435/506/398 436/508/399 442/515/405
f 443/516/406 442/515/405 436/508/399
f 436/508/399 437/509/400 443/516/406
f 444/517/407 443/516/406 437/509/400
f 437/509/400 438/510/401 444/517/407
f 440/512/403 444/517/407 438/510/401
f 438/510/401 434/505/397 440/512/403
f 445/518/408 446/519/409 440/512/403
f 440/512/403 439/511/402 445/518/408
f 447/520/410 445/521/408 439/514/402
f 439/514/402 441/513/404 447/520/410
f 448/522/411 447/520/410 441/513/404
f 441/513/404 442/515/405 448/522/411
f 449/523/412 448/522/411 442/515/405
f 442/515/405 443/516/406 449/523/412
f 450/524/413 449/523/412 443/516/406
f 443/516/406 444/517/407 450/524/413
f 446/519/409 450/524/413 444/517/407
f 444/517/407 440/512/403 446/519/409
f 445/518/408 447/520/410 448/522/411
f 448/522/411 446/519/409 445/518/408
f 449/523/412 450/524/413 446/519/409
f 446/519/409 448/522/411 449/523/412
s 45
f 451/525/414 452/526/415 453/527/416
f 453/527/416 454/528/417 451/525/414
f 455/529/418 456/530/419 457/531/420
f 457/531/420 458/532/421 455/529/418
f 458/532/421 457/531/420 453/527/416
f 453/527/416 459/533/422 458/532/421
f 452/526/415 460/534/423 459/533/422
f 459/533/422 453/527/416 452/526/415
f 456/530/419 461/535/424 462/536/425
f 462/536/425 457/531/420 456/530/419
f 457/531/420 462/536/425 454/528/417
f 454/528/417 453/527/416 457/531/420
s 46
f 463/537/426 464/538/427 465/539/428
f 465/539/428 466/540/429 463/537/426
f 467/541/430 468/542/431 469/543/432
f 469/543/432 470/544/433 467/541/430
f 470/544/433 469/543/432 465/539/428
f 465/539/428 471/545/434 470/544/433
f 464/538/427 472/546/435 471/545/434
f 471/545/434 465/539/428 464/538/427
f 468/542/431 473/547/436 474/548/437
f 474/548/437 469/543/432 468/542/431
f 469/543/432 474/548/437 466/540/429
f 466/540/429 465/539/428 469/543/432
s 47
f 475/549/438 476/550/439 477/551/440
f 477/551/440 478/552/441 475/549/438
f 479/553/442 480/554/443 481/555/444
f 481/555/444 482/556/445 479/553/442
f 482/556/445 481/555/444 477/551/440
f 477/551/440 483/557/446 482/556/445
f 476/550/439 484/558/447 483/557/446
f 483/557/446 477/551/440 476/550/439
f 480/554/443 485/559/448 486/560/449
f 486/560/449 481/555/444 480/554/443
f 481/555/444 486/560/449 478/552/441
f 478/552/441 477/551/440 481/555/444
s 48
f 487/561/450 488/562/451 489/563/452
f 489/563/452 490/564/453 487/561/450
f 491/565/454 492/566/455 493/567/456
f 493/567/456 494/568/457 491/565/454
f 494/568/457 493/567/456 489/563/452
f 489/563/452 495/569/458 494/568/457
f 488/562/451 496/570/459 495/569/458
f 495/569/458 489/563/452 488/562/451
f 492/566/455 497/571/460 498/572/461
f 498/572/461 493/567/456 492/566/455
f 493/567/456 498/572/461 490/564/453
f 490/564/453 489/563/452 493/567/456
s 2
f 499/573/327 358/416/327 57/67/57
f 57/67/57 56/66/56 499/573/327
f 500/574/58 58/68/58 57/67/57
f 57/67/57 357/415/328 500/574/58
s 40
f 501/575/462 502/576/463 399/465/364
f 399/465/364 503/577/464 501/575/462
f 398/464/363 504/578/465 503/577/464
f 503/577/464 399/465/364 398/464/363
f 502/576/463 505/579/466 400/466/365
f 400/466/365 399/465/364 502/576/463
s 43
f 506/580/382 418/484/381 410/476/374
f 410/476/374 409/475/373 506/580/382
f 507/581/375 411/477/375 410/476/374
f 410/476/374 420/486/383 507/581/375
s 42
f 508/582/467 415/481/378 406/472/370
f 406/472/370 405/471/369 508/582/467
f 509/583/468 407/473/371 406/472/370
f 406/472/370 417/483/380 509/583/468
s 4
f 510/584/469 511/585/470 91/109/90
f 91/109/90 90/108/89 510/584/469
f 512/586/471 513/587/472 92/110/91
f 92/110/91 91/109/90 512/586/471
f 514/588/473 512/586/471 91/109/90
f 91/109/90 511/585/470 514/588/473
s 25
f 253/295/230 515/589/474 516/590/475
f 516/590/475 254/296/231 253/295/230
f 517/591/476 518/592/477 255/297/232
f 255/297/232 254/296/231 517/591/476
f 519/593/478 517/591/476 254/296/231
f 254/296/231 516/590/475 519/593/478
s 24
f 520/594/479 521/595/480 249/291/226
f 249/291/226 248/290/225 520/594/479
f 522/596/481 523/597/482 250/292/227
f 250/292/227 249/291/226 522/596/481
f 524/598/483 522/596/481 249/291/226
f 249/291/226 521/595/480 524/598/483
s 23
f 525/599/484 526/600/485 245/287/222
f 245/287/222 244/286/221 525/599/484
f 527/601/486 528/602/487 246/288/223
f 246/288/223 245/287/222 527/601/486
f 529/603/488 527/601/486 245/287/222
f 245/287/222 526/600/485 529/603/488
s 49
f 530/604/489 531/605/490 532/606/490
f 532/606/490 533/607/491 530/604/489
s 50
f 534/608/492 535/609/493 536/610/494
f 536/610/494 537/611/495 534/608/492
s 51
f 538/612/496 539/613/497 540/614/498
f 540/614/498 541/615/496 538/612/496
s 52
f 542/616/499 543/617/499 544/618/500
f 544/618/500 545/619/501 542/616/499
s 53
f 546/620/502 547/621/502 548/622/502
f 548/622/502 549/623/502 546/620/502
s 54
f 550/624/503 551/625/504 552/626/504
f 552/626/504 553/627/505 550/624/503
s 55
f 554/628/506 555/629/506 556/630/507
f 556/630/507 557/631/508 554/628/506
s 56
f 558/632/509 559/633/510 560/634/511
f 560/634/511 561/635/512 558/632/509
s 57
f 562/636/513 563/637/514 564/638/515
f 564/638/515 565/639/516 562/636/513
s 58
f 566/640/517 567/641/517 568/642/518
f 568/642/518 569/643/519 566/640/517
s 59
f 570/644/520 571/645/521 572/646/521
f 572/646/521 573/647/522 570/644/520
s 60
f 574/648/523 575/649/523 576/650/523
f 576/650/523 577/651/523 574/648/523
s 61
f 578/652/524 579/653/525 580/654/525
f 580/654/525 581/655/526 578/652/524
s 62
f 582/656/527 583/657/528 584/658/527
f 584/658/527 585/659/527 582/656/527
s 63
f 586/660/529 587/661/529 588/662/529
f 588/662/529 589/663/529 586/660/529
s 64
f 590/664/530 591/665/531 592/666/531
f 592/666/531 593/667/530 590/664/530
s 65
f 594/668/532 595/669/533 596/670/534
f 596/670/534 597/671/535 594/668/532
s 66
f 598/672/536 599/673/537 600/674/538
f 600/674/538 601/675/539 598/672/536
s 67
f 602/676/540 603/677/541 604/678/542
f 604/678/542 605/679/543 602/676/540
s 68
f 606/680/544 607/681/544 608/682/544
f 608/682/544 609/683/544 606/680/544
s 69
f 610/684/545 611/685/546 612/686/547
f 612/686/547 613/687/548 610/684/545
s 70
f 614/688/549 615/689/549 616/690/550
f 616/690/550 617/691/551 614/688/549
s 71
f 618/692/552 619/693/553 620/694/553
f 620/694/553 621/695/554 618/692/552
s 72
f 622/696/555 623/697/556 624/698/556
f 624/698/556 625/699/557 622/696/555
s 73
f 626/700/558 627/701/559 628/702/559
f 628/702/559 629/703/560 626/700/558
s 74
f 630/704/561 631/705/561 632/706/562
f 632/706/562 633/707/563 630/704/561
s 75
f 634/708/564 635/709/565 636/710/566
f 636/710/566 637/711/567 634/708/564
s 76
f 638/712/568 639/713/569 640/714/570
f 640/714/570 641/715/571 638/712/568
s 77
f 642/716/572 643/717/573 644/718/573
f 644/718/573 645/719/574 642/716/572
s 49
f 646/720/575 647/721/575 533/607/491
f 533/607/491 648/722/576 646/720/575
s 52
f 545/619/501 544/618/500 649/723/577
f 649/723/577 650/724/577 545/619/501
s 51
f 651/725/578 540/614/498 539/613/497
f 539/613/497 652/726/578 651/725/578
s 78
f 653/727/579 654/728/579 655/729/579
f 655/729/579 656/730/580 653/727/579
s 79
f 657/731/581 658/732/582 659/733/583
f 659/733/583 660/734/584 657/731/581
s 80
f 661/735/585 662/736/585 663/737/586
f 663/737/586 664/738/587 661/735/585
s 81
f 665/739/588 666/740/589 667/741/590
f 667/741/590 668/742/591 665/739/588
s 82
f 669/743/592 670/744/593 671/745/593
f 671/745/593 672/746/594 669/743/592
s 80
f 664/738/587 663/737/586 673/747/595
f 673/747/595 674/748/596 664/738/587
s 81
f 675/749/597 668/742/591 676/750/598
f 676/750/598 677/751/599 675/749/597
s 82
f 678/752/600 672/746/594 679/753/601
f 679/753/601 680/754/602 678/752/600
s 83
f 681/755/603 682/756/604 683/757/605
f 683/757/605 684/758/606 681/755/603
f 685/759/607 686/760/608 687/761/609
f 687/761/609 688/762/610 685/759/607
f 686/760/608 689/763/611 683/757/605
f 683/757/605 687/761/609 686/760/608
f 684/758/606 683/757/605 689/763/611
f 689/763/611 690/764/612 684/758/606
f 688/762/610 687/761/609 691/765/613
f 691/765/613 692/766/614 688/762/610
f 687/761/609 683/757/605 682/756/604
f 682/756/604 691/765/613 687/761/609
s 84
f 693/767/615 694/768/616 695/769/617
f 695/769/617 696/770/618 693/767/615
f 697/771/619 698/772/620 699/773/621
f 699/773/621 700/774/622 697/771/619
f 698/772/620 701/775/623 695/769/617
f 695/769/617 699/773/621 698/772/620
f 696/770/618 695/769/617 701/775/623
f 701/775/623 702/776/624 696/770/618
f 700/774/622 699/773/621 703/777/625
f 703/777/625 704/778/626 700/774/622
f 699/773/621 695/769/617 694/768/616
f 694/768/616 703/777/625 699/773/621
s 85
f 705/779/627 706/780/628 707/781/629
f 707/781/629 708/782/630 705/779/627
f 709/783/631 710/784/632 711/785/633
f 711/785/633 712/786/634 709/783/631
f 710/784/632 713/787/635 707/781/629
f 707/781/629 711/785/633 710/784/632
f 708/782/630 707/781/629 713/787/635
f 713/787/635 714/788/636 708/782/630
f 712/786/634 711/785/633 715/789/637
f 715/789/637 716/790/638 712/786/634
f 711/785/633 707/781/629 706/780/628
f 706/780/628 715/789/637 711/785/633
s 86
f 717/791/639 718/792/640 719/793/641
f 719/793/641 720/794/642 717/791/639
f 721/795/643 722/796/644 723/797/645
f 723/797/645 724/798/646 721/795/643
f 722/796/644 725/799/647 719/793/641
f 719/793/641 723/797/645 722/796/644
f 720/794/642 719/793/641 725/799/647
f 725/799/647 726/800/648 720/794/642
f 724/798/646 723/797/645 727/801/649
f 727/801/649 728/802/650 724/798/646
f 723/797/645 719/793/641 718/792/640
f 718/792/640 727/801/649 723/797/645
s 49
f 729/803/575 530/604/489 533/607/491
f 533/607/491 647/721/575 729/803/575
f 730/804/490 648/722/576 533/607/491
f 533/607/491 532/606/490 730/804/490
s 79
f 731/805/651 732/806/652 659/733/583
f 659/733/583 733/807/653 731/805/651
f 660/734/584 659/733/583 732/806/652
f 732/806/652 734/808/654 660/734/584
f 733/807/653 659/733/583 658/732/582
f 658/732/582 735/809/655 733/807/653
s 82
f 736/810/602 669/743/592 672/746/594
f 672/746/594 678/752/600 736/810/602
f 737/811/593 679/753/601 672/746/594
f 672/746/594 671/745/593 737/811/593
s 81
f 738/812/656 665/739/588 668/742/591
f 668/742/591 675/749/597 738/812/656
f 739/813/657 676/750/598 668/742/591
f 668/742/591 667/741/590 739/813/657
s 50
f 740/814/658 534/608/492 537/611/495
f 537/611/495 741/815/659 740/814/658
f 742/816/660 537/611/495 536/610/494
f 536/610/494 743/817/661 742/816/660
f 744/818/662 741/815/659 537/611/495
f 537/611/495 742/816/660 744/818/662
s 67
f 605/679/543 604/678/542 745/819/663
f 745/819/663 746/820/664 605/679/543
f 747/821/665 604/678/542 603/677/541
f 603/677/541 748/822/666 747/821/665
f 749/823/667 745/819/663 604/678/542
f 604/678/542 747/821/665 749/823/667
s 66
f 750/824/668 598/672/536 601/675/539
f 601/675/539 751/825/669 750/824/668
f 752/826/670 601/675/539 600/674/538
f 600/674/538 753/827/671 752/826/670
f 754/828/672 751/825/669 601/675/539
f 601/675/539 752/826/670 754/828/672
s 65
f 755/829/673 594/668/532 597/671/535
f 597/671/535 756/830/674 755/829/673
f 757/831/675 597/671/535 596/670/534
f 596/670/534 758/832/676 757/831/675
f 759/833/677 756/830/674 597/671/535
f 597/671/535 757/831/675 759/833/677
s 87
f 760/834/678 761/835/679 762/836/680
f 762/836/680 763/837/681 764/838/682
f 760/834/678 762/836/680 764/838/682
f 760/834/678 764/838/682 765/839/683
f 766/840/684 767/841/685 764/838/682
f 764/838/682 763/837/681 766/840/684
f 768/842/686 766/843/684 763/844/681
f 763/844/681 762/845/680 768/842/686
f 769/846/687 768/842/686 762/845/680
f 762/845/680 761/835/679 769/846/687
f 770/847/688 769/846/687 761/835/679
f 761/835/679 760/848/678 770/847/688
f 771/849/689 770/847/688 760/848/678
f 760/848/678 765/850/683 771/849/689
f 767/841/685 771/849/689 765/850/683
f 765/850/683 764/838/682 767/841/685
f 772/851/690 773/852/691 767/841/685
f 767/841/685 766/840/684 772/851/690
f 774/853/692 772/854/690 766/843/684
f 766/843/684 768/842/686 774/853/692
f 775/855/693 774/853/692 768/842/686
f 768/842/686 769/846/687 775/855/693
f 776/856/694 775/855/693 769/846/687
f 769/846/687 770/847/688 776/856/694
f 777/857/695 776/856/694 770/847/688
f 770/847/688 771/849/689 777/857/695
f 773/852/691 777/857/695 771/849/689
f 771/849/689 767/841/685 773/852/691
f 778/858/696 779/859/697 773/852/691
f 773/852/691 772/851/690 778/858/696
f 780/860/698 778/861/696 772/854/690
f 772/854/690 774/853/692 780/860/698
f 781/862/699 780/860/698 774/853/692
f 774/853/692 775/855/693 781/862/699
f 782/863/700 781/862/699 775/855/693
f 775/855/693 776/856/694 782/863/700
f 783/864/701 782/863/700 776/856/694
f 776/856/694 777/857/695 783/864/701
f 779/859/697 783/864/701 777/857/695
f 777/857/695 773/852/691 779/859/697
f 784/865/702 785/866/703 779/859/697
f 779/859/697 778/858/696 784/865/702
f 786/867/704 784/868/702 778/861/696
f 778/861/696 780/860/698 786/867/704
f 787/869/705 786/867/704 780/860/698
f 780/860/698 781/862/699 787/869/705
f 788/870/706 787/869/705 781/862/699
f 781/862/699 782/863/700 788/870/706
f 789/871/707 788/870/706 782/863/700
f 782/863/700 783/864/701 789/871/707
f 785/866/703 789/871/707 783/864/701
f 783/864/701 779/859/697 785/866/703
f 784/865/702 786/867/704 787/869/705
f 787/869/705 785/866/703 784/865/702
f 788/870/706 789/871/707 785/866/703
f 785/866/703 787/869/705 788/870/706
s 88
f 790/872/708 791/873/709 792/874/710
f 792/874/710 793/875/711 790/872/708
s 89
f 794/876/712 795/877/713 796/878/714
f 796/878/714 797/879/715 794/876/712
s 90
f 798/880/716 799/881/717 800/882/718
f 800/882/718 801/883/719 798/880/716
s 91
f 802/884/720 803/885/721 804/886/722
f 804/886/722 805/887/723 802/884/720
s 92
f 806/888/724 807/889/725 808/890/726
f 808/890/726 809/891/727 806/888/724
s 88
f 810/892/728 811/893/729 812/894/730
f 812/894/730 791/873/709 810/892/728
s 90
f 813/895/731 814/896/732 815/897/733
f 815/897/733 816/898/734 813/895/731
s 89
f 817/899/735 818/900/736 819/901/737
f 819/901/737 820/902/738 817/899/735
s 90
f 816/898/734 815/897/733 800/882/718
f 800/882/718 821/903/739 816/898/734
s 91
f 822/904/740 823/905/741 824/906/742
f 824/906/742 825/907/743 822/904/740
f 825/907/743 824/906/742 804/886/722
f 804/886/722 826/908/744 825/907/743
s 92
f 827/909/745 828/910/746 829/911/747
f 829/911/747 808/890/726 827/909/745
s 90
f 799/881/717 830/912/748 821/903/739
f 821/903/739 800/882/718 799/881/717
f 814/896/732 831/913/749 832/914/750
f 832/914/750 815/897/733 814/896/732
f 815/897/733 832/914/750 801/883/719
f 801/883/719 800/882/718 815/897/733
s 91
f 803/885/721 833/915/751 826/908/744
f 826/908/744 804/886/722 803/885/721
f 823/905/741 834/916/751 835/917/752
f 835/917/752 824/906/742 823/905/741
f 824/906/742 835/917/752 805/887/723
f 805/887/723 804/886/722 824/906/742
s 88
f 836/918/753 810/892/728 791/873/709
f 791/873/709 790/872/708 836/918/753
f 837/919/754 792/874/710 791/873/709
f 791/873/709 812/894/730 837/919/754
s 92
f 807/889/725 838/920/755 827/909/745
f 827/909/745 808/890/726 807/889/725
f 839/921/756 809/891/727 808/890/726
f 808/890/726 829/911/747 839/921/756
s 89
f 840/922/757 841/923/758 795/877/713
f 795/877/713 794/876/712 840/922/757
f 819/901/737 842/924/759 843/925/760
f 843/925/760 820/902/738 819/901/737
f 795/877/713 820/902/738 843/925/760
f 843/925/760 796/878/714 795/877/713
f 841/923/758 817/899/735 820/902/738
f 820/902/738 795/877/713 841/923/758
s 93
f 844/926/761 845/927/762 846/928/763
f 846/928/763 847/929/764 844/926/761
s 94
f 848/930/765 849/931/766 850/932/767
f 850/932/767 851/933/768 848/930/765
s 95
f 852/934/769 853/935/770 854/936/771
f 854/936/771 855/937/772 852/934/769
s 96
f 856/938/773 857/939/774 858/940/775
f 858/940/775 859/941/776 856/938/773
s 97
f 860/942/777 861/943/778 862/944/779
f 862/944/779 863/945/780 860/942/777
s 93
f 864/946/781 847/929/764 865/947/782
f 865/947/782 866/948/783 864/946/781
s 95
f 867/949/784 868/950/785 869/951/786
f 869/951/786 870/952/787 867/949/784
s 94
f 871/953/788 872/954/789 873/955/790
f 873/955/790 874/956/791 871/953/788
s 95
f 868/950/785 875/957/792 854/936/771
f 854/936/771 869/951/786 868/950/785
s 96
f 876/958/793 877/959/794 878/960/795
f 878/960/795 879/961/796 876/958/793
f 877/959/794 880/962/797 858/940/775
f 858/940/775 878/960/795 877/959/794
s 97
f 881/963/798 862/944/779 882/964/799
f 882/964/799 883/965/800 881/963/798
s 95
f 855/937/772 854/936/771 875/957/792
f 875/957/792 884/966/801 855/937/772
f 870/952/787 869/951/786 885/967/802
f 885/967/802 886/968/803 870/952/787
f 869/951/786 854/936/771 853/935/770
f 853/935/770 885/967/802 869/951/786
s 96
f 859/941/776 858/940/775 880/962/797
f 880/962/797 887/969/804 859/941/776
f 879/961/796 878/960/795 888/970/805
f 888/970/805 889/971/804 879/961/796
f 878/960/795 858/940/775 857/939/774
f 857/939/774 888/970/805 878/960/795
s 93
f 890/972/806 844/926/761 847/929/764
f 847/929/764 864/946/781 890/972/806
f 891/973/807 865/947/782 847/929/764
f 847/929/764 846/928/763 891/973/807
s 97
f 863/945/780 862/944/779 881/963/798
f 881/963/798 892/974/808 863/945/780
f 893/975/809 882/964/799 862/944/779
f 862/944/779 861/943/778 893/975/809
s 94
f 894/976/810 848/930/765 851/933/768
f 851/933/768 895/977/811 894/976/810
f 873/955/790 872/954/789 896/978/812
f 896/978/812 897/979/813 873/955/790
f 851/933/768 850/932/767 896/978/812
f 896/978/812 872/954/789 851/933/768
f 895/977/811 851/933/768 872/954/789
f 872/954/789 871/953/788 895/977/811
s 98
f 898/980/814 899/981/815 900/982/816
f 900/982/816 901/983/817 898/980/814
f 902/984/818 903/985/819 904/986/820
f 904/986/820 899/981/815 902/984/818
f 905/987/821 902/984/818 899/981/815
f 899/981/815 898/980/814 905/987/821
f 906/988/822 900/982/816 899/981/815
f 899/981/815 904/986/820 906/988/822
s 99
f 907/989/823 908/990/824 909/991/825
f 909/991/825 910/992/826 907/989/823
f 911/993/827 910/992/826 912/994/828
f 912/994/828 913/995/829 911/993/827
f 914/996/830 907/989/823 910/992/826
f 910/992/826 911/993/827 914/996/830
f 915/997/831 912/994/828 910/992/826
f 910/992/826 909/991/825 915/997/831
s 100
f 916/998/832 917/999/833 918/1000/834
f 918/1000/834 919/1001/835 916/998/832
f 920/1002/836 921/1003/837 922/1004/838
f 922/1004/838 917/999/833 920/1002/836
f 923/1005/839 920/1002/836 917/999/833
f 917/999/833 916/998/832 923/1005/839
f 924/1006/840 918/1000/834 917/999/833
f 917/999/833 922/1004/838 924/1006/840
s 101
f 925/1007/841 926/1008/842 927/1009/843
f 927/1009/843 928/1010/844 925/1007/841
f 929/1011/845 928/1010/844 930/1012/846
f 930/1012/846 931/1013/847 929/1011/845
f 932/1014/848 925/1007/841 928/1010/844
f 928/1010/844 929/1011/845 932/1014/848
f 933/1015/849 930/1012/846 928/1010/844
f 928/1010/844 927/1009/843 933/1015/849
s 18
f 198/232/184 201/235/186 934/1016/850
f 934/1016/850 935/1017/850 198/232/184
s 17
f 197/231/183 196/230/182 936/1018/851
f 936/1018/851 937/1019/851 197/231/183
s 19
f 202/236/187 205/239/187 938/1020/187
f 938/1020/187 939/1021/852 202/236/187
s 20
f 207/241/188 206/240/188 940/1022/853
f 940/1022/853 941/1023/853 207/241/188
s 9
f 137/163/131 136/162/130 942/1024/854
f 942/1024/854 943/1025/854 137/163/131
s 10
f 140/166/133 143/169/135 944/1026/855
f 944/1026/855 945/1027/855 140/166/133
s 14
f 157/183/147 156/182/146 946/1028/856
f 946/1028/856 947/1029/856 157/183/147
s 13
f 152/178/143 155/181/145 948/1030/857
f 948/1030/857 949/1031/857 152/178/143
s 12
f 148/174/140 151/177/142 950/1032/858
f 950/1032/858 951/1033/858 148/174/140
s 11
f 147/173/139 146/172/138 952/1034/859
f 952/1034/859 953/1035/859 147/173/139
s 56
f 558/632/509 561/635/512 954/1036/860
f 954/1036/860 955/1037/860 558/632/509
s 57
f 565/639/516 564/638/515 956/1038/861
f 956/1038/861 957/1039/861 565/639/516
s 58
f 569/643/519 568/642/518 958/1040/862
f 958/1040/862 959/1041/862 569/643/519
s 59
f 960/1042/863 570/644/520 573/647/522
f 573/647/522 961/1043/863 960/1042/863
s 55
f 557/631/508 556/630/507 962/1044/864
f 962/1044/864 963/1045/864 557/631/508
s 54
f 964/1046/865 550/624/503 553/627/505
f 553/627/505 965/1047/865 964/1046/865
s 36
f 351/409/322 350/408/321 966/1048/866
f 966/1048/866 967/1049/866 351/409/322
s 37
f 355/413/326 354/412/325 968/1050/867
f 968/1050/867 969/1051/867 355/413/326
s 77
f 642/716/572 645/719/574 970/1052/868
f 970/1052/868 971/1053/868 642/716/572
s 76
f 972/1054/869 638/712/568 641/715/571
f 641/715/571 973/1055/870 972/1054/869
s 33
f 337/395/310 336/394/309 974/1056/871
f 974/1056/871 975/1057/871 337/395/310
s 73
f 976/1058/872 626/700/558 629/703/560
f 629/703/560 977/1059/872 976/1058/872
s 74
f 633/707/563 632/706/562 978/1060/873
f 978/1060/873 979/1061/873 633/707/563
s 34
f 340/398/313 343/401/315 980/1062/874
f 980/1062/874 981/1063/874 340/398/313
s 35
f 344/402/316 982/1064/875 983/1065/876
f 983/1065/876 984/1066/877 344/402/316
f 982/1064/875 344/402/316 347/405/319
f 347/405/319 985/1067/878 982/1064/875
f 345/403/317 344/402/316 984/1066/877
f 984/1066/877 986/1068/879 345/403/317
s 75
f 634/708/564 987/1069/880 988/1070/881
f 988/1070/881 989/1071/882 634/708/564
f 987/1069/880 634/708/564 637/711/567
f 637/711/567 990/1072/883 987/1069/880
f 635/709/565 634/708/564 989/1071/882
f 989/1071/882 991/1073/884 635/709/565
s 27
f 287/337/264 286/336/263 992/1074/885
f 992/1074/885 993/1075/885 287/337/264
s 28
f 290/340/265 293/343/268 994/1076/886
f 994/1076/886 995/1077/886 290/340/265
s 29
f 294/344/269 297/347/271 996/1078/887
f 996/1078/887 997/1079/887 294/344/269
s 68
f 998/1080/544 606/680/544 609/683/544
f 609/683/544 999/1081/544 998/1080/544
s 69
f 613/687/548 612/686/547 1000/1082/888
f 1000/1082/888 1001/1083/888 613/687/548
s 71
f 618/692/552 621/695/554 1002/1084/889
f 1002/1084/889 1003/1085/890 618/692/552
s 30
f 301/351/275 300/350/274 1004/1086/891
f 1004/1086/891 1005/1087/892 301/351/275
s 31
f 303/353/277 302/352/276 1006/1088/893
f 1006/1088/893 1007/1089/893 303/353/277
s 72
f 1008/1090/894 622/696/555 625/699/557
f 625/699/557 1009/1091/894 1008/1090/894
s 70
f 617/691/551 616/690/550 1010/1092/895
f 1010/1092/895 1011/1093/895 617/691/551
s 102
f 1012/1094/896 1013/1095/896 1014/1096/896
f 1014/1096/896 1015/1097/896 1012/1094/896
s 103
f 1016/1098/897 1017/1099/897 1018/1100/897
f 1018/1100/897 1019/1101/897 1016/1098/897
s 104
f 1020/1102/898 1021/1103/899 1022/1104/900
f 1022/1104/900 1023/1105/901 1020/1102/898
f 1020/1102/898 1024/1106/902 1025/1107/902
f 1025/1107/902 1021/1103/899 1020/1102/898
s 61
f 578/652/524 581/655/526 1026/1108/903
f 1026/1108/903 1027/1109/904 578/652/524
s 105
f 1028/1110/905 1029/1111/906 1030/1112/907
f 1030/1112/907 1031/1113/908 1028/1110/905
f 1032/1114/909 1033/1115/910 1034/1116/911
f 1034/1116/911 1035/1117/912 1032/1114/909
f 1035/1117/912 1034/1116/911 1030/1112/907
f 1030/1112/907 1036/1118/913 1035/1117/912
f 1029/1111/906 1037/1119/914 1036/1118/913
f 1036/1118/913 1030/1112/907 1029/1111/906
f 1033/1115/910 1038/1120/915 1039/1121/916
f 1039/1121/916 1034/1116/911 1033/1115/910
f 1034/1116/911 1039/1121/916 1031/1113/908
f 1031/1113/908 1030/1112/907 1034/1116/911
s 106
f 1040/1122/917 1041/1123/918 1042/1124/919
f 1042/1124/919 1043/1125/920 1040/1122/917
f 1044/1126/921 1045/1127/922 1046/1128/923
f 1046/1128/923 1047/1129/924 1044/1126/921
f 1045/1127/922 1048/1130/925 1042/1124/919
f 1042/1124/919 1046/1128/923 1045/1127/922
f 1043/1125/920 1042/1124/919 1048/1130/925
f 1048/1130/925 1049/1131/926 1043/1125/920
f 1047/1129/924 1046/1128/923 1050/1132/927
f 1050/1132/927 1051/1133/928 1047/1129/924
f 1046/1128/923 1042/1124/919 1041/1123/918
f 1041/1123/918 1050/1132/927 1046/1128/923
