# Blender v3.3.0 OBJ File: ''
# www.blender.org
o PlantTomatoStageDead.005
v -0.044668 0.040463 0.038617
v -0.049194 0.019653 0.028910
v -0.068103 0.019653 0.049545
v -0.058038 0.040463 0.053209
v -0.066882 0.019653 0.077507
v -0.057175 0.040463 0.072981
v -0.046247 0.019653 0.096416
v -0.042583 0.040463 0.086351
v -0.018285 0.019653 0.095195
v -0.022812 0.040463 0.085488
v 0.000624 0.019653 0.074560
v -0.009441 0.040463 0.070896
v -0.000597 0.019653 0.046598
v -0.010304 0.040463 0.051124
v -0.021232 0.019653 0.027689
v -0.024896 0.040463 0.037754
v -0.044668 0.006246 0.038617
v -0.058038 0.006246 0.053209
v -0.057175 0.006246 0.072981
v -0.042583 0.006246 0.086351
v -0.022812 0.006246 0.085488
v -0.009441 0.006246 0.070896
v -0.010304 0.006246 0.051124
v -0.024896 0.006246 0.037754
v -0.033740 -0.002374 0.062052
v -0.035285 0.048785 0.061490
v -0.034434 0.048785 0.060562
v -0.035230 0.048785 0.062747
v -0.034302 0.048785 0.063598
v -0.033045 0.048785 0.063543
v -0.032195 0.048785 0.062615
v -0.032249 0.048785 0.061358
v -0.033177 0.048785 0.060507
v -0.032372 0.062637 0.064984
v -0.033258 0.062414 0.065836
v -0.033289 0.061876 0.066909
v -0.032447 0.061338 0.067576
v -0.031225 0.061114 0.067445
v -0.030340 0.061338 0.066593
v -0.030309 0.061876 0.065519
v -0.031151 0.062414 0.064853
v -0.028088 0.074609 0.074171
v -0.028984 0.074407 0.075003
v -0.029037 0.073919 0.076028
v -0.028217 0.073428 0.076646
v -0.027005 0.073225 0.076496
v -0.026110 0.073428 0.075664
v -0.026057 0.073919 0.074638
v -0.026876 0.074407 0.074020
v 0.017152 0.058361 0.058782
v 0.016934 0.058277 0.059020
v 0.018100 0.058277 0.058340
v 0.017510 0.058277 0.057799
v -0.002476 0.024025 0.016691
v -0.005358 0.010777 0.010511
v -0.017395 0.010777 0.023648
v -0.010988 0.024025 0.025980
v -0.016618 0.010777 0.041448
v -0.010438 0.024025 0.038567
v -0.003481 0.010777 0.053486
v -0.001149 0.024025 0.047079
v 0.014319 0.010777 0.052709
v 0.011438 0.024025 0.046529
v 0.026357 0.010777 0.039572
v 0.019949 0.024025 0.037240
v 0.025580 0.010777 0.021771
v 0.019400 0.024025 0.024653
v 0.012443 0.010777 0.009734
v 0.010111 0.024025 0.016141
v -0.002476 0.000793 0.016691
v -0.010988 0.000793 0.025980
v -0.010438 0.000793 0.038567
v -0.001149 0.000793 0.047079
v 0.011438 0.000793 0.046529
v 0.019949 0.000793 0.037240
v 0.019400 0.000793 0.024653
v 0.010111 0.000793 0.016141
v 0.004481 -0.002617 0.031610
v 0.004263 0.029323 0.031848
v 0.005429 0.029323 0.031168
v 0.004839 0.029323 0.030626
v 0.006665 0.037656 0.033817
v 0.005489 0.037599 0.034478
v 0.006129 0.037999 0.033393
v 0.008194 0.045270 0.040278
v 0.009372 0.045323 0.039622
v 0.008850 0.045634 0.039229
v 0.005321 0.030125 0.031694
v 0.030515 0.021920 0.036136
v 0.008781 0.021920 0.005097
v 0.004338 0.030125 0.030290
v -0.022259 0.021920 0.026831
v 0.002935 0.030125 0.031273
v -0.000525 0.021920 0.057870
v 0.003918 0.030125 0.032676
v -0.030484 0.052631 0.064251
v 0.013966 0.035895 0.072088
v -0.024380 0.035895 0.017325
v -0.032217 0.052631 0.061774
v -0.079143 0.035895 0.055671
v -0.034693 0.052631 0.063508
v -0.040797 0.035895 0.110434
v -0.032960 0.052631 0.065984
v -0.064377 0.045153 -0.068061
v -0.050306 0.027570 -0.075763
v -0.075217 0.019152 -0.086654
v -0.081992 0.039200 -0.075763
v -0.100128 0.010734 -0.075763
v -0.099607 0.033248 -0.068061
v -0.110447 0.007247 -0.049468
v -0.106903 0.030782 -0.049468
v -0.100128 0.010734 -0.023173
v -0.099607 0.033248 -0.030874
v -0.075217 0.019152 -0.012281
v -0.081992 0.039200 -0.023173
v -0.050306 0.027570 -0.023173
v -0.064377 0.045153 -0.030874
v -0.039988 0.031057 -0.049468
v -0.057081 0.047618 -0.049468
v -0.050828 0.005056 -0.068061
v -0.068442 -0.000896 -0.075763
v -0.086057 -0.006849 -0.068061
v -0.093353 -0.009314 -0.049468
v -0.086057 -0.006849 -0.030874
v -0.068442 -0.000896 -0.023173
v -0.050828 0.005056 -0.030874
v -0.043532 0.007522 -0.049468
v -0.065636 -0.009200 -0.049468
v -0.084701 0.047217 -0.051140
v -0.083581 0.047596 -0.050650
v -0.085821 0.046839 -0.050650
v -0.086285 0.046682 -0.049468
v -0.085821 0.046839 -0.048285
v -0.084701 0.047217 -0.047796
v -0.083581 0.047596 -0.048285
v -0.083117 0.047753 -0.049468
v -0.091415 0.059818 -0.047142
v -0.092405 0.059244 -0.047692
v -0.093211 0.058393 -0.047348
v -0.093362 0.057765 -0.046312
v -0.092768 0.057726 -0.045190
v -0.091778 0.058300 -0.044640
v -0.090971 0.059150 -0.044984
v -0.090821 0.059779 -0.046020
v -0.102217 0.066347 -0.041425
v -0.103199 0.065799 -0.041991
v -0.103986 0.065008 -0.041686
v -0.104116 0.064438 -0.040687
v -0.103514 0.064423 -0.039581
v -0.102532 0.064973 -0.039015
v -0.101746 0.065765 -0.039321
v -0.101615 0.066334 -0.040319
v -0.085421 0.051002 -0.047379
v -0.040550 0.047928 -0.040057
v -0.074488 0.036459 -0.091217
v -0.086955 0.050483 -0.049692
v -0.122955 0.020081 -0.055394
v -0.089147 0.049743 -0.048072
v -0.089018 0.031549 -0.004234
v -0.087612 0.050261 -0.045759
v 0.077645 0.099422 -0.066637
v 0.077157 0.099214 -0.064787
v 0.078557 0.099354 -0.064978
v 0.079416 0.099439 -0.066141
v 0.079232 0.099421 -0.067595
v 0.078112 0.099309 -0.068487
v 0.076712 0.099170 -0.068296
v 0.075852 0.099085 -0.067133
v 0.076036 0.099103 -0.065679
v 0.054243 0.040282 0.001905
v 0.049814 0.020307 0.013956
v 0.080949 0.023405 0.009701
v 0.076259 0.042473 -0.001104
v 0.100067 0.025308 -0.016164
v 0.089777 0.043818 -0.019393
v 0.095968 0.024900 -0.048487
v 0.086879 0.043530 -0.042249
v 0.071053 0.022421 -0.068334
v 0.069261 0.041777 -0.056283
v 0.039918 0.019323 -0.064078
v 0.047245 0.039586 -0.053274
v 0.020800 0.017420 -0.038214
v 0.033727 0.038241 -0.034985
v 0.024899 0.017828 -0.005891
v 0.036626 0.038530 -0.012129
v 0.051606 0.000951 0.001905
v 0.073622 0.003142 -0.001104
v 0.087140 0.004487 -0.019393
v 0.084242 0.004199 -0.042249
v 0.066624 0.002446 -0.056283
v 0.044608 0.000255 -0.053274
v 0.031090 -0.001090 -0.034985
v 0.033988 -0.000802 -0.012129
v 0.058569 -0.006447 -0.027189
v 0.064655 0.050957 -0.025530
v 0.063255 0.050818 -0.025339
v 0.065514 0.051043 -0.026693
v 0.065330 0.051025 -0.028147
v 0.064210 0.050913 -0.029039
v 0.062810 0.050774 -0.028848
v 0.061950 0.050688 -0.027685
v 0.062134 0.050707 -0.026231
v 0.064159 0.063008 -0.030829
v 0.065516 0.062873 -0.030925
v 0.066273 0.062297 -0.031860
v 0.065986 0.061618 -0.033085
v 0.064823 0.061232 -0.033883
v 0.063466 0.061367 -0.033786
v 0.062709 0.061943 -0.032851
v 0.062996 0.062622 -0.031626
v 0.068080 0.077875 -0.042234
v 0.069433 0.077766 -0.042306
v 0.070178 0.077249 -0.043180
v 0.069879 0.076626 -0.044346
v 0.068712 0.076264 -0.045119
v 0.067359 0.076375 -0.045047
v 0.066614 0.076894 -0.044172
v 0.066913 0.077515 -0.043007
v 0.064814 0.053361 -0.025459
v 0.101491 0.048155 -0.019123
v 0.070660 0.044923 -0.063395
v 0.063420 0.053215 -0.027461
v 0.026629 0.040307 -0.032395
v 0.061429 0.053007 -0.026059
v 0.057460 0.043539 0.011877
v 0.062823 0.053153 -0.024058
v -0.004548 -0.000178 0.008537
v -0.009421 -0.000178 0.000096
v -0.004548 -0.000178 -0.008344
v 0.005198 -0.000178 -0.008344
v 0.010072 -0.000178 0.000096
v 0.005198 -0.000178 0.008537
v 0.003719 0.151317 -0.005782
v 0.007113 0.151317 0.000096
v -0.003069 0.151317 -0.005782
v -0.006463 0.151317 0.000096
v -0.003069 0.151317 0.005975
v 0.003719 0.151317 0.005975
v 0.011853 0.220113 0.000096
v 0.009053 0.220113 -0.004753
v 0.003453 0.220113 -0.004753
v 0.000653 0.220113 0.000096
v 0.003453 0.220113 0.004946
v 0.009053 0.220113 0.004946
v 0.032317 0.450717 0.023370
v 0.032177 0.334595 0.000147
v 0.029037 0.334416 -0.005295
v 0.030398 0.453579 0.019451
v 0.025731 0.455864 0.019930
v 0.022752 0.334274 -0.005293
v 0.022982 0.455286 0.024328
v 0.019609 0.334310 0.000150
v 0.024901 0.452424 0.028247
v 0.022750 0.334488 0.005592
v 0.029568 0.450140 0.027768
v 0.029034 0.334631 0.005590
v 0.095186 0.519593 0.079081
v 0.094795 0.526302 0.075445
v 0.090093 0.528181 0.079709
v 0.085378 0.530304 0.083841
v 0.085769 0.523594 0.087477
v 0.090673 0.518239 0.085097
v 0.029019 0.281762 0.000096
v 0.025903 0.281762 -0.005300
v 0.032941 0.305391 -0.007765
v 0.037480 0.305391 0.000096
v 0.019672 0.281762 -0.005300
v 0.023863 0.305391 -0.007765
v 0.016556 0.281762 0.000096
v 0.019324 0.305391 0.000097
v 0.019672 0.281762 0.005493
v 0.023863 0.305391 0.007958
v 0.025903 0.281762 0.005493
v 0.032941 0.305391 0.007958
v 0.127401 0.539152 0.110649
v 0.126879 0.534989 0.112110
v 0.125145 0.542474 0.112550
v 0.122366 0.541634 0.115913
v 0.121844 0.537471 0.117375
v 0.124100 0.534149 0.115473
v 0.014379 0.251384 -0.004452
v 0.017005 0.251384 0.000096
v 0.009127 0.251384 -0.004452
v 0.006502 0.251384 0.000096
v 0.009127 0.251384 0.004645
v 0.014379 0.251384 0.004645
v 0.125570 0.538939 0.114355
v 0.021146 0.348487 0.005067
v 0.022598 0.349922 0.001487
v 0.025357 0.348137 -0.000998
v 0.026587 0.344922 0.000096
v 0.025133 0.343519 0.003675
v 0.022451 0.345301 0.006161
v 0.067166 0.352929 0.026975
v 0.065464 0.352041 0.029865
v 0.066953 0.355835 0.026275
v 0.064982 0.357850 0.028466
v 0.063269 0.356940 0.031357
v 0.063538 0.354038 0.032056
v 0.111133 0.346349 0.054797
v 0.109258 0.345976 0.057274
v 0.111776 0.348861 0.054375
v 0.110500 0.351011 0.056429
v 0.108606 0.350625 0.058905
v 0.108006 0.348103 0.059327
v 0.148022 0.320065 0.083276
v 0.146204 0.320186 0.085377
v 0.149310 0.321945 0.083084
v 0.148752 0.323966 0.084993
v 0.146914 0.324087 0.087093
v 0.145654 0.322187 0.087285
v 0.168824 0.279768 0.111949
v 0.167227 0.280311 0.112847
v 0.170261 0.280138 0.112804
v 0.170097 0.281067 0.114557
v 0.168492 0.281619 0.115454
v 0.167059 0.281232 0.114599
v 0.192925 0.235361 0.064427
v 0.174286 0.268671 0.012285
v 0.131856 0.335105 0.059923
v 0.163714 0.309443 0.112065
v 0.046948 0.359778 0.124157
v 0.097905 0.339623 0.160944
v 0.151092 0.319148 0.091938
v 0.104274 0.354610 0.055151
v 0.174521 0.253503 0.197624
v 0.201730 0.206640 0.162142
v 0.188970 0.261140 0.091851
v 0.148926 0.300193 0.127333
v 0.192812 0.235319 0.064427
v 0.163625 0.309362 0.112065
v 0.131785 0.335008 0.059923
v 0.174184 0.268608 0.012285
v 0.046925 0.359661 0.124157
v 0.104219 0.354503 0.055151
v 0.151010 0.319060 0.091938
v 0.097850 0.339516 0.160944
v 0.174415 0.253448 0.197624
v 0.148838 0.300110 0.127333
v 0.188864 0.261084 0.091851
v 0.201612 0.206615 0.162142
v 0.030123 0.292663 0.001817
v 0.025788 0.294799 0.002637
v 0.021368 0.292711 0.002613
v 0.021306 0.288486 0.001836
v 0.025647 0.286360 0.001032
v 0.030044 0.288449 0.000989
v 0.018328 0.278551 -0.052555
v 0.022288 0.277079 -0.052499
v 0.017956 0.282072 -0.053453
v 0.021557 0.284132 -0.054258
v 0.025519 0.282655 -0.054197
v 0.025877 0.279123 -0.053336
v 0.018118 0.247197 -0.099273
v 0.021618 0.246517 -0.098759
v 0.017494 0.249496 -0.101224
v 0.020377 0.251135 -0.102641
v 0.023881 0.250461 -0.102114
v 0.024498 0.248143 -0.100184
v 0.025511 0.199121 -0.121675
v 0.028517 0.199097 -0.121093
v 0.024849 0.200154 -0.123979
v 0.027195 0.201183 -0.125694
v 0.030204 0.201176 -0.125103
v 0.030863 0.200123 -0.122807
v 0.042303 0.152060 -0.114323
v 0.043984 0.152719 -0.113715
v 0.042643 0.151478 -0.115926
v 0.044664 0.151570 -0.116925
v 0.046344 0.152251 -0.116320
v 0.046005 0.152817 -0.114714
v 0.019973 0.294944 -0.061287
v -0.049488 0.294026 -0.062169
v -0.043942 0.226058 -0.096316
v 0.024022 0.233106 -0.099641
v 0.012453 0.224162 -0.104223
v -0.031487 0.204627 -0.101349
v -0.011244 0.174968 -0.119685
v 0.031184 0.196134 -0.126813
v 0.026394 0.289336 -0.021335
v 0.024795 0.254187 -0.082098
v 0.069667 0.257624 -0.087393
v 0.071638 0.288525 -0.025584
v 0.011094 0.139168 -0.105157
v 0.044444 0.111236 -0.100170
v 0.072506 0.123736 -0.115291
v 0.040365 0.154343 -0.116879
v 0.071804 0.166744 -0.113080
v 0.102722 0.137176 -0.114934
v 0.049327 0.172708 -0.127701
v 0.008075 0.152803 -0.117264
v 0.107133 0.110654 -0.089698
v 0.079458 0.103284 -0.073491
v 0.136660 0.121251 -0.091280
v 0.128945 0.246021 -0.082092
v 0.128972 0.267958 -0.025752
v -0.041926 0.147921 -0.076076
v -0.064345 0.171373 -0.063862
v -0.021392 0.132125 -0.070240
v -0.074318 0.215187 -0.074884
v -0.081605 0.279947 -0.045636
v 0.019864 0.295682 -0.061593
v 0.023829 0.233671 -0.100183
v -0.044156 0.226553 -0.096916
v -0.049625 0.294722 -0.062554
v 0.012246 0.224679 -0.104807
v 0.030945 0.196511 -0.127485
v -0.011499 0.175235 -0.120402
v -0.031718 0.205045 -0.101998
v 0.026338 0.290126 -0.021493
v 0.071599 0.289323 -0.025693
v 0.069523 0.258308 -0.087796
v 0.024637 0.254842 -0.082543
v 0.010825 0.139257 -0.105912
v 0.040102 0.154529 -0.117619
v 0.072236 0.123718 -0.116051
v 0.044177 0.111121 -0.100923
v 0.071552 0.167034 -0.113789
v 0.102454 0.137267 -0.115689
v 0.049073 0.172987 -0.128415
v 0.007810 0.152964 -0.118009
v 0.106869 0.110485 -0.090441
v 0.079202 0.103021 -0.074209
v 0.136390 0.121191 -0.092038
v 0.128964 0.268764 -0.025775
v 0.128829 0.246749 -0.082420
v -0.042191 0.148080 -0.076822
v -0.064594 0.171693 -0.064561
v -0.021662 0.132175 -0.070999
v -0.074534 0.215671 -0.075492
v -0.081746 0.280636 -0.046031
v -0.000731 0.191841 -0.000944
v 0.003067 0.193397 0.000798
v 0.005418 0.191812 0.004253
v 0.004015 0.188647 0.005918
v 0.000266 0.187062 0.004123
v -0.002129 0.188671 0.000716
v -0.027414 0.201407 0.044367
v -0.030683 0.199459 0.042031
v -0.026998 0.205218 0.043814
v -0.029857 0.207083 0.040931
v -0.033167 0.205134 0.038640
v -0.033577 0.201321 0.039187
v -0.063546 0.189929 0.085942
v -0.065669 0.188398 0.083563
v -0.064158 0.192839 0.086561
v -0.066896 0.194214 0.084805
v -0.069034 0.192672 0.082443
v -0.068419 0.189764 0.081820
v -0.090349 0.148750 0.117918
v -0.091786 0.147765 0.115456
v -0.091599 0.150522 0.119267
v -0.094288 0.151306 0.118155
v -0.095729 0.150315 0.115696
v -0.094477 0.148546 0.114345
v -0.097238 0.092356 0.128238
v -0.097717 0.092643 0.125955
v -0.098941 0.091624 0.129384
v -0.101124 0.091185 0.128245
v -0.101604 0.091500 0.125963
v -0.099902 0.092225 0.124818
v -0.051977 0.201057 0.067103
v -0.016083 0.199272 0.094469
v 0.005705 0.208457 0.068653
v -0.029833 0.211078 0.040895
v -0.035259 0.204423 0.043914
v -0.068912 0.202977 0.016311
v -0.088316 0.187287 0.039517
v -0.054938 0.189179 0.067421
v -0.093052 0.082038 0.130412
v -0.102036 0.121308 0.118138
v -0.163335 0.084376 0.056911
v -0.148161 0.049263 0.062394
v -0.030556 0.169639 0.112342
v 0.011340 0.163604 0.139545
v 0.024886 0.191639 0.122688
v -0.045767 0.196492 -0.011071
v -0.084278 0.181795 -0.044210
v -0.105296 0.188259 -0.019161
v -0.096833 0.141861 0.096757
v -0.162100 0.106128 0.039883
v -0.066536 0.170612 0.085070
v 0.045403 0.199518 0.098266
v -0.012079 0.197366 0.016494
v -0.122515 0.173330 0.001648
v -0.051942 0.200949 0.067063
v -0.029814 0.210961 0.040874
v 0.005723 0.208340 0.068633
v -0.016049 0.199163 0.094431
v -0.035236 0.204307 0.043889
v -0.054899 0.189074 0.067378
v -0.088276 0.187183 0.039473
v -0.068888 0.202862 0.016285
v -0.092972 0.082017 0.130325
v -0.148080 0.049269 0.062306
v -0.163256 0.084352 0.056823
v -0.101963 0.121258 0.118057
v -0.030505 0.169545 0.112287
v 0.024920 0.191529 0.122652
v 0.011389 0.163508 0.139491
v -0.045761 0.196372 -0.011077
v -0.105270 0.188145 -0.019189
v -0.084270 0.181675 -0.044218
v -0.162025 0.106083 0.039800
v -0.096766 0.141793 0.096684
v -0.066484 0.170520 0.085013
v 0.045420 0.199401 0.098249
v -0.012075 0.197246 0.016489
v -0.122474 0.173227 0.001603
v 0.026963 0.353181 0.006730
v 0.024341 0.354841 0.006614
v 0.022533 0.355464 0.004156
v 0.023319 0.354393 0.001832
v 0.025908 0.352695 0.001968
v 0.027745 0.352105 0.004407
v 0.044547 0.377193 -0.015647
v 0.046803 0.375073 -0.015341
v 0.044442 0.379076 -0.013716
v 0.046596 0.378842 -0.011482
v 0.048880 0.376739 -0.011203
v 0.048981 0.374854 -0.013131
v 0.067884 0.387824 -0.045293
v 0.069364 0.385935 -0.044730
v 0.068418 0.389686 -0.044442
v 0.070433 0.389659 -0.043031
v 0.071922 0.387772 -0.042482
v 0.071387 0.385909 -0.043330
v 0.083728 0.378112 -0.081662
v 0.084758 0.376502 -0.080787
v 0.084633 0.379642 -0.081725
v 0.086569 0.379562 -0.080916
v 0.087601 0.377950 -0.080047
v 0.086695 0.376420 -0.079981
v 0.085727 0.351151 -0.111451
v 0.086142 0.350336 -0.110093
v 0.086844 0.351202 -0.112479
v 0.088375 0.350442 -0.112145
v 0.088792 0.349643 -0.110775
v 0.087675 0.349588 -0.109750
v 0.060906 0.386207 -0.029608
v 0.035066 0.397385 -0.043671
v 0.021115 0.391912 -0.024428
v 0.046756 0.381038 -0.009779
v 0.050142 0.378541 -0.014524
v 0.074291 0.365513 -0.001577
v 0.086379 0.366322 -0.021994
v 0.062432 0.379720 -0.034934
v 0.082301 0.346429 -0.116784
v 0.090636 0.362824 -0.093925
v 0.133450 0.315482 -0.078725
v 0.121203 0.298619 -0.095766
v 0.086470 0.353772 -0.111113
v 0.093372 0.326638 -0.127392
v 0.074349 0.329607 -0.141447
v 0.068828 0.357455 -0.126735
v 0.043278 0.388303 -0.066757
v 0.013088 0.397158 -0.082214
v 0.005418 0.405770 -0.060408
v 0.058758 0.350728 0.012004
v 0.085867 0.327946 0.022188
v 0.099992 0.341768 0.009996
v 0.105012 0.318832 -0.106772
v 0.099236 0.285502 -0.106561
v 0.086020 0.291125 -0.126607
v 0.096886 0.343004 -0.091169
v 0.065969 0.294871 -0.138335
v 0.088570 0.365244 -0.073190
v 0.134061 0.320340 -0.060093
v 0.069140 0.376715 -0.053093
v -0.007749 0.400143 -0.042551
v 0.034561 0.363424 -0.001160
v 0.110669 0.342020 -0.008665
v 0.060878 0.386132 -0.029630
v 0.046738 0.380965 -0.009816
v 0.021098 0.391839 -0.024465
v 0.035038 0.397309 -0.043694
v 0.050122 0.378467 -0.014558
v 0.062401 0.379644 -0.034952
v 0.086348 0.366246 -0.022011
v 0.074270 0.365439 -0.001610
v 0.082247 0.346382 -0.116740
v 0.121150 0.298586 -0.095711
v 0.133396 0.315433 -0.078683
v 0.090585 0.362763 -0.093898
v 0.086417 0.353720 -0.111074
v 0.068775 0.357407 -0.126692
v 0.074296 0.329578 -0.141389
v 0.093318 0.326604 -0.127338
v 0.043241 0.388228 -0.066763
v 0.005391 0.405694 -0.060433
v 0.013051 0.397083 -0.082222
v 0.058749 0.350660 0.011957
v 0.099970 0.341693 0.009964
v 0.085857 0.327876 0.022143
v 0.104958 0.318793 -0.106721
v 0.085971 0.291113 -0.126539
v 0.099185 0.285485 -0.106496
v 0.096834 0.342948 -0.091135
v 0.065923 0.294865 -0.138266
v 0.134010 0.320282 -0.060063
v 0.088523 0.365176 -0.073175
v 0.069101 0.376641 -0.053098
v -0.007765 0.400070 -0.042590
v 0.034553 0.363356 -0.001208
v 0.110637 0.341944 -0.008681
v 0.075444 0.509512 0.076201
v 0.077001 0.511004 0.073468
v 0.079529 0.509646 0.071186
v 0.080460 0.506806 0.071588
v 0.078815 0.505302 0.074213
v 0.076326 0.506649 0.076543
v 0.110665 0.507133 0.090884
v 0.108416 0.505143 0.092847
v 0.110962 0.510093 0.091830
v 0.109060 0.511037 0.094801
v 0.106876 0.508987 0.096844
v 0.106528 0.506053 0.095837
v 0.138620 0.479121 0.106627
v 0.135575 0.477382 0.107694
v 0.140069 0.480810 0.108820
v 0.138502 0.480688 0.112114
v 0.135477 0.478859 0.113205
v 0.133999 0.477242 0.110978
v 0.147174 0.435324 0.097807
v 0.143604 0.434742 0.098315
v 0.148967 0.434728 0.100236
v 0.147179 0.433467 0.103160
v 0.143590 0.432824 0.103646
v 0.141808 0.433502 0.101230
v 0.136677 0.409061 0.064988
v 0.133766 0.410714 0.066133
v 0.136466 0.405883 0.065201
v 0.133317 0.404376 0.066524
v 0.130468 0.406082 0.067747
v 0.130706 0.409243 0.067568
v 0.145986 0.434525 0.102038
v 0.171406 0.433614 0.072355
v 0.175783 0.459763 0.074514
v 0.149798 0.463326 0.103494
v 0.125216 0.486642 0.103541
v 0.113620 0.504891 0.099286
v 0.091904 0.498024 0.126997
v 0.101802 0.477788 0.129141
v 0.135726 0.415809 0.084734
v 0.094897 0.407195 0.089251
v 0.095010 0.408714 0.062041
v 0.135141 0.408248 0.056656
v 0.127224 0.436314 0.099024
v 0.089572 0.422981 0.107490
v 0.061751 0.414289 0.091964
v 0.065566 0.421820 0.069357
v 0.056478 0.424875 0.110268
v 0.088924 0.511630 0.082808
v 0.067681 0.509675 0.111108
v 0.060449 0.484354 0.150967
v 0.067599 0.465433 0.149694
v 0.039126 0.498003 0.138683
v 0.133835 0.406710 0.090552
v 0.159413 0.408885 0.061065
v 0.196143 0.433338 0.043601
v 0.200919 0.456898 0.046257
v 0.184458 0.411513 0.032694
v 0.145916 0.434566 0.101950
v 0.149722 0.463321 0.103400
v 0.175707 0.459764 0.074420
v 0.171337 0.433661 0.072268
v 0.125147 0.486592 0.103455
v 0.101729 0.477756 0.129051
v 0.091842 0.497956 0.126919
v 0.113566 0.504808 0.099218
v 0.135669 0.415889 0.084663
v 0.135105 0.408354 0.056612
v 0.095000 0.408833 0.062028
v 0.094862 0.407301 0.089207
v 0.127155 0.436361 0.098938
v 0.089517 0.423064 0.107422
v 0.061736 0.414407 0.091945
v 0.065578 0.421939 0.069371
v 0.056440 0.424980 0.110222
v 0.067644 0.509570 0.111062
v 0.088898 0.511517 0.082775
v 0.060381 0.484305 0.150881
v 0.067524 0.465421 0.149601
v 0.039078 0.497911 0.138623
v 0.133782 0.406795 0.090485
v 0.159362 0.408974 0.061002
v 0.196075 0.433390 0.043517
v 0.200844 0.456904 0.046164
v 0.184410 0.411606 0.032635
v 0.024134 0.402859 0.013949
v 0.024636 0.404497 0.018173
v 0.021669 0.404278 0.021627
v 0.018240 0.402363 0.020882
v 0.017771 0.400672 0.016682
v 0.020697 0.400948 0.013201
v -0.022621 0.428417 0.005980
v -0.022531 0.426444 0.002731
v -0.021501 0.431501 0.005799
v -0.020292 0.432612 0.002369
v -0.020224 0.430645 -0.000886
v -0.021343 0.427560 -0.000705
v -0.072379 0.420322 0.000652
v -0.071616 0.418538 -0.002147
v -0.073525 0.422946 0.000174
v -0.073916 0.423784 -0.003103
v -0.073154 0.422001 -0.005903
v -0.072001 0.419379 -0.005424
v -0.095549 0.382319 0.007759
v -0.094421 0.381047 0.005086
v -0.097932 0.383486 0.007531
v -0.099193 0.383374 0.004632
v -0.098059 0.382115 0.001956
v -0.095670 0.380957 0.002182
v -0.077973 0.349629 0.017230
v -0.076961 0.349315 0.015090
v -0.079482 0.348794 0.017020
v -0.079982 0.347646 0.014671
v -0.078984 0.347379 0.012513
v -0.077472 0.348213 0.012723
v -0.075127 0.406935 -0.000514
v -0.074876 0.411937 0.042101
v -0.026987 0.447074 0.043217
v -0.020283 0.444848 0.000833
v -0.087100 0.408517 0.010758
v -0.099446 0.355166 -0.000501
v -0.098882 0.357095 0.027990
v -0.094097 0.407876 0.038843
v 0.029580 0.403635 -0.083837
v -0.047114 0.405189 -0.097981
v -0.058098 0.425300 -0.004484
v 0.008958 0.423539 0.008068
v -0.051148 0.402327 -0.096815
v -0.085755 0.349108 -0.088106
v -0.098031 0.375538 0.003035
v -0.068832 0.427523 -0.006177
v -0.079290 0.328810 -0.090689
v -0.056274 0.309391 -0.058549
v -0.078732 0.346880 0.022858
v -0.090545 0.376871 -0.011045
v -0.043656 0.317583 -0.036574
v -0.045952 0.344978 0.022609
v -0.081603 0.356819 0.050234
v -0.080484 0.345866 -0.014904
v -0.075468 0.417598 0.095034
v -0.036344 0.449945 0.095612
v -0.051854 0.372386 0.085017
v -0.065708 0.386466 0.105489
v -0.085721 0.399318 0.075661
v -0.080402 0.363847 0.061197
v -0.075046 0.406850 -0.000496
v -0.020266 0.444728 0.000851
v -0.026979 0.446955 0.043233
v -0.074803 0.411847 0.042119
v -0.087007 0.408444 0.010774
v -0.093998 0.407812 0.038856
v -0.098766 0.357106 0.027980
v -0.099329 0.355166 -0.000507
v 0.029557 0.403515 -0.083825
v 0.008928 0.423422 0.008077
v -0.058041 0.425197 -0.004464
v -0.047050 0.405089 -0.097961
v -0.051080 0.402229 -0.096795
v -0.068761 0.427428 -0.006157
v -0.097917 0.375508 0.003039
v -0.085641 0.349075 -0.088101
v -0.079174 0.328797 -0.090690
v -0.090436 0.376827 -0.011037
v -0.078619 0.346903 0.022844
v -0.056174 0.309442 -0.058575
v -0.043581 0.317661 -0.036614
v -0.080368 0.345862 -0.014908
v -0.081491 0.356840 0.050220
v -0.045900 0.345068 0.022560
v -0.036346 0.449827 0.095627
v -0.075404 0.417502 0.095053
v -0.051739 0.372385 0.085011
v -0.080288 0.363858 0.061187
v -0.085623 0.399256 0.075673
v -0.065619 0.386395 0.105503
v 0.093989 0.518397 0.083118
v 0.090323 0.519734 0.085475
v 0.086431 0.521462 0.083849
v 0.086176 0.521785 0.079873
v 0.089814 0.520389 0.077519
v 0.093736 0.518729 0.079137
v 0.098574 0.565376 0.057143
v 0.101336 0.563493 0.055331
v 0.099551 0.567261 0.059651
v 0.103290 0.567264 0.060346
v 0.106055 0.565398 0.058518
v 0.105078 0.563511 0.056011
v 0.093460 0.586599 0.011391
v 0.095942 0.584519 0.010337
v 0.094239 0.589373 0.011752
v 0.097498 0.590068 0.011053
v 0.099980 0.587989 0.009999
v 0.099203 0.585214 0.009644
v 0.075086 0.569000 -0.025814
v 0.077611 0.567142 -0.026268
v 0.075121 0.571296 -0.027165
v 0.077676 0.571729 -0.028979
v 0.080208 0.569878 -0.029421
v 0.080177 0.567586 -0.028062
v 0.062569 0.532812 -0.026768
v 0.064747 0.531840 -0.026667
v 0.062343 0.532968 -0.028484
v 0.064297 0.532155 -0.030100
v 0.066500 0.531229 -0.029989
v 0.066725 0.531071 -0.028271
v 0.091470 0.577090 0.001710
v 0.051383 0.583838 0.015441
v 0.065561 0.585603 0.073104
v 0.107183 0.577204 0.066518
v 0.078822 0.585915 -0.004212
v 0.077030 0.548377 -0.045603
v 0.050018 0.551502 -0.036862
v 0.050381 0.591190 -0.003038
v 0.189437 0.509560 0.063023
v 0.190042 0.553406 -0.001488
v 0.101882 0.582253 0.024248
v 0.101095 0.543599 0.080483
v 0.187651 0.553419 -0.005973
v 0.162744 0.529917 -0.060130
v 0.077877 0.564532 -0.032648
v 0.102085 0.590054 0.016367
v 0.162363 0.509416 -0.066459
v 0.131534 0.482519 -0.050151
v 0.056464 0.531353 -0.027419
v 0.093027 0.560462 -0.029491
v 0.114141 0.483525 -0.030009
v 0.062035 0.511185 -0.002112
v 0.031508 0.542929 -0.017436
v 0.092394 0.529047 -0.038987
v 0.001322 0.592278 0.031474
v 0.013945 0.596688 0.080450
v 0.006193 0.541111 0.023710
v -0.013198 0.561866 0.025313
v 0.014630 0.581819 0.008493
v 0.022525 0.548734 -0.009912
v 0.091450 0.576976 0.001733
v 0.107145 0.577098 0.066472
v 0.065523 0.585502 0.073051
v 0.051360 0.583724 0.015456
v 0.078809 0.585803 -0.004173
v 0.050373 0.591083 -0.002989
v 0.050050 0.551444 -0.036765
v 0.077056 0.548310 -0.045510
v 0.189398 0.509476 0.062943
v 0.101058 0.543521 0.080399
v 0.101852 0.582137 0.024244
v 0.190014 0.553288 -0.001485
v 0.187625 0.553301 -0.005965
v 0.102059 0.589937 0.016378
v 0.077887 0.564443 -0.032571
v 0.162752 0.529826 -0.060055
v 0.162382 0.509340 -0.066372
v 0.093029 0.560365 -0.029425
v 0.056502 0.531306 -0.027320
v 0.131587 0.482503 -0.050050
v 0.114208 0.483543 -0.029917
v 0.092418 0.528977 -0.038897
v 0.031546 0.542881 -0.017338
v 0.062109 0.511226 -0.002034
v 0.013907 0.596593 0.080388
v 0.001297 0.592165 0.031479
v 0.006218 0.541045 0.023800
v 0.022556 0.548677 -0.009817
v 0.014623 0.581713 0.008541
v -0.013210 0.561758 0.025350
v 0.018589 0.280993 0.000935
v 0.022025 0.283008 -0.001372
v 0.026727 0.281776 -0.001627
v 0.027995 0.278560 0.000462
v 0.024559 0.276549 0.002765
v 0.019856 0.277751 0.002983
v 0.041138 0.296951 0.048162
v 0.038161 0.294597 0.049033
v 0.040265 0.300250 0.048318
v 0.036417 0.301194 0.049377
v 0.033438 0.298834 0.050227
v 0.034310 0.295536 0.050039
v 0.057450 0.286343 0.093816
v 0.055093 0.284594 0.093574
v 0.057016 0.288401 0.095285
v 0.054228 0.288699 0.096524
v 0.051869 0.286957 0.096258
v 0.052301 0.284909 0.094777
v 0.075748 0.252504 0.113276
v 0.073511 0.251293 0.112493
v 0.075550 0.253596 0.115217
v 0.073118 0.253465 0.116379
v 0.070877 0.252274 0.115576
v 0.071074 0.251193 0.113631
v 0.092356 0.217779 0.099466
v 0.090710 0.217434 0.098641
v 0.092138 0.217609 0.100568
v 0.090272 0.217106 0.100838
v 0.088622 0.216791 0.100008
v 0.088842 0.216949 0.098913
v 0.026362 0.404589 0.019333
v 0.025674 0.404921 0.014794
v 0.027380 0.402127 0.011190
v 0.029805 0.399037 0.012128
v 0.030488 0.398709 0.016664
v 0.028749 0.401468 0.020265
v 0.078684 0.418962 0.012315
v 0.078252 0.417938 0.016046
v 0.078467 0.422343 0.011871
v 0.077846 0.424701 0.015168
v 0.077394 0.423667 0.018895
v 0.077582 0.420284 0.019329
v 0.127004 0.410617 0.019958
v 0.125813 0.409767 0.022514
v 0.128164 0.412900 0.020111
v 0.128145 0.414324 0.022825
v 0.126930 0.413478 0.025371
v 0.125759 0.411203 0.025212
v 0.152273 0.376008 0.024670
v 0.150639 0.375531 0.026715
v 0.153961 0.377388 0.025167
v 0.154018 0.378281 0.027713
v 0.152363 0.377821 0.029746
v 0.150672 0.376450 0.029245
v 0.146531 0.336000 0.018444
v 0.145101 0.336117 0.019649
v 0.147445 0.336088 0.019113
v 0.146923 0.336304 0.020980
v 0.145486 0.336448 0.022175
v 0.144579 0.336350 0.021512
v 0.053888 0.483978 0.052322
v 0.051582 0.484203 0.050228
v 0.050935 0.482308 0.047602
v 0.052613 0.480212 0.047056
v 0.054915 0.479989 0.049150
v 0.055543 0.481861 0.051789
v 0.078406 0.493729 0.026217
v 0.079777 0.493034 0.028365
v 0.078101 0.496022 0.026077
v 0.079187 0.497622 0.028077
v 0.080546 0.496920 0.030231
v 0.080831 0.494626 0.030379
v 0.107099 0.488068 0.009540
v 0.107567 0.487491 0.011395
v 0.107774 0.489616 0.009123
v 0.108927 0.490582 0.010560
v 0.109378 0.490008 0.012419
v 0.108694 0.488465 0.012837
v 0.122410 0.464589 0.001194
v 0.122426 0.464265 0.002970
v 0.123510 0.465525 0.000733
v 0.124631 0.466131 0.002048
v 0.124631 0.465819 0.003826
v 0.123527 0.464889 0.004287
v 0.116722 0.437448 0.000379
v 0.116486 0.437527 0.001625
v 0.117490 0.437508 0.000339
v 0.118015 0.437654 0.001545
v 0.117771 0.437752 0.002789
v 0.117010 0.437685 0.002829
vt 0.326200 0.165100
vt 0.326200 0.113000
vt 0.352300 0.113000
vt 0.352300 0.165100
vt 0.378400 0.113000
vt 0.378400 0.165100
vt 0.404400 0.113000
vt 0.404400 0.165100
vt 0.430500 0.113000
vt 0.430500 0.165100
vt 0.456600 0.113000
vt 0.456600 0.165100
vt 0.482700 0.113000
vt 0.482700 0.165100
vt 0.508700 0.113000
vt 0.508700 0.165100
vt 0.534800 0.113000
vt 0.534800 0.165100
vt 0.326200 0.058700
vt 0.352300 0.058700
vt 0.378400 0.058700
vt 0.404400 0.058700
vt 0.430500 0.058700
vt 0.456600 0.058700
vt 0.482700 0.058700
vt 0.508700 0.058700
vt 0.534800 0.058700
vt 0.432000 0.006600
vt 0.352300 0.218900
vt 0.326200 0.218900
vt 0.378400 0.218900
vt 0.404400 0.218900
vt 0.430500 0.218900
vt 0.456600 0.218900
vt 0.482700 0.218900
vt 0.508700 0.218900
vt 0.534800 0.218900
vt 0.282200 0.260900
vt 0.282200 0.193100
vt 0.285900 0.193100
vt 0.285900 0.260900
vt 0.289700 0.193100
vt 0.289700 0.260900
vt 0.293500 0.193100
vt 0.293500 0.260900
vt 0.297200 0.193100
vt 0.297200 0.260900
vt 0.301000 0.260900
vt 0.301000 0.193100
vt 0.304700 0.260900
vt 0.304700 0.193100
vt 0.308500 0.260900
vt 0.308500 0.193100
vt 0.312200 0.260900
vt 0.312200 0.193100
vt 0.282200 0.365000
vt 0.285900 0.365000
vt 0.289700 0.365000
vt 0.293500 0.365000
vt 0.297200 0.365000
vt 0.301000 0.365000
vt 0.304700 0.365000
vt 0.308500 0.365000
vt 0.312200 0.365000
vt 0.301000 0.482200
vt 0.291600 0.452600
vt 0.304700 0.452600
vt 0.304700 0.482200
vt 0.308500 0.452600
vt 0.308500 0.482200
vt 0.312200 0.452600
vt 0.326200 0.165100
vt 0.326200 0.113000
vt 0.352300 0.113000
vt 0.352300 0.165100
vt 0.378400 0.113000
vt 0.378400 0.165100
vt 0.404400 0.113000
vt 0.404400 0.165100
vt 0.430500 0.113000
vt 0.430500 0.165100
vt 0.456600 0.113000
vt 0.456600 0.165100
vt 0.482700 0.113000
vt 0.482700 0.165100
vt 0.508700 0.113000
vt 0.508700 0.165100
vt 0.534800 0.113000
vt 0.534800 0.165100
vt 0.326200 0.058700
vt 0.352300 0.058700
vt 0.378400 0.059200
vt 0.404400 0.058700
vt 0.430500 0.058700
vt 0.456600 0.058700
vt 0.482700 0.058700
vt 0.508700 0.058700
vt 0.534800 0.058700
vt 0.432000 0.006700
vt 0.391400 0.218900
vt 0.482700 0.218900
vt 0.508700 0.218900
vt 0.534800 0.218900
vt 0.304700 0.260900
vt 0.291600 0.260900
vt 0.291600 0.193100
vt 0.304700 0.193100
vt 0.308500 0.260900
vt 0.308500 0.193100
vt 0.312200 0.260900
vt 0.312200 0.193100
vt 0.291600 0.365000
vt 0.304700 0.365000
vt 0.308500 0.365000
vt 0.312200 0.365000
vt 0.445700 0.346100
vt 0.533400 0.259000
vt 0.532900 0.442100
vt 0.445700 0.354400
vt 0.349800 0.441500
vt 0.437400 0.354400
vt 0.350300 0.258400
vt 0.437500 0.346100
vt 0.445700 0.346100
vt 0.533400 0.259000
vt 0.532900 0.442100
vt 0.445700 0.354400
vt 0.349800 0.441500
vt 0.437400 0.354400
vt 0.350300 0.258400
vt 0.437500 0.346100
vt 0.326200 0.165100
vt 0.326200 0.113000
vt 0.352300 0.113000
vt 0.352300 0.165100
vt 0.378400 0.113000
vt 0.378400 0.165100
vt 0.404400 0.113000
vt 0.404400 0.165100
vt 0.430500 0.113000
vt 0.430500 0.165100
vt 0.456600 0.113000
vt 0.456600 0.165100
vt 0.482700 0.113000
vt 0.482700 0.165100
vt 0.508700 0.113000
vt 0.508700 0.165100
vt 0.534800 0.113000
vt 0.534800 0.165100
vt 0.326200 0.058700
vt 0.352300 0.058700
vt 0.378400 0.058700
vt 0.404400 0.058700
vt 0.430500 0.058700
vt 0.456600 0.058700
vt 0.482700 0.058700
vt 0.508700 0.058700
vt 0.534800 0.058700
vt 0.432000 0.006600
vt 0.352300 0.218900
vt 0.326200 0.218900
vt 0.378400 0.218900
vt 0.404400 0.218900
vt 0.430500 0.218900
vt 0.456600 0.218900
vt 0.482700 0.218900
vt 0.508700 0.218900
vt 0.534800 0.218900
vt 0.282200 0.260900
vt 0.282200 0.193100
vt 0.285900 0.193100
vt 0.285900 0.260900
vt 0.289700 0.193100
vt 0.289700 0.260900
vt 0.293500 0.193100
vt 0.293500 0.260900
vt 0.297200 0.193100
vt 0.297200 0.260900
vt 0.301000 0.260900
vt 0.301000 0.193100
vt 0.304700 0.260900
vt 0.304700 0.193100
vt 0.308500 0.260900
vt 0.308500 0.193100
vt 0.312200 0.260900
vt 0.312200 0.193100
vt 0.282200 0.365000
vt 0.285900 0.365000
vt 0.289700 0.365000
vt 0.293500 0.365000
vt 0.297200 0.365000
vt 0.301000 0.365000
vt 0.304700 0.365000
vt 0.308500 0.365000
vt 0.312200 0.365000
vt 0.445700 0.346100
vt 0.533400 0.259000
vt 0.532900 0.442100
vt 0.445700 0.354400
vt 0.349800 0.441500
vt 0.437400 0.354400
vt 0.350300 0.258400
vt 0.437500 0.346100
vt 0.282200 0.482200
vt 0.282200 0.452600
vt 0.285900 0.452600
vt 0.285900 0.482200
vt 0.289700 0.452600
vt 0.289700 0.482200
vt 0.293500 0.452600
vt 0.293500 0.482200
vt 0.297200 0.452600
vt 0.297200 0.482200
vt 0.301000 0.452600
vt 0.301000 0.482200
vt 0.304700 0.452600
vt 0.304700 0.482200
vt 0.308500 0.452600
vt 0.308500 0.482200
vt 0.312200 0.452600
vt 0.326200 0.165100
vt 0.326200 0.113000
vt 0.352300 0.113000
vt 0.352300 0.165100
vt 0.378400 0.113000
vt 0.378400 0.165100
vt 0.404400 0.113000
vt 0.404400 0.165100
vt 0.430500 0.113000
vt 0.430500 0.165100
vt 0.456600 0.113000
vt 0.456600 0.165100
vt 0.482700 0.113000
vt 0.482700 0.165100
vt 0.508700 0.113000
vt 0.508700 0.165100
vt 0.534800 0.113000
vt 0.534800 0.165100
vt 0.326200 0.058700
vt 0.352300 0.058700
vt 0.378400 0.058700
vt 0.404400 0.058700
vt 0.430500 0.058700
vt 0.456600 0.058700
vt 0.482700 0.058700
vt 0.508700 0.058700
vt 0.534800 0.058700
vt 0.432000 0.006600
vt 0.352300 0.218900
vt 0.326200 0.218900
vt 0.378400 0.218900
vt 0.404400 0.218900
vt 0.430500 0.218900
vt 0.456600 0.218900
vt 0.482700 0.218900
vt 0.508700 0.218900
vt 0.534800 0.218900
vt 0.282200 0.260900
vt 0.282200 0.193100
vt 0.285900 0.193100
vt 0.285900 0.260900
vt 0.289700 0.193100
vt 0.289700 0.260900
vt 0.293500 0.193100
vt 0.293500 0.260900
vt 0.297200 0.193100
vt 0.297200 0.260900
vt 0.301000 0.260900
vt 0.301000 0.193100
vt 0.304700 0.260900
vt 0.304700 0.193100
vt 0.308500 0.260900
vt 0.308500 0.193100
vt 0.312200 0.260900
vt 0.312200 0.193100
vt 0.282200 0.365000
vt 0.285900 0.365000
vt 0.289700 0.365000
vt 0.293500 0.365000
vt 0.297200 0.365000
vt 0.301000 0.365000
vt 0.304700 0.365000
vt 0.308500 0.365000
vt 0.312200 0.365000
vt 0.445700 0.346100
vt 0.533400 0.259000
vt 0.532900 0.442100
vt 0.445700 0.354400
vt 0.349800 0.441500
vt 0.437400 0.354400
vt 0.350300 0.258400
vt 0.437500 0.346100
vt 0.960900 0.095100
vt 0.955200 0.085300
vt 0.960900 0.075400
vt 0.972200 0.075400
vt 0.977900 0.085300
vt 0.972200 0.095100
vt 0.302600 0.077600
vt 0.298400 0.078000
vt 0.298400 -0.000500
vt 0.302600 -0.000900
vt 0.306700 0.077600
vt 0.306700 -0.000900
vt 0.287900 0.078000
vt 0.284600 0.078000
vt 0.284600 -0.000500
vt 0.287900 -0.000500
vt 0.291000 0.077900
vt 0.291600 -0.000500
vt 0.294900 0.077800
vt 0.294900 -0.000700
vt 0.298400 0.113600
vt 0.302600 0.113200
vt 0.306700 0.113300
vt 0.284600 0.113600
vt 0.287900 0.113600
vt 0.291100 0.113600
vt 0.294900 0.113400
vt 0.298400 0.234900
vt 0.298400 0.172700
vt 0.302600 0.172300
vt 0.302600 0.234500
vt 0.306700 0.234500
vt 0.306700 0.172500
vt 0.287900 0.234900
vt 0.284600 0.234900
vt 0.284600 0.172700
vt 0.287900 0.172700
vt 0.291700 0.234900
vt 0.291500 0.172700
vt 0.294900 0.234700
vt 0.294900 0.172600
vt 0.298400 0.289800
vt 0.302600 0.289300
vt 0.306700 0.289400
vt 0.284600 0.289800
vt 0.287900 0.289800
vt 0.292000 0.289700
vt 0.294900 0.289500
vt 0.298400 0.145600
vt 0.302600 0.145200
vt 0.302600 0.157400
vt 0.298400 0.157800
vt 0.306700 0.145300
vt 0.306700 0.157600
vt 0.284600 0.145600
vt 0.287900 0.145500
vt 0.287900 0.157800
vt 0.284600 0.157800
vt 0.291400 0.145600
vt 0.291500 0.157800
vt 0.294900 0.145400
vt 0.294900 0.157700
vt 0.302600 0.313000
vt 0.298400 0.313400
vt 0.306700 0.313000
vt 0.287900 0.313400
vt 0.284600 0.313400
vt 0.292000 0.313300
vt 0.294900 0.313200
vt 0.302600 0.129400
vt 0.298400 0.129800
vt 0.306700 0.129500
vt 0.287900 0.129800
vt 0.284600 0.129800
vt 0.291200 0.129800
vt 0.294900 0.129600
vt 0.295300 0.321300
vt 0.288200 0.193300
vt 0.292300 0.193300
vt 0.302700 0.193300
vt 0.309000 0.193300
vt 0.304800 0.193300
vt 0.294400 0.193300
vt 0.309000 0.271000
vt 0.304800 0.271000
vt 0.288200 0.271000
vt 0.284000 0.271000
vt 0.284000 0.193300
vt 0.288200 0.193300
vt 0.292300 0.271000
vt 0.296500 0.271000
vt 0.296500 0.193300
vt 0.300600 0.271000
vt 0.300600 0.193300
vt 0.309000 0.348600
vt 0.304800 0.348600
vt 0.288200 0.348600
vt 0.284000 0.348600
vt 0.292300 0.348600
vt 0.296500 0.348600
vt 0.300600 0.348600
vt 0.309000 0.426200
vt 0.304800 0.426200
vt 0.288200 0.426200
vt 0.284000 0.426200
vt 0.292300 0.426200
vt 0.296500 0.426200
vt 0.300600 0.426200
vt 0.309000 0.503900
vt 0.304800 0.503900
vt 0.288200 0.503900
vt 0.284000 0.503900
vt 0.292300 0.503900
vt 0.296500 0.503900
vt 0.300600 0.503900
vt 0.273100 0.448600
vt 0.006400 0.448600
vt 0.006400 0.004000
vt 0.273100 0.004000
vt 0.273100 0.448600
vt 0.006400 0.448600
vt 0.006400 0.004000
vt 0.273100 0.004000
vt 0.273100 0.448600
vt 0.006400 0.448600
vt 0.006400 0.004000
vt 0.273100 0.004000
vt 0.273100 0.448600
vt 0.273100 0.004000
vt 0.006400 0.004000
vt 0.006400 0.448600
vt 0.273100 0.448600
vt 0.273100 0.004000
vt 0.006400 0.004000
vt 0.006400 0.448600
vt 0.273100 0.448600
vt 0.273100 0.004000
vt 0.006400 0.004000
vt 0.006400 0.448600
vt 0.288200 0.193300
vt 0.292300 0.193300
vt 0.302700 0.193300
vt 0.309000 0.193300
vt 0.304800 0.193300
vt 0.294400 0.193300
vt 0.309000 0.271000
vt 0.304800 0.271000
vt 0.288200 0.271000
vt 0.284000 0.271000
vt 0.284000 0.193300
vt 0.288200 0.193300
vt 0.292300 0.271000
vt 0.296500 0.271000
vt 0.296500 0.193300
vt 0.300600 0.271000
vt 0.300600 0.193300
vt 0.309000 0.348600
vt 0.304800 0.348600
vt 0.288200 0.348600
vt 0.284000 0.348600
vt 0.292300 0.348600
vt 0.296500 0.348600
vt 0.300600 0.348600
vt 0.309000 0.426200
vt 0.304800 0.426200
vt 0.288200 0.426200
vt 0.284000 0.426200
vt 0.292300 0.426200
vt 0.296500 0.426200
vt 0.300600 0.426200
vt 0.309000 0.503900
vt 0.304800 0.503900
vt 0.288200 0.503900
vt 0.284000 0.503900
vt 0.292300 0.503900
vt 0.296500 0.503900
vt 0.300600 0.503900
vt 0.006400 0.004000
vt 0.006400 0.243000
vt 0.273100 0.243000
vt 0.273100 0.004000
vt 0.006400 0.004000
vt 0.006400 0.167000
vt 0.160100 0.167000
vt 0.160100 0.004000
vt 0.273100 0.004000
vt 0.006400 0.004000
vt 0.006400 0.200000
vt 0.273100 0.200000
vt 0.006400 0.004000
vt 0.006400 0.241100
vt 0.143900 0.241100
vt 0.143900 0.004000
vt 0.273100 0.004000
vt 0.273100 0.241100
vt 0.273100 0.004000
vt 0.273100 0.167000
vt 0.143900 0.448600
vt 0.006400 0.448600
vt 0.273100 0.448600
vt 0.006400 0.448600
vt 0.273100 0.448600
vt 0.160100 0.448600
vt 0.006400 0.448600
vt 0.273100 0.448600
vt 0.273100 0.448600
vt 0.006400 0.448600
vt 0.006400 0.004000
vt 0.273100 0.004000
vt 0.273100 0.243000
vt 0.006400 0.243000
vt 0.006400 0.004000
vt 0.160100 0.004000
vt 0.160100 0.167000
vt 0.006400 0.167000
vt 0.273100 0.004000
vt 0.273100 0.200000
vt 0.006400 0.200000
vt 0.006400 0.004000
vt 0.006400 0.004000
vt 0.143900 0.004000
vt 0.143900 0.241100
vt 0.006400 0.241100
vt 0.273100 0.004000
vt 0.273100 0.241100
vt 0.273100 0.004000
vt 0.273100 0.167000
vt 0.143900 0.448600
vt 0.006400 0.448600
vt 0.273100 0.448600
vt 0.273100 0.448600
vt 0.006400 0.448600
vt 0.160100 0.448600
vt 0.006400 0.448600
vt 0.273100 0.448600
vt 0.273100 0.448600
vt 0.006400 0.448600
vt 0.282500 0.000300
vt 0.289500 0.000300
vt 0.307100 0.000300
vt 0.317700 0.000300
vt 0.310600 0.000300
vt 0.293100 0.000300
vt 0.317700 0.131600
vt 0.310600 0.131600
vt 0.282500 0.131600
vt 0.275500 0.131600
vt 0.275500 0.000300
vt 0.282500 0.000300
vt 0.289500 0.131600
vt 0.296600 0.131600
vt 0.296600 0.000300
vt 0.303600 0.131600
vt 0.303600 0.000300
vt 0.317700 0.263000
vt 0.310600 0.263000
vt 0.282500 0.263000
vt 0.275500 0.263000
vt 0.289500 0.263000
vt 0.296600 0.263000
vt 0.303600 0.263000
vt 0.317700 0.394300
vt 0.310600 0.394300
vt 0.282500 0.394300
vt 0.275500 0.394300
vt 0.289500 0.394300
vt 0.296600 0.394300
vt 0.303600 0.394300
vt 0.317700 0.525700
vt 0.310600 0.525700
vt 0.282500 0.525700
vt 0.275500 0.525700
vt 0.289500 0.525700
vt 0.296600 0.525700
vt 0.303600 0.525700
vt 0.137500 0.000300
vt 0.137500 0.214900
vt 0.005400 0.214900
vt 0.005400 0.000300
vt 0.137800 0.000300
vt 0.137800 0.207700
vt 0.005400 0.207700
vt 0.005400 0.000300
vt 0.005400 0.000300
vt 0.163400 0.000300
vt 0.163400 0.450100
vt 0.005400 0.450100
vt 0.275300 0.214900
vt 0.275300 0.450100
vt 0.137500 0.450100
vt 0.275300 0.207700
vt 0.275300 0.450100
vt 0.137800 0.450100
vt 0.275300 0.000300
vt 0.275300 0.450100
vt 0.275300 0.000300
vt 0.005400 0.450100
vt 0.275300 0.000300
vt 0.005400 0.450100
vt 0.137500 0.000300
vt 0.005400 0.000300
vt 0.005400 0.214900
vt 0.137500 0.214900
vt 0.137800 0.000300
vt 0.005400 0.000300
vt 0.005400 0.207700
vt 0.137800 0.207700
vt 0.005400 0.000300
vt 0.005400 0.450100
vt 0.163400 0.450100
vt 0.163400 0.000300
vt 0.275300 0.214900
vt 0.137500 0.450100
vt 0.275300 0.450100
vt 0.275300 0.207700
vt 0.137800 0.450100
vt 0.275300 0.450100
vt 0.275300 0.450100
vt 0.275300 0.000300
vt 0.275300 0.000300
vt 0.005400 0.450100
vt 0.275300 0.000300
vt 0.005400 0.450100
vt 0.282500 0.000300
vt 0.289500 0.000300
vt 0.307100 0.000300
vt 0.317700 0.000300
vt 0.310600 0.000300
vt 0.293100 0.000300
vt 0.317700 0.131600
vt 0.310600 0.131600
vt 0.282500 0.131600
vt 0.275500 0.131600
vt 0.275500 0.000300
vt 0.282500 0.000300
vt 0.289500 0.131600
vt 0.296600 0.131600
vt 0.296600 0.000300
vt 0.303600 0.131600
vt 0.303600 0.000300
vt 0.317700 0.263000
vt 0.310600 0.263000
vt 0.282500 0.263000
vt 0.275500 0.263000
vt 0.289500 0.263000
vt 0.296600 0.263000
vt 0.303600 0.263000
vt 0.317700 0.394300
vt 0.310600 0.394300
vt 0.282500 0.394300
vt 0.275500 0.394300
vt 0.289500 0.394300
vt 0.296600 0.394300
vt 0.303600 0.394300
vt 0.317700 0.525700
vt 0.310600 0.525700
vt 0.282500 0.525700
vt 0.275500 0.525700
vt 0.289500 0.525700
vt 0.296600 0.525700
vt 0.303600 0.525700
vt 0.137500 0.000300
vt 0.137500 0.214900
vt 0.005400 0.214900
vt 0.005400 0.000300
vt 0.137800 0.000300
vt 0.137800 0.207700
vt 0.005400 0.207700
vt 0.005400 0.000300
vt 0.005400 0.000300
vt 0.163400 0.000300
vt 0.163400 0.450100
vt 0.005400 0.450100
vt 0.141700 0.000300
vt 0.141700 0.215000
vt 0.005400 0.215000
vt 0.005400 0.000300
vt 0.275300 0.214900
vt 0.275300 0.450100
vt 0.137500 0.450100
vt 0.275300 0.207700
vt 0.275300 0.450100
vt 0.137800 0.450100
vt 0.275300 0.215000
vt 0.275300 0.450100
vt 0.141700 0.450100
vt 0.275300 0.000300
vt 0.005400 0.450100
vt 0.275300 0.000300
vt 0.275300 0.450100
vt 0.275300 0.000300
vt 0.005400 0.450100
vt 0.275300 0.000300
vt 0.005400 0.450100
vt 0.137500 0.000300
vt 0.005400 0.000300
vt 0.005400 0.214900
vt 0.137500 0.214900
vt 0.137800 0.000300
vt 0.005400 0.000300
vt 0.005400 0.207700
vt 0.137800 0.207700
vt 0.005400 0.000300
vt 0.005400 0.450100
vt 0.163400 0.450100
vt 0.163400 0.000300
vt 0.141700 0.000300
vt 0.005400 0.000300
vt 0.005400 0.215000
vt 0.141700 0.215000
vt 0.275300 0.214900
vt 0.137500 0.450100
vt 0.275300 0.450100
vt 0.275300 0.207700
vt 0.137800 0.450100
vt 0.275300 0.450100
vt 0.275300 0.215000
vt 0.141700 0.450100
vt 0.275300 0.450100
vt 0.275300 0.000300
vt 0.005400 0.450100
vt 0.275300 0.450100
vt 0.275300 0.000300
vt 0.275300 0.000300
vt 0.005400 0.450100
vt 0.275300 0.000300
vt 0.005400 0.450100
vt 0.288200 0.193300
vt 0.292300 0.193300
vt 0.302700 0.193300
vt 0.309000 0.193300
vt 0.304800 0.193300
vt 0.294400 0.193300
vt 0.309000 0.271000
vt 0.304800 0.271000
vt 0.288200 0.271000
vt 0.284000 0.271000
vt 0.284000 0.193300
vt 0.288200 0.193300
vt 0.292300 0.271000
vt 0.296500 0.271000
vt 0.296500 0.193300
vt 0.300600 0.271000
vt 0.300600 0.193300
vt 0.309000 0.348600
vt 0.304800 0.348600
vt 0.288200 0.348600
vt 0.284000 0.348600
vt 0.292300 0.348600
vt 0.296500 0.348600
vt 0.300600 0.348600
vt 0.309000 0.426200
vt 0.304800 0.426200
vt 0.288200 0.426200
vt 0.284000 0.426200
vt 0.292300 0.426200
vt 0.296500 0.426200
vt 0.300600 0.426200
vt 0.309000 0.503900
vt 0.304800 0.503900
vt 0.288200 0.503900
vt 0.284000 0.503900
vt 0.292300 0.503900
vt 0.296500 0.503900
vt 0.300600 0.503900
vt 0.133200 0.004000
vt 0.133200 0.229600
vt 0.006400 0.229600
vt 0.006400 0.004000
vt 0.006400 0.004000
vt 0.117600 0.004000
vt 0.117600 0.210500
vt 0.006400 0.210500
vt 0.146200 0.004000
vt 0.146200 0.251700
vt 0.006400 0.251700
vt 0.006400 0.004000
vt 0.273100 0.004000
vt 0.273100 0.251700
vt 0.146200 0.448600
vt 0.006400 0.448600
vt 0.273100 0.448600
vt 0.273100 0.004000
vt 0.273100 0.210500
vt 0.117600 0.448600
vt 0.006400 0.448600
vt 0.273100 0.448600
vt 0.273100 0.004000
vt 0.273100 0.229600
vt 0.133200 0.448600
vt 0.006400 0.448600
vt 0.273100 0.448600
vt 0.133200 0.004000
vt 0.006400 0.004000
vt 0.006400 0.229600
vt 0.133200 0.229600
vt 0.006400 0.004000
vt 0.006400 0.210500
vt 0.117600 0.210500
vt 0.117600 0.004000
vt 0.146200 0.004000
vt 0.006400 0.004000
vt 0.006400 0.251700
vt 0.146200 0.251700
vt 0.273100 0.004000
vt 0.273100 0.251700
vt 0.146200 0.448600
vt 0.006400 0.448600
vt 0.273100 0.448600
vt 0.273100 0.210500
vt 0.273100 0.004000
vt 0.117600 0.448600
vt 0.006400 0.448600
vt 0.273100 0.448600
vt 0.273100 0.004000
vt 0.273100 0.229600
vt 0.133200 0.448600
vt 0.006400 0.448600
vt 0.273100 0.448600
vt 0.288200 0.193300
vt 0.292300 0.193300
vt 0.302700 0.193300
vt 0.309000 0.193300
vt 0.304800 0.193300
vt 0.294400 0.193300
vt 0.309000 0.271000
vt 0.304800 0.271000
vt 0.288200 0.271000
vt 0.284000 0.271000
vt 0.284000 0.193300
vt 0.288200 0.193300
vt 0.292300 0.271000
vt 0.296500 0.271000
vt 0.296500 0.193300
vt 0.300600 0.271000
vt 0.300600 0.193300
vt 0.309000 0.348600
vt 0.304800 0.348600
vt 0.288200 0.348600
vt 0.284000 0.348600
vt 0.292300 0.348600
vt 0.296500 0.348600
vt 0.300600 0.348600
vt 0.309000 0.426200
vt 0.304800 0.426200
vt 0.288200 0.426200
vt 0.284000 0.426200
vt 0.292300 0.426200
vt 0.296500 0.426200
vt 0.300600 0.426200
vt 0.309000 0.503900
vt 0.304800 0.503900
vt 0.288200 0.503900
vt 0.284000 0.503900
vt 0.292300 0.503900
vt 0.296500 0.503900
vt 0.300600 0.503900
vt 0.273100 0.004000
vt 0.273100 0.202400
vt 0.006400 0.202400
vt 0.006400 0.004000
vt 0.006400 0.004000
vt 0.273100 0.004000
vt 0.273100 0.142500
vt 0.006400 0.142500
vt 0.273100 0.448600
vt 0.006400 0.448600
vt 0.006400 0.004000
vt 0.273100 0.004000
vt 0.273100 0.448600
vt 0.006400 0.448600
vt 0.006400 0.004000
vt 0.273100 0.004000
vt 0.273100 0.448600
vt 0.006400 0.448600
vt 0.006400 0.004000
vt 0.273100 0.004000
vt 0.273100 0.448600
vt 0.006400 0.448600
vt 0.006400 0.004000
vt 0.273100 0.004000
vt 0.273100 0.448600
vt 0.006400 0.448600
vt 0.273100 0.448600
vt 0.006400 0.448600
vt 0.006400 0.314900
vt 0.273100 0.314900
vt 0.273100 0.004000
vt 0.006400 0.004000
vt 0.006400 0.202400
vt 0.273100 0.202400
vt 0.006400 0.004000
vt 0.006400 0.142500
vt 0.273100 0.142500
vt 0.273100 0.004000
vt 0.273100 0.448600
vt 0.273100 0.004000
vt 0.006400 0.004000
vt 0.006400 0.448600
vt 0.273100 0.448600
vt 0.273100 0.004000
vt 0.006400 0.004000
vt 0.006400 0.448600
vt 0.273100 0.448600
vt 0.273100 0.004000
vt 0.006400 0.004000
vt 0.006400 0.448600
vt 0.273100 0.448600
vt 0.273100 0.004000
vt 0.006400 0.004000
vt 0.006400 0.448600
vt 0.006400 0.448600
vt 0.273100 0.448600
vt 0.273100 0.448600
vt 0.273100 0.314900
vt 0.006400 0.314900
vt 0.006400 0.448600
vt 0.288200 0.193300
vt 0.292300 0.193300
vt 0.302700 0.193300
vt 0.309000 0.193300
vt 0.304800 0.193300
vt 0.294400 0.193300
vt 0.309000 0.271000
vt 0.304800 0.271000
vt 0.288200 0.271000
vt 0.284000 0.271000
vt 0.284000 0.193300
vt 0.288200 0.193300
vt 0.292300 0.271000
vt 0.296500 0.271000
vt 0.296500 0.193300
vt 0.300600 0.271000
vt 0.300600 0.193300
vt 0.309000 0.348600
vt 0.304800 0.348600
vt 0.288200 0.348600
vt 0.284000 0.348600
vt 0.292300 0.348600
vt 0.296500 0.348600
vt 0.300600 0.348600
vt 0.309000 0.426200
vt 0.304800 0.426200
vt 0.288200 0.426200
vt 0.284000 0.426200
vt 0.292300 0.426200
vt 0.296500 0.426200
vt 0.300600 0.426200
vt 0.309000 0.503900
vt 0.304800 0.503900
vt 0.288200 0.503900
vt 0.284000 0.503900
vt 0.292300 0.503900
vt 0.296500 0.503900
vt 0.300600 0.503900
vt 0.273100 0.004000
vt 0.273100 0.202400
vt 0.006400 0.202400
vt 0.006400 0.004000
vt 0.006400 0.004000
vt 0.273100 0.004000
vt 0.273100 0.142500
vt 0.006400 0.142500
vt 0.273100 0.448600
vt 0.006400 0.448600
vt 0.006400 0.004000
vt 0.273100 0.004000
vt 0.273100 0.448600
vt 0.006400 0.448600
vt 0.006400 0.004000
vt 0.273100 0.004000
vt 0.273100 0.448600
vt 0.006400 0.448600
vt 0.006400 0.004000
vt 0.273100 0.004000
vt 0.273100 0.448600
vt 0.006400 0.448600
vt 0.006400 0.004000
vt 0.273100 0.004000
vt 0.273100 0.448600
vt 0.006400 0.448600
vt 0.273100 0.448600
vt 0.006400 0.448600
vt 0.006400 0.314900
vt 0.273100 0.314900
vt 0.273100 0.004000
vt 0.006400 0.004000
vt 0.006400 0.202400
vt 0.273100 0.202400
vt 0.006400 0.004000
vt 0.006400 0.142500
vt 0.273100 0.142500
vt 0.273100 0.004000
vt 0.273100 0.448600
vt 0.273100 0.004000
vt 0.006400 0.004000
vt 0.006400 0.448600
vt 0.273100 0.448600
vt 0.273100 0.004000
vt 0.006400 0.004000
vt 0.006400 0.448600
vt 0.273100 0.448600
vt 0.273100 0.004000
vt 0.006400 0.004000
vt 0.006400 0.448600
vt 0.273100 0.448600
vt 0.273100 0.004000
vt 0.006400 0.004000
vt 0.006400 0.448600
vt 0.006400 0.448600
vt 0.273100 0.448600
vt 0.273100 0.448600
vt 0.273100 0.314900
vt 0.006400 0.314900
vt 0.006400 0.448600
vt 0.288200 0.193300
vt 0.292300 0.193300
vt 0.302700 0.193300
vt 0.309000 0.193300
vt 0.304800 0.193300
vt 0.294400 0.193300
vt 0.309000 0.271000
vt 0.304800 0.271000
vt 0.288200 0.271000
vt 0.284000 0.271000
vt 0.284000 0.193300
vt 0.288200 0.193300
vt 0.292300 0.271000
vt 0.296500 0.271000
vt 0.296500 0.193300
vt 0.300600 0.271000
vt 0.300600 0.193300
vt 0.309000 0.348600
vt 0.304800 0.348600
vt 0.288200 0.348600
vt 0.284000 0.348600
vt 0.292300 0.348600
vt 0.296500 0.348600
vt 0.300600 0.348600
vt 0.309000 0.426200
vt 0.304800 0.426200
vt 0.288200 0.426200
vt 0.284000 0.426200
vt 0.292300 0.426200
vt 0.296500 0.426200
vt 0.300600 0.426200
vt 0.309000 0.503900
vt 0.304800 0.503900
vt 0.288200 0.503900
vt 0.284000 0.503900
vt 0.292300 0.503900
vt 0.296500 0.503900
vt 0.300600 0.503900
vt 0.288200 0.193300
vt 0.292300 0.193300
vt 0.302700 0.193300
vt 0.309000 0.193300
vt 0.304800 0.193300
vt 0.294400 0.193300
vt 0.309000 0.271000
vt 0.304800 0.271000
vt 0.288200 0.271000
vt 0.284000 0.271000
vt 0.284000 0.193300
vt 0.288200 0.193300
vt 0.292300 0.271000
vt 0.296500 0.271000
vt 0.296500 0.193300
vt 0.300600 0.271000
vt 0.300600 0.193300
vt 0.309000 0.348600
vt 0.304800 0.348600
vt 0.288200 0.348600
vt 0.284000 0.348600
vt 0.292300 0.348600
vt 0.296500 0.348600
vt 0.300600 0.348600
vt 0.309000 0.426200
vt 0.304800 0.426200
vt 0.288200 0.426200
vt 0.284000 0.426200
vt 0.292300 0.426200
vt 0.296500 0.426200
vt 0.300600 0.426200
vt 0.309000 0.503900
vt 0.304800 0.503900
vt 0.288200 0.503900
vt 0.284000 0.503900
vt 0.292300 0.503900
vt 0.296500 0.503900
vt 0.300600 0.503900
vt 0.288200 0.193300
vt 0.292300 0.193300
vt 0.302700 0.193300
vt 0.309000 0.193300
vt 0.304800 0.193300
vt 0.294400 0.193300
vt 0.309000 0.271000
vt 0.304800 0.271000
vt 0.288200 0.271000
vt 0.284000 0.271000
vt 0.284000 0.193300
vt 0.288200 0.193300
vt 0.292300 0.271000
vt 0.296500 0.271000
vt 0.296500 0.193300
vt 0.300600 0.271000
vt 0.300600 0.193300
vt 0.309000 0.348600
vt 0.304800 0.348600
vt 0.288200 0.348600
vt 0.284000 0.348600
vt 0.292300 0.348600
vt 0.296500 0.348600
vt 0.300600 0.348600
vt 0.309000 0.426200
vt 0.304800 0.426200
vt 0.288200 0.426200
vt 0.284000 0.426200
vt 0.292300 0.426200
vt 0.296500 0.426200
vt 0.300600 0.426200
vt 0.309000 0.503900
vt 0.304800 0.503900
vt 0.288200 0.503900
vt 0.284000 0.503900
vt 0.292300 0.503900
vt 0.296500 0.503900
vt 0.300600 0.503900
vn -0.2963 0.7130 -0.6355
vn -0.4210 -0.0882 -0.9028
vn -0.9360 -0.0882 -0.3407
vn -0.6589 0.7130 -0.2398
vn -0.9028 -0.0882 0.4210
vn -0.6355 0.7130 0.2963
vn -0.3407 -0.0882 0.9360
vn -0.2398 0.7130 0.6589
vn 0.4210 -0.0882 0.9028
vn 0.2963 0.7130 0.6355
vn 0.9360 -0.0882 0.3407
vn 0.6589 0.7130 0.2398
vn 0.9028 -0.0882 -0.4210
vn 0.6355 0.7130 -0.2963
vn 0.3407 -0.0882 -0.9360
vn 0.2398 0.7130 -0.6589
vn -0.2603 -0.7878 -0.5582
vn -0.5787 -0.7879 -0.2106
vn -0.5582 -0.7878 0.2603
vn -0.2106 -0.7879 0.5787
vn 0.2603 -0.7879 0.5582
vn 0.5787 -0.7879 0.2106
vn 0.5582 -0.7878 -0.2603
vn 0.2106 -0.7879 -0.5787
vn -0.0000 -1.0000 -0.0000
vn -0.6197 0.7435 -0.2513
vn -0.2709 0.7674 -0.5812
vn -0.6904 0.6691 0.2750
vn -0.3149 0.5699 0.7590
vn 0.3605 0.5225 0.7727
vn 0.7839 0.5697 0.2471
vn 0.6546 0.6692 -0.3517
vn 0.2060 0.7434 -0.6363
vn -0.3671 0.4966 -0.7866
vn -0.8805 0.3682 -0.2987
vn -0.9221 0.0237 0.3861
vn -0.3915 -0.3439 0.8535
vn 0.3687 -0.4910 0.7893
vn 0.9056 -0.3431 0.2492
vn 0.8888 0.0231 -0.4577
vn 0.3369 0.3674 -0.8669
vn -0.3232 0.6455 -0.6920
vn -0.8624 0.4628 -0.2053
vn -0.8871 -0.0339 0.4604
vn -0.3380 -0.4854 0.8063
vn 0.3261 -0.6369 0.6986
vn 0.8343 -0.4870 0.2584
vn 0.9231 -0.0347 -0.3830
vn 0.3974 0.4644 -0.7914
vn -0.1347 0.9800 0.1464
vn -0.4455 0.1672 0.8795
vn 0.9207 0.2178 0.3238
vn 0.0446 0.8827 -0.4679
vn -0.2933 0.7190 -0.6300
vn -0.4220 -0.0554 -0.9049
vn -0.9383 -0.0554 -0.3415
vn -0.6541 0.7178 -0.2385
vn -0.9049 -0.0554 0.4220
vn -0.6319 0.7170 0.2945
vn -0.3415 -0.0554 0.9382
vn -0.2383 0.7170 0.6551
vn 0.4220 -0.0554 0.9049
vn 0.2947 0.7178 0.6308
vn 0.9383 -0.0554 0.3415
vn 0.6555 0.7158 0.2407
vn 0.9049 -0.0554 -0.4220
vn 0.3415 -0.0554 -0.9383
vn 0.2364 0.7163 -0.6565
vn -0.2589 -0.7904 -0.5552
vn -0.5757 -0.7904 -0.2095
vn -0.5552 -0.7904 0.2589
vn -0.2095 -0.7904 0.5757
vn 0.2589 -0.7904 0.5552
vn 0.5757 -0.7904 0.2095
vn 0.5552 -0.7904 -0.2589
vn 0.2095 -0.7904 -0.5757
vn -0.2472 0.9524 0.1785
vn 0.5906 0.8067 0.0195
vn -0.4698 0.6171 -0.6313
vn 0.9760 -0.2147 -0.0369
vn -0.7747 -0.1271 0.6194
vn -0.1548 0.4826 -0.8620
vn -0.8025 -0.1620 0.5743
vn 0.9456 -0.3033 -0.1179
vn -0.0662 0.7193 -0.6916
vn 0.3008 0.9522 0.0531
vn 0.3008 0.9522 0.0530
vn 0.0530 0.9522 -0.3008
vn 0.0530 0.9522 -0.3007
vn -0.3008 0.9522 -0.0530
vn -0.3008 0.9522 -0.0529
vn -0.0530 0.9522 0.3008
vn -0.0529 0.9522 0.3008
vn 0.3424 0.9376 0.0605
vn 0.3424 0.9376 0.0604
vn 0.0604 0.9376 -0.3424
vn 0.0605 0.9376 -0.3424
vn -0.3424 0.9376 -0.0604
vn -0.0604 0.9376 0.3424
vn -0.0605 0.9376 0.3424
vn 0.2414 0.8342 -0.4958
vn 0.6699 0.2264 -0.7071
vn 0.0000 0.0000 -1.0000
vn -0.2283 0.6755 -0.7012
vn -0.6699 -0.2264 -0.7071
vn -0.6980 0.5168 -0.4958
vn -0.9474 -0.3201 -0.0000
vn -0.8925 0.4510 0.0000
vn -0.6699 -0.2264 0.7071
vn -0.6980 0.5167 0.4958
vn 0.0000 -0.0000 1.0000
vn -0.2283 0.6755 0.7012
vn 0.6699 0.2264 0.7071
vn 0.2414 0.8342 0.4958
vn 0.9474 0.3201 -0.0000
vn 0.4360 0.8999 -0.0000
vn 0.6970 -0.5198 -0.4939
vn 0.2291 -0.6779 -0.6985
vn -0.2389 -0.8360 -0.4939
vn -0.4327 -0.9015 -0.0000
vn -0.2389 -0.8360 0.4940
vn 0.2291 -0.6779 0.6985
vn 0.6970 -0.5198 0.4939
vn 0.8909 -0.4543 -0.0000
vn 0.3201 -0.9474 -0.0000
vn -0.2151 0.7121 -0.6684
vn 0.1838 0.8721 -0.4536
vn -0.6828 0.4755 -0.5547
vn -0.9602 0.2771 -0.0363
vn -0.7383 0.3020 0.6031
vn -0.1483 0.5513 0.8210
vn 0.3110 0.8115 0.4947
vn 0.3952 0.9183 -0.0243
vn 0.4033 0.7006 -0.5886
vn -0.1219 0.3511 -0.9284
vn -0.6072 -0.2282 -0.7610
vn -0.7247 -0.6818 -0.1001
vn -0.3878 -0.6899 0.6112
vn 0.1840 -0.2752 0.9436
vn 0.6490 0.3107 0.6945
vn 0.7187 0.6936 0.0484
vn 0.2252 0.8246 -0.5190
vn -0.2546 0.3589 -0.8980
vn -0.6030 -0.3778 -0.7026
vn -0.5624 -0.8210 -0.0985
vn -0.2652 -0.8335 0.4847
vn 0.1665 -0.4660 0.8690
vn 0.5647 0.2482 0.7871
vn 0.5674 0.8106 0.1449
vn 0.0575 0.9962 0.0659
vn 0.0575 0.9962 0.0658
vn -0.2339 0.8977 -0.3734
vn -0.2339 0.8977 -0.3735
vn -0.6500 0.7571 -0.0658
vn -0.6499 0.7571 -0.0659
vn -0.3586 0.8556 0.3734
vn -0.3584 0.8556 0.3734
vn -0.0976 0.9952 -0.0000
vn -0.1848 0.8829 0.4317
vn 0.3615 0.7936 0.4894
vn 0.8509 0.5194 0.0786
vn 0.7659 0.3579 -0.5342
vn 0.2525 0.2817 -0.9257
vn -0.4005 0.2977 -0.8666
vn -0.7748 0.5260 -0.3507
vn -0.5582 0.8078 0.1896
vn -0.2287 0.7408 0.6316
vn -0.2628 0.0014 0.9649
vn 0.5062 -0.0031 0.8624
vn 0.2984 0.7501 0.5901
vn 0.9670 -0.0087 0.2547
vn 0.6350 0.7515 0.1787
vn 0.8697 -0.0071 -0.4936
vn 0.5626 0.7516 -0.3445
vn 0.2628 -0.0014 -0.9649
vn 0.1268 0.7480 -0.6515
vn -0.5062 0.0031 -0.8624
vn -0.3857 0.7364 -0.5559
vn -0.9670 0.0087 -0.2547
vn -0.6686 0.7264 -0.1591
vn -0.8697 0.0071 0.4936
vn -0.6104 0.7287 0.3105
vn -0.1215 -0.7664 0.6307
vn 0.3772 -0.7512 0.5416
vn 0.6547 -0.7397 0.1555
vn 0.5975 -0.7423 -0.3033
vn 0.2237 -0.7566 -0.6144
vn -0.2869 -0.7701 -0.5698
vn -0.6079 -0.7753 -0.1714
vn -0.5393 -0.7744 0.3309
vn 0.0859 -0.9963 -0.0000
vn 0.2355 0.7835 0.5751
vn -0.2334 0.7839 0.5753
vn 0.6640 0.7063 0.2455
vn 0.7265 0.5750 -0.3763
vn 0.1937 0.4832 -0.8538
vn -0.5188 0.5117 -0.6848
vn -0.7662 0.6296 -0.1286
vn -0.6000 0.7298 0.3278
vn -0.2709 0.5248 0.8069
vn 0.4832 0.3951 0.7813
vn 0.9653 0.0062 0.2611
vn 0.8436 -0.3673 -0.3918
vn 0.2519 -0.5259 -0.8124
vn -0.5364 -0.3691 -0.7590
vn -0.9769 0.0253 -0.2124
vn -0.8317 0.3736 0.4107
vn -0.2454 0.6896 0.6813
vn 0.4792 0.4954 0.7245
vn 0.9554 -0.0530 0.2906
vn 0.7925 -0.5307 -0.3005
vn 0.2398 -0.6856 -0.6874
vn -0.5108 -0.4625 -0.7247
vn -0.9597 0.0937 -0.2649
vn -0.7831 0.5384 0.3114
vn 0.1334 0.9902 0.0415
vn 0.1334 0.9902 0.0416
vn -0.0599 0.9699 -0.2359
vn -0.0598 0.9699 -0.2359
vn -0.3358 0.9410 -0.0416
vn -0.3358 0.9410 -0.0417
vn -0.1426 0.9613 0.2359
vn -0.1425 0.9613 0.2359
vn -0.3990 -0.6026 0.6911
vn -0.7980 -0.6027 -0.0000
vn -0.3990 -0.6027 -0.6911
vn 0.3990 -0.6027 -0.6911
vn 0.7980 -0.6026 -0.0000
vn 0.3990 -0.6027 0.6911
vn 0.4896 -0.0023 -0.8720
vn 0.9997 -0.0250 -0.0000
vn -0.5094 0.0405 -0.8596
vn -0.9982 0.0605 -0.0000
vn -0.5094 0.0405 0.8596
vn 0.4896 -0.0023 0.8720
vn 0.9931 -0.1175 -0.0000
vn 0.4875 -0.0486 -0.8718
vn -0.5067 0.0813 -0.8583
vn -0.9899 0.1417 -0.0000
vn -0.5067 0.0814 0.8583
vn 0.4876 -0.0486 0.8717
vn 0.9538 -0.2835 -0.0992
vn 0.9946 0.0984 -0.0319
vn 0.4667 0.1576 -0.8703
vn 0.4480 0.1947 -0.8726
vn -0.4415 0.4897 -0.7519
vn -0.4991 0.1184 -0.8584
vn -0.9346 0.3557 -0.0076
vn -0.9992 0.0244 -0.0309
vn -0.6453 -0.1230 0.7540
vn -0.5246 -0.0524 0.8497
vn 0.3429 -0.4739 0.8111
vn 0.5031 -0.0174 0.8641
vn 0.7393 -0.6173 -0.2689
vn 0.4108 0.4574 -0.7886
vn -0.1211 0.8443 -0.5220
vn -0.5752 0.8176 0.0261
vn -0.6184 -0.1183 0.7769
vn 0.1184 -0.8208 0.5589
vn 0.9365 -0.3508 -0.0000
vn 0.4888 -0.2263 -0.8425
vn 0.5324 -0.0493 -0.8450
vn 0.9971 -0.0760 -0.0003
vn -0.4812 0.0651 -0.8742
vn -0.4613 0.0205 -0.8870
vn -0.9747 0.2236 -0.0001
vn -0.9979 0.0643 -0.0003
vn -0.4812 0.0651 0.8742
vn -0.4616 0.0188 0.8869
vn 0.4889 -0.2263 0.8425
vn 0.5327 -0.0509 0.8448
vn 0.9300 0.2626 -0.2571
vn 0.8673 -0.4937 0.0634
vn 0.4445 0.8941 0.0545
vn -0.0599 0.7323 0.6784
vn -0.0997 -0.0487 0.9938
vn 0.3587 -0.6428 0.6769
vn 0.4679 -0.1328 -0.8737
vn 0.9612 -0.2758 -0.0000
vn -0.5097 0.1313 -0.8503
vn -0.9696 0.2446 -0.0000
vn -0.5098 0.1313 0.8502
vn 0.4680 -0.1329 0.8737
vn 0.7579 0.1642 0.6314
vn -0.9582 0.2369 0.1605
vn -0.6812 0.5365 -0.4980
vn -0.1898 0.1677 -0.9674
vn -0.0021 -0.6391 -0.7691
vn -0.3090 -0.9399 -0.1455
vn -0.7454 -0.5618 0.3588
vn 0.4260 -0.6433 -0.6362
vn -0.0785 -0.9830 0.1662
vn 0.4884 0.4318 -0.7583
vn 0.0698 0.9865 -0.1482
vn -0.3930 0.6910 0.6067
vn -0.4800 -0.3476 0.8055
vn 0.2095 -0.6829 -0.6998
vn -0.4140 -0.9078 0.0664
vn 0.6332 0.3195 -0.7050
vn 0.4015 0.9134 -0.0665
vn -0.1421 0.7470 0.6494
vn -0.5926 -0.2220 0.7743
vn 0.0029 -0.6562 -0.7546
vn -0.7262 -0.6836 -0.0728
vn 0.7739 0.1032 -0.6249
vn 0.7240 0.6872 0.0591
vn 0.1145 0.6846 0.7198
vn -0.6970 -0.0455 0.7156
vn 0.0949 -0.9139 -0.3947
vn -0.5558 -0.8301 0.0457
vn 0.8006 -0.5969 -0.0522
vn 0.7587 -0.2287 0.6100
vn 0.1001 -0.0857 0.9913
vn -0.6050 -0.4561 0.6526
vn 0.8513 0.5172 -0.0881
vn 0.8519 0.5229 0.0295
vn 0.8462 0.5113 -0.1502
vn 0.8282 0.4952 -0.2623
vn 0.3941 0.9104 0.1258
vn 0.3648 0.9311 0.0049
vn 0.4044 0.8976 0.1752
vn 0.4241 0.8586 0.2880
vn 0.8497 0.5047 0.1525
vn 0.9004 0.4074 0.1524
vn 0.8208 0.5507 0.1519
vn 0.7550 0.6385 0.1492
vn -0.8513 -0.5172 0.0882
vn -0.8283 -0.4952 0.2622
vn -0.8462 -0.5112 0.1502
vn -0.8519 -0.5229 -0.0295
vn -0.3941 -0.9104 -0.1258
vn -0.4241 -0.8587 -0.2879
vn -0.4044 -0.8977 -0.1752
vn -0.3647 -0.9311 -0.0050
vn -0.8497 -0.5048 -0.1525
vn -0.7549 -0.6386 -0.1492
vn -0.8208 -0.5507 -0.1519
vn -0.9004 -0.4074 -0.1524
vn 0.7309 0.4105 0.5453
vn 0.0566 0.7701 0.6354
vn -0.6304 0.4171 0.6547
vn -0.6276 -0.4371 0.6443
vn 0.0503 -0.7879 0.6138
vn 0.7244 -0.4428 0.5283
vn -0.8209 -0.5215 0.2327
vn 0.1069 -0.9231 0.3694
vn -0.8715 0.4628 -0.1622
vn -0.1074 0.9231 -0.3693
vn 0.7447 0.5991 -0.2941
vn 0.9222 -0.3748 0.0952
vn -0.7783 -0.4552 0.4325
vn 0.1942 -0.6240 0.7569
vn -0.9027 0.2279 -0.3650
vn -0.2022 0.6330 -0.7473
vn 0.6635 0.5003 -0.5563
vn 0.9588 -0.1493 0.2415
vn -0.7508 -0.3105 0.5831
vn 0.2045 -0.0698 0.9764
vn -0.8753 -0.1671 -0.4537
vn -0.2229 0.0988 -0.9698
vn 0.6269 0.2140 -0.7491
vn 0.9385 0.1697 0.3008
vn -0.5244 -0.6267 0.5765
vn 0.1648 -0.3663 0.9158
vn -0.4389 -0.8669 -0.2363
vn 0.1593 -0.8025 -0.5750
vn 0.8422 -0.4715 -0.2615
vn 0.7579 -0.2715 0.5932
vn 0.0416 -0.4833 0.8745
vn 0.2912 -0.3941 0.8717
vn 0.3447 -0.4214 0.8388
vn 0.0955 -0.5202 0.8487
vn 0.3015 -0.4150 0.8584
vn 0.5489 -0.0903 0.8310
vn 0.4644 0.0874 0.8813
vn 0.2401 -0.1589 0.9576
vn 0.0626 -0.8831 0.4650
vn 0.1242 -0.8603 0.4944
vn -0.0627 -0.8830 0.4652
vn -0.1111 -0.8975 0.4268
vn 0.2391 0.3591 0.9022
vn 0.1345 0.6613 0.7380
vn -0.0353 0.4689 0.8825
vn 0.1055 0.1617 0.9812
vn -0.0558 -0.0522 0.9971
vn -0.1758 0.4303 0.8854
vn 0.1347 0.1227 0.9833
vn 0.3115 0.4065 0.8589
vn -0.1740 0.7569 0.6299
vn -0.0487 0.9379 0.3434
vn -0.1974 0.6583 0.7264
vn -0.2593 -0.8797 0.3987
vn -0.3161 -0.8840 0.3444
vn 0.5898 0.4277 0.6850
vn 0.6314 0.2157 0.7448
vn 0.3956 0.7233 0.5660
vn 0.5959 -0.3073 0.7419
vn 0.5366 -0.2964 0.7900
vn -0.0411 0.4845 -0.8738
vn -0.0954 0.5215 -0.8479
vn -0.3449 0.4229 -0.8380
vn -0.2905 0.3958 -0.8712
vn -0.3014 0.4154 -0.8583
vn -0.2405 0.1611 -0.9572
vn -0.4648 -0.0857 -0.8813
vn -0.5483 0.0927 -0.8312
vn -0.0622 0.8834 -0.4645
vn 0.1117 0.8976 -0.4264
vn 0.0624 0.8831 -0.4650
vn -0.1243 0.8606 -0.4939
vn -0.2393 -0.3565 -0.9031
vn -0.1047 -0.1592 -0.9817
vn 0.0353 -0.4669 -0.8836
vn -0.1343 -0.6593 -0.7397
vn 0.0559 0.0529 -0.9970
vn 0.1756 -0.4260 -0.8875
vn -0.1346 -0.1204 -0.9836
vn -0.3124 -0.4044 -0.8596
vn 0.1744 -0.7543 -0.6329
vn 0.0486 -0.9364 -0.3477
vn 0.1980 -0.6549 -0.7293
vn 0.3163 0.8840 -0.3443
vn 0.2592 0.8797 -0.3987
vn -0.5908 -0.4254 -0.6856
vn -0.6322 -0.2130 -0.7449
vn -0.3974 -0.7208 -0.5679
vn -0.5960 0.3091 -0.7411
vn -0.5368 0.2983 -0.7892
vn -0.0581 0.1371 -0.9889
vn 0.5797 0.4335 -0.6899
vn 0.9844 0.1290 -0.1194
vn 0.7464 -0.6468 0.1567
vn 0.1552 -0.9692 -0.1911
vn -0.2922 -0.6401 -0.7105
vn 0.6680 -0.4627 0.5829
vn 0.0011 -0.9998 0.0204
vn 0.6199 0.5922 0.5148
vn 0.0118 0.9996 -0.0268
vn -0.6265 0.5803 -0.5203
vn -0.6875 -0.4816 -0.5435
vn 0.8134 -0.3928 0.4291
vn 0.3306 -0.8747 -0.3544
vn 0.4019 0.5372 0.7416
vn -0.3199 0.8832 0.3430
vn -0.8137 0.5016 -0.2939
vn -0.5363 -0.4317 -0.7253
vn 0.9339 -0.2104 0.2890
vn 0.5931 -0.4634 -0.6584
vn 0.2331 0.2957 0.9264
vn -0.5856 0.4879 0.6473
vn -0.9632 0.2434 -0.1140
vn -0.4042 -0.2668 -0.8749
vn 0.8022 -0.5103 0.3100
vn 0.6733 -0.5640 -0.4781
vn 0.1147 -0.6014 0.7907
vn -0.5579 -0.6935 0.4557
vn -0.6886 -0.6498 -0.3218
vn 0.0353 -0.5920 -0.8051
vn -0.3142 0.8231 0.4731
vn -0.2617 0.8281 0.4958
vn -0.0763 0.9566 0.2813
vn -0.1298 0.9578 0.2566
vn -0.1128 0.9904 0.0793
vn -0.2177 0.9759 0.0154
vn -0.4165 0.8770 0.2394
vn -0.3152 0.8947 0.3164
vn -0.7229 -0.0118 0.6909
vn -0.7435 0.3209 0.5867
vn -0.7718 0.1596 0.6155
vn -0.7110 -0.2021 0.6735
vn -0.4194 0.6098 0.6725
vn -0.3712 0.6036 0.7056
vn -0.2089 0.8237 0.5271
vn 0.0028 0.9728 -0.2316
vn -0.0875 0.9443 -0.3171
vn -0.3145 0.9463 -0.0751
vn -0.6863 0.6005 0.4103
vn -0.7432 0.4661 0.4800
vn -0.4652 0.6079 0.6434
vn -0.0224 0.9534 0.3009
vn 0.0975 0.9821 -0.1614
vn -0.5118 0.8428 0.1668
vn 0.3143 -0.8230 -0.4731
vn 0.1297 -0.9578 -0.2565
vn 0.0762 -0.9566 -0.2813
vn 0.2618 -0.8280 -0.4958
vn 0.1127 -0.9905 -0.0792
vn 0.3152 -0.8947 -0.3164
vn 0.4165 -0.8770 -0.2394
vn 0.2177 -0.9759 -0.0153
vn 0.7229 0.0120 -0.6909
vn 0.7110 0.2023 -0.6735
vn 0.7718 -0.1597 -0.6155
vn 0.7435 -0.3208 -0.5867
vn 0.4196 -0.6096 -0.6726
vn 0.2089 -0.8236 -0.5272
vn 0.3713 -0.6034 -0.7057
vn -0.0030 -0.9728 0.2318
vn 0.3144 -0.9463 0.0752
vn 0.0873 -0.9443 0.3173
vn 0.7432 -0.4662 -0.4800
vn 0.6863 -0.6006 -0.4102
vn 0.4653 -0.6077 -0.6435
vn 0.0224 -0.9534 -0.3009
vn -0.0977 -0.9820 0.1616
vn 0.5118 -0.8428 -0.1668
vn 0.1094 -0.4926 0.8634
vn -0.5207 -0.0606 0.8516
vn -0.9682 0.0534 0.2443
vn -0.7916 -0.4011 -0.4609
vn -0.2075 -0.8823 -0.4226
vn 0.2818 -0.9467 0.1559
vn -0.7205 0.0020 -0.6935
vn -0.0648 -0.7819 -0.6201
vn -0.6032 0.7976 -0.0058
vn 0.0523 0.7781 0.6260
vn 0.6838 0.1303 0.7179
vn 0.6788 -0.7287 0.0904
vn -0.8544 -0.0323 -0.5187
vn -0.3693 -0.9022 -0.2231
vn -0.3991 0.8864 -0.2347
vn 0.3596 0.9022 0.2381
vn 0.8556 0.2011 0.4770
vn 0.5394 -0.7956 0.2759
vn -0.9570 0.0304 -0.2885
vn -0.5918 -0.7538 0.2856
vn -0.2541 0.8026 -0.5396
vn 0.5864 0.7666 -0.2615
vn 0.9807 0.1015 0.1674
vn 0.4244 -0.7524 0.5037
vn -0.8454 -0.1980 -0.4961
vn -0.6861 -0.7223 0.0874
vn -0.1866 0.0048 -0.9824
vn 0.4927 -0.2873 -0.8214
vn 0.6598 -0.7277 -0.1874
vn -0.0376 -0.9581 0.2839
vn 0.3446 0.9335 0.0990
vn 0.2916 0.9525 0.0878
vn 0.1240 0.9288 0.3491
vn 0.1786 0.9135 0.3656
vn 0.1714 0.8323 0.5272
vn 0.2779 0.7794 0.5615
vn 0.4601 0.8321 0.3096
vn 0.3569 0.8953 0.2666
vn 0.6900 0.3928 -0.6079
vn 0.7361 0.5934 -0.3257
vn 0.7528 0.4821 -0.4481
vn 0.6670 0.2313 -0.7083
vn 0.7698 0.4455 -0.4571
vn 0.7551 0.1793 -0.6306
vn 0.6181 0.1515 -0.7713
vn 0.6420 0.4538 -0.6180
vn 0.4274 0.8826 -0.1958
vn 0.3775 0.8990 -0.2223
vn 0.2372 0.9693 0.0641
vn 0.0685 0.6323 0.7717
vn 0.1605 0.5556 0.8158
vn 0.3764 0.6987 0.6084
vn 0.8789 0.1420 -0.4555
vn 0.8073 -0.1435 -0.5725
vn 0.6735 -0.1437 -0.7251
vn 0.8664 0.4181 -0.2730
vn 0.5136 -0.1522 -0.8444
vn 0.7043 0.7098 -0.0127
vn 0.7495 0.6440 -0.1534
vn 0.4742 0.8624 -0.1771
vn 0.0693 0.9395 0.3355
vn -0.0283 0.6845 0.7285
vn 0.5561 0.7586 0.3396
vn -0.3446 -0.9335 -0.0989
vn -0.1785 -0.9135 -0.3656
vn -0.1240 -0.9288 -0.3491
vn -0.2916 -0.9525 -0.0877
vn -0.1713 -0.8322 -0.5273
vn -0.3569 -0.8953 -0.2665
vn -0.4601 -0.8321 -0.3096
vn -0.2778 -0.7794 -0.5616
vn -0.6900 -0.3927 0.6080
vn -0.6669 -0.2312 0.7084
vn -0.7528 -0.4821 0.4481
vn -0.7361 -0.5933 0.3259
vn -0.7697 -0.4456 0.4572
vn -0.6420 -0.4538 0.6180
vn -0.6181 -0.1514 0.7714
vn -0.7551 -0.1792 0.6306
vn -0.4275 -0.8825 0.1960
vn -0.2373 -0.9693 -0.0640
vn -0.3776 -0.8989 0.2225
vn -0.0683 -0.6322 -0.7718
vn -0.3764 -0.6986 -0.6085
vn -0.1603 -0.5555 -0.8159
vn -0.8788 -0.1418 0.4556
vn -0.6734 0.1440 0.7251
vn -0.8072 0.1438 0.5725
vn -0.8664 -0.4182 0.2729
vn -0.5135 0.1525 0.8444
vn -0.7495 -0.6440 0.1533
vn -0.7042 -0.7099 0.0126
vn -0.4743 -0.8623 0.1774
vn -0.0693 -0.9395 -0.3356
vn 0.0285 -0.6844 -0.7286
vn -0.5561 -0.7586 -0.3396
vn -0.9385 0.2969 0.1763
vn -0.6140 0.6560 -0.4389
vn -0.1441 0.3525 -0.9247
vn 0.0102 -0.4913 -0.8709
vn -0.3767 -0.8683 -0.3227
vn -0.7982 -0.5638 0.2123
vn 0.4383 -0.2157 -0.8726
vn -0.1885 -0.9049 -0.3817
vn 0.5819 0.7009 -0.4126
vn 0.1854 0.9219 0.3402
vn -0.3358 0.4105 0.8478
vn -0.5964 -0.5844 0.5503
vn 0.3917 0.0929 -0.9154
vn -0.5651 -0.3336 -0.7545
vn 0.8958 0.4401 -0.0615
vn 0.5512 0.3860 0.7397
vn -0.1801 -0.0082 0.9836
vn -0.8664 -0.4130 0.2806
vn 0.4729 0.4314 -0.7683
vn -0.5856 0.4749 -0.6569
vn 0.9962 -0.0867 0.0124
vn 0.5834 -0.4272 0.6908
vn -0.2606 -0.5216 0.8124
vn -0.9815 -0.0809 0.1735
vn 0.4367 0.1985 -0.8774
vn -0.2984 0.5417 -0.7858
vn 0.4726 -0.6279 -0.6184
vn -0.1612 -0.9339 -0.3192
vn -0.8234 -0.5544 -0.1207
vn -0.8615 0.2844 -0.4206
vn 0.7034 -0.3370 0.6259
vn 0.7070 -0.3736 0.6005
vn 0.7374 -0.1756 0.6522
vn 0.7301 -0.1305 0.6707
vn 0.6097 0.4719 0.6369
vn 0.4138 0.7815 0.4669
vn 0.3823 0.6650 0.6416
vn 0.5537 0.3228 0.7676
vn 0.1553 -0.8450 0.5117
vn 0.0817 -0.9383 0.3362
vn -0.0660 -0.9969 -0.0422
vn 0.0236 -0.9655 0.2595
vn 0.2608 -0.5547 0.7901
vn 0.1724 -0.7193 0.6729
vn -0.2496 -0.9495 0.1901
vn -0.4521 -0.8206 -0.3497
vn -0.0824 -0.8317 0.5491
vn 0.1470 0.9731 0.1776
vn 0.1383 0.9108 0.3891
vn 0.3227 0.5284 0.7853
vn 0.4784 0.1223 0.8696
vn 0.1245 0.8165 0.5637
vn 0.6459 -0.5310 0.5484
vn 0.6492 -0.5532 0.5221
vn 0.6844 -0.4058 0.6057
vn 0.7177 -0.2200 0.6607
vn 0.6262 -0.5751 0.5265
vn -0.7034 0.3370 -0.6259
vn -0.7302 0.1305 -0.6707
vn -0.7374 0.1755 -0.6522
vn -0.7070 0.3735 -0.6005
vn -0.6097 -0.4718 -0.6369
vn -0.5538 -0.3227 -0.7676
vn -0.3822 -0.6651 -0.6415
vn -0.4139 -0.7815 -0.4669
vn -0.1552 0.8454 -0.5111
vn -0.0234 0.9656 -0.2589
vn 0.0662 0.9969 0.0427
vn -0.0814 0.9383 -0.3360
vn -0.2609 0.5545 -0.7902
vn -0.1721 0.7194 -0.6730
vn 0.2499 0.9494 -0.1901
vn 0.4527 0.8198 0.3506
vn 0.0824 0.8318 -0.5490
vn -0.1380 -0.9109 -0.3888
vn -0.1466 -0.9732 -0.1771
vn -0.3226 -0.5287 -0.7851
vn -0.4784 -0.1220 -0.8696
vn -0.1243 -0.8168 -0.5634
vn -0.6459 0.5310 -0.5485
vn -0.6492 0.5532 -0.5221
vn -0.6845 0.4058 -0.6057
vn -0.7177 0.2199 -0.6607
vn -0.6262 0.5750 -0.5265
vn 0.8742 -0.2370 -0.4239
vn 0.9579 0.0682 0.2790
vn 0.4825 -0.0268 0.8755
vn -0.1402 -0.6212 0.7710
vn -0.1685 -0.9793 0.1126
vn 0.2409 -0.8136 -0.5292
vn -0.2661 -0.3203 0.9092
vn -0.1961 -0.9782 0.0681
vn -0.0317 0.7074 0.7061
vn 0.2209 0.9703 -0.0985
vn 0.2596 0.4901 -0.8321
vn 0.0576 -0.5223 -0.8508
vn 0.1740 -0.2089 0.9623
vn 0.5748 -0.8059 0.1417
vn -0.4154 0.6305 0.6557
vn -0.5354 0.8260 -0.1766
vn -0.3053 0.3785 -0.8738
vn 0.2614 -0.4802 -0.8373
vn 0.4313 0.1870 0.8826
vn 0.9988 0.0257 -0.0418
vn -0.6514 0.1502 0.7437
vn -0.9969 0.0784 -0.0106
vn -0.6653 -0.1961 -0.7204
vn 0.3546 -0.2897 -0.8890
vn 0.5567 -0.1204 0.8219
vn 0.9665 -0.1885 0.1743
vn -0.2464 -0.5808 0.7758
vn -0.4029 -0.8916 0.2065
vn -0.0329 -0.8698 -0.4923
vn 0.7845 -0.4472 -0.4296
vn -0.5774 0.8094 -0.1073
vn -0.5975 0.7950 -0.1045
vn -0.5767 0.8062 -0.1317
vn -0.5615 0.8169 -0.1317
vn -0.9720 0.1676 -0.1644
vn -0.9744 0.2246 0.0041
vn -0.9804 0.1206 0.1555
vn -0.9979 0.0005 0.0648
vn 0.0595 0.9777 -0.2012
vn 0.0573 0.9774 -0.2035
vn 0.0604 0.9779 -0.2003
vn 0.0627 0.9782 -0.1978
vn -0.8393 0.4735 -0.2671
vn -0.8290 0.4972 -0.2559
vn -0.8466 0.4555 -0.2753
vn -0.8561 0.4301 -0.2866
vn -0.8146 -0.5722 0.0951
vn -0.7271 -0.6774 0.1114
vn -0.9018 -0.4260 0.0722
vn -0.9485 -0.3122 0.0543
vn -0.3583 -0.8995 0.2499
vn 0.0248 -0.9068 0.4207
vn -0.2640 -0.9170 0.2991
vn -0.5553 -0.8216 0.1286
vn -0.6339 0.7683 -0.0893
vn -0.6071 0.7854 -0.1207
vn -0.6279 -0.6315 0.4550
vn -0.6357 -0.7659 0.0965
vn -0.8257 -0.4283 0.3671
vn -0.8115 -0.2216 0.5407
vn 0.5775 -0.8093 0.1074
vn 0.5616 -0.8169 0.1319
vn 0.5769 -0.8061 0.1318
vn 0.5978 -0.7948 0.1045
vn 0.9721 -0.1676 0.1643
vn 0.9979 -0.0000 -0.0650
vn 0.9805 -0.1203 -0.1554
vn 0.9745 -0.2245 -0.0040
vn -0.0597 -0.9777 0.2012
vn -0.0630 -0.9782 0.1978
vn -0.0607 -0.9779 0.2002
vn -0.0576 -0.9774 0.2034
vn 0.8394 -0.4735 0.2671
vn 0.8561 -0.4300 0.2866
vn 0.8466 -0.4554 0.2753
vn 0.8290 -0.4972 0.2559
vn 0.8141 0.5729 -0.0953
vn 0.9483 0.3128 -0.0545
vn 0.9016 0.4265 -0.0724
vn 0.7265 0.6780 -0.1117
vn 0.3568 0.9000 -0.2503
vn 0.5542 0.8223 -0.1291
vn 0.2620 0.9174 -0.2996
vn -0.0273 0.9067 -0.4210
vn 0.6074 -0.7852 0.1208
vn 0.6343 -0.7680 0.0892
vn 0.6272 0.6332 -0.4536
vn 0.8114 0.2227 -0.5404
vn 0.8252 0.4296 -0.3667
vn 0.6345 0.7671 -0.0947
vn 0.5144 -0.7180 0.4688
vn -0.0890 -0.4689 0.8788
vn -0.7660 -0.2384 0.5970
vn -0.8906 -0.3803 -0.2494
vn -0.3307 -0.7011 -0.6317
vn 0.3923 -0.8391 -0.3768
vn -0.9866 -0.0528 -0.1544
vn -0.2924 -0.6876 -0.6646
vn -0.5475 0.6449 0.5333
vn 0.3246 0.6650 0.6727
vn 0.9446 0.2008 0.2597
vn 0.7281 -0.5170 -0.4501
vn -0.9394 -0.2073 0.2732
vn -0.1954 -0.9784 0.0671
vn -0.5807 0.7962 0.1702
vn 0.2400 0.9702 -0.0334
vn 0.8645 0.4268 -0.2655
vn 0.7589 -0.5970 -0.2601
vn -0.7396 -0.0335 0.6722
vn 0.2193 -0.5481 0.8071
vn -0.8014 0.5413 -0.2545
vn -0.1479 0.6289 -0.7633
vn 0.5407 0.1692 -0.8240
vn 0.8624 -0.4969 -0.0962
vn -0.7196 -0.3608 0.5933
vn -0.0372 -0.6915 0.7214
vn -0.9059 -0.2866 -0.3117
vn -0.4450 -0.4901 -0.7495
vn 0.2980 -0.7278 -0.6177
vn 0.4633 -0.8398 0.2829
vn 0.1625 0.9850 -0.0585
vn 0.1534 0.9848 -0.0817
vn 0.1855 0.9804 -0.0658
vn 0.1903 0.9806 -0.0479
vn 0.0225 0.6781 -0.7346
vn -0.1293 0.7373 -0.6631
vn -0.2970 0.6652 -0.6851
vn -0.2361 0.5706 -0.7866
vn 0.3971 0.7559 0.5205
vn 0.3988 0.7567 0.5180
vn 0.3963 0.7556 0.5216
vn 0.3944 0.7547 0.5243
vn 0.2049 0.8473 -0.4900
vn 0.2005 0.8617 -0.4661
vn 0.2080 0.8361 -0.5076
vn 0.2122 0.8199 -0.5317
vn -0.3462 -0.0016 -0.9382
vn -0.3674 -0.1366 -0.9200
vn -0.3105 0.1664 -0.9359
vn -0.2790 0.2851 -0.9170
vn -0.4807 -0.5190 -0.7068
vn -0.5802 -0.7312 -0.3588
vn -0.5151 -0.5837 -0.6277
vn -0.3826 -0.3513 -0.8545
vn 0.1271 0.9844 -0.1214
vn 0.1655 0.9813 -0.0986
vn -0.6727 -0.1327 -0.7279
vn -0.3546 -0.2620 -0.8975
vn -0.5823 0.1406 -0.8007
vn -0.7066 0.3135 -0.6344
vn -0.1625 -0.9850 0.0587
vn -0.1904 -0.9805 0.0480
vn -0.1855 -0.9804 0.0661
vn -0.1534 -0.9848 0.0820
vn -0.0223 -0.6781 0.7346
vn 0.2364 -0.5702 0.7868
vn 0.2968 -0.6650 0.6853
vn 0.1292 -0.7372 0.6632
vn -0.3971 -0.7558 -0.5207
vn -0.3944 -0.7546 -0.5245
vn -0.3963 -0.7554 -0.5218
vn -0.3988 -0.7565 -0.5183
vn -0.2048 -0.8473 0.4900
vn -0.2122 -0.8199 0.5318
vn -0.2080 -0.8361 0.5076
vn -0.2005 -0.8617 0.4662
vn 0.3465 0.0024 0.9381
vn 0.2792 -0.2845 0.9171
vn 0.3108 -0.1658 0.9359
vn 0.3677 0.1374 0.9197
vn 0.4809 0.5203 0.7058
vn 0.3829 0.3524 0.8539
vn 0.5153 0.5851 0.6261
vn 0.5800 0.7324 0.3566
vn -0.1655 -0.9812 0.0990
vn -0.1270 -0.9844 0.1219
vn 0.6715 0.1346 0.7287
vn 0.7065 -0.3126 0.6349
vn 0.5820 -0.1392 0.8012
vn 0.3529 0.2639 0.8977
vn -0.8852 0.0151 -0.4650
vn -0.3220 0.4003 -0.8579
vn 0.3918 0.1733 -0.9036
vn 0.6215 -0.5691 -0.5384
vn 0.0425 -0.9793 -0.1981
vn -0.6523 -0.7483 -0.1207
vn 0.9308 -0.2320 -0.2825
vn 0.2219 -0.9751 0.0052
vn 0.6063 0.7610 -0.2306
vn -0.2047 0.9786 0.0223
vn -0.8739 0.4016 0.2737
vn -0.6945 -0.6559 0.2957
vn 0.8695 -0.0137 -0.4938
vn 0.1035 -0.7683 -0.6316
vn 0.6518 0.7276 0.2141
vn -0.1041 0.7666 0.6336
vn -0.7840 0.1937 0.5898
vn -0.7510 -0.6597 -0.0279
vn 0.7504 0.3503 -0.5606
vn -0.0699 -0.0409 -0.9967
vn 0.7591 0.3287 0.5618
vn 0.0534 0.1194 0.9914
vn -0.6301 -0.2884 0.7209
vn -0.8119 -0.5123 -0.2801
vn 0.8557 -0.2305 -0.4633
vn 0.2590 -0.3991 -0.8796
vn 0.7448 -0.4879 0.4553
vn 0.1143 -0.8074 0.5788
vn -0.4774 -0.8576 0.1915
vn -0.3543 -0.5956 -0.7209
vn -0.7883 0.2454 0.5642
vn -0.9145 0.3482 -0.2061
vn -0.6619 -0.1139 -0.7409
vn -0.2346 -0.8239 -0.5159
vn -0.1630 -0.9526 0.2570
vn -0.3789 -0.4884 0.7861
vn 0.1260 -0.5778 -0.8064
vn 0.0961 -0.9787 0.1816
vn 0.0396 0.4615 -0.8862
vn -0.0640 0.9803 -0.1868
vn -0.1105 0.7142 0.6912
vn -0.0167 -0.3237 0.9460
vn -0.0918 -0.3873 -0.9174
vn -0.5330 -0.8452 -0.0393
vn 0.4635 0.4838 -0.7423
vn 0.5346 0.8441 0.0412
vn 0.2145 0.5397 0.8141
vn -0.3347 -0.3580 0.8717
vn -0.2018 -0.0197 -0.9792
vn -0.9370 -0.1683 -0.3059
vn 0.8246 0.1313 -0.5502
vn 0.9253 0.2460 0.2885
vn 0.3974 0.0606 0.9156
vn -0.5895 -0.2397 0.7714
vn -0.0696 -0.5788 -0.8125
vn -0.6947 -0.5949 -0.4043
vn 0.7216 -0.6370 -0.2712
vn 0.5748 -0.6974 0.4281
vn -0.0222 -0.6014 0.7986
vn -0.8031 -0.5419 0.2479
vn -0.2551 0.2454 0.9353
vn -0.8392 0.3484 0.4175
vn -0.9811 -0.1139 -0.1566
vn -0.5076 -0.8238 -0.2522
vn 0.0358 -0.9526 0.3022
vn 0.2028 -0.4884 0.8487
vn -0.4115 -0.5778 -0.7049
vn 0.1892 -0.9787 0.0801
vn -0.5289 0.4615 -0.7123
vn -0.1676 0.9803 -0.1044
vn 0.3507 0.7142 0.6058
vn 0.5844 -0.3236 0.7441
vn -0.6505 -0.3875 -0.6532
vn -0.4382 -0.8452 0.3060
vn -0.1093 0.4838 -0.8683
vn 0.4406 0.8441 -0.3054
vn 0.6803 0.5397 0.4959
vn 0.2909 -0.3580 0.8873
vn -0.7747 -0.0196 -0.6321
vn -0.9199 -0.1682 0.3543
vn 0.2920 0.1313 -0.9474
vn 0.8997 0.2460 -0.3606
vn 0.8863 0.0606 0.4591
vn 0.0301 -0.2397 0.9704
vn -0.5671 -0.5787 -0.5861
vn -0.7939 -0.5950 0.1252
vn 0.3883 -0.6366 -0.6663
vn 0.7160 -0.6974 -0.0309
vn 0.4873 -0.6013 0.6332
vn -0.4658 -0.5422 0.6994
s 1
f 1/1/1 2/2/2 3/3/3
f 3/3/3 4/4/4 1/1/1
f 4/4/4 3/3/3 5/5/5
f 5/5/5 6/6/6 4/4/4
f 6/6/6 5/5/5 7/7/7
f 7/7/7 8/8/8 6/6/6
f 8/8/8 7/7/7 9/9/9
f 9/9/9 10/10/10 8/8/8
f 10/10/10 9/9/9 11/11/11
f 11/11/11 12/12/12 10/10/10
f 12/12/12 11/11/11 13/13/13
f 13/13/13 14/14/14 12/12/12
f 14/14/14 13/13/13 15/15/15
f 15/15/15 16/16/16 14/14/14
f 16/16/16 15/15/15 2/17/2
f 2/17/2 1/18/1 16/16/16
f 2/2/2 17/19/17 18/20/18
f 18/20/18 3/3/3 2/2/2
f 3/3/3 18/20/18 19/21/19
f 19/21/19 5/5/5 3/3/3
f 5/5/5 19/21/19 20/22/20
f 20/22/20 7/7/7 5/5/5
f 7/7/7 20/22/20 21/23/21
f 21/23/21 9/9/9 7/7/7
f 9/9/9 21/23/21 22/24/22
f 22/24/22 11/11/11 9/9/9
f 11/11/11 22/24/22 23/25/23
f 23/25/23 13/13/13 11/11/11
f 13/13/13 23/25/23 24/26/24
f 24/26/24 15/15/15 13/13/13
f 15/15/15 24/26/24 17/27/17
f 17/27/17 2/17/2 15/15/15
f 25/28/25 18/20/18 17/19/17
f 25/28/25 19/21/19 18/20/18
f 25/28/25 20/22/20 19/21/19
f 25/28/25 21/23/21 20/22/20
f 25/28/25 22/24/22 21/23/21
f 25/28/25 23/25/23 22/24/22
f 25/28/25 24/26/24 23/25/23
f 25/28/25 17/27/17 24/26/24
f 26/29/26 27/30/27 1/1/1
f 1/1/1 4/4/4 26/29/26
f 28/31/28 26/29/26 4/4/4
f 4/4/4 6/6/6 28/31/28
f 29/32/29 28/31/28 6/6/6
f 6/6/6 8/8/8 29/32/29
f 30/33/30 29/32/29 8/8/8
f 8/8/8 10/10/10 30/33/30
f 31/34/31 30/33/30 10/10/10
f 10/10/10 12/12/12 31/34/31
f 32/35/32 31/34/31 12/12/12
f 12/12/12 14/14/14 32/35/32
f 33/36/33 32/35/32 14/14/14
f 14/14/14 16/16/16 33/36/33
f 27/37/27 33/36/33 16/16/16
f 16/16/16 1/18/1 27/37/27
f 34/38/34 27/39/27 26/40/26
f 26/40/26 35/41/35 34/38/34
f 35/41/35 26/40/26 28/42/28
f 28/42/28 36/43/36 35/41/35
f 36/43/36 28/42/28 29/44/29
f 29/44/29 37/45/37 36/43/36
f 37/45/37 29/44/29 30/46/30
f 30/46/30 38/47/38 37/45/37
f 39/48/39 38/47/38 30/46/30
f 30/46/30 31/49/31 39/48/39
f 40/50/40 39/48/39 31/49/31
f 31/49/31 32/51/32 40/50/40
f 41/52/41 40/50/40 32/51/32
f 32/51/32 33/53/33 41/52/41
f 34/54/34 41/52/41 33/53/33
f 33/53/33 27/55/27 34/54/34
f 42/56/42 34/38/34 35/41/35
f 35/41/35 43/57/43 42/56/42
f 43/57/43 35/41/35 36/43/36
f 36/43/36 44/58/44 43/57/43
f 44/58/44 36/43/36 37/45/37
f 37/45/37 45/59/45 44/58/44
f 45/59/45 37/45/37 38/47/38
f 38/47/38 46/60/46 45/59/45
f 46/60/46 38/47/38 39/48/39
f 39/48/39 47/61/47 46/60/46
f 47/61/47 39/48/39 40/50/40
f 40/50/40 48/62/48 47/61/47
f 48/62/48 40/50/40 41/52/41
f 41/52/41 49/63/49 48/62/48
f 49/63/49 41/52/41 34/54/34
f 34/54/34 42/64/42 49/63/49
s 2
f 50/65/50 51/66/51 52/67/52
f 50/68/50 52/67/52 53/69/53
f 50/70/50 53/69/53 51/71/51
f 54/72/54 55/73/55 56/74/56
f 56/74/56 57/75/57 54/72/54
f 57/75/57 56/74/56 58/76/58
f 58/76/58 59/77/59 57/75/57
f 59/77/59 58/76/58 60/78/60
f 60/78/60 61/79/61 59/77/59
f 61/79/61 60/78/60 62/80/62
f 62/80/62 63/81/63 61/79/61
f 63/81/63 62/80/62 64/82/64
f 64/82/64 65/83/65 63/81/63
f 65/83/65 64/82/64 66/84/66
f 66/84/66 67/85/14 65/83/65
f 67/85/14 66/84/66 68/86/67
f 68/86/67 69/87/68 67/85/14
f 69/87/68 68/86/67 55/88/55
f 55/88/55 54/89/54 69/87/68
f 55/73/55 70/90/69 71/91/70
f 71/91/70 56/74/56 55/73/55
f 56/74/56 71/91/70 72/92/71
f 72/92/71 58/76/58 56/74/56
f 58/76/58 72/92/71 73/93/72
f 73/93/72 60/78/60 58/76/58
f 60/78/60 73/93/72 74/94/73
f 74/94/73 62/80/62 60/78/60
f 62/80/62 74/94/73 75/95/74
f 75/95/74 64/82/64 62/80/62
f 64/82/64 75/95/74 76/96/75
f 76/96/75 66/84/66 64/82/64
f 66/84/66 76/96/75 77/97/76
f 77/97/76 68/86/67 66/84/66
f 68/86/67 77/97/76 70/98/69
f 70/98/69 55/88/55 68/86/67
f 78/99/25 71/91/70 70/90/69
f 78/99/25 72/92/71 71/91/70
f 78/99/25 73/93/72 72/92/71
f 78/99/25 74/94/73 73/93/72
f 78/99/25 75/95/74 74/94/73
f 78/99/25 76/96/75 75/95/74
f 78/99/25 77/97/76 76/96/75
f 78/99/25 70/98/69 77/97/76
f 79/100/77 54/72/54 57/75/57
f 79/100/77 57/75/57 59/77/59
f 79/100/77 59/77/59 61/79/61
f 79/100/77 61/79/61 63/81/63
f 79/100/77 63/81/63 65/83/65
f 80/101/78 79/100/77 65/83/65
f 65/83/65 67/85/14 80/101/78
f 81/102/79 80/101/78 67/85/14
f 67/85/14 69/87/68 81/102/79
f 79/103/77 81/102/79 69/87/68
f 69/87/68 54/89/54 79/103/77
f 82/104/80 83/105/81 79/106/77
f 79/106/77 80/107/78 82/104/80
f 84/108/82 82/104/80 80/107/78
f 80/107/78 81/109/79 84/108/82
f 83/110/81 84/108/82 81/109/79
f 81/109/79 79/111/77 83/110/81
f 85/112/83 86/113/84 52/67/52
f 52/67/52 51/66/51 85/112/83
f 86/113/84 87/114/85 53/69/53
f 53/69/53 52/67/52 86/113/84
f 87/114/85 85/115/83 51/71/51
f 51/71/51 53/69/53 87/114/85
f 85/112/83 83/105/81 82/104/80
f 82/104/80 86/113/84 85/112/83
f 86/113/84 82/104/80 84/108/82
f 84/108/82 87/114/85 86/113/84
f 87/114/85 84/108/82 83/110/81
f 83/110/81 85/115/83 87/114/85
s 3
f 88/116/86 89/117/87 90/118/88
f 90/118/88 91/119/89 88/116/86
f 91/119/89 90/118/88 92/120/90
f 92/120/90 93/121/91 91/119/89
f 93/121/91 92/120/90 94/122/92
f 94/122/92 95/123/93 93/121/91
f 95/123/93 94/122/92 89/117/87
f 89/117/87 88/116/86 95/123/93
s 4
f 96/124/94 97/125/95 98/126/96
f 98/126/96 99/127/97 96/124/94
f 99/127/97 98/126/96 100/128/98
f 100/128/98 101/129/98 99/127/97
f 101/129/98 100/128/98 102/130/99
f 102/130/99 103/131/100 101/129/98
f 103/131/100 102/130/99 97/125/95
f 97/125/95 96/124/94 103/131/100
s 5
f 104/132/101 105/133/102 106/134/103
f 106/134/103 107/135/104 104/132/101
f 107/135/104 106/134/103 108/136/105
f 108/136/105 109/137/106 107/135/104
f 109/137/106 108/136/105 110/138/107
f 110/138/107 111/139/108 109/137/106
f 111/139/108 110/138/107 112/140/109
f 112/140/109 113/141/110 111/139/108
f 113/141/110 112/140/109 114/142/111
f 114/142/111 115/143/112 113/141/110
f 115/143/112 114/142/111 116/144/113
f 116/144/113 117/145/114 115/143/112
f 117/145/114 116/144/113 118/146/115
f 118/146/115 119/147/116 117/145/114
f 119/147/116 118/146/115 105/148/102
f 105/148/102 104/149/101 119/147/116
f 105/133/102 120/150/117 121/151/118
f 121/151/118 106/134/103 105/133/102
f 106/134/103 121/151/118 122/152/119
f 122/152/119 108/136/105 106/134/103
f 108/136/105 122/152/119 123/153/120
f 123/153/120 110/138/107 108/136/105
f 110/138/107 123/153/120 124/154/121
f 124/154/121 112/140/109 110/138/107
f 112/140/109 124/154/121 125/155/122
f 125/155/122 114/142/111 112/140/109
f 114/142/111 125/155/122 126/156/123
f 126/156/123 116/144/113 114/142/111
f 116/144/113 126/156/123 127/157/124
f 127/157/124 118/146/115 116/144/113
f 118/146/115 127/157/124 120/158/117
f 120/158/117 105/148/102 118/146/115
f 128/159/125 121/151/118 120/150/117
f 128/159/125 122/152/119 121/151/118
f 128/159/125 123/153/120 122/152/119
f 128/159/125 124/154/121 123/153/120
f 128/159/125 125/155/122 124/154/121
f 128/159/125 126/156/123 125/155/122
f 128/159/125 127/157/124 126/156/123
f 128/159/125 120/158/117 127/157/124
f 129/160/126 130/161/127 104/132/101
f 104/132/101 107/135/104 129/160/126
f 131/162/128 129/160/126 107/135/104
f 107/135/104 109/137/106 131/162/128
f 132/163/129 131/162/128 109/137/106
f 109/137/106 111/139/108 132/163/129
f 133/164/130 132/163/129 111/139/108
f 111/139/108 113/141/110 133/164/130
f 134/165/131 133/164/130 113/141/110
f 113/141/110 115/143/112 134/165/131
f 135/166/132 134/165/131 115/143/112
f 115/143/112 117/145/114 135/166/132
f 136/167/133 135/166/132 117/145/114
f 117/145/114 119/147/116 136/167/133
f 130/168/127 136/167/133 119/147/116
f 119/147/116 104/149/101 130/168/127
f 137/169/134 130/170/127 129/171/126
f 129/171/126 138/172/135 137/169/134
f 138/172/135 129/171/126 131/173/128
f 131/173/128 139/174/136 138/172/135
f 139/174/136 131/173/128 132/175/129
f 132/175/129 140/176/137 139/174/136
f 140/176/137 132/175/129 133/177/130
f 133/177/130 141/178/138 140/176/137
f 142/179/139 141/178/138 133/177/130
f 133/177/130 134/180/131 142/179/139
f 143/181/140 142/179/139 134/180/131
f 134/180/131 135/182/132 143/181/140
f 144/183/141 143/181/140 135/182/132
f 135/182/132 136/184/133 144/183/141
f 137/185/134 144/183/141 136/184/133
f 136/184/133 130/186/127 137/185/134
f 145/187/142 137/169/134 138/172/135
f 138/172/135 146/188/143 145/187/142
f 146/188/143 138/172/135 139/174/136
f 139/174/136 147/189/144 146/188/143
f 147/189/144 139/174/136 140/176/137
f 140/176/137 148/190/145 147/189/144
f 148/190/145 140/176/137 141/178/138
f 141/178/138 149/191/146 148/190/145
f 149/191/146 141/178/138 142/179/139
f 142/179/139 150/192/147 149/191/146
f 150/192/147 142/179/139 143/181/140
f 143/181/140 151/193/148 150/192/147
f 151/193/148 143/181/140 144/183/141
f 144/183/141 152/194/149 151/193/148
f 152/194/149 144/183/141 137/185/134
f 137/185/134 145/195/142 152/194/149
s 6
f 153/196/150 154/197/151 155/198/152
f 155/198/152 156/199/153 153/196/150
f 156/199/153 155/198/152 157/200/154
f 157/200/154 158/201/155 156/199/153
f 158/201/155 157/200/154 159/202/156
f 159/202/156 160/203/157 158/201/155
f 160/203/157 159/202/156 154/197/151
f 154/197/151 153/196/150 160/203/157
s 7
f 161/204/158 162/205/159 163/206/160
f 161/207/158 163/206/160 164/208/161
f 161/209/158 164/208/161 165/210/162
f 161/211/158 165/210/162 166/212/163
f 161/213/158 166/212/163 167/214/164
f 161/215/158 167/214/164 168/216/165
f 161/217/158 168/216/165 169/218/166
f 161/219/158 169/218/166 162/220/159
f 170/221/167 171/222/168 172/223/169
f 172/223/169 173/224/170 170/221/167
f 173/224/170 172/223/169 174/225/171
f 174/225/171 175/226/172 173/224/170
f 175/226/172 174/225/171 176/227/173
f 176/227/173 177/228/174 175/226/172
f 177/228/174 176/227/173 178/229/175
f 178/229/175 179/230/176 177/228/174
f 179/230/176 178/229/175 180/231/177
f 180/231/177 181/232/178 179/230/176
f 181/232/178 180/231/177 182/233/179
f 182/233/179 183/234/180 181/232/178
f 183/234/180 182/233/179 184/235/181
f 184/235/181 185/236/182 183/234/180
f 185/236/182 184/235/181 171/237/168
f 171/237/168 170/238/167 185/236/182
f 171/222/168 186/239/183 187/240/184
f 187/240/184 172/223/169 171/222/168
f 172/223/169 187/240/184 188/241/185
f 188/241/185 174/225/171 172/223/169
f 174/225/171 188/241/185 189/242/186
f 189/242/186 176/227/173 174/225/171
f 176/227/173 189/242/186 190/243/187
f 190/243/187 178/229/175 176/227/173
f 178/229/175 190/243/187 191/244/188
f 191/244/188 180/231/177 178/229/175
f 180/231/177 191/244/188 192/245/189
f 192/245/189 182/233/179 180/231/177
f 182/233/179 192/245/189 193/246/190
f 193/246/190 184/235/181 182/233/179
f 184/235/181 193/246/190 186/247/183
f 186/247/183 171/237/168 184/235/181
f 194/248/191 187/240/184 186/239/183
f 194/248/191 188/241/185 187/240/184
f 194/248/191 189/242/186 188/241/185
f 194/248/191 190/243/187 189/242/186
f 194/248/191 191/244/188 190/243/187
f 194/248/191 192/245/189 191/244/188
f 194/248/191 193/246/190 192/245/189
f 194/248/191 186/247/183 193/246/190
f 195/249/192 196/250/193 170/221/167
f 170/221/167 173/224/170 195/249/192
f 197/251/194 195/249/192 173/224/170
f 173/224/170 175/226/172 197/251/194
f 198/252/195 197/251/194 175/226/172
f 175/226/172 177/228/174 198/252/195
f 199/253/196 198/252/195 177/228/174
f 177/228/174 179/230/176 199/253/196
f 200/254/197 199/253/196 179/230/176
f 179/230/176 181/232/178 200/254/197
f 201/255/198 200/254/197 181/232/178
f 181/232/178 183/234/180 201/255/198
f 202/256/199 201/255/198 183/234/180
f 183/234/180 185/236/182 202/256/199
f 196/257/193 202/256/199 185/236/182
f 185/236/182 170/238/167 196/257/193
f 203/258/200 196/259/193 195/260/192
f 195/260/192 204/261/201 203/258/200
f 204/261/201 195/260/192 197/262/194
f 197/262/194 205/263/202 204/261/201
f 205/263/202 197/262/194 198/264/195
f 198/264/195 206/265/203 205/263/202
f 206/265/203 198/264/195 199/266/196
f 199/266/196 207/267/204 206/265/203
f 208/268/205 207/267/204 199/266/196
f 199/266/196 200/269/197 208/268/205
f 209/270/206 208/268/205 200/269/197
f 200/269/197 201/271/198 209/270/206
f 210/272/207 209/270/206 201/271/198
f 201/271/198 202/273/199 210/272/207
f 203/274/200 210/272/207 202/273/199
f 202/273/199 196/275/193 203/274/200
f 162/205/159 211/276/208 212/277/209
f 212/277/209 163/206/160 162/205/159
f 163/206/160 212/277/209 213/278/210
f 213/278/210 164/208/161 163/206/160
f 164/208/161 213/278/210 214/279/211
f 214/279/211 165/210/162 164/208/161
f 165/210/162 214/279/211 215/280/212
f 215/280/212 166/212/163 165/210/162
f 215/280/212 216/281/213 167/214/164
f 167/214/164 166/212/163 215/280/212
f 216/281/213 217/282/214 168/216/165
f 168/216/165 167/214/164 216/281/213
f 217/282/214 218/283/215 169/218/166
f 169/218/166 168/216/165 217/282/214
f 218/283/215 211/284/208 162/220/159
f 162/220/159 169/218/166 218/283/215
f 211/276/208 203/258/200 204/261/201
f 204/261/201 212/277/209 211/276/208
f 212/277/209 204/261/201 205/263/202
f 205/263/202 213/278/210 212/277/209
f 213/278/210 205/263/202 206/265/203
f 206/265/203 214/279/211 213/278/210
f 214/279/211 206/265/203 207/267/204
f 207/267/204 215/280/212 214/279/211
f 215/280/212 207/267/204 208/268/205
f 208/268/205 216/281/213 215/280/212
f 216/281/213 208/268/205 209/270/206
f 209/270/206 217/282/214 216/281/213
f 217/282/214 209/270/206 210/272/207
f 210/272/207 218/283/215 217/282/214
f 218/283/215 210/272/207 203/274/200
f 203/274/200 211/284/208 218/283/215
s 8
f 219/285/216 220/286/217 221/287/218
f 221/287/218 222/288/219 219/285/216
f 222/288/219 221/287/218 223/289/220
f 223/289/220 224/290/221 222/288/219
f 224/290/221 223/289/220 225/291/222
f 225/291/222 226/292/223 224/290/221
f 226/292/223 225/291/222 220/286/217
f 220/286/217 219/285/216 226/292/223
s 9
f 227/293/224 228/294/225 229/295/226
f 229/295/226 230/296/227 231/297/228
f 227/293/224 229/295/226 231/297/228
f 227/293/224 231/297/228 232/298/229
f 233/299/230 234/300/231 231/301/228
f 231/301/228 230/302/227 233/299/230
f 235/303/232 233/299/230 230/302/227
f 230/302/227 229/304/226 235/303/232
f 236/305/233 235/306/232 229/307/226
f 229/307/226 228/308/225 236/305/233
f 237/309/234 236/305/233 228/308/225
f 228/308/225 227/310/224 237/309/234
f 238/311/235 237/309/234 227/310/224
f 227/310/224 232/312/229 238/311/235
f 234/300/231 238/311/235 232/312/229
f 232/312/229 231/301/228 234/300/231
f 239/313/236 234/300/231 233/299/230
f 233/299/230 240/314/237 239/313/236
f 240/314/237 233/299/230 235/303/232
f 235/303/232 241/315/238 240/314/237
f 241/316/238 235/306/232 236/305/233
f 236/305/233 242/317/239 241/316/238
f 242/317/239 236/305/233 237/309/234
f 237/309/234 243/318/240 242/317/239
f 243/318/240 237/309/234 238/311/235
f 238/311/235 244/319/241 243/318/240
f 244/319/241 238/311/235 234/300/231
f 234/300/231 239/313/236 244/319/241
f 245/320/242 246/321/243 247/322/244
f 247/322/244 248/323/245 245/320/242
f 249/324/246 248/323/245 247/322/244
f 247/322/244 250/325/247 249/324/246
f 251/326/248 249/327/246 250/328/247
f 250/328/247 252/329/249 251/326/248
f 253/330/250 251/326/248 252/329/249
f 252/329/249 254/331/251 253/330/250
f 255/332/252 253/330/250 254/331/251
f 254/331/251 256/333/253 255/332/252
f 245/320/242 255/332/252 256/333/253
f 256/333/253 246/321/243 245/320/242
f 257/334/254 245/320/242 248/323/245
f 248/323/245 258/335/255 257/334/254
f 258/335/255 248/323/245 249/324/246
f 249/324/246 259/336/256 258/335/255
f 259/337/256 249/327/246 251/326/248
f 251/326/248 260/338/257 259/337/256
f 260/338/257 251/326/248 253/330/250
f 253/330/250 261/339/258 260/338/257
f 261/339/258 253/330/250 255/332/252
f 255/332/252 262/340/259 261/339/258
f 262/340/259 255/332/252 245/320/242
f 245/320/242 257/334/254 262/340/259
f 263/341/260 264/342/261 265/343/262
f 265/343/262 266/344/263 263/341/260
f 264/342/261 267/345/264 268/346/265
f 268/346/265 265/343/262 264/342/261
f 267/347/264 269/348/266 270/349/267
f 270/349/267 268/350/265 267/347/264
f 269/348/266 271/351/268 272/352/269
f 272/352/269 270/349/267 269/348/266
f 271/351/268 273/353/270 274/354/271
f 274/354/271 272/352/269 271/351/268
f 273/353/270 263/341/260 266/344/263
f 266/344/263 274/354/271 273/353/270
f 257/334/254 258/335/255 275/355/272
f 275/355/272 276/356/273 257/334/254
f 258/335/255 259/336/256 277/357/274
f 277/357/274 275/355/272 258/335/255
f 259/337/256 260/338/257 278/358/275
f 278/358/275 277/359/274 259/337/256
f 260/338/257 261/339/258 279/360/276
f 279/360/276 278/358/275 260/338/257
f 261/339/258 262/340/259 280/361/277
f 280/361/277 279/360/276 261/339/258
f 262/340/259 257/334/254 276/356/273
f 276/356/273 280/361/277 262/340/259
f 240/314/237 281/362/278 282/363/279
f 282/363/279 239/313/236 240/314/237
f 241/315/238 283/364/280 281/362/278
f 281/362/278 240/314/237 241/315/238
f 242/317/239 284/365/281 283/366/280
f 283/366/280 241/316/238 242/317/239
f 243/318/240 285/367/282 284/365/281
f 284/365/281 242/317/239 243/318/240
f 244/319/241 286/368/283 285/367/282
f 285/367/282 243/318/240 244/319/241
f 239/313/236 282/363/279 286/368/283
f 286/368/283 244/319/241 239/313/236
f 281/362/278 264/342/261 263/341/260
f 263/341/260 282/363/279 281/362/278
f 283/364/280 267/345/264 264/342/261
f 264/342/261 281/362/278 283/364/280
f 284/365/281 269/348/266 267/347/264
f 267/347/264 283/366/280 284/365/281
f 285/367/282 271/351/268 269/348/266
f 269/348/266 284/365/281 285/367/282
f 286/368/283 273/353/270 271/351/268
f 271/351/268 285/367/282 286/368/283
f 282/363/279 263/341/260 273/353/270
f 273/353/270 286/368/283 282/363/279
f 265/343/262 247/322/244 246/321/243
f 246/321/243 266/344/263 265/343/262
f 268/346/265 250/325/247 247/322/244
f 247/322/244 265/343/262 268/346/265
f 270/349/267 252/329/249 250/328/247
f 250/328/247 268/350/265 270/349/267
f 272/352/269 254/331/251 252/329/249
f 252/329/249 270/349/267 272/352/269
f 274/354/271 256/333/253 254/331/251
f 254/331/251 272/352/269 274/354/271
f 266/344/263 246/321/243 256/333/253
f 256/333/253 274/354/271 266/344/263
f 275/355/272 287/369/284 276/356/273
f 277/357/274 287/369/284 275/355/272
f 278/358/275 287/369/284 277/359/274
f 279/360/276 287/369/284 278/358/275
f 280/361/277 287/369/284 279/360/276
f 276/356/273 287/369/284 280/361/277
s 10
f 288/370/285 289/371/286 290/372/287
f 290/372/287 291/373/288 292/374/289
f 288/370/285 290/372/287 292/374/289
f 288/370/285 292/374/289 293/375/290
f 294/376/291 295/377/292 292/374/289
f 292/374/289 291/373/288 294/376/291
f 296/378/293 294/379/291 291/380/288
f 291/380/288 290/381/287 296/378/293
f 297/382/294 296/378/293 290/381/287
f 290/381/287 289/371/286 297/382/294
f 298/383/295 297/382/294 289/371/286
f 289/371/286 288/384/285 298/383/295
f 299/385/296 298/383/295 288/384/285
f 288/384/285 293/386/290 299/385/296
f 295/377/292 299/385/296 293/386/290
f 293/386/290 292/374/289 295/377/292
f 300/387/297 301/388/298 295/377/292
f 295/377/292 294/376/291 300/387/297
f 302/389/299 300/390/297 294/379/291
f 294/379/291 296/378/293 302/389/299
f 303/391/300 302/389/299 296/378/293
f 296/378/293 297/382/294 303/391/300
f 304/392/301 303/391/300 297/382/294
f 297/382/294 298/383/295 304/392/301
f 305/393/302 304/392/301 298/383/295
f 298/383/295 299/385/296 305/393/302
f 301/388/298 305/393/302 299/385/296
f 299/385/296 295/377/292 301/388/298
f 306/394/303 307/395/304 301/388/298
f 301/388/298 300/387/297 306/394/303
f 308/396/305 306/397/303 300/390/297
f 300/390/297 302/389/299 308/396/305
f 309/398/306 308/396/305 302/389/299
f 302/389/299 303/391/300 309/398/306
f 310/399/307 309/398/306 303/391/300
f 303/391/300 304/392/301 310/399/307
f 311/400/308 310/399/307 304/392/301
f 304/392/301 305/393/302 311/400/308
f 307/395/304 311/400/308 305/393/302
f 305/393/302 301/388/298 307/395/304
f 312/401/309 313/402/310 307/395/304
f 307/395/304 306/394/303 312/401/309
f 314/403/311 312/404/309 306/397/303
f 306/397/303 308/396/305 314/403/311
f 315/405/312 314/403/311 308/396/305
f 308/396/305 309/398/306 315/405/312
f 316/406/313 315/405/312 309/398/306
f 309/398/306 310/399/307 316/406/313
f 317/407/314 316/406/313 310/399/307
f 310/399/307 311/400/308 317/407/314
f 313/402/310 317/407/314 311/400/308
f 311/400/308 307/395/304 313/402/310
f 312/401/309 314/403/311 315/405/312
f 315/405/312 313/402/310 312/401/309
f 316/406/313 317/407/314 313/402/310
f 313/402/310 315/405/312 316/406/313
s 11
f 318/408/315 319/409/316 320/410/317
f 320/410/317 321/411/318 318/408/315
s 12
f 322/412/319 323/413/320 324/414/321
f 324/414/321 325/415/322 322/412/319
s 13
f 326/416/323 327/417/324 328/418/325
f 328/418/325 329/419/326 326/416/323
s 14
f 330/420/327 331/421/328 332/422/329
f 332/422/329 333/423/330 330/420/327
s 15
f 334/424/331 335/425/332 336/426/333
f 336/426/333 337/427/334 334/424/331
s 16
f 338/428/335 339/429/336 340/430/337
f 340/430/337 341/431/338 338/428/335
s 17
f 342/432/339 343/433/340 344/434/341
f 344/434/341 345/435/342 346/436/343
f 342/432/339 344/434/341 346/436/343
f 342/432/339 346/436/343 347/437/344
f 348/438/345 349/439/346 346/436/343
f 346/436/343 345/435/342 348/438/345
f 350/440/347 348/441/345 345/442/342
f 345/442/342 344/443/341 350/440/347
f 351/444/348 350/440/347 344/443/341
f 344/443/341 343/433/340 351/444/348
f 352/445/349 351/444/348 343/433/340
f 343/433/340 342/446/339 352/445/349
f 353/447/350 352/445/349 342/446/339
f 342/446/339 347/448/344 353/447/350
f 349/439/346 353/447/350 347/448/344
f 347/448/344 346/436/343 349/439/346
f 354/449/351 355/450/352 349/439/346
f 349/439/346 348/438/345 354/449/351
f 356/451/353 354/452/351 348/441/345
f 348/441/345 350/440/347 356/451/353
f 357/453/354 356/451/353 350/440/347
f 350/440/347 351/444/348 357/453/354
f 358/454/355 357/453/354 351/444/348
f 351/444/348 352/445/349 358/454/355
f 359/455/356 358/454/355 352/445/349
f 352/445/349 353/447/350 359/455/356
f 355/450/352 359/455/356 353/447/350
f 353/447/350 349/439/346 355/450/352
f 360/456/357 361/457/358 355/450/352
f 355/450/352 354/449/351 360/456/357
f 362/458/359 360/459/357 354/452/351
f 354/452/351 356/451/353 362/458/359
f 363/460/360 362/458/359 356/451/353
f 356/451/353 357/453/354 363/460/360
f 364/461/361 363/460/360 357/453/354
f 357/453/354 358/454/355 364/461/361
f 365/462/362 364/461/361 358/454/355
f 358/454/355 359/455/356 365/462/362
f 361/457/358 365/462/362 359/455/356
f 359/455/356 355/450/352 361/457/358
f 366/463/363 367/464/364 361/457/358
f 361/457/358 360/456/357 366/463/363
f 368/465/365 366/466/363 360/459/357
f 360/459/357 362/458/359 368/465/365
f 369/467/366 368/465/365 362/458/359
f 362/458/359 363/460/360 369/467/366
f 370/468/367 369/467/366 363/460/360
f 363/460/360 364/461/361 370/468/367
f 371/469/368 370/468/367 364/461/361
f 364/461/361 365/462/362 371/469/368
f 367/464/364 371/469/368 365/462/362
f 365/462/362 361/457/358 367/464/364
f 366/463/363 368/465/365 369/467/366
f 369/467/366 367/464/364 366/463/363
f 370/468/367 371/469/368 367/464/364
f 367/464/364 369/467/366 370/468/367
s 18
f 372/470/369 373/471/370 374/472/371
f 374/472/371 375/473/372 372/470/369
s 19
f 376/474/373 377/475/374 378/476/375
f 378/476/375 379/477/376 376/474/373
s 20
f 380/478/377 381/479/378 382/480/379
f 382/480/379 383/481/380 380/478/377
s 21
f 384/482/381 385/483/382 386/484/383
f 386/484/383 387/485/384 384/482/381
f 388/486/385 387/485/384 386/484/383
f 386/484/383 389/487/386 388/486/385
s 19
f 390/488/387 379/477/376 378/476/375
f 378/476/375 391/489/388 390/488/387
s 21
f 392/490/389 386/484/383 385/483/382
f 385/483/382 393/491/390 392/490/389
f 389/487/386 386/484/383 392/490/389
f 392/490/389 394/492/391 389/487/386
s 20
f 383/481/380 382/480/379 395/493/392
f 395/493/392 396/494/393 383/481/380
s 19
f 397/495/394 378/476/375 377/475/374
f 377/475/374 398/496/395 397/495/394
f 391/489/388 378/476/375 397/495/394
f 397/495/394 399/497/396 391/489/388
s 18
f 400/498/397 374/472/371 373/471/370
f 373/471/370 401/499/398 400/498/397
s 22
f 402/500/399 403/501/400 404/502/401
f 404/502/401 405/503/402 402/500/399
s 23
f 406/504/403 407/505/404 408/506/405
f 408/506/405 409/507/406 406/504/403
s 24
f 410/508/407 411/509/408 412/510/409
f 412/510/409 413/511/410 410/508/407
s 25
f 414/512/411 415/513/412 416/514/413
f 416/514/413 417/515/414 414/512/411
f 418/516/415 419/517/416 416/514/413
f 416/514/413 415/513/412 418/516/415
s 23
f 420/518/417 421/519/418 408/506/405
f 408/506/405 407/505/404 420/518/417
s 25
f 422/520/419 423/521/420 417/515/414
f 417/515/414 416/514/413 422/520/419
f 419/517/416 424/522/421 422/520/419
f 422/520/419 416/514/413 419/517/416
s 24
f 411/509/408 425/523/422 426/524/423
f 426/524/423 412/510/409 411/509/408
s 23
f 427/525/424 428/526/425 409/507/406
f 409/507/406 408/506/405 427/525/424
f 421/519/418 429/527/426 427/525/424
f 427/525/424 408/506/405 421/519/418
s 22
f 430/528/427 431/529/428 405/503/402
f 405/503/402 404/502/401 430/528/427
s 26
f 432/530/429 433/531/430 434/532/431
f 434/532/431 435/533/432 436/534/433
f 432/530/429 434/532/431 436/534/433
f 432/530/429 436/534/433 437/535/434
f 438/536/435 439/537/436 436/534/433
f 436/534/433 435/533/432 438/536/435
f 440/538/437 438/539/435 435/540/432
f 435/540/432 434/541/431 440/538/437
f 441/542/438 440/538/437 434/541/431
f 434/541/431 433/531/430 441/542/438
f 442/543/439 441/542/438 433/531/430
f 433/531/430 432/544/429 442/543/439
f 443/545/440 442/543/439 432/544/429
f 432/544/429 437/546/434 443/545/440
f 439/537/436 443/545/440 437/546/434
f 437/546/434 436/534/433 439/537/436
f 444/547/441 445/548/442 439/537/436
f 439/537/436 438/536/435 444/547/441
f 446/549/443 444/550/441 438/539/435
f 438/539/435 440/538/437 446/549/443
f 447/551/444 446/549/443 440/538/437
f 440/538/437 441/542/438 447/551/444
f 448/552/445 447/551/444 441/542/438
f 441/542/438 442/543/439 448/552/445
f 449/553/446 448/552/445 442/543/439
f 442/543/439 443/545/440 449/553/446
f 445/548/442 449/553/446 443/545/440
f 443/545/440 439/537/436 445/548/442
f 450/554/447 451/555/448 445/548/442
f 445/548/442 444/547/441 450/554/447
f 452/556/449 450/557/447 444/550/441
f 444/550/441 446/549/443 452/556/449
f 453/558/450 452/556/449 446/549/443
f 446/549/443 447/551/444 453/558/450
f 454/559/451 453/558/450 447/551/444
f 447/551/444 448/552/445 454/559/451
f 455/560/452 454/559/451 448/552/445
f 448/552/445 449/553/446 455/560/452
f 451/555/448 455/560/452 449/553/446
f 449/553/446 445/548/442 451/555/448
f 456/561/453 457/562/454 451/555/448
f 451/555/448 450/554/447 456/561/453
f 458/563/455 456/564/453 450/557/447
f 450/557/447 452/556/449 458/563/455
f 459/565/456 458/563/455 452/556/449
f 452/556/449 453/558/450 459/565/456
f 460/566/457 459/565/456 453/558/450
f 453/558/450 454/559/451 460/566/457
f 461/567/458 460/566/457 454/559/451
f 454/559/451 455/560/452 461/567/458
f 457/562/454 461/567/458 455/560/452
f 455/560/452 451/555/448 457/562/454
f 456/561/453 458/563/455 459/565/456
f 459/565/456 457/562/454 456/561/453
f 460/566/457 461/567/458 457/562/454
f 457/562/454 459/565/456 460/566/457
s 27
f 462/568/459 463/569/460 464/570/461
f 464/570/461 465/571/462 462/568/459
s 28
f 466/572/463 467/573/464 468/574/465
f 468/574/465 469/575/466 466/572/463
s 29
f 470/576/467 471/577/468 472/578/469
f 472/578/469 473/579/470 470/576/467
s 27
f 474/580/471 475/581/472 476/582/473
f 476/582/473 463/569/460 474/580/471
s 28
f 477/583/474 478/584/475 479/585/476
f 479/585/476 467/573/464 477/583/474
s 29
f 471/577/468 480/586/477 481/587/478
f 481/587/478 472/578/469 471/577/468
s 27
f 482/588/479 474/580/471 463/569/460
f 463/569/460 462/568/459 482/588/479
f 483/589/480 464/570/461 463/569/460
f 463/569/460 476/582/473 483/589/480
s 28
f 484/590/481 477/583/474 467/573/464
f 467/573/464 466/572/463 484/590/481
f 485/591/482 468/574/465 467/573/464
f 467/573/464 479/585/476 485/591/482
s 30
f 486/592/483 487/593/484 488/594/485
f 488/594/485 489/595/486 486/592/483
s 31
f 490/596/487 491/597/488 492/598/489
f 492/598/489 493/599/490 490/596/487
s 32
f 494/600/491 495/601/492 496/602/493
f 496/602/493 497/603/494 494/600/491
s 30
f 498/604/495 489/595/486 499/605/496
f 499/605/496 500/606/497 498/604/495
s 31
f 501/607/498 493/599/490 502/608/499
f 502/608/499 503/609/500 501/607/498
s 32
f 497/603/494 496/602/493 504/610/501
f 504/610/501 505/611/502 497/603/494
s 30
f 506/612/503 486/592/483 489/595/486
f 489/595/486 498/604/495 506/612/503
f 507/613/504 499/605/496 489/595/486
f 489/595/486 488/594/485 507/613/504
s 31
f 508/614/505 490/596/487 493/599/490
f 493/599/490 501/607/498 508/614/505
f 509/615/506 502/608/499 493/599/490
f 493/599/490 492/598/489 509/615/506
s 33
f 510/616/507 511/617/508 512/618/509
f 512/618/509 513/619/510 514/620/511
f 510/616/507 512/618/509 514/620/511
f 510/616/507 514/620/511 515/621/512
f 516/622/513 517/623/514 514/620/511
f 514/620/511 513/619/510 516/622/513
f 518/624/515 516/625/513 513/626/510
f 513/626/510 512/627/509 518/624/515
f 519/628/516 518/624/515 512/627/509
f 512/627/509 511/617/508 519/628/516
f 520/629/517 519/628/516 511/617/508
f 511/617/508 510/630/507 520/629/517
f 521/631/518 520/629/517 510/630/507
f 510/630/507 515/632/512 521/631/518
f 517/623/514 521/631/518 515/632/512
f 515/632/512 514/620/511 517/623/514
f 522/633/519 523/634/520 517/623/514
f 517/623/514 516/622/513 522/633/519
f 524/635/521 522/636/519 516/625/513
f 516/625/513 518/624/515 524/635/521
f 525/637/522 524/635/521 518/624/515
f 518/624/515 519/628/516 525/637/522
f 526/638/523 525/637/522 519/628/516
f 519/628/516 520/629/517 526/638/523
f 527/639/524 526/638/523 520/629/517
f 520/629/517 521/631/518 527/639/524
f 523/634/520 527/639/524 521/631/518
f 521/631/518 517/623/514 523/634/520
f 528/640/525 529/641/526 523/634/520
f 523/634/520 522/633/519 528/640/525
f 530/642/527 528/643/525 522/636/519
f 522/636/519 524/635/521 530/642/527
f 531/644/528 530/642/527 524/635/521
f 524/635/521 525/637/522 531/644/528
f 532/645/529 531/644/528 525/637/522
f 525/637/522 526/638/523 532/645/529
f 533/646/530 532/645/529 526/638/523
f 526/638/523 527/639/524 533/646/530
f 529/641/526 533/646/530 527/639/524
f 527/639/524 523/634/520 529/641/526
f 534/647/531 535/648/532 529/641/526
f 529/641/526 528/640/525 534/647/531
f 536/649/533 534/650/531 528/643/525
f 528/643/525 530/642/527 536/649/533
f 537/651/534 536/649/533 530/642/527
f 530/642/527 531/644/528 537/651/534
f 538/652/535 537/651/534 531/644/528
f 531/644/528 532/645/529 538/652/535
f 539/653/536 538/652/535 532/645/529
f 532/645/529 533/646/530 539/653/536
f 535/648/532 539/653/536 533/646/530
f 533/646/530 529/641/526 535/648/532
f 534/647/531 536/649/533 537/651/534
f 537/651/534 535/648/532 534/647/531
f 538/652/535 539/653/536 535/648/532
f 535/648/532 537/651/534 538/652/535
s 34
f 540/654/537 541/655/538 542/656/539
f 542/656/539 543/657/540 540/654/537
s 35
f 544/658/541 545/659/542 546/660/543
f 546/660/543 547/661/544 544/658/541
s 36
f 548/662/545 549/663/546 550/664/547
f 550/664/547 551/665/548 548/662/545
s 37
f 552/666/549 553/667/550 554/668/551
f 554/668/551 555/669/552 552/666/549
s 34
f 556/670/553 557/671/554 558/672/555
f 558/672/555 541/655/538 556/670/553
s 35
f 559/673/556 560/674/557 561/675/558
f 561/675/558 545/659/542 559/673/556
s 37
f 562/676/559 563/677/560 564/678/561
f 564/678/561 553/667/550 562/676/559
f 565/679/562 562/676/559 553/667/550
f 553/667/550 552/666/549 565/679/562
f 566/680/563 554/668/551 553/667/550
f 553/667/550 564/678/561 566/680/563
s 36
f 549/663/546 567/681/564 568/682/565
f 568/682/565 550/664/547 549/663/546
s 34
f 569/683/566 556/670/553 541/655/538
f 541/655/538 540/654/537 569/683/566
f 570/684/567 542/656/539 541/655/538
f 541/655/538 558/672/555 570/684/567
s 35
f 571/685/568 559/673/556 545/659/542
f 545/659/542 544/658/541 571/685/568
f 572/686/569 546/660/543 545/659/542
f 545/659/542 561/675/558 572/686/569
s 38
f 573/687/570 574/688/571 575/689/572
f 575/689/572 576/690/573 573/687/570
s 39
f 577/691/574 578/692/575 579/693/576
f 579/693/576 580/694/577 577/691/574
s 40
f 581/695/578 582/696/579 583/697/580
f 583/697/580 584/698/581 581/695/578
s 41
f 585/699/582 586/700/583 587/701/584
f 587/701/584 588/702/585 585/699/582
s 38
f 589/703/586 576/690/573 590/704/587
f 590/704/587 591/705/588 589/703/586
s 39
f 592/706/589 580/694/577 593/707/590
f 593/707/590 594/708/591 592/706/589
s 41
f 595/709/592 588/702/585 596/710/593
f 596/710/593 597/711/594 595/709/592
f 598/712/595 585/699/582 588/702/585
f 588/702/585 595/709/592 598/712/595
f 599/713/596 596/710/593 588/702/585
f 588/702/585 587/701/584 599/713/596
s 40
f 584/698/581 583/697/580 600/714/597
f 600/714/597 601/715/598 584/698/581
s 38
f 602/716/599 573/687/570 576/690/573
f 576/690/573 589/703/586 602/716/599
f 603/717/600 590/704/587 576/690/573
f 576/690/573 575/689/572 603/717/600
s 39
f 604/718/601 577/691/574 580/694/577
f 580/694/577 592/706/589 604/718/601
f 605/719/602 593/707/590 580/694/577
f 580/694/577 579/693/576 605/719/602
s 42
f 606/720/603 607/721/604 608/722/605
f 608/722/605 609/723/606 610/724/607
f 606/720/603 608/722/605 610/724/607
f 606/720/603 610/724/607 611/725/608
f 612/726/609 613/727/610 610/724/607
f 610/724/607 609/723/606 612/726/609
f 614/728/611 612/729/609 609/730/606
f 609/730/606 608/731/605 614/728/611
f 615/732/612 614/728/611 608/731/605
f 608/731/605 607/721/604 615/732/612
f 616/733/613 615/732/612 607/721/604
f 607/721/604 606/734/603 616/733/613
f 617/735/614 616/733/613 606/734/603
f 606/734/603 611/736/608 617/735/614
f 613/727/610 617/735/614 611/736/608
f 611/736/608 610/724/607 613/727/610
f 618/737/615 619/738/616 613/727/610
f 613/727/610 612/726/609 618/737/615
f 620/739/617 618/740/615 612/729/609
f 612/729/609 614/728/611 620/739/617
f 621/741/618 620/739/617 614/728/611
f 614/728/611 615/732/612 621/741/618
f 622/742/619 621/741/618 615/732/612
f 615/732/612 616/733/613 622/742/619
f 623/743/620 622/742/619 616/733/613
f 616/733/613 617/735/614 623/743/620
f 619/738/616 623/743/620 617/735/614
f 617/735/614 613/727/610 619/738/616
f 624/744/621 625/745/622 619/738/616
f 619/738/616 618/737/615 624/744/621
f 626/746/623 624/747/621 618/740/615
f 618/740/615 620/739/617 626/746/623
f 627/748/624 626/746/623 620/739/617
f 620/739/617 621/741/618 627/748/624
f 628/749/625 627/748/624 621/741/618
f 621/741/618 622/742/619 628/749/625
f 629/750/626 628/749/625 622/742/619
f 622/742/619 623/743/620 629/750/626
f 625/745/622 629/750/626 623/743/620
f 623/743/620 619/738/616 625/745/622
f 630/751/627 631/752/628 625/745/622
f 625/745/622 624/744/621 630/751/627
f 632/753/629 630/754/627 624/747/621
f 624/747/621 626/746/623 632/753/629
f 633/755/630 632/753/629 626/746/623
f 626/746/623 627/748/624 633/755/630
f 634/756/631 633/755/630 627/748/624
f 627/748/624 628/749/625 634/756/631
f 635/757/632 634/756/631 628/749/625
f 628/749/625 629/750/626 635/757/632
f 631/752/628 635/757/632 629/750/626
f 629/750/626 625/745/622 631/752/628
f 630/751/627 632/753/629 633/755/630
f 633/755/630 631/752/628 630/751/627
f 634/756/631 635/757/632 631/752/628
f 631/752/628 633/755/630 634/756/631
s 43
f 636/758/633 637/759/634 638/760/635
f 638/760/635 639/761/636 636/758/633
s 44
f 640/762/637 641/763/638 642/764/639
f 642/764/639 643/765/640 640/762/637
s 45
f 644/766/641 645/767/642 646/768/643
f 646/768/643 647/769/644 644/766/641
f 648/770/645 649/771/646 645/767/642
f 645/767/642 644/766/641 648/770/645
f 650/772/647 651/773/648 646/768/643
f 646/768/643 645/767/642 650/772/647
f 652/774/649 650/772/647 645/767/642
f 645/767/642 649/771/646 652/774/649
s 44
f 641/763/638 653/775/650 654/776/651
f 654/776/651 642/764/639 641/763/638
f 655/777/652 656/778/653 643/765/640
f 643/765/640 642/764/639 655/777/652
f 657/779/654 655/777/652 642/764/639
f 642/764/639 654/776/651 657/779/654
s 43
f 658/780/655 659/781/656 637/759/634
f 637/759/634 636/758/633 658/780/655
f 660/782/657 661/783/658 638/760/635
f 638/760/635 637/759/634 660/782/657
f 662/784/659 660/782/657 637/759/634
f 637/759/634 659/781/656 662/784/659
s 46
f 663/785/660 664/786/661 665/787/662
f 665/787/662 666/788/663 663/785/660
s 47
f 667/789/664 668/790/665 669/791/666
f 669/791/666 670/792/667 667/789/664
s 48
f 671/793/668 672/794/669 673/795/670
f 673/795/670 674/796/671 671/793/668
f 675/797/672 671/793/668 674/796/671
f 674/796/671 676/798/673 675/797/672
f 677/799/674 674/796/671 673/795/670
f 673/795/670 678/800/675 677/799/674
f 679/801/676 676/798/673 674/796/671
f 674/796/671 677/799/674 679/801/676
s 47
f 670/792/667 669/791/666 680/802/677
f 680/802/677 681/803/678 670/792/667
f 682/804/679 669/791/666 668/790/665
f 668/790/665 683/805/680 682/804/679
f 684/806/681 680/802/677 669/791/666
f 669/791/666 682/804/679 684/806/681
s 46
f 685/807/682 663/785/660 666/788/663
f 666/788/663 686/808/683 685/807/682
f 687/809/684 666/788/663 665/787/662
f 665/787/662 688/810/685 687/809/684
f 689/811/686 686/808/683 666/788/663
f 666/788/663 687/809/684 689/811/686
s 49
f 690/812/687 691/813/688 692/814/689
f 692/814/689 693/815/690 694/816/691
f 690/812/687 692/814/689 694/816/691
f 690/812/687 694/816/691 695/817/692
f 696/818/693 697/819/694 694/816/691
f 694/816/691 693/815/690 696/818/693
f 698/820/695 696/821/693 693/822/690
f 693/822/690 692/823/689 698/820/695
f 699/824/696 698/820/695 692/823/689
f 692/823/689 691/813/688 699/824/696
f 700/825/697 699/824/696 691/813/688
f 691/813/688 690/826/687 700/825/697
f 701/827/698 700/825/697 690/826/687
f 690/826/687 695/828/692 701/827/698
f 697/819/694 701/827/698 695/828/692
f 695/828/692 694/816/691 697/819/694
f 702/829/699 703/830/700 697/819/694
f 697/819/694 696/818/693 702/829/699
f 704/831/701 702/832/699 696/821/693
f 696/821/693 698/820/695 704/831/701
f 705/833/702 704/831/701 698/820/695
f 698/820/695 699/824/696 705/833/702
f 706/834/703 705/833/702 699/824/696
f 699/824/696 700/825/697 706/834/703
f 707/835/704 706/834/703 700/825/697
f 700/825/697 701/827/698 707/835/704
f 703/830/700 707/835/704 701/827/698
f 701/827/698 697/819/694 703/830/700
f 708/836/705 709/837/706 703/830/700
f 703/830/700 702/829/699 708/836/705
f 710/838/707 708/839/705 702/832/699
f 702/832/699 704/831/701 710/838/707
f 711/840/708 710/838/707 704/831/701
f 704/831/701 705/833/702 711/840/708
f 712/841/709 711/840/708 705/833/702
f 705/833/702 706/834/703 712/841/709
f 713/842/710 712/841/709 706/834/703
f 706/834/703 707/835/704 713/842/710
f 709/837/706 713/842/710 707/835/704
f 707/835/704 703/830/700 709/837/706
f 714/843/711 715/844/712 709/837/706
f 709/837/706 708/836/705 714/843/711
f 716/845/713 714/846/711 708/839/705
f 708/839/705 710/838/707 716/845/713
f 717/847/714 716/845/713 710/838/707
f 710/838/707 711/840/708 717/847/714
f 718/848/715 717/847/714 711/840/708
f 711/840/708 712/841/709 718/848/715
f 719/849/716 718/848/715 712/841/709
f 712/841/709 713/842/710 719/849/716
f 715/844/712 719/849/716 713/842/710
f 713/842/710 709/837/706 715/844/712
f 714/843/711 716/845/713 717/847/714
f 717/847/714 715/844/712 714/843/711
f 718/848/715 719/849/716 715/844/712
f 715/844/712 717/847/714 718/848/715
s 50
f 720/850/717 721/851/718 722/852/719
f 722/852/719 723/853/720 720/850/717
s 51
f 724/854/721 725/855/722 726/856/723
f 726/856/723 727/857/724 724/854/721
s 52
f 728/858/725 729/859/726 730/860/727
f 730/860/727 731/861/728 728/858/725
s 53
f 732/862/729 733/863/730 734/864/731
f 734/864/731 735/865/732 732/862/729
s 54
f 736/866/733 737/867/734 738/868/735
f 738/868/735 739/869/736 736/866/733
s 55
f 740/870/737 741/871/738 742/872/739
f 742/872/739 743/873/740 740/870/737
s 50
f 721/851/718 744/874/741 745/875/742
f 745/875/742 722/852/719 721/851/718
s 51
f 746/876/743 747/877/744 748/878/745
f 748/878/745 749/879/746 746/876/743
f 749/879/746 748/878/745 727/857/724
f 727/857/724 726/856/723 749/879/746
s 56
f 750/880/747 751/881/748 752/882/749
f 752/882/749 753/883/750 750/880/747
s 57
f 754/884/751 755/885/752 756/886/753
f 756/886/753 757/887/754 754/884/751
s 58
f 758/888/755 759/889/756 760/890/757
f 760/890/757 761/891/758 758/888/755
s 59
f 762/892/759 763/893/760 764/894/761
f 764/894/761 765/895/762 762/892/759
s 60
f 766/896/763 767/897/764 768/898/765
f 768/898/765 769/899/766 766/896/763
s 61
f 770/900/767 771/901/768 772/902/769
f 772/902/769 773/903/770 770/900/767
s 56
f 753/883/750 752/882/749 774/904/771
f 774/904/771 775/905/772 753/883/750
s 57
f 776/906/773 777/907/774 778/908/775
f 778/908/775 779/909/776 776/906/773
f 777/907/774 756/886/753 755/885/752
f 755/885/752 778/908/775 777/907/774
s 62
f 780/910/777 781/911/778 782/912/779
f 782/912/779 783/913/780 784/914/781
f 780/910/777 782/912/779 784/914/781
f 780/910/777 784/914/781 785/915/782
f 786/916/783 787/917/784 784/914/781
f 784/914/781 783/913/780 786/916/783
f 788/918/785 786/919/783 783/920/780
f 783/920/780 782/921/779 788/918/785
f 789/922/786 788/918/785 782/921/779
f 782/921/779 781/911/778 789/922/786
f 790/923/787 789/922/786 781/911/778
f 781/911/778 780/924/777 790/923/787
f 791/925/788 790/923/787 780/924/777
f 780/924/777 785/926/782 791/925/788
f 787/917/784 791/925/788 785/926/782
f 785/926/782 784/914/781 787/917/784
f 792/927/789 793/928/790 787/917/784
f 787/917/784 786/916/783 792/927/789
f 794/929/791 792/930/789 786/919/783
f 786/919/783 788/918/785 794/929/791
f 795/931/792 794/929/791 788/918/785
f 788/918/785 789/922/786 795/931/792
f 796/932/793 795/931/792 789/922/786
f 789/922/786 790/923/787 796/932/793
f 797/933/794 796/932/793 790/923/787
f 790/923/787 791/925/788 797/933/794
f 793/928/790 797/933/794 791/925/788
f 791/925/788 787/917/784 793/928/790
f 798/934/795 799/935/796 793/928/790
f 793/928/790 792/927/789 798/934/795
f 800/936/797 798/937/795 792/930/789
f 792/930/789 794/929/791 800/936/797
f 801/938/798 800/936/797 794/929/791
f 794/929/791 795/931/792 801/938/798
f 802/939/799 801/938/798 795/931/792
f 795/931/792 796/932/793 802/939/799
f 803/940/800 802/939/799 796/932/793
f 796/932/793 797/933/794 803/940/800
f 799/935/796 803/940/800 797/933/794
f 797/933/794 793/928/790 799/935/796
f 804/941/801 805/942/802 799/935/796
f 799/935/796 798/934/795 804/941/801
f 806/943/803 804/944/801 798/937/795
f 798/937/795 800/936/797 806/943/803
f 807/945/804 806/943/803 800/936/797
f 800/936/797 801/938/798 807/945/804
f 808/946/805 807/945/804 801/938/798
f 801/938/798 802/939/799 808/946/805
f 809/947/806 808/946/805 802/939/799
f 802/939/799 803/940/800 809/947/806
f 805/942/802 809/947/806 803/940/800
f 803/940/800 799/935/796 805/942/802
f 804/941/801 806/943/803 807/945/804
f 807/945/804 805/942/802 804/941/801
f 808/946/805 809/947/806 805/942/802
f 805/942/802 807/945/804 808/946/805
s 63
f 810/948/807 811/949/808 812/950/809
f 812/950/809 813/951/810 810/948/807
s 64
f 814/952/811 815/953/812 816/954/813
f 816/954/813 817/955/814 814/952/811
s 65
f 818/956/815 819/957/816 820/958/817
f 820/958/817 821/959/818 818/956/815
s 66
f 822/960/819 823/961/820 824/962/821
f 824/962/821 825/963/822 822/960/819
s 67
f 826/964/823 827/965/824 828/966/825
f 828/966/825 829/967/826 826/964/823
s 68
f 830/968/827 831/969/828 832/970/829
f 832/970/829 833/971/830 830/968/827
s 63
f 811/949/808 834/972/831 835/973/832
f 835/973/832 812/950/809 811/949/808
s 64
f 836/974/833 837/975/834 838/976/835
f 838/976/835 839/977/836 836/974/833
f 839/977/836 838/976/835 817/955/814
f 817/955/814 816/954/813 839/977/836
s 69
f 840/978/837 841/979/838 842/980/839
f 842/980/839 843/981/840 840/978/837
s 70
f 844/982/841 845/983/842 846/984/843
f 846/984/843 847/985/844 844/982/841
s 71
f 848/986/845 849/987/846 850/988/847
f 850/988/847 851/989/848 848/986/845
s 72
f 852/990/849 853/991/850 854/992/851
f 854/992/851 855/993/852 852/990/849
s 73
f 856/994/853 857/995/854 858/996/855
f 858/996/855 859/997/856 856/994/853
s 74
f 860/998/857 861/999/858 862/1000/859
f 862/1000/859 863/1001/860 860/998/857
s 69
f 843/981/840 842/980/839 864/1002/861
f 864/1002/861 865/1003/862 843/981/840
s 70
f 866/1004/863 867/1005/864 868/1006/865
f 868/1006/865 869/1007/866 866/1004/863
f 867/1005/864 846/984/843 845/983/842
f 845/983/842 868/1006/865 867/1005/864
s 75
f 870/1008/867 871/1009/868 872/1010/869
f 872/1010/869 873/1011/870 874/1012/871
f 870/1008/867 872/1010/869 874/1012/871
f 870/1008/867 874/1012/871 875/1013/872
f 876/1014/873 877/1015/874 874/1012/871
f 874/1012/871 873/1011/870 876/1014/873
f 878/1016/875 876/1017/873 873/1018/870
f 873/1018/870 872/1019/869 878/1016/875
f 879/1020/876 878/1016/875 872/1019/869
f 872/1019/869 871/1009/868 879/1020/876
f 880/1021/877 879/1020/876 871/1009/868
f 871/1009/868 870/1022/867 880/1021/877
f 881/1023/878 880/1021/877 870/1022/867
f 870/1022/867 875/1024/872 881/1023/878
f 877/1015/874 881/1023/878 875/1024/872
f 875/1024/872 874/1012/871 877/1015/874
f 882/1025/879 883/1026/880 877/1015/874
f 877/1015/874 876/1014/873 882/1025/879
f 884/1027/881 882/1028/879 876/1017/873
f 876/1017/873 878/1016/875 884/1027/881
f 885/1029/882 884/1027/881 878/1016/875
f 878/1016/875 879/1020/876 885/1029/882
f 886/1030/883 885/1029/882 879/1020/876
f 879/1020/876 880/1021/877 886/1030/883
f 887/1031/884 886/1030/883 880/1021/877
f 880/1021/877 881/1023/878 887/1031/884
f 883/1026/880 887/1031/884 881/1023/878
f 881/1023/878 877/1015/874 883/1026/880
f 888/1032/885 889/1033/886 883/1026/880
f 883/1026/880 882/1025/879 888/1032/885
f 890/1034/887 888/1035/885 882/1028/879
f 882/1028/879 884/1027/881 890/1034/887
f 891/1036/888 890/1034/887 884/1027/881
f 884/1027/881 885/1029/882 891/1036/888
f 892/1037/889 891/1036/888 885/1029/882
f 885/1029/882 886/1030/883 892/1037/889
f 893/1038/890 892/1037/889 886/1030/883
f 886/1030/883 887/1031/884 893/1038/890
f 889/1033/886 893/1038/890 887/1031/884
f 887/1031/884 883/1026/880 889/1033/886
f 894/1039/891 895/1040/892 889/1033/886
f 889/1033/886 888/1032/885 894/1039/891
f 896/1041/893 894/1042/891 888/1035/885
f 888/1035/885 890/1034/887 896/1041/893
f 897/1043/894 896/1041/893 890/1034/887
f 890/1034/887 891/1036/888 897/1043/894
f 898/1044/895 897/1043/894 891/1036/888
f 891/1036/888 892/1037/889 898/1044/895
f 899/1045/896 898/1044/895 892/1037/889
f 892/1037/889 893/1038/890 899/1045/896
f 895/1040/892 899/1045/896 893/1038/890
f 893/1038/890 889/1033/886 895/1040/892
f 894/1039/891 896/1041/893 897/1043/894
f 897/1043/894 895/1040/892 894/1039/891
f 898/1044/895 899/1045/896 895/1040/892
f 895/1040/892 897/1043/894 898/1044/895
s 76
f 900/1046/897 901/1047/898 902/1048/899
f 902/1048/899 903/1049/900 904/1050/901
f 900/1046/897 902/1048/899 904/1050/901
f 900/1046/897 904/1050/901 905/1051/902
f 906/1052/903 907/1053/904 904/1050/901
f 904/1050/901 903/1049/900 906/1052/903
f 908/1054/905 906/1055/903 903/1056/900
f 903/1056/900 902/1057/899 908/1054/905
f 909/1058/906 908/1054/905 902/1057/899
f 902/1057/899 901/1047/898 909/1058/906
f 910/1059/907 909/1058/906 901/1047/898
f 901/1047/898 900/1060/897 910/1059/907
f 911/1061/908 910/1059/907 900/1060/897
f 900/1060/897 905/1062/902 911/1061/908
f 907/1053/904 911/1061/908 905/1062/902
f 905/1062/902 904/1050/901 907/1053/904
f 912/1063/909 913/1064/910 907/1053/904
f 907/1053/904 906/1052/903 912/1063/909
f 914/1065/911 912/1066/909 906/1055/903
f 906/1055/903 908/1054/905 914/1065/911
f 915/1067/912 914/1065/911 908/1054/905
f 908/1054/905 909/1058/906 915/1067/912
f 916/1068/913 915/1067/912 909/1058/906
f 909/1058/906 910/1059/907 916/1068/913
f 917/1069/914 916/1068/913 910/1059/907
f 910/1059/907 911/1061/908 917/1069/914
f 913/1064/910 917/1069/914 911/1061/908
f 911/1061/908 907/1053/904 913/1064/910
f 918/1070/915 919/1071/916 913/1064/910
f 913/1064/910 912/1063/909 918/1070/915
f 920/1072/917 918/1073/915 912/1066/909
f 912/1066/909 914/1065/911 920/1072/917
f 921/1074/918 920/1072/917 914/1065/911
f 914/1065/911 915/1067/912 921/1074/918
f 922/1075/919 921/1074/918 915/1067/912
f 915/1067/912 916/1068/913 922/1075/919
f 923/1076/920 922/1075/919 916/1068/913
f 916/1068/913 917/1069/914 923/1076/920
f 919/1071/916 923/1076/920 917/1069/914
f 917/1069/914 913/1064/910 919/1071/916
f 924/1077/921 925/1078/922 919/1071/916
f 919/1071/916 918/1070/915 924/1077/921
f 926/1079/923 924/1080/921 918/1073/915
f 918/1073/915 920/1072/917 926/1079/923
f 927/1081/924 926/1079/923 920/1072/917
f 920/1072/917 921/1074/918 927/1081/924
f 928/1082/925 927/1081/924 921/1074/918
f 921/1074/918 922/1075/919 928/1082/925
f 929/1083/926 928/1082/925 922/1075/919
f 922/1075/919 923/1076/920 929/1083/926
f 925/1078/922 929/1083/926 923/1076/920
f 923/1076/920 919/1071/916 925/1078/922
f 924/1077/921 926/1079/923 927/1081/924
f 927/1081/924 925/1078/922 924/1077/921
f 928/1082/925 929/1083/926 925/1078/922
f 925/1078/922 927/1081/924 928/1082/925
s 77
f 930/1084/927 931/1085/928 932/1086/929
f 932/1086/929 933/1087/930 934/1088/931
f 930/1084/927 932/1086/929 934/1088/931
f 930/1084/927 934/1088/931 935/1089/932
f 936/1090/933 937/1091/934 934/1088/931
f 934/1088/931 933/1087/930 936/1090/933
f 938/1092/935 936/1093/933 933/1094/930
f 933/1094/930 932/1095/929 938/1092/935
f 939/1096/936 938/1092/935 932/1095/929
f 932/1095/929 931/1085/928 939/1096/936
f 940/1097/937 939/1096/936 931/1085/928
f 931/1085/928 930/1098/927 940/1097/937
f 941/1099/938 940/1097/937 930/1098/927
f 930/1098/927 935/1100/932 941/1099/938
f 937/1091/934 941/1099/938 935/1100/932
f 935/1100/932 934/1088/931 937/1091/934
f 942/1101/939 943/1102/940 937/1091/934
f 937/1091/934 936/1090/933 942/1101/939
f 944/1103/941 942/1104/939 936/1093/933
f 936/1093/933 938/1092/935 944/1103/941
f 945/1105/942 944/1103/941 938/1092/935
f 938/1092/935 939/1096/936 945/1105/942
f 946/1106/943 945/1105/942 939/1096/936
f 939/1096/936 940/1097/937 946/1106/943
f 947/1107/944 946/1106/943 940/1097/937
f 940/1097/937 941/1099/938 947/1107/944
f 943/1102/940 947/1107/944 941/1099/938
f 941/1099/938 937/1091/934 943/1102/940
f 948/1108/945 949/1109/946 943/1102/940
f 943/1102/940 942/1101/939 948/1108/945
f 950/1110/947 948/1111/945 942/1104/939
f 942/1104/939 944/1103/941 950/1110/947
f 951/1112/948 950/1110/947 944/1103/941
f 944/1103/941 945/1105/942 951/1112/948
f 952/1113/949 951/1112/948 945/1105/942
f 945/1105/942 946/1106/943 952/1113/949
f 953/1114/950 952/1113/949 946/1106/943
f 946/1106/943 947/1107/944 953/1114/950
f 949/1109/946 953/1114/950 947/1107/944
f 947/1107/944 943/1102/940 949/1109/946
f 954/1115/951 955/1116/952 949/1109/946
f 949/1109/946 948/1108/945 954/1115/951
f 956/1117/953 954/1118/951 948/1111/945
f 948/1111/945 950/1110/947 956/1117/953
f 957/1119/954 956/1117/953 950/1110/947
f 950/1110/947 951/1112/948 957/1119/954
f 958/1120/955 957/1119/954 951/1112/948
f 951/1112/948 952/1113/949 958/1120/955
f 959/1121/956 958/1120/955 952/1113/949
f 952/1113/949 953/1114/950 959/1121/956
f 955/1116/952 959/1121/956 953/1114/950
f 953/1114/950 949/1109/946 955/1116/952
f 954/1115/951 956/1117/953 957/1119/954
f 957/1119/954 955/1116/952 954/1115/951
f 958/1120/955 959/1121/956 955/1116/952
f 955/1116/952 957/1119/954 958/1120/955
