# Blender v3.3.0 OBJ File: ''
# www.blender.org
o CocoaTreeStage04.005
v -0.029117 -0.000000 0.030911
v 0.037876 -0.000000 0.030911
v 0.025345 0.267866 0.020599
v -0.019724 0.256493 0.020599
v 0.037876 0.000000 -0.030911
v 0.025345 0.267866 -0.020599
v -0.029117 0.000000 -0.030911
v -0.019724 0.256493 -0.020599
v -0.007206 0.326312 0.020599
v 0.079814 0.529942 0.033720
v 0.046116 0.546319 0.033720
v 0.079814 0.529942 -0.006718
v -0.007206 0.326312 -0.020599
v 0.046116 0.546319 -0.006718
v -0.076175 0.397874 -0.013489
v -0.056750 0.414971 -0.010064
v -0.080971 0.397874 0.013714
v -0.061547 0.414971 0.017139
v -0.179803 0.530467 -0.031761
v -0.160378 0.547564 -0.028336
v -0.184599 0.530467 -0.004558
v -0.165175 0.547564 -0.001133
v 0.175443 0.764612 0.068886
v 0.151966 0.775848 0.070868
v 0.175443 0.769504 0.041142
v 0.151966 0.780740 0.043123
v 0.184245 0.898449 0.106769
v -0.259950 0.605049 -0.076460
v 0.074544 0.594691 0.013576
v 0.089986 0.587572 0.037831
v 0.055333 0.670961 0.097085
v 0.046332 0.683540 0.085132
v 0.101957 0.606006 0.035620
v 0.073015 0.681455 0.094813
v 0.086515 0.613124 0.011364
v 0.064015 0.694034 0.082860
v 0.030226 0.724238 0.169031
v 0.021226 0.736817 0.157078
v 0.047909 0.734732 0.166759
v 0.038908 0.747311 0.154806
v 0.006630 0.773809 0.255427
v 0.154136 0.717311 0.051145
v 0.137208 0.710791 0.037633
v 0.179653 0.757137 0.007274
v 0.188778 0.764636 0.016401
v 0.128701 0.724831 0.041516
v 0.168685 0.768371 0.009008
v 0.145630 0.731350 0.055028
v 0.177809 0.775870 0.018136
v 0.218938 0.796613 -0.045984
v 0.228062 0.804112 -0.036857
v 0.207969 0.807847 -0.044249
v 0.217094 0.815346 -0.035122
v 0.254384 0.826302 -0.131473
v 0.030349 0.330680 -0.004404
v 0.006242 0.314910 -0.011308
v -0.010178 0.411457 -0.062128
v 0.002518 0.424306 -0.054656
v -0.005176 0.325510 0.004352
v -0.024458 0.417642 -0.048498
v 0.018931 0.341279 0.011256
v -0.011762 0.430491 -0.041026
v -0.046986 0.502683 -0.142086
v -0.034290 0.515532 -0.134614
v -0.061267 0.508867 -0.128456
v -0.048570 0.521716 -0.120984
v -0.079045 0.559945 -0.195614
v 0.032860 0.440784 0.023316
v 0.048555 0.432245 -0.000311
v 0.114265 0.505395 0.049740
v 0.103398 0.515216 0.062685
v 0.042519 0.450631 -0.010965
v 0.110749 0.520107 0.035628
v 0.026823 0.459169 0.012662
v 0.099883 0.529928 0.048574
v 0.214267 0.570432 0.092634
v 0.203401 0.580252 0.105580
v 0.210752 0.585144 0.078522
v 0.199886 0.594965 0.091468
v 0.329844 0.609312 0.129120
v -0.145626 0.494472 0.001188
v -0.127470 0.502117 -0.009926
v -0.147805 0.551121 0.032079
v -0.161595 0.548573 0.037191
v -0.137490 0.510987 -0.020194
v -0.153763 0.559909 0.020384
v -0.155647 0.503342 -0.009080
v -0.167554 0.557361 0.025495
v -0.145475 0.602774 0.077750
v -0.159266 0.600227 0.082861
v -0.151433 0.611563 0.066054
v -0.165224 0.609015 0.071166
v -0.120018 0.656021 0.120081
v 0.281503 0.757192 -0.073946
v 0.321735 0.684788 -0.067603
v 0.316388 0.678849 -0.046565
v 0.276712 0.752062 -0.052489
v 0.303870 0.677171 -0.034505
v 0.267728 0.746043 -0.040679
v 0.258113 0.745132 -0.023504
v 0.296078 0.671869 -0.016085
v 0.246605 0.740258 -0.011233
v 0.283162 0.670159 -0.002499
v 0.329941 0.650115 -0.061139
v 0.325406 0.643348 -0.046487
v 0.313261 0.643512 -0.035950
v 0.309254 0.637545 -0.022269
v 0.304215 0.636952 -0.008656
v 0.329886 0.607855 -0.040642
v 0.327705 0.599634 -0.033911
v 0.321254 0.605643 -0.029505
v 0.262955 0.780567 -0.068913
v 0.252647 0.787097 -0.057538
v 0.236955 0.780405 -0.031462
v 0.238011 0.788262 -0.046553
v 0.237840 0.768796 -0.019168
v 0.240159 0.789192 -0.049809
v 0.224137 0.808281 -0.051059
v 0.226284 0.809211 -0.054315
v 0.282126 0.757724 -0.073505
v 0.277335 0.752594 -0.052048
v 0.317012 0.679380 -0.046123
v 0.322359 0.685320 -0.067162
v 0.268351 0.746575 -0.040238
v 0.304493 0.677702 -0.034064
v 0.258737 0.745663 -0.023062
v 0.296701 0.672401 -0.015644
v 0.247228 0.740790 -0.010792
v 0.283786 0.670691 -0.002058
v 0.326029 0.643880 -0.046046
v 0.330565 0.650646 -0.060697
v 0.313884 0.644043 -0.035509
v 0.309877 0.638076 -0.021828
v 0.304838 0.637484 -0.008215
v 0.330510 0.608386 -0.040200
v 0.328329 0.600165 -0.033470
v 0.321877 0.606175 -0.029063
v 0.263579 0.781099 -0.068472
v 0.253270 0.787628 -0.057097
v 0.238635 0.788793 -0.046112
v 0.237579 0.780936 -0.031021
v 0.238463 0.769327 -0.018727
v 0.240782 0.789724 -0.049368
v 0.226908 0.809743 -0.053874
v 0.224760 0.808812 -0.050618
v 0.249549 0.704528 0.006206
v 0.239630 0.702227 0.029015
v 0.273732 0.619599 0.052286
v 0.284258 0.622797 0.029947
v 0.226952 0.697984 0.040642
v 0.257635 0.620435 0.062939
v 0.213087 0.700117 0.057330
v 0.245036 0.617780 0.081869
v 0.197704 0.697400 0.068798
v 0.228207 0.618821 0.094093
v 0.279733 0.579995 0.058445
v 0.288222 0.585036 0.042743
v 0.264532 0.582610 0.067311
v 0.256890 0.578269 0.081978
v 0.248712 0.579889 0.095721
v 0.279693 0.541558 0.069901
v 0.275147 0.533653 0.077702
v 0.267931 0.541365 0.080421
v 0.230938 0.732336 0.005048
v 0.218238 0.741884 0.014441
v 0.200356 0.745861 0.023159
v 0.195437 0.739400 0.040182
v 0.192771 0.728289 0.055028
v 0.203416 0.746260 0.019972
v 0.191374 0.768710 0.009868
v 0.188314 0.768312 0.013055
v 0.248958 0.703988 0.005710
v 0.283667 0.622257 0.029451
v 0.273141 0.619058 0.051790
v 0.239039 0.701686 0.028519
v 0.257043 0.619894 0.062443
v 0.226361 0.697444 0.040146
v 0.212495 0.699577 0.056834
v 0.244445 0.617239 0.081373
v 0.197113 0.696860 0.068302
v 0.227616 0.618281 0.093597
v 0.287631 0.584495 0.042247
v 0.279142 0.579455 0.057949
v 0.263941 0.582070 0.066814
v 0.256299 0.577729 0.081482
v 0.248120 0.579348 0.095225
v 0.279102 0.541018 0.069405
v 0.274556 0.533113 0.077206
v 0.267340 0.540824 0.079925
v 0.230347 0.731796 0.004551
v 0.217647 0.741344 0.013945
v 0.194846 0.738859 0.039686
v 0.199764 0.745321 0.022663
v 0.192180 0.727749 0.054532
v 0.202825 0.745719 0.019476
v 0.187722 0.767771 0.012558
v 0.190783 0.768170 0.009372
v 0.166373 0.744659 -0.060362
v 0.171859 0.749190 -0.084306
v 0.137120 0.672709 -0.122721
v 0.130915 0.669110 -0.098876
v 0.182249 0.749211 -0.098656
v 0.150857 0.677663 -0.135372
v 0.192602 0.756774 -0.116290
v 0.159722 0.681087 -0.156200
v 0.205618 0.758457 -0.130547
v 0.173871 0.686708 -0.170411
v 0.131566 0.635666 -0.138191
v 0.126029 0.635727 -0.120488
v 0.144696 0.641792 -0.148514
v 0.149571 0.642063 -0.164901
v 0.154923 0.647878 -0.178898
v 0.130888 0.601637 -0.159409
v 0.134167 0.596438 -0.169716
v 0.140437 0.605188 -0.171462
v 0.183796 0.772741 -0.054989
v 0.194109 0.785457 -0.063512
v 0.209846 0.793091 -0.073792
v 0.211683 0.791691 -0.092511
v 0.211900 0.785060 -0.110031
v 0.207433 0.792386 -0.070137
v 0.220314 0.812432 -0.056597
v 0.222727 0.813138 -0.060252
v 0.167068 0.744063 -0.060140
v 0.131610 0.668513 -0.098654
v 0.137814 0.672113 -0.122499
v 0.172554 0.748593 -0.084083
v 0.151552 0.677067 -0.135150
v 0.182944 0.748614 -0.098434
v 0.193297 0.756178 -0.116067
v 0.160417 0.680491 -0.155978
v 0.206312 0.757861 -0.130325
v 0.174565 0.686112 -0.170189
v 0.126724 0.635131 -0.120266
v 0.132261 0.635069 -0.137969
v 0.145390 0.641196 -0.148292
v 0.150266 0.641467 -0.164679
v 0.155618 0.647281 -0.178676
v 0.131583 0.601041 -0.159187
v 0.134862 0.595842 -0.169494
v 0.141132 0.604592 -0.171240
v 0.184491 0.772145 -0.054767
v 0.194804 0.784861 -0.063290
v 0.212377 0.791094 -0.092289
v 0.210540 0.792494 -0.073570
v 0.212595 0.784463 -0.109809
v 0.208128 0.791789 -0.069914
v 0.223421 0.812541 -0.060030
v 0.221009 0.811836 -0.056375
v 0.134536 0.720460 0.024580
v 0.094032 0.648412 0.016228
v 0.093752 0.646332 -0.006179
v 0.133610 0.719222 0.002057
v 0.102722 0.647264 -0.021133
v 0.139231 0.715679 -0.012512
v 0.144072 0.718094 -0.031459
v 0.105482 0.645483 -0.041562
v 0.152013 0.715870 -0.046911
v 0.114441 0.646658 -0.058074
v 0.084433 0.614980 0.006149
v 0.085021 0.610978 -0.010119
v 0.094025 0.613452 -0.023209
v 0.094355 0.610051 -0.038281
v 0.095699 0.611977 -0.052618
v 0.079181 0.576803 -0.020701
v 0.079545 0.569934 -0.029087
v 0.084637 0.576881 -0.033879
v 0.151148 0.745158 0.019124
v 0.158161 0.753959 0.006810
v 0.166569 0.752448 -0.023157
v 0.169455 0.757607 -0.007168
v 0.162533 0.743037 -0.036642
v 0.168224 0.757880 -0.003362
v 0.184023 0.777189 -0.002942
v 0.182792 0.777463 0.000864
v 0.133819 0.721029 0.024412
v 0.132893 0.719791 0.001889
v 0.093035 0.646901 -0.006348
v 0.093316 0.648981 0.016060
v 0.138515 0.716248 -0.012681
v 0.102006 0.647834 -0.021301
v 0.143356 0.718664 -0.031628
v 0.104765 0.646052 -0.041730
v 0.151297 0.716440 -0.047080
v 0.113724 0.647227 -0.058243
v 0.084305 0.611547 -0.010288
v 0.083716 0.615550 0.005981
v 0.093309 0.614022 -0.023378
v 0.093638 0.610620 -0.038450
v 0.094983 0.612546 -0.052787
v 0.078464 0.577372 -0.020869
v 0.078829 0.570503 -0.029255
v 0.083920 0.577450 -0.034048
v 0.150432 0.745727 0.018956
v 0.157445 0.754529 0.006641
v 0.168739 0.758176 -0.007336
v 0.165853 0.753017 -0.023325
v 0.161817 0.743606 -0.036810
v 0.167507 0.758449 -0.003530
v 0.182075 0.778032 0.000696
v 0.183307 0.777759 -0.003110
v -0.050108 0.436355 -0.067853
v -0.073510 0.384195 -0.058929
v -0.084820 0.384173 -0.069782
v -0.061795 0.436873 -0.078361
v -0.087935 0.386439 -0.081319
v -0.066317 0.435779 -0.088497
v -0.073440 0.439016 -0.099773
v -0.096784 0.386722 -0.092691
v -0.077285 0.439061 -0.111350
v -0.100684 0.389255 -0.104949
v -0.083001 0.361073 -0.062314
v -0.090813 0.359397 -0.070829
v -0.092990 0.362610 -0.081334
v -0.100334 0.361252 -0.089086
v -0.106851 0.363597 -0.096463
v -0.098724 0.336073 -0.076385
v -0.102692 0.331900 -0.081274
v -0.102655 0.337375 -0.085415
v -0.044914 0.454970 -0.076265
v -0.047710 0.462348 -0.084794
v -0.058578 0.463847 -0.103520
v -0.049226 0.466597 -0.096742
v -0.067214 0.457920 -0.108941
v -0.047925 0.466450 -0.094275
v -0.040160 0.480913 -0.099984
v -0.038860 0.480767 -0.097517
v -0.050540 0.436702 -0.067527
v -0.062227 0.437220 -0.078035
v -0.085253 0.384520 -0.069456
v -0.073942 0.384543 -0.058603
v -0.066749 0.436127 -0.088171
v -0.088367 0.386787 -0.080993
v -0.073872 0.439364 -0.099447
v -0.097216 0.387070 -0.092365
v -0.077717 0.439409 -0.111024
v -0.101116 0.389602 -0.104623
v -0.091245 0.359744 -0.070503
v -0.083433 0.361420 -0.061988
v -0.093423 0.362957 -0.081008
v -0.100766 0.361600 -0.088760
v -0.107283 0.363945 -0.096138
v -0.099157 0.336421 -0.076059
v -0.103125 0.332247 -0.080948
v -0.103087 0.337723 -0.085089
v -0.045346 0.455317 -0.075939
v -0.048142 0.462696 -0.084468
v -0.049658 0.466944 -0.096417
v -0.059010 0.464194 -0.103195
v -0.067646 0.458267 -0.108615
v -0.048357 0.466798 -0.093950
v -0.039292 0.481114 -0.097191
v -0.040592 0.481261 -0.099658
v 0.081309 0.687251 0.169951
v 0.072770 0.685270 0.189588
v 0.102128 0.614136 0.209622
v 0.111190 0.616889 0.190390
v 0.061855 0.681618 0.199597
v 0.088270 0.614856 0.218793
v 0.049918 0.683454 0.213964
v 0.077424 0.612570 0.235090
v 0.036676 0.681115 0.223837
v 0.062936 0.613467 0.245613
v 0.107294 0.580041 0.214924
v 0.114602 0.584381 0.201406
v 0.094208 0.582292 0.222556
v 0.087629 0.578555 0.235184
v 0.080588 0.579950 0.247015
v 0.107260 0.546951 0.224787
v 0.103346 0.540146 0.231502
v 0.097134 0.546784 0.233843
v 0.065286 0.711191 0.168954
v 0.054353 0.719411 0.177041
v 0.038958 0.722835 0.184546
v 0.034724 0.717272 0.199202
v 0.032429 0.707707 0.211982
v 0.041593 0.723178 0.181803
v 0.031226 0.742505 0.173104
v 0.028591 0.742162 0.175847
v 0.080788 0.686775 0.169514
v 0.110669 0.616413 0.189954
v 0.101607 0.613660 0.209185
v 0.072249 0.684794 0.189151
v 0.087749 0.614380 0.218356
v 0.061335 0.681142 0.199160
v 0.049398 0.682978 0.213527
v 0.076903 0.612094 0.234653
v 0.036155 0.680639 0.223400
v 0.062415 0.612991 0.245177
v 0.114081 0.583905 0.200969
v 0.106774 0.579565 0.214487
v 0.093687 0.581816 0.222119
v 0.087108 0.578079 0.234747
v 0.080067 0.579473 0.246578
v 0.106739 0.546475 0.224350
v 0.102825 0.539670 0.231065
v 0.096613 0.546308 0.233406
v 0.064766 0.710715 0.168517
v 0.053832 0.718935 0.176604
v 0.034203 0.716796 0.198765
v 0.038438 0.722359 0.184109
v 0.031908 0.707231 0.211546
v 0.041073 0.722702 0.181366
v 0.028071 0.741686 0.175410
v 0.030706 0.742029 0.172667
v -0.013028 0.632810 0.126454
v -0.007043 0.630824 0.099942
v -0.044944 0.539379 0.081055
v -0.051713 0.542320 0.107200
v 0.004292 0.626793 0.084813
v -0.029956 0.541028 0.066325
v 0.015587 0.629785 0.064095
v -0.020285 0.538755 0.043409
v 0.029787 0.627533 0.048595
v -0.004849 0.540666 0.026846
v -0.051003 0.495974 0.075213
v -0.057043 0.501038 0.093850
v -0.036678 0.499516 0.062604
v -0.031359 0.495174 0.045259
v -0.025520 0.497349 0.028866
v -0.051742 0.454123 0.062461
v -0.048165 0.445734 0.053068
v -0.041324 0.454462 0.048757
v 0.005980 0.663920 0.124186
v 0.017231 0.674914 0.111614
v 0.034400 0.680056 0.098625
v 0.036404 0.673295 0.079294
v 0.036641 0.661360 0.062704
v 0.031767 0.680345 0.102676
v 0.045821 0.705294 0.111284
v 0.048453 0.705005 0.107233
v -0.012253 0.632231 0.126866
v -0.050938 0.541741 0.107612
v -0.044168 0.538801 0.081467
v -0.006268 0.630245 0.100354
v -0.029181 0.540449 0.066736
v 0.005068 0.626214 0.085225
v 0.016362 0.629206 0.064507
v -0.019509 0.538176 0.043821
v 0.030563 0.626954 0.049007
v -0.004073 0.540087 0.027257
v -0.056268 0.500459 0.094262
v -0.050227 0.495395 0.075625
v -0.035903 0.498937 0.063016
v -0.030583 0.494595 0.045670
v -0.024744 0.496770 0.029278
v -0.050966 0.453544 0.062873
v -0.047390 0.445155 0.053479
v -0.040549 0.453883 0.049169
v 0.006755 0.663341 0.124598
v 0.018007 0.674335 0.112026
v 0.037179 0.672716 0.079706
v 0.035175 0.679477 0.099037
v 0.037417 0.660781 0.063115
v 0.032543 0.679766 0.103088
v 0.049228 0.704426 0.107644
v 0.046596 0.704715 0.111696
v -0.016240 0.691910 0.193332
v -0.051109 0.629884 0.186142
v -0.051350 0.628093 0.166851
v -0.017037 0.690844 0.173942
v -0.043627 0.628896 0.153978
v -0.012197 0.687794 0.161399
v -0.008029 0.689874 0.145088
v -0.041252 0.627363 0.136391
v -0.001193 0.687959 0.131785
v -0.033539 0.628374 0.122175
v -0.059373 0.601103 0.177465
v -0.058866 0.597657 0.163459
v -0.051115 0.599788 0.152190
v -0.050831 0.596859 0.139215
v -0.049674 0.598518 0.126872
v -0.063894 0.568236 0.154350
v -0.063580 0.562323 0.147130
v -0.059197 0.568303 0.143004
v -0.001938 0.713172 0.188635
v 0.004100 0.720750 0.178033
v 0.011338 0.719448 0.152235
v 0.013823 0.723889 0.166000
v 0.007863 0.711347 0.140626
v 0.012762 0.724125 0.169277
v 0.026364 0.740748 0.169638
v 0.025304 0.740984 0.172915
v -0.016870 0.692411 0.193183
v -0.017668 0.691346 0.173793
v -0.051981 0.628595 0.166703
v -0.051740 0.630385 0.185993
v -0.012828 0.688296 0.161251
v -0.044258 0.629398 0.153829
v -0.008660 0.690375 0.144939
v -0.041883 0.627864 0.136242
v -0.001824 0.688460 0.131637
v -0.034170 0.628876 0.122026
v -0.059497 0.598159 0.163311
v -0.060004 0.601604 0.177316
v -0.051745 0.600289 0.152042
v -0.051462 0.597361 0.139066
v -0.050305 0.599019 0.126724
v -0.064525 0.568737 0.154201
v -0.064211 0.562824 0.146982
v -0.059828 0.568805 0.142856
v -0.002569 0.713674 0.188486
v 0.003469 0.721251 0.177885
v 0.013192 0.724391 0.165852
v 0.010707 0.719950 0.152087
v 0.007233 0.711848 0.140478
v 0.012131 0.724626 0.169128
v 0.024673 0.741485 0.172766
v 0.025733 0.741250 0.169490
v 0.105637 0.631298 0.092653
v 0.141234 0.546435 0.112487
v 0.139536 0.546398 0.137934
v 0.104763 0.632141 0.118207
v 0.128415 0.550086 0.153881
v 0.096859 0.630362 0.134445
v 0.090255 0.635628 0.155115
v 0.123495 0.550546 0.176803
v 0.079847 0.635701 0.172014
v 0.112297 0.554666 0.194483
v 0.146941 0.508815 0.127856
v 0.144498 0.506088 0.146497
v 0.133682 0.511315 0.160198
v 0.131701 0.509107 0.177458
v 0.129322 0.512922 0.193295
v 0.145848 0.468140 0.162168
v 0.143904 0.461350 0.172227
v 0.138703 0.470259 0.176511
v 0.089722 0.661585 0.094976
v 0.082015 0.673589 0.107381
v 0.070042 0.676028 0.140511
v 0.068708 0.680501 0.121766
v 0.072317 0.666385 0.156942
v 0.070423 0.680263 0.117565
v 0.055188 0.703795 0.113857
v 0.056903 0.703556 0.109656
v 0.106522 0.631881 0.092857
v 0.105648 0.632723 0.118412
v 0.140421 0.546981 0.138138
v 0.142119 0.547017 0.112691
v 0.097744 0.630944 0.134649
v 0.129299 0.550668 0.154085
v 0.091140 0.636211 0.155319
v 0.124380 0.551129 0.177007
v 0.080731 0.636284 0.172218
v 0.113181 0.555249 0.194687
v 0.145383 0.506671 0.146701
v 0.147825 0.509397 0.128060
v 0.134567 0.511898 0.160402
v 0.132586 0.509689 0.177662
v 0.130206 0.513505 0.193499
v 0.146733 0.468723 0.162372
v 0.144788 0.461933 0.172431
v 0.139588 0.470841 0.176715
v 0.090607 0.662167 0.095180
v 0.082899 0.674172 0.107585
v 0.069593 0.681084 0.121970
v 0.070926 0.676611 0.140715
v 0.073202 0.666967 0.157147
v 0.071308 0.680846 0.117769
v 0.057787 0.704139 0.109860
v 0.056072 0.704377 0.114061
v -0.240095 0.520443 -0.064544
v -0.222812 0.516518 -0.069977
v -0.233223 0.454399 -0.097022
v -0.250468 0.458956 -0.092194
v -0.210541 0.512083 -0.068356
v -0.219416 0.453711 -0.093220
v -0.194369 0.511871 -0.068787
v -0.203007 0.449805 -0.095255
v -0.180746 0.508511 -0.065637
v -0.187955 0.449114 -0.091815
v -0.235947 0.424826 -0.101770
v -0.248372 0.430111 -0.099099
v -0.223421 0.425625 -0.097673
v -0.211925 0.420966 -0.100344
v -0.200195 0.420765 -0.102506
v -0.232698 0.395509 -0.105756
v -0.226804 0.388898 -0.106680
v -0.221158 0.394174 -0.104274
v -0.229420 0.540600 -0.054690
v -0.217256 0.546517 -0.052530
v -0.203397 0.548271 -0.046917
v -0.192092 0.541905 -0.052170
v -0.183468 0.532357 -0.057438
v -0.206620 0.548914 -0.047098
v -0.204536 0.566061 -0.036360
v -0.201312 0.565417 -0.036178
v -0.240132 0.520007 -0.063841
v -0.250505 0.458521 -0.091491
v -0.233260 0.453963 -0.096319
v -0.222849 0.516083 -0.069274
v -0.219452 0.453275 -0.092517
v -0.210578 0.511647 -0.067653
v -0.194406 0.511435 -0.068084
v -0.203044 0.449369 -0.094552
v -0.180783 0.508075 -0.064934
v -0.187992 0.448678 -0.091112
v -0.248409 0.429675 -0.098396
v -0.235983 0.424390 -0.101067
v -0.223458 0.425190 -0.096970
v -0.211961 0.420530 -0.099641
v -0.200232 0.420329 -0.101803
v -0.232735 0.395074 -0.105053
v -0.226841 0.388462 -0.105977
v -0.221195 0.393738 -0.103571
v -0.229456 0.540164 -0.053987
v -0.217293 0.546081 -0.051827
v -0.192129 0.541469 -0.051467
v -0.203433 0.547835 -0.046214
v -0.183505 0.531922 -0.056735
v -0.206657 0.548479 -0.046395
v -0.201349 0.564982 -0.035475
v -0.204573 0.565625 -0.035657
v 0.131266 0.792307 0.100873
v 0.094297 0.743161 0.097126
v 0.091940 0.742293 0.080624
v 0.128504 0.792120 0.084360
v 0.097273 0.742602 0.068826
v 0.131011 0.789425 0.073068
v 0.133113 0.791308 0.058729
v 0.097337 0.741626 0.053511
v 0.137358 0.789401 0.046602
v 0.102547 0.742160 0.040571
v 0.083319 0.719711 0.089991
v 0.081957 0.717176 0.077896
v 0.087619 0.718564 0.067492
v 0.086227 0.716461 0.056311
v 0.086133 0.718166 0.045673
v 0.073613 0.692857 0.070039
v 0.072512 0.688009 0.063714
v 0.076453 0.692802 0.059849
v 0.145204 0.809146 0.095789
v 0.150062 0.815345 0.086247
v 0.153445 0.814333 0.063407
v 0.157428 0.817416 0.075004
v 0.148448 0.808155 0.053684
v 0.156886 0.817619 0.077921
v 0.170247 0.830400 0.077140
v 0.169706 0.830603 0.080057
v 0.130850 0.792798 0.100609
v 0.128089 0.792611 0.084096
v 0.091525 0.742784 0.080361
v 0.093882 0.743652 0.096862
v 0.130595 0.789916 0.072804
v 0.096857 0.743094 0.068562
v 0.132697 0.791799 0.058465
v 0.096922 0.742118 0.053248
v 0.136943 0.789893 0.046338
v 0.102131 0.742651 0.040307
v 0.081542 0.717668 0.077632
v 0.082904 0.720202 0.089727
v 0.087204 0.719055 0.067229
v 0.085812 0.716952 0.056048
v 0.085717 0.718657 0.045409
v 0.073197 0.693348 0.069775
v 0.072097 0.688501 0.063451
v 0.076038 0.693293 0.059585
v 0.144788 0.809638 0.095525
v 0.149647 0.815836 0.085983
v 0.157012 0.817907 0.074740
v 0.153029 0.814825 0.063144
v 0.148032 0.808646 0.053420
v 0.156471 0.818110 0.077657
v 0.169290 0.831094 0.079793
v 0.169832 0.830891 0.076876
v -0.190676 0.542446 0.088832
v -0.194447 0.541150 0.071506
v -0.222064 0.481493 0.070789
v -0.218858 0.483411 0.088114
v -0.191916 0.538520 0.059436
v -0.217264 0.482568 0.057947
v -0.190950 0.540472 0.044072
v -0.217864 0.481085 0.041731
v -0.186828 0.539003 0.030992
v -0.213303 0.482332 0.027682
v -0.227258 0.453175 0.069005
v -0.225690 0.456479 0.081690
v -0.222264 0.455486 0.057600
v -0.223901 0.452653 0.045878
v -0.224969 0.454072 0.034576
v -0.231210 0.425872 0.061669
v -0.231685 0.420399 0.055129
v -0.228829 0.426093 0.050694
v -0.180063 0.562742 0.082250
v -0.176877 0.569914 0.071715
v -0.170307 0.573268 0.059301
v -0.174452 0.568858 0.047319
v -0.178885 0.561071 0.037444
v -0.170746 0.573457 0.062422
v -0.160064 0.589734 0.063637
v -0.159624 0.589545 0.060516
v -0.190057 0.542037 0.088864
v -0.218239 0.483002 0.088146
v -0.221445 0.481084 0.070821
v -0.193828 0.540741 0.071538
v -0.216645 0.482159 0.057979
v -0.191297 0.538112 0.059468
v -0.190331 0.540063 0.044104
v -0.217244 0.480676 0.041763
v -0.186209 0.538594 0.031024
v -0.212684 0.481923 0.027714
v -0.225071 0.456070 0.081722
v -0.226638 0.452766 0.069037
v -0.221645 0.455077 0.057632
v -0.223282 0.452244 0.045910
v -0.224349 0.453663 0.034608
v -0.230591 0.425463 0.061701
v -0.231066 0.419990 0.055161
v -0.228210 0.425684 0.050726
v -0.179444 0.562333 0.082282
v -0.176257 0.569505 0.071747
v -0.173832 0.568449 0.047351
v -0.169688 0.572860 0.059333
v -0.178266 0.560662 0.037476
v -0.170127 0.573048 0.062454
v -0.159005 0.589136 0.060548
v -0.159444 0.589325 0.063669
v -0.039244 0.502184 -0.186858
v -0.029608 0.497522 -0.177824
v -0.009895 0.458531 -0.205647
v -0.019159 0.463739 -0.214704
v -0.026345 0.492156 -0.170125
v -0.007896 0.455289 -0.195503
v -0.020745 0.489559 -0.159572
v -0.000846 0.450240 -0.186036
v -0.018158 0.484518 -0.150299
v 0.001805 0.446859 -0.175175
v -0.005279 0.438338 -0.214998
v -0.011563 0.443664 -0.221349
v -0.004014 0.436323 -0.205309
v 0.001916 0.431593 -0.199444
v 0.007233 0.429968 -0.192349
v 0.000755 0.417283 -0.220109
v 0.003823 0.411737 -0.217846
v 0.003633 0.414291 -0.212293
v -0.043982 0.513532 -0.172671
v -0.041923 0.515577 -0.162735
v -0.041322 0.513805 -0.151513
v -0.033574 0.508280 -0.146897
v -0.026447 0.500875 -0.144723
v -0.042304 0.514799 -0.153572
v -0.050219 0.525167 -0.145443
v -0.049237 0.524173 -0.143385
v -0.039683 0.501777 -0.186767
v -0.019598 0.463333 -0.214613
v -0.010334 0.458124 -0.205556
v -0.030047 0.497115 -0.177733
v -0.008335 0.454882 -0.195412
v -0.026784 0.491749 -0.170034
v -0.021185 0.489153 -0.159481
v -0.001286 0.449833 -0.185945
v -0.018597 0.484112 -0.150208
v 0.001366 0.446453 -0.175085
v -0.012002 0.443258 -0.221258
v -0.005718 0.437931 -0.214907
v -0.004454 0.435917 -0.205218
v 0.001477 0.431186 -0.199353
v 0.006794 0.429561 -0.192258
v 0.000316 0.416876 -0.220018
v 0.003383 0.411330 -0.217755
v 0.003193 0.413885 -0.212202
v -0.044422 0.513126 -0.172580
v -0.042362 0.515170 -0.162644
v -0.034014 0.507873 -0.146806
v -0.041761 0.513399 -0.151422
v -0.026886 0.500468 -0.144632
v -0.042743 0.514393 -0.153481
v -0.049676 0.523767 -0.143294
v -0.050658 0.524761 -0.145352
v -0.046986 0.507678 -0.144084
v -0.046986 0.470982 -0.177684
v -0.073205 0.469663 -0.162605
v -0.073205 0.467024 -0.132446
v -0.046986 0.465705 -0.117367
v -0.020768 0.467024 -0.132446
v -0.020768 0.469663 -0.162605
v -0.046986 0.432113 -0.186442
v -0.077826 0.430561 -0.168704
v -0.077826 0.427457 -0.133229
v -0.046986 0.425905 -0.115491
v -0.016147 0.427457 -0.133229
v -0.016147 0.430561 -0.168704
v -0.046986 0.346394 -0.158195
v -0.058716 0.370597 -0.162875
v -0.046986 0.371188 -0.169622
v -0.058716 0.369417 -0.149382
v -0.046986 0.368827 -0.142636
v -0.035257 0.369417 -0.149382
v -0.035257 0.370597 -0.162875
v -0.046986 0.397785 -0.184088
v -0.073205 0.396466 -0.169009
v -0.073205 0.393827 -0.138850
v -0.046986 0.392508 -0.123770
v -0.020768 0.393827 -0.138850
v -0.020768 0.396466 -0.169009
v -0.010178 0.421660 -0.065236
v -0.010178 0.395400 -0.093873
v -0.030652 0.393347 -0.082232
v -0.030652 0.389242 -0.058950
v -0.010178 0.387189 -0.047309
v 0.010296 0.389242 -0.058950
v 0.010296 0.393347 -0.082232
v -0.010178 0.365758 -0.103331
v -0.034261 0.363344 -0.089638
v -0.034261 0.358515 -0.062252
v -0.010178 0.356100 -0.048559
v 0.013905 0.358515 -0.062252
v 0.013905 0.363344 -0.089638
v -0.010178 0.297153 -0.087190
v -0.019338 0.316300 -0.089184
v -0.010178 0.317218 -0.094392
v -0.019338 0.314463 -0.078768
v -0.010178 0.313545 -0.073560
v -0.001018 0.314463 -0.078768
v -0.001018 0.316300 -0.089184
v -0.010178 0.338894 -0.103836
v -0.030652 0.336841 -0.092195
v -0.030652 0.332736 -0.068913
v -0.010178 0.330683 -0.057272
v 0.010296 0.332736 -0.068913
v 0.010296 0.336841 -0.092195
v 0.114265 0.510390 0.047742
v 0.114265 0.473694 0.014141
v 0.088046 0.472374 0.029221
v 0.088046 0.469736 0.059380
v 0.114265 0.468416 0.074459
v 0.140483 0.469736 0.059380
v 0.140483 0.472374 0.029221
v 0.114265 0.434824 0.005384
v 0.083425 0.433272 0.023121
v 0.083425 0.430169 0.058597
v 0.114265 0.428617 0.076334
v 0.145104 0.430169 0.058597
v 0.145104 0.433272 0.023121
v 0.114265 0.349105 0.033631
v 0.102535 0.373309 0.028950
v 0.114265 0.373899 0.022204
v 0.102535 0.372129 0.042443
v 0.114265 0.371538 0.049190
v 0.125994 0.372129 0.042443
v 0.125994 0.373309 0.028951
v 0.114265 0.400497 0.007738
v 0.088046 0.399178 0.022817
v 0.088046 0.396539 0.052976
v 0.114265 0.395220 0.068055
v 0.140483 0.396539 0.052976
v 0.140483 0.399178 0.022817
v 0.214267 0.575426 0.090636
v 0.214267 0.538730 0.057036
v 0.188049 0.537411 0.072115
v 0.188049 0.534773 0.102274
v 0.214267 0.533453 0.117353
v 0.240485 0.534773 0.102274
v 0.240485 0.537411 0.072115
v 0.214267 0.499861 0.048278
v 0.183427 0.498309 0.066016
v 0.183427 0.495205 0.101491
v 0.214267 0.493654 0.119229
v 0.245107 0.495206 0.101491
v 0.245107 0.498309 0.066016
v 0.214267 0.414142 0.076525
v 0.202538 0.438346 0.071845
v 0.214267 0.438936 0.065098
v 0.202538 0.437165 0.085338
v 0.214267 0.436575 0.092084
v 0.225997 0.437165 0.085338
v 0.225997 0.438346 0.071845
v 0.214267 0.465534 0.050632
v 0.188049 0.464214 0.065711
v 0.188049 0.461576 0.095870
v 0.214267 0.460257 0.110950
v 0.240485 0.461576 0.095870
v 0.240485 0.464214 0.065711
v -0.080808 0.408414 0.002208
v -0.088788 0.378631 -0.021433
v -0.108564 0.383930 -0.009612
v -0.108564 0.383930 0.014029
v -0.088788 0.378631 0.025849
v -0.069012 0.373332 0.014029
v -0.069012 0.373332 -0.009612
v -0.096768 0.348848 -0.025600
v -0.120031 0.355081 -0.011696
v -0.120031 0.355081 0.016112
v -0.096768 0.348848 0.030017
v -0.073506 0.342615 0.016112
v -0.073506 0.342615 -0.011696
v -0.113530 0.286294 0.002208
v -0.117587 0.306545 -0.003080
v -0.108739 0.304174 -0.008369
v -0.117587 0.306545 0.007497
v -0.108739 0.304174 0.012785
v -0.099891 0.301803 0.007497
v -0.099891 0.301803 -0.003080
v -0.103638 0.323209 -0.021433
v -0.123415 0.328508 -0.009612
v -0.123415 0.328508 0.014029
v -0.103638 0.323209 0.025849
v -0.083862 0.317910 0.014029
v -0.083862 0.317910 -0.009612
v -0.181793 0.535549 -0.015125
v -0.185451 0.493735 -0.041842
v -0.211455 0.497335 -0.026763
v -0.211225 0.499963 0.003396
v -0.184991 0.498992 0.018475
v -0.158988 0.495393 0.003396
v -0.159218 0.492765 -0.026763
v -0.188920 0.454087 -0.043718
v -0.219507 0.458321 -0.025980
v -0.219237 0.461413 0.009495
v -0.188379 0.460271 0.027233
v -0.157792 0.456037 0.009495
v -0.158062 0.452945 -0.025980
v -0.195850 0.374878 -0.001014
v -0.205528 0.398836 -0.009827
v -0.193895 0.397226 -0.016573
v -0.205426 0.400012 0.003666
v -0.193689 0.399578 0.010413
v -0.182055 0.397968 0.003666
v -0.182158 0.396792 -0.009827
v -0.191831 0.420817 -0.035439
v -0.217834 0.424417 -0.020359
v -0.217604 0.427045 0.009800
v -0.191371 0.426074 0.024879
v -0.165367 0.422475 0.009800
v -0.165597 0.419846 -0.020359
vt 0.076800 0.013400
vt 0.054300 0.012700
vt 0.052800 0.232800
vt 0.078300 0.226200
vt 0.036600 0.027600
vt 0.031800 0.264800
vt 0.049900 0.267700
vt 0.063900 0.031900
vt 0.056100 0.008300
vt 0.084100 0.006500
vt 0.083700 0.222200
vt 0.064900 0.232800
vt 0.054200 0.032300
vt 0.048300 0.254100
vt 0.030500 0.253600
vt 0.027500 0.031700
vt 0.067100 0.282300
vt 0.035000 0.450500
vt 0.052300 0.463500
vt 0.028500 0.501800
vt 0.046300 0.504700
vt 0.079300 0.281100
vt 0.059300 0.467200
vt 0.045000 0.454200
vt 0.108000 0.340100
vt 0.098800 0.352200
vt 0.044600 0.387200
vt 0.032700 0.385300
vt 0.083600 0.361700
vt 0.093900 0.352000
vt 0.117300 0.439100
vt 0.132700 0.448100
vt 0.112700 0.620100
vt 0.097600 0.611200
vt 0.111100 0.693700
vt 0.099900 0.690700
vt 0.108000 0.607200
vt 0.124400 0.614600
vt 0.128100 0.470700
vt 0.117300 0.473900
vt 0.038800 0.533000
vt 0.026900 0.531100
vt 0.107700 0.491800
vt 0.115600 0.485500
vt 0.102100 0.830800
vt 0.090900 0.827900
vt 0.010900 0.654700
vt 0.019500 0.661900
vt 0.040600 0.732700
vt 0.053000 0.730600
vt 0.016700 0.670000
vt 0.006800 0.660800
vt 0.098700 0.817100
vt 0.087900 0.814300
vt 0.011800 0.834100
vt 0.082100 0.915200
vt 0.002200 0.850800
vt 0.107300 0.979800
vt 0.131800 0.615000
vt 0.011500 0.674800
vt 0.131400 0.625800
vt 0.102100 0.974600
vt 0.079300 0.281100
vt 0.083700 0.222200
vt 0.108000 0.340100
vt 0.098800 0.352200
vt 0.030500 0.253600
vt 0.048300 0.254100
vt 0.044600 0.387200
vt 0.032700 0.385300
vt 0.078300 0.226200
vt 0.067100 0.282300
vt 0.083600 0.361700
vt 0.093900 0.352000
vt 0.111100 0.693700
vt 0.099900 0.690700
vt 0.108000 0.607200
vt 0.124400 0.614600
vt 0.128100 0.470700
vt 0.117300 0.473900
vt 0.038800 0.533000
vt 0.026900 0.531100
vt 0.107700 0.491800
vt 0.115600 0.485500
vt 0.102100 0.830800
vt 0.090900 0.827900
vt 0.131800 0.615000
vt 0.011500 0.674800
vt 0.131400 0.625800
vt 0.102100 0.974600
vt 0.079300 0.281100
vt 0.083700 0.222200
vt 0.108000 0.340100
vt 0.098800 0.352200
vt 0.030500 0.253600
vt 0.048300 0.254100
vt 0.044600 0.387200
vt 0.032700 0.385300
vt 0.078300 0.226200
vt 0.067100 0.282300
vt 0.083600 0.361700
vt 0.093900 0.352000
vt 0.111100 0.693700
vt 0.099900 0.690700
vt 0.108000 0.607200
vt 0.124400 0.614600
vt 0.128100 0.470700
vt 0.117300 0.473900
vt 0.038800 0.533000
vt 0.026900 0.531100
vt 0.107700 0.491800
vt 0.115600 0.485500
vt 0.102100 0.830800
vt 0.090900 0.827900
vt 0.131800 0.615000
vt 0.011500 0.674800
vt 0.131400 0.625800
vt 0.102100 0.974600
vt 0.079300 0.281100
vt 0.083700 0.222200
vt 0.108000 0.340100
vt 0.098800 0.352200
vt 0.030500 0.253600
vt 0.048300 0.254100
vt 0.044600 0.387200
vt 0.032700 0.385300
vt 0.078300 0.226200
vt 0.067100 0.282300
vt 0.083600 0.361700
vt 0.093900 0.352000
vt 0.111100 0.693700
vt 0.099900 0.690700
vt 0.108000 0.607200
vt 0.124400 0.614600
vt 0.128100 0.470700
vt 0.117300 0.473900
vt 0.038800 0.533000
vt 0.026900 0.531100
vt 0.107700 0.491800
vt 0.115600 0.485500
vt 0.102100 0.830800
vt 0.090900 0.827900
vt 0.131800 0.615000
vt 0.011500 0.674800
vt 0.131400 0.625800
vt 0.102100 0.974600
vt 0.079300 0.281100
vt 0.083700 0.222200
vt 0.108000 0.340100
vt 0.098800 0.352200
vt 0.030500 0.253600
vt 0.048300 0.254100
vt 0.044600 0.387200
vt 0.032700 0.385300
vt 0.078300 0.226200
vt 0.067100 0.282300
vt 0.083600 0.361700
vt 0.093900 0.352000
vt 0.111100 0.693700
vt 0.099900 0.690700
vt 0.108000 0.607200
vt 0.124400 0.614600
vt 0.128100 0.470700
vt 0.117300 0.473900
vt 0.038800 0.533000
vt 0.026900 0.531100
vt 0.107700 0.491800
vt 0.115600 0.485500
vt 0.102100 0.830800
vt 0.090900 0.827900
vt 0.131800 0.615000
vt 0.011500 0.674800
vt 0.131400 0.625800
vt 0.102100 0.974600
vt 0.079300 0.281100
vt 0.083700 0.222200
vt 0.108000 0.340100
vt 0.098800 0.352200
vt 0.030500 0.253600
vt 0.048300 0.254100
vt 0.044600 0.387200
vt 0.032700 0.385300
vt 0.078300 0.226200
vt 0.067100 0.282300
vt 0.083600 0.361700
vt 0.093900 0.352000
vt 0.111100 0.693700
vt 0.099900 0.690700
vt 0.108000 0.607200
vt 0.124400 0.614600
vt 0.128100 0.470700
vt 0.117300 0.473900
vt 0.038800 0.533000
vt 0.026900 0.531100
vt 0.107700 0.491800
vt 0.115600 0.485500
vt 0.102100 0.830800
vt 0.090900 0.827900
vt 0.131800 0.615000
vt 0.011500 0.674800
vt 0.131400 0.625800
vt 0.102100 0.974600
vt 0.298100 0.143300
vt 0.289900 0.379300
vt 0.352100 0.391800
vt 0.360500 0.156700
vt 0.400800 0.384500
vt 0.405300 0.163000
vt 0.460900 0.158100
vt 0.458800 0.392400
vt 0.510500 0.158800
vt 0.511400 0.384200
vt 0.310000 0.480800
vt 0.355400 0.494600
vt 0.399500 0.483800
vt 0.441100 0.496300
vt 0.482200 0.493300
vt 0.380100 0.594100
vt 0.403100 0.614500
vt 0.420300 0.592800
vt 0.326100 0.062000
vt 0.365900 0.036000
vt 0.456000 0.039700
vt 0.414000 0.016100
vt 0.489700 0.073900
vt 0.402700 0.015700
vt 0.414300 0.008700
vt 0.403000 0.008200
vt 0.298100 0.143300
vt 0.360500 0.156700
vt 0.352100 0.391800
vt 0.289900 0.379300
vt 0.405300 0.163000
vt 0.400800 0.384500
vt 0.460900 0.158100
vt 0.458800 0.392400
vt 0.510500 0.158800
vt 0.511400 0.384200
vt 0.355400 0.494600
vt 0.310000 0.480800
vt 0.399500 0.483800
vt 0.441100 0.496300
vt 0.482200 0.493300
vt 0.380100 0.594100
vt 0.403100 0.614500
vt 0.420300 0.592800
vt 0.326100 0.062000
vt 0.365900 0.036000
vt 0.414000 0.016100
vt 0.456000 0.039700
vt 0.489700 0.073900
vt 0.402700 0.015700
vt 0.403000 0.008200
vt 0.414300 0.008700
vt 0.298100 0.143300
vt 0.360500 0.156700
vt 0.352100 0.391800
vt 0.289900 0.379300
vt 0.405300 0.163000
vt 0.400800 0.384500
vt 0.460900 0.158100
vt 0.458800 0.392400
vt 0.510500 0.158800
vt 0.511400 0.384200
vt 0.355400 0.494600
vt 0.310000 0.480800
vt 0.399500 0.483800
vt 0.441100 0.496300
vt 0.482200 0.493300
vt 0.380100 0.594100
vt 0.403100 0.614500
vt 0.420300 0.592800
vt 0.326100 0.062000
vt 0.365900 0.036000
vt 0.414000 0.016100
vt 0.456000 0.039700
vt 0.489700 0.073900
vt 0.402700 0.015700
vt 0.403000 0.008200
vt 0.414300 0.008700
vt 0.298100 0.143300
vt 0.289900 0.379300
vt 0.352100 0.391800
vt 0.360500 0.156700
vt 0.400800 0.384500
vt 0.405300 0.163000
vt 0.460900 0.158100
vt 0.458800 0.392400
vt 0.510500 0.158800
vt 0.511400 0.384200
vt 0.310000 0.480800
vt 0.355400 0.494600
vt 0.399500 0.483800
vt 0.441100 0.496300
vt 0.482200 0.493300
vt 0.380100 0.594100
vt 0.403100 0.614500
vt 0.420300 0.592800
vt 0.326100 0.062000
vt 0.365900 0.036000
vt 0.456000 0.039700
vt 0.414000 0.016100
vt 0.489700 0.073900
vt 0.402700 0.015700
vt 0.414300 0.008700
vt 0.403000 0.008200
vt 0.298100 0.143300
vt 0.360500 0.156700
vt 0.352100 0.391800
vt 0.289900 0.379300
vt 0.405300 0.163000
vt 0.400800 0.384500
vt 0.460900 0.158100
vt 0.458800 0.392400
vt 0.510500 0.158800
vt 0.511400 0.384200
vt 0.355400 0.494600
vt 0.310000 0.480800
vt 0.399500 0.483800
vt 0.441100 0.496300
vt 0.482200 0.493300
vt 0.380100 0.594100
vt 0.403100 0.614500
vt 0.420300 0.592800
vt 0.326100 0.062000
vt 0.365900 0.036000
vt 0.414000 0.016100
vt 0.456000 0.039700
vt 0.489700 0.073900
vt 0.402700 0.015700
vt 0.403000 0.008200
vt 0.414300 0.008700
vt 0.298100 0.143300
vt 0.289900 0.379300
vt 0.352100 0.391800
vt 0.360500 0.156700
vt 0.400800 0.384500
vt 0.405300 0.163000
vt 0.460900 0.158100
vt 0.458800 0.392400
vt 0.510500 0.158800
vt 0.511400 0.384200
vt 0.310000 0.480800
vt 0.355400 0.494600
vt 0.399500 0.483800
vt 0.441100 0.496300
vt 0.482200 0.493300
vt 0.380100 0.594100
vt 0.403100 0.614500
vt 0.420300 0.592800
vt 0.326100 0.062000
vt 0.365900 0.036000
vt 0.456000 0.039700
vt 0.414000 0.016100
vt 0.489700 0.073900
vt 0.402700 0.015700
vt 0.414300 0.008700
vt 0.403000 0.008200
vt 0.298100 0.143300
vt 0.289900 0.379300
vt 0.352100 0.391800
vt 0.360500 0.156700
vt 0.400800 0.384500
vt 0.405300 0.163000
vt 0.460900 0.158100
vt 0.458800 0.392400
vt 0.510500 0.158800
vt 0.511400 0.384200
vt 0.310000 0.480800
vt 0.355400 0.494600
vt 0.399500 0.483800
vt 0.441100 0.496300
vt 0.482200 0.493300
vt 0.380100 0.594100
vt 0.403100 0.614500
vt 0.420300 0.592800
vt 0.326100 0.062000
vt 0.365900 0.036000
vt 0.456000 0.039700
vt 0.414000 0.016100
vt 0.489700 0.073900
vt 0.402700 0.015700
vt 0.414300 0.008700
vt 0.403000 0.008200
vt 0.298100 0.143300
vt 0.360500 0.156700
vt 0.352100 0.391800
vt 0.289900 0.379300
vt 0.405300 0.163000
vt 0.400800 0.384500
vt 0.460900 0.158100
vt 0.458800 0.392400
vt 0.510500 0.158800
vt 0.511400 0.384200
vt 0.355400 0.494600
vt 0.310000 0.480800
vt 0.399500 0.483800
vt 0.441100 0.496300
vt 0.482200 0.493300
vt 0.380100 0.594100
vt 0.403100 0.614500
vt 0.420300 0.592800
vt 0.326100 0.062000
vt 0.365900 0.036000
vt 0.414000 0.016100
vt 0.456000 0.039700
vt 0.489700 0.073900
vt 0.402700 0.015700
vt 0.403000 0.008200
vt 0.414300 0.008700
vt 0.298100 0.143300
vt 0.289900 0.379300
vt 0.352100 0.391800
vt 0.360500 0.156700
vt 0.400800 0.384500
vt 0.405300 0.163000
vt 0.460900 0.158100
vt 0.458800 0.392400
vt 0.510500 0.158800
vt 0.511400 0.384200
vt 0.310000 0.480800
vt 0.355400 0.494600
vt 0.399500 0.483800
vt 0.441100 0.496300
vt 0.482200 0.493300
vt 0.380100 0.594100
vt 0.403100 0.614500
vt 0.420300 0.592800
vt 0.326100 0.062000
vt 0.365900 0.036000
vt 0.456000 0.039700
vt 0.414000 0.016100
vt 0.489700 0.073900
vt 0.402700 0.015700
vt 0.414300 0.008700
vt 0.403000 0.008200
vt 0.298100 0.143300
vt 0.360500 0.156700
vt 0.352100 0.391800
vt 0.289900 0.379300
vt 0.405300 0.163000
vt 0.400800 0.384500
vt 0.460900 0.158100
vt 0.458800 0.392400
vt 0.510500 0.158800
vt 0.511400 0.384200
vt 0.355400 0.494600
vt 0.310000 0.480800
vt 0.399500 0.483800
vt 0.441100 0.496300
vt 0.482200 0.493300
vt 0.380100 0.594100
vt 0.403100 0.614500
vt 0.420300 0.592800
vt 0.326100 0.062000
vt 0.365900 0.036000
vt 0.414000 0.016100
vt 0.456000 0.039700
vt 0.489700 0.073900
vt 0.402700 0.015700
vt 0.403000 0.008200
vt 0.414300 0.008700
vt 0.298100 0.143300
vt 0.360500 0.156700
vt 0.352100 0.391800
vt 0.289900 0.379300
vt 0.405300 0.163000
vt 0.400800 0.384500
vt 0.460900 0.158100
vt 0.458800 0.392400
vt 0.510500 0.158800
vt 0.511400 0.384200
vt 0.355400 0.494600
vt 0.310000 0.480800
vt 0.399500 0.483800
vt 0.441100 0.496300
vt 0.482200 0.493300
vt 0.380100 0.594100
vt 0.403100 0.614500
vt 0.420300 0.592800
vt 0.326100 0.062000
vt 0.365900 0.036000
vt 0.414000 0.016100
vt 0.456000 0.039700
vt 0.489700 0.073900
vt 0.402700 0.015700
vt 0.403000 0.008200
vt 0.414300 0.008700
vt 0.298100 0.143300
vt 0.289900 0.379300
vt 0.352100 0.391800
vt 0.360500 0.156700
vt 0.400800 0.384500
vt 0.405300 0.163000
vt 0.460900 0.158100
vt 0.458800 0.392400
vt 0.510500 0.158800
vt 0.511400 0.384200
vt 0.310000 0.480800
vt 0.355400 0.494600
vt 0.399500 0.483800
vt 0.441100 0.496300
vt 0.482200 0.493300
vt 0.380100 0.594100
vt 0.403100 0.614500
vt 0.420300 0.592800
vt 0.326100 0.062000
vt 0.365900 0.036000
vt 0.456000 0.039700
vt 0.414000 0.016100
vt 0.489700 0.073900
vt 0.402700 0.015700
vt 0.414300 0.008700
vt 0.403000 0.008200
vt 0.298100 0.143300
vt 0.360500 0.156700
vt 0.352100 0.391800
vt 0.289900 0.379300
vt 0.405300 0.163000
vt 0.400800 0.384500
vt 0.460900 0.158100
vt 0.458800 0.392400
vt 0.510500 0.158800
vt 0.511400 0.384200
vt 0.355400 0.494600
vt 0.310000 0.480800
vt 0.399500 0.483800
vt 0.441100 0.496300
vt 0.482200 0.493300
vt 0.380100 0.594100
vt 0.403100 0.614500
vt 0.420300 0.592800
vt 0.326100 0.062000
vt 0.365900 0.036000
vt 0.414000 0.016100
vt 0.456000 0.039700
vt 0.489700 0.073900
vt 0.402700 0.015700
vt 0.403000 0.008200
vt 0.414300 0.008700
vt 0.298100 0.143300
vt 0.289900 0.379300
vt 0.352100 0.391800
vt 0.360500 0.156700
vt 0.400800 0.384500
vt 0.405300 0.163000
vt 0.460900 0.158100
vt 0.458800 0.392400
vt 0.510500 0.158800
vt 0.511400 0.384200
vt 0.310000 0.480800
vt 0.355400 0.494600
vt 0.399500 0.483800
vt 0.441100 0.496300
vt 0.482200 0.493300
vt 0.380100 0.594100
vt 0.403100 0.614500
vt 0.420300 0.592800
vt 0.326100 0.062000
vt 0.365900 0.036000
vt 0.456000 0.039700
vt 0.414000 0.016100
vt 0.489700 0.073900
vt 0.402700 0.015700
vt 0.414300 0.008700
vt 0.403000 0.008200
vt 0.298100 0.143300
vt 0.289900 0.379300
vt 0.352100 0.391800
vt 0.360500 0.156700
vt 0.400800 0.384500
vt 0.405300 0.163000
vt 0.460900 0.158100
vt 0.458800 0.392400
vt 0.510500 0.158800
vt 0.511400 0.384200
vt 0.310000 0.480800
vt 0.355400 0.494600
vt 0.399500 0.483800
vt 0.441100 0.496300
vt 0.482200 0.493300
vt 0.380100 0.594100
vt 0.403100 0.614500
vt 0.420300 0.592800
vt 0.326100 0.062000
vt 0.365900 0.036000
vt 0.456000 0.039700
vt 0.414000 0.016100
vt 0.489700 0.073900
vt 0.402700 0.015700
vt 0.414300 0.008700
vt 0.403000 0.008200
vt 0.298100 0.143300
vt 0.360500 0.156700
vt 0.352100 0.391800
vt 0.289900 0.379300
vt 0.405300 0.163000
vt 0.400800 0.384500
vt 0.460900 0.158100
vt 0.458800 0.392400
vt 0.510500 0.158800
vt 0.511400 0.384200
vt 0.355400 0.494600
vt 0.310000 0.480800
vt 0.399500 0.483800
vt 0.441100 0.496300
vt 0.482200 0.493300
vt 0.380100 0.594100
vt 0.403100 0.614500
vt 0.420300 0.592800
vt 0.326100 0.062000
vt 0.365900 0.036000
vt 0.414000 0.016100
vt 0.456000 0.039700
vt 0.489700 0.073900
vt 0.402700 0.015700
vt 0.403000 0.008200
vt 0.414300 0.008700
vt 0.298100 0.143300
vt 0.289900 0.379300
vt 0.352100 0.391800
vt 0.360500 0.156700
vt 0.400800 0.384500
vt 0.405300 0.163000
vt 0.460900 0.158100
vt 0.458800 0.392400
vt 0.510500 0.158800
vt 0.511400 0.384200
vt 0.310000 0.480800
vt 0.355400 0.494600
vt 0.399500 0.483800
vt 0.441100 0.496300
vt 0.482200 0.493300
vt 0.380100 0.594100
vt 0.403100 0.614500
vt 0.420300 0.592800
vt 0.326100 0.062000
vt 0.365900 0.036000
vt 0.456000 0.039700
vt 0.414000 0.016100
vt 0.489700 0.073900
vt 0.402700 0.015700
vt 0.414300 0.008700
vt 0.403000 0.008200
vt 0.298100 0.143300
vt 0.360500 0.156700
vt 0.352100 0.391800
vt 0.289900 0.379300
vt 0.405300 0.163000
vt 0.400800 0.384500
vt 0.460900 0.158100
vt 0.458800 0.392400
vt 0.510500 0.158800
vt 0.511400 0.384200
vt 0.355400 0.494600
vt 0.310000 0.480800
vt 0.399500 0.483800
vt 0.441100 0.496300
vt 0.482200 0.493300
vt 0.380100 0.594100
vt 0.403100 0.614500
vt 0.420300 0.592800
vt 0.326100 0.062000
vt 0.365900 0.036000
vt 0.414000 0.016100
vt 0.456000 0.039700
vt 0.489700 0.073900
vt 0.402700 0.015700
vt 0.403000 0.008200
vt 0.414300 0.008700
vt 0.298100 0.143300
vt 0.360500 0.156700
vt 0.352100 0.391800
vt 0.289900 0.379300
vt 0.405300 0.163000
vt 0.400800 0.384500
vt 0.460900 0.158100
vt 0.458800 0.392400
vt 0.510500 0.158800
vt 0.511400 0.384200
vt 0.355400 0.494600
vt 0.310000 0.480800
vt 0.399500 0.483800
vt 0.441100 0.496300
vt 0.482200 0.493300
vt 0.380100 0.594100
vt 0.403100 0.614500
vt 0.420300 0.592800
vt 0.326100 0.062000
vt 0.365900 0.036000
vt 0.414000 0.016100
vt 0.456000 0.039700
vt 0.489700 0.073900
vt 0.402700 0.015700
vt 0.403000 0.008200
vt 0.414300 0.008700
vt 0.298100 0.143300
vt 0.289900 0.379300
vt 0.352100 0.391800
vt 0.360500 0.156700
vt 0.400800 0.384500
vt 0.405300 0.163000
vt 0.460900 0.158100
vt 0.458800 0.392400
vt 0.510500 0.158800
vt 0.511400 0.384200
vt 0.310000 0.480800
vt 0.355400 0.494600
vt 0.399500 0.483800
vt 0.441100 0.496300
vt 0.482200 0.493300
vt 0.380100 0.594100
vt 0.403100 0.614500
vt 0.420300 0.592800
vt 0.326100 0.062000
vt 0.365900 0.036000
vt 0.456000 0.039700
vt 0.414000 0.016100
vt 0.489700 0.073900
vt 0.402700 0.015700
vt 0.414300 0.008700
vt 0.403000 0.008200
vt 0.298100 0.143300
vt 0.289900 0.379300
vt 0.352100 0.391800
vt 0.360500 0.156700
vt 0.400800 0.384500
vt 0.405300 0.163000
vt 0.460900 0.158100
vt 0.458800 0.392400
vt 0.510500 0.158800
vt 0.511400 0.384200
vt 0.310000 0.480800
vt 0.355400 0.494600
vt 0.399500 0.483800
vt 0.441100 0.496300
vt 0.482200 0.493300
vt 0.380100 0.594100
vt 0.403100 0.614500
vt 0.420300 0.592800
vt 0.326100 0.062000
vt 0.365900 0.036000
vt 0.456000 0.039700
vt 0.414000 0.016100
vt 0.489700 0.073900
vt 0.402700 0.015700
vt 0.414300 0.008700
vt 0.403000 0.008200
vt 0.298100 0.143300
vt 0.360500 0.156700
vt 0.352100 0.391800
vt 0.289900 0.379300
vt 0.405300 0.163000
vt 0.400800 0.384500
vt 0.460900 0.158100
vt 0.458800 0.392400
vt 0.510500 0.158800
vt 0.511400 0.384200
vt 0.355400 0.494600
vt 0.310000 0.480800
vt 0.399500 0.483800
vt 0.441100 0.496300
vt 0.482200 0.493300
vt 0.380100 0.594100
vt 0.403100 0.614500
vt 0.420300 0.592800
vt 0.326100 0.062000
vt 0.365900 0.036000
vt 0.414000 0.016100
vt 0.456000 0.039700
vt 0.489700 0.073900
vt 0.402700 0.015700
vt 0.403000 0.008200
vt 0.414300 0.008700
vt 0.298100 0.143300
vt 0.360500 0.156700
vt 0.352100 0.391800
vt 0.289900 0.379300
vt 0.405300 0.163000
vt 0.400800 0.384500
vt 0.460900 0.158100
vt 0.458800 0.392400
vt 0.510500 0.158800
vt 0.511400 0.384200
vt 0.355400 0.494600
vt 0.310000 0.480800
vt 0.399500 0.483800
vt 0.441100 0.496300
vt 0.482200 0.493300
vt 0.380100 0.594100
vt 0.403100 0.614500
vt 0.420300 0.592800
vt 0.326100 0.062000
vt 0.365900 0.036000
vt 0.414000 0.016100
vt 0.456000 0.039700
vt 0.489700 0.073900
vt 0.402700 0.015700
vt 0.403000 0.008200
vt 0.414300 0.008700
vt 0.298100 0.143300
vt 0.289900 0.379300
vt 0.352100 0.391800
vt 0.360500 0.156700
vt 0.400800 0.384500
vt 0.405300 0.163000
vt 0.460900 0.158100
vt 0.458800 0.392400
vt 0.510500 0.158800
vt 0.511400 0.384200
vt 0.310000 0.480800
vt 0.355400 0.494600
vt 0.399500 0.483800
vt 0.441100 0.496300
vt 0.482200 0.493300
vt 0.380100 0.594100
vt 0.403100 0.614500
vt 0.420300 0.592800
vt 0.326100 0.062000
vt 0.365900 0.036000
vt 0.456000 0.039700
vt 0.414000 0.016100
vt 0.489700 0.073900
vt 0.402700 0.015700
vt 0.414300 0.008700
vt 0.403000 0.008200
vt 0.298100 0.143300
vt 0.360500 0.156700
vt 0.352100 0.391800
vt 0.289900 0.379300
vt 0.405300 0.163000
vt 0.400800 0.384500
vt 0.460900 0.158100
vt 0.458800 0.392400
vt 0.510500 0.158800
vt 0.511400 0.384200
vt 0.355400 0.494600
vt 0.310000 0.480800
vt 0.399500 0.483800
vt 0.441100 0.496300
vt 0.482200 0.493300
vt 0.380100 0.594100
vt 0.403100 0.614500
vt 0.420300 0.592800
vt 0.326100 0.062000
vt 0.365900 0.036000
vt 0.414000 0.016100
vt 0.456000 0.039700
vt 0.489700 0.073900
vt 0.402700 0.015700
vt 0.403000 0.008200
vt 0.414300 0.008700
vt 0.298100 0.143300
vt 0.289900 0.379300
vt 0.352100 0.391800
vt 0.360500 0.156700
vt 0.400800 0.384500
vt 0.405300 0.163000
vt 0.460900 0.158100
vt 0.458800 0.392400
vt 0.510500 0.158800
vt 0.511400 0.384200
vt 0.310000 0.480800
vt 0.355400 0.494600
vt 0.399500 0.483800
vt 0.441100 0.496300
vt 0.482200 0.493300
vt 0.380100 0.594100
vt 0.403100 0.614500
vt 0.420300 0.592800
vt 0.326100 0.062000
vt 0.365900 0.036000
vt 0.456000 0.039700
vt 0.414000 0.016100
vt 0.489700 0.073900
vt 0.402700 0.015700
vt 0.414300 0.008700
vt 0.403000 0.008200
vt 0.758300 0.491800
vt 0.840400 0.612900
vt 0.758300 0.627800
vt 0.676200 0.612900
vt 0.840400 0.612900
vt 0.758300 0.627800
vt 0.676200 0.612900
vt 0.840400 0.612900
vt 0.758300 0.627800
vt 0.676200 0.612900
vt 0.857900 0.732100
vt 0.758300 0.732000
vt 0.658700 0.732100
vt 0.857900 0.732100
vt 0.758300 0.732000
vt 0.658700 0.732100
vt 0.857900 0.732100
vt 0.758300 0.732000
vt 0.658700 0.732100
vt 0.758300 0.979800
vt 0.758300 0.903100
vt 0.796900 0.912600
vt 0.719800 0.912600
vt 0.758300 0.903100
vt 0.796900 0.912600
vt 0.719800 0.912600
vt 0.758300 0.903100
vt 0.796900 0.912600
vt 0.719800 0.912600
vt 0.841400 0.835400
vt 0.758300 0.821400
vt 0.675200 0.835400
vt 0.841400 0.835400
vt 0.758300 0.821400
vt 0.675200 0.835400
vt 0.841400 0.835400
vt 0.758300 0.821400
vt 0.675200 0.835400
vt 0.758300 0.491800
vt 0.840400 0.612900
vt 0.758300 0.627800
vt 0.676200 0.612900
vt 0.840400 0.612900
vt 0.758300 0.627800
vt 0.676200 0.612900
vt 0.840400 0.612900
vt 0.758300 0.627800
vt 0.676200 0.612900
vt 0.857900 0.732100
vt 0.758300 0.732000
vt 0.658700 0.732100
vt 0.857900 0.732100
vt 0.758300 0.732000
vt 0.658700 0.732100
vt 0.857900 0.732100
vt 0.758300 0.732000
vt 0.658700 0.732100
vt 0.758300 0.979800
vt 0.758300 0.903100
vt 0.796900 0.912600
vt 0.719800 0.912600
vt 0.758300 0.903100
vt 0.796900 0.912600
vt 0.719800 0.912600
vt 0.758300 0.903100
vt 0.796900 0.912600
vt 0.719800 0.912600
vt 0.841400 0.835400
vt 0.758300 0.821400
vt 0.675200 0.835400
vt 0.841400 0.835400
vt 0.758300 0.821400
vt 0.675200 0.835400
vt 0.841400 0.835400
vt 0.758300 0.821400
vt 0.675200 0.835400
vt 0.758300 0.491800
vt 0.840400 0.612900
vt 0.758300 0.627800
vt 0.676200 0.612900
vt 0.840400 0.612900
vt 0.758300 0.627800
vt 0.676200 0.612900
vt 0.840400 0.612900
vt 0.758300 0.627800
vt 0.676200 0.612900
vt 0.857900 0.732100
vt 0.758300 0.732000
vt 0.658700 0.732100
vt 0.857900 0.732100
vt 0.758300 0.732000
vt 0.658700 0.732100
vt 0.857900 0.732100
vt 0.758300 0.732000
vt 0.658700 0.732100
vt 0.758300 0.979800
vt 0.758300 0.903100
vt 0.796900 0.912600
vt 0.719800 0.912600
vt 0.758300 0.903100
vt 0.796900 0.912600
vt 0.719800 0.912600
vt 0.758300 0.903100
vt 0.796900 0.912600
vt 0.719800 0.912600
vt 0.841400 0.835400
vt 0.758300 0.821400
vt 0.675200 0.835400
vt 0.841400 0.835400
vt 0.758300 0.821400
vt 0.675200 0.835400
vt 0.841400 0.835400
vt 0.758300 0.821400
vt 0.675200 0.835400
vt 0.758300 0.491800
vt 0.840400 0.612900
vt 0.758300 0.627800
vt 0.676200 0.612900
vt 0.840400 0.612900
vt 0.758300 0.627800
vt 0.676200 0.612900
vt 0.840400 0.612900
vt 0.758300 0.627800
vt 0.676200 0.612900
vt 0.857900 0.732100
vt 0.758300 0.732000
vt 0.658700 0.732100
vt 0.857900 0.732100
vt 0.758300 0.732000
vt 0.658700 0.732100
vt 0.857900 0.732100
vt 0.758300 0.732000
vt 0.658700 0.732100
vt 0.758300 0.979800
vt 0.758300 0.903100
vt 0.796900 0.912600
vt 0.719800 0.912600
vt 0.758300 0.903100
vt 0.796900 0.912600
vt 0.719800 0.912600
vt 0.758300 0.903100
vt 0.796900 0.912600
vt 0.719800 0.912600
vt 0.841400 0.835400
vt 0.758300 0.821400
vt 0.675200 0.835400
vt 0.841400 0.835400
vt 0.758300 0.821400
vt 0.675200 0.835400
vt 0.841400 0.835400
vt 0.758300 0.821400
vt 0.675200 0.835400
vt 0.758300 0.491800
vt 0.840400 0.612900
vt 0.758300 0.627800
vt 0.676200 0.612900
vt 0.840400 0.612900
vt 0.758300 0.627800
vt 0.676200 0.612900
vt 0.840400 0.612900
vt 0.758300 0.627800
vt 0.676200 0.612900
vt 0.857900 0.732100
vt 0.758300 0.732000
vt 0.658700 0.732100
vt 0.857900 0.732100
vt 0.758300 0.732000
vt 0.658700 0.732100
vt 0.857900 0.732100
vt 0.758300 0.732000
vt 0.658700 0.732100
vt 0.758300 0.979800
vt 0.758300 0.903100
vt 0.796900 0.912600
vt 0.719800 0.912600
vt 0.758300 0.903100
vt 0.796900 0.912600
vt 0.719800 0.912600
vt 0.758300 0.903100
vt 0.796900 0.912600
vt 0.719800 0.912600
vt 0.841400 0.835400
vt 0.758300 0.821400
vt 0.675200 0.835400
vt 0.841400 0.835400
vt 0.758300 0.821400
vt 0.675200 0.835400
vt 0.841400 0.835400
vt 0.758300 0.821400
vt 0.675200 0.835400
vt 0.758300 0.491800
vt 0.840400 0.612900
vt 0.758300 0.627800
vt 0.676200 0.612900
vt 0.840400 0.612900
vt 0.758300 0.627800
vt 0.676200 0.612900
vt 0.840400 0.612900
vt 0.758300 0.627800
vt 0.676200 0.612900
vt 0.857900 0.732100
vt 0.758300 0.732000
vt 0.658700 0.732100
vt 0.857900 0.732100
vt 0.758300 0.732000
vt 0.658700 0.732100
vt 0.857900 0.732100
vt 0.758300 0.732000
vt 0.658700 0.732100
vt 0.758300 0.979800
vt 0.758300 0.903100
vt 0.796900 0.912600
vt 0.719800 0.912600
vt 0.758300 0.903100
vt 0.796900 0.912600
vt 0.719800 0.912600
vt 0.758300 0.903100
vt 0.796900 0.912600
vt 0.719800 0.912600
vt 0.841400 0.835400
vt 0.758300 0.821400
vt 0.675200 0.835400
vt 0.841400 0.835400
vt 0.758300 0.821400
vt 0.675200 0.835400
vt 0.841400 0.835400
vt 0.758300 0.821400
vt 0.675200 0.835400
vn -0.7057 0.0532 0.7065
vn 0.7076 0.0602 0.7040
vn 0.6780 -0.0487 0.7334
vn -0.6478 -0.0994 0.7553
vn 0.7072 0.0613 -0.7044
vn 0.6779 -0.0325 -0.7344
vn -0.7053 0.0542 -0.7068
vn -0.6480 -0.0972 -0.7554
vn -0.0912 0.1903 0.9775
vn 0.6401 -0.2670 0.7204
vn -0.7202 0.1832 0.6691
vn 0.6744 -0.1107 -0.7300
vn -0.0311 0.2206 -0.9749
vn -0.6410 0.3121 -0.7012
vn -0.5113 -0.2820 -0.8118
vn 0.6839 0.4654 -0.5618
vn -0.6921 -0.3423 0.6355
vn 0.4646 0.4025 0.7888
vn -0.3235 -0.5681 -0.7567
vn 0.6431 0.5496 -0.5333
vn -0.7115 -0.2951 0.6377
vn 0.2392 0.6260 0.7422
vn 0.7261 -0.2986 0.6193
vn -0.6777 0.0673 0.7322
vn 0.7233 0.0447 -0.6891
vn -0.5649 0.4704 -0.6779
vn 0.1531 0.9173 0.3676
vn -0.7004 0.5322 -0.4756
vn -0.9652 -0.1941 -0.1753
vn -0.3052 -0.6538 0.6924
vn -0.3431 -0.7141 0.6102
vn -0.9046 0.1043 -0.4132
vn 0.9458 0.0913 0.3116
vn 0.9235 0.0103 0.3835
vn -0.1050 0.6057 -0.7888
vn 0.2930 0.7624 -0.5769
vn -0.2809 -0.8414 0.4616
vn -0.9327 0.1752 -0.3151
vn 0.9204 -0.0126 0.3907
vn 0.2226 0.9003 -0.3741
vn -0.2663 0.3657 0.8918
vn 0.8328 -0.5143 0.2047
vn -0.0465 -0.5501 -0.8338
vn 0.1846 -0.7371 -0.6501
vn 0.8442 -0.1980 0.4982
vn -0.8079 0.3421 -0.4799
vn -0.8197 0.3212 -0.4742
vn -0.0056 0.6124 0.7905
vn -0.1104 0.7821 0.6133
vn 0.0622 -0.9024 -0.4264
vn 0.9195 -0.0784 0.3851
vn -0.8608 0.2821 -0.4237
vn 0.0365 0.9186 0.3936
vn 0.3638 0.2054 -0.9086
vn 0.9018 0.0006 -0.4322
vn -0.2780 -0.5074 -0.8156
vn 0.0018 -0.5393 -0.8421
vn 0.9584 0.2493 -0.1386
vn -0.9686 -0.1002 0.2276
vn -0.9722 -0.1494 0.1802
vn 0.2868 0.5308 0.7975
vn 0.0108 0.6058 0.7955
vn 0.0434 -0.6584 -0.7514
vn 0.9111 0.3421 -0.2299
vn -0.9687 -0.1737 0.1773
vn -0.0566 0.7675 0.6386
vn -0.3638 0.5589 -0.7452
vn -0.0855 -0.4372 0.8953
vn 0.7600 -0.6377 -0.1253
vn 0.6371 -0.7648 0.0955
vn -0.3276 -0.1353 0.9351
vn 0.2788 0.3007 -0.9121
vn 0.3138 0.2422 -0.9181
vn -0.7456 0.6493 0.1500
vn -0.5941 0.8035 -0.0372
vn 0.4306 -0.9026 -0.0037
vn -0.2522 -0.0555 0.9661
vn 0.3022 0.2481 -0.9204
vn -0.3658 0.9294 0.0493
vn 0.9368 0.2054 0.2832
vn -0.0289 -0.5912 0.8060
vn 0.9566 0.1289 0.2614
vn 0.9062 -0.1339 0.4010
vn -0.4407 -0.5741 0.6901
vn 0.2912 0.6451 -0.7064
vn 0.3134 0.6499 -0.6924
vn -0.9649 -0.0989 -0.2433
vn -0.9201 0.2016 -0.3357
vn 0.8802 -0.4230 0.2151
vn -0.4466 -0.4252 0.7872
vn 0.3174 0.6415 -0.6984
vn -0.8884 0.4476 -0.1021
vn 0.4580 0.6586 0.5971
vn -0.8015 -0.5139 -0.3058
vn -0.8570 -0.3886 -0.3383
vn -0.7895 -0.3144 -0.5271
vn -0.7146 -0.4863 -0.5028
vn -0.7439 -0.3254 -0.5837
vn -0.6804 -0.4674 -0.5644
vn -0.6864 -0.4499 -0.5714
vn -0.7572 -0.3502 -0.5514
vn -0.5978 -0.3823 -0.7046
vn -0.6503 -0.3679 -0.6646
vn -0.8847 -0.2539 -0.3911
vn -0.8089 -0.2123 -0.5482
vn -0.7856 -0.2257 -0.5761
vn -0.8953 -0.2586 -0.3627
vn -0.8693 -0.2814 -0.4062
vn -0.8515 -0.1881 -0.4894
vn -0.7348 -0.2365 -0.6357
vn -0.7570 -0.2629 -0.5981
vn -0.7552 -0.5604 -0.3400
vn -0.6049 -0.5164 -0.6061
vn -0.7345 -0.5562 -0.3888
vn -0.6597 -0.5509 -0.5113
vn -0.6966 -0.5031 -0.5115
vn -0.5988 -0.5260 -0.6040
vn -0.6145 -0.5526 -0.5630
vn 0.8015 0.5139 0.3058
vn 0.7146 0.4863 0.5029
vn 0.7895 0.3143 0.5271
vn 0.8570 0.3886 0.3383
vn 0.6805 0.4674 0.5644
vn 0.7439 0.3254 0.5837
vn 0.6864 0.4499 0.5714
vn 0.7572 0.3502 0.5514
vn 0.5978 0.3823 0.7046
vn 0.6504 0.3679 0.6646
vn 0.8089 0.2123 0.5483
vn 0.8846 0.2539 0.3911
vn 0.7856 0.2256 0.5761
vn 0.8953 0.2586 0.3627
vn 0.8694 0.2814 0.4062
vn 0.8515 0.1881 0.4895
vn 0.7348 0.2365 0.6358
vn 0.7571 0.2630 0.5981
vn 0.7552 0.5604 0.3401
vn 0.6049 0.5164 0.6061
vn 0.6597 0.5508 0.5113
vn 0.7345 0.5562 0.3888
vn 0.6966 0.5031 0.5115
vn 0.5988 0.5260 0.6039
vn 0.6143 0.5526 0.5633
vn 0.7805 0.4864 0.3926
vn 0.6580 0.4898 0.5719
vn 0.7107 0.3171 0.6279
vn 0.8172 0.3623 0.4482
vn 0.6119 0.4812 0.6277
vn 0.6571 0.3384 0.6736
vn 0.6148 0.4643 0.6375
vn 0.6782 0.3580 0.6418
vn 0.4981 0.4205 0.7584
vn 0.5553 0.3974 0.7306
vn 0.7162 0.2173 0.6632
vn 0.8221 0.2334 0.5194
vn 0.6898 0.2356 0.6846
vn 0.8380 0.2338 0.4931
vn 0.8071 0.2637 0.5283
vn 0.7660 0.1829 0.6163
vn 0.6305 0.2575 0.7322
vn 0.6615 0.2774 0.6968
vn 0.7336 0.5401 0.4125
vn 0.5353 0.5405 0.6491
vn 0.6090 0.5588 0.5629
vn 0.7043 0.5435 0.4567
vn 0.6405 0.5089 0.5752
vn 0.5306 0.5502 0.6448
vn 0.5558 0.5703 0.6049
vn -0.7805 -0.4864 -0.3927
vn -0.8172 -0.3623 -0.4482
vn -0.7107 -0.3171 -0.6280
vn -0.6581 -0.4898 -0.5719
vn -0.6571 -0.3384 -0.6736
vn -0.6119 -0.4812 -0.6277
vn -0.6148 -0.4643 -0.6375
vn -0.6782 -0.3580 -0.6418
vn -0.4981 -0.4205 -0.7584
vn -0.5553 -0.3974 -0.7306
vn -0.8221 -0.2334 -0.5194
vn -0.7162 -0.2173 -0.6632
vn -0.6897 -0.2356 -0.6846
vn -0.8379 -0.2338 -0.4931
vn -0.8070 -0.2637 -0.5283
vn -0.7660 -0.1829 -0.6163
vn -0.6305 -0.2575 -0.7322
vn -0.6614 -0.2774 -0.6968
vn -0.7336 -0.5401 -0.4125
vn -0.5353 -0.5405 -0.6491
vn -0.7043 -0.5435 -0.4567
vn -0.6090 -0.5588 -0.5629
vn -0.6405 -0.5089 -0.5752
vn -0.5306 -0.5502 -0.6448
vn -0.5555 -0.5703 -0.6051
vn -0.8588 0.5012 -0.1059
vn -0.7728 0.5614 -0.2959
vn -0.8286 0.4051 -0.3865
vn -0.9006 0.3930 -0.1856
vn -0.7378 0.5716 -0.3591
vn -0.7855 0.4420 -0.4332
vn -0.7419 0.5576 -0.3725
vn -0.8008 0.4508 -0.3942
vn -0.6487 0.5567 -0.5189
vn -0.6986 0.5224 -0.4889
vn -0.8369 0.3177 -0.4458
vn -0.9140 0.2868 -0.2869
vn -0.8157 0.3431 -0.4657
vn -0.9246 0.2791 -0.2592
vn -0.9021 0.3196 -0.2898
vn -0.8755 0.2681 -0.4021
vn -0.7674 0.3816 -0.5152
vn -0.7918 0.3889 -0.4709
vn -0.8185 0.5622 -0.1183
vn -0.6690 0.6408 -0.3766
vn -0.7255 0.6298 -0.2774
vn -0.7983 0.5793 -0.1643
vn -0.7569 0.5821 -0.2969
vn -0.6638 0.6495 -0.3708
vn -0.6817 0.6564 -0.3233
vn 0.8588 -0.5013 0.1059
vn 0.9006 -0.3929 0.1855
vn 0.8286 -0.4051 0.3865
vn 0.7728 -0.5614 0.2959
vn 0.7854 -0.4420 0.4332
vn 0.7378 -0.5716 0.3591
vn 0.7419 -0.5576 0.3724
vn 0.8009 -0.4508 0.3942
vn 0.6487 -0.5567 0.5189
vn 0.6986 -0.5224 0.4889
vn 0.9140 -0.2869 0.2869
vn 0.8369 -0.3177 0.4458
vn 0.8157 -0.3431 0.4658
vn 0.9246 -0.2791 0.2592
vn 0.9021 -0.3196 0.2898
vn 0.8755 -0.2682 0.4021
vn 0.7674 -0.3816 0.5152
vn 0.7918 -0.3889 0.4709
vn 0.8185 -0.5622 0.1183
vn 0.6689 -0.6408 0.3767
vn 0.7984 -0.5793 0.1643
vn 0.7256 -0.6298 0.2773
vn 0.7569 -0.5821 0.2970
vn 0.6639 -0.6494 0.3707
vn 0.6817 -0.6563 0.3233
vn 0.8534 -0.5213 -0.0027
vn 0.9154 -0.4009 0.0359
vn 0.8990 -0.3625 0.2456
vn 0.8204 -0.5311 0.2118
vn 0.8696 -0.3849 0.3091
vn 0.8033 -0.5243 0.2823
vn 0.8109 -0.5080 0.2905
vn 0.8741 -0.4034 0.2707
vn 0.7598 -0.4678 0.4515
vn 0.8002 -0.4446 0.4025
vn 0.9557 -0.2758 0.1024
vn 0.9233 -0.2647 0.2784
vn 0.9079 -0.2835 0.3086
vn 0.9587 -0.2752 0.0720
vn 0.9449 -0.3062 0.1160
vn 0.9492 -0.2290 0.2158
vn 0.8743 -0.3065 0.3764
vn 0.8860 -0.3253 0.3304
vn 0.8175 -0.5750 0.0337
vn 0.7412 -0.5830 0.3327
vn 0.8101 -0.5799 0.0860
vn 0.7696 -0.5986 0.2224
vn 0.8053 -0.5499 0.2217
vn 0.7347 -0.5924 0.3304
vn 0.7392 -0.6110 0.2831
vn 0.7393 -0.6110 0.2831
vn -0.8534 0.5213 0.0027
vn -0.8204 0.5311 -0.2118
vn -0.8991 0.3625 -0.2456
vn -0.9154 0.4009 -0.0359
vn -0.8033 0.5243 -0.2823
vn -0.8696 0.3849 -0.3091
vn -0.8109 0.5080 -0.2905
vn -0.8741 0.4034 -0.2707
vn -0.7598 0.4678 -0.4515
vn -0.8002 0.4446 -0.4025
vn -0.9232 0.2647 -0.2785
vn -0.9557 0.2759 -0.1025
vn -0.9080 0.2835 -0.3086
vn -0.9587 0.2752 -0.0720
vn -0.9449 0.3062 -0.1160
vn -0.9491 0.2291 -0.2160
vn -0.8743 0.3065 -0.3764
vn -0.8861 0.3253 -0.3303
vn -0.8175 0.5750 -0.0337
vn -0.7412 0.5830 -0.3328
vn -0.7695 0.5986 -0.2225
vn -0.8101 0.5799 -0.0860
vn -0.8052 0.5499 -0.2217
vn -0.7347 0.5924 -0.3306
vn -0.7392 0.6110 -0.2831
vn 0.5976 -0.4248 -0.6800
vn 0.6675 -0.3025 -0.6804
vn 0.8060 -0.2855 -0.5185
vn 0.7284 -0.4577 -0.5098
vn 0.8313 -0.3166 -0.4569
vn 0.7671 -0.4593 -0.4480
vn 0.7780 -0.4431 -0.4454
vn 0.8070 -0.3309 -0.4892
vn 0.8574 -0.4235 -0.2923
vn 0.8503 -0.3917 -0.3515
vn 0.7422 -0.1805 -0.6454
vn 0.8456 -0.1891 -0.4991
vn 0.8567 -0.2121 -0.4701
vn 0.7224 -0.1768 -0.6685
vn 0.7446 -0.2130 -0.6327
vn 0.8185 -0.1452 -0.5559
vn 0.8820 -0.2447 -0.4027
vn 0.8574 -0.2578 -0.4455
vn 0.5991 -0.4851 -0.6370
vn 0.7604 -0.5286 -0.3773
vn 0.6316 -0.4956 -0.5962
vn 0.7012 -0.5309 -0.4760
vn 0.7251 -0.4788 -0.4949
vn 0.7543 -0.5384 -0.3758
vn 0.7237 -0.5521 -0.4140
vn 0.7237 -0.5521 -0.4141
vn -0.5976 0.4248 0.6800
vn -0.7284 0.4577 0.5098
vn -0.8060 0.2855 0.5185
vn -0.6675 0.3025 0.6804
vn -0.7671 0.4593 0.4480
vn -0.8313 0.3167 0.4568
vn -0.7780 0.4431 0.4454
vn -0.8070 0.3309 0.4892
vn -0.8574 0.4235 0.2923
vn -0.8503 0.3917 0.3514
vn -0.8456 0.1891 0.4992
vn -0.7422 0.1805 0.6454
vn -0.8567 0.2121 0.4701
vn -0.7224 0.1768 0.6685
vn -0.7446 0.2130 0.6326
vn -0.8185 0.1453 0.5558
vn -0.8821 0.2447 0.4026
vn -0.8574 0.2578 0.4454
vn -0.5991 0.4851 0.6370
vn -0.7604 0.5286 0.3773
vn -0.7012 0.5309 0.4759
vn -0.6316 0.4956 0.5962
vn -0.7251 0.4789 0.4949
vn -0.7543 0.5384 0.3756
vn -0.7237 0.5520 0.4142
vn 0.7107 0.3171 0.6280
vn 0.4981 0.4205 0.7583
vn 0.7659 0.1829 0.6164
vn 0.6305 0.2575 0.7323
vn 0.6089 0.5588 0.5630
vn 0.5305 0.5502 0.6448
vn 0.5556 0.5703 0.6050
vn -0.7806 -0.4864 -0.3926
vn -0.8221 -0.2334 -0.5193
vn -0.6898 -0.2356 -0.6846
vn -0.8380 -0.2338 -0.4931
vn -0.6305 -0.2575 -0.7323
vn -0.6615 -0.2774 -0.6968
vn -0.6089 -0.5588 -0.5630
vn -0.5305 -0.5502 -0.6448
vn -0.5556 -0.5703 -0.6050
vn -0.8588 0.4568 -0.2320
vn -0.7728 0.4657 -0.4311
vn -0.8286 0.2912 -0.4782
vn -0.9006 0.3315 -0.2810
vn -0.7378 0.4591 -0.4948
vn -0.7854 0.3148 -0.5329
vn -0.7419 0.4422 -0.5041
vn -0.8009 0.3334 -0.4974
vn -0.6487 0.4035 -0.6453
vn -0.6986 0.3780 -0.6075
vn -0.8369 0.1914 -0.5128
vn -0.9140 0.2028 -0.3513
vn -0.8157 0.2109 -0.5387
vn -0.9246 0.2025 -0.3226
vn -0.9021 0.2337 -0.3627
vn -0.8755 0.1549 -0.4578
vn -0.7674 0.2353 -0.5965
vn -0.7918 0.2538 -0.5556
vn -0.8185 0.5124 -0.2598
vn -0.6690 0.5215 -0.5297
vn -0.7255 0.5366 -0.4310
vn -0.7984 0.5171 -0.3087
vn -0.7569 0.4854 -0.4375
vn -0.6638 0.5314 -0.5263
vn -0.6817 0.5503 -0.4822
vn 0.8588 -0.4568 0.2320
vn 0.9006 -0.3315 0.2810
vn 0.8286 -0.2912 0.4782
vn 0.7728 -0.4657 0.4312
vn 0.7855 -0.3148 0.5329
vn 0.7378 -0.4591 0.4948
vn 0.7419 -0.4422 0.5041
vn 0.8008 -0.3334 0.4975
vn 0.6487 -0.4034 0.6454
vn 0.6986 -0.3780 0.6075
vn 0.9140 -0.2028 0.3514
vn 0.8369 -0.1914 0.5128
vn 0.8157 -0.2109 0.5387
vn 0.9246 -0.2025 0.3226
vn 0.9021 -0.2337 0.3627
vn 0.8755 -0.1549 0.4576
vn 0.7674 -0.2353 0.5964
vn 0.7918 -0.2538 0.5556
vn 0.8185 -0.5124 0.2598
vn 0.6690 -0.5215 0.5297
vn 0.7984 -0.5171 0.3087
vn 0.7256 -0.5366 0.4309
vn 0.7569 -0.4854 0.4375
vn 0.6639 -0.5314 0.5262
vn 0.6817 -0.5503 0.4821
vn 0.8534 -0.5213 -0.0026
vn 0.9557 -0.2758 0.1025
vn 0.9233 -0.2647 0.2785
vn 0.9587 -0.2753 0.0720
vn 0.9492 -0.2290 0.2159
vn 0.8860 -0.3252 0.3304
vn 0.7695 -0.5986 0.2227
vn 0.8053 -0.5499 0.2216
vn 0.7346 -0.5924 0.3307
vn -0.8990 0.3625 -0.2456
vn -0.9557 0.2758 -0.1024
vn -0.9079 0.2835 -0.3086
vn -0.9587 0.2752 -0.0719
vn -0.9492 0.2291 -0.2159
vn -0.7412 0.5830 -0.3327
vn -0.7695 0.5986 -0.2226
vn -0.7393 0.6110 -0.2830
vn -0.9051 -0.4248 -0.0207
vn -0.9503 -0.3025 -0.0740
vn -0.9153 -0.2855 -0.2842
vn -0.8588 -0.4577 -0.2303
vn -0.8843 -0.3166 -0.3431
vn -0.8362 -0.4593 -0.2996
vn -0.8413 -0.4431 -0.3097
vn -0.8935 -0.3309 -0.3037
vn -0.7750 -0.4235 -0.4690
vn -0.8158 -0.3917 -0.4254
vn -0.9715 -0.1805 -0.1537
vn -0.9259 -0.1891 -0.3269
vn -0.9108 -0.2121 -0.3541
vn -0.9765 -0.1768 -0.1237
vn -0.9632 -0.2130 -0.1637
vn -0.9519 -0.1453 -0.2697
vn -0.8754 -0.2447 -0.4169
vn -0.8923 -0.2578 -0.3705
vn -0.8731 -0.4851 -0.0495
vn -0.7778 -0.5286 -0.3399
vn -0.8627 -0.4956 -0.1005
vn -0.8152 -0.5309 -0.2313
vn -0.8452 -0.4788 -0.2374
vn -0.7726 -0.5384 -0.3365
vn -0.7825 -0.5520 -0.2881
vn 0.9051 0.4248 0.0207
vn 0.8588 0.4577 0.2303
vn 0.9153 0.2855 0.2842
vn 0.9503 0.3025 0.0739
vn 0.8362 0.4593 0.2996
vn 0.8843 0.3167 0.3431
vn 0.8413 0.4431 0.3097
vn 0.8935 0.3309 0.3037
vn 0.7750 0.4235 0.4690
vn 0.8158 0.3917 0.4255
vn 0.9259 0.1891 0.3269
vn 0.9715 0.1804 0.1537
vn 0.9108 0.2121 0.3541
vn 0.9764 0.1768 0.1237
vn 0.9632 0.2130 0.1638
vn 0.9519 0.1453 0.2698
vn 0.8754 0.2447 0.4169
vn 0.8924 0.2578 0.3705
vn 0.8731 0.4851 0.0495
vn 0.7778 0.5286 0.3399
vn 0.8152 0.5309 0.2314
vn 0.8627 0.4956 0.1005
vn 0.8452 0.4788 0.2374
vn 0.7726 0.5384 0.3364
vn 0.7825 0.5520 0.2882
vn -0.1655 0.4604 -0.8721
vn 0.0490 0.4388 -0.8972
vn 0.0375 0.2624 -0.9642
vn -0.1617 0.3318 -0.9294
vn 0.1200 0.4223 -0.8985
vn 0.1090 0.2765 -0.9548
vn 0.1236 0.4044 -0.9062
vn 0.0736 0.3003 -0.9510
vn 0.2857 0.3430 -0.8948
vn 0.2248 0.3252 -0.9185
vn 0.0493 0.1593 -0.9860
vn -0.1259 0.1956 -0.9726
vn 0.0846 0.1742 -0.9811
vn -0.1558 0.1996 -0.9674
vn -0.1059 0.2241 -0.9688
vn -0.0222 0.1323 -0.9910
vn 0.1615 0.1884 -0.9687
vn 0.1168 0.2133 -0.9700
vn -0.1140 0.5099 -0.8526
vn 0.1928 0.4762 -0.8579
vn 0.0820 0.5069 -0.8581
vn -0.0614 0.5072 -0.8597
vn 0.0652 0.4568 -0.8872
vn 0.1936 0.4863 -0.8521
vn 0.1499 0.5116 -0.8460
vn 0.1500 0.5116 -0.8460
vn 0.1656 -0.4604 0.8721
vn 0.1617 -0.3318 0.9294
vn -0.0375 -0.2624 0.9642
vn -0.0491 -0.4388 0.8972
vn -0.1090 -0.2765 0.9548
vn -0.1200 -0.4223 0.8985
vn -0.1236 -0.4044 0.9062
vn -0.0736 -0.3003 0.9510
vn -0.2857 -0.3430 0.8948
vn -0.2249 -0.3252 0.9185
vn 0.1259 -0.1956 0.9726
vn -0.0493 -0.1593 0.9860
vn -0.0846 -0.1742 0.9811
vn 0.1558 -0.1996 0.9674
vn 0.1059 -0.2241 0.9688
vn 0.0221 -0.1323 0.9910
vn -0.1615 -0.1884 0.9687
vn -0.1168 -0.2133 0.9700
vn 0.1140 -0.5100 0.8526
vn -0.1928 -0.4762 0.8579
vn 0.0615 -0.5072 0.8597
vn -0.0821 -0.5069 0.8581
vn -0.0651 -0.4568 0.8872
vn -0.1937 -0.4862 0.8521
vn -0.1498 -0.5117 0.8460
vn 0.7756 -0.6199 -0.1189
vn 0.8563 -0.5095 -0.0853
vn 0.8696 -0.4774 0.1257
vn 0.7672 -0.6339 0.0977
vn 0.8454 -0.4986 0.1918
vn 0.7596 -0.6278 0.1700
vn 0.7700 -0.6129 0.1775
vn 0.8430 -0.5159 0.1526
vn 0.7436 -0.5730 0.3445
vn 0.7806 -0.5529 0.2915
vn 0.9194 -0.3928 -0.0212
vn 0.9095 -0.3846 0.1576
vn 0.8957 -0.4026 0.1889
vn 0.9188 -0.3914 -0.0518
vn 0.9065 -0.4221 -0.0072
vn 0.9321 -0.3499 0.0932
vn 0.8677 -0.4239 0.2597
vn 0.8715 -0.4422 0.2121
vn 0.7379 -0.6702 -0.0797
vn 0.6970 -0.6805 0.2261
vn 0.7362 -0.6763 -0.0269
vn 0.7100 -0.6951 0.1130
vn 0.7511 -0.6511 0.1089
vn 0.6892 -0.6889 0.2246
vn 0.6858 -0.7061 0.1763
vn 0.6858 -0.7061 0.1764
vn -0.7756 0.6199 0.1188
vn -0.7672 0.6339 -0.0977
vn -0.8697 0.4774 -0.1256
vn -0.8563 0.5095 0.0853
vn -0.7596 0.6278 -0.1699
vn -0.8454 0.4985 -0.1917
vn -0.7700 0.6128 -0.1776
vn -0.8430 0.5159 -0.1526
vn -0.7436 0.5730 -0.3445
vn -0.7806 0.5530 -0.2914
vn -0.9095 0.3846 -0.1577
vn -0.9194 0.3928 0.0212
vn -0.8957 0.4026 -0.1890
vn -0.9188 0.3914 0.0519
vn -0.9065 0.4221 0.0072
vn -0.9321 0.3500 -0.0933
vn -0.8676 0.4239 -0.2598
vn -0.8715 0.4422 -0.2121
vn -0.7379 0.6702 0.0796
vn -0.6970 0.6805 -0.2262
vn -0.7100 0.6951 -0.1128
vn -0.7362 0.6762 0.0270
vn -0.7511 0.6511 -0.1089
vn -0.6892 0.6889 -0.2244
vn -0.6857 0.7061 -0.1765
vn -0.6857 0.7061 -0.1766
vn -0.8764 0.4568 0.1527
vn -0.8826 0.4657 -0.0642
vn -0.9530 0.2913 -0.0832
vn -0.9350 0.3316 0.1260
vn -0.8778 0.4591 -0.1366
vn -0.9371 0.3148 -0.1510
vn -0.8854 0.4422 -0.1433
vn -0.9360 0.3334 -0.1124
vn -0.8606 0.4035 -0.3107
vn -0.8899 0.3780 -0.2553
vn -0.9752 0.1914 -0.1111
vn -0.9769 0.2028 0.0679
vn -0.9669 0.2109 -0.1435
vn -0.9743 0.2025 0.0984
vn -0.9709 0.2337 0.0526
vn -0.9869 0.1549 -0.0448
vn -0.9476 0.2352 -0.2162
vn -0.9524 0.2538 -0.1688
vn -0.8516 0.5124 0.1105
vn -0.8301 0.5215 -0.1973
vn -0.8397 0.5366 -0.0839
vn -0.8540 0.5171 0.0577
vn -0.8709 0.4854 -0.0767
vn -0.8241 0.5314 -0.1963
vn -0.8215 0.5503 -0.1491
vn 0.8764 -0.4568 -0.1527
vn 0.9350 -0.3315 -0.1260
vn 0.9530 -0.2912 0.0832
vn 0.8826 -0.4657 0.0642
vn 0.9371 -0.3148 0.1510
vn 0.8778 -0.4591 0.1366
vn 0.8854 -0.4422 0.1433
vn 0.9360 -0.3334 0.1124
vn 0.8606 -0.4035 0.3107
vn 0.8899 -0.3780 0.2553
vn 0.9769 -0.2028 -0.0678
vn 0.9752 -0.1914 0.1111
vn 0.9669 -0.2109 0.1435
vn 0.9743 -0.2025 -0.0984
vn 0.9709 -0.2337 -0.0525
vn 0.9869 -0.1549 0.0449
vn 0.9476 -0.2353 0.2162
vn 0.9524 -0.2538 0.1689
vn 0.8516 -0.5124 -0.1104
vn 0.8301 -0.5215 0.1973
vn 0.8540 -0.5171 -0.0576
vn 0.8397 -0.5366 0.0838
vn 0.8709 -0.4854 0.0766
vn 0.8241 -0.5314 0.1962
vn 0.8216 -0.5504 0.1489
vn 0.8216 -0.5503 0.1488
vn 0.6620 0.6565 -0.3615
vn 0.7797 0.5970 -0.1890
vn 0.8528 0.4447 -0.2740
vn 0.7282 0.5447 -0.4160
vn 0.8132 0.5668 -0.1318
vn 0.8739 0.4415 -0.2036
vn 0.8235 0.5506 -0.1365
vn 0.8527 0.4707 -0.2266
vn 0.8898 0.4563 -0.0067
vn 0.8866 0.4566 -0.0743
vn 0.8879 0.3483 -0.3005
vn 0.7963 0.4161 -0.4389
vn 0.8973 0.3542 -0.2634
vn 0.7784 0.4250 -0.4620
vn 0.7987 0.4385 -0.4121
vn 0.8641 0.3381 -0.3727
vn 0.9181 0.3494 -0.1872
vn 0.8973 0.3826 -0.2200
vn 0.6618 0.6892 -0.2951
vn 0.8029 0.5950 -0.0371
vn 0.7519 0.6471 -0.1260
vn 0.6911 0.6772 -0.2525
vn 0.7758 0.6088 -0.1660
vn 0.7970 0.6032 -0.0313
vn 0.7699 0.6353 -0.0606
vn -0.6620 -0.6565 0.3615
vn -0.7282 -0.5447 0.4160
vn -0.8528 -0.4447 0.2739
vn -0.7797 -0.5970 0.1890
vn -0.8739 -0.4415 0.2036
vn -0.8132 -0.5668 0.1318
vn -0.8235 -0.5506 0.1365
vn -0.8527 -0.4708 0.2266
vn -0.8898 -0.4563 0.0068
vn -0.8865 -0.4567 0.0744
vn -0.7964 -0.4161 0.4389
vn -0.8879 -0.3483 0.3004
vn -0.8973 -0.3542 0.2634
vn -0.7784 -0.4250 0.4620
vn -0.7986 -0.4386 0.4121
vn -0.8642 -0.3381 0.3725
vn -0.9181 -0.3494 0.1872
vn -0.8973 -0.3826 0.2200
vn -0.6618 -0.6892 0.2951
vn -0.8029 -0.5950 0.0372
vn -0.6912 -0.6772 0.2525
vn -0.7520 -0.6471 0.1259
vn -0.7758 -0.6088 0.1661
vn -0.7970 -0.6032 0.0313
vn -0.7699 -0.6352 0.0606
vn 0.0000 0.9962 0.0872
vn 0.0000 0.4377 -0.8991
vn -0.8087 0.3970 -0.4340
vn -0.8087 0.3156 0.4963
vn 0.0000 0.2750 0.9615
vn 0.8087 0.3156 0.4963
vn 0.8087 0.3970 -0.4340
vn 0.0000 0.0770 -0.9970
vn -0.8660 0.0334 -0.4990
vn -0.8660 -0.0538 0.4972
vn 0.0000 -0.0973 0.9953
vn 0.8660 -0.0538 0.4972
vn 0.8660 0.0334 -0.4990
vn 0.0000 -0.9962 -0.0872
vn -0.7347 -0.4905 -0.4687
vn 0.0000 -0.4535 -0.8913
vn -0.7347 -0.5644 0.3764
vn 0.0000 -0.6014 0.7990
vn 0.7347 -0.5644 0.3764
vn 0.7347 -0.4905 -0.4687
vn 0.0000 -0.2578 -0.9662
vn -0.8141 -0.2987 -0.4980
vn -0.8141 -0.3807 0.4385
vn 0.0000 -0.4216 0.9068
vn 0.8141 -0.3807 0.4385
vn 0.8141 -0.2987 -0.4980
vn 0.0000 0.9848 0.1737
vn -0.0000 0.5144 -0.8575
vn -0.8087 0.4334 -0.3977
vn -0.8087 0.2712 0.5219
vn -0.0000 0.1901 0.9818
vn 0.8087 0.2712 0.5219
vn 0.8087 0.4334 -0.3977
vn -0.0000 0.1636 -0.9865
vn -0.8660 0.0767 -0.4942
vn -0.8660 -0.0969 0.4906
vn 0.0000 -0.1837 0.9830
vn 0.8660 -0.0969 0.4906
vn 0.8660 0.0767 -0.4942
vn 0.0000 -0.9848 -0.1736
vn -0.7347 -0.4478 -0.5097
vn -0.0000 -0.3741 -0.9274
vn -0.7347 -0.5951 0.3258
vn 0.0000 -0.6687 0.7435
vn 0.7347 -0.5951 0.3258
vn 0.7347 -0.4478 -0.5097
vn 0.0000 -0.1726 -0.9850
vn -0.8141 -0.2542 -0.5221
vn -0.8141 -0.4174 0.4037
vn 0.0000 -0.4991 0.8666
vn 0.8141 -0.4174 0.4037
vn 0.8141 -0.2542 -0.5221
vn -0.8087 0.3157 0.4963
vn 0.0000 0.2749 0.9615
vn 0.8087 0.3157 0.4963
vn -0.8141 -0.2988 -0.4980
vn 0.2588 0.9659 -0.0000
vn 0.0926 0.3455 -0.9338
vn -0.6886 0.5548 -0.4669
vn -0.6886 0.5548 0.4669
vn 0.0926 0.3455 0.9338
vn 0.8737 0.1362 0.4669
vn 0.8738 0.1362 -0.4669
vn -0.0026 -0.0099 -0.9999
vn -0.8391 0.2143 -0.5000
vn -0.8391 0.2143 0.5000
vn -0.0026 -0.0099 0.9999
vn 0.8338 -0.2340 0.5000
vn 0.8338 -0.2340 -0.5000
vn -0.2588 -0.9659 -0.0000
vn -0.8467 -0.3212 -0.4242
vn -0.1370 -0.5114 -0.8483
vn -0.8467 -0.3213 0.4242
vn -0.1370 -0.5114 0.8484
vn 0.5726 -0.7016 0.4242
vn 0.5726 -0.7016 -0.4242
vn -0.0882 -0.3294 -0.9401
vn -0.8746 -0.1187 -0.4700
vn -0.8746 -0.1187 0.4700
vn -0.0882 -0.3294 0.9401
vn 0.6981 -0.5401 0.4700
vn 0.6981 -0.5401 -0.4700
vn 0.0868 0.9924 -0.0872
vn 0.0240 0.2739 -0.9615
vn -0.7781 0.3849 -0.4963
vn -0.7710 0.4660 0.4340
vn 0.0382 0.4361 0.8991
vn 0.8402 0.3250 0.4340
vn 0.8332 0.2440 -0.4963
vn -0.0085 -0.0970 -0.9953
vn -0.8674 0.0219 -0.4972
vn -0.8598 0.1087 0.4990
vn 0.0067 0.0767 0.9970
vn 0.8656 -0.0422 0.4990
vn 0.8580 -0.1290 -0.4972
vn -0.0868 -0.9924 0.0872
vn -0.7811 -0.4982 -0.3764
vn -0.0524 -0.5991 -0.7990
vn -0.7747 -0.4246 0.4687
vn -0.0395 -0.4518 0.8913
vn 0.6892 -0.5526 0.4687
vn 0.6827 -0.6263 -0.3764
vn -0.0368 -0.4200 -0.9068
vn -0.8442 -0.3083 -0.4385
vn -0.8371 -0.2267 0.4980
vn -0.0225 -0.2568 0.9662
vn 0.7850 -0.3685 0.4980
vn 0.7778 -0.4502 -0.4385
s 1
f 1/1/1 2/2/2 3/3/3
f 3/3/3 4/4/4 1/1/1
f 5/5/5 6/6/6 3/7/3
f 3/7/3 2/8/2 5/5/5
f 5/9/5 7/10/7 8/11/8
f 8/11/8 6/12/6 5/9/5
f 1/13/1 4/14/4 8/15/8
f 8/15/8 7/16/7 1/13/1
f 9/17/9 3/3/3 10/18/10
f 10/18/10 11/19/11 9/17/9
f 3/7/3 6/6/6 12/20/12
f 12/20/12 10/21/10 3/7/3
f 6/12/6 13/22/13 14/23/14
f 14/23/14 12/24/12 6/12/6
f 13/22/13 8/11/8 15/25/15
f 15/25/15 16/26/16 13/22/13
f 8/15/8 4/14/4 17/27/17
f 17/27/17 15/28/15 8/15/8
f 4/4/4 9/17/9 18/29/18
f 18/29/18 17/30/17 4/4/4
f 13/31/13 9/32/9 11/33/11
f 11/33/11 14/34/14 13/31/13
f 16/35/16 18/36/18 9/37/9
f 9/37/9 13/38/13 16/35/16
f 16/26/16 15/25/15 19/39/19
f 19/39/19 20/40/20 16/26/16
f 15/28/15 17/27/17 21/41/21
f 21/41/21 19/42/19 15/28/15
f 17/30/17 18/29/18 22/43/22
f 22/43/22 21/44/21 17/30/17
f 18/36/18 16/35/16 20/45/20
f 20/45/20 22/46/22 18/36/18
f 3/3/3 9/17/9 4/4/4
f 8/11/8 13/22/13 6/12/6
f 11/19/11 10/18/10 23/47/23
f 23/47/23 24/48/24 11/19/11
f 10/21/10 12/20/12 25/49/25
f 25/49/25 23/50/23 10/21/10
f 12/24/12 14/23/14 26/51/26
f 26/51/26 25/52/25 12/24/12
f 14/34/14 11/33/11 24/53/24
f 24/53/24 26/54/26 14/34/14
f 24/48/24 23/47/23 27/55/27
f 23/50/23 25/49/25 27/56/27
f 25/52/25 26/51/26 27/57/27
f 26/54/26 24/53/24 27/58/27
f 20/40/20 19/39/19 28/59/28
f 19/42/19 21/41/21 28/60/28
f 21/44/21 22/43/22 28/61/28
f 22/46/22 20/45/20 28/62/28
s 2
f 29/63/29 30/64/30 31/65/31
f 31/65/31 32/66/32 29/63/29
f 30/67/30 33/68/33 34/69/34
f 34/69/34 31/70/31 30/67/30
f 33/71/33 35/72/35 36/73/36
f 36/73/36 34/74/34 33/71/33
f 32/75/32 36/76/36 35/77/35
f 35/77/35 29/78/29 32/75/32
f 32/66/32 31/65/31 37/79/37
f 37/79/37 38/80/38 32/66/32
f 31/70/31 34/69/34 39/81/39
f 39/81/39 37/82/37 31/70/31
f 34/74/34 36/73/36 40/83/40
f 40/83/40 39/84/39 34/74/34
f 36/76/36 32/75/32 38/85/38
f 38/85/38 40/86/40 36/76/36
f 38/80/38 37/79/37 41/87/41
f 37/82/37 39/81/39 41/88/41
f 39/84/39 40/83/40 41/89/41
f 40/86/40 38/85/38 41/90/41
s 3
f 42/91/42 43/92/43 44/93/44
f 44/93/44 45/94/45 42/91/42
f 43/95/43 46/96/46 47/97/47
f 47/97/47 44/98/44 43/95/43
f 46/99/46 48/100/48 49/101/49
f 49/101/49 47/102/47 46/99/46
f 45/103/45 49/104/49 48/105/48
f 48/105/48 42/106/42 45/103/45
f 45/94/45 44/93/44 50/107/50
f 50/107/50 51/108/51 45/94/45
f 44/98/44 47/97/47 52/109/52
f 52/109/52 50/110/50 44/98/44
f 47/102/47 49/101/49 53/111/53
f 53/111/53 52/112/52 47/102/47
f 49/104/49 45/103/45 51/113/51
f 51/113/51 53/114/53 49/104/49
f 51/108/51 50/107/50 54/115/54
f 50/110/50 52/109/52 54/116/54
f 52/112/52 53/111/53 54/117/54
f 53/114/53 51/113/51 54/118/54
s 4
f 55/119/55 56/120/56 57/121/57
f 57/121/57 58/122/58 55/119/55
f 56/123/56 59/124/59 60/125/60
f 60/125/60 57/126/57 56/123/56
f 59/127/59 61/128/61 62/129/62
f 62/129/62 60/130/60 59/127/59
f 58/131/58 62/132/62 61/133/61
f 61/133/61 55/134/55 58/131/58
f 58/122/58 57/121/57 63/135/63
f 63/135/63 64/136/64 58/122/58
f 57/126/57 60/125/60 65/137/65
f 65/137/65 63/138/63 57/126/57
f 60/130/60 62/129/62 66/139/66
f 66/139/66 65/140/65 60/130/60
f 62/132/62 58/131/58 64/141/64
f 64/141/64 66/142/66 62/132/62
f 64/136/64 63/135/63 67/143/67
f 63/138/63 65/137/65 67/144/67
f 65/140/65 66/139/66 67/145/67
f 66/142/66 64/141/64 67/146/67
s 5
f 68/147/68 69/148/69 70/149/70
f 70/149/70 71/150/71 68/147/68
f 69/151/69 72/152/72 73/153/73
f 73/153/73 70/154/70 69/151/69
f 72/155/72 74/156/74 75/157/75
f 75/157/75 73/158/73 72/155/72
f 71/159/71 75/160/75 74/161/74
f 74/161/74 68/162/68 71/159/71
f 71/150/71 70/149/70 76/163/76
f 76/163/76 77/164/77 71/150/71
f 70/154/70 73/153/73 78/165/78
f 78/165/78 76/166/76 70/154/70
f 73/158/73 75/157/75 79/167/79
f 79/167/79 78/168/78 73/158/73
f 75/160/75 71/159/71 77/169/77
f 77/169/77 79/170/79 75/160/75
f 77/164/77 76/163/76 80/171/80
f 76/166/76 78/165/78 80/172/80
f 78/168/78 79/167/79 80/173/80
f 79/170/79 77/169/77 80/174/80
s 6
f 81/175/81 82/176/82 83/177/83
f 83/177/83 84/178/84 81/175/81
f 82/179/82 85/180/85 86/181/86
f 86/181/86 83/182/83 82/179/82
f 85/183/85 87/184/87 88/185/88
f 88/185/88 86/186/86 85/183/85
f 84/187/84 88/188/88 87/189/87
f 87/189/87 81/190/81 84/187/84
f 84/178/84 83/177/83 89/191/89
f 89/191/89 90/192/90 84/178/84
f 83/182/83 86/181/86 91/193/91
f 91/193/91 89/194/89 83/182/83
f 86/186/86 88/185/88 92/195/92
f 92/195/92 91/196/91 86/186/86
f 88/188/88 84/187/84 90/197/90
f 90/197/90 92/198/92 88/188/88
f 90/192/90 89/191/89 93/199/93
f 89/194/89 91/193/91 93/200/93
f 91/196/91 92/195/92 93/201/93
f 92/198/92 90/197/90 93/202/93
s 7
f 94/203/94 95/204/95 96/205/96
f 96/205/96 97/206/97 94/203/94
f 97/206/97 96/205/96 98/207/98
f 98/207/98 99/208/99 97/206/97
f 100/209/100 99/208/99 98/207/98
f 98/207/98 101/210/101 100/209/100
f 102/211/102 100/209/100 101/210/101
f 101/210/101 103/212/103 102/211/102
f 95/204/95 104/213/104 105/214/105
f 105/214/105 96/205/96 95/204/95
f 96/205/96 105/214/105 106/215/106
f 106/215/106 98/207/98 96/205/96
f 98/207/98 106/215/106 107/216/107
f 107/216/107 101/210/101 98/207/98
f 107/216/107 108/217/108 101/210/101
f 104/213/104 109/218/109 105/214/105
f 105/214/105 109/218/109 110/219/110
f 110/219/110 106/215/106 105/214/105
f 106/215/106 110/219/110 111/220/111
f 111/220/111 107/216/107 106/215/106
f 111/220/111 108/217/108 107/216/107
f 94/203/94 97/206/97 112/221/112
f 97/206/97 99/208/99 113/222/113
f 99/208/99 100/209/100 114/223/114
f 114/223/114 115/224/115 99/208/99
f 100/209/100 102/211/102 116/225/116
f 100/209/100 116/225/116 114/223/114
f 112/221/112 97/206/97 113/222/113
f 99/208/99 115/224/115 117/226/117
f 113/222/113 99/208/99 117/226/117
f 101/210/101 108/217/108 103/212/103
f 115/224/115 118/227/118 119/228/118
f 119/228/118 117/226/117 115/224/115
s 8
f 120/229/119 121/230/120 122/231/121
f 122/231/121 123/232/122 120/229/119
f 121/230/120 124/233/123 125/234/124
f 125/234/124 122/231/121 121/230/120
f 126/235/125 127/236/126 125/234/124
f 125/234/124 124/233/123 126/235/125
f 128/237/127 129/238/128 127/236/126
f 127/236/126 126/235/125 128/237/127
f 123/232/122 122/231/121 130/239/129
f 130/239/129 131/240/130 123/232/122
f 122/231/121 125/234/124 132/241/131
f 132/241/131 130/239/129 122/231/121
f 125/234/124 127/236/126 133/242/132
f 133/242/132 132/241/131 125/234/124
f 133/242/132 127/236/126 134/243/133
f 131/240/130 130/239/129 135/244/134
f 130/239/129 132/241/131 136/245/135
f 136/245/135 135/244/134 130/239/129
f 132/241/131 133/242/132 137/246/136
f 137/246/136 136/245/135 132/241/131
f 137/246/136 133/242/132 134/243/133
f 120/229/119 138/247/137 121/230/120
f 121/230/120 139/248/138 124/233/123
f 124/233/123 140/249/139 141/250/140
f 141/250/140 126/235/125 124/233/123
f 126/235/125 142/251/141 128/237/127
f 126/235/125 141/250/140 142/251/141
f 138/247/137 139/248/138 121/230/120
f 124/233/123 143/252/142 140/249/139
f 139/248/138 143/252/142 124/233/123
f 127/236/126 129/238/128 134/243/133
f 140/249/139 143/252/142 144/253/143
f 144/253/143 145/254/143 140/249/139
s 9
f 146/255/144 147/256/145 148/257/146
f 148/257/146 149/258/147 146/255/144
f 147/256/145 150/259/148 151/260/149
f 151/260/149 148/257/146 147/256/145
f 152/261/150 153/262/151 151/260/149
f 151/260/149 150/259/148 152/261/150
f 154/263/152 155/264/153 153/262/151
f 153/262/151 152/261/150 154/263/152
f 149/258/147 148/257/146 156/265/154
f 156/265/154 157/266/155 149/258/147
f 148/257/146 151/260/149 158/267/156
f 158/267/156 156/265/154 148/257/146
f 151/260/149 153/262/151 159/268/157
f 159/268/157 158/267/156 151/260/149
f 159/268/157 153/262/151 160/269/158
f 157/266/155 156/265/154 161/270/159
f 156/265/154 158/267/156 162/271/160
f 162/271/160 161/270/159 156/265/154
f 158/267/156 159/268/157 163/272/161
f 163/272/161 162/271/160 158/267/156
f 163/272/161 159/268/157 160/269/158
f 146/255/144 164/273/162 147/256/145
f 147/256/145 165/274/163 150/259/148
f 150/259/148 166/275/164 167/276/165
f 167/276/165 152/261/150 150/259/148
f 152/261/150 168/277/166 154/263/152
f 152/261/150 167/276/165 168/277/166
f 164/273/162 165/274/163 147/256/145
f 150/259/148 169/278/167 166/275/164
f 165/274/163 169/278/167 150/259/148
f 153/262/151 155/264/153 160/269/158
f 166/275/164 169/278/167 170/279/168
f 170/279/168 171/280/168 166/275/164
s 10
f 172/281/169 173/282/170 174/283/171
f 174/283/171 175/284/172 172/281/169
f 175/284/172 174/283/171 176/285/173
f 176/285/173 177/286/174 175/284/172
f 178/287/175 177/286/174 176/285/173
f 176/285/173 179/288/176 178/287/175
f 180/289/177 178/287/175 179/288/176
f 179/288/176 181/290/178 180/289/177
f 173/282/170 182/291/179 183/292/180
f 183/292/180 174/283/171 173/282/170
f 174/283/171 183/292/180 184/293/181
f 184/293/181 176/285/173 174/283/171
f 176/285/173 184/293/181 185/294/182
f 185/294/182 179/288/176 176/285/173
f 185/294/182 186/295/183 179/288/176
f 182/291/179 187/296/184 183/292/180
f 183/292/180 187/296/184 188/297/185
f 188/297/185 184/293/181 183/292/180
f 184/293/181 188/297/185 189/298/186
f 189/298/186 185/294/182 184/293/181
f 189/298/186 186/295/183 185/294/182
f 172/281/169 175/284/172 190/299/187
f 175/284/172 177/286/174 191/300/188
f 177/286/174 178/287/175 192/301/189
f 192/301/189 193/302/190 177/286/174
f 178/287/175 180/289/177 194/303/191
f 178/287/175 194/303/191 192/301/189
f 190/299/187 175/284/172 191/300/188
f 177/286/174 193/302/190 195/304/192
f 191/300/188 177/286/174 195/304/192
f 179/288/176 186/295/183 181/290/178
f 193/302/190 196/305/193 197/306/193
f 197/306/193 195/304/192 193/302/190
s 11
f 198/307/194 199/308/195 200/309/196
f 200/309/196 201/310/197 198/307/194
f 199/308/195 202/311/198 203/312/199
f 203/312/199 200/309/196 199/308/195
f 204/313/200 205/314/201 203/312/199
f 203/312/199 202/311/198 204/313/200
f 206/315/202 207/316/203 205/314/201
f 205/314/201 204/313/200 206/315/202
f 201/310/197 200/309/196 208/317/204
f 208/317/204 209/318/205 201/310/197
f 200/309/196 203/312/199 210/319/206
f 210/319/206 208/317/204 200/309/196
f 203/312/199 205/314/201 211/320/207
f 211/320/207 210/319/206 203/312/199
f 211/320/207 205/314/201 212/321/208
f 209/318/205 208/317/204 213/322/209
f 208/317/204 210/319/206 214/323/210
f 214/323/210 213/322/209 208/317/204
f 210/319/206 211/320/207 215/324/211
f 215/324/211 214/323/210 210/319/206
f 215/324/211 211/320/207 212/321/208
f 198/307/194 216/325/212 199/308/195
f 199/308/195 217/326/213 202/311/198
f 202/311/198 218/327/214 219/328/215
f 219/328/215 204/313/200 202/311/198
f 204/313/200 220/329/216 206/315/202
f 204/313/200 219/328/215 220/329/216
f 216/325/212 217/326/213 199/308/195
f 202/311/198 221/330/217 218/327/214
f 217/326/213 221/330/217 202/311/198
f 205/314/201 207/316/203 212/321/208
f 218/327/214 221/330/217 222/331/218
f 222/331/218 223/332/218 218/327/214
s 12
f 224/333/219 225/334/220 226/335/221
f 226/335/221 227/336/222 224/333/219
f 227/336/222 226/335/221 228/337/223
f 228/337/223 229/338/224 227/336/222
f 230/339/225 229/338/224 228/337/223
f 228/337/223 231/340/226 230/339/225
f 232/341/227 230/339/225 231/340/226
f 231/340/226 233/342/228 232/341/227
f 225/334/220 234/343/229 235/344/230
f 235/344/230 226/335/221 225/334/220
f 226/335/221 235/344/230 236/345/231
f 236/345/231 228/337/223 226/335/221
f 228/337/223 236/345/231 237/346/232
f 237/346/232 231/340/226 228/337/223
f 237/346/232 238/347/233 231/340/226
f 234/343/229 239/348/234 235/344/230
f 235/344/230 239/348/234 240/349/235
f 240/349/235 236/345/231 235/344/230
f 236/345/231 240/349/235 241/350/236
f 241/350/236 237/346/232 236/345/231
f 241/350/236 238/347/233 237/346/232
f 224/333/219 227/336/222 242/351/237
f 227/336/222 229/338/224 243/352/238
f 229/338/224 230/339/225 244/353/239
f 244/353/239 245/354/240 229/338/224
f 230/339/225 232/341/227 246/355/241
f 230/339/225 246/355/241 244/353/239
f 242/351/237 227/336/222 243/352/238
f 229/338/224 245/354/240 247/356/242
f 243/352/238 229/338/224 247/356/242
f 231/340/226 238/347/233 233/342/228
f 245/354/240 248/357/243 249/358/243
f 249/358/243 247/356/242 245/354/240
s 13
f 250/359/244 251/360/245 252/361/246
f 252/361/246 253/362/247 250/359/244
f 253/362/247 252/361/246 254/363/248
f 254/363/248 255/364/249 253/362/247
f 256/365/250 255/364/249 254/363/248
f 254/363/248 257/366/251 256/365/250
f 258/367/252 256/365/250 257/366/251
f 257/366/251 259/368/253 258/367/252
f 251/360/245 260/369/254 261/370/255
f 261/370/255 252/361/246 251/360/245
f 252/361/246 261/370/255 262/371/256
f 262/371/256 254/363/248 252/361/246
f 254/363/248 262/371/256 263/372/257
f 263/372/257 257/366/251 254/363/248
f 263/372/257 264/373/258 257/366/251
f 260/369/254 265/374/259 261/370/255
f 261/370/255 265/374/259 266/375/260
f 266/375/260 262/371/256 261/370/255
f 262/371/256 266/375/260 267/376/261
f 267/376/261 263/372/257 262/371/256
f 267/376/261 264/373/258 263/372/257
f 250/359/244 253/362/247 268/377/262
f 253/362/247 255/364/249 269/378/263
f 255/364/249 256/365/250 270/379/264
f 270/379/264 271/380/265 255/364/249
f 256/365/250 258/367/252 272/381/266
f 256/365/250 272/381/266 270/379/264
f 268/377/262 253/362/247 269/378/263
f 255/364/249 271/380/265 273/382/267
f 269/378/263 255/364/249 273/382/267
f 257/366/251 264/373/258 259/368/253
f 271/380/265 274/383/268 275/384/269
f 275/384/269 273/382/267 271/380/265
s 14
f 276/385/270 277/386/271 278/387/272
f 278/387/272 279/388/273 276/385/270
f 277/386/271 280/389/274 281/390/275
f 281/390/275 278/387/272 277/386/271
f 282/391/276 283/392/277 281/390/275
f 281/390/275 280/389/274 282/391/276
f 284/393/278 285/394/279 283/392/277
f 283/392/277 282/391/276 284/393/278
f 279/388/273 278/387/272 286/395/280
f 286/395/280 287/396/281 279/388/273
f 278/387/272 281/390/275 288/397/282
f 288/397/282 286/395/280 278/387/272
f 281/390/275 283/392/277 289/398/283
f 289/398/283 288/397/282 281/390/275
f 289/398/283 283/392/277 290/399/284
f 287/396/281 286/395/280 291/400/285
f 286/395/280 288/397/282 292/401/286
f 292/401/286 291/400/285 286/395/280
f 288/397/282 289/398/283 293/402/287
f 293/402/287 292/401/286 288/397/282
f 293/402/287 289/398/283 290/399/284
f 276/385/270 294/403/288 277/386/271
f 277/386/271 295/404/289 280/389/274
f 280/389/274 296/405/290 297/406/291
f 297/406/291 282/391/276 280/389/274
f 282/391/276 298/407/292 284/393/278
f 282/391/276 297/406/291 298/407/292
f 294/403/288 295/404/289 277/386/271
f 280/389/274 299/408/293 296/405/290
f 295/404/289 299/408/293 280/389/274
f 283/392/277 285/394/279 290/399/284
f 296/405/290 299/408/293 300/409/294
f 300/409/294 301/410/294 296/405/290
s 15
f 302/411/295 303/412/296 304/413/297
f 304/413/297 305/414/298 302/411/295
f 305/414/298 304/413/297 306/415/299
f 306/415/299 307/416/300 305/414/298
f 308/417/301 307/416/300 306/415/299
f 306/415/299 309/418/302 308/417/301
f 310/419/303 308/417/301 309/418/302
f 309/418/302 311/420/304 310/419/303
f 303/412/296 312/421/305 313/422/306
f 313/422/306 304/413/297 303/412/296
f 304/413/297 313/422/306 314/423/307
f 314/423/307 306/415/299 304/413/297
f 306/415/299 314/423/307 315/424/308
f 315/424/308 309/418/302 306/415/299
f 315/424/308 316/425/309 309/418/302
f 312/421/305 317/426/310 313/422/306
f 313/422/306 317/426/310 318/427/311
f 318/427/311 314/423/307 313/422/306
f 314/423/307 318/427/311 319/428/312
f 319/428/312 315/424/308 314/423/307
f 319/428/312 316/425/309 315/424/308
f 302/411/295 305/414/298 320/429/313
f 305/414/298 307/416/300 321/430/314
f 307/416/300 308/417/301 322/431/315
f 322/431/315 323/432/316 307/416/300
f 308/417/301 310/419/303 324/433/317
f 308/417/301 324/433/317 322/431/315
f 320/429/313 305/414/298 321/430/314
f 307/416/300 323/432/316 325/434/318
f 321/430/314 307/416/300 325/434/318
f 309/418/302 316/425/309 311/420/304
f 323/432/316 326/435/319 327/436/320
f 327/436/320 325/434/318 323/432/316
s 16
f 328/437/321 329/438/322 330/439/323
f 330/439/323 331/440/324 328/437/321
f 329/438/322 332/441/325 333/442/326
f 333/442/326 330/439/323 329/438/322
f 334/443/327 335/444/328 333/442/326
f 333/442/326 332/441/325 334/443/327
f 336/445/329 337/446/330 335/444/328
f 335/444/328 334/443/327 336/445/329
f 331/440/324 330/439/323 338/447/331
f 338/447/331 339/448/332 331/440/324
f 330/439/323 333/442/326 340/449/333
f 340/449/333 338/447/331 330/439/323
f 333/442/326 335/444/328 341/450/334
f 341/450/334 340/449/333 333/442/326
f 341/450/334 335/444/328 342/451/335
f 339/448/332 338/447/331 343/452/336
f 338/447/331 340/449/333 344/453/337
f 344/453/337 343/452/336 338/447/331
f 340/449/333 341/450/334 345/454/338
f 345/454/338 344/453/337 340/449/333
f 345/454/338 341/450/334 342/451/335
f 328/437/321 346/455/339 329/438/322
f 329/438/322 347/456/340 332/441/325
f 332/441/325 348/457/341 349/458/342
f 349/458/342 334/443/327 332/441/325
f 334/443/327 350/459/343 336/445/329
f 334/443/327 349/458/342 350/459/343
f 346/455/339 347/456/340 329/438/322
f 332/441/325 351/460/344 348/457/341
f 347/456/340 351/460/344 332/441/325
f 335/444/328 337/446/330 342/451/335
f 348/457/341 351/460/344 352/461/345
f 352/461/345 353/462/345 348/457/341
s 17
f 354/463/144 355/464/145 356/465/346
f 356/465/346 357/466/147 354/463/144
f 355/464/145 358/467/148 359/468/149
f 359/468/149 356/465/346 355/464/145
f 360/469/150 361/470/151 359/468/149
f 359/468/149 358/467/148 360/469/150
f 362/471/347 363/472/153 361/470/151
f 361/470/151 360/469/150 362/471/347
f 357/466/147 356/465/346 364/473/154
f 364/473/154 365/474/155 357/466/147
f 356/465/346 359/468/149 366/475/156
f 366/475/156 364/473/154 356/465/346
f 359/468/149 361/470/151 367/476/157
f 367/476/157 366/475/156 359/468/149
f 367/476/157 361/470/151 368/477/158
f 365/474/155 364/473/154 369/478/348
f 364/473/154 366/475/156 370/479/349
f 370/479/349 369/478/348 364/473/154
f 366/475/156 367/476/157 371/480/161
f 371/480/161 370/479/349 366/475/156
f 371/480/161 367/476/157 368/477/158
f 354/463/144 372/481/162 355/464/145
f 355/464/145 373/482/163 358/467/148
f 358/467/148 374/483/350 375/484/165
f 375/484/165 360/469/150 358/467/148
f 360/469/150 376/485/166 362/471/347
f 360/469/150 375/484/165 376/485/166
f 372/481/162 373/482/163 355/464/145
f 358/467/148 377/486/351 374/483/350
f 373/482/163 377/486/351 358/467/148
f 361/470/151 363/472/153 368/477/158
f 374/483/350 377/486/351 378/487/352
f 378/487/352 379/488/352 374/483/350
s 18
f 380/489/353 381/490/170 382/491/171
f 382/491/171 383/492/172 380/489/353
f 383/492/172 382/491/171 384/493/173
f 384/493/173 385/494/174 383/492/172
f 386/495/175 385/494/174 384/493/173
f 384/493/173 387/496/176 386/495/175
f 388/497/177 386/495/175 387/496/176
f 387/496/176 389/498/178 388/497/177
f 381/490/170 390/499/354 391/500/180
f 391/500/180 382/491/171 381/490/170
f 382/491/171 391/500/180 392/501/355
f 392/501/355 384/493/173 382/491/171
f 384/493/173 392/501/355 393/502/356
f 393/502/356 387/496/176 384/493/173
f 393/502/356 394/503/183 387/496/176
f 390/499/354 395/504/184 391/500/180
f 391/500/180 395/504/184 396/505/357
f 396/505/357 392/501/355 391/500/180
f 392/501/355 396/505/357 397/506/358
f 397/506/358 393/502/356 392/501/355
f 397/506/358 394/503/183 393/502/356
f 380/489/353 383/492/172 398/507/187
f 383/492/172 385/494/174 399/508/188
f 385/494/174 386/495/175 400/509/189
f 400/509/189 401/510/359 385/494/174
f 386/495/175 388/497/177 402/511/191
f 386/495/175 402/511/191 400/509/189
f 398/507/187 383/492/172 399/508/188
f 385/494/174 401/510/359 403/512/360
f 399/508/188 385/494/174 403/512/360
f 387/496/176 394/503/183 389/498/178
f 401/510/359 404/513/361 405/514/361
f 405/514/361 403/512/360 401/510/359
s 19
f 406/515/362 407/516/363 408/517/364
f 408/517/364 409/518/365 406/515/362
f 407/516/363 410/519/366 411/520/367
f 411/520/367 408/517/364 407/516/363
f 412/521/368 413/522/369 411/520/367
f 411/520/367 410/519/366 412/521/368
f 414/523/370 415/524/371 413/522/369
f 413/522/369 412/521/368 414/523/370
f 409/518/365 408/517/364 416/525/372
f 416/525/372 417/526/373 409/518/365
f 408/517/364 411/520/367 418/527/374
f 418/527/374 416/525/372 408/517/364
f 411/520/367 413/522/369 419/528/375
f 419/528/375 418/527/374 411/520/367
f 419/528/375 413/522/369 420/529/376
f 417/526/373 416/525/372 421/530/377
f 416/525/372 418/527/374 422/531/378
f 422/531/378 421/530/377 416/525/372
f 418/527/374 419/528/375 423/532/379
f 423/532/379 422/531/378 418/527/374
f 423/532/379 419/528/375 420/529/376
f 406/515/362 424/533/380 407/516/363
f 407/516/363 425/534/381 410/519/366
f 410/519/366 426/535/382 427/536/383
f 427/536/383 412/521/368 410/519/366
f 412/521/368 428/537/384 414/523/370
f 412/521/368 427/536/383 428/537/384
f 424/533/380 425/534/381 407/516/363
f 410/519/366 429/538/385 426/535/382
f 425/534/381 429/538/385 410/519/366
f 413/522/369 415/524/371 420/529/376
f 426/535/382 429/538/385 430/539/386
f 430/539/386 431/540/386 426/535/382
s 20
f 432/541/387 433/542/388 434/543/389
f 434/543/389 435/544/390 432/541/387
f 435/544/390 434/543/389 436/545/391
f 436/545/391 437/546/392 435/544/390
f 438/547/393 437/546/392 436/545/391
f 436/545/391 439/548/394 438/547/393
f 440/549/395 438/547/393 439/548/394
f 439/548/394 441/550/396 440/549/395
f 433/542/388 442/551/397 443/552/398
f 443/552/398 434/543/389 433/542/388
f 434/543/389 443/552/398 444/553/399
f 444/553/399 436/545/391 434/543/389
f 436/545/391 444/553/399 445/554/400
f 445/554/400 439/548/394 436/545/391
f 445/554/400 446/555/401 439/548/394
f 442/551/397 447/556/402 443/552/398
f 443/552/398 447/556/402 448/557/403
f 448/557/403 444/553/399 443/552/398
f 444/553/399 448/557/403 449/558/404
f 449/558/404 445/554/400 444/553/399
f 449/558/404 446/555/401 445/554/400
f 432/541/387 435/544/390 450/559/405
f 435/544/390 437/546/392 451/560/406
f 437/546/392 438/547/393 452/561/407
f 452/561/407 453/562/408 437/546/392
f 438/547/393 440/549/395 454/563/409
f 438/547/393 454/563/409 452/561/407
f 450/559/405 435/544/390 451/560/406
f 437/546/392 453/562/408 455/564/410
f 451/560/406 437/546/392 455/564/410
f 439/548/394 446/555/401 441/550/396
f 453/562/408 456/565/411 457/566/411
f 457/566/411 455/564/410 453/562/408
s 21
f 458/567/412 459/568/245 460/569/246
f 460/569/246 461/570/247 458/567/412
f 461/570/247 460/569/246 462/571/248
f 462/571/248 463/572/249 461/570/247
f 464/573/250 463/572/249 462/571/248
f 462/571/248 465/574/251 464/573/250
f 466/575/252 464/573/250 465/574/251
f 465/574/251 467/576/253 466/575/252
f 459/568/245 468/577/413 469/578/414
f 469/578/414 460/569/246 459/568/245
f 460/569/246 469/578/414 470/579/256
f 470/579/256 462/571/248 460/569/246
f 462/571/248 470/579/256 471/580/415
f 471/580/415 465/574/251 462/571/248
f 471/580/415 472/581/258 465/574/251
f 468/577/413 473/582/416 469/578/414
f 469/578/414 473/582/416 474/583/260
f 474/583/260 470/579/256 469/578/414
f 470/579/256 474/583/260 475/584/417
f 475/584/417 471/580/415 470/579/256
f 475/584/417 472/581/258 471/580/415
f 458/567/412 461/570/247 476/585/262
f 461/570/247 463/572/249 477/586/263
f 463/572/249 464/573/250 478/587/264
f 478/587/264 479/588/418 463/572/249
f 464/573/250 466/575/252 480/589/419
f 464/573/250 480/589/419 478/587/264
f 476/585/262 461/570/247 477/586/263
f 463/572/249 479/588/418 481/590/420
f 477/586/263 463/572/249 481/590/420
f 465/574/251 472/581/258 467/576/253
f 479/588/418 482/591/269 483/592/269
f 483/592/269 481/590/420 479/588/418
s 22
f 484/593/270 485/594/271 486/595/421
f 486/595/421 487/596/273 484/593/270
f 485/594/271 488/597/274 489/598/275
f 489/598/275 486/595/421 485/594/271
f 490/599/276 491/600/277 489/598/275
f 489/598/275 488/597/274 490/599/276
f 492/601/278 493/602/279 491/600/277
f 491/600/277 490/599/276 492/601/278
f 487/596/273 486/595/421 494/603/280
f 494/603/280 495/604/422 487/596/273
f 486/595/421 489/598/275 496/605/423
f 496/605/423 494/603/280 486/595/421
f 489/598/275 491/600/277 497/606/424
f 497/606/424 496/605/423 489/598/275
f 497/606/424 491/600/277 498/607/284
f 495/604/422 494/603/280 499/608/425
f 494/603/280 496/605/423 500/609/286
f 500/609/286 499/608/425 494/603/280
f 496/605/423 497/606/424 501/610/287
f 501/610/287 500/609/286 496/605/423
f 501/610/287 497/606/424 498/607/284
f 484/593/270 502/611/288 485/594/271
f 485/594/271 503/612/426 488/597/274
f 488/597/274 504/613/427 505/614/291
f 505/614/291 490/599/276 488/597/274
f 490/599/276 506/615/292 492/601/278
f 490/599/276 505/614/291 506/615/292
f 502/611/288 503/612/426 485/594/271
f 488/597/274 507/616/293 504/613/427
f 503/612/426 507/616/293 488/597/274
f 491/600/277 493/602/279 498/607/284
f 504/613/427 507/616/293 508/617/428
f 508/617/428 509/618/428 504/613/427
s 23
f 510/619/429 511/620/430 512/621/431
f 512/621/431 513/622/432 510/619/429
f 513/622/432 512/621/431 514/623/433
f 514/623/433 515/624/434 513/622/432
f 516/625/435 515/624/434 514/623/433
f 514/623/433 517/626/436 516/625/435
f 518/627/437 516/625/435 517/626/436
f 517/626/436 519/628/438 518/627/437
f 511/620/430 520/629/439 521/630/440
f 521/630/440 512/621/431 511/620/430
f 512/621/431 521/630/440 522/631/441
f 522/631/441 514/623/433 512/621/431
f 514/623/433 522/631/441 523/632/442
f 523/632/442 517/626/436 514/623/433
f 523/632/442 524/633/443 517/626/436
f 520/629/439 525/634/444 521/630/440
f 521/630/440 525/634/444 526/635/445
f 526/635/445 522/631/441 521/630/440
f 522/631/441 526/635/445 527/636/446
f 527/636/446 523/632/442 522/631/441
f 527/636/446 524/633/443 523/632/442
f 510/619/429 513/622/432 528/637/447
f 513/622/432 515/624/434 529/638/448
f 515/624/434 516/625/435 530/639/449
f 530/639/449 531/640/450 515/624/434
f 516/625/435 518/627/437 532/641/451
f 516/625/435 532/641/451 530/639/449
f 528/637/447 513/622/432 529/638/448
f 515/624/434 531/640/450 533/642/452
f 529/638/448 515/624/434 533/642/452
f 517/626/436 524/633/443 519/628/438
f 531/640/450 534/643/453 535/644/453
f 535/644/453 533/642/452 531/640/450
s 24
f 536/645/454 537/646/455 538/647/456
f 538/647/456 539/648/457 536/645/454
f 537/646/455 540/649/458 541/650/459
f 541/650/459 538/647/456 537/646/455
f 542/651/460 543/652/461 541/650/459
f 541/650/459 540/649/458 542/651/460
f 544/653/462 545/654/463 543/652/461
f 543/652/461 542/651/460 544/653/462
f 539/648/457 538/647/456 546/655/464
f 546/655/464 547/656/465 539/648/457
f 538/647/456 541/650/459 548/657/466
f 548/657/466 546/655/464 538/647/456
f 541/650/459 543/652/461 549/658/467
f 549/658/467 548/657/466 541/650/459
f 549/658/467 543/652/461 550/659/468
f 547/656/465 546/655/464 551/660/469
f 546/655/464 548/657/466 552/661/470
f 552/661/470 551/660/469 546/655/464
f 548/657/466 549/658/467 553/662/471
f 553/662/471 552/661/470 548/657/466
f 553/662/471 549/658/467 550/659/468
f 536/645/454 554/663/472 537/646/455
f 537/646/455 555/664/473 540/649/458
f 540/649/458 556/665/474 557/666/475
f 557/666/475 542/651/460 540/649/458
f 542/651/460 558/667/476 544/653/462
f 542/651/460 557/666/475 558/667/476
f 554/663/472 555/664/473 537/646/455
f 540/649/458 559/668/477 556/665/474
f 555/664/473 559/668/477 540/649/458
f 543/652/461 545/654/463 550/659/468
f 556/665/474 559/668/477 560/669/478
f 560/669/478 561/670/478 556/665/474
s 25
f 562/671/479 563/672/480 564/673/481
f 564/673/481 565/674/482 562/671/479
f 563/672/480 566/675/483 567/676/484
f 567/676/484 564/673/481 563/672/480
f 568/677/485 569/678/486 567/676/484
f 567/676/484 566/675/483 568/677/485
f 570/679/487 571/680/488 569/678/486
f 569/678/486 568/677/485 570/679/487
f 565/674/482 564/673/481 572/681/489
f 572/681/489 573/682/490 565/674/482
f 564/673/481 567/676/484 574/683/491
f 574/683/491 572/681/489 564/673/481
f 567/676/484 569/678/486 575/684/492
f 575/684/492 574/683/491 567/676/484
f 575/684/492 569/678/486 576/685/493
f 573/682/490 572/681/489 577/686/494
f 572/681/489 574/683/491 578/687/495
f 578/687/495 577/686/494 572/681/489
f 574/683/491 575/684/492 579/688/496
f 579/688/496 578/687/495 574/683/491
f 579/688/496 575/684/492 576/685/493
f 562/671/479 580/689/497 563/672/480
f 563/672/480 581/690/498 566/675/483
f 566/675/483 582/691/499 583/692/500
f 583/692/500 568/677/485 566/675/483
f 568/677/485 584/693/501 570/679/487
f 568/677/485 583/692/500 584/693/501
f 580/689/497 581/690/498 563/672/480
f 566/675/483 585/694/502 582/691/499
f 581/690/498 585/694/502 566/675/483
f 569/678/486 571/680/488 576/685/493
f 582/691/499 585/694/502 586/695/503
f 586/695/503 587/696/504 582/691/499
s 26
f 588/697/505 589/698/506 590/699/507
f 590/699/507 591/700/508 588/697/505
f 591/700/508 590/699/507 592/701/509
f 592/701/509 593/702/510 591/700/508
f 594/703/511 593/702/510 592/701/509
f 592/701/509 595/704/512 594/703/511
f 596/705/513 594/703/511 595/704/512
f 595/704/512 597/706/514 596/705/513
f 589/698/506 598/707/515 599/708/516
f 599/708/516 590/699/507 589/698/506
f 590/699/507 599/708/516 600/709/517
f 600/709/517 592/701/509 590/699/507
f 592/701/509 600/709/517 601/710/518
f 601/710/518 595/704/512 592/701/509
f 601/710/518 602/711/519 595/704/512
f 598/707/515 603/712/520 599/708/516
f 599/708/516 603/712/520 604/713/521
f 604/713/521 600/709/517 599/708/516
f 600/709/517 604/713/521 605/714/522
f 605/714/522 601/710/518 600/709/517
f 605/714/522 602/711/519 601/710/518
f 588/697/505 591/700/508 606/715/523
f 591/700/508 593/702/510 607/716/524
f 593/702/510 594/703/511 608/717/525
f 608/717/525 609/718/526 593/702/510
f 594/703/511 596/705/513 610/719/527
f 594/703/511 610/719/527 608/717/525
f 606/715/523 591/700/508 607/716/524
f 593/702/510 609/718/526 611/720/528
f 607/716/524 593/702/510 611/720/528
f 595/704/512 602/711/519 597/706/514
f 609/718/526 612/721/529 613/722/529
f 613/722/529 611/720/528 609/718/526
s 27
f 614/723/530 615/724/531 616/725/532
f 616/725/532 617/726/533 614/723/530
f 617/726/533 616/725/532 618/727/534
f 618/727/534 619/728/535 617/726/533
f 620/729/536 619/728/535 618/727/534
f 618/727/534 621/730/537 620/729/536
f 622/731/538 620/729/536 621/730/537
f 621/730/537 623/732/539 622/731/538
f 615/724/531 624/733/540 625/734/541
f 625/734/541 616/725/532 615/724/531
f 616/725/532 625/734/541 626/735/542
f 626/735/542 618/727/534 616/725/532
f 618/727/534 626/735/542 627/736/543
f 627/736/543 621/730/537 618/727/534
f 627/736/543 628/737/544 621/730/537
f 624/733/540 629/738/545 625/734/541
f 625/734/541 629/738/545 630/739/546
f 630/739/546 626/735/542 625/734/541
f 626/735/542 630/739/546 631/740/547
f 631/740/547 627/736/543 626/735/542
f 631/740/547 628/737/544 627/736/543
f 614/723/530 617/726/533 632/741/548
f 617/726/533 619/728/535 633/742/549
f 619/728/535 620/729/536 634/743/550
f 634/743/550 635/744/551 619/728/535
f 620/729/536 622/731/538 636/745/552
f 620/729/536 636/745/552 634/743/550
f 632/741/548 617/726/533 633/742/549
f 619/728/535 635/744/551 637/746/553
f 633/742/549 619/728/535 637/746/553
f 621/730/537 628/737/544 623/732/539
f 635/744/551 638/747/554 639/748/555
f 639/748/555 637/746/553 635/744/551
s 28
f 640/749/556 641/750/557 642/751/558
f 642/751/558 643/752/559 640/749/556
f 641/750/557 644/753/560 645/754/561
f 645/754/561 642/751/558 641/750/557
f 646/755/562 647/756/563 645/754/561
f 645/754/561 644/753/560 646/755/562
f 648/757/564 649/758/565 647/756/563
f 647/756/563 646/755/562 648/757/564
f 643/752/559 642/751/558 650/759/566
f 650/759/566 651/760/567 643/752/559
f 642/751/558 645/754/561 652/761/568
f 652/761/568 650/759/566 642/751/558
f 645/754/561 647/756/563 653/762/569
f 653/762/569 652/761/568 645/754/561
f 653/762/569 647/756/563 654/763/570
f 651/760/567 650/759/566 655/764/571
f 650/759/566 652/761/568 656/765/572
f 656/765/572 655/764/571 650/759/566
f 652/761/568 653/762/569 657/766/573
f 657/766/573 656/765/572 652/761/568
f 657/766/573 653/762/569 654/763/570
f 640/749/556 658/767/574 641/750/557
f 641/750/557 659/768/575 644/753/560
f 644/753/560 660/769/576 661/770/577
f 661/770/577 646/755/562 644/753/560
f 646/755/562 662/771/578 648/757/564
f 646/755/562 661/770/577 662/771/578
f 658/767/574 659/768/575 641/750/557
f 644/753/560 663/772/579 660/769/576
f 659/768/575 663/772/579 644/753/560
f 647/756/563 649/758/565 654/763/570
f 660/769/576 663/772/579 664/773/580
f 664/773/580 665/774/581 660/769/576
s 29
f 666/775/582 667/776/583 668/777/584
f 668/777/584 669/778/585 666/775/582
f 667/776/583 670/779/586 671/780/587
f 671/780/587 668/777/584 667/776/583
f 672/781/588 673/782/589 671/780/587
f 671/780/587 670/779/586 672/781/588
f 674/783/590 675/784/591 673/782/589
f 673/782/589 672/781/588 674/783/590
f 669/778/585 668/777/584 676/785/592
f 676/785/592 677/786/593 669/778/585
f 668/777/584 671/780/587 678/787/594
f 678/787/594 676/785/592 668/777/584
f 671/780/587 673/782/589 679/788/595
f 679/788/595 678/787/594 671/780/587
f 679/788/595 673/782/589 680/789/596
f 677/786/593 676/785/592 681/790/597
f 676/785/592 678/787/594 682/791/598
f 682/791/598 681/790/597 676/785/592
f 678/787/594 679/788/595 683/792/599
f 683/792/599 682/791/598 678/787/594
f 683/792/599 679/788/595 680/789/596
f 666/775/582 684/793/600 667/776/583
f 667/776/583 685/794/601 670/779/586
f 670/779/586 686/795/602 687/796/603
f 687/796/603 672/781/588 670/779/586
f 672/781/588 688/797/604 674/783/590
f 672/781/588 687/796/603 688/797/604
f 684/793/600 685/794/601 667/776/583
f 670/779/586 689/798/605 686/795/602
f 685/794/601 689/798/605 670/779/586
f 673/782/589 675/784/591 680/789/596
f 686/795/602 689/798/605 690/799/606
f 690/799/606 691/800/606 686/795/602
s 30
f 692/801/607 693/802/608 694/803/609
f 694/803/609 695/804/610 692/801/607
f 695/804/610 694/803/609 696/805/611
f 696/805/611 697/806/612 695/804/610
f 698/807/613 697/806/612 696/805/611
f 696/805/611 699/808/614 698/807/613
f 700/809/615 698/807/613 699/808/614
f 699/808/614 701/810/616 700/809/615
f 693/802/608 702/811/617 703/812/618
f 703/812/618 694/803/609 693/802/608
f 694/803/609 703/812/618 704/813/619
f 704/813/619 696/805/611 694/803/609
f 696/805/611 704/813/619 705/814/620
f 705/814/620 699/808/614 696/805/611
f 705/814/620 706/815/621 699/808/614
f 702/811/617 707/816/622 703/812/618
f 703/812/618 707/816/622 708/817/623
f 708/817/623 704/813/619 703/812/618
f 704/813/619 708/817/623 709/818/624
f 709/818/624 705/814/620 704/813/619
f 709/818/624 706/815/621 705/814/620
f 692/801/607 695/804/610 710/819/625
f 695/804/610 697/806/612 711/820/626
f 697/806/612 698/807/613 712/821/627
f 712/821/627 713/822/628 697/806/612
f 698/807/613 700/809/615 714/823/629
f 698/807/613 714/823/629 712/821/627
f 710/819/625 695/804/610 711/820/626
f 697/806/612 713/822/628 715/824/630
f 711/820/626 697/806/612 715/824/630
f 699/808/614 706/815/621 701/810/616
f 713/822/628 716/825/631 717/826/632
f 717/826/632 715/824/630 713/822/628
s 31
f 718/827/633 719/828/634 720/829/635
f 720/829/635 721/830/636 718/827/633
f 719/828/634 722/831/637 723/832/638
f 723/832/638 720/829/635 719/828/634
f 724/833/639 725/834/640 723/832/638
f 723/832/638 722/831/637 724/833/639
f 726/835/641 727/836/642 725/834/640
f 725/834/640 724/833/639 726/835/641
f 721/830/636 720/829/635 728/837/643
f 728/837/643 729/838/644 721/830/636
f 720/829/635 723/832/638 730/839/645
f 730/839/645 728/837/643 720/829/635
f 723/832/638 725/834/640 731/840/646
f 731/840/646 730/839/645 723/832/638
f 731/840/646 725/834/640 732/841/647
f 729/838/644 728/837/643 733/842/648
f 728/837/643 730/839/645 734/843/649
f 734/843/649 733/842/648 728/837/643
f 730/839/645 731/840/646 735/844/650
f 735/844/650 734/843/649 730/839/645
f 735/844/650 731/840/646 732/841/647
f 718/827/633 736/845/651 719/828/634
f 719/828/634 737/846/652 722/831/637
f 722/831/637 738/847/653 739/848/654
f 739/848/654 724/833/639 722/831/637
f 724/833/639 740/849/655 726/835/641
f 724/833/639 739/848/654 740/849/655
f 736/845/651 737/846/652 719/828/634
f 722/831/637 741/850/656 738/847/653
f 737/846/652 741/850/656 722/831/637
f 725/834/640 727/836/642 732/841/647
f 738/847/653 741/850/656 742/851/657
f 742/851/657 743/852/657 738/847/653
s 32
f 744/853/658 745/854/659 746/855/660
f 746/855/660 747/856/661 744/853/658
f 747/856/661 746/855/660 748/857/662
f 748/857/662 749/858/663 747/856/661
f 750/859/664 749/858/663 748/857/662
f 748/857/662 751/860/665 750/859/664
f 752/861/666 750/859/664 751/860/665
f 751/860/665 753/862/667 752/861/666
f 745/854/659 754/863/668 755/864/669
f 755/864/669 746/855/660 745/854/659
f 746/855/660 755/864/669 756/865/670
f 756/865/670 748/857/662 746/855/660
f 748/857/662 756/865/670 757/866/671
f 757/866/671 751/860/665 748/857/662
f 757/866/671 758/867/672 751/860/665
f 754/863/668 759/868/673 755/864/669
f 755/864/669 759/868/673 760/869/674
f 760/869/674 756/865/670 755/864/669
f 756/865/670 760/869/674 761/870/675
f 761/870/675 757/866/671 756/865/670
f 761/870/675 758/867/672 757/866/671
f 744/853/658 747/856/661 762/871/676
f 747/856/661 749/858/663 763/872/677
f 749/858/663 750/859/664 764/873/678
f 764/873/678 765/874/679 749/858/663
f 750/859/664 752/861/666 766/875/680
f 750/859/664 766/875/680 764/873/678
f 762/871/676 747/856/661 763/872/677
f 749/858/663 765/874/679 767/876/681
f 763/872/677 749/858/663 767/876/681
f 751/860/665 758/867/672 753/862/667
f 765/874/679 768/877/682 769/878/682
f 769/878/682 767/876/681 765/874/679
s 33
f 770/879/683 771/880/684 772/881/685
f 770/879/683 772/881/685 773/882/686
f 770/879/683 773/883/686 774/884/687
f 770/879/683 774/884/687 775/885/688
f 770/879/683 775/886/688 776/887/689
f 770/879/683 776/887/689 771/888/684
f 777/889/690 778/890/691 772/881/685
f 772/881/685 771/880/684 777/889/690
f 778/890/691 779/891/692 773/882/686
f 773/882/686 772/881/685 778/890/691
f 779/892/692 780/893/693 774/884/687
f 774/884/687 773/883/686 779/892/692
f 780/893/693 781/894/694 775/885/688
f 775/885/688 774/884/687 780/893/693
f 781/895/694 782/896/695 776/887/689
f 776/887/689 775/886/688 781/895/694
f 782/896/695 777/897/690 771/888/684
f 771/888/684 776/887/689 782/896/695
f 783/898/696 784/899/697 785/900/698
f 783/898/696 786/901/699 784/899/697
f 783/898/696 787/902/700 786/903/699
f 783/898/696 788/904/701 787/902/700
f 783/898/696 789/905/702 788/906/701
f 783/898/696 785/907/698 789/905/702
f 790/908/703 791/909/704 778/890/691
f 778/890/691 777/889/690 790/908/703
f 791/909/704 792/910/705 779/891/692
f 779/891/692 778/890/691 791/909/704
f 792/911/705 793/912/706 780/893/693
f 780/893/693 779/892/692 792/911/705
f 793/912/706 794/913/707 781/894/694
f 781/894/694 780/893/693 793/912/706
f 794/914/707 795/915/708 782/896/695
f 782/896/695 781/895/694 794/914/707
f 795/915/708 790/916/703 777/897/690
f 777/897/690 782/896/695 795/915/708
f 790/908/703 785/900/698 784/899/697
f 784/899/697 791/909/704 790/908/703
f 792/910/705 791/909/704 784/899/697
f 784/899/697 786/901/699 792/910/705
f 793/912/706 792/911/705 786/903/699
f 786/903/699 787/902/700 793/912/706
f 794/913/707 793/912/706 787/902/700
f 787/902/700 788/904/701 794/913/707
f 795/915/708 794/914/707 788/906/701
f 788/906/701 789/905/702 795/915/708
f 795/915/708 789/905/702 785/907/698
f 785/907/698 790/916/703 795/915/708
s 34
f 796/917/709 797/918/710 798/919/711
f 796/917/709 798/919/711 799/920/712
f 796/917/709 799/921/712 800/922/713
f 796/917/709 800/922/713 801/923/714
f 796/917/709 801/924/714 802/925/715
f 796/917/709 802/925/715 797/926/710
f 803/927/716 804/928/717 798/919/711
f 798/919/711 797/918/710 803/927/716
f 804/928/717 805/929/718 799/920/712
f 799/920/712 798/919/711 804/928/717
f 805/930/718 806/931/719 800/922/713
f 800/922/713 799/921/712 805/930/718
f 806/931/719 807/932/720 801/923/714
f 801/923/714 800/922/713 806/931/719
f 807/933/720 808/934/721 802/925/715
f 802/925/715 801/924/714 807/933/720
f 808/934/721 803/935/716 797/926/710
f 797/926/710 802/925/715 808/934/721
f 809/936/722 810/937/723 811/938/724
f 809/936/722 812/939/725 810/937/723
f 809/936/722 813/940/726 812/941/725
f 809/936/722 814/942/727 813/940/726
f 809/936/722 815/943/728 814/944/727
f 809/936/722 811/945/724 815/943/728
f 816/946/729 817/947/730 804/928/717
f 804/928/717 803/927/716 816/946/729
f 817/947/730 818/948/731 805/929/718
f 805/929/718 804/928/717 817/947/730
f 818/949/731 819/950/732 806/931/719
f 806/931/719 805/930/718 818/949/731
f 819/950/732 820/951/733 807/932/720
f 807/932/720 806/931/719 819/950/732
f 820/952/733 821/953/734 808/934/721
f 808/934/721 807/933/720 820/952/733
f 821/953/734 816/954/729 803/935/716
f 803/935/716 808/934/721 821/953/734
f 816/946/729 811/938/724 810/937/723
f 810/937/723 817/947/730 816/946/729
f 818/948/731 817/947/730 810/937/723
f 810/937/723 812/939/725 818/948/731
f 819/950/732 818/949/731 812/941/725
f 812/941/725 813/940/726 819/950/732
f 820/951/733 819/950/732 813/940/726
f 813/940/726 814/942/727 820/951/733
f 821/953/734 820/952/733 814/944/727
f 814/944/727 815/943/728 821/953/734
f 821/953/734 815/943/728 811/945/724
f 811/945/724 816/954/729 821/953/734
s 35
f 822/955/683 823/956/684 824/957/685
f 822/955/683 824/957/685 825/958/735
f 822/955/683 825/959/735 826/960/736
f 822/955/683 826/960/736 827/961/737
f 822/955/683 827/962/737 828/963/689
f 822/955/683 828/963/689 823/964/684
f 829/965/690 830/966/691 824/957/685
f 824/957/685 823/956/684 829/965/690
f 830/966/691 831/967/692 825/958/735
f 825/958/735 824/957/685 830/966/691
f 831/968/692 832/969/693 826/960/736
f 826/960/736 825/959/735 831/968/692
f 832/969/693 833/970/694 827/961/737
f 827/961/737 826/960/736 832/969/693
f 833/971/694 834/972/695 828/963/689
f 828/963/689 827/962/737 833/971/694
f 834/972/695 829/973/690 823/964/684
f 823/964/684 828/963/689 834/972/695
f 835/974/696 836/975/697 837/976/698
f 835/974/696 838/977/699 836/975/697
f 835/974/696 839/978/700 838/979/699
f 835/974/696 840/980/701 839/978/700
f 835/974/696 841/981/702 840/982/701
f 835/974/696 837/983/698 841/981/702
f 842/984/703 843/985/704 830/966/691
f 830/966/691 829/965/690 842/984/703
f 843/985/704 844/986/705 831/967/692
f 831/967/692 830/966/691 843/985/704
f 844/987/705 845/988/706 832/969/693
f 832/969/693 831/968/692 844/987/705
f 845/988/706 846/989/707 833/970/694
f 833/970/694 832/969/693 845/988/706
f 846/990/707 847/991/708 834/972/695
f 834/972/695 833/971/694 846/990/707
f 847/991/708 842/992/703 829/973/690
f 829/973/690 834/972/695 847/991/708
f 842/984/703 837/976/698 836/975/697
f 836/975/697 843/985/704 842/984/703
f 844/986/705 843/985/704 836/975/697
f 836/975/697 838/977/699 844/986/705
f 845/988/706 844/987/705 838/979/699
f 838/979/699 839/978/700 845/988/706
f 846/989/707 845/988/706 839/978/700
f 839/978/700 840/980/701 846/989/707
f 847/991/708 846/990/707 840/982/701
f 840/982/701 841/981/702 847/991/708
f 847/991/708 841/981/702 837/983/698
f 837/983/698 842/992/703 847/991/708
s 36
f 848/993/683 849/994/684 850/995/685
f 848/993/683 850/995/685 851/996/735
f 848/993/683 851/997/735 852/998/687
f 848/993/683 852/998/687 853/999/737
f 848/993/683 853/1000/737 854/1001/689
f 848/993/683 854/1001/689 849/1002/684
f 855/1003/690 856/1004/691 850/995/685
f 850/995/685 849/994/684 855/1003/690
f 856/1004/691 857/1005/692 851/996/735
f 851/996/735 850/995/685 856/1004/691
f 857/1006/692 858/1007/693 852/998/687
f 852/998/687 851/997/735 857/1006/692
f 858/1007/693 859/1008/694 853/999/737
f 853/999/737 852/998/687 858/1007/693
f 859/1009/694 860/1010/695 854/1001/689
f 854/1001/689 853/1000/737 859/1009/694
f 860/1010/695 855/1011/690 849/1002/684
f 849/1002/684 854/1001/689 860/1010/695
f 861/1012/696 862/1013/697 863/1014/698
f 861/1012/696 864/1015/699 862/1013/697
f 861/1012/696 865/1016/700 864/1017/699
f 861/1012/696 866/1018/701 865/1016/700
f 861/1012/696 867/1019/702 866/1020/701
f 861/1012/696 863/1021/698 867/1019/702
f 868/1022/703 869/1023/738 856/1004/691
f 856/1004/691 855/1003/690 868/1022/703
f 869/1023/738 870/1024/705 857/1005/692
f 857/1005/692 856/1004/691 869/1023/738
f 870/1025/705 871/1026/706 858/1007/693
f 858/1007/693 857/1006/692 870/1025/705
f 871/1026/706 872/1027/707 859/1008/694
f 859/1008/694 858/1007/693 871/1026/706
f 872/1028/707 873/1029/708 860/1010/695
f 860/1010/695 859/1009/694 872/1028/707
f 873/1029/708 868/1030/703 855/1011/690
f 855/1011/690 860/1010/695 873/1029/708
f 868/1022/703 863/1014/698 862/1013/697
f 862/1013/697 869/1023/738 868/1022/703
f 870/1024/705 869/1023/738 862/1013/697
f 862/1013/697 864/1015/699 870/1024/705
f 871/1026/706 870/1025/705 864/1017/699
f 864/1017/699 865/1016/700 871/1026/706
f 872/1027/707 871/1026/706 865/1016/700
f 865/1016/700 866/1018/701 872/1027/707
f 873/1029/708 872/1028/707 866/1020/701
f 866/1020/701 867/1019/702 873/1029/708
f 873/1029/708 867/1019/702 863/1021/698
f 863/1021/698 868/1030/703 873/1029/708
s 37
f 874/1031/739 875/1032/740 876/1033/741
f 874/1031/739 876/1033/741 877/1034/742
f 874/1031/739 877/1035/742 878/1036/743
f 874/1031/739 878/1036/743 879/1037/744
f 874/1031/739 879/1038/744 880/1039/745
f 874/1031/739 880/1039/745 875/1040/740
f 881/1041/746 882/1042/747 876/1033/741
f 876/1033/741 875/1032/740 881/1041/746
f 882/1042/747 883/1043/748 877/1034/742
f 877/1034/742 876/1033/741 882/1042/747
f 883/1044/748 884/1045/749 878/1036/743
f 878/1036/743 877/1035/742 883/1044/748
f 884/1045/749 885/1046/750 879/1037/744
f 879/1037/744 878/1036/743 884/1045/749
f 885/1047/750 886/1048/751 880/1039/745
f 880/1039/745 879/1038/744 885/1047/750
f 886/1048/751 881/1049/746 875/1040/740
f 875/1040/740 880/1039/745 886/1048/751
f 887/1050/752 888/1051/753 889/1052/754
f 887/1050/752 890/1053/755 888/1051/753
f 887/1050/752 891/1054/756 890/1055/755
f 887/1050/752 892/1056/757 891/1054/756
f 887/1050/752 893/1057/758 892/1058/757
f 887/1050/752 889/1059/754 893/1057/758
f 894/1060/759 895/1061/760 882/1042/747
f 882/1042/747 881/1041/746 894/1060/759
f 895/1061/760 896/1062/761 883/1043/748
f 883/1043/748 882/1042/747 895/1061/760
f 896/1063/761 897/1064/762 884/1045/749
f 884/1045/749 883/1044/748 896/1063/761
f 897/1064/762 898/1065/763 885/1046/750
f 885/1046/750 884/1045/749 897/1064/762
f 898/1066/763 899/1067/764 886/1048/751
f 886/1048/751 885/1047/750 898/1066/763
f 899/1067/764 894/1068/759 881/1049/746
f 881/1049/746 886/1048/751 899/1067/764
f 894/1060/759 889/1052/754 888/1051/753
f 888/1051/753 895/1061/760 894/1060/759
f 896/1062/761 895/1061/760 888/1051/753
f 888/1051/753 890/1053/755 896/1062/761
f 897/1064/762 896/1063/761 890/1055/755
f 890/1055/755 891/1054/756 897/1064/762
f 898/1065/763 897/1064/762 891/1054/756
f 891/1054/756 892/1056/757 898/1065/763
f 899/1067/764 898/1066/763 892/1058/757
f 892/1058/757 893/1057/758 899/1067/764
f 899/1067/764 893/1057/758 889/1059/754
f 889/1059/754 894/1068/759 899/1067/764
s 38
f 900/1069/765 901/1070/766 902/1071/767
f 900/1069/765 902/1071/767 903/1072/768
f 900/1069/765 903/1073/768 904/1074/769
f 900/1069/765 904/1074/769 905/1075/770
f 900/1069/765 905/1076/770 906/1077/771
f 900/1069/765 906/1077/771 901/1078/766
f 907/1079/772 908/1080/773 902/1071/767
f 902/1071/767 901/1070/766 907/1079/772
f 908/1080/773 909/1081/774 903/1072/768
f 903/1072/768 902/1071/767 908/1080/773
f 909/1082/774 910/1083/775 904/1074/769
f 904/1074/769 903/1073/768 909/1082/774
f 910/1083/775 911/1084/776 905/1075/770
f 905/1075/770 904/1074/769 910/1083/775
f 911/1085/776 912/1086/777 906/1077/771
f 906/1077/771 905/1076/770 911/1085/776
f 912/1086/777 907/1087/772 901/1078/766
f 901/1078/766 906/1077/771 912/1086/777
f 913/1088/778 914/1089/779 915/1090/780
f 913/1088/778 916/1091/781 914/1089/779
f 913/1088/778 917/1092/782 916/1093/781
f 913/1088/778 918/1094/783 917/1092/782
f 913/1088/778 919/1095/784 918/1096/783
f 913/1088/778 915/1097/780 919/1095/784
f 920/1098/785 921/1099/786 908/1080/773
f 908/1080/773 907/1079/772 920/1098/785
f 921/1099/786 922/1100/787 909/1081/774
f 909/1081/774 908/1080/773 921/1099/786
f 922/1101/787 923/1102/788 910/1083/775
f 910/1083/775 909/1082/774 922/1101/787
f 923/1102/788 924/1103/789 911/1084/776
f 911/1084/776 910/1083/775 923/1102/788
f 924/1104/789 925/1105/790 912/1086/777
f 912/1086/777 911/1085/776 924/1104/789
f 925/1105/790 920/1106/785 907/1087/772
f 907/1087/772 912/1086/777 925/1105/790
f 920/1098/785 915/1090/780 914/1089/779
f 914/1089/779 921/1099/786 920/1098/785
f 922/1100/787 921/1099/786 914/1089/779
f 914/1089/779 916/1091/781 922/1100/787
f 923/1102/788 922/1101/787 916/1093/781
f 916/1093/781 917/1092/782 923/1102/788
f 924/1103/789 923/1102/788 917/1092/782
f 917/1092/782 918/1094/783 924/1103/789
f 925/1105/790 924/1104/789 918/1096/783
f 918/1096/783 919/1095/784 925/1105/790
f 925/1105/790 919/1095/784 915/1097/780
f 915/1097/780 920/1106/785 925/1105/790
