# Blender v3.3.0 OBJ File: ''
# www.blender.org
o CocoaTreeStage05.005
v -0.032498 -0.000000 0.034500
v 0.042274 -0.000000 0.034500
v 0.028287 0.298966 0.022991
v -0.022014 0.286271 0.022991
v 0.042274 0.000000 -0.034500
v 0.028287 0.298966 -0.022990
v -0.032498 0.000000 -0.034500
v -0.022014 0.286271 -0.022990
v -0.008043 0.364197 0.022991
v 0.089080 0.591469 0.037635
v 0.051470 0.609746 0.037635
v 0.089080 0.591469 -0.007498
v -0.008043 0.364197 -0.022990
v 0.051470 0.609746 -0.007498
v -0.085018 0.444067 -0.015055
v -0.063339 0.463149 -0.011232
v -0.090372 0.444067 0.015307
v -0.068693 0.463149 0.019129
v -0.200678 0.592054 -0.035449
v -0.178998 0.611136 -0.031626
v -0.206031 0.592054 -0.005087
v -0.184352 0.611136 -0.001264
v 0.195811 0.853384 0.076884
v 0.169609 0.865924 0.079095
v 0.195811 0.858844 0.045918
v 0.169609 0.871384 0.048129
v 0.205636 1.078333 0.171306
v -0.338759 0.712171 -0.085337
v 0.083198 0.663734 0.015152
v 0.100433 0.655790 0.042224
v 0.061757 0.748860 0.108357
v 0.051711 0.762899 0.095015
v 0.113794 0.676363 0.039755
v 0.081492 0.760572 0.105821
v 0.096559 0.684308 0.012683
v 0.071447 0.774611 0.092480
v 0.025080 0.833836 0.215372
v 0.015035 0.847875 0.202031
v 0.044816 0.845547 0.212837
v 0.034770 0.859586 0.199495
v -0.013733 0.889161 0.340327
v 0.172031 0.800591 0.057083
v 0.153137 0.793314 0.042003
v 0.200511 0.855656 -0.010067
v 0.210695 0.864025 0.000120
v 0.143644 0.808984 0.046336
v 0.188269 0.868194 -0.008131
v 0.162537 0.816260 0.061417
v 0.198453 0.876564 0.002056
v 0.244356 0.911083 -0.091784
v 0.254540 0.919453 -0.081597
v 0.232114 0.923621 -0.089847
v 0.242298 0.931991 -0.079660
v 0.283918 0.944219 -0.187198
v 0.033873 0.369072 -0.004916
v 0.006967 0.351471 -0.012621
v -0.011360 0.459228 -0.069341
v 0.002811 0.473568 -0.061001
v -0.005777 0.363302 0.004857
v -0.027298 0.466130 -0.054129
v 0.021128 0.380902 0.012563
v -0.013128 0.480471 -0.045789
v -0.052442 0.561044 -0.158582
v -0.038271 0.575385 -0.150243
v -0.068380 0.567947 -0.143370
v -0.054209 0.582288 -0.135031
v -0.098624 0.636445 -0.269771
v 0.036675 0.491958 0.026023
v 0.054192 0.482429 -0.000347
v 0.127531 0.564071 0.055514
v 0.115403 0.575032 0.069963
v 0.047455 0.502950 -0.012238
v 0.123607 0.580491 0.039764
v 0.029937 0.512479 0.014132
v 0.111479 0.591453 0.054213
v 0.239144 0.636659 0.103389
v 0.227016 0.647620 0.117838
v 0.235220 0.653079 0.087639
v 0.223092 0.664040 0.102088
v 0.368139 0.680053 0.144111
v -0.162533 0.551880 0.001326
v -0.142269 0.560413 -0.011078
v -0.164965 0.631482 0.046158
v -0.180357 0.628639 0.051863
v -0.153453 0.570313 -0.022539
v -0.171615 0.641291 0.033104
v -0.173717 0.561780 -0.010135
v -0.187007 0.638448 0.038809
v -0.162364 0.718460 0.110191
v -0.177756 0.715617 0.115896
v -0.169015 0.728269 0.097137
v -0.184407 0.725426 0.102842
v -0.133952 0.799716 0.176201
v 0.330415 0.856074 -0.127982
v 0.387048 0.754155 -0.119053
v 0.379521 0.745794 -0.089438
v 0.323671 0.848853 -0.097778
v 0.361900 0.743432 -0.072463
v 0.311024 0.840380 -0.081154
v 0.297490 0.839097 -0.056976
v 0.350931 0.735969 -0.046533
v 0.281290 0.832237 -0.039704
v 0.332751 0.733561 -0.027409
v 0.398599 0.705346 -0.109953
v 0.392215 0.695821 -0.089329
v 0.375119 0.696052 -0.074497
v 0.369479 0.687652 -0.055238
v 0.362385 0.686818 -0.036076
v 0.398522 0.645858 -0.081101
v 0.395452 0.634286 -0.071627
v 0.386370 0.642745 -0.065424
v 0.304306 0.888978 -0.120898
v 0.289796 0.898170 -0.104885
v 0.267707 0.888749 -0.068179
v 0.269194 0.899809 -0.089422
v 0.268952 0.872407 -0.050874
v 0.272217 0.901119 -0.094005
v 0.249663 0.927989 -0.095765
v 0.252686 0.929299 -0.100348
v 0.331110 0.856667 -0.127490
v 0.324366 0.849446 -0.097286
v 0.380217 0.746387 -0.088946
v 0.387744 0.754748 -0.118561
v 0.311720 0.840973 -0.080661
v 0.362596 0.744025 -0.071970
v 0.298186 0.839690 -0.056484
v 0.351627 0.736562 -0.046041
v 0.281986 0.832830 -0.039212
v 0.333446 0.734155 -0.026917
v 0.392910 0.696414 -0.088836
v 0.399295 0.705939 -0.109461
v 0.375815 0.696645 -0.074004
v 0.370174 0.688245 -0.054746
v 0.363081 0.687411 -0.035583
v 0.399217 0.646452 -0.080608
v 0.396148 0.634880 -0.071134
v 0.387066 0.643338 -0.064931
v 0.305002 0.889571 -0.120405
v 0.290491 0.898763 -0.104393
v 0.269890 0.900402 -0.088930
v 0.268403 0.889342 -0.067686
v 0.269648 0.873001 -0.050381
v 0.272912 0.901712 -0.093513
v 0.253382 0.929892 -0.099855
v 0.250359 0.928582 -0.095272
v 0.298663 0.794149 -0.041894
v 0.284701 0.790909 -0.009787
v 0.332705 0.674597 0.022971
v 0.347522 0.679100 -0.008474
v 0.266855 0.784938 0.006579
v 0.310045 0.675775 0.037966
v 0.247337 0.787940 0.030071
v 0.292311 0.672037 0.064613
v 0.225684 0.784115 0.046214
v 0.268622 0.673503 0.081821
v 0.341153 0.618849 0.031641
v 0.353102 0.625945 0.009537
v 0.319755 0.622530 0.044120
v 0.308998 0.616420 0.064767
v 0.297485 0.618700 0.084112
v 0.341096 0.564744 0.047767
v 0.334696 0.553616 0.058747
v 0.324539 0.564471 0.062575
v 0.272466 0.833293 -0.043525
v 0.254588 0.846733 -0.030302
v 0.229416 0.852332 -0.018030
v 0.222493 0.843236 0.005933
v 0.218740 0.827596 0.026831
v 0.233725 0.852892 -0.022516
v 0.216774 0.884494 -0.036739
v 0.212465 0.883934 -0.032254
v 0.298003 0.793545 -0.042448
v 0.346862 0.678497 -0.009028
v 0.332045 0.673994 0.022417
v 0.284041 0.790306 -0.010341
v 0.309385 0.675171 0.037412
v 0.266195 0.784334 0.006026
v 0.246677 0.787336 0.029517
v 0.291651 0.671434 0.064059
v 0.225024 0.783512 0.045660
v 0.267962 0.672900 0.081267
v 0.352442 0.625342 0.008983
v 0.340493 0.618246 0.031087
v 0.319095 0.621927 0.043566
v 0.308338 0.615817 0.064213
v 0.296825 0.618096 0.083558
v 0.340436 0.564141 0.047213
v 0.334037 0.553013 0.058194
v 0.323879 0.563868 0.062021
v 0.271806 0.832690 -0.044078
v 0.253928 0.846130 -0.030856
v 0.221833 0.842633 0.005379
v 0.228756 0.851729 -0.018584
v 0.218080 0.826993 0.026277
v 0.233065 0.852289 -0.023069
v 0.211805 0.883331 -0.032807
v 0.216114 0.883891 -0.037293
v 0.296614 0.870391 -0.229909
v 0.338974 0.774865 -0.270323
v 0.355254 0.765382 -0.246524
v 0.313817 0.862007 -0.206227
v 0.356075 0.761729 -0.223272
v 0.317557 0.852726 -0.187088
v 0.326133 0.849985 -0.162084
v 0.367526 0.753112 -0.199327
v 0.328064 0.842076 -0.139910
v 0.369522 0.749308 -0.174307
v 0.352736 0.728292 -0.275511
v 0.363333 0.718100 -0.258335
v 0.362969 0.717034 -0.236678
v 0.373070 0.708003 -0.220840
v 0.382192 0.706153 -0.203598
v 0.373113 0.670244 -0.260413
v 0.377876 0.658674 -0.252835
v 0.376508 0.666148 -0.241926
v 0.285038 0.900516 -0.204925
v 0.287192 0.908078 -0.183845
v 0.299206 0.896706 -0.145212
v 0.285037 0.908191 -0.159209
v 0.312302 0.880438 -0.135975
v 0.283707 0.909749 -0.164214
v 0.268085 0.934600 -0.147753
v 0.268715 0.933104 -0.154082
v 0.297412 0.870967 -0.230056
v 0.314615 0.862583 -0.206374
v 0.356052 0.765958 -0.246671
v 0.339772 0.775441 -0.270470
v 0.318355 0.853302 -0.187235
v 0.356873 0.762305 -0.223419
v 0.326930 0.850561 -0.162231
v 0.368324 0.753688 -0.199474
v 0.328862 0.842652 -0.140057
v 0.370320 0.749884 -0.174454
v 0.364131 0.718676 -0.258482
v 0.353534 0.728868 -0.275658
v 0.363766 0.717610 -0.236825
v 0.373868 0.708579 -0.220987
v 0.382990 0.706729 -0.203745
v 0.373911 0.670820 -0.260560
v 0.378674 0.659250 -0.252982
v 0.377306 0.666724 -0.242073
v 0.285836 0.901092 -0.205072
v 0.287990 0.908654 -0.183992
v 0.285835 0.908767 -0.159356
v 0.300004 0.897282 -0.145359
v 0.313100 0.881014 -0.136122
v 0.284505 0.910325 -0.164361
v 0.269513 0.933680 -0.154229
v 0.268883 0.935176 -0.147900
v 0.169264 0.830436 -0.106231
v 0.176986 0.836814 -0.139936
v 0.128085 0.729155 -0.194011
v 0.119351 0.724089 -0.160445
v 0.191612 0.836843 -0.160137
v 0.147423 0.736129 -0.211819
v 0.206185 0.847490 -0.184958
v 0.159901 0.740949 -0.241138
v 0.224506 0.849859 -0.205028
v 0.179818 0.748861 -0.261142
v 0.120267 0.677011 -0.215787
v 0.112473 0.677098 -0.190868
v 0.138749 0.685635 -0.230319
v 0.145613 0.686017 -0.253386
v 0.153147 0.694202 -0.273090
v 0.119314 0.629111 -0.245656
v 0.123929 0.621792 -0.260164
v 0.132755 0.634110 -0.262622
v 0.193790 0.869966 -0.098669
v 0.208306 0.887866 -0.110665
v 0.230458 0.898611 -0.125137
v 0.233044 0.896640 -0.151487
v 0.233350 0.887306 -0.176148
v 0.227062 0.897618 -0.119991
v 0.245194 0.925838 -0.100932
v 0.248590 0.926830 -0.106077
v 0.170040 0.829770 -0.105983
v 0.120126 0.723423 -0.160198
v 0.128861 0.728490 -0.193763
v 0.177762 0.836148 -0.139688
v 0.148198 0.735464 -0.211571
v 0.192388 0.836177 -0.159889
v 0.206960 0.846824 -0.184710
v 0.160677 0.740283 -0.240890
v 0.225282 0.849193 -0.204780
v 0.180593 0.748196 -0.260894
v 0.113249 0.676432 -0.190621
v 0.121043 0.676345 -0.215539
v 0.139525 0.684970 -0.230071
v 0.146388 0.685351 -0.253138
v 0.153922 0.693536 -0.272842
v 0.120089 0.628445 -0.245408
v 0.124704 0.621126 -0.259916
v 0.133530 0.633444 -0.262374
v 0.194565 0.869300 -0.098421
v 0.209082 0.887200 -0.110417
v 0.233819 0.895975 -0.151239
v 0.231233 0.897945 -0.124889
v 0.234126 0.886640 -0.175900
v 0.227837 0.896953 -0.119743
v 0.249365 0.926164 -0.105830
v 0.245969 0.925172 -0.100684
v 0.148675 0.802437 0.002936
v 0.091660 0.701019 -0.008821
v 0.091265 0.698091 -0.040363
v 0.147371 0.800695 -0.028769
v 0.103893 0.699404 -0.061412
v 0.155284 0.795708 -0.049278
v 0.162099 0.799108 -0.075949
v 0.107777 0.696896 -0.090169
v 0.173277 0.795977 -0.097699
v 0.120388 0.698550 -0.113413
v 0.078147 0.653959 -0.023009
v 0.078976 0.648325 -0.045909
v 0.091650 0.651808 -0.064335
v 0.092114 0.647020 -0.085551
v 0.094006 0.649731 -0.105733
v 0.070754 0.600218 -0.060804
v 0.071268 0.590549 -0.072609
v 0.078434 0.600328 -0.079355
v 0.172060 0.837203 -0.004744
v 0.181932 0.849593 -0.022079
v 0.193767 0.847465 -0.064261
v 0.197829 0.854727 -0.041754
v 0.188085 0.834219 -0.083243
v 0.196096 0.855112 -0.036397
v 0.218336 0.882293 -0.035806
v 0.216602 0.882678 -0.030448
v 0.147875 0.803073 0.002748
v 0.146572 0.801330 -0.028957
v 0.090466 0.698726 -0.040551
v 0.090860 0.701654 -0.009009
v 0.154485 0.796343 -0.049466
v 0.103093 0.700039 -0.061600
v 0.161300 0.799743 -0.076137
v 0.106977 0.697532 -0.090357
v 0.172477 0.796613 -0.097887
v 0.119588 0.699186 -0.113601
v 0.078176 0.648960 -0.046097
v 0.077347 0.654594 -0.023197
v 0.090851 0.652444 -0.064523
v 0.091315 0.647655 -0.085739
v 0.093207 0.650367 -0.105921
v 0.069955 0.600853 -0.060992
v 0.070468 0.591184 -0.072797
v 0.077635 0.600963 -0.079543
v 0.171260 0.837839 -0.004932
v 0.181132 0.850229 -0.022267
v 0.197030 0.855363 -0.041942
v 0.192968 0.848101 -0.064450
v 0.187286 0.834854 -0.083431
v 0.195296 0.855748 -0.036585
v 0.215803 0.883313 -0.030636
v 0.217536 0.882928 -0.035994
v -0.057684 0.480968 -0.070559
v -0.090373 0.408108 -0.058093
v -0.106172 0.408077 -0.073253
v -0.074009 0.481691 -0.085236
v -0.110523 0.411243 -0.089368
v -0.080326 0.480163 -0.099395
v -0.090276 0.484685 -0.115146
v -0.122884 0.411638 -0.105253
v -0.095646 0.484748 -0.131318
v -0.128332 0.415175 -0.122376
v -0.103631 0.375809 -0.062821
v -0.114543 0.373468 -0.074715
v -0.117585 0.377956 -0.089390
v -0.127843 0.376060 -0.100218
v -0.136946 0.379336 -0.110523
v -0.125594 0.340888 -0.082476
v -0.131137 0.335059 -0.089306
v -0.131085 0.342707 -0.095090
v -0.050429 0.506970 -0.082308
v -0.054334 0.517276 -0.094223
v -0.069516 0.519370 -0.120381
v -0.056452 0.523211 -0.110913
v -0.081578 0.511091 -0.127952
v -0.054635 0.523006 -0.107467
v -0.043788 0.543209 -0.115441
v -0.041972 0.543005 -0.111994
v -0.058167 0.481355 -0.070195
v -0.074491 0.482079 -0.084873
v -0.106655 0.408465 -0.072889
v -0.090856 0.408496 -0.057729
v -0.080808 0.480551 -0.099032
v -0.111006 0.411630 -0.089004
v -0.090758 0.485073 -0.114782
v -0.123366 0.412026 -0.104889
v -0.096128 0.485135 -0.130954
v -0.128814 0.415563 -0.122012
v -0.115025 0.373856 -0.074352
v -0.104113 0.376197 -0.062458
v -0.118067 0.378344 -0.089026
v -0.128325 0.376448 -0.099854
v -0.137428 0.379724 -0.110159
v -0.126077 0.341276 -0.082112
v -0.131619 0.335447 -0.088942
v -0.131567 0.343095 -0.094727
v -0.050911 0.507358 -0.081945
v -0.054817 0.517664 -0.093859
v -0.056934 0.523599 -0.110549
v -0.069998 0.519758 -0.120017
v -0.082061 0.511479 -0.127589
v -0.055117 0.523394 -0.107103
v -0.042454 0.543392 -0.111631
v -0.044271 0.543597 -0.115077
v 0.081267 0.791871 0.279226
v 0.068970 0.789018 0.307503
v 0.111247 0.686581 0.336353
v 0.124297 0.690547 0.308659
v 0.053253 0.783759 0.321917
v 0.091291 0.687618 0.349560
v 0.036063 0.786403 0.342606
v 0.075672 0.684326 0.373028
v 0.016993 0.783035 0.356824
v 0.054809 0.685618 0.388183
v 0.118687 0.637484 0.343989
v 0.129211 0.643733 0.324522
v 0.099842 0.640725 0.354980
v 0.090368 0.635344 0.373163
v 0.080229 0.637352 0.390201
v 0.118637 0.589833 0.358191
v 0.113001 0.580032 0.367862
v 0.104055 0.589593 0.371233
v 0.058194 0.826346 0.277790
v 0.042449 0.838183 0.289436
v 0.020280 0.843114 0.300244
v 0.014183 0.835103 0.321348
v 0.010877 0.821328 0.339753
v 0.024075 0.843607 0.296293
v 0.009146 0.871440 0.283766
v 0.005351 0.870946 0.287717
v 0.080685 0.791340 0.278738
v 0.123715 0.690016 0.308172
v 0.110666 0.686050 0.335866
v 0.068389 0.788487 0.307016
v 0.090710 0.687087 0.349072
v 0.052672 0.783228 0.321430
v 0.035482 0.785872 0.342119
v 0.075091 0.683795 0.372540
v 0.016412 0.782503 0.356336
v 0.054228 0.685087 0.387695
v 0.128630 0.643201 0.324034
v 0.118106 0.636952 0.343501
v 0.099261 0.640194 0.354492
v 0.089787 0.634813 0.372676
v 0.079648 0.636821 0.389713
v 0.118056 0.589301 0.357704
v 0.112420 0.579501 0.367374
v 0.103474 0.589061 0.370745
v 0.057613 0.825815 0.277303
v 0.041868 0.837651 0.288948
v 0.013602 0.834571 0.320860
v 0.019699 0.842582 0.299756
v 0.010296 0.820797 0.339265
v 0.023494 0.843076 0.295805
v 0.004770 0.870415 0.287229
v 0.008565 0.870908 0.283278
v 0.031935 0.816879 0.383071
v 0.030559 0.721352 0.441601
v 0.002220 0.711870 0.436285
v 0.003025 0.808495 0.378490
v -0.014803 0.708217 0.420424
v -0.013152 0.799214 0.367601
v -0.036896 0.796473 0.355985
v -0.039832 0.699600 0.411589
v -0.053942 0.788564 0.341671
v -0.058935 0.695795 0.395308
v 0.024497 0.674779 0.455001
v 0.004859 0.664588 0.450349
v -0.010198 0.663521 0.434778
v -0.028540 0.654491 0.430722
v -0.047182 0.652641 0.424980
v -0.000588 0.616732 0.458734
v -0.009314 0.605162 0.456743
v -0.016060 0.612635 0.448062
v 0.022455 0.847004 0.357220
v 0.006026 0.854566 0.343837
v -0.029787 0.843194 0.325014
v -0.009871 0.854679 0.324893
v -0.045579 0.826926 0.327743
v -0.005391 0.856237 0.327491
v -0.004833 0.879055 0.307643
v -0.001955 0.879591 0.309727
v 0.031475 0.817455 0.383739
v 0.002565 0.809071 0.379158
v 0.001760 0.712446 0.436953
v 0.030099 0.721928 0.442269
v -0.013613 0.799790 0.368269
v -0.015263 0.708793 0.421092
v -0.037357 0.797049 0.356653
v -0.040292 0.700176 0.412257
v -0.054402 0.789140 0.342339
v -0.059395 0.696371 0.395976
v 0.004398 0.665164 0.451017
v 0.024037 0.675355 0.455669
v -0.010658 0.664097 0.435446
v -0.029000 0.655067 0.431390
v -0.047642 0.653217 0.425648
v -0.001048 0.617308 0.459402
v -0.009775 0.605738 0.457411
v -0.016521 0.613211 0.448730
v 0.021995 0.847580 0.357888
v 0.005566 0.855142 0.344505
v -0.010331 0.855255 0.325561
v -0.030248 0.843770 0.325682
v -0.046039 0.827502 0.328411
v -0.005852 0.856813 0.328159
v -0.002415 0.880167 0.310395
v -0.005293 0.879631 0.308311
v -0.037877 0.701170 0.176551
v -0.029259 0.698309 0.138373
v -0.083837 0.566625 0.111175
v -0.093585 0.570860 0.148824
v -0.012935 0.692505 0.116586
v -0.062255 0.569000 0.089962
v 0.003330 0.696813 0.086751
v -0.048327 0.565726 0.056962
v 0.023779 0.693570 0.064431
v -0.026098 0.568478 0.033110
v -0.092563 0.504120 0.102761
v -0.101261 0.511412 0.129600
v -0.071935 0.509220 0.084604
v -0.064274 0.502967 0.059626
v -0.055866 0.506100 0.036019
v -0.093627 0.443852 0.084398
v -0.088476 0.431771 0.070871
v -0.078625 0.444340 0.064663
v -0.010505 0.745970 0.173285
v 0.005698 0.761802 0.155181
v 0.030421 0.769206 0.136476
v 0.033307 0.759470 0.108638
v 0.033649 0.742283 0.084747
v 0.026631 0.769623 0.142310
v 0.046868 0.805550 0.154706
v 0.050658 0.805134 0.148871
v -0.037012 0.700524 0.177010
v -0.092720 0.570213 0.149284
v -0.082972 0.565979 0.111634
v -0.028393 0.697663 0.138832
v -0.061389 0.568354 0.090421
v -0.012069 0.691859 0.117046
v 0.004195 0.696167 0.087211
v -0.047462 0.565080 0.057421
v 0.024644 0.692924 0.064890
v -0.025233 0.567832 0.033570
v -0.100396 0.510766 0.130060
v -0.091697 0.503473 0.103221
v -0.071069 0.508574 0.085063
v -0.063409 0.502321 0.060085
v -0.055000 0.505453 0.036479
v -0.092761 0.443206 0.084857
v -0.087611 0.431125 0.071331
v -0.077760 0.443694 0.065123
v -0.009639 0.745324 0.173744
v 0.006563 0.761156 0.155640
v 0.034173 0.758824 0.109098
v 0.031287 0.768560 0.136935
v 0.034515 0.741637 0.085207
v 0.027496 0.768976 0.142770
v 0.051524 0.804488 0.149331
v 0.047733 0.804904 0.155165
v -0.052439 0.799625 0.317821
v -0.102652 0.710305 0.307467
v -0.102999 0.707726 0.279688
v -0.053586 0.798091 0.289898
v -0.091878 0.708883 0.261149
v -0.046617 0.793699 0.271836
v -0.040615 0.796693 0.248347
v -0.088458 0.706674 0.235823
v -0.030771 0.793936 0.229191
v -0.077351 0.708131 0.215352
v -0.114553 0.668859 0.294972
v -0.113823 0.663897 0.274803
v -0.102660 0.666965 0.258575
v -0.102252 0.662748 0.239890
v -0.100585 0.665136 0.222116
v -0.121064 0.621529 0.261685
v -0.120612 0.613013 0.251288
v -0.114300 0.621626 0.245347
v -0.031843 0.830244 0.311057
v -0.023149 0.841156 0.295791
v -0.012725 0.839282 0.258640
v -0.009148 0.845677 0.278462
v -0.017729 0.827615 0.241922
v -0.010674 0.846016 0.283181
v 0.008913 0.869955 0.283701
v 0.007386 0.870294 0.288420
v -0.053143 0.800185 0.317655
v -0.054291 0.798650 0.289733
v -0.103704 0.708286 0.279522
v -0.103356 0.710865 0.307301
v -0.047321 0.794258 0.271671
v -0.092583 0.709442 0.260984
v -0.041320 0.797253 0.248181
v -0.089162 0.707234 0.235657
v -0.031475 0.794495 0.229025
v -0.078055 0.708691 0.215186
v -0.114527 0.664457 0.274637
v -0.115257 0.669419 0.294806
v -0.103364 0.667524 0.258409
v -0.102956 0.663308 0.239724
v -0.101289 0.665696 0.221950
v -0.121768 0.622089 0.261519
v -0.121316 0.613573 0.251123
v -0.115004 0.622185 0.245181
v -0.032547 0.830804 0.310891
v -0.023853 0.841715 0.295625
v -0.009852 0.846237 0.278296
v -0.013429 0.839841 0.258474
v -0.018433 0.828175 0.241757
v -0.011379 0.846576 0.283015
v 0.006682 0.870853 0.288254
v 0.008209 0.870514 0.283535
v 0.115424 0.709265 0.149281
v 0.166686 0.587057 0.177843
v 0.164241 0.587005 0.214488
v 0.114166 0.710478 0.186081
v 0.148225 0.592315 0.237453
v 0.102784 0.707916 0.209463
v 0.093273 0.715500 0.239229
v 0.141141 0.592978 0.270461
v 0.078285 0.715605 0.263565
v 0.125014 0.598911 0.295922
v 0.174904 0.532883 0.199975
v 0.171386 0.528956 0.226819
v 0.155811 0.536483 0.246549
v 0.152958 0.533303 0.271404
v 0.149531 0.538797 0.294211
v 0.173330 0.474309 0.249387
v 0.170530 0.464531 0.263872
v 0.163041 0.477360 0.270041
v 0.092506 0.752879 0.152627
v 0.081407 0.770166 0.170490
v 0.064165 0.773678 0.218199
v 0.062245 0.780120 0.191205
v 0.067442 0.759791 0.241861
v 0.064715 0.779777 0.185156
v 0.042775 0.813663 0.179816
v 0.045244 0.813320 0.173766
v 0.116412 0.709915 0.149509
v 0.115153 0.711128 0.186309
v 0.165228 0.587655 0.214715
v 0.167673 0.587708 0.178070
v 0.103771 0.708566 0.209691
v 0.149213 0.592965 0.237680
v 0.094261 0.716151 0.239457
v 0.142128 0.593628 0.270688
v 0.079272 0.716256 0.263793
v 0.126001 0.599562 0.296149
v 0.172373 0.529606 0.227047
v 0.175891 0.533533 0.200203
v 0.156798 0.537134 0.246777
v 0.153945 0.533954 0.271632
v 0.150518 0.539448 0.294439
v 0.174317 0.474960 0.249614
v 0.171517 0.465182 0.264100
v 0.164028 0.478011 0.270269
v 0.093493 0.753529 0.152855
v 0.082394 0.770816 0.170718
v 0.063232 0.780770 0.191433
v 0.065152 0.774328 0.218427
v 0.068429 0.760441 0.242089
v 0.065702 0.780427 0.185383
v 0.046231 0.813971 0.173994
v 0.043762 0.814313 0.180043
v -0.305501 0.569145 -0.089617
v -0.276694 0.562604 -0.098673
v -0.294047 0.459062 -0.143752
v -0.322792 0.466659 -0.135704
v -0.256240 0.555211 -0.095971
v -0.271032 0.457915 -0.137415
v -0.229285 0.554858 -0.096689
v -0.243682 0.451405 -0.140807
v -0.206577 0.549257 -0.091439
v -0.218593 0.450253 -0.135073
v -0.298587 0.409770 -0.151666
v -0.319298 0.418579 -0.147214
v -0.277709 0.411102 -0.144838
v -0.258546 0.403336 -0.149289
v -0.238995 0.403001 -0.152894
v -0.293172 0.360905 -0.158310
v -0.283347 0.349885 -0.159851
v -0.273937 0.358678 -0.155840
v -0.287707 0.602743 -0.073193
v -0.267433 0.612605 -0.069593
v -0.244332 0.615529 -0.060236
v -0.225489 0.604918 -0.068992
v -0.211115 0.589004 -0.077773
v -0.249705 0.616602 -0.060539
v -0.246231 0.645181 -0.042639
v -0.240857 0.644109 -0.042337
v -0.305542 0.568658 -0.088832
v -0.322833 0.466172 -0.134919
v -0.294088 0.458575 -0.142967
v -0.276735 0.562117 -0.097888
v -0.271073 0.457429 -0.136630
v -0.256281 0.554724 -0.095187
v -0.229326 0.554371 -0.095904
v -0.243723 0.450918 -0.140022
v -0.206618 0.548770 -0.090655
v -0.218634 0.449766 -0.134288
v -0.319339 0.418093 -0.146429
v -0.298628 0.409283 -0.150881
v -0.277750 0.410616 -0.144053
v -0.258587 0.402849 -0.148505
v -0.239036 0.402514 -0.152109
v -0.293213 0.360418 -0.157526
v -0.283388 0.349398 -0.159066
v -0.273978 0.358192 -0.155055
v -0.287748 0.602257 -0.072408
v -0.267474 0.612119 -0.068808
v -0.225530 0.604432 -0.068208
v -0.244373 0.615043 -0.059451
v -0.211156 0.588518 -0.076989
v -0.249746 0.616115 -0.059754
v -0.240898 0.643623 -0.041552
v -0.246272 0.644695 -0.041855
v 0.131598 0.939543 0.128618
v 0.087088 0.869832 0.100390
v 0.094577 0.868601 0.077963
v 0.138582 0.939278 0.105919
v 0.108833 0.869040 0.066384
v 0.148931 0.935456 0.093189
v 0.160703 0.938127 0.076337
v 0.118640 0.867656 0.047001
v 0.173789 0.935422 0.063651
v 0.133465 0.868412 0.033895
v 0.077695 0.836570 0.084369
v 0.083648 0.832975 0.068162
v 0.097436 0.834943 0.058562
v 0.102771 0.831960 0.043497
v 0.109407 0.834378 0.029944
v 0.078054 0.798479 0.052898
v 0.080674 0.791603 0.044178
v 0.088127 0.798400 0.041778
v 0.152505 0.963430 0.131020
v 0.164727 0.972222 0.122003
v 0.183521 0.970787 0.095182
v 0.181209 0.975160 0.112420
v 0.183358 0.962023 0.079676
v 0.178669 0.975448 0.115776
v 0.196112 0.993577 0.123270
v 0.193573 0.993865 0.126626
v 0.131135 0.940092 0.128323
v 0.138119 0.939826 0.105625
v 0.094114 0.869150 0.077669
v 0.086625 0.870381 0.100095
v 0.148468 0.936004 0.092895
v 0.108369 0.869589 0.066090
v 0.160240 0.938675 0.076043
v 0.118176 0.868204 0.046706
v 0.173325 0.935971 0.063357
v 0.133002 0.868960 0.033601
v 0.083184 0.833523 0.067868
v 0.077231 0.837118 0.084075
v 0.096972 0.835491 0.058268
v 0.102307 0.832508 0.043203
v 0.108943 0.834926 0.029649
v 0.077590 0.799027 0.052604
v 0.080210 0.792151 0.043883
v 0.087664 0.798949 0.041483
v 0.152042 0.963978 0.130726
v 0.164263 0.972770 0.121708
v 0.180745 0.975708 0.112126
v 0.183057 0.971336 0.094888
v 0.182894 0.962571 0.079382
v 0.178206 0.975996 0.115481
v 0.193109 0.994413 0.126332
v 0.195649 0.994125 0.122976
v 0.226998 0.983912 0.092591
v 0.245338 0.981059 0.117378
v 0.291462 0.878623 0.095190
v 0.274003 0.882588 0.070042
v 0.249963 0.975800 0.138197
v 0.292920 0.879659 0.119076
v 0.259285 0.978444 0.163428
v 0.305435 0.876367 0.144336
v 0.262063 0.975076 0.187052
v 0.308128 0.877659 0.169982
v 0.301794 0.829525 0.092565
v 0.290197 0.835774 0.073718
v 0.301890 0.832767 0.114381
v 0.312901 0.827385 0.131677
v 0.322586 0.829393 0.148977
v 0.314069 0.781874 0.099709
v 0.319626 0.772074 0.109425
v 0.318072 0.781634 0.118858
v 0.214218 1.018387 0.111854
v 0.216431 1.030224 0.131313
v 0.214706 1.035155 0.155916
v 0.229934 1.027144 0.171749
v 0.244221 1.013370 0.183813
v 0.213182 1.035648 0.150655
v 0.202986 1.052434 0.156836
v 0.203620 1.052228 0.159027
v 0.226285 0.983381 0.092850
v 0.273290 0.882057 0.070302
v 0.290749 0.878091 0.095450
v 0.244625 0.980528 0.117638
v 0.292208 0.879128 0.119336
v 0.249250 0.975269 0.138456
v 0.258572 0.977913 0.163687
v 0.304723 0.875836 0.144596
v 0.261350 0.974544 0.187311
v 0.307415 0.877128 0.170242
v 0.289484 0.835243 0.073977
v 0.301081 0.828993 0.092824
v 0.301177 0.832235 0.114640
v 0.312188 0.826854 0.131936
v 0.321873 0.828862 0.149236
v 0.313356 0.781342 0.099969
v 0.318913 0.771542 0.109685
v 0.317359 0.781102 0.119118
v 0.213505 1.017856 0.112114
v 0.215718 1.029693 0.131572
v 0.229221 1.026613 0.172008
v 0.213993 1.034623 0.156176
v 0.243508 1.012838 0.184072
v 0.212469 1.035117 0.150914
v 0.202907 1.051697 0.159286
v 0.202273 1.051903 0.157096
v -0.222591 0.615295 0.125493
v -0.228470 0.613275 0.098485
v -0.271519 0.520280 0.097367
v -0.266522 0.523270 0.124373
v -0.224524 0.609177 0.079669
v -0.264037 0.521957 0.077348
v -0.223018 0.612219 0.055720
v -0.264972 0.519645 0.052070
v -0.216592 0.609928 0.035330
v -0.257863 0.521588 0.030170
v -0.279615 0.476138 0.094586
v -0.277172 0.481288 0.114360
v -0.271831 0.479740 0.076808
v -0.274383 0.475324 0.058535
v -0.276047 0.477536 0.040916
v -0.285777 0.433577 0.083150
v -0.286517 0.425045 0.072955
v -0.282065 0.433922 0.066042
v -0.206047 0.646934 0.115233
v -0.201080 0.658114 0.098810
v -0.190839 0.663343 0.079460
v -0.197300 0.656467 0.060781
v -0.204211 0.644330 0.045388
v -0.191523 0.663637 0.084325
v -0.174871 0.689009 0.086219
v -0.174187 0.688715 0.081353
v -0.221900 0.614839 0.125529
v -0.265831 0.522814 0.124409
v -0.270828 0.519823 0.097402
v -0.227779 0.612819 0.098521
v -0.263346 0.521500 0.077384
v -0.223833 0.608720 0.079705
v -0.222327 0.611762 0.055755
v -0.264281 0.519188 0.052106
v -0.215901 0.609472 0.035366
v -0.257172 0.521132 0.030206
v -0.276481 0.480831 0.114396
v -0.278924 0.475682 0.094622
v -0.271140 0.479283 0.076844
v -0.273692 0.474868 0.058571
v -0.275356 0.477080 0.040952
v -0.285086 0.433121 0.083186
v -0.285826 0.424589 0.072991
v -0.281374 0.433465 0.066078
v -0.205356 0.646477 0.115269
v -0.200389 0.657658 0.098846
v -0.196609 0.656011 0.060817
v -0.190147 0.662886 0.079495
v -0.203520 0.643873 0.045424
v -0.190832 0.663181 0.084361
v -0.173495 0.688259 0.081389
v -0.174180 0.688553 0.086255
v 0.203096 0.985748 0.220278
v 0.169023 0.896427 0.258587
v 0.144791 0.893849 0.244999
v 0.178341 0.984213 0.207311
v 0.134297 0.895005 0.226098
v 0.166183 0.979821 0.192245
v 0.148842 0.982815 0.175302
v 0.114074 0.892797 0.210473
v 0.137174 0.980058 0.157199
v 0.101899 0.894253 0.190618
v 0.152251 0.854981 0.262646
v 0.135150 0.850020 0.251930
v 0.126677 0.853087 0.234148
v 0.110699 0.848870 0.224452
v 0.096140 0.851258 0.214122
v 0.120168 0.807651 0.251641
v 0.111391 0.799136 0.246052
v 0.109401 0.807748 0.237615
v 0.207536 1.016366 0.199060
v 0.198662 1.027278 0.183898
v 0.171701 1.025404 0.156296
v 0.190656 1.031800 0.163109
v 0.154721 1.013738 0.152270
v 0.193979 1.032139 0.166790
v 0.201853 1.049778 0.155113
v 0.203421 1.049919 0.156872
v 0.202601 0.986307 0.220805
v 0.177845 0.984773 0.207838
v 0.144296 0.894408 0.245526
v 0.168527 0.896987 0.259114
v 0.165687 0.980380 0.192772
v 0.133802 0.895565 0.226625
v 0.148346 0.983375 0.175829
v 0.113579 0.893356 0.211000
v 0.136679 0.980618 0.157726
v 0.101403 0.894813 0.191145
v 0.134654 0.850579 0.252457
v 0.151756 0.855541 0.263173
v 0.126181 0.853647 0.234675
v 0.110204 0.849430 0.224979
v 0.095644 0.851818 0.214649
v 0.119673 0.808211 0.252168
v 0.110895 0.799695 0.246579
v 0.108906 0.808308 0.238142
v 0.207041 1.016926 0.199588
v 0.198167 1.027838 0.184425
v 0.190160 1.032359 0.163636
v 0.171205 1.025964 0.156823
v 0.154225 1.014297 0.152797
v 0.193483 1.032698 0.167316
v 0.203022 1.050287 0.157297
v 0.201451 1.050145 0.155534
v -0.162567 0.711175 0.202160
v -0.205394 0.621855 0.230345
v -0.225283 0.619276 0.210948
v -0.183122 0.709640 0.183228
v -0.230527 0.620432 0.189976
v -0.190966 0.705248 0.165528
v -0.203332 0.708243 0.144675
v -0.246017 0.618224 0.169648
v -0.209916 0.705485 0.124168
v -0.252639 0.619681 0.147319
v -0.222645 0.580409 0.229925
v -0.236390 0.575447 0.215147
v -0.239972 0.578514 0.195779
v -0.252895 0.574298 0.182278
v -0.264285 0.576686 0.168531
v -0.250786 0.533079 0.210991
v -0.257818 0.524563 0.203320
v -0.257556 0.533175 0.194656
v -0.152786 0.741794 0.182814
v -0.157433 0.752705 0.165872
v -0.176332 0.750831 0.132231
v -0.159786 0.757227 0.143718
v -0.191692 0.739165 0.123949
v -0.157529 0.757566 0.148134
v -0.155539 0.763485 0.141381
v -0.151688 0.766174 0.144920
v -0.163182 0.711735 0.202541
v -0.183737 0.710200 0.183609
v -0.225898 0.619836 0.211329
v -0.206009 0.622414 0.230726
v -0.191581 0.705808 0.165909
v -0.231143 0.620992 0.190356
v -0.203947 0.708802 0.145055
v -0.246633 0.618783 0.170029
v -0.210531 0.706045 0.124549
v -0.253254 0.620240 0.147700
v -0.237005 0.576007 0.215528
v -0.223260 0.580968 0.230306
v -0.240587 0.579074 0.196160
v -0.253510 0.574857 0.182659
v -0.264900 0.577245 0.168912
v -0.251401 0.533638 0.211372
v -0.258433 0.525123 0.203701
v -0.258171 0.533735 0.195037
v -0.153401 0.742353 0.183195
v -0.158048 0.753265 0.166252
v -0.160401 0.757787 0.144099
v -0.176947 0.751391 0.132612
v -0.192307 0.739725 0.124329
v -0.158144 0.758126 0.148515
v -0.152303 0.766734 0.145300
v -0.156154 0.764045 0.141762
v -0.041413 0.552823 -0.245396
v -0.025872 0.545305 -0.230825
v 0.005922 0.482418 -0.275697
v -0.009019 0.490819 -0.290306
v -0.020609 0.536650 -0.218408
v 0.009146 0.477190 -0.259338
v -0.011578 0.532462 -0.201387
v 0.020516 0.469047 -0.244069
v -0.007405 0.524332 -0.186432
v 0.024792 0.463595 -0.226553
v 0.013366 0.449851 -0.290779
v 0.003232 0.458442 -0.301022
v 0.015406 0.446602 -0.275153
v 0.024971 0.438973 -0.265694
v 0.033547 0.436352 -0.254251
v 0.023099 0.415893 -0.299023
v 0.028046 0.406948 -0.295373
v 0.027739 0.411069 -0.286417
v -0.049055 0.571127 -0.222514
v -0.045733 0.574424 -0.206490
v -0.044765 0.571567 -0.188390
v -0.032269 0.562655 -0.180945
v -0.020773 0.550712 -0.177438
v -0.046348 0.573170 -0.191710
v -0.059113 0.589892 -0.178601
v -0.057530 0.588289 -0.175281
v -0.041903 0.552369 -0.245294
v -0.009509 0.490365 -0.290204
v 0.005432 0.481965 -0.275596
v -0.026362 0.544851 -0.230723
v 0.008656 0.476736 -0.259237
v -0.021100 0.536196 -0.218306
v -0.012068 0.532008 -0.201286
v 0.020025 0.468593 -0.243967
v -0.007895 0.523878 -0.186330
v 0.024301 0.463141 -0.226452
v 0.002742 0.457988 -0.300921
v 0.012876 0.449398 -0.290678
v 0.014916 0.446148 -0.275051
v 0.024481 0.438519 -0.265593
v 0.033057 0.435898 -0.254149
v 0.022609 0.415439 -0.298922
v 0.027555 0.406495 -0.295272
v 0.027249 0.410615 -0.286316
v -0.049545 0.570673 -0.222412
v -0.046223 0.573970 -0.206388
v -0.032759 0.562201 -0.180843
v -0.045255 0.571113 -0.188289
v -0.021264 0.550258 -0.177337
v -0.046839 0.572716 -0.191609
v -0.058020 0.587835 -0.175179
v -0.059604 0.589438 -0.178499
v -0.052442 0.561045 -0.158582
v -0.052442 0.509786 -0.205517
v -0.089064 0.507943 -0.184453
v -0.089064 0.504257 -0.142326
v -0.052442 0.502414 -0.121262
v -0.015819 0.504257 -0.142326
v -0.015819 0.507943 -0.184453
v -0.052442 0.455491 -0.217750
v -0.095520 0.453323 -0.192973
v -0.095520 0.448988 -0.143419
v -0.052442 0.446820 -0.118643
v -0.009363 0.448988 -0.143419
v -0.009363 0.453323 -0.192973
v -0.052442 0.335754 -0.178293
v -0.068826 0.369563 -0.184831
v -0.052442 0.370388 -0.194255
v -0.068826 0.367914 -0.165983
v -0.052442 0.367090 -0.156559
v -0.036057 0.367914 -0.165983
v -0.036057 0.369563 -0.184831
v -0.052442 0.407540 -0.214462
v -0.089064 0.405698 -0.193399
v -0.089064 0.402012 -0.151271
v -0.052442 0.400169 -0.130207
v -0.015819 0.402012 -0.151271
v -0.015819 0.405698 -0.193398
v -0.011360 0.459228 -0.069341
v -0.011360 0.422546 -0.109341
v -0.039959 0.419679 -0.093081
v -0.039959 0.413945 -0.060559
v -0.011360 0.411078 -0.044299
v 0.017239 0.413945 -0.060559
v 0.017239 0.419679 -0.093081
v -0.011360 0.381142 -0.122553
v -0.045000 0.377769 -0.103426
v -0.045000 0.371024 -0.065172
v -0.011360 0.367651 -0.046045
v 0.022280 0.371024 -0.065172
v 0.022280 0.377769 -0.103426
v -0.011360 0.285309 -0.100008
v -0.024155 0.312055 -0.102793
v -0.011360 0.313338 -0.110068
v -0.024155 0.309490 -0.088243
v -0.011360 0.308207 -0.080968
v 0.001435 0.309490 -0.088243
v 0.001435 0.312055 -0.102793
v -0.011360 0.343616 -0.123259
v -0.039959 0.340749 -0.106998
v -0.039959 0.335014 -0.074477
v -0.011360 0.332147 -0.058216
v 0.017239 0.335014 -0.074477
v 0.017239 0.340749 -0.106998
v 0.127531 0.564071 0.055514
v 0.127531 0.512812 0.008580
v 0.090908 0.510969 0.029644
v 0.090908 0.507284 0.071771
v 0.127531 0.505441 0.092835
v 0.164154 0.507284 0.071771
v 0.164154 0.510969 0.029644
v 0.127531 0.458517 -0.003654
v 0.084452 0.456350 0.021123
v 0.084452 0.452014 0.070677
v 0.127531 0.449847 0.095454
v 0.170610 0.452014 0.070677
v 0.170610 0.456350 0.021123
v 0.127531 0.338781 0.035804
v 0.111146 0.372590 0.029266
v 0.127531 0.373414 0.019842
v 0.111146 0.370941 0.048114
v 0.127531 0.370116 0.057537
v 0.143916 0.370941 0.048114
v 0.143916 0.372590 0.029266
v 0.127531 0.410567 -0.000366
v 0.090908 0.408724 0.020698
v 0.090908 0.405039 0.062826
v 0.127531 0.403196 0.083889
v 0.164154 0.405039 0.062826
v 0.164154 0.408724 0.020698
v 0.239144 0.636659 0.103389
v 0.239144 0.585400 0.056454
v 0.202521 0.583557 0.077518
v 0.202521 0.579871 0.119645
v 0.239144 0.578028 0.140709
v 0.275767 0.579871 0.119645
v 0.275767 0.583557 0.077518
v 0.239144 0.531105 0.044221
v 0.196065 0.528937 0.068998
v 0.196065 0.524602 0.118552
v 0.239144 0.522434 0.143328
v 0.282223 0.524602 0.118552
v 0.282223 0.528937 0.068998
v 0.239144 0.411368 0.083678
v 0.222759 0.445177 0.077140
v 0.239144 0.446002 0.067716
v 0.222759 0.443528 0.095988
v 0.239144 0.442704 0.105412
v 0.255529 0.443528 0.095988
v 0.255529 0.445177 0.077140
v 0.239144 0.483155 0.047509
v 0.202521 0.481312 0.068573
v 0.202521 0.477626 0.110700
v 0.239144 0.475783 0.131764
v 0.275767 0.477626 0.110700
v 0.275767 0.481312 0.068573
v -0.085018 0.444067 0.002465
v -0.096166 0.402465 -0.030558
v -0.123790 0.409867 -0.014047
v -0.123790 0.409867 0.018976
v -0.096166 0.402465 0.035488
v -0.068541 0.395063 0.018976
v -0.068541 0.395063 -0.014047
v -0.107313 0.360862 -0.036380
v -0.139807 0.369569 -0.016958
v -0.139807 0.369569 0.021887
v -0.107313 0.360862 0.041309
v -0.074819 0.352156 0.021887
v -0.074819 0.352156 -0.016958
v -0.130726 0.273484 0.002465
v -0.136393 0.301770 -0.004923
v -0.124034 0.298459 -0.012310
v -0.136393 0.301770 0.009852
v -0.124034 0.298459 0.017239
v -0.111675 0.295147 0.009852
v -0.111675 0.295147 -0.004923
v -0.116910 0.325048 -0.030558
v -0.144534 0.332450 -0.014047
v -0.144534 0.332450 0.018976
v -0.116910 0.325048 0.035488
v -0.089285 0.317646 0.018976
v -0.089285 0.317646 -0.014047
v -0.200678 0.592054 -0.019111
v -0.205788 0.533647 -0.056431
v -0.242111 0.538675 -0.035368
v -0.241789 0.542347 0.006760
v -0.205145 0.540990 0.027824
v -0.168822 0.535963 0.006760
v -0.169144 0.532291 -0.035368
v -0.210633 0.478264 -0.059051
v -0.253359 0.484178 -0.034274
v -0.252981 0.488497 0.015280
v -0.209877 0.486902 0.040057
v -0.167151 0.480988 0.015280
v -0.167529 0.476669 -0.034274
v -0.220313 0.367621 0.000600
v -0.233833 0.401087 -0.011710
v -0.217582 0.398837 -0.021134
v -0.233689 0.402729 0.007138
v -0.217295 0.402123 0.016561
v -0.201044 0.399873 0.007138
v -0.201188 0.398231 -0.011710
v -0.214699 0.431791 -0.047486
v -0.251022 0.436819 -0.026422
v -0.250701 0.440490 0.015705
v -0.214057 0.439134 0.036769
v -0.177734 0.434107 0.015705
v -0.178055 0.430435 -0.026422
vt 0.076800 0.013400
vt 0.054300 0.012700
vt 0.052800 0.232800
vt 0.078300 0.226200
vt 0.036600 0.027600
vt 0.031800 0.264800
vt 0.049900 0.267700
vt 0.063900 0.031900
vt 0.056100 0.008300
vt 0.084100 0.006500
vt 0.083700 0.222200
vt 0.064900 0.232800
vt 0.054200 0.032300
vt 0.048300 0.254100
vt 0.030500 0.253600
vt 0.027500 0.031700
vt 0.067100 0.282300
vt 0.035000 0.450500
vt 0.052300 0.463500
vt 0.028500 0.501800
vt 0.046300 0.504700
vt 0.079300 0.281100
vt 0.059300 0.467200
vt 0.045000 0.454200
vt 0.108000 0.340100
vt 0.098800 0.352200
vt 0.044600 0.387200
vt 0.032700 0.385300
vt 0.083600 0.361700
vt 0.093900 0.352000
vt 0.117300 0.439100
vt 0.132700 0.448100
vt 0.112700 0.620100
vt 0.097600 0.611200
vt 0.111100 0.693700
vt 0.099900 0.690700
vt 0.108000 0.607200
vt 0.124400 0.614600
vt 0.128100 0.470700
vt 0.117300 0.473900
vt 0.038800 0.533000
vt 0.026900 0.531100
vt 0.107700 0.491800
vt 0.115600 0.485500
vt 0.102100 0.830800
vt 0.090900 0.827900
vt 0.010900 0.654700
vt 0.019500 0.661900
vt 0.040600 0.732700
vt 0.053000 0.730600
vt 0.016700 0.670000
vt 0.006800 0.660800
vt 0.098700 0.817100
vt 0.087900 0.814300
vt 0.011800 0.834100
vt 0.082100 0.915200
vt 0.002200 0.850800
vt 0.107300 0.979800
vt 0.131800 0.615000
vt 0.011500 0.674800
vt 0.131400 0.625800
vt 0.102100 0.974600
vt 0.079300 0.281100
vt 0.083700 0.222200
vt 0.108000 0.340100
vt 0.098800 0.352200
vt 0.030500 0.253600
vt 0.048300 0.254100
vt 0.044600 0.387200
vt 0.032700 0.385300
vt 0.078300 0.226200
vt 0.067100 0.282300
vt 0.083600 0.361700
vt 0.093900 0.352000
vt 0.111100 0.693700
vt 0.099900 0.690700
vt 0.108000 0.607200
vt 0.124400 0.614600
vt 0.128100 0.470700
vt 0.117300 0.473900
vt 0.038800 0.533000
vt 0.026900 0.531100
vt 0.107700 0.491800
vt 0.115600 0.485500
vt 0.102100 0.830800
vt 0.090900 0.827900
vt 0.131800 0.615000
vt 0.011500 0.674800
vt 0.131400 0.625800
vt 0.102100 0.974600
vt 0.079300 0.281100
vt 0.083700 0.222200
vt 0.108000 0.340100
vt 0.098800 0.352200
vt 0.030500 0.253600
vt 0.048300 0.254100
vt 0.044600 0.387200
vt 0.032700 0.385300
vt 0.078300 0.226200
vt 0.067100 0.282300
vt 0.083600 0.361700
vt 0.093900 0.352000
vt 0.111100 0.693700
vt 0.099900 0.690700
vt 0.108000 0.607200
vt 0.124400 0.614600
vt 0.128100 0.470700
vt 0.117300 0.473900
vt 0.038800 0.533000
vt 0.026900 0.531100
vt 0.107700 0.491800
vt 0.115600 0.485500
vt 0.102100 0.830800
vt 0.090900 0.827900
vt 0.131800 0.615000
vt 0.011500 0.674800
vt 0.131400 0.625800
vt 0.102100 0.974600
vt 0.079300 0.281100
vt 0.083700 0.222200
vt 0.108000 0.340100
vt 0.098800 0.352200
vt 0.030500 0.253600
vt 0.048300 0.254100
vt 0.044600 0.387200
vt 0.032700 0.385300
vt 0.078300 0.226200
vt 0.067100 0.282300
vt 0.083600 0.361700
vt 0.093900 0.352000
vt 0.111100 0.693700
vt 0.099900 0.690700
vt 0.108000 0.607200
vt 0.124400 0.614600
vt 0.128100 0.470700
vt 0.117300 0.473900
vt 0.038800 0.533000
vt 0.026900 0.531100
vt 0.107700 0.491800
vt 0.115600 0.485500
vt 0.102100 0.830800
vt 0.090900 0.827900
vt 0.131800 0.615000
vt 0.011500 0.674800
vt 0.131400 0.625800
vt 0.102100 0.974600
vt 0.079300 0.281100
vt 0.083700 0.222200
vt 0.108000 0.340100
vt 0.098800 0.352200
vt 0.030500 0.253600
vt 0.048300 0.254100
vt 0.044600 0.387200
vt 0.032700 0.385300
vt 0.078300 0.226200
vt 0.067100 0.282300
vt 0.083600 0.361700
vt 0.093900 0.352000
vt 0.111100 0.693700
vt 0.099900 0.690700
vt 0.108000 0.607200
vt 0.124400 0.614600
vt 0.128100 0.470700
vt 0.117300 0.473900
vt 0.038800 0.533000
vt 0.026900 0.531100
vt 0.107700 0.491800
vt 0.115600 0.485500
vt 0.102100 0.830800
vt 0.090900 0.827900
vt 0.131800 0.615000
vt 0.011500 0.674800
vt 0.131400 0.625800
vt 0.102100 0.974600
vt 0.079300 0.281100
vt 0.083700 0.222200
vt 0.108000 0.340100
vt 0.098800 0.352200
vt 0.030500 0.253600
vt 0.048300 0.254100
vt 0.044600 0.387200
vt 0.032700 0.385300
vt 0.078300 0.226200
vt 0.067100 0.282300
vt 0.083600 0.361700
vt 0.093900 0.352000
vt 0.111100 0.693700
vt 0.099900 0.690700
vt 0.108000 0.607200
vt 0.124400 0.614600
vt 0.128100 0.470700
vt 0.117300 0.473900
vt 0.038800 0.533000
vt 0.026900 0.531100
vt 0.107700 0.491800
vt 0.115600 0.485500
vt 0.102100 0.830800
vt 0.090900 0.827900
vt 0.131800 0.615000
vt 0.011500 0.674800
vt 0.131400 0.625800
vt 0.102100 0.974600
vt 0.298100 0.143300
vt 0.289900 0.379300
vt 0.352100 0.391800
vt 0.360500 0.156700
vt 0.400800 0.384500
vt 0.405300 0.163000
vt 0.460900 0.158100
vt 0.458800 0.392400
vt 0.510500 0.158800
vt 0.511400 0.384200
vt 0.310000 0.480800
vt 0.355400 0.494600
vt 0.399500 0.483800
vt 0.441100 0.496300
vt 0.482200 0.493300
vt 0.380100 0.594100
vt 0.403100 0.614500
vt 0.420300 0.592800
vt 0.326100 0.062000
vt 0.365900 0.036000
vt 0.456000 0.039700
vt 0.414000 0.016100
vt 0.489700 0.073900
vt 0.402700 0.015700
vt 0.414300 0.008700
vt 0.403000 0.008200
vt 0.298100 0.143300
vt 0.360500 0.156700
vt 0.352100 0.391800
vt 0.289900 0.379300
vt 0.405300 0.163000
vt 0.400800 0.384500
vt 0.460900 0.158100
vt 0.458800 0.392400
vt 0.510500 0.158800
vt 0.511400 0.384200
vt 0.355400 0.494600
vt 0.310000 0.480800
vt 0.399500 0.483800
vt 0.441100 0.496300
vt 0.482200 0.493300
vt 0.380100 0.594100
vt 0.403100 0.614500
vt 0.420300 0.592800
vt 0.326100 0.062000
vt 0.365900 0.036000
vt 0.414000 0.016100
vt 0.456000 0.039700
vt 0.489700 0.073900
vt 0.402700 0.015700
vt 0.403000 0.008200
vt 0.414300 0.008700
vt 0.536200 0.143300
vt 0.598700 0.156700
vt 0.590200 0.391800
vt 0.528000 0.379300
vt 0.643500 0.163000
vt 0.638900 0.384500
vt 0.699000 0.158100
vt 0.696900 0.392400
vt 0.748600 0.158800
vt 0.749500 0.384200
vt 0.593600 0.494600
vt 0.548100 0.480800
vt 0.637700 0.483800
vt 0.679300 0.496300
vt 0.720300 0.493300
vt 0.618200 0.594100
vt 0.641200 0.614500
vt 0.658400 0.592800
vt 0.564200 0.062000
vt 0.604000 0.036000
vt 0.652100 0.016100
vt 0.694200 0.039700
vt 0.727800 0.073900
vt 0.640800 0.015700
vt 0.641100 0.008200
vt 0.652500 0.008700
vt 0.536200 0.143300
vt 0.528000 0.379300
vt 0.590200 0.391800
vt 0.598700 0.156700
vt 0.638900 0.384500
vt 0.643500 0.163000
vt 0.699000 0.158100
vt 0.696900 0.392400
vt 0.748600 0.158800
vt 0.749500 0.384200
vt 0.548100 0.480800
vt 0.593600 0.494600
vt 0.637700 0.483800
vt 0.679300 0.496300
vt 0.720300 0.493300
vt 0.618200 0.594100
vt 0.641200 0.614500
vt 0.658400 0.592800
vt 0.564200 0.062000
vt 0.604000 0.036000
vt 0.694200 0.039700
vt 0.652100 0.016100
vt 0.727800 0.073900
vt 0.640800 0.015700
vt 0.652500 0.008700
vt 0.641100 0.008200
vt 0.298100 0.143300
vt 0.289900 0.379300
vt 0.352100 0.391800
vt 0.360500 0.156700
vt 0.400800 0.384500
vt 0.405300 0.163000
vt 0.460900 0.158100
vt 0.458800 0.392400
vt 0.510500 0.158800
vt 0.511400 0.384200
vt 0.310000 0.480800
vt 0.355400 0.494600
vt 0.399500 0.483800
vt 0.441100 0.496300
vt 0.482200 0.493300
vt 0.380100 0.594100
vt 0.403100 0.614500
vt 0.420300 0.592800
vt 0.326100 0.062000
vt 0.365900 0.036000
vt 0.456000 0.039700
vt 0.414000 0.016100
vt 0.489700 0.073900
vt 0.402700 0.015700
vt 0.414300 0.008700
vt 0.403000 0.008200
vt 0.298100 0.143300
vt 0.360500 0.156700
vt 0.352100 0.391800
vt 0.289900 0.379300
vt 0.405300 0.163000
vt 0.400800 0.384500
vt 0.460900 0.158100
vt 0.458800 0.392400
vt 0.510500 0.158800
vt 0.511400 0.384200
vt 0.355400 0.494600
vt 0.310000 0.480800
vt 0.399500 0.483800
vt 0.441100 0.496300
vt 0.482200 0.493300
vt 0.380100 0.594100
vt 0.403100 0.614500
vt 0.420300 0.592800
vt 0.326100 0.062000
vt 0.365900 0.036000
vt 0.414000 0.016100
vt 0.456000 0.039700
vt 0.489700 0.073900
vt 0.402700 0.015700
vt 0.403000 0.008200
vt 0.414300 0.008700
vt 0.536200 0.143300
vt 0.598700 0.156700
vt 0.590200 0.391800
vt 0.528000 0.379300
vt 0.643500 0.163000
vt 0.638900 0.384500
vt 0.699000 0.158100
vt 0.696900 0.392400
vt 0.748600 0.158800
vt 0.749500 0.384200
vt 0.593600 0.494600
vt 0.548100 0.480800
vt 0.637700 0.483800
vt 0.679300 0.496300
vt 0.720300 0.493300
vt 0.618200 0.594100
vt 0.641200 0.614500
vt 0.658400 0.592800
vt 0.564200 0.062000
vt 0.604000 0.036000
vt 0.652100 0.016100
vt 0.694200 0.039700
vt 0.727800 0.073900
vt 0.640800 0.015700
vt 0.641100 0.008200
vt 0.652500 0.008700
vt 0.536200 0.143300
vt 0.528000 0.379300
vt 0.590200 0.391800
vt 0.598700 0.156700
vt 0.638900 0.384500
vt 0.643500 0.163000
vt 0.699000 0.158100
vt 0.696900 0.392400
vt 0.748600 0.158800
vt 0.749500 0.384200
vt 0.548100 0.480800
vt 0.593600 0.494600
vt 0.637700 0.483800
vt 0.679300 0.496300
vt 0.720300 0.493300
vt 0.618200 0.594100
vt 0.641200 0.614500
vt 0.658400 0.592800
vt 0.564200 0.062000
vt 0.604000 0.036000
vt 0.694200 0.039700
vt 0.652100 0.016100
vt 0.727800 0.073900
vt 0.640800 0.015700
vt 0.652500 0.008700
vt 0.641100 0.008200
vt 0.298100 0.143300
vt 0.289900 0.379300
vt 0.352100 0.391800
vt 0.360500 0.156700
vt 0.400800 0.384500
vt 0.405300 0.163000
vt 0.460900 0.158100
vt 0.458800 0.392400
vt 0.510500 0.158800
vt 0.511400 0.384200
vt 0.310000 0.480800
vt 0.355400 0.494600
vt 0.399500 0.483800
vt 0.441100 0.496300
vt 0.482200 0.493300
vt 0.380100 0.594100
vt 0.403100 0.614500
vt 0.420300 0.592800
vt 0.326100 0.062000
vt 0.365900 0.036000
vt 0.456000 0.039700
vt 0.414000 0.016100
vt 0.489700 0.073900
vt 0.402700 0.015700
vt 0.414300 0.008700
vt 0.403000 0.008200
vt 0.298100 0.143300
vt 0.360500 0.156700
vt 0.352100 0.391800
vt 0.289900 0.379300
vt 0.405300 0.163000
vt 0.400800 0.384500
vt 0.460900 0.158100
vt 0.458800 0.392400
vt 0.510500 0.158800
vt 0.511400 0.384200
vt 0.355400 0.494600
vt 0.310000 0.480800
vt 0.399500 0.483800
vt 0.441100 0.496300
vt 0.482200 0.493300
vt 0.380100 0.594100
vt 0.403100 0.614500
vt 0.420300 0.592800
vt 0.326100 0.062000
vt 0.365900 0.036000
vt 0.414000 0.016100
vt 0.456000 0.039700
vt 0.489700 0.073900
vt 0.402700 0.015700
vt 0.403000 0.008200
vt 0.414300 0.008700
vt 0.298100 0.143300
vt 0.289900 0.379300
vt 0.352100 0.391800
vt 0.360500 0.156700
vt 0.400800 0.384500
vt 0.405300 0.163000
vt 0.460900 0.158100
vt 0.458800 0.392400
vt 0.510500 0.158800
vt 0.511400 0.384200
vt 0.310000 0.480800
vt 0.355400 0.494600
vt 0.399500 0.483800
vt 0.441100 0.496300
vt 0.482200 0.493300
vt 0.380100 0.594100
vt 0.403100 0.614500
vt 0.420300 0.592800
vt 0.326100 0.062000
vt 0.365900 0.036000
vt 0.456000 0.039700
vt 0.414000 0.016100
vt 0.489700 0.073900
vt 0.402700 0.015700
vt 0.414300 0.008700
vt 0.403000 0.008200
vt 0.298100 0.143300
vt 0.360500 0.156700
vt 0.352100 0.391800
vt 0.289900 0.379300
vt 0.405300 0.163000
vt 0.400800 0.384500
vt 0.460900 0.158100
vt 0.458800 0.392400
vt 0.510500 0.158800
vt 0.511400 0.384200
vt 0.355400 0.494600
vt 0.310000 0.480800
vt 0.399500 0.483800
vt 0.441100 0.496300
vt 0.482200 0.493300
vt 0.380100 0.594100
vt 0.403100 0.614500
vt 0.420300 0.592800
vt 0.326100 0.062000
vt 0.365900 0.036000
vt 0.414000 0.016100
vt 0.456000 0.039700
vt 0.489700 0.073900
vt 0.402700 0.015700
vt 0.403000 0.008200
vt 0.414300 0.008700
vt 0.536200 0.143300
vt 0.598700 0.156700
vt 0.590200 0.391800
vt 0.528000 0.379300
vt 0.643500 0.163000
vt 0.638900 0.384500
vt 0.699000 0.158100
vt 0.696900 0.392400
vt 0.748600 0.158800
vt 0.749500 0.384200
vt 0.593600 0.494600
vt 0.548100 0.480800
vt 0.637700 0.483800
vt 0.679300 0.496300
vt 0.720300 0.493300
vt 0.618200 0.594100
vt 0.641200 0.614500
vt 0.658400 0.592800
vt 0.564200 0.062000
vt 0.604000 0.036000
vt 0.652100 0.016100
vt 0.694200 0.039700
vt 0.727800 0.073900
vt 0.640800 0.015700
vt 0.641100 0.008200
vt 0.652500 0.008700
vt 0.536200 0.143300
vt 0.528000 0.379300
vt 0.590200 0.391800
vt 0.598700 0.156700
vt 0.638900 0.384500
vt 0.643500 0.163000
vt 0.699000 0.158100
vt 0.696900 0.392400
vt 0.748600 0.158800
vt 0.749500 0.384200
vt 0.548100 0.480800
vt 0.593600 0.494600
vt 0.637700 0.483800
vt 0.679300 0.496300
vt 0.720300 0.493300
vt 0.618200 0.594100
vt 0.641200 0.614500
vt 0.658400 0.592800
vt 0.564200 0.062000
vt 0.604000 0.036000
vt 0.694200 0.039700
vt 0.652100 0.016100
vt 0.727800 0.073900
vt 0.640800 0.015700
vt 0.652500 0.008700
vt 0.641100 0.008200
vt 0.298100 0.143300
vt 0.289900 0.379300
vt 0.352100 0.391800
vt 0.360500 0.156700
vt 0.400800 0.384500
vt 0.405300 0.163000
vt 0.460900 0.158100
vt 0.458800 0.392400
vt 0.510500 0.158800
vt 0.511400 0.384200
vt 0.310000 0.480800
vt 0.355400 0.494600
vt 0.399500 0.483800
vt 0.441100 0.496300
vt 0.482200 0.493300
vt 0.380100 0.594100
vt 0.403100 0.614500
vt 0.420300 0.592800
vt 0.326100 0.062000
vt 0.365900 0.036000
vt 0.456000 0.039700
vt 0.414000 0.016100
vt 0.489700 0.073900
vt 0.402700 0.015700
vt 0.414300 0.008700
vt 0.403000 0.008200
vt 0.298100 0.143300
vt 0.360500 0.156700
vt 0.352100 0.391800
vt 0.289900 0.379300
vt 0.405300 0.163000
vt 0.400800 0.384500
vt 0.460900 0.158100
vt 0.458800 0.392400
vt 0.510500 0.158800
vt 0.511400 0.384200
vt 0.355400 0.494600
vt 0.310000 0.480800
vt 0.399500 0.483800
vt 0.441100 0.496300
vt 0.482200 0.493300
vt 0.380100 0.594100
vt 0.403100 0.614500
vt 0.420300 0.592800
vt 0.326100 0.062000
vt 0.365900 0.036000
vt 0.414000 0.016100
vt 0.456000 0.039700
vt 0.489700 0.073900
vt 0.402700 0.015700
vt 0.403000 0.008200
vt 0.414300 0.008700
vt 0.536200 0.143300
vt 0.598700 0.156700
vt 0.590200 0.391800
vt 0.528000 0.379300
vt 0.643500 0.163000
vt 0.638900 0.384500
vt 0.699000 0.158100
vt 0.696900 0.392400
vt 0.748600 0.158800
vt 0.749500 0.384200
vt 0.593600 0.494600
vt 0.548100 0.480800
vt 0.637700 0.483800
vt 0.679300 0.496300
vt 0.720300 0.493300
vt 0.618200 0.594100
vt 0.641200 0.614500
vt 0.658400 0.592800
vt 0.564200 0.062000
vt 0.604000 0.036000
vt 0.652100 0.016100
vt 0.694200 0.039700
vt 0.727800 0.073900
vt 0.640800 0.015700
vt 0.641100 0.008200
vt 0.652500 0.008700
vt 0.536200 0.143300
vt 0.528000 0.379300
vt 0.590200 0.391800
vt 0.598700 0.156700
vt 0.638900 0.384500
vt 0.643500 0.163000
vt 0.699000 0.158100
vt 0.696900 0.392400
vt 0.748600 0.158800
vt 0.749500 0.384200
vt 0.548100 0.480800
vt 0.593600 0.494600
vt 0.637700 0.483800
vt 0.679300 0.496300
vt 0.720300 0.493300
vt 0.618200 0.594100
vt 0.641200 0.614500
vt 0.658400 0.592800
vt 0.564200 0.062000
vt 0.604000 0.036000
vt 0.694200 0.039700
vt 0.652100 0.016100
vt 0.727800 0.073900
vt 0.640800 0.015700
vt 0.652500 0.008700
vt 0.641100 0.008200
vt 0.298100 0.143300
vt 0.289900 0.379300
vt 0.352100 0.391800
vt 0.360500 0.156700
vt 0.400800 0.384500
vt 0.405300 0.163000
vt 0.460900 0.158100
vt 0.458800 0.392400
vt 0.510500 0.158800
vt 0.511400 0.384200
vt 0.310000 0.480800
vt 0.355400 0.494600
vt 0.399500 0.483800
vt 0.441100 0.496300
vt 0.482200 0.493300
vt 0.380100 0.594100
vt 0.403100 0.614500
vt 0.420300 0.592800
vt 0.326100 0.062000
vt 0.365900 0.036000
vt 0.456000 0.039700
vt 0.414000 0.016100
vt 0.489700 0.073900
vt 0.402700 0.015700
vt 0.414300 0.008700
vt 0.403000 0.008200
vt 0.298100 0.143300
vt 0.360500 0.156700
vt 0.352100 0.391800
vt 0.289900 0.379300
vt 0.405300 0.163000
vt 0.400800 0.384500
vt 0.460900 0.158100
vt 0.458800 0.392400
vt 0.510500 0.158800
vt 0.511400 0.384200
vt 0.355400 0.494600
vt 0.310000 0.480800
vt 0.399500 0.483800
vt 0.441100 0.496300
vt 0.482200 0.493300
vt 0.380100 0.594100
vt 0.403100 0.614500
vt 0.420300 0.592800
vt 0.326100 0.062000
vt 0.365900 0.036000
vt 0.414000 0.016100
vt 0.456000 0.039700
vt 0.489700 0.073900
vt 0.402700 0.015700
vt 0.403000 0.008200
vt 0.414300 0.008700
vt 0.298100 0.143300
vt 0.289900 0.379300
vt 0.352100 0.391800
vt 0.360500 0.156700
vt 0.400800 0.384500
vt 0.405300 0.163000
vt 0.460900 0.158100
vt 0.458800 0.392400
vt 0.510500 0.158800
vt 0.511400 0.384200
vt 0.310000 0.480800
vt 0.355400 0.494600
vt 0.399500 0.483800
vt 0.441100 0.496300
vt 0.482200 0.493300
vt 0.380100 0.594100
vt 0.403100 0.614500
vt 0.420300 0.592800
vt 0.326100 0.062000
vt 0.365900 0.036000
vt 0.456000 0.039700
vt 0.414000 0.016100
vt 0.489700 0.073900
vt 0.402700 0.015700
vt 0.414300 0.008700
vt 0.403000 0.008200
vt 0.298100 0.143300
vt 0.360500 0.156700
vt 0.352100 0.391800
vt 0.289900 0.379300
vt 0.405300 0.163000
vt 0.400800 0.384500
vt 0.460900 0.158100
vt 0.458800 0.392400
vt 0.510500 0.158800
vt 0.511400 0.384200
vt 0.355400 0.494600
vt 0.310000 0.480800
vt 0.399500 0.483800
vt 0.441100 0.496300
vt 0.482200 0.493300
vt 0.380100 0.594100
vt 0.403100 0.614500
vt 0.420300 0.592800
vt 0.326100 0.062000
vt 0.365900 0.036000
vt 0.414000 0.016100
vt 0.456000 0.039700
vt 0.489700 0.073900
vt 0.402700 0.015700
vt 0.403000 0.008200
vt 0.414300 0.008700
vt 0.536200 0.143300
vt 0.598700 0.156700
vt 0.590200 0.391800
vt 0.528000 0.379300
vt 0.643500 0.163000
vt 0.638900 0.384500
vt 0.699000 0.158100
vt 0.696900 0.392400
vt 0.748600 0.158800
vt 0.749500 0.384200
vt 0.593600 0.494600
vt 0.548100 0.480800
vt 0.637700 0.483800
vt 0.679300 0.496300
vt 0.720300 0.493300
vt 0.618200 0.594100
vt 0.641200 0.614500
vt 0.658400 0.592800
vt 0.564200 0.062000
vt 0.604000 0.036000
vt 0.652100 0.016100
vt 0.694200 0.039700
vt 0.727800 0.073900
vt 0.640800 0.015700
vt 0.641100 0.008200
vt 0.652500 0.008700
vt 0.536200 0.143300
vt 0.528000 0.379300
vt 0.590200 0.391800
vt 0.598700 0.156700
vt 0.638900 0.384500
vt 0.643500 0.163000
vt 0.699000 0.158100
vt 0.696900 0.392400
vt 0.748600 0.158800
vt 0.749500 0.384200
vt 0.548100 0.480800
vt 0.593600 0.494600
vt 0.637700 0.483800
vt 0.679300 0.496300
vt 0.720300 0.493300
vt 0.618200 0.594100
vt 0.641200 0.614500
vt 0.658400 0.592800
vt 0.564200 0.062000
vt 0.604000 0.036000
vt 0.694200 0.039700
vt 0.652100 0.016100
vt 0.727800 0.073900
vt 0.640800 0.015700
vt 0.652500 0.008700
vt 0.641100 0.008200
vt 0.298100 0.143300
vt 0.289900 0.379300
vt 0.352100 0.391800
vt 0.360500 0.156700
vt 0.400800 0.384500
vt 0.405300 0.163000
vt 0.460900 0.158100
vt 0.458800 0.392400
vt 0.510500 0.158800
vt 0.511400 0.384200
vt 0.310000 0.480800
vt 0.355400 0.494600
vt 0.399500 0.483800
vt 0.441100 0.496300
vt 0.482200 0.493300
vt 0.380100 0.594100
vt 0.403100 0.614500
vt 0.420300 0.592800
vt 0.326100 0.062000
vt 0.365900 0.036000
vt 0.456000 0.039700
vt 0.414000 0.016100
vt 0.489700 0.073900
vt 0.402700 0.015700
vt 0.414300 0.008700
vt 0.403000 0.008200
vt 0.298100 0.143300
vt 0.360500 0.156700
vt 0.352100 0.391800
vt 0.289900 0.379300
vt 0.405300 0.163000
vt 0.400800 0.384500
vt 0.460900 0.158100
vt 0.458800 0.392400
vt 0.510500 0.158800
vt 0.511400 0.384200
vt 0.355400 0.494600
vt 0.310000 0.480800
vt 0.399500 0.483800
vt 0.441100 0.496300
vt 0.482200 0.493300
vt 0.380100 0.594100
vt 0.403100 0.614500
vt 0.420300 0.592800
vt 0.326100 0.062000
vt 0.365900 0.036000
vt 0.414000 0.016100
vt 0.456000 0.039700
vt 0.489700 0.073900
vt 0.402700 0.015700
vt 0.403000 0.008200
vt 0.414300 0.008700
vt 0.536200 0.143300
vt 0.598700 0.156700
vt 0.590200 0.391800
vt 0.528000 0.379300
vt 0.643500 0.163000
vt 0.638900 0.384500
vt 0.699000 0.158100
vt 0.696900 0.392400
vt 0.748600 0.158800
vt 0.749500 0.384200
vt 0.593600 0.494600
vt 0.548100 0.480800
vt 0.637700 0.483800
vt 0.679300 0.496300
vt 0.720300 0.493300
vt 0.618200 0.594100
vt 0.641200 0.614500
vt 0.658400 0.592800
vt 0.564200 0.062000
vt 0.604000 0.036000
vt 0.652100 0.016100
vt 0.694200 0.039700
vt 0.727800 0.073900
vt 0.640800 0.015700
vt 0.641100 0.008200
vt 0.652500 0.008700
vt 0.536200 0.143300
vt 0.528000 0.379300
vt 0.590200 0.391800
vt 0.598700 0.156700
vt 0.638900 0.384500
vt 0.643500 0.163000
vt 0.699000 0.158100
vt 0.696900 0.392400
vt 0.748600 0.158800
vt 0.749500 0.384200
vt 0.548100 0.480800
vt 0.593600 0.494600
vt 0.637700 0.483800
vt 0.679300 0.496300
vt 0.720300 0.493300
vt 0.618200 0.594100
vt 0.641200 0.614500
vt 0.658400 0.592800
vt 0.564200 0.062000
vt 0.604000 0.036000
vt 0.694200 0.039700
vt 0.652100 0.016100
vt 0.727800 0.073900
vt 0.640800 0.015700
vt 0.652500 0.008700
vt 0.641100 0.008200
vt 0.536200 0.143300
vt 0.598700 0.156700
vt 0.590200 0.391800
vt 0.528000 0.379300
vt 0.643500 0.163000
vt 0.638900 0.384500
vt 0.699000 0.158100
vt 0.696900 0.392400
vt 0.748600 0.158800
vt 0.749500 0.384200
vt 0.593600 0.494600
vt 0.548100 0.480800
vt 0.637700 0.483800
vt 0.679300 0.496300
vt 0.720300 0.493300
vt 0.618200 0.594100
vt 0.641200 0.614500
vt 0.658400 0.592800
vt 0.564200 0.062000
vt 0.604000 0.036000
vt 0.652100 0.016100
vt 0.694200 0.039700
vt 0.727800 0.073900
vt 0.640800 0.015700
vt 0.641100 0.008200
vt 0.652500 0.008700
vt 0.536200 0.143300
vt 0.528000 0.379300
vt 0.590200 0.391800
vt 0.598700 0.156700
vt 0.638900 0.384500
vt 0.643500 0.163000
vt 0.699000 0.158100
vt 0.696900 0.392400
vt 0.748600 0.158800
vt 0.749500 0.384200
vt 0.548100 0.480800
vt 0.593600 0.494600
vt 0.637700 0.483800
vt 0.679300 0.496300
vt 0.720300 0.493300
vt 0.618200 0.594100
vt 0.641200 0.614500
vt 0.658400 0.592800
vt 0.564200 0.062000
vt 0.604000 0.036000
vt 0.694200 0.039700
vt 0.652100 0.016100
vt 0.727800 0.073900
vt 0.640800 0.015700
vt 0.652500 0.008700
vt 0.641100 0.008200
vt 0.298100 0.143300
vt 0.289900 0.379300
vt 0.352100 0.391800
vt 0.360500 0.156700
vt 0.400800 0.384500
vt 0.405300 0.163000
vt 0.460900 0.158100
vt 0.458800 0.392400
vt 0.510500 0.158800
vt 0.511400 0.384200
vt 0.310000 0.480800
vt 0.355400 0.494600
vt 0.399500 0.483800
vt 0.441100 0.496300
vt 0.482200 0.493300
vt 0.380100 0.594100
vt 0.403100 0.614500
vt 0.420300 0.592800
vt 0.326100 0.062000
vt 0.365900 0.036000
vt 0.456000 0.039700
vt 0.414000 0.016100
vt 0.489700 0.073900
vt 0.402700 0.015700
vt 0.414300 0.008700
vt 0.403000 0.008200
vt 0.298100 0.143300
vt 0.360500 0.156700
vt 0.352100 0.391800
vt 0.289900 0.379300
vt 0.405300 0.163000
vt 0.400800 0.384500
vt 0.460900 0.158100
vt 0.458800 0.392400
vt 0.510500 0.158800
vt 0.511400 0.384200
vt 0.355400 0.494600
vt 0.310000 0.480800
vt 0.399500 0.483800
vt 0.441100 0.496300
vt 0.482200 0.493300
vt 0.380100 0.594100
vt 0.403100 0.614500
vt 0.420300 0.592800
vt 0.326100 0.062000
vt 0.365900 0.036000
vt 0.414000 0.016100
vt 0.456000 0.039700
vt 0.489700 0.073900
vt 0.402700 0.015700
vt 0.403000 0.008200
vt 0.414300 0.008700
vt 0.298100 0.143300
vt 0.289900 0.379300
vt 0.352100 0.391800
vt 0.360500 0.156700
vt 0.400800 0.384500
vt 0.405300 0.163000
vt 0.460900 0.158100
vt 0.458800 0.392400
vt 0.510500 0.158800
vt 0.511400 0.384200
vt 0.310000 0.480800
vt 0.355400 0.494600
vt 0.399500 0.483800
vt 0.441100 0.496300
vt 0.482200 0.493300
vt 0.380100 0.594100
vt 0.403100 0.614500
vt 0.420300 0.592800
vt 0.326100 0.062000
vt 0.365900 0.036000
vt 0.456000 0.039700
vt 0.414000 0.016100
vt 0.489700 0.073900
vt 0.402700 0.015700
vt 0.414300 0.008700
vt 0.403000 0.008200
vt 0.298100 0.143300
vt 0.360500 0.156700
vt 0.352100 0.391800
vt 0.289900 0.379300
vt 0.405300 0.163000
vt 0.400800 0.384500
vt 0.460900 0.158100
vt 0.458800 0.392400
vt 0.510500 0.158800
vt 0.511400 0.384200
vt 0.355400 0.494600
vt 0.310000 0.480800
vt 0.399500 0.483800
vt 0.441100 0.496300
vt 0.482200 0.493300
vt 0.380100 0.594100
vt 0.403100 0.614500
vt 0.420300 0.592800
vt 0.326100 0.062000
vt 0.365900 0.036000
vt 0.414000 0.016100
vt 0.456000 0.039700
vt 0.489700 0.073900
vt 0.402700 0.015700
vt 0.403000 0.008200
vt 0.414300 0.008700
vt 0.536200 0.143300
vt 0.598700 0.156700
vt 0.590200 0.391800
vt 0.528000 0.379300
vt 0.643500 0.163000
vt 0.638900 0.384500
vt 0.699000 0.158100
vt 0.696900 0.392400
vt 0.748600 0.158800
vt 0.749500 0.384200
vt 0.593600 0.494600
vt 0.548100 0.480800
vt 0.637700 0.483800
vt 0.679300 0.496300
vt 0.720300 0.493300
vt 0.618200 0.594100
vt 0.641200 0.614500
vt 0.658400 0.592800
vt 0.564200 0.062000
vt 0.604000 0.036000
vt 0.652100 0.016100
vt 0.694200 0.039700
vt 0.727800 0.073900
vt 0.640800 0.015700
vt 0.641100 0.008200
vt 0.652500 0.008700
vt 0.536200 0.143300
vt 0.528000 0.379300
vt 0.590200 0.391800
vt 0.598700 0.156700
vt 0.638900 0.384500
vt 0.643500 0.163000
vt 0.699000 0.158100
vt 0.696900 0.392400
vt 0.748600 0.158800
vt 0.749500 0.384200
vt 0.548100 0.480800
vt 0.593600 0.494600
vt 0.637700 0.483800
vt 0.679300 0.496300
vt 0.720300 0.493300
vt 0.618200 0.594100
vt 0.641200 0.614500
vt 0.658400 0.592800
vt 0.564200 0.062000
vt 0.604000 0.036000
vt 0.694200 0.039700
vt 0.652100 0.016100
vt 0.727800 0.073900
vt 0.640800 0.015700
vt 0.652500 0.008700
vt 0.641100 0.008200
vt 0.518200 0.491800
vt 0.600300 0.612900
vt 0.518200 0.627800
vt 0.436100 0.612900
vt 0.600300 0.612900
vt 0.518200 0.627800
vt 0.436100 0.612900
vt 0.600300 0.612900
vt 0.518200 0.627800
vt 0.436100 0.612900
vt 0.617800 0.732100
vt 0.518200 0.732000
vt 0.418600 0.732100
vt 0.617800 0.732100
vt 0.518200 0.732000
vt 0.418600 0.732100
vt 0.617800 0.732100
vt 0.518200 0.732000
vt 0.418600 0.732100
vt 0.518200 0.979800
vt 0.518200 0.903100
vt 0.556700 0.912600
vt 0.479600 0.912600
vt 0.518200 0.903100
vt 0.556700 0.912600
vt 0.479600 0.912600
vt 0.518200 0.903100
vt 0.556700 0.912600
vt 0.479600 0.912600
vt 0.601300 0.835400
vt 0.518200 0.821400
vt 0.435100 0.835400
vt 0.601300 0.835400
vt 0.518200 0.821400
vt 0.435100 0.835400
vt 0.601300 0.835400
vt 0.518200 0.821400
vt 0.435100 0.835400
vt 0.518200 0.491800
vt 0.600300 0.612900
vt 0.518200 0.627800
vt 0.436100 0.612900
vt 0.600300 0.612900
vt 0.518200 0.627800
vt 0.436100 0.612900
vt 0.600300 0.612900
vt 0.518200 0.627800
vt 0.436100 0.612900
vt 0.617800 0.732100
vt 0.518200 0.732000
vt 0.418600 0.732100
vt 0.617800 0.732100
vt 0.518200 0.732000
vt 0.418600 0.732100
vt 0.617800 0.732100
vt 0.518200 0.732000
vt 0.418600 0.732100
vt 0.518200 0.979800
vt 0.518200 0.903100
vt 0.556700 0.912600
vt 0.479600 0.912600
vt 0.518200 0.903100
vt 0.556700 0.912600
vt 0.479600 0.912600
vt 0.518200 0.903100
vt 0.556700 0.912600
vt 0.479600 0.912600
vt 0.601300 0.835400
vt 0.518200 0.821400
vt 0.435100 0.835400
vt 0.601300 0.835400
vt 0.518200 0.821400
vt 0.435100 0.835400
vt 0.601300 0.835400
vt 0.518200 0.821400
vt 0.435100 0.835400
vt 0.518200 0.491800
vt 0.600300 0.612900
vt 0.518200 0.627800
vt 0.436100 0.612900
vt 0.600300 0.612900
vt 0.518200 0.627800
vt 0.436100 0.612900
vt 0.600300 0.612900
vt 0.518200 0.627800
vt 0.436100 0.612900
vt 0.617800 0.732100
vt 0.518200 0.732000
vt 0.418600 0.732100
vt 0.617800 0.732100
vt 0.518200 0.732000
vt 0.418600 0.732100
vt 0.617800 0.732100
vt 0.518200 0.732000
vt 0.418600 0.732100
vt 0.518200 0.979800
vt 0.518200 0.903100
vt 0.556700 0.912600
vt 0.479600 0.912600
vt 0.518200 0.903100
vt 0.556700 0.912600
vt 0.479600 0.912600
vt 0.518200 0.903100
vt 0.556700 0.912600
vt 0.479600 0.912600
vt 0.601300 0.835400
vt 0.518200 0.821400
vt 0.435100 0.835400
vt 0.601300 0.835400
vt 0.518200 0.821400
vt 0.435100 0.835400
vt 0.601300 0.835400
vt 0.518200 0.821400
vt 0.435100 0.835400
vt 0.518200 0.491800
vt 0.600300 0.612900
vt 0.518200 0.627800
vt 0.436100 0.612900
vt 0.600300 0.612900
vt 0.518200 0.627800
vt 0.436100 0.612900
vt 0.600300 0.612900
vt 0.518200 0.627800
vt 0.436100 0.612900
vt 0.617800 0.732100
vt 0.518200 0.732000
vt 0.418600 0.732100
vt 0.617800 0.732100
vt 0.518200 0.732000
vt 0.418600 0.732100
vt 0.617800 0.732100
vt 0.518200 0.732000
vt 0.418600 0.732100
vt 0.518200 0.979800
vt 0.518200 0.903100
vt 0.556700 0.912600
vt 0.479600 0.912600
vt 0.518200 0.903100
vt 0.556700 0.912600
vt 0.479600 0.912600
vt 0.518200 0.903100
vt 0.556700 0.912600
vt 0.479600 0.912600
vt 0.601300 0.835400
vt 0.518200 0.821400
vt 0.435100 0.835400
vt 0.601300 0.835400
vt 0.518200 0.821400
vt 0.435100 0.835400
vt 0.601300 0.835400
vt 0.518200 0.821400
vt 0.435100 0.835400
vt 0.518200 0.491800
vt 0.600300 0.612900
vt 0.518200 0.627800
vt 0.436100 0.612900
vt 0.600300 0.612900
vt 0.518200 0.627800
vt 0.436100 0.612900
vt 0.600300 0.612900
vt 0.518200 0.627800
vt 0.436100 0.612900
vt 0.617800 0.732100
vt 0.518200 0.732000
vt 0.418600 0.732100
vt 0.617800 0.732100
vt 0.518200 0.732000
vt 0.418600 0.732100
vt 0.617800 0.732100
vt 0.518200 0.732000
vt 0.418600 0.732100
vt 0.518200 0.979800
vt 0.518200 0.903100
vt 0.556700 0.912600
vt 0.479600 0.912600
vt 0.518200 0.903100
vt 0.556700 0.912600
vt 0.479600 0.912600
vt 0.518200 0.903100
vt 0.556700 0.912600
vt 0.479600 0.912600
vt 0.601300 0.835400
vt 0.518200 0.821400
vt 0.435100 0.835400
vt 0.601300 0.835400
vt 0.518200 0.821400
vt 0.435100 0.835400
vt 0.601300 0.835400
vt 0.518200 0.821400
vt 0.435100 0.835400
vt 0.518200 0.491800
vt 0.600300 0.612900
vt 0.518200 0.627800
vt 0.436100 0.612900
vt 0.600300 0.612900
vt 0.518200 0.627800
vt 0.436100 0.612900
vt 0.600300 0.612900
vt 0.518200 0.627800
vt 0.436100 0.612900
vt 0.617800 0.732100
vt 0.518200 0.732000
vt 0.418600 0.732100
vt 0.617800 0.732100
vt 0.518200 0.732000
vt 0.418600 0.732100
vt 0.617800 0.732100
vt 0.518200 0.732000
vt 0.418600 0.732100
vt 0.518200 0.979800
vt 0.518200 0.903100
vt 0.556700 0.912600
vt 0.479600 0.912600
vt 0.518200 0.903100
vt 0.556700 0.912600
vt 0.479600 0.912600
vt 0.518200 0.903100
vt 0.556700 0.912600
vt 0.479600 0.912600
vt 0.601300 0.835400
vt 0.518200 0.821400
vt 0.435100 0.835400
vt 0.601300 0.835400
vt 0.518200 0.821400
vt 0.435100 0.835400
vt 0.601300 0.835400
vt 0.518200 0.821400
vt 0.435100 0.835400
vn -0.7057 0.0532 0.7065
vn 0.7076 0.0602 0.7040
vn 0.6780 -0.0487 0.7334
vn -0.6478 -0.0994 0.7553
vn 0.7072 0.0613 -0.7044
vn 0.6779 -0.0325 -0.7344
vn -0.7053 0.0542 -0.7068
vn -0.6480 -0.0972 -0.7554
vn -0.0912 0.1903 0.9775
vn 0.6401 -0.2670 0.7204
vn -0.7202 0.1832 0.6691
vn 0.6744 -0.1107 -0.7300
vn -0.0311 0.2206 -0.9749
vn -0.6410 0.3121 -0.7012
vn -0.5113 -0.2820 -0.8118
vn 0.6839 0.4654 -0.5618
vn -0.6921 -0.3423 0.6355
vn 0.4646 0.4025 0.7888
vn -0.3326 -0.5268 -0.7822
vn 0.6304 0.5432 -0.5546
vn -0.6699 -0.3652 0.6465
vn 0.2907 0.5924 0.7514
vn 0.7334 -0.3184 0.6006
vn -0.7106 -0.0091 0.7036
vn 0.7261 0.0637 -0.6847
vn -0.5490 0.4713 -0.6903
vn 0.0959 0.8895 0.4467
vn -0.7488 0.5680 -0.3415
vn -0.9652 -0.1941 -0.1753
vn -0.3051 -0.6538 0.6924
vn -0.3470 -0.7022 0.6217
vn -0.9074 0.0983 -0.4086
vn 0.9458 0.0913 0.3116
vn 0.9220 0.0042 0.3871
vn -0.1050 0.6057 -0.7888
vn 0.2967 0.7513 -0.5895
vn -0.2663 -0.8630 0.4292
vn -0.9227 0.1898 -0.3355
vn 0.9244 0.0092 0.3812
vn 0.2239 0.9022 -0.3687
vn -0.2982 0.2926 0.9086
vn 0.8844 -0.4372 0.1632
vn -0.0586 -0.6377 -0.7680
vn 0.1507 -0.7648 -0.6264
vn 0.9030 -0.1353 0.4078
vn -0.8843 0.3007 -0.3572
vn -0.8872 0.2422 -0.3927
vn 0.0844 0.6493 0.7559
vn -0.0888 0.8035 0.5886
vn 0.0339 -0.9026 -0.4292
vn 0.9404 -0.0555 0.3355
vn -0.8906 0.2481 -0.3812
vn 0.0172 0.9294 0.3687
vn 0.3638 0.2054 -0.9085
vn 0.9018 0.0006 -0.4322
vn -0.2780 -0.5074 -0.8156
vn 0.0018 -0.5393 -0.8421
vn 0.9584 0.2493 -0.1386
vn -0.9686 -0.1002 0.2276
vn -0.9722 -0.1494 0.1801
vn 0.2868 0.5308 0.7975
vn 0.0108 0.6058 0.7956
vn 0.0705 -0.7354 -0.6739
vn 0.9198 0.3446 -0.1878
vn -0.9701 -0.1469 0.1931
vn -0.0751 0.7890 0.6098
vn -0.3102 0.4451 -0.8400
vn -0.0855 -0.4372 0.8953
vn 0.7600 -0.6377 -0.1253
vn 0.6371 -0.7648 0.0955
vn -0.3276 -0.1353 0.9351
vn 0.2788 0.3007 -0.9121
vn 0.3138 0.2422 -0.9181
vn -0.7456 0.6493 0.1500
vn -0.5941 0.8035 -0.0372
vn 0.4306 -0.9026 -0.0037
vn -0.2522 -0.0555 0.9661
vn 0.3022 0.2481 -0.9204
vn -0.3658 0.9294 0.0493
vn 0.9368 0.2054 0.2832
vn -0.0471 -0.5822 0.8117
vn 0.9676 0.0806 0.2392
vn 0.9054 -0.1440 0.3994
vn -0.4245 -0.5378 0.7284
vn 0.2701 0.6173 -0.7389
vn 0.3352 0.6005 -0.7260
vn -0.9749 -0.0688 -0.2117
vn -0.9249 0.1860 -0.3315
vn 0.9050 -0.3547 0.2348
vn -0.4433 -0.4387 0.7817
vn 0.3245 0.5975 -0.7333
vn -0.8983 0.4057 -0.1688
vn 0.3513 0.6979 0.6241
vn -0.8015 -0.5139 -0.3058
vn -0.8570 -0.3886 -0.3383
vn -0.7895 -0.3144 -0.5271
vn -0.7146 -0.4863 -0.5029
vn -0.7439 -0.3254 -0.5837
vn -0.6804 -0.4674 -0.5644
vn -0.6864 -0.4499 -0.5714
vn -0.7572 -0.3502 -0.5514
vn -0.5978 -0.3823 -0.7046
vn -0.6504 -0.3679 -0.6646
vn -0.8847 -0.2539 -0.3911
vn -0.8089 -0.2123 -0.5482
vn -0.7856 -0.2256 -0.5761
vn -0.8953 -0.2586 -0.3628
vn -0.8693 -0.2814 -0.4063
vn -0.8515 -0.1881 -0.4895
vn -0.7348 -0.2365 -0.6358
vn -0.7570 -0.2629 -0.5981
vn -0.7552 -0.5604 -0.3400
vn -0.6049 -0.5164 -0.6061
vn -0.7345 -0.5562 -0.3888
vn -0.6597 -0.5508 -0.5113
vn -0.6966 -0.5031 -0.5115
vn -0.5988 -0.5260 -0.6040
vn -0.6144 -0.5526 -0.5632
vn 0.8015 0.5139 0.3058
vn 0.7146 0.4863 0.5028
vn 0.7895 0.3144 0.5271
vn 0.8570 0.3886 0.3383
vn 0.6805 0.4674 0.5644
vn 0.7439 0.3254 0.5837
vn 0.6864 0.4499 0.5714
vn 0.7572 0.3502 0.5514
vn 0.5978 0.3823 0.7046
vn 0.6503 0.3679 0.6646
vn 0.8089 0.2123 0.5482
vn 0.8846 0.2539 0.3911
vn 0.7856 0.2256 0.5761
vn 0.8953 0.2586 0.3627
vn 0.8694 0.2814 0.4062
vn 0.8515 0.1881 0.4894
vn 0.7348 0.2365 0.6357
vn 0.7570 0.2630 0.5982
vn 0.7552 0.5604 0.3401
vn 0.6049 0.5164 0.6061
vn 0.6597 0.5508 0.5112
vn 0.7345 0.5562 0.3888
vn 0.6966 0.5031 0.5115
vn 0.5988 0.5260 0.6039
vn 0.6144 0.5526 0.5632
vn 0.7805 0.4864 0.3926
vn 0.6580 0.4898 0.5719
vn 0.7107 0.3171 0.6280
vn 0.8172 0.3623 0.4482
vn 0.6119 0.4812 0.6277
vn 0.6571 0.3384 0.6736
vn 0.6148 0.4643 0.6375
vn 0.6782 0.3580 0.6418
vn 0.4981 0.4205 0.7584
vn 0.5553 0.3974 0.7306
vn 0.7162 0.2173 0.6632
vn 0.8221 0.2334 0.5193
vn 0.6898 0.2356 0.6846
vn 0.8380 0.2338 0.4931
vn 0.8070 0.2637 0.5283
vn 0.7659 0.1829 0.6163
vn 0.6305 0.2575 0.7322
vn 0.6615 0.2774 0.6968
vn 0.7336 0.5401 0.4125
vn 0.5353 0.5405 0.6491
vn 0.6090 0.5588 0.5629
vn 0.7043 0.5435 0.4567
vn 0.6405 0.5089 0.5752
vn 0.5306 0.5502 0.6448
vn 0.5556 0.5703 0.6050
vn -0.7806 -0.4864 -0.3926
vn -0.8172 -0.3623 -0.4482
vn -0.7107 -0.3171 -0.6280
vn -0.6581 -0.4898 -0.5719
vn -0.6571 -0.3384 -0.6736
vn -0.6119 -0.4812 -0.6277
vn -0.6148 -0.4643 -0.6375
vn -0.6782 -0.3580 -0.6418
vn -0.4981 -0.4205 -0.7584
vn -0.5553 -0.3974 -0.7306
vn -0.8221 -0.2334 -0.5193
vn -0.7162 -0.2173 -0.6632
vn -0.6897 -0.2356 -0.6846
vn -0.8379 -0.2338 -0.4931
vn -0.8070 -0.2637 -0.5283
vn -0.7660 -0.1829 -0.6163
vn -0.6305 -0.2575 -0.7323
vn -0.6614 -0.2774 -0.6968
vn -0.7336 -0.5401 -0.4125
vn -0.5353 -0.5405 -0.6491
vn -0.7043 -0.5435 -0.4567
vn -0.6089 -0.5588 -0.5629
vn -0.6405 -0.5089 -0.5752
vn -0.5306 -0.5502 -0.6448
vn -0.5557 -0.5703 -0.6049
vn -0.5557 -0.5703 -0.6050
vn -0.7643 -0.5343 0.3612
vn -0.8252 -0.4103 0.3881
vn -0.9204 -0.3254 0.2166
vn -0.8528 -0.4949 0.1669
vn -0.9321 -0.3322 0.1443
vn -0.8757 -0.4720 0.1016
vn -0.8849 -0.4545 0.1023
vn -0.9170 -0.3589 0.1742
vn -0.9246 -0.3778 -0.0483
vn -0.9299 -0.3673 0.0183
vn -0.8826 -0.2748 0.3815
vn -0.9489 -0.2235 0.2229
vn -0.9541 -0.2347 0.1862
vn -0.8686 -0.2811 0.4080
vn -0.8837 -0.3010 0.3584
vn -0.9335 -0.2036 0.2953
vn -0.9645 -0.2409 0.1081
vn -0.9515 -0.2698 0.1481
vn -0.7589 -0.5774 0.3011
vn -0.8565 -0.5160 0.0147
vn -0.7814 -0.5703 0.2535
vn -0.8225 -0.5567 0.1166
vn -0.8473 -0.5105 0.1467
vn -0.8508 -0.5254 0.0110
vn -0.8309 -0.5543 0.0483
vn 0.7643 0.5343 -0.3612
vn 0.8528 0.4949 -0.1669
vn 0.9204 0.3254 -0.2166
vn 0.8252 0.4103 -0.3882
vn 0.8757 0.4720 -0.1015
vn 0.9321 0.3322 -0.1443
vn 0.8849 0.4545 -0.1023
vn 0.9170 0.3589 -0.1742
vn 0.9246 0.3778 0.0483
vn 0.9299 0.3673 -0.0183
vn 0.9489 0.2235 -0.2229
vn 0.8826 0.2748 -0.3815
vn 0.9541 0.2347 -0.1862
vn 0.8686 0.2811 -0.4080
vn 0.8837 0.3010 -0.3584
vn 0.9335 0.2036 -0.2953
vn 0.9645 0.2409 -0.1081
vn 0.9514 0.2698 -0.1482
vn 0.7589 0.5774 -0.3011
vn 0.8565 0.5160 -0.0147
vn 0.8225 0.5567 -0.1166
vn 0.7814 0.5703 -0.2535
vn 0.8473 0.5105 -0.1467
vn 0.8508 0.5254 -0.0110
vn 0.8309 0.5543 -0.0483
vn -0.8588 0.5013 -0.1058
vn -0.7728 0.5614 -0.2959
vn -0.8286 0.4051 -0.3865
vn -0.9006 0.3930 -0.1856
vn -0.7378 0.5716 -0.3591
vn -0.7855 0.4420 -0.4332
vn -0.7419 0.5576 -0.3724
vn -0.8008 0.4508 -0.3942
vn -0.6487 0.5567 -0.5189
vn -0.6986 0.5224 -0.4890
vn -0.8369 0.3177 -0.4458
vn -0.9140 0.2868 -0.2869
vn -0.8157 0.3431 -0.4658
vn -0.9246 0.2791 -0.2592
vn -0.9021 0.3196 -0.2898
vn -0.8755 0.2681 -0.4021
vn -0.7674 0.3816 -0.5152
vn -0.7918 0.3889 -0.4709
vn -0.8185 0.5621 -0.1183
vn -0.6690 0.6408 -0.3767
vn -0.7256 0.6298 -0.2773
vn -0.7983 0.5793 -0.1643
vn -0.7569 0.5821 -0.2969
vn -0.6639 0.6494 -0.3707
vn -0.6816 0.6564 -0.3234
vn 0.8588 -0.5012 0.1058
vn 0.9006 -0.3930 0.1856
vn 0.8286 -0.4051 0.3865
vn 0.7728 -0.5614 0.2959
vn 0.7855 -0.4420 0.4332
vn 0.7378 -0.5716 0.3591
vn 0.7419 -0.5576 0.3724
vn 0.8008 -0.4508 0.3942
vn 0.6487 -0.5567 0.5189
vn 0.6986 -0.5224 0.4889
vn 0.9140 -0.2868 0.2869
vn 0.8369 -0.3177 0.4458
vn 0.8157 -0.3431 0.4657
vn 0.9246 -0.2791 0.2592
vn 0.9021 -0.3196 0.2898
vn 0.8755 -0.2682 0.4021
vn 0.7674 -0.3816 0.5152
vn 0.7918 -0.3889 0.4709
vn 0.8185 -0.5621 0.1183
vn 0.6690 -0.6408 0.3767
vn 0.7984 -0.5793 0.1643
vn 0.7256 -0.6298 0.2773
vn 0.7569 -0.5821 0.2970
vn 0.6639 -0.6495 0.3708
vn 0.6817 -0.6564 0.3233
vn 0.8534 -0.5213 -0.0027
vn 0.9154 -0.4009 0.0359
vn 0.8990 -0.3625 0.2456
vn 0.8204 -0.5311 0.2117
vn 0.8696 -0.3849 0.3091
vn 0.8033 -0.5243 0.2823
vn 0.8109 -0.5080 0.2905
vn 0.8741 -0.4034 0.2707
vn 0.7598 -0.4678 0.4515
vn 0.8002 -0.4446 0.4025
vn 0.9557 -0.2758 0.1025
vn 0.9232 -0.2647 0.2785
vn 0.9079 -0.2835 0.3086
vn 0.9587 -0.2753 0.0720
vn 0.9449 -0.3062 0.1160
vn 0.9491 -0.2291 0.2160
vn 0.8743 -0.3065 0.3764
vn 0.8861 -0.3253 0.3303
vn 0.8175 -0.5750 0.0337
vn 0.7412 -0.5830 0.3327
vn 0.8101 -0.5799 0.0860
vn 0.7696 -0.5986 0.2225
vn 0.8053 -0.5499 0.2217
vn 0.7347 -0.5924 0.3305
vn 0.7392 -0.6110 0.2831
vn -0.8534 0.5213 0.0026
vn -0.8204 0.5311 -0.2118
vn -0.8990 0.3625 -0.2456
vn -0.9154 0.4009 -0.0359
vn -0.8033 0.5243 -0.2823
vn -0.8696 0.3849 -0.3091
vn -0.8109 0.5080 -0.2905
vn -0.8741 0.4033 -0.2707
vn -0.7598 0.4679 -0.4515
vn -0.8002 0.4446 -0.4025
vn -0.9232 0.2647 -0.2785
vn -0.9557 0.2758 -0.1025
vn -0.9079 0.2835 -0.3086
vn -0.9587 0.2752 -0.0720
vn -0.9449 0.3062 -0.1160
vn -0.9492 0.2290 -0.2159
vn -0.8743 0.3065 -0.3764
vn -0.8860 0.3253 -0.3304
vn -0.8175 0.5750 -0.0337
vn -0.7412 0.5830 -0.3327
vn -0.7695 0.5986 -0.2226
vn -0.8101 0.5799 -0.0861
vn -0.8053 0.5499 -0.2217
vn -0.7347 0.5924 -0.3306
vn -0.7393 0.6110 -0.2830
vn 0.5976 -0.4248 -0.6800
vn 0.6675 -0.3025 -0.6804
vn 0.8060 -0.2855 -0.5185
vn 0.7284 -0.4577 -0.5098
vn 0.8313 -0.3166 -0.4569
vn 0.7670 -0.4593 -0.4480
vn 0.7780 -0.4431 -0.4454
vn 0.8070 -0.3309 -0.4892
vn 0.8575 -0.4235 -0.2922
vn 0.8503 -0.3917 -0.3515
vn 0.7422 -0.1805 -0.6454
vn 0.8456 -0.1891 -0.4992
vn 0.8567 -0.2121 -0.4701
vn 0.7224 -0.1768 -0.6685
vn 0.7446 -0.2130 -0.6326
vn 0.8185 -0.1452 -0.5558
vn 0.8820 -0.2447 -0.4027
vn 0.8574 -0.2578 -0.4455
vn 0.5991 -0.4851 -0.6370
vn 0.7604 -0.5286 -0.3773
vn 0.6316 -0.4956 -0.5963
vn 0.7012 -0.5309 -0.4759
vn 0.7251 -0.4788 -0.4949
vn 0.7543 -0.5384 -0.3757
vn 0.7238 -0.5521 -0.4140
vn -0.5976 0.4248 0.6800
vn -0.7284 0.4577 0.5098
vn -0.8060 0.2855 0.5185
vn -0.6675 0.3025 0.6804
vn -0.7670 0.4593 0.4480
vn -0.8313 0.3166 0.4569
vn -0.7780 0.4431 0.4454
vn -0.8070 0.3309 0.4892
vn -0.8575 0.4235 0.2922
vn -0.8503 0.3917 0.3515
vn -0.8456 0.1891 0.4992
vn -0.7422 0.1805 0.6454
vn -0.8567 0.2121 0.4701
vn -0.7224 0.1768 0.6685
vn -0.7446 0.2129 0.6326
vn -0.8186 0.1453 0.5557
vn -0.8821 0.2447 0.4026
vn -0.8574 0.2578 0.4455
vn -0.5991 0.4851 0.6370
vn -0.7604 0.5286 0.3773
vn -0.7012 0.5309 0.4759
vn -0.6316 0.4956 0.5963
vn -0.7251 0.4788 0.4949
vn -0.7543 0.5384 0.3757
vn -0.7236 0.5520 0.4144
vn 0.6581 0.4898 0.5719
vn 0.4981 0.4205 0.7583
vn 0.8071 0.2637 0.5283
vn 0.7660 0.1829 0.6163
vn 0.5306 0.5502 0.6447
vn -0.6898 -0.2356 -0.6846
vn -0.8380 -0.2338 -0.4931
vn -0.8071 -0.2637 -0.5283
vn -0.6615 -0.2774 -0.6968
vn 0.2850 -0.5343 -0.7958
vn 0.3090 -0.4103 -0.8580
vn 0.4977 -0.3254 -0.8040
vn 0.4850 -0.4949 -0.7210
vn 0.5571 -0.3322 -0.7611
vn 0.5474 -0.4720 -0.6910
vn 0.5533 -0.4545 -0.6980
vn 0.5252 -0.3589 -0.7716
vn 0.6880 -0.3778 -0.6197
vn 0.6446 -0.3673 -0.6705
vn 0.3543 -0.2748 -0.8938
vn 0.5133 -0.2235 -0.8286
vn 0.5429 -0.2347 -0.8063
vn 0.3257 -0.2811 -0.9027
vn 0.3715 -0.3010 -0.8783
vn 0.4513 -0.2036 -0.8688
vn 0.6056 -0.2409 -0.7584
vn 0.5681 -0.2698 -0.7775
vn 0.3237 -0.5774 -0.7496
vn 0.5952 -0.5160 -0.6160
vn 0.3733 -0.5703 -0.7318
vn 0.4983 -0.5567 -0.6647
vn 0.4954 -0.5105 -0.7028
vn 0.5937 -0.5255 -0.6094
vn 0.5534 -0.5543 -0.6217
vn -0.2850 0.5343 0.7958
vn -0.4850 0.4949 0.7210
vn -0.4977 0.3255 0.8040
vn -0.3090 0.4103 0.8580
vn -0.5474 0.4720 0.6910
vn -0.5571 0.3322 0.7611
vn -0.5534 0.4545 0.6980
vn -0.5252 0.3589 0.7716
vn -0.6880 0.3778 0.6197
vn -0.6446 0.3673 0.6705
vn -0.5133 0.2235 0.8286
vn -0.3543 0.2748 0.8939
vn -0.5429 0.2347 0.8063
vn -0.3257 0.2811 0.9027
vn -0.3715 0.3010 0.8783
vn -0.4513 0.2036 0.8688
vn -0.6056 0.2409 0.7584
vn -0.5681 0.2698 0.7775
vn -0.3237 0.5774 0.7496
vn -0.5952 0.5160 0.6160
vn -0.4983 0.5567 0.6647
vn -0.3733 0.5703 0.7318
vn -0.4954 0.5105 0.7028
vn -0.5938 0.5254 0.6094
vn -0.5534 0.5543 0.6217
vn -0.8588 0.4568 -0.2320
vn -0.7728 0.4657 -0.4311
vn -0.8286 0.2913 -0.4782
vn -0.9006 0.3316 -0.2810
vn -0.7378 0.4591 -0.4948
vn -0.7855 0.3148 -0.5329
vn -0.7419 0.4422 -0.5041
vn -0.8008 0.3334 -0.4975
vn -0.6487 0.4034 -0.6453
vn -0.6986 0.3780 -0.6075
vn -0.8369 0.1914 -0.5128
vn -0.9140 0.2028 -0.3513
vn -0.8157 0.2109 -0.5387
vn -0.9246 0.2025 -0.3226
vn -0.9021 0.2337 -0.3627
vn -0.8755 0.1549 -0.4577
vn -0.7674 0.2353 -0.5964
vn -0.7918 0.2538 -0.5555
vn -0.8185 0.5124 -0.2598
vn -0.6690 0.5215 -0.5297
vn -0.7256 0.5366 -0.4309
vn -0.7984 0.5171 -0.3087
vn -0.7569 0.4854 -0.4375
vn -0.6639 0.5314 -0.5262
vn -0.6817 0.5503 -0.4821
vn 0.8588 -0.4568 0.2320
vn 0.9006 -0.3315 0.2810
vn 0.8286 -0.2912 0.4782
vn 0.7728 -0.4657 0.4312
vn 0.7855 -0.3148 0.5329
vn 0.7378 -0.4591 0.4948
vn 0.7419 -0.4422 0.5041
vn 0.8008 -0.3334 0.4975
vn 0.6487 -0.4035 0.6453
vn 0.6986 -0.3780 0.6075
vn 0.9140 -0.2028 0.3514
vn 0.8369 -0.1914 0.5128
vn 0.8157 -0.2109 0.5387
vn 0.9246 -0.2025 0.3226
vn 0.9021 -0.2337 0.3627
vn 0.8755 -0.1549 0.4577
vn 0.7674 -0.2353 0.5964
vn 0.7918 -0.2538 0.5555
vn 0.8185 -0.5124 0.2598
vn 0.6689 -0.5215 0.5297
vn 0.7984 -0.5171 0.3087
vn 0.7256 -0.5366 0.4309
vn 0.7569 -0.4854 0.4375
vn 0.6639 -0.5314 0.5262
vn 0.6816 -0.5503 0.4822
vn 0.6817 -0.5503 0.4822
vn 0.8534 -0.5213 -0.0026
vn 0.8204 -0.5311 0.2118
vn 0.8741 -0.4033 0.2707
vn 0.9079 -0.2836 0.3086
vn 0.9492 -0.2291 0.2159
vn 0.8860 -0.3253 0.3304
vn 0.8101 -0.5799 0.0861
vn 0.7696 -0.5986 0.2224
vn 0.7347 -0.5924 0.3304
vn 0.7393 -0.6110 0.2831
vn -0.8533 0.5213 0.0026
vn -0.8033 0.5244 -0.2823
vn -0.7598 0.4678 -0.4515
vn -0.9492 0.2291 -0.2159
vn -0.7695 0.5986 -0.2225
vn -0.8052 0.5499 -0.2217
vn -0.7347 0.5924 -0.3305
vn -0.7392 0.6111 -0.2831
vn -0.9051 -0.4248 -0.0207
vn -0.9503 -0.3025 -0.0740
vn -0.9153 -0.2855 -0.2842
vn -0.8588 -0.4577 -0.2303
vn -0.8843 -0.3167 -0.3431
vn -0.8362 -0.4593 -0.2996
vn -0.8413 -0.4431 -0.3097
vn -0.8935 -0.3309 -0.3037
vn -0.7750 -0.4235 -0.4690
vn -0.8158 -0.3917 -0.4255
vn -0.9715 -0.1805 -0.1537
vn -0.9259 -0.1891 -0.3269
vn -0.9108 -0.2121 -0.3541
vn -0.9764 -0.1768 -0.1237
vn -0.9632 -0.2130 -0.1638
vn -0.9519 -0.1453 -0.2698
vn -0.8754 -0.2447 -0.4169
vn -0.8924 -0.2578 -0.3705
vn -0.8731 -0.4851 -0.0495
vn -0.7778 -0.5286 -0.3399
vn -0.8627 -0.4956 -0.1005
vn -0.8152 -0.5309 -0.2314
vn -0.8452 -0.4788 -0.2374
vn -0.7726 -0.5384 -0.3365
vn -0.7825 -0.5520 -0.2880
vn -0.7825 -0.5520 -0.2881
vn 0.9051 0.4248 0.0207
vn 0.8588 0.4577 0.2303
vn 0.9153 0.2855 0.2842
vn 0.9503 0.3025 0.0740
vn 0.8362 0.4593 0.2996
vn 0.8843 0.3166 0.3431
vn 0.8413 0.4431 0.3097
vn 0.8935 0.3309 0.3037
vn 0.7750 0.4235 0.4690
vn 0.8158 0.3917 0.4255
vn 0.9259 0.1891 0.3269
vn 0.9715 0.1805 0.1537
vn 0.9108 0.2121 0.3541
vn 0.9764 0.1768 0.1237
vn 0.9632 0.2130 0.1638
vn 0.9519 0.1453 0.2698
vn 0.8754 0.2447 0.4169
vn 0.8924 0.2578 0.3705
vn 0.8731 0.4851 0.0495
vn 0.7778 0.5286 0.3399
vn 0.8152 0.5309 0.2314
vn 0.8627 0.4956 0.1005
vn 0.8452 0.4788 0.2374
vn 0.7726 0.5384 0.3365
vn 0.7825 0.5520 0.2882
vn -0.1656 0.4604 -0.8721
vn 0.0490 0.4388 -0.8972
vn 0.0375 0.2624 -0.9642
vn -0.1617 0.3318 -0.9294
vn 0.1200 0.4223 -0.8985
vn 0.1090 0.2765 -0.9548
vn 0.1236 0.4044 -0.9062
vn 0.0736 0.3003 -0.9510
vn 0.2856 0.3430 -0.8948
vn 0.2249 0.3252 -0.9185
vn 0.0492 0.1593 -0.9860
vn -0.1259 0.1956 -0.9726
vn 0.0846 0.1742 -0.9811
vn -0.1558 0.1996 -0.9674
vn -0.1060 0.2242 -0.9688
vn -0.0222 0.1323 -0.9910
vn 0.1615 0.1884 -0.9687
vn 0.1169 0.2133 -0.9700
vn -0.1140 0.5099 -0.8526
vn 0.1928 0.4762 -0.8579
vn 0.0822 0.5069 -0.8581
vn -0.0615 0.5072 -0.8597
vn 0.0651 0.4568 -0.8872
vn 0.1938 0.4862 -0.8521
vn 0.1496 0.5117 -0.8460
vn 0.1496 0.5117 -0.8461
vn 0.1656 -0.4604 0.8721
vn 0.1617 -0.3318 0.9294
vn -0.0375 -0.2624 0.9642
vn -0.0490 -0.4388 0.8972
vn -0.1090 -0.2765 0.9548
vn -0.1200 -0.4223 0.8985
vn -0.1236 -0.4044 0.9062
vn -0.0736 -0.3003 0.9510
vn -0.2856 -0.3430 0.8948
vn -0.2249 -0.3252 0.9185
vn 0.1258 -0.1956 0.9726
vn -0.0493 -0.1594 0.9860
vn -0.0846 -0.1742 0.9811
vn 0.1558 -0.1996 0.9674
vn 0.1060 -0.2241 0.9688
vn 0.0221 -0.1323 0.9910
vn -0.1615 -0.1884 0.9687
vn -0.1169 -0.2133 0.9700
vn 0.1140 -0.5099 0.8526
vn -0.1928 -0.4762 0.8579
vn 0.0615 -0.5072 0.8597
vn -0.0821 -0.5069 0.8581
vn -0.0651 -0.4568 0.8872
vn -0.1937 -0.4862 0.8521
vn -0.1498 -0.5117 0.8460
vn 0.7468 -0.6199 0.2409
vn 0.8039 -0.5095 0.3070
vn 0.7214 -0.4774 0.5017
vn 0.6423 -0.6339 0.4308
vn 0.6701 -0.4985 0.5499
vn 0.6031 -0.6278 0.4920
vn 0.6090 -0.6129 0.5035
vn 0.6854 -0.5159 0.5138
vn 0.5107 -0.5730 0.6410
vn 0.5675 -0.5529 0.6101
vn 0.8316 -0.3928 0.3926
vn 0.7427 -0.3846 0.5481
vn 0.7163 -0.4026 0.5699
vn 0.8448 -0.3914 0.3650
vn 0.8138 -0.4221 0.3994
vn 0.7918 -0.3499 0.5007
vn 0.6595 -0.4239 0.6207
vn 0.6843 -0.4421 0.5799
vn 0.6955 -0.6702 0.2591
vn 0.5220 -0.6805 0.5143
vn 0.6703 -0.6763 0.3055
vn 0.5843 -0.6951 0.4189
vn 0.6229 -0.6511 0.4337
vn 0.5157 -0.6889 0.5093
vn 0.5342 -0.7061 0.4648
vn -0.7467 0.6199 -0.2410
vn -0.6423 0.6339 -0.4308
vn -0.7214 0.4774 -0.5017
vn -0.8038 0.5095 -0.3071
vn -0.6031 0.6278 -0.4920
vn -0.6701 0.4986 -0.5499
vn -0.6090 0.6129 -0.5035
vn -0.6854 0.5159 -0.5139
vn -0.5108 0.5730 -0.6409
vn -0.5675 0.5529 -0.6101
vn -0.7427 0.3846 -0.5481
vn -0.8316 0.3928 -0.3926
vn -0.7163 0.4026 -0.5699
vn -0.8448 0.3914 -0.3650
vn -0.8138 0.4221 -0.3994
vn -0.7918 0.3499 -0.5006
vn -0.6596 0.4239 -0.6207
vn -0.6843 0.4422 -0.5799
vn -0.6955 0.6702 -0.2591
vn -0.5220 0.6805 -0.5143
vn -0.5843 0.6951 -0.4189
vn -0.6703 0.6763 -0.3055
vn -0.6229 0.6511 -0.4337
vn -0.5157 0.6889 -0.5093
vn -0.5341 0.7061 -0.4649
vn 0.7303 0.4864 -0.4797
vn 0.8243 0.4898 -0.2840
vn 0.8992 0.3171 -0.3015
vn 0.7968 0.3623 -0.4836
vn 0.8495 0.4812 -0.2161
vn 0.9119 0.3384 -0.2323
vn 0.8595 0.4643 -0.2137
vn 0.8949 0.3580 -0.2664
vn 0.9058 0.4205 -0.0522
vn 0.9103 0.3974 -0.1156
vn 0.9324 0.2173 -0.2887
vn 0.8608 0.2334 -0.4523
vn 0.9378 0.2356 -0.2550
vn 0.8460 0.2338 -0.4791
vn 0.8611 0.2637 -0.4347
vn 0.9167 0.1829 -0.3552
vn 0.9494 0.2575 -0.1799
vn 0.9342 0.2774 -0.2244
vn 0.7240 0.5401 -0.4290
vn 0.8298 0.5405 -0.1390
vn 0.7945 0.5544 -0.2479
vn 0.7477 0.5435 -0.3816
vn 0.8184 0.5089 -0.2671
vn 0.8269 0.5453 -0.1372
vn 0.8093 0.5586 -0.1817
vn -0.7303 -0.4864 0.4796
vn -0.7968 -0.3623 0.4836
vn -0.8992 -0.3171 0.3015
vn -0.8243 -0.4898 0.2840
vn -0.9119 -0.3384 0.2323
vn -0.8495 -0.4812 0.2161
vn -0.8595 -0.4643 0.2137
vn -0.8949 -0.3580 0.2664
vn -0.9058 -0.4205 0.0522
vn -0.9103 -0.3974 0.1156
vn -0.8608 -0.2334 0.4523
vn -0.9324 -0.2173 0.2887
vn -0.9378 -0.2356 0.2550
vn -0.8460 -0.2338 0.4791
vn -0.8611 -0.2637 0.4347
vn -0.9167 -0.1829 0.3552
vn -0.9494 -0.2575 0.1799
vn -0.9342 -0.2774 0.2244
vn -0.7240 -0.5401 0.4291
vn -0.8298 -0.5405 0.1390
vn -0.7476 -0.5435 0.3816
vn -0.7945 -0.5544 0.2478
vn -0.8184 -0.5089 0.2671
vn -0.8269 -0.5453 0.1371
vn -0.8093 -0.5586 0.1818
vn -0.8764 0.4568 0.1527
vn -0.8826 0.4657 -0.0641
vn -0.9530 0.2912 -0.0832
vn -0.9350 0.3316 0.1260
vn -0.8778 0.4591 -0.1366
vn -0.9371 0.3148 -0.1510
vn -0.8854 0.4422 -0.1433
vn -0.9360 0.3334 -0.1124
vn -0.8606 0.4035 -0.3107
vn -0.8899 0.3780 -0.2553
vn -0.9752 0.1914 -0.1111
vn -0.9769 0.2028 0.0679
vn -0.9669 0.2109 -0.1435
vn -0.9743 0.2025 0.0984
vn -0.9709 0.2337 0.0526
vn -0.9869 0.1550 -0.0449
vn -0.9476 0.2353 -0.2162
vn -0.9524 0.2538 -0.1688
vn -0.8516 0.5124 0.1105
vn -0.8301 0.5215 -0.1974
vn -0.8397 0.5366 -0.0838
vn -0.8540 0.5171 0.0576
vn -0.8709 0.4854 -0.0766
vn -0.8241 0.5314 -0.1963
vn -0.8216 0.5503 -0.1487
vn 0.8764 -0.4568 -0.1527
vn 0.9350 -0.3316 -0.1260
vn 0.9530 -0.2912 0.0832
vn 0.8826 -0.4657 0.0641
vn 0.9371 -0.3148 0.1510
vn 0.8778 -0.4591 0.1366
vn 0.8854 -0.4422 0.1433
vn 0.9360 -0.3334 0.1124
vn 0.8606 -0.4035 0.3107
vn 0.8899 -0.3780 0.2553
vn 0.9769 -0.2028 -0.0679
vn 0.9752 -0.1914 0.1111
vn 0.9669 -0.2109 0.1435
vn 0.9743 -0.2025 -0.0984
vn 0.9709 -0.2337 -0.0526
vn 0.9869 -0.1550 0.0449
vn 0.9476 -0.2353 0.2163
vn 0.9524 -0.2538 0.1688
vn 0.8516 -0.5124 -0.1105
vn 0.8301 -0.5215 0.1974
vn 0.8540 -0.5171 -0.0577
vn 0.8397 -0.5366 0.0839
vn 0.8709 -0.4854 0.0766
vn 0.8241 -0.5314 0.1964
vn 0.8216 -0.5503 0.1489
vn 0.4244 -0.5213 -0.7403
vn 0.4888 -0.4009 -0.7748
vn 0.6622 -0.3625 -0.6558
vn 0.5936 -0.5311 -0.6046
vn 0.7025 -0.3849 -0.5986
vn 0.6462 -0.5243 -0.5546
vn 0.6570 -0.5080 -0.5570
vn 0.6715 -0.4033 -0.6217
vn 0.7709 -0.4678 -0.4323
vn 0.7487 -0.4446 -0.4917
vn 0.5666 -0.2758 -0.7765
vn 0.7028 -0.2647 -0.6603
vn 0.7212 -0.2835 -0.6320
vn 0.5417 -0.2753 -0.7943
vn 0.5729 -0.3062 -0.7603
vn 0.6615 -0.2291 -0.7141
vn 0.7631 -0.3065 -0.5690
vn 0.7291 -0.3253 -0.6022
vn 0.4379 -0.5750 -0.6911
vn 0.6588 -0.5830 -0.4755
vn 0.4796 -0.5799 -0.6585
vn 0.5773 -0.5968 -0.5572
vn 0.5946 -0.5499 -0.5866
vn 0.6546 -0.5908 -0.4717
vn 0.6169 -0.6070 -0.5010
vn -0.4244 0.5213 0.7404
vn -0.5936 0.5311 0.6046
vn -0.6622 0.3625 0.6558
vn -0.4888 0.4009 0.7748
vn -0.6462 0.5243 0.5546
vn -0.7025 0.3849 0.5986
vn -0.6570 0.5080 0.5570
vn -0.6714 0.4033 0.6217
vn -0.7709 0.4678 0.4322
vn -0.7487 0.4446 0.4917
vn -0.7028 0.2647 0.6603
vn -0.5666 0.2758 0.7765
vn -0.7212 0.2835 0.6320
vn -0.5417 0.2753 0.7943
vn -0.5729 0.3062 0.7603
vn -0.6615 0.2290 0.7141
vn -0.7631 0.3065 0.5690
vn -0.7291 0.3253 0.6021
vn -0.4379 0.5750 0.6911
vn -0.6587 0.5830 0.4755
vn -0.5759 0.5997 0.5556
vn -0.4796 0.5799 0.6585
vn -0.5946 0.5499 0.5865
vn -0.6530 0.5938 0.4700
vn -0.6126 0.6150 0.4964
vn 0.6015 -0.5213 -0.6053
vn 0.6727 -0.4009 -0.6219
vn 0.8094 -0.3625 -0.4621
vn 0.7299 -0.5311 -0.4304
vn 0.8335 -0.3849 -0.3963
vn 0.7677 -0.5243 -0.3684
vn 0.7788 -0.5080 -0.3679
vn 0.8095 -0.4034 -0.4267
vn 0.8565 -0.4678 -0.2179
vn 0.8504 -0.4446 -0.2812
vn 0.7483 -0.2759 -0.6033
vn 0.8497 -0.2647 -0.4559
vn 0.8602 -0.2835 -0.4238
vn 0.7288 -0.2753 -0.6270
vn 0.7501 -0.3062 -0.5861
vn 0.8238 -0.2291 -0.5185
vn 0.8844 -0.3065 -0.3520
vn 0.8601 -0.3253 -0.3929
vn 0.6019 -0.5750 -0.5542
vn 0.7594 -0.5830 -0.2888
vn 0.6337 -0.5799 -0.5120
vn 0.7015 -0.5986 -0.3868
vn 0.7261 -0.5499 -0.4127
vn 0.7532 -0.5924 -0.2858
vn 0.7230 -0.6110 -0.3224
vn 0.7229 -0.6110 -0.3225
vn -0.6015 0.5213 0.6053
vn -0.7299 0.5311 0.4304
vn -0.8094 0.3625 0.4621
vn -0.6727 0.4009 0.6219
vn -0.7677 0.5243 0.3684
vn -0.8335 0.3849 0.3963
vn -0.7788 0.5080 0.3679
vn -0.8095 0.4033 0.4267
vn -0.8565 0.4678 0.2180
vn -0.8505 0.4446 0.2812
vn -0.8497 0.2647 0.4559
vn -0.7483 0.2758 0.6033
vn -0.8602 0.2835 0.4238
vn -0.7288 0.2753 0.6270
vn -0.7501 0.3062 0.5861
vn -0.8238 0.2290 0.5185
vn -0.8844 0.3065 0.3521
vn -0.8601 0.3253 0.3929
vn -0.6019 0.5750 0.5542
vn -0.7594 0.5830 0.2888
vn -0.7015 0.5986 0.3868
vn -0.6337 0.5799 0.5120
vn -0.7261 0.5499 0.4127
vn -0.7532 0.5924 0.2858
vn -0.7229 0.6110 0.3225
vn 0.6620 0.6565 -0.3616
vn 0.7797 0.5970 -0.1890
vn 0.8528 0.4447 -0.2739
vn 0.7282 0.5447 -0.4160
vn 0.8132 0.5668 -0.1318
vn 0.8739 0.4415 -0.2036
vn 0.8235 0.5506 -0.1365
vn 0.8527 0.4708 -0.2266
vn 0.8898 0.4563 -0.0067
vn 0.8865 0.4566 -0.0743
vn 0.8879 0.3483 -0.3004
vn 0.7964 0.4161 -0.4389
vn 0.8973 0.3542 -0.2634
vn 0.7784 0.4250 -0.4621
vn 0.7986 0.4386 -0.4121
vn 0.8642 0.3381 -0.3725
vn 0.9181 0.3494 -0.1872
vn 0.8973 0.3826 -0.2200
vn 0.6618 0.6892 -0.2951
vn 0.8029 0.5950 -0.0372
vn 0.7520 0.6471 -0.1259
vn 0.6912 0.6772 -0.2525
vn 0.7758 0.6088 -0.1661
vn 0.7970 0.6031 -0.0313
vn 0.7700 0.6352 -0.0605
vn -0.6620 -0.6565 0.3616
vn -0.7282 -0.5447 0.4160
vn -0.8528 -0.4447 0.2739
vn -0.7797 -0.5970 0.1890
vn -0.8739 -0.4415 0.2036
vn -0.8132 -0.5668 0.1317
vn -0.8235 -0.5506 0.1365
vn -0.8527 -0.4708 0.2266
vn -0.8898 -0.4563 0.0067
vn -0.8865 -0.4566 0.0743
vn -0.7964 -0.4161 0.4389
vn -0.8879 -0.3483 0.3004
vn -0.8973 -0.3542 0.2634
vn -0.7784 -0.4250 0.4621
vn -0.7986 -0.4386 0.4121
vn -0.8643 -0.3381 0.3725
vn -0.9181 -0.3494 0.1872
vn -0.8973 -0.3827 0.2200
vn -0.6618 -0.6892 0.2951
vn -0.8029 -0.5949 0.0371
vn -0.6912 -0.6772 0.2525
vn -0.7519 -0.6471 0.1260
vn -0.7758 -0.6088 0.1660
vn -0.7970 -0.6032 0.0314
vn -0.7699 -0.6353 0.0606
vn -0.0000 0.9962 0.0872
vn -0.0000 0.4377 -0.8991
vn -0.8087 0.3970 -0.4340
vn -0.8087 0.3157 0.4963
vn -0.0000 0.2750 0.9615
vn 0.8087 0.3157 0.4963
vn 0.8087 0.3970 -0.4340
vn -0.0000 0.0770 -0.9970
vn -0.8660 0.0334 -0.4990
vn -0.8660 -0.0538 0.4972
vn -0.0000 -0.0973 0.9953
vn 0.8660 -0.0538 0.4972
vn 0.8660 0.0334 -0.4990
vn -0.0000 -0.9962 -0.0872
vn -0.7347 -0.4905 -0.4687
vn -0.0000 -0.4535 -0.8913
vn -0.7347 -0.5644 0.3764
vn -0.0000 -0.6014 0.7990
vn 0.7347 -0.5644 0.3764
vn 0.7347 -0.4905 -0.4687
vn 0.0000 -0.2578 -0.9662
vn -0.8141 -0.2987 -0.4980
vn -0.8141 -0.3807 0.4385
vn -0.0000 -0.4216 0.9068
vn 0.8141 -0.3807 0.4385
vn 0.8141 -0.2987 -0.4980
vn 0.0000 0.9848 0.1736
vn 0.0000 0.5144 -0.8575
vn -0.8087 0.4334 -0.3977
vn -0.8087 0.2712 0.5219
vn -0.0000 0.1901 0.9818
vn 0.8087 0.2712 0.5219
vn 0.8087 0.4334 -0.3977
vn 0.0000 0.1636 -0.9865
vn -0.8660 0.0767 -0.4942
vn -0.8660 -0.0969 0.4906
vn -0.0000 -0.1837 0.9830
vn 0.8660 -0.0969 0.4906
vn 0.8660 0.0767 -0.4942
vn 0.0000 -0.9848 -0.1736
vn -0.7347 -0.4477 -0.5097
vn 0.0000 -0.3741 -0.9274
vn -0.7347 -0.5951 0.3258
vn -0.0000 -0.6687 0.7435
vn 0.7347 -0.5951 0.3258
vn 0.7347 -0.4477 -0.5097
vn 0.0000 -0.1726 -0.9850
vn -0.8141 -0.2542 -0.5221
vn -0.8141 -0.4174 0.4037
vn -0.0000 -0.4991 0.8666
vn 0.8141 -0.4174 0.4037
vn 0.8141 -0.2542 -0.5221
vn 0.0000 0.9962 0.0871
vn 0.2588 0.9659 0.0000
vn 0.0926 0.3455 -0.9338
vn -0.6886 0.5548 -0.4669
vn -0.6886 0.5548 0.4669
vn 0.0926 0.3455 0.9338
vn 0.8737 0.1362 0.4669
vn 0.8737 0.1362 -0.4669
vn -0.0026 -0.0099 -0.9999
vn -0.8391 0.2142 -0.5000
vn -0.8391 0.2142 0.5000
vn -0.0026 -0.0099 0.9999
vn 0.8338 -0.2340 0.5000
vn 0.8338 -0.2340 -0.5000
vn -0.2588 -0.9659 0.0000
vn -0.8467 -0.3213 -0.4242
vn -0.1370 -0.5114 -0.8483
vn -0.8467 -0.3213 0.4242
vn -0.1370 -0.5114 0.8483
vn 0.5726 -0.7016 0.4242
vn 0.5726 -0.7016 -0.4242
vn -0.0883 -0.3294 -0.9401
vn -0.8746 -0.1187 -0.4700
vn -0.8746 -0.1187 0.4700
vn -0.0883 -0.3294 0.9401
vn 0.6981 -0.5401 0.4700
vn 0.6981 -0.5401 -0.4700
vn 0.0868 0.9924 -0.0872
vn 0.0240 0.2739 -0.9615
vn -0.7781 0.3849 -0.4963
vn -0.7710 0.4660 0.4340
vn 0.0382 0.4361 0.8991
vn 0.8403 0.3251 0.4340
vn 0.8331 0.2440 -0.4963
vn -0.0085 -0.0970 -0.9953
vn -0.8674 0.0219 -0.4972
vn -0.8598 0.1087 0.4990
vn 0.0067 0.0767 0.9970
vn 0.8656 -0.0422 0.4990
vn 0.8580 -0.1290 -0.4972
vn -0.0868 -0.9924 0.0872
vn -0.7811 -0.4982 -0.3764
vn -0.0524 -0.5991 -0.7990
vn -0.7746 -0.4246 0.4687
vn -0.0395 -0.4518 0.8913
vn 0.6891 -0.5526 0.4687
vn 0.6827 -0.6263 -0.3764
vn -0.0367 -0.4200 -0.9068
vn -0.8442 -0.3083 -0.4385
vn -0.8371 -0.2266 0.4980
vn -0.0225 -0.2568 0.9662
vn 0.7850 -0.3686 0.4980
vn 0.7778 -0.4502 -0.4385
s 1
f 1/1/1 2/2/2 3/3/3
f 3/3/3 4/4/4 1/1/1
f 5/5/5 6/6/6 3/7/3
f 3/7/3 2/8/2 5/5/5
f 5/9/5 7/10/7 8/11/8
f 8/11/8 6/12/6 5/9/5
f 1/13/1 4/14/4 8/15/8
f 8/15/8 7/16/7 1/13/1
f 9/17/9 3/3/3 10/18/10
f 10/18/10 11/19/11 9/17/9
f 3/7/3 6/6/6 12/20/12
f 12/20/12 10/21/10 3/7/3
f 6/12/6 13/22/13 14/23/14
f 14/23/14 12/24/12 6/12/6
f 13/22/13 8/11/8 15/25/15
f 15/25/15 16/26/16 13/22/13
f 8/15/8 4/14/4 17/27/17
f 17/27/17 15/28/15 8/15/8
f 4/4/4 9/17/9 18/29/18
f 18/29/18 17/30/17 4/4/4
f 13/31/13 9/32/9 11/33/11
f 11/33/11 14/34/14 13/31/13
f 16/35/16 18/36/18 9/37/9
f 9/37/9 13/38/13 16/35/16
f 16/26/16 15/25/15 19/39/19
f 19/39/19 20/40/20 16/26/16
f 15/28/15 17/27/17 21/41/21
f 21/41/21 19/42/19 15/28/15
f 17/30/17 18/29/18 22/43/22
f 22/43/22 21/44/21 17/30/17
f 18/36/18 16/35/16 20/45/20
f 20/45/20 22/46/22 18/36/18
f 3/3/3 9/17/9 4/4/4
f 8/11/8 13/22/13 6/12/6
f 11/19/11 10/18/10 23/47/23
f 23/47/23 24/48/24 11/19/11
f 10/21/10 12/20/12 25/49/25
f 25/49/25 23/50/23 10/21/10
f 12/24/12 14/23/14 26/51/26
f 26/51/26 25/52/25 12/24/12
f 14/34/14 11/33/11 24/53/24
f 24/53/24 26/54/26 14/34/14
f 24/48/24 23/47/23 27/55/27
f 23/50/23 25/49/25 27/56/27
f 25/52/25 26/51/26 27/57/27
f 26/54/26 24/53/24 27/58/27
f 20/40/20 19/39/19 28/59/28
f 19/42/19 21/41/21 28/60/28
f 21/44/21 22/43/22 28/61/28
f 22/46/22 20/45/20 28/62/28
s 2
f 29/63/29 30/64/30 31/65/31
f 31/65/31 32/66/32 29/63/29
f 30/67/30 33/68/33 34/69/34
f 34/69/34 31/70/31 30/67/30
f 33/71/33 35/72/35 36/73/36
f 36/73/36 34/74/34 33/71/33
f 32/75/32 36/76/36 35/77/35
f 35/77/35 29/78/29 32/75/32
f 32/66/32 31/65/31 37/79/37
f 37/79/37 38/80/38 32/66/32
f 31/70/31 34/69/34 39/81/39
f 39/81/39 37/82/37 31/70/31
f 34/74/34 36/73/36 40/83/40
f 40/83/40 39/84/39 34/74/34
f 36/76/36 32/75/32 38/85/38
f 38/85/38 40/86/40 36/76/36
f 38/80/38 37/79/37 41/87/41
f 37/82/37 39/81/39 41/88/41
f 39/84/39 40/83/40 41/89/41
f 40/86/40 38/85/38 41/90/41
s 3
f 42/91/42 43/92/43 44/93/44
f 44/93/44 45/94/45 42/91/42
f 43/95/43 46/96/46 47/97/47
f 47/97/47 44/98/44 43/95/43
f 46/99/46 48/100/48 49/101/49
f 49/101/49 47/102/47 46/99/46
f 45/103/45 49/104/49 48/105/48
f 48/105/48 42/106/42 45/103/45
f 45/94/45 44/93/44 50/107/50
f 50/107/50 51/108/51 45/94/45
f 44/98/44 47/97/47 52/109/52
f 52/109/52 50/110/50 44/98/44
f 47/102/47 49/101/49 53/111/53
f 53/111/53 52/112/52 47/102/47
f 49/104/49 45/103/45 51/113/51
f 51/113/51 53/114/53 49/104/49
f 51/108/51 50/107/50 54/115/54
f 50/110/50 52/109/52 54/116/54
f 52/112/52 53/111/53 54/117/54
f 53/114/53 51/113/51 54/118/54
s 4
f 55/119/55 56/120/56 57/121/57
f 57/121/57 58/122/58 55/119/55
f 56/123/56 59/124/59 60/125/60
f 60/125/60 57/126/57 56/123/56
f 59/127/59 61/128/61 62/129/62
f 62/129/62 60/130/60 59/127/59
f 58/131/58 62/132/62 61/133/61
f 61/133/61 55/134/55 58/131/58
f 58/122/58 57/121/57 63/135/63
f 63/135/63 64/136/64 58/122/58
f 57/126/57 60/125/60 65/137/65
f 65/137/65 63/138/63 57/126/57
f 60/130/60 62/129/62 66/139/66
f 66/139/66 65/140/65 60/130/60
f 62/132/62 58/131/58 64/141/64
f 64/141/64 66/142/66 62/132/62
f 64/136/64 63/135/63 67/143/67
f 63/138/63 65/137/65 67/144/67
f 65/140/65 66/139/66 67/145/67
f 66/142/66 64/141/64 67/146/67
s 5
f 68/147/68 69/148/69 70/149/70
f 70/149/70 71/150/71 68/147/68
f 69/151/69 72/152/72 73/153/73
f 73/153/73 70/154/70 69/151/69
f 72/155/72 74/156/74 75/157/75
f 75/157/75 73/158/73 72/155/72
f 71/159/71 75/160/75 74/161/74
f 74/161/74 68/162/68 71/159/71
f 71/150/71 70/149/70 76/163/76
f 76/163/76 77/164/77 71/150/71
f 70/154/70 73/153/73 78/165/78
f 78/165/78 76/166/76 70/154/70
f 73/158/73 75/157/75 79/167/79
f 79/167/79 78/168/78 73/158/73
f 75/160/75 71/159/71 77/169/77
f 77/169/77 79/170/79 75/160/75
f 77/164/77 76/163/76 80/171/80
f 76/166/76 78/165/78 80/172/80
f 78/168/78 79/167/79 80/173/80
f 79/170/79 77/169/77 80/174/80
s 6
f 81/175/81 82/176/82 83/177/83
f 83/177/83 84/178/84 81/175/81
f 82/179/82 85/180/85 86/181/86
f 86/181/86 83/182/83 82/179/82
f 85/183/85 87/184/87 88/185/88
f 88/185/88 86/186/86 85/183/85
f 84/187/84 88/188/88 87/189/87
f 87/189/87 81/190/81 84/187/84
f 84/178/84 83/177/83 89/191/89
f 89/191/89 90/192/90 84/178/84
f 83/182/83 86/181/86 91/193/91
f 91/193/91 89/194/89 83/182/83
f 86/186/86 88/185/88 92/195/92
f 92/195/92 91/196/91 86/186/86
f 88/188/88 84/187/84 90/197/90
f 90/197/90 92/198/92 88/188/88
f 90/192/90 89/191/89 93/199/93
f 89/194/89 91/193/91 93/200/93
f 91/196/91 92/195/92 93/201/93
f 92/198/92 90/197/90 93/202/93
s 7
f 94/203/94 95/204/95 96/205/96
f 96/205/96 97/206/97 94/203/94
f 97/206/97 96/205/96 98/207/98
f 98/207/98 99/208/99 97/206/97
f 100/209/100 99/208/99 98/207/98
f 98/207/98 101/210/101 100/209/100
f 102/211/102 100/209/100 101/210/101
f 101/210/101 103/212/103 102/211/102
f 95/204/95 104/213/104 105/214/105
f 105/214/105 96/205/96 95/204/95
f 96/205/96 105/214/105 106/215/106
f 106/215/106 98/207/98 96/205/96
f 98/207/98 106/215/106 107/216/107
f 107/216/107 101/210/101 98/207/98
f 107/216/107 108/217/108 101/210/101
f 104/213/104 109/218/109 105/214/105
f 105/214/105 109/218/109 110/219/110
f 110/219/110 106/215/106 105/214/105
f 106/215/106 110/219/110 111/220/111
f 111/220/111 107/216/107 106/215/106
f 111/220/111 108/217/108 107/216/107
f 94/203/94 97/206/97 112/221/112
f 97/206/97 99/208/99 113/222/113
f 99/208/99 100/209/100 114/223/114
f 114/223/114 115/224/115 99/208/99
f 100/209/100 102/211/102 116/225/116
f 100/209/100 116/225/116 114/223/114
f 112/221/112 97/206/97 113/222/113
f 99/208/99 115/224/115 117/226/117
f 113/222/113 99/208/99 117/226/117
f 101/210/101 108/217/108 103/212/103
f 115/224/115 118/227/118 119/228/118
f 119/228/118 117/226/117 115/224/115
s 8
f 120/229/119 121/230/120 122/231/121
f 122/231/121 123/232/122 120/229/119
f 121/230/120 124/233/123 125/234/124
f 125/234/124 122/231/121 121/230/120
f 126/235/125 127/236/126 125/234/124
f 125/234/124 124/233/123 126/235/125
f 128/237/127 129/238/128 127/236/126
f 127/236/126 126/235/125 128/237/127
f 123/232/122 122/231/121 130/239/129
f 130/239/129 131/240/130 123/232/122
f 122/231/121 125/234/124 132/241/131
f 132/241/131 130/239/129 122/231/121
f 125/234/124 127/236/126 133/242/132
f 133/242/132 132/241/131 125/234/124
f 133/242/132 127/236/126 134/243/133
f 131/240/130 130/239/129 135/244/134
f 130/239/129 132/241/131 136/245/135
f 136/245/135 135/244/134 130/239/129
f 132/241/131 133/242/132 137/246/136
f 137/246/136 136/245/135 132/241/131
f 137/246/136 133/242/132 134/243/133
f 120/229/119 138/247/137 121/230/120
f 121/230/120 139/248/138 124/233/123
f 124/233/123 140/249/139 141/250/140
f 141/250/140 126/235/125 124/233/123
f 126/235/125 142/251/141 128/237/127
f 126/235/125 141/250/140 142/251/141
f 138/247/137 139/248/138 121/230/120
f 124/233/123 143/252/142 140/249/139
f 139/248/138 143/252/142 124/233/123
f 127/236/126 129/238/128 134/243/133
f 140/249/139 143/252/142 144/253/143
f 144/253/143 145/254/143 140/249/139
s 9
f 146/255/144 147/256/145 148/257/146
f 148/257/146 149/258/147 146/255/144
f 147/256/145 150/259/148 151/260/149
f 151/260/149 148/257/146 147/256/145
f 152/261/150 153/262/151 151/260/149
f 151/260/149 150/259/148 152/261/150
f 154/263/152 155/264/153 153/262/151
f 153/262/151 152/261/150 154/263/152
f 149/258/147 148/257/146 156/265/154
f 156/265/154 157/266/155 149/258/147
f 148/257/146 151/260/149 158/267/156
f 158/267/156 156/265/154 148/257/146
f 151/260/149 153/262/151 159/268/157
f 159/268/157 158/267/156 151/260/149
f 159/268/157 153/262/151 160/269/158
f 157/266/155 156/265/154 161/270/159
f 156/265/154 158/267/156 162/271/160
f 162/271/160 161/270/159 156/265/154
f 158/267/156 159/268/157 163/272/161
f 163/272/161 162/271/160 158/267/156
f 163/272/161 159/268/157 160/269/158
f 146/255/144 164/273/162 147/256/145
f 147/256/145 165/274/163 150/259/148
f 150/259/148 166/275/164 167/276/165
f 167/276/165 152/261/150 150/259/148
f 152/261/150 168/277/166 154/263/152
f 152/261/150 167/276/165 168/277/166
f 164/273/162 165/274/163 147/256/145
f 150/259/148 169/278/167 166/275/164
f 165/274/163 169/278/167 150/259/148
f 153/262/151 155/264/153 160/269/158
f 166/275/164 169/278/167 170/279/168
f 170/279/168 171/280/168 166/275/164
s 10
f 172/281/169 173/282/170 174/283/171
f 174/283/171 175/284/172 172/281/169
f 175/284/172 174/283/171 176/285/173
f 176/285/173 177/286/174 175/284/172
f 178/287/175 177/286/174 176/285/173
f 176/285/173 179/288/176 178/287/175
f 180/289/177 178/287/175 179/288/176
f 179/288/176 181/290/178 180/289/177
f 173/282/170 182/291/179 183/292/180
f 183/292/180 174/283/171 173/282/170
f 174/283/171 183/292/180 184/293/181
f 184/293/181 176/285/173 174/283/171
f 176/285/173 184/293/181 185/294/182
f 185/294/182 179/288/176 176/285/173
f 185/294/182 186/295/183 179/288/176
f 182/291/179 187/296/184 183/292/180
f 183/292/180 187/296/184 188/297/185
f 188/297/185 184/293/181 183/292/180
f 184/293/181 188/297/185 189/298/186
f 189/298/186 185/294/182 184/293/181
f 189/298/186 186/295/183 185/294/182
f 172/281/169 175/284/172 190/299/187
f 175/284/172 177/286/174 191/300/188
f 177/286/174 178/287/175 192/301/189
f 192/301/189 193/302/190 177/286/174
f 178/287/175 180/289/177 194/303/191
f 178/287/175 194/303/191 192/301/189
f 190/299/187 175/284/172 191/300/188
f 177/286/174 193/302/190 195/304/192
f 191/300/188 177/286/174 195/304/192
f 179/288/176 186/295/183 181/290/178
f 193/302/190 196/305/193 197/306/194
f 197/306/194 195/304/192 193/302/190
s 11
f 198/307/195 199/308/196 200/309/197
f 200/309/197 201/310/198 198/307/195
f 201/310/198 200/309/197 202/311/199
f 202/311/199 203/312/200 201/310/198
f 204/313/201 203/312/200 202/311/199
f 202/311/199 205/314/202 204/313/201
f 206/315/203 204/313/201 205/314/202
f 205/314/202 207/316/204 206/315/203
f 199/308/196 208/317/205 209/318/206
f 209/318/206 200/309/197 199/308/196
f 200/309/197 209/318/206 210/319/207
f 210/319/207 202/311/199 200/309/197
f 202/311/199 210/319/207 211/320/208
f 211/320/208 205/314/202 202/311/199
f 211/320/208 212/321/209 205/314/202
f 208/317/205 213/322/210 209/318/206
f 209/318/206 213/322/210 214/323/211
f 214/323/211 210/319/207 209/318/206
f 210/319/207 214/323/211 215/324/212
f 215/324/212 211/320/208 210/319/207
f 215/324/212 212/321/209 211/320/208
f 198/307/195 201/310/198 216/325/213
f 201/310/198 203/312/200 217/326/214
f 203/312/200 204/313/201 218/327/215
f 218/327/215 219/328/216 203/312/200
f 204/313/201 206/315/203 220/329/217
f 204/313/201 220/329/217 218/327/215
f 216/325/213 201/310/198 217/326/214
f 203/312/200 219/328/216 221/330/218
f 217/326/214 203/312/200 221/330/218
f 205/314/202 212/321/209 207/316/204
f 219/328/216 222/331/219 223/332/219
f 223/332/219 221/330/218 219/328/216
s 12
f 224/333/220 225/334/221 226/335/222
f 226/335/222 227/336/223 224/333/220
f 225/334/221 228/337/224 229/338/225
f 229/338/225 226/335/222 225/334/221
f 230/339/226 231/340/227 229/338/225
f 229/338/225 228/337/224 230/339/226
f 232/341/228 233/342/229 231/340/227
f 231/340/227 230/339/226 232/341/228
f 227/336/223 226/335/222 234/343/230
f 234/343/230 235/344/231 227/336/223
f 226/335/222 229/338/225 236/345/232
f 236/345/232 234/343/230 226/335/222
f 229/338/225 231/340/227 237/346/233
f 237/346/233 236/345/232 229/338/225
f 237/346/233 231/340/227 238/347/234
f 235/344/231 234/343/230 239/348/235
f 234/343/230 236/345/232 240/349/236
f 240/349/236 239/348/235 234/343/230
f 236/345/232 237/346/233 241/350/237
f 241/350/237 240/349/236 236/345/232
f 241/350/237 237/346/233 238/347/234
f 224/333/220 242/351/238 225/334/221
f 225/334/221 243/352/239 228/337/224
f 228/337/224 244/353/240 245/354/241
f 245/354/241 230/339/226 228/337/224
f 230/339/226 246/355/242 232/341/228
f 230/339/226 245/354/241 246/355/242
f 242/351/238 243/352/239 225/334/221
f 228/337/224 247/356/243 244/353/240
f 243/352/239 247/356/243 228/337/224
f 231/340/227 233/342/229 238/347/234
f 244/353/240 247/356/243 248/357/244
f 248/357/244 249/358/244 244/353/240
s 13
f 250/359/245 251/360/246 252/361/247
f 252/361/247 253/362/248 250/359/245
f 251/360/246 254/363/249 255/364/250
f 255/364/250 252/361/247 251/360/246
f 256/365/251 257/366/252 255/364/250
f 255/364/250 254/363/249 256/365/251
f 258/367/253 259/368/254 257/366/252
f 257/366/252 256/365/251 258/367/253
f 253/362/248 252/361/247 260/369/255
f 260/369/255 261/370/256 253/362/248
f 252/361/247 255/364/250 262/371/257
f 262/371/257 260/369/255 252/361/247
f 255/364/250 257/366/252 263/372/258
f 263/372/258 262/371/257 255/364/250
f 263/372/258 257/366/252 264/373/259
f 261/370/256 260/369/255 265/374/260
f 260/369/255 262/371/257 266/375/261
f 266/375/261 265/374/260 260/369/255
f 262/371/257 263/372/258 267/376/262
f 267/376/262 266/375/261 262/371/257
f 267/376/262 263/372/258 264/373/259
f 250/359/245 268/377/263 251/360/246
f 251/360/246 269/378/264 254/363/249
f 254/363/249 270/379/265 271/380/266
f 271/380/266 256/365/251 254/363/249
f 256/365/251 272/381/267 258/367/253
f 256/365/251 271/380/266 272/381/267
f 268/377/263 269/378/264 251/360/246
f 254/363/249 273/382/268 270/379/265
f 269/378/264 273/382/268 254/363/249
f 257/366/252 259/368/254 264/373/259
f 270/379/265 273/382/268 274/383/269
f 274/383/269 275/384/269 270/379/265
s 14
f 276/385/270 277/386/271 278/387/272
f 278/387/272 279/388/273 276/385/270
f 279/388/273 278/387/272 280/389/274
f 280/389/274 281/390/275 279/388/273
f 282/391/276 281/390/275 280/389/274
f 280/389/274 283/392/277 282/391/276
f 284/393/278 282/391/276 283/392/277
f 283/392/277 285/394/279 284/393/278
f 277/386/271 286/395/280 287/396/281
f 287/396/281 278/387/272 277/386/271
f 278/387/272 287/396/281 288/397/282
f 288/397/282 280/389/274 278/387/272
f 280/389/274 288/397/282 289/398/283
f 289/398/283 283/392/277 280/389/274
f 289/398/283 290/399/284 283/392/277
f 286/395/280 291/400/285 287/396/281
f 287/396/281 291/400/285 292/401/286
f 292/401/286 288/397/282 287/396/281
f 288/397/282 292/401/286 293/402/287
f 293/402/287 289/398/283 288/397/282
f 293/402/287 290/399/284 289/398/283
f 276/385/270 279/388/273 294/403/288
f 279/388/273 281/390/275 295/404/289
f 281/390/275 282/391/276 296/405/290
f 296/405/290 297/406/291 281/390/275
f 282/391/276 284/393/278 298/407/292
f 282/391/276 298/407/292 296/405/290
f 294/403/288 279/388/273 295/404/289
f 281/390/275 297/406/291 299/408/293
f 295/404/289 281/390/275 299/408/293
f 283/392/277 290/399/284 285/394/279
f 297/406/291 300/409/294 301/410/294
f 301/410/294 299/408/293 297/406/291
s 15
f 302/411/295 303/412/296 304/413/297
f 304/413/297 305/414/298 302/411/295
f 305/414/298 304/413/297 306/415/299
f 306/415/299 307/416/300 305/414/298
f 308/417/301 307/416/300 306/415/299
f 306/415/299 309/418/302 308/417/301
f 310/419/303 308/417/301 309/418/302
f 309/418/302 311/420/304 310/419/303
f 303/412/296 312/421/305 313/422/306
f 313/422/306 304/413/297 303/412/296
f 304/413/297 313/422/306 314/423/307
f 314/423/307 306/415/299 304/413/297
f 306/415/299 314/423/307 315/424/308
f 315/424/308 309/418/302 306/415/299
f 315/424/308 316/425/309 309/418/302
f 312/421/305 317/426/310 313/422/306
f 313/422/306 317/426/310 318/427/311
f 318/427/311 314/423/307 313/422/306
f 314/423/307 318/427/311 319/428/312
f 319/428/312 315/424/308 314/423/307
f 319/428/312 316/425/309 315/424/308
f 302/411/295 305/414/298 320/429/313
f 305/414/298 307/416/300 321/430/314
f 307/416/300 308/417/301 322/431/315
f 322/431/315 323/432/316 307/416/300
f 308/417/301 310/419/303 324/433/317
f 308/417/301 324/433/317 322/431/315
f 320/429/313 305/414/298 321/430/314
f 307/416/300 323/432/316 325/434/318
f 321/430/314 307/416/300 325/434/318
f 309/418/302 316/425/309 311/420/304
f 323/432/316 326/435/319 327/436/319
f 327/436/319 325/434/318 323/432/316
s 16
f 328/437/320 329/438/321 330/439/322
f 330/439/322 331/440/323 328/437/320
f 329/438/321 332/441/324 333/442/325
f 333/442/325 330/439/322 329/438/321
f 334/443/326 335/444/327 333/442/325
f 333/442/325 332/441/324 334/443/326
f 336/445/328 337/446/329 335/444/327
f 335/444/327 334/443/326 336/445/328
f 331/440/323 330/439/322 338/447/330
f 338/447/330 339/448/331 331/440/323
f 330/439/322 333/442/325 340/449/332
f 340/449/332 338/447/330 330/439/322
f 333/442/325 335/444/327 341/450/333
f 341/450/333 340/449/332 333/442/325
f 341/450/333 335/444/327 342/451/334
f 339/448/331 338/447/330 343/452/335
f 338/447/330 340/449/332 344/453/336
f 344/453/336 343/452/335 338/447/330
f 340/449/332 341/450/333 345/454/337
f 345/454/337 344/453/336 340/449/332
f 345/454/337 341/450/333 342/451/334
f 328/437/320 346/455/338 329/438/321
f 329/438/321 347/456/339 332/441/324
f 332/441/324 348/457/340 349/458/341
f 349/458/341 334/443/326 332/441/324
f 334/443/326 350/459/342 336/445/328
f 334/443/326 349/458/341 350/459/342
f 346/455/338 347/456/339 329/438/321
f 332/441/324 351/460/343 348/457/340
f 347/456/339 351/460/343 332/441/324
f 335/444/327 337/446/329 342/451/334
f 348/457/340 351/460/343 352/461/344
f 352/461/344 353/462/344 348/457/340
s 17
f 354/463/345 355/464/346 356/465/347
f 356/465/347 357/466/348 354/463/345
f 357/466/348 356/465/347 358/467/349
f 358/467/349 359/468/350 357/466/348
f 360/469/351 359/468/350 358/467/349
f 358/467/349 361/470/352 360/469/351
f 362/471/353 360/469/351 361/470/352
f 361/470/352 363/472/354 362/471/353
f 355/464/346 364/473/355 365/474/356
f 365/474/356 356/465/347 355/464/346
f 356/465/347 365/474/356 366/475/357
f 366/475/357 358/467/349 356/465/347
f 358/467/349 366/475/357 367/476/358
f 367/476/358 361/470/352 358/467/349
f 367/476/358 368/477/359 361/470/352
f 364/473/355 369/478/360 365/474/356
f 365/474/356 369/478/360 370/479/361
f 370/479/361 366/475/357 365/474/356
f 366/475/357 370/479/361 371/480/362
f 371/480/362 367/476/358 366/475/357
f 371/480/362 368/477/359 367/476/358
f 354/463/345 357/466/348 372/481/363
f 357/466/348 359/468/350 373/482/364
f 359/468/350 360/469/351 374/483/365
f 374/483/365 375/484/366 359/468/350
f 360/469/351 362/471/353 376/485/367
f 360/469/351 376/485/367 374/483/365
f 372/481/363 357/466/348 373/482/364
f 359/468/350 375/484/366 377/486/368
f 373/482/364 359/468/350 377/486/368
f 361/470/352 368/477/359 363/472/354
f 375/484/366 378/487/369 379/488/369
f 379/488/369 377/486/368 375/484/366
s 18
f 380/489/370 381/490/371 382/491/372
f 382/491/372 383/492/373 380/489/370
f 381/490/371 384/493/374 385/494/375
f 385/494/375 382/491/372 381/490/371
f 386/495/376 387/496/377 385/494/375
f 385/494/375 384/493/374 386/495/376
f 388/497/378 389/498/379 387/496/377
f 387/496/377 386/495/376 388/497/378
f 383/492/373 382/491/372 390/499/380
f 390/499/380 391/500/381 383/492/373
f 382/491/372 385/494/375 392/501/382
f 392/501/382 390/499/380 382/491/372
f 385/494/375 387/496/377 393/502/383
f 393/502/383 392/501/382 385/494/375
f 393/502/383 387/496/377 394/503/384
f 391/500/381 390/499/380 395/504/385
f 390/499/380 392/501/382 396/505/386
f 396/505/386 395/504/385 390/499/380
f 392/501/382 393/502/383 397/506/387
f 397/506/387 396/505/386 392/501/382
f 397/506/387 393/502/383 394/503/384
f 380/489/370 398/507/388 381/490/371
f 381/490/371 399/508/389 384/493/374
f 384/493/374 400/509/390 401/510/391
f 401/510/391 386/495/376 384/493/374
f 386/495/376 402/511/392 388/497/378
f 386/495/376 401/510/391 402/511/392
f 398/507/388 399/508/389 381/490/371
f 384/493/374 403/512/393 400/509/390
f 399/508/389 403/512/393 384/493/374
f 387/496/377 389/498/379 394/503/384
f 400/509/390 403/512/393 404/513/394
f 404/513/394 405/514/394 400/509/390
s 19
f 406/515/144 407/516/395 408/517/146
f 408/517/146 409/518/147 406/515/144
f 407/516/395 410/519/148 411/520/149
f 411/520/149 408/517/146 407/516/395
f 412/521/150 413/522/151 411/520/149
f 411/520/149 410/519/148 412/521/150
f 414/523/396 415/524/153 413/522/151
f 413/522/151 412/521/150 414/523/396
f 409/518/147 408/517/146 416/525/154
f 416/525/154 417/526/155 409/518/147
f 408/517/146 411/520/149 418/527/156
f 418/527/156 416/525/154 408/517/146
f 411/520/149 413/522/151 419/528/157
f 419/528/157 418/527/156 411/520/149
f 419/528/157 413/522/151 420/529/397
f 417/526/155 416/525/154 421/530/398
f 416/525/154 418/527/156 422/531/160
f 422/531/160 421/530/398 416/525/154
f 418/527/156 419/528/157 423/532/161
f 423/532/161 422/531/160 418/527/156
f 423/532/161 419/528/157 420/529/397
f 406/515/144 424/533/162 407/516/395
f 407/516/395 425/534/163 410/519/148
f 410/519/148 426/535/164 427/536/165
f 427/536/165 412/521/150 410/519/148
f 412/521/150 428/537/166 414/523/396
f 412/521/150 427/536/165 428/537/166
f 424/533/162 425/534/163 407/516/395
f 410/519/148 429/538/399 426/535/164
f 425/534/163 429/538/399 410/519/148
f 413/522/151 415/524/153 420/529/397
f 426/535/164 429/538/399 430/539/168
f 430/539/168 431/540/168 426/535/164
s 20
f 432/541/169 433/542/170 434/543/171
f 434/543/171 435/544/172 432/541/169
f 435/544/172 434/543/171 436/545/173
f 436/545/173 437/546/174 435/544/172
f 438/547/175 437/546/174 436/545/173
f 436/545/173 439/548/176 438/547/175
f 440/549/177 438/547/175 439/548/176
f 439/548/176 441/550/178 440/549/177
f 433/542/170 442/551/179 443/552/180
f 443/552/180 434/543/171 433/542/170
f 434/543/171 443/552/180 444/553/400
f 444/553/400 436/545/173 434/543/171
f 436/545/173 444/553/400 445/554/401
f 445/554/401 439/548/176 436/545/173
f 445/554/401 446/555/402 439/548/176
f 442/551/179 447/556/184 443/552/180
f 443/552/180 447/556/184 448/557/185
f 448/557/185 444/553/400 443/552/180
f 444/553/400 448/557/185 449/558/403
f 449/558/403 445/554/401 444/553/400
f 449/558/403 446/555/402 445/554/401
f 432/541/169 435/544/172 450/559/187
f 435/544/172 437/546/174 451/560/188
f 437/546/174 438/547/175 452/561/189
f 452/561/189 453/562/190 437/546/174
f 438/547/175 440/549/177 454/563/191
f 438/547/175 454/563/191 452/561/189
f 450/559/187 435/544/172 451/560/188
f 437/546/174 453/562/190 455/564/192
f 451/560/188 437/546/174 455/564/192
f 439/548/176 446/555/402 441/550/178
f 453/562/190 456/565/193 457/566/193
f 457/566/193 455/564/192 453/562/190
s 21
f 458/567/404 459/568/405 460/569/406
f 460/569/406 461/570/407 458/567/404
f 461/570/407 460/569/406 462/571/408
f 462/571/408 463/572/409 461/570/407
f 464/573/410 463/572/409 462/571/408
f 462/571/408 465/574/411 464/573/410
f 466/575/412 464/573/410 465/574/411
f 465/574/411 467/576/413 466/575/412
f 459/568/405 468/577/414 469/578/415
f 469/578/415 460/569/406 459/568/405
f 460/569/406 469/578/415 470/579/416
f 470/579/416 462/571/408 460/569/406
f 462/571/408 470/579/416 471/580/417
f 471/580/417 465/574/411 462/571/408
f 471/580/417 472/581/418 465/574/411
f 468/577/414 473/582/419 469/578/415
f 469/578/415 473/582/419 474/583/420
f 474/583/420 470/579/416 469/578/415
f 470/579/416 474/583/420 475/584/421
f 475/584/421 471/580/417 470/579/416
f 475/584/421 472/581/418 471/580/417
f 458/567/404 461/570/407 476/585/422
f 461/570/407 463/572/409 477/586/423
f 463/572/409 464/573/410 478/587/424
f 478/587/424 479/588/425 463/572/409
f 464/573/410 466/575/412 480/589/426
f 464/573/410 480/589/426 478/587/424
f 476/585/422 461/570/407 477/586/423
f 463/572/409 479/588/425 481/590/427
f 477/586/423 463/572/409 481/590/427
f 465/574/411 472/581/418 467/576/413
f 479/588/425 482/591/428 483/592/428
f 483/592/428 481/590/427 479/588/425
s 22
f 484/593/429 485/594/430 486/595/431
f 486/595/431 487/596/432 484/593/429
f 485/594/430 488/597/433 489/598/434
f 489/598/434 486/595/431 485/594/430
f 490/599/435 491/600/436 489/598/434
f 489/598/434 488/597/433 490/599/435
f 492/601/437 493/602/438 491/600/436
f 491/600/436 490/599/435 492/601/437
f 487/596/432 486/595/431 494/603/439
f 494/603/439 495/604/440 487/596/432
f 486/595/431 489/598/434 496/605/441
f 496/605/441 494/603/439 486/595/431
f 489/598/434 491/600/436 497/606/442
f 497/606/442 496/605/441 489/598/434
f 497/606/442 491/600/436 498/607/443
f 495/604/440 494/603/439 499/608/444
f 494/603/439 496/605/441 500/609/445
f 500/609/445 499/608/444 494/603/439
f 496/605/441 497/606/442 501/610/446
f 501/610/446 500/609/445 496/605/441
f 501/610/446 497/606/442 498/607/443
f 484/593/429 502/611/447 485/594/430
f 485/594/430 503/612/448 488/597/433
f 488/597/433 504/613/449 505/614/450
f 505/614/450 490/599/435 488/597/433
f 490/599/435 506/615/451 492/601/437
f 490/599/435 505/614/450 506/615/451
f 502/611/447 503/612/448 485/594/430
f 488/597/433 507/616/452 504/613/449
f 503/612/448 507/616/452 488/597/433
f 491/600/436 493/602/438 498/607/443
f 504/613/449 507/616/452 508/617/453
f 508/617/453 509/618/453 504/613/449
s 23
f 510/619/454 511/620/455 512/621/456
f 512/621/456 513/622/457 510/619/454
f 511/620/455 514/623/458 515/624/459
f 515/624/459 512/621/456 511/620/455
f 516/625/460 517/626/461 515/624/459
f 515/624/459 514/623/458 516/625/460
f 518/627/462 519/628/463 517/626/461
f 517/626/461 516/625/460 518/627/462
f 513/622/457 512/621/456 520/629/464
f 520/629/464 521/630/465 513/622/457
f 512/621/456 515/624/459 522/631/466
f 522/631/466 520/629/464 512/621/456
f 515/624/459 517/626/461 523/632/467
f 523/632/467 522/631/466 515/624/459
f 523/632/467 517/626/461 524/633/468
f 521/630/465 520/629/464 525/634/469
f 520/629/464 522/631/466 526/635/470
f 526/635/470 525/634/469 520/629/464
f 522/631/466 523/632/467 527/636/471
f 527/636/471 526/635/470 522/631/466
f 527/636/471 523/632/467 524/633/468
f 510/619/454 528/637/472 511/620/455
f 511/620/455 529/638/473 514/623/458
f 514/623/458 530/639/474 531/640/475
f 531/640/475 516/625/460 514/623/458
f 516/625/460 532/641/476 518/627/462
f 516/625/460 531/640/475 532/641/476
f 528/637/472 529/638/473 511/620/455
f 514/623/458 533/642/477 530/639/474
f 529/638/473 533/642/477 514/623/458
f 517/626/461 519/628/463 524/633/468
f 530/639/474 533/642/477 534/643/478
f 534/643/478 535/644/478 530/639/474
s 24
f 536/645/479 537/646/480 538/647/481
f 538/647/481 539/648/482 536/645/479
f 539/648/482 538/647/481 540/649/483
f 540/649/483 541/650/484 539/648/482
f 542/651/485 541/650/484 540/649/483
f 540/649/483 543/652/486 542/651/485
f 544/653/487 542/651/485 543/652/486
f 543/652/486 545/654/488 544/653/487
f 537/646/480 546/655/489 547/656/490
f 547/656/490 538/647/481 537/646/480
f 538/647/481 547/656/490 548/657/491
f 548/657/491 540/649/483 538/647/481
f 540/649/483 548/657/491 549/658/492
f 549/658/492 543/652/486 540/649/483
f 549/658/492 550/659/493 543/652/486
f 546/655/489 551/660/494 547/656/490
f 547/656/490 551/660/494 552/661/495
f 552/661/495 548/657/491 547/656/490
f 548/657/491 552/661/495 553/662/496
f 553/662/496 549/658/492 548/657/491
f 553/662/496 550/659/493 549/658/492
f 536/645/479 539/648/482 554/663/497
f 539/648/482 541/650/484 555/664/498
f 541/650/484 542/651/485 556/665/499
f 556/665/499 557/666/500 541/650/484
f 542/651/485 544/653/487 558/667/501
f 542/651/485 558/667/501 556/665/499
f 554/663/497 539/648/482 555/664/498
f 541/650/484 557/666/500 559/668/502
f 555/664/498 541/650/484 559/668/502
f 543/652/486 550/659/493 545/654/488
f 557/666/500 560/669/503 561/670/504
f 561/670/504 559/668/502 557/666/500
s 25
f 562/671/505 563/672/296 564/673/297
f 564/673/297 565/674/506 562/671/505
f 565/674/506 564/673/297 566/675/299
f 566/675/299 567/676/300 565/674/506
f 568/677/301 567/676/300 566/675/299
f 566/675/299 569/678/507 568/677/301
f 570/679/303 568/677/301 569/678/507
f 569/678/507 571/680/304 570/679/303
f 563/672/296 572/681/305 573/682/306
f 573/682/306 564/673/297 563/672/296
f 564/673/297 573/682/306 574/683/508
f 574/683/508 566/675/299 564/673/297
f 566/675/299 574/683/508 575/684/308
f 575/684/308 569/678/507 566/675/299
f 575/684/308 576/685/309 569/678/507
f 572/681/305 577/686/509 573/682/306
f 573/682/306 577/686/509 578/687/311
f 578/687/311 574/683/508 573/682/306
f 574/683/508 578/687/311 579/688/510
f 579/688/510 575/684/308 574/683/508
f 579/688/510 576/685/309 575/684/308
f 562/671/505 565/674/506 580/689/313
f 565/674/506 567/676/300 581/690/314
f 567/676/300 568/677/301 582/691/511
f 582/691/511 583/692/512 567/676/300
f 568/677/301 570/679/303 584/693/317
f 568/677/301 584/693/317 582/691/511
f 580/689/313 565/674/506 581/690/314
f 567/676/300 583/692/512 585/694/513
f 581/690/314 567/676/300 585/694/513
f 569/678/507 576/685/309 571/680/304
f 583/692/512 586/695/319 587/696/514
f 587/696/514 585/694/513 583/692/512
s 26
f 588/697/515 589/698/321 590/699/322
f 590/699/322 591/700/323 588/697/515
f 589/698/321 592/701/516 593/702/325
f 593/702/325 590/699/322 589/698/321
f 594/703/326 595/704/327 593/702/325
f 593/702/325 592/701/516 594/703/326
f 596/705/517 597/706/329 595/704/327
f 595/704/327 594/703/326 596/705/517
f 591/700/323 590/699/322 598/707/330
f 598/707/330 599/708/331 591/700/323
f 590/699/322 593/702/325 600/709/332
f 600/709/332 598/707/330 590/699/322
f 593/702/325 595/704/327 601/710/333
f 601/710/333 600/709/332 593/702/325
f 601/710/333 595/704/327 602/711/334
f 599/708/331 598/707/330 603/712/518
f 598/707/330 600/709/332 604/713/336
f 604/713/336 603/712/518 598/707/330
f 600/709/332 601/710/333 605/714/337
f 605/714/337 604/713/336 600/709/332
f 605/714/337 601/710/333 602/711/334
f 588/697/515 606/715/338 589/698/321
f 589/698/321 607/716/339 592/701/516
f 592/701/516 608/717/519 609/718/341
f 609/718/341 594/703/326 592/701/516
f 594/703/326 610/719/520 596/705/517
f 594/703/326 609/718/341 610/719/520
f 606/715/338 607/716/339 589/698/321
f 592/701/516 611/720/521 608/717/519
f 607/716/339 611/720/521 592/701/516
f 595/704/327 597/706/329 602/711/334
f 608/717/519 611/720/521 612/721/522
f 612/721/522 613/722/522 608/717/519
s 27
f 614/723/523 615/724/524 616/725/525
f 616/725/525 617/726/526 614/723/523
f 617/726/526 616/725/525 618/727/527
f 618/727/527 619/728/528 617/726/526
f 620/729/529 619/728/528 618/727/527
f 618/727/527 621/730/530 620/729/529
f 622/731/531 620/729/529 621/730/530
f 621/730/530 623/732/532 622/731/531
f 615/724/524 624/733/533 625/734/534
f 625/734/534 616/725/525 615/724/524
f 616/725/525 625/734/534 626/735/535
f 626/735/535 618/727/527 616/725/525
f 618/727/527 626/735/535 627/736/536
f 627/736/536 621/730/530 618/727/527
f 627/736/536 628/737/537 621/730/530
f 624/733/533 629/738/538 625/734/534
f 625/734/534 629/738/538 630/739/539
f 630/739/539 626/735/535 625/734/534
f 626/735/535 630/739/539 631/740/540
f 631/740/540 627/736/536 626/735/535
f 631/740/540 628/737/537 627/736/536
f 614/723/523 617/726/526 632/741/541
f 617/726/526 619/728/528 633/742/542
f 619/728/528 620/729/529 634/743/543
f 634/743/543 635/744/544 619/728/528
f 620/729/529 622/731/531 636/745/545
f 620/729/529 636/745/545 634/743/543
f 632/741/541 617/726/526 633/742/542
f 619/728/528 635/744/544 637/746/546
f 633/742/542 619/728/528 637/746/546
f 621/730/530 628/737/537 623/732/532
f 635/744/544 638/747/547 639/748/548
f 639/748/548 637/746/546 635/744/544
s 28
f 640/749/549 641/750/550 642/751/551
f 642/751/551 643/752/552 640/749/549
f 641/750/550 644/753/553 645/754/554
f 645/754/554 642/751/551 641/750/550
f 646/755/555 647/756/556 645/754/554
f 645/754/554 644/753/553 646/755/555
f 648/757/557 649/758/558 647/756/556
f 647/756/556 646/755/555 648/757/557
f 643/752/552 642/751/551 650/759/559
f 650/759/559 651/760/560 643/752/552
f 642/751/551 645/754/554 652/761/561
f 652/761/561 650/759/559 642/751/551
f 645/754/554 647/756/556 653/762/562
f 653/762/562 652/761/561 645/754/554
f 653/762/562 647/756/556 654/763/563
f 651/760/560 650/759/559 655/764/564
f 650/759/559 652/761/561 656/765/565
f 656/765/565 655/764/564 650/759/559
f 652/761/561 653/762/562 657/766/566
f 657/766/566 656/765/565 652/761/561
f 657/766/566 653/762/562 654/763/563
f 640/749/549 658/767/567 641/750/550
f 641/750/550 659/768/568 644/753/553
f 644/753/553 660/769/569 661/770/570
f 661/770/570 646/755/555 644/753/553
f 646/755/555 662/771/571 648/757/557
f 646/755/555 661/770/570 662/771/571
f 658/767/567 659/768/568 641/750/550
f 644/753/553 663/772/572 660/769/569
f 659/768/568 663/772/572 644/753/553
f 647/756/556 649/758/558 654/763/563
f 660/769/569 663/772/572 664/773/573
f 664/773/573 665/774/573 660/769/569
s 29
f 666/775/574 667/776/575 668/777/576
f 668/777/576 669/778/577 666/775/574
f 667/776/575 670/779/578 671/780/579
f 671/780/579 668/777/576 667/776/575
f 672/781/580 673/782/581 671/780/579
f 671/780/579 670/779/578 672/781/580
f 674/783/582 675/784/583 673/782/581
f 673/782/581 672/781/580 674/783/582
f 669/778/577 668/777/576 676/785/584
f 676/785/584 677/786/585 669/778/577
f 668/777/576 671/780/579 678/787/586
f 678/787/586 676/785/584 668/777/576
f 671/780/579 673/782/581 679/788/587
f 679/788/587 678/787/586 671/780/579
f 679/788/587 673/782/581 680/789/588
f 677/786/585 676/785/584 681/790/589
f 676/785/584 678/787/586 682/791/590
f 682/791/590 681/790/589 676/785/584
f 678/787/586 679/788/587 683/792/591
f 683/792/591 682/791/590 678/787/586
f 683/792/591 679/788/587 680/789/588
f 666/775/574 684/793/592 667/776/575
f 667/776/575 685/794/593 670/779/578
f 670/779/578 686/795/594 687/796/595
f 687/796/595 672/781/580 670/779/578
f 672/781/580 688/797/596 674/783/582
f 672/781/580 687/796/595 688/797/596
f 684/793/592 685/794/593 667/776/575
f 670/779/578 689/798/597 686/795/594
f 685/794/593 689/798/597 670/779/578
f 673/782/581 675/784/583 680/789/588
f 686/795/594 689/798/597 690/799/598
f 690/799/598 691/800/599 686/795/594
s 30
f 692/801/600 693/802/601 694/803/602
f 694/803/602 695/804/603 692/801/600
f 695/804/603 694/803/602 696/805/604
f 696/805/604 697/806/605 695/804/603
f 698/807/606 697/806/605 696/805/604
f 696/805/604 699/808/607 698/807/606
f 700/809/608 698/807/606 699/808/607
f 699/808/607 701/810/609 700/809/608
f 693/802/601 702/811/610 703/812/611
f 703/812/611 694/803/602 693/802/601
f 694/803/602 703/812/611 704/813/612
f 704/813/612 696/805/604 694/803/602
f 696/805/604 704/813/612 705/814/613
f 705/814/613 699/808/607 696/805/604
f 705/814/613 706/815/614 699/808/607
f 702/811/610 707/816/615 703/812/611
f 703/812/611 707/816/615 708/817/616
f 708/817/616 704/813/612 703/812/611
f 704/813/612 708/817/616 709/818/617
f 709/818/617 705/814/613 704/813/612
f 709/818/617 706/815/614 705/814/613
f 692/801/600 695/804/603 710/819/618
f 695/804/603 697/806/605 711/820/619
f 697/806/605 698/807/606 712/821/620
f 712/821/620 713/822/621 697/806/605
f 698/807/606 700/809/608 714/823/622
f 698/807/606 714/823/622 712/821/620
f 710/819/618 695/804/603 711/820/619
f 697/806/605 713/822/621 715/824/623
f 711/820/619 697/806/605 715/824/623
f 699/808/607 706/815/614 701/810/609
f 713/822/621 716/825/624 717/826/624
f 717/826/624 715/824/623 713/822/621
s 31
f 718/827/625 719/828/626 720/829/627
f 720/829/627 721/830/628 718/827/625
f 721/830/628 720/829/627 722/831/629
f 722/831/629 723/832/630 721/830/628
f 724/833/631 723/832/630 722/831/629
f 722/831/629 725/834/632 724/833/631
f 726/835/633 724/833/631 725/834/632
f 725/834/632 727/836/634 726/835/633
f 719/828/626 728/837/635 729/838/636
f 729/838/636 720/829/627 719/828/626
f 720/829/627 729/838/636 730/839/637
f 730/839/637 722/831/629 720/829/627
f 722/831/629 730/839/637 731/840/638
f 731/840/638 725/834/632 722/831/629
f 731/840/638 732/841/639 725/834/632
f 728/837/635 733/842/640 729/838/636
f 729/838/636 733/842/640 734/843/641
f 734/843/641 730/839/637 729/838/636
f 730/839/637 734/843/641 735/844/642
f 735/844/642 731/840/638 730/839/637
f 735/844/642 732/841/639 731/840/638
f 718/827/625 721/830/628 736/845/643
f 721/830/628 723/832/630 737/846/644
f 723/832/630 724/833/631 738/847/645
f 738/847/645 739/848/646 723/832/630
f 724/833/631 726/835/633 740/849/647
f 724/833/631 740/849/647 738/847/645
f 736/845/643 721/830/628 737/846/644
f 723/832/630 739/848/646 741/850/648
f 737/846/644 723/832/630 741/850/648
f 725/834/632 732/841/639 727/836/634
f 739/848/646 742/851/649 743/852/649
f 743/852/649 741/850/648 739/848/646
s 32
f 744/853/650 745/854/651 746/855/652
f 746/855/652 747/856/653 744/853/650
f 745/854/651 748/857/654 749/858/655
f 749/858/655 746/855/652 745/854/651
f 750/859/656 751/860/657 749/858/655
f 749/858/655 748/857/654 750/859/656
f 752/861/658 753/862/659 751/860/657
f 751/860/657 750/859/656 752/861/658
f 747/856/653 746/855/652 754/863/660
f 754/863/660 755/864/661 747/856/653
f 746/855/652 749/858/655 756/865/662
f 756/865/662 754/863/660 746/855/652
f 749/858/655 751/860/657 757/866/663
f 757/866/663 756/865/662 749/858/655
f 757/866/663 751/860/657 758/867/664
f 755/864/661 754/863/660 759/868/665
f 754/863/660 756/865/662 760/869/666
f 760/869/666 759/868/665 754/863/660
f 756/865/662 757/866/663 761/870/667
f 761/870/667 760/869/666 756/865/662
f 761/870/667 757/866/663 758/867/664
f 744/853/650 762/871/668 745/854/651
f 745/854/651 763/872/669 748/857/654
f 748/857/654 764/873/670 765/874/671
f 765/874/671 750/859/656 748/857/654
f 750/859/656 766/875/672 752/861/658
f 750/859/656 765/874/671 766/875/672
f 762/871/668 763/872/669 745/854/651
f 748/857/654 767/876/673 764/873/670
f 763/872/669 767/876/673 748/857/654
f 751/860/657 753/862/659 758/867/664
f 764/873/670 767/876/673 768/877/674
f 768/877/674 769/878/674 764/873/670
s 33
f 770/879/675 771/880/676 772/881/677
f 772/881/677 773/882/678 770/879/675
f 771/880/676 774/883/679 775/884/680
f 775/884/680 772/881/677 771/880/676
f 776/885/681 777/886/682 775/884/680
f 775/884/680 774/883/679 776/885/681
f 778/887/683 779/888/684 777/886/682
f 777/886/682 776/885/681 778/887/683
f 773/882/678 772/881/677 780/889/685
f 780/889/685 781/890/686 773/882/678
f 772/881/677 775/884/680 782/891/687
f 782/891/687 780/889/685 772/881/677
f 775/884/680 777/886/682 783/892/688
f 783/892/688 782/891/687 775/884/680
f 783/892/688 777/886/682 784/893/689
f 781/890/686 780/889/685 785/894/690
f 780/889/685 782/891/687 786/895/691
f 786/895/691 785/894/690 780/889/685
f 782/891/687 783/892/688 787/896/692
f 787/896/692 786/895/691 782/891/687
f 787/896/692 783/892/688 784/893/689
f 770/879/675 788/897/693 771/880/676
f 771/880/676 789/898/694 774/883/679
f 774/883/679 790/899/695 791/900/696
f 791/900/696 776/885/681 774/883/679
f 776/885/681 792/901/697 778/887/683
f 776/885/681 791/900/696 792/901/697
f 788/897/693 789/898/694 771/880/676
f 774/883/679 793/902/698 790/899/695
f 789/898/694 793/902/698 774/883/679
f 777/886/682 779/888/684 784/893/689
f 790/899/695 793/902/698 794/903/699
f 794/903/699 795/904/699 790/899/695
s 34
f 796/905/700 797/906/701 798/907/702
f 798/907/702 799/908/703 796/905/700
f 799/908/703 798/907/702 800/909/704
f 800/909/704 801/910/705 799/908/703
f 802/911/706 801/910/705 800/909/704
f 800/909/704 803/912/707 802/911/706
f 804/913/708 802/911/706 803/912/707
f 803/912/707 805/914/709 804/913/708
f 797/906/701 806/915/710 807/916/711
f 807/916/711 798/907/702 797/906/701
f 798/907/702 807/916/711 808/917/712
f 808/917/712 800/909/704 798/907/702
f 800/909/704 808/917/712 809/918/713
f 809/918/713 803/912/707 800/909/704
f 809/918/713 810/919/714 803/912/707
f 806/915/710 811/920/715 807/916/711
f 807/916/711 811/920/715 812/921/716
f 812/921/716 808/917/712 807/916/711
f 808/917/712 812/921/716 813/922/717
f 813/922/717 809/918/713 808/917/712
f 813/922/717 810/919/714 809/918/713
f 796/905/700 799/908/703 814/923/718
f 799/908/703 801/910/705 815/924/719
f 801/910/705 802/911/706 816/925/720
f 816/925/720 817/926/721 801/910/705
f 802/911/706 804/913/708 818/927/722
f 802/911/706 818/927/722 816/925/720
f 814/923/718 799/908/703 815/924/719
f 801/910/705 817/926/721 819/928/723
f 815/924/719 801/910/705 819/928/723
f 803/912/707 810/919/714 805/914/709
f 817/926/721 820/929/724 821/930/724
f 821/930/724 819/928/723 817/926/721
s 35
f 822/931/725 823/932/726 824/933/727
f 824/933/727 825/934/728 822/931/725
f 823/932/726 826/935/729 827/936/730
f 827/936/730 824/933/727 823/932/726
f 828/937/731 829/938/732 827/936/730
f 827/936/730 826/935/729 828/937/731
f 830/939/733 831/940/734 829/938/732
f 829/938/732 828/937/731 830/939/733
f 825/934/728 824/933/727 832/941/735
f 832/941/735 833/942/736 825/934/728
f 824/933/727 827/936/730 834/943/737
f 834/943/737 832/941/735 824/933/727
f 827/936/730 829/938/732 835/944/738
f 835/944/738 834/943/737 827/936/730
f 835/944/738 829/938/732 836/945/739
f 833/942/736 832/941/735 837/946/740
f 832/941/735 834/943/737 838/947/741
f 838/947/741 837/946/740 832/941/735
f 834/943/737 835/944/738 839/948/742
f 839/948/742 838/947/741 834/943/737
f 839/948/742 835/944/738 836/945/739
f 822/931/725 840/949/743 823/932/726
f 823/932/726 841/950/744 826/935/729
f 826/935/729 842/951/745 843/952/746
f 843/952/746 828/937/731 826/935/729
f 828/937/731 844/953/747 830/939/733
f 828/937/731 843/952/746 844/953/747
f 840/949/743 841/950/744 823/932/726
f 826/935/729 845/954/748 842/951/745
f 841/950/744 845/954/748 826/935/729
f 829/938/732 831/940/734 836/945/739
f 842/951/745 845/954/748 846/955/749
f 846/955/749 847/956/749 842/951/745
s 36
f 848/957/750 849/958/751 850/959/752
f 850/959/752 851/960/753 848/957/750
f 851/960/753 850/959/752 852/961/754
f 852/961/754 853/962/755 851/960/753
f 854/963/756 853/962/755 852/961/754
f 852/961/754 855/964/757 854/963/756
f 856/965/758 854/963/756 855/964/757
f 855/964/757 857/966/759 856/965/758
f 849/958/751 858/967/760 859/968/761
f 859/968/761 850/959/752 849/958/751
f 850/959/752 859/968/761 860/969/762
f 860/969/762 852/961/754 850/959/752
f 852/961/754 860/969/762 861/970/763
f 861/970/763 855/964/757 852/961/754
f 861/970/763 862/971/764 855/964/757
f 858/967/760 863/972/765 859/968/761
f 859/968/761 863/972/765 864/973/766
f 864/973/766 860/969/762 859/968/761
f 860/969/762 864/973/766 865/974/767
f 865/974/767 861/970/763 860/969/762
f 865/974/767 862/971/764 861/970/763
f 848/957/750 851/960/753 866/975/768
f 851/960/753 853/962/755 867/976/769
f 853/962/755 854/963/756 868/977/770
f 868/977/770 869/978/771 853/962/755
f 854/963/756 856/965/758 870/979/772
f 854/963/756 870/979/772 868/977/770
f 866/975/768 851/960/753 867/976/769
f 853/962/755 869/978/771 871/980/773
f 867/976/769 853/962/755 871/980/773
f 855/964/757 862/971/764 857/966/759
f 869/978/771 872/981/774 873/982/774
f 873/982/774 871/980/773 869/978/771
s 37
f 874/983/775 875/984/776 876/985/777
f 876/985/777 877/986/778 874/983/775
f 877/986/778 876/985/777 878/987/779
f 878/987/779 879/988/780 877/986/778
f 880/989/781 879/988/780 878/987/779
f 878/987/779 881/990/782 880/989/781
f 882/991/783 880/989/781 881/990/782
f 881/990/782 883/992/784 882/991/783
f 875/984/776 884/993/785 885/994/786
f 885/994/786 876/985/777 875/984/776
f 876/985/777 885/994/786 886/995/787
f 886/995/787 878/987/779 876/985/777
f 878/987/779 886/995/787 887/996/788
f 887/996/788 881/990/782 878/987/779
f 887/996/788 888/997/789 881/990/782
f 884/993/785 889/998/790 885/994/786
f 885/994/786 889/998/790 890/999/791
f 890/999/791 886/995/787 885/994/786
f 886/995/787 890/999/791 891/1000/792
f 891/1000/792 887/996/788 886/995/787
f 891/1000/792 888/997/789 887/996/788
f 874/983/775 877/986/778 892/1001/793
f 877/986/778 879/988/780 893/1002/794
f 879/988/780 880/989/781 894/1003/795
f 894/1003/795 895/1004/796 879/988/780
f 880/989/781 882/991/783 896/1005/797
f 880/989/781 896/1005/797 894/1003/795
f 892/1001/793 877/986/778 893/1002/794
f 879/988/780 895/1004/796 897/1006/798
f 893/1002/794 879/988/780 897/1006/798
f 881/990/782 888/997/789 883/992/784
f 895/1004/796 898/1007/799 899/1008/799
f 899/1008/799 897/1006/798 895/1004/796
s 38
f 900/1009/800 901/1010/801 902/1011/802
f 902/1011/802 903/1012/803 900/1009/800
f 901/1010/801 904/1013/804 905/1014/805
f 905/1014/805 902/1011/802 901/1010/801
f 906/1015/806 907/1016/807 905/1014/805
f 905/1014/805 904/1013/804 906/1015/806
f 908/1017/808 909/1018/809 907/1016/807
f 907/1016/807 906/1015/806 908/1017/808
f 903/1012/803 902/1011/802 910/1019/810
f 910/1019/810 911/1020/811 903/1012/803
f 902/1011/802 905/1014/805 912/1021/812
f 912/1021/812 910/1019/810 902/1011/802
f 905/1014/805 907/1016/807 913/1022/813
f 913/1022/813 912/1021/812 905/1014/805
f 913/1022/813 907/1016/807 914/1023/814
f 911/1020/811 910/1019/810 915/1024/815
f 910/1019/810 912/1021/812 916/1025/816
f 916/1025/816 915/1024/815 910/1019/810
f 912/1021/812 913/1022/813 917/1026/817
f 917/1026/817 916/1025/816 912/1021/812
f 917/1026/817 913/1022/813 914/1023/814
f 900/1009/800 918/1027/818 901/1010/801
f 901/1010/801 919/1028/819 904/1013/804
f 904/1013/804 920/1029/820 921/1030/821
f 921/1030/821 906/1015/806 904/1013/804
f 906/1015/806 922/1031/822 908/1017/808
f 906/1015/806 921/1030/821 922/1031/822
f 918/1027/818 919/1028/819 901/1010/801
f 904/1013/804 923/1032/823 920/1029/820
f 919/1028/819 923/1032/823 904/1013/804
f 907/1016/807 909/1018/809 914/1023/814
f 920/1029/820 923/1032/823 924/1033/824
f 924/1033/824 925/1034/824 920/1029/820
s 39
f 926/1035/825 927/1036/826 928/1037/827
f 928/1037/827 929/1038/828 926/1035/825
f 929/1038/828 928/1037/827 930/1039/829
f 930/1039/829 931/1040/830 929/1038/828
f 932/1041/831 931/1040/830 930/1039/829
f 930/1039/829 933/1042/832 932/1041/831
f 934/1043/833 932/1041/831 933/1042/832
f 933/1042/832 935/1044/834 934/1043/833
f 927/1036/826 936/1045/835 937/1046/836
f 937/1046/836 928/1037/827 927/1036/826
f 928/1037/827 937/1046/836 938/1047/837
f 938/1047/837 930/1039/829 928/1037/827
f 930/1039/829 938/1047/837 939/1048/838
f 939/1048/838 933/1042/832 930/1039/829
f 939/1048/838 940/1049/839 933/1042/832
f 936/1045/835 941/1050/840 937/1046/836
f 937/1046/836 941/1050/840 942/1051/841
f 942/1051/841 938/1047/837 937/1046/836
f 938/1047/837 942/1051/841 943/1052/842
f 943/1052/842 939/1048/838 938/1047/837
f 943/1052/842 940/1049/839 939/1048/838
f 926/1035/825 929/1038/828 944/1053/843
f 929/1038/828 931/1040/830 945/1054/844
f 931/1040/830 932/1041/831 946/1055/845
f 946/1055/845 947/1056/846 931/1040/830
f 932/1041/831 934/1043/833 948/1057/847
f 932/1041/831 948/1057/847 946/1055/845
f 944/1053/843 929/1038/828 945/1054/844
f 931/1040/830 947/1056/846 949/1058/848
f 945/1054/844 931/1040/830 949/1058/848
f 933/1042/832 940/1049/839 935/1044/834
f 947/1056/846 950/1059/849 951/1060/850
f 951/1060/850 949/1058/848 947/1056/846
s 40
f 952/1061/851 953/1062/852 954/1063/853
f 954/1063/853 955/1064/854 952/1061/851
f 953/1062/852 956/1065/855 957/1066/856
f 957/1066/856 954/1063/853 953/1062/852
f 958/1067/857 959/1068/858 957/1066/856
f 957/1066/856 956/1065/855 958/1067/857
f 960/1069/859 961/1070/860 959/1068/858
f 959/1068/858 958/1067/857 960/1069/859
f 955/1064/854 954/1063/853 962/1071/861
f 962/1071/861 963/1072/862 955/1064/854
f 954/1063/853 957/1066/856 964/1073/863
f 964/1073/863 962/1071/861 954/1063/853
f 957/1066/856 959/1068/858 965/1074/864
f 965/1074/864 964/1073/863 957/1066/856
f 965/1074/864 959/1068/858 966/1075/865
f 963/1072/862 962/1071/861 967/1076/866
f 962/1071/861 964/1073/863 968/1077/867
f 968/1077/867 967/1076/866 962/1071/861
f 964/1073/863 965/1074/864 969/1078/868
f 969/1078/868 968/1077/867 964/1073/863
f 969/1078/868 965/1074/864 966/1075/865
f 952/1061/851 970/1079/869 953/1062/852
f 953/1062/852 971/1080/870 956/1065/855
f 956/1065/855 972/1081/871 973/1082/872
f 973/1082/872 958/1067/857 956/1065/855
f 958/1067/857 974/1083/873 960/1069/859
f 958/1067/857 973/1082/872 974/1083/873
f 970/1079/869 971/1080/870 953/1062/852
f 956/1065/855 975/1084/874 972/1081/871
f 971/1080/870 975/1084/874 956/1065/855
f 959/1068/858 961/1070/860 966/1075/865
f 972/1081/871 975/1084/874 976/1085/875
f 976/1085/875 977/1086/875 972/1081/871
s 41
f 978/1087/876 979/1088/877 980/1089/878
f 980/1089/878 981/1090/879 978/1087/876
f 979/1088/877 982/1091/880 983/1092/881
f 983/1092/881 980/1089/878 979/1088/877
f 984/1093/882 985/1094/883 983/1092/881
f 983/1092/881 982/1091/880 984/1093/882
f 986/1095/884 987/1096/885 985/1094/883
f 985/1094/883 984/1093/882 986/1095/884
f 981/1090/879 980/1089/878 988/1097/886
f 988/1097/886 989/1098/887 981/1090/879
f 980/1089/878 983/1092/881 990/1099/888
f 990/1099/888 988/1097/886 980/1089/878
f 983/1092/881 985/1094/883 991/1100/889
f 991/1100/889 990/1099/888 983/1092/881
f 991/1100/889 985/1094/883 992/1101/890
f 989/1098/887 988/1097/886 993/1102/891
f 988/1097/886 990/1099/888 994/1103/892
f 994/1103/892 993/1102/891 988/1097/886
f 990/1099/888 991/1100/889 995/1104/893
f 995/1104/893 994/1103/892 990/1099/888
f 995/1104/893 991/1100/889 992/1101/890
f 978/1087/876 996/1105/894 979/1088/877
f 979/1088/877 997/1106/895 982/1091/880
f 982/1091/880 998/1107/896 999/1108/897
f 999/1108/897 984/1093/882 982/1091/880
f 984/1093/882 1000/1109/898 986/1095/884
f 984/1093/882 999/1108/897 1000/1109/898
f 996/1105/894 997/1106/895 979/1088/877
f 982/1091/880 1001/1110/899 998/1107/896
f 997/1106/895 1001/1110/899 982/1091/880
f 985/1094/883 987/1096/885 992/1101/890
f 998/1107/896 1001/1110/899 1002/1111/900
f 1002/1111/900 1003/1112/900 998/1107/896
s 42
f 1004/1113/901 1005/1114/902 1006/1115/903
f 1006/1115/903 1007/1116/904 1004/1113/901
f 1007/1116/904 1006/1115/903 1008/1117/905
f 1008/1117/905 1009/1118/906 1007/1116/904
f 1010/1119/907 1009/1118/906 1008/1117/905
f 1008/1117/905 1011/1120/908 1010/1119/907
f 1012/1121/909 1010/1119/907 1011/1120/908
f 1011/1120/908 1013/1122/910 1012/1121/909
f 1005/1114/902 1014/1123/911 1015/1124/912
f 1015/1124/912 1006/1115/903 1005/1114/902
f 1006/1115/903 1015/1124/912 1016/1125/913
f 1016/1125/913 1008/1117/905 1006/1115/903
f 1008/1117/905 1016/1125/913 1017/1126/914
f 1017/1126/914 1011/1120/908 1008/1117/905
f 1017/1126/914 1018/1127/915 1011/1120/908
f 1014/1123/911 1019/1128/916 1015/1124/912
f 1015/1124/912 1019/1128/916 1020/1129/917
f 1020/1129/917 1016/1125/913 1015/1124/912
f 1016/1125/913 1020/1129/917 1021/1130/918
f 1021/1130/918 1017/1126/914 1016/1125/913
f 1021/1130/918 1018/1127/915 1017/1126/914
f 1004/1113/901 1007/1116/904 1022/1131/919
f 1007/1116/904 1009/1118/906 1023/1132/920
f 1009/1118/906 1010/1119/907 1024/1133/921
f 1024/1133/921 1025/1134/922 1009/1118/906
f 1010/1119/907 1012/1121/909 1026/1135/923
f 1010/1119/907 1026/1135/923 1024/1133/921
f 1022/1131/919 1007/1116/904 1023/1132/920
f 1009/1118/906 1025/1134/922 1027/1136/924
f 1023/1132/920 1009/1118/906 1027/1136/924
f 1011/1120/908 1018/1127/915 1013/1122/910
f 1025/1134/922 1028/1137/925 1029/1138/925
f 1029/1138/925 1027/1136/924 1025/1134/922
s 43
f 1030/1139/926 1031/1140/927 1032/1141/928
f 1030/1139/926 1032/1141/928 1033/1142/929
f 1030/1139/926 1033/1143/929 1034/1144/930
f 1030/1139/926 1034/1144/930 1035/1145/931
f 1030/1139/926 1035/1146/931 1036/1147/932
f 1030/1139/926 1036/1147/932 1031/1148/927
f 1037/1149/933 1038/1150/934 1032/1141/928
f 1032/1141/928 1031/1140/927 1037/1149/933
f 1038/1150/934 1039/1151/935 1033/1142/929
f 1033/1142/929 1032/1141/928 1038/1150/934
f 1039/1152/935 1040/1153/936 1034/1144/930
f 1034/1144/930 1033/1143/929 1039/1152/935
f 1040/1153/936 1041/1154/937 1035/1145/931
f 1035/1145/931 1034/1144/930 1040/1153/936
f 1041/1155/937 1042/1156/938 1036/1147/932
f 1036/1147/932 1035/1146/931 1041/1155/937
f 1042/1156/938 1037/1157/933 1031/1148/927
f 1031/1148/927 1036/1147/932 1042/1156/938
f 1043/1158/939 1044/1159/940 1045/1160/941
f 1043/1158/939 1046/1161/942 1044/1159/940
f 1043/1158/939 1047/1162/943 1046/1163/942
f 1043/1158/939 1048/1164/944 1047/1162/943
f 1043/1158/939 1049/1165/945 1048/1166/944
f 1043/1158/939 1045/1167/941 1049/1165/945
f 1050/1168/946 1051/1169/947 1038/1150/934
f 1038/1150/934 1037/1149/933 1050/1168/946
f 1051/1169/947 1052/1170/948 1039/1151/935
f 1039/1151/935 1038/1150/934 1051/1169/947
f 1052/1171/948 1053/1172/949 1040/1153/936
f 1040/1153/936 1039/1152/935 1052/1171/948
f 1053/1172/949 1054/1173/950 1041/1154/937
f 1041/1154/937 1040/1153/936 1053/1172/949
f 1054/1174/950 1055/1175/951 1042/1156/938
f 1042/1156/938 1041/1155/937 1054/1174/950
f 1055/1175/951 1050/1176/946 1037/1157/933
f 1037/1157/933 1042/1156/938 1055/1175/951
f 1050/1168/946 1045/1160/941 1044/1159/940
f 1044/1159/940 1051/1169/947 1050/1168/946
f 1052/1170/948 1051/1169/947 1044/1159/940
f 1044/1159/940 1046/1161/942 1052/1170/948
f 1053/1172/949 1052/1171/948 1046/1163/942
f 1046/1163/942 1047/1162/943 1053/1172/949
f 1054/1173/950 1053/1172/949 1047/1162/943
f 1047/1162/943 1048/1164/944 1054/1173/950
f 1055/1175/951 1054/1174/950 1048/1166/944
f 1048/1166/944 1049/1165/945 1055/1175/951
f 1055/1175/951 1049/1165/945 1045/1167/941
f 1045/1167/941 1050/1176/946 1055/1175/951
s 44
f 1056/1177/952 1057/1178/953 1058/1179/954
f 1056/1177/952 1058/1179/954 1059/1180/955
f 1056/1177/952 1059/1181/955 1060/1182/956
f 1056/1177/952 1060/1182/956 1061/1183/957
f 1056/1177/952 1061/1184/957 1062/1185/958
f 1056/1177/952 1062/1185/958 1057/1186/953
f 1063/1187/959 1064/1188/960 1058/1179/954
f 1058/1179/954 1057/1178/953 1063/1187/959
f 1064/1188/960 1065/1189/961 1059/1180/955
f 1059/1180/955 1058/1179/954 1064/1188/960
f 1065/1190/961 1066/1191/962 1060/1182/956
f 1060/1182/956 1059/1181/955 1065/1190/961
f 1066/1191/962 1067/1192/963 1061/1183/957
f 1061/1183/957 1060/1182/956 1066/1191/962
f 1067/1193/963 1068/1194/964 1062/1185/958
f 1062/1185/958 1061/1184/957 1067/1193/963
f 1068/1194/964 1063/1195/959 1057/1186/953
f 1057/1186/953 1062/1185/958 1068/1194/964
f 1069/1196/965 1070/1197/966 1071/1198/967
f 1069/1196/965 1072/1199/968 1070/1197/966
f 1069/1196/965 1073/1200/969 1072/1201/968
f 1069/1196/965 1074/1202/970 1073/1200/969
f 1069/1196/965 1075/1203/971 1074/1204/970
f 1069/1196/965 1071/1205/967 1075/1203/971
f 1076/1206/972 1077/1207/973 1064/1188/960
f 1064/1188/960 1063/1187/959 1076/1206/972
f 1077/1207/973 1078/1208/974 1065/1189/961
f 1065/1189/961 1064/1188/960 1077/1207/973
f 1078/1209/974 1079/1210/975 1066/1191/962
f 1066/1191/962 1065/1190/961 1078/1209/974
f 1079/1210/975 1080/1211/976 1067/1192/963
f 1067/1192/963 1066/1191/962 1079/1210/975
f 1080/1212/976 1081/1213/977 1068/1194/964
f 1068/1194/964 1067/1193/963 1080/1212/976
f 1081/1213/977 1076/1214/972 1063/1195/959
f 1063/1195/959 1068/1194/964 1081/1213/977
f 1076/1206/972 1071/1198/967 1070/1197/966
f 1070/1197/966 1077/1207/973 1076/1206/972
f 1078/1208/974 1077/1207/973 1070/1197/966
f 1070/1197/966 1072/1199/968 1078/1208/974
f 1079/1210/975 1078/1209/974 1072/1201/968
f 1072/1201/968 1073/1200/969 1079/1210/975
f 1080/1211/976 1079/1210/975 1073/1200/969
f 1073/1200/969 1074/1202/970 1080/1211/976
f 1081/1213/977 1080/1212/976 1074/1204/970
f 1074/1204/970 1075/1203/971 1081/1213/977
f 1081/1213/977 1075/1203/971 1071/1205/967
f 1071/1205/967 1076/1214/972 1081/1213/977
s 45
f 1082/1215/978 1083/1216/927 1084/1217/928
f 1082/1215/978 1084/1217/928 1085/1218/929
f 1082/1215/978 1085/1219/929 1086/1220/930
f 1082/1215/978 1086/1220/930 1087/1221/931
f 1082/1215/978 1087/1222/931 1088/1223/932
f 1082/1215/978 1088/1223/932 1083/1224/927
f 1089/1225/933 1090/1226/934 1084/1217/928
f 1084/1217/928 1083/1216/927 1089/1225/933
f 1090/1226/934 1091/1227/935 1085/1218/929
f 1085/1218/929 1084/1217/928 1090/1226/934
f 1091/1228/935 1092/1229/936 1086/1220/930
f 1086/1220/930 1085/1219/929 1091/1228/935
f 1092/1229/936 1093/1230/937 1087/1221/931
f 1087/1221/931 1086/1220/930 1092/1229/936
f 1093/1231/937 1094/1232/938 1088/1223/932
f 1088/1223/932 1087/1222/931 1093/1231/937
f 1094/1232/938 1089/1233/933 1083/1224/927
f 1083/1224/927 1088/1223/932 1094/1232/938
f 1095/1234/939 1096/1235/940 1097/1236/941
f 1095/1234/939 1098/1237/942 1096/1235/940
f 1095/1234/939 1099/1238/943 1098/1239/942
f 1095/1234/939 1100/1240/944 1099/1238/943
f 1095/1234/939 1101/1241/945 1100/1242/944
f 1095/1234/939 1097/1243/941 1101/1241/945
f 1102/1244/946 1103/1245/947 1090/1226/934
f 1090/1226/934 1089/1225/933 1102/1244/946
f 1103/1245/947 1104/1246/948 1091/1227/935
f 1091/1227/935 1090/1226/934 1103/1245/947
f 1104/1247/948 1105/1248/949 1092/1229/936
f 1092/1229/936 1091/1228/935 1104/1247/948
f 1105/1248/949 1106/1249/950 1093/1230/937
f 1093/1230/937 1092/1229/936 1105/1248/949
f 1106/1250/950 1107/1251/951 1094/1232/938
f 1094/1232/938 1093/1231/937 1106/1250/950
f 1107/1251/951 1102/1252/946 1089/1233/933
f 1089/1233/933 1094/1232/938 1107/1251/951
f 1102/1244/946 1097/1236/941 1096/1235/940
f 1096/1235/940 1103/1245/947 1102/1244/946
f 1104/1246/948 1103/1245/947 1096/1235/940
f 1096/1235/940 1098/1237/942 1104/1246/948
f 1105/1248/949 1104/1247/948 1098/1239/942
f 1098/1239/942 1099/1238/943 1105/1248/949
f 1106/1249/950 1105/1248/949 1099/1238/943
f 1099/1238/943 1100/1240/944 1106/1249/950
f 1107/1251/951 1106/1250/950 1100/1242/944
f 1100/1242/944 1101/1241/945 1107/1251/951
f 1107/1251/951 1101/1241/945 1097/1243/941
f 1097/1243/941 1102/1252/946 1107/1251/951
s 46
f 1108/1253/926 1109/1254/927 1110/1255/928
f 1108/1253/926 1110/1255/928 1111/1256/929
f 1108/1253/926 1111/1257/929 1112/1258/930
f 1108/1253/926 1112/1258/930 1113/1259/931
f 1108/1253/926 1113/1260/931 1114/1261/932
f 1108/1253/926 1114/1261/932 1109/1262/927
f 1115/1263/933 1116/1264/934 1110/1255/928
f 1110/1255/928 1109/1254/927 1115/1263/933
f 1116/1264/934 1117/1265/935 1111/1256/929
f 1111/1256/929 1110/1255/928 1116/1264/934
f 1117/1266/935 1118/1267/936 1112/1258/930
f 1112/1258/930 1111/1257/929 1117/1266/935
f 1118/1267/936 1119/1268/937 1113/1259/931
f 1113/1259/931 1112/1258/930 1118/1267/936
f 1119/1269/937 1120/1270/938 1114/1261/932
f 1114/1261/932 1113/1260/931 1119/1269/937
f 1120/1270/938 1115/1271/933 1109/1262/927
f 1109/1262/927 1114/1261/932 1120/1270/938
f 1121/1272/939 1122/1273/940 1123/1274/941
f 1121/1272/939 1124/1275/942 1122/1273/940
f 1121/1272/939 1125/1276/943 1124/1277/942
f 1121/1272/939 1126/1278/944 1125/1276/943
f 1121/1272/939 1127/1279/945 1126/1280/944
f 1121/1272/939 1123/1281/941 1127/1279/945
f 1128/1282/946 1129/1283/947 1116/1264/934
f 1116/1264/934 1115/1263/933 1128/1282/946
f 1129/1283/947 1130/1284/948 1117/1265/935
f 1117/1265/935 1116/1264/934 1129/1283/947
f 1130/1285/948 1131/1286/949 1118/1267/936
f 1118/1267/936 1117/1266/935 1130/1285/948
f 1131/1286/949 1132/1287/950 1119/1268/937
f 1119/1268/937 1118/1267/936 1131/1286/949
f 1132/1288/950 1133/1289/951 1120/1270/938
f 1120/1270/938 1119/1269/937 1132/1288/950
f 1133/1289/951 1128/1290/946 1115/1271/933
f 1115/1271/933 1120/1270/938 1133/1289/951
f 1128/1282/946 1123/1274/941 1122/1273/940
f 1122/1273/940 1129/1283/947 1128/1282/946
f 1130/1284/948 1129/1283/947 1122/1273/940
f 1122/1273/940 1124/1275/942 1130/1284/948
f 1131/1286/949 1130/1285/948 1124/1277/942
f 1124/1277/942 1125/1276/943 1131/1286/949
f 1132/1287/950 1131/1286/949 1125/1276/943
f 1125/1276/943 1126/1278/944 1132/1287/950
f 1133/1289/951 1132/1288/950 1126/1280/944
f 1126/1280/944 1127/1279/945 1133/1289/951
f 1133/1289/951 1127/1279/945 1123/1281/941
f 1123/1281/941 1128/1290/946 1133/1289/951
s 47
f 1134/1291/979 1135/1292/980 1136/1293/981
f 1134/1291/979 1136/1293/981 1137/1294/982
f 1134/1291/979 1137/1295/982 1138/1296/983
f 1134/1291/979 1138/1296/983 1139/1297/984
f 1134/1291/979 1139/1298/984 1140/1299/985
f 1134/1291/979 1140/1299/985 1135/1300/980
f 1141/1301/986 1142/1302/987 1136/1293/981
f 1136/1293/981 1135/1292/980 1141/1301/986
f 1142/1302/987 1143/1303/988 1137/1294/982
f 1137/1294/982 1136/1293/981 1142/1302/987
f 1143/1304/988 1144/1305/989 1138/1296/983
f 1138/1296/983 1137/1295/982 1143/1304/988
f 1144/1305/989 1145/1306/990 1139/1297/984
f 1139/1297/984 1138/1296/983 1144/1305/989
f 1145/1307/990 1146/1308/991 1140/1299/985
f 1140/1299/985 1139/1298/984 1145/1307/990
f 1146/1308/991 1141/1309/986 1135/1300/980
f 1135/1300/980 1140/1299/985 1146/1308/991
f 1147/1310/992 1148/1311/993 1149/1312/994
f 1147/1310/992 1150/1313/995 1148/1311/993
f 1147/1310/992 1151/1314/996 1150/1315/995
f 1147/1310/992 1152/1316/997 1151/1314/996
f 1147/1310/992 1153/1317/998 1152/1318/997
f 1147/1310/992 1149/1319/994 1153/1317/998
f 1154/1320/999 1155/1321/1000 1142/1302/987
f 1142/1302/987 1141/1301/986 1154/1320/999
f 1155/1321/1000 1156/1322/1001 1143/1303/988
f 1143/1303/988 1142/1302/987 1155/1321/1000
f 1156/1323/1001 1157/1324/1002 1144/1305/989
f 1144/1305/989 1143/1304/988 1156/1323/1001
f 1157/1324/1002 1158/1325/1003 1145/1306/990
f 1145/1306/990 1144/1305/989 1157/1324/1002
f 1158/1326/1003 1159/1327/1004 1146/1308/991
f 1146/1308/991 1145/1307/990 1158/1326/1003
f 1159/1327/1004 1154/1328/999 1141/1309/986
f 1141/1309/986 1146/1308/991 1159/1327/1004
f 1154/1320/999 1149/1312/994 1148/1311/993
f 1148/1311/993 1155/1321/1000 1154/1320/999
f 1156/1322/1001 1155/1321/1000 1148/1311/993
f 1148/1311/993 1150/1313/995 1156/1322/1001
f 1157/1324/1002 1156/1323/1001 1150/1315/995
f 1150/1315/995 1151/1314/996 1157/1324/1002
f 1158/1325/1003 1157/1324/1002 1151/1314/996
f 1151/1314/996 1152/1316/997 1158/1325/1003
f 1159/1327/1004 1158/1326/1003 1152/1318/997
f 1152/1318/997 1153/1317/998 1159/1327/1004
f 1159/1327/1004 1153/1317/998 1149/1319/994
f 1149/1319/994 1154/1328/999 1159/1327/1004
s 48
f 1160/1329/1005 1161/1330/1006 1162/1331/1007
f 1160/1329/1005 1162/1331/1007 1163/1332/1008
f 1160/1329/1005 1163/1333/1008 1164/1334/1009
f 1160/1329/1005 1164/1334/1009 1165/1335/1010
f 1160/1329/1005 1165/1336/1010 1166/1337/1011
f 1160/1329/1005 1166/1337/1011 1161/1338/1006
f 1167/1339/1012 1168/1340/1013 1162/1331/1007
f 1162/1331/1007 1161/1330/1006 1167/1339/1012
f 1168/1340/1013 1169/1341/1014 1163/1332/1008
f 1163/1332/1008 1162/1331/1007 1168/1340/1013
f 1169/1342/1014 1170/1343/1015 1164/1334/1009
f 1164/1334/1009 1163/1333/1008 1169/1342/1014
f 1170/1343/1015 1171/1344/1016 1165/1335/1010
f 1165/1335/1010 1164/1334/1009 1170/1343/1015
f 1171/1345/1016 1172/1346/1017 1166/1337/1011
f 1166/1337/1011 1165/1336/1010 1171/1345/1016
f 1172/1346/1017 1167/1347/1012 1161/1338/1006
f 1161/1338/1006 1166/1337/1011 1172/1346/1017
f 1173/1348/1018 1174/1349/1019 1175/1350/1020
f 1173/1348/1018 1176/1351/1021 1174/1349/1019
f 1173/1348/1018 1177/1352/1022 1176/1353/1021
f 1173/1348/1018 1178/1354/1023 1177/1352/1022
f 1173/1348/1018 1179/1355/1024 1178/1356/1023
f 1173/1348/1018 1175/1357/1020 1179/1355/1024
f 1180/1358/1025 1181/1359/1026 1168/1340/1013
f 1168/1340/1013 1167/1339/1012 1180/1358/1025
f 1181/1359/1026 1182/1360/1027 1169/1341/1014
f 1169/1341/1014 1168/1340/1013 1181/1359/1026
f 1182/1361/1027 1183/1362/1028 1170/1343/1015
f 1170/1343/1015 1169/1342/1014 1182/1361/1027
f 1183/1362/1028 1184/1363/1029 1171/1344/1016
f 1171/1344/1016 1170/1343/1015 1183/1362/1028
f 1184/1364/1029 1185/1365/1030 1172/1346/1017
f 1172/1346/1017 1171/1345/1016 1184/1364/1029
f 1185/1365/1030 1180/1366/1025 1167/1347/1012
f 1167/1347/1012 1172/1346/1017 1185/1365/1030
f 1180/1358/1025 1175/1350/1020 1174/1349/1019
f 1174/1349/1019 1181/1359/1026 1180/1358/1025
f 1182/1360/1027 1181/1359/1026 1174/1349/1019
f 1174/1349/1019 1176/1351/1021 1182/1360/1027
f 1183/1362/1028 1182/1361/1027 1176/1353/1021
f 1176/1353/1021 1177/1352/1022 1183/1362/1028
f 1184/1363/1029 1183/1362/1028 1177/1352/1022
f 1177/1352/1022 1178/1354/1023 1184/1363/1029
f 1185/1365/1030 1184/1364/1029 1178/1356/1023
f 1178/1356/1023 1179/1355/1024 1185/1365/1030
f 1185/1365/1030 1179/1355/1024 1175/1357/1020
f 1175/1357/1020 1180/1366/1025 1185/1365/1030
